Project Name,Transacted Price ($),Area (SQFT),Unit Price ($ PSF),Sale Date,Street Name,Type of Sale,Type of Area,Area (SQM),Unit Price ($ PSM),Nett Price($),Property Type,Number of Units,Tenure,Postal District,Market Segment,Floor Level
CHELSEA GROVE,"1,480,000",958,"1,545",Sep-26,MARTABAN ROAD,Resale,Strata,89,"16,629",-,Apartment,1,Freehold,12,Rest of Central Region,01 to 05
TREVISTA,"1,760,000",925.7,"1,901",Sep-26,LORONG 3 TOA PAYOH,Resale,Strata,86,"20,465",-,Condominium,1,99 yrs lease commencing from 2008,12,Rest of Central Region,01 to 05
EIGHT RIVERSUITES,"1,400,000",699.66,"2,001",Sep-26,WHAMPOA EAST,Resale,Strata,65,"21,538",-,Condominium,1,99 yrs lease commencing from 2011,12,Rest of Central Region,21 to 25
EIGHT RIVERSUITES,"1,550,000",807.3,"1,920",Sep-26,WHAMPOA EAST,Resale,Strata,75,"20,667",-,Condominium,1,99 yrs lease commencing from 2011,12,Rest of Central Region,21 to 25
BEACON HEIGHTS,"2,435,000","1,969.81","1,236",Sep-26,MAR THOMA ROAD,Resale,Strata,183,"13,306",-,Condominium,1,999 yrs lease commencing from 1882,12,Rest of Central Region,01 to 05
BEACON HEIGHTS,"980,000",667.37,"1,468",Sep-26,MAR THOMA ROAD,Resale,Strata,62,"15,806",-,Condominium,1,999 yrs lease commencing from 1882,12,Rest of Central Region,11 to 15
THE VIRIDIAN,"1,450,000",882.65,"1,643",Sep-26,JALAN AMPAS,Resale,Strata,82,"17,683",-,Apartment,1,Freehold,12,Rest of Central Region,16 to 20
REGENT RESIDENCES,"1,380,000",818.06,"1,687",Sep-26,SERANGOON ROAD,Resale,Strata,76,"18,158",-,Apartment,1,Freehold,12,Rest of Central Region,06 to 10
THE VIRIDIAN,"3,680,000","3,326.08","1,106",Sep-26,JALAN AMPAS,Resale,Strata,309,"11,909",-,Apartment,1,Freehold,12,Rest of Central Region,21 to 25
M66,"1,580,000","1,130.22","1,398",Sep-26,MOONSTONE LANE,Resale,Strata,105,"15,048",-,Apartment,1,Freehold,12,Rest of Central Region,01 to 05
THE ARCADY AT BOON KENG,"2,045,000",764.24,"2,676",Sep-26,SAINT BARNABAS LANE,New Sale,Strata,71,"28,803",-,Apartment,1,Freehold,12,Rest of Central Region,06 to 10
EIGHT RIVERSUITES,"1,438,000",699.66,"2,055",Sep-26,WHAMPOA EAST,Resale,Strata,65,"22,123",-,Condominium,1,99 yrs lease commencing from 2011,12,Rest of Central Region,26 to 30
PARC HAVEN,"1,070,000",688.9,"1,553",Aug-26,LORONG LIMAU,Resale,Strata,64,"16,719",-,Apartment,1,Freehold,12,Rest of Central Region,06 to 10
RIVERBAY,"830,000",516.67,"1,606",Aug-26,MAR THOMA ROAD,Resale,Strata,48,"17,292",-,Apartment,1,999 yrs lease commencing from 1882,12,Rest of Central Region,11 to 15
BLISS LOFT,"728,000",452.09,"1,610",Aug-26,KIM KEAT CLOSE,Resale,Strata,42,"17,333",-,Apartment,1,Freehold,12,Rest of Central Region,11 to 15
ONE ST MICHAEL'S,"2,360,000","1,248.62","1,890",Aug-26,ST. MICHAEL'S ROAD,Resale,Strata,116,"20,345",-,Condominium,1,Freehold,12,Rest of Central Region,06 to 10
THE CENTRIO,"2,088,000","1,205.57","1,732",Aug-26,IRRAWADDY ROAD,Resale,Strata,112,"18,643",-,Apartment,1,Freehold,12,Rest of Central Region,01 to 05
EIGHT RIVERSUITES,"1,900,000",979.52,"1,940",Aug-26,WHAMPOA EAST,Resale,Strata,91,"20,879",-,Condominium,1,99 yrs lease commencing from 2011,12,Rest of Central Region,11 to 15
ASCENT @ 456,"1,080,000",753.48,"1,433",Aug-26,BALESTIER ROAD,Resale,Strata,70,"15,429",-,Apartment,1,Freehold,12,Rest of Central Region,01 to 05
ONE ST MICHAEL'S,"2,300,000","1,184.04","1,943",Aug-26,ST. MICHAEL'S ROAD,Resale,Strata,110,"20,909",-,Condominium,1,Freehold,12,Rest of Central Region,16 to 20
THE INTERWEAVE,"758,000",430.56,"1,760",Aug-26,KIM KEAT ROAD,Resale,Strata,40,"18,950",-,Apartment,1,Freehold,12,Rest of Central Region,16 to 20
VA RESIDENCES,"815,000",505.91,"1,611",Aug-26,BOON TECK ROAD,Resale,Strata,47,"17,340",-,Apartment,1,Freehold,12,Rest of Central Region,06 to 10
EIGHT RIVERSUITES,"1,860,000",979.52,"1,899",Aug-26,WHAMPOA EAST,Resale,Strata,91,"20,440",-,Condominium,1,99 yrs lease commencing from 2011,12,Rest of Central Region,11 to 15
TREVISTA,"3,500,000","1,700.71","2,058",Aug-26,LORONG 3 TOA PAYOH,Resale,Strata,158,"22,152",-,Condominium,1,99 yrs lease commencing from 2008,12,Rest of Central Region,16 to 20
OLEANDER TOWERS,"1,880,000","1,140.98","1,648",Aug-26,LORONG 1 TOA PAYOH,Resale,Strata,106,"17,736",-,Apartment,1,99 yrs lease commencing from 1995,12,Rest of Central Region,11 to 15
THE VERVE,"710,000",441.32,"1,609",Aug-26,JALAN RAJAH,Resale,Strata,41,"17,317",-,Apartment,1,Freehold,12,Rest of Central Region,06 to 10
EIGHT RIVERSUITES,"1,940,000","1,076.4","1,802",Aug-26,WHAMPOA EAST,Resale,Strata,100,"19,400",-,Condominium,1,99 yrs lease commencing from 2011,12,Rest of Central Region,11 to 15
THE ARCADY AT BOON KENG,"2,860,000","1,087.16","2,631",Aug-26,SAINT BARNABAS LANE,New Sale,Strata,101,"28,317",-,Apartment,1,Freehold,12,Rest of Central Region,11 to 15
TREVISTA,"1,788,888",947.23,"1,889",Aug-26,LORONG 3 TOA PAYOH,Resale,Strata,88,"20,328",-,Condominium,1,99 yrs lease commencing from 2008,12,Rest of Central Region,36 to 40
CITY REGENCY,"785,000",484.38,"1,621",Aug-26,ST. MICHAEL'S ROAD,Resale,Strata,45,"17,444",-,Apartment,1,Freehold,12,Rest of Central Region,11 to 15
GEM RESIDENCES,"1,285,000",678.13,"1,895",Aug-26,LORONG 5 TOA PAYOH,Resale,Strata,63,"20,397",-,Condominium,1,99 yrs lease commencing from 2015,12,Rest of Central Region,01 to 05
GEM RESIDENCES,"2,068,000",947.23,"2,183",Aug-26,LORONG 5 TOA PAYOH,Resale,Strata,88,"23,500",-,Condominium,1,99 yrs lease commencing from 2015,12,Rest of Central Region,11 to 15
BIRCHWOOD MANSIONS,"1,640,000","1,259.39","1,302",Aug-26,JALAN AMPAS,Resale,Strata,117,"14,017",-,Apartment,1,Freehold,12,Rest of Central Region,01 to 05
THE ARTE,"3,000,000","1,625.36","1,846",Aug-26,JALAN RAJA UDANG,Resale,Strata,151,"19,868",-,Condominium,1,Freehold,12,Rest of Central Region,01 to 05
GEM RESIDENCES,"1,150,000",570.49,"2,016",Aug-26,LORONG 5 TOA PAYOH,Resale,Strata,53,"21,698",-,Condominium,1,99 yrs lease commencing from 2015,12,Rest of Central Region,16 to 20
D'LOTUS,"777,000",570.49,"1,362",Aug-26,LORONG AMPAS,Resale,Strata,53,"14,660",-,Apartment,1,Freehold,12,Rest of Central Region,01 to 05
D'LOTUS,"1,735,000","1,065.64","1,628",Aug-26,LORONG AMPAS,Resale,Strata,99,"17,525",-,Apartment,1,Freehold,12,Rest of Central Region,06 to 10
OKIO,"1,130,000",667.37,"1,693",Aug-26,BALESTIER ROAD,Resale,Strata,62,"18,226",-,Apartment,1,Freehold,12,Rest of Central Region,01 to 05
NOVA 88,"2,160,000","1,248.62","1,730",Aug-26,BHAMO ROAD,Resale,Strata,116,"18,621",-,Apartment,1,Freehold,12,Rest of Central Region,11 to 15
EIGHT RIVERSUITES,"1,980,000",979.52,"2,021",Aug-26,WHAMPOA EAST,Resale,Strata,91,"21,758",-,Condominium,1,99 yrs lease commencing from 2011,12,Rest of Central Region,26 to 30
GEM RESIDENCES,"1,080,000",570.49,"1,893",Aug-26,LORONG 5 TOA PAYOH,Resale,Strata,53,"20,377",-,Condominium,1,99 yrs lease commencing from 2015,12,Rest of Central Region,06 to 10
RESIDENTIAL APARTMENTS,"1,500,000","1,194.8","1,255",Aug-26,JALAN KEMAMAN,Resale,Strata,111,"13,514",-,Apartment,1,Freehold,12,Rest of Central Region,01 to 05
BEACON HEIGHTS,"1,380,000",893.41,"1,545",Aug-26,MAR THOMA ROAD,Resale,Strata,83,"16,627",-,Condominium,1,999 yrs lease commencing from 1882,12,Rest of Central Region,06 to 10
THE INTERWEAVE,"660,000",387.5,"1,703",Aug-26,KIM KEAT ROAD,Resale,Strata,36,"18,333",-,Apartment,1,Freehold,12,Rest of Central Region,16 to 20
NEEM TREE,"810,000",419.8,"1,930",Aug-26,JALAN KEMAMAN,Resale,Strata,39,"20,769",-,Apartment,1,Freehold,12,Rest of Central Region,11 to 15
PRESTIGE HEIGHTS,"680,000",409.03,"1,662",Aug-26,BALESTIER ROAD,Resale,Strata,38,"17,895",-,Apartment,1,Freehold,12,Rest of Central Region,06 to 10
ST FRANCIS COURT,"970,000",818.06,"1,186",Aug-26,ST. FRANCIS ROAD,Resale,Strata,76,"12,763",-,Apartment,1,99 yrs lease commencing from 1992,12,Rest of Central Region,06 to 10
VERTICUS,"1,680,000",699.66,"2,401",Aug-26,JALAN KEMAMAN,Resale,Strata,65,"25,846",-,Apartment,1,Freehold,12,Rest of Central Region,21 to 25
THE ORIE,"3,066,000","1,130.22","2,713",Aug-26,LORONG 1 TOA PAYOH,New Sale,Strata,105,"29,200",-,Condominium,1,99 yrs lease commencing from 2024,12,Rest of Central Region,31 to 35
EIGHT RIVERSUITES,"1,500,000",839.59,"1,787",Jul-26,WHAMPOA EAST,Resale,Strata,78,"19,231",-,Condominium,1,99 yrs lease commencing from 2011,12,Rest of Central Region,16 to 20
THE ARTE,"3,158,888","1,625.36","1,943",Jul-26,JALAN RAJA UDANG,Resale,Strata,151,"20,920",-,Condominium,1,Freehold,12,Rest of Central Region,26 to 30
GEM RESIDENCES,"1,435,000",678.13,"2,116",Jul-26,LORONG 5 TOA PAYOH,Resale,Strata,63,"22,778",-,Condominium,1,99 yrs lease commencing from 2015,12,Rest of Central Region,31 to 35
THE VIRIDIAN,"1,538,888",893.41,"1,722",Jul-26,JALAN AMPAS,Resale,Strata,83,"18,541",-,Apartment,1,Freehold,12,Rest of Central Region,11 to 15
REGAL COURT,"1,241,888",914.94,"1,357",Jul-26,KIM KEAT ROAD,Resale,Strata,85,"14,610",-,Apartment,1,Freehold,12,Rest of Central Region,06 to 10
TREVISTA,"2,880,000","1,270.15","2,267",Jul-26,LORONG 3 TOA PAYOH,Resale,Strata,118,"24,407",-,Condominium,1,99 yrs lease commencing from 2008,12,Rest of Central Region,36 to 40
KIM KEAT GARDENS,"1,440,000","1,334.74","1,079",Jul-26,KIM KEAT ROAD,Resale,Strata,124,"11,613",-,Apartment,1,99 yrs lease commencing from 2001,12,Rest of Central Region,11 to 15
DE ROYALE,"2,420,000","1,259.39","1,922",Jul-26,JALAN RAMA RAMA,Resale,Strata,117,"20,684",-,Condominium,1,Freehold,12,Rest of Central Region,06 to 10
TREVISTA,"2,550,000","1,119.46","2,278",Jul-26,LORONG 3 TOA PAYOH,Resale,Strata,104,"24,519",-,Condominium,1,99 yrs lease commencing from 2008,12,Rest of Central Region,31 to 35
THE ARCADY AT BOON KENG,"2,010,000",764.24,"2,630",Jul-26,SAINT BARNABAS LANE,New Sale,Strata,71,"28,310",-,Apartment,1,Freehold,12,Rest of Central Region,06 to 10
BEACON HEIGHTS,"939,999",667.37,"1,409",Jul-26,MAR THOMA ROAD,Resale,Strata,62,"15,161",-,Condominium,1,999 yrs lease commencing from 1882,12,Rest of Central Region,01 to 05
JUI RESIDENCES,"1,250,000",656.6,"1,904",Jul-26,SERANGOON ROAD,Resale,Strata,61,"20,492",-,Apartment,1,Freehold,12,Rest of Central Region,06 to 10
DE ROYALE,"2,500,000","1,259.39","1,985",Jul-26,JALAN RAMA RAMA,Resale,Strata,117,"21,368",-,Condominium,1,Freehold,12,Rest of Central Region,26 to 30
EIGHT RIVERSUITES,"2,680,000","1,356.26","1,976",Jul-26,WHAMPOA EAST,Resale,Strata,126,"21,270",-,Condominium,1,99 yrs lease commencing from 2011,12,Rest of Central Region,16 to 20
THE CALLISTA,"806,000",592.02,"1,361",Jul-26,MAR THOMA ROAD,Resale,Strata,55,"14,655",-,Apartment,1,999 yrs lease commencing from 1882,12,Rest of Central Region,01 to 05
THE ARCADY AT BOON KENG,"2,824,000","1,087.16","2,598",Jul-26,SAINT BARNABAS LANE,New Sale,Strata,101,"27,960",-,Apartment,1,Freehold,12,Rest of Central Region,06 to 10
OKIO,"980,000",592.02,"1,655",Jul-26,BALESTIER ROAD,Resale,Strata,55,"17,818",-,Apartment,1,Freehold,12,Rest of Central Region,06 to 10
KALLANG RIVERSIDE,"2,538,000","1,001.05","2,535",Jul-26,KAMPONG BUGIS,Resale,Strata,93,"27,290",-,Apartment,1,Freehold,12,Rest of Central Region,06 to 10
CITY SUITES,"825,700",527.44,"1,565",Jul-26,BALESTIER ROAD,Resale,Strata,49,"16,851",-,Apartment,1,Freehold,12,Rest of Central Region,06 to 10
EIGHT RIVERSUITES,"1,495,000",807.3,"1,852",Jul-26,WHAMPOA EAST,Resale,Strata,75,"19,933",-,Condominium,1,99 yrs lease commencing from 2011,12,Rest of Central Region,11 to 15
THE ARCADY AT BOON KENG,"3,794,000","1,410.08","2,691",Jul-26,SAINT BARNABAS LANE,New Sale,Strata,131,"28,962",-,Apartment,1,Freehold,12,Rest of Central Region,11 to 15
EIGHT RIVERSUITES,"1,420,000",699.66,"2,030",Jul-26,WHAMPOA EAST,Resale,Strata,65,"21,846",-,Condominium,1,99 yrs lease commencing from 2011,12,Rest of Central Region,26 to 30
THE ARCADY AT BOON KENG,"2,102,000",764.24,"2,750",Jul-26,SAINT BARNABAS LANE,New Sale,Strata,71,"29,606",-,Apartment,1,Freehold,12,Rest of Central Region,16 to 20
THE ARCADY AT BOON KENG,"3,911,000","1,410.08","2,774",Jul-26,SAINT BARNABAS LANE,New Sale,Strata,131,"29,855",-,Apartment,1,Freehold,12,Rest of Central Region,21 to 25
THE ARCADY AT BOON KENG,"3,619,000","1,496.2","2,419",Jul-26,SAINT BARNABAS LANE,New Sale,Strata,139,"26,036",-,Apartment,1,Freehold,12,Rest of Central Region,21 to 25
THE MORNINGTON,"1,710,000","1,216.33","1,406",Jul-26,ST. MICHAEL'S ROAD,Resale,Strata,113,"15,133",-,Apartment,1,Freehold,12,Rest of Central Region,01 to 05
NADIA MANSIONS,"3,338,888","2,281.97","1,463",Jul-26,AH HOOD ROAD,Resale,Strata,212,"15,749",-,Apartment,1,Freehold,12,Rest of Central Region,16 to 20
8 RAJA,"2,990,000","2,023.63","1,478",Jul-26,JALAN RAJA UDANG,Resale,Strata,188,"15,904",-,Apartment,1,Freehold,12,Rest of Central Region,06 to 10
VETRO,"775,000",828.83,935,Jul-26,MAR THOMA ROAD,Resale,Strata,77,"10,065",-,Apartment,1,999 yrs lease commencing from 1882,12,Rest of Central Region,16 to 20
EIGHT RIVERSUITES,"1,460,000",839.59,"1,739",Jul-26,WHAMPOA EAST,Resale,Strata,78,"18,718",-,Condominium,1,99 yrs lease commencing from 2011,12,Rest of Central Region,01 to 05
D'MIRA,"1,560,000",968.76,"1,610",Jul-26,BOON TECK ROAD,Resale,Strata,90,"17,333",-,Apartment,1,Freehold,12,Rest of Central Region,11 to 15
TREVISTA,"3,501,888","1,733","2,021",Jul-26,LORONG 3 TOA PAYOH,Resale,Strata,161,"21,751",-,Condominium,1,99 yrs lease commencing from 2008,12,Rest of Central Region,31 to 35
RIVERSIDE MELODIES,"1,800,000","1,076.4","1,672",Jul-26,ST. MICHAEL'S ROAD,Resale,Strata,100,"18,000",-,Apartment,1,Freehold,12,Rest of Central Region,06 to 10
M66,"1,015,000",645.84,"1,572",Jul-26,MOONSTONE LANE,Resale,Strata,60,"16,917",-,Apartment,1,Freehold,12,Rest of Central Region,01 to 05
VISTA RESIDENCES,"1,930,000",904.18,"2,135",Jul-26,JALAN DATOH,Resale,Strata,84,"22,976",-,Condominium,1,Freehold,12,Rest of Central Region,16 to 20
THE ARCADY AT BOON KENG,"3,868,000","1,410.08","2,743",Jul-26,SAINT BARNABAS LANE,New Sale,Strata,131,"29,527",-,Apartment,1,Freehold,12,Rest of Central Region,21 to 25
VA RESIDENCES,"825,000",516.67,"1,597",Jul-26,BOON TECK ROAD,Resale,Strata,48,"17,188",-,Apartment,1,Freehold,12,Rest of Central Region,11 to 15
RIVERBAY,"1,050,000",656.6,"1,599",Jul-26,MAR THOMA ROAD,Resale,Strata,61,"17,213",-,Apartment,1,999 yrs lease commencing from 1882,12,Rest of Central Region,21 to 25
THE ARCADY AT BOON KENG,"3,298,000","1,280.92","2,575",Jul-26,SAINT BARNABAS LANE,New Sale,Strata,119,"27,714",-,Apartment,1,Freehold,12,Rest of Central Region,06 to 10
GIFFARD MANSIONS,"2,065,000","1,754.53","1,177",Jul-26,BALESTIER ROAD,Resale,Strata,163,"12,669",-,Apartment,1,Freehold,12,Rest of Central Region,01 to 05
VERTICUS,"1,800,000",775.01,"2,323",Jul-26,JALAN KEMAMAN,Resale,Strata,72,"25,000",-,Apartment,1,Freehold,12,Rest of Central Region,16 to 20
OLEANDER TOWERS,"1,360,000",861.12,"1,579",Jul-26,LORONG 1 TOA PAYOH,Resale,Strata,80,"17,000",-,Apartment,1,99 yrs lease commencing from 1995,12,Rest of Central Region,06 to 10
THE INTERWEAVE,"720,000",430.56,"1,672",Jul-26,KIM KEAT ROAD,Resale,Strata,40,"18,000",-,Apartment,1,Freehold,12,Rest of Central Region,11 to 15
GEM RESIDENCES,"1,460,000",678.13,"2,153",Jul-26,LORONG 5 TOA PAYOH,Resale,Strata,63,"23,175",-,Condominium,1,99 yrs lease commencing from 2015,12,Rest of Central Region,26 to 30
THE ARCADY AT BOON KENG,"2,820,000","1,087.16","2,594",Jun-26,SAINT BARNABAS LANE,New Sale,Strata,101,"27,921",-,Apartment,1,Freehold,12,Rest of Central Region,11 to 15
GEM RESIDENCES,"1,540,000",775.01,"1,987",Jun-26,LORONG 5 TOA PAYOH,Resale,Strata,72,"21,389",-,Condominium,1,99 yrs lease commencing from 2015,12,Rest of Central Region,31 to 35
THE ARCADY AT BOON KENG,"2,802,000","1,087.16","2,577",Jun-26,SAINT BARNABAS LANE,New Sale,Strata,101,"27,743",-,Apartment,1,Freehold,12,Rest of Central Region,06 to 10
RITZ MANSIONS,"2,000,000","1,302.44","1,536",Jun-26,BALESTIER ROAD,Resale,Strata,121,"16,529",-,Apartment,1,Freehold,12,Rest of Central Region,06 to 10
ST FRANCIS LODGE,"1,770,000","1,216.33","1,455",Jun-26,ST. FRANCIS ROAD,Resale,Strata,113,"15,664",-,Apartment,1,Freehold,12,Rest of Central Region,06 to 10
EIGHT RIVERSUITES,"2,188,888","1,194.8","1,832",Jun-26,WHAMPOA EAST,Resale,Strata,111,"19,720",-,Condominium,1,99 yrs lease commencing from 2011,12,Rest of Central Region,21 to 25
EIGHT RIVERSUITES,"1,888,000",936.47,"2,016",Jun-26,WHAMPOA EAST,Resale,Strata,87,"21,701",-,Condominium,1,99 yrs lease commencing from 2011,12,Rest of Central Region,26 to 30
TREVISTA,"2,440,000","1,119.46","2,180",Jun-26,LORONG 3 TOA PAYOH,Resale,Strata,104,"23,462",-,Condominium,1,99 yrs lease commencing from 2008,12,Rest of Central Region,16 to 20
THE RIVERINE BY THE PARK,"2,770,000","1,302.44","2,127",Jun-26,KALLANG ROAD,Resale,Strata,121,"22,893",-,Apartment,1,Freehold,12,Rest of Central Region,11 to 15
URBAN HERITAGE,"690,000",495.14,"1,394",Jun-26,BALESTIER ROAD,Resale,Strata,46,"15,000",-,Apartment,1,Freehold,12,Rest of Central Region,01 to 05
PRESTIGE HEIGHTS,"674,888",387.5,"1,742",Jun-26,BALESTIER ROAD,Resale,Strata,36,"18,747",-,Apartment,1,Freehold,12,Rest of Central Region,06 to 10
EIGHT RIVERSUITES,"1,450,000",807.3,"1,796",Jun-26,WHAMPOA EAST,Resale,Strata,75,"19,333",-,Condominium,1,99 yrs lease commencing from 2011,12,Rest of Central Region,06 to 10
THE ARTE,"3,050,000","1,528.49","1,995",Jun-26,JALAN RAJA UDANG,Resale,Strata,142,"21,479",-,Condominium,1,Freehold,12,Rest of Central Region,21 to 25
VA RESIDENCES,"900,000",624.31,"1,442",Jun-26,BOON TECK ROAD,Resale,Strata,58,"15,517",-,Apartment,1,Freehold,12,Rest of Central Region,01 to 05
GEM RESIDENCES,"2,878,000","1,313.21","2,192",Jun-26,LORONG 5 TOA PAYOH,Resale,Strata,122,"23,590",-,Condominium,1,99 yrs lease commencing from 2015,12,Rest of Central Region,31 to 35
NEEM TREE,"1,068,000",624.31,"1,711",Jun-26,JALAN KEMAMAN,Resale,Strata,58,"18,414",-,Apartment,1,Freehold,12,Rest of Central Region,01 to 05
OLEANDER TOWERS,"1,330,000",861.12,"1,545",Jun-26,LORONG 1 TOA PAYOH,Resale,Strata,80,"16,625",-,Apartment,1,99 yrs lease commencing from 1995,12,Rest of Central Region,21 to 25
ONE DUSUN RESIDENCES,"870,000",452.09,"1,924",Jun-26,JALAN DUSUN,Resale,Strata,42,"20,714",-,Apartment,1,Freehold,12,Rest of Central Region,06 to 10
SKYSUITES17,"735,000",376.74,"1,951",Jun-26,JALAN RAJAH,Resale,Strata,35,"21,000",-,Apartment,1,Freehold,12,Rest of Central Region,26 to 30
GEM RESIDENCES,"2,040,000",936.47,"2,178",Jun-26,LORONG 5 TOA PAYOH,Resale,Strata,87,"23,448",-,Condominium,1,99 yrs lease commencing from 2015,12,Rest of Central Region,21 to 25
MOONSTONE RESIDENCES,"1,650,000","1,044.11","1,580",Jun-26,MOONSTONE LANE,Resale,Strata,97,"17,010",-,Apartment,1,Freehold,12,Rest of Central Region,11 to 15
THE ARTE,"2,100,000","1,054.87","1,991",Jun-26,JALAN RAJA UDANG,Resale,Strata,98,"21,429",-,Condominium,1,Freehold,12,Rest of Central Region,16 to 20
RIVERBAY,"1,530,000",947.23,"1,615",Jun-26,MAR THOMA ROAD,Resale,Strata,88,"17,386",-,Apartment,1,999 yrs lease commencing from 1882,12,Rest of Central Region,06 to 10
OKIO,"795,000",419.8,"1,894",Jun-26,BALESTIER ROAD,Resale,Strata,39,"20,385",-,Apartment,1,Freehold,12,Rest of Central Region,11 to 15
VISTA RESIDENCES,"3,050,000","1,388.56","2,197",Jun-26,JALAN DATOH,Resale,Strata,129,"23,643",-,Condominium,1,Freehold,12,Rest of Central Region,26 to 30
TREVISTA,"2,600,000","1,130.22","2,300",Jun-26,LORONG 3 TOA PAYOH,Resale,Strata,105,"24,762",-,Condominium,1,99 yrs lease commencing from 2008,12,Rest of Central Region,36 to 40
VISTA RESIDENCES,"3,080,000","1,410.08","2,184",Jun-26,JALAN DATOH,Resale,Strata,131,"23,511",-,Condominium,1,Freehold,12,Rest of Central Region,21 to 25
VERTICUS,"2,280,000",936.47,"2,435",Jun-26,JALAN KEMAMAN,Resale,Strata,87,"26,207",-,Apartment,1,Freehold,12,Rest of Central Region,21 to 25
AIRSTREAM,"605,000",333.68,"1,813",Jun-26,ST. MICHAEL'S ROAD,Resale,Strata,31,"19,516",-,Apartment,1,Freehold,12,Rest of Central Region,01 to 05
VIIO @ BALESTIER,"890,000",473.62,"1,879",Jun-26,BALESTIER ROAD,Resale,Strata,44,"20,227",-,Apartment,1,Freehold,12,Rest of Central Region,06 to 10
EIGHT RIVERSUITES,"2,050,000","1,194.8","1,716",Jun-26,WHAMPOA EAST,Resale,Strata,111,"18,468",-,Condominium,1,99 yrs lease commencing from 2011,12,Rest of Central Region,16 to 20
EIGHT RIVERSUITES,"845,888",441.32,"1,917",Jun-26,WHAMPOA EAST,Resale,Strata,41,"20,631",-,Condominium,1,99 yrs lease commencing from 2011,12,Rest of Central Region,16 to 20
KALLANG RIVERSIDE,"1,240,000",516.67,"2,400",Jun-26,KAMPONG BUGIS,Resale,Strata,48,"25,833",-,Apartment,1,Freehold,12,Rest of Central Region,26 to 30
THE ORIE,"3,080,000","1,130.22","2,725",Jun-26,LORONG 1 TOA PAYOH,New Sale,Strata,105,"29,333",-,Condominium,1,99 yrs lease commencing from 2024,12,Rest of Central Region,36 to 40
OKIO,"800,000",430.56,"1,858",Jun-26,BALESTIER ROAD,Resale,Strata,40,"20,000",-,Apartment,1,Freehold,12,Rest of Central Region,06 to 10
RIVERBAY,"780,000",516.67,"1,510",Jun-26,MAR THOMA ROAD,Resale,Strata,48,"16,250",-,Apartment,1,999 yrs lease commencing from 1882,12,Rest of Central Region,16 to 20
RIVERBAY,"660,000",387.5,"1,703",May-26,MAR THOMA ROAD,Resale,Strata,36,"18,333",-,Apartment,1,999 yrs lease commencing from 1882,12,Rest of Central Region,21 to 25
VERTICUS,"1,620,000",699.66,"2,315",May-26,JALAN KEMAMAN,Resale,Strata,65,"24,923",-,Apartment,1,Freehold,12,Rest of Central Region,11 to 15
PARC HAVEN,"970,000",764.24,"1,269",May-26,LORONG LIMAU,Resale,Strata,71,"13,662",-,Apartment,1,Freehold,12,Rest of Central Region,01 to 05
IRESIDENCES,"1,900,000","1,065.64","1,783",May-26,IRRAWADDY ROAD,Resale,Strata,99,"19,192",-,Apartment,1,Freehold,12,Rest of Central Region,21 to 25
GEM RESIDENCES,"908,000",452.09,"2,008",May-26,LORONG 5 TOA PAYOH,Resale,Strata,42,"21,619",-,Condominium,1,99 yrs lease commencing from 2015,12,Rest of Central Region,36 to 40
THE ARCADY AT BOON KENG,"2,808,000","1,087.16","2,583",May-26,SAINT BARNABAS LANE,New Sale,Strata,101,"27,802",-,Apartment,1,Freehold,12,Rest of Central Region,06 to 10
THE ARCADY AT BOON KENG,"3,770,000","1,410.08","2,674",May-26,SAINT BARNABAS LANE,New Sale,Strata,131,"28,779",-,Apartment,1,Freehold,12,Rest of Central Region,16 to 20
ONE ST MICHAEL'S,"2,280,000","1,184.04","1,926",May-26,ST. MICHAEL'S ROAD,Resale,Strata,110,"20,727",-,Condominium,1,Freehold,12,Rest of Central Region,11 to 15
BEACON HEIGHTS,"1,380,000",893.41,"1,545",May-26,MAR THOMA ROAD,Resale,Strata,83,"16,627",-,Condominium,1,999 yrs lease commencing from 1882,12,Rest of Central Region,06 to 10
THE ARCADY AT BOON KENG,"2,094,000",764.24,"2,740",May-26,SAINT BARNABAS LANE,New Sale,Strata,71,"29,493",-,Apartment,1,Freehold,12,Rest of Central Region,16 to 20
PARC HAVEN,"2,368,888","2,518.78",940,May-26,LORONG LIMAU,Resale,Strata,234,"10,123",-,Apartment,1,Freehold,12,Rest of Central Region,06 to 10
IRESIDENCES,"2,575,000","1,313.21","1,961",May-26,IRRAWADDY ROAD,Resale,Strata,122,"21,107",-,Apartment,1,Freehold,12,Rest of Central Region,21 to 25
MOONSTONE RESIDENCES,"1,938,000","1,237.86","1,566",May-26,MOONSTONE LANE,Resale,Strata,115,"16,852",-,Apartment,1,Freehold,12,Rest of Central Region,06 to 10
GIFFARD MANSIONS,"1,980,000","1,754.53","1,129",May-26,BALESTIER ROAD,Resale,Strata,163,"12,147",-,Apartment,1,Freehold,12,Rest of Central Region,01 to 05
THE MEZZO,"885,000",559.73,"1,581",May-26,BALESTIER ROAD,Resale,Strata,52,"17,019",-,Apartment,1,Freehold,12,Rest of Central Region,11 to 15
EIGHT RIVERSUITES,"840,000",441.32,"1,903",May-26,WHAMPOA EAST,Resale,Strata,41,"20,488",-,Condominium,1,99 yrs lease commencing from 2011,12,Rest of Central Region,26 to 30
KALLANG RIVERSIDE,"2,605,000","1,001.05","2,602",May-26,KAMPONG BUGIS,Resale,Strata,93,"28,011",-,Apartment,1,Freehold,12,Rest of Central Region,16 to 20
SHAW PLAZA - TWIN HEIGHTS,"2,520,000","1,420.85","1,774",May-26,BALESTIER ROAD,Resale,Strata,132,"19,091",-,Apartment,1,Freehold,12,Rest of Central Region,11 to 15
EIGHT RIVERSUITES,"835,000",441.32,"1,892",May-26,WHAMPOA EAST,Resale,Strata,41,"20,366",-,Condominium,1,99 yrs lease commencing from 2011,12,Rest of Central Region,26 to 30
THE ELYSIA,"1,740,000","1,410.08","1,234",May-26,MAR THOMA ROAD,Resale,Strata,131,"13,282",-,Apartment,1,999 yrs lease commencing from 1882,12,Rest of Central Region,01 to 05
EIGHT RIVERSUITES,"1,340,000",699.66,"1,915",May-26,WHAMPOA EAST,Resale,Strata,65,"20,615",-,Condominium,1,99 yrs lease commencing from 2011,12,Rest of Central Region,16 to 20
JUI RESIDENCES,"908,888",462.85,"1,964",May-26,SERANGOON ROAD,Resale,Strata,43,"21,137",-,Apartment,1,Freehold,12,Rest of Central Region,06 to 10
THE INTERWEAVE,"1,245,000",721.19,"1,726",May-26,KIM KEAT ROAD,Resale,Strata,67,"18,582",-,Apartment,1,Freehold,12,Rest of Central Region,11 to 15
THE TIER,"870,000",548.96,"1,585",May-26,PEGU ROAD,Resale,Strata,51,"17,059",-,Apartment,1,Freehold,12,Rest of Central Region,16 to 20
BLISS LOFT,"1,398,000","1,399.32",999,May-26,KIM KEAT CLOSE,Resale,Strata,130,"10,754",-,Apartment,1,Freehold,12,Rest of Central Region,11 to 15
GEM RESIDENCES,"880,000",452.09,"1,947",May-26,LORONG 5 TOA PAYOH,Resale,Strata,42,"20,952",-,Condominium,1,99 yrs lease commencing from 2015,12,Rest of Central Region,21 to 25
KALLANG RIVERSIDE,"3,455,000","1,431.61","2,413",May-26,KAMPONG BUGIS,Resale,Strata,133,"25,977",-,Apartment,1,Freehold,12,Rest of Central Region,26 to 30
THE ARTE,"3,205,000","1,625.36","1,972",May-26,JALAN RAJA UDANG,Resale,Strata,151,"21,225",-,Condominium,1,Freehold,12,Rest of Central Region,21 to 25
OLEANDER TOWERS,"1,830,000","1,140.98","1,604",May-26,LORONG 1 TOA PAYOH,Resale,Strata,106,"17,264",-,Apartment,1,99 yrs lease commencing from 1995,12,Rest of Central Region,06 to 10
NEEM TREE,"900,888",505.91,"1,781",May-26,JALAN KEMAMAN,Resale,Strata,47,"19,168",-,Apartment,1,Freehold,12,Rest of Central Region,11 to 15
PRESTIGE HEIGHTS,"760,000",430.56,"1,765",May-26,BALESTIER ROAD,Resale,Strata,40,"19,000",-,Apartment,1,Freehold,12,Rest of Central Region,11 to 15
THE CENTRIO,"3,960,000","2,970.86","1,333",May-26,IRRAWADDY ROAD,Resale,Strata,276,"14,348",-,Apartment,1,Freehold,12,Rest of Central Region,11 to 15
ST MICHAEL'S CONDOMINIUM,"1,448,000",958,"1,511",May-26,ST. MICHAEL'S ROAD,Resale,Strata,89,"16,270",-,Apartment,1,Freehold,12,Rest of Central Region,01 to 05
PINNACLE 16,"1,025,000",581.26,"1,763",May-26,SHAN ROAD,Resale,Strata,54,"18,981",-,Apartment,1,Freehold,12,Rest of Central Region,06 to 10
REGENT RESIDENCES,"1,380,000",818.06,"1,687",May-26,SERANGOON ROAD,Resale,Strata,76,"18,158",-,Apartment,1,Freehold,12,Rest of Central Region,16 to 20
VISTA RESIDENCES,"2,500,000","1,194.8","2,092",May-26,JALAN DATOH,Resale,Strata,111,"22,523",-,Condominium,1,Freehold,12,Rest of Central Region,06 to 10
THE ARCADY AT BOON KENG,"2,698,000",968.76,"2,785",May-26,SAINT BARNABAS LANE,New Sale,Strata,90,"29,978",-,Apartment,1,Freehold,12,Rest of Central Region,21 to 25
THE ARCADY AT BOON KENG,"2,486,000",968.76,"2,566",May-26,SAINT BARNABAS LANE,New Sale,Strata,90,"27,622",-,Apartment,1,Freehold,12,Rest of Central Region,01 to 05
THE CITRINE,"1,680,000",958,"1,754",Apr-26,JALAN DATOH,Resale,Strata,89,"18,876",-,Apartment,1,Freehold,12,Rest of Central Region,11 to 15
GEM RESIDENCES,"1,990,000",936.47,"2,125",Apr-26,LORONG 5 TOA PAYOH,Resale,Strata,87,"22,874",-,Condominium,1,99 yrs lease commencing from 2015,12,Rest of Central Region,06 to 10
BLISS LOFT,"1,140,000",807.3,"1,412",Apr-26,KIM KEAT CLOSE,Resale,Strata,75,"15,200",-,Apartment,1,Freehold,12,Rest of Central Region,06 to 10
THE INTERWEAVE,"1,006,688",688.9,"1,461",Apr-26,KIM KEAT ROAD,Resale,Strata,64,"15,730",-,Apartment,1,Freehold,12,Rest of Central Region,06 to 10
SHAW PLAZA - TWIN HEIGHTS,"1,978,000","1,237.86","1,598",Apr-26,BALESTIER ROAD,Resale,Strata,115,"17,200",-,Apartment,1,Freehold,12,Rest of Central Region,01 to 05
THE ARCADY AT BOON KENG,"3,926,000","1,410.08","2,784",Apr-26,SAINT BARNABAS LANE,New Sale,Strata,131,"29,969",-,Apartment,1,Freehold,12,Rest of Central Region,21 to 25
PRESTIGE HEIGHTS,"690,000",376.74,"1,832",Apr-26,BALESTIER ROAD,Resale,Strata,35,"19,714",-,Apartment,1,Freehold,12,Rest of Central Region,16 to 20
RIVERBAY,"640,000",387.5,"1,652",Apr-26,MAR THOMA ROAD,Resale,Strata,36,"17,778",-,Apartment,1,999 yrs lease commencing from 1882,12,Rest of Central Region,16 to 20
EIGHT RIVERSUITES,"1,388,888",699.66,"1,985",Apr-26,WHAMPOA EAST,Resale,Strata,65,"21,368",-,Condominium,1,99 yrs lease commencing from 2011,12,Rest of Central Region,21 to 25
BEACON HEIGHTS,"1,888,888","1,108.69","1,704",Apr-26,MAR THOMA ROAD,Resale,Strata,103,"18,339",-,Condominium,1,999 yrs lease commencing from 1882,12,Rest of Central Region,26 to 30
GEM RESIDENCES,"2,120,000",947.23,"2,238",Apr-26,LORONG 5 TOA PAYOH,Resale,Strata,88,"24,091",-,Condominium,1,99 yrs lease commencing from 2015,12,Rest of Central Region,26 to 30
THE INTERWEAVE,"1,045,000",688.9,"1,517",Apr-26,KIM KEAT ROAD,Resale,Strata,64,"16,328",-,Apartment,1,Freehold,12,Rest of Central Region,11 to 15
VETRO,"765,000",473.62,"1,615",Apr-26,MAR THOMA ROAD,Resale,Strata,44,"17,386",-,Apartment,1,999 yrs lease commencing from 1882,12,Rest of Central Region,16 to 20
GEM RESIDENCES,"1,965,000",947.23,"2,074",Apr-26,LORONG 5 TOA PAYOH,Resale,Strata,88,"22,330",-,Condominium,1,99 yrs lease commencing from 2015,12,Rest of Central Region,16 to 20
ONE DUSUN RESIDENCES,"1,155,000",656.6,"1,759",Apr-26,JALAN DUSUN,Resale,Strata,61,"18,934",-,Apartment,1,Freehold,12,Rest of Central Region,11 to 15
JUI RESIDENCES,"1,430,000",699.66,"2,044",Apr-26,SERANGOON ROAD,Resale,Strata,65,"22,000",-,Apartment,1,Freehold,12,Rest of Central Region,16 to 20
RIVERBAY,"1,520,000",947.23,"1,605",Apr-26,MAR THOMA ROAD,Resale,Strata,88,"17,273",-,Apartment,1,999 yrs lease commencing from 1882,12,Rest of Central Region,11 to 15
VA RESIDENCES,"980,000",624.31,"1,570",Apr-26,BOON TECK ROAD,Resale,Strata,58,"16,897",-,Apartment,1,Freehold,12,Rest of Central Region,06 to 10
GEM RESIDENCES,"2,388,000","1,054.87","2,264",Apr-26,LORONG 5 TOA PAYOH,Resale,Strata,98,"24,367",-,Condominium,1,99 yrs lease commencing from 2015,12,Rest of Central Region,31 to 35
RIVIERA 38,"1,380,000",882.65,"1,563",Apr-26,MAR THOMA ROAD,Resale,Strata,82,"16,829",-,Apartment,1,999 yrs lease commencing from 1882,12,Rest of Central Region,16 to 20
THE MEZZO,"1,468,000",839.59,"1,748",Apr-26,BALESTIER ROAD,Resale,Strata,78,"18,821",-,Apartment,1,Freehold,12,Rest of Central Region,11 to 15
GEM RESIDENCES,"903,000",484.38,"1,864",Apr-26,LORONG 5 TOA PAYOH,Resale,Strata,45,"20,067",-,Condominium,1,99 yrs lease commencing from 2015,12,Rest of Central Region,21 to 25
EIGHT RIVERSUITES,"1,397,000",699.66,"1,997",Apr-26,WHAMPOA EAST,Resale,Strata,65,"21,492",-,Condominium,1,99 yrs lease commencing from 2011,12,Rest of Central Region,21 to 25
EIGHT RIVERSUITES,"1,470,000",807.3,"1,821",Apr-26,WHAMPOA EAST,Resale,Strata,75,"19,600",-,Condominium,1,99 yrs lease commencing from 2011,12,Rest of Central Region,11 to 15
CRADELS,"1,439,000","1,033.34","1,393",Apr-26,LORONG LIMAU,Resale,Strata,96,"14,990",-,Apartment,1,Freehold,12,Rest of Central Region,21 to 25
THE ARCADY AT BOON KENG,"3,814,470","1,410.08","2,705",Apr-26,SAINT BARNABAS LANE,New Sale,Strata,131,"29,118",-,Apartment,1,Freehold,12,Rest of Central Region,16 to 20
GAIA,"1,740,000","1,022.58","1,702",Apr-26,JALAN DUSUN,Resale,Strata,95,"18,316",-,Apartment,1,Freehold,12,Rest of Central Region,01 to 05
EIGHT RIVERSUITES,"2,350,000","1,915.99","1,227",Apr-26,WHAMPOA EAST,Resale,Strata,178,"13,202",-,Condominium,1,99 yrs lease commencing from 2011,12,Rest of Central Region,26 to 30
THE ARCADY AT BOON KENG,"1,994,000",764.24,"2,609",Apr-26,SAINT BARNABAS LANE,New Sale,Strata,71,"28,085",-,Apartment,1,Freehold,12,Rest of Central Region,01 to 05
RITZ MANSIONS,"1,880,000","1,280.92","1,468",Apr-26,BALESTIER ROAD,Resale,Strata,119,"15,798",-,Apartment,1,Freehold,12,Rest of Central Region,06 to 10
D'MIRA,"2,590,000","1,506.96","1,719",Apr-26,BOON TECK ROAD,Resale,Strata,140,"18,500",-,Apartment,1,Freehold,12,Rest of Central Region,06 to 10
KALLANG RIVERSIDE,"1,108,000",516.67,"2,144",Apr-26,KAMPONG BUGIS,Resale,Strata,48,"23,083",-,Apartment,1,Freehold,12,Rest of Central Region,06 to 10
TREVISTA,"2,435,000","1,097.93","2,218",Apr-26,LORONG 3 TOA PAYOH,Resale,Strata,102,"23,873",-,Condominium,1,99 yrs lease commencing from 2008,12,Rest of Central Region,21 to 25
DOMUS,"2,480,000","1,367.03","1,814",Apr-26,IRRAWADDY ROAD,Resale,Strata,127,"19,528",-,Apartment,1,Freehold,12,Rest of Central Region,06 to 10
NEEM TREE,"810,000",452.09,"1,792",Apr-26,JALAN KEMAMAN,Resale,Strata,42,"19,286",-,Apartment,1,Freehold,12,Rest of Central Region,01 to 05
OKIO,"780,000",430.56,"1,812",Apr-26,BALESTIER ROAD,Resale,Strata,40,"19,500",-,Apartment,1,Freehold,12,Rest of Central Region,06 to 10
GEM RESIDENCES,"1,520,000",775.01,"1,961",Mar-26,LORONG 5 TOA PAYOH,Resale,Strata,72,"21,111",-,Condominium,1,99 yrs lease commencing from 2015,12,Rest of Central Region,06 to 10
EIGHT RIVERSUITES,"1,350,000",699.66,"1,930",Mar-26,WHAMPOA EAST,Resale,Strata,65,"20,769",-,Condominium,1,99 yrs lease commencing from 2011,12,Rest of Central Region,11 to 15
EIGHT RIVERSUITES,"1,340,000",699.66,"1,915",Mar-26,WHAMPOA EAST,Resale,Strata,65,"20,615",-,Condominium,1,99 yrs lease commencing from 2011,12,Rest of Central Region,06 to 10
MOONSTONE RESIDENCES,"1,885,000","1,237.86","1,523",Mar-26,MOONSTONE LANE,Resale,Strata,115,"16,391",-,Apartment,1,Freehold,12,Rest of Central Region,01 to 05
THE ARTE,"2,990,000","1,399.32","2,137",Mar-26,JALAN RAJA UDANG,Resale,Strata,130,"23,000",-,Condominium,1,Freehold,12,Rest of Central Region,26 to 30
THE INTERWEAVE,"1,050,000",688.9,"1,524",Mar-26,KIM KEAT ROAD,Resale,Strata,64,"16,406",-,Apartment,1,Freehold,12,Rest of Central Region,06 to 10
TREVISTA,"1,800,000",914.94,"1,967",Mar-26,LORONG 3 TOA PAYOH,Resale,Strata,85,"21,176",-,Condominium,1,99 yrs lease commencing from 2008,12,Rest of Central Region,31 to 35
EIGHT RIVERSUITES,"1,756,000",936.47,"1,875",Mar-26,WHAMPOA EAST,Resale,Strata,87,"20,184",-,Condominium,1,99 yrs lease commencing from 2011,12,Rest of Central Region,11 to 15
RIVERSIDE MELODIES,"2,280,000","1,420.85","1,605",Mar-26,ST. MICHAEL'S ROAD,Resale,Strata,132,"17,273",-,Apartment,1,Freehold,12,Rest of Central Region,06 to 10
GEM RESIDENCES,"1,358,888",678.13,"2,004",Mar-26,LORONG 5 TOA PAYOH,Resale,Strata,63,"21,570",-,Condominium,1,99 yrs lease commencing from 2015,12,Rest of Central Region,11 to 15
MOONSTONE VIEW,"1,638,000","1,076.4","1,522",Mar-26,MOONSTONE LANE,Resale,Strata,100,"16,380",-,Apartment,1,Freehold,12,Rest of Central Region,06 to 10
RIVIERA 38,"735,888",452.09,"1,628",Mar-26,MAR THOMA ROAD,Resale,Strata,42,"17,521",-,Apartment,1,999 yrs lease commencing from 1882,12,Rest of Central Region,16 to 20
EIGHT RIVERSUITES,"1,950,000","1,216.33","1,603",Mar-26,WHAMPOA EAST,Resale,Strata,113,"17,257",-,Condominium,1,99 yrs lease commencing from 2011,12,Rest of Central Region,16 to 20
GEM RESIDENCES,"2,190,000","1,054.87","2,076",Mar-26,LORONG 5 TOA PAYOH,Resale,Strata,98,"22,347",-,Condominium,1,99 yrs lease commencing from 2015,12,Rest of Central Region,06 to 10
THE MEZZO,"900,000",559.73,"1,608",Mar-26,BALESTIER ROAD,Resale,Strata,52,"17,308",-,Apartment,1,Freehold,12,Rest of Central Region,16 to 20
GAIA,"1,548,000",914.94,"1,692",Mar-26,JALAN DUSUN,Resale,Strata,85,"18,212",-,Apartment,1,Freehold,12,Rest of Central Region,06 to 10
EIGHT RIVERSUITES,"2,980,000","1,829.88","1,629",Mar-26,WHAMPOA EAST,Resale,Strata,170,"17,529",-,Condominium,1,99 yrs lease commencing from 2011,12,Rest of Central Region,26 to 30
EIGHT RIVERSUITES,"793,000",441.32,"1,797",Mar-26,WHAMPOA EAST,Resale,Strata,41,"19,341",-,Condominium,1,99 yrs lease commencing from 2011,12,Rest of Central Region,01 to 05
THE ARCADY AT BOON KENG,"2,474,000",968.76,"2,554",Mar-26,SAINT BARNABAS LANE,New Sale,Strata,90,"27,489",-,Apartment,1,Freehold,12,Rest of Central Region,01 to 05
D'LOTUS,"1,365,000",807.3,"1,691",Mar-26,LORONG AMPAS,Resale,Strata,75,"18,200",-,Apartment,1,Freehold,12,Rest of Central Region,06 to 10
AIRSTREAM,"725,000",495.14,"1,464",Mar-26,ST. MICHAEL'S ROAD,Resale,Strata,46,"15,761",-,Apartment,1,Freehold,12,Rest of Central Region,01 to 05
THE ORIE,"3,108,000","1,130.22","2,750",Mar-26,LORONG 1 TOA PAYOH,New Sale,Strata,105,"29,600",-,Condominium,1,99 yrs lease commencing from 2024,12,Rest of Central Region,36 to 40
D'LOTUS,"888,888",570.49,"1,558",Mar-26,LORONG AMPAS,Resale,Strata,53,"16,771",-,Apartment,1,Freehold,12,Rest of Central Region,11 to 15
RIVERBAY,"1,010,000",645.84,"1,564",Mar-26,MAR THOMA ROAD,Resale,Strata,60,"16,833",-,Apartment,1,999 yrs lease commencing from 1882,12,Rest of Central Region,21 to 25
GEM RESIDENCES,"2,820,000","1,248.62","2,258",Mar-26,LORONG 5 TOA PAYOH,Resale,Strata,116,"24,310",-,Condominium,1,99 yrs lease commencing from 2015,12,Rest of Central Region,21 to 25
RIVERBAY,"650,000",387.5,"1,677",Mar-26,MAR THOMA ROAD,Resale,Strata,36,"18,056",-,Apartment,1,999 yrs lease commencing from 1882,12,Rest of Central Region,16 to 20
ONE ST MICHAEL'S,"1,540,000",936.47,"1,644",Mar-26,ST. MICHAEL'S ROAD,Resale,Strata,87,"17,701",-,Condominium,1,Freehold,12,Rest of Central Region,06 to 10
EIGHT RIVERSUITES,"1,760,000",936.47,"1,879",Mar-26,WHAMPOA EAST,Resale,Strata,87,"20,230",-,Condominium,1,99 yrs lease commencing from 2011,12,Rest of Central Region,16 to 20
OLEANDER TOWERS,"1,855,000","1,151.75","1,611",Mar-26,LORONG 1 TOA PAYOH,Resale,Strata,107,"17,336",-,Apartment,1,99 yrs lease commencing from 1995,12,Rest of Central Region,11 to 15
CASA FORTUNA,"1,623,000","1,044.11","1,554",Mar-26,AH HOOD ROAD,Resale,Strata,97,"16,732",-,Apartment,1,Freehold,12,Rest of Central Region,06 to 10
THE ARCADY AT BOON KENG,"2,509,000",968.76,"2,590",Feb-26,SAINT BARNABAS LANE,New Sale,Strata,90,"27,878",-,Apartment,1,Freehold,12,Rest of Central Region,01 to 05
JUI RESIDENCES,"1,960,000",947.23,"2,069",Feb-26,SERANGOON ROAD,Resale,Strata,88,"22,273",-,Apartment,1,Freehold,12,Rest of Central Region,16 to 20
SKYSUITES17,"1,200,000",613.55,"1,956",Feb-26,JALAN RAJAH,Resale,Strata,57,"21,053",-,Apartment,1,Freehold,12,Rest of Central Region,26 to 30
THE VERVE,"710,000",441.32,"1,609",Feb-26,JALAN RAJAH,Resale,Strata,41,"17,317",-,Apartment,1,Freehold,12,Rest of Central Region,01 to 05
RESIDENTIAL APARTMENTS,"1,710,000","1,636.13","1,045",Feb-26,KIM KEAT CLOSE,Resale,Strata,152,"11,250",-,Apartment,1,Freehold,12,Rest of Central Region,01 to 05
EIGHT RIVERSUITES,"1,708,000",936.47,"1,824",Feb-26,WHAMPOA EAST,Resale,Strata,87,"19,632",-,Condominium,1,99 yrs lease commencing from 2011,12,Rest of Central Region,11 to 15
VISTA RESIDENCES,"2,450,000","1,194.8","2,051",Feb-26,JALAN DATOH,Resale,Strata,111,"22,072",-,Condominium,1,Freehold,12,Rest of Central Region,06 to 10
EIGHT RIVERSUITES,"1,350,000",839.59,"1,608",Feb-26,WHAMPOA EAST,Resale,Strata,78,"17,308",-,Condominium,1,99 yrs lease commencing from 2011,12,Rest of Central Region,16 to 20
EIGHT RIVERSUITES,"1,880,000","1,033.34","1,819",Feb-26,WHAMPOA EAST,Resale,Strata,96,"19,583",-,Condominium,1,99 yrs lease commencing from 2011,12,Rest of Central Region,06 to 10
RIVERBAY,"1,515,000",925.7,"1,637",Feb-26,MAR THOMA ROAD,Resale,Strata,86,"17,616",-,Apartment,1,999 yrs lease commencing from 1882,12,Rest of Central Region,06 to 10
TOPAZ MANSIONS,"1,498,000","1,173.28","1,277",Feb-26,TOPAZ ROAD,Resale,Strata,109,"13,743",-,Apartment,1,Freehold,12,Rest of Central Region,01 to 05
THE ARCADY AT BOON KENG,"3,812,000","1,410.08","2,703",Feb-26,SAINT BARNABAS LANE,New Sale,Strata,131,"29,099",-,Apartment,1,Freehold,12,Rest of Central Region,16 to 20
THE ARCADY AT BOON KENG,"2,812,000","1,087.16","2,587",Feb-26,SAINT BARNABAS LANE,New Sale,Strata,101,"27,842",-,Apartment,1,Freehold,12,Rest of Central Region,06 to 10
GEM RESIDENCES,"870,000",452.09,"1,924",Feb-26,LORONG 5 TOA PAYOH,Resale,Strata,42,"20,714",-,Condominium,1,99 yrs lease commencing from 2015,12,Rest of Central Region,21 to 25
JUI RESIDENCES,"1,350,000",656.6,"2,056",Feb-26,SERANGOON ROAD,Resale,Strata,61,"22,131",-,Apartment,1,Freehold,12,Rest of Central Region,11 to 15
CALARASI,"1,828,000","1,227.1","1,490",Feb-26,KIM KEAT LANE,Resale,Strata,114,"16,035",-,Apartment,1,Freehold,12,Rest of Central Region,11 to 15
CASA FORTUNA,"975,000",710.42,"1,372",Feb-26,AH HOOD ROAD,Resale,Strata,66,"14,773",-,Apartment,1,Freehold,12,Rest of Central Region,01 to 05
GEM RESIDENCES,"918,000",484.38,"1,895",Feb-26,LORONG 5 TOA PAYOH,Resale,Strata,45,"20,400",-,Condominium,1,99 yrs lease commencing from 2015,12,Rest of Central Region,31 to 35
BALESTIER POINT,"1,680,000","1,270.15","1,323",Feb-26,BALESTIER ROAD,Resale,Strata,118,"14,237",-,Apartment,1,Freehold,12,Rest of Central Region,06 to 10
DE ROYALE,"2,438,888","1,280.92","1,904",Feb-26,JALAN RAMA RAMA,Resale,Strata,119,"20,495",-,Condominium,1,Freehold,12,Rest of Central Region,31 to 35
JUI RESIDENCES,"1,358,888",710.42,"1,913",Feb-26,SERANGOON ROAD,Resale,Strata,66,"20,589",-,Apartment,1,Freehold,12,Rest of Central Region,06 to 10
RIVERBAY,"1,600,000",958,"1,670",Feb-26,MAR THOMA ROAD,Resale,Strata,89,"17,978",-,Apartment,1,999 yrs lease commencing from 1882,12,Rest of Central Region,21 to 25
OLEANDER TOWERS,"1,860,000","1,151.75","1,615",Feb-26,LORONG 1 TOA PAYOH,Resale,Strata,107,"17,383",-,Apartment,1,99 yrs lease commencing from 1995,12,Rest of Central Region,16 to 20
DOMUS,"2,650,000","1,367.03","1,939",Feb-26,IRRAWADDY ROAD,Resale,Strata,127,"20,866",-,Apartment,1,Freehold,12,Rest of Central Region,16 to 20
THE INTERWEAVE,"1,060,000",688.9,"1,539",Feb-26,KIM KEAT ROAD,Resale,Strata,64,"16,563",-,Apartment,1,Freehold,12,Rest of Central Region,11 to 15
RESIDENTIAL APARTMENTS,"1,750,000","1,076.4","1,626",Feb-26,BALESTIER ROAD,Resale,Strata,100,"17,500",-,Apartment,1,9999 yrs lease commencing from 1961,12,Rest of Central Region,01 to 05
EIGHT RIVERSUITES,"855,000",441.32,"1,937",Feb-26,WHAMPOA EAST,Resale,Strata,41,"20,854",-,Condominium,1,99 yrs lease commencing from 2011,12,Rest of Central Region,26 to 30
GLOBAL VILLE,"1,460,000",904.18,"1,615",Feb-26,JALAN RAJA UDANG,Resale,Strata,84,"17,381",-,Apartment,1,Freehold,12,Rest of Central Region,11 to 15
GEM RESIDENCES,"905,000",452.09,"2,002",Feb-26,LORONG 5 TOA PAYOH,Resale,Strata,42,"21,548",-,Condominium,1,99 yrs lease commencing from 2015,12,Rest of Central Region,36 to 40
CASA FORTUNA,"1,500,000",925.7,"1,620",Feb-26,AH HOOD ROAD,Resale,Strata,86,"17,442",-,Apartment,1,Freehold,12,Rest of Central Region,06 to 10
TREVISTA,"800,000",462.85,"1,728",Jan-26,LORONG 3 TOA PAYOH,Resale,Strata,43,"18,605",-,Condominium,1,99 yrs lease commencing from 2008,12,Rest of Central Region,06 to 10
EIGHT RIVERSUITES,"1,870,000","1,076.4","1,737",Jan-26,WHAMPOA EAST,Resale,Strata,100,"18,700",-,Condominium,1,99 yrs lease commencing from 2011,12,Rest of Central Region,06 to 10
PRESTIGE HEIGHTS,"808,000",484.38,"1,668",Jan-26,BALESTIER ROAD,Resale,Strata,45,"17,956",-,Apartment,1,Freehold,12,Rest of Central Region,06 to 10
EIGHT RIVERSUITES,"1,500,000",807.3,"1,858",Jan-26,WHAMPOA EAST,Resale,Strata,75,"20,000",-,Condominium,1,99 yrs lease commencing from 2011,12,Rest of Central Region,16 to 20
THE ORIE,"3,017,000","1,130.22","2,669",Jan-26,LORONG 1 TOA PAYOH,New Sale,Strata,105,"28,733",-,Condominium,1,99 yrs lease commencing from 2024,12,Rest of Central Region,26 to 30
THE ARCADY AT BOON KENG,"2,570,000",968.76,"2,653",Jan-26,SAINT BARNABAS LANE,New Sale,Strata,90,"28,556",-,Apartment,1,Freehold,12,Rest of Central Region,11 to 15
OKIO,"790,000",419.8,"1,882",Jan-26,BALESTIER ROAD,Resale,Strata,39,"20,256",-,Apartment,1,Freehold,12,Rest of Central Region,11 to 15
REGENT RESIDENCES,"1,400,000",818.06,"1,711",Jan-26,SERANGOON ROAD,Resale,Strata,76,"18,421",-,Apartment,1,Freehold,12,Rest of Central Region,16 to 20
GEM RESIDENCES,"1,150,000",592.02,"1,943",Jan-26,LORONG 5 TOA PAYOH,Resale,Strata,55,"20,909",-,Condominium,1,99 yrs lease commencing from 2015,12,Rest of Central Region,16 to 20
THE ORIE,"2,976,000","1,130.22","2,633",Jan-26,LORONG 1 TOA PAYOH,New Sale,Strata,105,"28,343",-,Condominium,1,99 yrs lease commencing from 2024,12,Rest of Central Region,21 to 25
ROCCA BALESTIER,"1,700,000","1,151.75","1,476",Jan-26,BALESTIER ROAD,Resale,Strata,107,"15,888",-,Apartment,1,Freehold,12,Rest of Central Region,11 to 15
REGAL COURT,"1,250,000",958,"1,305",Jan-26,KIM KEAT ROAD,Resale,Strata,89,"14,045",-,Apartment,1,Freehold,12,Rest of Central Region,01 to 05
GEM RESIDENCES,"1,960,000",947.23,"2,069",Jan-26,LORONG 5 TOA PAYOH,Resale,Strata,88,"22,273",-,Condominium,1,99 yrs lease commencing from 2015,12,Rest of Central Region,21 to 25
THE ORIE,"3,748,000","1,367.03","2,742",Jan-26,LORONG 1 TOA PAYOH,New Sale,Strata,127,"29,512",-,Condominium,1,99 yrs lease commencing from 2024,12,Rest of Central Region,36 to 40
PAPILLON,"1,395,000",936.47,"1,490",Jan-26,JALAN RAMA RAMA,Resale,Strata,87,"16,034",-,Apartment,1,Freehold,12,Rest of Central Region,06 to 10
PRESTIGE HEIGHTS,"1,038,000",581.26,"1,786",Jan-26,BALESTIER ROAD,Resale,Strata,54,"19,222",-,Apartment,1,Freehold,12,Rest of Central Region,16 to 20
BOON TECK TOWER,"2,100,000","1,657.66","1,267",Jan-26,BOON TECK ROAD,Resale,Strata,154,"13,636",-,Condominium,1,Freehold,12,Rest of Central Region,01 to 05
THE ARCADY AT BOON KENG,"2,032,000",764.24,"2,659",Jan-26,SAINT BARNABAS LANE,New Sale,Strata,71,"28,620",-,Apartment,1,Freehold,12,Rest of Central Region,11 to 15
SUITES @ TOPAZ,"675,000",387.5,"1,742",Jan-26,TOPAZ ROAD,Resale,Strata,36,"18,750",-,Apartment,1,Freehold,12,Rest of Central Region,01 to 05
VIIO @ BALESTIER,"925,000",473.62,"1,953",Jan-26,BALESTIER ROAD,Resale,Strata,44,"21,023",-,Apartment,1,Freehold,12,Rest of Central Region,06 to 10
NOVA 88,"1,540,000",914.94,"1,683",Jan-26,BHAMO ROAD,Resale,Strata,85,"18,118",-,Apartment,1,Freehold,12,Rest of Central Region,06 to 10
THE RIVERINE BY THE PARK,"2,750,000","1,302.44","2,111",Jan-26,KALLANG ROAD,Resale,Strata,121,"22,727",-,Apartment,1,Freehold,12,Rest of Central Region,21 to 25
RIVERBAY,"998,000",656.6,"1,520",Jan-26,MAR THOMA ROAD,Resale,Strata,61,"16,361",-,Apartment,1,999 yrs lease commencing from 1882,12,Rest of Central Region,06 to 10
OKIO,"1,040,000",592.02,"1,757",Jan-26,BALESTIER ROAD,Resale,Strata,55,"18,909",-,Apartment,1,Freehold,12,Rest of Central Region,11 to 15
THE MEZZO,"1,420,000",839.59,"1,691",Jan-26,BALESTIER ROAD,Resale,Strata,78,"18,205",-,Apartment,1,Freehold,12,Rest of Central Region,16 to 20
THE ORIE,"3,000,000","1,130.22","2,654",Jan-26,LORONG 1 TOA PAYOH,New Sale,Strata,105,"28,571",-,Condominium,1,99 yrs lease commencing from 2024,12,Rest of Central Region,26 to 30
DE ROYALE,"2,490,000","1,259.39","1,977",Dec-25,JALAN RAMA RAMA,Resale,Strata,117,"21,282",-,Condominium,1,Freehold,12,Rest of Central Region,26 to 30
THE ABERDEEN,"1,920,000","1,388.56","1,383",Dec-25,JALAN TAMAN,Resale,Strata,129,"14,884",-,Condominium,1,Freehold,12,Rest of Central Region,06 to 10
GEM RESIDENCES,"1,800,000",947.23,"1,900",Dec-25,LORONG 5 TOA PAYOH,Resale,Strata,88,"20,455",-,Condominium,1,99 yrs lease commencing from 2015,12,Rest of Central Region,01 to 05
EIGHT RIVERSUITES,"1,413,000",807.3,"1,750",Dec-25,WHAMPOA EAST,Resale,Strata,75,"18,840",-,Condominium,1,99 yrs lease commencing from 2011,12,Rest of Central Region,06 to 10
THE ORIE,"3,738,000","1,367.03","2,734",Dec-25,LORONG 1 TOA PAYOH,New Sale,Strata,127,"29,433",-,Condominium,1,99 yrs lease commencing from 2024,12,Rest of Central Region,36 to 40
SUITES @ TOPAZ,"1,355,000","1,151.75","1,176",Dec-25,TOPAZ ROAD,Resale,Strata,107,"12,664",-,Apartment,1,Freehold,12,Rest of Central Region,01 to 05
EIGHT RIVERSUITES,"1,398,000",699.66,"1,998",Dec-25,WHAMPOA EAST,Resale,Strata,65,"21,508",-,Condominium,1,99 yrs lease commencing from 2011,12,Rest of Central Region,26 to 30
VERTICUS,"1,850,000",775.01,"2,387",Dec-25,JALAN KEMAMAN,Resale,Strata,72,"25,694",-,Apartment,1,Freehold,12,Rest of Central Region,21 to 25
THE ORIE,"3,708,000","1,367.03","2,712",Dec-25,LORONG 1 TOA PAYOH,New Sale,Strata,127,"29,197",-,Condominium,1,99 yrs lease commencing from 2024,12,Rest of Central Region,36 to 40
THE ORIE,"3,728,000","1,367.03","2,727",Dec-25,LORONG 1 TOA PAYOH,New Sale,Strata,127,"29,354",-,Condominium,1,99 yrs lease commencing from 2024,12,Rest of Central Region,36 to 40
THE ORIE,"3,678,000","1,367.03","2,691",Dec-25,LORONG 1 TOA PAYOH,New Sale,Strata,127,"28,961",-,Condominium,1,99 yrs lease commencing from 2024,12,Rest of Central Region,31 to 35
LE SHANTIER,"2,600,888","1,689.95","1,539",Dec-25,SHAN ROAD,Resale,Strata,157,"16,566",-,Apartment,1,Freehold,12,Rest of Central Region,06 to 10
GEM RESIDENCES,"2,350,000","1,054.87","2,228",Dec-25,LORONG 5 TOA PAYOH,Resale,Strata,98,"23,980",-,Condominium,1,99 yrs lease commencing from 2015,12,Rest of Central Region,31 to 35
GEM RESIDENCES,"1,960,000",936.47,"2,093",Dec-25,LORONG 5 TOA PAYOH,Resale,Strata,87,"22,529",-,Condominium,1,99 yrs lease commencing from 2015,12,Rest of Central Region,11 to 15
EIGHT RIVERSUITES,"1,410,000",699.66,"2,015",Dec-25,WHAMPOA EAST,Resale,Strata,65,"21,692",-,Condominium,1,99 yrs lease commencing from 2011,12,Rest of Central Region,26 to 30
ONE ST MICHAEL'S,"1,500,000",936.47,"1,602",Dec-25,ST. MICHAEL'S ROAD,Resale,Strata,87,"17,241",-,Condominium,1,Freehold,12,Rest of Central Region,21 to 25
THE ORIE,"3,441,000","1,216.33","2,829",Dec-25,LORONG 1 TOA PAYOH,New Sale,Strata,113,"30,451",-,Condominium,1,99 yrs lease commencing from 2024,12,Rest of Central Region,36 to 40
GEM RESIDENCES,"2,020,000",936.47,"2,157",Dec-25,LORONG 5 TOA PAYOH,Resale,Strata,87,"23,218",-,Condominium,1,99 yrs lease commencing from 2015,12,Rest of Central Region,31 to 35
TREVISTA,"2,400,000","1,140.98","2,103",Dec-25,LORONG 3 TOA PAYOH,Resale,Strata,106,"22,642",-,Condominium,1,99 yrs lease commencing from 2008,12,Rest of Central Region,11 to 15
THE VERVE,"888,000",613.55,"1,447",Dec-25,JALAN RAJAH,Resale,Strata,57,"15,579",-,Apartment,1,Freehold,12,Rest of Central Region,01 to 05
OKIO,"755,000",430.56,"1,754",Dec-25,BALESTIER ROAD,Resale,Strata,40,"18,875",-,Apartment,1,Freehold,12,Rest of Central Region,11 to 15
EIGHT RIVERSUITES,"2,670,000","1,356.26","1,969",Dec-25,WHAMPOA EAST,Resale,Strata,126,"21,190",-,Condominium,1,99 yrs lease commencing from 2011,12,Rest of Central Region,21 to 25
AVA TOWERS,"1,820,000","1,173.28","1,551",Dec-25,AVA ROAD,Resale,Strata,109,"16,697",-,Apartment,1,Freehold,12,Rest of Central Region,01 to 05
EIGHT RIVERSUITES,"2,085,000","1,323.97","1,575",Dec-25,WHAMPOA EAST,Resale,Strata,123,"16,951",-,Condominium,1,99 yrs lease commencing from 2011,12,Rest of Central Region,06 to 10
THE MEZZO,"1,540,000",839.59,"1,834",Dec-25,BALESTIER ROAD,Resale,Strata,78,"19,744",-,Apartment,1,Freehold,12,Rest of Central Region,21 to 25
VERTICUS,"1,400,000",678.13,"2,064",Dec-25,JALAN KEMAMAN,Resale,Strata,63,"22,222",-,Apartment,1,Freehold,12,Rest of Central Region,06 to 10
EIGHT RIVERSUITES,"1,350,000",699.66,"1,930",Dec-25,WHAMPOA EAST,Resale,Strata,65,"20,769",-,Condominium,1,99 yrs lease commencing from 2011,12,Rest of Central Region,16 to 20
GEM RESIDENCES,"1,115,000",570.49,"1,954",Dec-25,LORONG 5 TOA PAYOH,Resale,Strata,53,"21,038",-,Condominium,1,99 yrs lease commencing from 2015,12,Rest of Central Region,31 to 35
GEM RESIDENCES,"2,718,888","1,313.21","2,070",Dec-25,LORONG 5 TOA PAYOH,Resale,Strata,122,"22,286",-,Condominium,1,99 yrs lease commencing from 2015,12,Rest of Central Region,01 to 05
THE ARCADY AT BOON KENG,"2,168,100",764.24,"2,837",Nov-25,SAINT BARNABAS LANE,New Sale,Strata,71,"30,537",-,Apartment,1,Freehold,12,Rest of Central Region,21 to 25
SUMMER GREEN,"1,838,800","1,291.68","1,424",Nov-25,BOON TECK ROAD,Resale,Strata,120,"15,323",-,Apartment,1,Freehold,12,Rest of Central Region,06 to 10
GEM RESIDENCES,"1,928,000",947.23,"2,035",Nov-25,LORONG 5 TOA PAYOH,Resale,Strata,88,"21,909",-,Condominium,1,99 yrs lease commencing from 2015,12,Rest of Central Region,11 to 15
DE ROYALE,"2,388,888","1,259.39","1,897",Nov-25,JALAN RAMA RAMA,Resale,Strata,117,"20,418",-,Condominium,1,Freehold,12,Rest of Central Region,06 to 10
KALLANG RIVERSIDE,"2,550,000","1,001.05","2,547",Nov-25,KAMPONG BUGIS,Resale,Strata,93,"27,419",-,Apartment,1,Freehold,12,Rest of Central Region,16 to 20
TREVISTA,"3,250,000","1,560.78","2,082",Nov-25,LORONG 3 TOA PAYOH,Resale,Strata,145,"22,414",-,Condominium,1,99 yrs lease commencing from 2008,12,Rest of Central Region,26 to 30
EIGHT RIVERSUITES,"1,260,000",818.06,"1,540",Nov-25,WHAMPOA EAST,Resale,Strata,76,"16,579",-,Condominium,1,99 yrs lease commencing from 2011,12,Rest of Central Region,11 to 15
EIGHT RIVERSUITES,"1,355,000",699.66,"1,937",Nov-25,WHAMPOA EAST,Resale,Strata,65,"20,846",-,Condominium,1,99 yrs lease commencing from 2011,12,Rest of Central Region,16 to 20
EIGHT RIVERSUITES,"840,000",441.32,"1,903",Nov-25,WHAMPOA EAST,Resale,Strata,41,"20,488",-,Condominium,1,99 yrs lease commencing from 2011,12,Rest of Central Region,11 to 15
ONE ST MICHAEL'S,"2,350,000","1,248.62","1,882",Nov-25,ST. MICHAEL'S ROAD,Resale,Strata,116,"20,259",-,Condominium,1,Freehold,12,Rest of Central Region,21 to 25
VISTA RESIDENCES,"2,290,000","1,205.57","1,900",Nov-25,JALAN DATOH,Resale,Strata,112,"20,446",-,Condominium,1,Freehold,12,Rest of Central Region,06 to 10
ST MICHAEL REGENCY,"1,720,000",925.7,"1,858",Nov-25,ST. MICHAEL'S ROAD,Resale,Strata,86,"20,000",-,Apartment,1,Freehold,12,Rest of Central Region,06 to 10
EIGHT RIVERSUITES,"1,580,000",936.47,"1,687",Nov-25,WHAMPOA EAST,Resale,Strata,87,"18,161",-,Condominium,1,99 yrs lease commencing from 2011,12,Rest of Central Region,01 to 05
OLEANDER TOWERS,"1,880,000","1,151.75","1,632",Nov-25,LORONG 1 TOA PAYOH,Resale,Strata,107,"17,570",-,Apartment,1,99 yrs lease commencing from 1995,12,Rest of Central Region,11 to 15
OLEANDER TOWERS,"1,900,000","1,151.75","1,650",Nov-25,LORONG 1 TOA PAYOH,Resale,Strata,107,"17,757",-,Apartment,1,99 yrs lease commencing from 1995,12,Rest of Central Region,21 to 25
RESIDENTIAL APARTMENTS,"3,020,000","1,076.4","2,806",Nov-25,JALAN RAJA UDANG,Resale,Strata,100,"30,200",-,Apartment,1,Freehold,12,Rest of Central Region,01 to 05
SUITES @ TOPAZ,"660,000",387.5,"1,703",Nov-25,TOPAZ ROAD,Resale,Strata,36,"18,333",-,Apartment,1,Freehold,12,Rest of Central Region,01 to 05
AVA TOWERS,"1,980,000","1,280.92","1,546",Nov-25,AVA ROAD,Resale,Strata,119,"16,639",-,Apartment,1,Freehold,12,Rest of Central Region,16 to 20
EIGHT RIVERSUITES,"1,393,888",699.66,"1,992",Nov-25,WHAMPOA EAST,Resale,Strata,65,"21,444",-,Condominium,1,99 yrs lease commencing from 2011,12,Rest of Central Region,21 to 25
CASA FORTUNA,"832,500",505.91,"1,646",Nov-25,AH HOOD ROAD,Resale,Strata,47,"17,713",-,Apartment,1,Freehold,12,Rest of Central Region,06 to 10
EIGHT RIVERSUITES,"1,360,000",699.66,"1,944",Nov-25,WHAMPOA EAST,Resale,Strata,65,"20,923",-,Condominium,1,99 yrs lease commencing from 2011,12,Rest of Central Region,16 to 20
KIM KEAT GARDENS,"1,400,000","1,323.97","1,057",Nov-25,KIM KEAT ROAD,Resale,Strata,123,"11,382",-,Apartment,1,99 yrs lease commencing from 2001,12,Rest of Central Region,01 to 05
OLEANDER TOWERS,"1,400,000",893.41,"1,567",Nov-25,LORONG 1 TOA PAYOH,Resale,Strata,83,"16,867",-,Apartment,1,99 yrs lease commencing from 1995,12,Rest of Central Region,16 to 20
CRADELS,"785,000",441.32,"1,779",Nov-25,LORONG LIMAU,Resale,Strata,41,"19,146",-,Apartment,1,Freehold,12,Rest of Central Region,06 to 10
D'LOTUS,"1,340,000",807.3,"1,660",Nov-25,LORONG AMPAS,Resale,Strata,75,"17,867",-,Apartment,1,Freehold,12,Rest of Central Region,06 to 10
CITY REGENCY,"785,000",484.38,"1,621",Nov-25,ST. MICHAEL'S ROAD,Resale,Strata,45,"17,444",-,Apartment,1,Freehold,12,Rest of Central Region,06 to 10
EIGHT RIVERSUITES,"1,450,000",807.3,"1,796",Nov-25,WHAMPOA EAST,Resale,Strata,75,"19,333",-,Condominium,1,99 yrs lease commencing from 2011,12,Rest of Central Region,11 to 15
THE INTERWEAVE,"670,000",376.74,"1,778",Nov-25,KIM KEAT ROAD,Resale,Strata,35,"19,143",-,Apartment,1,Freehold,12,Rest of Central Region,16 to 20
KALLANG RIVERSIDE,"2,680,000","1,140.98","2,349",Nov-25,KAMPONG BUGIS,Resale,Strata,106,"25,283",-,Apartment,1,Freehold,12,Rest of Central Region,06 to 10
OKIO,"790,000",430.56,"1,835",Nov-25,BALESTIER ROAD,Resale,Strata,40,"19,750",-,Apartment,1,Freehold,12,Rest of Central Region,16 to 20
EIGHT RIVERSUITES,"1,250,000",699.66,"1,787",Nov-25,WHAMPOA EAST,Resale,Strata,65,"19,231",-,Condominium,1,99 yrs lease commencing from 2011,12,Rest of Central Region,01 to 05
RIVIERA 38,"1,250,000",742.72,"1,683",Nov-25,MAR THOMA ROAD,Resale,Strata,69,"18,116",-,Apartment,1,999 yrs lease commencing from 1882,12,Rest of Central Region,11 to 15
CALARASI,"1,725,000","1,130.22","1,526",Nov-25,KIM KEAT LANE,Resale,Strata,105,"16,429",-,Apartment,1,Freehold,12,Rest of Central Region,06 to 10
ST MICHAEL'S PLACE,"1,805,000","1,248.62","1,446",Nov-25,JALAN TAMAN,Resale,Strata,116,"15,560",-,Apartment,1,Freehold,12,Rest of Central Region,11 to 15
VA RESIDENCES,"830,000",505.91,"1,641",Nov-25,BOON TECK ROAD,Resale,Strata,47,"17,660",-,Apartment,1,Freehold,12,Rest of Central Region,11 to 15
VIIO @ BALESTIER,"1,015,000",559.73,"1,813",Nov-25,BALESTIER ROAD,Resale,Strata,52,"19,519",-,Apartment,1,Freehold,12,Rest of Central Region,01 to 05
OPAL SUITES,"1,020,000",710.42,"1,436",Nov-25,OPAL CRESCENT,Resale,Strata,66,"15,455",-,Apartment,1,Freehold,12,Rest of Central Region,01 to 05
ONE ST MICHAEL'S,"2,238,000","1,184.04","1,890",Nov-25,ST. MICHAEL'S ROAD,Resale,Strata,110,"20,345",-,Condominium,1,Freehold,12,Rest of Central Region,16 to 20
OKIO,"1,035,000",592.02,"1,748",Nov-25,BALESTIER ROAD,Resale,Strata,55,"18,818",-,Apartment,1,Freehold,12,Rest of Central Region,16 to 20
EIGHT RIVERSUITES,"1,970,000","1,323.97","1,488",Nov-25,WHAMPOA EAST,Resale,Strata,123,"16,016",-,Condominium,1,99 yrs lease commencing from 2011,12,Rest of Central Region,06 to 10
THE CITRINE,"2,225,000","1,280.92","1,737",Nov-25,JALAN DATOH,Resale,Strata,119,"18,697",-,Apartment,1,Freehold,12,Rest of Central Region,06 to 10
THE ORIE,"4,018,000","1,453.14","2,765",Nov-25,LORONG 1 TOA PAYOH,New Sale,Strata,135,"29,763",-,Condominium,1,99 yrs lease commencing from 2024,12,Rest of Central Region,36 to 40
THE ARCADY AT BOON KENG,"3,200,000","1,194.8","2,678",Nov-25,SAINT BARNABAS LANE,New Sale,Strata,111,"28,829",-,Apartment,1,Freehold,12,Rest of Central Region,21 to 25
THE ARCADY AT BOON KENG,"2,015,000",764.24,"2,637",Nov-25,SAINT BARNABAS LANE,New Sale,Strata,71,"28,380",-,Apartment,1,Freehold,12,Rest of Central Region,06 to 10
THE MORNINGTON,"1,688,000","1,248.62","1,352",Oct-25,ST. MICHAEL'S ROAD,Resale,Strata,116,"14,552",-,Apartment,1,Freehold,12,Rest of Central Region,06 to 10
EIGHT RIVERSUITES,"2,000,000","1,194.8","1,674",Oct-25,WHAMPOA EAST,Resale,Strata,111,"18,018",-,Condominium,1,99 yrs lease commencing from 2011,12,Rest of Central Region,11 to 15
GEM RESIDENCES,"1,060,000",570.49,"1,858",Oct-25,LORONG 5 TOA PAYOH,Resale,Strata,53,"20,000",-,Condominium,1,99 yrs lease commencing from 2015,12,Rest of Central Region,06 to 10
EIGHT RIVERSUITES,"2,015,000","1,194.8","1,686",Oct-25,WHAMPOA EAST,Resale,Strata,111,"18,153",-,Condominium,1,99 yrs lease commencing from 2011,12,Rest of Central Region,11 to 15
TRELLIS TOWERS,"2,584,800","1,140.98","2,265",Oct-25,LORONG 1 TOA PAYOH,Resale,Strata,106,"24,385",-,Condominium,1,Freehold,12,Rest of Central Region,21 to 25
TOPAZ MANSIONS,"1,410,000","1,184.04","1,191",Oct-25,TOPAZ ROAD,Resale,Strata,110,"12,818",-,Apartment,1,Freehold,12,Rest of Central Region,01 to 05
TREVISTA,"1,880,000",925.7,"2,031",Oct-25,LORONG 3 TOA PAYOH,Resale,Strata,86,"21,860",-,Condominium,1,99 yrs lease commencing from 2008,12,Rest of Central Region,36 to 40
THE ORIE,"4,030,000","1,453.14","2,773",Oct-25,LORONG 1 TOA PAYOH,New Sale,Strata,135,"29,852",-,Condominium,1,99 yrs lease commencing from 2024,12,Rest of Central Region,36 to 40
OLEANDER TOWERS,"2,600,000","1,819.12","1,429",Oct-25,LORONG 1 TOA PAYOH,Resale,Strata,169,"15,385",-,Apartment,1,99 yrs lease commencing from 1995,12,Rest of Central Region,01 to 05
VISTA RESIDENCES,"3,100,000","1,420.85","2,182",Oct-25,JALAN DATOH,Resale,Strata,132,"23,485",-,Condominium,1,Freehold,12,Rest of Central Region,26 to 30
ONE DUSUN RESIDENCES,"1,800,000",947.23,"1,900",Oct-25,JALAN DUSUN,Resale,Strata,88,"20,455",-,Apartment,1,Freehold,12,Rest of Central Region,26 to 30
THE ORIE,"3,972,000","1,453.14","2,733",Oct-25,LORONG 1 TOA PAYOH,New Sale,Strata,135,"29,422",-,Condominium,1,99 yrs lease commencing from 2024,12,Rest of Central Region,31 to 35
CHELSEA GROVE,"1,840,000","1,496.2","1,230",Oct-25,MARTABAN ROAD,Resale,Strata,139,"13,237",-,Apartment,1,Freehold,12,Rest of Central Region,01 to 05
OLEANDER TOWERS,"2,408,000","1,463.9","1,645",Oct-25,LORONG 1 TOA PAYOH,Resale,Strata,136,"17,706",-,Apartment,1,99 yrs lease commencing from 1995,12,Rest of Central Region,06 to 10
BEACON HEIGHTS,"1,038,000",667.37,"1,555",Oct-25,MAR THOMA ROAD,Resale,Strata,62,"16,742",-,Condominium,1,999 yrs lease commencing from 1882,12,Rest of Central Region,16 to 20
8 RAJA,"2,510,000","1,571.54","1,597",Oct-25,JALAN RAJA UDANG,Resale,Strata,146,"17,192",-,Apartment,1,Freehold,12,Rest of Central Region,11 to 15
THE VIRIDIAN,"1,510,000",893.41,"1,690",Oct-25,JALAN AMPAS,Resale,Strata,83,"18,193",-,Apartment,1,Freehold,12,Rest of Central Region,11 to 15
ONE DUSUN RESIDENCES,"940,000",527.44,"1,782",Oct-25,JALAN DUSUN,Resale,Strata,49,"19,184",-,Apartment,1,Freehold,12,Rest of Central Region,11 to 15
CASA IRRAWADDY,"1,580,000",893.41,"1,769",Oct-25,IRRAWADDY ROAD,Resale,Strata,83,"19,036",-,Apartment,1,Freehold,12,Rest of Central Region,06 to 10
THE ORIE,"3,698,000","1,367.03","2,705",Oct-25,LORONG 1 TOA PAYOH,New Sale,Strata,127,"29,118",-,Condominium,1,99 yrs lease commencing from 2024,12,Rest of Central Region,36 to 40
THE ORIE,"2,992,000","1,130.22","2,647",Oct-25,LORONG 1 TOA PAYOH,New Sale,Strata,105,"28,495",-,Condominium,1,99 yrs lease commencing from 2024,12,Rest of Central Region,26 to 30
THE ORIE,"3,688,000","1,367.03","2,698",Oct-25,LORONG 1 TOA PAYOH,New Sale,Strata,127,"29,039",-,Condominium,1,99 yrs lease commencing from 2024,12,Rest of Central Region,31 to 35
NEEM TREE,"1,120,000",624.31,"1,794",Oct-25,JALAN KEMAMAN,Resale,Strata,58,"19,310",-,Apartment,1,Freehold,12,Rest of Central Region,16 to 20
ASCENT @ 456,"1,088,000",688.9,"1,579",Oct-25,BALESTIER ROAD,Resale,Strata,64,"17,000",-,Apartment,1,Freehold,12,Rest of Central Region,06 to 10
BALESTIER POINT,"1,520,000","1,130.22","1,345",Oct-25,BALESTIER ROAD,Resale,Strata,105,"14,476",-,Apartment,1,Freehold,12,Rest of Central Region,11 to 15
PARC HAVEN,"1,550,000","1,011.82","1,532",Oct-25,LORONG LIMAU,Resale,Strata,94,"16,489",-,Apartment,1,Freehold,12,Rest of Central Region,06 to 10
RIVERBAY,"798,000",516.67,"1,545",Oct-25,MAR THOMA ROAD,Resale,Strata,48,"16,625",-,Apartment,1,999 yrs lease commencing from 1882,12,Rest of Central Region,21 to 25
OLEANDER TOWERS,"2,300,000","1,453.14","1,583",Oct-25,LORONG 1 TOA PAYOH,Resale,Strata,135,"17,037",-,Apartment,1,99 yrs lease commencing from 1995,12,Rest of Central Region,06 to 10
THE ORIE,"3,668,000","1,367.03","2,683",Oct-25,LORONG 1 TOA PAYOH,New Sale,Strata,127,"28,882",-,Condominium,1,99 yrs lease commencing from 2024,12,Rest of Central Region,31 to 35
EIGHT RIVERSUITES,"1,346,000",699.66,"1,924",Oct-25,WHAMPOA EAST,Resale,Strata,65,"20,708",-,Condominium,1,99 yrs lease commencing from 2011,12,Rest of Central Region,11 to 15
THE ORIE,"3,658,000","1,367.03","2,676",Oct-25,LORONG 1 TOA PAYOH,New Sale,Strata,127,"28,803",-,Condominium,1,99 yrs lease commencing from 2024,12,Rest of Central Region,31 to 35
NOVA 48,"1,490,000",861.12,"1,730",Oct-25,PROME ROAD,Resale,Strata,80,"18,625",-,Apartment,1,Freehold,12,Rest of Central Region,01 to 05
THE ORIE,"3,405,000","1,216.33","2,799",Oct-25,LORONG 1 TOA PAYOH,New Sale,Strata,113,"30,133",-,Condominium,1,99 yrs lease commencing from 2024,12,Rest of Central Region,36 to 40
THE ORIE,"3,423,000","1,216.33","2,814",Oct-25,LORONG 1 TOA PAYOH,New Sale,Strata,113,"30,292",-,Condominium,1,99 yrs lease commencing from 2024,12,Rest of Central Region,36 to 40
VISTA RESIDENCES,"2,500,000","1,173.28","2,131",Oct-25,JALAN DATOH,Resale,Strata,109,"22,936",-,Condominium,1,Freehold,12,Rest of Central Region,16 to 20
GEM RESIDENCES,"1,501,800",775.01,"1,938",Oct-25,LORONG 5 TOA PAYOH,Resale,Strata,72,"20,858",-,Condominium,1,99 yrs lease commencing from 2015,12,Rest of Central Region,21 to 25
BALESTIER POINT,"1,900,000","1,636.13","1,161",Oct-25,BALESTIER ROAD,Resale,Strata,152,"12,500",-,Apartment,1,Freehold,12,Rest of Central Region,06 to 10
GEM RESIDENCES,"2,200,000","1,011.82","2,174",Oct-25,LORONG 5 TOA PAYOH,Resale,Strata,94,"23,404",-,Condominium,1,99 yrs lease commencing from 2015,12,Rest of Central Region,31 to 35
PARC HAVEN,"1,070,906",688.9,"1,555",Oct-25,LORONG LIMAU,Resale,Strata,64,"16,733",-,Apartment,1,Freehold,12,Rest of Central Region,06 to 10
THE ORIE,"1,834,000",645.84,"2,840",Oct-25,LORONG 1 TOA PAYOH,New Sale,Strata,60,"30,567",-,Condominium,1,99 yrs lease commencing from 2024,12,Rest of Central Region,11 to 15
THE ORIE,"3,648,000","1,367.03","2,669",Oct-25,LORONG 1 TOA PAYOH,New Sale,Strata,127,"28,724",-,Condominium,1,99 yrs lease commencing from 2024,12,Rest of Central Region,31 to 35
MOONSTONE RESIDENCES,"1,890,000","1,237.86","1,527",Oct-25,MOONSTONE LANE,Resale,Strata,115,"16,435",-,Apartment,1,Freehold,12,Rest of Central Region,06 to 10
RIVERBAY,"1,578,000",925.7,"1,705",Oct-25,MAR THOMA ROAD,Resale,Strata,86,"18,349",-,Apartment,1,999 yrs lease commencing from 1882,12,Rest of Central Region,21 to 25
THE ARCADY AT BOON KENG,"1,993,000",764.24,"2,608",Oct-25,SAINT BARNABAS LANE,New Sale,Strata,71,"28,070",-,Apartment,1,Freehold,12,Rest of Central Region,06 to 10
EIGHT RIVERSUITES,"1,858,000","1,033.34","1,798",Oct-25,WHAMPOA EAST,Resale,Strata,96,"19,354",-,Condominium,1,99 yrs lease commencing from 2011,12,Rest of Central Region,06 to 10
GEM RESIDENCES,"2,828,888","1,313.21","2,154",Sep-25,LORONG 5 TOA PAYOH,Resale,Strata,122,"23,188",-,Condominium,1,99 yrs lease commencing from 2015,12,Rest of Central Region,16 to 20
REGENT RESIDENCES,"1,390,000",818.06,"1,699",Sep-25,SERANGOON ROAD,Resale,Strata,76,"18,289",-,Apartment,1,Freehold,12,Rest of Central Region,16 to 20
GEM RESIDENCES,"1,500,000",775.01,"1,935",Sep-25,LORONG 5 TOA PAYOH,Resale,Strata,72,"20,833",-,Condominium,1,99 yrs lease commencing from 2015,12,Rest of Central Region,31 to 35
EIGHT RIVERSUITES,"2,050,000","1,194.8","1,716",Sep-25,WHAMPOA EAST,Resale,Strata,111,"18,468",-,Condominium,1,99 yrs lease commencing from 2011,12,Rest of Central Region,21 to 25
TRELLIS TOWERS,"1,020,000",548.96,"1,858",Sep-25,LORONG 1 TOA PAYOH,Resale,Strata,51,"20,000",-,Condominium,1,Freehold,12,Rest of Central Region,06 to 10
THE MARQUE @ IRRAWADDY,"1,690,000","1,033.34","1,635",Sep-25,SHAN ROAD,Resale,Strata,96,"17,604",-,Apartment,1,Freehold,12,Rest of Central Region,11 to 15
EIGHT RIVERSUITES,"1,300,000",807.3,"1,610",Sep-25,WHAMPOA EAST,Resale,Strata,75,"17,333",-,Condominium,1,99 yrs lease commencing from 2011,12,Rest of Central Region,06 to 10
BEACON HEIGHTS,"1,740,000","1,108.69","1,569",Sep-25,MAR THOMA ROAD,Resale,Strata,103,"16,893",-,Condominium,1,999 yrs lease commencing from 1882,12,Rest of Central Region,16 to 20
SUMMER GREEN,"1,800,000","1,291.68","1,394",Sep-25,BOON TECK ROAD,Resale,Strata,120,"15,000",-,Apartment,1,Freehold,12,Rest of Central Region,06 to 10
SHAW PLAZA - TWIN HEIGHTS,"2,520,000","1,420.85","1,774",Sep-25,BALESTIER ROAD,Resale,Strata,132,"19,091",-,Apartment,1,Freehold,12,Rest of Central Region,11 to 15
NOVA 48,"2,080,000","1,151.75","1,806",Sep-25,PROME ROAD,Resale,Strata,107,"19,439",-,Apartment,1,Freehold,12,Rest of Central Region,06 to 10
CITY REGENCY,"750,000",484.38,"1,548",Sep-25,ST. MICHAEL'S ROAD,Resale,Strata,45,"16,667",-,Apartment,1,Freehold,12,Rest of Central Region,01 to 05
THE ORIE,"3,952,000","1,453.14","2,720",Sep-25,LORONG 1 TOA PAYOH,New Sale,Strata,135,"29,274",-,Condominium,1,99 yrs lease commencing from 2024,12,Rest of Central Region,31 to 35
TREVISTA,"2,460,000","1,130.22","2,177",Sep-25,LORONG 3 TOA PAYOH,Resale,Strata,105,"23,429",-,Condominium,1,99 yrs lease commencing from 2008,12,Rest of Central Region,31 to 35
EIGHT RIVERSUITES,"1,350,000",699.66,"1,930",Sep-25,WHAMPOA EAST,Resale,Strata,65,"20,769",-,Condominium,1,99 yrs lease commencing from 2011,12,Rest of Central Region,21 to 25
D'LOTUS,"1,750,000","1,065.64","1,642",Sep-25,LORONG AMPAS,Resale,Strata,99,"17,677",-,Apartment,1,Freehold,12,Rest of Central Region,11 to 15
EIGHT RIVERSUITES,"1,630,000",936.47,"1,741",Sep-25,WHAMPOA EAST,Resale,Strata,87,"18,736",-,Condominium,1,99 yrs lease commencing from 2011,12,Rest of Central Region,06 to 10
VETRO,"938,000",613.55,"1,529",Sep-25,MAR THOMA ROAD,Resale,Strata,57,"16,456",-,Apartment,1,999 yrs lease commencing from 1882,12,Rest of Central Region,11 to 15
KALLANG RIVERSIDE,"2,525,000","1,001.05","2,522",Sep-25,KAMPONG BUGIS,Resale,Strata,93,"27,151",-,Apartment,1,Freehold,12,Rest of Central Region,11 to 15
IRESIDENCES,"2,650,000","1,345.5","1,970",Sep-25,IRRAWADDY ROAD,Resale,Strata,125,"21,200",-,Apartment,1,Freehold,12,Rest of Central Region,21 to 25
RIVIERA 38,"1,160,000",742.72,"1,562",Sep-25,MAR THOMA ROAD,Resale,Strata,69,"16,812",-,Apartment,1,999 yrs lease commencing from 1882,12,Rest of Central Region,06 to 10
M66,"2,030,000","1,539.25","1,319",Sep-25,MOONSTONE LANE,Resale,Strata,143,"14,196",-,Apartment,1,Freehold,12,Rest of Central Region,01 to 05
MOONSTONE VIEW,"1,820,000","1,237.86","1,470",Sep-25,MOONSTONE LANE,Resale,Strata,115,"15,826",-,Apartment,1,Freehold,12,Rest of Central Region,01 to 05
TREVISTA,"1,780,000",893.41,"1,992",Sep-25,LORONG 3 TOA PAYOH,Resale,Strata,83,"21,446",-,Condominium,1,99 yrs lease commencing from 2008,12,Rest of Central Region,31 to 35
AIRSTREAM,"740,000",473.62,"1,562",Sep-25,ST. MICHAEL'S ROAD,Resale,Strata,44,"16,818",-,Apartment,1,Freehold,12,Rest of Central Region,01 to 05
TREVISTA,"3,268,000","1,733","1,886",Sep-25,LORONG 3 TOA PAYOH,Resale,Strata,161,"20,298",-,Condominium,1,99 yrs lease commencing from 2008,12,Rest of Central Region,11 to 15
BEACON HEIGHTS,"1,410,000",925.7,"1,523",Sep-25,MAR THOMA ROAD,Resale,Strata,86,"16,395",-,Condominium,1,999 yrs lease commencing from 1882,12,Rest of Central Region,01 to 05
THE ARTE,"3,689,000","2,647.94","1,393",Sep-25,JALAN RAJA UDANG,Resale,Strata,246,"14,996",-,Condominium,1,Freehold,12,Rest of Central Region,31 to 35
THE ORIE,"3,638,000","1,367.03","2,661",Sep-25,LORONG 1 TOA PAYOH,New Sale,Strata,127,"28,646",-,Condominium,1,99 yrs lease commencing from 2024,12,Rest of Central Region,26 to 30
D'MIRA,"2,600,000","1,506.96","1,725",Sep-25,BOON TECK ROAD,Resale,Strata,140,"18,571",-,Apartment,1,Freehold,12,Rest of Central Region,11 to 15
JUI RESIDENCES,"1,357,800",699.66,"1,941",Sep-25,SERANGOON ROAD,Resale,Strata,65,"20,889",-,Apartment,1,Freehold,12,Rest of Central Region,06 to 10
VISTA RESIDENCES,"2,350,000","1,151.75","2,040",Sep-25,JALAN DATOH,Resale,Strata,107,"21,963",-,Condominium,1,Freehold,12,Rest of Central Region,01 to 05
THE TIER,"860,000",538.2,"1,598",Sep-25,PEGU ROAD,Resale,Strata,50,"17,200",-,Apartment,1,Freehold,12,Rest of Central Region,06 to 10
PAPILLON,"1,856,000","1,227.1","1,513",Sep-25,JALAN RAMA RAMA,Resale,Strata,114,"16,281",-,Apartment,1,Freehold,12,Rest of Central Region,11 to 15
GEM RESIDENCES,"2,650,000","1,248.62","2,122",Sep-25,LORONG 5 TOA PAYOH,Resale,Strata,116,"22,845",-,Condominium,1,99 yrs lease commencing from 2015,12,Rest of Central Region,06 to 10
CITY REGENCY,"743,000",484.38,"1,534",Sep-25,ST. MICHAEL'S ROAD,Resale,Strata,45,"16,511",-,Apartment,1,Freehold,12,Rest of Central Region,11 to 15
THE ARCADY AT BOON KENG,"2,456,000",968.76,"2,535",Sep-25,SAINT BARNABAS LANE,New Sale,Strata,90,"27,289",-,Apartment,1,Freehold,12,Rest of Central Region,06 to 10
GEM RESIDENCES,"2,080,000","1,011.82","2,056",Sep-25,LORONG 5 TOA PAYOH,Resale,Strata,94,"22,128",-,Condominium,1,99 yrs lease commencing from 2015,12,Rest of Central Region,11 to 15
BEACON HEIGHTS,"1,700,000","1,076.4","1,579",Sep-25,MAR THOMA ROAD,Resale,Strata,100,"17,000",-,Condominium,1,999 yrs lease commencing from 1882,12,Rest of Central Region,06 to 10
AIRSTREAM,"720,000",473.62,"1,520",Sep-25,ST. MICHAEL'S ROAD,Resale,Strata,44,"16,364",-,Apartment,1,Freehold,12,Rest of Central Region,01 to 05
RIVERSIDE MELODIES,"2,428,000","1,420.85","1,709",Sep-25,ST. MICHAEL'S ROAD,Resale,Strata,132,"18,394",-,Apartment,1,Freehold,12,Rest of Central Region,11 to 15
THE VERVE,"760,000",441.32,"1,722",Aug-25,JALAN RAJAH,Resale,Strata,41,"18,537",-,Apartment,1,Freehold,12,Rest of Central Region,11 to 15
DE ROYALE,"2,340,000","1,259.39","1,858",Aug-25,JALAN RAMA RAMA,Resale,Strata,117,"20,000",-,Condominium,1,Freehold,12,Rest of Central Region,01 to 05
RESIDENTIAL APARTMENTS,"6,500,000","1,737.31","3,741",Aug-25,KIM KEAT ROAD,Resale,Land,161.4,"40,273",-,Apartment,1,Freehold,12,Rest of Central Region,01 to 05
TRELLIS TOWERS,"3,090,000","1,485.43","2,080",Aug-25,LORONG 1 TOA PAYOH,Resale,Strata,138,"22,391",-,Condominium,1,Freehold,12,Rest of Central Region,21 to 25
THE RIVERINE BY THE PARK,"1,750,000",979.52,"1,787",Aug-25,KALLANG ROAD,Resale,Strata,91,"19,231",-,Apartment,1,Freehold,12,Rest of Central Region,06 to 10
VISTA RESIDENCES,"2,520,000","1,194.8","2,109",Aug-25,JALAN DATOH,Resale,Strata,111,"22,703",-,Condominium,1,Freehold,12,Rest of Central Region,21 to 25
JUI RESIDENCES,"1,340,000",710.42,"1,886",Aug-25,SERANGOON ROAD,Resale,Strata,66,"20,303",-,Apartment,1,Freehold,12,Rest of Central Region,06 to 10
THE ORIE,"3,628,000","1,367.03","2,654",Aug-25,LORONG 1 TOA PAYOH,New Sale,Strata,127,"28,567",-,Condominium,1,99 yrs lease commencing from 2024,12,Rest of Central Region,26 to 30
THE ORIE,"3,562,000","1,367.03","2,606",Aug-25,LORONG 1 TOA PAYOH,New Sale,Strata,127,"28,047",-,Condominium,1,99 yrs lease commencing from 2024,12,Rest of Central Region,21 to 25
OKIO,"968,000",570.49,"1,697",Aug-25,BALESTIER ROAD,Resale,Strata,53,"18,264",-,Apartment,1,Freehold,12,Rest of Central Region,06 to 10
EIGHT RIVERSUITES,"1,755,000",936.47,"1,874",Aug-25,WHAMPOA EAST,Resale,Strata,87,"20,172",-,Condominium,1,99 yrs lease commencing from 2011,12,Rest of Central Region,21 to 25
RAJAH TOWERS,"2,965,000","2,088.22","1,420",Aug-25,JALAN RAJAH,Resale,Strata,194,"15,284",-,Apartment,1,Freehold,12,Rest of Central Region,11 to 15
EIGHT RIVERSUITES,"1,942,500","1,194.8","1,626",Aug-25,WHAMPOA EAST,Resale,Strata,111,"17,500",-,Condominium,1,99 yrs lease commencing from 2011,12,Rest of Central Region,06 to 10
GLOBAL VILLE,"970,000",678.13,"1,430",Aug-25,JALAN RAJA UDANG,Resale,Strata,63,"15,397",-,Apartment,1,Freehold,12,Rest of Central Region,16 to 20
RIVERBAY,"1,543,888",947.23,"1,630",Aug-25,MAR THOMA ROAD,Resale,Strata,88,"17,544",-,Apartment,1,999 yrs lease commencing from 1882,12,Rest of Central Region,16 to 20
KALLANG RIVERSIDE,"1,168,000",516.67,"2,261",Aug-25,KAMPONG BUGIS,Resale,Strata,48,"24,333",-,Apartment,1,Freehold,12,Rest of Central Region,11 to 15
EIGHT RIVERSUITES,"1,398,000",699.66,"1,998",Aug-25,WHAMPOA EAST,Resale,Strata,65,"21,508",-,Condominium,1,99 yrs lease commencing from 2011,12,Rest of Central Region,26 to 30
DE ROYALE,"1,830,000","1,054.87","1,735",Aug-25,JALAN RAMA RAMA,Resale,Strata,98,"18,673",-,Condominium,1,Freehold,12,Rest of Central Region,01 to 05
THE ORIE,"3,617,000","1,367.03","2,646",Aug-25,LORONG 1 TOA PAYOH,New Sale,Strata,127,"28,480",-,Condominium,1,99 yrs lease commencing from 2024,12,Rest of Central Region,26 to 30
CRADELS,"980,000",581.26,"1,686",Aug-25,LORONG LIMAU,Resale,Strata,54,"18,148",-,Apartment,1,Freehold,12,Rest of Central Region,11 to 15
D'LOTUS,"1,750,000","1,065.64","1,642",Aug-25,LORONG AMPAS,Resale,Strata,99,"17,677",-,Apartment,1,Freehold,12,Rest of Central Region,11 to 15
THE ARCADY AT BOON KENG,"2,598,000",979.52,"2,652",Aug-25,SAINT BARNABAS LANE,New Sale,Strata,91,"28,549",-,Apartment,1,Freehold,12,Rest of Central Region,11 to 15
DOMUS,"1,660,000","1,001.05","1,658",Aug-25,IRRAWADDY ROAD,Resale,Strata,93,"17,849",-,Apartment,1,Freehold,12,Rest of Central Region,11 to 15
ST FRANCIS COURT,"1,508,000","1,270.15","1,187",Aug-25,ST. FRANCIS ROAD,Resale,Strata,118,"12,780",-,Apartment,1,99 yrs lease commencing from 1992,12,Rest of Central Region,06 to 10
CASA FORTUNA,"835,000",505.91,"1,650",Aug-25,AH HOOD ROAD,Resale,Strata,47,"17,766",-,Apartment,1,Freehold,12,Rest of Central Region,16 to 20
THE ARCADY AT BOON KENG,"2,600,000",968.76,"2,684",Aug-25,SAINT BARNABAS LANE,New Sale,Strata,90,"28,889",-,Apartment,1,Freehold,12,Rest of Central Region,11 to 15
THE ARTE,"2,965,000","1,528.49","1,940",Aug-25,JALAN RAJA UDANG,Resale,Strata,142,"20,880",-,Condominium,1,Freehold,12,Rest of Central Region,26 to 30
OKIO,"763,000",419.8,"1,818",Aug-25,BALESTIER ROAD,Resale,Strata,39,"19,564",-,Apartment,1,Freehold,12,Rest of Central Region,06 to 10
EIGHT RIVERSUITES,"1,680,000",936.47,"1,794",Aug-25,WHAMPOA EAST,Resale,Strata,87,"19,310",-,Condominium,1,99 yrs lease commencing from 2011,12,Rest of Central Region,11 to 15
SCENIC HEIGHTS,"2,200,000","1,377.79","1,597",Aug-25,BALESTIER ROAD,Resale,Strata,128,"17,188",-,Apartment,1,Freehold,12,Rest of Central Region,01 to 05
ASCENT @ 456,"1,020,000",688.9,"1,481",Aug-25,BALESTIER ROAD,Resale,Strata,64,"15,938",-,Apartment,1,Freehold,12,Rest of Central Region,01 to 05
CRADELS,"775,000",441.32,"1,756",Aug-25,LORONG LIMAU,Resale,Strata,41,"18,902",-,Apartment,1,Freehold,12,Rest of Central Region,11 to 15
CITY REGENCY,"1,325,000",871.88,"1,520",Aug-25,ST. MICHAEL'S ROAD,Resale,Strata,81,"16,358",-,Apartment,1,Freehold,12,Rest of Central Region,01 to 05
BEACON HEIGHTS,"1,850,000","1,108.69","1,669",Aug-25,MAR THOMA ROAD,Resale,Strata,103,"17,961",-,Condominium,1,999 yrs lease commencing from 1882,12,Rest of Central Region,16 to 20
CRADELS,"800,000",441.32,"1,813",Aug-25,LORONG LIMAU,Resale,Strata,41,"19,512",-,Apartment,1,Freehold,12,Rest of Central Region,16 to 20
EIGHT RIVERSUITES,"1,448,000",807.3,"1,794",Aug-25,WHAMPOA EAST,Resale,Strata,75,"19,307",-,Condominium,1,99 yrs lease commencing from 2011,12,Rest of Central Region,16 to 20
JUI RESIDENCES,"1,910,000",947.23,"2,016",Aug-25,SERANGOON ROAD,Resale,Strata,88,"21,705",-,Apartment,1,Freehold,12,Rest of Central Region,16 to 20
THE MEZZO,"1,700,000","1,625.36","1,046",Aug-25,BALESTIER ROAD,Resale,Strata,151,"11,258",-,Apartment,1,Freehold,12,Rest of Central Region,26 to 30
SKYSUITES17,"1,170,000",613.55,"1,907",Aug-25,JALAN RAJAH,Resale,Strata,57,"20,526",-,Apartment,1,Freehold,12,Rest of Central Region,26 to 30
TREVISTA,"2,400,000","1,108.69","2,165",Aug-25,LORONG 3 TOA PAYOH,Resale,Strata,103,"23,301",-,Condominium,1,99 yrs lease commencing from 2008,12,Rest of Central Region,21 to 25
THE ARTE,"2,850,000","1,399.32","2,037",Aug-25,JALAN RAJA UDANG,Resale,Strata,130,"21,923",-,Condominium,1,Freehold,12,Rest of Central Region,16 to 20
EIGHT RIVERSUITES,"1,760,000",936.47,"1,879",Aug-25,WHAMPOA EAST,Resale,Strata,87,"20,230",-,Condominium,1,99 yrs lease commencing from 2011,12,Rest of Central Region,21 to 25
SUNVILLE,"1,368,888",936.47,"1,462",Aug-25,ST. MICHAEL'S ROAD,Resale,Strata,87,"15,734",-,Apartment,1,Freehold,12,Rest of Central Region,06 to 10
DOMUS,"2,650,000","1,367.03","1,939",Aug-25,IRRAWADDY ROAD,Resale,Strata,127,"20,866",-,Apartment,1,Freehold,12,Rest of Central Region,11 to 15
EIGHT RIVERSUITES,"2,045,000","1,076.4","1,900",Jul-25,WHAMPOA EAST,Resale,Strata,100,"20,450",-,Condominium,1,99 yrs lease commencing from 2011,12,Rest of Central Region,16 to 20
THE ORIE,"4,050,000","1,453.14","2,787",Jul-25,LORONG 1 TOA PAYOH,New Sale,Strata,135,"30,000",-,Condominium,1,99 yrs lease commencing from 2024,12,Rest of Central Region,36 to 40
VISTA RESIDENCES,"2,500,000","1,205.57","2,074",Jul-25,JALAN DATOH,Resale,Strata,112,"22,321",-,Condominium,1,Freehold,12,Rest of Central Region,06 to 10
GEM RESIDENCES,"1,700,000",947.23,"1,795",Jul-25,LORONG 5 TOA PAYOH,Resale,Strata,88,"19,318",-,Condominium,1,99 yrs lease commencing from 2015,12,Rest of Central Region,01 to 05
THE CALLISTA,"1,730,000","1,302.44","1,328",Jul-25,MAR THOMA ROAD,Resale,Strata,121,"14,298",-,Apartment,1,999 yrs lease commencing from 1882,12,Rest of Central Region,01 to 05
CASA FORTUNA,"978,888",710.42,"1,378",Jul-25,AH HOOD ROAD,Resale,Strata,66,"14,832",-,Apartment,1,Freehold,12,Rest of Central Region,06 to 10
SHAW PLAZA - TWIN HEIGHTS,"2,408,000","1,420.85","1,695",Jul-25,BALESTIER ROAD,Resale,Strata,132,"18,242",-,Apartment,1,Freehold,12,Rest of Central Region,16 to 20
TREVISTA,"3,230,000","1,560.78","2,069",Jul-25,LORONG 3 TOA PAYOH,Resale,Strata,145,"22,276",-,Condominium,1,99 yrs lease commencing from 2008,12,Rest of Central Region,26 to 30
GEM RESIDENCES,"1,688,888",979.52,"1,724",Jul-25,LORONG 5 TOA PAYOH,Resale,Strata,91,"18,559",-,Condominium,1,99 yrs lease commencing from 2015,12,Rest of Central Region,06 to 10
PRESTIGE HEIGHTS,"760,000",430.56,"1,765",Jul-25,BALESTIER ROAD,Resale,Strata,40,"19,000",-,Apartment,1,Freehold,12,Rest of Central Region,16 to 20
BEACON HEIGHTS,"1,740,000","1,065.64","1,633",Jul-25,MAR THOMA ROAD,Resale,Strata,99,"17,576",-,Condominium,1,999 yrs lease commencing from 1882,12,Rest of Central Region,11 to 15
OLEANDER TOWERS,"1,800,000","1,151.75","1,563",Jul-25,LORONG 1 TOA PAYOH,Resale,Strata,107,"16,822",-,Apartment,1,99 yrs lease commencing from 1995,12,Rest of Central Region,11 to 15
THE INTERWEAVE,"700,000",387.5,"1,806",Jul-25,KIM KEAT ROAD,Resale,Strata,36,"19,444",-,Apartment,1,Freehold,12,Rest of Central Region,16 to 20
GEM RESIDENCES,"2,138,888","1,011.82","2,114",Jul-25,LORONG 5 TOA PAYOH,Resale,Strata,94,"22,754",-,Condominium,1,99 yrs lease commencing from 2015,12,Rest of Central Region,26 to 30
BLISS LOFT,"725,000",452.09,"1,604",Jul-25,KIM KEAT CLOSE,Resale,Strata,42,"17,262",-,Apartment,1,Freehold,12,Rest of Central Region,11 to 15
BEACON HEIGHTS,"1,675,000","1,108.69","1,511",Jul-25,MAR THOMA ROAD,Resale,Strata,103,"16,262",-,Condominium,1,999 yrs lease commencing from 1882,12,Rest of Central Region,16 to 20
ST MICHAEL REGENCY,"1,508,888",925.7,"1,630",Jul-25,ST. MICHAEL'S ROAD,Resale,Strata,86,"17,545",-,Apartment,1,Freehold,12,Rest of Central Region,11 to 15
BEACON HEIGHTS,"940,000",667.37,"1,409",Jul-25,MAR THOMA ROAD,Resale,Strata,62,"15,161",-,Condominium,1,999 yrs lease commencing from 1882,12,Rest of Central Region,01 to 05
DE PARADISO,"1,800,888","1,130.22","1,593",Jul-25,MARTABAN ROAD,Resale,Strata,105,"17,151",-,Apartment,1,Freehold,12,Rest of Central Region,06 to 10
DOMUS,"2,730,000","1,367.03","1,997",Jul-25,IRRAWADDY ROAD,Resale,Strata,127,"21,496",-,Apartment,1,Freehold,12,Rest of Central Region,21 to 25
THE ORIE,"3,595,000","1,367.03","2,630",Jul-25,LORONG 1 TOA PAYOH,New Sale,Strata,127,"28,307",-,Condominium,1,99 yrs lease commencing from 2024,12,Rest of Central Region,26 to 30
RIVIERA 38,"880,000",548.96,"1,603",Jul-25,MAR THOMA ROAD,Resale,Strata,51,"17,255",-,Apartment,1,999 yrs lease commencing from 1882,12,Rest of Central Region,16 to 20
THE RICHMOND,"1,950,000","1,248.62","1,562",Jul-25,ST. MICHAEL'S ROAD,Resale,Strata,116,"16,810",-,Apartment,1,Freehold,12,Rest of Central Region,01 to 05
EIGHT RIVERSUITES,"824,000",441.32,"1,867",Jul-25,WHAMPOA EAST,Resale,Strata,41,"20,098",-,Condominium,1,99 yrs lease commencing from 2011,12,Rest of Central Region,16 to 20
OKIO,"810,000",430.56,"1,881",Jul-25,BALESTIER ROAD,Resale,Strata,40,"20,250",-,Apartment,1,Freehold,12,Rest of Central Region,11 to 15
M66,"1,520,000","1,356.26","1,121",Jul-25,MOONSTONE LANE,Resale,Strata,126,"12,063",-,Apartment,1,Freehold,12,Rest of Central Region,01 to 05
EIGHT RIVERSUITES,"844,888",441.32,"1,914",Jul-25,WHAMPOA EAST,Resale,Strata,41,"20,607",-,Condominium,1,99 yrs lease commencing from 2011,12,Rest of Central Region,21 to 25
THE ORIE,"3,930,000","1,453.14","2,704",Jul-25,LORONG 1 TOA PAYOH,New Sale,Strata,135,"29,111",-,Condominium,1,99 yrs lease commencing from 2024,12,Rest of Central Region,31 to 35
TREVISTA,"3,250,000","1,700.71","1,911",Jul-25,LORONG 3 TOA PAYOH,Resale,Strata,158,"20,570",-,Condominium,1,99 yrs lease commencing from 2008,12,Rest of Central Region,06 to 10
CRADELS,"1,160,800",667.37,"1,739",Jul-25,LORONG LIMAU,Resale,Strata,62,"18,723",-,Apartment,1,Freehold,12,Rest of Central Region,06 to 10
THE ORIE,"2,984,000","1,130.22","2,640",Jul-25,LORONG 1 TOA PAYOH,New Sale,Strata,105,"28,419",-,Condominium,1,99 yrs lease commencing from 2024,12,Rest of Central Region,21 to 25
EIGHT RIVERSUITES,"866,800",441.32,"1,964",Jul-25,WHAMPOA EAST,Resale,Strata,41,"21,141",-,Condominium,1,99 yrs lease commencing from 2011,12,Rest of Central Region,21 to 25
VERTICUS,"1,790,000",775.01,"2,310",Jul-25,JALAN KEMAMAN,Resale,Strata,72,"24,861",-,Apartment,1,Freehold,12,Rest of Central Region,11 to 15
AVA TOWERS,"1,930,000","1,227.1","1,573",Jul-25,AVA ROAD,Resale,Strata,114,"16,930",-,Apartment,1,Freehold,12,Rest of Central Region,16 to 20
EASTPAC BUILDING,"2,000,000","1,980.58","1,010",Jul-25,BALESTIER ROAD,Resale,Strata,184,"10,870",-,Apartment,1,Freehold,12,Rest of Central Region,01 to 05
RIVERBAY,"1,030,000",656.6,"1,569",Jul-25,MAR THOMA ROAD,Resale,Strata,61,"16,885",-,Apartment,1,999 yrs lease commencing from 1882,12,Rest of Central Region,11 to 15
VETRO,"918,000",613.55,"1,496",Jul-25,MAR THOMA ROAD,Resale,Strata,57,"16,105",-,Apartment,1,999 yrs lease commencing from 1882,12,Rest of Central Region,11 to 15
RIVIERA 38,"720,000",548.96,"1,312",Jul-25,MAR THOMA ROAD,Resale,Strata,51,"14,118",-,Apartment,1,999 yrs lease commencing from 1882,12,Rest of Central Region,06 to 10
RIVERBAY,"1,222,000",785.77,"1,555",Jul-25,MAR THOMA ROAD,Resale,Strata,73,"16,740",-,Apartment,1,999 yrs lease commencing from 1882,12,Rest of Central Region,21 to 25
ST FRANCIS COURT,"975,000",818.06,"1,192",Jul-25,ST. FRANCIS ROAD,Resale,Strata,76,"12,829",-,Apartment,1,99 yrs lease commencing from 1992,12,Rest of Central Region,06 to 10
PRESTIGE HEIGHTS,"728,000",409.03,"1,780",Jul-25,BALESTIER ROAD,Resale,Strata,38,"19,158",-,Apartment,1,Freehold,12,Rest of Central Region,06 to 10
THE ARTE,"2,038,888","1,054.87","1,933",Jul-25,JALAN RAJA UDANG,Resale,Strata,98,"20,805",-,Condominium,1,Freehold,12,Rest of Central Region,11 to 15
TREVISTA,"2,460,000","1,119.46","2,197",Jul-25,LORONG 3 TOA PAYOH,Resale,Strata,104,"23,654",-,Condominium,1,99 yrs lease commencing from 2008,12,Rest of Central Region,26 to 30
SCENIC HEIGHTS,"1,575,000",914.94,"1,721",Jul-25,BALESTIER ROAD,Resale,Strata,85,"18,529",-,Apartment,1,Freehold,12,Rest of Central Region,06 to 10
MOONSTONE RESIDENCES,"2,050,000","1,237.86","1,656",Jul-25,MOONSTONE LANE,Resale,Strata,115,"17,826",-,Apartment,1,Freehold,12,Rest of Central Region,16 to 20
SHAW PLAZA - TWIN HEIGHTS,"2,350,000","1,420.85","1,654",Jul-25,BALESTIER ROAD,Resale,Strata,132,"17,803",-,Apartment,1,Freehold,12,Rest of Central Region,11 to 15
THE ARCADY AT BOON KENG,"2,478,000",968.76,"2,558",Jul-25,SAINT BARNABAS LANE,New Sale,Strata,90,"27,533",-,Apartment,1,Freehold,12,Rest of Central Region,06 to 10
THE VIRIDIAN,"1,550,000",893.41,"1,735",Jul-25,JALAN AMPAS,Resale,Strata,83,"18,675",-,Apartment,1,Freehold,12,Rest of Central Region,16 to 20
D'LOTUS,"1,250,000",807.3,"1,548",Jul-25,LORONG AMPAS,Resale,Strata,75,"16,667",-,Apartment,1,Freehold,12,Rest of Central Region,11 to 15
M66,"805,000",516.67,"1,558",Jun-25,MOONSTONE LANE,Resale,Strata,48,"16,771",-,Apartment,1,Freehold,12,Rest of Central Region,01 to 05
THE ARCADY AT BOON KENG,"1,992,000",764.24,"2,606",Jun-25,SAINT BARNABAS LANE,New Sale,Strata,71,"28,056",-,Apartment,1,Freehold,12,Rest of Central Region,01 to 05
THE ARCADY AT BOON KENG,"3,258,000","1,280.92","2,543",Jun-25,SAINT BARNABAS LANE,New Sale,Strata,119,"27,378",-,Apartment,1,Freehold,12,Rest of Central Region,11 to 15
THE ORIE,"3,862,000","1,453.14","2,658",Jun-25,LORONG 1 TOA PAYOH,New Sale,Strata,135,"28,607",-,Condominium,1,99 yrs lease commencing from 2024,12,Rest of Central Region,26 to 30
THE VERVE,"1,290,000",818.06,"1,577",Jun-25,JALAN RAJAH,Resale,Strata,76,"16,974",-,Apartment,1,Freehold,12,Rest of Central Region,06 to 10
THE ORIE,"3,826,000","1,453.14","2,633",Jun-25,LORONG 1 TOA PAYOH,New Sale,Strata,135,"28,341",-,Condominium,1,99 yrs lease commencing from 2024,12,Rest of Central Region,21 to 25
THE ORIE,"3,850,000","1,453.14","2,649",Jun-25,LORONG 1 TOA PAYOH,New Sale,Strata,135,"28,519",-,Condominium,1,99 yrs lease commencing from 2024,12,Rest of Central Region,26 to 30
REGENT RESIDENCES,"1,450,000",861.12,"1,684",Jun-25,SERANGOON ROAD,Resale,Strata,80,"18,125",-,Apartment,1,Freehold,12,Rest of Central Region,16 to 20
CITY REGENCY,"1,380,000",850.36,"1,623",Jun-25,ST. MICHAEL'S ROAD,Resale,Strata,79,"17,468",-,Apartment,1,Freehold,12,Rest of Central Region,06 to 10
GEM RESIDENCES,"1,985,000",936.47,"2,120",Jun-25,LORONG 5 TOA PAYOH,Resale,Strata,87,"22,816",-,Condominium,1,99 yrs lease commencing from 2015,12,Rest of Central Region,36 to 40
GEM RESIDENCES,"905,000",452.09,"2,002",Jun-25,LORONG 5 TOA PAYOH,Resale,Strata,42,"21,548",-,Condominium,1,99 yrs lease commencing from 2015,12,Rest of Central Region,21 to 25
RIVERBAY,"1,508,000",947.23,"1,592",Jun-25,MAR THOMA ROAD,Resale,Strata,88,"17,136",-,Apartment,1,999 yrs lease commencing from 1882,12,Rest of Central Region,16 to 20
TRELLIS TOWERS,"2,380,000","1,140.98","2,086",Jun-25,LORONG 1 TOA PAYOH,Resale,Strata,106,"22,453",-,Condominium,1,Freehold,12,Rest of Central Region,21 to 25
TRELLIS TOWERS,"2,560,000","1,162.51","2,202",Jun-25,LORONG 1 TOA PAYOH,Resale,Strata,108,"23,704",-,Condominium,1,Freehold,12,Rest of Central Region,16 to 20
MOONSTONE RESIDENCES,"1,700,000","1,237.86","1,373",Jun-25,MOONSTONE LANE,Resale,Strata,115,"14,783",-,Apartment,1,Freehold,12,Rest of Central Region,06 to 10
THE CITRINE,"1,620,000",958,"1,691",Jun-25,JALAN DATOH,Resale,Strata,89,"18,202",-,Apartment,1,Freehold,12,Rest of Central Region,16 to 20
THE CALLISTA,"1,400,888","1,108.69","1,264",Jun-25,MAR THOMA ROAD,Resale,Strata,103,"13,601",-,Apartment,1,999 yrs lease commencing from 1882,12,Rest of Central Region,01 to 05
THE VIRIDIAN,"1,468,000",893.41,"1,643",Jun-25,JALAN AMPAS,Resale,Strata,83,"17,687",-,Apartment,1,Freehold,12,Rest of Central Region,06 to 10
VERTICUS,"1,700,000",753.48,"2,256",Jun-25,JALAN KEMAMAN,Resale,Strata,70,"24,286",-,Apartment,1,Freehold,12,Rest of Central Region,06 to 10
OPAL SUITES,"708,000",452.09,"1,566",Jun-25,OPAL CRESCENT,Resale,Strata,42,"16,857",-,Apartment,1,Freehold,12,Rest of Central Region,06 to 10
RESIDENTIAL APARTMENTS,"594,000",516.67,"1,150",Jun-25,KIM KEAT ROAD,Resale,Strata,48,"12,375",-,Apartment,1,Freehold,12,Rest of Central Region,01 to 05
DE ROYALE,"2,500,000","1,280.92","1,952",Jun-25,JALAN RAMA RAMA,Resale,Strata,119,"21,008",-,Condominium,1,Freehold,12,Rest of Central Region,31 to 35
THE INTERWEAVE,"1,289,900",764.24,"1,688",Jun-25,KIM KEAT ROAD,Resale,Strata,71,"18,168",-,Apartment,1,Freehold,12,Rest of Central Region,06 to 10
TOPAZ MANSIONS,"1,485,000","1,173.28","1,266",Jun-25,TOPAZ ROAD,Resale,Strata,109,"13,624",-,Apartment,1,Freehold,12,Rest of Central Region,01 to 05
OLEANDER TOWERS,"1,780,000","1,151.75","1,545",Jun-25,LORONG 1 TOA PAYOH,Resale,Strata,107,"16,636",-,Apartment,1,99 yrs lease commencing from 1995,12,Rest of Central Region,06 to 10
EIGHT RIVERSUITES,"1,920,888","1,033.34","1,859",Jun-25,WHAMPOA EAST,Resale,Strata,96,"20,009",-,Condominium,1,99 yrs lease commencing from 2011,12,Rest of Central Region,11 to 15
RITZ MANSIONS,"1,920,888","1,302.44","1,475",Jun-25,BALESTIER ROAD,Resale,Strata,121,"15,875",-,Apartment,1,Freehold,12,Rest of Central Region,06 to 10
GEM RESIDENCES,"910,000",484.38,"1,879",Jun-25,LORONG 5 TOA PAYOH,Resale,Strata,45,"20,222",-,Condominium,1,99 yrs lease commencing from 2015,12,Rest of Central Region,06 to 10
OLEANDER TOWERS,"1,800,000","1,140.98","1,578",Jun-25,LORONG 1 TOA PAYOH,Resale,Strata,106,"16,981",-,Apartment,1,99 yrs lease commencing from 1995,12,Rest of Central Region,16 to 20
THE ARTE,"4,088,000","2,680.24","1,525",Jun-25,JALAN RAJA UDANG,Resale,Strata,249,"16,418",-,Condominium,1,Freehold,12,Rest of Central Region,31 to 35
THE RIVERINE BY THE PARK,"4,000,000","1,776.06","2,252",May-25,KALLANG ROAD,Resale,Strata,165,"24,242",-,Apartment,1,Freehold,12,Rest of Central Region,26 to 30
EIGHT RIVERSUITES,"843,000",441.32,"1,910",May-25,WHAMPOA EAST,Resale,Strata,41,"20,561",-,Condominium,1,99 yrs lease commencing from 2011,12,Rest of Central Region,11 to 15
THE ELYSIA,"1,375,000","1,022.58","1,345",May-25,MAR THOMA ROAD,Resale,Strata,95,"14,474",-,Apartment,1,999 yrs lease commencing from 1882,12,Rest of Central Region,01 to 05
THE RIVERINE BY THE PARK,"2,650,000","1,302.44","2,035",May-25,KALLANG ROAD,Resale,Strata,121,"21,901",-,Apartment,1,Freehold,12,Rest of Central Region,06 to 10
EIGHT RIVERSUITES,"1,838,000",979.52,"1,876",May-25,WHAMPOA EAST,Resale,Strata,91,"20,198",-,Condominium,1,99 yrs lease commencing from 2011,12,Rest of Central Region,16 to 20
THE ORIE,"1,485,000",516.67,"2,874",May-25,LORONG 1 TOA PAYOH,New Sale,Strata,48,"30,938",-,Condominium,1,99 yrs lease commencing from 2024,12,Rest of Central Region,21 to 25
GAIA,"1,500,000",914.94,"1,639",May-25,JALAN DUSUN,Resale,Strata,85,"17,647",-,Apartment,1,Freehold,12,Rest of Central Region,06 to 10
THE ARTE,"3,180,000","1,625.36","1,956",May-25,JALAN RAJA UDANG,Resale,Strata,151,"21,060",-,Condominium,1,Freehold,12,Rest of Central Region,26 to 30
THE ORIE,"3,396,000","1,216.33","2,792",May-25,LORONG 1 TOA PAYOH,New Sale,Strata,113,"30,053",-,Condominium,1,99 yrs lease commencing from 2024,12,Rest of Central Region,36 to 40
PINNACLE 16,"1,016,000",581.26,"1,748",May-25,SHAN ROAD,Resale,Strata,54,"18,815",-,Apartment,1,Freehold,12,Rest of Central Region,01 to 05
OLEANDER TOWERS,"1,715,000","1,140.98","1,503",May-25,LORONG 1 TOA PAYOH,Resale,Strata,106,"16,179",-,Apartment,1,99 yrs lease commencing from 1995,12,Rest of Central Region,16 to 20
CITY SUITES,"990,000",527.44,"1,877",May-25,BALESTIER ROAD,Resale,Strata,49,"20,204",-,Apartment,1,Freehold,12,Rest of Central Region,01 to 05
EIGHT RIVERSUITES,"1,760,000",979.52,"1,797",May-25,WHAMPOA EAST,Resale,Strata,91,"19,341",-,Condominium,1,99 yrs lease commencing from 2011,12,Rest of Central Region,06 to 10
RIO GARDENS,"1,360,000",947.23,"1,436",May-25,JALAN TAMAN,Resale,Strata,88,"15,455",-,Apartment,1,Freehold,12,Rest of Central Region,06 to 10
THE TIER,"750,000",495.14,"1,515",May-25,PEGU ROAD,Resale,Strata,46,"16,304",-,Apartment,1,Freehold,12,Rest of Central Region,11 to 15
OLEANDER TOWERS,"1,360,000",893.41,"1,522",May-25,LORONG 1 TOA PAYOH,Resale,Strata,83,"16,386",-,Apartment,1,99 yrs lease commencing from 1995,12,Rest of Central Region,11 to 15
PINNACLE 16,"1,020,000",581.26,"1,755",May-25,SHAN ROAD,Resale,Strata,54,"18,889",-,Apartment,1,Freehold,12,Rest of Central Region,16 to 20
EIGHT RIVERSUITES,"825,000",441.32,"1,869",May-25,WHAMPOA EAST,Resale,Strata,41,"20,122",-,Condominium,1,99 yrs lease commencing from 2011,12,Rest of Central Region,11 to 15
THE ORIE,"2,951,000","1,130.22","2,611",May-25,LORONG 1 TOA PAYOH,New Sale,Strata,105,"28,105",-,Condominium,1,99 yrs lease commencing from 2024,12,Rest of Central Region,16 to 20
THE ORIE,"1,784,000",592.02,"3,013",May-25,LORONG 1 TOA PAYOH,New Sale,Strata,55,"32,436",-,Condominium,1,99 yrs lease commencing from 2024,12,Rest of Central Region,36 to 40
SUNVILLE,"2,290,000","1,614.6","1,418",May-25,ST. MICHAEL'S ROAD,Resale,Strata,150,"15,267",-,Apartment,1,Freehold,12,Rest of Central Region,06 to 10
ST FRANCIS LODGE,"1,770,000","1,237.86","1,430",May-25,ST. FRANCIS ROAD,Resale,Strata,115,"15,391",-,Apartment,1,Freehold,12,Rest of Central Region,06 to 10
THE ORIE,"1,754,000",592.02,"2,963",May-25,LORONG 1 TOA PAYOH,New Sale,Strata,55,"31,891",-,Condominium,1,99 yrs lease commencing from 2024,12,Rest of Central Region,26 to 30
VISTA RESIDENCES,"2,400,000","1,194.8","2,009",May-25,JALAN DATOH,Resale,Strata,111,"21,622",-,Condominium,1,Freehold,12,Rest of Central Region,06 to 10
AVA TOWERS,"1,860,000","1,173.28","1,585",May-25,AVA ROAD,Resale,Strata,109,"17,064",-,Apartment,1,Freehold,12,Rest of Central Region,16 to 20
RESIDENTIAL APARTMENTS,"1,400,000","1,097.93","1,275",May-25,BALESTIER ROAD,Resale,Strata,102,"13,725",-,Apartment,1,9999 yrs lease commencing from 1961,12,Rest of Central Region,01 to 05
GEM RESIDENCES,"905,000",484.38,"1,868",May-25,LORONG 5 TOA PAYOH,Resale,Strata,45,"20,111",-,Condominium,1,99 yrs lease commencing from 2015,12,Rest of Central Region,11 to 15
ONE DUSUN RESIDENCES,"1,155,000",667.37,"1,731",May-25,JALAN DUSUN,Resale,Strata,62,"18,629",-,Apartment,1,Freehold,12,Rest of Central Region,11 to 15
SKYSUITES17,"730,888",355.21,"2,058",May-25,JALAN RAJAH,Resale,Strata,33,"22,148",-,Apartment,1,Freehold,12,Rest of Central Region,26 to 30
EIGHT RIVERSUITES,"840,000",441.32,"1,903",May-25,WHAMPOA EAST,Resale,Strata,41,"20,488",-,Condominium,1,99 yrs lease commencing from 2011,12,Rest of Central Region,11 to 15
THE ORIE,"3,818,000","1,453.14","2,627",May-25,LORONG 1 TOA PAYOH,New Sale,Strata,135,"28,281",-,Condominium,1,99 yrs lease commencing from 2024,12,Rest of Central Region,21 to 25
THE ORIE,"3,480,000","1,453.14","2,395",May-25,LORONG 1 TOA PAYOH,New Sale,Strata,135,"25,778",-,Condominium,1,99 yrs lease commencing from 2024,12,Rest of Central Region,01 to 05
THE ORIE,"3,746,000","1,453.14","2,578",May-25,LORONG 1 TOA PAYOH,New Sale,Strata,135,"27,748",-,Condominium,1,99 yrs lease commencing from 2024,12,Rest of Central Region,16 to 20
GEM RESIDENCES,"1,750,000",979.52,"1,787",May-25,LORONG 5 TOA PAYOH,Resale,Strata,91,"19,231",-,Condominium,1,99 yrs lease commencing from 2015,12,Rest of Central Region,06 to 10
RIVIERA 38,"1,380,000",882.65,"1,563",May-25,MAR THOMA ROAD,Resale,Strata,82,"16,829",-,Apartment,1,999 yrs lease commencing from 1882,12,Rest of Central Region,11 to 15
EIGHT RIVERSUITES,"1,920,000",979.52,"1,960",May-25,WHAMPOA EAST,Resale,Strata,91,"21,099",-,Condominium,1,99 yrs lease commencing from 2011,12,Rest of Central Region,21 to 25
GEM RESIDENCES,"1,780,000",936.47,"1,901",May-25,LORONG 5 TOA PAYOH,Resale,Strata,87,"20,460",-,Condominium,1,99 yrs lease commencing from 2015,12,Rest of Central Region,01 to 05
THE ORIE,"3,827,000","1,453.14","2,634",May-25,LORONG 1 TOA PAYOH,New Sale,Strata,135,"28,348",-,Condominium,1,99 yrs lease commencing from 2024,12,Rest of Central Region,21 to 25
EIGHT RIVERSUITES,"1,370,000",699.66,"1,958",May-25,WHAMPOA EAST,Resale,Strata,65,"21,077",-,Condominium,1,99 yrs lease commencing from 2011,12,Rest of Central Region,21 to 25
EIGHT RIVERSUITES,"1,738,888",936.47,"1,857",May-25,WHAMPOA EAST,Resale,Strata,87,"19,987",-,Condominium,1,99 yrs lease commencing from 2011,12,Rest of Central Region,21 to 25
EIGHT RIVERSUITES,"865,000",441.32,"1,960",May-25,WHAMPOA EAST,Resale,Strata,41,"21,098",-,Condominium,1,99 yrs lease commencing from 2011,12,Rest of Central Region,21 to 25
THE ORIE,"3,518,000","1,453.14","2,421",May-25,LORONG 1 TOA PAYOH,New Sale,Strata,135,"26,059",-,Condominium,1,99 yrs lease commencing from 2024,12,Rest of Central Region,01 to 05
AVA TOWERS,"1,950,000","1,280.92","1,522",Apr-25,AVA ROAD,Resale,Strata,119,"16,387",-,Apartment,1,Freehold,12,Rest of Central Region,11 to 15
GEM RESIDENCES,"2,150,000","1,054.87","2,038",Apr-25,LORONG 5 TOA PAYOH,Resale,Strata,98,"21,939",-,Condominium,1,99 yrs lease commencing from 2015,12,Rest of Central Region,21 to 25
VERTICUS,"1,798,000",753.48,"2,386",Apr-25,JALAN KEMAMAN,Resale,Strata,70,"25,686",-,Apartment,1,Freehold,12,Rest of Central Region,16 to 20
GEM RESIDENCES,"2,688,000","1,313.21","2,047",Apr-25,LORONG 5 TOA PAYOH,Resale,Strata,122,"22,033",-,Condominium,1,99 yrs lease commencing from 2015,12,Rest of Central Region,01 to 05
PRESTIGE HEIGHTS,"680,000",376.74,"1,805",Apr-25,BALESTIER ROAD,Resale,Strata,35,"19,429",-,Apartment,1,Freehold,12,Rest of Central Region,06 to 10
THE ARCADY AT BOON KENG,"2,446,000",968.76,"2,525",Apr-25,SAINT BARNABAS LANE,New Sale,Strata,90,"27,178",-,Apartment,1,Freehold,12,Rest of Central Region,06 to 10
ST FRANCIS COURT,"1,230,000","1,227.1","1,002",Apr-25,ST. FRANCIS ROAD,Resale,Strata,114,"10,789",-,Apartment,1,99 yrs lease commencing from 1992,12,Rest of Central Region,01 to 05
THE INTERWEAVE,"743,888",409.03,"1,819",Apr-25,KIM KEAT ROAD,Resale,Strata,38,"19,576",-,Apartment,1,Freehold,12,Rest of Central Region,06 to 10
THE MARQUE @ IRRAWADDY,"2,650,000","1,700.71","1,558",Apr-25,SHAN ROAD,Resale,Strata,158,"16,772",-,Apartment,1,Freehold,12,Rest of Central Region,16 to 20
REGAL COURT,"1,270,000",914.94,"1,388",Apr-25,KIM KEAT ROAD,Resale,Strata,85,"14,941",-,Apartment,1,Freehold,12,Rest of Central Region,01 to 05
BEACON HEIGHTS,"1,396,000",893.41,"1,563",Apr-25,MAR THOMA ROAD,Resale,Strata,83,"16,819",-,Condominium,1,999 yrs lease commencing from 1882,12,Rest of Central Region,11 to 15
THE ORIE,"3,758,000","1,453.14","2,586",Apr-25,LORONG 1 TOA PAYOH,New Sale,Strata,135,"27,837",-,Condominium,1,99 yrs lease commencing from 2024,12,Rest of Central Region,16 to 20
THE ORIE,"3,573,000","1,367.03","2,614",Apr-25,LORONG 1 TOA PAYOH,New Sale,Strata,127,"28,134",-,Condominium,1,99 yrs lease commencing from 2024,12,Rest of Central Region,21 to 25
RAJAH TOWERS,"3,180,000","2,206.62","1,441",Apr-25,JALAN RAJAH,Resale,Strata,205,"15,512",-,Apartment,1,Freehold,12,Rest of Central Region,06 to 10
JUI RESIDENCES,"1,758,888",882.65,"1,993",Apr-25,SERANGOON ROAD,Resale,Strata,82,"21,450",-,Apartment,1,Freehold,12,Rest of Central Region,11 to 15
THE ORIE,"3,462,000","1,216.33","2,846",Apr-25,LORONG 1 TOA PAYOH,New Sale,Strata,113,"30,637",-,Condominium,1,99 yrs lease commencing from 2024,12,Rest of Central Region,36 to 40
TREVISTA,"1,695,000",861.12,"1,968",Apr-25,LORONG 3 TOA PAYOH,Resale,Strata,80,"21,188",-,Condominium,1,99 yrs lease commencing from 2008,12,Rest of Central Region,26 to 30
REGENT RESIDENCES,"1,330,000",807.3,"1,647",Apr-25,SERANGOON ROAD,Resale,Strata,75,"17,733",-,Apartment,1,Freehold,12,Rest of Central Region,01 to 05
TREVISTA,"2,379,000","1,108.69","2,146",Apr-25,LORONG 3 TOA PAYOH,Resale,Strata,103,"23,097",-,Condominium,1,99 yrs lease commencing from 2008,12,Rest of Central Region,31 to 35
CASA FORTUNA,"1,450,000",925.7,"1,566",Apr-25,AH HOOD ROAD,Resale,Strata,86,"16,860",-,Apartment,1,Freehold,12,Rest of Central Region,06 to 10
TREVISTA,"3,180,000","1,560.78","2,037",Apr-25,LORONG 3 TOA PAYOH,Resale,Strata,145,"21,931",-,Condominium,1,99 yrs lease commencing from 2008,12,Rest of Central Region,21 to 25
TREVISTA,"2,310,888","1,140.98","2,025",Apr-25,LORONG 3 TOA PAYOH,Resale,Strata,106,"21,801",-,Condominium,1,99 yrs lease commencing from 2008,12,Rest of Central Region,16 to 20
THE ARCADY AT BOON KENG,"3,307,000","1,280.92","2,582",Apr-25,SAINT BARNABAS LANE,New Sale,Strata,119,"27,790",-,Apartment,1,Freehold,12,Rest of Central Region,11 to 15
THE MEZZO,"1,500,000",839.59,"1,787",Apr-25,BALESTIER ROAD,Resale,Strata,78,"19,231",-,Apartment,1,Freehold,12,Rest of Central Region,21 to 25
MONVILLE MANSIONS,"1,830,000","1,614.6","1,133",Apr-25,BALESTIER ROAD,Resale,Strata,150,"12,200",-,Apartment,1,Freehold,12,Rest of Central Region,01 to 05
EIGHT RIVERSUITES,"855,000",441.32,"1,937",Apr-25,WHAMPOA EAST,Resale,Strata,41,"20,854",-,Condominium,1,99 yrs lease commencing from 2011,12,Rest of Central Region,21 to 25
EIGHT RIVERSUITES,"1,530,000",807.3,"1,895",Apr-25,WHAMPOA EAST,Resale,Strata,75,"20,400",-,Condominium,1,99 yrs lease commencing from 2011,12,Rest of Central Region,16 to 20
VA RESIDENCES,"960,000",624.31,"1,538",Apr-25,BOON TECK ROAD,Resale,Strata,58,"16,552",-,Apartment,1,Freehold,12,Rest of Central Region,06 to 10
EIGHT RIVERSUITES,"862,000",441.32,"1,953",Apr-25,WHAMPOA EAST,Resale,Strata,41,"21,024",-,Condominium,1,99 yrs lease commencing from 2011,12,Rest of Central Region,16 to 20
OPAL SUITES,"666,666",409.03,"1,630",Apr-25,OPAL CRESCENT,Resale,Strata,38,"17,544",-,Apartment,1,Freehold,12,Rest of Central Region,01 to 05
THE INTERWEAVE,"760,000",430.56,"1,765",Apr-25,KIM KEAT ROAD,Resale,Strata,40,"19,000",-,Apartment,1,Freehold,12,Rest of Central Region,16 to 20
THE INTERWEAVE,"648,000",344.45,"1,881",Apr-25,KIM KEAT ROAD,Resale,Strata,32,"20,250",-,Apartment,1,Freehold,12,Rest of Central Region,11 to 15
CRADELS,"1,000,000",581.26,"1,720",Apr-25,LORONG LIMAU,Resale,Strata,54,"18,519",-,Apartment,1,Freehold,12,Rest of Central Region,11 to 15
OLEANDER TOWERS,"1,400,000",893.41,"1,567",Apr-25,LORONG 1 TOA PAYOH,Resale,Strata,83,"16,867",-,Apartment,1,99 yrs lease commencing from 1995,12,Rest of Central Region,21 to 25
AVA TOWERS,"1,960,000","1,280.92","1,530",Apr-25,AVA ROAD,Resale,Strata,119,"16,471",-,Apartment,1,Freehold,12,Rest of Central Region,11 to 15
SUITES @ TOPAZ,"1,138,000","1,054.87","1,079",Apr-25,TOPAZ ROAD,Resale,Strata,98,"11,612",-,Apartment,1,Freehold,12,Rest of Central Region,01 to 05
SKYSUITES17,"1,256,000",678.13,"1,852",Apr-25,JALAN RAJAH,Resale,Strata,63,"19,937",-,Apartment,1,Freehold,12,Rest of Central Region,21 to 25
PRESTIGE HEIGHTS,"660,000",344.45,"1,916",Apr-25,BALESTIER ROAD,Resale,Strata,32,"20,625",-,Apartment,1,Freehold,12,Rest of Central Region,16 to 20
CRADELS,"1,140,000",667.37,"1,708",Apr-25,LORONG LIMAU,Resale,Strata,62,"18,387",-,Apartment,1,Freehold,12,Rest of Central Region,06 to 10
THE ORIE,"2,064,000",678.13,"3,044",Apr-25,LORONG 1 TOA PAYOH,New Sale,Strata,63,"32,762",-,Condominium,1,99 yrs lease commencing from 2024,12,Rest of Central Region,36 to 40
THE ARCADY AT BOON KENG,"1,785,000",678.13,"2,632",Apr-25,SAINT BARNABAS LANE,New Sale,Strata,63,"28,333",-,Apartment,1,Freehold,12,Rest of Central Region,01 to 05
PARC HAVEN,"1,848,000","1,313.21","1,407",Apr-25,LORONG LIMAU,Resale,Strata,122,"15,148",-,Apartment,1,Freehold,12,Rest of Central Region,01 to 05
TREVISTA,"2,420,000","1,119.46","2,162",Apr-25,LORONG 3 TOA PAYOH,Resale,Strata,104,"23,269",-,Condominium,1,99 yrs lease commencing from 2008,12,Rest of Central Region,31 to 35
THE ORIE,"3,916,000","1,453.14","2,695",Apr-25,LORONG 1 TOA PAYOH,New Sale,Strata,135,"29,007",-,Condominium,1,99 yrs lease commencing from 2024,12,Rest of Central Region,26 to 30
EIGHT RIVERSUITES,"1,862,000",979.52,"1,901",Apr-25,WHAMPOA EAST,Resale,Strata,91,"20,462",-,Condominium,1,99 yrs lease commencing from 2011,12,Rest of Central Region,21 to 25
EIGHT RIVERSUITES,"848,000",441.32,"1,921",Apr-25,WHAMPOA EAST,Resale,Strata,41,"20,683",-,Condominium,1,99 yrs lease commencing from 2011,12,Rest of Central Region,11 to 15
THE ORIE,"3,943,000","1,453.14","2,713",Apr-25,LORONG 1 TOA PAYOH,New Sale,Strata,135,"29,207",-,Condominium,1,99 yrs lease commencing from 2024,12,Rest of Central Region,31 to 35
THE ORIE,"3,529,000","1,367.03","2,582",Apr-25,LORONG 1 TOA PAYOH,New Sale,Strata,127,"27,787",-,Condominium,1,99 yrs lease commencing from 2024,12,Rest of Central Region,21 to 25
CASA FORTUNA,"1,608,000","1,044.11","1,540",Apr-25,AH HOOD ROAD,Resale,Strata,97,"16,577",-,Apartment,1,Freehold,12,Rest of Central Region,01 to 05
CHELSEA GROVE,"1,454,000",979.52,"1,484",Apr-25,MARTABAN ROAD,Resale,Strata,91,"15,978",-,Apartment,1,Freehold,12,Rest of Central Region,01 to 05
RITZ MANSIONS,"1,880,000","1,302.44","1,443",Apr-25,BALESTIER ROAD,Resale,Strata,121,"15,537",-,Apartment,1,Freehold,12,Rest of Central Region,01 to 05
VERTICUS,"1,740,000",775.01,"2,245",Apr-25,JALAN KEMAMAN,Resale,Strata,72,"24,167",-,Apartment,1,Freehold,12,Rest of Central Region,06 to 10
RIVERBAY,"1,170,000",785.77,"1,489",Apr-25,MAR THOMA ROAD,Resale,Strata,73,"16,027",-,Apartment,1,999 yrs lease commencing from 1882,12,Rest of Central Region,11 to 15
THE ORIE,"3,669,000","1,453.14","2,525",Mar-25,LORONG 1 TOA PAYOH,New Sale,Strata,135,"27,178",-,Condominium,1,99 yrs lease commencing from 2024,12,Rest of Central Region,11 to 15
EIGHT RIVERSUITES,"1,332,000",699.66,"1,904",Mar-25,WHAMPOA EAST,Resale,Strata,65,"20,492",-,Condominium,1,99 yrs lease commencing from 2011,12,Rest of Central Region,11 to 15
VISTA RESIDENCES,"2,500,000","1,151.75","2,171",Mar-25,JALAN DATOH,Resale,Strata,107,"23,364",-,Condominium,1,Freehold,12,Rest of Central Region,16 to 20
ST MICHAEL'S PLACE,"1,848,000","1,227.1","1,506",Mar-25,JALAN TAMAN,Resale,Strata,114,"16,211",-,Apartment,1,Freehold,12,Rest of Central Region,11 to 15
THE ORIE,"2,897,000","1,130.22","2,563",Mar-25,LORONG 1 TOA PAYOH,New Sale,Strata,105,"27,590",-,Condominium,1,99 yrs lease commencing from 2024,12,Rest of Central Region,11 to 15
RIVERBAY,"640,000",387.5,"1,652",Mar-25,MAR THOMA ROAD,Resale,Strata,36,"17,778",-,Apartment,1,999 yrs lease commencing from 1882,12,Rest of Central Region,21 to 25
VETRO,"900,000",613.55,"1,467",Mar-25,MAR THOMA ROAD,Resale,Strata,57,"15,789",-,Apartment,1,999 yrs lease commencing from 1882,12,Rest of Central Region,06 to 10
SKYSUITES17,"718,000",355.21,"2,021",Mar-25,JALAN RAJAH,Resale,Strata,33,"21,758",-,Apartment,1,Freehold,12,Rest of Central Region,06 to 10
THE CENTRIO,"982,888",613.55,"1,602",Mar-25,IRRAWADDY ROAD,Resale,Strata,57,"17,244",-,Apartment,1,Freehold,12,Rest of Central Region,06 to 10
THE ORIE,"3,983,000","1,453.14","2,741",Mar-25,LORONG 1 TOA PAYOH,New Sale,Strata,135,"29,504",-,Condominium,1,99 yrs lease commencing from 2024,12,Rest of Central Region,31 to 35
NEEM TREE,"1,360,000",818.06,"1,662",Mar-25,JALAN KEMAMAN,Resale,Strata,76,"17,895",-,Apartment,1,Freehold,12,Rest of Central Region,06 to 10
EIGHT RIVERSUITES,"1,300,000",699.66,"1,858",Mar-25,WHAMPOA EAST,Resale,Strata,65,"20,000",-,Condominium,1,99 yrs lease commencing from 2011,12,Rest of Central Region,11 to 15
AVA TOWERS,"1,920,000","1,280.92","1,499",Mar-25,AVA ROAD,Resale,Strata,119,"16,134",-,Apartment,1,Freehold,12,Rest of Central Region,16 to 20
THE ORIE,"3,695,000","1,453.14","2,543",Mar-25,LORONG 1 TOA PAYOH,New Sale,Strata,135,"27,370",-,Condominium,1,99 yrs lease commencing from 2024,12,Rest of Central Region,16 to 20
PRESTIGE HEIGHTS,"658,000",344.45,"1,910",Mar-25,BALESTIER ROAD,Resale,Strata,32,"20,563",-,Apartment,1,Freehold,12,Rest of Central Region,16 to 20
THE VIRIDIAN,"928,000",527.44,"1,759",Mar-25,JALAN AMPAS,Resale,Strata,49,"18,939",-,Apartment,1,Freehold,12,Rest of Central Region,06 to 10
THE ORIE,"3,782,000","1,453.14","2,603",Mar-25,LORONG 1 TOA PAYOH,New Sale,Strata,135,"28,015",-,Condominium,1,99 yrs lease commencing from 2024,12,Rest of Central Region,21 to 25
EIGHT RIVERSUITES,"1,980,000","1,033.34","1,916",Mar-25,WHAMPOA EAST,Resale,Strata,96,"20,625",-,Condominium,1,99 yrs lease commencing from 2011,12,Rest of Central Region,26 to 30
PRESTIGE HEIGHTS,"988,000","1,022.58",966,Mar-25,BALESTIER ROAD,Resale,Strata,95,"10,400",-,Apartment,1,Freehold,12,Rest of Central Region,16 to 20
M66,"1,530,000","1,130.22","1,354",Mar-25,MOONSTONE LANE,Resale,Strata,105,"14,571",-,Apartment,1,Freehold,12,Rest of Central Region,01 to 05
THE ORIE,"3,584,000","1,367.03","2,622",Mar-25,LORONG 1 TOA PAYOH,New Sale,Strata,127,"28,220",-,Condominium,1,99 yrs lease commencing from 2024,12,Rest of Central Region,26 to 30
THE ARCADY AT BOON KENG,"2,466,000",968.76,"2,546",Mar-25,SAINT BARNABAS LANE,New Sale,Strata,90,"27,400",-,Apartment,1,Freehold,12,Rest of Central Region,06 to 10
THE ARCADY AT BOON KENG,"1,851,000",678.13,"2,730",Mar-25,SAINT BARNABAS LANE,New Sale,Strata,63,"29,381",-,Apartment,1,Freehold,12,Rest of Central Region,11 to 15
THE ORIE,"2,968,000","1,130.22","2,626",Mar-25,LORONG 1 TOA PAYOH,New Sale,Strata,105,"28,267",-,Condominium,1,99 yrs lease commencing from 2024,12,Rest of Central Region,21 to 25
THE ORIE,"3,565,000","1,453.14","2,453",Mar-25,LORONG 1 TOA PAYOH,New Sale,Strata,135,"26,407",-,Condominium,1,99 yrs lease commencing from 2024,12,Rest of Central Region,06 to 10
EIGHT RIVERSUITES,"1,345,000",850.36,"1,582",Mar-25,WHAMPOA EAST,Resale,Strata,79,"17,025",-,Condominium,1,99 yrs lease commencing from 2011,12,Rest of Central Region,01 to 05
CALARASI,"1,750,000","1,184.04","1,478",Mar-25,KIM KEAT LANE,Resale,Strata,110,"15,909",-,Apartment,1,Freehold,12,Rest of Central Region,11 to 15
REGENT RESIDENCES,"1,380,000",861.12,"1,603",Mar-25,SERANGOON ROAD,Resale,Strata,80,"17,250",-,Apartment,1,Freehold,12,Rest of Central Region,21 to 25
GEM RESIDENCES,"1,120,000",592.02,"1,892",Mar-25,LORONG 5 TOA PAYOH,Resale,Strata,55,"20,364",-,Condominium,1,99 yrs lease commencing from 2015,12,Rest of Central Region,01 to 05
D'LOTUS,"920,000",570.49,"1,613",Mar-25,LORONG AMPAS,Resale,Strata,53,"17,358",-,Apartment,1,Freehold,12,Rest of Central Region,16 to 20
THE ORIE,"3,432,000","1,216.33","2,822",Mar-25,LORONG 1 TOA PAYOH,New Sale,Strata,113,"30,372",-,Condominium,1,99 yrs lease commencing from 2024,12,Rest of Central Region,36 to 40
THE ORIE,"3,319,000","1,216.33","2,729",Mar-25,LORONG 1 TOA PAYOH,New Sale,Strata,113,"29,372",-,Condominium,1,99 yrs lease commencing from 2024,12,Rest of Central Region,21 to 25
PRESTIGE HEIGHTS,"1,440,000",861.12,"1,672",Mar-25,BALESTIER ROAD,Resale,Strata,80,"18,000",-,Apartment,1,Freehold,12,Rest of Central Region,11 to 15
THE VERVE,"1,260,000","1,011.82","1,245",Mar-25,JALAN RAJAH,Resale,Strata,94,"13,404",-,Apartment,1,Freehold,12,Rest of Central Region,16 to 20
THE MEZZO,"1,388,888",839.59,"1,654",Mar-25,BALESTIER ROAD,Resale,Strata,78,"17,806",-,Apartment,1,Freehold,12,Rest of Central Region,16 to 20
THE ARCADY AT BOON KENG,"2,608,000",968.76,"2,692",Feb-25,SAINT BARNABAS LANE,New Sale,Strata,90,"28,978",-,Apartment,1,Freehold,12,Rest of Central Region,21 to 25
TREVISTA,"1,960,000","1,011.82","1,937",Feb-25,LORONG 3 TOA PAYOH,Resale,Strata,94,"20,851",-,Condominium,1,99 yrs lease commencing from 2008,12,Rest of Central Region,11 to 15
TRELLIS TOWERS,"2,850,000","1,485.43","1,919",Feb-25,LORONG 1 TOA PAYOH,Resale,Strata,138,"20,652",-,Condominium,1,Freehold,12,Rest of Central Region,11 to 15
VISTA RESIDENCES,"2,450,000","1,194.8","2,051",Feb-25,JALAN DATOH,Resale,Strata,111,"22,072",-,Condominium,1,Freehold,12,Rest of Central Region,06 to 10
GEM RESIDENCES,"1,388,000",678.13,"2,047",Feb-25,LORONG 5 TOA PAYOH,Resale,Strata,63,"22,032",-,Condominium,1,99 yrs lease commencing from 2015,12,Rest of Central Region,21 to 25
GEM RESIDENCES,"1,078,000",570.49,"1,890",Feb-25,LORONG 5 TOA PAYOH,Resale,Strata,53,"20,340",-,Condominium,1,99 yrs lease commencing from 2015,12,Rest of Central Region,11 to 15
DE ROYALE,"2,310,000","1,259.39","1,834",Feb-25,JALAN RAMA RAMA,Resale,Strata,117,"19,744",-,Condominium,1,Freehold,12,Rest of Central Region,26 to 30
GEM RESIDENCES,"1,310,000",678.13,"1,932",Feb-25,LORONG 5 TOA PAYOH,Resale,Strata,63,"20,794",-,Condominium,1,99 yrs lease commencing from 2015,12,Rest of Central Region,06 to 10
CASA IRRAWADDY,"1,885,000","1,119.46","1,684",Feb-25,IRRAWADDY ROAD,Resale,Strata,104,"18,125",-,Apartment,1,Freehold,12,Rest of Central Region,06 to 10
PINNACLE 16,"2,320,000","1,259.39","1,842",Feb-25,SHAN ROAD,Resale,Strata,117,"19,829",-,Apartment,1,Freehold,12,Rest of Central Region,16 to 20
THE ORIE,"3,682,000","1,453.14","2,534",Feb-25,LORONG 1 TOA PAYOH,New Sale,Strata,135,"27,274",-,Condominium,1,99 yrs lease commencing from 2024,12,Rest of Central Region,11 to 15
THE ARCADY AT BOON KENG,"2,490,000",968.76,"2,570",Feb-25,SAINT BARNABAS LANE,New Sale,Strata,90,"27,667",-,Apartment,1,Freehold,12,Rest of Central Region,11 to 15
THE ORIE,"1,379,000",516.67,"2,669",Feb-25,LORONG 1 TOA PAYOH,New Sale,Strata,48,"28,729",-,Condominium,1,99 yrs lease commencing from 2024,12,Rest of Central Region,06 to 10
CASA FORTUNA,"1,680,000","1,076.4","1,561",Feb-25,AH HOOD ROAD,Resale,Strata,100,"16,800",-,Apartment,1,Freehold,12,Rest of Central Region,11 to 15
GEM RESIDENCES,"1,248,888",678.13,"1,842",Feb-25,LORONG 5 TOA PAYOH,Resale,Strata,63,"19,824",-,Condominium,1,99 yrs lease commencing from 2015,12,Rest of Central Region,01 to 05
VISTA RESIDENCES,"2,980,000","1,410.08","2,113",Feb-25,JALAN DATOH,Resale,Strata,131,"22,748",-,Condominium,1,Freehold,12,Rest of Central Region,26 to 30
EIGHT RIVERSUITES,"853,000",441.32,"1,933",Feb-25,WHAMPOA EAST,Resale,Strata,41,"20,805",-,Condominium,1,99 yrs lease commencing from 2011,12,Rest of Central Region,21 to 25
EIGHT RIVERSUITES,"2,740,000","1,754.53","1,562",Feb-25,WHAMPOA EAST,Resale,Strata,163,"16,810",-,Condominium,1,99 yrs lease commencing from 2011,12,Rest of Central Region,01 to 05
THE ORIE,"3,866,000","1,453.14","2,660",Feb-25,LORONG 1 TOA PAYOH,New Sale,Strata,135,"28,637",-,Condominium,1,99 yrs lease commencing from 2024,12,Rest of Central Region,26 to 30
ASCENT @ 456,"1,050,000",753.48,"1,394",Feb-25,BALESTIER ROAD,Resale,Strata,70,"15,000",-,Apartment,1,Freehold,12,Rest of Central Region,01 to 05
THE ORIE,"3,905,000","1,453.14","2,687",Feb-25,LORONG 1 TOA PAYOH,New Sale,Strata,135,"28,926",-,Condominium,1,99 yrs lease commencing from 2024,12,Rest of Central Region,26 to 30
BALESTIER REGENCY,"2,050,000","1,474.67","1,390",Feb-25,JALAN AMPAS,Resale,Strata,137,"14,964",-,Apartment,1,Freehold,12,Rest of Central Region,06 to 10
AIRSTREAM,"680,000",409.03,"1,662",Feb-25,ST. MICHAEL'S ROAD,Resale,Strata,38,"17,895",-,Apartment,1,Freehold,12,Rest of Central Region,06 to 10
THE ORIE,"3,656,000","1,453.14","2,516",Feb-25,LORONG 1 TOA PAYOH,New Sale,Strata,135,"27,081",-,Condominium,1,99 yrs lease commencing from 2024,12,Rest of Central Region,11 to 15
JUI RESIDENCES,"840,888",430.56,"1,953",Feb-25,SERANGOON ROAD,Resale,Strata,40,"21,022",-,Apartment,1,Freehold,12,Rest of Central Region,06 to 10
THE ORIE,"1,888,000",645.84,"2,923",Feb-25,LORONG 1 TOA PAYOH,New Sale,Strata,60,"31,467",-,Condominium,1,99 yrs lease commencing from 2024,12,Rest of Central Region,21 to 25
THE ARCADY AT BOON KENG,"2,000,000",764.24,"2,617",Feb-25,SAINT BARNABAS LANE,New Sale,Strata,71,"28,169",-,Apartment,1,Freehold,12,Rest of Central Region,06 to 10
NEEM TREE,"1,100,000",624.31,"1,762",Feb-25,JALAN KEMAMAN,Resale,Strata,58,"18,966",-,Apartment,1,Freehold,12,Rest of Central Region,11 to 15
TREVISTA,"1,738,000",914.94,"1,900",Feb-25,LORONG 3 TOA PAYOH,Resale,Strata,85,"20,447",-,Condominium,1,99 yrs lease commencing from 2008,12,Rest of Central Region,16 to 20
THE TIER,"850,000",548.96,"1,548",Feb-25,PEGU ROAD,Resale,Strata,51,"16,667",-,Apartment,1,Freehold,12,Rest of Central Region,11 to 15
TREVISTA,"2,350,000","1,119.46","2,099",Feb-25,LORONG 3 TOA PAYOH,Resale,Strata,104,"22,596",-,Condominium,1,99 yrs lease commencing from 2008,12,Rest of Central Region,26 to 30
THE INTERWEAVE,"1,150,000",721.19,"1,595",Feb-25,KIM KEAT ROAD,Resale,Strata,67,"17,164",-,Apartment,1,Freehold,12,Rest of Central Region,11 to 15
REGAL COURT,"1,288,000",914.94,"1,408",Feb-25,KIM KEAT ROAD,Resale,Strata,85,"15,153",-,Apartment,1,Freehold,12,Rest of Central Region,01 to 05
RIVERBAY,"1,508,000",947.23,"1,592",Feb-25,MAR THOMA ROAD,Resale,Strata,88,"17,136",-,Apartment,1,999 yrs lease commencing from 1882,12,Rest of Central Region,16 to 20
DE ROYALE,"2,560,000","1,280.92","1,999",Feb-25,JALAN RAMA RAMA,Resale,Strata,119,"21,513",-,Condominium,1,Freehold,12,Rest of Central Region,31 to 35
TREVISTA,"1,720,000",925.7,"1,858",Feb-25,LORONG 3 TOA PAYOH,Resale,Strata,86,"20,000",-,Condominium,1,99 yrs lease commencing from 2008,12,Rest of Central Region,26 to 30
TREVISTA,"3,208,000","1,614.6","1,987",Feb-25,LORONG 3 TOA PAYOH,Resale,Strata,150,"21,387",-,Condominium,1,99 yrs lease commencing from 2008,12,Rest of Central Region,36 to 40
ST FRANCIS COURT,"950,000",818.06,"1,161",Feb-25,ST. FRANCIS ROAD,Resale,Strata,76,"12,500",-,Apartment,1,99 yrs lease commencing from 1992,12,Rest of Central Region,06 to 10
TRELLIS TOWERS,"3,200,000","1,485.43","2,154",Feb-25,LORONG 1 TOA PAYOH,Resale,Strata,138,"23,188",-,Condominium,1,Freehold,12,Rest of Central Region,01 to 05
THE ORIE,"3,472,000","1,216.33","2,854",Feb-25,LORONG 1 TOA PAYOH,New Sale,Strata,113,"30,726",-,Condominium,1,99 yrs lease commencing from 2024,12,Rest of Central Region,36 to 40
THE ORIE,"2,852,000","1,130.22","2,523",Jan-25,LORONG 1 TOA PAYOH,New Sale,Strata,105,"27,162",-,Condominium,1,99 yrs lease commencing from 2024,12,Rest of Central Region,06 to 10
THE ORIE,"4,005,000","1,453.14","2,756",Jan-25,LORONG 1 TOA PAYOH,New Sale,Strata,135,"29,667",-,Condominium,1,99 yrs lease commencing from 2024,12,Rest of Central Region,36 to 40
THE ORIE,"3,845,000","1,453.14","2,646",Jan-25,LORONG 1 TOA PAYOH,New Sale,Strata,135,"28,481",-,Condominium,1,99 yrs lease commencing from 2024,12,Rest of Central Region,21 to 25
TREVISTA,"3,068,000","1,733","1,770",Jan-25,LORONG 3 TOA PAYOH,Resale,Strata,161,"19,056",-,Condominium,1,99 yrs lease commencing from 2008,12,Rest of Central Region,21 to 25
BIRCHWOOD MANSIONS,"1,638,000","1,259.39","1,301",Jan-25,JALAN AMPAS,Resale,Strata,117,"14,000",-,Apartment,1,Freehold,12,Rest of Central Region,06 to 10
PRESTIGE HEIGHTS,"635,000",344.45,"1,844",Jan-25,BALESTIER ROAD,Resale,Strata,32,"19,844",-,Apartment,1,Freehold,12,Rest of Central Region,11 to 15
GEM RESIDENCES,"1,090,000",592.02,"1,841",Jan-25,LORONG 5 TOA PAYOH,Resale,Strata,55,"19,818",-,Condominium,1,99 yrs lease commencing from 2015,12,Rest of Central Region,06 to 10
IRESIDENCES,"1,800,000","1,065.64","1,689",Jan-25,IRRAWADDY ROAD,Resale,Strata,99,"18,182",-,Apartment,1,Freehold,12,Rest of Central Region,06 to 10
THE ORIE,"3,857,000","1,453.14","2,654",Jan-25,LORONG 1 TOA PAYOH,New Sale,Strata,135,"28,570",-,Condominium,1,99 yrs lease commencing from 2024,12,Rest of Central Region,21 to 25
THE ORIE,"2,054,000",678.13,"3,029",Jan-25,LORONG 1 TOA PAYOH,New Sale,Strata,63,"32,603",-,Condominium,1,99 yrs lease commencing from 2024,12,Rest of Central Region,36 to 40
THE ORIE,"3,877,000","1,453.14","2,668",Jan-25,LORONG 1 TOA PAYOH,New Sale,Strata,135,"28,719",-,Condominium,1,99 yrs lease commencing from 2024,12,Rest of Central Region,26 to 30
THE ORIE,"1,520,000",516.67,"2,942",Jan-25,LORONG 1 TOA PAYOH,New Sale,Strata,48,"31,667",-,Condominium,1,99 yrs lease commencing from 2024,12,Rest of Central Region,26 to 30
MOONSTONE VIEW,"1,190,000",807.3,"1,474",Jan-25,MOONSTONE LANE,Resale,Strata,75,"15,867",-,Apartment,1,Freehold,12,Rest of Central Region,01 to 05
TREVISTA,"2,300,000","1,270.15","1,811",Jan-25,LORONG 3 TOA PAYOH,Resale,Strata,118,"19,492",-,Condominium,1,99 yrs lease commencing from 2008,12,Rest of Central Region,11 to 15
EIGHT RIVERSUITES,"1,300,000",699.66,"1,858",Jan-25,WHAMPOA EAST,Resale,Strata,65,"20,000",-,Condominium,1,99 yrs lease commencing from 2011,12,Rest of Central Region,11 to 15
PRESTIGE HEIGHTS,"642,000",333.68,"1,924",Jan-25,BALESTIER ROAD,Resale,Strata,31,"20,710",-,Apartment,1,Freehold,12,Rest of Central Region,11 to 15
ST MICHAEL REGENCY,"2,130,000","1,248.62","1,706",Jan-25,ST. MICHAEL'S ROAD,Resale,Strata,116,"18,362",-,Apartment,1,Freehold,12,Rest of Central Region,06 to 10
THE ABERDEEN,"1,880,000","1,108.69","1,696",Jan-25,JALAN TAMAN,Resale,Strata,103,"18,252",-,Condominium,1,Freehold,12,Rest of Central Region,01 to 05
THE ORIE,"3,965,000","1,453.14","2,729",Jan-25,LORONG 1 TOA PAYOH,New Sale,Strata,135,"29,370",-,Condominium,1,99 yrs lease commencing from 2024,12,Rest of Central Region,36 to 40
NOVA 88,"2,050,000","1,248.62","1,642",Jan-25,BHAMO ROAD,Resale,Strata,116,"17,672",-,Apartment,1,Freehold,12,Rest of Central Region,01 to 05
THE ARTE,"3,480,000","1,872.94","1,858",Jan-25,JALAN RAJA UDANG,Resale,Strata,174,"20,000",-,Condominium,1,Freehold,12,Rest of Central Region,06 to 10
THE ORIE,"3,950,000","1,453.14","2,718",Jan-25,LORONG 1 TOA PAYOH,New Sale,Strata,135,"29,259",-,Condominium,1,99 yrs lease commencing from 2024,12,Rest of Central Region,31 to 35
THE ORIE,"3,387,000","1,216.33","2,785",Jan-25,LORONG 1 TOA PAYOH,New Sale,Strata,113,"29,973",-,Condominium,1,99 yrs lease commencing from 2024,12,Rest of Central Region,31 to 35
VICTORY HEIGHTS,"1,368,000","1,108.69","1,234",Jan-25,KIM KEAT ROAD,Resale,Strata,103,"13,282",-,Apartment,1,Freehold,12,Rest of Central Region,06 to 10
THE ORIE,"1,563,000",592.02,"2,640",Jan-25,LORONG 1 TOA PAYOH,New Sale,Strata,55,"28,418",-,Condominium,1,99 yrs lease commencing from 2024,12,Rest of Central Region,01 to 05
THE ORIE,"1,393,000",516.67,"2,696",Jan-25,LORONG 1 TOA PAYOH,New Sale,Strata,48,"29,021",-,Condominium,1,99 yrs lease commencing from 2024,12,Rest of Central Region,11 to 15
THE ORIE,"1,683,000",592.02,"2,843",Jan-25,LORONG 1 TOA PAYOH,New Sale,Strata,55,"30,600",-,Condominium,1,99 yrs lease commencing from 2024,12,Rest of Central Region,16 to 20
THE ORIE,"1,967,000",678.13,"2,901",Jan-25,LORONG 1 TOA PAYOH,New Sale,Strata,63,"31,222",-,Condominium,1,99 yrs lease commencing from 2024,12,Rest of Central Region,26 to 30
THE ORIE,"2,469,000",850.36,"2,903",Jan-25,LORONG 1 TOA PAYOH,New Sale,Strata,79,"31,253",-,Condominium,1,99 yrs lease commencing from 2024,12,Rest of Central Region,31 to 35
THE ORIE,"3,378,000","1,216.33","2,777",Jan-25,LORONG 1 TOA PAYOH,New Sale,Strata,113,"29,894",-,Condominium,1,99 yrs lease commencing from 2024,12,Rest of Central Region,31 to 35
THE ORIE,"2,036,000",678.13,"3,002",Jan-25,LORONG 1 TOA PAYOH,New Sale,Strata,63,"32,317",-,Condominium,1,99 yrs lease commencing from 2024,12,Rest of Central Region,36 to 40
THE ORIE,"3,998,000","1,453.14","2,751",Jan-25,LORONG 1 TOA PAYOH,New Sale,Strata,135,"29,615",-,Condominium,1,99 yrs lease commencing from 2024,12,Rest of Central Region,36 to 40
THE ORIE,"1,808,000",592.02,"3,054",Jan-25,LORONG 1 TOA PAYOH,New Sale,Strata,55,"32,873",-,Condominium,1,99 yrs lease commencing from 2024,12,Rest of Central Region,36 to 40
THE ORIE,"3,500,000","1,367.03","2,560",Jan-25,LORONG 1 TOA PAYOH,New Sale,Strata,127,"27,559",-,Condominium,1,99 yrs lease commencing from 2024,12,Rest of Central Region,16 to 20
THE ORIE,"1,934,000",678.13,"2,852",Jan-25,LORONG 1 TOA PAYOH,New Sale,Strata,63,"30,698",-,Condominium,1,99 yrs lease commencing from 2024,12,Rest of Central Region,21 to 25
THE ORIE,"3,412,000","1,216.33","2,805",Jan-25,LORONG 1 TOA PAYOH,New Sale,Strata,113,"30,195",-,Condominium,1,99 yrs lease commencing from 2024,12,Rest of Central Region,31 to 35
THE ORIE,"3,432,000","1,216.33","2,822",Jan-25,LORONG 1 TOA PAYOH,New Sale,Strata,113,"30,372",-,Condominium,1,99 yrs lease commencing from 2024,12,Rest of Central Region,36 to 40
THE ARCADY AT BOON KENG,"2,124,000",764.24,"2,779",Jan-25,SAINT BARNABAS LANE,New Sale,Strata,71,"29,915",-,Apartment,1,Freehold,12,Rest of Central Region,16 to 20
THE ORIE,"2,750,000","1,130.22","2,433",Jan-25,LORONG 1 TOA PAYOH,New Sale,Strata,105,"26,190",-,Condominium,1,99 yrs lease commencing from 2024,12,Rest of Central Region,01 to 05
THE ORIE,"1,523,000",592.02,"2,573",Jan-25,LORONG 1 TOA PAYOH,New Sale,Strata,55,"27,691",-,Condominium,1,99 yrs lease commencing from 2024,12,Rest of Central Region,01 to 05
THE ORIE,"2,090,000",850.36,"2,458",Jan-25,LORONG 1 TOA PAYOH,New Sale,Strata,79,"26,456",-,Condominium,1,99 yrs lease commencing from 2024,12,Rest of Central Region,01 to 05
THE ORIE,"2,568,000","1,044.11","2,460",Jan-25,LORONG 1 TOA PAYOH,New Sale,Strata,97,"26,474",-,Condominium,1,99 yrs lease commencing from 2024,12,Rest of Central Region,01 to 05
THE ORIE,"1,750,000",699.66,"2,501",Jan-25,LORONG 1 TOA PAYOH,New Sale,Strata,65,"26,923",-,Condominium,1,99 yrs lease commencing from 2024,12,Rest of Central Region,01 to 05
THE ORIE,"3,519,000","1,453.14","2,422",Jan-25,LORONG 1 TOA PAYOH,New Sale,Strata,135,"26,067",-,Condominium,1,99 yrs lease commencing from 2024,12,Rest of Central Region,01 to 05
THE ORIE,"2,760,000","1,130.22","2,442",Jan-25,LORONG 1 TOA PAYOH,New Sale,Strata,105,"26,286",-,Condominium,1,99 yrs lease commencing from 2024,12,Rest of Central Region,01 to 05
THE ORIE,"1,330,000",516.67,"2,574",Jan-25,LORONG 1 TOA PAYOH,New Sale,Strata,48,"27,708",-,Condominium,1,99 yrs lease commencing from 2024,12,Rest of Central Region,01 to 05
THE ORIE,"1,531,000",592.02,"2,586",Jan-25,LORONG 1 TOA PAYOH,New Sale,Strata,55,"27,836",-,Condominium,1,99 yrs lease commencing from 2024,12,Rest of Central Region,01 to 05
THE ORIE,"2,142,000",850.36,"2,519",Jan-25,LORONG 1 TOA PAYOH,New Sale,Strata,79,"27,114",-,Condominium,1,99 yrs lease commencing from 2024,12,Rest of Central Region,01 to 05
THE ORIE,"2,595,000","1,044.11","2,485",Jan-25,LORONG 1 TOA PAYOH,New Sale,Strata,97,"26,753",-,Condominium,1,99 yrs lease commencing from 2024,12,Rest of Central Region,01 to 05
THE ORIE,"1,700,000",678.13,"2,507",Jan-25,LORONG 1 TOA PAYOH,New Sale,Strata,63,"26,984",-,Condominium,1,99 yrs lease commencing from 2024,12,Rest of Central Region,01 to 05
THE ORIE,"3,532,000","1,453.14","2,431",Jan-25,LORONG 1 TOA PAYOH,New Sale,Strata,135,"26,163",-,Condominium,1,99 yrs lease commencing from 2024,12,Rest of Central Region,01 to 05
THE ORIE,"2,769,000","1,130.22","2,450",Jan-25,LORONG 1 TOA PAYOH,New Sale,Strata,105,"26,371",-,Condominium,1,99 yrs lease commencing from 2024,12,Rest of Central Region,01 to 05
THE ORIE,"1,337,000",516.67,"2,588",Jan-25,LORONG 1 TOA PAYOH,New Sale,Strata,48,"27,854",-,Condominium,1,99 yrs lease commencing from 2024,12,Rest of Central Region,01 to 05
THE ORIE,"1,539,000",592.02,"2,600",Jan-25,LORONG 1 TOA PAYOH,New Sale,Strata,55,"27,982",-,Condominium,1,99 yrs lease commencing from 2024,12,Rest of Central Region,01 to 05
THE ORIE,"1,716,000",645.84,"2,657",Jan-25,LORONG 1 TOA PAYOH,New Sale,Strata,60,"28,600",-,Condominium,1,99 yrs lease commencing from 2024,12,Rest of Central Region,01 to 05
THE ORIE,"3,545,000","1,453.14","2,440",Jan-25,LORONG 1 TOA PAYOH,New Sale,Strata,135,"26,259",-,Condominium,1,99 yrs lease commencing from 2024,12,Rest of Central Region,01 to 05
THE ORIE,"2,778,000","1,130.22","2,458",Jan-25,LORONG 1 TOA PAYOH,New Sale,Strata,105,"26,457",-,Condominium,1,99 yrs lease commencing from 2024,12,Rest of Central Region,01 to 05
THE ORIE,"1,344,000",516.67,"2,601",Jan-25,LORONG 1 TOA PAYOH,New Sale,Strata,48,"28,000",-,Condominium,1,99 yrs lease commencing from 2024,12,Rest of Central Region,01 to 05
THE ORIE,"2,185,000",850.36,"2,570",Jan-25,LORONG 1 TOA PAYOH,New Sale,Strata,79,"27,658",-,Condominium,1,99 yrs lease commencing from 2024,12,Rest of Central Region,01 to 05
THE ORIE,"2,631,000","1,044.11","2,520",Jan-25,LORONG 1 TOA PAYOH,New Sale,Strata,97,"27,124",-,Condominium,1,99 yrs lease commencing from 2024,12,Rest of Central Region,01 to 05
THE ORIE,"1,819,000",699.66,"2,600",Jan-25,LORONG 1 TOA PAYOH,New Sale,Strata,65,"27,985",-,Condominium,1,99 yrs lease commencing from 2024,12,Rest of Central Region,01 to 05
THE ORIE,"1,749,000",678.13,"2,579",Jan-25,LORONG 1 TOA PAYOH,New Sale,Strata,63,"27,762",-,Condominium,1,99 yrs lease commencing from 2024,12,Rest of Central Region,01 to 05
THE ORIE,"1,724,000",645.84,"2,669",Jan-25,LORONG 1 TOA PAYOH,New Sale,Strata,60,"28,733",-,Condominium,1,99 yrs lease commencing from 2024,12,Rest of Central Region,06 to 10
THE ORIE,"3,558,000","1,453.14","2,448",Jan-25,LORONG 1 TOA PAYOH,New Sale,Strata,135,"26,356",-,Condominium,1,99 yrs lease commencing from 2024,12,Rest of Central Region,06 to 10
THE ORIE,"2,787,000","1,130.22","2,466",Jan-25,LORONG 1 TOA PAYOH,New Sale,Strata,105,"26,543",-,Condominium,1,99 yrs lease commencing from 2024,12,Rest of Central Region,06 to 10
THE ORIE,"1,351,000",516.67,"2,615",Jan-25,LORONG 1 TOA PAYOH,New Sale,Strata,48,"28,146",-,Condominium,1,99 yrs lease commencing from 2024,12,Rest of Central Region,06 to 10
THE ORIE,"1,555,000",592.02,"2,627",Jan-25,LORONG 1 TOA PAYOH,New Sale,Strata,55,"28,273",-,Condominium,1,99 yrs lease commencing from 2024,12,Rest of Central Region,06 to 10
THE ORIE,"2,195,000",850.36,"2,581",Jan-25,LORONG 1 TOA PAYOH,New Sale,Strata,79,"27,785",-,Condominium,1,99 yrs lease commencing from 2024,12,Rest of Central Region,06 to 10
THE ORIE,"2,649,000","1,044.11","2,537",Jan-25,LORONG 1 TOA PAYOH,New Sale,Strata,97,"27,309",-,Condominium,1,99 yrs lease commencing from 2024,12,Rest of Central Region,06 to 10
THE ORIE,"1,830,000",699.66,"2,616",Jan-25,LORONG 1 TOA PAYOH,New Sale,Strata,65,"28,154",-,Condominium,1,99 yrs lease commencing from 2024,12,Rest of Central Region,06 to 10
THE ORIE,"1,763,000",678.13,"2,600",Jan-25,LORONG 1 TOA PAYOH,New Sale,Strata,63,"27,984",-,Condominium,1,99 yrs lease commencing from 2024,12,Rest of Central Region,06 to 10
THE ORIE,"1,732,000",645.84,"2,682",Jan-25,LORONG 1 TOA PAYOH,New Sale,Strata,60,"28,867",-,Condominium,1,99 yrs lease commencing from 2024,12,Rest of Central Region,06 to 10
THE ORIE,"3,571,000","1,453.14","2,457",Jan-25,LORONG 1 TOA PAYOH,New Sale,Strata,135,"26,452",-,Condominium,1,99 yrs lease commencing from 2024,12,Rest of Central Region,06 to 10
THE ORIE,"2,796,000","1,130.22","2,474",Jan-25,LORONG 1 TOA PAYOH,New Sale,Strata,105,"26,629",-,Condominium,1,99 yrs lease commencing from 2024,12,Rest of Central Region,06 to 10
THE ORIE,"1,358,000",516.67,"2,628",Jan-25,LORONG 1 TOA PAYOH,New Sale,Strata,48,"28,292",-,Condominium,1,99 yrs lease commencing from 2024,12,Rest of Central Region,06 to 10
THE ORIE,"1,563,000",592.02,"2,640",Jan-25,LORONG 1 TOA PAYOH,New Sale,Strata,55,"28,418",-,Condominium,1,99 yrs lease commencing from 2024,12,Rest of Central Region,06 to 10
THE ORIE,"2,205,000",850.36,"2,593",Jan-25,LORONG 1 TOA PAYOH,New Sale,Strata,79,"27,911",-,Condominium,1,99 yrs lease commencing from 2024,12,Rest of Central Region,06 to 10
THE ORIE,"2,665,000","1,044.11","2,552",Jan-25,LORONG 1 TOA PAYOH,New Sale,Strata,97,"27,474",-,Condominium,1,99 yrs lease commencing from 2024,12,Rest of Central Region,06 to 10
THE ORIE,"1,841,000",699.66,"2,631",Jan-25,LORONG 1 TOA PAYOH,New Sale,Strata,65,"28,323",-,Condominium,1,99 yrs lease commencing from 2024,12,Rest of Central Region,06 to 10
THE ORIE,"1,776,000",678.13,"2,619",Jan-25,LORONG 1 TOA PAYOH,New Sale,Strata,63,"28,190",-,Condominium,1,99 yrs lease commencing from 2024,12,Rest of Central Region,06 to 10
THE ORIE,"2,814,000","1,130.22","2,490",Jan-25,LORONG 1 TOA PAYOH,New Sale,Strata,105,"26,800",-,Condominium,1,99 yrs lease commencing from 2024,12,Rest of Central Region,06 to 10
THE ORIE,"1,372,000",516.67,"2,655",Jan-25,LORONG 1 TOA PAYOH,New Sale,Strata,48,"28,583",-,Condominium,1,99 yrs lease commencing from 2024,12,Rest of Central Region,06 to 10
THE ORIE,"3,604,000","1,453.14","2,480",Jan-25,LORONG 1 TOA PAYOH,New Sale,Strata,135,"26,696",-,Condominium,1,99 yrs lease commencing from 2024,12,Rest of Central Region,06 to 10
THE ORIE,"2,682,000","1,044.11","2,569",Jan-25,LORONG 1 TOA PAYOH,New Sale,Strata,97,"27,649",-,Condominium,1,99 yrs lease commencing from 2024,12,Rest of Central Region,06 to 10
THE ORIE,"2,832,000","1,130.22","2,506",Jan-25,LORONG 1 TOA PAYOH,New Sale,Strata,105,"26,971",-,Condominium,1,99 yrs lease commencing from 2024,12,Rest of Central Region,06 to 10
THE ORIE,"1,386,000",516.67,"2,683",Jan-25,LORONG 1 TOA PAYOH,New Sale,Strata,48,"28,875",-,Condominium,1,99 yrs lease commencing from 2024,12,Rest of Central Region,06 to 10
THE ORIE,"2,692,000","1,044.11","2,578",Jan-25,LORONG 1 TOA PAYOH,New Sale,Strata,97,"27,753",-,Condominium,1,99 yrs lease commencing from 2024,12,Rest of Central Region,06 to 10
THE ORIE,"1,773,000",645.84,"2,745",Jan-25,LORONG 1 TOA PAYOH,New Sale,Strata,60,"29,550",-,Condominium,1,99 yrs lease commencing from 2024,12,Rest of Central Region,11 to 15
THE ORIE,"3,630,000","1,453.14","2,498",Jan-25,LORONG 1 TOA PAYOH,New Sale,Strata,135,"26,889",-,Condominium,1,99 yrs lease commencing from 2024,12,Rest of Central Region,11 to 15
THE ORIE,"2,841,000","1,130.22","2,514",Jan-25,LORONG 1 TOA PAYOH,New Sale,Strata,105,"27,057",-,Condominium,1,99 yrs lease commencing from 2024,12,Rest of Central Region,11 to 15
THE ORIE,"1,603,000",592.02,"2,708",Jan-25,LORONG 1 TOA PAYOH,New Sale,Strata,55,"29,145",-,Condominium,1,99 yrs lease commencing from 2024,12,Rest of Central Region,11 to 15
THE ORIE,"2,266,000",850.36,"2,665",Jan-25,LORONG 1 TOA PAYOH,New Sale,Strata,79,"28,684",-,Condominium,1,99 yrs lease commencing from 2024,12,Rest of Central Region,11 to 15
THE ORIE,"2,715,000","1,044.11","2,600",Jan-25,LORONG 1 TOA PAYOH,New Sale,Strata,97,"27,990",-,Condominium,1,99 yrs lease commencing from 2024,12,Rest of Central Region,11 to 15
THE ORIE,"3,148,000","1,216.33","2,588",Jan-25,LORONG 1 TOA PAYOH,New Sale,Strata,113,"27,858",-,Condominium,1,99 yrs lease commencing from 2024,12,Rest of Central Region,11 to 15
THE ORIE,"1,886,000",699.66,"2,696",Jan-25,LORONG 1 TOA PAYOH,New Sale,Strata,65,"29,015",-,Condominium,1,99 yrs lease commencing from 2024,12,Rest of Central Region,11 to 15
THE ORIE,"1,821,000",678.13,"2,685",Jan-25,LORONG 1 TOA PAYOH,New Sale,Strata,63,"28,905",-,Condominium,1,99 yrs lease commencing from 2024,12,Rest of Central Region,11 to 15
THE ORIE,"1,781,000",645.84,"2,758",Jan-25,LORONG 1 TOA PAYOH,New Sale,Strata,60,"29,683",-,Condominium,1,99 yrs lease commencing from 2024,12,Rest of Central Region,11 to 15
THE ORIE,"3,643,000","1,453.14","2,507",Jan-25,LORONG 1 TOA PAYOH,New Sale,Strata,135,"26,985",-,Condominium,1,99 yrs lease commencing from 2024,12,Rest of Central Region,11 to 15
THE ORIE,"2,850,000","1,130.22","2,522",Jan-25,LORONG 1 TOA PAYOH,New Sale,Strata,105,"27,143",-,Condominium,1,99 yrs lease commencing from 2024,12,Rest of Central Region,11 to 15
THE ORIE,"1,400,000",516.67,"2,710",Jan-25,LORONG 1 TOA PAYOH,New Sale,Strata,48,"29,167",-,Condominium,1,99 yrs lease commencing from 2024,12,Rest of Central Region,11 to 15
THE ORIE,"1,611,000",592.02,"2,721",Jan-25,LORONG 1 TOA PAYOH,New Sale,Strata,55,"29,291",-,Condominium,1,99 yrs lease commencing from 2024,12,Rest of Central Region,11 to 15
THE ORIE,"2,277,000",850.36,"2,678",Jan-25,LORONG 1 TOA PAYOH,New Sale,Strata,79,"28,823",-,Condominium,1,99 yrs lease commencing from 2024,12,Rest of Central Region,11 to 15
THE ORIE,"2,725,000","1,044.11","2,610",Jan-25,LORONG 1 TOA PAYOH,New Sale,Strata,97,"28,093",-,Condominium,1,99 yrs lease commencing from 2024,12,Rest of Central Region,11 to 15
THE ORIE,"1,895,000",699.66,"2,708",Jan-25,LORONG 1 TOA PAYOH,New Sale,Strata,65,"29,154",-,Condominium,1,99 yrs lease commencing from 2024,12,Rest of Central Region,11 to 15
THE ORIE,"1,830,000",678.13,"2,699",Jan-25,LORONG 1 TOA PAYOH,New Sale,Strata,63,"29,048",-,Condominium,1,99 yrs lease commencing from 2024,12,Rest of Central Region,11 to 15
THE ORIE,"3,656,000","1,453.14","2,516",Jan-25,LORONG 1 TOA PAYOH,New Sale,Strata,135,"27,081",-,Condominium,1,99 yrs lease commencing from 2024,12,Rest of Central Region,11 to 15
THE ORIE,"2,859,000","1,130.22","2,530",Jan-25,LORONG 1 TOA PAYOH,New Sale,Strata,105,"27,229",-,Condominium,1,99 yrs lease commencing from 2024,12,Rest of Central Region,11 to 15
THE ORIE,"1,839,000",678.13,"2,712",Jan-25,LORONG 1 TOA PAYOH,New Sale,Strata,63,"29,190",-,Condominium,1,99 yrs lease commencing from 2024,12,Rest of Central Region,11 to 15
THE ORIE,"3,669,000","1,453.14","2,525",Jan-25,LORONG 1 TOA PAYOH,New Sale,Strata,135,"27,178",-,Condominium,1,99 yrs lease commencing from 2024,12,Rest of Central Region,11 to 15
THE ORIE,"1,414,000",516.67,"2,737",Jan-25,LORONG 1 TOA PAYOH,New Sale,Strata,48,"29,458",-,Condominium,1,99 yrs lease commencing from 2024,12,Rest of Central Region,11 to 15
THE ORIE,"3,154,000","1,216.33","2,593",Jan-25,LORONG 1 TOA PAYOH,New Sale,Strata,113,"27,912",-,Condominium,1,99 yrs lease commencing from 2024,12,Rest of Central Region,11 to 15
THE ORIE,"1,848,000",678.13,"2,725",Jan-25,LORONG 1 TOA PAYOH,New Sale,Strata,63,"29,333",-,Condominium,1,99 yrs lease commencing from 2024,12,Rest of Central Region,11 to 15
THE ORIE,"1,805,000",645.84,"2,795",Jan-25,LORONG 1 TOA PAYOH,New Sale,Strata,60,"30,083",-,Condominium,1,99 yrs lease commencing from 2024,12,Rest of Central Region,11 to 15
THE ORIE,"3,682,000","1,453.14","2,534",Jan-25,LORONG 1 TOA PAYOH,New Sale,Strata,135,"27,274",-,Condominium,1,99 yrs lease commencing from 2024,12,Rest of Central Region,11 to 15
THE ORIE,"2,877,000","1,130.22","2,546",Jan-25,LORONG 1 TOA PAYOH,New Sale,Strata,105,"27,400",-,Condominium,1,99 yrs lease commencing from 2024,12,Rest of Central Region,11 to 15
THE ORIE,"1,421,000",516.67,"2,750",Jan-25,LORONG 1 TOA PAYOH,New Sale,Strata,48,"29,604",-,Condominium,1,99 yrs lease commencing from 2024,12,Rest of Central Region,11 to 15
THE ORIE,"1,636,000",592.02,"2,763",Jan-25,LORONG 1 TOA PAYOH,New Sale,Strata,55,"29,745",-,Condominium,1,99 yrs lease commencing from 2024,12,Rest of Central Region,11 to 15
THE ORIE,"2,307,000",850.36,"2,713",Jan-25,LORONG 1 TOA PAYOH,New Sale,Strata,79,"29,203",-,Condominium,1,99 yrs lease commencing from 2024,12,Rest of Central Region,11 to 15
THE ORIE,"2,755,000","1,044.11","2,639",Jan-25,LORONG 1 TOA PAYOH,New Sale,Strata,97,"28,402",-,Condominium,1,99 yrs lease commencing from 2024,12,Rest of Central Region,11 to 15
THE ORIE,"3,166,000","1,216.33","2,603",Jan-25,LORONG 1 TOA PAYOH,New Sale,Strata,113,"28,018",-,Condominium,1,99 yrs lease commencing from 2024,12,Rest of Central Region,11 to 15
THE ORIE,"1,923,000",699.66,"2,748",Jan-25,LORONG 1 TOA PAYOH,New Sale,Strata,65,"29,585",-,Condominium,1,99 yrs lease commencing from 2024,12,Rest of Central Region,11 to 15
THE ORIE,"1,857,000",678.13,"2,738",Jan-25,LORONG 1 TOA PAYOH,New Sale,Strata,63,"29,476",-,Condominium,1,99 yrs lease commencing from 2024,12,Rest of Central Region,11 to 15
THE ORIE,"1,813,000",645.84,"2,807",Jan-25,LORONG 1 TOA PAYOH,New Sale,Strata,60,"30,217",-,Condominium,1,99 yrs lease commencing from 2024,12,Rest of Central Region,16 to 20
THE ORIE,"3,695,000","1,453.14","2,543",Jan-25,LORONG 1 TOA PAYOH,New Sale,Strata,135,"27,370",-,Condominium,1,99 yrs lease commencing from 2024,12,Rest of Central Region,16 to 20
THE ORIE,"2,886,000","1,130.22","2,553",Jan-25,LORONG 1 TOA PAYOH,New Sale,Strata,105,"27,486",-,Condominium,1,99 yrs lease commencing from 2024,12,Rest of Central Region,16 to 20
THE ORIE,"1,428,000",516.67,"2,764",Jan-25,LORONG 1 TOA PAYOH,New Sale,Strata,48,"29,750",-,Condominium,1,99 yrs lease commencing from 2024,12,Rest of Central Region,16 to 20
THE ORIE,"1,644,000",592.02,"2,777",Jan-25,LORONG 1 TOA PAYOH,New Sale,Strata,55,"29,891",-,Condominium,1,99 yrs lease commencing from 2024,12,Rest of Central Region,16 to 20
THE ORIE,"2,317,000",850.36,"2,725",Jan-25,LORONG 1 TOA PAYOH,New Sale,Strata,79,"29,329",-,Condominium,1,99 yrs lease commencing from 2024,12,Rest of Central Region,16 to 20
THE ORIE,"2,766,000","1,044.11","2,649",Jan-25,LORONG 1 TOA PAYOH,New Sale,Strata,97,"28,515",-,Condominium,1,99 yrs lease commencing from 2024,12,Rest of Central Region,16 to 20
THE ORIE,"3,178,000","1,216.33","2,613",Jan-25,LORONG 1 TOA PAYOH,New Sale,Strata,113,"28,124",-,Condominium,1,99 yrs lease commencing from 2024,12,Rest of Central Region,16 to 20
THE ORIE,"1,932,000",699.66,"2,761",Jan-25,LORONG 1 TOA PAYOH,New Sale,Strata,65,"29,723",-,Condominium,1,99 yrs lease commencing from 2024,12,Rest of Central Region,16 to 20
THE ORIE,"1,866,000",678.13,"2,752",Jan-25,LORONG 1 TOA PAYOH,New Sale,Strata,63,"29,619",-,Condominium,1,99 yrs lease commencing from 2024,12,Rest of Central Region,16 to 20
THE ORIE,"1,821,000",645.84,"2,820",Jan-25,LORONG 1 TOA PAYOH,New Sale,Strata,60,"30,350",-,Condominium,1,99 yrs lease commencing from 2024,12,Rest of Central Region,16 to 20
THE ORIE,"3,708,000","1,453.14","2,552",Jan-25,LORONG 1 TOA PAYOH,New Sale,Strata,135,"27,467",-,Condominium,1,99 yrs lease commencing from 2024,12,Rest of Central Region,16 to 20
THE ORIE,"2,895,000","1,130.22","2,561",Jan-25,LORONG 1 TOA PAYOH,New Sale,Strata,105,"27,571",-,Condominium,1,99 yrs lease commencing from 2024,12,Rest of Central Region,16 to 20
THE ORIE,"1,435,000",516.67,"2,777",Jan-25,LORONG 1 TOA PAYOH,New Sale,Strata,48,"29,896",-,Condominium,1,99 yrs lease commencing from 2024,12,Rest of Central Region,16 to 20
THE ORIE,"1,652,000",592.02,"2,790",Jan-25,LORONG 1 TOA PAYOH,New Sale,Strata,55,"30,036",-,Condominium,1,99 yrs lease commencing from 2024,12,Rest of Central Region,16 to 20
THE ORIE,"2,327,000",850.36,"2,737",Jan-25,LORONG 1 TOA PAYOH,New Sale,Strata,79,"29,456",-,Condominium,1,99 yrs lease commencing from 2024,12,Rest of Central Region,16 to 20
THE ORIE,"2,776,000","1,044.11","2,659",Jan-25,LORONG 1 TOA PAYOH,New Sale,Strata,97,"28,619",-,Condominium,1,99 yrs lease commencing from 2024,12,Rest of Central Region,16 to 20
THE ORIE,"3,190,000","1,216.33","2,623",Jan-25,LORONG 1 TOA PAYOH,New Sale,Strata,113,"28,230",-,Condominium,1,99 yrs lease commencing from 2024,12,Rest of Central Region,16 to 20
THE ORIE,"1,941,000",699.66,"2,774",Jan-25,LORONG 1 TOA PAYOH,New Sale,Strata,65,"29,862",-,Condominium,1,99 yrs lease commencing from 2024,12,Rest of Central Region,16 to 20
THE ORIE,"1,875,000",678.13,"2,765",Jan-25,LORONG 1 TOA PAYOH,New Sale,Strata,63,"29,762",-,Condominium,1,99 yrs lease commencing from 2024,12,Rest of Central Region,16 to 20
THE ORIE,"3,734,000","1,453.14","2,570",Jan-25,LORONG 1 TOA PAYOH,New Sale,Strata,135,"27,659",-,Condominium,1,99 yrs lease commencing from 2024,12,Rest of Central Region,16 to 20
THE ORIE,"3,214,000","1,216.33","2,642",Jan-25,LORONG 1 TOA PAYOH,New Sale,Strata,113,"28,442",-,Condominium,1,99 yrs lease commencing from 2024,12,Rest of Central Region,16 to 20
THE ORIE,"1,893,000",678.13,"2,791",Jan-25,LORONG 1 TOA PAYOH,New Sale,Strata,63,"30,048",-,Condominium,1,99 yrs lease commencing from 2024,12,Rest of Central Region,16 to 20
THE ORIE,"3,746,000","1,453.14","2,578",Jan-25,LORONG 1 TOA PAYOH,New Sale,Strata,135,"27,748",-,Condominium,1,99 yrs lease commencing from 2024,12,Rest of Central Region,16 to 20
THE ORIE,"1,455,000",516.67,"2,816",Jan-25,LORONG 1 TOA PAYOH,New Sale,Strata,48,"30,313",-,Condominium,1,99 yrs lease commencing from 2024,12,Rest of Central Region,16 to 20
THE ORIE,"3,224,000","1,216.33","2,651",Jan-25,LORONG 1 TOA PAYOH,New Sale,Strata,113,"28,531",-,Condominium,1,99 yrs lease commencing from 2024,12,Rest of Central Region,16 to 20
THE ORIE,"1,900,000",678.13,"2,802",Jan-25,LORONG 1 TOA PAYOH,New Sale,Strata,63,"30,159",-,Condominium,1,99 yrs lease commencing from 2024,12,Rest of Central Region,16 to 20
THE ORIE,"2,929,000","1,130.22","2,592",Jan-25,LORONG 1 TOA PAYOH,New Sale,Strata,105,"27,895",-,Condominium,1,99 yrs lease commencing from 2024,12,Rest of Central Region,16 to 20
THE ORIE,"1,461,000",516.67,"2,828",Jan-25,LORONG 1 TOA PAYOH,New Sale,Strata,48,"30,438",-,Condominium,1,99 yrs lease commencing from 2024,12,Rest of Central Region,16 to 20
THE ORIE,"3,234,000","1,216.33","2,659",Jan-25,LORONG 1 TOA PAYOH,New Sale,Strata,113,"28,619",-,Condominium,1,99 yrs lease commencing from 2024,12,Rest of Central Region,16 to 20
THE ORIE,"1,907,000",678.13,"2,812",Jan-25,LORONG 1 TOA PAYOH,New Sale,Strata,63,"30,270",-,Condominium,1,99 yrs lease commencing from 2024,12,Rest of Central Region,16 to 20
THE ORIE,"2,937,000","1,130.22","2,599",Jan-25,LORONG 1 TOA PAYOH,New Sale,Strata,105,"27,971",-,Condominium,1,99 yrs lease commencing from 2024,12,Rest of Central Region,21 to 25
THE ORIE,"1,467,000",516.67,"2,839",Jan-25,LORONG 1 TOA PAYOH,New Sale,Strata,48,"30,563",-,Condominium,1,99 yrs lease commencing from 2024,12,Rest of Central Region,21 to 25
THE ORIE,"1,680,000",592.02,"2,838",Jan-25,LORONG 1 TOA PAYOH,New Sale,Strata,55,"30,545",-,Condominium,1,99 yrs lease commencing from 2024,12,Rest of Central Region,21 to 25
THE ORIE,"3,244,000","1,216.33","2,667",Jan-25,LORONG 1 TOA PAYOH,New Sale,Strata,113,"28,708",-,Condominium,1,99 yrs lease commencing from 2024,12,Rest of Central Region,21 to 25
THE ORIE,"1,964,000",699.66,"2,807",Jan-25,LORONG 1 TOA PAYOH,New Sale,Strata,65,"30,215",-,Condominium,1,99 yrs lease commencing from 2024,12,Rest of Central Region,21 to 25
THE ORIE,"1,914,000",678.13,"2,822",Jan-25,LORONG 1 TOA PAYOH,New Sale,Strata,63,"30,381",-,Condominium,1,99 yrs lease commencing from 2024,12,Rest of Central Region,21 to 25
THE ORIE,"1,857,000",645.84,"2,875",Jan-25,LORONG 1 TOA PAYOH,New Sale,Strata,60,"30,950",-,Condominium,1,99 yrs lease commencing from 2024,12,Rest of Central Region,21 to 25
THE ORIE,"3,782,000","1,453.14","2,603",Jan-25,LORONG 1 TOA PAYOH,New Sale,Strata,135,"28,015",-,Condominium,1,99 yrs lease commencing from 2024,12,Rest of Central Region,21 to 25
THE ORIE,"2,945,000","1,130.22","2,606",Jan-25,LORONG 1 TOA PAYOH,New Sale,Strata,105,"28,048",-,Condominium,1,99 yrs lease commencing from 2024,12,Rest of Central Region,21 to 25
THE ORIE,"1,473,000",516.67,"2,851",Jan-25,LORONG 1 TOA PAYOH,New Sale,Strata,48,"30,688",-,Condominium,1,99 yrs lease commencing from 2024,12,Rest of Central Region,21 to 25
THE ORIE,"1,687,000",592.02,"2,850",Jan-25,LORONG 1 TOA PAYOH,New Sale,Strata,55,"30,673",-,Condominium,1,99 yrs lease commencing from 2024,12,Rest of Central Region,21 to 25
THE ORIE,"2,384,000",850.36,"2,804",Jan-25,LORONG 1 TOA PAYOH,New Sale,Strata,79,"30,177",-,Condominium,1,99 yrs lease commencing from 2024,12,Rest of Central Region,21 to 25
THE ORIE,"2,832,000","1,044.11","2,712",Jan-25,LORONG 1 TOA PAYOH,New Sale,Strata,97,"29,196",-,Condominium,1,99 yrs lease commencing from 2024,12,Rest of Central Region,21 to 25
THE ORIE,"3,254,000","1,216.33","2,675",Jan-25,LORONG 1 TOA PAYOH,New Sale,Strata,113,"28,796",-,Condominium,1,99 yrs lease commencing from 2024,12,Rest of Central Region,21 to 25
THE ORIE,"1,972,000",699.66,"2,819",Jan-25,LORONG 1 TOA PAYOH,New Sale,Strata,65,"30,338",-,Condominium,1,99 yrs lease commencing from 2024,12,Rest of Central Region,21 to 25
THE ORIE,"1,921,000",678.13,"2,833",Jan-25,LORONG 1 TOA PAYOH,New Sale,Strata,63,"30,492",-,Condominium,1,99 yrs lease commencing from 2024,12,Rest of Central Region,21 to 25
THE ORIE,"3,794,000","1,453.14","2,611",Jan-25,LORONG 1 TOA PAYOH,New Sale,Strata,135,"28,104",-,Condominium,1,99 yrs lease commencing from 2024,12,Rest of Central Region,21 to 25
THE ORIE,"1,479,000",516.67,"2,863",Jan-25,LORONG 1 TOA PAYOH,New Sale,Strata,48,"30,813",-,Condominium,1,99 yrs lease commencing from 2024,12,Rest of Central Region,21 to 25
THE ORIE,"1,694,000",592.02,"2,861",Jan-25,LORONG 1 TOA PAYOH,New Sale,Strata,55,"30,800",-,Condominium,1,99 yrs lease commencing from 2024,12,Rest of Central Region,21 to 25
THE ORIE,"3,264,000","1,216.33","2,683",Jan-25,LORONG 1 TOA PAYOH,New Sale,Strata,113,"28,885",-,Condominium,1,99 yrs lease commencing from 2024,12,Rest of Central Region,21 to 25
THE ORIE,"1,980,000",699.66,"2,830",Jan-25,LORONG 1 TOA PAYOH,New Sale,Strata,65,"30,462",-,Condominium,1,99 yrs lease commencing from 2024,12,Rest of Central Region,21 to 25
THE ORIE,"1,928,000",678.13,"2,843",Jan-25,LORONG 1 TOA PAYOH,New Sale,Strata,63,"30,603",-,Condominium,1,99 yrs lease commencing from 2024,12,Rest of Central Region,21 to 25
THE ORIE,"1,862,000",645.84,"2,883",Jan-25,LORONG 1 TOA PAYOH,New Sale,Strata,60,"31,033",-,Condominium,1,99 yrs lease commencing from 2024,12,Rest of Central Region,21 to 25
THE ORIE,"1,701,000",592.02,"2,873",Jan-25,LORONG 1 TOA PAYOH,New Sale,Strata,55,"30,927",-,Condominium,1,99 yrs lease commencing from 2024,12,Rest of Central Region,21 to 25
THE ORIE,"3,274,000","1,216.33","2,692",Jan-25,LORONG 1 TOA PAYOH,New Sale,Strata,113,"28,973",-,Condominium,1,99 yrs lease commencing from 2024,12,Rest of Central Region,21 to 25
THE ORIE,"1,988,000",699.66,"2,841",Jan-25,LORONG 1 TOA PAYOH,New Sale,Strata,65,"30,585",-,Condominium,1,99 yrs lease commencing from 2024,12,Rest of Central Region,21 to 25
THE ORIE,"1,935,000",678.13,"2,853",Jan-25,LORONG 1 TOA PAYOH,New Sale,Strata,63,"30,714",-,Condominium,1,99 yrs lease commencing from 2024,12,Rest of Central Region,21 to 25
THE ORIE,"1,869,000",645.84,"2,894",Jan-25,LORONG 1 TOA PAYOH,New Sale,Strata,60,"31,150",-,Condominium,1,99 yrs lease commencing from 2024,12,Rest of Central Region,21 to 25
THE ORIE,"1,708,000",592.02,"2,885",Jan-25,LORONG 1 TOA PAYOH,New Sale,Strata,55,"31,055",-,Condominium,1,99 yrs lease commencing from 2024,12,Rest of Central Region,21 to 25
THE ORIE,"2,859,000","1,044.11","2,738",Jan-25,LORONG 1 TOA PAYOH,New Sale,Strata,97,"29,474",-,Condominium,1,99 yrs lease commencing from 2024,12,Rest of Central Region,21 to 25
THE ORIE,"3,284,000","1,216.33","2,700",Jan-25,LORONG 1 TOA PAYOH,New Sale,Strata,113,"29,062",-,Condominium,1,99 yrs lease commencing from 2024,12,Rest of Central Region,21 to 25
THE ORIE,"1,996,000",699.66,"2,853",Jan-25,LORONG 1 TOA PAYOH,New Sale,Strata,65,"30,708",-,Condominium,1,99 yrs lease commencing from 2024,12,Rest of Central Region,21 to 25
THE ORIE,"1,942,000",678.13,"2,864",Jan-25,LORONG 1 TOA PAYOH,New Sale,Strata,63,"30,825",-,Condominium,1,99 yrs lease commencing from 2024,12,Rest of Central Region,21 to 25
THE ORIE,"1,876,000",645.84,"2,905",Jan-25,LORONG 1 TOA PAYOH,New Sale,Strata,60,"31,267",-,Condominium,1,99 yrs lease commencing from 2024,12,Rest of Central Region,26 to 30
THE ORIE,"3,830,000","1,453.14","2,636",Jan-25,LORONG 1 TOA PAYOH,New Sale,Strata,135,"28,370",-,Condominium,1,99 yrs lease commencing from 2024,12,Rest of Central Region,26 to 30
THE ORIE,"1,715,000",592.02,"2,897",Jan-25,LORONG 1 TOA PAYOH,New Sale,Strata,55,"31,182",-,Condominium,1,99 yrs lease commencing from 2024,12,Rest of Central Region,26 to 30
THE ORIE,"2,421,000",850.36,"2,847",Jan-25,LORONG 1 TOA PAYOH,New Sale,Strata,79,"30,646",-,Condominium,1,99 yrs lease commencing from 2024,12,Rest of Central Region,26 to 30
THE ORIE,"2,869,000","1,044.11","2,748",Jan-25,LORONG 1 TOA PAYOH,New Sale,Strata,97,"29,577",-,Condominium,1,99 yrs lease commencing from 2024,12,Rest of Central Region,26 to 30
THE ORIE,"3,294,000","1,216.33","2,708",Jan-25,LORONG 1 TOA PAYOH,New Sale,Strata,113,"29,150",-,Condominium,1,99 yrs lease commencing from 2024,12,Rest of Central Region,26 to 30
THE ORIE,"2,004,000",699.66,"2,864",Jan-25,LORONG 1 TOA PAYOH,New Sale,Strata,65,"30,831",-,Condominium,1,99 yrs lease commencing from 2024,12,Rest of Central Region,26 to 30
THE ORIE,"1,950,000",678.13,"2,876",Jan-25,LORONG 1 TOA PAYOH,New Sale,Strata,63,"30,952",-,Condominium,1,99 yrs lease commencing from 2024,12,Rest of Central Region,26 to 30
THE ORIE,"1,883,000",645.84,"2,916",Jan-25,LORONG 1 TOA PAYOH,New Sale,Strata,60,"31,383",-,Condominium,1,99 yrs lease commencing from 2024,12,Rest of Central Region,26 to 30
THE ORIE,"3,842,000","1,453.14","2,644",Jan-25,LORONG 1 TOA PAYOH,New Sale,Strata,135,"28,459",-,Condominium,1,99 yrs lease commencing from 2024,12,Rest of Central Region,26 to 30
THE ORIE,"1,503,000",516.67,"2,909",Jan-25,LORONG 1 TOA PAYOH,New Sale,Strata,48,"31,313",-,Condominium,1,99 yrs lease commencing from 2024,12,Rest of Central Region,26 to 30
THE ORIE,"1,722,000",592.02,"2,909",Jan-25,LORONG 1 TOA PAYOH,New Sale,Strata,55,"31,309",-,Condominium,1,99 yrs lease commencing from 2024,12,Rest of Central Region,26 to 30
THE ORIE,"2,878,000","1,044.11","2,756",Jan-25,LORONG 1 TOA PAYOH,New Sale,Strata,97,"29,670",-,Condominium,1,99 yrs lease commencing from 2024,12,Rest of Central Region,26 to 30
THE ORIE,"3,304,000","1,216.33","2,716",Jan-25,LORONG 1 TOA PAYOH,New Sale,Strata,113,"29,239",-,Condominium,1,99 yrs lease commencing from 2024,12,Rest of Central Region,26 to 30
THE ORIE,"2,012,000",699.66,"2,876",Jan-25,LORONG 1 TOA PAYOH,New Sale,Strata,65,"30,954",-,Condominium,1,99 yrs lease commencing from 2024,12,Rest of Central Region,26 to 30
THE ORIE,"1,897,000",645.84,"2,937",Jan-25,LORONG 1 TOA PAYOH,New Sale,Strata,60,"31,617",-,Condominium,1,99 yrs lease commencing from 2024,12,Rest of Central Region,26 to 30
THE ORIE,"1,736,000",592.02,"2,932",Jan-25,LORONG 1 TOA PAYOH,New Sale,Strata,55,"31,564",-,Condominium,1,99 yrs lease commencing from 2024,12,Rest of Central Region,26 to 30
THE ORIE,"2,896,000","1,044.11","2,774",Jan-25,LORONG 1 TOA PAYOH,New Sale,Strata,97,"29,856",-,Condominium,1,99 yrs lease commencing from 2024,12,Rest of Central Region,26 to 30
THE ORIE,"3,324,000","1,216.33","2,733",Jan-25,LORONG 1 TOA PAYOH,New Sale,Strata,113,"29,416",-,Condominium,1,99 yrs lease commencing from 2024,12,Rest of Central Region,26 to 30
THE ORIE,"1,971,000",678.13,"2,907",Jan-25,LORONG 1 TOA PAYOH,New Sale,Strata,63,"31,286",-,Condominium,1,99 yrs lease commencing from 2024,12,Rest of Central Region,26 to 30
THE ORIE,"1,903,000",645.84,"2,947",Jan-25,LORONG 1 TOA PAYOH,New Sale,Strata,60,"31,717",-,Condominium,1,99 yrs lease commencing from 2024,12,Rest of Central Region,26 to 30
THE ORIE,"1,742,000",592.02,"2,942",Jan-25,LORONG 1 TOA PAYOH,New Sale,Strata,55,"31,673",-,Condominium,1,99 yrs lease commencing from 2024,12,Rest of Central Region,26 to 30
THE ORIE,"2,904,000","1,044.11","2,781",Jan-25,LORONG 1 TOA PAYOH,New Sale,Strata,97,"29,938",-,Condominium,1,99 yrs lease commencing from 2024,12,Rest of Central Region,26 to 30
THE ORIE,"3,333,000","1,216.33","2,740",Jan-25,LORONG 1 TOA PAYOH,New Sale,Strata,113,"29,496",-,Condominium,1,99 yrs lease commencing from 2024,12,Rest of Central Region,26 to 30
THE ORIE,"2,035,000",699.66,"2,909",Jan-25,LORONG 1 TOA PAYOH,New Sale,Strata,65,"31,308",-,Condominium,1,99 yrs lease commencing from 2024,12,Rest of Central Region,26 to 30
THE ORIE,"1,977,000",678.13,"2,915",Jan-25,LORONG 1 TOA PAYOH,New Sale,Strata,63,"31,381",-,Condominium,1,99 yrs lease commencing from 2024,12,Rest of Central Region,26 to 30
THE ORIE,"1,909,000",645.84,"2,956",Jan-25,LORONG 1 TOA PAYOH,New Sale,Strata,60,"31,817",-,Condominium,1,99 yrs lease commencing from 2024,12,Rest of Central Region,26 to 30
THE ORIE,"3,888,000","1,453.14","2,676",Jan-25,LORONG 1 TOA PAYOH,New Sale,Strata,135,"28,800",-,Condominium,1,99 yrs lease commencing from 2024,12,Rest of Central Region,26 to 30
THE ORIE,"1,525,000",516.67,"2,952",Jan-25,LORONG 1 TOA PAYOH,New Sale,Strata,48,"31,771",-,Condominium,1,99 yrs lease commencing from 2024,12,Rest of Central Region,26 to 30
THE ORIE,"1,748,000",592.02,"2,953",Jan-25,LORONG 1 TOA PAYOH,New Sale,Strata,55,"31,782",-,Condominium,1,99 yrs lease commencing from 2024,12,Rest of Central Region,26 to 30
THE ORIE,"2,912,000","1,044.11","2,789",Jan-25,LORONG 1 TOA PAYOH,New Sale,Strata,97,"30,021",-,Condominium,1,99 yrs lease commencing from 2024,12,Rest of Central Region,26 to 30
THE ORIE,"3,342,000","1,216.33","2,748",Jan-25,LORONG 1 TOA PAYOH,New Sale,Strata,113,"29,575",-,Condominium,1,99 yrs lease commencing from 2024,12,Rest of Central Region,26 to 30
THE ORIE,"2,042,000",699.66,"2,919",Jan-25,LORONG 1 TOA PAYOH,New Sale,Strata,65,"31,415",-,Condominium,1,99 yrs lease commencing from 2024,12,Rest of Central Region,26 to 30
THE ORIE,"1,983,000",678.13,"2,924",Jan-25,LORONG 1 TOA PAYOH,New Sale,Strata,63,"31,476",-,Condominium,1,99 yrs lease commencing from 2024,12,Rest of Central Region,26 to 30
THE ORIE,"1,915,000",645.84,"2,965",Jan-25,LORONG 1 TOA PAYOH,New Sale,Strata,60,"31,917",-,Condominium,1,99 yrs lease commencing from 2024,12,Rest of Central Region,31 to 35
THE ORIE,"3,899,000","1,453.14","2,683",Jan-25,LORONG 1 TOA PAYOH,New Sale,Strata,135,"28,881",-,Condominium,1,99 yrs lease commencing from 2024,12,Rest of Central Region,31 to 35
THE ORIE,"1,754,000",592.02,"2,963",Jan-25,LORONG 1 TOA PAYOH,New Sale,Strata,55,"31,891",-,Condominium,1,99 yrs lease commencing from 2024,12,Rest of Central Region,31 to 35
THE ORIE,"2,436,000",850.36,"2,865",Jan-25,LORONG 1 TOA PAYOH,New Sale,Strata,79,"30,835",-,Condominium,1,99 yrs lease commencing from 2024,12,Rest of Central Region,31 to 35
THE ORIE,"2,920,000","1,044.11","2,797",Jan-25,LORONG 1 TOA PAYOH,New Sale,Strata,97,"30,103",-,Condominium,1,99 yrs lease commencing from 2024,12,Rest of Central Region,31 to 35
THE ORIE,"3,351,000","1,216.33","2,755",Jan-25,LORONG 1 TOA PAYOH,New Sale,Strata,113,"29,655",-,Condominium,1,99 yrs lease commencing from 2024,12,Rest of Central Region,31 to 35
THE ORIE,"2,049,000",699.66,"2,929",Jan-25,LORONG 1 TOA PAYOH,New Sale,Strata,65,"31,523",-,Condominium,1,99 yrs lease commencing from 2024,12,Rest of Central Region,31 to 35
THE ORIE,"1,989,000",678.13,"2,933",Jan-25,LORONG 1 TOA PAYOH,New Sale,Strata,63,"31,571",-,Condominium,1,99 yrs lease commencing from 2024,12,Rest of Central Region,31 to 35
THE ORIE,"1,921,000",645.84,"2,974",Jan-25,LORONG 1 TOA PAYOH,New Sale,Strata,60,"32,017",-,Condominium,1,99 yrs lease commencing from 2024,12,Rest of Central Region,31 to 35
THE ORIE,"1,760,000",592.02,"2,973",Jan-25,LORONG 1 TOA PAYOH,New Sale,Strata,55,"32,000",-,Condominium,1,99 yrs lease commencing from 2024,12,Rest of Central Region,31 to 35
THE ORIE,"2,928,000","1,044.11","2,804",Jan-25,LORONG 1 TOA PAYOH,New Sale,Strata,97,"30,186",-,Condominium,1,99 yrs lease commencing from 2024,12,Rest of Central Region,31 to 35
THE ORIE,"3,360,000","1,216.33","2,762",Jan-25,LORONG 1 TOA PAYOH,New Sale,Strata,113,"29,735",-,Condominium,1,99 yrs lease commencing from 2024,12,Rest of Central Region,31 to 35
THE ORIE,"2,056,000",699.66,"2,939",Jan-25,LORONG 1 TOA PAYOH,New Sale,Strata,65,"31,631",-,Condominium,1,99 yrs lease commencing from 2024,12,Rest of Central Region,31 to 35
THE ORIE,"1,995,000",678.13,"2,942",Jan-25,LORONG 1 TOA PAYOH,New Sale,Strata,63,"31,667",-,Condominium,1,99 yrs lease commencing from 2024,12,Rest of Central Region,31 to 35
THE ORIE,"1,927,000",645.84,"2,984",Jan-25,LORONG 1 TOA PAYOH,New Sale,Strata,60,"32,117",-,Condominium,1,99 yrs lease commencing from 2024,12,Rest of Central Region,31 to 35
THE ORIE,"3,921,000","1,453.14","2,698",Jan-25,LORONG 1 TOA PAYOH,New Sale,Strata,135,"29,044",-,Condominium,1,99 yrs lease commencing from 2024,12,Rest of Central Region,31 to 35
THE ORIE,"3,036,000","1,130.22","2,686",Jan-25,LORONG 1 TOA PAYOH,New Sale,Strata,105,"28,914",-,Condominium,1,99 yrs lease commencing from 2024,12,Rest of Central Region,31 to 35
THE ORIE,"1,766,000",592.02,"2,983",Jan-25,LORONG 1 TOA PAYOH,New Sale,Strata,55,"32,109",-,Condominium,1,99 yrs lease commencing from 2024,12,Rest of Central Region,31 to 35
THE ORIE,"2,452,000",850.36,"2,883",Jan-25,LORONG 1 TOA PAYOH,New Sale,Strata,79,"31,038",-,Condominium,1,99 yrs lease commencing from 2024,12,Rest of Central Region,31 to 35
THE ORIE,"2,936,000","1,044.11","2,812",Jan-25,LORONG 1 TOA PAYOH,New Sale,Strata,97,"30,268",-,Condominium,1,99 yrs lease commencing from 2024,12,Rest of Central Region,31 to 35
THE ORIE,"3,369,000","1,216.33","2,770",Jan-25,LORONG 1 TOA PAYOH,New Sale,Strata,113,"29,814",-,Condominium,1,99 yrs lease commencing from 2024,12,Rest of Central Region,31 to 35
THE ORIE,"2,063,000",699.66,"2,949",Jan-25,LORONG 1 TOA PAYOH,New Sale,Strata,65,"31,738",-,Condominium,1,99 yrs lease commencing from 2024,12,Rest of Central Region,31 to 35
THE ORIE,"2,001,000",678.13,"2,951",Jan-25,LORONG 1 TOA PAYOH,New Sale,Strata,63,"31,762",-,Condominium,1,99 yrs lease commencing from 2024,12,Rest of Central Region,31 to 35
THE ORIE,"1,933,000",645.84,"2,993",Jan-25,LORONG 1 TOA PAYOH,New Sale,Strata,60,"32,217",-,Condominium,1,99 yrs lease commencing from 2024,12,Rest of Central Region,31 to 35
THE ORIE,"1,772,000",592.02,"2,993",Jan-25,LORONG 1 TOA PAYOH,New Sale,Strata,55,"32,218",-,Condominium,1,99 yrs lease commencing from 2024,12,Rest of Central Region,31 to 35
THE ORIE,"2,460,000",850.36,"2,893",Jan-25,LORONG 1 TOA PAYOH,New Sale,Strata,79,"31,139",-,Condominium,1,99 yrs lease commencing from 2024,12,Rest of Central Region,31 to 35
THE ORIE,"2,944,000","1,044.11","2,820",Jan-25,LORONG 1 TOA PAYOH,New Sale,Strata,97,"30,351",-,Condominium,1,99 yrs lease commencing from 2024,12,Rest of Central Region,31 to 35
THE ORIE,"2,070,000",699.66,"2,959",Jan-25,LORONG 1 TOA PAYOH,New Sale,Strata,65,"31,846",-,Condominium,1,99 yrs lease commencing from 2024,12,Rest of Central Region,31 to 35
THE ORIE,"2,007,000",678.13,"2,960",Jan-25,LORONG 1 TOA PAYOH,New Sale,Strata,63,"31,857",-,Condominium,1,99 yrs lease commencing from 2024,12,Rest of Central Region,31 to 35
THE ORIE,"1,939,000",645.84,"3,002",Jan-25,LORONG 1 TOA PAYOH,New Sale,Strata,60,"32,317",-,Condominium,1,99 yrs lease commencing from 2024,12,Rest of Central Region,31 to 35
THE ORIE,"1,778,000",592.02,"3,003",Jan-25,LORONG 1 TOA PAYOH,New Sale,Strata,55,"32,327",-,Condominium,1,99 yrs lease commencing from 2024,12,Rest of Central Region,31 to 35
THE ORIE,"2,468,000",850.36,"2,902",Jan-25,LORONG 1 TOA PAYOH,New Sale,Strata,79,"31,241",-,Condominium,1,99 yrs lease commencing from 2024,12,Rest of Central Region,31 to 35
THE ORIE,"2,952,000","1,044.11","2,827",Jan-25,LORONG 1 TOA PAYOH,New Sale,Strata,97,"30,433",-,Condominium,1,99 yrs lease commencing from 2024,12,Rest of Central Region,31 to 35
THE ORIE,"2,077,000",699.66,"2,969",Jan-25,LORONG 1 TOA PAYOH,New Sale,Strata,65,"31,954",-,Condominium,1,99 yrs lease commencing from 2024,12,Rest of Central Region,31 to 35
THE ORIE,"2,013,000",678.13,"2,968",Jan-25,LORONG 1 TOA PAYOH,New Sale,Strata,63,"31,952",-,Condominium,1,99 yrs lease commencing from 2024,12,Rest of Central Region,31 to 35
THE ORIE,"1,945,000",645.84,"3,012",Jan-25,LORONG 1 TOA PAYOH,New Sale,Strata,60,"32,417",-,Condominium,1,99 yrs lease commencing from 2024,12,Rest of Central Region,36 to 40
THE ORIE,"3,954,000","1,453.14","2,721",Jan-25,LORONG 1 TOA PAYOH,New Sale,Strata,135,"29,289",-,Condominium,1,99 yrs lease commencing from 2024,12,Rest of Central Region,36 to 40
THE ORIE,"2,476,000",850.36,"2,912",Jan-25,LORONG 1 TOA PAYOH,New Sale,Strata,79,"31,342",-,Condominium,1,99 yrs lease commencing from 2024,12,Rest of Central Region,36 to 40
THE ORIE,"2,960,000","1,044.11","2,835",Jan-25,LORONG 1 TOA PAYOH,New Sale,Strata,97,"30,515",-,Condominium,1,99 yrs lease commencing from 2024,12,Rest of Central Region,36 to 40
THE ORIE,"2,084,000",699.66,"2,979",Jan-25,LORONG 1 TOA PAYOH,New Sale,Strata,65,"32,062",-,Condominium,1,99 yrs lease commencing from 2024,12,Rest of Central Region,36 to 40
THE ORIE,"2,019,000",678.13,"2,977",Jan-25,LORONG 1 TOA PAYOH,New Sale,Strata,63,"32,048",-,Condominium,1,99 yrs lease commencing from 2024,12,Rest of Central Region,36 to 40
THE ORIE,"1,951,000",645.84,"3,021",Jan-25,LORONG 1 TOA PAYOH,New Sale,Strata,60,"32,517",-,Condominium,1,99 yrs lease commencing from 2024,12,Rest of Central Region,36 to 40
THE ORIE,"1,790,000",592.02,"3,024",Jan-25,LORONG 1 TOA PAYOH,New Sale,Strata,55,"32,545",-,Condominium,1,99 yrs lease commencing from 2024,12,Rest of Central Region,36 to 40
THE ORIE,"2,484,000",850.36,"2,921",Jan-25,LORONG 1 TOA PAYOH,New Sale,Strata,79,"31,443",-,Condominium,1,99 yrs lease commencing from 2024,12,Rest of Central Region,36 to 40
THE ORIE,"2,969,000","1,044.11","2,844",Jan-25,LORONG 1 TOA PAYOH,New Sale,Strata,97,"30,608",-,Condominium,1,99 yrs lease commencing from 2024,12,Rest of Central Region,36 to 40
THE ORIE,"2,091,000",699.66,"2,989",Jan-25,LORONG 1 TOA PAYOH,New Sale,Strata,65,"32,169",-,Condominium,1,99 yrs lease commencing from 2024,12,Rest of Central Region,36 to 40
THE ORIE,"1,963,000",645.84,"3,039",Jan-25,LORONG 1 TOA PAYOH,New Sale,Strata,60,"32,717",-,Condominium,1,99 yrs lease commencing from 2024,12,Rest of Central Region,36 to 40
THE ORIE,"3,987,000","1,453.14","2,744",Jan-25,LORONG 1 TOA PAYOH,New Sale,Strata,135,"29,533",-,Condominium,1,99 yrs lease commencing from 2024,12,Rest of Central Region,36 to 40
THE ORIE,"3,078,000","1,130.22","2,723",Jan-25,LORONG 1 TOA PAYOH,New Sale,Strata,105,"29,314",-,Condominium,1,99 yrs lease commencing from 2024,12,Rest of Central Region,36 to 40
THE ORIE,"1,802,000",592.02,"3,044",Jan-25,LORONG 1 TOA PAYOH,New Sale,Strata,55,"32,764",-,Condominium,1,99 yrs lease commencing from 2024,12,Rest of Central Region,36 to 40
THE ORIE,"2,500,000",850.36,"2,940",Jan-25,LORONG 1 TOA PAYOH,New Sale,Strata,79,"31,646",-,Condominium,1,99 yrs lease commencing from 2024,12,Rest of Central Region,36 to 40
THE ORIE,"2,985,000","1,044.11","2,859",Jan-25,LORONG 1 TOA PAYOH,New Sale,Strata,97,"30,773",-,Condominium,1,99 yrs lease commencing from 2024,12,Rest of Central Region,36 to 40
THE ORIE,"2,105,000",699.66,"3,009",Jan-25,LORONG 1 TOA PAYOH,New Sale,Strata,65,"32,385",-,Condominium,1,99 yrs lease commencing from 2024,12,Rest of Central Region,36 to 40
THE ORIE,"2,037,000",678.13,"3,004",Jan-25,LORONG 1 TOA PAYOH,New Sale,Strata,63,"32,333",-,Condominium,1,99 yrs lease commencing from 2024,12,Rest of Central Region,36 to 40
THE ORIE,"1,969,000",645.84,"3,049",Jan-25,LORONG 1 TOA PAYOH,New Sale,Strata,60,"32,817",-,Condominium,1,99 yrs lease commencing from 2024,12,Rest of Central Region,36 to 40
THE ORIE,"2,508,000",850.36,"2,949",Jan-25,LORONG 1 TOA PAYOH,New Sale,Strata,79,"31,747",-,Condominium,1,99 yrs lease commencing from 2024,12,Rest of Central Region,36 to 40
THE ORIE,"2,993,000","1,044.11","2,867",Jan-25,LORONG 1 TOA PAYOH,New Sale,Strata,97,"30,856",-,Condominium,1,99 yrs lease commencing from 2024,12,Rest of Central Region,36 to 40
THE ORIE,"2,112,000",699.66,"3,019",Jan-25,LORONG 1 TOA PAYOH,New Sale,Strata,65,"32,492",-,Condominium,1,99 yrs lease commencing from 2024,12,Rest of Central Region,36 to 40
THE ORIE,"1,975,000",645.84,"3,058",Jan-25,LORONG 1 TOA PAYOH,New Sale,Strata,60,"32,917",-,Condominium,1,99 yrs lease commencing from 2024,12,Rest of Central Region,36 to 40
THE ORIE,"1,814,000",592.02,"3,064",Jan-25,LORONG 1 TOA PAYOH,New Sale,Strata,55,"32,982",-,Condominium,1,99 yrs lease commencing from 2024,12,Rest of Central Region,36 to 40
THE ORIE,"2,516,000",850.36,"2,959",Jan-25,LORONG 1 TOA PAYOH,New Sale,Strata,79,"31,848",-,Condominium,1,99 yrs lease commencing from 2024,12,Rest of Central Region,36 to 40
THE ORIE,"3,001,000","1,044.11","2,874",Jan-25,LORONG 1 TOA PAYOH,New Sale,Strata,97,"30,938",-,Condominium,1,99 yrs lease commencing from 2024,12,Rest of Central Region,36 to 40
THE ORIE,"2,119,000",699.66,"3,029",Jan-25,LORONG 1 TOA PAYOH,New Sale,Strata,65,"32,600",-,Condominium,1,99 yrs lease commencing from 2024,12,Rest of Central Region,36 to 40
THE ORIE,"2,049,000",678.13,"3,022",Jan-25,LORONG 1 TOA PAYOH,New Sale,Strata,63,"32,524",-,Condominium,1,99 yrs lease commencing from 2024,12,Rest of Central Region,36 to 40
THE ORIE,"1,660,000",645.84,"2,570",Jan-25,LORONG 1 TOA PAYOH,New Sale,Strata,60,"27,667",-,Condominium,1,99 yrs lease commencing from 2024,12,Rest of Central Region,01 to 05
THE ORIE,"2,490,000","1,022.58","2,435",Jan-25,LORONG 1 TOA PAYOH,New Sale,Strata,95,"26,211",-,Condominium,1,99 yrs lease commencing from 2024,12,Rest of Central Region,01 to 05
THE ORIE,"1,280,000",516.67,"2,477",Jan-25,LORONG 1 TOA PAYOH,New Sale,Strata,48,"26,667",-,Condominium,1,99 yrs lease commencing from 2024,12,Rest of Central Region,01 to 05
THE ORIE,"1,480,000",592.02,"2,500",Jan-25,LORONG 1 TOA PAYOH,New Sale,Strata,55,"26,909",-,Condominium,1,99 yrs lease commencing from 2024,12,Rest of Central Region,01 to 05
THE ORIE,"2,920,000","1,216.33","2,401",Jan-25,LORONG 1 TOA PAYOH,New Sale,Strata,113,"25,841",-,Condominium,1,99 yrs lease commencing from 2024,12,Rest of Central Region,01 to 05
THE ORIE,"3,280,000","1,367.03","2,399",Jan-25,LORONG 1 TOA PAYOH,New Sale,Strata,127,"25,827",-,Condominium,1,99 yrs lease commencing from 2024,12,Rest of Central Region,01 to 05
THE ORIE,"1,735,000",678.13,"2,558",Jan-25,LORONG 1 TOA PAYOH,New Sale,Strata,63,"27,540",-,Condominium,1,99 yrs lease commencing from 2024,12,Rest of Central Region,01 to 05
THE ORIE,"3,503,000","1,453.14","2,411",Jan-25,LORONG 1 TOA PAYOH,New Sale,Strata,135,"25,948",-,Condominium,1,99 yrs lease commencing from 2024,12,Rest of Central Region,01 to 05
THE ORIE,"1,302,000",516.67,"2,520",Jan-25,LORONG 1 TOA PAYOH,New Sale,Strata,48,"27,125",-,Condominium,1,99 yrs lease commencing from 2024,12,Rest of Central Region,01 to 05
THE ORIE,"2,952,000","1,216.33","2,427",Jan-25,LORONG 1 TOA PAYOH,New Sale,Strata,113,"26,124",-,Condominium,1,99 yrs lease commencing from 2024,12,Rest of Central Region,01 to 05
THE ORIE,"3,291,000","1,367.03","2,407",Jan-25,LORONG 1 TOA PAYOH,New Sale,Strata,127,"25,913",-,Condominium,1,99 yrs lease commencing from 2024,12,Rest of Central Region,01 to 05
THE ORIE,"1,744,000",678.13,"2,572",Jan-25,LORONG 1 TOA PAYOH,New Sale,Strata,63,"27,683",-,Condominium,1,99 yrs lease commencing from 2024,12,Rest of Central Region,01 to 05
THE ORIE,"1,318,000",516.67,"2,551",Jan-25,LORONG 1 TOA PAYOH,New Sale,Strata,48,"27,458",-,Condominium,1,99 yrs lease commencing from 2024,12,Rest of Central Region,01 to 05
THE ORIE,"2,964,000","1,216.33","2,437",Jan-25,LORONG 1 TOA PAYOH,New Sale,Strata,113,"26,230",-,Condominium,1,99 yrs lease commencing from 2024,12,Rest of Central Region,01 to 05
THE ORIE,"3,302,000","1,367.03","2,415",Jan-25,LORONG 1 TOA PAYOH,New Sale,Strata,127,"26,000",-,Condominium,1,99 yrs lease commencing from 2024,12,Rest of Central Region,01 to 05
THE ORIE,"1,754,000",678.13,"2,587",Jan-25,LORONG 1 TOA PAYOH,New Sale,Strata,63,"27,841",-,Condominium,1,99 yrs lease commencing from 2024,12,Rest of Central Region,01 to 05
THE ORIE,"1,716,000",645.84,"2,657",Jan-25,LORONG 1 TOA PAYOH,New Sale,Strata,60,"28,600",-,Condominium,1,99 yrs lease commencing from 2024,12,Rest of Central Region,01 to 05
THE ORIE,"2,579,000","1,022.58","2,522",Jan-25,LORONG 1 TOA PAYOH,New Sale,Strata,95,"27,147",-,Condominium,1,99 yrs lease commencing from 2024,12,Rest of Central Region,01 to 05
THE ORIE,"1,334,000",516.67,"2,582",Jan-25,LORONG 1 TOA PAYOH,New Sale,Strata,48,"27,792",-,Condominium,1,99 yrs lease commencing from 2024,12,Rest of Central Region,01 to 05
THE ORIE,"1,539,000",592.02,"2,600",Jan-25,LORONG 1 TOA PAYOH,New Sale,Strata,55,"27,982",-,Condominium,1,99 yrs lease commencing from 2024,12,Rest of Central Region,01 to 05
THE ORIE,"2,195,000",850.36,"2,581",Jan-25,LORONG 1 TOA PAYOH,New Sale,Strata,79,"27,785",-,Condominium,1,99 yrs lease commencing from 2024,12,Rest of Central Region,01 to 05
THE ORIE,"2,976,000","1,216.33","2,447",Jan-25,LORONG 1 TOA PAYOH,New Sale,Strata,113,"26,336",-,Condominium,1,99 yrs lease commencing from 2024,12,Rest of Central Region,01 to 05
THE ORIE,"3,313,000","1,367.03","2,424",Jan-25,LORONG 1 TOA PAYOH,New Sale,Strata,127,"26,087",-,Condominium,1,99 yrs lease commencing from 2024,12,Rest of Central Region,01 to 05
THE ORIE,"1,823,000",699.66,"2,606",Jan-25,LORONG 1 TOA PAYOH,New Sale,Strata,65,"28,046",-,Condominium,1,99 yrs lease commencing from 2024,12,Rest of Central Region,01 to 05
THE ORIE,"1,763,000",678.13,"2,600",Jan-25,LORONG 1 TOA PAYOH,New Sale,Strata,63,"27,984",-,Condominium,1,99 yrs lease commencing from 2024,12,Rest of Central Region,01 to 05
THE ORIE,"1,724,000",645.84,"2,669",Jan-25,LORONG 1 TOA PAYOH,New Sale,Strata,60,"28,733",-,Condominium,1,99 yrs lease commencing from 2024,12,Rest of Central Region,06 to 10
THE ORIE,"3,548,000","1,453.14","2,442",Jan-25,LORONG 1 TOA PAYOH,New Sale,Strata,135,"26,281",-,Condominium,1,99 yrs lease commencing from 2024,12,Rest of Central Region,06 to 10
THE ORIE,"2,597,000","1,022.58","2,540",Jan-25,LORONG 1 TOA PAYOH,New Sale,Strata,95,"27,337",-,Condominium,1,99 yrs lease commencing from 2024,12,Rest of Central Region,06 to 10
THE ORIE,"1,346,000",516.67,"2,605",Jan-25,LORONG 1 TOA PAYOH,New Sale,Strata,48,"28,042",-,Condominium,1,99 yrs lease commencing from 2024,12,Rest of Central Region,06 to 10
THE ORIE,"1,551,000",592.02,"2,620",Jan-25,LORONG 1 TOA PAYOH,New Sale,Strata,55,"28,200",-,Condominium,1,99 yrs lease commencing from 2024,12,Rest of Central Region,06 to 10
THE ORIE,"2,206,000",850.36,"2,594",Jan-25,LORONG 1 TOA PAYOH,New Sale,Strata,79,"27,924",-,Condominium,1,99 yrs lease commencing from 2024,12,Rest of Central Region,06 to 10
THE ORIE,"3,324,000","1,367.03","2,432",Jan-25,LORONG 1 TOA PAYOH,New Sale,Strata,127,"26,173",-,Condominium,1,99 yrs lease commencing from 2024,12,Rest of Central Region,06 to 10
THE ORIE,"1,832,000",699.66,"2,618",Jan-25,LORONG 1 TOA PAYOH,New Sale,Strata,65,"28,185",-,Condominium,1,99 yrs lease commencing from 2024,12,Rest of Central Region,06 to 10
THE ORIE,"1,772,000",678.13,"2,613",Jan-25,LORONG 1 TOA PAYOH,New Sale,Strata,63,"28,127",-,Condominium,1,99 yrs lease commencing from 2024,12,Rest of Central Region,06 to 10
THE ORIE,"1,732,000",645.84,"2,682",Jan-25,LORONG 1 TOA PAYOH,New Sale,Strata,60,"28,867",-,Condominium,1,99 yrs lease commencing from 2024,12,Rest of Central Region,06 to 10
THE ORIE,"2,612,000","1,022.58","2,554",Jan-25,LORONG 1 TOA PAYOH,New Sale,Strata,95,"27,495",-,Condominium,1,99 yrs lease commencing from 2024,12,Rest of Central Region,06 to 10
THE ORIE,"1,358,000",516.67,"2,628",Jan-25,LORONG 1 TOA PAYOH,New Sale,Strata,48,"28,292",-,Condominium,1,99 yrs lease commencing from 2024,12,Rest of Central Region,06 to 10
THE ORIE,"1,563,000",592.02,"2,640",Jan-25,LORONG 1 TOA PAYOH,New Sale,Strata,55,"28,418",-,Condominium,1,99 yrs lease commencing from 2024,12,Rest of Central Region,06 to 10
THE ORIE,"2,216,000",850.36,"2,606",Jan-25,LORONG 1 TOA PAYOH,New Sale,Strata,79,"28,051",-,Condominium,1,99 yrs lease commencing from 2024,12,Rest of Central Region,06 to 10
THE ORIE,"3,335,000","1,367.03","2,440",Jan-25,LORONG 1 TOA PAYOH,New Sale,Strata,127,"26,260",-,Condominium,1,99 yrs lease commencing from 2024,12,Rest of Central Region,06 to 10
THE ORIE,"1,841,000",699.66,"2,631",Jan-25,LORONG 1 TOA PAYOH,New Sale,Strata,65,"28,323",-,Condominium,1,99 yrs lease commencing from 2024,12,Rest of Central Region,06 to 10
THE ORIE,"1,781,000",678.13,"2,626",Jan-25,LORONG 1 TOA PAYOH,New Sale,Strata,63,"28,270",-,Condominium,1,99 yrs lease commencing from 2024,12,Rest of Central Region,06 to 10
THE ORIE,"3,591,000","1,453.14","2,471",Jan-25,LORONG 1 TOA PAYOH,New Sale,Strata,135,"26,600",-,Condominium,1,99 yrs lease commencing from 2024,12,Rest of Central Region,06 to 10
THE ORIE,"1,372,000",516.67,"2,655",Jan-25,LORONG 1 TOA PAYOH,New Sale,Strata,48,"28,583",-,Condominium,1,99 yrs lease commencing from 2024,12,Rest of Central Region,06 to 10
THE ORIE,"3,357,000","1,367.03","2,456",Jan-25,LORONG 1 TOA PAYOH,New Sale,Strata,127,"26,433",-,Condominium,1,99 yrs lease commencing from 2024,12,Rest of Central Region,06 to 10
THE ORIE,"1,799,000",678.13,"2,653",Jan-25,LORONG 1 TOA PAYOH,New Sale,Strata,63,"28,556",-,Condominium,1,99 yrs lease commencing from 2024,12,Rest of Central Region,06 to 10
THE ORIE,"3,604,000","1,453.14","2,480",Jan-25,LORONG 1 TOA PAYOH,New Sale,Strata,135,"26,696",-,Condominium,1,99 yrs lease commencing from 2024,12,Rest of Central Region,06 to 10
THE ORIE,"1,379,000",516.67,"2,669",Jan-25,LORONG 1 TOA PAYOH,New Sale,Strata,48,"28,729",-,Condominium,1,99 yrs lease commencing from 2024,12,Rest of Central Region,06 to 10
THE ORIE,"3,071,000","1,216.33","2,525",Jan-25,LORONG 1 TOA PAYOH,New Sale,Strata,113,"27,177",-,Condominium,1,99 yrs lease commencing from 2024,12,Rest of Central Region,06 to 10
THE ORIE,"3,368,000","1,367.03","2,464",Jan-25,LORONG 1 TOA PAYOH,New Sale,Strata,127,"26,520",-,Condominium,1,99 yrs lease commencing from 2024,12,Rest of Central Region,06 to 10
THE ORIE,"1,808,000",678.13,"2,666",Jan-25,LORONG 1 TOA PAYOH,New Sale,Strata,63,"28,698",-,Condominium,1,99 yrs lease commencing from 2024,12,Rest of Central Region,06 to 10
THE ORIE,"3,617,000","1,453.14","2,489",Jan-25,LORONG 1 TOA PAYOH,New Sale,Strata,135,"26,793",-,Condominium,1,99 yrs lease commencing from 2024,12,Rest of Central Region,06 to 10
THE ORIE,"3,093,000","1,216.33","2,543",Jan-25,LORONG 1 TOA PAYOH,New Sale,Strata,113,"27,372",-,Condominium,1,99 yrs lease commencing from 2024,12,Rest of Central Region,06 to 10
THE ORIE,"1,817,000",678.13,"2,679",Jan-25,LORONG 1 TOA PAYOH,New Sale,Strata,63,"28,841",-,Condominium,1,99 yrs lease commencing from 2024,12,Rest of Central Region,06 to 10
THE ORIE,"1,773,000",645.84,"2,745",Jan-25,LORONG 1 TOA PAYOH,New Sale,Strata,60,"29,550",-,Condominium,1,99 yrs lease commencing from 2024,12,Rest of Central Region,11 to 15
THE ORIE,"3,630,000","1,453.14","2,498",Jan-25,LORONG 1 TOA PAYOH,New Sale,Strata,135,"26,889",-,Condominium,1,99 yrs lease commencing from 2024,12,Rest of Central Region,11 to 15
THE ORIE,"2,676,000","1,022.58","2,617",Jan-25,LORONG 1 TOA PAYOH,New Sale,Strata,95,"28,168",-,Condominium,1,99 yrs lease commencing from 2024,12,Rest of Central Region,11 to 15
THE ORIE,"1,393,000",516.67,"2,696",Jan-25,LORONG 1 TOA PAYOH,New Sale,Strata,48,"29,021",-,Condominium,1,99 yrs lease commencing from 2024,12,Rest of Central Region,11 to 15
THE ORIE,"1,603,000",592.02,"2,708",Jan-25,LORONG 1 TOA PAYOH,New Sale,Strata,55,"29,145",-,Condominium,1,99 yrs lease commencing from 2024,12,Rest of Central Region,11 to 15
THE ORIE,"2,266,000",850.36,"2,665",Jan-25,LORONG 1 TOA PAYOH,New Sale,Strata,79,"28,684",-,Condominium,1,99 yrs lease commencing from 2024,12,Rest of Central Region,11 to 15
THE ORIE,"3,390,000","1,367.03","2,480",Jan-25,LORONG 1 TOA PAYOH,New Sale,Strata,127,"26,693",-,Condominium,1,99 yrs lease commencing from 2024,12,Rest of Central Region,11 to 15
THE ORIE,"1,886,000",699.66,"2,696",Jan-25,LORONG 1 TOA PAYOH,New Sale,Strata,65,"29,015",-,Condominium,1,99 yrs lease commencing from 2024,12,Rest of Central Region,11 to 15
THE ORIE,"1,826,000",678.13,"2,693",Jan-25,LORONG 1 TOA PAYOH,New Sale,Strata,63,"28,984",-,Condominium,1,99 yrs lease commencing from 2024,12,Rest of Central Region,11 to 15
THE ORIE,"1,781,000",645.84,"2,758",Jan-25,LORONG 1 TOA PAYOH,New Sale,Strata,60,"29,683",-,Condominium,1,99 yrs lease commencing from 2024,12,Rest of Central Region,11 to 15
THE ORIE,"3,643,000","1,453.14","2,507",Jan-25,LORONG 1 TOA PAYOH,New Sale,Strata,135,"26,985",-,Condominium,1,99 yrs lease commencing from 2024,12,Rest of Central Region,11 to 15
THE ORIE,"2,686,000","1,022.58","2,627",Jan-25,LORONG 1 TOA PAYOH,New Sale,Strata,95,"28,274",-,Condominium,1,99 yrs lease commencing from 2024,12,Rest of Central Region,11 to 15
THE ORIE,"1,400,000",516.67,"2,710",Jan-25,LORONG 1 TOA PAYOH,New Sale,Strata,48,"29,167",-,Condominium,1,99 yrs lease commencing from 2024,12,Rest of Central Region,11 to 15
THE ORIE,"1,611,000",592.02,"2,721",Jan-25,LORONG 1 TOA PAYOH,New Sale,Strata,55,"29,291",-,Condominium,1,99 yrs lease commencing from 2024,12,Rest of Central Region,11 to 15
THE ORIE,"2,277,000",850.36,"2,678",Jan-25,LORONG 1 TOA PAYOH,New Sale,Strata,79,"28,823",-,Condominium,1,99 yrs lease commencing from 2024,12,Rest of Central Region,11 to 15
THE ORIE,"3,401,000","1,367.03","2,488",Jan-25,LORONG 1 TOA PAYOH,New Sale,Strata,127,"26,780",-,Condominium,1,99 yrs lease commencing from 2024,12,Rest of Central Region,11 to 15
THE ORIE,"1,895,000",699.66,"2,708",Jan-25,LORONG 1 TOA PAYOH,New Sale,Strata,65,"29,154",-,Condominium,1,99 yrs lease commencing from 2024,12,Rest of Central Region,11 to 15
THE ORIE,"1,835,000",678.13,"2,706",Jan-25,LORONG 1 TOA PAYOH,New Sale,Strata,63,"29,127",-,Condominium,1,99 yrs lease commencing from 2024,12,Rest of Central Region,11 to 15
THE ORIE,"1,407,000",516.67,"2,723",Jan-25,LORONG 1 TOA PAYOH,New Sale,Strata,48,"29,313",-,Condominium,1,99 yrs lease commencing from 2024,12,Rest of Central Region,11 to 15
THE ORIE,"3,148,000","1,216.33","2,588",Jan-25,LORONG 1 TOA PAYOH,New Sale,Strata,113,"27,858",-,Condominium,1,99 yrs lease commencing from 2024,12,Rest of Central Region,11 to 15
THE ORIE,"3,412,000","1,367.03","2,496",Jan-25,LORONG 1 TOA PAYOH,New Sale,Strata,127,"26,866",-,Condominium,1,99 yrs lease commencing from 2024,12,Rest of Central Region,11 to 15
THE ORIE,"1,839,000",678.13,"2,712",Jan-25,LORONG 1 TOA PAYOH,New Sale,Strata,63,"29,190",-,Condominium,1,99 yrs lease commencing from 2024,12,Rest of Central Region,11 to 15
THE ORIE,"1,414,000",516.67,"2,737",Jan-25,LORONG 1 TOA PAYOH,New Sale,Strata,48,"29,458",-,Condominium,1,99 yrs lease commencing from 2024,12,Rest of Central Region,11 to 15
THE ORIE,"3,160,000","1,216.33","2,598",Jan-25,LORONG 1 TOA PAYOH,New Sale,Strata,113,"27,965",-,Condominium,1,99 yrs lease commencing from 2024,12,Rest of Central Region,11 to 15
THE ORIE,"3,423,000","1,367.03","2,504",Jan-25,LORONG 1 TOA PAYOH,New Sale,Strata,127,"26,953",-,Condominium,1,99 yrs lease commencing from 2024,12,Rest of Central Region,11 to 15
THE ORIE,"1,848,000",678.13,"2,725",Jan-25,LORONG 1 TOA PAYOH,New Sale,Strata,63,"29,333",-,Condominium,1,99 yrs lease commencing from 2024,12,Rest of Central Region,11 to 15
THE ORIE,"1,805,000",645.84,"2,795",Jan-25,LORONG 1 TOA PAYOH,New Sale,Strata,60,"30,083",-,Condominium,1,99 yrs lease commencing from 2024,12,Rest of Central Region,11 to 15
THE ORIE,"2,716,000","1,022.58","2,656",Jan-25,LORONG 1 TOA PAYOH,New Sale,Strata,95,"28,589",-,Condominium,1,99 yrs lease commencing from 2024,12,Rest of Central Region,11 to 15
THE ORIE,"1,421,000",516.67,"2,750",Jan-25,LORONG 1 TOA PAYOH,New Sale,Strata,48,"29,604",-,Condominium,1,99 yrs lease commencing from 2024,12,Rest of Central Region,11 to 15
THE ORIE,"1,636,000",592.02,"2,763",Jan-25,LORONG 1 TOA PAYOH,New Sale,Strata,55,"29,745",-,Condominium,1,99 yrs lease commencing from 2024,12,Rest of Central Region,11 to 15
THE ORIE,"2,307,000",850.36,"2,713",Jan-25,LORONG 1 TOA PAYOH,New Sale,Strata,79,"29,203",-,Condominium,1,99 yrs lease commencing from 2024,12,Rest of Central Region,11 to 15
THE ORIE,"3,434,000","1,367.03","2,512",Jan-25,LORONG 1 TOA PAYOH,New Sale,Strata,127,"27,039",-,Condominium,1,99 yrs lease commencing from 2024,12,Rest of Central Region,11 to 15
THE ORIE,"1,923,000",699.66,"2,748",Jan-25,LORONG 1 TOA PAYOH,New Sale,Strata,65,"29,585",-,Condominium,1,99 yrs lease commencing from 2024,12,Rest of Central Region,11 to 15
THE ORIE,"1,857,000",678.13,"2,738",Jan-25,LORONG 1 TOA PAYOH,New Sale,Strata,63,"29,476",-,Condominium,1,99 yrs lease commencing from 2024,12,Rest of Central Region,11 to 15
THE ORIE,"1,813,000",645.84,"2,807",Jan-25,LORONG 1 TOA PAYOH,New Sale,Strata,60,"30,217",-,Condominium,1,99 yrs lease commencing from 2024,12,Rest of Central Region,16 to 20
THE ORIE,"2,726,000","1,022.58","2,666",Jan-25,LORONG 1 TOA PAYOH,New Sale,Strata,95,"28,695",-,Condominium,1,99 yrs lease commencing from 2024,12,Rest of Central Region,16 to 20
THE ORIE,"1,428,000",516.67,"2,764",Jan-25,LORONG 1 TOA PAYOH,New Sale,Strata,48,"29,750",-,Condominium,1,99 yrs lease commencing from 2024,12,Rest of Central Region,16 to 20
THE ORIE,"1,644,000",592.02,"2,777",Jan-25,LORONG 1 TOA PAYOH,New Sale,Strata,55,"29,891",-,Condominium,1,99 yrs lease commencing from 2024,12,Rest of Central Region,16 to 20
THE ORIE,"2,317,000",850.36,"2,725",Jan-25,LORONG 1 TOA PAYOH,New Sale,Strata,79,"29,329",-,Condominium,1,99 yrs lease commencing from 2024,12,Rest of Central Region,16 to 20
THE ORIE,"3,445,000","1,367.03","2,520",Jan-25,LORONG 1 TOA PAYOH,New Sale,Strata,127,"27,126",-,Condominium,1,99 yrs lease commencing from 2024,12,Rest of Central Region,16 to 20
THE ORIE,"1,932,000",699.66,"2,761",Jan-25,LORONG 1 TOA PAYOH,New Sale,Strata,65,"29,723",-,Condominium,1,99 yrs lease commencing from 2024,12,Rest of Central Region,16 to 20
THE ORIE,"1,866,000",678.13,"2,752",Jan-25,LORONG 1 TOA PAYOH,New Sale,Strata,63,"29,619",-,Condominium,1,99 yrs lease commencing from 2024,12,Rest of Central Region,16 to 20
THE ORIE,"1,821,000",645.84,"2,820",Jan-25,LORONG 1 TOA PAYOH,New Sale,Strata,60,"30,350",-,Condominium,1,99 yrs lease commencing from 2024,12,Rest of Central Region,16 to 20
THE ORIE,"3,708,000","1,453.14","2,552",Jan-25,LORONG 1 TOA PAYOH,New Sale,Strata,135,"27,467",-,Condominium,1,99 yrs lease commencing from 2024,12,Rest of Central Region,16 to 20
THE ORIE,"2,737,000","1,022.58","2,677",Jan-25,LORONG 1 TOA PAYOH,New Sale,Strata,95,"28,811",-,Condominium,1,99 yrs lease commencing from 2024,12,Rest of Central Region,16 to 20
THE ORIE,"1,435,000",516.67,"2,777",Jan-25,LORONG 1 TOA PAYOH,New Sale,Strata,48,"29,896",-,Condominium,1,99 yrs lease commencing from 2024,12,Rest of Central Region,16 to 20
THE ORIE,"1,652,000",592.02,"2,790",Jan-25,LORONG 1 TOA PAYOH,New Sale,Strata,55,"30,036",-,Condominium,1,99 yrs lease commencing from 2024,12,Rest of Central Region,16 to 20
THE ORIE,"2,327,000",850.36,"2,737",Jan-25,LORONG 1 TOA PAYOH,New Sale,Strata,79,"29,456",-,Condominium,1,99 yrs lease commencing from 2024,12,Rest of Central Region,16 to 20
THE ORIE,"3,456,000","1,367.03","2,528",Jan-25,LORONG 1 TOA PAYOH,New Sale,Strata,127,"27,213",-,Condominium,1,99 yrs lease commencing from 2024,12,Rest of Central Region,16 to 20
THE ORIE,"1,941,000",699.66,"2,774",Jan-25,LORONG 1 TOA PAYOH,New Sale,Strata,65,"29,862",-,Condominium,1,99 yrs lease commencing from 2024,12,Rest of Central Region,16 to 20
THE ORIE,"1,875,000",678.13,"2,765",Jan-25,LORONG 1 TOA PAYOH,New Sale,Strata,63,"29,762",-,Condominium,1,99 yrs lease commencing from 2024,12,Rest of Central Region,16 to 20
THE ORIE,"3,734,000","1,453.14","2,570",Jan-25,LORONG 1 TOA PAYOH,New Sale,Strata,135,"27,659",-,Condominium,1,99 yrs lease commencing from 2024,12,Rest of Central Region,16 to 20
THE ORIE,"1,449,000",516.67,"2,804",Jan-25,LORONG 1 TOA PAYOH,New Sale,Strata,48,"30,188",-,Condominium,1,99 yrs lease commencing from 2024,12,Rest of Central Region,16 to 20
THE ORIE,"3,478,000","1,367.03","2,544",Jan-25,LORONG 1 TOA PAYOH,New Sale,Strata,127,"27,386",-,Condominium,1,99 yrs lease commencing from 2024,12,Rest of Central Region,16 to 20
THE ORIE,"1,893,000",678.13,"2,791",Jan-25,LORONG 1 TOA PAYOH,New Sale,Strata,63,"30,048",-,Condominium,1,99 yrs lease commencing from 2024,12,Rest of Central Region,16 to 20
THE ORIE,"1,455,000",516.67,"2,816",Jan-25,LORONG 1 TOA PAYOH,New Sale,Strata,48,"30,313",-,Condominium,1,99 yrs lease commencing from 2024,12,Rest of Central Region,16 to 20
THE ORIE,"3,231,000","1,216.33","2,656",Jan-25,LORONG 1 TOA PAYOH,New Sale,Strata,113,"28,593",-,Condominium,1,99 yrs lease commencing from 2024,12,Rest of Central Region,16 to 20
THE ORIE,"3,489,000","1,367.03","2,552",Jan-25,LORONG 1 TOA PAYOH,New Sale,Strata,127,"27,472",-,Condominium,1,99 yrs lease commencing from 2024,12,Rest of Central Region,16 to 20
THE ORIE,"1,900,000",678.13,"2,802",Jan-25,LORONG 1 TOA PAYOH,New Sale,Strata,63,"30,159",-,Condominium,1,99 yrs lease commencing from 2024,12,Rest of Central Region,16 to 20
THE ORIE,"1,461,000",516.67,"2,828",Jan-25,LORONG 1 TOA PAYOH,New Sale,Strata,48,"30,438",-,Condominium,1,99 yrs lease commencing from 2024,12,Rest of Central Region,16 to 20
THE ORIE,"3,242,000","1,216.33","2,665",Jan-25,LORONG 1 TOA PAYOH,New Sale,Strata,113,"28,690",-,Condominium,1,99 yrs lease commencing from 2024,12,Rest of Central Region,16 to 20
THE ORIE,"1,956,000",699.66,"2,796",Jan-25,LORONG 1 TOA PAYOH,New Sale,Strata,65,"30,092",-,Condominium,1,99 yrs lease commencing from 2024,12,Rest of Central Region,16 to 20
THE ORIE,"1,907,000",678.13,"2,812",Jan-25,LORONG 1 TOA PAYOH,New Sale,Strata,63,"30,270",-,Condominium,1,99 yrs lease commencing from 2024,12,Rest of Central Region,16 to 20
THE ORIE,"3,770,000","1,453.14","2,594",Jan-25,LORONG 1 TOA PAYOH,New Sale,Strata,135,"27,926",-,Condominium,1,99 yrs lease commencing from 2024,12,Rest of Central Region,21 to 25
THE ORIE,"1,680,000",592.02,"2,838",Jan-25,LORONG 1 TOA PAYOH,New Sale,Strata,55,"30,545",-,Condominium,1,99 yrs lease commencing from 2024,12,Rest of Central Region,21 to 25
THE ORIE,"3,253,000","1,216.33","2,674",Jan-25,LORONG 1 TOA PAYOH,New Sale,Strata,113,"28,788",-,Condominium,1,99 yrs lease commencing from 2024,12,Rest of Central Region,21 to 25
THE ORIE,"1,964,000",699.66,"2,807",Jan-25,LORONG 1 TOA PAYOH,New Sale,Strata,65,"30,215",-,Condominium,1,99 yrs lease commencing from 2024,12,Rest of Central Region,21 to 25
THE ORIE,"1,857,000",645.84,"2,875",Jan-25,LORONG 1 TOA PAYOH,New Sale,Strata,60,"30,950",-,Condominium,1,99 yrs lease commencing from 2024,12,Rest of Central Region,21 to 25
THE ORIE,"2,793,000","1,022.58","2,731",Jan-25,LORONG 1 TOA PAYOH,New Sale,Strata,95,"29,400",-,Condominium,1,99 yrs lease commencing from 2024,12,Rest of Central Region,21 to 25
THE ORIE,"1,473,000",516.67,"2,851",Jan-25,LORONG 1 TOA PAYOH,New Sale,Strata,48,"30,688",-,Condominium,1,99 yrs lease commencing from 2024,12,Rest of Central Region,21 to 25
THE ORIE,"1,687,000",592.02,"2,850",Jan-25,LORONG 1 TOA PAYOH,New Sale,Strata,55,"30,673",-,Condominium,1,99 yrs lease commencing from 2024,12,Rest of Central Region,21 to 25
THE ORIE,"2,384,000",850.36,"2,804",Jan-25,LORONG 1 TOA PAYOH,New Sale,Strata,79,"30,177",-,Condominium,1,99 yrs lease commencing from 2024,12,Rest of Central Region,21 to 25
THE ORIE,"3,264,000","1,216.33","2,683",Jan-25,LORONG 1 TOA PAYOH,New Sale,Strata,113,"28,885",-,Condominium,1,99 yrs lease commencing from 2024,12,Rest of Central Region,21 to 25
THE ORIE,"3,522,000","1,367.03","2,576",Jan-25,LORONG 1 TOA PAYOH,New Sale,Strata,127,"27,732",-,Condominium,1,99 yrs lease commencing from 2024,12,Rest of Central Region,21 to 25
THE ORIE,"1,972,000",699.66,"2,819",Jan-25,LORONG 1 TOA PAYOH,New Sale,Strata,65,"30,338",-,Condominium,1,99 yrs lease commencing from 2024,12,Rest of Central Region,21 to 25
THE ORIE,"1,921,000",678.13,"2,833",Jan-25,LORONG 1 TOA PAYOH,New Sale,Strata,63,"30,492",-,Condominium,1,99 yrs lease commencing from 2024,12,Rest of Central Region,21 to 25
THE ORIE,"1,479,000",516.67,"2,863",Jan-25,LORONG 1 TOA PAYOH,New Sale,Strata,48,"30,813",-,Condominium,1,99 yrs lease commencing from 2024,12,Rest of Central Region,21 to 25
THE ORIE,"1,694,000",592.02,"2,861",Jan-25,LORONG 1 TOA PAYOH,New Sale,Strata,55,"30,800",-,Condominium,1,99 yrs lease commencing from 2024,12,Rest of Central Region,21 to 25
THE ORIE,"3,275,000","1,216.33","2,693",Jan-25,LORONG 1 TOA PAYOH,New Sale,Strata,113,"28,982",-,Condominium,1,99 yrs lease commencing from 2024,12,Rest of Central Region,21 to 25
THE ORIE,"3,533,000","1,367.03","2,584",Jan-25,LORONG 1 TOA PAYOH,New Sale,Strata,127,"27,819",-,Condominium,1,99 yrs lease commencing from 2024,12,Rest of Central Region,21 to 25
THE ORIE,"1,980,000",699.66,"2,830",Jan-25,LORONG 1 TOA PAYOH,New Sale,Strata,65,"30,462",-,Condominium,1,99 yrs lease commencing from 2024,12,Rest of Central Region,21 to 25
THE ORIE,"1,928,000",678.13,"2,843",Jan-25,LORONG 1 TOA PAYOH,New Sale,Strata,63,"30,603",-,Condominium,1,99 yrs lease commencing from 2024,12,Rest of Central Region,21 to 25
THE ORIE,"1,862,000",645.84,"2,883",Jan-25,LORONG 1 TOA PAYOH,New Sale,Strata,60,"31,033",-,Condominium,1,99 yrs lease commencing from 2024,12,Rest of Central Region,21 to 25
THE ORIE,"1,701,000",592.02,"2,873",Jan-25,LORONG 1 TOA PAYOH,New Sale,Strata,55,"30,927",-,Condominium,1,99 yrs lease commencing from 2024,12,Rest of Central Region,21 to 25
THE ORIE,"1,988,000",699.66,"2,841",Jan-25,LORONG 1 TOA PAYOH,New Sale,Strata,65,"30,585",-,Condominium,1,99 yrs lease commencing from 2024,12,Rest of Central Region,21 to 25
THE ORIE,"1,935,000",678.13,"2,853",Jan-25,LORONG 1 TOA PAYOH,New Sale,Strata,63,"30,714",-,Condominium,1,99 yrs lease commencing from 2024,12,Rest of Central Region,21 to 25
THE ORIE,"1,708,000",592.02,"2,885",Jan-25,LORONG 1 TOA PAYOH,New Sale,Strata,55,"31,055",-,Condominium,1,99 yrs lease commencing from 2024,12,Rest of Central Region,21 to 25
THE ORIE,"1,996,000",699.66,"2,853",Jan-25,LORONG 1 TOA PAYOH,New Sale,Strata,65,"30,708",-,Condominium,1,99 yrs lease commencing from 2024,12,Rest of Central Region,21 to 25
THE ORIE,"1,942,000",678.13,"2,864",Jan-25,LORONG 1 TOA PAYOH,New Sale,Strata,63,"30,825",-,Condominium,1,99 yrs lease commencing from 2024,12,Rest of Central Region,21 to 25
THE ORIE,"1,867,000",645.84,"2,891",Jan-25,LORONG 1 TOA PAYOH,New Sale,Strata,60,"31,117",-,Condominium,1,99 yrs lease commencing from 2024,12,Rest of Central Region,26 to 30
THE ORIE,"2,830,000","1,022.58","2,768",Jan-25,LORONG 1 TOA PAYOH,New Sale,Strata,95,"29,789",-,Condominium,1,99 yrs lease commencing from 2024,12,Rest of Central Region,26 to 30
THE ORIE,"1,497,000",516.67,"2,897",Jan-25,LORONG 1 TOA PAYOH,New Sale,Strata,48,"31,188",-,Condominium,1,99 yrs lease commencing from 2024,12,Rest of Central Region,26 to 30
THE ORIE,"1,715,000",592.02,"2,897",Jan-25,LORONG 1 TOA PAYOH,New Sale,Strata,55,"31,182",-,Condominium,1,99 yrs lease commencing from 2024,12,Rest of Central Region,26 to 30
THE ORIE,"2,421,000",850.36,"2,847",Jan-25,LORONG 1 TOA PAYOH,New Sale,Strata,79,"30,646",-,Condominium,1,99 yrs lease commencing from 2024,12,Rest of Central Region,26 to 30
THE ORIE,"3,308,000","1,216.33","2,720",Jan-25,LORONG 1 TOA PAYOH,New Sale,Strata,113,"29,274",-,Condominium,1,99 yrs lease commencing from 2024,12,Rest of Central Region,26 to 30
THE ORIE,"2,004,000",699.66,"2,864",Jan-25,LORONG 1 TOA PAYOH,New Sale,Strata,65,"30,831",-,Condominium,1,99 yrs lease commencing from 2024,12,Rest of Central Region,26 to 30
THE ORIE,"1,950,000",678.13,"2,876",Jan-25,LORONG 1 TOA PAYOH,New Sale,Strata,63,"30,952",-,Condominium,1,99 yrs lease commencing from 2024,12,Rest of Central Region,26 to 30
THE ORIE,"1,874,000",645.84,"2,902",Jan-25,LORONG 1 TOA PAYOH,New Sale,Strata,60,"31,233",-,Condominium,1,99 yrs lease commencing from 2024,12,Rest of Central Region,26 to 30
THE ORIE,"1,722,000",592.02,"2,909",Jan-25,LORONG 1 TOA PAYOH,New Sale,Strata,55,"31,309",-,Condominium,1,99 yrs lease commencing from 2024,12,Rest of Central Region,26 to 30
THE ORIE,"2,012,000",699.66,"2,876",Jan-25,LORONG 1 TOA PAYOH,New Sale,Strata,65,"30,954",-,Condominium,1,99 yrs lease commencing from 2024,12,Rest of Central Region,26 to 30
THE ORIE,"1,957,000",678.13,"2,886",Jan-25,LORONG 1 TOA PAYOH,New Sale,Strata,63,"31,063",-,Condominium,1,99 yrs lease commencing from 2024,12,Rest of Central Region,26 to 30
THE ORIE,"1,888,000",645.84,"2,923",Jan-25,LORONG 1 TOA PAYOH,New Sale,Strata,60,"31,467",-,Condominium,1,99 yrs lease commencing from 2024,12,Rest of Central Region,26 to 30
THE ORIE,"3,341,000","1,216.33","2,747",Jan-25,LORONG 1 TOA PAYOH,New Sale,Strata,113,"29,566",-,Condominium,1,99 yrs lease commencing from 2024,12,Rest of Central Region,26 to 30
THE ORIE,"2,028,000",699.66,"2,899",Jan-25,LORONG 1 TOA PAYOH,New Sale,Strata,65,"31,200",-,Condominium,1,99 yrs lease commencing from 2024,12,Rest of Central Region,26 to 30
THE ORIE,"1,971,000",678.13,"2,907",Jan-25,LORONG 1 TOA PAYOH,New Sale,Strata,63,"31,286",-,Condominium,1,99 yrs lease commencing from 2024,12,Rest of Central Region,26 to 30
THE ORIE,"1,894,000",645.84,"2,933",Jan-25,LORONG 1 TOA PAYOH,New Sale,Strata,60,"31,567",-,Condominium,1,99 yrs lease commencing from 2024,12,Rest of Central Region,26 to 30
THE ORIE,"1,742,000",592.02,"2,942",Jan-25,LORONG 1 TOA PAYOH,New Sale,Strata,55,"31,673",-,Condominium,1,99 yrs lease commencing from 2024,12,Rest of Central Region,26 to 30
THE ORIE,"3,352,000","1,216.33","2,756",Jan-25,LORONG 1 TOA PAYOH,New Sale,Strata,113,"29,664",-,Condominium,1,99 yrs lease commencing from 2024,12,Rest of Central Region,26 to 30
THE ORIE,"2,035,000",699.66,"2,909",Jan-25,LORONG 1 TOA PAYOH,New Sale,Strata,65,"31,308",-,Condominium,1,99 yrs lease commencing from 2024,12,Rest of Central Region,26 to 30
THE ORIE,"1,977,000",678.13,"2,915",Jan-25,LORONG 1 TOA PAYOH,New Sale,Strata,63,"31,381",-,Condominium,1,99 yrs lease commencing from 2024,12,Rest of Central Region,26 to 30
THE ORIE,"1,900,000",645.84,"2,942",Jan-25,LORONG 1 TOA PAYOH,New Sale,Strata,60,"31,667",-,Condominium,1,99 yrs lease commencing from 2024,12,Rest of Central Region,26 to 30
THE ORIE,"3,888,000","1,453.14","2,676",Jan-25,LORONG 1 TOA PAYOH,New Sale,Strata,135,"28,800",-,Condominium,1,99 yrs lease commencing from 2024,12,Rest of Central Region,26 to 30
THE ORIE,"1,748,000",592.02,"2,953",Jan-25,LORONG 1 TOA PAYOH,New Sale,Strata,55,"31,782",-,Condominium,1,99 yrs lease commencing from 2024,12,Rest of Central Region,26 to 30
THE ORIE,"3,362,000","1,216.33","2,764",Jan-25,LORONG 1 TOA PAYOH,New Sale,Strata,113,"29,752",-,Condominium,1,99 yrs lease commencing from 2024,12,Rest of Central Region,26 to 30
THE ORIE,"2,042,000",699.66,"2,919",Jan-25,LORONG 1 TOA PAYOH,New Sale,Strata,65,"31,415",-,Condominium,1,99 yrs lease commencing from 2024,12,Rest of Central Region,26 to 30
THE ORIE,"1,983,000",678.13,"2,924",Jan-25,LORONG 1 TOA PAYOH,New Sale,Strata,63,"31,476",-,Condominium,1,99 yrs lease commencing from 2024,12,Rest of Central Region,26 to 30
THE ORIE,"1,906,000",645.84,"2,951",Jan-25,LORONG 1 TOA PAYOH,New Sale,Strata,60,"31,767",-,Condominium,1,99 yrs lease commencing from 2024,12,Rest of Central Region,31 to 35
THE ORIE,"3,899,000","1,453.14","2,683",Jan-25,LORONG 1 TOA PAYOH,New Sale,Strata,135,"28,881",-,Condominium,1,99 yrs lease commencing from 2024,12,Rest of Central Region,31 to 35
THE ORIE,"1,530,000",516.67,"2,961",Jan-25,LORONG 1 TOA PAYOH,New Sale,Strata,48,"31,875",-,Condominium,1,99 yrs lease commencing from 2024,12,Rest of Central Region,31 to 35
THE ORIE,"1,754,000",592.02,"2,963",Jan-25,LORONG 1 TOA PAYOH,New Sale,Strata,55,"31,891",-,Condominium,1,99 yrs lease commencing from 2024,12,Rest of Central Region,31 to 35
THE ORIE,"2,460,000",850.36,"2,893",Jan-25,LORONG 1 TOA PAYOH,New Sale,Strata,79,"31,139",-,Condominium,1,99 yrs lease commencing from 2024,12,Rest of Central Region,31 to 35
THE ORIE,"3,372,000","1,216.33","2,772",Jan-25,LORONG 1 TOA PAYOH,New Sale,Strata,113,"29,841",-,Condominium,1,99 yrs lease commencing from 2024,12,Rest of Central Region,31 to 35
THE ORIE,"2,049,000",699.66,"2,929",Jan-25,LORONG 1 TOA PAYOH,New Sale,Strata,65,"31,523",-,Condominium,1,99 yrs lease commencing from 2024,12,Rest of Central Region,31 to 35
THE ORIE,"1,989,000",678.13,"2,933",Jan-25,LORONG 1 TOA PAYOH,New Sale,Strata,63,"31,571",-,Condominium,1,99 yrs lease commencing from 2024,12,Rest of Central Region,31 to 35
THE ORIE,"1,912,000",645.84,"2,960",Jan-25,LORONG 1 TOA PAYOH,New Sale,Strata,60,"31,867",-,Condominium,1,99 yrs lease commencing from 2024,12,Rest of Central Region,31 to 35
THE ORIE,"1,760,000",592.02,"2,973",Jan-25,LORONG 1 TOA PAYOH,New Sale,Strata,55,"32,000",-,Condominium,1,99 yrs lease commencing from 2024,12,Rest of Central Region,31 to 35
THE ORIE,"3,382,000","1,216.33","2,780",Jan-25,LORONG 1 TOA PAYOH,New Sale,Strata,113,"29,929",-,Condominium,1,99 yrs lease commencing from 2024,12,Rest of Central Region,31 to 35
THE ORIE,"2,056,000",699.66,"2,939",Jan-25,LORONG 1 TOA PAYOH,New Sale,Strata,65,"31,631",-,Condominium,1,99 yrs lease commencing from 2024,12,Rest of Central Region,31 to 35
THE ORIE,"1,995,000",678.13,"2,942",Jan-25,LORONG 1 TOA PAYOH,New Sale,Strata,63,"31,667",-,Condominium,1,99 yrs lease commencing from 2024,12,Rest of Central Region,31 to 35
THE ORIE,"1,918,000",645.84,"2,970",Jan-25,LORONG 1 TOA PAYOH,New Sale,Strata,60,"31,967",-,Condominium,1,99 yrs lease commencing from 2024,12,Rest of Central Region,31 to 35
THE ORIE,"1,766,000",592.02,"2,983",Jan-25,LORONG 1 TOA PAYOH,New Sale,Strata,55,"32,109",-,Condominium,1,99 yrs lease commencing from 2024,12,Rest of Central Region,31 to 35
THE ORIE,"2,476,000",850.36,"2,912",Jan-25,LORONG 1 TOA PAYOH,New Sale,Strata,79,"31,342",-,Condominium,1,99 yrs lease commencing from 2024,12,Rest of Central Region,31 to 35
THE ORIE,"3,392,000","1,216.33","2,789",Jan-25,LORONG 1 TOA PAYOH,New Sale,Strata,113,"30,018",-,Condominium,1,99 yrs lease commencing from 2024,12,Rest of Central Region,31 to 35
THE ORIE,"2,063,000",699.66,"2,949",Jan-25,LORONG 1 TOA PAYOH,New Sale,Strata,65,"31,738",-,Condominium,1,99 yrs lease commencing from 2024,12,Rest of Central Region,31 to 35
THE ORIE,"2,001,000",678.13,"2,951",Jan-25,LORONG 1 TOA PAYOH,New Sale,Strata,63,"31,762",-,Condominium,1,99 yrs lease commencing from 2024,12,Rest of Central Region,31 to 35
THE ORIE,"1,924,000",645.84,"2,979",Jan-25,LORONG 1 TOA PAYOH,New Sale,Strata,60,"32,067",-,Condominium,1,99 yrs lease commencing from 2024,12,Rest of Central Region,31 to 35
THE ORIE,"2,906,000","1,022.58","2,842",Jan-25,LORONG 1 TOA PAYOH,New Sale,Strata,95,"30,589",-,Condominium,1,99 yrs lease commencing from 2024,12,Rest of Central Region,31 to 35
THE ORIE,"1,545,000",516.67,"2,990",Jan-25,LORONG 1 TOA PAYOH,New Sale,Strata,48,"32,188",-,Condominium,1,99 yrs lease commencing from 2024,12,Rest of Central Region,31 to 35
THE ORIE,"1,772,000",592.02,"2,993",Jan-25,LORONG 1 TOA PAYOH,New Sale,Strata,55,"32,218",-,Condominium,1,99 yrs lease commencing from 2024,12,Rest of Central Region,31 to 35
THE ORIE,"2,485,000",850.36,"2,922",Jan-25,LORONG 1 TOA PAYOH,New Sale,Strata,79,"31,456",-,Condominium,1,99 yrs lease commencing from 2024,12,Rest of Central Region,31 to 35
THE ORIE,"3,402,000","1,216.33","2,797",Jan-25,LORONG 1 TOA PAYOH,New Sale,Strata,113,"30,106",-,Condominium,1,99 yrs lease commencing from 2024,12,Rest of Central Region,31 to 35
THE ORIE,"2,070,000",699.66,"2,959",Jan-25,LORONG 1 TOA PAYOH,New Sale,Strata,65,"31,846",-,Condominium,1,99 yrs lease commencing from 2024,12,Rest of Central Region,31 to 35
THE ORIE,"2,007,000",678.13,"2,960",Jan-25,LORONG 1 TOA PAYOH,New Sale,Strata,63,"31,857",-,Condominium,1,99 yrs lease commencing from 2024,12,Rest of Central Region,31 to 35
THE ORIE,"1,930,000",645.84,"2,988",Jan-25,LORONG 1 TOA PAYOH,New Sale,Strata,60,"32,167",-,Condominium,1,99 yrs lease commencing from 2024,12,Rest of Central Region,31 to 35
THE ORIE,"1,778,000",592.02,"3,003",Jan-25,LORONG 1 TOA PAYOH,New Sale,Strata,55,"32,327",-,Condominium,1,99 yrs lease commencing from 2024,12,Rest of Central Region,31 to 35
THE ORIE,"2,077,000",699.66,"2,969",Jan-25,LORONG 1 TOA PAYOH,New Sale,Strata,65,"31,954",-,Condominium,1,99 yrs lease commencing from 2024,12,Rest of Central Region,31 to 35
THE ORIE,"2,013,000",678.13,"2,968",Jan-25,LORONG 1 TOA PAYOH,New Sale,Strata,63,"31,952",-,Condominium,1,99 yrs lease commencing from 2024,12,Rest of Central Region,31 to 35
THE ORIE,"1,936,000",645.84,"2,998",Jan-25,LORONG 1 TOA PAYOH,New Sale,Strata,60,"32,267",-,Condominium,1,99 yrs lease commencing from 2024,12,Rest of Central Region,36 to 40
THE ORIE,"3,954,000","1,453.14","2,721",Jan-25,LORONG 1 TOA PAYOH,New Sale,Strata,135,"29,289",-,Condominium,1,99 yrs lease commencing from 2024,12,Rest of Central Region,36 to 40
THE ORIE,"1,784,000",592.02,"3,013",Jan-25,LORONG 1 TOA PAYOH,New Sale,Strata,55,"32,436",-,Condominium,1,99 yrs lease commencing from 2024,12,Rest of Central Region,36 to 40
THE ORIE,"3,422,000","1,216.33","2,813",Jan-25,LORONG 1 TOA PAYOH,New Sale,Strata,113,"30,283",-,Condominium,1,99 yrs lease commencing from 2024,12,Rest of Central Region,36 to 40
THE ORIE,"2,084,000",699.66,"2,979",Jan-25,LORONG 1 TOA PAYOH,New Sale,Strata,65,"32,062",-,Condominium,1,99 yrs lease commencing from 2024,12,Rest of Central Region,36 to 40
THE ORIE,"2,019,000",678.13,"2,977",Jan-25,LORONG 1 TOA PAYOH,New Sale,Strata,63,"32,048",-,Condominium,1,99 yrs lease commencing from 2024,12,Rest of Central Region,36 to 40
THE ORIE,"1,942,000",645.84,"3,007",Jan-25,LORONG 1 TOA PAYOH,New Sale,Strata,60,"32,367",-,Condominium,1,99 yrs lease commencing from 2024,12,Rest of Central Region,36 to 40
THE ORIE,"1,790,000",592.02,"3,024",Jan-25,LORONG 1 TOA PAYOH,New Sale,Strata,55,"32,545",-,Condominium,1,99 yrs lease commencing from 2024,12,Rest of Central Region,36 to 40
THE ORIE,"2,509,000",850.36,"2,951",Jan-25,LORONG 1 TOA PAYOH,New Sale,Strata,79,"31,759",-,Condominium,1,99 yrs lease commencing from 2024,12,Rest of Central Region,36 to 40
THE ORIE,"2,091,000",699.66,"2,989",Jan-25,LORONG 1 TOA PAYOH,New Sale,Strata,65,"32,169",-,Condominium,1,99 yrs lease commencing from 2024,12,Rest of Central Region,36 to 40
THE ORIE,"2,025,000",678.13,"2,986",Jan-25,LORONG 1 TOA PAYOH,New Sale,Strata,63,"32,143",-,Condominium,1,99 yrs lease commencing from 2024,12,Rest of Central Region,36 to 40
THE ORIE,"1,954,000",645.84,"3,026",Jan-25,LORONG 1 TOA PAYOH,New Sale,Strata,60,"32,567",-,Condominium,1,99 yrs lease commencing from 2024,12,Rest of Central Region,36 to 40
THE ORIE,"3,987,000","1,453.14","2,744",Jan-25,LORONG 1 TOA PAYOH,New Sale,Strata,135,"29,533",-,Condominium,1,99 yrs lease commencing from 2024,12,Rest of Central Region,36 to 40
THE ORIE,"1,802,000",592.02,"3,044",Jan-25,LORONG 1 TOA PAYOH,New Sale,Strata,55,"32,764",-,Condominium,1,99 yrs lease commencing from 2024,12,Rest of Central Region,36 to 40
THE ORIE,"2,525,000",850.36,"2,969",Jan-25,LORONG 1 TOA PAYOH,New Sale,Strata,79,"31,962",-,Condominium,1,99 yrs lease commencing from 2024,12,Rest of Central Region,36 to 40
THE ORIE,"3,452,000","1,216.33","2,838",Jan-25,LORONG 1 TOA PAYOH,New Sale,Strata,113,"30,549",-,Condominium,1,99 yrs lease commencing from 2024,12,Rest of Central Region,36 to 40
THE ORIE,"2,105,000",699.66,"3,009",Jan-25,LORONG 1 TOA PAYOH,New Sale,Strata,65,"32,385",-,Condominium,1,99 yrs lease commencing from 2024,12,Rest of Central Region,36 to 40
THE ORIE,"2,037,000",678.13,"3,004",Jan-25,LORONG 1 TOA PAYOH,New Sale,Strata,63,"32,333",-,Condominium,1,99 yrs lease commencing from 2024,12,Rest of Central Region,36 to 40
THE ORIE,"1,960,000",645.84,"3,035",Jan-25,LORONG 1 TOA PAYOH,New Sale,Strata,60,"32,667",-,Condominium,1,99 yrs lease commencing from 2024,12,Rest of Central Region,36 to 40
THE ORIE,"2,955,000","1,022.58","2,890",Jan-25,LORONG 1 TOA PAYOH,New Sale,Strata,95,"31,105",-,Condominium,1,99 yrs lease commencing from 2024,12,Rest of Central Region,36 to 40
THE ORIE,"1,808,000",592.02,"3,054",Jan-25,LORONG 1 TOA PAYOH,New Sale,Strata,55,"32,873",-,Condominium,1,99 yrs lease commencing from 2024,12,Rest of Central Region,36 to 40
THE ORIE,"2,533,000",850.36,"2,979",Jan-25,LORONG 1 TOA PAYOH,New Sale,Strata,79,"32,063",-,Condominium,1,99 yrs lease commencing from 2024,12,Rest of Central Region,36 to 40
THE ORIE,"2,112,000",699.66,"3,019",Jan-25,LORONG 1 TOA PAYOH,New Sale,Strata,65,"32,492",-,Condominium,1,99 yrs lease commencing from 2024,12,Rest of Central Region,36 to 40
THE ORIE,"1,966,000",645.84,"3,044",Jan-25,LORONG 1 TOA PAYOH,New Sale,Strata,60,"32,767",-,Condominium,1,99 yrs lease commencing from 2024,12,Rest of Central Region,36 to 40
THE ORIE,"2,963,000","1,022.58","2,898",Jan-25,LORONG 1 TOA PAYOH,New Sale,Strata,95,"31,189",-,Condominium,1,99 yrs lease commencing from 2024,12,Rest of Central Region,36 to 40
THE ORIE,"2,541,000",850.36,"2,988",Jan-25,LORONG 1 TOA PAYOH,New Sale,Strata,79,"32,165",-,Condominium,1,99 yrs lease commencing from 2024,12,Rest of Central Region,36 to 40
THE ORIE,"2,119,000",699.66,"3,029",Jan-25,LORONG 1 TOA PAYOH,New Sale,Strata,65,"32,600",-,Condominium,1,99 yrs lease commencing from 2024,12,Rest of Central Region,36 to 40
THE ORIE,"2,049,000",678.13,"3,022",Jan-25,LORONG 1 TOA PAYOH,New Sale,Strata,63,"32,524",-,Condominium,1,99 yrs lease commencing from 2024,12,Rest of Central Region,36 to 40
THE ORIE,"1,316,000",516.67,"2,547",Jan-25,LORONG 1 TOA PAYOH,New Sale,Strata,48,"27,417",-,Condominium,1,99 yrs lease commencing from 2024,12,Rest of Central Region,01 to 05
THE ORIE,"2,978,000","1,216.33","2,448",Jan-25,LORONG 1 TOA PAYOH,New Sale,Strata,113,"26,354",-,Condominium,1,99 yrs lease commencing from 2024,12,Rest of Central Region,01 to 05
THE ORIE,"1,675,000",645.84,"2,594",Jan-25,LORONG 1 TOA PAYOH,New Sale,Strata,60,"27,917",-,Condominium,1,99 yrs lease commencing from 2024,12,Rest of Central Region,01 to 05
THE ORIE,"3,000,000","1,216.33","2,466",Jan-25,LORONG 1 TOA PAYOH,New Sale,Strata,113,"26,549",-,Condominium,1,99 yrs lease commencing from 2024,12,Rest of Central Region,01 to 05
THE ORIE,"1,775,000",699.66,"2,537",Jan-25,LORONG 1 TOA PAYOH,New Sale,Strata,65,"27,308",-,Condominium,1,99 yrs lease commencing from 2024,12,Rest of Central Region,01 to 05
THE ORIE,"1,683,000",645.84,"2,606",Jan-25,LORONG 1 TOA PAYOH,New Sale,Strata,60,"28,050",-,Condominium,1,99 yrs lease commencing from 2024,12,Rest of Central Region,01 to 05
THE ORIE,"2,142,000",850.36,"2,519",Jan-25,LORONG 1 TOA PAYOH,New Sale,Strata,79,"27,114",-,Condominium,1,99 yrs lease commencing from 2024,12,Rest of Central Region,01 to 05
THE ORIE,"2,587,000","1,044.11","2,478",Jan-25,LORONG 1 TOA PAYOH,New Sale,Strata,97,"26,670",-,Condominium,1,99 yrs lease commencing from 2024,12,Rest of Central Region,01 to 05
THE ORIE,"3,042,000","1,216.33","2,501",Jan-25,LORONG 1 TOA PAYOH,New Sale,Strata,113,"26,920",-,Condominium,1,99 yrs lease commencing from 2024,12,Rest of Central Region,01 to 05
THE ORIE,"1,788,000",699.66,"2,556",Jan-25,LORONG 1 TOA PAYOH,New Sale,Strata,65,"27,508",-,Condominium,1,99 yrs lease commencing from 2024,12,Rest of Central Region,01 to 05
THE ORIE,"1,726,000",678.13,"2,545",Jan-25,LORONG 1 TOA PAYOH,New Sale,Strata,63,"27,397",-,Condominium,1,99 yrs lease commencing from 2024,12,Rest of Central Region,01 to 05
THE ORIE,"3,034,000","1,216.33","2,494",Jan-25,LORONG 1 TOA PAYOH,New Sale,Strata,113,"26,850",-,Condominium,1,99 yrs lease commencing from 2024,12,Rest of Central Region,01 to 05
THE ORIE,"3,036,000","1,216.33","2,496",Jan-25,LORONG 1 TOA PAYOH,New Sale,Strata,113,"26,867",-,Condominium,1,99 yrs lease commencing from 2024,12,Rest of Central Region,06 to 10
THE ORIE,"3,058,000","1,216.33","2,514",Jan-25,LORONG 1 TOA PAYOH,New Sale,Strata,113,"27,062",-,Condominium,1,99 yrs lease commencing from 2024,12,Rest of Central Region,06 to 10
THE ORIE,"1,723,000",645.84,"2,668",Jan-25,LORONG 1 TOA PAYOH,New Sale,Strata,60,"28,717",-,Condominium,1,99 yrs lease commencing from 2024,12,Rest of Central Region,06 to 10
THE ORIE,"3,591,000","1,453.14","2,471",Jan-25,LORONG 1 TOA PAYOH,New Sale,Strata,135,"26,600",-,Condominium,1,99 yrs lease commencing from 2024,12,Rest of Central Region,06 to 10
THE ORIE,"1,571,000",592.02,"2,654",Jan-25,LORONG 1 TOA PAYOH,New Sale,Strata,55,"28,564",-,Condominium,1,99 yrs lease commencing from 2024,12,Rest of Central Region,06 to 10
THE ORIE,"2,203,000",850.36,"2,591",Jan-25,LORONG 1 TOA PAYOH,New Sale,Strata,79,"27,886",-,Condominium,1,99 yrs lease commencing from 2024,12,Rest of Central Region,06 to 10
THE ORIE,"2,658,000","1,044.11","2,546",Jan-25,LORONG 1 TOA PAYOH,New Sale,Strata,97,"27,402",-,Condominium,1,99 yrs lease commencing from 2024,12,Rest of Central Region,06 to 10
THE ORIE,"3,072,000","1,216.33","2,526",Jan-25,LORONG 1 TOA PAYOH,New Sale,Strata,113,"27,186",-,Condominium,1,99 yrs lease commencing from 2024,12,Rest of Central Region,06 to 10
THE ORIE,"1,841,000",699.66,"2,631",Jan-25,LORONG 1 TOA PAYOH,New Sale,Strata,65,"28,323",-,Condominium,1,99 yrs lease commencing from 2024,12,Rest of Central Region,06 to 10
THE ORIE,"1,794,000",678.13,"2,646",Jan-25,LORONG 1 TOA PAYOH,New Sale,Strata,63,"28,476",-,Condominium,1,99 yrs lease commencing from 2024,12,Rest of Central Region,06 to 10
THE ORIE,"1,731,000",645.84,"2,680",Jan-25,LORONG 1 TOA PAYOH,New Sale,Strata,60,"28,850",-,Condominium,1,99 yrs lease commencing from 2024,12,Rest of Central Region,06 to 10
THE ORIE,"1,579,000",592.02,"2,667",Jan-25,LORONG 1 TOA PAYOH,New Sale,Strata,55,"28,709",-,Condominium,1,99 yrs lease commencing from 2024,12,Rest of Central Region,06 to 10
THE ORIE,"2,213,000",850.36,"2,602",Jan-25,LORONG 1 TOA PAYOH,New Sale,Strata,79,"28,013",-,Condominium,1,99 yrs lease commencing from 2024,12,Rest of Central Region,06 to 10
THE ORIE,"3,094,000","1,216.33","2,544",Jan-25,LORONG 1 TOA PAYOH,New Sale,Strata,113,"27,381",-,Condominium,1,99 yrs lease commencing from 2024,12,Rest of Central Region,06 to 10
THE ORIE,"1,850,000",699.66,"2,644",Jan-25,LORONG 1 TOA PAYOH,New Sale,Strata,65,"28,462",-,Condominium,1,99 yrs lease commencing from 2024,12,Rest of Central Region,06 to 10
THE ORIE,"1,803,000",678.13,"2,659",Jan-25,LORONG 1 TOA PAYOH,New Sale,Strata,63,"28,619",-,Condominium,1,99 yrs lease commencing from 2024,12,Rest of Central Region,06 to 10
THE ORIE,"1,739,000",645.84,"2,693",Jan-25,LORONG 1 TOA PAYOH,New Sale,Strata,60,"28,983",-,Condominium,1,99 yrs lease commencing from 2024,12,Rest of Central Region,06 to 10
THE ORIE,"3,617,000","1,453.14","2,489",Jan-25,LORONG 1 TOA PAYOH,New Sale,Strata,135,"26,793",-,Condominium,1,99 yrs lease commencing from 2024,12,Rest of Central Region,06 to 10
THE ORIE,"1,587,000",592.02,"2,681",Jan-25,LORONG 1 TOA PAYOH,New Sale,Strata,55,"28,855",-,Condominium,1,99 yrs lease commencing from 2024,12,Rest of Central Region,06 to 10
THE ORIE,"2,223,000",850.36,"2,614",Jan-25,LORONG 1 TOA PAYOH,New Sale,Strata,79,"28,139",-,Condominium,1,99 yrs lease commencing from 2024,12,Rest of Central Region,06 to 10
THE ORIE,"3,096,000","1,216.33","2,545",Jan-25,LORONG 1 TOA PAYOH,New Sale,Strata,113,"27,398",-,Condominium,1,99 yrs lease commencing from 2024,12,Rest of Central Region,06 to 10
THE ORIE,"1,859,000",699.66,"2,657",Jan-25,LORONG 1 TOA PAYOH,New Sale,Strata,65,"28,600",-,Condominium,1,99 yrs lease commencing from 2024,12,Rest of Central Region,06 to 10
THE ORIE,"1,812,000",678.13,"2,672",Jan-25,LORONG 1 TOA PAYOH,New Sale,Strata,63,"28,762",-,Condominium,1,99 yrs lease commencing from 2024,12,Rest of Central Region,06 to 10
THE ORIE,"3,130,000","1,216.33","2,573",Jan-25,LORONG 1 TOA PAYOH,New Sale,Strata,113,"27,699",-,Condominium,1,99 yrs lease commencing from 2024,12,Rest of Central Region,11 to 15
THE ORIE,"1,763,000",645.84,"2,730",Jan-25,LORONG 1 TOA PAYOH,New Sale,Strata,60,"29,383",-,Condominium,1,99 yrs lease commencing from 2024,12,Rest of Central Region,11 to 15
THE ORIE,"1,407,000",516.67,"2,723",Jan-25,LORONG 1 TOA PAYOH,New Sale,Strata,48,"29,313",-,Condominium,1,99 yrs lease commencing from 2024,12,Rest of Central Region,11 to 15
THE ORIE,"1,611,000",592.02,"2,721",Jan-25,LORONG 1 TOA PAYOH,New Sale,Strata,55,"29,291",-,Condominium,1,99 yrs lease commencing from 2024,12,Rest of Central Region,11 to 15
THE ORIE,"2,253,000",850.36,"2,649",Jan-25,LORONG 1 TOA PAYOH,New Sale,Strata,79,"28,519",-,Condominium,1,99 yrs lease commencing from 2024,12,Rest of Central Region,11 to 15
THE ORIE,"2,708,000","1,044.11","2,594",Jan-25,LORONG 1 TOA PAYOH,New Sale,Strata,97,"27,918",-,Condominium,1,99 yrs lease commencing from 2024,12,Rest of Central Region,11 to 15
THE ORIE,"3,142,000","1,216.33","2,583",Jan-25,LORONG 1 TOA PAYOH,New Sale,Strata,113,"27,805",-,Condominium,1,99 yrs lease commencing from 2024,12,Rest of Central Region,11 to 15
THE ORIE,"1,886,000",699.66,"2,696",Jan-25,LORONG 1 TOA PAYOH,New Sale,Strata,65,"29,015",-,Condominium,1,99 yrs lease commencing from 2024,12,Rest of Central Region,11 to 15
THE ORIE,"1,771,000",645.84,"2,742",Jan-25,LORONG 1 TOA PAYOH,New Sale,Strata,60,"29,517",-,Condominium,1,99 yrs lease commencing from 2024,12,Rest of Central Region,11 to 15
THE ORIE,"1,619,000",592.02,"2,735",Jan-25,LORONG 1 TOA PAYOH,New Sale,Strata,55,"29,436",-,Condominium,1,99 yrs lease commencing from 2024,12,Rest of Central Region,11 to 15
THE ORIE,"2,263,000",850.36,"2,661",Jan-25,LORONG 1 TOA PAYOH,New Sale,Strata,79,"28,646",-,Condominium,1,99 yrs lease commencing from 2024,12,Rest of Central Region,11 to 15
THE ORIE,"2,732,000","1,044.11","2,617",Jan-25,LORONG 1 TOA PAYOH,New Sale,Strata,97,"28,165",-,Condominium,1,99 yrs lease commencing from 2024,12,Rest of Central Region,11 to 15
THE ORIE,"1,895,000",699.66,"2,708",Jan-25,LORONG 1 TOA PAYOH,New Sale,Strata,65,"29,154",-,Condominium,1,99 yrs lease commencing from 2024,12,Rest of Central Region,11 to 15
THE ORIE,"1,811,000",645.84,"2,804",Jan-25,LORONG 1 TOA PAYOH,New Sale,Strata,60,"30,183",-,Condominium,1,99 yrs lease commencing from 2024,12,Rest of Central Region,16 to 20
THE ORIE,"2,913,000","1,130.22","2,577",Jan-25,LORONG 1 TOA PAYOH,New Sale,Strata,105,"27,743",-,Condominium,1,99 yrs lease commencing from 2024,12,Rest of Central Region,16 to 20
THE ORIE,"1,449,000",516.67,"2,804",Jan-25,LORONG 1 TOA PAYOH,New Sale,Strata,48,"30,188",-,Condominium,1,99 yrs lease commencing from 2024,12,Rest of Central Region,16 to 20
THE ORIE,"1,659,000",592.02,"2,802",Jan-25,LORONG 1 TOA PAYOH,New Sale,Strata,55,"30,164",-,Condominium,1,99 yrs lease commencing from 2024,12,Rest of Central Region,16 to 20
THE ORIE,"2,313,000",850.36,"2,720",Jan-25,LORONG 1 TOA PAYOH,New Sale,Strata,79,"29,278",-,Condominium,1,99 yrs lease commencing from 2024,12,Rest of Central Region,16 to 20
THE ORIE,"2,768,000","1,044.11","2,651",Jan-25,LORONG 1 TOA PAYOH,New Sale,Strata,97,"28,536",-,Condominium,1,99 yrs lease commencing from 2024,12,Rest of Central Region,16 to 20
THE ORIE,"1,940,000",699.66,"2,773",Jan-25,LORONG 1 TOA PAYOH,New Sale,Strata,65,"29,846",-,Condominium,1,99 yrs lease commencing from 2024,12,Rest of Central Region,16 to 20
THE ORIE,"1,818,000",645.84,"2,815",Jan-25,LORONG 1 TOA PAYOH,New Sale,Strata,60,"30,300",-,Condominium,1,99 yrs lease commencing from 2024,12,Rest of Central Region,16 to 20
THE ORIE,"2,322,000",850.36,"2,731",Jan-25,LORONG 1 TOA PAYOH,New Sale,Strata,79,"29,392",-,Condominium,1,99 yrs lease commencing from 2024,12,Rest of Central Region,16 to 20
THE ORIE,"2,777,000","1,044.11","2,660",Jan-25,LORONG 1 TOA PAYOH,New Sale,Strata,97,"28,629",-,Condominium,1,99 yrs lease commencing from 2024,12,Rest of Central Region,16 to 20
THE ORIE,"1,948,000",699.66,"2,784",Jan-25,LORONG 1 TOA PAYOH,New Sale,Strata,65,"29,969",-,Condominium,1,99 yrs lease commencing from 2024,12,Rest of Central Region,16 to 20
THE ORIE,"1,825,000",645.84,"2,826",Jan-25,LORONG 1 TOA PAYOH,New Sale,Strata,60,"30,417",-,Condominium,1,99 yrs lease commencing from 2024,12,Rest of Central Region,16 to 20
THE ORIE,"3,758,000","1,453.14","2,586",Jan-25,LORONG 1 TOA PAYOH,New Sale,Strata,135,"27,837",-,Condominium,1,99 yrs lease commencing from 2024,12,Rest of Central Region,16 to 20
THE ORIE,"1,673,000",592.02,"2,826",Jan-25,LORONG 1 TOA PAYOH,New Sale,Strata,55,"30,418",-,Condominium,1,99 yrs lease commencing from 2024,12,Rest of Central Region,16 to 20
THE ORIE,"2,331,000",850.36,"2,741",Jan-25,LORONG 1 TOA PAYOH,New Sale,Strata,79,"29,506",-,Condominium,1,99 yrs lease commencing from 2024,12,Rest of Central Region,16 to 20
THE ORIE,"2,786,000","1,044.11","2,668",Jan-25,LORONG 1 TOA PAYOH,New Sale,Strata,97,"28,722",-,Condominium,1,99 yrs lease commencing from 2024,12,Rest of Central Region,16 to 20
THE ORIE,"1,956,000",699.66,"2,796",Jan-25,LORONG 1 TOA PAYOH,New Sale,Strata,65,"30,092",-,Condominium,1,99 yrs lease commencing from 2024,12,Rest of Central Region,16 to 20
THE ORIE,"1,841,000",645.84,"2,851",Jan-25,LORONG 1 TOA PAYOH,New Sale,Strata,60,"30,683",-,Condominium,1,99 yrs lease commencing from 2024,12,Rest of Central Region,21 to 25
THE ORIE,"2,340,000",850.36,"2,752",Jan-25,LORONG 1 TOA PAYOH,New Sale,Strata,79,"29,620",-,Condominium,1,99 yrs lease commencing from 2024,12,Rest of Central Region,21 to 25
THE ORIE,"2,795,000","1,044.11","2,677",Jan-25,LORONG 1 TOA PAYOH,New Sale,Strata,97,"28,814",-,Condominium,1,99 yrs lease commencing from 2024,12,Rest of Central Region,21 to 25
THE ORIE,"1,855,000",645.84,"2,872",Jan-25,LORONG 1 TOA PAYOH,New Sale,Strata,60,"30,917",-,Condominium,1,99 yrs lease commencing from 2024,12,Rest of Central Region,21 to 25
THE ORIE,"2,358,000",850.36,"2,773",Jan-25,LORONG 1 TOA PAYOH,New Sale,Strata,79,"29,848",-,Condominium,1,99 yrs lease commencing from 2024,12,Rest of Central Region,21 to 25
THE ORIE,"2,827,000","1,044.11","2,708",Jan-25,LORONG 1 TOA PAYOH,New Sale,Strata,97,"29,144",-,Condominium,1,99 yrs lease commencing from 2024,12,Rest of Central Region,21 to 25
THE ORIE,"2,367,000",850.36,"2,784",Jan-25,LORONG 1 TOA PAYOH,New Sale,Strata,79,"29,962",-,Condominium,1,99 yrs lease commencing from 2024,12,Rest of Central Region,21 to 25
THE ORIE,"2,836,000","1,044.11","2,716",Jan-25,LORONG 1 TOA PAYOH,New Sale,Strata,97,"29,237",-,Condominium,1,99 yrs lease commencing from 2024,12,Rest of Central Region,21 to 25
THE ORIE,"2,376,000",850.36,"2,794",Jan-25,LORONG 1 TOA PAYOH,New Sale,Strata,79,"30,076",-,Condominium,1,99 yrs lease commencing from 2024,12,Rest of Central Region,21 to 25
THE ORIE,"2,394,000",850.36,"2,815",Jan-25,LORONG 1 TOA PAYOH,New Sale,Strata,79,"30,304",-,Condominium,1,99 yrs lease commencing from 2024,12,Rest of Central Region,26 to 30
THE ORIE,"2,412,000",850.36,"2,836",Jan-25,LORONG 1 TOA PAYOH,New Sale,Strata,79,"30,532",-,Condominium,1,99 yrs lease commencing from 2024,12,Rest of Central Region,26 to 30
THE ORIE,"2,028,000",699.66,"2,899",Jan-25,LORONG 1 TOA PAYOH,New Sale,Strata,65,"31,200",-,Condominium,1,99 yrs lease commencing from 2024,12,Rest of Central Region,26 to 30
THE ORIE,"2,420,000",850.36,"2,846",Jan-25,LORONG 1 TOA PAYOH,New Sale,Strata,79,"30,633",-,Condominium,1,99 yrs lease commencing from 2024,12,Rest of Central Region,26 to 30
THE ORIE,"2,428,000",850.36,"2,855",Jan-25,LORONG 1 TOA PAYOH,New Sale,Strata,79,"30,734",-,Condominium,1,99 yrs lease commencing from 2024,12,Rest of Central Region,26 to 30
THE ORIE,"2,133,000",850.36,"2,508",Jan-25,LORONG 1 TOA PAYOH,New Sale,Strata,79,"27,000",-,Condominium,1,99 yrs lease commencing from 2024,12,Rest of Central Region,01 to 05
THE ORIE,"1,778,000",699.66,"2,541",Jan-25,LORONG 1 TOA PAYOH,New Sale,Strata,65,"27,354",-,Condominium,1,99 yrs lease commencing from 2024,12,Rest of Central Region,01 to 05
THE ORIE,"1,675,000",645.84,"2,594",Jan-25,LORONG 1 TOA PAYOH,New Sale,Strata,60,"27,917",-,Condominium,1,99 yrs lease commencing from 2024,12,Rest of Central Region,01 to 05
THE ORIE,"2,517,000","1,022.58","2,461",Jan-25,LORONG 1 TOA PAYOH,New Sale,Strata,95,"26,495",-,Condominium,1,99 yrs lease commencing from 2024,12,Rest of Central Region,01 to 05
THE ORIE,"1,503,000",592.02,"2,539",Jan-25,LORONG 1 TOA PAYOH,New Sale,Strata,55,"27,327",-,Condominium,1,99 yrs lease commencing from 2024,12,Rest of Central Region,01 to 05
THE ORIE,"2,143,000",850.36,"2,520",Jan-25,LORONG 1 TOA PAYOH,New Sale,Strata,79,"27,127",-,Condominium,1,99 yrs lease commencing from 2024,12,Rest of Central Region,01 to 05
THE ORIE,"1,787,000",699.66,"2,554",Jan-25,LORONG 1 TOA PAYOH,New Sale,Strata,65,"27,492",-,Condominium,1,99 yrs lease commencing from 2024,12,Rest of Central Region,01 to 05
THE ORIE,"1,683,000",645.84,"2,606",Jan-25,LORONG 1 TOA PAYOH,New Sale,Strata,60,"28,050",-,Condominium,1,99 yrs lease commencing from 2024,12,Rest of Central Region,01 to 05
THE ORIE,"2,535,000","1,022.58","2,479",Jan-25,LORONG 1 TOA PAYOH,New Sale,Strata,95,"26,684",-,Condominium,1,99 yrs lease commencing from 2024,12,Rest of Central Region,01 to 05
THE ORIE,"1,519,000",592.02,"2,566",Jan-25,LORONG 1 TOA PAYOH,New Sale,Strata,55,"27,618",-,Condominium,1,99 yrs lease commencing from 2024,12,Rest of Central Region,01 to 05
THE ORIE,"2,153,000",850.36,"2,532",Jan-25,LORONG 1 TOA PAYOH,New Sale,Strata,79,"27,253",-,Condominium,1,99 yrs lease commencing from 2024,12,Rest of Central Region,01 to 05
THE ORIE,"1,796,000",699.66,"2,567",Jan-25,LORONG 1 TOA PAYOH,New Sale,Strata,65,"27,631",-,Condominium,1,99 yrs lease commencing from 2024,12,Rest of Central Region,01 to 05
THE ORIE,"3,533,000","1,453.14","2,431",Jan-25,LORONG 1 TOA PAYOH,New Sale,Strata,135,"26,170",-,Condominium,1,99 yrs lease commencing from 2024,12,Rest of Central Region,01 to 05
THE ORIE,"2,998,000","1,216.33","2,465",Jan-25,LORONG 1 TOA PAYOH,New Sale,Strata,113,"26,531",-,Condominium,1,99 yrs lease commencing from 2024,12,Rest of Central Region,06 to 10
THE ORIE,"3,010,000","1,216.33","2,475",Jan-25,LORONG 1 TOA PAYOH,New Sale,Strata,113,"26,637",-,Condominium,1,99 yrs lease commencing from 2024,12,Rest of Central Region,06 to 10
THE ORIE,"1,723,000",645.84,"2,668",Jan-25,LORONG 1 TOA PAYOH,New Sale,Strata,60,"28,717",-,Condominium,1,99 yrs lease commencing from 2024,12,Rest of Central Region,06 to 10
THE ORIE,"2,606,000","1,022.58","2,548",Jan-25,LORONG 1 TOA PAYOH,New Sale,Strata,95,"27,432",-,Condominium,1,99 yrs lease commencing from 2024,12,Rest of Central Region,06 to 10
THE ORIE,"1,571,000",592.02,"2,654",Jan-25,LORONG 1 TOA PAYOH,New Sale,Strata,55,"28,564",-,Condominium,1,99 yrs lease commencing from 2024,12,Rest of Central Region,06 to 10
THE ORIE,"2,203,000",850.36,"2,591",Jan-25,LORONG 1 TOA PAYOH,New Sale,Strata,79,"27,886",-,Condominium,1,99 yrs lease commencing from 2024,12,Rest of Central Region,06 to 10
THE ORIE,"3,044,000","1,216.33","2,503",Jan-25,LORONG 1 TOA PAYOH,New Sale,Strata,113,"26,938",-,Condominium,1,99 yrs lease commencing from 2024,12,Rest of Central Region,06 to 10
THE ORIE,"1,841,000",699.66,"2,631",Jan-25,LORONG 1 TOA PAYOH,New Sale,Strata,65,"28,323",-,Condominium,1,99 yrs lease commencing from 2024,12,Rest of Central Region,06 to 10
THE ORIE,"1,731,000",645.84,"2,680",Jan-25,LORONG 1 TOA PAYOH,New Sale,Strata,60,"28,850",-,Condominium,1,99 yrs lease commencing from 2024,12,Rest of Central Region,06 to 10
THE ORIE,"2,616,000","1,022.58","2,558",Jan-25,LORONG 1 TOA PAYOH,New Sale,Strata,95,"27,537",-,Condominium,1,99 yrs lease commencing from 2024,12,Rest of Central Region,06 to 10
THE ORIE,"1,579,000",592.02,"2,667",Jan-25,LORONG 1 TOA PAYOH,New Sale,Strata,55,"28,709",-,Condominium,1,99 yrs lease commencing from 2024,12,Rest of Central Region,06 to 10
THE ORIE,"2,213,000",850.36,"2,602",Jan-25,LORONG 1 TOA PAYOH,New Sale,Strata,79,"28,013",-,Condominium,1,99 yrs lease commencing from 2024,12,Rest of Central Region,06 to 10
THE ORIE,"1,850,000",699.66,"2,644",Jan-25,LORONG 1 TOA PAYOH,New Sale,Strata,65,"28,462",-,Condominium,1,99 yrs lease commencing from 2024,12,Rest of Central Region,06 to 10
THE ORIE,"1,739,000",645.84,"2,693",Jan-25,LORONG 1 TOA PAYOH,New Sale,Strata,60,"28,983",-,Condominium,1,99 yrs lease commencing from 2024,12,Rest of Central Region,06 to 10
THE ORIE,"2,626,000","1,022.58","2,568",Jan-25,LORONG 1 TOA PAYOH,New Sale,Strata,95,"27,642",-,Condominium,1,99 yrs lease commencing from 2024,12,Rest of Central Region,06 to 10
THE ORIE,"1,386,000",516.67,"2,683",Jan-25,LORONG 1 TOA PAYOH,New Sale,Strata,48,"28,875",-,Condominium,1,99 yrs lease commencing from 2024,12,Rest of Central Region,06 to 10
THE ORIE,"1,587,000",592.02,"2,681",Jan-25,LORONG 1 TOA PAYOH,New Sale,Strata,55,"28,855",-,Condominium,1,99 yrs lease commencing from 2024,12,Rest of Central Region,06 to 10
THE ORIE,"2,223,000",850.36,"2,614",Jan-25,LORONG 1 TOA PAYOH,New Sale,Strata,79,"28,139",-,Condominium,1,99 yrs lease commencing from 2024,12,Rest of Central Region,06 to 10
THE ORIE,"3,379,000","1,367.03","2,472",Jan-25,LORONG 1 TOA PAYOH,New Sale,Strata,127,"26,606",-,Condominium,1,99 yrs lease commencing from 2024,12,Rest of Central Region,06 to 10
THE ORIE,"1,859,000",699.66,"2,657",Jan-25,LORONG 1 TOA PAYOH,New Sale,Strata,65,"28,600",-,Condominium,1,99 yrs lease commencing from 2024,12,Rest of Central Region,06 to 10
THE ORIE,"3,090,000","1,216.33","2,540",Jan-25,LORONG 1 TOA PAYOH,New Sale,Strata,113,"27,345",-,Condominium,1,99 yrs lease commencing from 2024,12,Rest of Central Region,11 to 15
THE ORIE,"3,102,000","1,216.33","2,550",Jan-25,LORONG 1 TOA PAYOH,New Sale,Strata,113,"27,451",-,Condominium,1,99 yrs lease commencing from 2024,12,Rest of Central Region,11 to 15
THE ORIE,"2,656,000","1,022.58","2,597",Jan-25,LORONG 1 TOA PAYOH,New Sale,Strata,95,"27,958",-,Condominium,1,99 yrs lease commencing from 2024,12,Rest of Central Region,11 to 15
THE ORIE,"1,611,000",592.02,"2,721",Jan-25,LORONG 1 TOA PAYOH,New Sale,Strata,55,"29,291",-,Condominium,1,99 yrs lease commencing from 2024,12,Rest of Central Region,11 to 15
THE ORIE,"2,253,000",850.36,"2,649",Jan-25,LORONG 1 TOA PAYOH,New Sale,Strata,79,"28,519",-,Condominium,1,99 yrs lease commencing from 2024,12,Rest of Central Region,11 to 15
THE ORIE,"1,886,000",699.66,"2,696",Jan-25,LORONG 1 TOA PAYOH,New Sale,Strata,65,"29,015",-,Condominium,1,99 yrs lease commencing from 2024,12,Rest of Central Region,11 to 15
THE ORIE,"1,771,000",645.84,"2,742",Jan-25,LORONG 1 TOA PAYOH,New Sale,Strata,60,"29,517",-,Condominium,1,99 yrs lease commencing from 2024,12,Rest of Central Region,11 to 15
THE ORIE,"2,666,000","1,022.58","2,607",Jan-25,LORONG 1 TOA PAYOH,New Sale,Strata,95,"28,063",-,Condominium,1,99 yrs lease commencing from 2024,12,Rest of Central Region,11 to 15
THE ORIE,"1,619,000",592.02,"2,735",Jan-25,LORONG 1 TOA PAYOH,New Sale,Strata,55,"29,436",-,Condominium,1,99 yrs lease commencing from 2024,12,Rest of Central Region,11 to 15
THE ORIE,"2,263,000",850.36,"2,661",Jan-25,LORONG 1 TOA PAYOH,New Sale,Strata,79,"28,646",-,Condominium,1,99 yrs lease commencing from 2024,12,Rest of Central Region,11 to 15
THE ORIE,"1,895,000",699.66,"2,708",Jan-25,LORONG 1 TOA PAYOH,New Sale,Strata,65,"29,154",-,Condominium,1,99 yrs lease commencing from 2024,12,Rest of Central Region,11 to 15
THE ORIE,"3,156,000","1,216.33","2,595",Jan-25,LORONG 1 TOA PAYOH,New Sale,Strata,113,"27,929",-,Condominium,1,99 yrs lease commencing from 2024,12,Rest of Central Region,11 to 15
THE ORIE,"3,168,000","1,216.33","2,605",Jan-25,LORONG 1 TOA PAYOH,New Sale,Strata,113,"28,035",-,Condominium,1,99 yrs lease commencing from 2024,12,Rest of Central Region,16 to 20
THE ORIE,"3,180,000","1,216.33","2,614",Jan-25,LORONG 1 TOA PAYOH,New Sale,Strata,113,"28,142",-,Condominium,1,99 yrs lease commencing from 2024,12,Rest of Central Region,16 to 20
THE ORIE,"1,811,000",645.84,"2,804",Jan-25,LORONG 1 TOA PAYOH,New Sale,Strata,60,"30,183",-,Condominium,1,99 yrs lease commencing from 2024,12,Rest of Central Region,16 to 20
THE ORIE,"2,716,000","1,022.58","2,656",Jan-25,LORONG 1 TOA PAYOH,New Sale,Strata,95,"28,589",-,Condominium,1,99 yrs lease commencing from 2024,12,Rest of Central Region,16 to 20
THE ORIE,"1,659,000",592.02,"2,802",Jan-25,LORONG 1 TOA PAYOH,New Sale,Strata,55,"30,164",-,Condominium,1,99 yrs lease commencing from 2024,12,Rest of Central Region,16 to 20
THE ORIE,"2,313,000",850.36,"2,720",Jan-25,LORONG 1 TOA PAYOH,New Sale,Strata,79,"29,278",-,Condominium,1,99 yrs lease commencing from 2024,12,Rest of Central Region,16 to 20
THE ORIE,"3,204,000","1,216.33","2,634",Jan-25,LORONG 1 TOA PAYOH,New Sale,Strata,113,"28,354",-,Condominium,1,99 yrs lease commencing from 2024,12,Rest of Central Region,16 to 20
THE ORIE,"1,940,000",699.66,"2,773",Jan-25,LORONG 1 TOA PAYOH,New Sale,Strata,65,"29,846",-,Condominium,1,99 yrs lease commencing from 2024,12,Rest of Central Region,16 to 20
THE ORIE,"1,818,000",645.84,"2,815",Jan-25,LORONG 1 TOA PAYOH,New Sale,Strata,60,"30,300",-,Condominium,1,99 yrs lease commencing from 2024,12,Rest of Central Region,16 to 20
THE ORIE,"2,725,000","1,022.58","2,665",Jan-25,LORONG 1 TOA PAYOH,New Sale,Strata,95,"28,684",-,Condominium,1,99 yrs lease commencing from 2024,12,Rest of Central Region,16 to 20
THE ORIE,"1,666,000",592.02,"2,814",Jan-25,LORONG 1 TOA PAYOH,New Sale,Strata,55,"30,291",-,Condominium,1,99 yrs lease commencing from 2024,12,Rest of Central Region,16 to 20
THE ORIE,"2,322,000",850.36,"2,731",Jan-25,LORONG 1 TOA PAYOH,New Sale,Strata,79,"29,392",-,Condominium,1,99 yrs lease commencing from 2024,12,Rest of Central Region,16 to 20
THE ORIE,"1,948,000",699.66,"2,784",Jan-25,LORONG 1 TOA PAYOH,New Sale,Strata,65,"29,969",-,Condominium,1,99 yrs lease commencing from 2024,12,Rest of Central Region,16 to 20
THE ORIE,"1,825,000",645.84,"2,826",Jan-25,LORONG 1 TOA PAYOH,New Sale,Strata,60,"30,417",-,Condominium,1,99 yrs lease commencing from 2024,12,Rest of Central Region,16 to 20
THE ORIE,"2,734,000","1,022.58","2,674",Jan-25,LORONG 1 TOA PAYOH,New Sale,Strata,95,"28,779",-,Condominium,1,99 yrs lease commencing from 2024,12,Rest of Central Region,16 to 20
THE ORIE,"1,673,000",592.02,"2,826",Jan-25,LORONG 1 TOA PAYOH,New Sale,Strata,55,"30,418",-,Condominium,1,99 yrs lease commencing from 2024,12,Rest of Central Region,16 to 20
THE ORIE,"2,331,000",850.36,"2,741",Jan-25,LORONG 1 TOA PAYOH,New Sale,Strata,79,"29,506",-,Condominium,1,99 yrs lease commencing from 2024,12,Rest of Central Region,16 to 20
THE ORIE,"1,832,000",645.84,"2,837",Jan-25,LORONG 1 TOA PAYOH,New Sale,Strata,60,"30,533",-,Condominium,1,99 yrs lease commencing from 2024,12,Rest of Central Region,21 to 25
THE ORIE,"2,743,000","1,022.58","2,682",Jan-25,LORONG 1 TOA PAYOH,New Sale,Strata,95,"28,874",-,Condominium,1,99 yrs lease commencing from 2024,12,Rest of Central Region,21 to 25
THE ORIE,"2,340,000",850.36,"2,752",Jan-25,LORONG 1 TOA PAYOH,New Sale,Strata,79,"29,620",-,Condominium,1,99 yrs lease commencing from 2024,12,Rest of Central Region,21 to 25
THE ORIE,"1,846,000",645.84,"2,858",Jan-25,LORONG 1 TOA PAYOH,New Sale,Strata,60,"30,767",-,Condominium,1,99 yrs lease commencing from 2024,12,Rest of Central Region,21 to 25
THE ORIE,"3,794,000","1,453.14","2,611",Jan-25,LORONG 1 TOA PAYOH,New Sale,Strata,135,"28,104",-,Condominium,1,99 yrs lease commencing from 2024,12,Rest of Central Region,21 to 25
THE ORIE,"2,761,000","1,022.58","2,700",Jan-25,LORONG 1 TOA PAYOH,New Sale,Strata,95,"29,063",-,Condominium,1,99 yrs lease commencing from 2024,12,Rest of Central Region,21 to 25
THE ORIE,"2,358,000",850.36,"2,773",Jan-25,LORONG 1 TOA PAYOH,New Sale,Strata,79,"29,848",-,Condominium,1,99 yrs lease commencing from 2024,12,Rest of Central Region,21 to 25
THE ORIE,"2,784,000","1,022.58","2,723",Jan-25,LORONG 1 TOA PAYOH,New Sale,Strata,95,"29,305",-,Condominium,1,99 yrs lease commencing from 2024,12,Rest of Central Region,21 to 25
THE ORIE,"2,367,000",850.36,"2,784",Jan-25,LORONG 1 TOA PAYOH,New Sale,Strata,79,"29,962",-,Condominium,1,99 yrs lease commencing from 2024,12,Rest of Central Region,21 to 25
THE ORIE,"2,779,000","1,022.58","2,718",Jan-25,LORONG 1 TOA PAYOH,New Sale,Strata,95,"29,253",-,Condominium,1,99 yrs lease commencing from 2024,12,Rest of Central Region,21 to 25
THE ORIE,"2,376,000",850.36,"2,794",Jan-25,LORONG 1 TOA PAYOH,New Sale,Strata,79,"30,076",-,Condominium,1,99 yrs lease commencing from 2024,12,Rest of Central Region,21 to 25
THE ORIE,"3,281,000","1,216.33","2,697",Jan-25,LORONG 1 TOA PAYOH,New Sale,Strata,113,"29,035",-,Condominium,1,99 yrs lease commencing from 2024,12,Rest of Central Region,21 to 25
THE ORIE,"2,811,000","1,022.58","2,749",Jan-25,LORONG 1 TOA PAYOH,New Sale,Strata,95,"29,589",-,Condominium,1,99 yrs lease commencing from 2024,12,Rest of Central Region,26 to 30
THE ORIE,"2,394,000",850.36,"2,815",Jan-25,LORONG 1 TOA PAYOH,New Sale,Strata,79,"30,304",-,Condominium,1,99 yrs lease commencing from 2024,12,Rest of Central Region,26 to 30
THE ORIE,"3,303,000","1,216.33","2,716",Jan-25,LORONG 1 TOA PAYOH,New Sale,Strata,113,"29,230",-,Condominium,1,99 yrs lease commencing from 2024,12,Rest of Central Region,26 to 30
THE ORIE,"2,815,000","1,022.58","2,753",Jan-25,LORONG 1 TOA PAYOH,New Sale,Strata,95,"29,632",-,Condominium,1,99 yrs lease commencing from 2024,12,Rest of Central Region,26 to 30
THE ORIE,"2,412,000",850.36,"2,836",Jan-25,LORONG 1 TOA PAYOH,New Sale,Strata,79,"30,532",-,Condominium,1,99 yrs lease commencing from 2024,12,Rest of Central Region,26 to 30
THE ORIE,"2,837,000","1,022.58","2,774",Jan-25,LORONG 1 TOA PAYOH,New Sale,Strata,95,"29,863",-,Condominium,1,99 yrs lease commencing from 2024,12,Rest of Central Region,26 to 30
THE ORIE,"2,420,000",850.36,"2,846",Jan-25,LORONG 1 TOA PAYOH,New Sale,Strata,79,"30,633",-,Condominium,1,99 yrs lease commencing from 2024,12,Rest of Central Region,26 to 30
THE ORIE,"2,845,000","1,022.58","2,782",Jan-25,LORONG 1 TOA PAYOH,New Sale,Strata,95,"29,947",-,Condominium,1,99 yrs lease commencing from 2024,12,Rest of Central Region,26 to 30
THE ORIE,"2,428,000",850.36,"2,855",Jan-25,LORONG 1 TOA PAYOH,New Sale,Strata,79,"30,734",-,Condominium,1,99 yrs lease commencing from 2024,12,Rest of Central Region,26 to 30
THE ORIE,"2,853,000","1,022.58","2,790",Jan-25,LORONG 1 TOA PAYOH,New Sale,Strata,95,"30,032",-,Condominium,1,99 yrs lease commencing from 2024,12,Rest of Central Region,31 to 35
THE ORIE,"2,861,000","1,022.58","2,798",Jan-25,LORONG 1 TOA PAYOH,New Sale,Strata,95,"30,116",-,Condominium,1,99 yrs lease commencing from 2024,12,Rest of Central Region,31 to 35
THE ORIE,"2,444,000",850.36,"2,874",Jan-25,LORONG 1 TOA PAYOH,New Sale,Strata,79,"30,937",-,Condominium,1,99 yrs lease commencing from 2024,12,Rest of Central Region,31 to 35
THE ORIE,"3,921,000","1,453.14","2,698",Jan-25,LORONG 1 TOA PAYOH,New Sale,Strata,135,"29,044",-,Condominium,1,99 yrs lease commencing from 2024,12,Rest of Central Region,31 to 35
THE ORIE,"2,869,000","1,022.58","2,806",Jan-25,LORONG 1 TOA PAYOH,New Sale,Strata,95,"30,200",-,Condominium,1,99 yrs lease commencing from 2024,12,Rest of Central Region,31 to 35
THE ORIE,"2,885,000","1,022.58","2,821",Jan-25,LORONG 1 TOA PAYOH,New Sale,Strata,95,"30,368",-,Condominium,1,99 yrs lease commencing from 2024,12,Rest of Central Region,31 to 35
THE ORIE,"2,468,000",850.36,"2,902",Jan-25,LORONG 1 TOA PAYOH,New Sale,Strata,79,"31,241",-,Condominium,1,99 yrs lease commencing from 2024,12,Rest of Central Region,31 to 35
THE ORIE,"2,894,000","1,022.58","2,830",Jan-25,LORONG 1 TOA PAYOH,New Sale,Strata,95,"30,463",-,Condominium,1,99 yrs lease commencing from 2024,12,Rest of Central Region,36 to 40
THE ORIE,"2,476,000",850.36,"2,912",Jan-25,LORONG 1 TOA PAYOH,New Sale,Strata,79,"31,342",-,Condominium,1,99 yrs lease commencing from 2024,12,Rest of Central Region,36 to 40
THE ORIE,"2,902,000","1,022.58","2,838",Jan-25,LORONG 1 TOA PAYOH,New Sale,Strata,95,"30,547",-,Condominium,1,99 yrs lease commencing from 2024,12,Rest of Central Region,36 to 40
THE ORIE,"2,918,000","1,022.58","2,854",Jan-25,LORONG 1 TOA PAYOH,New Sale,Strata,95,"30,716",-,Condominium,1,99 yrs lease commencing from 2024,12,Rest of Central Region,36 to 40
THE ORIE,"1,814,000",592.02,"3,064",Jan-25,LORONG 1 TOA PAYOH,New Sale,Strata,55,"32,982",-,Condominium,1,99 yrs lease commencing from 2024,12,Rest of Central Region,36 to 40
MOONSTONE VIEW,"1,190,000",807.3,"1,474",Jan-25,MOONSTONE LANE,Resale,Strata,75,"15,867",-,Apartment,1,Freehold,12,Rest of Central Region,01 to 05
THE ARCADY AT BOON KENG,"1,750,000",667.37,"2,622",Jan-25,SAINT BARNABAS LANE,New Sale,Strata,62,"28,226",-,Apartment,1,Freehold,12,Rest of Central Region,06 to 10
PINNACLE 16,"1,010,000",581.26,"1,738",Jan-25,SHAN ROAD,Resale,Strata,54,"18,704",-,Apartment,1,Freehold,12,Rest of Central Region,11 to 15
TREVISTA,"3,158,000","1,700.71","1,857",Jan-25,LORONG 3 TOA PAYOH,Resale,Strata,158,"19,987",-,Condominium,1,99 yrs lease commencing from 2008,12,Rest of Central Region,06 to 10
OLEANDER TOWERS,"1,650,000","1,140.98","1,446",Jan-25,LORONG 1 TOA PAYOH,Resale,Strata,106,"15,566",-,Apartment,1,99 yrs lease commencing from 1995,12,Rest of Central Region,21 to 25
ST FRANCIS COURT,"1,505,000","1,270.15","1,185",Jan-25,ST. FRANCIS ROAD,Resale,Strata,118,"12,754",-,Apartment,1,99 yrs lease commencing from 1992,12,Rest of Central Region,06 to 10
GEM RESIDENCES,"1,330,000",678.13,"1,961",Jan-25,LORONG 5 TOA PAYOH,Resale,Strata,63,"21,111",-,Condominium,1,99 yrs lease commencing from 2015,12,Rest of Central Region,16 to 20
NADIA MANSIONS,"3,130,000","2,281.97","1,372",Jan-25,AH HOOD ROAD,Resale,Strata,212,"14,764",-,Apartment,1,Freehold,12,Rest of Central Region,06 to 10
