Project Name,Transacted Price ($),Area (SQFT),Unit Price ($ PSF),Sale Date,Street Name,Type of Sale,Type of Area,Area (SQM),Unit Price ($ PSM),Nett Price($),Property Type,Number of Units,Tenure,Postal District,Market Segment,Floor Level
LATITUDE,"8,280,000","2,766.35","2,993",Sep-26,JALAN MUTIARA,Resale,Strata,257,"32,218",-,Condominium,1,Freehold,10,Core Central Region,16 to 20
GLENTREES,"5,600,000","3,670.52","1,526",Sep-26,MOUNT SINAI LANE,Resale,Strata,341,"16,422",-,Condominium,1,999 yrs lease commencing from 1885,10,Core Central Region,01 to 05
D'LEEDON,"2,320,000","1,076.4","2,155",Sep-26,LEEDON HEIGHTS,Resale,Strata,100,"23,200",-,Condominium,1,99 yrs lease commencing from 2010,10,Core Central Region,21 to 25
NATHAN RESIDENCES,"1,665,000",775.01,"2,148",Sep-26,NATHAN ROAD,Resale,Strata,72,"23,125",-,Apartment,1,Freehold,10,Core Central Region,11 to 15
FOURTH AVENUE RESIDENCES,"1,460,000",645.84,"2,261",Sep-26,FOURTH AVENUE,Resale,Strata,60,"24,333",-,Apartment,1,99 yrs lease commencing from 2018,10,Core Central Region,01 to 05
MUTIARA CREST,"3,160,000","1,334.74","2,368",Sep-26,JALAN MUTIARA,Resale,Strata,124,"25,484",-,Apartment,1,Freehold,10,Core Central Region,01 to 05
EWE BOON REGENT,"2,500,000","1,140.98","2,191",Sep-26,EWE BOON ROAD,Resale,Strata,106,"23,585",-,Apartment,1,Freehold,10,Core Central Region,01 to 05
ARDMORE PARK,"12,550,000","2,884.75","4,350",Sep-26,ARDMORE PARK,Resale,Strata,268,"46,828",-,Condominium,1,Freehold,10,Core Central Region,06 to 10
JERVOIS MANSION,"4,160,000","1,474.67","2,821",Sep-26,JERVOIS CLOSE,Sub Sale,Strata,137,"30,365",-,Apartment,1,Freehold,10,Core Central Region,01 to 05
UPPERHOUSE AT ORCHARD BOULEVARD,"7,312,000","2,055.92","3,557",Sep-26,ORCHARD BOULEVARD,New Sale,Strata,191,"38,283",-,Apartment,1,99 years leasehold,10,Core Central Region,11 to 15
PERFECT TEN,"2,530,000",785.77,"3,220",Sep-26,BUKIT TIMAH ROAD,Sub Sale,Strata,73,"34,658",-,Apartment,1,Freehold,10,Core Central Region,16 to 20
THE TESSARINA,"5,500,888","3,670.52","1,499",Sep-26,WILBY ROAD,Resale,Strata,341,"16,132",-,Condominium,1,Freehold,10,Core Central Region,06 to 10
THE LOFT,"4,400,000","2,012.87","2,186",Sep-26,NASSIM HILL,Resale,Strata,187,"23,529",-,Condominium,1,99 yrs lease commencing from 1999,10,Core Central Region,01 to 05
SEVEN HOLT ROAD,"4,350,000","2,152.8","2,021",Sep-26,HOLT ROAD,Resale,Strata,200,"21,750",-,Apartment,1,Freehold,10,Core Central Region,01 to 05
ST REGIS RESIDENCES SINGAPORE,"5,800,000","2,142.04","2,708",Sep-26,TANGLIN ROAD,Resale,Strata,199,"29,146",-,Apartment,1,999 yrs lease commencing from 1995,10,Core Central Region,16 to 20
FAIRLODGE,"2,880,000","1,862.17","1,547",Sep-26,HOLLAND ROAD,Resale,Strata,173,"16,647",-,Apartment,1,Freehold,10,Core Central Region,01 to 05
STELLAR RV,"1,070,000",538.2,"1,988",Sep-26,RIVER VALLEY ROAD,Resale,Strata,50,"21,400",-,Apartment,1,Freehold,10,Core Central Region,01 to 05
PARKSUITES,"1,600,000",624.31,"2,563",Sep-26,HOLLAND GROVE ROAD,Resale,Strata,58,"27,586",-,Apartment,1,110 yrs lease commencing from 2017,10,Core Central Region,01 to 05
ASTRIDVILLE,"4,200,000","2,432.66","1,727",Sep-26,JALAN AMPANG,Resale,Strata,226,"18,584",-,Condominium,1,Freehold,10,Core Central Region,-
RIDGEWOOD,"3,768,000","2,002.1","1,882",Sep-26,MOUNT SINAI DRIVE,Resale,Strata,186,"20,258",-,Condominium,1,999 yrs lease commencing from 1885,10,Core Central Region,16 to 20
HYLL ON HOLLAND,"3,038,000","1,054.87","2,880",Sep-26,HOLLAND ROAD,Sub Sale,Strata,98,"31,000",-,Condominium,1,Freehold,10,Core Central Region,06 to 10
HOLLAND HILL PARK,"3,150,000","1,786.82","1,763",Sep-26,HOLLAND HILL,Resale,Strata,166,"18,976",-,Condominium,1,Freehold,10,Core Central Region,01 to 05
CLIVEDEN AT GRANGE,"5,805,000","2,152.8","2,696",Sep-26,GRANGE ROAD,Resale,Strata,200,"29,025",-,Condominium,1,Freehold,10,Core Central Region,01 to 05
RIDGEWOOD,"2,988,000","1,743.77","1,714",Sep-26,RIDGEWOOD CLOSE,Resale,Strata,162,"18,444",-,Condominium,1,999 yrs lease commencing from 1885,10,Core Central Region,06 to 10
HYLL ON HOLLAND,"2,880,000","1,054.87","2,730",Sep-26,HOLLAND ROAD,Sub Sale,Strata,98,"29,388",-,Condominium,1,Freehold,10,Core Central Region,01 to 05
ONE BALMORAL,"4,400,000","1,657.66","2,654",Aug-26,BALMORAL ROAD,Resale,Strata,154,"28,571",-,Condominium,1,Freehold,10,Core Central Region,06 to 10
DRAYCOTT EIGHT,"6,600,000","2,895.52","2,279",Aug-26,DRAYCOTT PARK,Resale,Strata,269,"24,535",-,Condominium,1,99 yrs lease commencing from 1997,10,Core Central Region,06 to 10
ORCHARD BEL AIR,"4,900,000","3,229.2","1,517",Aug-26,ORCHARD BOULEVARD,Resale,Strata,300,"16,333",-,Condominium,1,99 yrs lease commencing from 1980,10,Core Central Region,21 to 25
FOUR SEASONS PARK,"7,883,000","2,260.44","3,487",Aug-26,CUSCADEN WALK,Resale,Strata,210,"37,538",-,Condominium,1,Freehold,10,Core Central Region,16 to 20
GRAMERCY PARK,"5,600,000","1,948.28","2,874",Aug-26,GRANGE ROAD,Resale,Strata,181,"30,939",-,Condominium,1,Freehold,10,Core Central Region,21 to 25
THE MERASAGA,"1,800,000",947.23,"1,900",Aug-26,JALAN MERAH SAGA,Resale,Strata,88,"20,455",-,Condominium,1,99 yrs lease commencing from 1991,10,Core Central Region,01 to 05
BELMOND GREEN,"3,350,000","1,259.39","2,660",Aug-26,BALMORAL ROAD,Resale,Strata,117,"28,632",-,Condominium,1,Freehold,10,Core Central Region,01 to 05
BALMORAL POINT,"5,630,000","2,529.54","2,226",Aug-26,BALMORAL ROAD,Resale,Strata,235,"23,957",-,Apartment,1,Freehold,10,Core Central Region,16 to 20
THE FORD @ HOLLAND,"2,160,000","1,399.32","1,544",Aug-26,FORD AVENUE,Resale,Strata,130,"16,615",-,Condominium,1,Freehold,10,Core Central Region,01 to 05
VIZ AT HOLLAND,"1,978,000","1,033.34","1,914",Aug-26,QUEENSWAY,Resale,Strata,96,"20,604",-,Condominium,1,Freehold,10,Core Central Region,01 to 05
J C DRAYCOTT,"2,365,000","1,033.34","2,289",Aug-26,DRAYCOTT DRIVE,Resale,Strata,96,"24,635",-,Apartment,1,Freehold,10,Core Central Region,01 to 05
THE ARC AT DRAYCOTT,"2,690,000","1,130.22","2,380",Aug-26,DRAYCOTT DRIVE,Resale,Strata,105,"25,619",-,Apartment,1,Freehold,10,Core Central Region,11 to 15
ST MARTIN RESIDENCE,"1,265,888",548.96,"2,306",Aug-26,ST. MARTIN'S DRIVE,Resale,Strata,51,"24,821",-,Condominium,1,Freehold,10,Core Central Region,01 to 05
CYAN,"2,730,000","1,001.05","2,727",Aug-26,KENG CHIN ROAD,Resale,Strata,93,"29,355",-,Condominium,1,Freehold,10,Core Central Region,11 to 15
CLUNY PARK RESIDENCE,"2,580,000",818.06,"3,154",Aug-26,CLUNY PARK ROAD,Resale,Strata,76,"33,947",-,Condominium,1,Freehold,10,Core Central Region,01 to 05
JERVOIS LODGE,"2,088,888","1,237.86","1,687",Aug-26,JERVOIS ROAD,Resale,Strata,115,"18,164",-,Condominium,1,Freehold,10,Core Central Region,01 to 05
DUCHESS CREST,"1,848,000",936.47,"1,973",Aug-26,DUCHESS AVENUE,Resale,Strata,87,"21,241",-,Condominium,1,99 yrs lease commencing from 1995,10,Core Central Region,01 to 05
ASTRID MEADOWS,"5,975,000","2,583.36","2,313",Aug-26,CORONATION ROAD WEST,Resale,Strata,240,"24,896",-,Condominium,1,Freehold,10,Core Central Region,01 to 05
GOODWOOD RESIDENCE,"5,080,000","1,948.28","2,607",Aug-26,BUKIT TIMAH ROAD,Resale,Strata,181,"28,066",-,Condominium,1,Freehold,10,Core Central Region,01 to 05
TANGLIN REGENCY,"1,370,000",699.66,"1,958",Aug-26,TANGLIN ROAD,Resale,Strata,65,"21,077",-,Condominium,1,99 yrs lease commencing from 1994,10,Core Central Region,06 to 10
RESIDENTIAL APARTMENTS,"1,622,000","1,011.82","1,603",Aug-26,HOOT KIAM ROAD,Resale,Strata,94,"17,255",-,Apartment,1,Freehold,10,Core Central Region,01 to 05
SUI GENERIS,"4,150,000","1,571.54","2,641",Aug-26,BALMORAL CRESCENT,Resale,Strata,146,"28,425",-,Condominium,1,Freehold,10,Core Central Region,06 to 10
LEEDON RESIDENCE,"7,530,000","2,508.01","3,002",Aug-26,LEEDON HEIGHTS,Resale,Strata,233,"32,318",-,Condominium,1,Freehold,10,Core Central Region,11 to 15
RV RESIDENCES,"1,716,000",688.9,"2,491",Aug-26,RIVER VALLEY ROAD,Resale,Strata,64,"26,813",-,Condominium,1,999 yrs lease commencing from 1877,10,Core Central Region,06 to 10
PALM SPRING,"4,250,000","1,883.7","2,256",Aug-26,EWE BOON ROAD,Resale,Strata,175,"24,286",-,Condominium,1,Freehold,10,Core Central Region,01 to 05
SIXTH AVENUE VILLE,"4,000,000","1,926.76","2,076",Aug-26,SIXTH AVENUE,Resale,Strata,179,"22,346",-,Condominium,1,Freehold,10,Core Central Region,01 to 05
VALLEY PARK,"3,700,000","1,657.66","2,232",Aug-26,RIVER VALLEY ROAD,Resale,Strata,154,"24,026",-,Condominium,1,999 yrs lease commencing from 1877,10,Core Central Region,01 to 05
THE ELEMENT @ STEVENS,"2,200,000","1,679.18","1,310",Aug-26,STEVENS ROAD,Resale,Strata,156,"14,103",-,Apartment,1,Freehold,10,Core Central Region,01 to 05
D'LEEDON,"1,300,000",635.08,"2,047",Aug-26,LEEDON HEIGHTS,Resale,Strata,59,"22,034",-,Condominium,1,99 yrs lease commencing from 2010,10,Core Central Region,21 to 25
ARDMORE II,"7,250,000","2,023.63","3,583",Aug-26,ARDMORE PARK,Resale,Strata,188,"38,564",-,Condominium,1,Freehold,10,Core Central Region,31 to 35
STELLAR RV,"950,000",613.55,"1,548",Aug-26,RIVER VALLEY ROAD,Resale,Strata,57,"16,667",-,Apartment,1,Freehold,10,Core Central Region,01 to 05
KELLOCK LODGE,"1,880,000",893.41,"2,104",Aug-26,KELLOCK ROAD,Resale,Strata,83,"22,651",-,Apartment,1,Freehold,10,Core Central Region,06 to 10
PERFECT TEN,"4,400,000","1,280.92","3,435",Aug-26,BUKIT TIMAH ROAD,Sub Sale,Strata,119,"36,975",-,Apartment,1,Freehold,10,Core Central Region,16 to 20
DUET,"4,000,000","1,743.77","2,294",Aug-26,HOLLAND ROAD,Resale,Strata,162,"24,691",-,Condominium,1,Freehold,10,Core Central Region,01 to 05
CASA JERVOIS,"3,100,000","1,722.24","1,800",Aug-26,JERVOIS ROAD,Resale,Strata,160,"19,375",-,Apartment,1,Freehold,10,Core Central Region,01 to 05
WILSHIRE RESIDENCES,"2,180,000",796.54,"2,737",Aug-26,FARRER ROAD,Resale,Strata,74,"29,459",-,Apartment,1,Freehold,10,Core Central Region,06 to 10
PERFECT TEN,"2,338,000",753.48,"3,103",Aug-26,BUKIT TIMAH ROAD,Sub Sale,Strata,70,"33,400",-,Apartment,1,Freehold,10,Core Central Region,01 to 05
MONTVIEW,"2,590,000","1,227.1","2,111",Aug-26,MOUNT SINAI DRIVE,Resale,Strata,114,"22,719",-,Condominium,1,Freehold,10,Core Central Region,06 to 10
NOUVEL 18,"6,600,000","1,862.17","3,544",Aug-26,ANDERSON ROAD,Resale,Strata,173,"38,150",-,Condominium,1,Freehold,10,Core Central Region,21 to 25
REGENCY PARK,"5,330,000","2,260.44","2,358",Aug-26,NATHAN ROAD,Resale,Strata,210,"25,381",-,Condominium,1,Freehold,10,Core Central Region,01 to 05
FIFTY-TWO STEVENS,"810,000",419.8,"1,930",Aug-26,STEVENS ROAD,Resale,Strata,39,"20,769",-,Apartment,1,Freehold,10,Core Central Region,01 to 05
D'LEEDON,"1,318,000",635.08,"2,075",Aug-26,LEEDON HEIGHTS,Resale,Strata,59,"22,339",-,Condominium,1,99 yrs lease commencing from 2010,10,Core Central Region,21 to 25
LEEDON GREEN,"2,150,000",818.06,"2,628",Aug-26,LEEDON HEIGHTS,Resale,Strata,76,"28,289",-,Condominium,1,Freehold,10,Core Central Region,06 to 10
LEEDON GREEN,"2,155,000",839.59,"2,567",Aug-26,LEEDON HEIGHTS,Resale,Strata,78,"27,628",-,Condominium,1,Freehold,10,Core Central Region,11 to 15
CUSCADEN RESIDENCES,"4,050,000","1,485.43","2,726",Aug-26,CUSCADEN ROAD,Resale,Strata,138,"29,348",-,Condominium,1,Freehold,10,Core Central Region,11 to 15
D'LEEDON,"2,800,000","1,356.26","2,064",Aug-26,LEEDON HEIGHTS,Resale,Strata,126,"22,222",-,Condominium,1,99 yrs lease commencing from 2010,10,Core Central Region,06 to 10
VILLAGE TOWER,"3,760,000","1,808.35","2,079",Aug-26,MOUNT SINAI RISE,Resale,Strata,168,"22,381",-,Condominium,1,Freehold,10,Core Central Region,06 to 10
HYLL ON HOLLAND,"2,990,000","1,054.87","2,834",Aug-26,HOLLAND ROAD,Sub Sale,Strata,98,"30,510",-,Condominium,1,Freehold,10,Core Central Region,01 to 05
MUTIARA VIEW,"2,825,000","1,130.22","2,500",Aug-26,JALAN MUTIARA,Resale,Strata,105,"26,905",-,Apartment,1,Freehold,10,Core Central Region,11 to 15
D'LEEDON,"3,050,000","1,399.32","2,180",Aug-26,LEEDON HEIGHTS,Resale,Strata,130,"23,462",-,Condominium,1,99 yrs lease commencing from 2010,10,Core Central Region,31 to 35
ROBIN SUITES,"1,220,000",538.2,"2,267",Aug-26,ROBIN ROAD,Resale,Strata,50,"24,400",-,Apartment,1,Freehold,10,Core Central Region,06 to 10
WATERFALL GARDENS,"5,620,000","2,195.86","2,559",Aug-26,FARRER ROAD,Resale,Strata,204,"27,549",-,Condominium,1,Freehold,10,Core Central Region,01 to 05
FIFTH AVENUE CONDOMINIUM,"1,988,888","1,022.58","1,945",Aug-26,FIFTH AVENUE,Resale,Strata,95,"20,936",-,Condominium,1,Freehold,10,Core Central Region,01 to 05
PINETREE CONDOMINIUM,"2,860,000","1,496.2","1,912",Aug-26,BALMORAL PARK,Resale,Strata,139,"20,576",-,Condominium,1,Freehold,10,Core Central Region,01 to 05
PALM SPRING,"4,580,000","2,120.51","2,160",Aug-26,EWE BOON ROAD,Resale,Strata,197,"23,249",-,Condominium,1,Freehold,10,Core Central Region,01 to 05
THE TESSARINA,"2,450,000","1,033.34","2,371",Aug-26,WILBY ROAD,Resale,Strata,96,"25,521",-,Condominium,1,Freehold,10,Core Central Region,01 to 05
LOFT @ NATHAN,"906,888",462.85,"1,959",Aug-26,NATHAN ROAD,Resale,Strata,43,"21,090",-,Apartment,1,Freehold,10,Core Central Region,01 to 05
GRANGE RESIDENCES,"10,800,000","2,852.46","3,786",Jul-26,GRANGE ROAD,Resale,Strata,265,"40,755",-,Condominium,1,Freehold,10,Core Central Region,16 to 20
DUCHESS RESIDENCES,"4,600,000","1,905.23","2,414",Jul-26,DUCHESS AVENUE,Resale,Strata,177,"25,989",-,Condominium,1,999 yrs lease commencing from 1875,10,Core Central Region,01 to 05
LEEDON RESIDENCE,"14,300,000","4,703.87","3,040",Jul-26,LEEDON HEIGHTS,Resale,Strata,437,"32,723",-,Condominium,1,Freehold,10,Core Central Region,06 to 10
ONE BALMORAL,"1,300,000",592.02,"2,196",Jul-26,BALMORAL ROAD,Resale,Strata,55,"23,636",-,Condominium,1,Freehold,10,Core Central Region,06 to 10
RIDGEWOOD,"3,280,000","1,980.58","1,656",Jul-26,RIDGEWOOD CLOSE,Resale,Strata,184,"17,826",-,Condominium,1,999 yrs lease commencing from 1885,10,Core Central Region,01 to 05
LEEDON GREEN,"2,000,000",710.42,"2,815",Jul-26,LEEDON HEIGHTS,Resale,Strata,66,"30,303",-,Condominium,1,Freehold,10,Core Central Region,11 to 15
FERRELL RESIDENCES,"4,500,000","1,840.64","2,445",Jul-26,BUKIT TIMAH ROAD,Resale,Strata,171,"26,316",-,Apartment,1,Freehold,10,Core Central Region,21 to 25
ROBIN REGALIA,"2,380,000","1,054.87","2,256",Jul-26,ROBIN ROAD,Resale,Strata,98,"24,286",-,Apartment,1,Freehold,10,Core Central Region,01 to 05
THE DRAYCOTT,"7,180,000","2,637.18","2,723",Jul-26,DRAYCOTT PARK,Resale,Strata,245,"29,306",-,Apartment,1,Freehold,10,Core Central Region,26 to 30
SOMMERVILLE PARK,"3,450,000","1,302.44","2,649",Jul-26,FARRER DRIVE,Resale,Strata,121,"28,512",-,Condominium,1,Freehold,10,Core Central Region,01 to 05
SPRING GROVE,"2,530,000","1,388.56","1,822",Jul-26,GRANGE ROAD,Resale,Strata,129,"19,612",-,Condominium,1,99 yrs lease commencing from 1991,10,Core Central Region,11 to 15
VALLEY PARK,"2,900,000","1,216.33","2,384",Jul-26,RIVER VALLEY ROAD,Resale,Strata,113,"25,664",-,Condominium,1,999 yrs lease commencing from 1877,10,Core Central Region,11 to 15
ONE DUCHESS,"1,993,290",807.3,"2,469",Jul-26,DUCHESS ROAD,Resale,Strata,75,"26,577",-,Apartment,1,999 yrs lease commencing from 1875,10,Core Central Region,01 to 05
GALLOP GABLES,"2,535,000","1,130.22","2,243",Jul-26,FARRER ROAD,Resale,Strata,105,"24,143",-,Condominium,1,Freehold,10,Core Central Region,01 to 05
D'LEEDON,"2,200,000","1,076.4","2,044",Jul-26,LEEDON HEIGHTS,Resale,Strata,100,"22,000",-,Condominium,1,99 yrs lease commencing from 2010,10,Core Central Region,06 to 10
RV RESIDENCES,"1,700,000",688.9,"2,468",Jul-26,RIVER VALLEY ROAD,Resale,Strata,64,"26,563",-,Condominium,1,999 yrs lease commencing from 1877,10,Core Central Region,01 to 05
THE SIXTH AVENUE RESIDENCES,"5,100,000","2,486.48","2,051",Jul-26,SIXTH AVENUE,Resale,Strata,231,"22,078",-,Condominium,1,Freehold,10,Core Central Region,01 to 05
19 NASSIM,"1,500,000",570.49,"2,629",Jul-26,NASSIM HILL,Resale,Strata,53,"28,302",-,Apartment,1,99 yrs lease commencing from 2019,10,Core Central Region,01 to 05
SPRING GROVE,"1,942,800","1,011.82","1,920",Jul-26,GRANGE ROAD,Resale,Strata,94,"20,668",-,Condominium,1,99 yrs lease commencing from 1991,10,Core Central Region,01 to 05
THE TRESOR,"3,800,000","1,485.43","2,558",Jul-26,DUCHESS ROAD,Resale,Strata,138,"27,536",-,Condominium,1,999 yrs lease commencing from 1875,10,Core Central Region,01 to 05
HYLL ON HOLLAND,"3,050,000","1,054.87","2,891",Jul-26,HOLLAND ROAD,Sub Sale,Strata,98,"31,122",-,Condominium,1,Freehold,10,Core Central Region,11 to 15
SHEARES VILLE,"7,300,000","4,703.87","1,552",Jul-26,HOLT ROAD,Resale,Strata,437,"16,705",-,Apartment,1,Freehold,10,Core Central Region,11 to 15
UPPERHOUSE AT ORCHARD BOULEVARD,"7,970,000","2,055.92","3,877",Jul-26,ORCHARD BOULEVARD,New Sale,Strata,191,"41,728",-,Apartment,1,99 yrs lease commencing from 2024,10,Core Central Region,31 to 35
THE LEGEND,"1,460,000",753.48,"1,938",Jul-26,BUKIT TIMAH ROAD,Resale,Strata,70,"20,857",-,Condominium,1,Freehold,10,Core Central Region,16 to 20
TANGLIN PARK,"3,350,000","1,334.74","2,510",Jul-26,RIDLEY PARK,Resale,Strata,124,"27,016",-,Condominium,1,Freehold,10,Core Central Region,01 to 05
BELMOND GREEN,"2,880,000","1,065.64","2,703",Jul-26,BALMORAL ROAD,Resale,Strata,99,"29,091",-,Condominium,1,Freehold,10,Core Central Region,06 to 10
BEAVERTON COURT,"6,300,000","3,229.2","1,951",Jul-26,MOUNT SINAI RISE,Resale,Strata,300,"21,000",-,Condominium,1,Freehold,10,Core Central Region,06 to 10
D'GROVE VILLAS,"4,200,000","1,689.95","2,485",Jul-26,ORANGE GROVE ROAD,Resale,Strata,157,"26,752",-,Condominium,1,Freehold,10,Core Central Region,11 to 15
120 GRANGE,"1,850,000",678.13,"2,728",Jul-26,GRANGE ROAD,Resale,Strata,63,"29,365",-,Apartment,1,Freehold,10,Core Central Region,06 to 10
HOLLAND HILL PARK,"3,000,000","1,388.56","2,161",Jul-26,HOLLAND HILL,Resale,Strata,129,"23,256",-,Condominium,1,Freehold,10,Core Central Region,01 to 05
HOLT RESIDENCES,"4,550,000","2,066.69","2,202",Jul-26,HOLT ROAD,Resale,Strata,192,"23,698",-,Apartment,1,Freehold,10,Core Central Region,06 to 10
19 NASSIM,"1,500,000",538.2,"2,787",Jul-26,NASSIM HILL,Resale,Strata,50,"30,000",-,Apartment,1,99 yrs lease commencing from 2019,10,Core Central Region,01 to 05
THE MONTANA,"1,230,000",613.55,"2,005",Jul-26,JALAN MUTIARA,Resale,Strata,57,"21,579",-,Apartment,1,Freehold,10,Core Central Region,01 to 05
D'LEEDON,"2,088,000","1,076.4","1,940",Jul-26,LEEDON HEIGHTS,Resale,Strata,100,"20,880",-,Condominium,1,99 yrs lease commencing from 2010,10,Core Central Region,11 to 15
DORMER PARK,"3,550,000","1,668.42","2,128",Jul-26,JERVOIS ROAD,Resale,Strata,155,"22,903",-,Condominium,1,Freehold,10,Core Central Region,01 to 05
THE NASSIM,"14,000,000","3,121.56","4,485",Jul-26,NASSIM HILL,Resale,Strata,290,"48,276",-,Condominium,1,Freehold,10,Core Central Region,01 to 05
TANGLIN REGENCY,"1,545,000",882.65,"1,750",Jul-26,TANGLIN ROAD,Resale,Strata,82,"18,841",-,Condominium,1,99 yrs lease commencing from 1994,10,Core Central Region,11 to 15
19 NASSIM,"1,700,000",570.49,"2,980",Jul-26,NASSIM HILL,Resale,Strata,53,"32,075",-,Apartment,1,99 yrs lease commencing from 2019,10,Core Central Region,01 to 05
19 NASSIM,"1,700,000",538.2,"3,159",Jul-26,NASSIM HILL,Resale,Strata,50,"34,000",-,Apartment,1,99 yrs lease commencing from 2019,10,Core Central Region,01 to 05
BELLERIVE,"3,880,000","1,679.18","2,311",Jul-26,KENG CHIN ROAD,Resale,Strata,156,"24,872",-,Apartment,1,Freehold,10,Core Central Region,11 to 15
CYAN,"4,120,000","1,474.67","2,794",Jul-26,KENG CHIN ROAD,Resale,Strata,137,"30,073",-,Condominium,1,Freehold,10,Core Central Region,06 to 10
FOURTH AVENUE RESIDENCES,"1,765,000",721.19,"2,447",Jul-26,FOURTH AVENUE,Resale,Strata,67,"26,343",-,Apartment,1,99 yrs lease commencing from 2018,10,Core Central Region,01 to 05
FOURTH AVENUE RESIDENCES,"1,530,000",624.31,"2,451",Jul-26,FOURTH AVENUE,Resale,Strata,58,"26,379",-,Apartment,1,99 yrs lease commencing from 2018,10,Core Central Region,06 to 10
ARDMORE PARK,"12,000,000","2,884.75","4,160",Jul-26,ARDMORE PARK,Resale,Strata,268,"44,776",-,Condominium,1,Freehold,10,Core Central Region,01 to 05
D'LEEDON,"3,162,888","1,506.96","2,099",Jul-26,LEEDON HEIGHTS,Resale,Strata,140,"22,592",-,Condominium,1,99 yrs lease commencing from 2010,10,Core Central Region,21 to 25
GOODWOOD RESIDENCE,"5,250,000","1,948.28","2,695",Jul-26,BUKIT TIMAH ROAD,Resale,Strata,181,"29,006",-,Condominium,1,Freehold,10,Core Central Region,06 to 10
ASTRID MEADOWS,"3,150,000","1,377.79","2,286",Jul-26,CORONATION ROAD WEST,Resale,Strata,128,"24,609",-,Condominium,1,Freehold,10,Core Central Region,01 to 05
JERVOIS MANSION,"4,180,000","1,474.67","2,835",Jul-26,JERVOIS CLOSE,Sub Sale,Strata,137,"30,511",-,Apartment,1,Freehold,10,Core Central Region,01 to 05
SOMMERVILLE GRANDEUR,"3,700,000","1,937.52","1,910",Jul-26,FARRER DRIVE,Resale,Strata,180,"20,556",-,Condominium,1,Freehold,10,Core Central Region,01 to 05
UPPERHOUSE AT ORCHARD BOULEVARD,"2,469,000",699.66,"3,529",Jul-26,ORCHARD BOULEVARD,New Sale,Strata,65,"37,985",-,Apartment,1,99 yrs lease commencing from 2024,10,Core Central Region,21 to 25
RIDGEWOOD,"2,900,000","1,743.77","1,663",Jul-26,MOUNT SINAI DRIVE,Resale,Strata,162,"17,901",-,Condominium,1,999 yrs lease commencing from 1885,10,Core Central Region,01 to 05
GRANGE 1866,"1,880,000",699.66,"2,687",Jul-26,GRANGE ROAD,New Sale,Strata,65,"28,923",-,Apartment,1,Freehold,10,Core Central Region,16 to 20
RESIDENTIAL APARTMENTS,"12,000,000","5,435.82","2,208",Jul-26,ORANGE GROVE ROAD,Resale,Strata,505,"23,762",-,Apartment,1,Freehold,10,Core Central Region,11 to 15
STELLAR RV,"1,580,000",936.47,"1,687",Jul-26,RIVER VALLEY ROAD,Resale,Strata,87,"18,161",-,Apartment,1,Freehold,10,Core Central Region,06 to 10
ONE JERVOIS,"3,700,000","1,496.2","2,473",Jul-26,JERVOIS CLOSE,Resale,Strata,139,"26,619",-,Condominium,1,Freehold,10,Core Central Region,06 to 10
TANGLIN REGENCY,"1,400,000",979.52,"1,429",Jul-26,TANGLIN ROAD,Resale,Strata,91,"15,385",-,Condominium,1,99 yrs lease commencing from 1994,10,Core Central Region,06 to 10
THE MERASAGA,"2,750,000","1,356.26","2,028",Jul-26,JALAN MERAH SAGA,Resale,Strata,126,"21,825",-,Condominium,1,99 yrs lease commencing from 1991,10,Core Central Region,06 to 10
LEEDON GREEN,"1,750,000",667.37,"2,622",Jul-26,LEEDON HEIGHTS,Resale,Strata,62,"28,226",-,Condominium,1,Freehold,10,Core Central Region,06 to 10
VALLEY PARK,"1,740,000",861.12,"2,021",Jul-26,RIVER VALLEY ROAD,Resale,Strata,80,"21,750",-,Condominium,1,999 yrs lease commencing from 1877,10,Core Central Region,06 to 10
D'LEEDON,"2,150,000","1,065.64","2,018",Jul-26,LEEDON HEIGHTS,Resale,Strata,99,"21,717",-,Condominium,1,99 yrs lease commencing from 2010,10,Core Central Region,06 to 10
GOODWOOD GARDENS,"4,500,000","2,238.91","2,010",Jul-26,BALMORAL CRESCENT,Resale,Strata,208,"21,635",-,Apartment,1,Freehold,10,Core Central Region,01 to 05
THE TESSARINA,"2,450,000","1,108.69","2,210",Jul-26,WILBY ROAD,Resale,Strata,103,"23,786",-,Condominium,1,Freehold,10,Core Central Region,01 to 05
BOTANIC GARDENS VIEW,"3,060,000","1,259.39","2,430",Jun-26,TAMAN SERASI,Resale,Strata,117,"26,154",-,Apartment,1,Freehold,10,Core Central Region,01 to 05
UPPERHOUSE AT ORCHARD BOULEVARD,"2,405,000",699.66,"3,437",Jun-26,ORCHARD BOULEVARD,New Sale,Strata,65,"37,000",-,Apartment,1,99 yrs lease commencing from 2024,10,Core Central Region,21 to 25
THE HERMITAGE,"1,838,000",850.36,"2,161",Jun-26,SARKIES ROAD,Resale,Strata,79,"23,266",-,Apartment,1,Freehold,10,Core Central Region,01 to 05
SPRING GROVE,"2,560,000","1,388.56","1,844",Jun-26,GRANGE ROAD,Resale,Strata,129,"19,845",-,Condominium,1,99 yrs lease commencing from 1991,10,Core Central Region,16 to 20
ONE BALMORAL,"3,850,000","1,410.08","2,730",Jun-26,BALMORAL ROAD,Resale,Strata,131,"29,389",-,Condominium,1,Freehold,10,Core Central Region,06 to 10
LEEDON RESIDENCE,"6,100,000","2,109.74","2,891",Jun-26,LEEDON HEIGHTS,Resale,Strata,196,"31,122",-,Condominium,1,Freehold,10,Core Central Region,01 to 05
DORMER PARK,"3,475,000","1,679.18","2,069",Jun-26,JERVOIS ROAD,Resale,Strata,156,"22,276",-,Condominium,1,Freehold,10,Core Central Region,01 to 05
THE ASANA,"858,000",398.27,"2,154",Jun-26,QUEEN'S ROAD,Resale,Strata,37,"23,189",-,Apartment,1,Freehold,10,Core Central Region,01 to 05
VIZ AT HOLLAND,"1,760,000",861.12,"2,044",Jun-26,QUEENSWAY,Resale,Strata,80,"22,000",-,Condominium,1,Freehold,10,Core Central Region,01 to 05
ROYALGREEN,"3,150,000","1,076.4","2,926",Jun-26,ANAMALAI AVENUE,Resale,Strata,100,"31,500",-,Condominium,1,Freehold,10,Core Central Region,01 to 05
THE SOLITAIRE,"3,780,000","1,560.78","2,422",Jun-26,BALMORAL PARK,Resale,Strata,145,"26,069",-,Condominium,1,Freehold,10,Core Central Region,11 to 15
DUCHESS RESIDENCES,"3,638,000","1,485.43","2,449",Jun-26,DUCHESS AVENUE,Resale,Strata,138,"26,362",-,Condominium,1,999 yrs lease commencing from 1875,10,Core Central Region,01 to 05
PARVIS,"4,950,000","2,260.44","2,190",Jun-26,HOLLAND HILL,Resale,Strata,210,"23,571",-,Condominium,1,Freehold,10,Core Central Region,01 to 05
THE MERASAGA,"2,743,000","1,345.5","2,039",Jun-26,JALAN MERAH SAGA,Resale,Strata,125,"21,944",-,Condominium,1,99 yrs lease commencing from 1991,10,Core Central Region,01 to 05
THE GRANGE,"6,668,000","2,292.73","2,908",Jun-26,GRANGE GARDEN,Resale,Strata,213,"31,305",-,Condominium,1,Freehold,10,Core Central Region,06 to 10
ARDMORE II,"6,800,000","2,023.63","3,360",Jun-26,ARDMORE PARK,Resale,Strata,188,"36,170",-,Condominium,1,Freehold,10,Core Central Region,06 to 10
HOLLAND MEWS,"2,950,000","1,280.92","2,303",Jun-26,HOLLAND ROAD,Resale,Strata,119,"24,790",-,Apartment,1,Freehold,10,Core Central Region,01 to 05
ONE BALMORAL,"3,780,000","1,410.08","2,681",Jun-26,BALMORAL ROAD,Resale,Strata,131,"28,855",-,Condominium,1,Freehold,10,Core Central Region,01 to 05
THE TRIZON,"4,880,000","2,314.26","2,109",Jun-26,RIDGEWOOD CLOSE,Resale,Strata,215,"22,698",-,Condominium,1,Freehold,10,Core Central Region,16 to 20
BELMOND GREEN,"3,700,000","1,302.44","2,841",Jun-26,BALMORAL ROAD,Resale,Strata,121,"30,579",-,Condominium,1,Freehold,10,Core Central Region,06 to 10
ASTRID MEADOWS,"3,180,000","1,786.82","1,780",Jun-26,CORONATION ROAD WEST,Resale,Strata,166,"19,157",-,Condominium,1,Freehold,10,Core Central Region,01 to 05
JEWEL OF BALMORAL,"3,350,000","1,345.5","2,490",Jun-26,BALMORAL PARK,Resale,Strata,125,"26,800",-,Apartment,1,Freehold,10,Core Central Region,01 to 05
THE TESSARINA,"2,400,000","1,033.34","2,323",Jun-26,WILBY ROAD,Resale,Strata,96,"25,000",-,Condominium,1,Freehold,10,Core Central Region,01 to 05
ALLSWORTH PARK,"4,123,800","1,959.05","2,105",Jun-26,HOLLAND ROAD,Resale,Strata,182,"22,658",-,Condominium,1,999 yrs lease commencing from 1885,10,Core Central Region,11 to 15
M5,"920,000",473.62,"1,943",Jun-26,JALAN MUTIARA,Resale,Strata,44,"20,909",-,Apartment,1,Freehold,10,Core Central Region,06 to 10
THE DRAYCOTT,"7,100,000","2,637.18","2,692",Jun-26,DRAYCOTT PARK,Resale,Strata,245,"28,980",-,Apartment,1,Freehold,10,Core Central Region,26 to 30
D'LEEDON,"2,348,000","1,054.87","2,226",Jun-26,LEEDON HEIGHTS,Resale,Strata,98,"23,959",-,Condominium,1,99 yrs lease commencing from 2010,10,Core Central Region,31 to 35
VILLA AZURA,"2,500,000","1,496.2","1,671",Jun-26,CHERRY AVENUE,Resale,Strata,139,"17,986",-,Condominium,1,Freehold,10,Core Central Region,01 to 05
NATHAN RESIDENCES,"1,650,000",775.01,"2,129",Jun-26,NATHAN ROAD,Resale,Strata,72,"22,917",-,Apartment,1,Freehold,10,Core Central Region,06 to 10
ONE TREE HILL RESIDENCE,"3,085,000","1,227.1","2,514",Jun-26,ONE TREE HILL,Resale,Strata,114,"27,061",-,Apartment,1,Freehold,10,Core Central Region,06 to 10
PALM SPRING,"4,360,000","1,862.17","2,341",Jun-26,EWE BOON ROAD,Resale,Strata,173,"25,202",-,Condominium,1,Freehold,10,Core Central Region,01 to 05
THE DRAYCOTT,"5,650,000","2,637.18","2,142",Jun-26,DRAYCOTT PARK,Resale,Strata,245,"23,061",-,Apartment,1,Freehold,10,Core Central Region,11 to 15
THE CAPRI,"1,618,000",764.24,"2,117",Jun-26,STEVENS ROAD,Resale,Strata,71,"22,789",-,Apartment,1,Freehold,10,Core Central Region,01 to 05
DRAYCOTT EIGHT,"7,500,000","2,906.28","2,581",Jun-26,DRAYCOTT PARK,Resale,Strata,270,"27,778",-,Condominium,1,99 yrs lease commencing from 1997,10,Core Central Region,21 to 25
FOURTH AVENUE RESIDENCES,"3,150,000","1,108.69","2,841",Jun-26,FOURTH AVENUE,Resale,Strata,103,"30,583",-,Apartment,1,99 yrs lease commencing from 2018,10,Core Central Region,06 to 10
VIZ AT HOLLAND,"2,628,000","1,259.39","2,087",Jun-26,QUEENSWAY,Resale,Strata,117,"22,462",-,Condominium,1,Freehold,10,Core Central Region,11 to 15
D'LEEDON,"2,530,000","1,216.33","2,080",Jun-26,LEEDON HEIGHTS,Resale,Strata,113,"22,389",-,Condominium,1,99 yrs lease commencing from 2010,10,Core Central Region,06 to 10
RV EDGE,"1,680,000","1,065.64","1,577",Jun-26,SHANGHAI ROAD,Resale,Strata,99,"16,970",-,Apartment,1,Freehold,10,Core Central Region,06 to 10
TOMLINSON HEIGHTS,"9,600,000","2,744.82","3,497",Jun-26,TOMLINSON ROAD,Resale,Strata,255,"37,647",-,Condominium,1,Freehold,10,Core Central Region,01 to 05
NATHAN RESIDENCES,"1,200,000",592.02,"2,027",Jun-26,NATHAN ROAD,Resale,Strata,55,"21,818",-,Apartment,1,Freehold,10,Core Central Region,06 to 10
THE TESSARINA,"3,450,000","1,646.89","2,095",Jun-26,WILBY ROAD,Resale,Strata,153,"22,549",-,Condominium,1,Freehold,10,Core Central Region,01 to 05
D'LEEDON,"1,733,000",785.77,"2,205",Jun-26,LEEDON HEIGHTS,Resale,Strata,73,"23,740",-,Condominium,1,99 yrs lease commencing from 2010,10,Core Central Region,26 to 30
D'LEEDON,"2,130,000","1,054.87","2,019",Jun-26,LEEDON HEIGHTS,Resale,Strata,98,"21,735",-,Condominium,1,99 yrs lease commencing from 2010,10,Core Central Region,11 to 15
HOLLAND TOWER,"4,600,000","2,949.34","1,560",Jun-26,HOLLAND HEIGHTS,Resale,Strata,274,"16,788",-,Apartment,1,Freehold,10,Core Central Region,11 to 15
UPPERHOUSE AT ORCHARD BOULEVARD,"2,395,000",699.66,"3,423",Jun-26,ORCHARD BOULEVARD,New Sale,Strata,65,"36,846",-,Apartment,1,99 yrs lease commencing from 2024,10,Core Central Region,21 to 25
THE DRAYCOTT,"6,328,800","2,637.18","2,400",Jun-26,DRAYCOTT PARK,Resale,Strata,245,"25,832",-,Apartment,1,Freehold,10,Core Central Region,06 to 10
D'LEEDON,"3,750,000","1,700.71","2,205",Jun-26,LEEDON HEIGHTS,Resale,Strata,158,"23,734",-,Condominium,1,99 yrs lease commencing from 2010,10,Core Central Region,21 to 25
LEEDON GREEN,"1,760,000",667.37,"2,637",Jun-26,LEEDON HEIGHTS,Resale,Strata,62,"28,387",-,Condominium,1,Freehold,10,Core Central Region,06 to 10
HOLLAND RESIDENCES,"3,125,000","1,356.26","2,304",Jun-26,TAMAN WARNA,Resale,Strata,126,"24,802",-,Condominium,1,Freehold,10,Core Central Region,01 to 05
D'LEEDON,"2,062,000","1,033.34","1,995",Jun-26,LEEDON HEIGHTS,Resale,Strata,96,"21,479",-,Condominium,1,99 yrs lease commencing from 2010,10,Core Central Region,16 to 20
ARDMORE THREE,"6,350,000","1,786.82","3,554",Jun-26,ARDMORE PARK,Resale,Strata,166,"38,253",-,Condominium,1,Freehold,10,Core Central Region,06 to 10
D'LEEDON,"1,260,000",635.08,"1,984",Jun-26,LEEDON HEIGHTS,Resale,Strata,59,"21,356",-,Condominium,1,99 yrs lease commencing from 2010,10,Core Central Region,11 to 15
UPPERHOUSE AT ORCHARD BOULEVARD,"7,180,000","2,055.92","3,492",Jun-26,ORCHARD BOULEVARD,New Sale,Strata,191,"37,592",-,Apartment,1,99 yrs lease commencing from 2024,10,Core Central Region,11 to 15
FOURTH AVENUE RESIDENCES,"2,650,000",947.23,"2,798",Jun-26,FOURTH AVENUE,Resale,Strata,88,"30,114",-,Apartment,1,99 yrs lease commencing from 2018,10,Core Central Region,01 to 05
D'LEEDON,"1,720,000",785.77,"2,189",Jun-26,LEEDON HEIGHTS,Resale,Strata,73,"23,562",-,Condominium,1,99 yrs lease commencing from 2010,10,Core Central Region,31 to 35
D'LEEDON,"2,850,000","1,280.92","2,225",Jun-26,LEEDON HEIGHTS,Resale,Strata,119,"23,950",-,Condominium,1,99 yrs lease commencing from 2010,10,Core Central Region,26 to 30
D'LEEDON,"4,100,000","2,023.63","2,026",Jun-26,LEEDON HEIGHTS,Resale,Strata,188,"21,809",-,Condominium,1,99 yrs lease commencing from 2010,10,Core Central Region,11 to 15
NASSIM PARK RESIDENCES,"22,950,000","6,953.54","3,300",Jun-26,NASSIM ROAD,Resale,Strata,646,"35,526",-,Condominium,1,Freehold,10,Core Central Region,01 to 05
RV SUITES,"1,055,000",678.13,"1,556",Jun-26,RIVER VALLEY ROAD,Resale,Strata,63,"16,746",-,Apartment,1,Freehold,10,Core Central Region,01 to 05
SPRING GROVE,"1,830,000","1,011.82","1,809",Jun-26,GRANGE ROAD,Resale,Strata,94,"19,468",-,Condominium,1,99 yrs lease commencing from 1991,10,Core Central Region,16 to 20
THE FORD @ HOLLAND,"2,750,000","1,151.75","2,388",Jun-26,FORD AVENUE,Resale,Strata,107,"25,701",-,Condominium,1,Freehold,10,Core Central Region,01 to 05
MADISON RESIDENCES,"8,780,000","4,047.26","2,169",Jun-26,BUKIT TIMAH ROAD,Resale,Strata,376,"23,351",-,Condominium,1,Freehold,10,Core Central Region,16 to 20
THE FERNHILL,"3,450,000","1,603.84","2,151",Jun-26,FERNHILL ROAD,Resale,Strata,149,"23,154",-,Apartment,1,Freehold,10,Core Central Region,01 to 05
FOUR SEASONS PARK,"14,000,000","3,821.22","3,664",Jun-26,CUSCADEN WALK,Resale,Strata,355,"39,437",-,Condominium,1,Freehold,10,Core Central Region,21 to 25
SUI GENERIS,"5,100,000","2,131.27","2,393",Jun-26,BALMORAL CRESCENT,Resale,Strata,198,"25,758",-,Condominium,1,Freehold,10,Core Central Region,01 to 05
PROXIMO,"2,650,000","1,119.46","2,367",Jun-26,ROBIN ROAD,Resale,Strata,104,"25,481",-,Apartment,1,Freehold,10,Core Central Region,01 to 05
BISHOPSGATE RESIDENCES,"8,000,000","2,594.12","3,084",Jun-26,BISHOPSGATE,Resale,Strata,241,"33,195",-,Condominium,1,Freehold,10,Core Central Region,01 to 05
TANGLIN REGENCY,"1,338,000",710.42,"1,883",Jun-26,TANGLIN ROAD,Resale,Strata,66,"20,273",-,Condominium,1,99 yrs lease commencing from 1994,10,Core Central Region,01 to 05
HOLLAND PEAK,"2,980,000","1,474.67","2,021",Jun-26,HOLLAND HILL,Resale,Strata,137,"21,752",-,Condominium,1,Freehold,10,Core Central Region,01 to 05
JERVOIS LODGE,"1,818,818",947.23,"1,920",Jun-26,JERVOIS ROAD,Resale,Strata,88,"20,668",-,Condominium,1,Freehold,10,Core Central Region,01 to 05
DRAYCOTT EIGHT,"6,965,810","2,906.28","2,397",Jun-26,DRAYCOTT PARK,Resale,Strata,270,"25,799",-,Condominium,1,99 yrs lease commencing from 1997,10,Core Central Region,11 to 15
DUCHESS CREST,"3,075,000","1,711.48","1,797",Jun-26,DUCHESS AVENUE,Resale,Strata,159,"19,340",-,Condominium,1,99 yrs lease commencing from 1995,10,Core Central Region,01 to 05
SPRING GROVE,"3,100,000","1,668.42","1,858",Jun-26,GRANGE ROAD,Resale,Strata,155,"20,000",-,Condominium,1,99 yrs lease commencing from 1991,10,Core Central Region,01 to 05
SPRING GROVE,"1,830,000","1,011.82","1,809",Jun-26,GRANGE ROAD,Resale,Strata,94,"19,468",-,Condominium,1,99 yrs lease commencing from 1991,10,Core Central Region,16 to 20
THE MARBELLA,"4,300,000","1,754.53","2,451",Jun-26,MOUNT SINAI RISE,Resale,Strata,163,"26,380",-,Condominium,1,Freehold,10,Core Central Region,16 to 20
LEEDON GREEN,"2,030,000",775.01,"2,619",Jun-26,LEEDON HEIGHTS,Resale,Strata,72,"28,194",-,Condominium,1,Freehold,10,Core Central Region,01 to 05
ARDMORE THREE,"6,280,000","1,786.82","3,515",May-26,ARDMORE PARK,Resale,Strata,166,"37,831",-,Condominium,1,Freehold,10,Core Central Region,26 to 30
ORCHARD BEL AIR,"4,900,000","3,261.49","1,502",May-26,ORCHARD BOULEVARD,Resale,Strata,303,"16,172",-,Condominium,1,99 yrs lease commencing from 1980,10,Core Central Region,16 to 20
ROYALGREEN,"1,920,000",667.37,"2,877",May-26,ANAMALAI AVENUE,Resale,Strata,62,"30,968",-,Condominium,1,Freehold,10,Core Central Region,01 to 05
ONE HOLLAND VILLAGE RESIDENCES,"5,200,000","1,614.6","3,221",May-26,HOLLAND VILLAGE WAY,Sub Sale,Strata,150,"34,667",-,Apartment,1,99 yrs lease commencing from 2018,10,Core Central Region,21 to 25
LEEDON RESIDENCE,"7,550,000","2,669.47","2,828",May-26,LEEDON HEIGHTS,Resale,Strata,248,"30,444",-,Condominium,1,Freehold,10,Core Central Region,06 to 10
PALM SPRING,"4,250,000","1,872.94","2,269",May-26,EWE BOON ROAD,Resale,Strata,174,"24,425",-,Condominium,1,Freehold,10,Core Central Region,01 to 05
URBAN EDGE @ HOLLAND V,"1,900,000","1,065.64","1,783",May-26,FORD AVENUE,Resale,Strata,99,"19,192",-,Apartment,1,Freehold,10,Core Central Region,01 to 05
GALLOP GREEN,"9,050,000","3,509.06","2,579",May-26,WOOLLERTON PARK,Resale,Strata,326,"27,761",-,Condominium,1,Freehold,10,Core Central Region,01 to 05
CONDOMINIUM DEVELOPMENT,"2,800,000","1,776.06","1,577",May-26,HOLLAND ROAD,Resale,Strata,165,"16,970",-,Condominium,1,Freehold,10,Core Central Region,01 to 05
CYAN,"1,380,000",656.6,"2,102",May-26,KENG CHIN ROAD,Resale,Strata,61,"22,623",-,Condominium,1,Freehold,10,Core Central Region,01 to 05
GRANGE RESIDENCES,"8,400,000","2,583.36","3,252",May-26,GRANGE ROAD,Resale,Strata,240,"35,000",-,Condominium,1,Freehold,10,Core Central Region,06 to 10
PERFECT TEN,"2,440,000",764.24,"3,193",May-26,BUKIT TIMAH ROAD,Sub Sale,Strata,71,"34,366",-,Apartment,1,Freehold,10,Core Central Region,06 to 10
QUINTERRA,"2,820,000","1,679.18","1,679",May-26,HOLLAND ROAD,Resale,Strata,156,"18,077",-,Apartment,1,99 yrs lease commencing from 2006,10,Core Central Region,01 to 05
D'LEEDON,"3,380,000","1,582.31","2,136",May-26,LEEDON HEIGHTS,Resale,Strata,147,"22,993",-,Condominium,1,99 yrs lease commencing from 2010,10,Core Central Region,16 to 20
BEVERLY HILL,"9,580,000","3,778.16","2,536",May-26,GRANGE ROAD,Resale,Strata,351,"27,293",-,Condominium,1,Freehold,10,Core Central Region,16 to 20
CHATELET,"3,450,000","1,582.31","2,180",May-26,MARGOLIOUTH ROAD,Resale,Strata,147,"23,469",-,Condominium,1,Freehold,10,Core Central Region,01 to 05
FOURTH AVENUE RESIDENCES,"3,158,888","1,108.69","2,849",May-26,FOURTH AVENUE,Resale,Strata,103,"30,669",-,Apartment,1,99 yrs lease commencing from 2018,10,Core Central Region,01 to 05
GOODWOOD RESIDENCE,"7,400,000","2,508.01","2,951",May-26,BUKIT TIMAH ROAD,Resale,Strata,233,"31,760",-,Condominium,1,Freehold,10,Core Central Region,06 to 10
VALLEY PARK,"4,648,000","1,808.35","2,570",May-26,RIVER VALLEY ROAD,Resale,Strata,168,"27,667",-,Condominium,1,999 yrs lease commencing from 1877,10,Core Central Region,16 to 20
ARDMORE PARK,"11,050,000","2,884.75","3,830",May-26,ARDMORE PARK,Resale,Strata,268,"41,231",-,Condominium,1,Freehold,10,Core Central Region,01 to 05
J C DRAYCOTT,"1,750,000",850.36,"2,058",May-26,DRAYCOTT DRIVE,Resale,Strata,79,"22,152",-,Apartment,1,Freehold,10,Core Central Region,01 to 05
GARDEN APARTMENTS,"5,850,000","2,475.72","2,363",May-26,ORANGE GROVE ROAD,Resale,Strata,230,"25,435",-,Apartment,1,Freehold,10,Core Central Region,01 to 05
THE ASTON,"1,245,000",645.84,"1,928",May-26,KAY POH ROAD,Resale,Strata,60,"20,750",-,Apartment,1,Freehold,10,Core Central Region,06 to 10
GOODWOOD RESIDENCE,"5,500,000","1,948.28","2,823",May-26,BUKIT TIMAH ROAD,Resale,Strata,181,"30,387",-,Condominium,1,Freehold,10,Core Central Region,06 to 10
RV EDGE,"900,000",419.8,"2,144",May-26,SHANGHAI ROAD,Resale,Strata,39,"23,077",-,Apartment,1,Freehold,10,Core Central Region,06 to 10
ONE BALMORAL,"3,860,000","1,410.08","2,737",May-26,BALMORAL ROAD,Resale,Strata,131,"29,466",-,Condominium,1,Freehold,10,Core Central Region,11 to 15
LOFT@HOLLAND,"810,000",322.92,"2,508",May-26,HOLLAND ROAD,Resale,Strata,30,"27,000",-,Apartment,1,Freehold,10,Core Central Region,01 to 05
UPPERHOUSE AT ORCHARD BOULEVARD,"7,855,000","2,055.92","3,821",May-26,ORCHARD BOULEVARD,New Sale,Strata,191,"41,126",-,Apartment,1,99 yrs lease commencing from 2024,10,Core Central Region,31 to 35
HONOLULU TOWER,"14,200,000","5,823.32","2,438",May-26,BUKIT TIMAH ROAD,Resale,Strata,541,"26,248",-,Apartment,1,Freehold,10,Core Central Region,11 to 15
QUINTERRA,"2,820,000","1,679.18","1,679",May-26,HOLLAND ROAD,Resale,Strata,156,"18,077",-,Apartment,1,99 yrs lease commencing from 2006,10,Core Central Region,01 to 05
SPRING GROVE,"1,863,000","1,011.82","1,841",May-26,GRANGE ROAD,Resale,Strata,94,"19,819",-,Condominium,1,99 yrs lease commencing from 1991,10,Core Central Region,16 to 20
HYLL ON HOLLAND,"2,718,000",936.47,"2,902",May-26,HOLLAND ROAD,Sub Sale,Strata,87,"31,241",-,Condominium,1,Freehold,10,Core Central Region,06 to 10
CLUNY PARK RESIDENCE,"2,680,000","1,216.33","2,203",May-26,CLUNY PARK ROAD,Resale,Strata,113,"23,717",-,Condominium,1,Freehold,10,Core Central Region,01 to 05
JERVOIS MANSION,"2,380,000",818.06,"2,909",May-26,JERVOIS CLOSE,Sub Sale,Strata,76,"31,316",-,Apartment,1,Freehold,10,Core Central Region,01 to 05
DUCHESS RESIDENCES,"3,512,000","1,463.9","2,399",May-26,DUCHESS AVENUE,Resale,Strata,136,"25,824",-,Condominium,1,999 yrs lease commencing from 1875,10,Core Central Region,01 to 05
NOUVEL 18,"3,700,000","1,334.74","2,772",May-26,ANDERSON ROAD,Resale,Strata,124,"29,839",-,Condominium,1,Freehold,10,Core Central Region,11 to 15
BELLERIVE,"3,600,000","1,539.25","2,339",May-26,KENG CHIN ROAD,Resale,Strata,143,"25,175",-,Apartment,1,Freehold,10,Core Central Region,11 to 15
BOULEVARD 88,"5,522,760","1,313.21","4,206",May-26,ORCHARD BOULEVARD,Resale,Strata,122,"45,269",-,Apartment,1,Freehold,10,Core Central Region,21 to 25
THE DRAYCOTT,"3,418,000","1,313.21","2,603",May-26,DRAYCOTT PARK,Resale,Strata,122,"28,016",-,Apartment,1,Freehold,10,Core Central Region,01 to 05
UPPERHOUSE AT ORCHARD BOULEVARD,"1,665,000",473.62,"3,516",May-26,ORCHARD BOULEVARD,New Sale,Strata,44,"37,841",-,Apartment,1,99 yrs lease commencing from 2024,10,Core Central Region,31 to 35
THE TRIZON,"4,630,000","2,206.62","2,098",May-26,RIDGEWOOD CLOSE,Resale,Strata,205,"22,585",-,Condominium,1,Freehold,10,Core Central Region,01 to 05
DYNASTY LODGE,"3,038,000","1,851.41","1,641",May-26,SIXTH AVENUE,Resale,Strata,172,"17,663",-,Apartment,1,Freehold,10,Core Central Region,01 to 05
PERFECT TEN,"2,440,000",764.24,"3,193",May-26,BUKIT TIMAH ROAD,Sub Sale,Strata,71,"34,366",-,Apartment,1,Freehold,10,Core Central Region,06 to 10
UPPERHOUSE AT ORCHARD BOULEVARD,"2,549,000",699.66,"3,643",May-26,ORCHARD BOULEVARD,New Sale,Strata,65,"39,215",-,Apartment,1,99 yrs lease commencing from 2024,10,Core Central Region,31 to 35
LEEDON GREEN,"3,650,000","1,044.11","3,496",May-26,LEEDON HEIGHTS,Resale,Strata,97,"37,629",-,Condominium,1,Freehold,10,Core Central Region,06 to 10
CUSCADEN RESIDENCES,"3,900,000","1,453.14","2,684",May-26,CUSCADEN ROAD,Resale,Strata,135,"28,889",-,Condominium,1,Freehold,10,Core Central Region,06 to 10
DRAYCOTT EIGHT,"6,180,000","2,895.52","2,134",May-26,DRAYCOTT PARK,Resale,Strata,269,"22,974",-,Condominium,1,99 yrs lease commencing from 1997,10,Core Central Region,01 to 05
THREE THREE ROBIN,"3,990,000","1,582.31","2,522",May-26,ROBIN ROAD,Resale,Strata,147,"27,143",-,Apartment,1,Freehold,10,Core Central Region,06 to 10
HOLT RESIDENCES,"4,350,000","2,055.92","2,116",May-26,HOLT ROAD,Resale,Strata,191,"22,775",-,Apartment,1,Freehold,10,Core Central Region,06 to 10
BOTANIC GARDENS MANSION,"3,800,000","1,754.53","2,166",May-26,TAMAN SERASI,Resale,Strata,163,"23,313",-,Apartment,1,Freehold,10,Core Central Region,01 to 05
ONE ROBIN,"4,720,000","1,948.28","2,423",May-26,ROBIN ROAD,Resale,Strata,181,"26,077",-,Apartment,1,Freehold,10,Core Central Region,06 to 10
NASSIM PARK RESIDENCES,"15,600,000","3,466.01","4,501",May-26,NASSIM ROAD,Resale,Strata,322,"48,447",-,Condominium,1,Freehold,10,Core Central Region,01 to 05
SPANISH VILLAGE,"3,638,888","1,668.42","2,181",May-26,FARRER ROAD,Resale,Strata,155,"23,477",-,Condominium,1,Freehold,10,Core Central Region,01 to 05
MELROSE PARK,"3,800,000","1,345.5","2,824",May-26,KELLOCK ROAD,Resale,Strata,125,"30,400",-,Condominium,1,999 yrs lease commencing from 1877,10,Core Central Region,06 to 10
SPRING GROVE,"2,390,000","1,388.56","1,721",May-26,GRANGE ROAD,Resale,Strata,129,"18,527",-,Condominium,1,99 yrs lease commencing from 1991,10,Core Central Region,01 to 05
CONDOMINIUM DEVELOPMENT,"2,100,000","1,119.46","1,876",May-26,HOLLAND ROAD,Resale,Strata,104,"20,192",-,Condominium,1,Freehold,10,Core Central Region,01 to 05
GRANGE RESIDENCES,"10,300,000","2,852.46","3,611",May-26,GRANGE ROAD,Resale,Strata,265,"38,868",-,Condominium,1,Freehold,10,Core Central Region,11 to 15
MELROSE PARK,"4,620,000","1,700.71","2,717",May-26,KELLOCK ROAD,Resale,Strata,158,"29,241",-,Condominium,1,999 yrs lease commencing from 1877,10,Core Central Region,06 to 10
JERVOIS MANSION,"3,000,000","1,022.58","2,934",May-26,JERVOIS CLOSE,Sub Sale,Strata,95,"31,579",-,Apartment,1,Freehold,10,Core Central Region,01 to 05
UPPERHOUSE AT ORCHARD BOULEVARD,"1,629,000",473.62,"3,439",May-26,ORCHARD BOULEVARD,New Sale,Strata,44,"37,023",-,Apartment,1,99 yrs lease commencing from 2024,10,Core Central Region,26 to 30
MON JERVOIS,"1,228,888",624.31,"1,968",May-26,JERVOIS ROAD,Resale,Strata,58,"21,188",-,Condominium,1,99 yrs lease commencing from 2012,10,Core Central Region,01 to 05
VALLEY PARK,"4,150,000","1,700.71","2,440",May-26,RIVER VALLEY ROAD,Resale,Strata,158,"26,266",-,Condominium,1,999 yrs lease commencing from 1877,10,Core Central Region,11 to 15
ROBIN REGALIA,"1,738,000",861.12,"2,018",May-26,ROBIN ROAD,Resale,Strata,80,"21,725",-,Apartment,1,Freehold,10,Core Central Region,01 to 05
ARDMORE PARK,"12,250,000","2,884.75","4,246",May-26,ARDMORE PARK,Resale,Strata,268,"45,709",-,Condominium,1,Freehold,10,Core Central Region,21 to 25
MUTIARA VIEW,"3,150,000","1,345.5","2,341",May-26,JALAN MUTIARA,Resale,Strata,125,"25,200",-,Apartment,1,Freehold,10,Core Central Region,06 to 10
D'LEEDON,"2,318,888","1,011.82","2,292",May-26,LEEDON HEIGHTS,Resale,Strata,94,"24,669",-,Condominium,1,99 yrs lease commencing from 2010,10,Core Central Region,16 to 20
UPPERHOUSE AT ORCHARD BOULEVARD,"2,375,000",699.66,"3,395",May-26,ORCHARD BOULEVARD,New Sale,Strata,65,"36,538",-,Apartment,1,99 yrs lease commencing from 2024,10,Core Central Region,16 to 20
GOODWOOD RESIDENCE,"7,700,000","2,604.89","2,956",May-26,BUKIT TIMAH ROAD,Resale,Strata,242,"31,818",-,Condominium,1,Freehold,10,Core Central Region,01 to 05
THE EQUATORIAL,"3,400,000","1,410.08","2,411",May-26,STEVENS ROAD,Resale,Strata,131,"25,954",-,Condominium,1,Freehold,10,Core Central Region,01 to 05
SPRING GROVE,"2,480,000","1,388.56","1,786",May-26,GRANGE ROAD,Resale,Strata,129,"19,225",-,Condominium,1,99 yrs lease commencing from 1991,10,Core Central Region,06 to 10
BEAUFORT ON NASSIM,"5,350,000","1,851.41","2,890",May-26,NASSIM ROAD,Resale,Strata,172,"31,105",-,Condominium,1,Freehold,10,Core Central Region,01 to 05
PINEWOOD GARDENS,"3,750,000","1,646.89","2,277",May-26,BALMORAL PARK,Resale,Strata,153,"24,510",-,Condominium,1,Freehold,10,Core Central Region,01 to 05
SOMMERVILLE PARK,"3,800,000","1,646.89","2,307",May-26,SOMMERVILLE ESTATE ROAD,Resale,Strata,153,"24,837",-,Condominium,1,Freehold,10,Core Central Region,-
LUTHERAN TOWERS,"2,150,000","1,915.99","1,122",May-26,TAN KIM CHENG ROAD,Resale,Strata,178,"12,079",-,Apartment,1,103 yrs lease commencing from 1974,10,Core Central Region,01 to 05
THE MARBELLA,"4,400,000","1,754.53","2,508",May-26,MOUNT SINAI RISE,Resale,Strata,163,"26,994",-,Condominium,1,Freehold,10,Core Central Region,21 to 25
LEEDON GREEN,"3,150,000","1,044.11","3,017",May-26,LEEDON HEIGHTS,Resale,Strata,97,"32,474",-,Condominium,1,Freehold,10,Core Central Region,06 to 10
ONE TREE HILL RESIDENCE,"5,080,000","2,206.62","2,302",May-26,ONE TREE HILL,Resale,Strata,205,"24,780",-,Apartment,1,Freehold,10,Core Central Region,11 to 15
CUSCADEN RESIDENCES,"3,980,000","1,453.14","2,739",May-26,CUSCADEN ROAD,Resale,Strata,135,"29,481",-,Condominium,1,Freehold,10,Core Central Region,16 to 20
VALLEY PARK,"2,680,000","1,173.28","2,284",May-26,RIVER VALLEY ROAD,Resale,Strata,109,"24,587",-,Condominium,1,999 yrs lease commencing from 1877,10,Core Central Region,01 to 05
D'LEEDON,"2,106,888","1,076.4","1,957",May-26,LEEDON HEIGHTS,Resale,Strata,100,"21,069",-,Condominium,1,99 yrs lease commencing from 2010,10,Core Central Region,11 to 15
THE TESSARINA,"3,390,000","1,517.72","2,234",May-26,WILBY ROAD,Resale,Strata,141,"24,043",-,Condominium,1,Freehold,10,Core Central Region,01 to 05
ONE HOLLAND VILLAGE RESIDENCES,"2,470,000",828.83,"2,980",May-26,HOLLAND VILLAGE WAY,Sub Sale,Strata,77,"32,078",-,Apartment,1,99 yrs lease commencing from 2018,10,Core Central Region,11 to 15
DUCHESS RESIDENCES,"5,028,000","2,755.58","1,825",May-26,DUCHESS AVENUE,Resale,Strata,256,"19,641",-,Condominium,1,999 yrs lease commencing from 1875,10,Core Central Region,01 to 05
D'LEEDON,"3,478,888","1,603.84","2,169",May-26,LEEDON HEIGHTS,Resale,Strata,149,"23,348",-,Condominium,1,99 yrs lease commencing from 2010,10,Core Central Region,31 to 35
PARK NOVA,"11,000,000","2,206.62","4,985",May-26,TOMLINSON ROAD,New Sale,Strata,205,"53,659",-,Apartment,1,Freehold,10,Core Central Region,11 to 15
SKYE AT HOLLAND,"5,853,000","1,765.3","3,316",May-26,HOLLAND VILLAGE WAY,New Sale,Strata,164,"35,689",-,Apartment,1,99 yrs lease commencing from 2024,10,Core Central Region,31 to 35
REGENCY PARK,"7,100,000","3,175.38","2,236",Apr-26,NATHAN ROAD,Resale,Strata,295,"24,068",-,Condominium,1,Freehold,10,Core Central Region,06 to 10
8 NAPIER,"6,700,000","2,012.87","3,329",Apr-26,NAPIER ROAD,Resale,Strata,187,"35,829",-,Condominium,1,Freehold,10,Core Central Region,01 to 05
D'LEEDON,"4,800,000","2,432.66","1,973",Apr-26,LEEDON HEIGHTS,Resale,Strata,226,"21,239",-,Condominium,1,99 yrs lease commencing from 2010,10,Core Central Region,26 to 30
THE TESSARINA,"5,850,000","3,358.37","1,742",Apr-26,WILBY ROAD,Resale,Strata,312,"18,750",-,Condominium,1,Freehold,10,Core Central Region,06 to 10
D'LEEDON,"3,050,000","1,367.03","2,231",Apr-26,LEEDON HEIGHTS,Resale,Strata,127,"24,016",-,Condominium,1,99 yrs lease commencing from 2010,10,Core Central Region,16 to 20
THE TESSARINA,"4,118,000","1,614.6","2,550",Apr-26,WILBY ROAD,Resale,Strata,150,"27,453",-,Condominium,1,Freehold,10,Core Central Region,06 to 10
FOUR SEASONS PARK,"9,280,000","2,873.99","3,229",Apr-26,CUSCADEN WALK,Resale,Strata,267,"34,757",-,Condominium,1,Freehold,10,Core Central Region,21 to 25
PERFECT TEN,"4,380,000","1,280.92","3,419",Apr-26,BUKIT TIMAH ROAD,Sub Sale,Strata,119,"36,807",-,Apartment,1,Freehold,10,Core Central Region,21 to 25
RV RESIDENCES,"1,720,000",688.9,"2,497",Apr-26,RIVER VALLEY ROAD,Resale,Strata,64,"26,875",-,Condominium,1,999 yrs lease commencing from 1877,10,Core Central Region,06 to 10
SIXTH AVENUE VILLE,"3,220,000","1,582.31","2,035",Apr-26,SIXTH AVENUE,Resale,Strata,147,"21,905",-,Condominium,1,Freehold,10,Core Central Region,01 to 05
D'LEEDON,"3,250,000","1,614.6","2,013",Apr-26,LEEDON HEIGHTS,Resale,Strata,150,"21,667",-,Condominium,1,99 yrs lease commencing from 2010,10,Core Central Region,01 to 05
RIDGEWOOD,"3,200,000","1,743.77","1,835",Apr-26,MOUNT SINAI DRIVE,Resale,Strata,162,"19,753",-,Condominium,1,999 yrs lease commencing from 1885,10,Core Central Region,01 to 05
VALLEY PARK,"2,328,888","1,108.69","2,101",Apr-26,RIVER VALLEY ROAD,Resale,Strata,103,"22,611",-,Condominium,1,999 yrs lease commencing from 1877,10,Core Central Region,01 to 05
DRAYCOTT EIGHT,"3,050,000","1,560.78","1,954",Apr-26,DRAYCOTT PARK,Resale,Strata,145,"21,034",-,Condominium,1,99 yrs lease commencing from 1997,10,Core Central Region,16 to 20
ROBIN SUITES,"1,100,000",462.85,"2,377",Apr-26,ROBIN ROAD,Resale,Strata,43,"25,581",-,Apartment,1,Freehold,10,Core Central Region,11 to 15
THE TESSARINA,"3,050,000","1,356.26","2,249",Apr-26,WILBY ROAD,Resale,Strata,126,"24,206",-,Condominium,1,Freehold,10,Core Central Region,01 to 05
LOFT @ NATHAN,"968,000",527.44,"1,835",Apr-26,NATHAN ROAD,Resale,Strata,49,"19,755",-,Apartment,1,Freehold,10,Core Central Region,01 to 05
TANGLIN REGENCY,"1,480,000",968.76,"1,528",Apr-26,TANGLIN ROAD,Resale,Strata,90,"16,444",-,Condominium,1,99 yrs lease commencing from 1994,10,Core Central Region,01 to 05
CONDOMINIUM DEVELOPMENT,"6,188,000","3,961.15","1,562",Apr-26,HOLLAND ROAD,Resale,Strata,368,"16,815",-,Condominium,1,Freehold,10,Core Central Region,06 to 10
HYLL ON HOLLAND,"2,900,000","1,054.87","2,749",Apr-26,HOLLAND ROAD,Sub Sale,Strata,98,"29,592",-,Condominium,1,Freehold,10,Core Central Region,01 to 05
VERDURE,"3,620,000","1,754.53","2,063",Apr-26,HOLLAND ROAD,Resale,Strata,163,"22,209",-,Condominium,1,Freehold,10,Core Central Region,01 to 05
THE DRAYCOTT,"5,670,000","2,626.42","2,159",Apr-26,DRAYCOTT PARK,Resale,Strata,244,"23,238",-,Apartment,1,Freehold,10,Core Central Region,01 to 05
LEEDON RESIDENCE,"6,100,000","2,109.74","2,891",Apr-26,LEEDON HEIGHTS,Resale,Strata,196,"31,122",-,Condominium,1,Freehold,10,Core Central Region,06 to 10
THE ASTON,"2,880,000","1,474.67","1,953",Apr-26,KAY POH ROAD,Resale,Strata,137,"21,022",-,Apartment,1,Freehold,10,Core Central Region,06 to 10
DLV.,"2,600,000","1,410.08","1,844",Apr-26,DALVEY ROAD,Resale,Strata,131,"19,847",-,Apartment,1,Freehold,10,Core Central Region,01 to 05
RV SUITES,"1,030,000",602.78,"1,709",Apr-26,RIVER VALLEY ROAD,Resale,Strata,56,"18,393",-,Apartment,1,Freehold,10,Core Central Region,01 to 05
DORMER PARK,"3,600,000","1,668.42","2,158",Apr-26,JERVOIS ROAD,Resale,Strata,155,"23,226",-,Condominium,1,Freehold,10,Core Central Region,01 to 05
THE TRIZON,"4,300,000","2,109.74","2,038",Apr-26,RIDGEWOOD CLOSE,Resale,Strata,196,"21,939",-,Condominium,1,Freehold,10,Core Central Region,06 to 10
THE ASTON,"1,212,500",667.37,"1,817",Apr-26,KAY POH ROAD,Resale,Strata,62,"19,556",-,Apartment,1,Freehold,10,Core Central Region,06 to 10
THE TESSARINA,"3,400,000","1,625.36","2,092",Apr-26,WILBY ROAD,Resale,Strata,151,"22,517",-,Condominium,1,Freehold,10,Core Central Region,01 to 05
CONDOMINIUM DEVELOPMENT,"2,238,000","1,119.46","1,999",Apr-26,HOLLAND ROAD,Resale,Strata,104,"21,519",-,Condominium,1,Freehold,10,Core Central Region,06 to 10
RV SUITES,"1,085,000",570.49,"1,902",Apr-26,RIVER VALLEY ROAD,Resale,Strata,53,"20,472",-,Apartment,1,Freehold,10,Core Central Region,06 to 10
GOODWOOD RESIDENCE,"8,790,000","2,927.81","3,002",Apr-26,BUKIT TIMAH ROAD,Resale,Strata,272,"32,316",-,Condominium,1,Freehold,10,Core Central Region,06 to 10
GLENTREES,"4,450,000","2,626.42","1,694",Apr-26,MOUNT SINAI LANE,Resale,Strata,244,"18,238",-,Condominium,1,999 yrs lease commencing from 1885,10,Core Central Region,01 to 05
DUCHESS RESIDENCES,"5,000,000","3,024.68","1,653",Apr-26,DUCHESS AVENUE,Resale,Strata,281,"17,794",-,Condominium,1,999 yrs lease commencing from 1875,10,Core Central Region,01 to 05
VALLEY PARK,"2,400,000","1,216.33","1,973",Apr-26,RIVER VALLEY ROAD,Resale,Strata,113,"21,239",-,Condominium,1,999 yrs lease commencing from 1877,10,Core Central Region,11 to 15
SPRING GROVE,"2,620,000","1,388.56","1,887",Apr-26,GRANGE ROAD,Resale,Strata,129,"20,310",-,Condominium,1,99 yrs lease commencing from 1991,10,Core Central Region,16 to 20
D'LEEDON,"3,180,000","1,603.84","1,983",Apr-26,LEEDON HEIGHTS,Resale,Strata,149,"21,342",-,Condominium,1,99 yrs lease commencing from 2010,10,Core Central Region,21 to 25
PARVIS,"2,500,000",990.29,"2,525",Apr-26,HOLLAND HILL,Resale,Strata,92,"27,174",-,Condominium,1,Freehold,10,Core Central Region,06 to 10
THE MERASAGA,"2,075,000",958,"2,166",Apr-26,JALAN MERAH SAGA,Resale,Strata,89,"23,315",-,Condominium,1,99 yrs lease commencing from 1991,10,Core Central Region,06 to 10
D'LEEDON,"2,445,000","1,173.28","2,084",Apr-26,LEEDON HEIGHTS,Resale,Strata,109,"22,431",-,Condominium,1,99 yrs lease commencing from 2010,10,Core Central Region,11 to 15
THE SIXTH AVENUE RESIDENCES,"3,200,000","1,356.26","2,359",Apr-26,SIXTH AVENUE,Resale,Strata,126,"25,397",-,Condominium,1,Freehold,10,Core Central Region,01 to 05
THE TRIZON,"3,793,000","1,765.3","2,149",Apr-26,RIDGEWOOD CLOSE,Resale,Strata,164,"23,128",-,Condominium,1,Freehold,10,Core Central Region,01 to 05
PINEWOOD GARDENS,"3,810,000","1,657.66","2,298",Apr-26,BALMORAL PARK,Resale,Strata,154,"24,740",-,Condominium,1,Freehold,10,Core Central Region,01 to 05
THE LOFT,"2,200,000","1,033.34","2,129",Apr-26,NASSIM HILL,Resale,Strata,96,"22,917",-,Condominium,1,99 yrs lease commencing from 1999,10,Core Central Region,01 to 05
VAN HOLLAND,"1,929,999",775.01,"2,490",Apr-26,HOLLAND ROAD,Resale,Strata,72,"26,806",-,Condominium,1,Freehold,10,Core Central Region,01 to 05
CORONATION GROVE,"2,400,000","1,248.62","1,922",Apr-26,CORONATION ROAD,Resale,Strata,116,"20,690",-,Condominium,1,999 yrs lease commencing from 1875,10,Core Central Region,01 to 05
LUSH ON HOLLAND HILL,"4,350,000","1,851.41","2,350",Apr-26,HOLLAND HILL,Resale,Strata,172,"25,291",-,Condominium,1,Freehold,10,Core Central Region,06 to 10
RIDGEWOOD,"2,100,000","1,205.57","1,742",Apr-26,RIDGEWOOD CLOSE,Resale,Strata,112,"18,750",-,Condominium,1,999 yrs lease commencing from 1885,10,Core Central Region,06 to 10
DYNASTY GARDEN,"1,800,000","1,044.11","1,724",Apr-26,SIXTH AVENUE,Resale,Strata,97,"18,557",-,Condominium,1,Freehold,10,Core Central Region,-
VIZ AT HOLLAND,"4,080,000","2,389.61","1,707",Apr-26,QUEENSWAY,Resale,Strata,222,"18,378",-,Condominium,1,Freehold,10,Core Central Region,11 to 15
D'LEEDON,"2,150,000","1,076.4","1,997",Apr-26,LEEDON HEIGHTS,Resale,Strata,100,"21,500",-,Condominium,1,99 yrs lease commencing from 2010,10,Core Central Region,21 to 25
FOURTH AVENUE RESIDENCES,"1,098,000",484.38,"2,267",Apr-26,FOURTH AVENUE,Resale,Strata,45,"24,400",-,Apartment,1,99 yrs lease commencing from 2018,10,Core Central Region,01 to 05
VILLA DELLE ROSE,"6,200,000","3,272.26","1,895",Apr-26,TAMAN NAKHODA,Resale,Strata,304,"20,395",-,Condominium,1,Freehold,10,Core Central Region,-
RIDGEWOOD,"3,148,888","1,743.77","1,806",Apr-26,MOUNT SINAI DRIVE,Resale,Strata,162,"19,438",-,Condominium,1,999 yrs lease commencing from 1885,10,Core Central Region,21 to 25
THE GIVERNY RESIDENCES,"5,442,030","1,636.13","3,326",Apr-26,ROBIN DRIVE,New Sale,Strata,152,"35,803",-,Apartment,1,Freehold,10,Core Central Region,01 to 05
ARDMORE PARK,"12,680,000","2,884.75","4,396",Apr-26,ARDMORE PARK,Resale,Strata,268,"47,313",-,Condominium,1,Freehold,10,Core Central Region,11 to 15
D'LEEDON,"2,768,888","1,280.92","2,162",Apr-26,LEEDON HEIGHTS,Resale,Strata,119,"23,268",-,Condominium,1,99 yrs lease commencing from 2010,10,Core Central Region,26 to 30
CYAN,"2,680,000",979.52,"2,736",Apr-26,KENG CHIN ROAD,Resale,Strata,91,"29,451",-,Condominium,1,Freehold,10,Core Central Region,06 to 10
TANGLIN PARK,"4,500,000","1,765.3","2,549",Apr-26,RIDLEY PARK,Resale,Strata,164,"27,439",-,Condominium,1,Freehold,10,Core Central Region,01 to 05
ROYALGREEN,"1,840,000",667.37,"2,757",Apr-26,ANAMALAI AVENUE,Resale,Strata,62,"29,677",-,Condominium,1,Freehold,10,Core Central Region,01 to 05
VALLEY PARK,"3,850,000","1,700.71","2,264",Apr-26,RIVER VALLEY ROAD,Resale,Strata,158,"24,367",-,Condominium,1,999 yrs lease commencing from 1877,10,Core Central Region,16 to 20
21 ANDERSON,"21,900,000","4,488.59","4,879",Apr-26,ANDERSON ROAD,New Sale,Strata,417,"52,518",-,Condominium,1,Freehold,10,Core Central Region,01 to 05
21 ANDERSON,"22,500,000","4,488.59","5,013",Apr-26,ANDERSON ROAD,New Sale,Strata,417,"53,957",-,Condominium,1,Freehold,10,Core Central Region,01 to 05
ROYALGREEN,"1,730,000",667.37,"2,592",Apr-26,ANAMALAI AVENUE,Resale,Strata,62,"27,903",-,Condominium,1,Freehold,10,Core Central Region,01 to 05
RV EDGE,"780,000",365.98,"2,131",Apr-26,SHANGHAI ROAD,Resale,Strata,34,"22,941",-,Apartment,1,Freehold,10,Core Central Region,01 to 05
PARC STEVENS,"6,300,000","2,411.14","2,613",Apr-26,STEVENS DRIVE,Resale,Strata,224,"28,125",-,Condominium,1,Freehold,10,Core Central Region,01 to 05
BELMOND GREEN,"3,500,000","1,270.15","2,756",Apr-26,BALMORAL ROAD,Resale,Strata,118,"29,661",-,Condominium,1,Freehold,10,Core Central Region,06 to 10
FIFTH AVENUE CONDOMINIUM,"4,800,000","2,432.66","1,973",Apr-26,FIFTH AVENUE,Resale,Strata,226,"21,239",-,Condominium,1,Freehold,10,Core Central Region,01 to 05
JERVOIS MANSION,"3,025,000","1,001.05","3,022",Apr-26,JERVOIS CLOSE,Sub Sale,Strata,93,"32,527",-,Apartment,1,Freehold,10,Core Central Region,01 to 05
SAGE,"12,800,000","4,682.34","2,734",Apr-26,NASSIM ROAD,Resale,Strata,435,"29,425",-,Condominium,1,Freehold,10,Core Central Region,01 to 05
BOULEVARD 88,"5,292,210","1,313.21","4,030",Apr-26,ORCHARD BOULEVARD,Resale,Strata,122,"43,379",-,Apartment,1,Freehold,10,Core Central Region,11 to 15
THE DRAYCOTT,"3,000,000","1,313.21","2,284",Apr-26,DRAYCOTT PARK,Resale,Strata,122,"24,590",-,Apartment,1,Freehold,10,Core Central Region,01 to 05
THE ENCLAVE . HOLLAND,"1,050,000",570.49,"1,841",Apr-26,HOLLAND ROAD,Resale,Strata,53,"19,811",-,Apartment,1,Freehold,10,Core Central Region,01 to 05
TOMLINSON HEIGHTS,"10,600,000","2,744.82","3,862",Apr-26,TOMLINSON ROAD,Resale,Strata,255,"41,569",-,Condominium,1,Freehold,10,Core Central Region,16 to 20
CLUNY PARK RESIDENCE,"4,300,000","1,506.96","2,853",Apr-26,CLUNY PARK ROAD,Resale,Strata,140,"30,714",-,Condominium,1,Freehold,10,Core Central Region,01 to 05
SPRING GROVE,"2,525,000","1,388.56","1,818",Apr-26,GRANGE ROAD,Resale,Strata,129,"19,574",-,Condominium,1,99 yrs lease commencing from 1991,10,Core Central Region,16 to 20
ARDMORE THREE,"5,620,000","1,786.82","3,145",Apr-26,ARDMORE PARK,Resale,Strata,166,"33,855",-,Condominium,1,Freehold,10,Core Central Region,16 to 20
VALLEY PARK,"3,450,000","1,550.02","2,226",Apr-26,RIVER VALLEY ROAD,Resale,Strata,144,"23,958",-,Condominium,1,999 yrs lease commencing from 1877,10,Core Central Region,01 to 05
JUNIPER HILL,"2,688,888",914.94,"2,939",Apr-26,EWE BOON ROAD,Resale,Strata,85,"31,634",-,Apartment,1,Freehold,10,Core Central Region,01 to 05
FOURTH AVENUE RESIDENCES,"1,900,000",710.42,"2,674",Apr-26,FOURTH AVENUE,Resale,Strata,66,"28,788",-,Apartment,1,99 yrs lease commencing from 2018,10,Core Central Region,06 to 10
RV RESIDENCES,"1,980,000",904.18,"2,190",Apr-26,RIVER VALLEY ROAD,Resale,Strata,84,"23,571",-,Condominium,1,999 yrs lease commencing from 1877,10,Core Central Region,06 to 10
BOULEVARD 88,"5,333,100","1,313.21","4,061",Apr-26,ORCHARD BOULEVARD,Resale,Strata,122,"43,714",-,Apartment,1,Freehold,10,Core Central Region,21 to 25
PINEWOOD GARDENS,"3,080,000","1,248.62","2,467",Mar-26,BALMORAL PARK,Resale,Strata,116,"26,552",-,Condominium,1,Freehold,10,Core Central Region,01 to 05
DUCHESS CREST,"2,670,000","1,345.5","1,984",Mar-26,DUCHESS AVENUE,Resale,Strata,125,"21,360",-,Condominium,1,99 yrs lease commencing from 1995,10,Core Central Region,01 to 05
RV SUITES,"1,090,888",538.2,"2,027",Mar-26,RIVER VALLEY ROAD,Resale,Strata,50,"21,818",-,Apartment,1,Freehold,10,Core Central Region,06 to 10
DUCHESS CREST,"2,620,000","1,345.5","1,947",Mar-26,DUCHESS AVENUE,Resale,Strata,125,"20,960",-,Condominium,1,99 yrs lease commencing from 1995,10,Core Central Region,01 to 05
THE GRANGE,"7,438,000","2,281.97","3,259",Mar-26,GRANGE GARDEN,Resale,Strata,212,"35,085",-,Condominium,1,Freehold,10,Core Central Region,11 to 15
NASSIM JADE,"6,500,000","2,411.14","2,696",Mar-26,NASSIM ROAD,Resale,Strata,224,"29,018",-,Condominium,1,Freehold,10,Core Central Region,01 to 05
ARDMORE THREE,"6,050,000","1,786.82","3,386",Mar-26,ARDMORE PARK,Resale,Strata,166,"36,446",-,Condominium,1,Freehold,10,Core Central Region,31 to 35
THE ENCLAVE . HOLLAND,"1,620,000",796.54,"2,034",Mar-26,HOLLAND ROAD,Resale,Strata,74,"21,892",-,Apartment,1,Freehold,10,Core Central Region,01 to 05
CLIVEDEN AT GRANGE,"7,200,000","2,841.7","2,534",Mar-26,GRANGE ROAD,Resale,Strata,264,"27,273",-,Condominium,1,Freehold,10,Core Central Region,16 to 20
GOODWOOD RESIDENCE,"8,600,000","2,927.81","2,937",Mar-26,BUKIT TIMAH ROAD,Resale,Strata,272,"31,618",-,Condominium,1,Freehold,10,Core Central Region,06 to 10
D'LEEDON,"2,590,000","1,216.33","2,129",Mar-26,LEEDON HEIGHTS,Resale,Strata,113,"22,920",-,Condominium,1,99 yrs lease commencing from 2010,10,Core Central Region,26 to 30
JERVOIS MANSION,"4,309,200","1,539.25","2,800",Mar-26,JERVOIS CLOSE,Sub Sale,Strata,143,"30,134",-,Apartment,1,Freehold,10,Core Central Region,01 to 05
19 NASSIM,"1,848,000",538.2,"3,434",Mar-26,NASSIM HILL,Resale,Strata,50,"36,960",-,Apartment,1,99 yrs lease commencing from 2019,10,Core Central Region,01 to 05
BALMORAL HEIGHTS,"2,910,000","1,162.51","2,503",Mar-26,BALMORAL CRESCENT,Resale,Strata,108,"26,944",-,Apartment,1,Freehold,10,Core Central Region,06 to 10
D'LEEDON,"1,268,000",635.08,"1,997",Mar-26,LEEDON HEIGHTS,Resale,Strata,59,"21,492",-,Condominium,1,99 yrs lease commencing from 2010,10,Core Central Region,16 to 20
THE DRAYCOTT,"6,593,000","2,637.18","2,500",Mar-26,DRAYCOTT PARK,Resale,Strata,245,"26,910",-,Apartment,1,Freehold,10,Core Central Region,21 to 25
VIZ AT HOLLAND,"1,850,000","1,130.22","1,637",Mar-26,QUEENSWAY,Resale,Strata,105,"17,619",-,Condominium,1,Freehold,10,Core Central Region,01 to 05
THE TESSARINA,"3,120,000","1,356.26","2,300",Mar-26,WILBY ROAD,Resale,Strata,126,"24,762",-,Condominium,1,Freehold,10,Core Central Region,01 to 05
HOLLAND COURT,"3,800,000","1,948.28","1,950",Mar-26,HOLLAND ROAD,Resale,Strata,181,"20,994",-,Apartment,1,Freehold,10,Core Central Region,06 to 10
KELLOCK LODGE,"1,800,000",893.41,"2,015",Mar-26,KELLOCK ROAD,Resale,Strata,83,"21,687",-,Apartment,1,Freehold,10,Core Central Region,06 to 10
THE GIVERNY RESIDENCES,"9,820,800","2,755.58","3,564",Mar-26,ROBIN DRIVE,New Sale,Strata,256,"38,363",-,Apartment,1,Freehold,10,Core Central Region,01 to 05
THREE BALMORAL,"3,500,000","1,539.25","2,274",Mar-26,BALMORAL ROAD,Resale,Strata,143,"24,476",-,Apartment,1,Freehold,10,Core Central Region,01 to 05
DUCHESS CREST,"3,728,006","2,088.22","1,785",Mar-26,DUCHESS AVENUE,Resale,Strata,194,"19,217",-,Condominium,1,99 yrs lease commencing from 1995,10,Core Central Region,01 to 05
BISHOPSGATE RESIDENCES,"15,000,000","4,606.99","3,256",Mar-26,BISHOPSGATE,Resale,Strata,428,"35,047",-,Condominium,1,Freehold,10,Core Central Region,01 to 05
PARVIS,"5,450,000","2,303.5","2,366",Mar-26,HOLLAND HILL,Resale,Strata,214,"25,467",-,Condominium,1,Freehold,10,Core Central Region,11 to 15
JUNIPER HILL,"4,760,000","1,819.12","2,617",Mar-26,EWE BOON ROAD,Resale,Strata,169,"28,166",-,Apartment,1,Freehold,10,Core Central Region,11 to 15
REGENCY PARK,"5,150,000","2,249.68","2,289",Mar-26,NATHAN ROAD,Resale,Strata,209,"24,641",-,Condominium,1,Freehold,10,Core Central Region,01 to 05
LEEDON RESIDENCE,"6,098,000","2,109.74","2,890",Mar-26,LEEDON HEIGHTS,Resale,Strata,196,"31,112",-,Condominium,1,Freehold,10,Core Central Region,06 to 10
LE NOUVEL ARDMORE,"19,500,000","3,842.75","5,074",Mar-26,ARDMORE PARK,Resale,Strata,357,"54,622",-,Condominium,1,Freehold,10,Core Central Region,06 to 10
UPPERHOUSE AT ORCHARD BOULEVARD,"7,911,000","2,055.92","3,848",Mar-26,ORCHARD BOULEVARD,New Sale,Strata,191,"41,419",-,Apartment,1,99 yrs lease commencing from 2024,10,Core Central Region,31 to 35
HOLLAND RESIDENCES,"1,375,000",602.78,"2,281",Mar-26,TAMAN WARNA,Resale,Strata,56,"24,554",-,Condominium,1,Freehold,10,Core Central Region,01 to 05
SKYE AT HOLLAND,"5,924,000","1,765.3","3,356",Mar-26,HOLLAND VILLAGE WAY,New Sale,Strata,164,"36,122",-,Apartment,1,99 yrs lease commencing from 2024,10,Core Central Region,36 to 40
NATHAN SUITES,"4,000,000","1,786.82","2,239",Mar-26,NATHAN ROAD,Resale,Strata,166,"24,096",-,Condominium,1,Freehold,10,Core Central Region,11 to 15
PERFECT TEN,"2,440,000",764.24,"3,193",Mar-26,BUKIT TIMAH ROAD,Sub Sale,Strata,71,"34,366",-,Apartment,1,Freehold,10,Core Central Region,11 to 15
ORION,"3,500,000","1,506.96","2,323",Mar-26,ORANGE GROVE ROAD,Resale,Strata,140,"25,000",-,Apartment,1,Freehold,10,Core Central Region,06 to 10
FIFTH AVENUE CONDOMINIUM,"3,000,000","1,345.5","2,230",Mar-26,FIFTH AVENUE,Resale,Strata,125,"24,000",-,Condominium,1,Freehold,10,Core Central Region,01 to 05
RIDGEWOOD,"2,675,000","1,399.32","1,912",Mar-26,RIDGEWOOD CLOSE,Resale,Strata,130,"20,577",-,Condominium,1,999 yrs lease commencing from 1885,10,Core Central Region,01 to 05
SPRING GROVE,"2,390,000","1,388.56","1,721",Mar-26,GRANGE ROAD,Resale,Strata,129,"18,527",-,Condominium,1,99 yrs lease commencing from 1991,10,Core Central Region,06 to 10
CASA JERVOIS,"3,528,888","1,593.07","2,215",Mar-26,JERVOIS ROAD,Resale,Strata,148,"23,844",-,Apartment,1,Freehold,10,Core Central Region,01 to 05
MON JERVOIS,"970,000",613.55,"1,581",Mar-26,JERVOIS ROAD,Resale,Strata,57,"17,018",-,Condominium,1,99 yrs lease commencing from 2012,10,Core Central Region,01 to 05
URBAN EDGE @ HOLLAND V,"4,100,000","2,325.02","1,763",Mar-26,FORD AVENUE,Resale,Strata,216,"18,981",-,Apartment,1,Freehold,10,Core Central Region,01 to 05
ONE JERVOIS,"3,980,000","1,700.71","2,340",Mar-26,JERVOIS CLOSE,Resale,Strata,158,"25,190",-,Condominium,1,Freehold,10,Core Central Region,06 to 10
ST REGIS RESIDENCES SINGAPORE,"5,500,000","2,152.8","2,555",Mar-26,TANGLIN ROAD,Resale,Strata,200,"27,500",-,Apartment,1,999 yrs lease commencing from 1995,10,Core Central Region,06 to 10
BOULEVARD 88,"10,500,000","2,798.64","3,752",Mar-26,ORCHARD BOULEVARD,Resale,Strata,260,"40,385",-,Apartment,1,Freehold,10,Core Central Region,16 to 20
ONE TREE HILL RESIDENCE,"2,560,000","1,001.05","2,557",Mar-26,ONE TREE HILL,Resale,Strata,93,"27,527",-,Apartment,1,Freehold,10,Core Central Region,01 to 05
DUCHESS CREST,"1,850,000",936.47,"1,976",Mar-26,DUCHESS AVENUE,Resale,Strata,87,"21,264",-,Condominium,1,99 yrs lease commencing from 1995,10,Core Central Region,01 to 05
BALMORAL HEIGHTS,"2,830,000","1,162.51","2,434",Mar-26,BALMORAL CRESCENT,Resale,Strata,108,"26,204",-,Apartment,1,Freehold,10,Core Central Region,06 to 10
THE HERMITAGE,"1,900,000",850.36,"2,234",Mar-26,SARKIES ROAD,Resale,Strata,79,"24,051",-,Apartment,1,Freehold,10,Core Central Region,01 to 05
DORMER PARK,"3,510,000","1,668.42","2,104",Mar-26,JERVOIS ROAD,Resale,Strata,155,"22,645",-,Condominium,1,Freehold,10,Core Central Region,01 to 05
PALM SPRING,"4,230,000","1,883.7","2,246",Mar-26,EWE BOON ROAD,Resale,Strata,175,"24,171",-,Condominium,1,Freehold,10,Core Central Region,01 to 05
D'LEEDON,"1,960,000","1,033.34","1,897",Mar-26,LEEDON HEIGHTS,Resale,Strata,96,"20,417",-,Condominium,1,99 yrs lease commencing from 2010,10,Core Central Region,11 to 15
LUSH ON HOLLAND HILL,"3,300,000","1,506.96","2,190",Mar-26,HOLLAND HILL,Resale,Strata,140,"23,571",-,Condominium,1,Freehold,10,Core Central Region,06 to 10
DUCHESS CREST,"3,500,000","1,733","2,020",Mar-26,DUCHESS AVENUE,Resale,Strata,161,"21,739",-,Condominium,1,99 yrs lease commencing from 1995,10,Core Central Region,01 to 05
DRAYCOTT EIGHT,"3,000,000","1,797.59","1,669",Mar-26,DRAYCOTT PARK,Resale,Strata,167,"17,964",-,Condominium,1,99 yrs lease commencing from 1997,10,Core Central Region,06 to 10
VALLEY PARK,"2,500,000","1,216.33","2,055",Mar-26,RIVER VALLEY ROAD,Resale,Strata,113,"22,124",-,Condominium,1,999 yrs lease commencing from 1877,10,Core Central Region,06 to 10
GRANGE RESIDENCES,"10,200,000","2,852.46","3,576",Mar-26,GRANGE ROAD,Resale,Strata,265,"38,491",-,Condominium,1,Freehold,10,Core Central Region,11 to 15
REGENCY PARK,"5,330,000","2,260.44","2,358",Mar-26,NATHAN ROAD,Resale,Strata,210,"25,381",-,Condominium,1,Freehold,10,Core Central Region,01 to 05
GRANGE 1866,"1,783,000",527.44,"3,381",Mar-26,GRANGE ROAD,New Sale,Strata,49,"36,388",-,Apartment,1,Freehold,10,Core Central Region,11 to 15
HOLLAND SUITES,"2,100,800","1,044.11","2,012",Mar-26,HOLLAND ROAD,Resale,Strata,97,"21,658",-,Apartment,1,Freehold,10,Core Central Region,01 to 05
SKYE AT HOLLAND,"2,676,000",914.94,"2,925",Mar-26,HOLLAND VILLAGE WAY,New Sale,Strata,85,"31,482",-,Apartment,1,99 yrs lease commencing from 2024,10,Core Central Region,06 to 10
TANGLIN PARK,"4,850,000","1,980.58","2,449",Mar-26,RIDLEY PARK,Resale,Strata,184,"26,359",-,Condominium,1,Freehold,10,Core Central Region,06 to 10
BOULEVARD 88,"5,425,320","1,313.21","4,131",Mar-26,ORCHARD BOULEVARD,Resale,Strata,122,"44,470",-,Apartment,1,Freehold,10,Core Central Region,16 to 20
UPPERHOUSE AT ORCHARD BOULEVARD,"2,457,000",699.66,"3,512",Mar-26,ORCHARD BOULEVARD,New Sale,Strata,65,"37,800",-,Apartment,1,99 yrs lease commencing from 2024,10,Core Central Region,26 to 30
RESIDENTIAL APARTMENTS,"3,800,000","1,797.59","2,114",Mar-26,BALMORAL PARK,Resale,Strata,167,"22,754",-,Apartment,1,Freehold,10,Core Central Region,01 to 05
ST REGIS RESIDENCES SINGAPORE,"6,485,000","2,594.12","2,500",Mar-26,TANGLIN ROAD,Resale,Strata,241,"26,909",-,Apartment,1,999 yrs lease commencing from 1995,10,Core Central Region,01 to 05
PARKSUITES,"2,043,270",785.77,"2,600",Mar-26,HOLLAND GROVE ROAD,Resale,Strata,73,"27,990",-,Apartment,1,110 yrs lease commencing from 2017,10,Core Central Region,01 to 05
D'LEEDON,"3,200,000","1,420.85","2,252",Mar-26,LEEDON HEIGHTS,Resale,Strata,132,"24,242",-,Condominium,1,99 yrs lease commencing from 2010,10,Core Central Region,31 to 35
UPPERHOUSE AT ORCHARD BOULEVARD,"7,826,000","2,055.92","3,807",Mar-26,ORCHARD BOULEVARD,New Sale,Strata,191,"40,974",-,Apartment,1,99 yrs lease commencing from 2024,10,Core Central Region,26 to 30
CYAN,"1,580,000",678.13,"2,330",Mar-26,KENG CHIN ROAD,Resale,Strata,63,"25,079",-,Condominium,1,Freehold,10,Core Central Region,06 to 10
D'LEEDON,"2,480,000","1,216.33","2,039",Mar-26,LEEDON HEIGHTS,Resale,Strata,113,"21,947",-,Condominium,1,99 yrs lease commencing from 2010,10,Core Central Region,06 to 10
LIBERTE,"2,100,000","1,323.97","1,586",Mar-26,SARKIES ROAD,Resale,Strata,123,"17,073",-,Apartment,1,Freehold,10,Core Central Region,11 to 15
THE DRAYCOTT,"6,145,000","2,637.18","2,330",Mar-26,DRAYCOTT PARK,Resale,Strata,245,"25,082",-,Apartment,1,Freehold,10,Core Central Region,06 to 10
THE LEVELZ,"2,280,000",979.52,"2,328",Mar-26,FARRER ROAD,Resale,Strata,91,"25,055",-,Condominium,1,Freehold,10,Core Central Region,01 to 05
D'LEEDON,"3,888,888","1,743.77","2,230",Mar-26,LEEDON HEIGHTS,Resale,Strata,162,"24,005",-,Condominium,1,99 yrs lease commencing from 2010,10,Core Central Region,21 to 25
SKYE AT HOLLAND,"5,713,000","1,765.3","3,236",Feb-26,HOLLAND VILLAGE WAY,New Sale,Strata,164,"34,835",-,Apartment,1,99 yrs lease commencing from 2024,10,Core Central Region,26 to 30
BISHOPSGATE RESIDENCES,"8,800,000","2,895.52","3,039",Feb-26,BISHOPSGATE,Resale,Strata,269,"32,714",-,Condominium,1,Freehold,10,Core Central Region,01 to 05
DORMER PARK,"2,650,000","1,237.86","2,141",Feb-26,JERVOIS ROAD,Resale,Strata,115,"23,043",-,Condominium,1,Freehold,10,Core Central Region,01 to 05
PINEWOOD GARDENS,"3,980,000","1,948.28","2,043",Feb-26,BALMORAL PARK,Resale,Strata,181,"21,989",-,Condominium,1,Freehold,10,Core Central Region,01 to 05
SCULPTURA ARDMORE,"12,988,000","2,841.7","4,571",Feb-26,ARDMORE PARK,Resale,Strata,264,"49,197",-,Condominium,1,Freehold,10,Core Central Region,06 to 10
NASSIM JADE,"6,925,000","3,003.16","2,306",Feb-26,NASSIM ROAD,Resale,Strata,279,"24,821",-,Condominium,1,Freehold,10,Core Central Region,01 to 05
19 NASSIM,"1,855,000",538.2,"3,447",Feb-26,NASSIM HILL,Resale,Strata,50,"37,100",-,Apartment,1,99 yrs lease commencing from 2019,10,Core Central Region,01 to 05
FOURTH AVENUE RESIDENCES,"3,050,000","1,119.46","2,725",Feb-26,FOURTH AVENUE,Resale,Strata,104,"29,327",-,Apartment,1,99 yrs lease commencing from 2018,10,Core Central Region,06 to 10
PARC STEVENS,"4,275,000","1,722.24","2,482",Feb-26,STEVENS DRIVE,Resale,Strata,160,"26,719",-,Condominium,1,Freehold,10,Core Central Region,01 to 05
PINEWOOD GARDENS,"3,700,000","1,646.89","2,247",Feb-26,BALMORAL PARK,Resale,Strata,153,"24,183",-,Condominium,1,Freehold,10,Core Central Region,01 to 05
SOMMERVILLE PARK,"3,100,000","1,302.44","2,380",Feb-26,FARRER DRIVE,Resale,Strata,121,"25,620",-,Condominium,1,Freehold,10,Core Central Region,01 to 05
SEVEN HOLT ROAD,"3,600,000","1,829.88","1,967",Feb-26,HOLT ROAD,Resale,Strata,170,"21,176",-,Apartment,1,Freehold,10,Core Central Region,11 to 15
SPRING GROVE,"3,080,000","2,109.74","1,460",Feb-26,GRANGE ROAD,Resale,Strata,196,"15,714",-,Condominium,1,99 yrs lease commencing from 1991,10,Core Central Region,01 to 05
SIXTH AVENUE CENTRE,"1,808,000","1,205.57","1,500",Feb-26,BUKIT TIMAH ROAD,Resale,Strata,112,"16,143",-,Apartment,1,Freehold,10,Core Central Region,01 to 05
BOULEVARD 88,"7,425,000","1,776.06","4,181",Feb-26,ORCHARD BOULEVARD,Resale,Strata,165,"45,000",-,Apartment,1,Freehold,10,Core Central Region,21 to 25
THE EQUATORIAL,"5,680,000","3,455.24","1,644",Feb-26,STEVENS ROAD,Resale,Strata,321,"17,695",-,Condominium,1,Freehold,10,Core Central Region,11 to 15
ARDMORE THREE,"6,280,000","1,743.77","3,601",Feb-26,ARDMORE PARK,Resale,Strata,162,"38,765",-,Condominium,1,Freehold,10,Core Central Region,31 to 35
SHEARES VILLE,"3,720,000","1,528.49","2,434",Feb-26,HOLT ROAD,Resale,Strata,142,"26,197",-,Apartment,1,Freehold,10,Core Central Region,11 to 15
NATHAN SUITES,"4,580,000","2,066.69","2,216",Feb-26,NATHAN ROAD,Resale,Strata,192,"23,854",-,Condominium,1,Freehold,10,Core Central Region,21 to 25
PARKVIEW ECLAT,"10,728,300","3,250.73","3,300",Feb-26,GRANGE ROAD,Resale,Strata,302,"35,524",-,Condominium,1,Freehold,10,Core Central Region,11 to 15
LEEDON RESIDENCE,"2,800,000","1,044.11","2,682",Feb-26,LEEDON HEIGHTS,Resale,Strata,97,"28,866",-,Condominium,1,Freehold,10,Core Central Region,01 to 05
PARK NOVA,"15,000,000","2,906.28","5,161",Feb-26,TOMLINSON ROAD,New Sale,Strata,270,"55,556",-,Apartment,1,Freehold,10,Core Central Region,01 to 05
UPPERHOUSE AT ORCHARD BOULEVARD,"2,487,000",699.66,"3,555",Feb-26,ORCHARD BOULEVARD,New Sale,Strata,65,"38,262",-,Apartment,1,99 yrs lease commencing from 2024,10,Core Central Region,26 to 30
THE TESSARINA,"3,433,000","1,700.71","2,019",Feb-26,WILBY ROAD,Resale,Strata,158,"21,728",-,Condominium,1,Freehold,10,Core Central Region,01 to 05
THE CORNWALL,"3,250,000","1,657.66","1,961",Feb-26,CORNWALL GARDENS,Resale,Strata,154,"21,104",-,Condominium,1,Freehold,10,Core Central Region,01 to 05
ONE JERVOIS,"2,238,000",990.29,"2,260",Feb-26,JERVOIS CLOSE,Resale,Strata,92,"24,326",-,Condominium,1,Freehold,10,Core Central Region,01 to 05
ST MARTIN RESIDENCE,"4,050,000","1,743.77","2,323",Feb-26,ST. MARTIN'S DRIVE,Resale,Strata,162,"25,000",-,Condominium,1,Freehold,10,Core Central Region,01 to 05
VIZ AT HOLLAND,"928,000",495.14,"1,874",Feb-26,QUEENSWAY,Resale,Strata,46,"20,174",-,Condominium,1,Freehold,10,Core Central Region,01 to 05
MILL POINT,"2,230,000",914.94,"2,437",Feb-26,ZION CLOSE,Resale,Strata,85,"26,235",-,Apartment,1,999 yrs lease commencing from 1877,10,Core Central Region,16 to 20
MILL POINT,"2,600,000","1,323.97","1,964",Feb-26,ZION CLOSE,Resale,Strata,123,"21,138",-,Apartment,1,999 yrs lease commencing from 1877,10,Core Central Region,16 to 20
LUTHERAN TOWERS,"2,188,000","1,915.99","1,142",Feb-26,TAN KIM CHENG ROAD,Resale,Strata,178,"12,292",-,Apartment,1,103 yrs lease commencing from 1974,10,Core Central Region,01 to 05
SHANGHAI ONE,"2,139,000","1,065.64","2,007",Feb-26,SHANGHAI ROAD,Resale,Strata,99,"21,606",-,Apartment,1,Freehold,10,Core Central Region,01 to 05
LUSH ON HOLLAND HILL,"2,580,000","1,280.92","2,014",Feb-26,HOLLAND HILL,Resale,Strata,119,"21,681",-,Condominium,1,Freehold,10,Core Central Region,06 to 10
LEEDON RESIDENCE,"14,000,000","4,703.87","2,976",Feb-26,LEEDON HEIGHTS,Resale,Strata,437,"32,037",-,Condominium,1,Freehold,10,Core Central Region,01 to 05
JUNIPER HILL,"2,850,000",914.94,"3,115",Feb-26,EWE BOON ROAD,Resale,Strata,85,"33,529",-,Apartment,1,Freehold,10,Core Central Region,06 to 10
LEEDON GREEN,"3,568,000","1,044.11","3,417",Feb-26,LEEDON HEIGHTS,Resale,Strata,97,"36,784",-,Condominium,1,Freehold,10,Core Central Region,06 to 10
SPRING GROVE,"2,400,000","1,388.56","1,728",Feb-26,GRANGE ROAD,Resale,Strata,129,"18,605",-,Condominium,1,99 yrs lease commencing from 1991,10,Core Central Region,01 to 05
DRAYCOTT EIGHT,"2,700,000","1,173.28","2,301",Feb-26,DRAYCOTT PARK,Resale,Strata,109,"24,771",-,Condominium,1,99 yrs lease commencing from 1997,10,Core Central Region,01 to 05
UPPERHOUSE AT ORCHARD BOULEVARD,"2,519,000",699.66,"3,600",Feb-26,ORCHARD BOULEVARD,New Sale,Strata,65,"38,754",-,Apartment,1,99 yrs lease commencing from 2024,10,Core Central Region,31 to 35
PERFECT TEN,"4,200,000","1,280.92","3,279",Feb-26,BUKIT TIMAH ROAD,Sub Sale,Strata,119,"35,294",-,Apartment,1,Freehold,10,Core Central Region,06 to 10
D'LEEDON,"2,120,000","1,033.34","2,052",Feb-26,LEEDON HEIGHTS,Resale,Strata,96,"22,083",-,Condominium,1,99 yrs lease commencing from 2010,10,Core Central Region,06 to 10
UPPERHOUSE AT ORCHARD BOULEVARD,"2,508,000",699.66,"3,585",Feb-26,ORCHARD BOULEVARD,New Sale,Strata,65,"38,585",-,Apartment,1,99 yrs lease commencing from 2024,10,Core Central Region,26 to 30
SKYE AT HOLLAND,"4,063,000","1,237.86","3,282",Feb-26,HOLLAND VILLAGE WAY,New Sale,Strata,115,"35,330",-,Apartment,1,99 yrs lease commencing from 2024,10,Core Central Region,36 to 40
THE HORIZON,"3,750,000","1,560.78","2,403",Feb-26,HOLT ROAD,Resale,Strata,145,"25,862",-,Condominium,1,Freehold,10,Core Central Region,06 to 10
LEEDON RESIDENCE,"5,924,000","2,109.74","2,808",Feb-26,LEEDON HEIGHTS,Resale,Strata,196,"30,224",-,Condominium,1,Freehold,10,Core Central Region,01 to 05
LEEDON RESIDENCE,"16,300,000","6,124.72","2,661",Feb-26,LEEDON HEIGHTS,Resale,Strata,569,"28,647",-,Condominium,1,Freehold,10,Core Central Region,11 to 15
SPANISH VILLAGE,"3,500,000","1,593.07","2,197",Feb-26,FARRER ROAD,Resale,Strata,148,"23,649",-,Condominium,1,Freehold,10,Core Central Region,01 to 05
MONTVIEW,"3,534,000","1,700.71","2,078",Feb-26,MOUNT SINAI DRIVE,Resale,Strata,158,"22,367",-,Condominium,1,Freehold,10,Core Central Region,01 to 05
KELLOCK LODGE,"2,380,000","1,205.57","1,974",Feb-26,KELLOCK ROAD,Resale,Strata,112,"21,250",-,Apartment,1,Freehold,10,Core Central Region,01 to 05
HYLL ON HOLLAND,"2,080,000",721.19,"2,884",Feb-26,HOLLAND ROAD,Sub Sale,Strata,67,"31,045",-,Condominium,1,Freehold,10,Core Central Region,06 to 10
VALLEY PARK,"1,648,888",796.54,"2,070",Feb-26,RIVER VALLEY ROAD,Resale,Strata,74,"22,282",-,Condominium,1,999 yrs lease commencing from 1877,10,Core Central Region,01 to 05
SPRING GROVE,"1,996,000","1,011.82","1,973",Feb-26,GRANGE ROAD,Resale,Strata,94,"21,234",-,Condominium,1,99 yrs lease commencing from 1991,10,Core Central Region,16 to 20
THE TOMLINSON,"6,300,000","2,346.55","2,685",Feb-26,CUSCADEN ROAD,Resale,Strata,218,"28,899",-,Apartment,1,Freehold,10,Core Central Region,11 to 15
BALMORAL PLAZA,"4,000,000","2,378.84","1,681",Feb-26,BUKIT TIMAH ROAD,Resale,Strata,221,"18,100",-,Apartment,1,Freehold,10,Core Central Region,01 to 05
STELLAR RV,"1,030,000",538.2,"1,914",Feb-26,RIVER VALLEY ROAD,Resale,Strata,50,"20,600",-,Apartment,1,Freehold,10,Core Central Region,01 to 05
CLUNY PARK RESIDENCE,"2,700,000","1,194.8","2,260",Feb-26,CLUNY PARK ROAD,Resale,Strata,111,"24,324",-,Condominium,1,Freehold,10,Core Central Region,01 to 05
THE FORD @ HOLLAND,"900,000",419.8,"2,144",Feb-26,FORD AVENUE,Resale,Strata,39,"23,077",-,Condominium,1,Freehold,10,Core Central Region,01 to 05
THE TRIZON,"4,200,000","2,066.69","2,032",Feb-26,RIDGEWOOD CLOSE,Resale,Strata,192,"21,875",-,Condominium,1,Freehold,10,Core Central Region,06 to 10
FOURTH AVENUE RESIDENCES,"1,380,000",645.84,"2,137",Feb-26,FOURTH AVENUE,Resale,Strata,60,"23,000",-,Apartment,1,99 yrs lease commencing from 2018,10,Core Central Region,01 to 05
D'LEEDON,"3,780,000","1,711.48","2,209",Feb-26,LEEDON HEIGHTS,Resale,Strata,159,"23,774",-,Condominium,1,99 yrs lease commencing from 2010,10,Core Central Region,16 to 20
D'LEEDON,"2,900,000","1,345.5","2,155",Feb-26,LEEDON HEIGHTS,Resale,Strata,125,"23,200",-,Condominium,1,99 yrs lease commencing from 2010,10,Core Central Region,16 to 20
PARVIS,"5,800,000","2,583.36","2,245",Feb-26,HOLLAND HILL,Resale,Strata,240,"24,167",-,Condominium,1,Freehold,10,Core Central Region,01 to 05
JUNIPER HILL,"2,562,000",914.94,"2,800",Feb-26,EWE BOON ROAD,Resale,Strata,85,"30,141",-,Apartment,1,Freehold,10,Core Central Region,01 to 05
GOODWOOD GRAND,"3,600,000","1,227.1","2,934",Feb-26,BALMORAL ROAD,Resale,Strata,114,"31,579",-,Apartment,1,Freehold,10,Core Central Region,01 to 05
THE DRAYCOTT,"3,400,000","1,603.84","2,120",Feb-26,DRAYCOTT PARK,Resale,Strata,149,"22,819",-,Apartment,1,Freehold,10,Core Central Region,01 to 05
GLENTREES,"4,000,000","1,991.34","2,009",Feb-26,MOUNT SINAI LANE,Resale,Strata,185,"21,622",-,Condominium,1,999 yrs lease commencing from 1885,10,Core Central Region,01 to 05
FIFTH AVENUE CONDOMINIUM,"3,100,000","1,345.5","2,304",Feb-26,FIFTH AVENUE,Resale,Strata,125,"24,800",-,Condominium,1,Freehold,10,Core Central Region,01 to 05
D' DALVEY,"2,800,000","1,313.21","2,132",Feb-26,DALVEY ESTATE,Resale,Strata,122,"22,951",-,Apartment,1,Freehold,10,Core Central Region,01 to 05
DUCHESS RESIDENCES,"5,500,000","3,056.98","1,799",Feb-26,DUCHESS AVENUE,Resale,Strata,284,"19,366",-,Condominium,1,999 yrs lease commencing from 1875,10,Core Central Region,01 to 05
BOTANIC GARDENS VIEW,"4,200,000","1,754.53","2,394",Feb-26,TAMAN SERASI,Resale,Strata,163,"25,767",-,Apartment,1,Freehold,10,Core Central Region,01 to 05
D'LEEDON,"2,878,000","1,280.92","2,247",Feb-26,LEEDON HEIGHTS,Resale,Strata,119,"24,185",-,Condominium,1,99 yrs lease commencing from 2010,10,Core Central Region,26 to 30
19 NASSIM,"1,959,000",538.2,"3,640",Feb-26,NASSIM HILL,Resale,Strata,50,"39,180",-,Apartment,1,99 yrs lease commencing from 2019,10,Core Central Region,06 to 10
UPPERHOUSE AT ORCHARD BOULEVARD,"7,034,000","2,055.92","3,421",Feb-26,ORCHARD BOULEVARD,New Sale,Strata,191,"36,827",-,Apartment,1,99 yrs lease commencing from 2024,10,Core Central Region,06 to 10
ONE DUCHESS,"2,180,000",882.65,"2,470",Feb-26,DUCHESS ROAD,Resale,Strata,82,"26,585",-,Apartment,1,999 yrs lease commencing from 1875,10,Core Central Region,01 to 05
CYAN,"2,720,000",979.52,"2,777",Feb-26,KENG CHIN ROAD,Resale,Strata,91,"29,890",-,Condominium,1,Freehold,10,Core Central Region,11 to 15
DUCHESS CREST,"3,390,000","1,711.48","1,981",Feb-26,DUCHESS AVENUE,Resale,Strata,159,"21,321",-,Condominium,1,99 yrs lease commencing from 1995,10,Core Central Region,01 to 05
JADE MANSION,"5,350,000","2,669.47","2,004",Feb-26,LEEDON ROAD,Resale,Strata,248,"21,573",-,Condominium,1,Freehold,10,Core Central Region,06 to 10
GOODWOOD RESIDENCE,"7,000,000","2,508.01","2,791",Feb-26,BUKIT TIMAH ROAD,Resale,Strata,233,"30,043",-,Condominium,1,Freehold,10,Core Central Region,06 to 10
MELROSE PARK,"4,882,800","1,700.71","2,871",Feb-26,KELLOCK ROAD,Resale,Strata,158,"30,904",-,Condominium,1,999 yrs lease commencing from 1877,10,Core Central Region,11 to 15
BOULEVARD 88,"7,061,000","1,776.06","3,976",Feb-26,ORCHARD BOULEVARD,Resale,Strata,165,"42,794",-,Apartment,1,Freehold,10,Core Central Region,11 to 15
ORCHARD BEL AIR,"4,800,000","3,250.73","1,477",Feb-26,ORCHARD BOULEVARD,Resale,Strata,302,"15,894",-,Condominium,1,99 yrs lease commencing from 1980,10,Core Central Region,06 to 10
THE TESSARINA,"2,400,000","1,033.34","2,323",Feb-26,WILBY ROAD,Resale,Strata,96,"25,000",-,Condominium,1,Freehold,10,Core Central Region,06 to 10
TREASURE ON BALMORAL,"5,050,000","2,002.1","2,522",Feb-26,BALMORAL ROAD,Resale,Strata,186,"27,151",-,Apartment,1,Freehold,10,Core Central Region,06 to 10
VALLEY PARK,"3,210,000","1,356.26","2,367",Feb-26,RIVER VALLEY ROAD,Resale,Strata,126,"25,476",-,Condominium,1,999 yrs lease commencing from 1877,10,Core Central Region,06 to 10
GOODWOOD RESIDENCE,"2,950,000","1,119.46","2,635",Feb-26,BUKIT TIMAH ROAD,Resale,Strata,104,"28,365",-,Condominium,1,Freehold,10,Core Central Region,01 to 05
THE CORNWALL,"1,300,000",656.6,"1,980",Feb-26,CORNWALL GARDENS,Resale,Strata,61,"21,311",-,Condominium,1,Freehold,10,Core Central Region,01 to 05
JERVOIS LODGE,"3,000,000","1,636.13","1,834",Feb-26,JERVOIS ROAD,Resale,Strata,152,"19,737",-,Condominium,1,Freehold,10,Core Central Region,01 to 05
NATHAN RESIDENCES,"1,780,000","1,237.86","1,438",Feb-26,NATHAN ROAD,Resale,Strata,115,"15,478",-,Apartment,1,Freehold,10,Core Central Region,11 to 15
GOODWOOD RESIDENCE,"7,980,000","2,927.81","2,726",Feb-26,BUKIT TIMAH ROAD,Resale,Strata,272,"29,338",-,Condominium,1,Freehold,10,Core Central Region,11 to 15
CLIVEDEN AT GRANGE,"4,900,000","2,152.8","2,276",Feb-26,GRANGE ROAD,Resale,Strata,200,"24,500",-,Condominium,1,Freehold,10,Core Central Region,06 to 10
PINEWOOD GARDENS,"3,568,000","1,614.6","2,210",Feb-26,BALMORAL PARK,Resale,Strata,150,"23,787",-,Condominium,1,Freehold,10,Core Central Region,01 to 05
UPPERHOUSE AT ORCHARD BOULEVARD,"2,339,000",699.66,"3,343",Feb-26,ORCHARD BOULEVARD,New Sale,Strata,65,"35,985",-,Apartment,1,99 yrs lease commencing from 2024,10,Core Central Region,16 to 20
THE TRESOR,"5,980,000","2,551.07","2,344",Feb-26,DUCHESS ROAD,Resale,Strata,237,"25,232",-,Condominium,1,999 yrs lease commencing from 1875,10,Core Central Region,01 to 05
STELLAR RV,"993,000",538.2,"1,845",Feb-26,RIVER VALLEY ROAD,Resale,Strata,50,"19,860",-,Apartment,1,Freehold,10,Core Central Region,01 to 05
THE DRAYCOTT,"5,600,000","2,637.18","2,123",Feb-26,DRAYCOTT PARK,Resale,Strata,245,"22,857",-,Apartment,1,Freehold,10,Core Central Region,11 to 15
ONE BALMORAL,"4,600,000","1,657.66","2,775",Feb-26,BALMORAL ROAD,Resale,Strata,154,"29,870",-,Condominium,1,Freehold,10,Core Central Region,11 to 15
GOODWOOD GARDENS,"4,200,000","1,776.06","2,365",Feb-26,BALMORAL CRESCENT,Resale,Strata,165,"25,455",-,Apartment,1,Freehold,10,Core Central Region,06 to 10
D'LEEDON,"4,375,000","2,077.45","2,106",Feb-26,LEEDON HEIGHTS,Resale,Strata,193,"22,668",-,Condominium,1,99 yrs lease commencing from 2010,10,Core Central Region,21 to 25
GLENTREES,"2,450,000","1,345.5","1,821",Jan-26,MOUNT SINAI LANE,Resale,Strata,125,"19,600",-,Condominium,1,999 yrs lease commencing from 1885,10,Core Central Region,01 to 05
UPPERHOUSE AT ORCHARD BOULEVARD,"2,450,000",699.66,"3,502",Jan-26,ORCHARD BOULEVARD,New Sale,Strata,65,"37,692",-,Apartment,1,99 yrs lease commencing from 2024,10,Core Central Region,26 to 30
SHANGHAI ONE,"1,750,000",882.65,"1,983",Jan-26,SHANGHAI ROAD,Resale,Strata,82,"21,341",-,Apartment,1,Freehold,10,Core Central Region,11 to 15
RV EDGE,"916,000",419.8,"2,182",Jan-26,SHANGHAI ROAD,Resale,Strata,39,"23,487",-,Apartment,1,Freehold,10,Core Central Region,06 to 10
THE DRAYCOTT,"5,950,000","2,637.18","2,256",Jan-26,DRAYCOTT PARK,Resale,Strata,245,"24,286",-,Apartment,1,Freehold,10,Core Central Region,06 to 10
19 NASSIM,"2,010,000",570.49,"3,523",Jan-26,NASSIM HILL,Resale,Strata,53,"37,925",-,Apartment,1,99 yrs lease commencing from 2019,10,Core Central Region,06 to 10
ST MARTIN RESIDENCE,"3,180,000","1,270.15","2,504",Jan-26,ST. MARTIN'S DRIVE,Resale,Strata,118,"26,949",-,Condominium,1,Freehold,10,Core Central Region,01 to 05
CYAN,"2,980,000","1,130.22","2,637",Jan-26,KENG CHIN ROAD,Resale,Strata,105,"28,381",-,Condominium,1,Freehold,10,Core Central Region,16 to 20
THE HERMITAGE,"1,808,000",775.01,"2,333",Jan-26,SARKIES ROAD,Resale,Strata,72,"25,111",-,Apartment,1,Freehold,10,Core Central Region,01 to 05
21 ANDERSON,"23,100,000","4,488.59","5,146",Jan-26,ANDERSON ROAD,New Sale,Strata,417,"55,396",-,Condominium,1,Freehold,10,Core Central Region,01 to 05
UPPERHOUSE AT ORCHARD BOULEVARD,"2,329,000",699.66,"3,329",Jan-26,ORCHARD BOULEVARD,New Sale,Strata,65,"35,831",-,Apartment,1,99 yrs lease commencing from 2024,10,Core Central Region,16 to 20
GOODWOOD RESIDENCE,"5,160,000","2,142.04","2,409",Jan-26,BUKIT TIMAH ROAD,Resale,Strata,199,"25,930",-,Condominium,1,Freehold,10,Core Central Region,01 to 05
CUSCADEN RESERVE,"6,000,000","1,872.94","3,204",Jan-26,CUSCADEN ROAD,Resale,Strata,174,"34,483",-,Condominium,2,99 yrs lease commencing from 2018,10,Core Central Region,01 to 05
NATHAN PLACE,"4,000,000","1,862.17","2,148",Jan-26,NATHAN ROAD,Resale,Strata,173,"23,121",-,Condominium,1,Freehold,10,Core Central Region,01 to 05
THE ASTON,"1,200,000",645.84,"1,858",Jan-26,KAY POH ROAD,Resale,Strata,60,"20,000",-,Apartment,1,Freehold,10,Core Central Region,01 to 05
ONE BALMORAL,"2,450,000",968.76,"2,529",Jan-26,BALMORAL ROAD,Resale,Strata,90,"27,222",-,Condominium,1,Freehold,10,Core Central Region,06 to 10
MOOI RESIDENCES,"1,500,000",592.02,"2,534",Jan-26,HOLLAND ROAD,Sub Sale,Strata,55,"27,273",-,Apartment,1,Freehold,10,Core Central Region,01 to 05
D'LEEDON,"1,288,000",635.08,"2,028",Jan-26,LEEDON HEIGHTS,Resale,Strata,59,"21,831",-,Condominium,1,99 yrs lease commencing from 2010,10,Core Central Region,31 to 35
CUSCADEN RESERVE,"3,042,000",936.47,"3,248",Jan-26,CUSCADEN ROAD,Resale,Strata,87,"34,966",-,Condominium,1,99 yrs lease commencing from 2018,10,Core Central Region,21 to 25
120 GRANGE,"1,610,000",570.49,"2,822",Jan-26,GRANGE ROAD,Resale,Strata,53,"30,377",-,Apartment,1,Freehold,10,Core Central Region,11 to 15
VILLAGE TOWER,"3,800,000","1,829.88","2,077",Jan-26,MOUNT SINAI RISE,Resale,Strata,170,"22,353",-,Condominium,1,Freehold,10,Core Central Region,06 to 10
LEEDON RESIDENCE,"7,520,000","2,658.71","2,828",Jan-26,LEEDON HEIGHTS,Resale,Strata,247,"30,445",-,Condominium,1,Freehold,10,Core Central Region,01 to 05
THE HOLLAND COLLECTION,"4,480,000","1,840.64","2,434",Jan-26,HOLLAND ROAD,Resale,Strata,171,"26,199",-,Apartment,1,Freehold,10,Core Central Region,01 to 05
D'LEEDON,"2,900,000","1,356.26","2,138",Jan-26,LEEDON HEIGHTS,Resale,Strata,126,"23,016",-,Condominium,1,99 yrs lease commencing from 2010,10,Core Central Region,26 to 30
LUTHERAN TOWERS,"2,350,000","1,915.99","1,227",Jan-26,TAN KIM CHENG ROAD,Resale,Strata,178,"13,202",-,Apartment,1,103 yrs lease commencing from 1974,10,Core Central Region,06 to 10
QUINTERRA,"2,240,000","1,388.56","1,613",Jan-26,HOLLAND ROAD,Resale,Strata,129,"17,364",-,Apartment,1,99 yrs lease commencing from 2006,10,Core Central Region,06 to 10
SOMMERVILLE GRANDEUR,"4,128,000","1,829.88","2,256",Jan-26,FARRER DRIVE,Resale,Strata,170,"24,282",-,Condominium,1,Freehold,10,Core Central Region,01 to 05
LEEDON 2,"2,500,000","1,108.69","2,255",Jan-26,LEEDON ROAD,Resale,Strata,103,"24,272",-,Condominium,1,Freehold,10,Core Central Region,11 to 15
THE MONTANA,"1,110,000",559.73,"1,983",Jan-26,JALAN MUTIARA,Resale,Strata,52,"21,346",-,Apartment,1,Freehold,10,Core Central Region,06 to 10
THE HYDE,"1,950,000",678.13,"2,876",Jan-26,BALMORAL ROAD,Resale,Strata,63,"30,952",-,Condominium,1,Freehold,10,Core Central Region,01 to 05
CYAN,"4,200,000","1,474.67","2,848",Jan-26,KENG CHIN ROAD,Resale,Strata,137,"30,657",-,Condominium,1,Freehold,10,Core Central Region,06 to 10
THE ARC AT DRAYCOTT,"4,000,000","1,431.61","2,794",Jan-26,DRAYCOTT DRIVE,Resale,Strata,133,"30,075",-,Apartment,1,Freehold,10,Core Central Region,31 to 35
SUI GENERIS,"4,150,009","1,571.54","2,641",Jan-26,BALMORAL CRESCENT,Resale,Strata,146,"28,425",-,Condominium,1,Freehold,10,Core Central Region,06 to 10
D'LEEDON,"1,380,000",721.19,"1,914",Jan-26,LEEDON HEIGHTS,Resale,Strata,67,"20,597",-,Condominium,1,99 yrs lease commencing from 2010,10,Core Central Region,06 to 10
LUTHERAN TOWERS,"2,168,000","1,915.99","1,132",Jan-26,TAN KIM CHENG ROAD,Resale,Strata,178,"12,180",-,Apartment,1,103 yrs lease commencing from 1974,10,Core Central Region,06 to 10
MON JERVOIS,"1,780,000",893.41,"1,992",Jan-26,JERVOIS ROAD,Resale,Strata,83,"21,446",-,Condominium,1,99 yrs lease commencing from 2012,10,Core Central Region,01 to 05
DRAYCOTT EIGHT,"2,780,000","1,173.28","2,369",Jan-26,DRAYCOTT PARK,Resale,Strata,109,"25,505",-,Condominium,1,99 yrs lease commencing from 1997,10,Core Central Region,06 to 10
LEEDON RESIDENCE,"7,590,000","2,647.94","2,866",Jan-26,LEEDON HEIGHTS,Resale,Strata,246,"30,854",-,Condominium,1,Freehold,10,Core Central Region,06 to 10
RESIDENTIAL APARTMENTS,"3,500,000","1,442.38","2,427",Jan-26,DRAYCOTT DRIVE,Resale,Strata,134,"26,119",-,Apartment,1,Freehold,10,Core Central Region,06 to 10
GLENTREES,"3,745,000","1,711.48","2,188",Jan-26,MOUNT SINAI LANE,Resale,Strata,159,"23,553",-,Condominium,1,999 yrs lease commencing from 1885,10,Core Central Region,01 to 05
SKYE AT HOLLAND,"5,943,000","1,765.3","3,367",Jan-26,HOLLAND VILLAGE WAY,New Sale,Strata,164,"36,238",-,Apartment,1,99 yrs lease commencing from 2024,10,Core Central Region,36 to 40
DRAYCOTT EIGHT,"2,600,000","1,173.28","2,216",Jan-26,DRAYCOTT PARK,Resale,Strata,109,"23,853",-,Condominium,1,99 yrs lease commencing from 1997,10,Core Central Region,01 to 05
THE DRAYCOTT,"5,400,000","2,637.18","2,048",Jan-26,DRAYCOTT PARK,Resale,Strata,245,"22,041",-,Apartment,1,Freehold,10,Core Central Region,06 to 10
D'LEEDON,"1,270,000",635.08,"2,000",Jan-26,LEEDON HEIGHTS,Resale,Strata,59,"21,525",-,Condominium,1,99 yrs lease commencing from 2010,10,Core Central Region,26 to 30
ONE HOLLAND VILLAGE RESIDENCES,"5,058,000","1,614.6","3,133",Jan-26,HOLLAND VILLAGE WAY,Sub Sale,Strata,150,"33,720",-,Apartment,1,99 yrs lease commencing from 2018,10,Core Central Region,21 to 25
SOMMERVILLE PARK,"1,365,000",624.31,"2,186",Jan-26,FARRER DRIVE,Resale,Strata,58,"23,534",-,Condominium,1,Freehold,10,Core Central Region,06 to 10
GLENTREES,"3,750,000","1,711.48","2,191",Jan-26,MOUNT SINAI LANE,Resale,Strata,159,"23,585",-,Condominium,1,999 yrs lease commencing from 1885,10,Core Central Region,01 to 05
UPPERHOUSE AT ORCHARD BOULEVARD,"2,432,000",699.66,"3,476",Jan-26,ORCHARD BOULEVARD,New Sale,Strata,65,"37,415",-,Apartment,1,99 yrs lease commencing from 2024,10,Core Central Region,21 to 25
UPPERHOUSE AT ORCHARD BOULEVARD,"1,545,000",473.62,"3,262",Jan-26,ORCHARD BOULEVARD,New Sale,Strata,44,"35,114",-,Apartment,1,99 yrs lease commencing from 2024,10,Core Central Region,16 to 20
THE DRAYCOTT,"5,818,000","2,637.18","2,206",Jan-26,DRAYCOTT PARK,Resale,Strata,245,"23,747",-,Apartment,1,Freehold,10,Core Central Region,06 to 10
FOURTH AVENUE RESIDENCES,"2,975,000","1,108.69","2,683",Jan-26,FOURTH AVENUE,Resale,Strata,103,"28,883",-,Apartment,1,99 yrs lease commencing from 2018,10,Core Central Region,01 to 05
UPPERHOUSE AT ORCHARD BOULEVARD,"2,452,000",699.66,"3,505",Jan-26,ORCHARD BOULEVARD,New Sale,Strata,65,"37,723",-,Apartment,1,99 yrs lease commencing from 2024,10,Core Central Region,21 to 25
SPANISH VILLAGE,"3,150,000","1,539.25","2,046",Jan-26,FARRER ROAD,Resale,Strata,143,"22,028",-,Condominium,1,Freehold,10,Core Central Region,01 to 05
MADISON RESIDENCES,"3,860,000","1,463.9","2,637",Jan-26,BUKIT TIMAH ROAD,Resale,Strata,136,"28,382",-,Condominium,1,Freehold,10,Core Central Region,06 to 10
RV RESIDENCES,"1,736,888",699.66,"2,482",Jan-26,RIVER VALLEY ROAD,Resale,Strata,65,"26,721",-,Condominium,1,999 yrs lease commencing from 1877,10,Core Central Region,06 to 10
CLUNY PARK RESIDENCE,"2,750,000","1,216.33","2,261",Jan-26,CLUNY PARK ROAD,Resale,Strata,113,"24,336",-,Condominium,1,Freehold,10,Core Central Region,01 to 05
GRANGE 1866,"2,539,460",764.24,"3,323",Jan-26,GRANGE ROAD,New Sale,Strata,71,"35,767",-,Apartment,1,Freehold,10,Core Central Region,11 to 15
GRANGE 1866,"2,643,000",764.24,"3,458",Jan-26,GRANGE ROAD,New Sale,Strata,71,"37,225",-,Apartment,1,Freehold,10,Core Central Region,11 to 15
FAIRLODGE,"2,920,000","1,657.66","1,762",Jan-26,HOLLAND ROAD,Resale,Strata,154,"18,961",-,Apartment,1,Freehold,10,Core Central Region,01 to 05
UPPERHOUSE AT ORCHARD BOULEVARD,"2,422,000",699.66,"3,462",Jan-26,ORCHARD BOULEVARD,New Sale,Strata,65,"37,262",-,Apartment,1,99 yrs lease commencing from 2024,10,Core Central Region,21 to 25
UPPERHOUSE AT ORCHARD BOULEVARD,"2,483,000",699.66,"3,549",Jan-26,ORCHARD BOULEVARD,New Sale,Strata,65,"38,200",-,Apartment,1,99 yrs lease commencing from 2024,10,Core Central Region,26 to 30
HOLLANDSWOOD COURT,"2,250,000","2,131.27","1,056",Jan-26,HOLLAND PARK,Resale,Strata,198,"11,364",-,Apartment,1,99 yrs lease commencing from 1975,10,Core Central Region,06 to 10
PERFECT TEN,"4,188,000","1,280.92","3,270",Jan-26,BUKIT TIMAH ROAD,Sub Sale,Strata,119,"35,193",-,Apartment,1,Freehold,10,Core Central Region,01 to 05
GRAMERCY PARK,"5,200,000","2,152.8","2,415",Jan-26,GRANGE ROAD,Resale,Strata,200,"26,000",-,Condominium,1,Freehold,10,Core Central Region,21 to 25
THE DRAYCOTT,"5,806,674","2,637.18","2,202",Jan-26,DRAYCOTT PARK,Resale,Strata,245,"23,701",-,Apartment,1,Freehold,10,Core Central Region,01 to 05
REGENCY PARK,"7,120,000","3,175.38","2,242",Jan-26,NATHAN ROAD,Resale,Strata,295,"24,136",-,Condominium,1,Freehold,10,Core Central Region,06 to 10
RV RESIDENCES,"995,000",430.56,"2,311",Jan-26,RIVER VALLEY ROAD,Resale,Strata,40,"24,875",-,Condominium,1,999 yrs lease commencing from 1877,10,Core Central Region,01 to 05
D'LEEDON,"1,685,000",785.77,"2,144",Jan-26,LEEDON HEIGHTS,Resale,Strata,73,"23,082",-,Condominium,1,99 yrs lease commencing from 2010,10,Core Central Region,21 to 25
PARKSUITES,"1,911,940",764.24,"2,502",Jan-26,HOLLAND GROVE ROAD,Resale,Strata,71,"26,929",-,Apartment,1,110 yrs lease commencing from 2017,10,Core Central Region,01 to 05
NASSIM JADE,"6,800,000","2,260.44","3,008",Jan-26,NASSIM ROAD,Resale,Strata,210,"32,381",-,Condominium,1,Freehold,10,Core Central Region,01 to 05
HYLL ON HOLLAND,"1,930,000",710.42,"2,717",Jan-26,HOLLAND ROAD,Sub Sale,Strata,66,"29,242",-,Condominium,1,Freehold,10,Core Central Region,06 to 10
NASSIM JADE,"6,668,000","2,260.44","2,950",Jan-26,NASSIM ROAD,Resale,Strata,210,"31,752",-,Condominium,1,Freehold,10,Core Central Region,01 to 05
D'LEEDON,"2,500,000","1,216.33","2,055",Jan-26,LEEDON HEIGHTS,Resale,Strata,113,"22,124",-,Condominium,1,99 yrs lease commencing from 2010,10,Core Central Region,16 to 20
UPPERHOUSE AT ORCHARD BOULEVARD,"2,351,000",699.66,"3,360",Jan-26,ORCHARD BOULEVARD,New Sale,Strata,65,"36,169",-,Apartment,1,99 yrs lease commencing from 2024,10,Core Central Region,16 to 20
BEAVERTON COURT,"3,950,000","2,055.92","1,921",Jan-26,MOUNT SINAI RISE,Resale,Strata,191,"20,681",-,Condominium,1,Freehold,10,Core Central Region,06 to 10
D'LEEDON,"1,700,000",785.77,"2,163",Dec-25,LEEDON HEIGHTS,Resale,Strata,73,"23,288",-,Condominium,1,99 yrs lease commencing from 2010,10,Core Central Region,21 to 25
ROBIN SUITES,"1,028,000",462.85,"2,221",Dec-25,ROBIN ROAD,Resale,Strata,43,"23,907",-,Apartment,1,Freehold,10,Core Central Region,06 to 10
RESIDENTIAL APARTMENTS,"4,260,000","1,797.59","2,370",Dec-25,BALMORAL PARK,Resale,Strata,167,"25,509",-,Apartment,1,Freehold,10,Core Central Region,11 to 15
RV RESIDENCES,"1,950,000",850.36,"2,293",Dec-25,RIVER VALLEY ROAD,Resale,Strata,79,"24,684",-,Condominium,1,999 yrs lease commencing from 1877,10,Core Central Region,01 to 05
VALLEY PARK,"2,700,000","1,216.33","2,220",Dec-25,RIVER VALLEY ROAD,Resale,Strata,113,"23,894",-,Condominium,1,999 yrs lease commencing from 1877,10,Core Central Region,11 to 15
SUI GENERIS,"5,150,000","2,131.27","2,416",Dec-25,BALMORAL CRESCENT,Resale,Strata,198,"26,010",-,Condominium,1,Freehold,10,Core Central Region,06 to 10
RESIDENTIAL APARTMENTS,"3,800,000","1,797.59","2,114",Dec-25,BALMORAL PARK,Resale,Strata,167,"22,754",-,Apartment,1,Freehold,10,Core Central Region,06 to 10
THE MONTANA,"1,100,000",548.96,"2,004",Dec-25,JALAN MUTIARA,Resale,Strata,51,"21,569",-,Apartment,1,Freehold,10,Core Central Region,06 to 10
THE SIXTH AVENUE RESIDENCES,"4,200,000","2,604.89","1,612",Dec-25,SIXTH AVENUE,Resale,Strata,242,"17,355",-,Condominium,1,Freehold,10,Core Central Region,01 to 05
THE ASTON,"1,150,000",678.13,"1,696",Dec-25,KAY POH ROAD,Resale,Strata,63,"18,254",-,Apartment,1,Freehold,10,Core Central Region,01 to 05
FOURTH AVENUE RESIDENCES,"1,030,000",484.38,"2,126",Dec-25,FOURTH AVENUE,Resale,Strata,45,"22,889",-,Apartment,1,99 yrs lease commencing from 2018,10,Core Central Region,01 to 05
CHARMING GARDEN,"3,400,000","1,808.35","1,880",Dec-25,KING'S ROAD,Resale,Strata,168,"20,238",-,Condominium,1,999 yrs lease commencing from 1875,10,Core Central Region,01 to 05
UPPERHOUSE AT ORCHARD BOULEVARD,"2,501,000",699.66,"3,575",Dec-25,ORCHARD BOULEVARD,New Sale,Strata,65,"38,477",-,Apartment,1,99 yrs lease commencing from 2024,10,Core Central Region,31 to 35
THE SERENADE @ HOLLAND,"2,480,000","1,539.25","1,611",Dec-25,HOLLAND ROAD,Resale,Strata,143,"17,343",-,Condominium,1,99 yrs lease commencing from 2001,10,Core Central Region,06 to 10
UPPERHOUSE AT ORCHARD BOULEVARD,"2,288,000",699.66,"3,270",Dec-25,ORCHARD BOULEVARD,New Sale,Strata,65,"35,200",-,Apartment,1,99 yrs lease commencing from 2024,10,Core Central Region,11 to 15
BELMOND GREEN,"3,350,000","1,280.92","2,615",Dec-25,BALMORAL ROAD,Resale,Strata,119,"28,151",-,Condominium,1,Freehold,10,Core Central Region,01 to 05
LEEDON GREEN,"1,290,000",473.62,"2,724",Dec-25,LEEDON HEIGHTS,Resale,Strata,44,"29,318",-,Condominium,1,Freehold,10,Core Central Region,06 to 10
UPPERHOUSE AT ORCHARD BOULEVARD,"1,615,000",473.62,"3,410",Dec-25,ORCHARD BOULEVARD,New Sale,Strata,44,"36,705",-,Apartment,1,99 yrs lease commencing from 2024,10,Core Central Region,26 to 30
UPPERHOUSE AT ORCHARD BOULEVARD,"2,511,000",699.66,"3,589",Dec-25,ORCHARD BOULEVARD,New Sale,Strata,65,"38,631",-,Apartment,1,99 yrs lease commencing from 2024,10,Core Central Region,31 to 35
THE LOFT,"3,380,000","1,453.14","2,326",Dec-25,NASSIM HILL,Resale,Strata,135,"25,037",-,Condominium,1,99 yrs lease commencing from 1999,10,Core Central Region,01 to 05
D'LEEDON,"3,420,000","1,582.31","2,161",Dec-25,LEEDON HEIGHTS,Resale,Strata,147,"23,265",-,Condominium,1,99 yrs lease commencing from 2010,10,Core Central Region,31 to 35
D'LEEDON,"2,270,000","1,119.46","2,028",Dec-25,LEEDON HEIGHTS,Resale,Strata,104,"21,827",-,Condominium,1,99 yrs lease commencing from 2010,10,Core Central Region,01 to 05
THE MERASAGA,"2,020,000",947.23,"2,133",Dec-25,JALAN MERAH SAGA,Resale,Strata,88,"22,955",-,Condominium,1,99 yrs lease commencing from 1991,10,Core Central Region,01 to 05
SIXTH AVENUE VILLE,"3,508,000","1,754.53","1,999",Dec-25,SIXTH AVENUE,Resale,Strata,163,"21,521",-,Condominium,1,Freehold,10,Core Central Region,01 to 05
HYLL ON HOLLAND,"1,818,000",721.19,"2,521",Dec-25,HOLLAND ROAD,Sub Sale,Strata,67,"27,134",-,Condominium,1,Freehold,10,Core Central Region,01 to 05
RIDGEWOOD,"3,180,000","1,722.24","1,846",Dec-25,MOUNT SINAI DRIVE,Resale,Strata,160,"19,875",-,Condominium,1,999 yrs lease commencing from 1885,10,Core Central Region,06 to 10
ONE HOLLAND VILLAGE RESIDENCES,"3,500,000","1,097.93","3,188",Dec-25,HOLLAND VILLAGE WAY,Resale,Strata,102,"34,314",-,Apartment,1,99 yrs lease commencing from 2018,10,Core Central Region,21 to 25
D'LEEDON,"4,398,000","3,788.93","1,161",Dec-25,LEEDON HEIGHTS,Resale,Strata,352,"12,494",-,Condominium,1,99 yrs lease commencing from 2010,10,Core Central Region,01 to 05
ONE BALMORAL,"4,980,000","2,228.15","2,235",Dec-25,BALMORAL ROAD,Resale,Strata,207,"24,058",-,Condominium,1,Freehold,10,Core Central Region,11 to 15
UPPERHOUSE AT ORCHARD BOULEVARD,"2,321,000",699.66,"3,317",Dec-25,ORCHARD BOULEVARD,New Sale,Strata,65,"35,708",-,Apartment,1,99 yrs lease commencing from 2024,10,Core Central Region,11 to 15
REGENCY PARK,"7,250,000","3,175.38","2,283",Dec-25,NATHAN ROAD,Resale,Strata,295,"24,576",-,Condominium,1,Freehold,10,Core Central Region,21 to 25
BELMOND GREEN,"2,880,000","1,054.87","2,730",Dec-25,BALMORAL ROAD,Resale,Strata,98,"29,388",-,Condominium,1,Freehold,10,Core Central Region,06 to 10
THE LEVELZ,"3,650,000","2,464.96","1,481",Dec-25,FARRER ROAD,Resale,Strata,229,"15,939",-,Condominium,1,Freehold,10,Core Central Region,11 to 15
PINEWOOD GARDENS,"3,750,000","1,625.36","2,307",Dec-25,BALMORAL PARK,Resale,Strata,151,"24,834",-,Condominium,1,Freehold,10,Core Central Region,01 to 05
TANGLIN PARK,"4,028,000","1,593.07","2,528",Dec-25,RIDLEY PARK,Resale,Strata,148,"27,216",-,Condominium,1,Freehold,10,Core Central Region,01 to 05
FIFTY-TWO STEVENS,"2,000,000","1,313.21","1,523",Dec-25,STEVENS ROAD,Resale,Strata,122,"16,393",-,Apartment,1,Freehold,10,Core Central Region,01 to 05
THE DRAYCOTT,"3,400,000","1,603.84","2,120",Dec-25,DRAYCOTT PARK,Resale,Strata,149,"22,819",-,Apartment,1,Freehold,10,Core Central Region,01 to 05
LOFT @ STEVENS,"839,888",355.21,"2,364",Dec-25,STEVENS ROAD,Resale,Strata,33,"25,451",-,Apartment,1,Freehold,10,Core Central Region,01 to 05
THE TESSARINA,"3,100,000","1,334.74","2,323",Dec-25,WILBY ROAD,Resale,Strata,124,"25,000",-,Condominium,1,Freehold,10,Core Central Region,06 to 10
D'LEEDON,"3,250,000","1,420.85","2,287",Dec-25,LEEDON HEIGHTS,Resale,Strata,132,"24,621",-,Condominium,1,99 yrs lease commencing from 2010,10,Core Central Region,26 to 30
D'LEEDON,"2,400,000","1,173.28","2,046",Dec-25,LEEDON HEIGHTS,Resale,Strata,109,"22,018",-,Condominium,1,99 yrs lease commencing from 2010,10,Core Central Region,21 to 25
21 ANDERSON,"23,300,000","4,488.59","5,191",Dec-25,ANDERSON ROAD,New Sale,Strata,417,"55,875",-,Condominium,1,Freehold,10,Core Central Region,01 to 05
M5,"1,718,000","1,011.82","1,698",Dec-25,JALAN MUTIARA,Resale,Strata,94,"18,277",-,Apartment,1,Freehold,10,Core Central Region,11 to 15
CLIVEDEN AT GRANGE,"9,100,000","2,841.7","3,202",Dec-25,GRANGE ROAD,Resale,Strata,264,"34,470",-,Condominium,1,Freehold,10,Core Central Region,16 to 20
BELMOND GREEN,"3,750,000","1,334.74","2,810",Dec-25,BALMORAL ROAD,Resale,Strata,124,"30,242",-,Condominium,1,Freehold,10,Core Central Region,06 to 10
THE BALMORAL SPRING,"2,450,000","1,076.4","2,276",Dec-25,BALMORAL CRESCENT,Resale,Strata,100,"24,500",-,Apartment,1,Freehold,10,Core Central Region,01 to 05
D'LEEDON,"1,190,000",645.84,"1,843",Dec-25,LEEDON HEIGHTS,Resale,Strata,60,"19,833",-,Condominium,1,99 yrs lease commencing from 2010,10,Core Central Region,01 to 05
THE LEGEND,"2,880,000","1,485.43","1,939",Dec-25,BUKIT TIMAH ROAD,Resale,Strata,138,"20,870",-,Condominium,1,Freehold,10,Core Central Region,06 to 10
POLLEN & BLEU,"2,540,000","1,205.57","2,107",Dec-25,FARRER DRIVE,Resale,Strata,112,"22,679",-,Condominium,1,99 yrs lease commencing from 2012,10,Core Central Region,01 to 05
SKYE AT HOLLAND,"2,316,000",731.95,"3,164",Dec-25,HOLLAND VILLAGE WAY,New Sale,Strata,68,"34,059",-,Apartment,1,99 yrs lease commencing from 2024,10,Core Central Region,36 to 40
UPPERHOUSE AT ORCHARD BOULEVARD,"2,463,000",699.66,"3,520",Dec-25,ORCHARD BOULEVARD,New Sale,Strata,65,"37,892",-,Apartment,1,99 yrs lease commencing from 2024,10,Core Central Region,26 to 30
THE CORNWALL,"3,480,000","1,463.9","2,377",Dec-25,CORNWALL GARDENS,Resale,Strata,136,"25,588",-,Condominium,1,Freehold,10,Core Central Region,01 to 05
ARDMORE II,"7,000,000","2,023.63","3,459",Dec-25,ARDMORE PARK,Resale,Strata,188,"37,234",-,Condominium,1,Freehold,10,Core Central Region,31 to 35
FOURTH AVENUE RESIDENCES,"1,710,000",688.9,"2,482",Dec-25,FOURTH AVENUE,Resale,Strata,64,"26,719",-,Apartment,1,99 yrs lease commencing from 2018,10,Core Central Region,06 to 10
PALM SPRING,"4,200,000","1,851.41","2,269",Dec-25,EWE BOON ROAD,Resale,Strata,172,"24,419",-,Condominium,1,Freehold,10,Core Central Region,01 to 05
DRAYCOTT EIGHT,"3,300,000","1,485.43","2,222",Dec-25,DRAYCOTT PARK,Resale,Strata,138,"23,913",-,Condominium,1,99 yrs lease commencing from 1997,10,Core Central Region,11 to 15
VALLEY PARK,"2,740,000","1,216.33","2,253",Dec-25,RIVER VALLEY ROAD,Resale,Strata,113,"24,248",-,Condominium,1,999 yrs lease commencing from 1877,10,Core Central Region,11 to 15
FOURTH AVENUE RESIDENCES,"2,820,000","1,076.4","2,620",Dec-25,FOURTH AVENUE,Resale,Strata,100,"28,200",-,Apartment,1,99 yrs lease commencing from 2018,10,Core Central Region,01 to 05
SUI GENERIS,"5,175,000","2,131.27","2,428",Dec-25,BALMORAL CRESCENT,Resale,Strata,198,"26,136",-,Condominium,1,Freehold,10,Core Central Region,06 to 10
GALLOP GABLES,"6,880,000","2,841.7","2,421",Dec-25,FARRER ROAD,Resale,Strata,264,"26,061",-,Condominium,1,Freehold,10,Core Central Region,01 to 05
D'LEEDON,"2,688,888","1,184.04","2,271",Dec-25,LEEDON HEIGHTS,Resale,Strata,110,"24,444",-,Condominium,1,99 yrs lease commencing from 2010,10,Core Central Region,11 to 15
D'LEEDON,"2,930,000","1,356.26","2,160",Dec-25,LEEDON HEIGHTS,Resale,Strata,126,"23,254",-,Condominium,1,99 yrs lease commencing from 2010,10,Core Central Region,06 to 10
THE LEVELZ,"1,540,000",785.77,"1,960",Dec-25,FARRER ROAD,Resale,Strata,73,"21,096",-,Condominium,1,Freehold,10,Core Central Region,06 to 10
HALLMARK RESIDENCES,"4,130,000","1,851.41","2,231",Dec-25,EWE BOON ROAD,Resale,Strata,172,"24,012",-,Condominium,1,Freehold,10,Core Central Region,01 to 05
THE CORNWALL,"1,400,000",656.6,"2,132",Dec-25,CORNWALL GARDENS,Resale,Strata,61,"22,951",-,Condominium,1,Freehold,10,Core Central Region,01 to 05
ROBIN SUITES,"1,250,000",861.12,"1,452",Dec-25,ROBIN ROAD,Resale,Strata,80,"15,625",-,Apartment,1,Freehold,10,Core Central Region,16 to 20
MADISON RESIDENCES,"4,750,000","1,776.06","2,674",Dec-25,BUKIT TIMAH ROAD,Resale,Strata,165,"28,788",-,Condominium,1,Freehold,10,Core Central Region,06 to 10
ST MARTIN RESIDENCE,"3,880,000","1,528.49","2,538",Dec-25,ST. MARTIN'S DRIVE,Resale,Strata,142,"27,324",-,Condominium,1,Freehold,10,Core Central Region,01 to 05
D'LEEDON,"2,200,000","1,076.4","2,044",Dec-25,LEEDON HEIGHTS,Resale,Strata,100,"22,000",-,Condominium,1,99 yrs lease commencing from 2010,10,Core Central Region,26 to 30
LATITUDE,"7,650,000","2,787.88","2,744",Dec-25,JALAN MUTIARA,Resale,Strata,259,"29,537",-,Condominium,1,Freehold,10,Core Central Region,11 to 15
BALMORAL RESIDENCES,"6,399,000","2,314.26","2,765",Dec-25,BALMORAL CRESCENT,Resale,Strata,215,"29,763",-,Condominium,1,Freehold,10,Core Central Region,01 to 05
THE BALMORAL,"5,300,000","2,680.24","1,977",Dec-25,BALMORAL PARK,Resale,Strata,249,"21,285",-,Condominium,1,Freehold,10,Core Central Region,01 to 05
UPPERHOUSE AT ORCHARD BOULEVARD,"2,359,000",699.66,"3,372",Dec-25,ORCHARD BOULEVARD,New Sale,Strata,65,"36,292",-,Apartment,1,99 yrs lease commencing from 2024,10,Core Central Region,21 to 25
TANGLIN PARK,"3,380,000","1,334.74","2,532",Dec-25,RIDLEY PARK,Resale,Strata,124,"27,258",-,Condominium,1,Freehold,10,Core Central Region,01 to 05
LEEDON GREEN,"2,040,000",710.42,"2,872",Dec-25,LEEDON HEIGHTS,Sub Sale,Strata,66,"30,909",-,Condominium,1,Freehold,10,Core Central Region,06 to 10
VALLEY PARK,"2,800,000","1,216.33","2,302",Dec-25,RIVER VALLEY ROAD,Resale,Strata,113,"24,779",-,Condominium,1,999 yrs lease commencing from 1877,10,Core Central Region,06 to 10
TANGLIN PARK,"2,600,000","1,033.34","2,516",Dec-25,RIDLEY PARK,Resale,Strata,96,"27,083",-,Condominium,1,Freehold,10,Core Central Region,01 to 05
SOMMERVILLE PARK,"4,390,000","1,959.05","2,241",Dec-25,SOMMERVILLE ESTATE ROAD,Resale,Strata,182,"24,121",-,Condominium,1,Freehold,10,Core Central Region,-
SPRING GROVE,"1,650,000","1,011.82","1,631",Dec-25,GRANGE ROAD,Resale,Strata,94,"17,553",-,Condominium,1,99 yrs lease commencing from 1991,10,Core Central Region,01 to 05
THE PRINCETON,"1,830,000",861.12,"2,125",Dec-25,EWE BOON ROAD,Resale,Strata,80,"22,875",-,Apartment,1,Freehold,10,Core Central Region,06 to 10
D'LEEDON,"4,600,000","3,810.46","1,207",Dec-25,LEEDON HEIGHTS,Resale,Strata,354,"12,994",-,Condominium,1,99 yrs lease commencing from 2010,10,Core Central Region,01 to 05
MUTIARA CREST,"2,900,000","1,323.97","2,190",Dec-25,JALAN MUTIARA,Resale,Strata,123,"23,577",-,Apartment,1,Freehold,10,Core Central Region,01 to 05
LEEDON GREEN,"1,818,000",613.55,"2,963",Dec-25,LEEDON HEIGHTS,Sub Sale,Strata,57,"31,895",-,Condominium,1,Freehold,10,Core Central Region,06 to 10
ROYALGREEN,"1,801,888",667.37,"2,700",Nov-25,ANAMALAI AVENUE,Resale,Strata,62,"29,063",-,Condominium,1,Freehold,10,Core Central Region,01 to 05
KUM HING COURT,"4,060,000","1,625.36","2,498",Nov-25,TOMLINSON ROAD,Resale,Strata,151,"26,887",-,Apartment,1,Freehold,10,Core Central Region,11 to 15
HOLLAND RESIDENCES,"3,050,000","1,356.26","2,249",Nov-25,TAMAN WARNA,Resale,Strata,126,"24,206",-,Condominium,1,Freehold,10,Core Central Region,01 to 05
HYLL ON HOLLAND,"3,050,000","1,054.87","2,891",Nov-25,HOLLAND ROAD,Sub Sale,Strata,98,"31,122",-,Condominium,1,Freehold,10,Core Central Region,06 to 10
3 CUSCADEN,"2,650,000",764.24,"3,467",Nov-25,CUSCADEN WALK,Resale,Strata,71,"37,324",-,Apartment,1,Freehold,10,Core Central Region,06 to 10
D'LEEDON,"3,248,000","1,560.78","2,081",Nov-25,LEEDON HEIGHTS,Resale,Strata,145,"22,400",-,Condominium,1,99 yrs lease commencing from 2010,10,Core Central Region,26 to 30
PARVIS,"5,780,000","2,604.89","2,219",Nov-25,HOLLAND HILL,Resale,Strata,242,"23,884",-,Condominium,1,Freehold,10,Core Central Region,01 to 05
LEEDON GREEN,"1,770,000",613.55,"2,885",Nov-25,LEEDON HEIGHTS,Sub Sale,Strata,57,"31,053",-,Condominium,1,Freehold,10,Core Central Region,01 to 05
GOODWOOD GARDENS,"4,100,000","1,776.06","2,308",Nov-25,BALMORAL CRESCENT,Resale,Strata,165,"24,848",-,Apartment,1,Freehold,10,Core Central Region,06 to 10
ONE HOLLAND VILLAGE RESIDENCES,"2,200,000",796.54,"2,762",Nov-25,HOLLAND VILLAGE WAY,Resale,Strata,74,"29,730",-,Apartment,1,99 yrs lease commencing from 2018,10,Core Central Region,06 to 10
HOLLAND MEWS,"2,880,000","1,248.62","2,307",Nov-25,HOLLAND ROAD,Resale,Strata,116,"24,828",-,Apartment,1,Freehold,10,Core Central Region,01 to 05
UPPERHOUSE AT ORCHARD BOULEVARD,"7,852,000","2,055.92","3,819",Nov-25,ORCHARD BOULEVARD,New Sale,Strata,191,"41,110",-,Apartment,1,99 yrs lease commencing from 2024,10,Core Central Region,31 to 35
DORMER PARK,"5,350,000","2,464.96","2,170",Nov-25,JERVOIS ROAD,Resale,Strata,229,"23,362",-,Condominium,1,Freehold,10,Core Central Region,06 to 10
CYAN,"2,728,000","1,001.05","2,725",Nov-25,KENG CHIN ROAD,Resale,Strata,93,"29,333",-,Condominium,1,Freehold,10,Core Central Region,06 to 10
TANGLIN PARK,"2,660,000","1,108.69","2,399",Nov-25,RIDLEY PARK,Resale,Strata,103,"25,825",-,Condominium,1,Freehold,10,Core Central Region,01 to 05
BALMORAL GATE,"3,880,000","1,636.13","2,371",Nov-25,BALMORAL ROAD,Resale,Strata,152,"25,526",-,Condominium,1,Freehold,10,Core Central Region,16 to 20
SKYE AT HOLLAND,"2,209,000",731.95,"3,018",Nov-25,HOLLAND VILLAGE WAY,New Sale,Strata,68,"32,485",-,Apartment,1,99 yrs lease commencing from 2024,10,Core Central Region,26 to 30
UPPERHOUSE AT ORCHARD BOULEVARD,"2,473,000",699.66,"3,535",Nov-25,ORCHARD BOULEVARD,New Sale,Strata,65,"38,046",-,Apartment,1,99 yrs lease commencing from 2024,10,Core Central Region,26 to 30
RV RESIDENCES,"2,000,000",861.12,"2,323",Nov-25,RIVER VALLEY ROAD,Resale,Strata,80,"25,000",-,Condominium,1,999 yrs lease commencing from 1877,10,Core Central Region,01 to 05
VALLEY PARK,"3,400,000","1,550.02","2,194",Nov-25,RIVER VALLEY ROAD,Resale,Strata,144,"23,611",-,Condominium,1,999 yrs lease commencing from 1877,10,Core Central Region,01 to 05
PINEWOOD GARDENS,"3,300,000","1,625.36","2,030",Nov-25,BALMORAL PARK,Resale,Strata,151,"21,854",-,Condominium,1,Freehold,10,Core Central Region,01 to 05
38 JERVOIS,"1,800,000",818.06,"2,200",Nov-25,JERVOIS ROAD,Resale,Strata,76,"23,684",-,Apartment,1,Freehold,10,Core Central Region,01 to 05
GALLOP GREEN,"8,630,000","3,229.2","2,672",Nov-25,WOOLLERTON PARK,Resale,Strata,300,"28,767",-,Condominium,1,Freehold,10,Core Central Region,01 to 05
LEEDON RESIDENCE,"7,500,000","2,669.47","2,810",Nov-25,LEEDON HEIGHTS,Resale,Strata,248,"30,242",-,Condominium,1,Freehold,10,Core Central Region,01 to 05
THE TRIZON,"4,828,888","2,314.26","2,087",Nov-25,RIDGEWOOD CLOSE,Resale,Strata,215,"22,460",-,Condominium,1,Freehold,10,Core Central Region,06 to 10
DRAYCOTT EIGHT,"6,200,000","2,895.52","2,141",Nov-25,DRAYCOTT PARK,Resale,Strata,269,"23,048",-,Condominium,1,99 yrs lease commencing from 1997,10,Core Central Region,21 to 25
ROBIN SUITES,"1,061,000",462.85,"2,292",Nov-25,ROBIN ROAD,Resale,Strata,43,"24,674",-,Apartment,1,Freehold,10,Core Central Region,06 to 10
ST REGIS RESIDENCES SINGAPORE,"5,560,000","2,152.8","2,583",Nov-25,TANGLIN ROAD,Resale,Strata,200,"27,800",-,Apartment,1,999 yrs lease commencing from 1995,10,Core Central Region,11 to 15
RIDGEWOOD,"3,670,000","2,002.1","1,833",Nov-25,RIDGEWOOD CLOSE,Resale,Strata,186,"19,731",-,Condominium,1,999 yrs lease commencing from 1885,10,Core Central Region,16 to 20
GOODWOOD GRAND,"2,400,000",893.41,"2,686",Nov-25,BALMORAL ROAD,Resale,Strata,83,"28,916",-,Apartment,1,Freehold,10,Core Central Region,01 to 05
TOMLINSON HEIGHTS,"10,880,000","2,744.82","3,964",Nov-25,TOMLINSON ROAD,Resale,Strata,255,"42,667",-,Condominium,1,Freehold,10,Core Central Region,31 to 35
TANGLIN REGENCY,"2,220,000","1,291.68","1,719",Nov-25,TANGLIN ROAD,Resale,Strata,120,"18,500",-,Condominium,1,99 yrs lease commencing from 1994,10,Core Central Region,11 to 15
VALLEY PARK,"2,600,000","1,108.69","2,345",Nov-25,RIVER VALLEY ROAD,Resale,Strata,103,"25,243",-,Condominium,1,999 yrs lease commencing from 1877,10,Core Central Region,01 to 05
19 NASSIM,"2,070,000",678.13,"3,053",Nov-25,NASSIM HILL,Resale,Strata,63,"32,857",-,Apartment,1,99 yrs lease commencing from 2019,10,Core Central Region,01 to 05
RV EDGE,"755,000",365.98,"2,063",Nov-25,SHANGHAI ROAD,Resale,Strata,34,"22,206",-,Apartment,1,Freehold,10,Core Central Region,06 to 10
ONE JERVOIS,"1,320,000",635.08,"2,078",Nov-25,JERVOIS CLOSE,Resale,Strata,59,"22,373",-,Condominium,1,Freehold,10,Core Central Region,01 to 05
SOMMERVILLE PARK,"4,200,000","1,948.28","2,156",Nov-25,FARRER DRIVE,Resale,Strata,181,"23,204",-,Condominium,1,Freehold,10,Core Central Region,01 to 05
19 NASSIM,"2,000,000",570.49,"3,506",Nov-25,NASSIM HILL,Resale,Strata,53,"37,736",-,Apartment,1,99 yrs lease commencing from 2019,10,Core Central Region,06 to 10
15 HOLLAND HILL,"6,026,000","1,797.59","3,352",Nov-25,HOLLAND HILL,Resale,Strata,167,"36,084",-,Apartment,1,Freehold,10,Core Central Region,01 to 05
CASABELLA,"3,900,000","1,883.7","2,070",Nov-25,DUCHESS AVENUE,Resale,Strata,175,"22,286",-,Condominium,1,Freehold,10,Core Central Region,01 to 05
VALLEY PARK,"2,500,000","1,108.69","2,255",Nov-25,RIVER VALLEY ROAD,Resale,Strata,103,"24,272",-,Condominium,1,999 yrs lease commencing from 1877,10,Core Central Region,01 to 05
M5,"1,535,000",753.48,"2,037",Nov-25,JALAN MUTIARA,Resale,Strata,70,"21,929",-,Apartment,1,Freehold,10,Core Central Region,01 to 05
ONE JERVOIS,"2,500,000","1,065.64","2,346",Nov-25,JERVOIS CLOSE,Resale,Strata,99,"25,253",-,Condominium,1,Freehold,10,Core Central Region,11 to 15
PARK NOVA,"6,388,000","1,431.61","4,462",Nov-25,TOMLINSON ROAD,New Sale,Strata,133,"48,030",-,Apartment,1,Freehold,10,Core Central Region,16 to 20
D'LEEDON,"2,025,000","1,033.34","1,960",Nov-25,LEEDON HEIGHTS,Resale,Strata,96,"21,094",-,Condominium,1,99 yrs lease commencing from 2010,10,Core Central Region,06 to 10
HYLL ON HOLLAND,"1,990,000",699.66,"2,844",Nov-25,HOLLAND ROAD,Sub Sale,Strata,65,"30,615",-,Condominium,1,Freehold,10,Core Central Region,06 to 10
LOFT @ STEVENS,"1,280,000",592.02,"2,162",Nov-25,STEVENS ROAD,Resale,Strata,55,"23,273",-,Apartment,1,Freehold,10,Core Central Region,01 to 05
PARVIS,"4,430,000","1,700.71","2,605",Nov-25,HOLLAND HILL,Resale,Strata,158,"28,038",-,Condominium,1,Freehold,10,Core Central Region,01 to 05
D'LEEDON,"1,585,000",839.59,"1,888",Nov-25,LEEDON HEIGHTS,Resale,Strata,78,"20,321",-,Condominium,1,99 yrs lease commencing from 2010,10,Core Central Region,01 to 05
VALLEY PARK,"2,795,000","1,248.62","2,238",Nov-25,RIVER VALLEY ROAD,Resale,Strata,116,"24,095",-,Condominium,1,999 yrs lease commencing from 1877,10,Core Central Region,01 to 05
D'LEEDON,"3,788,000","1,733","2,186",Nov-25,LEEDON HEIGHTS,Resale,Strata,161,"23,528",-,Condominium,1,99 yrs lease commencing from 2010,10,Core Central Region,31 to 35
DORMER PARK,"2,710,000","1,248.62","2,170",Nov-25,JERVOIS ROAD,Resale,Strata,116,"23,362",-,Condominium,1,Freehold,10,Core Central Region,01 to 05
SCULPTURA ARDMORE,"20,000,000","3,229.2","6,193",Nov-25,ARDMORE PARK,Resale,Strata,300,"66,667",-,Condominium,1,Freehold,10,Core Central Region,31 to 35
STEVENS SUITES,"1,340,000",710.42,"1,886",Nov-25,STEVENS CLOSE,Resale,Strata,66,"20,303",-,Apartment,1,Freehold,10,Core Central Region,01 to 05
NASSIM JADE,"8,108,000","3,455.24","2,347",Nov-25,NASSIM ROAD,Resale,Strata,321,"25,259",-,Condominium,1,Freehold,10,Core Central Region,01 to 05
MONTVIEW,"3,060,000","1,474.67","2,075",Nov-25,MOUNT SINAI DRIVE,Resale,Strata,137,"22,336",-,Condominium,1,Freehold,10,Core Central Region,01 to 05
ORCHARD BEL AIR,"4,650,000","3,229.2","1,440",Nov-25,ORCHARD BOULEVARD,Resale,Strata,300,"15,500",-,Condominium,1,99 yrs lease commencing from 1980,10,Core Central Region,16 to 20
THE CORNWALL,"3,538,000","1,485.43","2,382",Nov-25,CORNWALL GARDENS,Resale,Strata,138,"25,638",-,Condominium,1,Freehold,10,Core Central Region,01 to 05
LEEDON GREEN,"2,000,000",710.42,"2,815",Nov-25,LEEDON HEIGHTS,Sub Sale,Strata,66,"30,303",-,Condominium,1,Freehold,10,Core Central Region,06 to 10
THE TRIZON,"4,308,888","1,862.17","2,314",Nov-25,RIDGEWOOD CLOSE,Resale,Strata,173,"24,907",-,Condominium,1,Freehold,10,Core Central Region,21 to 25
VALLEY PARK,"2,500,000","1,108.69","2,255",Nov-25,RIVER VALLEY ROAD,Resale,Strata,103,"24,272",-,Condominium,1,999 yrs lease commencing from 1877,10,Core Central Region,01 to 05
BOTANIC GARDENS VIEW,"3,700,000","1,410.08","2,624",Nov-25,TAMAN SERASI,Resale,Strata,131,"28,244",-,Apartment,1,Freehold,10,Core Central Region,06 to 10
ST REGIS RESIDENCES SINGAPORE,"6,485,000","2,594.12","2,500",Nov-25,TANGLIN ROAD,Resale,Strata,241,"26,909",-,Apartment,1,999 yrs lease commencing from 1995,10,Core Central Region,01 to 05
PALM SPRING,"6,250,000","3,013.92","2,074",Oct-25,EWE BOON ROAD,Resale,Strata,280,"22,321",-,Condominium,1,Freehold,10,Core Central Region,06 to 10
ST REGIS RESIDENCES SINGAPORE,"5,400,000","2,120.51","2,547",Oct-25,TANGLIN ROAD,Resale,Strata,197,"27,411",-,Apartment,1,999 yrs lease commencing from 1995,10,Core Central Region,01 to 05
D'LEEDON,"2,850,000","1,410.08","2,021",Oct-25,LEEDON HEIGHTS,Resale,Strata,131,"21,756",-,Condominium,1,99 yrs lease commencing from 2010,10,Core Central Region,11 to 15
THE CORNWALL,"2,250,000","1,044.11","2,155",Oct-25,CORNWALL GARDENS,Resale,Strata,97,"23,196",-,Condominium,1,Freehold,10,Core Central Region,01 to 05
HOLLAND SUITES,"2,180,000","1,044.11","2,088",Oct-25,HOLLAND ROAD,Resale,Strata,97,"22,474",-,Apartment,1,Freehold,10,Core Central Region,01 to 05
FOURTH AVENUE RESIDENCES,"1,725,000",688.9,"2,504",Oct-25,FOURTH AVENUE,Resale,Strata,64,"26,953",-,Apartment,1,99 yrs lease commencing from 2018,10,Core Central Region,01 to 05
M5,"1,566,300",742.72,"2,109",Oct-25,JALAN MUTIARA,Resale,Strata,69,"22,700",-,Apartment,1,Freehold,10,Core Central Region,06 to 10
JERVOIS MANSION,"2,150,000",753.48,"2,853",Oct-25,JERVOIS CLOSE,Sub Sale,Strata,70,"30,714",-,Apartment,1,Freehold,10,Core Central Region,01 to 05
GLENTREES,"3,050,000","1,442.38","2,115",Oct-25,MOUNT SINAI LANE,Resale,Strata,134,"22,761",-,Condominium,1,999 yrs lease commencing from 1885,10,Core Central Region,01 to 05
PARKSUITES,"1,852,388",785.77,"2,357",Oct-25,HOLLAND GROVE ROAD,Resale,Strata,73,"25,375",-,Apartment,1,110 yrs lease commencing from 2017,10,Core Central Region,01 to 05
ST MARTIN RESIDENCE,"1,350,000",602.78,"2,240",Oct-25,ST. MARTIN'S DRIVE,Resale,Strata,56,"24,107",-,Condominium,1,Freehold,10,Core Central Region,01 to 05
DUCHESS CREST,"3,250,000","1,883.7","1,725",Oct-25,DUCHESS AVENUE,Resale,Strata,175,"18,571",-,Condominium,1,99 yrs lease commencing from 1995,10,Core Central Region,01 to 05
ROBIN RESIDENCES,"1,380,000",538.2,"2,564",Oct-25,ROBIN DRIVE,Resale,Strata,50,"27,600",-,Condominium,1,Freehold,10,Core Central Region,01 to 05
JERVOIS JADE,"1,500,000","1,044.11","1,437",Oct-25,JERVOIS CLOSE,Resale,Strata,97,"15,464",-,Apartment,1,99 yrs lease commencing from 1998,10,Core Central Region,06 to 10
THE LOFT,"2,420,000","1,119.46","2,162",Oct-25,NASSIM HILL,Resale,Strata,104,"23,269",-,Condominium,1,99 yrs lease commencing from 1999,10,Core Central Region,01 to 05
ONE TREE HILL RESIDENCE,"6,000,000","4,606.99","1,302",Oct-25,ONE TREE HILL,Resale,Strata,428,"14,019",-,Apartment,1,Freehold,10,Core Central Region,16 to 20
DUCHESS CREST,"2,550,000","1,367.03","1,865",Oct-25,DUCHESS AVENUE,Resale,Strata,127,"20,079",-,Condominium,1,99 yrs lease commencing from 1995,10,Core Central Region,01 to 05
THE TRIZON,"4,680,000","2,206.62","2,121",Oct-25,RIDGEWOOD CLOSE,Resale,Strata,205,"22,829",-,Condominium,1,Freehold,10,Core Central Region,16 to 20
BALMORAL RESIDENCES,"4,250,000","1,743.77","2,437",Oct-25,BALMORAL CRESCENT,Resale,Strata,162,"26,235",-,Condominium,1,Freehold,10,Core Central Region,01 to 05
HOLLAND MEWS,"4,266,000","2,421.9","1,761",Oct-25,HOLLAND ROAD,Resale,Strata,225,"18,960",-,Apartment,1,Freehold,10,Core Central Region,01 to 05
GRANGE 1866,"2,285,000",710.42,"3,216",Oct-25,GRANGE ROAD,New Sale,Strata,66,"34,621",-,Apartment,1,Freehold,10,Core Central Region,11 to 15
THE MERASAGA,"2,730,000","1,399.32","1,951",Oct-25,JALAN MERAH SAGA,Resale,Strata,130,"21,000",-,Condominium,1,99 yrs lease commencing from 1991,10,Core Central Region,01 to 05
GOODWOOD RESIDENCE,"6,600,000","2,669.47","2,472",Oct-25,BUKIT TIMAH ROAD,Resale,Strata,248,"26,613",-,Condominium,1,Freehold,10,Core Central Region,01 to 05
THE MARBELLA,"4,388,889","1,754.53","2,501",Oct-25,MOUNT SINAI RISE,Resale,Strata,163,"26,926",-,Condominium,1,Freehold,10,Core Central Region,21 to 25
LOFT@HOLLAND,"980,000",430.56,"2,276",Oct-25,HOLLAND ROAD,Resale,Strata,40,"24,500",-,Apartment,1,Freehold,10,Core Central Region,01 to 05
SKYE AT HOLLAND,"5,821,000","1,765.3","3,297",Oct-25,HOLLAND VILLAGE WAY,New Sale,Strata,164,"35,494",-,Apartment,1,99 yrs lease commencing from 2024,10,Core Central Region,36 to 40
UPPERHOUSE AT ORCHARD BOULEVARD,"2,372,000",699.66,"3,390",Oct-25,ORCHARD BOULEVARD,New Sale,Strata,65,"36,492",-,Apartment,1,99 yrs lease commencing from 2024,10,Core Central Region,16 to 20
D'LEEDON,"1,340,000",635.08,"2,110",Oct-25,LEEDON HEIGHTS,Resale,Strata,59,"22,712",-,Condominium,1,99 yrs lease commencing from 2010,10,Core Central Region,16 to 20
DUCHESS ROYALE,"2,550,000","1,237.86","2,060",Oct-25,DUCHESS AVENUE,Resale,Strata,115,"22,174",-,Apartment,1,999 yrs lease commencing from 1875,10,Core Central Region,01 to 05
GRANGE RESIDENCES,"8,500,000","2,669.47","3,184",Oct-25,GRANGE ROAD,Resale,Strata,248,"34,274",-,Condominium,1,Freehold,10,Core Central Region,01 to 05
RV RESIDENCES,"1,000,000",452.09,"2,212",Oct-25,RIVER VALLEY ROAD,Resale,Strata,42,"23,810",-,Condominium,1,999 yrs lease commencing from 1877,10,Core Central Region,01 to 05
HYLL ON HOLLAND,"2,770,000",936.47,"2,958",Oct-25,HOLLAND ROAD,Sub Sale,Strata,87,"31,839",-,Condominium,1,Freehold,10,Core Central Region,06 to 10
PINETREE CONDOMINIUM,"2,428,880","1,173.28","2,070",Oct-25,BALMORAL PARK,Resale,Strata,109,"22,283",-,Condominium,1,Freehold,10,Core Central Region,01 to 05
SHANGHAI ONE,"1,080,000",559.73,"1,930",Oct-25,SHANGHAI ROAD,Resale,Strata,52,"20,769",-,Apartment,1,Freehold,10,Core Central Region,06 to 10
19 NASSIM,"2,050,000",678.13,"3,023",Oct-25,NASSIM HILL,Resale,Strata,63,"32,540",-,Apartment,1,99 yrs lease commencing from 2019,10,Core Central Region,01 to 05
3 ORCHARD BY-THE-PARK,"3,900,000","1,162.51","3,355",Oct-25,ORCHARD BOULEVARD,Resale,Strata,108,"36,111",-,Condominium,1,Freehold,10,Core Central Region,01 to 05
38 JERVOIS,"1,750,000",818.06,"2,139",Oct-25,JERVOIS ROAD,Resale,Strata,76,"23,026",-,Apartment,1,Freehold,10,Core Central Region,01 to 05
GRANGE RESIDENCES,"8,200,000","2,583.36","3,174",Oct-25,GRANGE ROAD,Resale,Strata,240,"34,167",-,Condominium,1,Freehold,10,Core Central Region,06 to 10
ARDMORE PARK,"12,500,000","2,884.75","4,333",Oct-25,ARDMORE PARK,Resale,Strata,268,"46,642",-,Condominium,1,Freehold,10,Core Central Region,11 to 15
LUSH ON HOLLAND HILL,"5,000,000","3,487.54","1,434",Oct-25,HOLLAND HILL,Resale,Strata,324,"15,432",-,Condominium,1,Freehold,10,Core Central Region,11 to 15
LEEDON RESIDENCE,"7,840,000","2,508.01","3,126",Oct-25,LEEDON HEIGHTS,Resale,Strata,233,"33,648",-,Condominium,1,Freehold,10,Core Central Region,11 to 15
SKYE AT HOLLAND,"2,107,000",667.37,"3,157",Oct-25,HOLLAND VILLAGE WAY,New Sale,Strata,62,"33,984",-,Apartment,1,99 yrs lease commencing from 2024,10,Core Central Region,31 to 35
UPPERHOUSE AT ORCHARD BOULEVARD,"2,493,000",699.66,"3,563",Oct-25,ORCHARD BOULEVARD,New Sale,Strata,65,"38,354",-,Apartment,1,99 yrs lease commencing from 2024,10,Core Central Region,26 to 30
THE LADYHILL,"8,100,000","3,283.02","2,467",Oct-25,LADY HILL ROAD,Resale,Strata,305,"26,557",-,Condominium,1,Freehold,10,Core Central Region,01 to 05
PARVIS,"7,200,000","3,229.2","2,230",Oct-25,HOLLAND HILL,Resale,Strata,300,"24,000",-,Condominium,1,Freehold,10,Core Central Region,11 to 15
THE TESSARINA,"3,000,000","1,367.03","2,195",Oct-25,WILBY ROAD,Resale,Strata,127,"23,622",-,Condominium,1,Freehold,10,Core Central Region,06 to 10
RIDGEWOOD,"3,100,000","1,743.77","1,778",Oct-25,RIDGEWOOD CLOSE,Resale,Strata,162,"19,136",-,Condominium,1,999 yrs lease commencing from 1885,10,Core Central Region,11 to 15
THE HYDE,"2,498,000",818.06,"3,054",Oct-25,BALMORAL ROAD,Resale,Strata,76,"32,868",-,Condominium,1,Freehold,10,Core Central Region,01 to 05
KELLOCK LODGE,"1,730,000",893.41,"1,936",Oct-25,KELLOCK ROAD,Resale,Strata,83,"20,843",-,Apartment,1,Freehold,10,Core Central Region,01 to 05
RIDGEWOOD,"3,738,000","2,002.1","1,867",Oct-25,MOUNT SINAI DRIVE,Resale,Strata,186,"20,097",-,Condominium,1,999 yrs lease commencing from 1885,10,Core Central Region,01 to 05
ST REGIS RESIDENCES SINGAPORE,"10,080,000","3,896.57","2,587",Oct-25,TANGLIN ROAD,Resale,Strata,362,"27,845",-,Apartment,1,999 yrs lease commencing from 1995,10,Core Central Region,11 to 15
SKYE AT HOLLAND,"1,795,000",581.26,"3,088",Oct-25,HOLLAND VILLAGE WAY,New Sale,Strata,54,"33,241",-,Apartment,1,99 yrs lease commencing from 2024,10,Core Central Region,36 to 40
THE FORD @ HOLLAND,"1,150,000",548.96,"2,095",Oct-25,FORD AVENUE,Resale,Strata,51,"22,549",-,Condominium,1,Freehold,10,Core Central Region,01 to 05
GOODWOOD RESIDENCE,"6,900,000","2,454.19","2,812",Oct-25,BUKIT TIMAH ROAD,Resale,Strata,228,"30,263",-,Condominium,1,Freehold,10,Core Central Region,06 to 10
ARDMORE THREE,"6,000,000","1,786.82","3,358",Oct-25,ARDMORE PARK,Resale,Strata,166,"36,145",-,Condominium,1,Freehold,10,Core Central Region,21 to 25
D'LEEDON,"2,370,888","1,076.4","2,203",Oct-25,LEEDON HEIGHTS,Resale,Strata,100,"23,709",-,Condominium,1,99 yrs lease commencing from 2010,10,Core Central Region,21 to 25
PARK NOVA,"14,600,000","2,906.28","5,024",Oct-25,TOMLINSON ROAD,New Sale,Strata,270,"54,074",-,Apartment,1,Freehold,10,Core Central Region,11 to 15
UPPERHOUSE AT ORCHARD BOULEVARD,"2,278,000",699.66,"3,256",Oct-25,ORCHARD BOULEVARD,New Sale,Strata,65,"35,046",-,Apartment,1,99 yrs lease commencing from 2024,10,Core Central Region,11 to 15
RIDGEWOOD,"2,580,000","1,399.32","1,844",Oct-25,RIDGEWOOD CLOSE,Resale,Strata,130,"19,846",-,Condominium,1,999 yrs lease commencing from 1885,10,Core Central Region,11 to 15
SKYE AT HOLLAND,"1,783,000",581.26,"3,067",Oct-25,HOLLAND VILLAGE WAY,New Sale,Strata,54,"33,019",-,Apartment,1,99 yrs lease commencing from 2024,10,Core Central Region,36 to 40
THE LEGEND,"2,980,000","1,463.9","2,036",Oct-25,BUKIT TIMAH ROAD,Resale,Strata,136,"21,912",-,Condominium,1,Freehold,10,Core Central Region,06 to 10
GLENTREES,"3,100,000","1,442.38","2,149",Oct-25,MOUNT SINAI LANE,Resale,Strata,134,"23,134",-,Condominium,1,999 yrs lease commencing from 1885,10,Core Central Region,01 to 05
SKYE AT HOLLAND,"1,993,000",731.95,"2,723",Oct-25,HOLLAND VILLAGE WAY,New Sale,Strata,68,"29,309",-,Apartment,1,99 yrs lease commencing from 2024,10,Core Central Region,06 to 10
UPPERHOUSE AT ORCHARD BOULEVARD,"2,442,000",699.66,"3,490",Oct-25,ORCHARD BOULEVARD,New Sale,Strata,65,"37,569",-,Apartment,1,99 yrs lease commencing from 2024,10,Core Central Region,21 to 25
D'LEEDON,"3,564,000","1,711.48","2,082",Oct-25,LEEDON HEIGHTS,Resale,Strata,159,"22,415",-,Condominium,1,99 yrs lease commencing from 2010,10,Core Central Region,26 to 30
SKYE AT HOLLAND,"2,063,000",678.13,"3,042",Oct-25,HOLLAND VILLAGE WAY,New Sale,Strata,63,"32,746",-,Apartment,1,99 yrs lease commencing from 2024,10,Core Central Region,31 to 35
THE TRIZON,"2,230,000","1,011.82","2,204",Oct-25,RIDGEWOOD CLOSE,Resale,Strata,94,"23,723",-,Condominium,1,Freehold,10,Core Central Region,06 to 10
ROBIN SUITES,"1,275,000",548.96,"2,323",Oct-25,ROBIN ROAD,Resale,Strata,51,"25,000",-,Apartment,1,Freehold,10,Core Central Region,06 to 10
BELMOND GREEN,"3,438,000","1,270.15","2,707",Oct-25,BALMORAL ROAD,Resale,Strata,118,"29,136",-,Condominium,1,Freehold,10,Core Central Region,11 to 15
SKYE AT HOLLAND,"1,989,000",731.95,"2,717",Oct-25,HOLLAND VILLAGE WAY,New Sale,Strata,68,"29,250",-,Apartment,1,99 yrs lease commencing from 2024,10,Core Central Region,01 to 05
SKYE AT HOLLAND,"1,912,000",667.37,"2,865",Oct-25,HOLLAND VILLAGE WAY,New Sale,Strata,62,"30,839",-,Apartment,1,99 yrs lease commencing from 2024,10,Core Central Region,16 to 20
SKYE AT HOLLAND,"2,169,000",731.95,"2,963",Oct-25,HOLLAND VILLAGE WAY,New Sale,Strata,68,"31,897",-,Apartment,1,99 yrs lease commencing from 2024,10,Core Central Region,21 to 25
SKYE AT HOLLAND,"2,298,000",742.72,"3,094",Oct-25,HOLLAND VILLAGE WAY,New Sale,Strata,69,"33,304",-,Apartment,1,99 yrs lease commencing from 2024,10,Core Central Region,26 to 30
SKYE AT HOLLAND,"3,273,000","1,076.4","3,041",Oct-25,HOLLAND VILLAGE WAY,New Sale,Strata,100,"32,730",-,Apartment,1,99 yrs lease commencing from 2024,10,Core Central Region,31 to 35
SKYE AT HOLLAND,"4,755,000","1,463.9","3,248",Oct-25,HOLLAND VILLAGE WAY,New Sale,Strata,136,"34,963",-,Apartment,1,99 yrs lease commencing from 2024,10,Core Central Region,31 to 35
SKYE AT HOLLAND,"5,782,000","1,765.3","3,275",Oct-25,HOLLAND VILLAGE WAY,New Sale,Strata,164,"35,256",-,Apartment,1,99 yrs lease commencing from 2024,10,Core Central Region,31 to 35
SKYE AT HOLLAND,"2,297,000",731.95,"3,138",Oct-25,HOLLAND VILLAGE WAY,New Sale,Strata,68,"33,779",-,Apartment,1,99 yrs lease commencing from 2024,10,Core Central Region,36 to 40
SKYE AT HOLLAND,"2,281,000",731.95,"3,116",Oct-25,HOLLAND VILLAGE WAY,New Sale,Strata,68,"33,544",-,Apartment,1,99 yrs lease commencing from 2024,10,Core Central Region,36 to 40
SKYE AT HOLLAND,"2,163,000",667.37,"3,241",Oct-25,HOLLAND VILLAGE WAY,New Sale,Strata,62,"34,887",-,Apartment,1,99 yrs lease commencing from 2024,10,Core Central Region,36 to 40
UPPERHOUSE AT ORCHARD BOULEVARD,"3,621,000","1,011.82","3,579",Oct-25,ORCHARD BOULEVARD,New Sale,Strata,94,"38,521",-,Apartment,1,99 yrs lease commencing from 2024,10,Core Central Region,21 to 25
SOMMERVILLE GRANDEUR,"4,007,700","1,829.88","2,190",Oct-25,FARRER DRIVE,Resale,Strata,170,"23,575",-,Condominium,1,Freehold,10,Core Central Region,01 to 05
D'LEEDON,"4,300,000","2,271.2","1,893",Oct-25,LEEDON HEIGHTS,Resale,Strata,211,"20,379",-,Condominium,1,99 yrs lease commencing from 2010,10,Core Central Region,26 to 30
SKYE AT HOLLAND,"2,545,000",914.94,"2,782",Oct-25,HOLLAND VILLAGE WAY,New Sale,Strata,85,"29,941",-,Apartment,1,99 yrs lease commencing from 2024,10,Core Central Region,11 to 15
SKYE AT HOLLAND,"1,919,000",678.13,"2,830",Oct-25,HOLLAND VILLAGE WAY,New Sale,Strata,63,"30,460",-,Apartment,1,99 yrs lease commencing from 2024,10,Core Central Region,16 to 20
SKYE AT HOLLAND,"3,663,000","1,237.86","2,959",Oct-25,HOLLAND VILLAGE WAY,New Sale,Strata,115,"31,852",-,Apartment,1,99 yrs lease commencing from 2024,10,Core Central Region,16 to 20
SKYE AT HOLLAND,"1,972,000",678.13,"2,908",Oct-25,HOLLAND VILLAGE WAY,New Sale,Strata,63,"31,302",-,Apartment,1,99 yrs lease commencing from 2024,10,Core Central Region,21 to 25
SKYE AT HOLLAND,"2,734,000",914.94,"2,988",Oct-25,HOLLAND VILLAGE WAY,New Sale,Strata,85,"32,165",-,Apartment,1,99 yrs lease commencing from 2024,10,Core Central Region,26 to 30
SKYE AT HOLLAND,"2,763,000",914.94,"3,020",Oct-25,HOLLAND VILLAGE WAY,New Sale,Strata,85,"32,506",-,Apartment,1,99 yrs lease commencing from 2024,10,Core Central Region,31 to 35
SKYE AT HOLLAND,"2,052,000",678.13,"3,026",Oct-25,HOLLAND VILLAGE WAY,New Sale,Strata,63,"32,571",-,Apartment,1,99 yrs lease commencing from 2024,10,Core Central Region,31 to 35
SKYE AT HOLLAND,"2,098,000",678.13,"3,094",Oct-25,HOLLAND VILLAGE WAY,New Sale,Strata,63,"33,302",-,Apartment,1,99 yrs lease commencing from 2024,10,Core Central Region,31 to 35
SKYE AT HOLLAND,"2,826,000",914.94,"3,089",Oct-25,HOLLAND VILLAGE WAY,New Sale,Strata,85,"33,247",-,Apartment,1,99 yrs lease commencing from 2024,10,Core Central Region,36 to 40
SKYE AT HOLLAND,"3,935,000","1,237.86","3,179",Oct-25,HOLLAND VILLAGE WAY,New Sale,Strata,115,"34,217",-,Apartment,1,99 yrs lease commencing from 2024,10,Core Central Region,36 to 40
SKYE AT HOLLAND,"2,088,000",678.13,"3,079",Oct-25,HOLLAND VILLAGE WAY,New Sale,Strata,63,"33,143",-,Apartment,1,99 yrs lease commencing from 2024,10,Core Central Region,36 to 40
SKYE AT HOLLAND,"2,119,000",678.13,"3,125",Oct-25,HOLLAND VILLAGE WAY,New Sale,Strata,63,"33,635",-,Apartment,1,99 yrs lease commencing from 2024,10,Core Central Region,36 to 40
SKYE AT HOLLAND,"1,790,000",581.26,"3,080",Oct-25,HOLLAND VILLAGE WAY,New Sale,Strata,54,"33,148",-,Apartment,1,99 yrs lease commencing from 2024,10,Core Central Region,36 to 40
SKYE AT HOLLAND,"1,801,000",581.26,"3,098",Oct-25,HOLLAND VILLAGE WAY,New Sale,Strata,54,"33,352",-,Apartment,1,99 yrs lease commencing from 2024,10,Core Central Region,36 to 40
19 NASSIM,"2,000,000",538.2,"3,716",Oct-25,NASSIM HILL,Resale,Strata,50,"40,000",-,Apartment,1,99 yrs lease commencing from 2019,10,Core Central Region,06 to 10
THE MERASAGA,"2,750,000","1,356.26","2,028",Oct-25,JALAN MERAH SAGA,Resale,Strata,126,"21,825",-,Condominium,1,99 yrs lease commencing from 1991,10,Core Central Region,01 to 05
D'LEEDON,"4,280,000","2,228.15","1,921",Oct-25,LEEDON HEIGHTS,Resale,Strata,207,"20,676",-,Condominium,1,99 yrs lease commencing from 2010,10,Core Central Region,26 to 30
SPRING GROVE,"2,450,000","1,388.56","1,764",Oct-25,GRANGE ROAD,Resale,Strata,129,"18,992",-,Condominium,1,99 yrs lease commencing from 1991,10,Core Central Region,06 to 10
FOUR SEASONS PARK,"13,200,000","3,821.22","3,454",Oct-25,CUSCADEN WALK,Resale,Strata,355,"37,183",-,Condominium,1,Freehold,10,Core Central Region,21 to 25
FOUR SEASONS PARK,"6,700,000","2,260.44","2,964",Oct-25,CUSCADEN WALK,Resale,Strata,210,"31,905",-,Condominium,1,Freehold,10,Core Central Region,01 to 05
SKYE AT HOLLAND,"2,018,000",742.72,"2,717",Oct-25,HOLLAND VILLAGE WAY,New Sale,Strata,69,"29,246",-,Apartment,1,99 yrs lease commencing from 2024,10,Core Central Region,01 to 05
SKYE AT HOLLAND,"2,001,000",731.95,"2,734",Oct-25,HOLLAND VILLAGE WAY,New Sale,Strata,68,"29,426",-,Apartment,1,99 yrs lease commencing from 2024,10,Core Central Region,06 to 10
SKYE AT HOLLAND,"3,467,000","1,237.86","2,801",Oct-25,HOLLAND VILLAGE WAY,New Sale,Strata,115,"30,148",-,Apartment,1,99 yrs lease commencing from 2024,10,Core Central Region,06 to 10
SKYE AT HOLLAND,"1,856,000",667.37,"2,781",Oct-25,HOLLAND VILLAGE WAY,New Sale,Strata,62,"29,935",-,Apartment,1,99 yrs lease commencing from 2024,10,Core Central Region,11 to 15
SKYE AT HOLLAND,"2,131,000",742.72,"2,869",Oct-25,HOLLAND VILLAGE WAY,New Sale,Strata,69,"30,884",-,Apartment,1,99 yrs lease commencing from 2024,10,Core Central Region,11 to 15
SKYE AT HOLLAND,"1,863,000",667.37,"2,792",Oct-25,HOLLAND VILLAGE WAY,New Sale,Strata,62,"30,048",-,Apartment,1,99 yrs lease commencing from 2024,10,Core Central Region,11 to 15
SKYE AT HOLLAND,"1,941,000",667.37,"2,908",Oct-25,HOLLAND VILLAGE WAY,New Sale,Strata,62,"31,306",-,Apartment,1,99 yrs lease commencing from 2024,10,Core Central Region,21 to 25
SKYE AT HOLLAND,"2,009,000",667.37,"3,010",Oct-25,HOLLAND VILLAGE WAY,New Sale,Strata,62,"32,403",-,Apartment,1,99 yrs lease commencing from 2024,10,Core Central Region,21 to 25
SKYE AT HOLLAND,"2,250,000",742.72,"3,029",Oct-25,HOLLAND VILLAGE WAY,New Sale,Strata,69,"32,609",-,Apartment,1,99 yrs lease commencing from 2024,10,Core Central Region,21 to 25
SKYE AT HOLLAND,"2,267,000",742.72,"3,052",Oct-25,HOLLAND VILLAGE WAY,New Sale,Strata,69,"32,855",-,Apartment,1,99 yrs lease commencing from 2024,10,Core Central Region,21 to 25
SKYE AT HOLLAND,"3,195,000","1,076.4","2,968",Oct-25,HOLLAND VILLAGE WAY,New Sale,Strata,100,"31,950",-,Apartment,1,99 yrs lease commencing from 2024,10,Core Central Region,21 to 25
SKYE AT HOLLAND,"3,217,000","1,076.4","2,989",Oct-25,HOLLAND VILLAGE WAY,New Sale,Strata,100,"32,170",-,Apartment,1,99 yrs lease commencing from 2024,10,Core Central Region,26 to 30
SKYE AT HOLLAND,"2,194,000",731.95,"2,997",Oct-25,HOLLAND VILLAGE WAY,New Sale,Strata,68,"32,265",-,Apartment,1,99 yrs lease commencing from 2024,10,Core Central Region,26 to 30
SKYE AT HOLLAND,"2,233,000",731.95,"3,051",Oct-25,HOLLAND VILLAGE WAY,New Sale,Strata,68,"32,838",-,Apartment,1,99 yrs lease commencing from 2024,10,Core Central Region,26 to 30
SKYE AT HOLLAND,"5,669,000","1,765.3","3,211",Oct-25,HOLLAND VILLAGE WAY,New Sale,Strata,164,"34,567",-,Apartment,1,99 yrs lease commencing from 2024,10,Core Central Region,31 to 35
SKYE AT HOLLAND,"3,284,000","1,076.4","3,051",Oct-25,HOLLAND VILLAGE WAY,New Sale,Strata,100,"32,840",-,Apartment,1,99 yrs lease commencing from 2024,10,Core Central Region,31 to 35
SKYE AT HOLLAND,"2,115,000",667.37,"3,169",Oct-25,HOLLAND VILLAGE WAY,New Sale,Strata,62,"34,113",-,Apartment,1,99 yrs lease commencing from 2024,10,Core Central Region,31 to 35
SKYE AT HOLLAND,"3,305,000","1,076.4","3,070",Oct-25,HOLLAND VILLAGE WAY,New Sale,Strata,100,"33,050",-,Apartment,1,99 yrs lease commencing from 2024,10,Core Central Region,31 to 35
SKYE AT HOLLAND,"3,883,000","1,237.86","3,137",Oct-25,HOLLAND VILLAGE WAY,New Sale,Strata,115,"33,765",-,Apartment,1,99 yrs lease commencing from 2024,10,Core Central Region,31 to 35
SKYE AT HOLLAND,"2,266,000",731.95,"3,096",Oct-25,HOLLAND VILLAGE WAY,New Sale,Strata,68,"33,324",-,Apartment,1,99 yrs lease commencing from 2024,10,Core Central Region,31 to 35
SKYE AT HOLLAND,"2,045,000",667.37,"3,064",Oct-25,HOLLAND VILLAGE WAY,New Sale,Strata,62,"32,984",-,Apartment,1,99 yrs lease commencing from 2024,10,Core Central Region,31 to 35
SKYE AT HOLLAND,"3,316,000","1,076.4","3,081",Oct-25,HOLLAND VILLAGE WAY,New Sale,Strata,100,"33,160",-,Apartment,1,99 yrs lease commencing from 2024,10,Core Central Region,31 to 35
SKYE AT HOLLAND,"2,142,000",667.37,"3,210",Oct-25,HOLLAND VILLAGE WAY,New Sale,Strata,62,"34,548",-,Apartment,1,99 yrs lease commencing from 2024,10,Core Central Region,31 to 35
SKYE AT HOLLAND,"2,289,000",731.95,"3,127",Oct-25,HOLLAND VILLAGE WAY,New Sale,Strata,68,"33,662",-,Apartment,1,99 yrs lease commencing from 2024,10,Core Central Region,31 to 35
SKYE AT HOLLAND,"3,935,000","1,237.86","3,179",Oct-25,HOLLAND VILLAGE WAY,New Sale,Strata,115,"34,217",-,Apartment,1,99 yrs lease commencing from 2024,10,Core Central Region,36 to 40
SKYE AT HOLLAND,"2,060,000",667.37,"3,087",Oct-25,HOLLAND VILLAGE WAY,New Sale,Strata,62,"33,226",-,Apartment,1,99 yrs lease commencing from 2024,10,Core Central Region,36 to 40
SKYE AT HOLLAND,"2,067,000",667.37,"3,097",Oct-25,HOLLAND VILLAGE WAY,New Sale,Strata,62,"33,339",-,Apartment,1,99 yrs lease commencing from 2024,10,Core Central Region,36 to 40
SKYE AT HOLLAND,"3,349,000","1,076.4","3,111",Oct-25,HOLLAND VILLAGE WAY,New Sale,Strata,100,"33,490",-,Apartment,1,99 yrs lease commencing from 2024,10,Core Central Region,36 to 40
SKYE AT HOLLAND,"2,073,000",667.37,"3,106",Oct-25,HOLLAND VILLAGE WAY,New Sale,Strata,62,"33,435",-,Apartment,1,99 yrs lease commencing from 2024,10,Core Central Region,36 to 40
SKYE AT HOLLAND,"2,427,000",742.72,"3,268",Oct-25,HOLLAND VILLAGE WAY,New Sale,Strata,69,"35,174",-,Apartment,1,99 yrs lease commencing from 2024,10,Core Central Region,36 to 40
UPPERHOUSE AT ORCHARD BOULEVARD,"2,228,000",699.66,"3,184",Oct-25,ORCHARD BOULEVARD,New Sale,Strata,65,"34,277",-,Apartment,1,99 yrs lease commencing from 2024,10,Core Central Region,06 to 10
SKYE AT HOLLAND,"3,337,000","1,237.86","2,696",Oct-25,HOLLAND VILLAGE WAY,New Sale,Strata,115,"29,017",-,Apartment,1,99 yrs lease commencing from 2024,10,Core Central Region,01 to 05
SKYE AT HOLLAND,"2,882,000","1,076.4","2,677",Oct-25,HOLLAND VILLAGE WAY,New Sale,Strata,100,"28,820",-,Apartment,1,99 yrs lease commencing from 2024,10,Core Central Region,06 to 10
SKYE AT HOLLAND,"1,594,000",581.26,"2,742",Oct-25,HOLLAND VILLAGE WAY,New Sale,Strata,54,"29,519",-,Apartment,1,99 yrs lease commencing from 2024,10,Core Central Region,11 to 15
SKYE AT HOLLAND,"1,610,000",581.26,"2,770",Oct-25,HOLLAND VILLAGE WAY,New Sale,Strata,54,"29,815",-,Apartment,1,99 yrs lease commencing from 2024,10,Core Central Region,11 to 15
SKYE AT HOLLAND,"1,912,000",678.13,"2,820",Oct-25,HOLLAND VILLAGE WAY,New Sale,Strata,63,"30,349",-,Apartment,1,99 yrs lease commencing from 2024,10,Core Central Region,11 to 15
SKYE AT HOLLAND,"1,947,000",678.13,"2,871",Oct-25,HOLLAND VILLAGE WAY,New Sale,Strata,63,"30,905",-,Apartment,1,99 yrs lease commencing from 2024,10,Core Central Region,16 to 20
SKYE AT HOLLAND,"1,660,000",581.26,"2,856",Oct-25,HOLLAND VILLAGE WAY,New Sale,Strata,54,"30,741",-,Apartment,1,99 yrs lease commencing from 2024,10,Core Central Region,16 to 20
SKYE AT HOLLAND,"3,636,000","1,237.86","2,937",Oct-25,HOLLAND VILLAGE WAY,New Sale,Strata,115,"31,617",-,Apartment,1,99 yrs lease commencing from 2024,10,Core Central Region,16 to 20
SKYE AT HOLLAND,"1,982,000",678.13,"2,923",Oct-25,HOLLAND VILLAGE WAY,New Sale,Strata,63,"31,460",-,Apartment,1,99 yrs lease commencing from 2024,10,Core Central Region,21 to 25
SKYE AT HOLLAND,"1,691,000",581.26,"2,909",Oct-25,HOLLAND VILLAGE WAY,New Sale,Strata,54,"31,315",-,Apartment,1,99 yrs lease commencing from 2024,10,Core Central Region,21 to 25
SKYE AT HOLLAND,"1,696,000",581.26,"2,918",Oct-25,HOLLAND VILLAGE WAY,New Sale,Strata,54,"31,407",-,Apartment,1,99 yrs lease commencing from 2024,10,Core Central Region,21 to 25
SKYE AT HOLLAND,"3,741,000","1,237.86","3,022",Oct-25,HOLLAND VILLAGE WAY,New Sale,Strata,115,"32,530",-,Apartment,1,99 yrs lease commencing from 2024,10,Core Central Region,21 to 25
SKYE AT HOLLAND,"1,705,000",581.26,"2,933",Oct-25,HOLLAND VILLAGE WAY,New Sale,Strata,54,"31,574",-,Apartment,1,99 yrs lease commencing from 2024,10,Core Central Region,21 to 25
SKYE AT HOLLAND,"2,025,000",678.13,"2,986",Oct-25,HOLLAND VILLAGE WAY,New Sale,Strata,63,"32,143",-,Apartment,1,99 yrs lease commencing from 2024,10,Core Central Region,26 to 30
SKYE AT HOLLAND,"1,747,000",581.26,"3,006",Oct-25,HOLLAND VILLAGE WAY,New Sale,Strata,54,"32,352",-,Apartment,1,99 yrs lease commencing from 2024,10,Core Central Region,31 to 35
SKYE AT HOLLAND,"1,768,000",581.26,"3,042",Oct-25,HOLLAND VILLAGE WAY,New Sale,Strata,54,"32,741",-,Apartment,1,99 yrs lease commencing from 2024,10,Core Central Region,31 to 35
SKYE AT HOLLAND,"3,870,000","1,237.86","3,126",Oct-25,HOLLAND VILLAGE WAY,New Sale,Strata,115,"33,652",-,Apartment,1,99 yrs lease commencing from 2024,10,Core Central Region,31 to 35
SKYE AT HOLLAND,"1,765,000",581.26,"3,037",Oct-25,HOLLAND VILLAGE WAY,New Sale,Strata,54,"32,685",-,Apartment,1,99 yrs lease commencing from 2024,10,Core Central Region,31 to 35
SKYE AT HOLLAND,"3,923,000","1,237.86","3,169",Oct-25,HOLLAND VILLAGE WAY,New Sale,Strata,115,"34,113",-,Apartment,1,99 yrs lease commencing from 2024,10,Core Central Region,31 to 35
SKYE AT HOLLAND,"1,777,000",581.26,"3,057",Oct-25,HOLLAND VILLAGE WAY,New Sale,Strata,54,"32,907",-,Apartment,1,99 yrs lease commencing from 2024,10,Core Central Region,36 to 40
SKYE AT HOLLAND,"2,806,000",914.94,"3,067",Oct-25,HOLLAND VILLAGE WAY,New Sale,Strata,85,"33,012",-,Apartment,1,99 yrs lease commencing from 2024,10,Core Central Region,36 to 40
SKYE AT HOLLAND,"2,101,000",678.13,"3,098",Oct-25,HOLLAND VILLAGE WAY,New Sale,Strata,63,"33,349",-,Apartment,1,99 yrs lease commencing from 2024,10,Core Central Region,36 to 40
SKYE AT HOLLAND,"1,817,000",581.26,"3,126",Oct-25,HOLLAND VILLAGE WAY,New Sale,Strata,54,"33,648",-,Apartment,1,99 yrs lease commencing from 2024,10,Core Central Region,36 to 40
SKYE AT HOLLAND,"1,929,000",731.95,"2,635",Oct-25,HOLLAND VILLAGE WAY,New Sale,Strata,68,"28,368",-,Apartment,1,99 yrs lease commencing from 2024,10,Core Central Region,01 to 05
SKYE AT HOLLAND,"1,758,000",667.37,"2,634",Oct-25,HOLLAND VILLAGE WAY,New Sale,Strata,62,"28,355",-,Apartment,1,99 yrs lease commencing from 2024,10,Core Central Region,01 to 05
SKYE AT HOLLAND,"2,865,000","1,076.4","2,662",Oct-25,HOLLAND VILLAGE WAY,New Sale,Strata,100,"28,650",-,Apartment,1,99 yrs lease commencing from 2024,10,Core Central Region,01 to 05
SKYE AT HOLLAND,"1,813,000",667.37,"2,717",Oct-25,HOLLAND VILLAGE WAY,New Sale,Strata,62,"29,242",-,Apartment,1,99 yrs lease commencing from 2024,10,Core Central Region,01 to 05
SKYE AT HOLLAND,"3,337,000","1,237.86","2,696",Oct-25,HOLLAND VILLAGE WAY,New Sale,Strata,115,"29,017",-,Apartment,1,99 yrs lease commencing from 2024,10,Core Central Region,01 to 05
SKYE AT HOLLAND,"1,929,000",731.95,"2,635",Oct-25,HOLLAND VILLAGE WAY,New Sale,Strata,68,"28,368",-,Apartment,1,99 yrs lease commencing from 2024,10,Core Central Region,01 to 05
SKYE AT HOLLAND,"1,937,000",731.95,"2,646",Oct-25,HOLLAND VILLAGE WAY,New Sale,Strata,68,"28,485",-,Apartment,1,99 yrs lease commencing from 2024,10,Core Central Region,01 to 05
SKYE AT HOLLAND,"1,765,000",667.37,"2,645",Oct-25,HOLLAND VILLAGE WAY,New Sale,Strata,62,"28,468",-,Apartment,1,99 yrs lease commencing from 2024,10,Core Central Region,01 to 05
SKYE AT HOLLAND,"2,877,000","1,076.4","2,673",Oct-25,HOLLAND VILLAGE WAY,New Sale,Strata,100,"28,770",-,Apartment,1,99 yrs lease commencing from 2024,10,Core Central Region,01 to 05
SKYE AT HOLLAND,"1,820,000",667.37,"2,727",Oct-25,HOLLAND VILLAGE WAY,New Sale,Strata,62,"29,355",-,Apartment,1,99 yrs lease commencing from 2024,10,Core Central Region,01 to 05
SKYE AT HOLLAND,"2,026,000",742.72,"2,728",Oct-25,HOLLAND VILLAGE WAY,New Sale,Strata,69,"29,362",-,Apartment,1,99 yrs lease commencing from 2024,10,Core Central Region,01 to 05
SKYE AT HOLLAND,"1,998,000",731.95,"2,730",Oct-25,HOLLAND VILLAGE WAY,New Sale,Strata,68,"29,382",-,Apartment,1,99 yrs lease commencing from 2024,10,Core Central Region,01 to 05
SKYE AT HOLLAND,"3,350,000","1,237.86","2,706",Oct-25,HOLLAND VILLAGE WAY,New Sale,Strata,115,"29,130",-,Apartment,1,99 yrs lease commencing from 2024,10,Core Central Region,01 to 05
SKYE AT HOLLAND,"1,937,000",731.95,"2,646",Oct-25,HOLLAND VILLAGE WAY,New Sale,Strata,68,"28,485",-,Apartment,1,99 yrs lease commencing from 2024,10,Core Central Region,01 to 05
SKYE AT HOLLAND,"1,953,000",731.95,"2,668",Oct-25,HOLLAND VILLAGE WAY,New Sale,Strata,68,"28,721",-,Apartment,1,99 yrs lease commencing from 2024,10,Core Central Region,06 to 10
SKYE AT HOLLAND,"1,780,000",667.37,"2,667",Oct-25,HOLLAND VILLAGE WAY,New Sale,Strata,62,"28,710",-,Apartment,1,99 yrs lease commencing from 2024,10,Core Central Region,06 to 10
SKYE AT HOLLAND,"2,898,000","1,076.4","2,692",Oct-25,HOLLAND VILLAGE WAY,New Sale,Strata,100,"28,980",-,Apartment,1,99 yrs lease commencing from 2024,10,Core Central Region,06 to 10
SKYE AT HOLLAND,"1,835,000",667.37,"2,750",Oct-25,HOLLAND VILLAGE WAY,New Sale,Strata,62,"29,597",-,Apartment,1,99 yrs lease commencing from 2024,10,Core Central Region,06 to 10
SKYE AT HOLLAND,"2,043,000",742.72,"2,751",Oct-25,HOLLAND VILLAGE WAY,New Sale,Strata,69,"29,609",-,Apartment,1,99 yrs lease commencing from 2024,10,Core Central Region,06 to 10
SKYE AT HOLLAND,"2,014,000",731.95,"2,752",Oct-25,HOLLAND VILLAGE WAY,New Sale,Strata,68,"29,618",-,Apartment,1,99 yrs lease commencing from 2024,10,Core Central Region,06 to 10
SKYE AT HOLLAND,"3,376,000","1,237.86","2,727",Oct-25,HOLLAND VILLAGE WAY,New Sale,Strata,115,"29,357",-,Apartment,1,99 yrs lease commencing from 2024,10,Core Central Region,06 to 10
SKYE AT HOLLAND,"1,953,000",731.95,"2,668",Oct-25,HOLLAND VILLAGE WAY,New Sale,Strata,68,"28,721",-,Apartment,1,99 yrs lease commencing from 2024,10,Core Central Region,06 to 10
SKYE AT HOLLAND,"2,051,000",742.72,"2,761",Oct-25,HOLLAND VILLAGE WAY,New Sale,Strata,69,"29,725",-,Apartment,1,99 yrs lease commencing from 2024,10,Core Central Region,06 to 10
SKYE AT HOLLAND,"1,962,000",731.95,"2,681",Oct-25,HOLLAND VILLAGE WAY,New Sale,Strata,68,"28,853",-,Apartment,1,99 yrs lease commencing from 2024,10,Core Central Region,06 to 10
SKYE AT HOLLAND,"2,082,000",742.72,"2,803",Oct-25,HOLLAND VILLAGE WAY,New Sale,Strata,69,"30,174",-,Apartment,1,99 yrs lease commencing from 2024,10,Core Central Region,06 to 10
SKYE AT HOLLAND,"1,993,000",731.95,"2,723",Oct-25,HOLLAND VILLAGE WAY,New Sale,Strata,68,"29,309",-,Apartment,1,99 yrs lease commencing from 2024,10,Core Central Region,06 to 10
SKYE AT HOLLAND,"1,821,000",667.37,"2,729",Oct-25,HOLLAND VILLAGE WAY,New Sale,Strata,62,"29,371",-,Apartment,1,99 yrs lease commencing from 2024,10,Core Central Region,06 to 10
SKYE AT HOLLAND,"2,090,000",742.72,"2,814",Oct-25,HOLLAND VILLAGE WAY,New Sale,Strata,69,"30,290",-,Apartment,1,99 yrs lease commencing from 2024,10,Core Central Region,06 to 10
SKYE AT HOLLAND,"2,001,000",731.95,"2,734",Oct-25,HOLLAND VILLAGE WAY,New Sale,Strata,68,"29,426",-,Apartment,1,99 yrs lease commencing from 2024,10,Core Central Region,06 to 10
SKYE AT HOLLAND,"2,009,000",731.95,"2,745",Oct-25,HOLLAND VILLAGE WAY,New Sale,Strata,68,"29,544",-,Apartment,1,99 yrs lease commencing from 2024,10,Core Central Region,06 to 10
SKYE AT HOLLAND,"2,098,000",742.72,"2,825",Oct-25,HOLLAND VILLAGE WAY,New Sale,Strata,69,"30,406",-,Apartment,1,99 yrs lease commencing from 2024,10,Core Central Region,06 to 10
SKYE AT HOLLAND,"2,017,000",731.95,"2,756",Oct-25,HOLLAND VILLAGE WAY,New Sale,Strata,68,"29,662",-,Apartment,1,99 yrs lease commencing from 2024,10,Core Central Region,11 to 15
SKYE AT HOLLAND,"1,836,000",667.37,"2,751",Oct-25,HOLLAND VILLAGE WAY,New Sale,Strata,62,"29,613",-,Apartment,1,99 yrs lease commencing from 2024,10,Core Central Region,11 to 15
SKYE AT HOLLAND,"2,106,000",742.72,"2,836",Oct-25,HOLLAND VILLAGE WAY,New Sale,Strata,69,"30,522",-,Apartment,1,99 yrs lease commencing from 2024,10,Core Central Region,11 to 15
SKYE AT HOLLAND,"3,481,000","1,237.86","2,812",Oct-25,HOLLAND VILLAGE WAY,New Sale,Strata,115,"30,270",-,Apartment,1,99 yrs lease commencing from 2024,10,Core Central Region,11 to 15
SKYE AT HOLLAND,"2,034,000",731.95,"2,779",Oct-25,HOLLAND VILLAGE WAY,New Sale,Strata,68,"29,912",-,Apartment,1,99 yrs lease commencing from 2024,10,Core Central Region,11 to 15
SKYE AT HOLLAND,"1,849,000",667.37,"2,771",Oct-25,HOLLAND VILLAGE WAY,New Sale,Strata,62,"29,823",-,Apartment,1,99 yrs lease commencing from 2024,10,Core Central Region,11 to 15
SKYE AT HOLLAND,"3,008,000","1,076.4","2,795",Oct-25,HOLLAND VILLAGE WAY,New Sale,Strata,100,"30,080",-,Apartment,1,99 yrs lease commencing from 2024,10,Core Central Region,11 to 15
SKYE AT HOLLAND,"1,905,000",667.37,"2,854",Oct-25,HOLLAND VILLAGE WAY,New Sale,Strata,62,"30,726",-,Apartment,1,99 yrs lease commencing from 2024,10,Core Central Region,11 to 15
SKYE AT HOLLAND,"2,123,000",742.72,"2,858",Oct-25,HOLLAND VILLAGE WAY,New Sale,Strata,69,"30,768",-,Apartment,1,99 yrs lease commencing from 2024,10,Core Central Region,11 to 15
SKYE AT HOLLAND,"5,137,000","1,765.3","2,910",Oct-25,HOLLAND VILLAGE WAY,New Sale,Strata,164,"31,323",-,Apartment,1,99 yrs lease commencing from 2024,10,Core Central Region,11 to 15
SKYE AT HOLLAND,"2,034,000",731.95,"2,779",Oct-25,HOLLAND VILLAGE WAY,New Sale,Strata,68,"29,912",-,Apartment,1,99 yrs lease commencing from 2024,10,Core Central Region,11 to 15
SKYE AT HOLLAND,"2,042,000",731.95,"2,790",Oct-25,HOLLAND VILLAGE WAY,New Sale,Strata,68,"30,029",-,Apartment,1,99 yrs lease commencing from 2024,10,Core Central Region,11 to 15
SKYE AT HOLLAND,"3,019,000","1,076.4","2,805",Oct-25,HOLLAND VILLAGE WAY,New Sale,Strata,100,"30,190",-,Apartment,1,99 yrs lease commencing from 2024,10,Core Central Region,11 to 15
SKYE AT HOLLAND,"1,911,000",667.37,"2,863",Oct-25,HOLLAND VILLAGE WAY,New Sale,Strata,62,"30,823",-,Apartment,1,99 yrs lease commencing from 2024,10,Core Central Region,11 to 15
SKYE AT HOLLAND,"3,519,000","1,237.86","2,843",Oct-25,HOLLAND VILLAGE WAY,New Sale,Strata,115,"30,600",-,Apartment,1,99 yrs lease commencing from 2024,10,Core Central Region,11 to 15
SKYE AT HOLLAND,"2,042,000",731.95,"2,790",Oct-25,HOLLAND VILLAGE WAY,New Sale,Strata,68,"30,029",-,Apartment,1,99 yrs lease commencing from 2024,10,Core Central Region,11 to 15
SKYE AT HOLLAND,"2,050,000",731.95,"2,801",Oct-25,HOLLAND VILLAGE WAY,New Sale,Strata,68,"30,147",-,Apartment,1,99 yrs lease commencing from 2024,10,Core Central Region,11 to 15
SKYE AT HOLLAND,"3,031,000","1,076.4","2,816",Oct-25,HOLLAND VILLAGE WAY,New Sale,Strata,100,"30,310",-,Apartment,1,99 yrs lease commencing from 2024,10,Core Central Region,11 to 15
SKYE AT HOLLAND,"1,918,000",667.37,"2,874",Oct-25,HOLLAND VILLAGE WAY,New Sale,Strata,62,"30,935",-,Apartment,1,99 yrs lease commencing from 2024,10,Core Central Region,11 to 15
SKYE AT HOLLAND,"2,139,000",742.72,"2,880",Oct-25,HOLLAND VILLAGE WAY,New Sale,Strata,69,"31,000",-,Apartment,1,99 yrs lease commencing from 2024,10,Core Central Region,11 to 15
SKYE AT HOLLAND,"2,109,000",731.95,"2,881",Oct-25,HOLLAND VILLAGE WAY,New Sale,Strata,68,"31,015",-,Apartment,1,99 yrs lease commencing from 2024,10,Core Central Region,11 to 15
SKYE AT HOLLAND,"2,050,000",731.95,"2,801",Oct-25,HOLLAND VILLAGE WAY,New Sale,Strata,68,"30,147",-,Apartment,1,99 yrs lease commencing from 2024,10,Core Central Region,11 to 15
SKYE AT HOLLAND,"2,073,000",731.95,"2,832",Oct-25,HOLLAND VILLAGE WAY,New Sale,Strata,68,"30,485",-,Apartment,1,99 yrs lease commencing from 2024,10,Core Central Region,11 to 15
SKYE AT HOLLAND,"1,884,000",667.37,"2,823",Oct-25,HOLLAND VILLAGE WAY,New Sale,Strata,62,"30,387",-,Apartment,1,99 yrs lease commencing from 2024,10,Core Central Region,11 to 15
SKYE AT HOLLAND,"3,063,000","1,076.4","2,846",Oct-25,HOLLAND VILLAGE WAY,New Sale,Strata,100,"30,630",-,Apartment,1,99 yrs lease commencing from 2024,10,Core Central Region,11 to 15
SKYE AT HOLLAND,"2,170,000",742.72,"2,922",Oct-25,HOLLAND VILLAGE WAY,New Sale,Strata,69,"31,449",-,Apartment,1,99 yrs lease commencing from 2024,10,Core Central Region,11 to 15
SKYE AT HOLLAND,"3,572,000","1,237.86","2,886",Oct-25,HOLLAND VILLAGE WAY,New Sale,Strata,115,"31,061",-,Apartment,1,99 yrs lease commencing from 2024,10,Core Central Region,11 to 15
SKYE AT HOLLAND,"2,073,000",731.95,"2,832",Oct-25,HOLLAND VILLAGE WAY,New Sale,Strata,68,"30,485",-,Apartment,1,99 yrs lease commencing from 2024,10,Core Central Region,11 to 15
SKYE AT HOLLAND,"2,081,000",731.95,"2,843",Oct-25,HOLLAND VILLAGE WAY,New Sale,Strata,68,"30,603",-,Apartment,1,99 yrs lease commencing from 2024,10,Core Central Region,16 to 20
SKYE AT HOLLAND,"1,891,000",667.37,"2,834",Oct-25,HOLLAND VILLAGE WAY,New Sale,Strata,62,"30,500",-,Apartment,1,99 yrs lease commencing from 2024,10,Core Central Region,16 to 20
SKYE AT HOLLAND,"3,075,000","1,076.4","2,857",Oct-25,HOLLAND VILLAGE WAY,New Sale,Strata,100,"30,750",-,Apartment,1,99 yrs lease commencing from 2024,10,Core Central Region,16 to 20
SKYE AT HOLLAND,"2,178,000",742.72,"2,932",Oct-25,HOLLAND VILLAGE WAY,New Sale,Strata,69,"31,565",-,Apartment,1,99 yrs lease commencing from 2024,10,Core Central Region,16 to 20
SKYE AT HOLLAND,"2,081,000",731.95,"2,843",Oct-25,HOLLAND VILLAGE WAY,New Sale,Strata,68,"30,603",-,Apartment,1,99 yrs lease commencing from 2024,10,Core Central Region,16 to 20
SKYE AT HOLLAND,"2,089,000",731.95,"2,854",Oct-25,HOLLAND VILLAGE WAY,New Sale,Strata,68,"30,721",-,Apartment,1,99 yrs lease commencing from 2024,10,Core Central Region,16 to 20
SKYE AT HOLLAND,"1,899,000",667.37,"2,846",Oct-25,HOLLAND VILLAGE WAY,New Sale,Strata,62,"30,629",-,Apartment,1,99 yrs lease commencing from 2024,10,Core Central Region,16 to 20
SKYE AT HOLLAND,"3,086,000","1,076.4","2,867",Oct-25,HOLLAND VILLAGE WAY,New Sale,Strata,100,"30,860",-,Apartment,1,99 yrs lease commencing from 2024,10,Core Central Region,16 to 20
SKYE AT HOLLAND,"1,961,000",667.37,"2,938",Oct-25,HOLLAND VILLAGE WAY,New Sale,Strata,62,"31,629",-,Apartment,1,99 yrs lease commencing from 2024,10,Core Central Region,16 to 20
SKYE AT HOLLAND,"2,187,000",742.72,"2,945",Oct-25,HOLLAND VILLAGE WAY,New Sale,Strata,69,"31,696",-,Apartment,1,99 yrs lease commencing from 2024,10,Core Central Region,16 to 20
SKYE AT HOLLAND,"2,089,000",731.95,"2,854",Oct-25,HOLLAND VILLAGE WAY,New Sale,Strata,68,"30,721",-,Apartment,1,99 yrs lease commencing from 2024,10,Core Central Region,16 to 20
SKYE AT HOLLAND,"2,106,000",731.95,"2,877",Oct-25,HOLLAND VILLAGE WAY,New Sale,Strata,68,"30,971",-,Apartment,1,99 yrs lease commencing from 2024,10,Core Central Region,16 to 20
SKYE AT HOLLAND,"3,107,000","1,076.4","2,886",Oct-25,HOLLAND VILLAGE WAY,New Sale,Strata,100,"31,070",-,Apartment,1,99 yrs lease commencing from 2024,10,Core Central Region,16 to 20
SKYE AT HOLLAND,"1,981,000",667.37,"2,968",Oct-25,HOLLAND VILLAGE WAY,New Sale,Strata,62,"31,952",-,Apartment,1,99 yrs lease commencing from 2024,10,Core Central Region,16 to 20
SKYE AT HOLLAND,"2,211,000",742.72,"2,977",Oct-25,HOLLAND VILLAGE WAY,New Sale,Strata,69,"32,043",-,Apartment,1,99 yrs lease commencing from 2024,10,Core Central Region,16 to 20
SKYE AT HOLLAND,"3,624,000","1,237.86","2,928",Oct-25,HOLLAND VILLAGE WAY,New Sale,Strata,115,"31,513",-,Apartment,1,99 yrs lease commencing from 2024,10,Core Central Region,16 to 20
SKYE AT HOLLAND,"2,106,000",731.95,"2,877",Oct-25,HOLLAND VILLAGE WAY,New Sale,Strata,68,"30,971",-,Apartment,1,99 yrs lease commencing from 2024,10,Core Central Region,16 to 20
SKYE AT HOLLAND,"2,114,000",731.95,"2,888",Oct-25,HOLLAND VILLAGE WAY,New Sale,Strata,68,"31,088",-,Apartment,1,99 yrs lease commencing from 2024,10,Core Central Region,16 to 20
SKYE AT HOLLAND,"1,919,000",667.37,"2,875",Oct-25,HOLLAND VILLAGE WAY,New Sale,Strata,62,"30,952",-,Apartment,1,99 yrs lease commencing from 2024,10,Core Central Region,16 to 20
SKYE AT HOLLAND,"3,118,000","1,076.4","2,897",Oct-25,HOLLAND VILLAGE WAY,New Sale,Strata,100,"31,180",-,Apartment,1,99 yrs lease commencing from 2024,10,Core Central Region,16 to 20
SKYE AT HOLLAND,"2,218,000",742.72,"2,986",Oct-25,HOLLAND VILLAGE WAY,New Sale,Strata,69,"32,145",-,Apartment,1,99 yrs lease commencing from 2024,10,Core Central Region,16 to 20
SKYE AT HOLLAND,"2,114,000",731.95,"2,888",Oct-25,HOLLAND VILLAGE WAY,New Sale,Strata,68,"31,088",-,Apartment,1,99 yrs lease commencing from 2024,10,Core Central Region,16 to 20
SKYE AT HOLLAND,"2,130,000",731.95,"2,910",Oct-25,HOLLAND VILLAGE WAY,New Sale,Strata,68,"31,324",-,Apartment,1,99 yrs lease commencing from 2024,10,Core Central Region,16 to 20
SKYE AT HOLLAND,"1,934,000",667.37,"2,898",Oct-25,HOLLAND VILLAGE WAY,New Sale,Strata,62,"31,194",-,Apartment,1,99 yrs lease commencing from 2024,10,Core Central Region,16 to 20
SKYE AT HOLLAND,"3,141,000","1,076.4","2,918",Oct-25,HOLLAND VILLAGE WAY,New Sale,Strata,100,"31,410",-,Apartment,1,99 yrs lease commencing from 2024,10,Core Central Region,16 to 20
SKYE AT HOLLAND,"2,002,000",667.37,"3,000",Oct-25,HOLLAND VILLAGE WAY,New Sale,Strata,62,"32,290",-,Apartment,1,99 yrs lease commencing from 2024,10,Core Central Region,16 to 20
SKYE AT HOLLAND,"2,234,000",742.72,"3,008",Oct-25,HOLLAND VILLAGE WAY,New Sale,Strata,69,"32,377",-,Apartment,1,99 yrs lease commencing from 2024,10,Core Central Region,16 to 20
SKYE AT HOLLAND,"2,130,000",731.95,"2,910",Oct-25,HOLLAND VILLAGE WAY,New Sale,Strata,68,"31,324",-,Apartment,1,99 yrs lease commencing from 2024,10,Core Central Region,16 to 20
SKYE AT HOLLAND,"2,137,000",731.95,"2,920",Oct-25,HOLLAND VILLAGE WAY,New Sale,Strata,68,"31,426",-,Apartment,1,99 yrs lease commencing from 2024,10,Core Central Region,21 to 25
SKYE AT HOLLAND,"3,151,000","1,076.4","2,927",Oct-25,HOLLAND VILLAGE WAY,New Sale,Strata,100,"31,510",-,Apartment,1,99 yrs lease commencing from 2024,10,Core Central Region,21 to 25
SKYE AT HOLLAND,"2,242,000",742.72,"3,019",Oct-25,HOLLAND VILLAGE WAY,New Sale,Strata,69,"32,493",-,Apartment,1,99 yrs lease commencing from 2024,10,Core Central Region,21 to 25
SKYE AT HOLLAND,"2,214,000",731.95,"3,025",Oct-25,HOLLAND VILLAGE WAY,New Sale,Strata,68,"32,559",-,Apartment,1,99 yrs lease commencing from 2024,10,Core Central Region,21 to 25
SKYE AT HOLLAND,"3,675,000","1,237.86","2,969",Oct-25,HOLLAND VILLAGE WAY,New Sale,Strata,115,"31,957",-,Apartment,1,99 yrs lease commencing from 2024,10,Core Central Region,21 to 25
SKYE AT HOLLAND,"2,137,000",731.95,"2,920",Oct-25,HOLLAND VILLAGE WAY,New Sale,Strata,68,"31,426",-,Apartment,1,99 yrs lease commencing from 2024,10,Core Central Region,21 to 25
SKYE AT HOLLAND,"2,145,000",731.95,"2,931",Oct-25,HOLLAND VILLAGE WAY,New Sale,Strata,68,"31,544",-,Apartment,1,99 yrs lease commencing from 2024,10,Core Central Region,21 to 25
SKYE AT HOLLAND,"1,947,000",667.37,"2,917",Oct-25,HOLLAND VILLAGE WAY,New Sale,Strata,62,"31,403",-,Apartment,1,99 yrs lease commencing from 2024,10,Core Central Region,21 to 25
SKYE AT HOLLAND,"3,162,000","1,076.4","2,938",Oct-25,HOLLAND VILLAGE WAY,New Sale,Strata,100,"31,620",-,Apartment,1,99 yrs lease commencing from 2024,10,Core Central Region,21 to 25
SKYE AT HOLLAND,"2,016,000",667.37,"3,021",Oct-25,HOLLAND VILLAGE WAY,New Sale,Strata,62,"32,516",-,Apartment,1,99 yrs lease commencing from 2024,10,Core Central Region,21 to 25
SKYE AT HOLLAND,"2,222,000",731.95,"3,036",Oct-25,HOLLAND VILLAGE WAY,New Sale,Strata,68,"32,676",-,Apartment,1,99 yrs lease commencing from 2024,10,Core Central Region,21 to 25
SKYE AT HOLLAND,"3,689,000","1,237.86","2,980",Oct-25,HOLLAND VILLAGE WAY,New Sale,Strata,115,"32,078",-,Apartment,1,99 yrs lease commencing from 2024,10,Core Central Region,21 to 25
SKYE AT HOLLAND,"2,145,000",731.95,"2,931",Oct-25,HOLLAND VILLAGE WAY,New Sale,Strata,68,"31,544",-,Apartment,1,99 yrs lease commencing from 2024,10,Core Central Region,21 to 25
SKYE AT HOLLAND,"2,153,000",731.95,"2,941",Oct-25,HOLLAND VILLAGE WAY,New Sale,Strata,68,"31,662",-,Apartment,1,99 yrs lease commencing from 2024,10,Core Central Region,21 to 25
SKYE AT HOLLAND,"1,954,000",667.37,"2,928",Oct-25,HOLLAND VILLAGE WAY,New Sale,Strata,62,"31,516",-,Apartment,1,99 yrs lease commencing from 2024,10,Core Central Region,21 to 25
SKYE AT HOLLAND,"3,174,000","1,076.4","2,949",Oct-25,HOLLAND VILLAGE WAY,New Sale,Strata,100,"31,740",-,Apartment,1,99 yrs lease commencing from 2024,10,Core Central Region,21 to 25
SKYE AT HOLLAND,"2,024,000",667.37,"3,033",Oct-25,HOLLAND VILLAGE WAY,New Sale,Strata,62,"32,645",-,Apartment,1,99 yrs lease commencing from 2024,10,Core Central Region,21 to 25
SKYE AT HOLLAND,"2,259,000",742.72,"3,042",Oct-25,HOLLAND VILLAGE WAY,New Sale,Strata,69,"32,739",-,Apartment,1,99 yrs lease commencing from 2024,10,Core Central Region,21 to 25
SKYE AT HOLLAND,"2,230,000",731.95,"3,047",Oct-25,HOLLAND VILLAGE WAY,New Sale,Strata,68,"32,794",-,Apartment,1,99 yrs lease commencing from 2024,10,Core Central Region,21 to 25
SKYE AT HOLLAND,"5,460,000","1,765.3","3,093",Oct-25,HOLLAND VILLAGE WAY,New Sale,Strata,164,"33,293",-,Apartment,1,99 yrs lease commencing from 2024,10,Core Central Region,21 to 25
SKYE AT HOLLAND,"3,701,000","1,237.86","2,990",Oct-25,HOLLAND VILLAGE WAY,New Sale,Strata,115,"32,183",-,Apartment,1,99 yrs lease commencing from 2024,10,Core Central Region,21 to 25
SKYE AT HOLLAND,"2,153,000",731.95,"2,941",Oct-25,HOLLAND VILLAGE WAY,New Sale,Strata,68,"31,662",-,Apartment,1,99 yrs lease commencing from 2024,10,Core Central Region,21 to 25
SKYE AT HOLLAND,"2,161,000",731.95,"2,952",Oct-25,HOLLAND VILLAGE WAY,New Sale,Strata,68,"31,779",-,Apartment,1,99 yrs lease commencing from 2024,10,Core Central Region,21 to 25
SKYE AT HOLLAND,"1,962,000",667.37,"2,940",Oct-25,HOLLAND VILLAGE WAY,New Sale,Strata,62,"31,645",-,Apartment,1,99 yrs lease commencing from 2024,10,Core Central Region,21 to 25
SKYE AT HOLLAND,"3,185,000","1,076.4","2,959",Oct-25,HOLLAND VILLAGE WAY,New Sale,Strata,100,"31,850",-,Apartment,1,99 yrs lease commencing from 2024,10,Core Central Region,21 to 25
SKYE AT HOLLAND,"2,031,000",667.37,"3,043",Oct-25,HOLLAND VILLAGE WAY,New Sale,Strata,62,"32,758",-,Apartment,1,99 yrs lease commencing from 2024,10,Core Central Region,21 to 25
SKYE AT HOLLAND,"2,238,000",731.95,"3,058",Oct-25,HOLLAND VILLAGE WAY,New Sale,Strata,68,"32,912",-,Apartment,1,99 yrs lease commencing from 2024,10,Core Central Region,21 to 25
SKYE AT HOLLAND,"3,715,000","1,237.86","3,001",Oct-25,HOLLAND VILLAGE WAY,New Sale,Strata,115,"32,304",-,Apartment,1,99 yrs lease commencing from 2024,10,Core Central Region,21 to 25
SKYE AT HOLLAND,"2,161,000",731.95,"2,952",Oct-25,HOLLAND VILLAGE WAY,New Sale,Strata,68,"31,779",-,Apartment,1,99 yrs lease commencing from 2024,10,Core Central Region,21 to 25
SKYE AT HOLLAND,"2,283,000",742.72,"3,074",Oct-25,HOLLAND VILLAGE WAY,New Sale,Strata,69,"33,087",-,Apartment,1,99 yrs lease commencing from 2024,10,Core Central Region,21 to 25
SKYE AT HOLLAND,"2,178,000",731.95,"2,976",Oct-25,HOLLAND VILLAGE WAY,New Sale,Strata,68,"32,029",-,Apartment,1,99 yrs lease commencing from 2024,10,Core Central Region,26 to 30
SKYE AT HOLLAND,"1,975,000",667.37,"2,959",Oct-25,HOLLAND VILLAGE WAY,New Sale,Strata,62,"31,855",-,Apartment,1,99 yrs lease commencing from 2024,10,Core Central Region,26 to 30
SKYE AT HOLLAND,"3,206,000","1,076.4","2,978",Oct-25,HOLLAND VILLAGE WAY,New Sale,Strata,100,"32,060",-,Apartment,1,99 yrs lease commencing from 2024,10,Core Central Region,26 to 30
SKYE AT HOLLAND,"3,753,000","1,237.86","3,032",Oct-25,HOLLAND VILLAGE WAY,New Sale,Strata,115,"32,635",-,Apartment,1,99 yrs lease commencing from 2024,10,Core Central Region,26 to 30
SKYE AT HOLLAND,"2,186,000",731.95,"2,987",Oct-25,HOLLAND VILLAGE WAY,New Sale,Strata,68,"32,147",-,Apartment,1,99 yrs lease commencing from 2024,10,Core Central Region,26 to 30
SKYE AT HOLLAND,"2,186,000",731.95,"2,987",Oct-25,HOLLAND VILLAGE WAY,New Sale,Strata,68,"32,147",-,Apartment,1,99 yrs lease commencing from 2024,10,Core Central Region,26 to 30
SKYE AT HOLLAND,"1,982,000",667.37,"2,970",Oct-25,HOLLAND VILLAGE WAY,New Sale,Strata,62,"31,968",-,Apartment,1,99 yrs lease commencing from 2024,10,Core Central Region,26 to 30
SKYE AT HOLLAND,"1,997,000",667.37,"2,992",Oct-25,HOLLAND VILLAGE WAY,New Sale,Strata,62,"32,210",-,Apartment,1,99 yrs lease commencing from 2024,10,Core Central Region,26 to 30
SKYE AT HOLLAND,"3,240,000","1,076.4","3,010",Oct-25,HOLLAND VILLAGE WAY,New Sale,Strata,100,"32,400",-,Apartment,1,99 yrs lease commencing from 2024,10,Core Central Region,26 to 30
SKYE AT HOLLAND,"2,322,000",742.72,"3,126",Oct-25,HOLLAND VILLAGE WAY,New Sale,Strata,69,"33,652",-,Apartment,1,99 yrs lease commencing from 2024,10,Core Central Region,26 to 30
SKYE AT HOLLAND,"2,294,000",731.95,"3,134",Oct-25,HOLLAND VILLAGE WAY,New Sale,Strata,68,"33,735",-,Apartment,1,99 yrs lease commencing from 2024,10,Core Central Region,26 to 30
SKYE AT HOLLAND,"3,806,000","1,237.86","3,075",Oct-25,HOLLAND VILLAGE WAY,New Sale,Strata,115,"33,096",-,Apartment,1,99 yrs lease commencing from 2024,10,Core Central Region,26 to 30
SKYE AT HOLLAND,"2,217,000",731.95,"3,029",Oct-25,HOLLAND VILLAGE WAY,New Sale,Strata,68,"32,603",-,Apartment,1,99 yrs lease commencing from 2024,10,Core Central Region,26 to 30
SKYE AT HOLLAND,"2,004,000",667.37,"3,003",Oct-25,HOLLAND VILLAGE WAY,New Sale,Strata,62,"32,323",-,Apartment,1,99 yrs lease commencing from 2024,10,Core Central Region,26 to 30
SKYE AT HOLLAND,"3,250,000","1,076.4","3,019",Oct-25,HOLLAND VILLAGE WAY,New Sale,Strata,100,"32,500",-,Apartment,1,99 yrs lease commencing from 2024,10,Core Central Region,26 to 30
SKYE AT HOLLAND,"2,331,000",742.72,"3,138",Oct-25,HOLLAND VILLAGE WAY,New Sale,Strata,69,"33,783",-,Apartment,1,99 yrs lease commencing from 2024,10,Core Central Region,26 to 30
SKYE AT HOLLAND,"2,302,000",731.95,"3,145",Oct-25,HOLLAND VILLAGE WAY,New Sale,Strata,68,"33,853",-,Apartment,1,99 yrs lease commencing from 2024,10,Core Central Region,26 to 30
SKYE AT HOLLAND,"3,818,000","1,237.86","3,084",Oct-25,HOLLAND VILLAGE WAY,New Sale,Strata,115,"33,200",-,Apartment,1,99 yrs lease commencing from 2024,10,Core Central Region,26 to 30
SKYE AT HOLLAND,"2,225,000",731.95,"3,040",Oct-25,HOLLAND VILLAGE WAY,New Sale,Strata,68,"32,721",-,Apartment,1,99 yrs lease commencing from 2024,10,Core Central Region,26 to 30
SKYE AT HOLLAND,"2,217,000",731.95,"3,029",Oct-25,HOLLAND VILLAGE WAY,New Sale,Strata,68,"32,603",-,Apartment,1,99 yrs lease commencing from 2024,10,Core Central Region,26 to 30
SKYE AT HOLLAND,"2,010,000",667.37,"3,012",Oct-25,HOLLAND VILLAGE WAY,New Sale,Strata,62,"32,419",-,Apartment,1,99 yrs lease commencing from 2024,10,Core Central Region,26 to 30
SKYE AT HOLLAND,"3,261,000","1,076.4","3,030",Oct-25,HOLLAND VILLAGE WAY,New Sale,Strata,100,"32,610",-,Apartment,1,99 yrs lease commencing from 2024,10,Core Central Region,26 to 30
SKYE AT HOLLAND,"2,094,000",667.37,"3,138",Oct-25,HOLLAND VILLAGE WAY,New Sale,Strata,62,"33,774",-,Apartment,1,99 yrs lease commencing from 2024,10,Core Central Region,26 to 30
SKYE AT HOLLAND,"2,339,000",742.72,"3,149",Oct-25,HOLLAND VILLAGE WAY,New Sale,Strata,69,"33,899",-,Apartment,1,99 yrs lease commencing from 2024,10,Core Central Region,26 to 30
SKYE AT HOLLAND,"2,310,000",731.95,"3,156",Oct-25,HOLLAND VILLAGE WAY,New Sale,Strata,68,"33,971",-,Apartment,1,99 yrs lease commencing from 2024,10,Core Central Region,26 to 30
SKYE AT HOLLAND,"3,832,000","1,237.86","3,096",Oct-25,HOLLAND VILLAGE WAY,New Sale,Strata,115,"33,322",-,Apartment,1,99 yrs lease commencing from 2024,10,Core Central Region,26 to 30
SKYE AT HOLLAND,"2,225,000",731.95,"3,040",Oct-25,HOLLAND VILLAGE WAY,New Sale,Strata,68,"32,721",-,Apartment,1,99 yrs lease commencing from 2024,10,Core Central Region,31 to 35
SKYE AT HOLLAND,"2,017,000",667.37,"3,022",Oct-25,HOLLAND VILLAGE WAY,New Sale,Strata,62,"32,532",-,Apartment,1,99 yrs lease commencing from 2024,10,Core Central Region,31 to 35
SKYE AT HOLLAND,"2,100,000",667.37,"3,147",Oct-25,HOLLAND VILLAGE WAY,New Sale,Strata,62,"33,871",-,Apartment,1,99 yrs lease commencing from 2024,10,Core Central Region,31 to 35
SKYE AT HOLLAND,"2,347,000",742.72,"3,160",Oct-25,HOLLAND VILLAGE WAY,New Sale,Strata,69,"34,014",-,Apartment,1,99 yrs lease commencing from 2024,10,Core Central Region,31 to 35
SKYE AT HOLLAND,"2,317,000",731.95,"3,166",Oct-25,HOLLAND VILLAGE WAY,New Sale,Strata,68,"34,074",-,Apartment,1,99 yrs lease commencing from 2024,10,Core Central Region,31 to 35
SKYE AT HOLLAND,"3,844,000","1,237.86","3,105",Oct-25,HOLLAND VILLAGE WAY,New Sale,Strata,115,"33,426",-,Apartment,1,99 yrs lease commencing from 2024,10,Core Central Region,31 to 35
SKYE AT HOLLAND,"2,241,000",731.95,"3,062",Oct-25,HOLLAND VILLAGE WAY,New Sale,Strata,68,"32,956",-,Apartment,1,99 yrs lease commencing from 2024,10,Core Central Region,31 to 35
SKYE AT HOLLAND,"2,233,000",731.95,"3,051",Oct-25,HOLLAND VILLAGE WAY,New Sale,Strata,68,"32,838",-,Apartment,1,99 yrs lease commencing from 2024,10,Core Central Region,31 to 35
SKYE AT HOLLAND,"2,025,000",667.37,"3,034",Oct-25,HOLLAND VILLAGE WAY,New Sale,Strata,62,"32,661",-,Apartment,1,99 yrs lease commencing from 2024,10,Core Central Region,31 to 35
SKYE AT HOLLAND,"2,355,000",742.72,"3,171",Oct-25,HOLLAND VILLAGE WAY,New Sale,Strata,69,"34,130",-,Apartment,1,99 yrs lease commencing from 2024,10,Core Central Region,31 to 35
SKYE AT HOLLAND,"2,325,000",731.95,"3,176",Oct-25,HOLLAND VILLAGE WAY,New Sale,Strata,68,"34,191",-,Apartment,1,99 yrs lease commencing from 2024,10,Core Central Region,31 to 35
SKYE AT HOLLAND,"3,858,000","1,237.86","3,117",Oct-25,HOLLAND VILLAGE WAY,New Sale,Strata,115,"33,548",-,Apartment,1,99 yrs lease commencing from 2024,10,Core Central Region,31 to 35
SKYE AT HOLLAND,"2,250,000",731.95,"3,074",Oct-25,HOLLAND VILLAGE WAY,New Sale,Strata,68,"33,088",-,Apartment,1,99 yrs lease commencing from 2024,10,Core Central Region,31 to 35
SKYE AT HOLLAND,"2,241,000",731.95,"3,062",Oct-25,HOLLAND VILLAGE WAY,New Sale,Strata,68,"32,956",-,Apartment,1,99 yrs lease commencing from 2024,10,Core Central Region,31 to 35
SKYE AT HOLLAND,"2,032,000",667.37,"3,045",Oct-25,HOLLAND VILLAGE WAY,New Sale,Strata,62,"32,774",-,Apartment,1,99 yrs lease commencing from 2024,10,Core Central Region,31 to 35
SKYE AT HOLLAND,"3,294,000","1,076.4","3,060",Oct-25,HOLLAND VILLAGE WAY,New Sale,Strata,100,"32,940",-,Apartment,1,99 yrs lease commencing from 2024,10,Core Central Region,31 to 35
SKYE AT HOLLAND,"2,362,000",742.72,"3,180",Oct-25,HOLLAND VILLAGE WAY,New Sale,Strata,69,"34,232",-,Apartment,1,99 yrs lease commencing from 2024,10,Core Central Region,31 to 35
SKYE AT HOLLAND,"2,333,000",731.95,"3,187",Oct-25,HOLLAND VILLAGE WAY,New Sale,Strata,68,"34,309",-,Apartment,1,99 yrs lease commencing from 2024,10,Core Central Region,31 to 35
SKYE AT HOLLAND,"3,870,000","1,237.86","3,126",Oct-25,HOLLAND VILLAGE WAY,New Sale,Strata,115,"33,652",-,Apartment,1,99 yrs lease commencing from 2024,10,Core Central Region,31 to 35
SKYE AT HOLLAND,"2,258,000",731.95,"3,085",Oct-25,HOLLAND VILLAGE WAY,New Sale,Strata,68,"33,206",-,Apartment,1,99 yrs lease commencing from 2024,10,Core Central Region,31 to 35
SKYE AT HOLLAND,"2,250,000",731.95,"3,074",Oct-25,HOLLAND VILLAGE WAY,New Sale,Strata,68,"33,088",-,Apartment,1,99 yrs lease commencing from 2024,10,Core Central Region,31 to 35
SKYE AT HOLLAND,"2,038,000",667.37,"3,054",Oct-25,HOLLAND VILLAGE WAY,New Sale,Strata,62,"32,871",-,Apartment,1,99 yrs lease commencing from 2024,10,Core Central Region,31 to 35
SKYE AT HOLLAND,"2,122,000",667.37,"3,180",Oct-25,HOLLAND VILLAGE WAY,New Sale,Strata,62,"34,226",-,Apartment,1,99 yrs lease commencing from 2024,10,Core Central Region,31 to 35
SKYE AT HOLLAND,"2,370,000",742.72,"3,191",Oct-25,HOLLAND VILLAGE WAY,New Sale,Strata,69,"34,348",-,Apartment,1,99 yrs lease commencing from 2024,10,Core Central Region,31 to 35
SKYE AT HOLLAND,"2,341,000",731.95,"3,198",Oct-25,HOLLAND VILLAGE WAY,New Sale,Strata,68,"34,426",-,Apartment,1,99 yrs lease commencing from 2024,10,Core Central Region,31 to 35
SKYE AT HOLLAND,"2,258,000",731.95,"3,085",Oct-25,HOLLAND VILLAGE WAY,New Sale,Strata,68,"33,206",-,Apartment,1,99 yrs lease commencing from 2024,10,Core Central Region,31 to 35
SKYE AT HOLLAND,"2,394,000",742.72,"3,223",Oct-25,HOLLAND VILLAGE WAY,New Sale,Strata,69,"34,696",-,Apartment,1,99 yrs lease commencing from 2024,10,Core Central Region,31 to 35
SKYE AT HOLLAND,"2,366,000",731.95,"3,232",Oct-25,HOLLAND VILLAGE WAY,New Sale,Strata,68,"34,794",-,Apartment,1,99 yrs lease commencing from 2024,10,Core Central Region,31 to 35
SKYE AT HOLLAND,"3,923,000","1,237.86","3,169",Oct-25,HOLLAND VILLAGE WAY,New Sale,Strata,115,"34,113",-,Apartment,1,99 yrs lease commencing from 2024,10,Core Central Region,31 to 35
SKYE AT HOLLAND,"2,052,000",667.37,"3,075",Oct-25,HOLLAND VILLAGE WAY,New Sale,Strata,62,"33,097",-,Apartment,1,99 yrs lease commencing from 2024,10,Core Central Region,36 to 40
SKYE AT HOLLAND,"3,328,000","1,076.4","3,092",Oct-25,HOLLAND VILLAGE WAY,New Sale,Strata,100,"33,280",-,Apartment,1,99 yrs lease commencing from 2024,10,Core Central Region,36 to 40
SKYE AT HOLLAND,"2,150,000",667.37,"3,222",Oct-25,HOLLAND VILLAGE WAY,New Sale,Strata,62,"34,677",-,Apartment,1,99 yrs lease commencing from 2024,10,Core Central Region,36 to 40
SKYE AT HOLLAND,"2,403,000",742.72,"3,235",Oct-25,HOLLAND VILLAGE WAY,New Sale,Strata,69,"34,826",-,Apartment,1,99 yrs lease commencing from 2024,10,Core Central Region,36 to 40
SKYE AT HOLLAND,"2,374,000",731.95,"3,243",Oct-25,HOLLAND VILLAGE WAY,New Sale,Strata,68,"34,912",-,Apartment,1,99 yrs lease commencing from 2024,10,Core Central Region,36 to 40
SKYE AT HOLLAND,"2,274,000",731.95,"3,107",Oct-25,HOLLAND VILLAGE WAY,New Sale,Strata,68,"33,441",-,Apartment,1,99 yrs lease commencing from 2024,10,Core Central Region,36 to 40
SKYE AT HOLLAND,"3,339,000","1,076.4","3,102",Oct-25,HOLLAND VILLAGE WAY,New Sale,Strata,100,"33,390",-,Apartment,1,99 yrs lease commencing from 2024,10,Core Central Region,36 to 40
SKYE AT HOLLAND,"2,157,000",667.37,"3,232",Oct-25,HOLLAND VILLAGE WAY,New Sale,Strata,62,"34,790",-,Apartment,1,99 yrs lease commencing from 2024,10,Core Central Region,36 to 40
SKYE AT HOLLAND,"2,411,000",742.72,"3,246",Oct-25,HOLLAND VILLAGE WAY,New Sale,Strata,69,"34,942",-,Apartment,1,99 yrs lease commencing from 2024,10,Core Central Region,36 to 40
SKYE AT HOLLAND,"2,382,000",731.95,"3,254",Oct-25,HOLLAND VILLAGE WAY,New Sale,Strata,68,"35,029",-,Apartment,1,99 yrs lease commencing from 2024,10,Core Central Region,36 to 40
SKYE AT HOLLAND,"3,949,000","1,237.86","3,190",Oct-25,HOLLAND VILLAGE WAY,New Sale,Strata,115,"34,339",-,Apartment,1,99 yrs lease commencing from 2024,10,Core Central Region,36 to 40
SKYE AT HOLLAND,"2,305,000",731.95,"3,149",Oct-25,HOLLAND VILLAGE WAY,New Sale,Strata,68,"33,897",-,Apartment,1,99 yrs lease commencing from 2024,10,Core Central Region,36 to 40
SKYE AT HOLLAND,"2,389,000",731.95,"3,264",Oct-25,HOLLAND VILLAGE WAY,New Sale,Strata,68,"35,132",-,Apartment,1,99 yrs lease commencing from 2024,10,Core Central Region,36 to 40
SKYE AT HOLLAND,"3,961,000","1,237.86","3,200",Oct-25,HOLLAND VILLAGE WAY,New Sale,Strata,115,"34,443",-,Apartment,1,99 yrs lease commencing from 2024,10,Core Central Region,36 to 40
SKYE AT HOLLAND,"2,313,000",731.95,"3,160",Oct-25,HOLLAND VILLAGE WAY,New Sale,Strata,68,"34,015",-,Apartment,1,99 yrs lease commencing from 2024,10,Core Central Region,36 to 40
SKYE AT HOLLAND,"2,289,000",731.95,"3,127",Oct-25,HOLLAND VILLAGE WAY,New Sale,Strata,68,"33,662",-,Apartment,1,99 yrs lease commencing from 2024,10,Core Central Region,36 to 40
SKYE AT HOLLAND,"3,360,000","1,076.4","3,122",Oct-25,HOLLAND VILLAGE WAY,New Sale,Strata,100,"33,600",-,Apartment,1,99 yrs lease commencing from 2024,10,Core Central Region,36 to 40
SKYE AT HOLLAND,"2,170,000",667.37,"3,252",Oct-25,HOLLAND VILLAGE WAY,New Sale,Strata,62,"35,000",-,Apartment,1,99 yrs lease commencing from 2024,10,Core Central Region,36 to 40
SKYE AT HOLLAND,"2,397,000",731.95,"3,275",Oct-25,HOLLAND VILLAGE WAY,New Sale,Strata,68,"35,250",-,Apartment,1,99 yrs lease commencing from 2024,10,Core Central Region,36 to 40
SKYE AT HOLLAND,"3,975,000","1,237.86","3,211",Oct-25,HOLLAND VILLAGE WAY,New Sale,Strata,115,"34,565",-,Apartment,1,99 yrs lease commencing from 2024,10,Core Central Region,36 to 40
SKYE AT HOLLAND,"2,322,000",731.95,"3,172",Oct-25,HOLLAND VILLAGE WAY,New Sale,Strata,68,"34,147",-,Apartment,1,99 yrs lease commencing from 2024,10,Core Central Region,36 to 40
SKYE AT HOLLAND,"2,297,000",731.95,"3,138",Oct-25,HOLLAND VILLAGE WAY,New Sale,Strata,68,"33,779",-,Apartment,1,99 yrs lease commencing from 2024,10,Core Central Region,36 to 40
SKYE AT HOLLAND,"2,080,000",667.37,"3,117",Oct-25,HOLLAND VILLAGE WAY,New Sale,Strata,62,"33,548",-,Apartment,1,99 yrs lease commencing from 2024,10,Core Central Region,36 to 40
SKYE AT HOLLAND,"3,372,000","1,076.4","3,133",Oct-25,HOLLAND VILLAGE WAY,New Sale,Strata,100,"33,720",-,Apartment,1,99 yrs lease commencing from 2024,10,Core Central Region,36 to 40
SKYE AT HOLLAND,"2,178,000",667.37,"3,264",Oct-25,HOLLAND VILLAGE WAY,New Sale,Strata,62,"35,129",-,Apartment,1,99 yrs lease commencing from 2024,10,Core Central Region,36 to 40
SKYE AT HOLLAND,"2,434,000",742.72,"3,277",Oct-25,HOLLAND VILLAGE WAY,New Sale,Strata,69,"35,275",-,Apartment,1,99 yrs lease commencing from 2024,10,Core Central Region,36 to 40
SKYE AT HOLLAND,"2,405,000",731.95,"3,286",Oct-25,HOLLAND VILLAGE WAY,New Sale,Strata,68,"35,368",-,Apartment,1,99 yrs lease commencing from 2024,10,Core Central Region,36 to 40
SKYE AT HOLLAND,"3,987,000","1,237.86","3,221",Oct-25,HOLLAND VILLAGE WAY,New Sale,Strata,115,"34,670",-,Apartment,1,99 yrs lease commencing from 2024,10,Core Central Region,36 to 40
SKYE AT HOLLAND,"2,330,000",731.95,"3,183",Oct-25,HOLLAND VILLAGE WAY,New Sale,Strata,68,"34,265",-,Apartment,1,99 yrs lease commencing from 2024,10,Core Central Region,36 to 40
UPPERHOUSE AT ORCHARD BOULEVARD,"1,517,000",473.62,"3,203",Oct-25,ORCHARD BOULEVARD,New Sale,Strata,44,"34,477",-,Apartment,1,99 yrs lease commencing from 2024,10,Core Central Region,16 to 20
SKYE AT HOLLAND,"1,786,000",678.13,"2,634",Oct-25,HOLLAND VILLAGE WAY,New Sale,Strata,63,"28,349",-,Apartment,1,99 yrs lease commencing from 2024,10,Core Central Region,01 to 05
SKYE AT HOLLAND,"2,419,000",914.94,"2,644",Oct-25,HOLLAND VILLAGE WAY,New Sale,Strata,85,"28,459",-,Apartment,1,99 yrs lease commencing from 2024,10,Core Central Region,01 to 05
SKYE AT HOLLAND,"2,838,000","1,076.4","2,637",Oct-25,HOLLAND VILLAGE WAY,New Sale,Strata,100,"28,380",-,Apartment,1,99 yrs lease commencing from 2024,10,Core Central Region,01 to 05
SKYE AT HOLLAND,"1,770,000",678.13,"2,610",Oct-25,HOLLAND VILLAGE WAY,New Sale,Strata,63,"28,095",-,Apartment,1,99 yrs lease commencing from 2024,10,Core Central Region,01 to 05
SKYE AT HOLLAND,"1,510,000",581.26,"2,598",Oct-25,HOLLAND VILLAGE WAY,New Sale,Strata,54,"27,963",-,Apartment,1,99 yrs lease commencing from 2024,10,Core Central Region,01 to 05
SKYE AT HOLLAND,"2,394,000",914.94,"2,617",Oct-25,HOLLAND VILLAGE WAY,New Sale,Strata,85,"28,165",-,Apartment,1,99 yrs lease commencing from 2024,10,Core Central Region,01 to 05
SKYE AT HOLLAND,"1,525,000",581.26,"2,624",Oct-25,HOLLAND VILLAGE WAY,New Sale,Strata,54,"28,241",-,Apartment,1,99 yrs lease commencing from 2024,10,Core Central Region,01 to 05
SKYE AT HOLLAND,"1,793,000",678.13,"2,644",Oct-25,HOLLAND VILLAGE WAY,New Sale,Strata,63,"28,460",-,Apartment,1,99 yrs lease commencing from 2024,10,Core Central Region,01 to 05
SKYE AT HOLLAND,"2,428,000",914.94,"2,654",Oct-25,HOLLAND VILLAGE WAY,New Sale,Strata,85,"28,565",-,Apartment,1,99 yrs lease commencing from 2024,10,Core Central Region,01 to 05
SKYE AT HOLLAND,"2,850,000","1,076.4","2,648",Oct-25,HOLLAND VILLAGE WAY,New Sale,Strata,100,"28,500",-,Apartment,1,99 yrs lease commencing from 2024,10,Core Central Region,01 to 05
SKYE AT HOLLAND,"1,776,000",678.13,"2,619",Oct-25,HOLLAND VILLAGE WAY,New Sale,Strata,63,"28,190",-,Apartment,1,99 yrs lease commencing from 2024,10,Core Central Region,01 to 05
SKYE AT HOLLAND,"1,516,000",581.26,"2,608",Oct-25,HOLLAND VILLAGE WAY,New Sale,Strata,54,"28,074",-,Apartment,1,99 yrs lease commencing from 2024,10,Core Central Region,01 to 05
SKYE AT HOLLAND,"2,403,000",914.94,"2,626",Oct-25,HOLLAND VILLAGE WAY,New Sale,Strata,85,"28,271",-,Apartment,1,99 yrs lease commencing from 2024,10,Core Central Region,01 to 05
SKYE AT HOLLAND,"3,350,000","1,237.86","2,706",Oct-25,HOLLAND VILLAGE WAY,New Sale,Strata,115,"29,130",-,Apartment,1,99 yrs lease commencing from 2024,10,Core Central Region,01 to 05
SKYE AT HOLLAND,"1,531,000",581.26,"2,634",Oct-25,HOLLAND VILLAGE WAY,New Sale,Strata,54,"28,352",-,Apartment,1,99 yrs lease commencing from 2024,10,Core Central Region,01 to 05
SKYE AT HOLLAND,"1,808,000",678.13,"2,666",Oct-25,HOLLAND VILLAGE WAY,New Sale,Strata,63,"28,698",-,Apartment,1,99 yrs lease commencing from 2024,10,Core Central Region,06 to 10
SKYE AT HOLLAND,"2,446,000",914.94,"2,673",Oct-25,HOLLAND VILLAGE WAY,New Sale,Strata,85,"28,776",-,Apartment,1,99 yrs lease commencing from 2024,10,Core Central Region,06 to 10
SKYE AT HOLLAND,"2,871,000","1,076.4","2,667",Oct-25,HOLLAND VILLAGE WAY,New Sale,Strata,100,"28,710",-,Apartment,1,99 yrs lease commencing from 2024,10,Core Central Region,06 to 10
SKYE AT HOLLAND,"1,791,000",678.13,"2,641",Oct-25,HOLLAND VILLAGE WAY,New Sale,Strata,63,"28,429",-,Apartment,1,99 yrs lease commencing from 2024,10,Core Central Region,06 to 10
SKYE AT HOLLAND,"1,529,000",581.26,"2,631",Oct-25,HOLLAND VILLAGE WAY,New Sale,Strata,54,"28,315",-,Apartment,1,99 yrs lease commencing from 2024,10,Core Central Region,06 to 10
SKYE AT HOLLAND,"2,421,000",914.94,"2,646",Oct-25,HOLLAND VILLAGE WAY,New Sale,Strata,85,"28,482",-,Apartment,1,99 yrs lease commencing from 2024,10,Core Central Region,06 to 10
SKYE AT HOLLAND,"3,376,000","1,237.86","2,727",Oct-25,HOLLAND VILLAGE WAY,New Sale,Strata,115,"29,357",-,Apartment,1,99 yrs lease commencing from 2024,10,Core Central Region,06 to 10
SKYE AT HOLLAND,"1,543,000",581.26,"2,655",Oct-25,HOLLAND VILLAGE WAY,New Sale,Strata,54,"28,574",-,Apartment,1,99 yrs lease commencing from 2024,10,Core Central Region,06 to 10
SKYE AT HOLLAND,"1,534,000",581.26,"2,639",Oct-25,HOLLAND VILLAGE WAY,New Sale,Strata,54,"28,407",-,Apartment,1,99 yrs lease commencing from 2024,10,Core Central Region,06 to 10
SKYE AT HOLLAND,"3,390,000","1,237.86","2,739",Oct-25,HOLLAND VILLAGE WAY,New Sale,Strata,115,"29,478",-,Apartment,1,99 yrs lease commencing from 2024,10,Core Central Region,06 to 10
SKYE AT HOLLAND,"1,549,000",581.26,"2,665",Oct-25,HOLLAND VILLAGE WAY,New Sale,Strata,54,"28,685",-,Apartment,1,99 yrs lease commencing from 2024,10,Core Central Region,06 to 10
SKYE AT HOLLAND,"1,826,000",678.13,"2,693",Oct-25,HOLLAND VILLAGE WAY,New Sale,Strata,63,"28,984",-,Apartment,1,99 yrs lease commencing from 2024,10,Core Central Region,06 to 10
SKYE AT HOLLAND,"2,466,000",914.94,"2,695",Oct-25,HOLLAND VILLAGE WAY,New Sale,Strata,85,"29,012",-,Apartment,1,99 yrs lease commencing from 2024,10,Core Central Region,06 to 10
SKYE AT HOLLAND,"3,441,000","1,237.86","2,780",Oct-25,HOLLAND VILLAGE WAY,New Sale,Strata,115,"29,922",-,Apartment,1,99 yrs lease commencing from 2024,10,Core Central Region,06 to 10
SKYE AT HOLLAND,"1,849,000",678.13,"2,727",Oct-25,HOLLAND VILLAGE WAY,New Sale,Strata,63,"29,349",-,Apartment,1,99 yrs lease commencing from 2024,10,Core Central Region,06 to 10
SKYE AT HOLLAND,"2,937,000","1,076.4","2,729",Oct-25,HOLLAND VILLAGE WAY,New Sale,Strata,100,"29,370",-,Apartment,1,99 yrs lease commencing from 2024,10,Core Central Region,06 to 10
SKYE AT HOLLAND,"1,833,000",678.13,"2,703",Oct-25,HOLLAND VILLAGE WAY,New Sale,Strata,63,"29,095",-,Apartment,1,99 yrs lease commencing from 2024,10,Core Central Region,06 to 10
SKYE AT HOLLAND,"1,565,000",581.26,"2,692",Oct-25,HOLLAND VILLAGE WAY,New Sale,Strata,54,"28,981",-,Apartment,1,99 yrs lease commencing from 2024,10,Core Central Region,06 to 10
SKYE AT HOLLAND,"3,455,000","1,237.86","2,791",Oct-25,HOLLAND VILLAGE WAY,New Sale,Strata,115,"30,043",-,Apartment,1,99 yrs lease commencing from 2024,10,Core Central Region,06 to 10
SKYE AT HOLLAND,"1,839,000",678.13,"2,712",Oct-25,HOLLAND VILLAGE WAY,New Sale,Strata,63,"29,190",-,Apartment,1,99 yrs lease commencing from 2024,10,Core Central Region,06 to 10
SKYE AT HOLLAND,"3,467,000","1,237.86","2,801",Oct-25,HOLLAND VILLAGE WAY,New Sale,Strata,115,"30,148",-,Apartment,1,99 yrs lease commencing from 2024,10,Core Central Region,06 to 10
SKYE AT HOLLAND,"1,585,000",581.26,"2,727",Oct-25,HOLLAND VILLAGE WAY,New Sale,Strata,54,"29,352",-,Apartment,1,99 yrs lease commencing from 2024,10,Core Central Region,06 to 10
SKYE AT HOLLAND,"1,846,000",678.13,"2,722",Oct-25,HOLLAND VILLAGE WAY,New Sale,Strata,63,"29,302",-,Apartment,1,99 yrs lease commencing from 2024,10,Core Central Region,11 to 15
SKYE AT HOLLAND,"3,481,000","1,237.86","2,812",Oct-25,HOLLAND VILLAGE WAY,New Sale,Strata,115,"30,270",-,Apartment,1,99 yrs lease commencing from 2024,10,Core Central Region,11 to 15
SKYE AT HOLLAND,"1,592,000",581.26,"2,739",Oct-25,HOLLAND VILLAGE WAY,New Sale,Strata,54,"29,481",-,Apartment,1,99 yrs lease commencing from 2024,10,Core Central Region,11 to 15
SKYE AT HOLLAND,"1,878,000",678.13,"2,769",Oct-25,HOLLAND VILLAGE WAY,New Sale,Strata,63,"29,810",-,Apartment,1,99 yrs lease commencing from 2024,10,Core Central Region,11 to 15
SKYE AT HOLLAND,"1,861,000",678.13,"2,744",Oct-25,HOLLAND VILLAGE WAY,New Sale,Strata,63,"29,540",-,Apartment,1,99 yrs lease commencing from 2024,10,Core Central Region,11 to 15
SKYE AT HOLLAND,"3,507,000","1,237.86","2,833",Oct-25,HOLLAND VILLAGE WAY,New Sale,Strata,115,"30,496",-,Apartment,1,99 yrs lease commencing from 2024,10,Core Central Region,11 to 15
SKYE AT HOLLAND,"1,603,000",581.26,"2,758",Oct-25,HOLLAND VILLAGE WAY,New Sale,Strata,54,"29,685",-,Apartment,1,99 yrs lease commencing from 2024,10,Core Central Region,11 to 15
SKYE AT HOLLAND,"1,884,000",678.13,"2,778",Oct-25,HOLLAND VILLAGE WAY,New Sale,Strata,63,"29,905",-,Apartment,1,99 yrs lease commencing from 2024,10,Core Central Region,11 to 15
SKYE AT HOLLAND,"3,519,000","1,237.86","2,843",Oct-25,HOLLAND VILLAGE WAY,New Sale,Strata,115,"30,600",-,Apartment,1,99 yrs lease commencing from 2024,10,Core Central Region,11 to 15
SKYE AT HOLLAND,"1,891,000",678.13,"2,789",Oct-25,HOLLAND VILLAGE WAY,New Sale,Strata,63,"30,016",-,Apartment,1,99 yrs lease commencing from 2024,10,Core Central Region,11 to 15
SKYE AT HOLLAND,"2,554,000",914.94,"2,791",Oct-25,HOLLAND VILLAGE WAY,New Sale,Strata,85,"30,047",-,Apartment,1,99 yrs lease commencing from 2024,10,Core Central Region,11 to 15
SKYE AT HOLLAND,"1,874,000",678.13,"2,763",Oct-25,HOLLAND VILLAGE WAY,New Sale,Strata,63,"29,746",-,Apartment,1,99 yrs lease commencing from 2024,10,Core Central Region,11 to 15
SKYE AT HOLLAND,"1,601,000",581.26,"2,754",Oct-25,HOLLAND VILLAGE WAY,New Sale,Strata,54,"29,648",-,Apartment,1,99 yrs lease commencing from 2024,10,Core Central Region,11 to 15
SKYE AT HOLLAND,"3,532,000","1,237.86","2,853",Oct-25,HOLLAND VILLAGE WAY,New Sale,Strata,115,"30,713",-,Apartment,1,99 yrs lease commencing from 2024,10,Core Central Region,11 to 15
SKYE AT HOLLAND,"1,615,000",581.26,"2,778",Oct-25,HOLLAND VILLAGE WAY,New Sale,Strata,54,"29,907",-,Apartment,1,99 yrs lease commencing from 2024,10,Core Central Region,11 to 15
SKYE AT HOLLAND,"2,581,000",914.94,"2,821",Oct-25,HOLLAND VILLAGE WAY,New Sale,Strata,85,"30,365",-,Apartment,1,99 yrs lease commencing from 2024,10,Core Central Region,11 to 15
SKYE AT HOLLAND,"1,902,000",678.13,"2,805",Oct-25,HOLLAND VILLAGE WAY,New Sale,Strata,63,"30,190",-,Apartment,1,99 yrs lease commencing from 2024,10,Core Central Region,11 to 15
SKYE AT HOLLAND,"1,624,000",581.26,"2,794",Oct-25,HOLLAND VILLAGE WAY,New Sale,Strata,54,"30,074",-,Apartment,1,99 yrs lease commencing from 2024,10,Core Central Region,11 to 15
SKYE AT HOLLAND,"3,572,000","1,237.86","2,886",Oct-25,HOLLAND VILLAGE WAY,New Sale,Strata,115,"31,061",-,Apartment,1,99 yrs lease commencing from 2024,10,Core Central Region,11 to 15
SKYE AT HOLLAND,"1,633,000",581.26,"2,809",Oct-25,HOLLAND VILLAGE WAY,New Sale,Strata,54,"30,241",-,Apartment,1,99 yrs lease commencing from 2024,10,Core Central Region,11 to 15
SKYE AT HOLLAND,"2,590,000",914.94,"2,831",Oct-25,HOLLAND VILLAGE WAY,New Sale,Strata,85,"30,471",-,Apartment,1,99 yrs lease commencing from 2024,10,Core Central Region,16 to 20
SKYE AT HOLLAND,"1,909,000",678.13,"2,815",Oct-25,HOLLAND VILLAGE WAY,New Sale,Strata,63,"30,302",-,Apartment,1,99 yrs lease commencing from 2024,10,Core Central Region,16 to 20
SKYE AT HOLLAND,"3,584,000","1,237.86","2,895",Oct-25,HOLLAND VILLAGE WAY,New Sale,Strata,115,"31,165",-,Apartment,1,99 yrs lease commencing from 2024,10,Core Central Region,16 to 20
SKYE AT HOLLAND,"1,639,000",581.26,"2,820",Oct-25,HOLLAND VILLAGE WAY,New Sale,Strata,54,"30,352",-,Apartment,1,99 yrs lease commencing from 2024,10,Core Central Region,16 to 20
SKYE AT HOLLAND,"1,926,000",678.13,"2,840",Oct-25,HOLLAND VILLAGE WAY,New Sale,Strata,63,"30,571",-,Apartment,1,99 yrs lease commencing from 2024,10,Core Central Region,16 to 20
SKYE AT HOLLAND,"2,599,000",914.94,"2,841",Oct-25,HOLLAND VILLAGE WAY,New Sale,Strata,85,"30,576",-,Apartment,1,99 yrs lease commencing from 2024,10,Core Central Region,16 to 20
SKYE AT HOLLAND,"1,917,000",678.13,"2,827",Oct-25,HOLLAND VILLAGE WAY,New Sale,Strata,63,"30,429",-,Apartment,1,99 yrs lease commencing from 2024,10,Core Central Region,16 to 20
SKYE AT HOLLAND,"1,637,000",581.26,"2,816",Oct-25,HOLLAND VILLAGE WAY,New Sale,Strata,54,"30,315",-,Apartment,1,99 yrs lease commencing from 2024,10,Core Central Region,16 to 20
SKYE AT HOLLAND,"3,598,000","1,237.86","2,907",Oct-25,HOLLAND VILLAGE WAY,New Sale,Strata,115,"31,287",-,Apartment,1,99 yrs lease commencing from 2024,10,Core Central Region,16 to 20
SKYE AT HOLLAND,"1,646,000",581.26,"2,832",Oct-25,HOLLAND VILLAGE WAY,New Sale,Strata,54,"30,481",-,Apartment,1,99 yrs lease commencing from 2024,10,Core Central Region,16 to 20
SKYE AT HOLLAND,"1,941,000",678.13,"2,862",Oct-25,HOLLAND VILLAGE WAY,New Sale,Strata,63,"30,810",-,Apartment,1,99 yrs lease commencing from 2024,10,Core Central Region,16 to 20
SKYE AT HOLLAND,"2,617,000",914.94,"2,860",Oct-25,HOLLAND VILLAGE WAY,New Sale,Strata,85,"30,788",-,Apartment,1,99 yrs lease commencing from 2024,10,Core Central Region,16 to 20
SKYE AT HOLLAND,"1,937,000",678.13,"2,856",Oct-25,HOLLAND VILLAGE WAY,New Sale,Strata,63,"30,746",-,Apartment,1,99 yrs lease commencing from 2024,10,Core Central Region,16 to 20
SKYE AT HOLLAND,"1,655,000",581.26,"2,847",Oct-25,HOLLAND VILLAGE WAY,New Sale,Strata,54,"30,648",-,Apartment,1,99 yrs lease commencing from 2024,10,Core Central Region,16 to 20
SKYE AT HOLLAND,"1,657,000",581.26,"2,851",Oct-25,HOLLAND VILLAGE WAY,New Sale,Strata,54,"30,685",-,Apartment,1,99 yrs lease commencing from 2024,10,Core Central Region,16 to 20
SKYE AT HOLLAND,"2,626,000",914.94,"2,870",Oct-25,HOLLAND VILLAGE WAY,New Sale,Strata,85,"30,894",-,Apartment,1,99 yrs lease commencing from 2024,10,Core Central Region,16 to 20
SKYE AT HOLLAND,"1,944,000",678.13,"2,867",Oct-25,HOLLAND VILLAGE WAY,New Sale,Strata,63,"30,857",-,Apartment,1,99 yrs lease commencing from 2024,10,Core Central Region,16 to 20
SKYE AT HOLLAND,"1,664,000",581.26,"2,863",Oct-25,HOLLAND VILLAGE WAY,New Sale,Strata,54,"30,815",-,Apartment,1,99 yrs lease commencing from 2024,10,Core Central Region,16 to 20
SKYE AT HOLLAND,"1,962,000",678.13,"2,893",Oct-25,HOLLAND VILLAGE WAY,New Sale,Strata,63,"31,143",-,Apartment,1,99 yrs lease commencing from 2024,10,Core Central Region,16 to 20
SKYE AT HOLLAND,"2,644,000",914.94,"2,890",Oct-25,HOLLAND VILLAGE WAY,New Sale,Strata,85,"31,106",-,Apartment,1,99 yrs lease commencing from 2024,10,Core Central Region,16 to 20
SKYE AT HOLLAND,"1,959,000",678.13,"2,889",Oct-25,HOLLAND VILLAGE WAY,New Sale,Strata,63,"31,095",-,Apartment,1,99 yrs lease commencing from 2024,10,Core Central Region,16 to 20
SKYE AT HOLLAND,"1,673,000",581.26,"2,878",Oct-25,HOLLAND VILLAGE WAY,New Sale,Strata,54,"30,981",-,Apartment,1,99 yrs lease commencing from 2024,10,Core Central Region,16 to 20
SKYE AT HOLLAND,"2,637,000",914.94,"2,882",Oct-25,HOLLAND VILLAGE WAY,New Sale,Strata,85,"31,024",-,Apartment,1,99 yrs lease commencing from 2024,10,Core Central Region,16 to 20
SKYE AT HOLLAND,"1,675,000",581.26,"2,882",Oct-25,HOLLAND VILLAGE WAY,New Sale,Strata,54,"31,019",-,Apartment,1,99 yrs lease commencing from 2024,10,Core Central Region,16 to 20
SKYE AT HOLLAND,"1,969,000",678.13,"2,904",Oct-25,HOLLAND VILLAGE WAY,New Sale,Strata,63,"31,254",-,Apartment,1,99 yrs lease commencing from 2024,10,Core Central Region,21 to 25
SKYE AT HOLLAND,"2,653,000",914.94,"2,900",Oct-25,HOLLAND VILLAGE WAY,New Sale,Strata,85,"31,212",-,Apartment,1,99 yrs lease commencing from 2024,10,Core Central Region,21 to 25
SKYE AT HOLLAND,"1,965,000",678.13,"2,898",Oct-25,HOLLAND VILLAGE WAY,New Sale,Strata,63,"31,190",-,Apartment,1,99 yrs lease commencing from 2024,10,Core Central Region,21 to 25
SKYE AT HOLLAND,"1,678,000",581.26,"2,887",Oct-25,HOLLAND VILLAGE WAY,New Sale,Strata,54,"31,074",-,Apartment,1,99 yrs lease commencing from 2024,10,Core Central Region,21 to 25
SKYE AT HOLLAND,"2,646,000",914.94,"2,892",Oct-25,HOLLAND VILLAGE WAY,New Sale,Strata,85,"31,129",-,Apartment,1,99 yrs lease commencing from 2024,10,Core Central Region,21 to 25
SKYE AT HOLLAND,"3,675,000","1,237.86","2,969",Oct-25,HOLLAND VILLAGE WAY,New Sale,Strata,115,"31,957",-,Apartment,1,99 yrs lease commencing from 2024,10,Core Central Region,21 to 25
SKYE AT HOLLAND,"1,682,000",581.26,"2,894",Oct-25,HOLLAND VILLAGE WAY,New Sale,Strata,54,"31,148",-,Apartment,1,99 yrs lease commencing from 2024,10,Core Central Region,21 to 25
SKYE AT HOLLAND,"1,975,000",678.13,"2,912",Oct-25,HOLLAND VILLAGE WAY,New Sale,Strata,63,"31,349",-,Apartment,1,99 yrs lease commencing from 2024,10,Core Central Region,21 to 25
SKYE AT HOLLAND,"2,662,000",914.94,"2,909",Oct-25,HOLLAND VILLAGE WAY,New Sale,Strata,85,"31,318",-,Apartment,1,99 yrs lease commencing from 2024,10,Core Central Region,21 to 25
SKYE AT HOLLAND,"1,684,000",581.26,"2,897",Oct-25,HOLLAND VILLAGE WAY,New Sale,Strata,54,"31,185",-,Apartment,1,99 yrs lease commencing from 2024,10,Core Central Region,21 to 25
SKYE AT HOLLAND,"3,689,000","1,237.86","2,980",Oct-25,HOLLAND VILLAGE WAY,New Sale,Strata,115,"32,078",-,Apartment,1,99 yrs lease commencing from 2024,10,Core Central Region,21 to 25
SKYE AT HOLLAND,"1,687,000",581.26,"2,902",Oct-25,HOLLAND VILLAGE WAY,New Sale,Strata,54,"31,241",-,Apartment,1,99 yrs lease commencing from 2024,10,Core Central Region,21 to 25
SKYE AT HOLLAND,"2,671,000",914.94,"2,919",Oct-25,HOLLAND VILLAGE WAY,New Sale,Strata,85,"31,424",-,Apartment,1,99 yrs lease commencing from 2024,10,Core Central Region,21 to 25
SKYE AT HOLLAND,"3,168,000","1,076.4","2,943",Oct-25,HOLLAND VILLAGE WAY,New Sale,Strata,100,"31,680",-,Apartment,1,99 yrs lease commencing from 2024,10,Core Central Region,21 to 25
SKYE AT HOLLAND,"1,980,000",678.13,"2,920",Oct-25,HOLLAND VILLAGE WAY,New Sale,Strata,63,"31,429",-,Apartment,1,99 yrs lease commencing from 2024,10,Core Central Region,21 to 25
SKYE AT HOLLAND,"2,664,000",914.94,"2,912",Oct-25,HOLLAND VILLAGE WAY,New Sale,Strata,85,"31,341",-,Apartment,1,99 yrs lease commencing from 2024,10,Core Central Region,21 to 25
SKYE AT HOLLAND,"3,701,000","1,237.86","2,990",Oct-25,HOLLAND VILLAGE WAY,New Sale,Strata,115,"32,183",-,Apartment,1,99 yrs lease commencing from 2024,10,Core Central Region,21 to 25
SKYE AT HOLLAND,"1,693,000",581.26,"2,913",Oct-25,HOLLAND VILLAGE WAY,New Sale,Strata,54,"31,352",-,Apartment,1,99 yrs lease commencing from 2024,10,Core Central Region,21 to 25
SKYE AT HOLLAND,"1,989,000",678.13,"2,933",Oct-25,HOLLAND VILLAGE WAY,New Sale,Strata,63,"31,571",-,Apartment,1,99 yrs lease commencing from 2024,10,Core Central Region,21 to 25
SKYE AT HOLLAND,"2,680,000",914.94,"2,929",Oct-25,HOLLAND VILLAGE WAY,New Sale,Strata,85,"31,529",-,Apartment,1,99 yrs lease commencing from 2024,10,Core Central Region,21 to 25
SKYE AT HOLLAND,"3,179,000","1,076.4","2,953",Oct-25,HOLLAND VILLAGE WAY,New Sale,Strata,100,"31,790",-,Apartment,1,99 yrs lease commencing from 2024,10,Core Central Region,21 to 25
SKYE AT HOLLAND,"1,987,000",678.13,"2,930",Oct-25,HOLLAND VILLAGE WAY,New Sale,Strata,63,"31,540",-,Apartment,1,99 yrs lease commencing from 2024,10,Core Central Region,21 to 25
SKYE AT HOLLAND,"2,673,000",914.94,"2,922",Oct-25,HOLLAND VILLAGE WAY,New Sale,Strata,85,"31,447",-,Apartment,1,99 yrs lease commencing from 2024,10,Core Central Region,21 to 25
SKYE AT HOLLAND,"3,715,000","1,237.86","3,001",Oct-25,HOLLAND VILLAGE WAY,New Sale,Strata,115,"32,304",-,Apartment,1,99 yrs lease commencing from 2024,10,Core Central Region,21 to 25
SKYE AT HOLLAND,"1,700,000",581.26,"2,925",Oct-25,HOLLAND VILLAGE WAY,New Sale,Strata,54,"31,481",-,Apartment,1,99 yrs lease commencing from 2024,10,Core Central Region,21 to 25
SKYE AT HOLLAND,"2,004,000",678.13,"2,955",Oct-25,HOLLAND VILLAGE WAY,New Sale,Strata,63,"31,810",-,Apartment,1,99 yrs lease commencing from 2024,10,Core Central Region,26 to 30
SKYE AT HOLLAND,"3,753,000","1,237.86","3,032",Oct-25,HOLLAND VILLAGE WAY,New Sale,Strata,115,"32,635",-,Apartment,1,99 yrs lease commencing from 2024,10,Core Central Region,26 to 30
SKYE AT HOLLAND,"1,711,000",581.26,"2,944",Oct-25,HOLLAND VILLAGE WAY,New Sale,Strata,54,"31,685",-,Apartment,1,99 yrs lease commencing from 2024,10,Core Central Region,26 to 30
SKYE AT HOLLAND,"2,010,000",678.13,"2,964",Oct-25,HOLLAND VILLAGE WAY,New Sale,Strata,63,"31,905",-,Apartment,1,99 yrs lease commencing from 2024,10,Core Central Region,26 to 30
SKYE AT HOLLAND,"1,720,000",581.26,"2,959",Oct-25,HOLLAND VILLAGE WAY,New Sale,Strata,54,"31,852",-,Apartment,1,99 yrs lease commencing from 2024,10,Core Central Region,26 to 30
SKYE AT HOLLAND,"3,766,000","1,237.86","3,042",Oct-25,HOLLAND VILLAGE WAY,New Sale,Strata,115,"32,748",-,Apartment,1,99 yrs lease commencing from 2024,10,Core Central Region,26 to 30
SKYE AT HOLLAND,"1,718,000",581.26,"2,956",Oct-25,HOLLAND VILLAGE WAY,New Sale,Strata,54,"31,815",-,Apartment,1,99 yrs lease commencing from 2024,10,Core Central Region,26 to 30
SKYE AT HOLLAND,"2,725,000",914.94,"2,978",Oct-25,HOLLAND VILLAGE WAY,New Sale,Strata,85,"32,059",-,Apartment,1,99 yrs lease commencing from 2024,10,Core Central Region,26 to 30
SKYE AT HOLLAND,"2,035,000",678.13,"3,001",Oct-25,HOLLAND VILLAGE WAY,New Sale,Strata,63,"32,302",-,Apartment,1,99 yrs lease commencing from 2024,10,Core Central Region,26 to 30
SKYE AT HOLLAND,"1,738,000",581.26,"2,990",Oct-25,HOLLAND VILLAGE WAY,New Sale,Strata,54,"32,185",-,Apartment,1,99 yrs lease commencing from 2024,10,Core Central Region,26 to 30
SKYE AT HOLLAND,"2,032,000",678.13,"2,996",Oct-25,HOLLAND VILLAGE WAY,New Sale,Strata,63,"32,254",-,Apartment,1,99 yrs lease commencing from 2024,10,Core Central Region,26 to 30
SKYE AT HOLLAND,"1,745,000",581.26,"3,002",Oct-25,HOLLAND VILLAGE WAY,New Sale,Strata,54,"32,315",-,Apartment,1,99 yrs lease commencing from 2024,10,Core Central Region,26 to 30
SKYE AT HOLLAND,"3,818,000","1,237.86","3,084",Oct-25,HOLLAND VILLAGE WAY,New Sale,Strata,115,"33,200",-,Apartment,1,99 yrs lease commencing from 2024,10,Core Central Region,26 to 30
SKYE AT HOLLAND,"1,736,000",581.26,"2,987",Oct-25,HOLLAND VILLAGE WAY,New Sale,Strata,54,"32,148",-,Apartment,1,99 yrs lease commencing from 2024,10,Core Central Region,26 to 30
SKYE AT HOLLAND,"2,038,000",678.13,"3,005",Oct-25,HOLLAND VILLAGE WAY,New Sale,Strata,63,"32,349",-,Apartment,1,99 yrs lease commencing from 2024,10,Core Central Region,26 to 30
SKYE AT HOLLAND,"2,743,000",914.94,"2,998",Oct-25,HOLLAND VILLAGE WAY,New Sale,Strata,85,"32,271",-,Apartment,1,99 yrs lease commencing from 2024,10,Core Central Region,26 to 30
SKYE AT HOLLAND,"2,050,000",678.13,"3,023",Oct-25,HOLLAND VILLAGE WAY,New Sale,Strata,63,"32,540",-,Apartment,1,99 yrs lease commencing from 2024,10,Core Central Region,26 to 30
SKYE AT HOLLAND,"1,750,000",581.26,"3,011",Oct-25,HOLLAND VILLAGE WAY,New Sale,Strata,54,"32,407",-,Apartment,1,99 yrs lease commencing from 2024,10,Core Central Region,26 to 30
SKYE AT HOLLAND,"3,832,000","1,237.86","3,096",Oct-25,HOLLAND VILLAGE WAY,New Sale,Strata,115,"33,322",-,Apartment,1,99 yrs lease commencing from 2024,10,Core Central Region,26 to 30
SKYE AT HOLLAND,"1,741,000",581.26,"2,995",Oct-25,HOLLAND VILLAGE WAY,New Sale,Strata,54,"32,241",-,Apartment,1,99 yrs lease commencing from 2024,10,Core Central Region,26 to 30
SKYE AT HOLLAND,"2,045,000",678.13,"3,016",Oct-25,HOLLAND VILLAGE WAY,New Sale,Strata,63,"32,460",-,Apartment,1,99 yrs lease commencing from 2024,10,Core Central Region,31 to 35
SKYE AT HOLLAND,"2,752,000",914.94,"3,008",Oct-25,HOLLAND VILLAGE WAY,New Sale,Strata,85,"32,376",-,Apartment,1,99 yrs lease commencing from 2024,10,Core Central Region,31 to 35
SKYE AT HOLLAND,"2,056,000",678.13,"3,032",Oct-25,HOLLAND VILLAGE WAY,New Sale,Strata,63,"32,635",-,Apartment,1,99 yrs lease commencing from 2024,10,Core Central Region,31 to 35
SKYE AT HOLLAND,"1,756,000",581.26,"3,021",Oct-25,HOLLAND VILLAGE WAY,New Sale,Strata,54,"32,519",-,Apartment,1,99 yrs lease commencing from 2024,10,Core Central Region,31 to 35
SKYE AT HOLLAND,"3,844,000","1,237.86","3,105",Oct-25,HOLLAND VILLAGE WAY,New Sale,Strata,115,"33,426",-,Apartment,1,99 yrs lease commencing from 2024,10,Core Central Region,31 to 35
SKYE AT HOLLAND,"2,761,000",914.94,"3,018",Oct-25,HOLLAND VILLAGE WAY,New Sale,Strata,85,"32,482",-,Apartment,1,99 yrs lease commencing from 2024,10,Core Central Region,31 to 35
SKYE AT HOLLAND,"1,763,000",581.26,"3,033",Oct-25,HOLLAND VILLAGE WAY,New Sale,Strata,54,"32,648",-,Apartment,1,99 yrs lease commencing from 2024,10,Core Central Region,31 to 35
SKYE AT HOLLAND,"3,858,000","1,237.86","3,117",Oct-25,HOLLAND VILLAGE WAY,New Sale,Strata,115,"33,548",-,Apartment,1,99 yrs lease commencing from 2024,10,Core Central Region,31 to 35
SKYE AT HOLLAND,"1,754,000",581.26,"3,018",Oct-25,HOLLAND VILLAGE WAY,New Sale,Strata,54,"32,481",-,Apartment,1,99 yrs lease commencing from 2024,10,Core Central Region,31 to 35
SKYE AT HOLLAND,"2,060,000",678.13,"3,038",Oct-25,HOLLAND VILLAGE WAY,New Sale,Strata,63,"32,698",-,Apartment,1,99 yrs lease commencing from 2024,10,Core Central Region,31 to 35
SKYE AT HOLLAND,"2,770,000",914.94,"3,028",Oct-25,HOLLAND VILLAGE WAY,New Sale,Strata,85,"32,588",-,Apartment,1,99 yrs lease commencing from 2024,10,Core Central Region,31 to 35
SKYE AT HOLLAND,"2,070,000",678.13,"3,053",Oct-25,HOLLAND VILLAGE WAY,New Sale,Strata,63,"32,857",-,Apartment,1,99 yrs lease commencing from 2024,10,Core Central Region,31 to 35
SKYE AT HOLLAND,"1,759,000",581.26,"3,026",Oct-25,HOLLAND VILLAGE WAY,New Sale,Strata,54,"32,574",-,Apartment,1,99 yrs lease commencing from 2024,10,Core Central Region,31 to 35
SKYE AT HOLLAND,"2,067,000",678.13,"3,048",Oct-25,HOLLAND VILLAGE WAY,New Sale,Strata,63,"32,810",-,Apartment,1,99 yrs lease commencing from 2024,10,Core Central Region,31 to 35
SKYE AT HOLLAND,"2,779,000",914.94,"3,037",Oct-25,HOLLAND VILLAGE WAY,New Sale,Strata,85,"32,694",-,Apartment,1,99 yrs lease commencing from 2024,10,Core Central Region,31 to 35
SKYE AT HOLLAND,"2,078,000",678.13,"3,064",Oct-25,HOLLAND VILLAGE WAY,New Sale,Strata,63,"32,984",-,Apartment,1,99 yrs lease commencing from 2024,10,Core Central Region,31 to 35
SKYE AT HOLLAND,"1,774,000",581.26,"3,052",Oct-25,HOLLAND VILLAGE WAY,New Sale,Strata,54,"32,852",-,Apartment,1,99 yrs lease commencing from 2024,10,Core Central Region,31 to 35
SKYE AT HOLLAND,"2,790,000",914.94,"3,049",Oct-25,HOLLAND VILLAGE WAY,New Sale,Strata,85,"32,824",-,Apartment,1,99 yrs lease commencing from 2024,10,Core Central Region,31 to 35
SKYE AT HOLLAND,"3,883,000","1,237.86","3,137",Oct-25,HOLLAND VILLAGE WAY,New Sale,Strata,115,"33,765",-,Apartment,1,99 yrs lease commencing from 2024,10,Core Central Region,31 to 35
SKYE AT HOLLAND,"2,073,000",678.13,"3,057",Oct-25,HOLLAND VILLAGE WAY,New Sale,Strata,63,"32,905",-,Apartment,1,99 yrs lease commencing from 2024,10,Core Central Region,31 to 35
SKYE AT HOLLAND,"2,788,000",914.94,"3,047",Oct-25,HOLLAND VILLAGE WAY,New Sale,Strata,85,"32,800",-,Apartment,1,99 yrs lease commencing from 2024,10,Core Central Region,31 to 35
SKYE AT HOLLAND,"3,356,000","1,076.4","3,118",Oct-25,HOLLAND VILLAGE WAY,New Sale,Strata,100,"33,560",-,Apartment,1,99 yrs lease commencing from 2024,10,Core Central Region,31 to 35
SKYE AT HOLLAND,"1,792,000",581.26,"3,083",Oct-25,HOLLAND VILLAGE WAY,New Sale,Strata,54,"33,185",-,Apartment,1,99 yrs lease commencing from 2024,10,Core Central Region,31 to 35
SKYE AT HOLLAND,"2,817,000",914.94,"3,079",Oct-25,HOLLAND VILLAGE WAY,New Sale,Strata,85,"33,141",-,Apartment,1,99 yrs lease commencing from 2024,10,Core Central Region,31 to 35
SKYE AT HOLLAND,"1,772,000",581.26,"3,049",Oct-25,HOLLAND VILLAGE WAY,New Sale,Strata,54,"32,815",-,Apartment,1,99 yrs lease commencing from 2024,10,Core Central Region,31 to 35
SKYE AT HOLLAND,"2,080,000",678.13,"3,067",Oct-25,HOLLAND VILLAGE WAY,New Sale,Strata,63,"33,016",-,Apartment,1,99 yrs lease commencing from 2024,10,Core Central Region,36 to 40
SKYE AT HOLLAND,"2,797,000",914.94,"3,057",Oct-25,HOLLAND VILLAGE WAY,New Sale,Strata,85,"32,906",-,Apartment,1,99 yrs lease commencing from 2024,10,Core Central Region,36 to 40
SKYE AT HOLLAND,"2,106,000",678.13,"3,106",Oct-25,HOLLAND VILLAGE WAY,New Sale,Strata,63,"33,429",-,Apartment,1,99 yrs lease commencing from 2024,10,Core Central Region,36 to 40
SKYE AT HOLLAND,"1,799,000",581.26,"3,095",Oct-25,HOLLAND VILLAGE WAY,New Sale,Strata,54,"33,315",-,Apartment,1,99 yrs lease commencing from 2024,10,Core Central Region,36 to 40
SKYE AT HOLLAND,"3,377,000","1,076.4","3,137",Oct-25,HOLLAND VILLAGE WAY,New Sale,Strata,100,"33,770",-,Apartment,1,99 yrs lease commencing from 2024,10,Core Central Region,36 to 40
SKYE AT HOLLAND,"2,113,000",678.13,"3,116",Oct-25,HOLLAND VILLAGE WAY,New Sale,Strata,63,"33,540",-,Apartment,1,99 yrs lease commencing from 2024,10,Core Central Region,36 to 40
SKYE AT HOLLAND,"1,804,000",581.26,"3,104",Oct-25,HOLLAND VILLAGE WAY,New Sale,Strata,54,"33,407",-,Apartment,1,99 yrs lease commencing from 2024,10,Core Central Region,36 to 40
SKYE AT HOLLAND,"2,835,000",914.94,"3,099",Oct-25,HOLLAND VILLAGE WAY,New Sale,Strata,85,"33,353",-,Apartment,1,99 yrs lease commencing from 2024,10,Core Central Region,36 to 40
SKYE AT HOLLAND,"3,949,000","1,237.86","3,190",Oct-25,HOLLAND VILLAGE WAY,New Sale,Strata,115,"34,339",-,Apartment,1,99 yrs lease commencing from 2024,10,Core Central Region,36 to 40
SKYE AT HOLLAND,"2,095,000",678.13,"3,089",Oct-25,HOLLAND VILLAGE WAY,New Sale,Strata,63,"33,254",-,Apartment,1,99 yrs lease commencing from 2024,10,Core Central Region,36 to 40
SKYE AT HOLLAND,"2,815,000",914.94,"3,077",Oct-25,HOLLAND VILLAGE WAY,New Sale,Strata,85,"33,118",-,Apartment,1,99 yrs lease commencing from 2024,10,Core Central Region,36 to 40
SKYE AT HOLLAND,"1,810,000",581.26,"3,114",Oct-25,HOLLAND VILLAGE WAY,New Sale,Strata,54,"33,519",-,Apartment,1,99 yrs lease commencing from 2024,10,Core Central Region,36 to 40
SKYE AT HOLLAND,"3,961,000","1,237.86","3,200",Oct-25,HOLLAND VILLAGE WAY,New Sale,Strata,115,"34,443",-,Apartment,1,99 yrs lease commencing from 2024,10,Core Central Region,36 to 40
SKYE AT HOLLAND,"2,824,000",914.94,"3,087",Oct-25,HOLLAND VILLAGE WAY,New Sale,Strata,85,"33,224",-,Apartment,1,99 yrs lease commencing from 2024,10,Core Central Region,36 to 40
SKYE AT HOLLAND,"3,400,000","1,076.4","3,159",Oct-25,HOLLAND VILLAGE WAY,New Sale,Strata,100,"34,000",-,Apartment,1,99 yrs lease commencing from 2024,10,Core Central Region,36 to 40
SKYE AT HOLLAND,"2,126,000",678.13,"3,135",Oct-25,HOLLAND VILLAGE WAY,New Sale,Strata,63,"33,746",-,Apartment,1,99 yrs lease commencing from 2024,10,Core Central Region,36 to 40
SKYE AT HOLLAND,"2,853,000",914.94,"3,118",Oct-25,HOLLAND VILLAGE WAY,New Sale,Strata,85,"33,565",-,Apartment,1,99 yrs lease commencing from 2024,10,Core Central Region,36 to 40
SKYE AT HOLLAND,"2,108,000",678.13,"3,109",Oct-25,HOLLAND VILLAGE WAY,New Sale,Strata,63,"33,460",-,Apartment,1,99 yrs lease commencing from 2024,10,Core Central Region,36 to 40
SKYE AT HOLLAND,"2,833,000",914.94,"3,096",Oct-25,HOLLAND VILLAGE WAY,New Sale,Strata,85,"33,329",-,Apartment,1,99 yrs lease commencing from 2024,10,Core Central Region,36 to 40
SKYE AT HOLLAND,"3,411,000","1,076.4","3,169",Oct-25,HOLLAND VILLAGE WAY,New Sale,Strata,100,"34,110",-,Apartment,1,99 yrs lease commencing from 2024,10,Core Central Region,36 to 40
SKYE AT HOLLAND,"2,133,000",678.13,"3,145",Oct-25,HOLLAND VILLAGE WAY,New Sale,Strata,63,"33,857",-,Apartment,1,99 yrs lease commencing from 2024,10,Core Central Region,36 to 40
SKYE AT HOLLAND,"1,822,000",581.26,"3,135",Oct-25,HOLLAND VILLAGE WAY,New Sale,Strata,54,"33,741",-,Apartment,1,99 yrs lease commencing from 2024,10,Core Central Region,36 to 40
SKYE AT HOLLAND,"2,862,000",914.94,"3,128",Oct-25,HOLLAND VILLAGE WAY,New Sale,Strata,85,"33,671",-,Apartment,1,99 yrs lease commencing from 2024,10,Core Central Region,36 to 40
SKYE AT HOLLAND,"3,987,000","1,237.86","3,221",Oct-25,HOLLAND VILLAGE WAY,New Sale,Strata,115,"34,670",-,Apartment,1,99 yrs lease commencing from 2024,10,Core Central Region,36 to 40
SKYE AT HOLLAND,"4,050,000","1,463.9","2,767",Oct-25,HOLLAND VILLAGE WAY,New Sale,Strata,136,"29,779",-,Apartment,1,99 yrs lease commencing from 2024,10,Core Central Region,01 to 05
SKYE AT HOLLAND,"4,889,000","1,765.3","2,770",Oct-25,HOLLAND VILLAGE WAY,New Sale,Strata,164,"29,811",-,Apartment,1,99 yrs lease commencing from 2024,10,Core Central Region,01 to 05
SKYE AT HOLLAND,"4,066,000","1,463.9","2,778",Oct-25,HOLLAND VILLAGE WAY,New Sale,Strata,136,"29,897",-,Apartment,1,99 yrs lease commencing from 2024,10,Core Central Region,01 to 05
SKYE AT HOLLAND,"4,908,000","1,765.3","2,780",Oct-25,HOLLAND VILLAGE WAY,New Sale,Strata,164,"29,927",-,Apartment,1,99 yrs lease commencing from 2024,10,Core Central Region,01 to 05
SKYE AT HOLLAND,"4,095,000","1,463.9","2,797",Oct-25,HOLLAND VILLAGE WAY,New Sale,Strata,136,"30,110",-,Apartment,1,99 yrs lease commencing from 2024,10,Core Central Region,06 to 10
SKYE AT HOLLAND,"4,947,000","1,765.3","2,802",Oct-25,HOLLAND VILLAGE WAY,New Sale,Strata,164,"30,165",-,Apartment,1,99 yrs lease commencing from 2024,10,Core Central Region,06 to 10
SKYE AT HOLLAND,"1,962,000",731.95,"2,681",Oct-25,HOLLAND VILLAGE WAY,New Sale,Strata,68,"28,853",-,Apartment,1,99 yrs lease commencing from 2024,10,Core Central Region,06 to 10
SKYE AT HOLLAND,"1,766,000",667.37,"2,646",Oct-25,HOLLAND VILLAGE WAY,New Sale,Strata,62,"28,484",-,Apartment,1,99 yrs lease commencing from 2024,10,Core Central Region,06 to 10
SKYE AT HOLLAND,"2,909,000","1,076.4","2,703",Oct-25,HOLLAND VILLAGE WAY,New Sale,Strata,100,"29,090",-,Apartment,1,99 yrs lease commencing from 2024,10,Core Central Region,06 to 10
SKYE AT HOLLAND,"4,111,000","1,463.9","2,808",Oct-25,HOLLAND VILLAGE WAY,New Sale,Strata,136,"30,228",-,Apartment,1,99 yrs lease commencing from 2024,10,Core Central Region,06 to 10
SKYE AT HOLLAND,"1,842,000",667.37,"2,760",Oct-25,HOLLAND VILLAGE WAY,New Sale,Strata,62,"29,710",-,Apartment,1,99 yrs lease commencing from 2024,10,Core Central Region,06 to 10
SKYE AT HOLLAND,"1,999,000",731.95,"2,731",Oct-25,HOLLAND VILLAGE WAY,New Sale,Strata,68,"29,397",-,Apartment,1,99 yrs lease commencing from 2024,10,Core Central Region,06 to 10
SKYE AT HOLLAND,"4,966,000","1,765.3","2,813",Oct-25,HOLLAND VILLAGE WAY,New Sale,Strata,164,"30,280",-,Apartment,1,99 yrs lease commencing from 2024,10,Core Central Region,06 to 10
SKYE AT HOLLAND,"3,390,000","1,237.86","2,739",Oct-25,HOLLAND VILLAGE WAY,New Sale,Strata,115,"29,478",-,Apartment,1,99 yrs lease commencing from 2024,10,Core Central Region,06 to 10
SKYE AT HOLLAND,"1,795,000",667.37,"2,690",Oct-25,HOLLAND VILLAGE WAY,New Sale,Strata,62,"28,952",-,Apartment,1,99 yrs lease commencing from 2024,10,Core Central Region,06 to 10
SKYE AT HOLLAND,"2,953,000","1,076.4","2,743",Oct-25,HOLLAND VILLAGE WAY,New Sale,Strata,100,"29,530",-,Apartment,1,99 yrs lease commencing from 2024,10,Core Central Region,06 to 10
SKYE AT HOLLAND,"4,170,000","1,463.9","2,849",Oct-25,HOLLAND VILLAGE WAY,New Sale,Strata,136,"30,662",-,Apartment,1,99 yrs lease commencing from 2024,10,Core Central Region,06 to 10
SKYE AT HOLLAND,"1,870,000",667.37,"2,802",Oct-25,HOLLAND VILLAGE WAY,New Sale,Strata,62,"30,161",-,Apartment,1,99 yrs lease commencing from 2024,10,Core Central Region,06 to 10
SKYE AT HOLLAND,"2,031,000",731.95,"2,775",Oct-25,HOLLAND VILLAGE WAY,New Sale,Strata,68,"29,868",-,Apartment,1,99 yrs lease commencing from 2024,10,Core Central Region,06 to 10
SKYE AT HOLLAND,"5,041,000","1,765.3","2,856",Oct-25,HOLLAND VILLAGE WAY,New Sale,Strata,164,"30,738",-,Apartment,1,99 yrs lease commencing from 2024,10,Core Central Region,06 to 10
SKYE AT HOLLAND,"3,403,000","1,237.86","2,749",Oct-25,HOLLAND VILLAGE WAY,New Sale,Strata,115,"29,591",-,Apartment,1,99 yrs lease commencing from 2024,10,Core Central Region,06 to 10
SKYE AT HOLLAND,"2,964,000","1,076.4","2,754",Oct-25,HOLLAND VILLAGE WAY,New Sale,Strata,100,"29,640",-,Apartment,1,99 yrs lease commencing from 2024,10,Core Central Region,06 to 10
SKYE AT HOLLAND,"4,185,000","1,463.9","2,859",Oct-25,HOLLAND VILLAGE WAY,New Sale,Strata,136,"30,772",-,Apartment,1,99 yrs lease commencing from 2024,10,Core Central Region,06 to 10
SKYE AT HOLLAND,"1,876,000",667.37,"2,811",Oct-25,HOLLAND VILLAGE WAY,New Sale,Strata,62,"30,258",-,Apartment,1,99 yrs lease commencing from 2024,10,Core Central Region,06 to 10
SKYE AT HOLLAND,"2,039,000",731.95,"2,786",Oct-25,HOLLAND VILLAGE WAY,New Sale,Strata,68,"29,985",-,Apartment,1,99 yrs lease commencing from 2024,10,Core Central Region,06 to 10
SKYE AT HOLLAND,"5,060,000","1,765.3","2,866",Oct-25,HOLLAND VILLAGE WAY,New Sale,Strata,164,"30,854",-,Apartment,1,99 yrs lease commencing from 2024,10,Core Central Region,06 to 10
SKYE AT HOLLAND,"3,455,000","1,237.86","2,791",Oct-25,HOLLAND VILLAGE WAY,New Sale,Strata,115,"30,043",-,Apartment,1,99 yrs lease commencing from 2024,10,Core Central Region,06 to 10
SKYE AT HOLLAND,"1,828,000",667.37,"2,739",Oct-25,HOLLAND VILLAGE WAY,New Sale,Strata,62,"29,484",-,Apartment,1,99 yrs lease commencing from 2024,10,Core Central Region,06 to 10
SKYE AT HOLLAND,"2,976,000","1,076.4","2,765",Oct-25,HOLLAND VILLAGE WAY,New Sale,Strata,100,"29,760",-,Apartment,1,99 yrs lease commencing from 2024,10,Core Central Region,06 to 10
SKYE AT HOLLAND,"4,201,000","1,463.9","2,870",Oct-25,HOLLAND VILLAGE WAY,New Sale,Strata,136,"30,890",-,Apartment,1,99 yrs lease commencing from 2024,10,Core Central Region,06 to 10
SKYE AT HOLLAND,"1,883,000",667.37,"2,822",Oct-25,HOLLAND VILLAGE WAY,New Sale,Strata,62,"30,371",-,Apartment,1,99 yrs lease commencing from 2024,10,Core Central Region,06 to 10
SKYE AT HOLLAND,"2,047,000",731.95,"2,797",Oct-25,HOLLAND VILLAGE WAY,New Sale,Strata,68,"30,103",-,Apartment,1,99 yrs lease commencing from 2024,10,Core Central Region,06 to 10
SKYE AT HOLLAND,"5,079,000","1,765.3","2,877",Oct-25,HOLLAND VILLAGE WAY,New Sale,Strata,164,"30,970",-,Apartment,1,99 yrs lease commencing from 2024,10,Core Central Region,06 to 10
SKYE AT HOLLAND,"1,987,000",731.95,"2,715",Oct-25,HOLLAND VILLAGE WAY,New Sale,Strata,68,"29,221",-,Apartment,1,99 yrs lease commencing from 2024,10,Core Central Region,06 to 10
SKYE AT HOLLAND,"2,954,000","1,076.4","2,744",Oct-25,HOLLAND VILLAGE WAY,New Sale,Strata,100,"29,540",-,Apartment,1,99 yrs lease commencing from 2024,10,Core Central Region,11 to 15
SKYE AT HOLLAND,"4,215,000","1,463.9","2,879",Oct-25,HOLLAND VILLAGE WAY,New Sale,Strata,136,"30,993",-,Apartment,1,99 yrs lease commencing from 2024,10,Core Central Region,11 to 15
SKYE AT HOLLAND,"1,890,000",667.37,"2,832",Oct-25,HOLLAND VILLAGE WAY,New Sale,Strata,62,"30,484",-,Apartment,1,99 yrs lease commencing from 2024,10,Core Central Region,11 to 15
SKYE AT HOLLAND,"2,078,000",731.95,"2,839",Oct-25,HOLLAND VILLAGE WAY,New Sale,Strata,68,"30,559",-,Apartment,1,99 yrs lease commencing from 2024,10,Core Central Region,11 to 15
SKYE AT HOLLAND,"5,098,000","1,765.3","2,888",Oct-25,HOLLAND VILLAGE WAY,New Sale,Strata,164,"31,085",-,Apartment,1,99 yrs lease commencing from 2024,10,Core Central Region,11 to 15
SKYE AT HOLLAND,"2,017,000",731.95,"2,756",Oct-25,HOLLAND VILLAGE WAY,New Sale,Strata,68,"29,662",-,Apartment,1,99 yrs lease commencing from 2024,10,Core Central Region,11 to 15
SKYE AT HOLLAND,"4,246,000","1,463.9","2,900",Oct-25,HOLLAND VILLAGE WAY,New Sale,Strata,136,"31,221",-,Apartment,1,99 yrs lease commencing from 2024,10,Core Central Region,11 to 15
SKYE AT HOLLAND,"2,094,000",731.95,"2,861",Oct-25,HOLLAND VILLAGE WAY,New Sale,Strata,68,"30,794",-,Apartment,1,99 yrs lease commencing from 2024,10,Core Central Region,11 to 15
SKYE AT HOLLAND,"3,507,000","1,237.86","2,833",Oct-25,HOLLAND VILLAGE WAY,New Sale,Strata,115,"30,496",-,Apartment,1,99 yrs lease commencing from 2024,10,Core Central Region,11 to 15
SKYE AT HOLLAND,"4,260,000","1,463.9","2,910",Oct-25,HOLLAND VILLAGE WAY,New Sale,Strata,136,"31,324",-,Apartment,1,99 yrs lease commencing from 2024,10,Core Central Region,11 to 15
SKYE AT HOLLAND,"2,101,000",731.95,"2,870",Oct-25,HOLLAND VILLAGE WAY,New Sale,Strata,68,"30,897",-,Apartment,1,99 yrs lease commencing from 2024,10,Core Central Region,11 to 15
SKYE AT HOLLAND,"5,156,000","1,765.3","2,921",Oct-25,HOLLAND VILLAGE WAY,New Sale,Strata,164,"31,439",-,Apartment,1,99 yrs lease commencing from 2024,10,Core Central Region,11 to 15
SKYE AT HOLLAND,"4,275,000","1,463.9","2,920",Oct-25,HOLLAND VILLAGE WAY,New Sale,Strata,136,"31,434",-,Apartment,1,99 yrs lease commencing from 2024,10,Core Central Region,11 to 15
SKYE AT HOLLAND,"5,175,000","1,765.3","2,932",Oct-25,HOLLAND VILLAGE WAY,New Sale,Strata,164,"31,555",-,Apartment,1,99 yrs lease commencing from 2024,10,Core Central Region,11 to 15
SKYE AT HOLLAND,"3,532,000","1,237.86","2,853",Oct-25,HOLLAND VILLAGE WAY,New Sale,Strata,115,"30,713",-,Apartment,1,99 yrs lease commencing from 2024,10,Core Central Region,11 to 15
SKYE AT HOLLAND,"4,288,000","1,463.9","2,929",Oct-25,HOLLAND VILLAGE WAY,New Sale,Strata,136,"31,529",-,Apartment,1,99 yrs lease commencing from 2024,10,Core Central Region,11 to 15
SKYE AT HOLLAND,"1,946,000",667.37,"2,916",Oct-25,HOLLAND VILLAGE WAY,New Sale,Strata,62,"31,387",-,Apartment,1,99 yrs lease commencing from 2024,10,Core Central Region,11 to 15
SKYE AT HOLLAND,"2,118,000",731.95,"2,894",Oct-25,HOLLAND VILLAGE WAY,New Sale,Strata,68,"31,147",-,Apartment,1,99 yrs lease commencing from 2024,10,Core Central Region,11 to 15
SKYE AT HOLLAND,"5,250,000","1,765.3","2,974",Oct-25,HOLLAND VILLAGE WAY,New Sale,Strata,164,"32,012",-,Apartment,1,99 yrs lease commencing from 2024,10,Core Central Region,11 to 15
SKYE AT HOLLAND,"4,302,000","1,463.9","2,939",Oct-25,HOLLAND VILLAGE WAY,New Sale,Strata,136,"31,632",-,Apartment,1,99 yrs lease commencing from 2024,10,Core Central Region,16 to 20
SKYE AT HOLLAND,"1,953,000",667.37,"2,926",Oct-25,HOLLAND VILLAGE WAY,New Sale,Strata,62,"31,500",-,Apartment,1,99 yrs lease commencing from 2024,10,Core Central Region,16 to 20
SKYE AT HOLLAND,"2,126,000",731.95,"2,905",Oct-25,HOLLAND VILLAGE WAY,New Sale,Strata,68,"31,265",-,Apartment,1,99 yrs lease commencing from 2024,10,Core Central Region,16 to 20
SKYE AT HOLLAND,"5,211,000","1,765.3","2,952",Oct-25,HOLLAND VILLAGE WAY,New Sale,Strata,164,"31,774",-,Apartment,1,99 yrs lease commencing from 2024,10,Core Central Region,16 to 20
SKYE AT HOLLAND,"3,584,000","1,237.86","2,895",Oct-25,HOLLAND VILLAGE WAY,New Sale,Strata,115,"31,165",-,Apartment,1,99 yrs lease commencing from 2024,10,Core Central Region,16 to 20
SKYE AT HOLLAND,"4,365,000","1,463.9","2,982",Oct-25,HOLLAND VILLAGE WAY,New Sale,Strata,136,"32,096",-,Apartment,1,99 yrs lease commencing from 2024,10,Core Central Region,16 to 20
SKYE AT HOLLAND,"2,158,000",731.95,"2,948",Oct-25,HOLLAND VILLAGE WAY,New Sale,Strata,68,"31,735",-,Apartment,1,99 yrs lease commencing from 2024,10,Core Central Region,16 to 20
SKYE AT HOLLAND,"5,289,000","1,765.3","2,996",Oct-25,HOLLAND VILLAGE WAY,New Sale,Strata,164,"32,250",-,Apartment,1,99 yrs lease commencing from 2024,10,Core Central Region,16 to 20
SKYE AT HOLLAND,"3,598,000","1,237.86","2,907",Oct-25,HOLLAND VILLAGE WAY,New Sale,Strata,115,"31,287",-,Apartment,1,99 yrs lease commencing from 2024,10,Core Central Region,16 to 20
SKYE AT HOLLAND,"4,410,000","1,463.9","3,012",Oct-25,HOLLAND VILLAGE WAY,New Sale,Strata,136,"32,426",-,Apartment,1,99 yrs lease commencing from 2024,10,Core Central Region,16 to 20
SKYE AT HOLLAND,"2,181,000",731.95,"2,980",Oct-25,HOLLAND VILLAGE WAY,New Sale,Strata,68,"32,074",-,Apartment,1,99 yrs lease commencing from 2024,10,Core Central Region,16 to 20
SKYE AT HOLLAND,"5,346,000","1,765.3","3,028",Oct-25,HOLLAND VILLAGE WAY,New Sale,Strata,164,"32,598",-,Apartment,1,99 yrs lease commencing from 2024,10,Core Central Region,16 to 20
SKYE AT HOLLAND,"4,426,000","1,463.9","3,023",Oct-25,HOLLAND VILLAGE WAY,New Sale,Strata,136,"32,544",-,Apartment,1,99 yrs lease commencing from 2024,10,Core Central Region,16 to 20
SKYE AT HOLLAND,"1,989,000",667.37,"2,980",Oct-25,HOLLAND VILLAGE WAY,New Sale,Strata,62,"32,081",-,Apartment,1,99 yrs lease commencing from 2024,10,Core Central Region,16 to 20
SKYE AT HOLLAND,"2,189,000",731.95,"2,991",Oct-25,HOLLAND VILLAGE WAY,New Sale,Strata,68,"32,191",-,Apartment,1,99 yrs lease commencing from 2024,10,Core Central Region,16 to 20
SKYE AT HOLLAND,"5,364,000","1,765.3","3,039",Oct-25,HOLLAND VILLAGE WAY,New Sale,Strata,164,"32,707",-,Apartment,1,99 yrs lease commencing from 2024,10,Core Central Region,16 to 20
SKYE AT HOLLAND,"3,636,000","1,237.86","2,937",Oct-25,HOLLAND VILLAGE WAY,New Sale,Strata,115,"31,617",-,Apartment,1,99 yrs lease commencing from 2024,10,Core Central Region,16 to 20
SKYE AT HOLLAND,"4,455,000","1,463.9","3,043",Oct-25,HOLLAND VILLAGE WAY,New Sale,Strata,136,"32,757",-,Apartment,1,99 yrs lease commencing from 2024,10,Core Central Region,16 to 20
SKYE AT HOLLAND,"2,205,000",731.95,"3,012",Oct-25,HOLLAND VILLAGE WAY,New Sale,Strata,68,"32,426",-,Apartment,1,99 yrs lease commencing from 2024,10,Core Central Region,16 to 20
SKYE AT HOLLAND,"5,402,000","1,765.3","3,060",Oct-25,HOLLAND VILLAGE WAY,New Sale,Strata,164,"32,939",-,Apartment,1,99 yrs lease commencing from 2024,10,Core Central Region,16 to 20
SKYE AT HOLLAND,"3,622,000","1,237.86","2,926",Oct-25,HOLLAND VILLAGE WAY,New Sale,Strata,115,"31,496",-,Apartment,1,99 yrs lease commencing from 2024,10,Core Central Region,16 to 20
SKYE AT HOLLAND,"4,471,000","1,463.9","3,054",Oct-25,HOLLAND VILLAGE WAY,New Sale,Strata,136,"32,875",-,Apartment,1,99 yrs lease commencing from 2024,10,Core Central Region,21 to 25
SKYE AT HOLLAND,"5,421,000","1,765.3","3,071",Oct-25,HOLLAND VILLAGE WAY,New Sale,Strata,164,"33,055",-,Apartment,1,99 yrs lease commencing from 2024,10,Core Central Region,21 to 25
SKYE AT HOLLAND,"4,435,000","1,463.9","3,030",Oct-25,HOLLAND VILLAGE WAY,New Sale,Strata,136,"32,610",-,Apartment,1,99 yrs lease commencing from 2024,10,Core Central Region,21 to 25
SKYE AT HOLLAND,"5,440,000","1,765.3","3,082",Oct-25,HOLLAND VILLAGE WAY,New Sale,Strata,164,"33,171",-,Apartment,1,99 yrs lease commencing from 2024,10,Core Central Region,21 to 25
SKYE AT HOLLAND,"4,450,000","1,463.9","3,040",Oct-25,HOLLAND VILLAGE WAY,New Sale,Strata,136,"32,721",-,Apartment,1,99 yrs lease commencing from 2024,10,Core Central Region,21 to 25
SKYE AT HOLLAND,"4,516,000","1,463.9","3,085",Oct-25,HOLLAND VILLAGE WAY,New Sale,Strata,136,"33,206",-,Apartment,1,99 yrs lease commencing from 2024,10,Core Central Region,21 to 25
SKYE AT HOLLAND,"5,479,000","1,765.3","3,104",Oct-25,HOLLAND VILLAGE WAY,New Sale,Strata,164,"33,409",-,Apartment,1,99 yrs lease commencing from 2024,10,Core Central Region,21 to 25
SKYE AT HOLLAND,"1,969,000",667.37,"2,950",Oct-25,HOLLAND VILLAGE WAY,New Sale,Strata,62,"31,758",-,Apartment,1,99 yrs lease commencing from 2024,10,Core Central Region,21 to 25
SKYE AT HOLLAND,"4,545,000","1,463.9","3,105",Oct-25,HOLLAND VILLAGE WAY,New Sale,Strata,136,"33,419",-,Apartment,1,99 yrs lease commencing from 2024,10,Core Central Region,21 to 25
SKYE AT HOLLAND,"2,022,000",667.37,"3,030",Oct-25,HOLLAND VILLAGE WAY,New Sale,Strata,62,"32,613",-,Apartment,1,99 yrs lease commencing from 2024,10,Core Central Region,21 to 25
SKYE AT HOLLAND,"2,253,000",731.95,"3,078",Oct-25,HOLLAND VILLAGE WAY,New Sale,Strata,68,"33,132",-,Apartment,1,99 yrs lease commencing from 2024,10,Core Central Region,21 to 25
SKYE AT HOLLAND,"5,517,000","1,765.3","3,125",Oct-25,HOLLAND VILLAGE WAY,New Sale,Strata,164,"33,640",-,Apartment,1,99 yrs lease commencing from 2024,10,Core Central Region,21 to 25
SKYE AT HOLLAND,"3,741,000","1,237.86","3,022",Oct-25,HOLLAND VILLAGE WAY,New Sale,Strata,115,"32,530",-,Apartment,1,99 yrs lease commencing from 2024,10,Core Central Region,21 to 25
SKYE AT HOLLAND,"2,178,000",731.95,"2,976",Oct-25,HOLLAND VILLAGE WAY,New Sale,Strata,68,"32,029",-,Apartment,1,99 yrs lease commencing from 2024,10,Core Central Region,21 to 25
SKYE AT HOLLAND,"4,561,000","1,463.9","3,116",Oct-25,HOLLAND VILLAGE WAY,New Sale,Strata,136,"33,537",-,Apartment,1,99 yrs lease commencing from 2024,10,Core Central Region,26 to 30
SKYE AT HOLLAND,"2,052,000",667.37,"3,075",Oct-25,HOLLAND VILLAGE WAY,New Sale,Strata,62,"33,097",-,Apartment,1,99 yrs lease commencing from 2024,10,Core Central Region,26 to 30
SKYE AT HOLLAND,"2,290,000",742.72,"3,083",Oct-25,HOLLAND VILLAGE WAY,New Sale,Strata,69,"33,188",-,Apartment,1,99 yrs lease commencing from 2024,10,Core Central Region,26 to 30
SKYE AT HOLLAND,"2,261,000",731.95,"3,089",Oct-25,HOLLAND VILLAGE WAY,New Sale,Strata,68,"33,250",-,Apartment,1,99 yrs lease commencing from 2024,10,Core Central Region,26 to 30
SKYE AT HOLLAND,"5,535,000","1,765.3","3,135",Oct-25,HOLLAND VILLAGE WAY,New Sale,Strata,164,"33,750",-,Apartment,1,99 yrs lease commencing from 2024,10,Core Central Region,26 to 30
SKYE AT HOLLAND,"4,575,000","1,463.9","3,125",Oct-25,HOLLAND VILLAGE WAY,New Sale,Strata,136,"33,640",-,Apartment,1,99 yrs lease commencing from 2024,10,Core Central Region,26 to 30
SKYE AT HOLLAND,"2,059,000",667.37,"3,085",Oct-25,HOLLAND VILLAGE WAY,New Sale,Strata,62,"33,210",-,Apartment,1,99 yrs lease commencing from 2024,10,Core Central Region,26 to 30
SKYE AT HOLLAND,"2,269,000",731.95,"3,100",Oct-25,HOLLAND VILLAGE WAY,New Sale,Strata,68,"33,368",-,Apartment,1,99 yrs lease commencing from 2024,10,Core Central Region,26 to 30
SKYE AT HOLLAND,"5,554,000","1,765.3","3,146",Oct-25,HOLLAND VILLAGE WAY,New Sale,Strata,164,"33,866",-,Apartment,1,99 yrs lease commencing from 2024,10,Core Central Region,26 to 30
SKYE AT HOLLAND,"3,766,000","1,237.86","3,042",Oct-25,HOLLAND VILLAGE WAY,New Sale,Strata,115,"32,748",-,Apartment,1,99 yrs lease commencing from 2024,10,Core Central Region,26 to 30
SKYE AT HOLLAND,"2,202,000",731.95,"3,008",Oct-25,HOLLAND VILLAGE WAY,New Sale,Strata,68,"32,382",-,Apartment,1,99 yrs lease commencing from 2024,10,Core Central Region,26 to 30
SKYE AT HOLLAND,"4,620,000","1,463.9","3,156",Oct-25,HOLLAND VILLAGE WAY,New Sale,Strata,136,"33,971",-,Apartment,1,99 yrs lease commencing from 2024,10,Core Central Region,26 to 30
SKYE AT HOLLAND,"2,079,000",667.37,"3,115",Oct-25,HOLLAND VILLAGE WAY,New Sale,Strata,62,"33,532",-,Apartment,1,99 yrs lease commencing from 2024,10,Core Central Region,26 to 30
SKYE AT HOLLAND,"5,611,000","1,765.3","3,179",Oct-25,HOLLAND VILLAGE WAY,New Sale,Strata,164,"34,213",-,Apartment,1,99 yrs lease commencing from 2024,10,Core Central Region,26 to 30
SKYE AT HOLLAND,"4,635,000","1,463.9","3,166",Oct-25,HOLLAND VILLAGE WAY,New Sale,Strata,136,"34,081",-,Apartment,1,99 yrs lease commencing from 2024,10,Core Central Region,26 to 30
SKYE AT HOLLAND,"2,087,000",667.37,"3,127",Oct-25,HOLLAND VILLAGE WAY,New Sale,Strata,62,"33,661",-,Apartment,1,99 yrs lease commencing from 2024,10,Core Central Region,26 to 30
SKYE AT HOLLAND,"5,631,000","1,765.3","3,190",Oct-25,HOLLAND VILLAGE WAY,New Sale,Strata,164,"34,335",-,Apartment,1,99 yrs lease commencing from 2024,10,Core Central Region,26 to 30
SKYE AT HOLLAND,"4,651,000","1,463.9","3,177",Oct-25,HOLLAND VILLAGE WAY,New Sale,Strata,136,"34,199",-,Apartment,1,99 yrs lease commencing from 2024,10,Core Central Region,26 to 30
SKYE AT HOLLAND,"4,665,000","1,463.9","3,187",Oct-25,HOLLAND VILLAGE WAY,New Sale,Strata,136,"34,301",-,Apartment,1,99 yrs lease commencing from 2024,10,Core Central Region,31 to 35
SKYE AT HOLLAND,"4,680,000","1,463.9","3,197",Oct-25,HOLLAND VILLAGE WAY,New Sale,Strata,136,"34,412",-,Apartment,1,99 yrs lease commencing from 2024,10,Core Central Region,31 to 35
SKYE AT HOLLAND,"5,688,000","1,765.3","3,222",Oct-25,HOLLAND VILLAGE WAY,New Sale,Strata,164,"34,683",-,Apartment,1,99 yrs lease commencing from 2024,10,Core Central Region,31 to 35
SKYE AT HOLLAND,"4,696,000","1,463.9","3,208",Oct-25,HOLLAND VILLAGE WAY,New Sale,Strata,136,"34,529",-,Apartment,1,99 yrs lease commencing from 2024,10,Core Central Region,31 to 35
SKYE AT HOLLAND,"5,706,000","1,765.3","3,232",Oct-25,HOLLAND VILLAGE WAY,New Sale,Strata,164,"34,793",-,Apartment,1,99 yrs lease commencing from 2024,10,Core Central Region,31 to 35
SKYE AT HOLLAND,"4,710,000","1,463.9","3,217",Oct-25,HOLLAND VILLAGE WAY,New Sale,Strata,136,"34,632",-,Apartment,1,99 yrs lease commencing from 2024,10,Core Central Region,31 to 35
SKYE AT HOLLAND,"4,770,000","1,463.9","3,258",Oct-25,HOLLAND VILLAGE WAY,New Sale,Strata,136,"35,074",-,Apartment,1,99 yrs lease commencing from 2024,10,Core Central Region,36 to 40
SKYE AT HOLLAND,"5,802,000","1,765.3","3,287",Oct-25,HOLLAND VILLAGE WAY,New Sale,Strata,164,"35,378",-,Apartment,1,99 yrs lease commencing from 2024,10,Core Central Region,36 to 40
SKYE AT HOLLAND,"4,786,000","1,463.9","3,269",Oct-25,HOLLAND VILLAGE WAY,New Sale,Strata,136,"35,191",-,Apartment,1,99 yrs lease commencing from 2024,10,Core Central Region,36 to 40
SKYE AT HOLLAND,"4,800,000","1,463.9","3,279",Oct-25,HOLLAND VILLAGE WAY,New Sale,Strata,136,"35,294",-,Apartment,1,99 yrs lease commencing from 2024,10,Core Central Region,36 to 40
SKYE AT HOLLAND,"2,392,000",742.72,"3,221",Oct-25,HOLLAND VILLAGE WAY,New Sale,Strata,69,"34,667",-,Apartment,1,99 yrs lease commencing from 2024,10,Core Central Region,36 to 40
SKYE AT HOLLAND,"5,840,000","1,765.3","3,308",Oct-25,HOLLAND VILLAGE WAY,New Sale,Strata,164,"35,610",-,Apartment,1,99 yrs lease commencing from 2024,10,Core Central Region,36 to 40
SKYE AT HOLLAND,"4,815,000","1,463.9","3,289",Oct-25,HOLLAND VILLAGE WAY,New Sale,Strata,136,"35,404",-,Apartment,1,99 yrs lease commencing from 2024,10,Core Central Region,36 to 40
SKYE AT HOLLAND,"4,831,000","1,463.9","3,300",Oct-25,HOLLAND VILLAGE WAY,New Sale,Strata,136,"35,522",-,Apartment,1,99 yrs lease commencing from 2024,10,Core Central Region,36 to 40
SKYE AT HOLLAND,"1,815,000",678.13,"2,676",Oct-25,HOLLAND VILLAGE WAY,New Sale,Strata,63,"28,810",-,Apartment,1,99 yrs lease commencing from 2024,10,Core Central Region,06 to 10
SKYE AT HOLLAND,"2,428,000",914.94,"2,654",Oct-25,HOLLAND VILLAGE WAY,New Sale,Strata,85,"28,565",-,Apartment,1,99 yrs lease commencing from 2024,10,Core Central Region,06 to 10
SKYE AT HOLLAND,"1,798,000",678.13,"2,651",Oct-25,HOLLAND VILLAGE WAY,New Sale,Strata,63,"28,540",-,Apartment,1,99 yrs lease commencing from 2024,10,Core Central Region,06 to 10
SKYE AT HOLLAND,"2,403,000",914.94,"2,626",Oct-25,HOLLAND VILLAGE WAY,New Sale,Strata,85,"28,271",-,Apartment,1,99 yrs lease commencing from 2024,10,Core Central Region,06 to 10
SKYE AT HOLLAND,"1,822,000",678.13,"2,687",Oct-25,HOLLAND VILLAGE WAY,New Sale,Strata,63,"28,921",-,Apartment,1,99 yrs lease commencing from 2024,10,Core Central Region,06 to 10
SKYE AT HOLLAND,"2,463,000",914.94,"2,692",Oct-25,HOLLAND VILLAGE WAY,New Sale,Strata,85,"28,976",-,Apartment,1,99 yrs lease commencing from 2024,10,Core Central Region,06 to 10
SKYE AT HOLLAND,"2,894,000","1,076.4","2,689",Oct-25,HOLLAND VILLAGE WAY,New Sale,Strata,100,"28,940",-,Apartment,1,99 yrs lease commencing from 2024,10,Core Central Region,06 to 10
SKYE AT HOLLAND,"1,558,000",581.26,"2,680",Oct-25,HOLLAND VILLAGE WAY,New Sale,Strata,54,"28,852",-,Apartment,1,99 yrs lease commencing from 2024,10,Core Central Region,06 to 10
SKYE AT HOLLAND,"1,574,000",581.26,"2,708",Oct-25,HOLLAND VILLAGE WAY,New Sale,Strata,54,"29,148",-,Apartment,1,99 yrs lease commencing from 2024,10,Core Central Region,06 to 10
SKYE AT HOLLAND,"2,472,000",914.94,"2,702",Oct-25,HOLLAND VILLAGE WAY,New Sale,Strata,85,"29,082",-,Apartment,1,99 yrs lease commencing from 2024,10,Core Central Region,06 to 10
SKYE AT HOLLAND,"2,448,000",914.94,"2,676",Oct-25,HOLLAND VILLAGE WAY,New Sale,Strata,85,"28,800",-,Apartment,1,99 yrs lease commencing from 2024,10,Core Central Region,06 to 10
SKYE AT HOLLAND,"1,579,000",581.26,"2,717",Oct-25,HOLLAND VILLAGE WAY,New Sale,Strata,54,"29,241",-,Apartment,1,99 yrs lease commencing from 2024,10,Core Central Region,06 to 10
SKYE AT HOLLAND,"1,856,000",678.13,"2,737",Oct-25,HOLLAND VILLAGE WAY,New Sale,Strata,63,"29,460",-,Apartment,1,99 yrs lease commencing from 2024,10,Core Central Region,06 to 10
SKYE AT HOLLAND,"2,949,000","1,076.4","2,740",Oct-25,HOLLAND VILLAGE WAY,New Sale,Strata,100,"29,490",-,Apartment,1,99 yrs lease commencing from 2024,10,Core Central Region,06 to 10
SKYE AT HOLLAND,"1,570,000",581.26,"2,701",Oct-25,HOLLAND VILLAGE WAY,New Sale,Strata,54,"29,074",-,Apartment,1,99 yrs lease commencing from 2024,10,Core Central Region,06 to 10
SKYE AT HOLLAND,"2,484,000",914.94,"2,715",Oct-25,HOLLAND VILLAGE WAY,New Sale,Strata,85,"29,224",-,Apartment,1,99 yrs lease commencing from 2024,10,Core Central Region,06 to 10
SKYE AT HOLLAND,"1,863,000",678.13,"2,747",Oct-25,HOLLAND VILLAGE WAY,New Sale,Strata,63,"29,571",-,Apartment,1,99 yrs lease commencing from 2024,10,Core Central Region,11 to 15
SKYE AT HOLLAND,"2,518,000",914.94,"2,752",Oct-25,HOLLAND VILLAGE WAY,New Sale,Strata,85,"29,624",-,Apartment,1,99 yrs lease commencing from 2024,10,Core Central Region,11 to 15
SKYE AT HOLLAND,"2,960,000","1,076.4","2,750",Oct-25,HOLLAND VILLAGE WAY,New Sale,Strata,100,"29,600",-,Apartment,1,99 yrs lease commencing from 2024,10,Core Central Region,11 to 15
SKYE AT HOLLAND,"1,576,000",581.26,"2,711",Oct-25,HOLLAND VILLAGE WAY,New Sale,Strata,54,"29,185",-,Apartment,1,99 yrs lease commencing from 2024,10,Core Central Region,11 to 15
SKYE AT HOLLAND,"2,466,000",914.94,"2,695",Oct-25,HOLLAND VILLAGE WAY,New Sale,Strata,85,"29,012",-,Apartment,1,99 yrs lease commencing from 2024,10,Core Central Region,11 to 15
SKYE AT HOLLAND,"2,508,000",914.94,"2,741",Oct-25,HOLLAND VILLAGE WAY,New Sale,Strata,85,"29,506",-,Apartment,1,99 yrs lease commencing from 2024,10,Core Central Region,11 to 15
SKYE AT HOLLAND,"2,981,000","1,076.4","2,769",Oct-25,HOLLAND VILLAGE WAY,New Sale,Strata,100,"29,810",-,Apartment,1,99 yrs lease commencing from 2024,10,Core Central Region,11 to 15
SKYE AT HOLLAND,"1,588,000",581.26,"2,732",Oct-25,HOLLAND VILLAGE WAY,New Sale,Strata,54,"29,407",-,Apartment,1,99 yrs lease commencing from 2024,10,Core Central Region,11 to 15
SKYE AT HOLLAND,"2,511,000",914.94,"2,744",Oct-25,HOLLAND VILLAGE WAY,New Sale,Strata,85,"29,541",-,Apartment,1,99 yrs lease commencing from 2024,10,Core Central Region,11 to 15
SKYE AT HOLLAND,"2,992,000","1,076.4","2,780",Oct-25,HOLLAND VILLAGE WAY,New Sale,Strata,100,"29,920",-,Apartment,1,99 yrs lease commencing from 2024,10,Core Central Region,11 to 15
SKYE AT HOLLAND,"1,867,000",678.13,"2,753",Oct-25,HOLLAND VILLAGE WAY,New Sale,Strata,63,"29,635",-,Apartment,1,99 yrs lease commencing from 2024,10,Core Central Region,11 to 15
SKYE AT HOLLAND,"2,520,000",914.94,"2,754",Oct-25,HOLLAND VILLAGE WAY,New Sale,Strata,85,"29,647",-,Apartment,1,99 yrs lease commencing from 2024,10,Core Central Region,11 to 15
SKYE AT HOLLAND,"3,004,000","1,076.4","2,791",Oct-25,HOLLAND VILLAGE WAY,New Sale,Strata,100,"30,040",-,Apartment,1,99 yrs lease commencing from 2024,10,Core Central Region,11 to 15
SKYE AT HOLLAND,"2,501,000",914.94,"2,734",Oct-25,HOLLAND VILLAGE WAY,New Sale,Strata,85,"29,424",-,Apartment,1,99 yrs lease commencing from 2024,10,Core Central Region,11 to 15
SKYE AT HOLLAND,"3,048,000","1,076.4","2,832",Oct-25,HOLLAND VILLAGE WAY,New Sale,Strata,100,"30,480",-,Apartment,1,99 yrs lease commencing from 2024,10,Core Central Region,11 to 15
SKYE AT HOLLAND,"2,537,000",914.94,"2,773",Oct-25,HOLLAND VILLAGE WAY,New Sale,Strata,85,"29,847",-,Apartment,1,99 yrs lease commencing from 2024,10,Core Central Region,11 to 15
SKYE AT HOLLAND,"3,025,000","1,076.4","2,810",Oct-25,HOLLAND VILLAGE WAY,New Sale,Strata,100,"30,250",-,Apartment,1,99 yrs lease commencing from 2024,10,Core Central Region,16 to 20
SKYE AT HOLLAND,"1,630,000",581.26,"2,804",Oct-25,HOLLAND VILLAGE WAY,New Sale,Strata,54,"30,185",-,Apartment,1,99 yrs lease commencing from 2024,10,Core Central Region,16 to 20
SKYE AT HOLLAND,"2,546,000",914.94,"2,783",Oct-25,HOLLAND VILLAGE WAY,New Sale,Strata,85,"29,953",-,Apartment,1,99 yrs lease commencing from 2024,10,Core Central Region,16 to 20
SKYE AT HOLLAND,"3,035,000","1,076.4","2,820",Oct-25,HOLLAND VILLAGE WAY,New Sale,Strata,100,"30,350",-,Apartment,1,99 yrs lease commencing from 2024,10,Core Central Region,16 to 20
SKYE AT HOLLAND,"2,555,000",914.94,"2,793",Oct-25,HOLLAND VILLAGE WAY,New Sale,Strata,85,"30,059",-,Apartment,1,99 yrs lease commencing from 2024,10,Core Central Region,16 to 20
SKYE AT HOLLAND,"3,068,000","1,076.4","2,850",Oct-25,HOLLAND VILLAGE WAY,New Sale,Strata,100,"30,680",-,Apartment,1,99 yrs lease commencing from 2024,10,Core Central Region,16 to 20
SKYE AT HOLLAND,"2,610,000",914.94,"2,853",Oct-25,HOLLAND VILLAGE WAY,New Sale,Strata,85,"30,706",-,Apartment,1,99 yrs lease commencing from 2024,10,Core Central Region,16 to 20
SKYE AT HOLLAND,"3,584,000","1,237.86","2,895",Oct-25,HOLLAND VILLAGE WAY,New Sale,Strata,115,"31,165",-,Apartment,1,99 yrs lease commencing from 2024,10,Core Central Region,16 to 20
SKYE AT HOLLAND,"3,114,000","1,076.4","2,893",Oct-25,HOLLAND VILLAGE WAY,New Sale,Strata,100,"31,140",-,Apartment,1,99 yrs lease commencing from 2024,10,Core Central Region,16 to 20
SKYE AT HOLLAND,"2,619,000",914.94,"2,862",Oct-25,HOLLAND VILLAGE WAY,New Sale,Strata,85,"30,812",-,Apartment,1,99 yrs lease commencing from 2024,10,Core Central Region,16 to 20
SKYE AT HOLLAND,"3,100,000","1,076.4","2,880",Oct-25,HOLLAND VILLAGE WAY,New Sale,Strata,100,"31,000",-,Apartment,1,99 yrs lease commencing from 2024,10,Core Central Region,16 to 20
SKYE AT HOLLAND,"3,147,000","1,076.4","2,924",Oct-25,HOLLAND VILLAGE WAY,New Sale,Strata,100,"31,470",-,Apartment,1,99 yrs lease commencing from 2024,10,Core Central Region,21 to 25
SKYE AT HOLLAND,"3,158,000","1,076.4","2,934",Oct-25,HOLLAND VILLAGE WAY,New Sale,Strata,100,"31,580",-,Apartment,1,99 yrs lease commencing from 2024,10,Core Central Region,21 to 25
SKYE AT HOLLAND,"2,655,000",914.94,"2,902",Oct-25,HOLLAND VILLAGE WAY,New Sale,Strata,85,"31,235",-,Apartment,1,99 yrs lease commencing from 2024,10,Core Central Region,21 to 25
SKYE AT HOLLAND,"1,997,000",678.13,"2,945",Oct-25,HOLLAND VILLAGE WAY,New Sale,Strata,63,"31,698",-,Apartment,1,99 yrs lease commencing from 2024,10,Core Central Region,21 to 25
SKYE AT HOLLAND,"2,689,000",914.94,"2,939",Oct-25,HOLLAND VILLAGE WAY,New Sale,Strata,85,"31,635",-,Apartment,1,99 yrs lease commencing from 2024,10,Core Central Region,21 to 25
SKYE AT HOLLAND,"3,202,000","1,076.4","2,975",Oct-25,HOLLAND VILLAGE WAY,New Sale,Strata,100,"32,020",-,Apartment,1,99 yrs lease commencing from 2024,10,Core Central Region,21 to 25
SKYE AT HOLLAND,"2,000,000",678.13,"2,949",Oct-25,HOLLAND VILLAGE WAY,New Sale,Strata,63,"31,746",-,Apartment,1,99 yrs lease commencing from 2024,10,Core Central Region,21 to 25
SKYE AT HOLLAND,"1,709,000",581.26,"2,940",Oct-25,HOLLAND VILLAGE WAY,New Sale,Strata,54,"31,648",-,Apartment,1,99 yrs lease commencing from 2024,10,Core Central Region,21 to 25
SKYE AT HOLLAND,"2,691,000",914.94,"2,941",Oct-25,HOLLAND VILLAGE WAY,New Sale,Strata,85,"31,659",-,Apartment,1,99 yrs lease commencing from 2024,10,Core Central Region,21 to 25
SKYE AT HOLLAND,"2,698,000",914.94,"2,949",Oct-25,HOLLAND VILLAGE WAY,New Sale,Strata,85,"31,741",-,Apartment,1,99 yrs lease commencing from 2024,10,Core Central Region,26 to 30
SKYE AT HOLLAND,"3,213,000","1,076.4","2,985",Oct-25,HOLLAND VILLAGE WAY,New Sale,Strata,100,"32,130",-,Apartment,1,99 yrs lease commencing from 2024,10,Core Central Region,26 to 30
SKYE AT HOLLAND,"2,007,000",678.13,"2,960",Oct-25,HOLLAND VILLAGE WAY,New Sale,Strata,63,"31,857",-,Apartment,1,99 yrs lease commencing from 2024,10,Core Central Region,26 to 30
SKYE AT HOLLAND,"1,714,000",581.26,"2,949",Oct-25,HOLLAND VILLAGE WAY,New Sale,Strata,54,"31,741",-,Apartment,1,99 yrs lease commencing from 2024,10,Core Central Region,26 to 30
SKYE AT HOLLAND,"2,700,000",914.94,"2,951",Oct-25,HOLLAND VILLAGE WAY,New Sale,Strata,85,"31,765",-,Apartment,1,99 yrs lease commencing from 2024,10,Core Central Region,26 to 30
SKYE AT HOLLAND,"2,707,000",914.94,"2,959",Oct-25,HOLLAND VILLAGE WAY,New Sale,Strata,85,"31,847",-,Apartment,1,99 yrs lease commencing from 2024,10,Core Central Region,26 to 30
SKYE AT HOLLAND,"3,223,000","1,076.4","2,994",Oct-25,HOLLAND VILLAGE WAY,New Sale,Strata,100,"32,230",-,Apartment,1,99 yrs lease commencing from 2024,10,Core Central Region,26 to 30
SKYE AT HOLLAND,"2,015,000",678.13,"2,971",Oct-25,HOLLAND VILLAGE WAY,New Sale,Strata,63,"31,984",-,Apartment,1,99 yrs lease commencing from 2024,10,Core Central Region,26 to 30
SKYE AT HOLLAND,"2,709,000",914.94,"2,961",Oct-25,HOLLAND VILLAGE WAY,New Sale,Strata,85,"31,871",-,Apartment,1,99 yrs lease commencing from 2024,10,Core Central Region,26 to 30
SKYE AT HOLLAND,"3,221,000","1,076.4","2,992",Oct-25,HOLLAND VILLAGE WAY,New Sale,Strata,100,"32,210",-,Apartment,1,99 yrs lease commencing from 2024,10,Core Central Region,26 to 30
SKYE AT HOLLAND,"2,736,000",914.94,"2,990",Oct-25,HOLLAND VILLAGE WAY,New Sale,Strata,85,"32,188",-,Apartment,1,99 yrs lease commencing from 2024,10,Core Central Region,26 to 30
SKYE AT HOLLAND,"3,806,000","1,237.86","3,075",Oct-25,HOLLAND VILLAGE WAY,New Sale,Strata,115,"33,096",-,Apartment,1,99 yrs lease commencing from 2024,10,Core Central Region,26 to 30
SKYE AT HOLLAND,"1,729,000",581.26,"2,975",Oct-25,HOLLAND VILLAGE WAY,New Sale,Strata,54,"32,019",-,Apartment,1,99 yrs lease commencing from 2024,10,Core Central Region,26 to 30
SKYE AT HOLLAND,"3,267,000","1,076.4","3,035",Oct-25,HOLLAND VILLAGE WAY,New Sale,Strata,100,"32,670",-,Apartment,1,99 yrs lease commencing from 2024,10,Core Central Region,26 to 30
SKYE AT HOLLAND,"2,043,000",678.13,"3,013",Oct-25,HOLLAND VILLAGE WAY,New Sale,Strata,63,"32,429",-,Apartment,1,99 yrs lease commencing from 2024,10,Core Central Region,26 to 30
SKYE AT HOLLAND,"2,745,000",914.94,"3,000",Oct-25,HOLLAND VILLAGE WAY,New Sale,Strata,85,"32,294",-,Apartment,1,99 yrs lease commencing from 2024,10,Core Central Region,26 to 30
SKYE AT HOLLAND,"3,278,000","1,076.4","3,045",Oct-25,HOLLAND VILLAGE WAY,New Sale,Strata,100,"32,780",-,Apartment,1,99 yrs lease commencing from 2024,10,Core Central Region,26 to 30
SKYE AT HOLLAND,"2,754,000",914.94,"3,010",Oct-25,HOLLAND VILLAGE WAY,New Sale,Strata,85,"32,400",-,Apartment,1,99 yrs lease commencing from 2024,10,Core Central Region,26 to 30
SKYE AT HOLLAND,"3,253,000","1,076.4","3,022",Oct-25,HOLLAND VILLAGE WAY,New Sale,Strata,100,"32,530",-,Apartment,1,99 yrs lease commencing from 2024,10,Core Central Region,31 to 35
SKYE AT HOLLAND,"3,301,000","1,076.4","3,067",Oct-25,HOLLAND VILLAGE WAY,New Sale,Strata,100,"33,010",-,Apartment,1,99 yrs lease commencing from 2024,10,Core Central Region,31 to 35
SKYE AT HOLLAND,"2,772,000",914.94,"3,030",Oct-25,HOLLAND VILLAGE WAY,New Sale,Strata,85,"32,612",-,Apartment,1,99 yrs lease commencing from 2024,10,Core Central Region,31 to 35
SKYE AT HOLLAND,"3,312,000","1,076.4","3,077",Oct-25,HOLLAND VILLAGE WAY,New Sale,Strata,100,"33,120",-,Apartment,1,99 yrs lease commencing from 2024,10,Core Central Region,31 to 35
SKYE AT HOLLAND,"2,781,000",914.94,"3,040",Oct-25,HOLLAND VILLAGE WAY,New Sale,Strata,85,"32,718",-,Apartment,1,99 yrs lease commencing from 2024,10,Core Central Region,31 to 35
SKYE AT HOLLAND,"3,322,000","1,076.4","3,086",Oct-25,HOLLAND VILLAGE WAY,New Sale,Strata,100,"33,220",-,Apartment,1,99 yrs lease commencing from 2024,10,Core Central Region,31 to 35
SKYE AT HOLLAND,"3,366,000","1,076.4","3,127",Oct-25,HOLLAND VILLAGE WAY,New Sale,Strata,100,"33,660",-,Apartment,1,99 yrs lease commencing from 2024,10,Core Central Region,36 to 40
SKYE AT HOLLAND,"3,388,000","1,076.4","3,148",Oct-25,HOLLAND VILLAGE WAY,New Sale,Strata,100,"33,880",-,Apartment,1,99 yrs lease commencing from 2024,10,Core Central Region,36 to 40
SKYE AT HOLLAND,"2,813,000",914.94,"3,075",Oct-25,HOLLAND VILLAGE WAY,New Sale,Strata,85,"33,094",-,Apartment,1,99 yrs lease commencing from 2024,10,Core Central Region,36 to 40
THE MONTANA,"2,245,000",936.47,"2,397",Oct-25,JALAN MUTIARA,Resale,Strata,87,"25,805",-,Apartment,1,Freehold,10,Core Central Region,06 to 10
LEEDON RESIDENCE,"2,840,000","1,044.11","2,720",Oct-25,LEEDON HEIGHTS,Resale,Strata,97,"29,278",-,Condominium,1,Freehold,10,Core Central Region,06 to 10
TANGLIN REGENCY,"1,460,000",850.36,"1,717",Oct-25,TANGLIN ROAD,Resale,Strata,79,"18,481",-,Condominium,1,99 yrs lease commencing from 1994,10,Core Central Region,01 to 05
TANGLIN REGENCY,"1,460,000",850.36,"1,717",Oct-25,TANGLIN ROAD,Resale,Strata,79,"18,481",-,Condominium,1,99 yrs lease commencing from 1994,10,Core Central Region,06 to 10
GRANGE 1866,"2,453,000",850.36,"2,885",Oct-25,GRANGE ROAD,New Sale,Strata,79,"31,051",-,Apartment,1,Freehold,10,Core Central Region,16 to 20
BOTANIC GARDENS VIEW,"3,300,000","1,259.39","2,620",Oct-25,TAMAN SERASI,Resale,Strata,117,"28,205",-,Apartment,1,Freehold,10,Core Central Region,01 to 05
THE TOMLINSON,"5,800,000","2,368.08","2,449",Oct-25,CUSCADEN ROAD,Resale,Strata,220,"26,364",-,Apartment,1,Freehold,10,Core Central Region,06 to 10
REGENCY PARK,"8,450,000","3,649","2,316",Oct-25,NATHAN ROAD,Resale,Strata,339,"24,926",-,Condominium,1,Freehold,10,Core Central Region,21 to 25
LEEDON GREEN,"2,180,000",699.66,"3,116",Oct-25,LEEDON HEIGHTS,Sub Sale,Strata,65,"33,538",-,Condominium,1,Freehold,10,Core Central Region,06 to 10
CLIVEDEN AT GRANGE,"9,000,000","2,841.7","3,167",Oct-25,GRANGE ROAD,Resale,Strata,264,"34,091",-,Condominium,1,Freehold,10,Core Central Region,16 to 20
D'LEEDON,"2,440,000","1,216.33","2,006",Oct-25,LEEDON HEIGHTS,Resale,Strata,113,"21,593",-,Condominium,1,99 yrs lease commencing from 2010,10,Core Central Region,16 to 20
THE ELEMENT @ STEVENS,"2,704,000","1,323.97","2,042",Oct-25,STEVENS ROAD,Resale,Strata,123,"21,984",-,Apartment,1,Freehold,10,Core Central Region,01 to 05
21 ANDERSON,"22,700,000","4,488.59","5,057",Oct-25,ANDERSON ROAD,New Sale,Strata,417,"54,436",-,Condominium,1,Freehold,10,Core Central Region,01 to 05
UPPERHOUSE AT ORCHARD BOULEVARD,"2,331,000",699.66,"3,332",Oct-25,ORCHARD BOULEVARD,New Sale,Strata,65,"35,862",-,Apartment,1,99 yrs lease commencing from 2024,10,Core Central Region,11 to 15
21 ANDERSON,"9,430,000","3,196.91","2,950",Oct-25,ANDERSON ROAD,New Sale,Strata,297,"31,751",-,Condominium,1,Freehold,10,Core Central Region,01 to 05
FONTANA HEIGHTS,"6,000,000","3,455.24","1,736",Oct-25,MOUNT SINAI RISE,Resale,Strata,321,"18,692",-,Condominium,1,Freehold,10,Core Central Region,11 to 15
SOMMERVILLE PARK,"4,320,000","1,948.28","2,217",Oct-25,FARRER DRIVE,Resale,Strata,181,"23,867",-,Condominium,1,Freehold,10,Core Central Region,06 to 10
DYNASTY LODGE,"3,030,000","1,883.7","1,609",Oct-25,SIXTH AVENUE,Resale,Strata,175,"17,314",-,Apartment,1,Freehold,10,Core Central Region,01 to 05
RIDGEWOOD,"3,670,000","2,002.1","1,833",Oct-25,RIDGEWOOD CLOSE,Resale,Strata,186,"19,731",-,Condominium,1,999 yrs lease commencing from 1885,10,Core Central Region,21 to 25
UPPERHOUSE AT ORCHARD BOULEVARD,"1,509,000",473.62,"3,186",Oct-25,ORCHARD BOULEVARD,New Sale,Strata,44,"34,295",-,Apartment,1,99 yrs lease commencing from 2024,10,Core Central Region,16 to 20
STELLAR RV,"1,100,000",613.55,"1,793",Oct-25,RIVER VALLEY ROAD,Resale,Strata,57,"19,298",-,Apartment,1,Freehold,10,Core Central Region,01 to 05
D'LEEDON,"3,050,000","1,496.2","2,039",Oct-25,LEEDON HEIGHTS,Resale,Strata,139,"21,942",-,Condominium,1,99 yrs lease commencing from 2010,10,Core Central Region,06 to 10
NASSIM LODGE,"14,500,000","4,176.43","3,472",Oct-25,NASSIM ROAD,Resale,Strata,388,"37,371",-,Apartment,1,Freehold,10,Core Central Region,01 to 05
NATHAN RESIDENCES,"1,630,000",785.77,"2,074",Oct-25,NATHAN ROAD,Resale,Strata,73,"22,329",-,Apartment,1,Freehold,10,Core Central Region,06 to 10
THE TRIZON,"2,928,000","1,345.5","2,176",Oct-25,RIDGEWOOD CLOSE,Resale,Strata,125,"23,424",-,Condominium,1,Freehold,10,Core Central Region,11 to 15
UPPERHOUSE AT ORCHARD BOULEVARD,"7,209,000","2,055.92","3,506",Oct-25,ORCHARD BOULEVARD,New Sale,Strata,191,"37,743",-,Apartment,1,99 yrs lease commencing from 2024,10,Core Central Region,11 to 15
HALLMARK RESIDENCES,"4,860,000","2,960.1","1,642",Oct-25,EWE BOON ROAD,Resale,Strata,275,"17,673",-,Condominium,1,Freehold,10,Core Central Region,11 to 15
THE MONTANA,"2,000,000",947.23,"2,111",Oct-25,JALAN MUTIARA,Resale,Strata,88,"22,727",-,Apartment,1,Freehold,10,Core Central Region,01 to 05
SIXTH AVENUE VILLE,"3,100,000","1,550.02","2,000",Sep-25,SIXTH AVENUE,Resale,Strata,144,"21,528",-,Condominium,1,Freehold,10,Core Central Region,01 to 05
ONE BALMORAL,"2,500,000",968.76,"2,581",Sep-25,BALMORAL ROAD,Resale,Strata,90,"27,778",-,Condominium,1,Freehold,10,Core Central Region,06 to 10
NATHAN RESIDENCES,"1,115,000",592.02,"1,883",Sep-25,NATHAN ROAD,Resale,Strata,55,"20,273",-,Apartment,1,Freehold,10,Core Central Region,01 to 05
LOFT @ NATHAN,"788,000",376.74,"2,092",Sep-25,NATHAN ROAD,Resale,Strata,35,"22,514",-,Apartment,1,Freehold,10,Core Central Region,01 to 05
PROXIMO,"3,530,000","1,474.67","2,394",Sep-25,ROBIN ROAD,Resale,Strata,137,"25,766",-,Apartment,1,Freehold,10,Core Central Region,01 to 05
MON JERVOIS,"1,980,000","1,033.34","1,916",Sep-25,JERVOIS ROAD,Resale,Strata,96,"20,625",-,Condominium,1,99 yrs lease commencing from 2012,10,Core Central Region,01 to 05
DUCHESS CREST,"2,626,000","1,345.5","1,952",Sep-25,DUCHESS AVENUE,Resale,Strata,125,"21,008",-,Condominium,1,99 yrs lease commencing from 1995,10,Core Central Region,01 to 05
TANGLIN HILL MEADOWS,"3,950,000","1,733","2,279",Sep-25,TANGLIN HILL,Resale,Strata,161,"24,534",-,Condominium,1,Freehold,10,Core Central Region,01 to 05
RESIDENTIAL APARTMENTS,"3,700,000","1,797.59","2,058",Sep-25,BALMORAL PARK,Resale,Strata,167,"22,156",-,Apartment,1,Freehold,10,Core Central Region,06 to 10
UPPERHOUSE AT ORCHARD BOULEVARD,"2,341,000",699.66,"3,346",Sep-25,ORCHARD BOULEVARD,New Sale,Strata,65,"36,015",-,Apartment,1,99 yrs lease commencing from 2024,10,Core Central Region,16 to 20
UPPERHOUSE AT ORCHARD BOULEVARD,"2,657,000",764.24,"3,477",Sep-25,ORCHARD BOULEVARD,New Sale,Strata,71,"37,423",-,Apartment,1,99 yrs lease commencing from 2024,10,Core Central Region,31 to 35
CUSCADEN RESIDENCES,"3,851,800","1,485.43","2,593",Sep-25,CUSCADEN ROAD,Resale,Strata,138,"27,912",-,Condominium,1,Freehold,10,Core Central Region,06 to 10
REGENCY PARK,"5,200,000","2,249.68","2,311",Sep-25,NATHAN ROAD,Resale,Strata,209,"24,880",-,Condominium,1,Freehold,10,Core Central Region,01 to 05
THE SIERRA,"1,780,000",979.52,"1,817",Sep-25,MOUNT SINAI DRIVE,Resale,Strata,91,"19,560",-,Apartment,1,947 yrs lease commencing from 1937,10,Core Central Region,01 to 05
SOMMERVILLE GRANDEUR,"2,700,000","1,194.8","2,260",Sep-25,FARRER DRIVE,Resale,Strata,111,"24,324",-,Condominium,1,Freehold,10,Core Central Region,06 to 10
PARKSUITES,"1,892,100",785.77,"2,408",Sep-25,HOLLAND GROVE ROAD,Resale,Strata,73,"25,919",-,Apartment,1,110 yrs lease commencing from 2017,10,Core Central Region,01 to 05
PARKSUITES,"1,680,000",785.77,"2,138",Sep-25,HOLLAND GROVE ROAD,Resale,Strata,73,"23,014",-,Apartment,1,110 yrs lease commencing from 2017,10,Core Central Region,01 to 05
BALMORAL PLAZA,"6,600,000","4,197.96","1,572",Sep-25,BUKIT TIMAH ROAD,Resale,Strata,390,"16,923",-,Apartment,1,Freehold,10,Core Central Region,01 to 05
DUCHESS CREST,"3,250,000","1,840.64","1,766",Sep-25,DUCHESS AVENUE,Resale,Strata,171,"19,006",-,Condominium,1,99 yrs lease commencing from 1995,10,Core Central Region,01 to 05
ONE JERVOIS,"2,250,000",990.29,"2,272",Sep-25,JERVOIS CLOSE,Resale,Strata,92,"24,457",-,Condominium,1,Freehold,10,Core Central Region,01 to 05
VIZ AT HOLLAND,"1,800,000",818.06,"2,200",Sep-25,QUEENSWAY,Resale,Strata,76,"23,684",-,Condominium,1,Freehold,10,Core Central Region,06 to 10
SPANISH VILLAGE,"3,700,000","1,700.71","2,176",Sep-25,FARRER ROAD,Resale,Strata,158,"23,418",-,Condominium,1,Freehold,10,Core Central Region,01 to 05
BOULEVARD 88,"5,385,300","1,313.21","4,101",Sep-25,ORCHARD BOULEVARD,Resale,Strata,122,"44,142",-,Apartment,1,Freehold,10,Core Central Region,26 to 30
D'LEEDON,"3,980,000","1,915.99","2,077",Sep-25,LEEDON HEIGHTS,Resale,Strata,178,"22,360",-,Condominium,1,99 yrs lease commencing from 2010,10,Core Central Region,21 to 25
RV RESIDENCES,"998,000",419.8,"2,377",Sep-25,RIVER VALLEY ROAD,Resale,Strata,39,"25,590",-,Condominium,1,999 yrs lease commencing from 1877,10,Core Central Region,01 to 05
HOLLAND PEAK,"3,488,000","1,840.64","1,895",Sep-25,HOLLAND HILL,Resale,Strata,171,"20,398",-,Condominium,1,Freehold,10,Core Central Region,01 to 05
QUEENSBERRY LODGE,"1,620,000","1,151.75","1,407",Sep-25,SHANGHAI ROAD,Resale,Strata,107,"15,140",-,Apartment,1,Freehold,10,Core Central Region,01 to 05
PARVIS,"4,900,000","1,991.34","2,461",Sep-25,HOLLAND HILL,Resale,Strata,185,"26,486",-,Condominium,1,Freehold,10,Core Central Region,11 to 15
DRAYCOTT EIGHT,"6,000,000","2,895.52","2,072",Sep-25,DRAYCOTT PARK,Resale,Strata,269,"22,305",-,Condominium,1,99 yrs lease commencing from 1997,10,Core Central Region,11 to 15
BELMOND GREEN,"2,650,000","1,065.64","2,487",Sep-25,BALMORAL ROAD,Resale,Strata,99,"26,768",-,Condominium,1,Freehold,10,Core Central Region,01 to 05
3 ORCHARD BY-THE-PARK,"8,150,000","2,260.44","3,605",Sep-25,ORCHARD BOULEVARD,Resale,Strata,210,"38,810",-,Condominium,1,Freehold,10,Core Central Region,11 to 15
HOLLAND MEWS,"2,100,000",904.18,"2,323",Sep-25,HOLLAND ROAD,Resale,Strata,84,"25,000",-,Apartment,1,Freehold,10,Core Central Region,01 to 05
LATITUDE,"3,450,000","1,323.97","2,606",Sep-25,JALAN MUTIARA,Resale,Strata,123,"28,049",-,Condominium,1,Freehold,10,Core Central Region,11 to 15
FOUR SEASONS PARK,"8,150,000","2,260.44","3,605",Sep-25,CUSCADEN WALK,Resale,Strata,210,"38,810",-,Condominium,1,Freehold,10,Core Central Region,16 to 20
THE GRANGE,"5,150,000","1,765.3","2,917",Sep-25,GRANGE GARDEN,Resale,Strata,164,"31,402",-,Condominium,1,Freehold,10,Core Central Region,06 to 10
PINEWOOD GARDENS,"3,188,000","1,248.62","2,553",Sep-25,BALMORAL PARK,Resale,Strata,116,"27,483",-,Condominium,1,Freehold,10,Core Central Region,01 to 05
RIDGEWOOD,"2,900,000","1,743.77","1,663",Sep-25,MOUNT SINAI RISE,Resale,Strata,162,"17,901",-,Condominium,1,999 yrs lease commencing from 1885,10,Core Central Region,11 to 15
ZENITH,"975,000",473.62,"2,059",Sep-25,ZION ROAD,Resale,Strata,44,"22,159",-,Apartment,1,999 yrs lease commencing from 1877,10,Core Central Region,01 to 05
HYLL ON HOLLAND,"1,700,000",656.6,"2,589",Sep-25,HOLLAND ROAD,Sub Sale,Strata,61,"27,869",-,Condominium,1,Freehold,10,Core Central Region,06 to 10
FOURTH AVENUE RESIDENCES,"1,928,000",710.42,"2,714",Sep-25,FOURTH AVENUE,Resale,Strata,66,"29,212",-,Apartment,1,99 yrs lease commencing from 2018,10,Core Central Region,06 to 10
RV RESIDENCES,"1,020,000",452.09,"2,256",Sep-25,RIVER VALLEY ROAD,Resale,Strata,42,"24,286",-,Condominium,1,999 yrs lease commencing from 1877,10,Core Central Region,01 to 05
PARVIS,"4,775,000","2,260.44","2,112",Sep-25,HOLLAND HILL,Resale,Strata,210,"22,738",-,Condominium,1,Freehold,10,Core Central Region,01 to 05
CHARLESTON,"1,968,000",968.76,"2,031",Sep-25,SHANGHAI ROAD,Resale,Strata,90,"21,867",-,Apartment,1,Freehold,10,Core Central Region,06 to 10
THE ENCLAVE . HOLLAND,"1,500,000",688.9,"2,177",Sep-25,HOLLAND ROAD,Resale,Strata,64,"23,438",-,Apartment,1,Freehold,10,Core Central Region,01 to 05
UPPERHOUSE AT ORCHARD BOULEVARD,"1,495,000",473.62,"3,157",Sep-25,ORCHARD BOULEVARD,New Sale,Strata,44,"33,977",-,Apartment,1,99 yrs lease commencing from 2024,10,Core Central Region,11 to 15
UPPERHOUSE AT ORCHARD BOULEVARD,"2,402,000",699.66,"3,433",Sep-25,ORCHARD BOULEVARD,New Sale,Strata,65,"36,954",-,Apartment,1,99 yrs lease commencing from 2024,10,Core Central Region,21 to 25
THE HORIZON,"3,420,000","1,560.78","2,191",Sep-25,HOLT ROAD,Resale,Strata,145,"23,586",-,Condominium,1,Freehold,10,Core Central Region,01 to 05
VERDURE,"3,200,000","1,420.85","2,252",Sep-25,HOLLAND ROAD,Resale,Strata,132,"24,242",-,Condominium,1,Freehold,10,Core Central Region,01 to 05
VALLEY PARK,"3,720,000","1,700.71","2,187",Sep-25,RIVER VALLEY ROAD,Resale,Strata,158,"23,544",-,Condominium,1,999 yrs lease commencing from 1877,10,Core Central Region,06 to 10
SHANGHAI ONE,"1,740,000",882.65,"1,971",Sep-25,SHANGHAI ROAD,Resale,Strata,82,"21,220",-,Apartment,1,Freehold,10,Core Central Region,01 to 05
THE TRIZON,"4,400,000","2,012.87","2,186",Sep-25,RIDGEWOOD CLOSE,Resale,Strata,187,"23,529",-,Condominium,1,Freehold,10,Core Central Region,11 to 15
THE SIXTH AVENUE RESIDENCES,"3,528,888","1,582.31","2,230",Sep-25,SIXTH AVENUE,Resale,Strata,147,"24,006",-,Condominium,1,Freehold,10,Core Central Region,01 to 05
GRANGE RESIDENCES,"8,480,000","2,583.36","3,283",Sep-25,GRANGE ROAD,Resale,Strata,240,"35,333",-,Condominium,1,Freehold,10,Core Central Region,16 to 20
19 NASSIM,"1,983,000",645.84,"3,070",Sep-25,NASSIM HILL,Resale,Strata,60,"33,050",-,Apartment,1,99 yrs lease commencing from 2019,10,Core Central Region,01 to 05
FOURTH AVENUE RESIDENCES,"1,118,000",505.91,"2,210",Sep-25,FOURTH AVENUE,Resale,Strata,47,"23,787",-,Apartment,1,99 yrs lease commencing from 2018,10,Core Central Region,01 to 05
D'LEEDON,"3,370,000","1,593.07","2,115",Sep-25,LEEDON HEIGHTS,Resale,Strata,148,"22,770",-,Condominium,1,99 yrs lease commencing from 2010,10,Core Central Region,26 to 30
URBAN EDGE @ HOLLAND V,"1,850,000",968.76,"1,910",Sep-25,FORD AVENUE,Resale,Strata,90,"20,556",-,Apartment,1,Freehold,10,Core Central Region,01 to 05
SOMMERVILLE PARK,"4,628,000","2,508.01","1,845",Sep-25,FARRER DRIVE,Resale,Strata,233,"19,863",-,Condominium,1,Freehold,10,Core Central Region,01 to 05
D'LEEDON,"3,420,000","1,614.6","2,118",Sep-25,LEEDON HEIGHTS,Resale,Strata,150,"22,800",-,Condominium,1,99 yrs lease commencing from 2010,10,Core Central Region,26 to 30
PARVIS,"4,450,000","1,700.71","2,617",Sep-25,HOLLAND HILL,Resale,Strata,158,"28,165",-,Condominium,1,Freehold,10,Core Central Region,06 to 10
ONE JERVOIS,"2,300,000",990.29,"2,323",Sep-25,JERVOIS CLOSE,Resale,Strata,92,"25,000",-,Condominium,1,Freehold,10,Core Central Region,06 to 10
SOMMERVILLE PARK,"1,030,000",462.85,"2,225",Sep-25,FARRER DRIVE,Resale,Strata,43,"23,953",-,Condominium,1,Freehold,10,Core Central Region,01 to 05
STELLAR RV,"1,080,000",538.2,"2,007",Sep-25,RIVER VALLEY ROAD,Resale,Strata,50,"21,600",-,Apartment,1,Freehold,10,Core Central Region,06 to 10
UPPERHOUSE AT ORCHARD BOULEVARD,"1,502,000",473.62,"3,171",Sep-25,ORCHARD BOULEVARD,New Sale,Strata,44,"34,136",-,Apartment,1,99 yrs lease commencing from 2024,10,Core Central Region,11 to 15
UPPERHOUSE AT ORCHARD BOULEVARD,"2,309,000",699.66,"3,300",Sep-25,ORCHARD BOULEVARD,New Sale,Strata,65,"35,523",-,Apartment,1,99 yrs lease commencing from 2024,10,Core Central Region,16 to 20
ANGULLIA PARK RESIDENCES @ ORCHARD,"2,500,000",936.47,"2,670",Sep-25,CUSCADEN WALK,Resale,Strata,87,"28,736",-,Apartment,1,Freehold,10,Core Central Region,01 to 05
CYAN,"3,968,000","1,453.14","2,731",Sep-25,KENG CHIN ROAD,Resale,Strata,135,"29,393",-,Condominium,1,Freehold,10,Core Central Region,01 to 05
VIZ AT HOLLAND,"1,653,000",818.06,"2,021",Sep-25,QUEENSWAY,Resale,Strata,76,"21,750",-,Condominium,1,Freehold,10,Core Central Region,01 to 05
TREASURE ON BALMORAL,"5,000,000","2,002.1","2,497",Sep-25,BALMORAL ROAD,Resale,Strata,186,"26,882",-,Apartment,1,Freehold,10,Core Central Region,06 to 10
NATHAN PLACE,"2,458,888","1,108.69","2,218",Sep-25,NATHAN ROAD,Resale,Strata,103,"23,873",-,Condominium,1,Freehold,10,Core Central Region,01 to 05
ONE JERVOIS,"3,230,000","1,291.68","2,501",Sep-25,JERVOIS CLOSE,Resale,Strata,120,"26,917",-,Condominium,1,Freehold,10,Core Central Region,06 to 10
RIDGEWOOD,"3,200,000","1,743.77","1,835",Sep-25,RIDGEWOOD CLOSE,Resale,Strata,162,"19,753",-,Condominium,1,999 yrs lease commencing from 1885,10,Core Central Region,06 to 10
SOMMERVILLE PARK,"4,265,000","1,948.28","2,189",Sep-25,FARRER DRIVE,Resale,Strata,181,"23,564",-,Condominium,1,Freehold,10,Core Central Region,06 to 10
PALM SPRING,"3,480,000","1,485.43","2,343",Sep-25,EWE BOON ROAD,Resale,Strata,138,"25,217",-,Condominium,1,Freehold,10,Core Central Region,01 to 05
ROBIN RESIDENCES,"1,250,000",538.2,"2,323",Sep-25,ROBIN DRIVE,Resale,Strata,50,"25,000",-,Condominium,1,Freehold,10,Core Central Region,01 to 05
VALLEY PARK,"2,668,000","1,216.33","2,193",Sep-25,RIVER VALLEY ROAD,Resale,Strata,113,"23,611",-,Condominium,1,999 yrs lease commencing from 1877,10,Core Central Region,16 to 20
PALM SPRING,"4,250,000","1,872.94","2,269",Sep-25,EWE BOON ROAD,Resale,Strata,174,"24,425",-,Condominium,1,Freehold,10,Core Central Region,01 to 05
GRANGE RESIDENCES,"10,200,000","2,852.46","3,576",Sep-25,GRANGE ROAD,Resale,Strata,265,"38,491",-,Condominium,1,Freehold,10,Core Central Region,11 to 15
D'LEEDON,"3,538,000","1,722.24","2,054",Sep-25,LEEDON HEIGHTS,Resale,Strata,160,"22,113",-,Condominium,1,99 yrs lease commencing from 2010,10,Core Central Region,11 to 15
LUSH ON HOLLAND HILL,"3,950,000","1,851.41","2,134",Sep-25,HOLLAND HILL,Resale,Strata,172,"22,965",-,Condominium,1,Freehold,10,Core Central Region,06 to 10
FOURTH AVENUE RESIDENCES,"1,090,000",484.38,"2,250",Sep-25,FOURTH AVENUE,Resale,Strata,45,"24,222",-,Apartment,1,99 yrs lease commencing from 2018,10,Core Central Region,06 to 10
D'LEEDON,"4,380,000","3,810.46","1,149",Sep-25,LEEDON HEIGHTS,Resale,Strata,354,"12,373",-,Condominium,1,99 yrs lease commencing from 2010,10,Core Central Region,01 to 05
D'LEEDON,"4,380,000","2,228.15","1,966",Sep-25,LEEDON HEIGHTS,Resale,Strata,207,"21,159",-,Condominium,1,99 yrs lease commencing from 2010,10,Core Central Region,26 to 30
ALLSWORTH PARK,"4,100,000","1,959.05","2,093",Sep-25,HOLLAND ROAD,Resale,Strata,182,"22,527",-,Condominium,1,999 yrs lease commencing from 1885,10,Core Central Region,06 to 10
19 NASSIM,"3,390,000",968.76,"3,499",Sep-25,NASSIM HILL,Resale,Strata,90,"37,667",-,Apartment,1,99 yrs lease commencing from 2019,10,Core Central Region,01 to 05
SPRING GROVE,"2,440,000","1,388.56","1,757",Sep-25,GRANGE ROAD,Resale,Strata,129,"18,915",-,Condominium,1,99 yrs lease commencing from 1991,10,Core Central Region,06 to 10
THE LEVELZ,"1,460,000",871.88,"1,675",Sep-25,FARRER ROAD,Resale,Strata,81,"18,025",-,Condominium,1,Freehold,10,Core Central Region,01 to 05
SPRING GROVE,"1,830,000","1,011.82","1,809",Sep-25,GRANGE ROAD,Resale,Strata,94,"19,468",-,Condominium,1,99 yrs lease commencing from 1991,10,Core Central Region,16 to 20
THE FORD @ HOLLAND,"2,590,000","1,087.16","2,382",Sep-25,FORD AVENUE,Resale,Strata,101,"25,644",-,Condominium,1,Freehold,10,Core Central Region,01 to 05
REGENCY PARK,"5,300,000","2,260.44","2,345",Sep-25,NATHAN ROAD,Resale,Strata,210,"25,238",-,Condominium,1,Freehold,10,Core Central Region,01 to 05
TANGLIN REGENCY,"2,200,000","1,291.68","1,703",Sep-25,TANGLIN ROAD,Resale,Strata,120,"18,333",-,Condominium,1,99 yrs lease commencing from 1994,10,Core Central Region,11 to 15
FOURTH AVENUE RESIDENCES,"1,778,000",710.42,"2,503",Sep-25,FOURTH AVENUE,Resale,Strata,66,"26,939",-,Apartment,1,99 yrs lease commencing from 2018,10,Core Central Region,06 to 10
RV RESIDENCES,"1,730,000",688.9,"2,511",Sep-25,RIVER VALLEY ROAD,Resale,Strata,64,"27,031",-,Condominium,1,999 yrs lease commencing from 1877,10,Core Central Region,01 to 05
SOMMERVILLE PARK,"3,160,000","1,302.44","2,426",Sep-25,FARRER DRIVE,Resale,Strata,121,"26,116",-,Condominium,1,Freehold,10,Core Central Region,11 to 15
21 ANDERSON,"23,500,000","4,488.59","5,235",Sep-25,ANDERSON ROAD,New Sale,Strata,417,"56,355",-,Condominium,1,Freehold,10,Core Central Region,06 to 10
21 ANDERSON,"24,000,000","4,488.59","5,347",Sep-25,ANDERSON ROAD,New Sale,Strata,417,"57,554",-,Condominium,1,Freehold,10,Core Central Region,06 to 10
TANGLIN PARK,"2,680,000","1,022.58","2,621",Sep-25,RIDLEY PARK,Resale,Strata,95,"28,211",-,Condominium,1,Freehold,10,Core Central Region,01 to 05
SLOANE RESIDENCES,"3,600,000","1,248.62","2,883",Sep-25,BALMORAL ROAD,Resale,Strata,116,"31,034",-,Apartment,1,Freehold,10,Core Central Region,01 to 05
DRAYCOTT EIGHT,"2,600,000","1,173.28","2,216",Sep-25,DRAYCOTT PARK,Resale,Strata,109,"23,853",-,Condominium,1,99 yrs lease commencing from 1997,10,Core Central Region,01 to 05
PARVIS,"4,550,000","1,700.71","2,675",Aug-25,HOLLAND HILL,Resale,Strata,158,"28,797",-,Condominium,1,Freehold,10,Core Central Region,06 to 10
BOTANIC GARDENS MANSION,"4,125,000","1,754.53","2,351",Aug-25,TAMAN SERASI,Resale,Strata,163,"25,307",-,Apartment,1,Freehold,10,Core Central Region,06 to 10
THE SERENADE @ HOLLAND,"2,530,000","1,506.96","1,679",Aug-25,HOLLAND ROAD,Resale,Strata,140,"18,071",-,Condominium,1,99 yrs lease commencing from 2001,10,Core Central Region,11 to 15
CYAN,"1,408,000",656.6,"2,144",Aug-25,KENG CHIN ROAD,Resale,Strata,61,"23,082",-,Condominium,1,Freehold,10,Core Central Region,01 to 05
ANGULLIA PARK RESIDENCES @ ORCHARD,"2,450,000",936.47,"2,616",Aug-25,CUSCADEN WALK,Resale,Strata,87,"28,161",-,Apartment,1,Freehold,10,Core Central Region,01 to 05
BELLERIVE,"3,480,000","1,539.25","2,261",Aug-25,KENG CHIN ROAD,Resale,Strata,143,"24,336",-,Apartment,1,Freehold,10,Core Central Region,11 to 15
TANGLIN PARK,"2,650,000","1,033.34","2,564",Aug-25,RIDLEY PARK,Resale,Strata,96,"27,604",-,Condominium,1,Freehold,10,Core Central Region,01 to 05
ROYALGREEN,"2,350,000",828.83,"2,835",Aug-25,ANAMALAI AVENUE,Resale,Strata,77,"30,519",-,Condominium,1,Freehold,10,Core Central Region,01 to 05
CASABELLA,"2,980,000","1,291.68","2,307",Aug-25,DUCHESS AVENUE,Resale,Strata,120,"24,833",-,Condominium,1,Freehold,10,Core Central Region,01 to 05
UPPERHOUSE AT ORCHARD BOULEVARD,"2,401,000",764.24,"3,142",Aug-25,ORCHARD BOULEVARD,New Sale,Strata,71,"33,817",-,Apartment,1,99 yrs lease commencing from 2024,10,Core Central Region,06 to 10
UPPERHOUSE AT ORCHARD BOULEVARD,"2,641,000",764.24,"3,456",Aug-25,ORCHARD BOULEVARD,New Sale,Strata,71,"37,197",-,Apartment,1,99 yrs lease commencing from 2024,10,Core Central Region,31 to 35
UPPERHOUSE AT ORCHARD BOULEVARD,"2,647,000",764.24,"3,464",Aug-25,ORCHARD BOULEVARD,New Sale,Strata,71,"37,282",-,Apartment,1,99 yrs lease commencing from 2024,10,Core Central Region,31 to 35
THE SIENA,"1,360,000",753.48,"1,805",Aug-25,TAN KIM CHENG ROAD,Resale,Strata,70,"19,429",-,Apartment,1,99 yrs lease commencing from 2013,10,Core Central Region,01 to 05
TOMLINSON HEIGHTS,"10,900,000","2,744.82","3,971",Aug-25,TOMLINSON ROAD,Resale,Strata,255,"42,745",-,Condominium,1,Freehold,10,Core Central Region,31 to 35
CUSCADEN RESIDENCES,"3,988,000","1,442.38","2,765",Aug-25,CUSCADEN ROAD,Resale,Strata,134,"29,761",-,Condominium,1,Freehold,10,Core Central Region,11 to 15
CORONATION GROVE,"3,108,000","1,915.99","1,622",Aug-25,CORONATION ROAD,Resale,Strata,178,"17,461",-,Condominium,1,999 yrs lease commencing from 1875,10,Core Central Region,01 to 05
RV RESIDENCES,"2,600,000","1,119.46","2,323",Aug-25,RIVER VALLEY ROAD,Resale,Strata,104,"25,000",-,Condominium,1,999 yrs lease commencing from 1877,10,Core Central Region,06 to 10
UPPERHOUSE AT ORCHARD BOULEVARD,"2,361,000",699.66,"3,374",Aug-25,ORCHARD BOULEVARD,New Sale,Strata,65,"36,323",-,Apartment,1,99 yrs lease commencing from 2024,10,Core Central Region,16 to 20
UPPERHOUSE AT ORCHARD BOULEVARD,"1,545,000",473.62,"3,262",Aug-25,ORCHARD BOULEVARD,New Sale,Strata,44,"35,114",-,Apartment,1,99 yrs lease commencing from 2024,10,Core Central Region,16 to 20
JUNIPER HILL,"1,978,200",656.6,"3,013",Aug-25,EWE BOON ROAD,Resale,Strata,61,"32,430",-,Apartment,1,Freehold,10,Core Central Region,01 to 05
RV RESIDENCES,"1,630,000",678.13,"2,404",Aug-25,RIVER VALLEY ROAD,Resale,Strata,63,"25,873",-,Condominium,1,999 yrs lease commencing from 1877,10,Core Central Region,01 to 05
ONE CHATSWORTH,"6,500,000","3,401.42","1,911",Aug-25,CHATSWORTH ROAD,Resale,Strata,316,"20,570",-,Apartment,1,Freehold,10,Core Central Region,01 to 05
FOURTH AVENUE RESIDENCES,"3,100,000","1,108.69","2,796",Aug-25,FOURTH AVENUE,Resale,Strata,103,"30,097",-,Apartment,1,99 yrs lease commencing from 2018,10,Core Central Region,06 to 10
ROBIN SUITES,"1,140,000",462.85,"2,463",Aug-25,ROBIN ROAD,Resale,Strata,43,"26,512",-,Apartment,1,Freehold,10,Core Central Region,11 to 15
GLENTREES,"2,410,000","1,345.5","1,791",Aug-25,MOUNT SINAI LANE,Resale,Strata,125,"19,280",-,Condominium,1,999 yrs lease commencing from 1885,10,Core Central Region,01 to 05
GRANGE RESIDENCES,"8,500,000","2,583.36","3,290",Aug-25,GRANGE ROAD,Resale,Strata,240,"35,417",-,Condominium,1,Freehold,10,Core Central Region,01 to 05
D'LEEDON,"1,600,000",785.77,"2,036",Aug-25,LEEDON HEIGHTS,Resale,Strata,73,"21,918",-,Condominium,1,99 yrs lease commencing from 2010,10,Core Central Region,16 to 20
FOURTH AVENUE RESIDENCES,"2,700,000",947.23,"2,850",Aug-25,FOURTH AVENUE,Resale,Strata,88,"30,682",-,Apartment,1,99 yrs lease commencing from 2018,10,Core Central Region,01 to 05
GOODWOOD RESIDENCE,"7,350,000","2,497.25","2,943",Aug-25,BUKIT TIMAH ROAD,Resale,Strata,232,"31,681",-,Condominium,1,Freehold,10,Core Central Region,01 to 05
ONE JERVOIS,"2,260,000",990.29,"2,282",Aug-25,JERVOIS CLOSE,Resale,Strata,92,"24,565",-,Condominium,1,Freehold,10,Core Central Region,06 to 10
FOURTH AVENUE RESIDENCES,"3,888,000","1,474.67","2,637",Aug-25,FOURTH AVENUE,Resale,Strata,137,"28,380",-,Apartment,1,99 yrs lease commencing from 2018,10,Core Central Region,01 to 05
ROYALGREEN,"1,918,000",721.19,"2,660",Aug-25,ANAMALAI AVENUE,Resale,Strata,67,"28,627",-,Condominium,1,Freehold,10,Core Central Region,01 to 05
19 NASSIM,"2,034,000",645.84,"3,149",Aug-25,NASSIM HILL,Resale,Strata,60,"33,900",-,Apartment,1,99 yrs lease commencing from 2019,10,Core Central Region,01 to 05
THE SIXTH AVENUE RESIDENCES,"3,358,888","1,582.31","2,123",Aug-25,SIXTH AVENUE,Resale,Strata,147,"22,850",-,Condominium,1,Freehold,10,Core Central Region,01 to 05
ST REGIS RESIDENCES SINGAPORE,"5,382,500","2,152.8","2,500",Aug-25,TANGLIN ROAD,Resale,Strata,200,"26,913",-,Apartment,1,999 yrs lease commencing from 1995,10,Core Central Region,01 to 05
THE TESSARINA,"2,250,000","1,227.1","1,834",Aug-25,WILBY ROAD,Resale,Strata,114,"19,737",-,Condominium,1,Freehold,10,Core Central Region,01 to 05
CLUNY PARK RESIDENCE,"2,680,000",839.59,"3,192",Aug-25,CLUNY PARK ROAD,Resale,Strata,78,"34,359",-,Condominium,1,Freehold,10,Core Central Region,01 to 05
ST MARTIN'S,"2,290,000",925.7,"2,474",Aug-25,ST. MARTIN'S DRIVE,Resale,Strata,86,"26,628",-,Apartment,1,Freehold,10,Core Central Region,01 to 05
D'LEEDON,"1,400,000",635.08,"2,204",Aug-25,LEEDON HEIGHTS,Resale,Strata,59,"23,729",-,Condominium,1,99 yrs lease commencing from 2010,10,Core Central Region,16 to 20
19 NASSIM,"2,169,090",570.49,"3,802",Aug-25,NASSIM HILL,Resale,Strata,53,"40,926",-,Apartment,1,99 yrs lease commencing from 2019,10,Core Central Region,06 to 10
UPPERHOUSE AT ORCHARD BOULEVARD,"2,402,000",699.66,"3,433",Aug-25,ORCHARD BOULEVARD,New Sale,Strata,65,"36,954",-,Apartment,1,99 yrs lease commencing from 2024,10,Core Central Region,16 to 20
DUCHESS CREST,"3,400,000","1,733","1,962",Aug-25,DUCHESS AVENUE,Resale,Strata,161,"21,118",-,Condominium,1,99 yrs lease commencing from 1995,10,Core Central Region,01 to 05
HOLLAND PEAK,"2,860,000","1,829.88","1,563",Aug-25,HOLLAND HILL,Resale,Strata,170,"16,824",-,Condominium,1,Freehold,10,Core Central Region,01 to 05
BOULEVARD 88,"7,800,000","1,776.06","4,392",Aug-25,ORCHARD BOULEVARD,Resale,Strata,165,"47,273",-,Apartment,1,Freehold,10,Core Central Region,26 to 30
UPPERHOUSE AT ORCHARD BOULEVARD,"7,881,000","2,055.92","3,833",Aug-25,ORCHARD BOULEVARD,New Sale,Strata,191,"41,262",-,Apartment,1,99 yrs lease commencing from 2024,10,Core Central Region,31 to 35
UPPERHOUSE AT ORCHARD BOULEVARD,"2,331,000",699.66,"3,332",Aug-25,ORCHARD BOULEVARD,New Sale,Strata,65,"35,862",-,Apartment,1,99 yrs lease commencing from 2024,10,Core Central Region,11 to 15
VALLEY PARK,"3,650,000","1,722.24","2,119",Aug-25,RIVER VALLEY ROAD,Resale,Strata,160,"22,813",-,Condominium,1,999 yrs lease commencing from 1877,10,Core Central Region,01 to 05
D'LEEDON,"3,150,000","1,420.85","2,217",Aug-25,LEEDON HEIGHTS,Resale,Strata,132,"23,864",-,Condominium,1,99 yrs lease commencing from 2010,10,Core Central Region,31 to 35
M5,"935,000",441.32,"2,119",Aug-25,JALAN MUTIARA,Resale,Strata,41,"22,805",-,Apartment,1,Freehold,10,Core Central Region,06 to 10
D'LEEDON,"3,600,000","1,733","2,077",Aug-25,LEEDON HEIGHTS,Resale,Strata,161,"22,360",-,Condominium,1,99 yrs lease commencing from 2010,10,Core Central Region,16 to 20
THE MERCURY,"1,370,000",635.08,"2,157",Aug-25,SHANGHAI ROAD,Resale,Strata,59,"23,220",-,Apartment,1,Freehold,10,Core Central Region,06 to 10
THE TESSARINA,"3,050,000","1,334.74","2,285",Aug-25,WILBY ROAD,Resale,Strata,124,"24,597",-,Condominium,1,Freehold,10,Core Central Region,01 to 05
SOMMERVILLE PARK,"4,580,000","1,948.28","2,351",Aug-25,FARRER DRIVE,Resale,Strata,181,"25,304",-,Condominium,1,Freehold,10,Core Central Region,06 to 10
JERVOIS MANSION,"1,730,000",678.13,"2,551",Aug-25,JERVOIS CLOSE,Sub Sale,Strata,63,"27,460",-,Apartment,1,Freehold,10,Core Central Region,01 to 05
UPPERHOUSE AT ORCHARD BOULEVARD,"2,311,000",699.66,"3,303",Aug-25,ORCHARD BOULEVARD,New Sale,Strata,65,"35,554",-,Apartment,1,99 yrs lease commencing from 2024,10,Core Central Region,11 to 15
SECOND AVENUE JUNCTION,"2,780,000","1,711.48","1,624",Aug-25,BUKIT TIMAH ROAD,Resale,Strata,159,"17,484",-,Apartment,1,Freehold,10,Core Central Region,01 to 05
21 ANDERSON,"52,250,000","10,451.84","4,999",Aug-25,ANDERSON ROAD,New Sale,Strata,971,"53,811",-,Condominium,1,Freehold,10,Core Central Region,06 to 10
UPPERHOUSE AT ORCHARD BOULEVARD,"2,268,000",699.66,"3,242",Aug-25,ORCHARD BOULEVARD,New Sale,Strata,65,"34,892",-,Apartment,1,99 yrs lease commencing from 2024,10,Core Central Region,11 to 15
UPPERHOUSE AT ORCHARD BOULEVARD,"3,832,000","1,011.82","3,787",Aug-25,ORCHARD BOULEVARD,New Sale,Strata,94,"40,766",-,Apartment,1,99 yrs lease commencing from 2024,10,Core Central Region,31 to 35
GRANGE 1866,"2,630,000",828.83,"3,173",Aug-25,GRANGE ROAD,New Sale,Strata,77,"34,156",-,Apartment,1,Freehold,10,Core Central Region,06 to 10
THE EQUATORIAL,"4,388,000","1,689.95","2,597",Aug-25,STEVENS ROAD,Resale,Strata,157,"27,949",-,Condominium,1,Freehold,10,Core Central Region,01 to 05
REGENCY PARK,"5,138,000","2,249.68","2,284",Aug-25,NATHAN ROAD,Resale,Strata,209,"24,584",-,Condominium,1,Freehold,10,Core Central Region,01 to 05
PARKSUITES,"1,890,000",807.3,"2,341",Aug-25,HOLLAND GROVE ROAD,Resale,Strata,75,"25,200",-,Apartment,1,110 yrs lease commencing from 2017,10,Core Central Region,01 to 05
ONE DUCHESS,"2,920,000","1,420.85","2,055",Aug-25,DUCHESS ROAD,Resale,Strata,132,"22,121",-,Apartment,1,999 yrs lease commencing from 1875,10,Core Central Region,01 to 05
THE SERENADE @ HOLLAND,"3,218,000","1,905.23","1,689",Aug-25,HOLLAND ROAD,Resale,Strata,177,"18,181",-,Condominium,1,99 yrs lease commencing from 2001,10,Core Central Region,06 to 10
UPPERHOUSE AT ORCHARD BOULEVARD,"2,218,000",699.66,"3,170",Aug-25,ORCHARD BOULEVARD,New Sale,Strata,65,"34,123",-,Apartment,1,99 yrs lease commencing from 2024,10,Core Central Region,06 to 10
UPPERHOUSE AT ORCHARD BOULEVARD,"1,551,000",473.62,"3,275",Aug-25,ORCHARD BOULEVARD,New Sale,Strata,44,"35,250",-,Apartment,1,99 yrs lease commencing from 2024,10,Core Central Region,16 to 20
UPPERHOUSE AT ORCHARD BOULEVARD,"2,531,000",699.66,"3,617",Aug-25,ORCHARD BOULEVARD,New Sale,Strata,65,"38,938",-,Apartment,1,99 yrs lease commencing from 2024,10,Core Central Region,31 to 35
THE HYDE,"4,100,000","1,248.62","3,284",Aug-25,BALMORAL ROAD,Resale,Strata,116,"35,345",-,Condominium,1,Freehold,10,Core Central Region,01 to 05
ONE TREE HILL RESIDENCE,"2,850,000","1,130.22","2,522",Aug-25,ONE TREE HILL,Resale,Strata,105,"27,143",-,Apartment,1,Freehold,10,Core Central Region,01 to 05
UPPERHOUSE AT ORCHARD BOULEVARD,"2,637,000",764.24,"3,450",Aug-25,ORCHARD BOULEVARD,New Sale,Strata,71,"37,141",-,Apartment,1,99 yrs lease commencing from 2024,10,Core Central Region,26 to 30
LEEDON GREEN,"2,800,000",958,"2,923",Aug-25,LEEDON HEIGHTS,Sub Sale,Strata,89,"31,461",-,Condominium,1,Freehold,10,Core Central Region,01 to 05
BOULEVARD 88,"5,307,000","1,313.21","4,041",Aug-25,ORCHARD BOULEVARD,Resale,Strata,122,"43,500",-,Apartment,1,Freehold,10,Core Central Region,21 to 25
BOULEVARD 88,"11,079,000","2,798.64","3,959",Aug-25,ORCHARD BOULEVARD,Resale,Strata,260,"42,612",-,Apartment,1,Freehold,10,Core Central Region,06 to 10
BOULEVARD 88,"5,254,800","1,313.21","4,001",Aug-25,ORCHARD BOULEVARD,Resale,Strata,122,"43,072",-,Apartment,1,Freehold,10,Core Central Region,21 to 25
D'LEEDON,"1,620,000",785.77,"2,062",Aug-25,LEEDON HEIGHTS,Resale,Strata,73,"22,192",-,Condominium,1,99 yrs lease commencing from 2010,10,Core Central Region,11 to 15
UPPERHOUSE AT ORCHARD BOULEVARD,"2,248,000",699.66,"3,213",Aug-25,ORCHARD BOULEVARD,New Sale,Strata,65,"34,585",-,Apartment,1,99 yrs lease commencing from 2024,10,Core Central Region,11 to 15
ST REGIS RESIDENCES SINGAPORE,"5,382,500","2,152.8","2,500",Aug-25,TANGLIN ROAD,Resale,Strata,200,"26,913",-,Apartment,1,999 yrs lease commencing from 1995,10,Core Central Region,01 to 05
GRANGE 1866,"2,809,000",925.7,"3,034",Aug-25,GRANGE ROAD,New Sale,Strata,86,"32,663",-,Apartment,1,Freehold,10,Core Central Region,16 to 20
REGENCY PARK,"7,250,000","3,175.38","2,283",Aug-25,NATHAN ROAD,Resale,Strata,295,"24,576",-,Condominium,1,Freehold,10,Core Central Region,16 to 20
19 NASSIM,"2,103,000",678.13,"3,101",Aug-25,NASSIM HILL,Resale,Strata,63,"33,381",-,Apartment,1,99 yrs lease commencing from 2019,10,Core Central Region,01 to 05
ROYALGREEN,"1,860,000",667.37,"2,787",Aug-25,ANAMALAI AVENUE,Resale,Strata,62,"30,000",-,Condominium,1,Freehold,10,Core Central Region,01 to 05
THE LADYHILL,"6,800,000","2,325.02","2,925",Aug-25,LADY HILL ROAD,Resale,Strata,216,"31,481",-,Condominium,1,Freehold,10,Core Central Region,01 to 05
UPPERHOUSE AT ORCHARD BOULEVARD,"2,627,000",764.24,"3,437",Aug-25,ORCHARD BOULEVARD,New Sale,Strata,71,"37,000",-,Apartment,1,99 yrs lease commencing from 2024,10,Core Central Region,26 to 30
VALLEY PARK,"3,038,000","1,356.26","2,240",Aug-25,RIVER VALLEY ROAD,Resale,Strata,126,"24,111",-,Condominium,1,999 yrs lease commencing from 1877,10,Core Central Region,06 to 10
THE TRIZON,"4,700,000","2,185.09","2,151",Aug-25,RIDGEWOOD CLOSE,Resale,Strata,203,"23,153",-,Condominium,1,Freehold,10,Core Central Region,11 to 15
DORMER PARK,"2,650,000","1,248.62","2,122",Aug-25,JERVOIS ROAD,Resale,Strata,116,"22,845",-,Condominium,1,Freehold,10,Core Central Region,06 to 10
GALLOP GABLES,"4,108,000","1,743.77","2,356",Aug-25,FARRER ROAD,Resale,Strata,162,"25,358",-,Condominium,1,Freehold,10,Core Central Region,01 to 05
THE LADYHILL,"7,380,000","2,325.02","3,174",Aug-25,LADY HILL ROAD,Resale,Strata,216,"34,167",-,Condominium,1,Freehold,10,Core Central Region,01 to 05
ANGULLIA PARK RESIDENCES @ ORCHARD,"2,150,000",936.47,"2,296",Aug-25,CUSCADEN WALK,Resale,Strata,87,"24,713",-,Apartment,1,Freehold,10,Core Central Region,06 to 10
GALLOP GABLES,"3,050,000","1,550.02","1,968",Aug-25,FARRER ROAD,Resale,Strata,144,"21,181",-,Condominium,1,Freehold,10,Core Central Region,01 to 05
D'LEEDON,"3,038,000","1,614.6","1,882",Aug-25,LEEDON HEIGHTS,Resale,Strata,150,"20,253",-,Condominium,1,99 yrs lease commencing from 2010,10,Core Central Region,11 to 15
REGENCY LODGE,"2,400,000","1,280.92","1,874",Aug-25,SHANGHAI ROAD,Resale,Strata,119,"20,168",-,Apartment,1,Freehold,10,Core Central Region,01 to 05
UPPERHOUSE AT ORCHARD BOULEVARD,"2,301,000",699.66,"3,289",Aug-25,ORCHARD BOULEVARD,New Sale,Strata,65,"35,400",-,Apartment,1,99 yrs lease commencing from 2024,10,Core Central Region,11 to 15
UPPERHOUSE AT ORCHARD BOULEVARD,"2,372,000",699.66,"3,390",Aug-25,ORCHARD BOULEVARD,New Sale,Strata,65,"36,492",-,Apartment,1,99 yrs lease commencing from 2024,10,Core Central Region,16 to 20
GRANGE 1866,"1,664,000",527.44,"3,155",Aug-25,GRANGE ROAD,New Sale,Strata,49,"33,959",-,Apartment,1,Freehold,10,Core Central Region,06 to 10
LUTHERAN TOWERS,"2,168,000","1,915.99","1,132",Aug-25,TAN KIM CHENG ROAD,Resale,Strata,178,"12,180",-,Apartment,1,103 yrs lease commencing from 1974,10,Core Central Region,06 to 10
TANGLIN REGENCY,"1,420,000",850.36,"1,670",Aug-25,TANGLIN ROAD,Resale,Strata,79,"17,975",-,Condominium,1,99 yrs lease commencing from 1994,10,Core Central Region,01 to 05
UPPERHOUSE AT ORCHARD BOULEVARD,"2,651,000",764.24,"3,469",Aug-25,ORCHARD BOULEVARD,New Sale,Strata,71,"37,338",-,Apartment,1,99 yrs lease commencing from 2024,10,Core Central Region,31 to 35
FOURTH AVENUE RESIDENCES,"2,380,000",914.94,"2,601",Aug-25,FOURTH AVENUE,Resale,Strata,85,"28,000",-,Apartment,1,99 yrs lease commencing from 2018,10,Core Central Region,01 to 05
21 ANDERSON,"21,060,160","4,488.59","4,692",Aug-25,ANDERSON ROAD,New Sale,Strata,417,"50,504",-,Condominium,1,Freehold,10,Core Central Region,06 to 10
UPPERHOUSE AT ORCHARD BOULEVARD,"2,321,000",699.66,"3,317",Aug-25,ORCHARD BOULEVARD,New Sale,Strata,65,"35,708",-,Apartment,1,99 yrs lease commencing from 2024,10,Core Central Region,11 to 15
SUTTON PLACE,"4,388,888","3,003.16","1,461",Aug-25,FARRER ROAD,Resale,Strata,279,"15,731",-,Condominium,1,Freehold,10,Core Central Region,01 to 05
GRAMERCY PARK,"5,700,000","1,948.28","2,926",Aug-25,GRANGE ROAD,Resale,Strata,181,"31,492",-,Condominium,1,Freehold,10,Core Central Region,21 to 25
ONE TREE HILL RESIDENCE,"3,100,000","1,227.1","2,526",Jul-25,ONE TREE HILL,Resale,Strata,114,"27,193",-,Apartment,1,Freehold,10,Core Central Region,01 to 05
UPPERHOUSE AT ORCHARD BOULEVARD,"3,751,000","1,011.82","3,707",Jul-25,ORCHARD BOULEVARD,New Sale,Strata,94,"39,904",-,Apartment,1,99 yrs lease commencing from 2024,10,Core Central Region,21 to 25
TANGLIN RESIDENCES,"5,500,000","2,529.54","2,174",Jul-25,ST. MARTIN'S DRIVE,Resale,Strata,235,"23,404",-,Condominium,1,Freehold,10,Core Central Region,01 to 05
D'LEEDON,"3,428,000","1,657.66","2,068",Jul-25,LEEDON HEIGHTS,Resale,Strata,154,"22,260",-,Condominium,1,99 yrs lease commencing from 2010,10,Core Central Region,16 to 20
UPPERHOUSE AT ORCHARD BOULEVARD,"1,502,000",473.62,"3,171",Jul-25,ORCHARD BOULEVARD,New Sale,Strata,44,"34,136",-,Apartment,1,99 yrs lease commencing from 2024,10,Core Central Region,11 to 15
19 NASSIM,"2,003,000",645.84,"3,101",Jul-25,NASSIM HILL,Resale,Strata,60,"33,383",-,Apartment,1,99 yrs lease commencing from 2019,10,Core Central Region,06 to 10
UPPERHOUSE AT ORCHARD BOULEVARD,"2,351,000",699.66,"3,360",Jul-25,ORCHARD BOULEVARD,New Sale,Strata,65,"36,169",-,Apartment,1,99 yrs lease commencing from 2024,10,Core Central Region,16 to 20
UPPERHOUSE AT ORCHARD BOULEVARD,"7,377,000","2,055.92","3,588",Jul-25,ORCHARD BOULEVARD,New Sale,Strata,191,"38,623",-,Apartment,1,99 yrs lease commencing from 2024,10,Core Central Region,16 to 20
UPPERHOUSE AT ORCHARD BOULEVARD,"7,405,000","2,055.92","3,602",Jul-25,ORCHARD BOULEVARD,New Sale,Strata,191,"38,770",-,Apartment,1,99 yrs lease commencing from 2024,10,Core Central Region,21 to 25
D'LEEDON,"2,600,000","1,345.5","1,932",Jul-25,LEEDON HEIGHTS,Resale,Strata,125,"20,800",-,Condominium,1,99 yrs lease commencing from 2010,10,Core Central Region,06 to 10
RIDGEWOOD,"2,950,000","1,743.77","1,692",Jul-25,RIDGEWOOD CLOSE,Resale,Strata,162,"18,210",-,Condominium,1,999 yrs lease commencing from 1885,10,Core Central Region,16 to 20
WATERFALL GARDENS,"8,080,000","4,036.5","2,002",Jul-25,FARRER ROAD,Resale,Strata,375,"21,547",-,Condominium,1,Freehold,10,Core Central Region,11 to 15
ONE DRAYCOTT,"1,850,000",731.95,"2,527",Jul-25,DRAYCOTT PARK,Resale,Strata,68,"27,206",-,Apartment,1,Freehold,10,Core Central Region,01 to 05
D'LEEDON,"2,600,000","1,216.33","2,138",Jul-25,LEEDON HEIGHTS,Resale,Strata,113,"23,009",-,Condominium,1,99 yrs lease commencing from 2010,10,Core Central Region,21 to 25
UPPERHOUSE AT ORCHARD BOULEVARD,"2,167,000",699.66,"3,097",Jul-25,ORCHARD BOULEVARD,New Sale,Strata,65,"33,338",-,Apartment,1,99 yrs lease commencing from 2024,10,Core Central Region,01 to 05
UPPERHOUSE AT ORCHARD BOULEVARD,"2,291,000",699.66,"3,274",Jul-25,ORCHARD BOULEVARD,New Sale,Strata,65,"35,246",-,Apartment,1,99 yrs lease commencing from 2024,10,Core Central Region,11 to 15
UPPERHOUSE AT ORCHARD BOULEVARD,"2,463,000",699.66,"3,520",Jul-25,ORCHARD BOULEVARD,New Sale,Strata,65,"37,892",-,Apartment,1,99 yrs lease commencing from 2024,10,Core Central Region,21 to 25
UPPERHOUSE AT ORCHARD BOULEVARD,"2,200,000",699.66,"3,144",Jul-25,ORCHARD BOULEVARD,New Sale,Strata,65,"33,846",-,Apartment,1,99 yrs lease commencing from 2024,10,Core Central Region,01 to 05
UPPERHOUSE AT ORCHARD BOULEVARD,"2,210,000",699.66,"3,159",Jul-25,ORCHARD BOULEVARD,New Sale,Strata,65,"34,000",-,Apartment,1,99 yrs lease commencing from 2024,10,Core Central Region,01 to 05
UPPERHOUSE AT ORCHARD BOULEVARD,"1,517,000",473.62,"3,203",Jul-25,ORCHARD BOULEVARD,New Sale,Strata,44,"34,477",-,Apartment,1,99 yrs lease commencing from 2024,10,Core Central Region,16 to 20
21 ANDERSON,"21,060,160","4,488.59","4,692",Jul-25,ANDERSON ROAD,New Sale,Strata,417,"50,504",-,Condominium,1,Freehold,10,Core Central Region,06 to 10
UPPERHOUSE AT ORCHARD BOULEVARD,"2,412,000",699.66,"3,447",Jul-25,ORCHARD BOULEVARD,New Sale,Strata,65,"37,108",-,Apartment,1,99 yrs lease commencing from 2024,10,Core Central Region,21 to 25
BALMORAL HILLS,"4,000,000","2,691","1,486",Jul-25,BALMORAL PARK,Resale,Strata,250,"16,000",-,Condominium,1,Freehold,10,Core Central Region,11 to 15
UPPERHOUSE AT ORCHARD BOULEVARD,"7,572,000","2,055.92","3,683",Jul-25,ORCHARD BOULEVARD,New Sale,Strata,191,"39,644",-,Apartment,1,99 yrs lease commencing from 2024,10,Core Central Region,21 to 25
UPPERHOUSE AT ORCHARD BOULEVARD,"1,604,000",473.62,"3,387",Jul-25,ORCHARD BOULEVARD,New Sale,Strata,44,"36,455",-,Apartment,1,99 yrs lease commencing from 2024,10,Core Central Region,26 to 30
TREASURE ON BALMORAL,"4,400,000","1,765.3","2,492",Jul-25,BALMORAL ROAD,Resale,Strata,164,"26,829",-,Apartment,1,Freehold,10,Core Central Region,06 to 10
SHANGHAI ONE,"1,060,000",559.73,"1,894",Jul-25,SHANGHAI ROAD,Resale,Strata,52,"20,385",-,Apartment,1,Freehold,10,Core Central Region,06 to 10
19 NASSIM,"1,928,000",645.84,"2,985",Jul-25,NASSIM HILL,Resale,Strata,60,"32,133",-,Apartment,1,99 yrs lease commencing from 2019,10,Core Central Region,01 to 05
HALLMARK RESIDENCES,"5,000,000","2,787.88","1,793",Jul-25,EWE BOON ROAD,Resale,Strata,259,"19,305",-,Condominium,1,Freehold,10,Core Central Region,11 to 15
HOLLAND TOWER,"3,300,000","1,872.94","1,762",Jul-25,HOLLAND HEIGHTS,Resale,Strata,174,"18,966",-,Apartment,1,Freehold,10,Core Central Region,11 to 15
UPPERHOUSE AT ORCHARD BOULEVARD,"2,235,000",699.66,"3,194",Jul-25,ORCHARD BOULEVARD,New Sale,Strata,65,"34,385",-,Apartment,1,99 yrs lease commencing from 2024,10,Core Central Region,06 to 10
UPPERHOUSE AT ORCHARD BOULEVARD,"2,276,000",699.66,"3,253",Jul-25,ORCHARD BOULEVARD,New Sale,Strata,65,"35,015",-,Apartment,1,99 yrs lease commencing from 2024,10,Core Central Region,11 to 15
UPPERHOUSE AT ORCHARD BOULEVARD,"2,596,000",764.24,"3,397",Jul-25,ORCHARD BOULEVARD,New Sale,Strata,71,"36,563",-,Apartment,1,99 yrs lease commencing from 2024,10,Core Central Region,21 to 25
DUCHESS CREST,"1,800,000",936.47,"1,922",Jul-25,DUCHESS AVENUE,Resale,Strata,87,"20,690",-,Condominium,1,99 yrs lease commencing from 1995,10,Core Central Region,01 to 05
19 NASSIM,"3,592,000","1,108.69","3,240",Jul-25,NASSIM HILL,Resale,Strata,103,"34,874",-,Apartment,1,99 yrs lease commencing from 2019,10,Core Central Region,01 to 05
PARC STEVENS,"5,820,000","2,389.61","2,436",Jul-25,STEVENS DRIVE,Resale,Strata,222,"26,216",-,Condominium,1,Freehold,10,Core Central Region,01 to 05
RISING SUITES,"1,570,000",742.72,"2,114",Jul-25,SARKIES ROAD,Resale,Strata,69,"22,754",-,Apartment,1,Freehold,10,Core Central Region,06 to 10
RV EDGE,"860,000",419.8,"2,049",Jul-25,SHANGHAI ROAD,Resale,Strata,39,"22,051",-,Apartment,1,Freehold,10,Core Central Region,01 to 05
UPPERHOUSE AT ORCHARD BOULEVARD,"2,147,000",699.66,"3,069",Jul-25,ORCHARD BOULEVARD,New Sale,Strata,65,"33,031",-,Apartment,1,99 yrs lease commencing from 2024,10,Core Central Region,01 to 05
UPPERHOUSE AT ORCHARD BOULEVARD,"2,200,000",699.66,"3,144",Jul-25,ORCHARD BOULEVARD,New Sale,Strata,65,"33,846",-,Apartment,1,99 yrs lease commencing from 2024,10,Core Central Region,01 to 05
UPPERHOUSE AT ORCHARD BOULEVARD,"1,402,000",473.62,"2,960",Jul-25,ORCHARD BOULEVARD,New Sale,Strata,44,"31,864",-,Apartment,1,99 yrs lease commencing from 2024,10,Core Central Region,01 to 05
UPPERHOUSE AT ORCHARD BOULEVARD,"2,163,000",699.66,"3,092",Jul-25,ORCHARD BOULEVARD,New Sale,Strata,65,"33,277",-,Apartment,1,99 yrs lease commencing from 2024,10,Core Central Region,06 to 10
UPPERHOUSE AT ORCHARD BOULEVARD,"2,421,000",764.24,"3,168",Jul-25,ORCHARD BOULEVARD,New Sale,Strata,71,"34,099",-,Apartment,1,99 yrs lease commencing from 2024,10,Core Central Region,06 to 10
UPPERHOUSE AT ORCHARD BOULEVARD,"1,493,000",473.62,"3,152",Jul-25,ORCHARD BOULEVARD,New Sale,Strata,44,"33,932",-,Apartment,1,99 yrs lease commencing from 2024,10,Core Central Region,11 to 15
UPPERHOUSE AT ORCHARD BOULEVARD,"7,629,000","2,055.92","3,711",Jul-25,ORCHARD BOULEVARD,New Sale,Strata,191,"39,942",-,Apartment,1,99 yrs lease commencing from 2024,10,Core Central Region,26 to 30
RV RESIDENCES,"1,618,888",678.13,"2,387",Jul-25,RIVER VALLEY ROAD,Resale,Strata,63,"25,697",-,Condominium,1,999 yrs lease commencing from 1877,10,Core Central Region,01 to 05
GLENTREES,"2,950,000","1,442.38","2,045",Jul-25,MOUNT SINAI LANE,Resale,Strata,134,"22,015",-,Condominium,1,999 yrs lease commencing from 1885,10,Core Central Region,01 to 05
LEEDON GREEN,"1,300,000",473.62,"2,745",Jul-25,LEEDON HEIGHTS,Sub Sale,Strata,44,"29,545",-,Condominium,1,Freehold,10,Core Central Region,01 to 05
UPPERHOUSE AT ORCHARD BOULEVARD,"2,166,000",699.66,"3,096",Jul-25,ORCHARD BOULEVARD,New Sale,Strata,65,"33,323",-,Apartment,1,99 yrs lease commencing from 2024,10,Core Central Region,01 to 05
UPPERHOUSE AT ORCHARD BOULEVARD,"2,173,000",699.66,"3,106",Jul-25,ORCHARD BOULEVARD,New Sale,Strata,65,"33,431",-,Apartment,1,99 yrs lease commencing from 2024,10,Core Central Region,06 to 10
UPPERHOUSE AT ORCHARD BOULEVARD,"2,377,000",764.24,"3,110",Jul-25,ORCHARD BOULEVARD,New Sale,Strata,71,"33,479",-,Apartment,1,99 yrs lease commencing from 2024,10,Core Central Region,06 to 10
UPPERHOUSE AT ORCHARD BOULEVARD,"2,245,000",699.66,"3,209",Jul-25,ORCHARD BOULEVARD,New Sale,Strata,65,"34,538",-,Apartment,1,99 yrs lease commencing from 2024,10,Core Central Region,06 to 10
UPPERHOUSE AT ORCHARD BOULEVARD,"1,471,000",473.62,"3,106",Jul-25,ORCHARD BOULEVARD,New Sale,Strata,44,"33,432",-,Apartment,1,99 yrs lease commencing from 2024,10,Core Central Region,11 to 15
UPPERHOUSE AT ORCHARD BOULEVARD,"3,539,000","1,011.82","3,498",Jul-25,ORCHARD BOULEVARD,New Sale,Strata,94,"37,649",-,Apartment,1,99 yrs lease commencing from 2024,10,Core Central Region,11 to 15
UPPERHOUSE AT ORCHARD BOULEVARD,"1,521,000",473.62,"3,211",Jul-25,ORCHARD BOULEVARD,New Sale,Strata,44,"34,568",-,Apartment,1,99 yrs lease commencing from 2024,10,Core Central Region,16 to 20
UPPERHOUSE AT ORCHARD BOULEVARD,"2,550,000",764.24,"3,337",Jul-25,ORCHARD BOULEVARD,New Sale,Strata,71,"35,915",-,Apartment,1,99 yrs lease commencing from 2024,10,Core Central Region,16 to 20
UPPERHOUSE AT ORCHARD BOULEVARD,"1,395,000",473.62,"2,945",Jul-25,ORCHARD BOULEVARD,New Sale,Strata,44,"31,705",-,Apartment,1,99 yrs lease commencing from 2024,10,Core Central Region,01 to 05
UPPERHOUSE AT ORCHARD BOULEVARD,"2,350,000",764.24,"3,075",Jul-25,ORCHARD BOULEVARD,New Sale,Strata,71,"33,099",-,Apartment,1,99 yrs lease commencing from 2024,10,Core Central Region,01 to 05
UPPERHOUSE AT ORCHARD BOULEVARD,"1,395,000",473.62,"2,945",Jul-25,ORCHARD BOULEVARD,New Sale,Strata,44,"31,705",-,Apartment,1,99 yrs lease commencing from 2024,10,Core Central Region,01 to 05
UPPERHOUSE AT ORCHARD BOULEVARD,"1,402,000",473.62,"2,960",Jul-25,ORCHARD BOULEVARD,New Sale,Strata,44,"31,864",-,Apartment,1,99 yrs lease commencing from 2024,10,Core Central Region,01 to 05
UPPERHOUSE AT ORCHARD BOULEVARD,"2,133,000",699.66,"3,049",Jul-25,ORCHARD BOULEVARD,New Sale,Strata,65,"32,815",-,Apartment,1,99 yrs lease commencing from 2024,10,Core Central Region,01 to 05
UPPERHOUSE AT ORCHARD BOULEVARD,"2,360,000",764.24,"3,088",Jul-25,ORCHARD BOULEVARD,New Sale,Strata,71,"33,239",-,Apartment,1,99 yrs lease commencing from 2024,10,Core Central Region,01 to 05
UPPERHOUSE AT ORCHARD BOULEVARD,"2,186,000",699.66,"3,124",Jul-25,ORCHARD BOULEVARD,New Sale,Strata,65,"33,631",-,Apartment,1,99 yrs lease commencing from 2024,10,Core Central Region,01 to 05
UPPERHOUSE AT ORCHARD BOULEVARD,"2,338,000",764.24,"3,059",Jul-25,ORCHARD BOULEVARD,New Sale,Strata,71,"32,930",-,Apartment,1,99 yrs lease commencing from 2024,10,Core Central Region,01 to 05
UPPERHOUSE AT ORCHARD BOULEVARD,"1,408,000",473.62,"2,973",Jul-25,ORCHARD BOULEVARD,New Sale,Strata,44,"32,000",-,Apartment,1,99 yrs lease commencing from 2024,10,Core Central Region,01 to 05
UPPERHOUSE AT ORCHARD BOULEVARD,"2,370,000",764.24,"3,101",Jul-25,ORCHARD BOULEVARD,New Sale,Strata,71,"33,380",-,Apartment,1,99 yrs lease commencing from 2024,10,Core Central Region,01 to 05
UPPERHOUSE AT ORCHARD BOULEVARD,"2,196,000",699.66,"3,139",Jul-25,ORCHARD BOULEVARD,New Sale,Strata,65,"33,785",-,Apartment,1,99 yrs lease commencing from 2024,10,Core Central Region,01 to 05
UPPERHOUSE AT ORCHARD BOULEVARD,"2,348,000",764.24,"3,072",Jul-25,ORCHARD BOULEVARD,New Sale,Strata,71,"33,070",-,Apartment,1,99 yrs lease commencing from 2024,10,Core Central Region,01 to 05
UPPERHOUSE AT ORCHARD BOULEVARD,"1,408,000",473.62,"2,973",Jul-25,ORCHARD BOULEVARD,New Sale,Strata,44,"32,000",-,Apartment,1,99 yrs lease commencing from 2024,10,Core Central Region,01 to 05
UPPERHOUSE AT ORCHARD BOULEVARD,"1,415,000",473.62,"2,988",Jul-25,ORCHARD BOULEVARD,New Sale,Strata,44,"32,159",-,Apartment,1,99 yrs lease commencing from 2024,10,Core Central Region,01 to 05
UPPERHOUSE AT ORCHARD BOULEVARD,"2,196,000",699.66,"3,139",Jul-25,ORCHARD BOULEVARD,New Sale,Strata,65,"33,785",-,Apartment,1,99 yrs lease commencing from 2024,10,Core Central Region,01 to 05
UPPERHOUSE AT ORCHARD BOULEVARD,"2,358,000",764.24,"3,085",Jul-25,ORCHARD BOULEVARD,New Sale,Strata,71,"33,211",-,Apartment,1,99 yrs lease commencing from 2024,10,Core Central Region,01 to 05
UPPERHOUSE AT ORCHARD BOULEVARD,"2,391,000",764.24,"3,129",Jul-25,ORCHARD BOULEVARD,New Sale,Strata,71,"33,676",-,Apartment,1,99 yrs lease commencing from 2024,10,Core Central Region,06 to 10
UPPERHOUSE AT ORCHARD BOULEVARD,"2,215,000",699.66,"3,166",Jul-25,ORCHARD BOULEVARD,New Sale,Strata,65,"34,077",-,Apartment,1,99 yrs lease commencing from 2024,10,Core Central Region,06 to 10
UPPERHOUSE AT ORCHARD BOULEVARD,"2,205,000",699.66,"3,152",Jul-25,ORCHARD BOULEVARD,New Sale,Strata,65,"33,923",-,Apartment,1,99 yrs lease commencing from 2024,10,Core Central Region,06 to 10
UPPERHOUSE AT ORCHARD BOULEVARD,"2,367,000",764.24,"3,097",Jul-25,ORCHARD BOULEVARD,New Sale,Strata,71,"33,338",-,Apartment,1,99 yrs lease commencing from 2024,10,Core Central Region,06 to 10
UPPERHOUSE AT ORCHARD BOULEVARD,"1,422,000",473.62,"3,002",Jul-25,ORCHARD BOULEVARD,New Sale,Strata,44,"32,318",-,Apartment,1,99 yrs lease commencing from 2024,10,Core Central Region,06 to 10
UPPERHOUSE AT ORCHARD BOULEVARD,"1,430,000",473.62,"3,019",Jul-25,ORCHARD BOULEVARD,New Sale,Strata,44,"32,500",-,Apartment,1,99 yrs lease commencing from 2024,10,Core Central Region,06 to 10
UPPERHOUSE AT ORCHARD BOULEVARD,"2,215,000",699.66,"3,166",Jul-25,ORCHARD BOULEVARD,New Sale,Strata,65,"34,077",-,Apartment,1,99 yrs lease commencing from 2024,10,Core Central Region,06 to 10
UPPERHOUSE AT ORCHARD BOULEVARD,"1,430,000",473.62,"3,019",Jul-25,ORCHARD BOULEVARD,New Sale,Strata,44,"32,500",-,Apartment,1,99 yrs lease commencing from 2024,10,Core Central Region,06 to 10
UPPERHOUSE AT ORCHARD BOULEVARD,"2,184,000",699.66,"3,122",Jul-25,ORCHARD BOULEVARD,New Sale,Strata,65,"33,600",-,Apartment,1,99 yrs lease commencing from 2024,10,Core Central Region,06 to 10
UPPERHOUSE AT ORCHARD BOULEVARD,"2,411,000",764.24,"3,155",Jul-25,ORCHARD BOULEVARD,New Sale,Strata,71,"33,958",-,Apartment,1,99 yrs lease commencing from 2024,10,Core Central Region,06 to 10
UPPERHOUSE AT ORCHARD BOULEVARD,"2,235,000",699.66,"3,194",Jul-25,ORCHARD BOULEVARD,New Sale,Strata,65,"34,385",-,Apartment,1,99 yrs lease commencing from 2024,10,Core Central Region,06 to 10
UPPERHOUSE AT ORCHARD BOULEVARD,"2,225,000",699.66,"3,180",Jul-25,ORCHARD BOULEVARD,New Sale,Strata,65,"34,231",-,Apartment,1,99 yrs lease commencing from 2024,10,Core Central Region,06 to 10
UPPERHOUSE AT ORCHARD BOULEVARD,"2,387,000",764.24,"3,123",Jul-25,ORCHARD BOULEVARD,New Sale,Strata,71,"33,620",-,Apartment,1,99 yrs lease commencing from 2024,10,Core Central Region,06 to 10
UPPERHOUSE AT ORCHARD BOULEVARD,"1,437,000",473.62,"3,034",Jul-25,ORCHARD BOULEVARD,New Sale,Strata,44,"32,659",-,Apartment,1,99 yrs lease commencing from 2024,10,Core Central Region,06 to 10
UPPERHOUSE AT ORCHARD BOULEVARD,"1,443,000",473.62,"3,047",Jul-25,ORCHARD BOULEVARD,New Sale,Strata,44,"32,795",-,Apartment,1,99 yrs lease commencing from 2024,10,Core Central Region,06 to 10
UPPERHOUSE AT ORCHARD BOULEVARD,"2,430,000",764.24,"3,180",Jul-25,ORCHARD BOULEVARD,New Sale,Strata,71,"34,225",-,Apartment,1,99 yrs lease commencing from 2024,10,Core Central Region,06 to 10
UPPERHOUSE AT ORCHARD BOULEVARD,"2,245,000",699.66,"3,209",Jul-25,ORCHARD BOULEVARD,New Sale,Strata,65,"34,538",-,Apartment,1,99 yrs lease commencing from 2024,10,Core Central Region,06 to 10
UPPERHOUSE AT ORCHARD BOULEVARD,"1,458,000",473.62,"3,078",Jul-25,ORCHARD BOULEVARD,New Sale,Strata,44,"33,136",-,Apartment,1,99 yrs lease commencing from 2024,10,Core Central Region,11 to 15
UPPERHOUSE AT ORCHARD BOULEVARD,"1,465,000",473.62,"3,093",Jul-25,ORCHARD BOULEVARD,New Sale,Strata,44,"33,295",-,Apartment,1,99 yrs lease commencing from 2024,10,Core Central Region,11 to 15
UPPERHOUSE AT ORCHARD BOULEVARD,"2,450,000",764.24,"3,206",Jul-25,ORCHARD BOULEVARD,New Sale,Strata,71,"34,507",-,Apartment,1,99 yrs lease commencing from 2024,10,Core Central Region,11 to 15
UPPERHOUSE AT ORCHARD BOULEVARD,"2,428,000",764.24,"3,177",Jul-25,ORCHARD BOULEVARD,New Sale,Strata,71,"34,197",-,Apartment,1,99 yrs lease commencing from 2024,10,Core Central Region,11 to 15
UPPERHOUSE AT ORCHARD BOULEVARD,"1,465,000",473.62,"3,093",Jul-25,ORCHARD BOULEVARD,New Sale,Strata,44,"33,295",-,Apartment,1,99 yrs lease commencing from 2024,10,Core Central Region,11 to 15
UPPERHOUSE AT ORCHARD BOULEVARD,"1,471,000",473.62,"3,106",Jul-25,ORCHARD BOULEVARD,New Sale,Strata,44,"33,432",-,Apartment,1,99 yrs lease commencing from 2024,10,Core Central Region,11 to 15
UPPERHOUSE AT ORCHARD BOULEVARD,"2,233,000",699.66,"3,192",Jul-25,ORCHARD BOULEVARD,New Sale,Strata,65,"34,354",-,Apartment,1,99 yrs lease commencing from 2024,10,Core Central Region,11 to 15
UPPERHOUSE AT ORCHARD BOULEVARD,"2,460,000",764.24,"3,219",Jul-25,ORCHARD BOULEVARD,New Sale,Strata,71,"34,648",-,Apartment,1,99 yrs lease commencing from 2024,10,Core Central Region,11 to 15
UPPERHOUSE AT ORCHARD BOULEVARD,"2,286,000",699.66,"3,267",Jul-25,ORCHARD BOULEVARD,New Sale,Strata,65,"35,169",-,Apartment,1,99 yrs lease commencing from 2024,10,Core Central Region,11 to 15
UPPERHOUSE AT ORCHARD BOULEVARD,"2,438,000",764.24,"3,190",Jul-25,ORCHARD BOULEVARD,New Sale,Strata,71,"34,338",-,Apartment,1,99 yrs lease commencing from 2024,10,Core Central Region,11 to 15
UPPERHOUSE AT ORCHARD BOULEVARD,"1,478,000",473.62,"3,121",Jul-25,ORCHARD BOULEVARD,New Sale,Strata,44,"33,591",-,Apartment,1,99 yrs lease commencing from 2024,10,Core Central Region,11 to 15
UPPERHOUSE AT ORCHARD BOULEVARD,"2,470,000",764.24,"3,232",Jul-25,ORCHARD BOULEVARD,New Sale,Strata,71,"34,789",-,Apartment,1,99 yrs lease commencing from 2024,10,Core Central Region,11 to 15
UPPERHOUSE AT ORCHARD BOULEVARD,"2,448,000",764.24,"3,203",Jul-25,ORCHARD BOULEVARD,New Sale,Strata,71,"34,479",-,Apartment,1,99 yrs lease commencing from 2024,10,Core Central Region,11 to 15
UPPERHOUSE AT ORCHARD BOULEVARD,"2,481,000",764.24,"3,246",Jul-25,ORCHARD BOULEVARD,New Sale,Strata,71,"34,944",-,Apartment,1,99 yrs lease commencing from 2024,10,Core Central Region,11 to 15
UPPERHOUSE AT ORCHARD BOULEVARD,"2,457,000",764.24,"3,215",Jul-25,ORCHARD BOULEVARD,New Sale,Strata,71,"34,606",-,Apartment,1,99 yrs lease commencing from 2024,10,Core Central Region,11 to 15
UPPERHOUSE AT ORCHARD BOULEVARD,"2,491,000",764.24,"3,259",Jul-25,ORCHARD BOULEVARD,New Sale,Strata,71,"35,085",-,Apartment,1,99 yrs lease commencing from 2024,10,Core Central Region,11 to 15
UPPERHOUSE AT ORCHARD BOULEVARD,"2,315,000",699.66,"3,309",Jul-25,ORCHARD BOULEVARD,New Sale,Strata,65,"35,615",-,Apartment,1,99 yrs lease commencing from 2024,10,Core Central Region,11 to 15
UPPERHOUSE AT ORCHARD BOULEVARD,"2,467,000",764.24,"3,228",Jul-25,ORCHARD BOULEVARD,New Sale,Strata,71,"34,746",-,Apartment,1,99 yrs lease commencing from 2024,10,Core Central Region,11 to 15
UPPERHOUSE AT ORCHARD BOULEVARD,"2,274,000",699.66,"3,250",Jul-25,ORCHARD BOULEVARD,New Sale,Strata,65,"34,985",-,Apartment,1,99 yrs lease commencing from 2024,10,Core Central Region,16 to 20
UPPERHOUSE AT ORCHARD BOULEVARD,"2,501,000",764.24,"3,273",Jul-25,ORCHARD BOULEVARD,New Sale,Strata,71,"35,225",-,Apartment,1,99 yrs lease commencing from 2024,10,Core Central Region,16 to 20
UPPERHOUSE AT ORCHARD BOULEVARD,"2,477,000",764.24,"3,241",Jul-25,ORCHARD BOULEVARD,New Sale,Strata,71,"34,887",-,Apartment,1,99 yrs lease commencing from 2024,10,Core Central Region,16 to 20
UPPERHOUSE AT ORCHARD BOULEVARD,"1,506,000",473.62,"3,180",Jul-25,ORCHARD BOULEVARD,New Sale,Strata,44,"34,227",-,Apartment,1,99 yrs lease commencing from 2024,10,Core Central Region,16 to 20
UPPERHOUSE AT ORCHARD BOULEVARD,"2,511,000",764.24,"3,286",Jul-25,ORCHARD BOULEVARD,New Sale,Strata,71,"35,366",-,Apartment,1,99 yrs lease commencing from 2024,10,Core Central Region,16 to 20
UPPERHOUSE AT ORCHARD BOULEVARD,"3,526,000","1,011.82","3,485",Jul-25,ORCHARD BOULEVARD,New Sale,Strata,94,"37,511",-,Apartment,1,99 yrs lease commencing from 2024,10,Core Central Region,16 to 20
UPPERHOUSE AT ORCHARD BOULEVARD,"2,335,000",699.66,"3,337",Jul-25,ORCHARD BOULEVARD,New Sale,Strata,65,"35,923",-,Apartment,1,99 yrs lease commencing from 2024,10,Core Central Region,16 to 20
UPPERHOUSE AT ORCHARD BOULEVARD,"2,487,000",764.24,"3,254",Jul-25,ORCHARD BOULEVARD,New Sale,Strata,71,"35,028",-,Apartment,1,99 yrs lease commencing from 2024,10,Core Central Region,16 to 20
UPPERHOUSE AT ORCHARD BOULEVARD,"1,513,000",473.62,"3,195",Jul-25,ORCHARD BOULEVARD,New Sale,Strata,44,"34,386",-,Apartment,1,99 yrs lease commencing from 2024,10,Core Central Region,16 to 20
UPPERHOUSE AT ORCHARD BOULEVARD,"2,530,000",764.24,"3,310",Jul-25,ORCHARD BOULEVARD,New Sale,Strata,71,"35,634",-,Apartment,1,99 yrs lease commencing from 2024,10,Core Central Region,16 to 20
UPPERHOUSE AT ORCHARD BOULEVARD,"2,497,000",764.24,"3,267",Jul-25,ORCHARD BOULEVARD,New Sale,Strata,71,"35,169",-,Apartment,1,99 yrs lease commencing from 2024,10,Core Central Region,16 to 20
UPPERHOUSE AT ORCHARD BOULEVARD,"2,540,000",764.24,"3,324",Jul-25,ORCHARD BOULEVARD,New Sale,Strata,71,"35,775",-,Apartment,1,99 yrs lease commencing from 2024,10,Core Central Region,16 to 20
UPPERHOUSE AT ORCHARD BOULEVARD,"2,356,000",699.66,"3,367",Jul-25,ORCHARD BOULEVARD,New Sale,Strata,65,"36,246",-,Apartment,1,99 yrs lease commencing from 2024,10,Core Central Region,16 to 20
UPPERHOUSE AT ORCHARD BOULEVARD,"2,508,000",764.24,"3,282",Jul-25,ORCHARD BOULEVARD,New Sale,Strata,71,"35,324",-,Apartment,1,99 yrs lease commencing from 2024,10,Core Central Region,16 to 20
UPPERHOUSE AT ORCHARD BOULEVARD,"2,366,000",699.66,"3,382",Jul-25,ORCHARD BOULEVARD,New Sale,Strata,65,"36,400",-,Apartment,1,99 yrs lease commencing from 2024,10,Core Central Region,16 to 20
UPPERHOUSE AT ORCHARD BOULEVARD,"2,528,000",764.24,"3,308",Jul-25,ORCHARD BOULEVARD,New Sale,Strata,71,"35,606",-,Apartment,1,99 yrs lease commencing from 2024,10,Core Central Region,16 to 20
UPPERHOUSE AT ORCHARD BOULEVARD,"2,560,000",764.24,"3,350",Jul-25,ORCHARD BOULEVARD,New Sale,Strata,71,"36,056",-,Apartment,1,99 yrs lease commencing from 2024,10,Core Central Region,21 to 25
UPPERHOUSE AT ORCHARD BOULEVARD,"2,538,000",764.24,"3,321",Jul-25,ORCHARD BOULEVARD,New Sale,Strata,71,"35,746",-,Apartment,1,99 yrs lease commencing from 2024,10,Core Central Region,21 to 25
UPPERHOUSE AT ORCHARD BOULEVARD,"2,571,000",764.24,"3,364",Jul-25,ORCHARD BOULEVARD,New Sale,Strata,71,"36,211",-,Apartment,1,99 yrs lease commencing from 2024,10,Core Central Region,21 to 25
UPPERHOUSE AT ORCHARD BOULEVARD,"2,395,000",699.66,"3,423",Jul-25,ORCHARD BOULEVARD,New Sale,Strata,65,"36,846",-,Apartment,1,99 yrs lease commencing from 2024,10,Core Central Region,21 to 25
UPPERHOUSE AT ORCHARD BOULEVARD,"2,385,000",699.66,"3,409",Jul-25,ORCHARD BOULEVARD,New Sale,Strata,65,"36,692",-,Apartment,1,99 yrs lease commencing from 2024,10,Core Central Region,21 to 25
UPPERHOUSE AT ORCHARD BOULEVARD,"2,547,000",764.24,"3,333",Jul-25,ORCHARD BOULEVARD,New Sale,Strata,71,"35,873",-,Apartment,1,99 yrs lease commencing from 2024,10,Core Central Region,21 to 25
UPPERHOUSE AT ORCHARD BOULEVARD,"1,556,000",473.62,"3,285",Jul-25,ORCHARD BOULEVARD,New Sale,Strata,44,"35,364",-,Apartment,1,99 yrs lease commencing from 2024,10,Core Central Region,21 to 25
UPPERHOUSE AT ORCHARD BOULEVARD,"2,581,000",764.24,"3,377",Jul-25,ORCHARD BOULEVARD,New Sale,Strata,71,"36,352",-,Apartment,1,99 yrs lease commencing from 2024,10,Core Central Region,21 to 25
UPPERHOUSE AT ORCHARD BOULEVARD,"2,405,000",699.66,"3,437",Jul-25,ORCHARD BOULEVARD,New Sale,Strata,65,"37,000",-,Apartment,1,99 yrs lease commencing from 2024,10,Core Central Region,21 to 25
UPPERHOUSE AT ORCHARD BOULEVARD,"2,557,000",764.24,"3,346",Jul-25,ORCHARD BOULEVARD,New Sale,Strata,71,"36,014",-,Apartment,1,99 yrs lease commencing from 2024,10,Core Central Region,21 to 25
UPPERHOUSE AT ORCHARD BOULEVARD,"2,591,000",764.24,"3,390",Jul-25,ORCHARD BOULEVARD,New Sale,Strata,71,"36,493",-,Apartment,1,99 yrs lease commencing from 2024,10,Core Central Region,21 to 25
UPPERHOUSE AT ORCHARD BOULEVARD,"2,620,000",764.24,"3,428",Jul-25,ORCHARD BOULEVARD,New Sale,Strata,71,"36,901",-,Apartment,1,99 yrs lease commencing from 2024,10,Core Central Region,21 to 25
UPPERHOUSE AT ORCHARD BOULEVARD,"2,587,000",764.24,"3,385",Jul-25,ORCHARD BOULEVARD,New Sale,Strata,71,"36,437",-,Apartment,1,99 yrs lease commencing from 2024,10,Core Central Region,21 to 25
UPPERHOUSE AT ORCHARD BOULEVARD,"2,630,000",764.24,"3,441",Jul-25,ORCHARD BOULEVARD,New Sale,Strata,71,"37,042",-,Apartment,1,99 yrs lease commencing from 2024,10,Core Central Region,26 to 30
UPPERHOUSE AT ORCHARD BOULEVARD,"2,598,000",764.24,"3,399",Jul-25,ORCHARD BOULEVARD,New Sale,Strata,71,"36,592",-,Apartment,1,99 yrs lease commencing from 2024,10,Core Central Region,26 to 30
UPPERHOUSE AT ORCHARD BOULEVARD,"2,640,000",764.24,"3,454",Jul-25,ORCHARD BOULEVARD,New Sale,Strata,71,"37,183",-,Apartment,1,99 yrs lease commencing from 2024,10,Core Central Region,26 to 30
UPPERHOUSE AT ORCHARD BOULEVARD,"2,618,000",764.24,"3,426",Jul-25,ORCHARD BOULEVARD,New Sale,Strata,71,"36,873",-,Apartment,1,99 yrs lease commencing from 2024,10,Core Central Region,26 to 30
UPPERHOUSE AT ORCHARD BOULEVARD,"2,650,000",764.24,"3,467",Jul-25,ORCHARD BOULEVARD,New Sale,Strata,71,"37,324",-,Apartment,1,99 yrs lease commencing from 2024,10,Core Central Region,26 to 30
UPPERHOUSE AT ORCHARD BOULEVARD,"2,661,000",764.24,"3,482",Jul-25,ORCHARD BOULEVARD,New Sale,Strata,71,"37,479",-,Apartment,1,99 yrs lease commencing from 2024,10,Core Central Region,26 to 30
UPPERHOUSE AT ORCHARD BOULEVARD,"2,602,000",764.24,"3,405",Jul-25,ORCHARD BOULEVARD,New Sale,Strata,71,"36,648",-,Apartment,1,99 yrs lease commencing from 2024,10,Core Central Region,26 to 30
UPPERHOUSE AT ORCHARD BOULEVARD,"2,681,000",764.24,"3,508",Jul-25,ORCHARD BOULEVARD,New Sale,Strata,71,"37,761",-,Apartment,1,99 yrs lease commencing from 2024,10,Core Central Region,26 to 30
UPPERHOUSE AT ORCHARD BOULEVARD,"2,691,000",764.24,"3,521",Jul-25,ORCHARD BOULEVARD,New Sale,Strata,71,"37,901",-,Apartment,1,99 yrs lease commencing from 2024,10,Core Central Region,31 to 35
UPPERHOUSE AT ORCHARD BOULEVARD,"2,700,000",764.24,"3,533",Jul-25,ORCHARD BOULEVARD,New Sale,Strata,71,"38,028",-,Apartment,1,99 yrs lease commencing from 2024,10,Core Central Region,31 to 35
UPPERHOUSE AT ORCHARD BOULEVARD,"2,710,000",764.24,"3,546",Jul-25,ORCHARD BOULEVARD,New Sale,Strata,71,"38,169",-,Apartment,1,99 yrs lease commencing from 2024,10,Core Central Region,31 to 35
UPPERHOUSE AT ORCHARD BOULEVARD,"2,720,000",764.24,"3,559",Jul-25,ORCHARD BOULEVARD,New Sale,Strata,71,"38,310",-,Apartment,1,99 yrs lease commencing from 2024,10,Core Central Region,31 to 35
UPPERHOUSE AT ORCHARD BOULEVARD,"2,632,000",764.24,"3,444",Jul-25,ORCHARD BOULEVARD,New Sale,Strata,71,"37,070",-,Apartment,1,99 yrs lease commencing from 2024,10,Core Central Region,31 to 35
THE MONTANA,"1,650,000",893.41,"1,847",Jul-25,JALAN MUTIARA,Resale,Strata,83,"19,880",-,Apartment,1,Freehold,10,Core Central Region,01 to 05
UPPERHOUSE AT ORCHARD BOULEVARD,"3,269,000","1,011.82","3,231",Jul-25,ORCHARD BOULEVARD,New Sale,Strata,94,"34,777",-,Apartment,1,99 yrs lease commencing from 2024,10,Core Central Region,01 to 05
UPPERHOUSE AT ORCHARD BOULEVARD,"3,285,000","1,011.82","3,247",Jul-25,ORCHARD BOULEVARD,New Sale,Strata,94,"34,947",-,Apartment,1,99 yrs lease commencing from 2024,10,Core Central Region,01 to 05
UPPERHOUSE AT ORCHARD BOULEVARD,"3,302,000","1,011.82","3,263",Jul-25,ORCHARD BOULEVARD,New Sale,Strata,94,"35,128",-,Apartment,1,99 yrs lease commencing from 2024,10,Core Central Region,01 to 05
UPPERHOUSE AT ORCHARD BOULEVARD,"2,153,000",699.66,"3,077",Jul-25,ORCHARD BOULEVARD,New Sale,Strata,65,"33,123",-,Apartment,1,99 yrs lease commencing from 2024,10,Core Central Region,01 to 05
UPPERHOUSE AT ORCHARD BOULEVARD,"2,354,000",764.24,"3,080",Jul-25,ORCHARD BOULEVARD,New Sale,Strata,71,"33,155",-,Apartment,1,99 yrs lease commencing from 2024,10,Core Central Region,01 to 05
UPPERHOUSE AT ORCHARD BOULEVARD,"3,318,000","1,011.82","3,279",Jul-25,ORCHARD BOULEVARD,New Sale,Strata,94,"35,298",-,Apartment,1,99 yrs lease commencing from 2024,10,Core Central Region,01 to 05
UPPERHOUSE AT ORCHARD BOULEVARD,"2,181,000",699.66,"3,117",Jul-25,ORCHARD BOULEVARD,New Sale,Strata,65,"33,554",-,Apartment,1,99 yrs lease commencing from 2024,10,Core Central Region,01 to 05
UPPERHOUSE AT ORCHARD BOULEVARD,"1,400,000",473.62,"2,956",Jul-25,ORCHARD BOULEVARD,New Sale,Strata,44,"31,818",-,Apartment,1,99 yrs lease commencing from 2024,10,Core Central Region,06 to 10
UPPERHOUSE AT ORCHARD BOULEVARD,"1,407,000",473.62,"2,971",Jul-25,ORCHARD BOULEVARD,New Sale,Strata,44,"31,977",-,Apartment,1,99 yrs lease commencing from 2024,10,Core Central Region,06 to 10
UPPERHOUSE AT ORCHARD BOULEVARD,"3,296,000","1,011.82","3,258",Jul-25,ORCHARD BOULEVARD,New Sale,Strata,94,"35,064",-,Apartment,1,99 yrs lease commencing from 2024,10,Core Central Region,06 to 10
UPPERHOUSE AT ORCHARD BOULEVARD,"3,349,000","1,011.82","3,310",Jul-25,ORCHARD BOULEVARD,New Sale,Strata,94,"35,628",-,Apartment,1,99 yrs lease commencing from 2024,10,Core Central Region,06 to 10
UPPERHOUSE AT ORCHARD BOULEVARD,"2,225,000",699.66,"3,180",Jul-25,ORCHARD BOULEVARD,New Sale,Strata,65,"34,231",-,Apartment,1,99 yrs lease commencing from 2024,10,Core Central Region,06 to 10
UPPERHOUSE AT ORCHARD BOULEVARD,"1,421,000",473.62,"3,000",Jul-25,ORCHARD BOULEVARD,New Sale,Strata,44,"32,295",-,Apartment,1,99 yrs lease commencing from 2024,10,Core Central Region,06 to 10
UPPERHOUSE AT ORCHARD BOULEVARD,"3,328,000","1,011.82","3,289",Jul-25,ORCHARD BOULEVARD,New Sale,Strata,94,"35,404",-,Apartment,1,99 yrs lease commencing from 2024,10,Core Central Region,06 to 10
UPPERHOUSE AT ORCHARD BOULEVARD,"1,427,000",473.62,"3,013",Jul-25,ORCHARD BOULEVARD,New Sale,Strata,44,"32,432",-,Apartment,1,99 yrs lease commencing from 2024,10,Core Central Region,06 to 10
UPPERHOUSE AT ORCHARD BOULEVARD,"3,382,000","1,011.82","3,343",Jul-25,ORCHARD BOULEVARD,New Sale,Strata,94,"35,979",-,Apartment,1,99 yrs lease commencing from 2024,10,Core Central Region,06 to 10
UPPERHOUSE AT ORCHARD BOULEVARD,"2,371,000",764.24,"3,102",Jul-25,ORCHARD BOULEVARD,New Sale,Strata,71,"33,394",-,Apartment,1,99 yrs lease commencing from 2024,10,Core Central Region,06 to 10
UPPERHOUSE AT ORCHARD BOULEVARD,"1,434,000",473.62,"3,028",Jul-25,ORCHARD BOULEVARD,New Sale,Strata,44,"32,591",-,Apartment,1,99 yrs lease commencing from 2024,10,Core Central Region,06 to 10
UPPERHOUSE AT ORCHARD BOULEVARD,"3,397,000","1,011.82","3,357",Jul-25,ORCHARD BOULEVARD,New Sale,Strata,94,"36,138",-,Apartment,1,99 yrs lease commencing from 2024,10,Core Central Region,06 to 10
UPPERHOUSE AT ORCHARD BOULEVARD,"2,231,000",699.66,"3,189",Jul-25,ORCHARD BOULEVARD,New Sale,Strata,65,"34,323",-,Apartment,1,99 yrs lease commencing from 2024,10,Core Central Region,06 to 10
UPPERHOUSE AT ORCHARD BOULEVARD,"2,407,000",764.24,"3,150",Jul-25,ORCHARD BOULEVARD,New Sale,Strata,71,"33,901",-,Apartment,1,99 yrs lease commencing from 2024,10,Core Central Region,06 to 10
UPPERHOUSE AT ORCHARD BOULEVARD,"3,429,000","1,011.82","3,389",Jul-25,ORCHARD BOULEVARD,New Sale,Strata,94,"36,479",-,Apartment,1,99 yrs lease commencing from 2024,10,Core Central Region,11 to 15
UPPERHOUSE AT ORCHARD BOULEVARD,"3,446,000","1,011.82","3,406",Jul-25,ORCHARD BOULEVARD,New Sale,Strata,94,"36,660",-,Apartment,1,99 yrs lease commencing from 2024,10,Core Central Region,11 to 15
UPPERHOUSE AT ORCHARD BOULEVARD,"3,477,000","1,011.82","3,436",Jul-25,ORCHARD BOULEVARD,New Sale,Strata,94,"36,989",-,Apartment,1,99 yrs lease commencing from 2024,10,Core Central Region,11 to 15
UPPERHOUSE AT ORCHARD BOULEVARD,"3,493,000","1,011.82","3,452",Jul-25,ORCHARD BOULEVARD,New Sale,Strata,94,"37,160",-,Apartment,1,99 yrs lease commencing from 2024,10,Core Central Region,11 to 15
UPPERHOUSE AT ORCHARD BOULEVARD,"7,236,000","2,055.92","3,520",Jul-25,ORCHARD BOULEVARD,New Sale,Strata,191,"37,885",-,Apartment,1,99 yrs lease commencing from 2024,10,Core Central Region,16 to 20
UPPERHOUSE AT ORCHARD BOULEVARD,"3,510,000","1,011.82","3,469",Jul-25,ORCHARD BOULEVARD,New Sale,Strata,94,"37,340",-,Apartment,1,99 yrs lease commencing from 2024,10,Core Central Region,16 to 20
UPPERHOUSE AT ORCHARD BOULEVARD,"7,264,000","2,055.92","3,533",Jul-25,ORCHARD BOULEVARD,New Sale,Strata,191,"38,031",-,Apartment,1,99 yrs lease commencing from 2024,10,Core Central Region,16 to 20
UPPERHOUSE AT ORCHARD BOULEVARD,"7,320,000","2,055.92","3,560",Jul-25,ORCHARD BOULEVARD,New Sale,Strata,191,"38,325",-,Apartment,1,99 yrs lease commencing from 2024,10,Core Central Region,16 to 20
UPPERHOUSE AT ORCHARD BOULEVARD,"3,502,000","1,011.82","3,461",Jul-25,ORCHARD BOULEVARD,New Sale,Strata,94,"37,255",-,Apartment,1,99 yrs lease commencing from 2024,10,Core Central Region,16 to 20
UPPERHOUSE AT ORCHARD BOULEVARD,"7,348,000","2,055.92","3,574",Jul-25,ORCHARD BOULEVARD,New Sale,Strata,191,"38,471",-,Apartment,1,99 yrs lease commencing from 2024,10,Core Central Region,16 to 20
UPPERHOUSE AT ORCHARD BOULEVARD,"3,557,000","1,011.82","3,515",Jul-25,ORCHARD BOULEVARD,New Sale,Strata,94,"37,840",-,Apartment,1,99 yrs lease commencing from 2024,10,Core Central Region,16 to 20
UPPERHOUSE AT ORCHARD BOULEVARD,"3,606,000","1,011.82","3,564",Jul-25,ORCHARD BOULEVARD,New Sale,Strata,94,"38,362",-,Apartment,1,99 yrs lease commencing from 2024,10,Core Central Region,16 to 20
UPPERHOUSE AT ORCHARD BOULEVARD,"7,433,000","2,055.92","3,615",Jul-25,ORCHARD BOULEVARD,New Sale,Strata,191,"38,916",-,Apartment,1,99 yrs lease commencing from 2024,10,Core Central Region,21 to 25
UPPERHOUSE AT ORCHARD BOULEVARD,"3,597,000","1,011.82","3,555",Jul-25,ORCHARD BOULEVARD,New Sale,Strata,94,"38,266",-,Apartment,1,99 yrs lease commencing from 2024,10,Core Central Region,21 to 25
UPPERHOUSE AT ORCHARD BOULEVARD,"7,378,000","2,055.92","3,589",Jul-25,ORCHARD BOULEVARD,New Sale,Strata,191,"38,628",-,Apartment,1,99 yrs lease commencing from 2024,10,Core Central Region,21 to 25
UPPERHOUSE AT ORCHARD BOULEVARD,"3,654,000","1,011.82","3,611",Jul-25,ORCHARD BOULEVARD,New Sale,Strata,94,"38,872",-,Apartment,1,99 yrs lease commencing from 2024,10,Core Central Region,21 to 25
UPPERHOUSE AT ORCHARD BOULEVARD,"3,676,000","1,011.82","3,633",Jul-25,ORCHARD BOULEVARD,New Sale,Strata,94,"39,106",-,Apartment,1,99 yrs lease commencing from 2024,10,Core Central Region,21 to 25
UPPERHOUSE AT ORCHARD BOULEVARD,"3,692,000","1,011.82","3,649",Jul-25,ORCHARD BOULEVARD,New Sale,Strata,94,"39,277",-,Apartment,1,99 yrs lease commencing from 2024,10,Core Central Region,26 to 30
UPPERHOUSE AT ORCHARD BOULEVARD,"3,723,000","1,011.82","3,680",Jul-25,ORCHARD BOULEVARD,New Sale,Strata,94,"39,606",-,Apartment,1,99 yrs lease commencing from 2024,10,Core Central Region,26 to 30
UPPERHOUSE AT ORCHARD BOULEVARD,"7,657,000","2,055.92","3,724",Jul-25,ORCHARD BOULEVARD,New Sale,Strata,191,"40,089",-,Apartment,1,99 yrs lease commencing from 2024,10,Core Central Region,26 to 30
UPPERHOUSE AT ORCHARD BOULEVARD,"3,734,000","1,011.82","3,690",Jul-25,ORCHARD BOULEVARD,New Sale,Strata,94,"39,723",-,Apartment,1,99 yrs lease commencing from 2024,10,Core Central Region,26 to 30
UPPERHOUSE AT ORCHARD BOULEVARD,"7,599,000","2,055.92","3,696",Jul-25,ORCHARD BOULEVARD,New Sale,Strata,191,"39,785",-,Apartment,1,99 yrs lease commencing from 2024,10,Core Central Region,26 to 30
UPPERHOUSE AT ORCHARD BOULEVARD,"3,742,000","1,011.82","3,698",Jul-25,ORCHARD BOULEVARD,New Sale,Strata,94,"39,809",-,Apartment,1,99 yrs lease commencing from 2024,10,Core Central Region,26 to 30
UPPERHOUSE AT ORCHARD BOULEVARD,"3,750,000","1,011.82","3,706",Jul-25,ORCHARD BOULEVARD,New Sale,Strata,94,"39,894",-,Apartment,1,99 yrs lease commencing from 2024,10,Core Central Region,26 to 30
UPPERHOUSE AT ORCHARD BOULEVARD,"3,757,000","1,011.82","3,713",Jul-25,ORCHARD BOULEVARD,New Sale,Strata,94,"39,968",-,Apartment,1,99 yrs lease commencing from 2024,10,Core Central Region,31 to 35
UPPERHOUSE AT ORCHARD BOULEVARD,"3,765,000","1,011.82","3,721",Jul-25,ORCHARD BOULEVARD,New Sale,Strata,94,"40,053",-,Apartment,1,99 yrs lease commencing from 2024,10,Core Central Region,31 to 35
UPPERHOUSE AT ORCHARD BOULEVARD,"3,773,000","1,011.82","3,729",Jul-25,ORCHARD BOULEVARD,New Sale,Strata,94,"40,138",-,Apartment,1,99 yrs lease commencing from 2024,10,Core Central Region,31 to 35
UPPERHOUSE AT ORCHARD BOULEVARD,"3,781,000","1,011.82","3,737",Jul-25,ORCHARD BOULEVARD,New Sale,Strata,94,"40,223",-,Apartment,1,99 yrs lease commencing from 2024,10,Core Central Region,31 to 35
UPPERHOUSE AT ORCHARD BOULEVARD,"2,700,000",764.24,"3,533",Jul-25,ORCHARD BOULEVARD,New Sale,Strata,71,"38,028",-,Apartment,1,99 yrs lease commencing from 2024,10,Core Central Region,31 to 35
SIXTH AVENUE VILLE,"2,730,000","1,237.86","2,205",Jul-25,SIXTH AVENUE,Resale,Strata,115,"23,739",-,Condominium,1,Freehold,10,Core Central Region,01 to 05
GOODWOOD GRAND,"2,420,000",893.41,"2,709",Jul-25,BALMORAL ROAD,Resale,Strata,83,"29,157",-,Apartment,1,Freehold,10,Core Central Region,01 to 05
D'LEEDON,"3,080,000","1,420.85","2,168",Jul-25,LEEDON HEIGHTS,Resale,Strata,132,"23,333",-,Condominium,1,99 yrs lease commencing from 2010,10,Core Central Region,31 to 35
D'LEEDON,"4,100,000","1,991.34","2,059",Jul-25,LEEDON HEIGHTS,Resale,Strata,185,"22,162",-,Condominium,1,99 yrs lease commencing from 2010,10,Core Central Region,21 to 25
TANGLIN REGENCY,"1,468,888",871.88,"1,685",Jul-25,TANGLIN ROAD,Resale,Strata,81,"18,134",-,Condominium,1,99 yrs lease commencing from 1994,10,Core Central Region,16 to 20
DORMER PARK,"2,700,000","1,237.86","2,181",Jul-25,JERVOIS ROAD,Resale,Strata,115,"23,478",-,Condominium,1,Freehold,10,Core Central Region,01 to 05
PARKVIEW ECLAT,"12,300,000","3,250.73","3,784",Jul-25,GRANGE ROAD,Resale,Strata,302,"40,728",-,Condominium,1,Freehold,10,Core Central Region,16 to 20
DORMER PARK,"3,570,000","1,668.42","2,140",Jul-25,JERVOIS ROAD,Resale,Strata,155,"23,032",-,Condominium,1,Freehold,10,Core Central Region,01 to 05
21 ANDERSON,"52,250,000","10,451.84","4,999",Jul-25,ANDERSON ROAD,New Sale,Strata,971,"53,811",-,Condominium,1,Freehold,10,Core Central Region,06 to 10
NATHAN SUITES,"4,112,000","1,786.82","2,301",Jul-25,NATHAN ROAD,Resale,Strata,166,"24,771",-,Condominium,1,Freehold,10,Core Central Region,11 to 15
THE CORNWALL,"2,300,000","1,044.11","2,203",Jul-25,CORNWALL GARDENS,Resale,Strata,97,"23,711",-,Condominium,1,Freehold,10,Core Central Region,01 to 05
RV RESIDENCES,"2,015,000",861.12,"2,340",Jul-25,RIVER VALLEY ROAD,Resale,Strata,80,"25,188",-,Condominium,1,999 yrs lease commencing from 1877,10,Core Central Region,01 to 05
3 ORCHARD BY-THE-PARK,"11,106,900","2,583.36","4,299",Jul-25,ORCHARD BOULEVARD,Resale,Strata,240,"46,279",-,Condominium,1,Freehold,10,Core Central Region,16 to 20
THE LEVELZ,"2,095,000",979.52,"2,139",Jul-25,FARRER ROAD,Resale,Strata,91,"23,022",-,Condominium,1,Freehold,10,Core Central Region,01 to 05
VILLAEA VISTA,"3,180,000","1,808.35","1,759",Jul-25,OEI TIONG HAM PARK,Resale,Strata,168,"18,929",-,Apartment,1,Freehold,10,Core Central Region,01 to 05
DUET,"3,650,000","1,743.77","2,093",Jul-25,HOLLAND ROAD,Resale,Strata,162,"22,531",-,Condominium,1,Freehold,10,Core Central Region,06 to 10
D'LEEDON,"1,350,000",635.08,"2,126",Jul-25,LEEDON HEIGHTS,Resale,Strata,59,"22,881",-,Condominium,1,99 yrs lease commencing from 2010,10,Core Central Region,21 to 25
CYAN,"5,680,000","2,077.45","2,734",Jul-25,KENG CHIN ROAD,Resale,Strata,193,"29,430",-,Condominium,1,Freehold,10,Core Central Region,21 to 25
ALLSWORTH PARK,"4,100,000","1,959.05","2,093",Jul-25,HOLLAND ROAD,Resale,Strata,182,"22,527",-,Condominium,1,999 yrs lease commencing from 1885,10,Core Central Region,11 to 15
THE MARBELLA,"3,650,000","1,582.31","2,307",Jul-25,MOUNT SINAI RISE,Resale,Strata,147,"24,830",-,Condominium,1,Freehold,10,Core Central Region,06 to 10
FOURTH AVENUE RESIDENCES,"2,966,868","1,108.69","2,676",Jul-25,FOURTH AVENUE,Resale,Strata,103,"28,805",-,Apartment,1,99 yrs lease commencing from 2018,10,Core Central Region,01 to 05
SOMMERVILLE PARK,"4,180,000","1,959.05","2,134",Jul-25,SOMMERVILLE ESTATE ROAD,Resale,Strata,182,"22,967",-,Condominium,1,Freehold,10,Core Central Region,-
GLENTREES,"4,450,000","2,863.22","1,554",Jul-25,MOUNT SINAI LANE,Resale,Strata,266,"16,729",-,Condominium,1,999 yrs lease commencing from 1885,10,Core Central Region,01 to 05
THE LOFT,"3,600,000","1,528.49","2,355",Jul-25,NASSIM HILL,Resale,Strata,142,"25,352",-,Condominium,1,99 yrs lease commencing from 1999,10,Core Central Region,01 to 05
FOURTH AVENUE RESIDENCES,"1,750,000",688.9,"2,540",Jul-25,FOURTH AVENUE,Resale,Strata,64,"27,344",-,Apartment,1,99 yrs lease commencing from 2018,10,Core Central Region,01 to 05
8 NAPIER,"6,550,000","2,012.87","3,254",Jul-25,NAPIER ROAD,Resale,Strata,187,"35,027",-,Condominium,1,Freehold,10,Core Central Region,01 to 05
REGENCY PARK,"5,280,000","2,260.44","2,336",Jul-25,NATHAN ROAD,Resale,Strata,210,"25,143",-,Condominium,1,Freehold,10,Core Central Region,01 to 05
19 NASSIM,"3,410,000","1,054.87","3,233",Jul-25,NASSIM HILL,Resale,Strata,98,"34,796",-,Apartment,1,99 yrs lease commencing from 2019,10,Core Central Region,01 to 05
BOULEVARD 88,"13,000,000","2,777.11","4,681",Jul-25,ORCHARD BOULEVARD,Resale,Strata,258,"50,388",-,Apartment,1,Freehold,10,Core Central Region,01 to 05
TANGLIN PARK,"3,520,000","1,334.74","2,637",Jul-25,RIDLEY PARK,Resale,Strata,124,"28,387",-,Condominium,1,Freehold,10,Core Central Region,01 to 05
VALLEY PARK,"3,030,000","1,356.26","2,234",Jul-25,RIVER VALLEY ROAD,Resale,Strata,126,"24,048",-,Condominium,1,999 yrs lease commencing from 1877,10,Core Central Region,06 to 10
GRANGE RESIDENCES,"9,738,000","2,852.46","3,414",Jul-25,GRANGE ROAD,Resale,Strata,265,"36,747",-,Condominium,1,Freehold,10,Core Central Region,11 to 15
120 GRANGE,"1,850,000",678.13,"2,728",Jul-25,GRANGE ROAD,Resale,Strata,63,"29,365",-,Apartment,1,Freehold,10,Core Central Region,11 to 15
RV RESIDENCES,"1,027,000",452.09,"2,272",Jul-25,RIVER VALLEY ROAD,Resale,Strata,42,"24,452",-,Condominium,1,999 yrs lease commencing from 1877,10,Core Central Region,06 to 10
19 NASSIM,"2,118,000",645.84,"3,279",Jul-25,NASSIM HILL,Resale,Strata,60,"35,300",-,Apartment,1,99 yrs lease commencing from 2019,10,Core Central Region,06 to 10
VERDURE,"3,180,000","1,463.9","2,172",Jul-25,HOLLAND ROAD,Resale,Strata,136,"23,382",-,Condominium,1,Freehold,10,Core Central Region,01 to 05
ONE TREE HILL RESIDENCE,"2,850,000","1,130.22","2,522",Jul-25,ONE TREE HILL,Resale,Strata,105,"27,143",-,Apartment,1,Freehold,10,Core Central Region,06 to 10
GOODWOOD RESIDENCE,"2,950,000","1,119.46","2,635",Jun-25,BUKIT TIMAH ROAD,Resale,Strata,104,"28,365",-,Condominium,1,Freehold,10,Core Central Region,01 to 05
BALMORAL HEIGHTS,"2,280,000",925.7,"2,463",Jun-25,BALMORAL CRESCENT,Resale,Strata,86,"26,512",-,Apartment,1,Freehold,10,Core Central Region,06 to 10
LEEDON RESIDENCE,"15,800,000","8,051.47","1,962",Jun-25,LEEDON HEIGHTS,Resale,Strata,748,"21,123",-,Condominium,1,Freehold,10,Core Central Region,01 to 05
MELROSE PARK,"3,530,000","1,345.5","2,624",Jun-25,KELLOCK ROAD,Resale,Strata,125,"28,240",-,Condominium,1,999 yrs lease commencing from 1877,10,Core Central Region,06 to 10
GRANGE RESIDENCES,"9,850,000","2,852.46","3,453",Jun-25,GRANGE ROAD,Resale,Strata,265,"37,170",-,Condominium,1,Freehold,10,Core Central Region,01 to 05
THE SIXTH AVENUE RESIDENCES,"2,250,000",968.76,"2,323",Jun-25,SIXTH AVENUE,Resale,Strata,90,"25,000",-,Condominium,1,Freehold,10,Core Central Region,01 to 05
REGENCY PARK,"8,305,000","3,649","2,276",Jun-25,NATHAN ROAD,Resale,Strata,339,"24,499",-,Condominium,1,Freehold,10,Core Central Region,01 to 05
THE TRIZON,"4,300,000","1,894.46","2,270",Jun-25,RIDGEWOOD CLOSE,Resale,Strata,176,"24,432",-,Condominium,1,Freehold,10,Core Central Region,16 to 20
PARC STEVENS,"4,128,000","1,722.24","2,397",Jun-25,STEVENS DRIVE,Resale,Strata,160,"25,800",-,Condominium,1,Freehold,10,Core Central Region,01 to 05
D'LEEDON,"5,600,000","4,908.38","1,141",Jun-25,LEEDON HEIGHTS,Resale,Strata,456,"12,281",-,Condominium,1,99 yrs lease commencing from 2010,10,Core Central Region,01 to 05
LEEDON GREEN,"2,126,800",818.06,"2,600",Jun-25,LEEDON HEIGHTS,Sub Sale,Strata,76,"27,984",-,Condominium,1,Freehold,10,Core Central Region,01 to 05
THE LOFT,"3,200,000","1,345.5","2,378",Jun-25,NASSIM HILL,Resale,Strata,125,"25,600",-,Condominium,1,99 yrs lease commencing from 1999,10,Core Central Region,01 to 05
THE FORD @ HOLLAND,"1,100,000",505.91,"2,174",Jun-25,FORD AVENUE,Resale,Strata,47,"23,404",-,Condominium,1,Freehold,10,Core Central Region,01 to 05
SCULPTURA ARDMORE,"20,000,000","3,326.08","6,013",Jun-25,ARDMORE PARK,Resale,Strata,309,"64,725",-,Condominium,1,Freehold,10,Core Central Region,26 to 30
THE SIERRA,"2,215,000","1,205.57","1,837",Jun-25,MOUNT SINAI DRIVE,Resale,Strata,112,"19,777",-,Apartment,1,947 yrs lease commencing from 1937,10,Core Central Region,06 to 10
REGENCY PARK,"5,000,000","2,249.68","2,223",Jun-25,NATHAN ROAD,Resale,Strata,209,"23,923",-,Condominium,1,Freehold,10,Core Central Region,01 to 05
WARNER COURT,"4,880,000","4,176.43","1,168",Jun-25,HOLLAND AVENUE,Resale,Strata,388,"12,577",-,Apartment,1,Freehold,10,Core Central Region,01 to 05
TANGLIN PARK,"3,800,000","1,506.96","2,522",Jun-25,RIDLEY PARK,Resale,Strata,140,"27,143",-,Condominium,1,Freehold,10,Core Central Region,06 to 10
CHATEAU LE FAME,"2,400,000","1,119.46","2,144",Jun-25,EWE BOON ROAD,Resale,Strata,104,"23,077",-,Apartment,1,Freehold,10,Core Central Region,01 to 05
FOURTH AVENUE RESIDENCES,"1,628,000",645.84,"2,521",Jun-25,FOURTH AVENUE,Resale,Strata,60,"27,133",-,Apartment,1,99 yrs lease commencing from 2018,10,Core Central Region,06 to 10
NATHAN PLACE,"2,490,000","1,130.22","2,203",Jun-25,NATHAN ROAD,Resale,Strata,105,"23,714",-,Condominium,1,Freehold,10,Core Central Region,01 to 05
THE TRIZON,"2,610,000","1,194.8","2,184",Jun-25,RIDGEWOOD CLOSE,Resale,Strata,111,"23,514",-,Condominium,1,Freehold,10,Core Central Region,11 to 15
RV RESIDENCES,"1,758,000",688.9,"2,552",Jun-25,RIVER VALLEY ROAD,Resale,Strata,64,"27,469",-,Condominium,1,999 yrs lease commencing from 1877,10,Core Central Region,01 to 05
RV RESIDENCES,"1,668,000",678.13,"2,460",Jun-25,RIVER VALLEY ROAD,Resale,Strata,63,"26,476",-,Condominium,1,999 yrs lease commencing from 1877,10,Core Central Region,01 to 05
LEEDON 2,"2,380,000","1,205.57","1,974",Jun-25,LEEDON ROAD,Resale,Strata,112,"21,250",-,Condominium,1,Freehold,10,Core Central Region,06 to 10
REGENCY PARK,"6,600,000","3,175.38","2,078",Jun-25,NATHAN ROAD,Resale,Strata,295,"22,373",-,Condominium,1,Freehold,10,Core Central Region,01 to 05
DUCHESS MANOR,"2,368,888",990.29,"2,392",Jun-25,DUCHESS ROAD,Resale,Strata,92,"25,749",-,Condominium,1,999 yrs lease commencing from 1875,10,Core Central Region,01 to 05
SOMMERVILLE GRANDEUR,"3,870,000","1,829.88","2,115",Jun-25,FARRER DRIVE,Resale,Strata,170,"22,765",-,Condominium,1,Freehold,10,Core Central Region,01 to 05
D'LEEDON,"3,670,000","1,743.77","2,105",Jun-25,LEEDON HEIGHTS,Resale,Strata,162,"22,654",-,Condominium,1,99 yrs lease commencing from 2010,10,Core Central Region,26 to 30
THE TRESOR,"3,738,000","1,399.32","2,671",Jun-25,DUCHESS ROAD,Resale,Strata,130,"28,754",-,Condominium,1,999 yrs lease commencing from 1875,10,Core Central Region,01 to 05
ZENITH,"1,750,000",742.72,"2,356",Jun-25,ZION ROAD,Resale,Strata,69,"25,362",-,Apartment,1,999 yrs lease commencing from 1877,10,Core Central Region,06 to 10
MILL POINT,"2,188,000",914.94,"2,391",Jun-25,ZION CLOSE,Resale,Strata,85,"25,741",-,Apartment,1,999 yrs lease commencing from 1877,10,Core Central Region,11 to 15
ONE JERVOIS,"2,350,000","1,065.64","2,205",Jun-25,JERVOIS CLOSE,Resale,Strata,99,"23,737",-,Condominium,1,Freehold,10,Core Central Region,06 to 10
DORMER PARK,"5,125,000","2,464.96","2,079",Jun-25,JERVOIS ROAD,Resale,Strata,229,"22,380",-,Condominium,1,Freehold,10,Core Central Region,06 to 10
DRAYCOTT EIGHT,"5,800,000","2,863.22","2,026",Jun-25,DRAYCOTT PARK,Resale,Strata,266,"21,805",-,Condominium,1,99 yrs lease commencing from 1997,10,Core Central Region,06 to 10
GRAMERCY PARK,"7,500,000","2,680.24","2,798",Jun-25,GRANGE ROAD,Resale,Strata,249,"30,120",-,Condominium,1,Freehold,10,Core Central Region,11 to 15
HOLLAND RESIDENCES,"3,238,000","1,463.9","2,212",Jun-25,TAMAN WARNA,Resale,Strata,136,"23,809",-,Condominium,1,Freehold,10,Core Central Region,01 to 05
CYAN,"4,051,000","1,528.49","2,650",Jun-25,KENG CHIN ROAD,Resale,Strata,142,"28,528",-,Condominium,1,Freehold,10,Core Central Region,06 to 10
THE CORNWALL,"1,450,000",613.55,"2,363",Jun-25,CORNWALL GARDENS,Resale,Strata,57,"25,439",-,Condominium,1,Freehold,10,Core Central Region,01 to 05
ASTRID MEADOWS,"4,320,000","2,228.15","1,939",Jun-25,CORONATION ROAD WEST,Resale,Strata,207,"20,870",-,Condominium,1,Freehold,10,Core Central Region,01 to 05
SPRING GROVE,"1,830,000","1,011.82","1,809",Jun-25,GRANGE ROAD,Resale,Strata,94,"19,468",-,Condominium,1,99 yrs lease commencing from 1991,10,Core Central Region,11 to 15
DORMER PARK,"2,550,000","1,237.86","2,060",Jun-25,JERVOIS ROAD,Resale,Strata,115,"22,174",-,Condominium,1,Freehold,10,Core Central Region,01 to 05
ROBIN SUITES,"1,180,000",462.85,"2,549",Jun-25,ROBIN ROAD,Resale,Strata,43,"27,442",-,Apartment,1,Freehold,10,Core Central Region,16 to 20
THE GRANGE,"6,080,000","2,292.73","2,652",Jun-25,GRANGE GARDEN,Resale,Strata,213,"28,545",-,Condominium,1,Freehold,10,Core Central Region,16 to 20
WATERFALL GARDENS,"4,700,000","2,195.86","2,140",Jun-25,FARRER ROAD,Resale,Strata,204,"23,039",-,Condominium,1,Freehold,10,Core Central Region,06 to 10
FOURTH AVENUE RESIDENCES,"1,700,000",710.42,"2,393",Jun-25,FOURTH AVENUE,Resale,Strata,66,"25,758",-,Apartment,1,99 yrs lease commencing from 2018,10,Core Central Region,01 to 05
FOURTH AVENUE RESIDENCES,"1,090,000",484.38,"2,250",Jun-25,FOURTH AVENUE,Resale,Strata,45,"24,222",-,Apartment,1,99 yrs lease commencing from 2018,10,Core Central Region,01 to 05
LEEDON 2,"1,810,000",839.59,"2,156",Jun-25,LEEDON ROAD,Resale,Strata,78,"23,205",-,Condominium,1,Freehold,10,Core Central Region,01 to 05
THE TESSARINA,"3,813,000","1,614.6","2,362",Jun-25,WILBY ROAD,Resale,Strata,150,"25,420",-,Condominium,1,Freehold,10,Core Central Region,01 to 05
LOFT @ NATHAN,"785,000",387.5,"2,026",Jun-25,NATHAN ROAD,Resale,Strata,36,"21,806",-,Apartment,1,Freehold,10,Core Central Region,01 to 05
VOLARI,"6,080,000","2,174.33","2,796",Jun-25,BALMORAL ROAD,Resale,Strata,202,"30,099",-,Condominium,1,Freehold,10,Core Central Region,01 to 05
THE FERNHILL,"2,230,000","1,065.64","2,093",Jun-25,FERNHILL ROAD,Resale,Strata,99,"22,525",-,Apartment,1,Freehold,10,Core Central Region,01 to 05
FOUR SEASONS PARK,"7,500,000","2,260.44","3,318",Jun-25,CUSCADEN WALK,Resale,Strata,210,"35,714",-,Condominium,1,Freehold,10,Core Central Region,06 to 10
LOFT @ STEVENS,"868,000",376.74,"2,304",Jun-25,STEVENS ROAD,Resale,Strata,35,"24,800",-,Apartment,1,Freehold,10,Core Central Region,01 to 05
CLIFTEN,"2,380,000","1,065.64","2,233",Jun-25,EWE BOON ROAD,Resale,Strata,99,"24,040",-,Apartment,1,Freehold,10,Core Central Region,01 to 05
HYLL ON HOLLAND,"1,740,000",656.6,"2,650",Jun-25,HOLLAND ROAD,Sub Sale,Strata,61,"28,525",-,Condominium,1,Freehold,10,Core Central Region,06 to 10
RESIDENTIAL APARTMENTS,"3,900,000","1,506.96","2,588",May-25,DRAYCOTT DRIVE,Resale,Strata,140,"27,857",-,Apartment,1,Freehold,10,Core Central Region,01 to 05
GRANGE 1866,"2,296,000",710.42,"3,232",May-25,GRANGE ROAD,New Sale,Strata,66,"34,788",-,Apartment,1,Freehold,10,Core Central Region,11 to 15
PINEWOOD GARDENS,"3,350,000","1,603.84","2,089",May-25,BALMORAL PARK,Resale,Strata,149,"22,483",-,Condominium,1,Freehold,10,Core Central Region,06 to 10
THE LEVELZ,"2,275,000","1,001.05","2,273",May-25,FARRER ROAD,Resale,Strata,93,"24,462",-,Condominium,1,Freehold,10,Core Central Region,06 to 10
THE SOLITAIRE,"2,768,000","1,237.86","2,236",May-25,BALMORAL PARK,Resale,Strata,115,"24,070",-,Condominium,1,Freehold,10,Core Central Region,01 to 05
KASTURINA LODGE,"1,525,000",753.48,"2,024",May-25,KAY POH ROAD,Resale,Strata,70,"21,786",-,Apartment,1,Freehold,10,Core Central Region,06 to 10
DUCHESS CREST,"1,830,000",936.47,"1,954",May-25,DUCHESS AVENUE,Resale,Strata,87,"21,034",-,Condominium,1,99 yrs lease commencing from 1995,10,Core Central Region,01 to 05
JUNIPER HILL,"2,070,000",721.19,"2,870",May-25,EWE BOON ROAD,Resale,Strata,67,"30,896",-,Apartment,1,Freehold,10,Core Central Region,06 to 10
FOURTH AVENUE RESIDENCES,"2,515,000",914.94,"2,749",May-25,FOURTH AVENUE,Resale,Strata,85,"29,588",-,Apartment,1,99 yrs lease commencing from 2018,10,Core Central Region,06 to 10
SUI GENERIS,"5,100,000","2,131.27","2,393",May-25,BALMORAL CRESCENT,Resale,Strata,198,"25,758",-,Condominium,1,Freehold,10,Core Central Region,01 to 05
THE TRIZON,"4,800,000","2,185.09","2,197",May-25,RIDGEWOOD CLOSE,Resale,Strata,203,"23,645",-,Condominium,1,Freehold,10,Core Central Region,16 to 20
REGENCY PARK,"7,150,000","3,175.38","2,252",May-25,NATHAN ROAD,Resale,Strata,295,"24,237",-,Condominium,1,Freehold,10,Core Central Region,16 to 20
ROBIN RESIDENCES,"1,290,000",538.2,"2,397",May-25,ROBIN DRIVE,Resale,Strata,50,"25,800",-,Condominium,1,Freehold,10,Core Central Region,01 to 05
BOULEVARD 88,"5,124,300","1,313.21","3,902",May-25,ORCHARD BOULEVARD,Resale,Strata,122,"42,002",-,Apartment,1,Freehold,10,Core Central Region,16 to 20
THE MERCURY,"2,380,000","1,044.11","2,279",May-25,SHANGHAI ROAD,Resale,Strata,97,"24,536",-,Apartment,1,Freehold,10,Core Central Region,06 to 10
SOMMERVILLE GRANDEUR,"4,038,888","1,840.64","2,194",May-25,FARRER DRIVE,Resale,Strata,171,"23,619",-,Condominium,1,Freehold,10,Core Central Region,01 to 05
THE TRESOR,"5,050,000","1,926.76","2,621",May-25,DUCHESS ROAD,Resale,Strata,179,"28,212",-,Condominium,1,999 yrs lease commencing from 1875,10,Core Central Region,01 to 05
THE MARBELLA,"3,999,999","1,625.36","2,461",May-25,MOUNT SINAI RISE,Resale,Strata,151,"26,490",-,Condominium,1,Freehold,10,Core Central Region,06 to 10
MILL POINT,"2,120,000",914.94,"2,317",May-25,ZION CLOSE,Resale,Strata,85,"24,941",-,Apartment,1,999 yrs lease commencing from 1877,10,Core Central Region,11 to 15
WING ON LIFE GARDEN,"9,000,888","3,498.3","2,573",May-25,BUKIT TIMAH ROAD,Resale,Strata,325,"27,695",-,Apartment,1,Freehold,10,Core Central Region,21 to 25
THE TRIZON,"4,200,000","2,066.69","2,032",May-25,RIDGEWOOD CLOSE,Resale,Strata,192,"21,875",-,Condominium,1,Freehold,10,Core Central Region,16 to 20
FOURTH AVENUE RESIDENCES,"1,168,000",505.91,"2,309",May-25,FOURTH AVENUE,Resale,Strata,47,"24,851",-,Apartment,1,99 yrs lease commencing from 2018,10,Core Central Region,01 to 05
VALLEY PARK,"2,700,000","1,216.33","2,220",May-25,RIVER VALLEY ROAD,Resale,Strata,113,"23,894",-,Condominium,1,999 yrs lease commencing from 1877,10,Core Central Region,16 to 20
THE LEVELZ,"2,180,000",990.29,"2,201",May-25,FARRER ROAD,Resale,Strata,92,"23,696",-,Condominium,1,Freehold,10,Core Central Region,06 to 10
LUTHERAN TOWERS,"2,180,000","1,915.99","1,138",May-25,TAN KIM CHENG ROAD,Resale,Strata,178,"12,247",-,Apartment,1,103 yrs lease commencing from 1974,10,Core Central Region,01 to 05
CORONA VILLE,"2,650,000","1,517.72","1,746",May-25,JALAN HAJI ALIAS,Resale,Strata,141,"18,794",-,Condominium,1,Freehold,10,Core Central Region,01 to 05
LUSH ON HOLLAND HILL,"3,250,000","1,506.96","2,157",May-25,HOLLAND HILL,Resale,Strata,140,"23,214",-,Condominium,1,Freehold,10,Core Central Region,01 to 05
19 NASSIM,"3,718,000","1,108.69","3,354",May-25,NASSIM HILL,Resale,Strata,103,"36,097",-,Apartment,1,99 yrs lease commencing from 2019,10,Core Central Region,01 to 05
SPANISH VILLAGE,"2,300,000","1,162.51","1,978",May-25,FARRER ROAD,Resale,Strata,108,"21,296",-,Condominium,1,Freehold,10,Core Central Region,01 to 05
TREASURE ON BALMORAL,"4,480,000","1,689.95","2,651",May-25,BALMORAL ROAD,Resale,Strata,157,"28,535",-,Apartment,1,Freehold,10,Core Central Region,06 to 10
WILLYN VILLE,"3,300,000","1,733","1,904",May-25,HOLLAND AVENUE,Resale,Strata,161,"20,497",-,Apartment,1,Freehold,10,Core Central Region,01 to 05
MON JERVOIS,"2,728,000","1,388.56","1,965",May-25,JERVOIS ROAD,Resale,Strata,129,"21,147",-,Condominium,1,99 yrs lease commencing from 2012,10,Core Central Region,01 to 05
VALLEY PARK,"2,580,000","1,216.33","2,121",May-25,RIVER VALLEY ROAD,Resale,Strata,113,"22,832",-,Condominium,1,999 yrs lease commencing from 1877,10,Core Central Region,06 to 10
THE HYDE,"4,100,000","1,248.62","3,284",May-25,BALMORAL ROAD,Resale,Strata,116,"35,345",-,Condominium,1,Freehold,10,Core Central Region,06 to 10
HOLLAND PEAK,"1,020,000",570.49,"1,788",May-25,HOLLAND HILL,Resale,Strata,53,"19,245",-,Condominium,1,Freehold,10,Core Central Region,01 to 05
D'LEEDON,"2,140,000","1,076.4","1,988",May-25,LEEDON HEIGHTS,Resale,Strata,100,"21,400",-,Condominium,1,99 yrs lease commencing from 2010,10,Core Central Region,16 to 20
D'LEEDON,"3,500,000","1,722.24","2,032",May-25,LEEDON HEIGHTS,Resale,Strata,160,"21,875",-,Condominium,1,99 yrs lease commencing from 2010,10,Core Central Region,11 to 15
SPANISH VILLAGE,"1,550,000",775.01,"2,000",May-25,FARRER ROAD,Resale,Strata,72,"21,528",-,Condominium,1,Freehold,10,Core Central Region,01 to 05
SUI GENERIS,"5,090,000","2,131.27","2,388",May-25,BALMORAL CRESCENT,Resale,Strata,198,"25,707",-,Condominium,1,Freehold,10,Core Central Region,06 to 10
KUM HING COURT,"3,600,000","1,625.36","2,215",May-25,TOMLINSON ROAD,Resale,Strata,151,"23,841",-,Apartment,1,Freehold,10,Core Central Region,01 to 05
19 NASSIM,"2,980,000",807.3,"3,691",May-25,NASSIM HILL,Resale,Strata,75,"39,733",-,Apartment,1,99 yrs lease commencing from 2019,10,Core Central Region,06 to 10
THE ASTON,"2,036,000","1,011.82","2,012",May-25,KAY POH ROAD,Resale,Strata,94,"21,660",-,Apartment,1,Freehold,10,Core Central Region,06 to 10
SOMMERVILLE PARK,"1,300,000",624.31,"2,082",May-25,FARRER DRIVE,Resale,Strata,58,"22,414",-,Condominium,1,Freehold,10,Core Central Region,01 to 05
MILL POINT,"1,060,000",527.44,"2,010",May-25,ZION CLOSE,Resale,Strata,49,"21,633",-,Apartment,1,999 yrs lease commencing from 1877,10,Core Central Region,11 to 15
LEEDON GREEN,"5,088,000","1,496.2","3,401",May-25,LEEDON HEIGHTS,Sub Sale,Strata,139,"36,604",-,Condominium,1,Freehold,10,Core Central Region,11 to 15
D'LEEDON,"2,150,000","1,033.34","2,081",May-25,LEEDON HEIGHTS,Resale,Strata,96,"22,396",-,Condominium,1,99 yrs lease commencing from 2010,10,Core Central Region,16 to 20
NATHAN RESIDENCES,"1,650,000",785.77,"2,100",May-25,NATHAN ROAD,Resale,Strata,73,"22,603",-,Apartment,1,Freehold,10,Core Central Region,11 to 15
DRAYCOTT EIGHT,"6,288,000","2,895.52","2,172",May-25,DRAYCOTT PARK,Resale,Strata,269,"23,375",-,Condominium,1,99 yrs lease commencing from 1997,10,Core Central Region,21 to 25
FOURTH AVENUE RESIDENCES,"1,300,000",484.38,"2,684",May-25,FOURTH AVENUE,Resale,Strata,45,"28,889",-,Apartment,1,99 yrs lease commencing from 2018,10,Core Central Region,06 to 10
GRANGE 1866,"2,654,000",764.24,"3,473",May-25,GRANGE ROAD,New Sale,Strata,71,"37,380",-,Apartment,1,Freehold,10,Core Central Region,11 to 15
ST MARTIN RESIDENCE,"3,820,000","1,528.49","2,499",May-25,ST. MARTIN'S DRIVE,Resale,Strata,142,"26,901",-,Condominium,1,Freehold,10,Core Central Region,01 to 05
SOMMERVILLE PARK,"1,280,000",624.31,"2,050",May-25,FARRER DRIVE,Resale,Strata,58,"22,069",-,Condominium,1,Freehold,10,Core Central Region,01 to 05
DORMER PARK,"4,450,000","2,346.55","1,896",May-25,JERVOIS ROAD,Resale,Strata,218,"20,413",-,Condominium,1,Freehold,10,Core Central Region,06 to 10
21 ANDERSON,"24,000,000","4,488.59","5,347",May-25,ANDERSON ROAD,New Sale,Strata,417,"57,554",-,Condominium,1,Freehold,10,Core Central Region,06 to 10
THE SIERRA,"1,302,800",667.37,"1,952",May-25,MOUNT SINAI DRIVE,Resale,Strata,62,"21,013",-,Apartment,1,947 yrs lease commencing from 1937,10,Core Central Region,06 to 10
GALLOP GABLES,"4,080,000","1,733","2,354",May-25,FARRER ROAD,Resale,Strata,161,"25,342",-,Condominium,1,Freehold,10,Core Central Region,01 to 05
THE MARBELLA,"3,488,888","1,474.67","2,366",May-25,MOUNT SINAI RISE,Resale,Strata,137,"25,466",-,Condominium,1,Freehold,10,Core Central Region,16 to 20
MONTVIEW,"3,030,000","1,474.67","2,055",May-25,MOUNT SINAI DRIVE,Resale,Strata,137,"22,117",-,Condominium,1,Freehold,10,Core Central Region,01 to 05
ROBIN RESIDENCES,"1,320,000",570.49,"2,314",May-25,ROBIN DRIVE,Resale,Strata,53,"24,906",-,Condominium,1,Freehold,10,Core Central Region,01 to 05
ROYALGREEN,"2,920,000",979.52,"2,981",May-25,ANAMALAI AVENUE,Resale,Strata,91,"32,088",-,Condominium,1,Freehold,10,Core Central Region,01 to 05
WILLYN VILLE,"1,980,000",925.7,"2,139",May-25,HOLLAND AVENUE,Resale,Strata,86,"23,023",-,Apartment,1,Freehold,10,Core Central Region,01 to 05
THE TESSARINA,"3,100,000","1,334.74","2,323",May-25,WILBY ROAD,Resale,Strata,124,"25,000",-,Condominium,1,Freehold,10,Core Central Region,06 to 10
HALLMARK RESIDENCES,"4,030,000","1,862.17","2,164",May-25,EWE BOON ROAD,Resale,Strata,173,"23,295",-,Condominium,1,Freehold,10,Core Central Region,01 to 05
D'LEEDON,"1,230,000",635.08,"1,937",May-25,LEEDON HEIGHTS,Resale,Strata,59,"20,847",-,Condominium,1,99 yrs lease commencing from 2010,10,Core Central Region,16 to 20
VIZ AT HOLLAND,"2,420,000","1,259.39","1,922",May-25,QUEENSWAY,Resale,Strata,117,"20,684",-,Condominium,1,Freehold,10,Core Central Region,01 to 05
VIZ AT HOLLAND,"1,851,688",861.12,"2,150",May-25,QUEENSWAY,Resale,Strata,80,"23,146",-,Condominium,1,Freehold,10,Core Central Region,06 to 10
THE TESSARINA,"2,300,000","1,033.34","2,226",May-25,WILBY ROAD,Resale,Strata,96,"23,958",-,Condominium,1,Freehold,10,Core Central Region,01 to 05
SUI GENERIS,"3,900,000","1,754.53","2,223",May-25,BALMORAL CRESCENT,Resale,Strata,163,"23,926",-,Condominium,1,Freehold,10,Core Central Region,01 to 05
DUCHESS CREST,"3,650,000","2,088.22","1,748",Apr-25,DUCHESS AVENUE,Resale,Strata,194,"18,814",-,Condominium,1,99 yrs lease commencing from 1995,10,Core Central Region,01 to 05
CUSCADEN RESERVE,"7,111,800","2,098.98","3,388",Apr-25,CUSCADEN ROAD,Resale,Strata,195,"36,471",-,Condominium,1,99 yrs lease commencing from 2018,10,Core Central Region,21 to 25
VALLEY PARK,"2,600,000","1,216.33","2,138",Apr-25,RIVER VALLEY ROAD,Resale,Strata,113,"23,009",-,Condominium,1,999 yrs lease commencing from 1877,10,Core Central Region,06 to 10
PARVIS,"2,368,000",990.29,"2,391",Apr-25,HOLLAND HILL,Resale,Strata,92,"25,739",-,Condominium,1,Freehold,10,Core Central Region,01 to 05
RV RESIDENCES,"2,100,000",861.12,"2,439",Apr-25,RIVER VALLEY ROAD,Resale,Strata,80,"26,250",-,Condominium,1,999 yrs lease commencing from 1877,10,Core Central Region,06 to 10
BOULEVARD 88,"7,150,000","1,776.06","4,026",Apr-25,ORCHARD BOULEVARD,Resale,Strata,165,"43,333",-,Apartment,1,Freehold,10,Core Central Region,21 to 25
CUSCADEN RESIDENCES,"3,900,000","1,485.43","2,625",Apr-25,CUSCADEN ROAD,Resale,Strata,138,"28,261",-,Condominium,1,Freehold,10,Core Central Region,16 to 20
CLIVEDEN AT GRANGE,"4,750,000","2,152.8","2,206",Apr-25,GRANGE ROAD,Resale,Strata,200,"23,750",-,Condominium,1,Freehold,10,Core Central Region,06 to 10
GOODWOOD RESIDENCE,"5,120,000","1,969.81","2,599",Apr-25,BUKIT TIMAH ROAD,Resale,Strata,183,"27,978",-,Condominium,1,Freehold,10,Core Central Region,01 to 05
THE SERENADE @ HOLLAND,"2,450,000","1,506.96","1,626",Apr-25,HOLLAND ROAD,Resale,Strata,140,"17,500",-,Condominium,1,99 yrs lease commencing from 2001,10,Core Central Region,16 to 20
SUI GENERIS,"5,150,000","2,131.27","2,416",Apr-25,BALMORAL CRESCENT,Resale,Strata,198,"26,010",-,Condominium,1,Freehold,10,Core Central Region,06 to 10
BOTANIC GARDENS VIEW,"3,140,000","1,259.39","2,493",Apr-25,TAMAN SERASI,Resale,Strata,117,"26,838",-,Apartment,1,Freehold,10,Core Central Region,06 to 10
THE TRESOR,"4,753,800","1,872.94","2,538",Apr-25,DUCHESS ROAD,Resale,Strata,174,"27,321",-,Condominium,1,999 yrs lease commencing from 1875,10,Core Central Region,01 to 05
MARTINA MANSIONS,"2,960,000","1,259.39","2,350",Apr-25,BUKIT TIMAH ROAD,Resale,Strata,117,"25,299",-,Apartment,1,Freehold,10,Core Central Region,01 to 05
CASA JERVOIS,"2,580,000","1,227.1","2,103",Apr-25,JERVOIS ROAD,Resale,Strata,114,"22,632",-,Apartment,1,Freehold,10,Core Central Region,01 to 05
SLOANE RESIDENCES,"3,650,000","1,248.62","2,923",Apr-25,BALMORAL ROAD,Resale,Strata,116,"31,466",-,Apartment,1,Freehold,10,Core Central Region,06 to 10
21 ANDERSON,"21,593,170","4,488.59","4,811",Apr-25,ANDERSON ROAD,New Sale,Strata,417,"51,782",-,Condominium,1,Freehold,10,Core Central Region,06 to 10
BEAVERTON COURT,"5,950,000","3,121.56","1,906",Apr-25,MOUNT SINAI RISE,Resale,Strata,290,"20,517",-,Condominium,1,Freehold,10,Core Central Region,11 to 15
CUSCADEN RESERVE,"6,890,000","2,098.98","3,283",Apr-25,CUSCADEN ROAD,Resale,Strata,195,"35,333",-,Condominium,1,99 yrs lease commencing from 2018,10,Core Central Region,21 to 25
STELLAR RV,"980,000",538.2,"1,821",Apr-25,RIVER VALLEY ROAD,Resale,Strata,50,"19,600",-,Apartment,1,Freehold,10,Core Central Region,01 to 05
BALMORAL 8,"3,000,000","1,700.71","1,764",Apr-25,BALMORAL ROAD,Resale,Strata,158,"18,987",-,Condominium,1,Freehold,10,Core Central Region,01 to 05
FOUR SEASONS PARK,"9,800,000","2,873.99","3,410",Apr-25,CUSCADEN WALK,Resale,Strata,267,"36,704",-,Condominium,1,Freehold,10,Core Central Region,11 to 15
FOURTH AVENUE RESIDENCES,"1,142,000",484.38,"2,358",Apr-25,FOURTH AVENUE,Resale,Strata,45,"25,378",-,Apartment,1,99 yrs lease commencing from 2018,10,Core Central Region,01 to 05
THE GRANGE,"5,000,000","1,765.3","2,832",Apr-25,GRANGE GARDEN,Resale,Strata,164,"30,488",-,Condominium,1,Freehold,10,Core Central Region,16 to 20
RIDGEWOOD,"3,550,000","2,012.87","1,764",Apr-25,RIDGEWOOD CLOSE,Resale,Strata,187,"18,984",-,Condominium,1,999 yrs lease commencing from 1885,10,Core Central Region,21 to 25
LEEDON GREEN,"5,020,000","1,496.2","3,355",Apr-25,LEEDON HEIGHTS,Sub Sale,Strata,139,"36,115",-,Condominium,1,Freehold,10,Core Central Region,01 to 05
STELLAR RV,"1,230,000",581.26,"2,116",Apr-25,RIVER VALLEY ROAD,Resale,Strata,54,"22,778",-,Apartment,1,Freehold,10,Core Central Region,01 to 05
THE SOLITAIRE,"3,700,000","1,625.36","2,276",Apr-25,BALMORAL PARK,Resale,Strata,151,"24,503",-,Condominium,1,Freehold,10,Core Central Region,06 to 10
ONE JERVOIS,"2,050,000",990.29,"2,070",Apr-25,JERVOIS CLOSE,Resale,Strata,92,"22,283",-,Condominium,1,Freehold,10,Core Central Region,01 to 05
THE HORIZON,"3,860,000","1,722.24","2,241",Apr-25,HOLT ROAD,Resale,Strata,160,"24,125",-,Condominium,1,Freehold,10,Core Central Region,06 to 10
PINEWOOD GARDENS,"3,150,000","1,248.62","2,523",Apr-25,BALMORAL PARK,Resale,Strata,116,"27,155",-,Condominium,1,Freehold,10,Core Central Region,01 to 05
LEEDON 2,"2,360,000","1,108.69","2,129",Apr-25,LEEDON ROAD,Resale,Strata,103,"22,913",-,Condominium,1,Freehold,10,Core Central Region,06 to 10
MON JERVOIS,"2,800,000","1,388.56","2,016",Apr-25,JERVOIS ROAD,Resale,Strata,129,"21,705",-,Condominium,1,99 yrs lease commencing from 2012,10,Core Central Region,01 to 05
THE ARC AT DRAYCOTT,"2,800,000","1,130.22","2,477",Apr-25,DRAYCOTT DRIVE,Resale,Strata,105,"26,667",-,Apartment,1,Freehold,10,Core Central Region,01 to 05
JERVOIS REGENCY,"1,890,000",947.23,"1,995",Apr-25,JERVOIS ROAD,Resale,Strata,88,"21,477",-,Apartment,1,Freehold,10,Core Central Region,01 to 05
PARVIS,"5,050,000","1,991.34","2,536",Apr-25,HOLLAND HILL,Resale,Strata,185,"27,297",-,Condominium,1,Freehold,10,Core Central Region,01 to 05
GOODWOOD RESIDENCE,"7,200,000","2,486.48","2,896",Apr-25,BUKIT TIMAH ROAD,Resale,Strata,231,"31,169",-,Condominium,1,Freehold,10,Core Central Region,06 to 10
THE SIXTH AVENUE RESIDENCES,"3,250,000","1,517.72","2,141",Apr-25,SIXTH AVENUE,Resale,Strata,141,"23,050",-,Condominium,1,Freehold,10,Core Central Region,01 to 05
RV EDGE,"920,000",419.8,"2,192",Apr-25,SHANGHAI ROAD,Resale,Strata,39,"23,590",-,Apartment,1,Freehold,10,Core Central Region,01 to 05
MUTIARA CREST,"2,840,000","1,313.21","2,163",Apr-25,JALAN MUTIARA,Resale,Strata,122,"23,279",-,Apartment,1,Freehold,10,Core Central Region,01 to 05
LEEDON RESIDENCE,"2,900,000","1,044.11","2,777",Apr-25,LEEDON HEIGHTS,Resale,Strata,97,"29,897",-,Condominium,1,Freehold,10,Core Central Region,06 to 10
MUTIARA VIEW,"3,128,000","1,302.44","2,402",Apr-25,JALAN MUTIARA,Resale,Strata,121,"25,851",-,Apartment,1,Freehold,10,Core Central Region,11 to 15
21 ANDERSON,"23,014,000","4,488.59","5,127",Apr-25,ANDERSON ROAD,New Sale,Strata,417,"55,189",-,Condominium,1,Freehold,10,Core Central Region,01 to 05
ASTRID MEADOWS,"5,455,000","2,432.66","2,242",Apr-25,CORONATION ROAD WEST,Resale,Strata,226,"24,137",-,Condominium,1,Freehold,10,Core Central Region,01 to 05
DUCHESS CREST,"2,600,000","1,367.03","1,902",Apr-25,DUCHESS AVENUE,Resale,Strata,127,"20,472",-,Condominium,1,99 yrs lease commencing from 1995,10,Core Central Region,01 to 05
LOFT @ STEVENS,"876,000",387.5,"2,261",Apr-25,STEVENS ROAD,Resale,Strata,36,"24,333",-,Apartment,1,Freehold,10,Core Central Region,01 to 05
DRAYCOTT EIGHT,"2,760,000","1,173.28","2,352",Apr-25,DRAYCOTT PARK,Resale,Strata,109,"25,321",-,Condominium,1,99 yrs lease commencing from 1997,10,Core Central Region,01 to 05
DUCHESS MANOR,"2,680,000","1,119.46","2,394",Apr-25,DUCHESS ROAD,Resale,Strata,104,"25,769",-,Condominium,1,999 yrs lease commencing from 1875,10,Core Central Region,01 to 05
STELLAR RV,"1,030,000",538.2,"1,914",Apr-25,RIVER VALLEY ROAD,Resale,Strata,50,"20,600",-,Apartment,1,Freehold,10,Core Central Region,01 to 05
LEEDON RESIDENCE,"6,000,000","2,131.27","2,815",Apr-25,LEEDON HEIGHTS,Resale,Strata,198,"30,303",-,Condominium,1,Freehold,10,Core Central Region,06 to 10
21 ANDERSON,"20,969,060","4,488.59","4,672",Apr-25,ANDERSON ROAD,New Sale,Strata,417,"50,286",-,Condominium,1,Freehold,10,Core Central Region,01 to 05
D'LEEDON,"2,500,888","1,216.33","2,056",Apr-25,LEEDON HEIGHTS,Resale,Strata,113,"22,132",-,Condominium,1,99 yrs lease commencing from 2010,10,Core Central Region,16 to 20
THREE THREE ROBIN,"3,250,000","1,367.03","2,377",Apr-25,ROBIN ROAD,Resale,Strata,127,"25,591",-,Apartment,1,Freehold,10,Core Central Region,06 to 10
J C DRAYCOTT,"2,100,000","1,033.34","2,032",Apr-25,DRAYCOTT DRIVE,Resale,Strata,96,"21,875",-,Apartment,1,Freehold,10,Core Central Region,11 to 15
GRAMERCY PARK,"5,650,000","1,980.58","2,853",Apr-25,GRANGE ROAD,Resale,Strata,184,"30,707",-,Condominium,1,Freehold,10,Core Central Region,11 to 15
ARDMORE PARK,"12,000,000","2,884.75","4,160",Apr-25,ARDMORE PARK,Resale,Strata,268,"44,776",-,Condominium,1,Freehold,10,Core Central Region,06 to 10
LOFT @ NATHAN,"915,000",462.85,"1,977",Apr-25,NATHAN ROAD,Resale,Strata,43,"21,279",-,Apartment,1,Freehold,10,Core Central Region,01 to 05
ARDMORE PARK,"12,300,000","2,884.75","4,264",Apr-25,ARDMORE PARK,Resale,Strata,268,"45,896",-,Condominium,1,Freehold,10,Core Central Region,01 to 05
POLLEN & BLEU,"1,900,000",871.88,"2,179",Apr-25,FARRER DRIVE,Resale,Strata,81,"23,457",-,Condominium,1,99 yrs lease commencing from 2012,10,Core Central Region,06 to 10
PERFECT TEN,"4,250,000","1,280.92","3,318",Apr-25,BUKIT TIMAH ROAD,Sub Sale,Strata,119,"35,714",-,Apartment,1,Freehold,10,Core Central Region,16 to 20
JERVOIS PRIVE,"4,850,000","1,463.9","3,313",Apr-25,JERVOIS ROAD,Resale,Strata,136,"35,662",-,Apartment,1,Freehold,10,Core Central Region,01 to 05
BELMOND GREEN,"3,450,000","1,280.92","2,693",Apr-25,BALMORAL ROAD,Resale,Strata,119,"28,992",-,Condominium,1,Freehold,10,Core Central Region,06 to 10
THE PRINCETON,"2,200,000","1,087.16","2,024",Apr-25,EWE BOON ROAD,Resale,Strata,101,"21,782",-,Apartment,1,Freehold,10,Core Central Region,01 to 05
URBAN EDGE @ HOLLAND V,"3,280,000","1,829.88","1,792",Apr-25,FORD AVENUE,Resale,Strata,170,"19,294",-,Apartment,1,Freehold,10,Core Central Region,01 to 05
CUSCADEN RESERVE,"2,000,000",699.66,"2,859",Apr-25,CUSCADEN ROAD,Resale,Strata,65,"30,769",-,Condominium,1,99 yrs lease commencing from 2018,10,Core Central Region,21 to 25
D'LEEDON,"1,338,000",635.08,"2,107",Apr-25,LEEDON HEIGHTS,Resale,Strata,59,"22,678",-,Condominium,1,99 yrs lease commencing from 2010,10,Core Central Region,16 to 20
D'LEEDON,"2,610,000","1,216.33","2,146",Apr-25,LEEDON HEIGHTS,Resale,Strata,113,"23,097",-,Condominium,1,99 yrs lease commencing from 2010,10,Core Central Region,16 to 20
ASTRID MEADOWS,"6,300,000","2,583.36","2,439",Apr-25,CORONATION ROAD WEST,Resale,Strata,240,"26,250",-,Condominium,1,Freehold,10,Core Central Region,01 to 05
ZENITH,"1,048,000",473.62,"2,213",Apr-25,ZION ROAD,Resale,Strata,44,"23,818",-,Apartment,1,999 yrs lease commencing from 1877,10,Core Central Region,06 to 10
THE TESSARINA,"3,375,000","1,367.03","2,469",Apr-25,WILBY ROAD,Resale,Strata,127,"26,575",-,Condominium,1,Freehold,10,Core Central Region,06 to 10
PINEWOOD GARDENS,"3,720,000","1,668.42","2,230",Apr-25,BALMORAL PARK,Resale,Strata,155,"24,000",-,Condominium,1,Freehold,10,Core Central Region,01 to 05
MONTVIEW,"2,500,000","1,227.1","2,037",Apr-25,MOUNT SINAI DRIVE,Resale,Strata,114,"21,930",-,Condominium,1,Freehold,10,Core Central Region,16 to 20
ROYALGREEN,"3,038,000","1,065.64","2,851",Apr-25,ANAMALAI AVENUE,Resale,Strata,99,"30,687",-,Condominium,1,Freehold,10,Core Central Region,01 to 05
RV SUITES,"1,000,000",559.73,"1,787",Apr-25,RIVER VALLEY ROAD,Resale,Strata,52,"19,231",-,Apartment,1,Freehold,10,Core Central Region,06 to 10
RIDGEWOOD,"2,900,000","1,743.77","1,663",Apr-25,RIDGEWOOD CLOSE,Resale,Strata,162,"17,901",-,Condominium,1,999 yrs lease commencing from 1885,10,Core Central Region,06 to 10
THE ARC AT DRAYCOTT,"2,820,000","1,130.22","2,495",Apr-25,DRAYCOTT DRIVE,Resale,Strata,105,"26,857",-,Apartment,1,Freehold,10,Core Central Region,01 to 05
BEVERLY HILL,"9,450,000","3,778.16","2,501",Apr-25,GRANGE ROAD,Resale,Strata,351,"26,923",-,Condominium,1,Freehold,10,Core Central Region,01 to 05
LEEDON GREEN,"2,000,000",699.66,"2,859",Apr-25,LEEDON HEIGHTS,Sub Sale,Strata,65,"30,769",-,Condominium,1,Freehold,10,Core Central Region,01 to 05
CYAN,"3,870,000","1,463.9","2,644",Apr-25,KENG CHIN ROAD,Resale,Strata,136,"28,456",-,Condominium,1,Freehold,10,Core Central Region,11 to 15
BALMORAL HILLS,"4,880,000","1,840.64","2,651",Apr-25,BALMORAL PARK,Resale,Strata,171,"28,538",-,Condominium,1,Freehold,10,Core Central Region,01 to 05
BELMOND GREEN,"2,450,000",979.52,"2,501",Apr-25,BALMORAL ROAD,Resale,Strata,91,"26,923",-,Condominium,1,Freehold,10,Core Central Region,06 to 10
D'LEEDON,"1,240,000",635.08,"1,953",Apr-25,LEEDON HEIGHTS,Resale,Strata,59,"21,017",-,Condominium,1,99 yrs lease commencing from 2010,10,Core Central Region,16 to 20
JERVOIS MANSION,"1,410,000",495.14,"2,848",Apr-25,JERVOIS CLOSE,Sub Sale,Strata,46,"30,652",-,Apartment,1,Freehold,10,Core Central Region,01 to 05
ROBIN SUITES,"1,035,000",462.85,"2,236",Apr-25,ROBIN ROAD,Resale,Strata,43,"24,070",-,Apartment,1,Freehold,10,Core Central Region,11 to 15
POLLEN & BLEU,"1,710,000",871.88,"1,961",Mar-25,FARRER DRIVE,Resale,Strata,81,"21,111",-,Condominium,1,99 yrs lease commencing from 2012,10,Core Central Region,06 to 10
19 NASSIM,"3,680,000","1,054.87","3,489",Mar-25,NASSIM HILL,New Sale,Strata,98,"37,551",-,Apartment,1,99 yrs lease commencing from 2019,10,Core Central Region,01 to 05
PALM SPRING,"4,200,000","1,883.7","2,230",Mar-25,EWE BOON ROAD,Resale,Strata,175,"24,000",-,Condominium,1,Freehold,10,Core Central Region,01 to 05
THE DRAYCOTT,"6,250,000","2,637.18","2,370",Mar-25,DRAYCOTT PARK,Resale,Strata,245,"25,510",-,Apartment,1,Freehold,10,Core Central Region,11 to 15
SPRING GROVE,"3,280,000","1,786.82","1,836",Mar-25,GRANGE ROAD,Resale,Strata,166,"19,759",-,Condominium,1,99 yrs lease commencing from 1991,10,Core Central Region,11 to 15
DUCHESS CREST,"3,380,000","1,711.48","1,975",Mar-25,DUCHESS AVENUE,Resale,Strata,159,"21,258",-,Condominium,1,99 yrs lease commencing from 1995,10,Core Central Region,01 to 05
D'LEEDON,"2,492,000","1,205.57","2,067",Mar-25,LEEDON HEIGHTS,Resale,Strata,112,"22,250",-,Condominium,1,99 yrs lease commencing from 2010,10,Core Central Region,26 to 30
MANHATTAN MANSIONS,"3,100,000","1,485.43","2,087",Mar-25,GRANGE ROAD,Resale,Strata,138,"22,464",-,Apartment,1,Freehold,10,Core Central Region,01 to 05
D'LEEDON,"1,290,000",613.55,"2,103",Mar-25,LEEDON HEIGHTS,Resale,Strata,57,"22,632",-,Condominium,1,99 yrs lease commencing from 2010,10,Core Central Region,01 to 05
MOOI RESIDENCES,"1,440,000",592.02,"2,432",Mar-25,HOLLAND ROAD,Sub Sale,Strata,55,"26,182",-,Apartment,1,Freehold,10,Core Central Region,01 to 05
GOODWOOD RESIDENCE,"5,550,000","1,969.81","2,818",Mar-25,BUKIT TIMAH ROAD,Resale,Strata,183,"30,328",-,Condominium,1,Freehold,10,Core Central Region,06 to 10
TANGLIN PARK,"3,880,000","1,506.96","2,575",Mar-25,RIDLEY PARK,Resale,Strata,140,"27,714",-,Condominium,1,Freehold,10,Core Central Region,01 to 05
CUSCADEN RESERVE,"2,000,000",699.66,"2,859",Mar-25,CUSCADEN ROAD,Resale,Strata,65,"30,769",-,Condominium,1,99 yrs lease commencing from 2018,10,Core Central Region,21 to 25
THE TRIZON,"4,465,000","2,012.87","2,218",Mar-25,RIDGEWOOD CLOSE,Resale,Strata,187,"23,877",-,Condominium,1,Freehold,10,Core Central Region,21 to 25
THE TESSARINA,"2,450,000","1,033.34","2,371",Mar-25,WILBY ROAD,Resale,Strata,96,"25,521",-,Condominium,1,Freehold,10,Core Central Region,06 to 10
VALLEY PARK,"2,500,000","1,216.33","2,055",Mar-25,RIVER VALLEY ROAD,Resale,Strata,113,"22,124",-,Condominium,1,999 yrs lease commencing from 1877,10,Core Central Region,06 to 10
CUSCADEN RESERVE,"7,299,000","2,098.98","3,477",Mar-25,CUSCADEN ROAD,Resale,Strata,195,"37,431",-,Condominium,1,99 yrs lease commencing from 2018,10,Core Central Region,26 to 30
LEEDON RESIDENCE,"16,000,000","6,124.72","2,612",Mar-25,LEEDON HEIGHTS,Resale,Strata,569,"28,120",-,Condominium,1,Freehold,10,Core Central Region,11 to 15
ZENITH,"1,750,000",742.72,"2,356",Mar-25,ZION ROAD,Resale,Strata,69,"25,362",-,Apartment,1,999 yrs lease commencing from 1877,10,Core Central Region,11 to 15
THE FORD @ HOLLAND,"1,180,000",559.73,"2,108",Mar-25,FORD AVENUE,Resale,Strata,52,"22,692",-,Condominium,1,Freehold,10,Core Central Region,01 to 05
D'LEEDON,"3,270,000","1,603.84","2,039",Mar-25,LEEDON HEIGHTS,Resale,Strata,149,"21,946",-,Condominium,1,99 yrs lease commencing from 2010,10,Core Central Region,26 to 30
GOODWOOD RESIDENCE,"7,330,000","2,454.19","2,987",Mar-25,BUKIT TIMAH ROAD,Resale,Strata,228,"32,149",-,Condominium,1,Freehold,10,Core Central Region,06 to 10
FAIRLODGE,"3,500,000","2,023.63","1,730",Mar-25,HOLLAND ROAD,Resale,Strata,188,"18,617",-,Apartment,1,Freehold,10,Core Central Region,01 to 05
NOUVEL 18,"5,450,000","1,765.3","3,087",Mar-25,ANDERSON ROAD,Resale,Strata,164,"33,232",-,Condominium,1,Freehold,10,Core Central Region,21 to 25
THE TESSARINA,"3,080,000","1,323.97","2,326",Mar-25,WILBY ROAD,Resale,Strata,123,"25,041",-,Condominium,1,Freehold,10,Core Central Region,06 to 10
CLIVEDEN AT GRANGE,"7,800,000","2,841.7","2,745",Mar-25,GRANGE ROAD,Resale,Strata,264,"29,545",-,Condominium,1,Freehold,10,Core Central Region,01 to 05
BELMOND GREEN,"3,650,000","1,313.21","2,779",Mar-25,BALMORAL ROAD,Resale,Strata,122,"29,918",-,Condominium,1,Freehold,10,Core Central Region,06 to 10
HALLMARK RESIDENCES,"5,400,000","3,692.05","1,463",Mar-25,EWE BOON ROAD,Resale,Strata,343,"15,743",-,Condominium,1,Freehold,10,Core Central Region,11 to 15
JADE GARDEN,"3,850,000","1,862.17","2,067",Mar-25,ROBIN ROAD,Resale,Strata,173,"22,254",-,Apartment,1,Freehold,10,Core Central Region,01 to 05
D'LEEDON,"1,600,000",785.77,"2,036",Mar-25,LEEDON HEIGHTS,Resale,Strata,73,"21,918",-,Condominium,1,99 yrs lease commencing from 2010,10,Core Central Region,11 to 15
CUSCADEN RESERVE,"2,000,000",699.66,"2,859",Mar-25,CUSCADEN ROAD,Resale,Strata,65,"30,769",-,Condominium,1,99 yrs lease commencing from 2018,10,Core Central Region,16 to 20
TANGLIN REGENCY,"1,480,000",871.88,"1,697",Mar-25,TANGLIN ROAD,Resale,Strata,81,"18,272",-,Condominium,1,99 yrs lease commencing from 1994,10,Core Central Region,16 to 20
THE MONTANA,"1,235,000",592.02,"2,086",Mar-25,JALAN MUTIARA,Resale,Strata,55,"22,455",-,Apartment,1,Freehold,10,Core Central Region,01 to 05
PROXIMO,"2,668,000","1,119.46","2,383",Mar-25,ROBIN ROAD,Resale,Strata,104,"25,654",-,Apartment,1,Freehold,10,Core Central Region,06 to 10
TANGLIN REGENCY,"1,680,000",979.52,"1,715",Mar-25,TANGLIN ROAD,Resale,Strata,91,"18,462",-,Condominium,1,99 yrs lease commencing from 1994,10,Core Central Region,11 to 15
THE TESSARINA,"3,150,000","1,323.97","2,379",Mar-25,WILBY ROAD,Resale,Strata,123,"25,610",-,Condominium,1,Freehold,10,Core Central Region,01 to 05
CUSCADEN RESIDENCES,"3,680,000","1,485.43","2,477",Mar-25,CUSCADEN ROAD,Resale,Strata,138,"26,667",-,Condominium,1,Freehold,10,Core Central Region,16 to 20
HOLLAND RESIDENCES,"3,060,000","1,356.26","2,256",Mar-25,TAMAN WARNA,Resale,Strata,126,"24,286",-,Condominium,1,Freehold,10,Core Central Region,01 to 05
RV RESIDENCES,"1,000,000",452.09,"2,212",Mar-25,RIVER VALLEY ROAD,Resale,Strata,42,"23,810",-,Condominium,1,999 yrs lease commencing from 1877,10,Core Central Region,01 to 05
MELROSE PARK,"4,300,000","1,700.71","2,528",Mar-25,KELLOCK ROAD,Resale,Strata,158,"27,215",-,Condominium,1,999 yrs lease commencing from 1877,10,Core Central Region,01 to 05
M5,"1,590,000",742.72,"2,141",Mar-25,JALAN MUTIARA,Resale,Strata,69,"23,043",-,Apartment,1,Freehold,10,Core Central Region,11 to 15
CUSCADEN RESIDENCES,"3,950,000","1,485.43","2,659",Mar-25,CUSCADEN ROAD,Resale,Strata,138,"28,623",-,Condominium,1,Freehold,10,Core Central Region,11 to 15
D'LEEDON,"2,650,000","1,356.26","1,954",Mar-25,LEEDON HEIGHTS,Resale,Strata,126,"21,032",-,Condominium,1,99 yrs lease commencing from 2010,10,Core Central Region,11 to 15
SOMMERVILLE PARK,"4,430,000","1,948.28","2,274",Mar-25,FARRER DRIVE,Resale,Strata,181,"24,475",-,Condominium,1,Freehold,10,Core Central Region,11 to 15
CUSCADEN RESERVE,"1,955,000",699.66,"2,794",Mar-25,CUSCADEN ROAD,Resale,Strata,65,"30,077",-,Condominium,1,99 yrs lease commencing from 2018,10,Core Central Region,21 to 25
THE SIXTH AVENUE RESIDENCES,"2,250,000",968.76,"2,323",Mar-25,SIXTH AVENUE,Resale,Strata,90,"25,000",-,Condominium,1,Freehold,10,Core Central Region,01 to 05
STUDIO 3,"1,160,000",559.73,"2,072",Mar-25,SHANGHAI ROAD,Resale,Strata,52,"22,308",-,Apartment,1,Freehold,10,Core Central Region,11 to 15
DUCHESS RESIDENCES,"3,738,800","1,603.84","2,331",Mar-25,DUCHESS AVENUE,Resale,Strata,149,"25,093",-,Condominium,1,999 yrs lease commencing from 1875,10,Core Central Region,01 to 05
ORCHARD BEL AIR,"4,900,000","3,229.2","1,517",Mar-25,ORCHARD BOULEVARD,Resale,Strata,300,"16,333",-,Condominium,1,99 yrs lease commencing from 1980,10,Core Central Region,11 to 15
MON JERVOIS,"1,850,000","1,033.34","1,790",Mar-25,JERVOIS ROAD,Resale,Strata,96,"19,271",-,Condominium,1,99 yrs lease commencing from 2012,10,Core Central Region,01 to 05
FERRELL RESIDENCES,"4,430,000","1,840.64","2,407",Mar-25,BUKIT TIMAH ROAD,Resale,Strata,171,"25,906",-,Apartment,1,Freehold,10,Core Central Region,11 to 15
THE BALMORAL SPRING,"3,165,000","1,356.26","2,334",Mar-25,BALMORAL CRESCENT,Resale,Strata,126,"25,119",-,Apartment,1,Freehold,10,Core Central Region,01 to 05
ST REGIS RESIDENCES SINGAPORE,"4,080,000","1,506.96","2,707",Mar-25,TANGLIN ROAD,Resale,Strata,140,"29,143",-,Apartment,1,999 yrs lease commencing from 1995,10,Core Central Region,06 to 10
SPRING GROVE,"2,350,000","1,388.56","1,692",Mar-25,GRANGE ROAD,Resale,Strata,129,"18,217",-,Condominium,1,99 yrs lease commencing from 1991,10,Core Central Region,06 to 10
KASTURINA LODGE,"1,560,000",753.48,"2,070",Mar-25,KAY POH ROAD,Resale,Strata,70,"22,286",-,Apartment,1,Freehold,10,Core Central Region,06 to 10
MILL POINT,"1,150,000",527.44,"2,180",Mar-25,ZION CLOSE,Resale,Strata,49,"23,469",-,Apartment,1,999 yrs lease commencing from 1877,10,Core Central Region,16 to 20
VOLARI,"5,850,000","2,174.33","2,690",Mar-25,BALMORAL ROAD,Resale,Strata,202,"28,960",-,Condominium,1,Freehold,10,Core Central Region,06 to 10
SOMMERVILLE PARK,"3,450,000","1,614.6","2,137",Mar-25,SOMMERVILLE ESTATE ROAD,Resale,Strata,150,"23,000",-,Condominium,1,Freehold,10,Core Central Region,-
ST REGIS RESIDENCES SINGAPORE,"5,360,000","2,142.04","2,502",Mar-25,TANGLIN ROAD,Resale,Strata,199,"26,935",-,Apartment,1,999 yrs lease commencing from 1995,10,Core Central Region,06 to 10
FOURTH AVENUE RESIDENCES,"1,090,000",484.38,"2,250",Mar-25,FOURTH AVENUE,Resale,Strata,45,"24,222",-,Apartment,1,99 yrs lease commencing from 2018,10,Core Central Region,06 to 10
PARKSUITES,"1,970,000",785.77,"2,507",Mar-25,HOLLAND GROVE ROAD,Resale,Strata,73,"26,986",-,Apartment,1,110 yrs lease commencing from 2017,10,Core Central Region,01 to 05
D'LEEDON,"2,450,000","1,216.33","2,014",Mar-25,LEEDON HEIGHTS,Resale,Strata,113,"21,681",-,Condominium,1,99 yrs lease commencing from 2010,10,Core Central Region,21 to 25
HOLLAND MEWS,"4,350,000","2,518.78","1,727",Mar-25,HOLLAND ROAD,Resale,Strata,234,"18,590",-,Apartment,1,Freehold,10,Core Central Region,01 to 05
SIGNATURE AT LEWIS,"2,180,000",979.52,"2,226",Mar-25,LEWIS ROAD,Resale,Strata,91,"23,956",-,Apartment,1,Freehold,10,Core Central Region,06 to 10
FOUR SEASONS PARK,"7,500,000","2,260.44","3,318",Mar-25,CUSCADEN WALK,Resale,Strata,210,"35,714",-,Condominium,1,Freehold,10,Core Central Region,16 to 20
BOTANIC GARDENS VIEW,"2,848,800","1,259.39","2,262",Mar-25,TAMAN SERASI,Resale,Strata,117,"24,349",-,Apartment,1,Freehold,10,Core Central Region,01 to 05
PINETREE CONDOMINIUM,"2,555,000","1,237.86","2,064",Mar-25,BALMORAL PARK,Resale,Strata,115,"22,217",-,Condominium,1,Freehold,10,Core Central Region,01 to 05
19 NASSIM,"3,628,000","1,054.87","3,439",Mar-25,NASSIM HILL,New Sale,Strata,98,"37,020",-,Apartment,1,99 yrs lease commencing from 2019,10,Core Central Region,06 to 10
CORONATION ARCADE,"1,908,000","1,280.92","1,490",Mar-25,CORONATION ROAD,Resale,Strata,119,"16,034",-,Apartment,1,Freehold,10,Core Central Region,01 to 05
ROBIN SUITES,"1,100,000",441.32,"2,492",Mar-25,ROBIN ROAD,Resale,Strata,41,"26,829",-,Apartment,1,Freehold,10,Core Central Region,11 to 15
D'LEEDON,"2,700,000","1,291.68","2,090",Mar-25,LEEDON HEIGHTS,Resale,Strata,120,"22,500",-,Condominium,1,99 yrs lease commencing from 2010,10,Core Central Region,31 to 35
D'LEEDON,"1,300,000",635.08,"2,047",Mar-25,LEEDON HEIGHTS,Resale,Strata,59,"22,034",-,Condominium,1,99 yrs lease commencing from 2010,10,Core Central Region,06 to 10
19 NASSIM,"3,813,000","1,108.69","3,439",Mar-25,NASSIM HILL,New Sale,Strata,103,"37,019",-,Apartment,1,99 yrs lease commencing from 2019,10,Core Central Region,01 to 05
19 NASSIM,"2,000,000",538.2,"3,716",Mar-25,NASSIM HILL,New Sale,Strata,50,"40,000",-,Apartment,1,99 yrs lease commencing from 2019,10,Core Central Region,06 to 10
NATHAN SUITES,"4,500,000","2,045.16","2,200",Mar-25,NATHAN ROAD,Resale,Strata,190,"23,684",-,Condominium,1,Freehold,10,Core Central Region,16 to 20
LEEDON GREEN,"5,200,000","1,496.2","3,475",Mar-25,LEEDON HEIGHTS,Sub Sale,Strata,139,"37,410",-,Condominium,1,Freehold,10,Core Central Region,06 to 10
GRAMERCY PARK,"7,500,000","2,691","2,787",Mar-25,GRANGE ROAD,Resale,Strata,250,"30,000",-,Condominium,1,Freehold,10,Core Central Region,11 to 15
RIDGEWOOD,"3,600,000","2,002.1","1,798",Mar-25,MOUNT SINAI RISE,Resale,Strata,186,"19,355",-,Condominium,1,999 yrs lease commencing from 1885,10,Core Central Region,06 to 10
CASABELLA,"4,950,000","3,702.82","1,337",Mar-25,DUCHESS AVENUE,Resale,Strata,344,"14,390",-,Condominium,1,Freehold,10,Core Central Region,-
ROBIN SUITES,"1,275,000",548.96,"2,323",Mar-25,ROBIN ROAD,Resale,Strata,51,"25,000",-,Apartment,1,Freehold,10,Core Central Region,06 to 10
HOLLAND PEAK,"2,880,000","1,463.9","1,967",Mar-25,HOLLAND HILL,Resale,Strata,136,"21,176",-,Condominium,1,Freehold,10,Core Central Region,01 to 05
THE DRAYCOTT,"6,420,000","2,637.18","2,434",Mar-25,DRAYCOTT PARK,Resale,Strata,245,"26,204",-,Apartment,1,Freehold,10,Core Central Region,16 to 20
POLLEN & BLEU,"1,700,000",871.88,"1,950",Mar-25,FARRER DRIVE,Resale,Strata,81,"20,988",-,Condominium,1,99 yrs lease commencing from 2012,10,Core Central Region,01 to 05
MELROSE PARK,"4,500,000","1,700.71","2,646",Mar-25,KELLOCK ROAD,Resale,Strata,158,"28,481",-,Condominium,1,999 yrs lease commencing from 1877,10,Core Central Region,01 to 05
MONTVIEW,"2,470,000","1,227.1","2,013",Mar-25,MOUNT SINAI DRIVE,Resale,Strata,114,"21,667",-,Condominium,1,Freehold,10,Core Central Region,06 to 10
SUI GENERIS,"5,080,000","2,120.51","2,396",Mar-25,BALMORAL CRESCENT,Resale,Strata,197,"25,787",-,Condominium,1,Freehold,10,Core Central Region,01 to 05
LEEDON GREEN,"4,050,000","1,356.26","2,986",Mar-25,LEEDON HEIGHTS,Sub Sale,Strata,126,"32,143",-,Condominium,1,Freehold,10,Core Central Region,01 to 05
GLENTREES,"2,410,000","1,345.5","1,791",Mar-25,MOUNT SINAI LANE,Resale,Strata,125,"19,280",-,Condominium,1,999 yrs lease commencing from 1885,10,Core Central Region,01 to 05
STEVENS SUITES,"3,020,000","1,969.81","1,533",Mar-25,STEVENS CLOSE,Resale,Strata,183,"16,503",-,Apartment,1,Freehold,10,Core Central Region,01 to 05
RESIDENTIAL APARTMENTS,"2,700,000","1,140.98","2,366",Mar-25,DRAYCOTT DRIVE,Resale,Strata,106,"25,472",-,Apartment,1,Freehold,10,Core Central Region,06 to 10
MON JERVOIS,"3,720,000","1,905.23","1,953",Mar-25,JERVOIS ROAD,Resale,Strata,177,"21,017",-,Condominium,1,99 yrs lease commencing from 2012,10,Core Central Region,01 to 05
FOURTH AVENUE RESIDENCES,"1,650,000",645.84,"2,555",Mar-25,FOURTH AVENUE,Resale,Strata,60,"27,500",-,Apartment,1,99 yrs lease commencing from 2018,10,Core Central Region,01 to 05
ARDMORE PARK,"11,800,000","2,884.75","4,090",Mar-25,ARDMORE PARK,Resale,Strata,268,"44,030",-,Condominium,1,Freehold,10,Core Central Region,06 to 10
DRAYCOTT EIGHT,"6,100,000","2,863.22","2,130",Mar-25,DRAYCOTT PARK,Resale,Strata,266,"22,932",-,Condominium,1,99 yrs lease commencing from 1997,10,Core Central Region,11 to 15
MADISON RESIDENCES,"3,800,000","1,463.9","2,596",Mar-25,BUKIT TIMAH ROAD,Resale,Strata,136,"27,941",-,Condominium,1,Freehold,10,Core Central Region,01 to 05
THE FORD @ HOLLAND,"3,950,000","1,894.46","2,085",Feb-25,FORD AVENUE,Resale,Strata,176,"22,443",-,Condominium,1,Freehold,10,Core Central Region,01 to 05
D'LEEDON,"1,670,000",785.77,"2,125",Feb-25,LEEDON HEIGHTS,Resale,Strata,73,"22,877",-,Condominium,1,99 yrs lease commencing from 2010,10,Core Central Region,26 to 30
19 NASSIM,"5,370,000","1,474.67","3,641",Feb-25,NASSIM HILL,New Sale,Strata,137,"39,197",-,Apartment,1,99 yrs lease commencing from 2019,10,Core Central Region,01 to 05
THE TRIZON,"2,330,000","1,044.11","2,232",Feb-25,RIDGEWOOD CLOSE,Resale,Strata,97,"24,021",-,Condominium,1,Freehold,10,Core Central Region,16 to 20
FOURTH AVENUE RESIDENCES,"1,288,000",484.38,"2,659",Feb-25,FOURTH AVENUE,Resale,Strata,45,"28,622",-,Apartment,1,99 yrs lease commencing from 2018,10,Core Central Region,06 to 10
THE TRIZON,"9,758,888","5,737.21","1,701",Feb-25,RIDGEWOOD CLOSE,Resale,Strata,533,"18,309",-,Condominium,1,Freehold,10,Core Central Region,21 to 25
THE LEVELZ,"1,585,000",807.3,"1,963",Feb-25,FARRER ROAD,Resale,Strata,75,"21,133",-,Condominium,1,Freehold,10,Core Central Region,06 to 10
PALM SPRING,"2,420,000","1,054.87","2,294",Feb-25,EWE BOON ROAD,Resale,Strata,98,"24,694",-,Condominium,1,Freehold,10,Core Central Region,01 to 05
CLIFTEN,"2,514,288","1,065.64","2,359",Feb-25,EWE BOON ROAD,Resale,Strata,99,"25,397",-,Apartment,1,Freehold,10,Core Central Region,16 to 20
19 NASSIM,"2,660,000",828.83,"3,209",Feb-25,NASSIM HILL,New Sale,Strata,77,"34,545",-,Apartment,1,99 yrs lease commencing from 2019,10,Core Central Region,01 to 05
RV RESIDENCES,"1,025,000",452.09,"2,267",Feb-25,RIVER VALLEY ROAD,Resale,Strata,42,"24,405",-,Condominium,1,999 yrs lease commencing from 1877,10,Core Central Region,01 to 05
BOTANIKA,"2,600,000","1,097.93","2,368",Feb-25,HOLLAND ROAD,Resale,Strata,102,"25,490",-,Apartment,1,Freehold,10,Core Central Region,01 to 05
D'LEEDON,"3,038,000","1,367.03","2,222",Feb-25,LEEDON HEIGHTS,Resale,Strata,127,"23,921",-,Condominium,1,99 yrs lease commencing from 2010,10,Core Central Region,11 to 15
HYLL ON HOLLAND,"1,615,000",613.55,"2,632",Feb-25,HOLLAND ROAD,Sub Sale,Strata,57,"28,333",-,Condominium,1,Freehold,10,Core Central Region,01 to 05
GRANGE RESIDENCES,"9,720,000","2,852.46","3,408",Feb-25,GRANGE ROAD,Resale,Strata,265,"36,679",-,Condominium,1,Freehold,10,Core Central Region,01 to 05
NATHAN RESIDENCES,"1,580,000",775.01,"2,039",Feb-25,NATHAN ROAD,Resale,Strata,72,"21,944",-,Apartment,1,Freehold,10,Core Central Region,06 to 10
D'LEEDON,"3,250,000","1,420.85","2,287",Feb-25,LEEDON HEIGHTS,Resale,Strata,132,"24,621",-,Condominium,1,99 yrs lease commencing from 2010,10,Core Central Region,26 to 30
GOODWOOD RESIDENCE,"7,400,000","2,508.01","2,951",Feb-25,BUKIT TIMAH ROAD,Resale,Strata,233,"31,760",-,Condominium,1,Freehold,10,Core Central Region,06 to 10
D'LEEDON,"2,468,000","1,205.57","2,047",Feb-25,LEEDON HEIGHTS,Resale,Strata,112,"22,036",-,Condominium,1,99 yrs lease commencing from 2010,10,Core Central Region,21 to 25
LEEDON RESIDENCE,"7,600,000","2,669.47","2,847",Feb-25,LEEDON HEIGHTS,Resale,Strata,248,"30,645",-,Condominium,1,Freehold,10,Core Central Region,01 to 05
19 NASSIM,"2,770,000",807.3,"3,431",Feb-25,NASSIM HILL,New Sale,Strata,75,"36,933",-,Apartment,1,99 yrs lease commencing from 2019,10,Core Central Region,06 to 10
CYAN,"1,475,000",656.6,"2,246",Feb-25,KENG CHIN ROAD,Resale,Strata,61,"24,180",-,Condominium,1,Freehold,10,Core Central Region,06 to 10
SHANGHAI ONE,"2,098,000","1,065.64","1,969",Feb-25,SHANGHAI ROAD,Resale,Strata,99,"21,192",-,Apartment,1,Freehold,10,Core Central Region,01 to 05
M5,"1,600,000",753.48,"2,123",Feb-25,JALAN MUTIARA,Resale,Strata,70,"22,857",-,Apartment,1,Freehold,10,Core Central Region,11 to 15
LEEDON RESIDENCE,"5,820,000","2,131.27","2,731",Feb-25,LEEDON HEIGHTS,Resale,Strata,198,"29,394",-,Condominium,1,Freehold,10,Core Central Region,06 to 10
19 NASSIM,"3,738,000","1,108.69","3,372",Feb-25,NASSIM HILL,New Sale,Strata,103,"36,291",-,Apartment,1,99 yrs lease commencing from 2019,10,Core Central Region,06 to 10
CUSCADEN RESERVE,"3,000,000",936.47,"3,204",Feb-25,CUSCADEN ROAD,Resale,Strata,87,"34,483",-,Condominium,1,99 yrs lease commencing from 2018,10,Core Central Region,16 to 20
QUINTERRA,"2,700,000","1,679.18","1,608",Feb-25,HOLLAND ROAD,Resale,Strata,156,"17,308",-,Apartment,1,99 yrs lease commencing from 2006,10,Core Central Region,01 to 05
THE DRAYCOTT,"6,315,000","2,637.18","2,395",Feb-25,DRAYCOTT PARK,Resale,Strata,245,"25,776",-,Apartment,1,Freehold,10,Core Central Region,16 to 20
FOURTH AVENUE RESIDENCES,"2,828,000","1,108.69","2,551",Feb-25,FOURTH AVENUE,Resale,Strata,103,"27,456",-,Apartment,1,99 yrs lease commencing from 2018,10,Core Central Region,01 to 05
DUCHESS CREST,"2,560,000","1,367.03","1,873",Feb-25,DUCHESS AVENUE,Resale,Strata,127,"20,157",-,Condominium,1,99 yrs lease commencing from 1995,10,Core Central Region,01 to 05
THE DRAYCOTT,"6,350,000","2,637.18","2,408",Feb-25,DRAYCOTT PARK,Resale,Strata,245,"25,918",-,Apartment,1,Freehold,10,Core Central Region,16 to 20
ONE HOLLAND VILLAGE RESIDENCES,"4,680,000","1,237.86","3,781",Feb-25,HOLLAND VILLAGE WAY,Sub Sale,Strata,115,"40,696",-,Apartment,1,99 yrs lease commencing from 2018,10,Core Central Region,21 to 25
VALLEY PARK,"2,550,000","1,216.33","2,096",Feb-25,RIVER VALLEY ROAD,Resale,Strata,113,"22,566",-,Condominium,1,999 yrs lease commencing from 1877,10,Core Central Region,06 to 10
THE ARC AT DRAYCOTT,"3,420,000","1,270.15","2,693",Feb-25,DRAYCOTT DRIVE,Resale,Strata,118,"28,983",-,Apartment,1,Freehold,10,Core Central Region,21 to 25
ROBIN RESIDENCES,"1,865,000",828.83,"2,250",Feb-25,ROBIN DRIVE,Resale,Strata,77,"24,221",-,Condominium,1,Freehold,10,Core Central Region,01 to 05
CUSCADEN RESERVE,"2,086,000",699.66,"2,981",Feb-25,CUSCADEN ROAD,Resale,Strata,65,"32,092",-,Condominium,1,99 yrs lease commencing from 2018,10,Core Central Region,26 to 30
SPANISH VILLAGE,"3,260,000","1,614.6","2,019",Feb-25,FARRER ROAD,Resale,Strata,150,"21,733",-,Condominium,1,Freehold,10,Core Central Region,01 to 05
KUM HING COURT,"3,700,000","1,625.36","2,276",Feb-25,TOMLINSON ROAD,Resale,Strata,151,"24,503",-,Apartment,1,Freehold,10,Core Central Region,01 to 05
D'LEEDON,"1,410,000",742.72,"1,898",Feb-25,LEEDON HEIGHTS,Resale,Strata,69,"20,435",-,Condominium,1,99 yrs lease commencing from 2010,10,Core Central Region,06 to 10
ARDMORE II,"7,068,000","2,023.63","3,493",Feb-25,ARDMORE PARK,Resale,Strata,188,"37,596",-,Condominium,1,Freehold,10,Core Central Region,31 to 35
GRANGE 1866,"1,694,000",527.44,"3,212",Feb-25,GRANGE ROAD,New Sale,Strata,49,"34,571",-,Apartment,1,Freehold,10,Core Central Region,06 to 10
HYLL ON HOLLAND,"3,128,888","1,054.87","2,966",Feb-25,HOLLAND ROAD,Sub Sale,Strata,98,"31,927",-,Condominium,1,Freehold,10,Core Central Region,01 to 05
19 NASSIM,"3,590,000","1,119.46","3,207",Feb-25,NASSIM HILL,New Sale,Strata,104,"34,519",-,Apartment,1,99 yrs lease commencing from 2019,10,Core Central Region,01 to 05
ORANGE GROVE RESIDENCES,"4,880,000","2,206.62","2,212",Feb-25,ORANGE GROVE ROAD,Resale,Strata,205,"23,805",-,Condominium,1,Freehold,10,Core Central Region,01 to 05
ROYALGREEN,"3,108,000","1,044.11","2,977",Feb-25,ANAMALAI AVENUE,Resale,Strata,97,"32,041",-,Condominium,1,Freehold,10,Core Central Region,01 to 05
CHATELET,"2,880,000","1,388.56","2,074",Feb-25,MARGOLIOUTH ROAD,Resale,Strata,129,"22,326",-,Condominium,1,Freehold,10,Core Central Region,06 to 10
ONE TREE HILL RESIDENCE,"3,150,000","1,227.1","2,567",Feb-25,ONE TREE HILL,Resale,Strata,114,"27,632",-,Apartment,1,Freehold,10,Core Central Region,06 to 10
LEEDON GREEN,"1,950,888",710.42,"2,746",Feb-25,LEEDON HEIGHTS,Sub Sale,Strata,66,"29,559",-,Condominium,1,Freehold,10,Core Central Region,01 to 05
BOTANIC GARDENS VIEW,"2,800,000","1,259.39","2,223",Feb-25,TAMAN SERASI,Resale,Strata,117,"23,932",-,Apartment,1,Freehold,10,Core Central Region,06 to 10
PARVIS,"4,780,000","2,260.44","2,115",Feb-25,HOLLAND HILL,Resale,Strata,210,"22,762",-,Condominium,1,Freehold,10,Core Central Region,01 to 05
CUSCADEN RESERVE,"3,848,000","1,162.51","3,310",Feb-25,CUSCADEN ROAD,Resale,Strata,108,"35,630",-,Condominium,1,99 yrs lease commencing from 2018,10,Core Central Region,21 to 25
THE TRESOR,"3,730,000","1,420.85","2,625",Feb-25,DUCHESS ROAD,Resale,Strata,132,"28,258",-,Condominium,1,999 yrs lease commencing from 1875,10,Core Central Region,01 to 05
ONE TREE HILL RESIDENCE,"2,720,000","1,130.22","2,407",Feb-25,ONE TREE HILL,Resale,Strata,105,"25,905",-,Apartment,1,Freehold,10,Core Central Region,06 to 10
MUTIARA CREST,"2,880,000","1,313.21","2,193",Feb-25,JALAN MUTIARA,Resale,Strata,122,"23,607",-,Apartment,1,Freehold,10,Core Central Region,11 to 15
NASSIM 9,"7,500,000","2,486.48","3,016",Feb-25,NASSIM ROAD,Resale,Strata,231,"32,468",-,Apartment,1,Freehold,10,Core Central Region,01 to 05
CLUNY PARK RESIDENCE,"2,688,000",839.59,"3,202",Feb-25,CLUNY PARK ROAD,Resale,Strata,78,"34,462",-,Condominium,1,Freehold,10,Core Central Region,01 to 05
BISHOPSGATE RESIDENCES,"10,450,000","3,164.62","3,302",Feb-25,BISHOPSGATE,Resale,Strata,294,"35,544",-,Condominium,1,Freehold,10,Core Central Region,01 to 05
D'LEEDON,"2,488,000","1,216.33","2,045",Feb-25,LEEDON HEIGHTS,Resale,Strata,113,"22,018",-,Condominium,1,99 yrs lease commencing from 2010,10,Core Central Region,26 to 30
D'LEEDON,"4,268,000","2,238.91","1,906",Feb-25,LEEDON HEIGHTS,Resale,Strata,208,"20,519",-,Condominium,1,99 yrs lease commencing from 2010,10,Core Central Region,26 to 30
LEEDON RESIDENCE,"2,850,000","1,044.11","2,730",Feb-25,LEEDON HEIGHTS,Resale,Strata,97,"29,381",-,Condominium,1,Freehold,10,Core Central Region,06 to 10
THE SERENADE @ HOLLAND,"2,700,000","1,506.96","1,792",Feb-25,HOLLAND ROAD,Resale,Strata,140,"19,286",-,Condominium,1,99 yrs lease commencing from 2001,10,Core Central Region,16 to 20
CUSCADEN RESERVE,"2,086,000",699.66,"2,981",Feb-25,CUSCADEN ROAD,Resale,Strata,65,"32,092",-,Condominium,1,99 yrs lease commencing from 2018,10,Core Central Region,26 to 30
LATITUDE,"3,600,000","1,323.97","2,719",Feb-25,JALAN MUTIARA,Resale,Strata,123,"29,268",-,Condominium,1,Freehold,10,Core Central Region,16 to 20
DUCHESS CREST,"3,300,000","1,711.48","1,928",Feb-25,DUCHESS AVENUE,Resale,Strata,159,"20,755",-,Condominium,1,99 yrs lease commencing from 1995,10,Core Central Region,01 to 05
TANGLIN REGENCY,"2,450,000","1,410.08","1,737",Feb-25,TANGLIN ROAD,Resale,Strata,131,"18,702",-,Condominium,1,99 yrs lease commencing from 1994,10,Core Central Region,16 to 20
CUSCADEN RESERVE,"2,919,000",936.47,"3,117",Feb-25,CUSCADEN ROAD,Resale,Strata,87,"33,552",-,Condominium,1,99 yrs lease commencing from 2018,10,Core Central Region,11 to 15
POLLEN & BLEU,"2,038,000","1,162.51","1,753",Feb-25,FARRER DRIVE,Resale,Strata,108,"18,870",-,Condominium,1,99 yrs lease commencing from 2012,10,Core Central Region,01 to 05
ARDMORE II,"6,850,000","2,023.63","3,385",Feb-25,ARDMORE PARK,Resale,Strata,188,"36,436",-,Condominium,1,Freehold,10,Core Central Region,21 to 25
CLUNY PARK RESIDENCE,"8,240,000","2,841.7","2,900",Feb-25,CLUNY PARK ROAD,Resale,Strata,264,"31,212",-,Condominium,1,Freehold,10,Core Central Region,01 to 05
ROBIN SUITES,"1,090,000",462.85,"2,355",Feb-25,ROBIN ROAD,Resale,Strata,43,"25,349",-,Apartment,1,Freehold,10,Core Central Region,16 to 20
LATITUDE,"4,522,000","1,614.6","2,801",Feb-25,JALAN MUTIARA,Resale,Strata,150,"30,147",-,Condominium,1,Freehold,10,Core Central Region,21 to 25
THE DRAYCOTT,"5,400,000","2,637.18","2,048",Feb-25,DRAYCOTT PARK,Resale,Strata,245,"22,041",-,Apartment,1,Freehold,10,Core Central Region,26 to 30
JERVOIS JADE,"1,760,000","1,140.98","1,543",Feb-25,JERVOIS CLOSE,Resale,Strata,106,"16,604",-,Apartment,1,99 yrs lease commencing from 1998,10,Core Central Region,01 to 05
SIXTH AVENUE VILLE,"2,880,000","1,270.15","2,267",Feb-25,SIXTH AVENUE,Resale,Strata,118,"24,407",-,Condominium,1,Freehold,10,Core Central Region,01 to 05
SPRING GROVE,"1,880,000","1,011.82","1,858",Feb-25,GRANGE ROAD,Resale,Strata,94,"20,000",-,Condominium,1,99 yrs lease commencing from 1991,10,Core Central Region,16 to 20
STEVENS LOFT,"1,330,000",731.95,"1,817",Jan-25,STEVENS DRIVE,Resale,Strata,68,"19,559",-,Apartment,1,Freehold,10,Core Central Region,01 to 05
DUCHESS CREST,"3,285,000","1,711.48","1,919",Jan-25,DUCHESS AVENUE,Resale,Strata,159,"20,660",-,Condominium,1,99 yrs lease commencing from 1995,10,Core Central Region,01 to 05
D'LEEDON,"1,670,000",785.77,"2,125",Jan-25,LEEDON HEIGHTS,Resale,Strata,73,"22,877",-,Condominium,1,99 yrs lease commencing from 2010,10,Core Central Region,26 to 30
THE TESSARINA,"2,280,000","1,011.82","2,253",Jan-25,WILBY ROAD,Resale,Strata,94,"24,255",-,Condominium,1,Freehold,10,Core Central Region,01 to 05
LEEDON GREEN,"2,020,000",710.42,"2,843",Jan-25,LEEDON HEIGHTS,Sub Sale,Strata,66,"30,606",-,Condominium,1,Freehold,10,Core Central Region,06 to 10
FOURTH AVENUE RESIDENCES,"1,830,000",699.66,"2,616",Jan-25,FOURTH AVENUE,Resale,Strata,65,"28,154",-,Apartment,1,99 yrs lease commencing from 2018,10,Core Central Region,01 to 05
LEEDON GREEN,"2,050,000",710.42,"2,886",Jan-25,LEEDON HEIGHTS,Sub Sale,Strata,66,"31,061",-,Condominium,1,Freehold,10,Core Central Region,01 to 05
D'LEEDON,"2,800,000","1,356.26","2,064",Jan-25,LEEDON HEIGHTS,Resale,Strata,126,"22,222",-,Condominium,1,99 yrs lease commencing from 2010,10,Core Central Region,06 to 10
D' DALVEY,"2,050,000",925.7,"2,215",Jan-25,DALVEY ESTATE,Resale,Strata,86,"23,837",-,Apartment,1,Freehold,10,Core Central Region,01 to 05
SOMMERVILLE PARK,"4,250,000","1,948.28","2,181",Jan-25,FARRER DRIVE,Resale,Strata,181,"23,481",-,Condominium,1,Freehold,10,Core Central Region,01 to 05
19 NASSIM,"3,343,000",968.76,"3,451",Jan-25,NASSIM HILL,New Sale,Strata,90,"37,144",-,Apartment,1,99 yrs lease commencing from 2019,10,Core Central Region,01 to 05
GRANGE 1866,"1,580,000",527.44,"2,996",Jan-25,GRANGE ROAD,New Sale,Strata,49,"32,245",-,Apartment,1,Freehold,10,Core Central Region,01 to 05
BEVERLY HILL,"10,080,000","3,778.16","2,668",Jan-25,GRANGE ROAD,Resale,Strata,351,"28,718",-,Condominium,1,Freehold,10,Core Central Region,11 to 15
REGENCY PARK,"5,100,000","2,249.68","2,267",Jan-25,NATHAN ROAD,Resale,Strata,209,"24,402",-,Condominium,1,Freehold,10,Core Central Region,01 to 05
SPRING GROVE,"1,800,000","1,011.82","1,779",Jan-25,GRANGE ROAD,Resale,Strata,94,"19,149",-,Condominium,1,99 yrs lease commencing from 1991,10,Core Central Region,01 to 05
SPANISH VILLAGE,"1,680,000",785.77,"2,138",Jan-25,FARRER ROAD,Resale,Strata,73,"23,014",-,Condominium,1,Freehold,10,Core Central Region,01 to 05
D'LEEDON,"1,298,000",635.08,"2,044",Jan-25,LEEDON HEIGHTS,Resale,Strata,59,"22,000",-,Condominium,1,99 yrs lease commencing from 2010,10,Core Central Region,16 to 20
SOMMERVILLE PARK,"4,300,000","1,948.28","2,207",Jan-25,FARRER DRIVE,Resale,Strata,181,"23,757",-,Condominium,1,Freehold,10,Core Central Region,06 to 10
PARK NOVA,"38,888,000","5,898.67","6,593",Jan-25,TOMLINSON ROAD,New Sale,Strata,548,"70,964",-,Apartment,1,Freehold,10,Core Central Region,16 to 20
RV EDGE,"1,590,000",828.83,"1,918",Jan-25,SHANGHAI ROAD,Resale,Strata,77,"20,649",-,Apartment,1,Freehold,10,Core Central Region,06 to 10
ARDMORE PARK,"13,200,000","2,884.75","4,576",Jan-25,ARDMORE PARK,Resale,Strata,268,"49,254",-,Condominium,1,Freehold,10,Core Central Region,06 to 10
DRAYCOTT EIGHT,"6,300,000","2,863.22","2,200",Jan-25,DRAYCOTT PARK,Resale,Strata,266,"23,684",-,Condominium,1,99 yrs lease commencing from 1997,10,Core Central Region,21 to 25
PALM SPRING,"4,400,000","1,883.7","2,336",Jan-25,EWE BOON ROAD,Resale,Strata,175,"25,143",-,Condominium,1,Freehold,10,Core Central Region,01 to 05
PARK NOVA,"16,588,000","2,906.28","5,708",Jan-25,TOMLINSON ROAD,New Sale,Strata,270,"61,437",-,Apartment,1,Freehold,10,Core Central Region,16 to 20
LOFT @ STEVENS,"910,000",409.03,"2,225",Jan-25,STEVENS ROAD,Resale,Strata,38,"23,947",-,Apartment,1,Freehold,10,Core Central Region,01 to 05
THE ELEMENT @ STEVENS,"2,640,000","1,323.97","1,994",Jan-25,STEVENS ROAD,Resale,Strata,123,"21,463",-,Apartment,1,Freehold,10,Core Central Region,01 to 05
BOTANIC GARDENS MANSION,"4,100,000","1,754.53","2,337",Jan-25,TAMAN SERASI,Resale,Strata,163,"25,153",-,Apartment,1,Freehold,10,Core Central Region,06 to 10
ST REGIS RESIDENCES SINGAPORE,"5,382,500","2,152.8","2,500",Jan-25,TANGLIN ROAD,Resale,Strata,200,"26,913",-,Apartment,1,999 yrs lease commencing from 1995,10,Core Central Region,01 to 05
GRANGE 1866,"2,466,000",764.24,"3,227",Jan-25,GRANGE ROAD,New Sale,Strata,71,"34,732",-,Apartment,1,Freehold,10,Core Central Region,06 to 10
ORCHARD BEL AIR,"4,650,000","3,229.2","1,440",Jan-25,ORCHARD BOULEVARD,Resale,Strata,300,"15,500",-,Condominium,1,99 yrs lease commencing from 1980,10,Core Central Region,11 to 15
TANGLIN PARK,"2,650,000","1,033.34","2,564",Jan-25,RIDLEY PARK,Resale,Strata,96,"27,604",-,Condominium,1,Freehold,10,Core Central Region,01 to 05
LOFT @ NATHAN,"910,000",452.09,"2,013",Jan-25,NATHAN ROAD,Resale,Strata,42,"21,667",-,Apartment,1,Freehold,10,Core Central Region,01 to 05
VILLA DELLE ROSE,"4,750,000","2,777.11","1,710",Jan-25,TAMAN NAKHODA,Resale,Strata,258,"18,411",-,Condominium,1,Freehold,10,Core Central Region,-
STELLAR RV,"980,000",452.09,"2,168",Jan-25,RIVER VALLEY ROAD,Resale,Strata,42,"23,333",-,Apartment,1,Freehold,10,Core Central Region,01 to 05
GRANGE 1866,"2,663,000",818.06,"3,255",Jan-25,GRANGE ROAD,New Sale,Strata,76,"35,039",-,Apartment,1,Freehold,10,Core Central Region,06 to 10
SHANGHAI ONE,"1,700,000",882.65,"1,926",Jan-25,SHANGHAI ROAD,Resale,Strata,82,"20,732",-,Apartment,1,Freehold,10,Core Central Region,01 to 05
POLLEN & BLEU,"2,300,000","1,140.98","2,016",Jan-25,FARRER DRIVE,Resale,Strata,106,"21,698",-,Condominium,1,99 yrs lease commencing from 2012,10,Core Central Region,01 to 05
LEEDON GREEN,"4,980,000","1,496.2","3,328",Jan-25,LEEDON HEIGHTS,Sub Sale,Strata,139,"35,827",-,Condominium,1,Freehold,10,Core Central Region,06 to 10
FOURTH AVENUE RESIDENCES,"2,460,000",914.94,"2,689",Jan-25,FOURTH AVENUE,Resale,Strata,85,"28,941",-,Apartment,1,99 yrs lease commencing from 2018,10,Core Central Region,01 to 05
VIZ AT HOLLAND,"1,940,000",947.23,"2,048",Jan-25,QUEENSWAY,Resale,Strata,88,"22,045",-,Condominium,1,Freehold,10,Core Central Region,06 to 10
ST REGIS RESIDENCES SINGAPORE,"7,200,000","2,486.48","2,896",Jan-25,TANGLIN ROAD,Resale,Strata,231,"31,169",-,Apartment,1,999 yrs lease commencing from 1995,10,Core Central Region,11 to 15
BEAUFORT ON NASSIM,"3,300,000","1,237.86","2,666",Jan-25,NASSIM ROAD,Resale,Strata,115,"28,696",-,Condominium,1,Freehold,10,Core Central Region,01 to 05
CUSCADEN RESERVE,"3,116,000",936.47,"3,327",Jan-25,CUSCADEN ROAD,Resale,Strata,87,"35,816",-,Condominium,1,99 yrs lease commencing from 2018,10,Core Central Region,21 to 25
HYLL ON HOLLAND,"1,850,000",699.66,"2,644",Jan-25,HOLLAND ROAD,Sub Sale,Strata,65,"28,462",-,Condominium,1,Freehold,10,Core Central Region,01 to 05
LATITUDE,"7,200,000","2,787.88","2,583",Jan-25,JALAN MUTIARA,Resale,Strata,259,"27,799",-,Condominium,1,Freehold,10,Core Central Region,06 to 10
BOTANIC GARDENS MANSION,"3,700,000","1,754.53","2,109",Jan-25,TAMAN SERASI,Resale,Strata,163,"22,699",-,Apartment,1,Freehold,10,Core Central Region,01 to 05
SOMMERVILLE PARK,"2,975,000","1,302.44","2,284",Jan-25,FARRER DRIVE,Resale,Strata,121,"24,587",-,Condominium,1,Freehold,10,Core Central Region,11 to 15
LEEDON GREEN,"2,400,000",818.06,"2,934",Jan-25,LEEDON HEIGHTS,Sub Sale,Strata,76,"31,579",-,Condominium,1,Freehold,10,Core Central Region,06 to 10
BOTANIC GARDENS VIEW,"3,650,000","1,754.53","2,080",Jan-25,TAMAN SERASI,Resale,Strata,163,"22,393",-,Apartment,1,Freehold,10,Core Central Region,01 to 05
M5,"1,548,000",742.72,"2,084",Jan-25,JALAN MUTIARA,Resale,Strata,69,"22,435",-,Apartment,1,Freehold,10,Core Central Region,06 to 10
ONE TREE HILL MANSIONS,"2,325,000","1,614.6","1,440",Jan-25,ONE TREE HILL,Resale,Strata,150,"15,500",-,Apartment,1,99 yrs lease commencing from 1973,10,Core Central Region,11 to 15
CLIVEDEN AT GRANGE,"4,800,000","2,152.8","2,230",Jan-25,GRANGE ROAD,Resale,Strata,200,"24,000",-,Condominium,1,Freehold,10,Core Central Region,11 to 15
PARVIS,"6,100,000","2,787.88","2,188",Jan-25,HOLLAND HILL,Resale,Strata,259,"23,552",-,Condominium,1,Freehold,10,Core Central Region,11 to 15
STELLAR RV,"1,045,000",516.67,"2,023",Jan-25,RIVER VALLEY ROAD,Resale,Strata,48,"21,771",-,Apartment,1,Freehold,10,Core Central Region,06 to 10
ROBIN SUITES,"1,280,000",548.96,"2,332",Jan-25,ROBIN ROAD,Resale,Strata,51,"25,098",-,Apartment,1,Freehold,10,Core Central Region,11 to 15
URBAN EDGE @ HOLLAND V,"3,220,000","1,776.06","1,813",Jan-25,FORD AVENUE,Resale,Strata,165,"19,515",-,Apartment,1,Freehold,10,Core Central Region,01 to 05
BALMORAL CREST,"1,550,000",775.01,"2,000",Jan-25,BALMORAL CRESCENT,Resale,Strata,72,"21,528",-,Apartment,1,Freehold,10,Core Central Region,01 to 05
RESIDENTIAL APARTMENTS,"3,500,000","2,023.63","1,730",Jan-25,PRINCESS OF WALES ROAD,Resale,Strata,188,"18,617",-,Apartment,1,Freehold,10,Core Central Region,01 to 05
RIDGEWOOD,"3,200,000","1,743.77","1,835",Jan-25,MOUNT SINAI DRIVE,Resale,Strata,162,"19,753",-,Condominium,1,999 yrs lease commencing from 1885,10,Core Central Region,16 to 20
D'LEEDON,"3,400,000","1,743.77","1,950",Jan-25,LEEDON HEIGHTS,Resale,Strata,162,"20,988",-,Condominium,1,99 yrs lease commencing from 2010,10,Core Central Region,21 to 25
