Project Name,Transacted Price ($),Area (SQFT),Unit Price ($ PSF),Sale Date,Street Name,Type of Sale,Type of Area,Area (SQM),Unit Price ($ PSM),Nett Price($),Property Type,Number of Units,Tenure,Postal District,Market Segment,Floor Level
THE MILTONIA RESIDENCES,"1,035,000",861.12,"1,202",Sep-26,MILTONIA CLOSE,Resale,Strata,80,"12,938",-,Condominium,1,99 yrs lease commencing from 2010,27,Outside Central Region,01 to 05
SYMPHONY SUITES,"1,188,000",893.41,"1,330",Sep-26,YISHUN CLOSE,Resale,Strata,83,"14,313",-,Condominium,1,99 yrs lease commencing from 2014,27,Outside Central Region,06 to 10
ORCHID PARK CONDOMINIUM,"1,186,500","1,248.62",950,Sep-26,YISHUN STREET 81,Resale,Strata,116,"10,228",-,Condominium,1,99 yrs lease commencing from 1991,27,Outside Central Region,01 to 05
CANBERRA CRESCENT RESIDENCES,"2,463,693","1,216.33","2,026",Sep-26,CANBERRA CRESCENT,New Sale,Strata,113,"21,803",-,Apartment,1,99 years leasehold,27,Outside Central Region,01 to 05
THE ESTUARY,"1,500,000","1,216.33","1,233",Sep-26,YISHUN AVENUE 1,Resale,Strata,113,"13,274",-,Condominium,1,99 yrs lease commencing from 2008,27,Outside Central Region,01 to 05
SYMPHONY SUITES,"1,470,000","1,022.58","1,438",Aug-26,YISHUN CLOSE,Resale,Strata,95,"15,474",-,Condominium,1,99 yrs lease commencing from 2014,27,Outside Central Region,11 to 15
CANBERRA CRESCENT RESIDENCES,"2,469,854","1,216.33","2,031",Aug-26,CANBERRA CRESCENT,New Sale,Strata,113,"21,857",-,Apartment,1,99 yrs lease commencing from 2024,27,Outside Central Region,06 to 10
YISHUN EMERALD,"1,050,000",958,"1,096",Aug-26,CANBERRA DRIVE,Resale,Strata,89,"11,798",-,Condominium,1,99 yrs lease commencing from 1998,27,Outside Central Region,11 to 15
ORCHID PARK CONDOMINIUM,"905,000","1,140.98",793,Aug-26,YISHUN STREET 81,Resale,Strata,106,"8,538",-,Condominium,1,99 yrs lease commencing from 1991,27,Outside Central Region,01 to 05
THE ESTUARY,"1,840,000","1,302.44","1,413",Aug-26,YISHUN AVENUE 1,Resale,Strata,121,"15,207",-,Condominium,1,99 yrs lease commencing from 2008,27,Outside Central Region,06 to 10
CANBERRA CRESCENT RESIDENCES,"2,476,015","1,216.33","2,036",Aug-26,CANBERRA CRESCENT,New Sale,Strata,113,"21,912",-,Apartment,1,99 yrs lease commencing from 2024,27,Outside Central Region,06 to 10
CANBERRA CRESCENT RESIDENCES,"2,456,401","1,216.33","2,020",Aug-26,CANBERRA CRESCENT,New Sale,Strata,113,"21,738",-,Apartment,1,99 yrs lease commencing from 2024,27,Outside Central Region,01 to 05
NORTH PARK RESIDENCES,"2,010,000","1,001.05","2,008",Aug-26,YISHUN CENTRAL 1,Resale,Strata,93,"21,613",-,Apartment,1,99 yrs lease commencing from 2015,27,Outside Central Region,06 to 10
THE COMMODORE,"1,560,000",968.76,"1,610",Aug-26,CANBERRA DRIVE,Resale,Strata,90,"17,333",-,Condominium,1,99 yrs lease commencing from 2020,27,Outside Central Region,01 to 05
NORTH PARK RESIDENCES,"1,718,000",871.88,"1,970",Aug-26,YISHUN CENTRAL 1,Resale,Strata,81,"21,210",-,Apartment,1,99 yrs lease commencing from 2015,27,Outside Central Region,11 to 15
SKIES MILTONIA,"710,000",484.38,"1,466",Aug-26,MILTONIA CLOSE,Resale,Strata,45,"15,778",-,Condominium,1,99 yrs lease commencing from 2012,27,Outside Central Region,06 to 10
SKIES MILTONIA,"710,000",484.38,"1,466",Aug-26,MILTONIA CLOSE,Resale,Strata,45,"15,778",-,Condominium,1,99 yrs lease commencing from 2012,27,Outside Central Region,11 to 15
CANBERRA CRESCENT RESIDENCES,"2,380,000","1,216.33","1,957",Aug-26,CANBERRA CRESCENT,New Sale,Strata,113,"21,062",-,Apartment,1,99 yrs lease commencing from 2024,27,Outside Central Region,01 to 05
CANBERRA CRESCENT RESIDENCES,"2,488,337","1,216.33","2,046",Aug-26,CANBERRA CRESCENT,New Sale,Strata,113,"22,021",-,Apartment,1,99 yrs lease commencing from 2024,27,Outside Central Region,06 to 10
ORCHID PARK CONDOMINIUM,"1,150,000","1,248.62",921,Aug-26,YISHUN STREET 81,Resale,Strata,116,"9,914",-,Condominium,1,99 yrs lease commencing from 1991,27,Outside Central Region,01 to 05
THE MILTONIA RESIDENCES,"1,300,000","1,140.98","1,139",Aug-26,MILTONIA CLOSE,Resale,Strata,106,"12,264",-,Condominium,1,99 yrs lease commencing from 2010,27,Outside Central Region,01 to 05
SYMPHONY SUITES,"1,420,000","1,022.58","1,389",Aug-26,YISHUN CLOSE,Resale,Strata,95,"14,947",-,Condominium,1,99 yrs lease commencing from 2014,27,Outside Central Region,06 to 10
EIGHT COURTYARDS,"1,523,000","1,151.75","1,322",Aug-26,CANBERRA DRIVE,Resale,Strata,107,"14,234",-,Condominium,1,99 yrs lease commencing from 2010,27,Outside Central Region,01 to 05
ORCHID PARK CONDOMINIUM,"1,190,000","1,194.8",996,Aug-26,YISHUN STREET 81,Resale,Strata,111,"10,721",-,Condominium,1,99 yrs lease commencing from 1991,27,Outside Central Region,06 to 10
KANDIS RESIDENCE,"680,000",484.38,"1,404",Aug-26,KANDIS LINK,Resale,Strata,45,"15,111",-,Condominium,1,99 yrs lease commencing from 2016,27,Outside Central Region,01 to 05
THE ESTUARY,"1,390,000",914.94,"1,519",Aug-26,YISHUN AVENUE 1,Resale,Strata,85,"16,353",-,Condominium,1,99 yrs lease commencing from 2008,27,Outside Central Region,06 to 10
SELETARIS,"1,840,000","1,345.5","1,368",Aug-26,SEMBAWANG ROAD,Resale,Strata,125,"14,720",-,Condominium,1,Freehold,27,Outside Central Region,01 to 05
YISHUN SAPPHIRE,"1,103,000","1,033.34","1,067",Aug-26,CANBERRA DRIVE,Resale,Strata,96,"11,490",-,Condominium,1,99 yrs lease commencing from 1998,27,Outside Central Region,01 to 05
YISHUN EMERALD,"1,290,000","1,184.04","1,089",Aug-26,CANBERRA DRIVE,Resale,Strata,110,"11,727",-,Condominium,1,99 yrs lease commencing from 1998,27,Outside Central Region,11 to 15
ORCHID PARK CONDOMINIUM,"978,000",871.88,"1,122",Jul-26,YISHUN STREET 81,Resale,Strata,81,"12,074",-,Condominium,1,99 yrs lease commencing from 1991,27,Outside Central Region,06 to 10
THE WATERGARDENS AT CANBERRA,"2,030,000","1,108.69","1,831",Jul-26,CANBERRA DRIVE,Sub Sale,Strata,103,"19,709",-,Apartment,1,99 yrs lease commencing from 2020,27,Outside Central Region,01 to 05
ORCHID PARK CONDOMINIUM,"1,160,000","1,140.98","1,017",Jul-26,YISHUN STREET 81,Resale,Strata,106,"10,943",-,Condominium,1,99 yrs lease commencing from 1991,27,Outside Central Region,06 to 10
SKIES MILTONIA,"1,360,000","1,173.28","1,159",Jul-26,MILTONIA CLOSE,Resale,Strata,109,"12,477",-,Condominium,1,99 yrs lease commencing from 2012,27,Outside Central Region,01 to 05
YISHUN SAPPHIRE,"1,620,000","1,410.08","1,149",Jul-26,CANBERRA DRIVE,Resale,Strata,131,"12,366",-,Condominium,1,99 yrs lease commencing from 1998,27,Outside Central Region,01 to 05
THE COMMODORE,"1,728,000","1,151.75","1,500",Jul-26,CANBERRA DRIVE,Resale,Strata,107,"16,150",-,Condominium,1,99 yrs lease commencing from 2020,27,Outside Central Region,01 to 05
SYMPHONY SUITES,"1,200,000",893.41,"1,343",Jul-26,YISHUN CLOSE,Resale,Strata,83,"14,458",-,Condominium,1,99 yrs lease commencing from 2014,27,Outside Central Region,06 to 10
NORTH PARK RESIDENCES,"1,000,000",559.73,"1,787",Jul-26,YISHUN CENTRAL 1,Resale,Strata,52,"19,231",-,Apartment,1,99 yrs lease commencing from 2015,27,Outside Central Region,06 to 10
ORCHID PARK CONDOMINIUM,"950,000",871.88,"1,090",Jul-26,YISHUN STREET 81,Resale,Strata,81,"11,728",-,Condominium,1,99 yrs lease commencing from 1991,27,Outside Central Region,06 to 10
CANBERRA CRESCENT RESIDENCES,"2,482,075","1,216.33","2,041",Jul-26,CANBERRA CRESCENT,New Sale,Strata,113,"21,965",-,Apartment,1,99 yrs lease commencing from 2024,27,Outside Central Region,06 to 10
CANBERRA RESIDENCES,"1,115,000",904.18,"1,233",Jul-26,CANBERRA DRIVE,Resale,Strata,84,"13,274",-,Condominium,1,99 yrs lease commencing from 2010,27,Outside Central Region,01 to 05
CANBERRA RESIDENCES,"805,000",613.55,"1,312",Jul-26,CANBERRA DRIVE,Resale,Strata,57,"14,123",-,Condominium,1,99 yrs lease commencing from 2010,27,Outside Central Region,01 to 05
NORTHWOOD,"1,860,000","1,603.84","1,160",Jul-26,JALAN MATA AYER,Resale,Strata,149,"12,483",-,Condominium,1,Freehold,27,Outside Central Region,01 to 05
ORCHID PARK CONDOMINIUM,"980,000",958,"1,023",Jul-26,YISHUN STREET 81,Resale,Strata,89,"11,011",-,Condominium,1,99 yrs lease commencing from 1991,27,Outside Central Region,06 to 10
NORTH PARK RESIDENCES,"1,900,000",968.76,"1,961",Jul-26,YISHUN CENTRAL 1,Resale,Strata,90,"21,111",-,Apartment,1,99 yrs lease commencing from 2015,27,Outside Central Region,06 to 10
NORTH PARK RESIDENCES,"1,218,000",624.31,"1,951",Jul-26,YISHUN CENTRAL 1,Resale,Strata,58,"21,000",-,Apartment,1,99 yrs lease commencing from 2015,27,Outside Central Region,01 to 05
EUPHONY GARDENS,"1,430,000","1,453.14",984,Jul-26,JALAN MATA AYER,Resale,Strata,135,"10,593",-,Condominium,1,99 yrs lease commencing from 1998,27,Outside Central Region,01 to 05
SKIES MILTONIA,"1,738,000","1,356.26","1,281",Jul-26,MILTONIA CLOSE,Resale,Strata,126,"13,794",-,Condominium,1,99 yrs lease commencing from 2012,27,Outside Central Region,06 to 10
SYMPHONY SUITES,"1,270,000",914.94,"1,388",Jul-26,YISHUN CLOSE,Resale,Strata,85,"14,941",-,Condominium,1,99 yrs lease commencing from 2014,27,Outside Central Region,11 to 15
SKIES MILTONIA,"1,273,000","1,033.34","1,232",Jul-26,MILTONIA CLOSE,Resale,Strata,96,"13,260",-,Condominium,1,99 yrs lease commencing from 2012,27,Outside Central Region,01 to 05
EUPHONY GARDENS,"920,000","1,022.58",900,Jul-26,JALAN MATA AYER,Resale,Strata,95,"9,684",-,Condominium,1,99 yrs lease commencing from 1998,27,Outside Central Region,01 to 05
EUPHONY GARDENS,"940,000",979.52,960,Jul-26,JALAN MATA AYER,Resale,Strata,91,"10,330",-,Condominium,1,99 yrs lease commencing from 1998,27,Outside Central Region,01 to 05
THE ESTUARY,"1,400,000","1,119.46","1,251",Jul-26,YISHUN AVENUE 1,Resale,Strata,104,"13,462",-,Condominium,1,99 yrs lease commencing from 2008,27,Outside Central Region,11 to 15
ORCHID PARK CONDOMINIUM,"1,182,000","1,151.75","1,026",Jul-26,YISHUN STREET 81,Resale,Strata,107,"11,047",-,Condominium,1,99 yrs lease commencing from 1991,27,Outside Central Region,01 to 05
ORCHID PARK CONDOMINIUM,"1,350,000","1,248.62","1,081",Jul-26,YISHUN STREET 81,Resale,Strata,116,"11,638",-,Condominium,1,99 yrs lease commencing from 1991,27,Outside Central Region,06 to 10
THE NAUTICAL,"1,520,000","1,259.39","1,207",Jul-26,JALAN SENDUDOK,Resale,Strata,117,"12,991",-,Condominium,1,99 yrs lease commencing from 2011,27,Outside Central Region,01 to 05
ORCHID PARK CONDOMINIUM,"968,000",979.52,988,Jul-26,YISHUN STREET 81,Resale,Strata,91,"10,637",-,Condominium,1,99 yrs lease commencing from 1991,27,Outside Central Region,01 to 05
CANBERRA CRESCENT RESIDENCES,"2,468,642","1,216.33","2,030",Jul-26,CANBERRA CRESCENT,New Sale,Strata,113,"21,846",-,Apartment,1,99 yrs lease commencing from 2024,27,Outside Central Region,01 to 05
THE COMMODORE,"2,020,000","1,184.04","1,706",Jul-26,CANBERRA DRIVE,Resale,Strata,110,"18,364",-,Condominium,1,99 yrs lease commencing from 2020,27,Outside Central Region,01 to 05
THE WATERGARDENS AT CANBERRA,"1,270,000",753.48,"1,686",Jul-26,CANBERRA DRIVE,Sub Sale,Strata,70,"18,143",-,Apartment,1,99 yrs lease commencing from 2020,27,Outside Central Region,01 to 05
YISHUN SAPPHIRE,"1,250,000","1,162.51","1,075",Jul-26,CANBERRA DRIVE,Resale,Strata,108,"11,574",-,Condominium,1,99 yrs lease commencing from 1998,27,Outside Central Region,11 to 15
SYMPHONY SUITES,"970,000",688.9,"1,408",Jul-26,YISHUN CLOSE,Resale,Strata,64,"15,156",-,Condominium,1,99 yrs lease commencing from 2014,27,Outside Central Region,01 to 05
SKIES MILTONIA,"1,318,500","1,033.34","1,276",Jul-26,MILTONIA CLOSE,Resale,Strata,96,"13,734",-,Condominium,1,99 yrs lease commencing from 2012,27,Outside Central Region,01 to 05
THE COMMODORE,"1,295,000",742.72,"1,744",Jul-26,CANBERRA DRIVE,Resale,Strata,69,"18,768",-,Condominium,1,99 yrs lease commencing from 2020,27,Outside Central Region,01 to 05
THE NAUTICAL,"1,480,000","1,119.46","1,322",Jul-26,JALAN SENDUDOK,Resale,Strata,104,"14,231",-,Condominium,1,99 yrs lease commencing from 2011,27,Outside Central Region,01 to 05
NINE RESIDENCES,"1,420,000","1,001.05","1,419",Jul-26,YISHUN AVENUE 9,Resale,Strata,93,"15,269",-,Apartment,1,99 yrs lease commencing from 2013,27,Outside Central Region,11 to 15
SYMPHONY SUITES,"1,080,000",796.54,"1,356",Jul-26,YISHUN CLOSE,Resale,Strata,74,"14,595",-,Condominium,1,99 yrs lease commencing from 2014,27,Outside Central Region,01 to 05
THE COMMODORE,"1,110,000",624.31,"1,778",Jul-26,CANBERRA DRIVE,Resale,Strata,58,"19,138",-,Condominium,1,99 yrs lease commencing from 2020,27,Outside Central Region,01 to 05
SELETARIS,"1,820,000","1,582.31","1,150",Jul-26,SEMBAWANG ROAD,Resale,Strata,147,"12,381",-,Condominium,1,Freehold,27,Outside Central Region,01 to 05
SELETARIS,"2,300,000","1,851.41","1,242",Jul-26,SEMBAWANG ROAD,Resale,Strata,172,"13,372",-,Condominium,1,Freehold,27,Outside Central Region,01 to 05
THE NAUTICAL,"1,500,000","1,119.46","1,340",Jul-26,JALAN SENDUDOK,Resale,Strata,104,"14,423",-,Condominium,1,99 yrs lease commencing from 2011,27,Outside Central Region,01 to 05
THE WATERGARDENS AT CANBERRA,"1,300,000",721.19,"1,803",Jun-26,CANBERRA DRIVE,Sub Sale,Strata,67,"19,403",-,Apartment,1,99 yrs lease commencing from 2020,27,Outside Central Region,01 to 05
THE MILTONIA RESIDENCES,"1,390,000","1,140.98","1,218",Jun-26,MILTONIA CLOSE,Resale,Strata,106,"13,113",-,Condominium,1,99 yrs lease commencing from 2010,27,Outside Central Region,01 to 05
THE SENSORIA,"1,650,000","1,270.15","1,299",Jun-26,JALAN ULU SEMBAWANG,Resale,Strata,118,"13,983",-,Condominium,1,Freehold,27,Outside Central Region,01 to 05
EIGHT COURTYARDS,"1,580,000","1,130.22","1,398",Jun-26,CANBERRA DRIVE,Resale,Strata,105,"15,048",-,Condominium,1,99 yrs lease commencing from 2010,27,Outside Central Region,11 to 15
SELETARIS,"1,610,000","1,237.86","1,301",Jun-26,SEMBAWANG ROAD,Resale,Strata,115,"14,000",-,Condominium,1,Freehold,27,Outside Central Region,01 to 05
SELETARIS,"2,160,000","1,636.13","1,320",Jun-26,SEMBAWANG ROAD,Resale,Strata,152,"14,211",-,Condominium,1,Freehold,27,Outside Central Region,01 to 05
SKIES MILTONIA,"1,288,888","1,076.4","1,197",Jun-26,MILTONIA CLOSE,Resale,Strata,100,"12,889",-,Condominium,1,99 yrs lease commencing from 2012,27,Outside Central Region,01 to 05
THE MILTONIA RESIDENCES,"1,180,000",936.47,"1,260",Jun-26,MILTONIA CLOSE,Resale,Strata,87,"13,563",-,Condominium,1,99 yrs lease commencing from 2010,27,Outside Central Region,01 to 05
THE COMMODORE,"1,920,000","1,184.04","1,622",Jun-26,CANBERRA DRIVE,Resale,Strata,110,"17,455",-,Condominium,1,99 yrs lease commencing from 2020,27,Outside Central Region,01 to 05
THE WATERGARDENS AT CANBERRA,"1,160,000",678.13,"1,711",Jun-26,CANBERRA DRIVE,Sub Sale,Strata,63,"18,413",-,Apartment,1,99 yrs lease commencing from 2020,27,Outside Central Region,01 to 05
THE WATERGARDENS AT CANBERRA,"1,220,000",753.48,"1,619",Jun-26,CANBERRA DRIVE,Sub Sale,Strata,70,"17,429",-,Apartment,1,99 yrs lease commencing from 2020,27,Outside Central Region,01 to 05
EIGHT COURTYARDS,"1,460,000","1,087.16","1,343",Jun-26,CANBERRA DRIVE,Resale,Strata,101,"14,455",-,Condominium,1,99 yrs lease commencing from 2010,27,Outside Central Region,01 to 05
THE WISTERIA,"1,328,000",968.76,"1,371",Jun-26,YISHUN RING ROAD,Resale,Strata,90,"14,756",-,Apartment,1,99 yrs lease commencing from 2015,27,Outside Central Region,06 to 10
EIGHT COURTYARDS,"1,050,000",753.48,"1,394",Jun-26,CANBERRA DRIVE,Resale,Strata,70,"15,000",-,Condominium,1,99 yrs lease commencing from 2010,27,Outside Central Region,01 to 05
THE WATERGARDENS AT CANBERRA,"2,295,000","1,302.44","1,762",Jun-26,CANBERRA DRIVE,Sub Sale,Strata,121,"18,967",-,Apartment,1,99 yrs lease commencing from 2020,27,Outside Central Region,01 to 05
THE WATERGARDENS AT CANBERRA,"1,648,000",958,"1,720",Jun-26,CANBERRA DRIVE,Sub Sale,Strata,89,"18,517",-,Apartment,1,99 yrs lease commencing from 2020,27,Outside Central Region,01 to 05
CANBERRA CRESCENT RESIDENCES,"1,995,861",990.29,"2,015",Jun-26,CANBERRA CRESCENT,New Sale,Strata,92,"21,694",-,Apartment,1,99 yrs lease commencing from 2024,27,Outside Central Region,01 to 05
EIGHT COURTYARDS,"1,278,000",958,"1,334",Jun-26,CANBERRA DRIVE,Resale,Strata,89,"14,360",-,Condominium,1,99 yrs lease commencing from 2010,27,Outside Central Region,01 to 05
THE MILTONIA RESIDENCES,"1,060,688",861.12,"1,232",Jun-26,MILTONIA CLOSE,Resale,Strata,80,"13,259",-,Condominium,1,99 yrs lease commencing from 2010,27,Outside Central Region,01 to 05
ORCHID PARK CONDOMINIUM,"1,830,000","1,733","1,056",Jun-26,YISHUN STREET 81,Resale,Strata,161,"11,366",-,Condominium,1,99 yrs lease commencing from 1991,27,Outside Central Region,11 to 15
NORTH PARK RESIDENCES,"1,100,000",656.6,"1,675",Jun-26,YISHUN CENTRAL 1,Resale,Strata,61,"18,033",-,Apartment,1,99 yrs lease commencing from 2015,27,Outside Central Region,01 to 05
SYMPHONY SUITES,"1,240,000",914.94,"1,355",Jun-26,YISHUN CLOSE,Resale,Strata,85,"14,588",-,Condominium,1,99 yrs lease commencing from 2014,27,Outside Central Region,11 to 15
THE ESTUARY,"1,850,000","1,313.21","1,409",Jun-26,YISHUN AVENUE 1,Resale,Strata,122,"15,164",-,Condominium,1,99 yrs lease commencing from 2008,27,Outside Central Region,11 to 15
SKIES MILTONIA,"1,260,000",968.76,"1,301",Jun-26,MILTONIA CLOSE,Resale,Strata,90,"14,000",-,Condominium,1,99 yrs lease commencing from 2012,27,Outside Central Region,06 to 10
SYMPHONY SUITES,"1,420,000","1,022.58","1,389",Jun-26,YISHUN CLOSE,Resale,Strata,95,"14,947",-,Condominium,1,99 yrs lease commencing from 2014,27,Outside Central Region,06 to 10
SUN PLAZA,"1,050,000","1,065.64",985,Jun-26,SEMBAWANG DRIVE,Resale,Strata,99,"10,606",-,Apartment,1,99 yrs lease commencing from 1996,27,Outside Central Region,06 to 10
SYMPHONY SUITES,"1,230,000",914.94,"1,344",Jun-26,YISHUN CLOSE,Resale,Strata,85,"14,471",-,Condominium,1,99 yrs lease commencing from 2014,27,Outside Central Region,11 to 15
SKIES MILTONIA,"915,000",721.19,"1,269",Jun-26,MILTONIA CLOSE,Resale,Strata,67,"13,657",-,Condominium,1,99 yrs lease commencing from 2012,27,Outside Central Region,01 to 05
THE COMMODORE,"1,618,000",968.76,"1,670",Jun-26,CANBERRA DRIVE,Resale,Strata,90,"17,978",-,Condominium,1,99 yrs lease commencing from 2020,27,Outside Central Region,01 to 05
YISHUN EMERALD,"1,590,000","1,356.26","1,172",Jun-26,CANBERRA DRIVE,Resale,Strata,126,"12,619",-,Condominium,1,99 yrs lease commencing from 1998,27,Outside Central Region,11 to 15
EIGHT COURTYARDS,"1,540,000","1,140.98","1,350",Jun-26,CANBERRA DRIVE,Resale,Strata,106,"14,528",-,Condominium,1,99 yrs lease commencing from 2010,27,Outside Central Region,01 to 05
THE MILTONIA RESIDENCES,"1,086,888","1,001.05","1,086",Jun-26,MILTONIA CLOSE,Resale,Strata,93,"11,687",-,Condominium,1,99 yrs lease commencing from 2010,27,Outside Central Region,01 to 05
THE WATERGARDENS AT CANBERRA,"1,750,000","1,162.51","1,505",Jun-26,CANBERRA DRIVE,Sub Sale,Strata,108,"16,204",-,Apartment,1,99 yrs lease commencing from 2020,27,Outside Central Region,01 to 05
YISHUN EMERALD,"1,650,000","1,399.32","1,179",May-26,CANBERRA DRIVE,Resale,Strata,130,"12,692",-,Condominium,1,99 yrs lease commencing from 1998,27,Outside Central Region,06 to 10
CANBERRA RESIDENCES,"1,197,000","1,076.4","1,112",May-26,CANBERRA DRIVE,Resale,Strata,100,"11,970",-,Condominium,1,99 yrs lease commencing from 2010,27,Outside Central Region,01 to 05
THE MILTONIA RESIDENCES,"1,058,000",861.12,"1,229",May-26,MILTONIA CLOSE,Resale,Strata,80,"13,225",-,Condominium,1,99 yrs lease commencing from 2010,27,Outside Central Region,01 to 05
SKIES MILTONIA,"960,000",710.42,"1,351",May-26,MILTONIA CLOSE,Resale,Strata,66,"14,545",-,Condominium,1,99 yrs lease commencing from 2012,27,Outside Central Region,11 to 15
THE WATERGARDENS AT CANBERRA,"1,035,000",645.84,"1,603",May-26,CANBERRA DRIVE,Sub Sale,Strata,60,"17,250",-,Apartment,1,99 yrs lease commencing from 2020,27,Outside Central Region,01 to 05
CANBERRA CRESCENT RESIDENCES,"1,990,912",990.29,"2,010",May-26,CANBERRA CRESCENT,New Sale,Strata,92,"21,640",-,Apartment,1,99 yrs lease commencing from 2024,27,Outside Central Region,01 to 05
CANBERRA CRESCENT RESIDENCES,"2,372,894","1,216.33","1,951",May-26,CANBERRA CRESCENT,New Sale,Strata,113,"20,999",-,Apartment,1,99 yrs lease commencing from 2024,27,Outside Central Region,01 to 05
EIGHT COURTYARDS,"1,980,000","1,377.79","1,437",May-26,CANBERRA DRIVE,Resale,Strata,128,"15,469",-,Condominium,1,99 yrs lease commencing from 2010,27,Outside Central Region,01 to 05
CANBERRA RESIDENCES,"1,140,000",936.47,"1,217",May-26,CANBERRA DRIVE,Resale,Strata,87,"13,103",-,Condominium,1,99 yrs lease commencing from 2010,27,Outside Central Region,01 to 05
CANBERRA RESIDENCES,"1,398,888","1,140.98","1,226",May-26,CANBERRA DRIVE,Resale,Strata,106,"13,197",-,Condominium,1,99 yrs lease commencing from 2010,27,Outside Central Region,01 to 05
NORTH PARK RESIDENCES,"1,612,000",828.83,"1,945",May-26,YISHUN CENTRAL 1,Resale,Strata,77,"20,935",-,Apartment,1,99 yrs lease commencing from 2015,27,Outside Central Region,11 to 15
CANBERRA CRESCENT RESIDENCES,"2,045,800",990.29,"2,066",May-26,CANBERRA CRESCENT,New Sale,Strata,92,"22,237",-,Apartment,1,99 yrs lease commencing from 2024,27,Outside Central Region,06 to 10
THE ESTUARY,"1,500,000","1,302.44","1,152",May-26,YISHUN AVENUE 1,Resale,Strata,121,"12,397",-,Condominium,1,99 yrs lease commencing from 2008,27,Outside Central Region,01 to 05
SYMPHONY SUITES,"1,200,000",914.94,"1,312",May-26,YISHUN CLOSE,Resale,Strata,85,"14,118",-,Condominium,1,99 yrs lease commencing from 2014,27,Outside Central Region,01 to 05
ORCHID PARK CONDOMINIUM,"950,000",979.52,970,May-26,YISHUN STREET 81,Resale,Strata,91,"10,440",-,Condominium,1,99 yrs lease commencing from 1991,27,Outside Central Region,06 to 10
KANDIS RESIDENCE,"978,000",796.54,"1,228",May-26,KANDIS LINK,Resale,Strata,74,"13,216",-,Condominium,1,99 yrs lease commencing from 2016,27,Outside Central Region,01 to 05
CANBERRA CRESCENT RESIDENCES,"2,005,900",990.29,"2,026",May-26,CANBERRA CRESCENT,New Sale,Strata,92,"21,803",-,Apartment,1,99 yrs lease commencing from 2024,27,Outside Central Region,06 to 10
CANBERRA CRESCENT RESIDENCES,"2,040,700",990.29,"2,061",May-26,CANBERRA CRESCENT,New Sale,Strata,92,"22,182",-,Apartment,1,99 yrs lease commencing from 2024,27,Outside Central Region,06 to 10
EUPHONY GARDENS,"1,155,000","1,194.8",967,May-26,JALAN MATA AYER,Resale,Strata,111,"10,405",-,Condominium,1,99 yrs lease commencing from 1998,27,Outside Central Region,01 to 05
SKIES MILTONIA,"955,000",721.19,"1,324",May-26,MILTONIA CLOSE,Resale,Strata,67,"14,254",-,Condominium,1,99 yrs lease commencing from 2012,27,Outside Central Region,06 to 10
THE WATERGARDENS AT CANBERRA,"1,638,888",958,"1,711",May-26,CANBERRA DRIVE,Sub Sale,Strata,89,"18,414",-,Apartment,1,99 yrs lease commencing from 2020,27,Outside Central Region,01 to 05
NORTH PARK RESIDENCES,"1,240,000",635.08,"1,953",May-26,YISHUN CENTRAL 1,Resale,Strata,59,"21,017",-,Apartment,1,99 yrs lease commencing from 2015,27,Outside Central Region,06 to 10
YISHUN EMERALD,"1,610,000","1,399.32","1,151",May-26,CANBERRA DRIVE,Resale,Strata,130,"12,385",-,Condominium,1,99 yrs lease commencing from 1998,27,Outside Central Region,01 to 05
SELETARIS,"2,180,000","1,636.13","1,332",May-26,SEMBAWANG ROAD,Resale,Strata,152,"14,342",-,Condominium,1,Freehold,27,Outside Central Region,01 to 05
SYMPHONY SUITES,"970,000",688.9,"1,408",May-26,YISHUN CLOSE,Resale,Strata,64,"15,156",-,Condominium,1,99 yrs lease commencing from 2014,27,Outside Central Region,11 to 15
SYMPHONY SUITES,"1,230,000",893.41,"1,377",May-26,YISHUN CLOSE,Resale,Strata,83,"14,819",-,Condominium,1,99 yrs lease commencing from 2014,27,Outside Central Region,11 to 15
SYMPHONY SUITES,"1,180,000",914.94,"1,290",May-26,YISHUN CLOSE,Resale,Strata,85,"13,882",-,Condominium,1,99 yrs lease commencing from 2014,27,Outside Central Region,01 to 05
THE WATERGARDENS AT CANBERRA,"1,300,000",753.48,"1,725",May-26,CANBERRA DRIVE,Sub Sale,Strata,70,"18,571",-,Apartment,1,99 yrs lease commencing from 2020,27,Outside Central Region,01 to 05
YISHUN SAPPHIRE,"1,368,000","1,216.33","1,125",May-26,CANBERRA DRIVE,Resale,Strata,113,"12,106",-,Condominium,1,99 yrs lease commencing from 1998,27,Outside Central Region,01 to 05
EUPHONY GARDENS,"1,000,888","1,076.4",930,May-26,JALAN MATA AYER,Resale,Strata,100,"10,009",-,Condominium,1,99 yrs lease commencing from 1998,27,Outside Central Region,01 to 05
SYMPHONY SUITES,"955,000",688.9,"1,386",May-26,YISHUN CLOSE,Resale,Strata,64,"14,922",-,Condominium,1,99 yrs lease commencing from 2014,27,Outside Central Region,06 to 10
THE MILTONIA RESIDENCES,"1,030,000",861.12,"1,196",May-26,MILTONIA CLOSE,Resale,Strata,80,"12,875",-,Condominium,1,99 yrs lease commencing from 2010,27,Outside Central Region,01 to 05
THE WATERGARDENS AT CANBERRA,"1,693,888","1,162.51","1,457",May-26,CANBERRA DRIVE,Sub Sale,Strata,108,"15,684",-,Apartment,1,99 yrs lease commencing from 2020,27,Outside Central Region,01 to 05
SKIES MILTONIA,"1,288,000",968.76,"1,330",May-26,MILTONIA CLOSE,Resale,Strata,90,"14,311",-,Condominium,1,99 yrs lease commencing from 2012,27,Outside Central Region,06 to 10
THE NAUTICAL,"1,360,000",990.29,"1,373",May-26,JALAN SENDUDOK,Resale,Strata,92,"14,783",-,Condominium,1,99 yrs lease commencing from 2011,27,Outside Central Region,01 to 05
CANBERRA CRESCENT RESIDENCES,"2,016,000",990.29,"2,036",May-26,CANBERRA CRESCENT,New Sale,Strata,92,"21,913",-,Apartment,1,99 yrs lease commencing from 2024,27,Outside Central Region,11 to 15
CANBERRA CRESCENT RESIDENCES,"2,482,200","1,216.33","2,041",May-26,CANBERRA CRESCENT,New Sale,Strata,113,"21,966",-,Apartment,1,99 yrs lease commencing from 2024,27,Outside Central Region,11 to 15
CANBERRA CRESCENT RESIDENCES,"2,700,639","1,323.97","2,040",May-26,CANBERRA CRESCENT,New Sale,Strata,123,"21,956",-,Apartment,1,99 yrs lease commencing from 2024,27,Outside Central Region,11 to 15
CANBERRA CRESCENT RESIDENCES,"2,001,000",990.29,"2,021",Apr-26,CANBERRA CRESCENT,New Sale,Strata,92,"21,750",-,Apartment,1,99 yrs lease commencing from 2024,27,Outside Central Region,06 to 10
CANBERRA CRESCENT RESIDENCES,"2,673,874","1,323.97","2,020",Apr-26,CANBERRA CRESCENT,New Sale,Strata,123,"21,739",-,Apartment,1,99 yrs lease commencing from 2024,27,Outside Central Region,06 to 10
NORTH PARK RESIDENCES,"1,350,000",775.01,"1,742",Apr-26,YISHUN CENTRAL 1,Resale,Strata,72,"18,750",-,Apartment,1,99 yrs lease commencing from 2015,27,Outside Central Region,01 to 05
YISHUN EMERALD,"1,315,000","1,205.57","1,091",Apr-26,CANBERRA DRIVE,Resale,Strata,112,"11,741",-,Condominium,1,99 yrs lease commencing from 1998,27,Outside Central Region,06 to 10
SKIES MILTONIA,"1,438,000","1,184.04","1,214",Apr-26,MILTONIA CLOSE,Resale,Strata,110,"13,073",-,Condominium,1,99 yrs lease commencing from 2012,27,Outside Central Region,06 to 10
CANBERRA CRESCENT RESIDENCES,"2,056,100",990.29,"2,076",Apr-26,CANBERRA CRESCENT,New Sale,Strata,92,"22,349",-,Apartment,1,99 yrs lease commencing from 2024,27,Outside Central Region,06 to 10
YISHUN SAPPHIRE,"1,622,000","1,399.32","1,159",Apr-26,CANBERRA DRIVE,Resale,Strata,130,"12,477",-,Condominium,1,99 yrs lease commencing from 1998,27,Outside Central Region,06 to 10
NORTH PARK RESIDENCES,"805,000",430.56,"1,870",Apr-26,YISHUN CENTRAL 1,Resale,Strata,40,"20,125",-,Apartment,1,99 yrs lease commencing from 2015,27,Outside Central Region,11 to 15
CANBERRA CRESCENT RESIDENCES,"2,050,900",990.29,"2,071",Apr-26,CANBERRA CRESCENT,New Sale,Strata,92,"22,292",-,Apartment,1,99 yrs lease commencing from 2024,27,Outside Central Region,06 to 10
YISHUN SAPPHIRE,"1,620,000","1,399.32","1,158",Apr-26,CANBERRA DRIVE,Resale,Strata,130,"12,462",-,Condominium,1,99 yrs lease commencing from 1998,27,Outside Central Region,01 to 05
THE COMMODORE,"1,820,000","1,022.58","1,780",Apr-26,CANBERRA DRIVE,Resale,Strata,95,"19,158",-,Condominium,1,99 yrs lease commencing from 2020,27,Outside Central Region,01 to 05
SKIES MILTONIA,"3,500,000","4,671.58",749,Apr-26,MILTONIA CLOSE,Resale,Strata,434,"8,065",-,Condominium,1,99 yrs lease commencing from 2012,27,Outside Central Region,-
YISHUN EMERALD,"1,350,000","1,194.8","1,130",Apr-26,CANBERRA DRIVE,Resale,Strata,111,"12,162",-,Condominium,1,99 yrs lease commencing from 1998,27,Outside Central Region,06 to 10
CANBERRA RESIDENCES,"800,000",613.55,"1,304",Apr-26,CANBERRA DRIVE,Resale,Strata,57,"14,035",-,Condominium,1,99 yrs lease commencing from 2010,27,Outside Central Region,01 to 05
THE WATERGARDENS AT CANBERRA,"2,428,000","1,302.44","1,864",Apr-26,CANBERRA DRIVE,Sub Sale,Strata,121,"20,066",-,Apartment,1,99 yrs lease commencing from 2020,27,Outside Central Region,01 to 05
CANBERRA CRESCENT RESIDENCES,"2,355,200","1,216.33","1,936",Apr-26,CANBERRA CRESCENT,New Sale,Strata,113,"20,842",-,Apartment,1,99 yrs lease commencing from 2024,27,Outside Central Region,01 to 05
NORTH PARK RESIDENCES,"2,188,000","1,248.62","1,752",Apr-26,YISHUN CENTRAL 1,Resale,Strata,116,"18,862",-,Apartment,1,99 yrs lease commencing from 2015,27,Outside Central Region,01 to 05
NORTH PARK RESIDENCES,"1,355,000",731.95,"1,851",Apr-26,YISHUN CENTRAL 1,Resale,Strata,68,"19,926",-,Apartment,1,99 yrs lease commencing from 2015,27,Outside Central Region,06 to 10
SYMPHONY SUITES,"1,420,000","1,022.58","1,389",Apr-26,YISHUN CLOSE,Resale,Strata,95,"14,947",-,Condominium,1,99 yrs lease commencing from 2014,27,Outside Central Region,11 to 15
CANBERRA CRESCENT RESIDENCES,"2,365,218","1,173.28","2,016",Apr-26,CANBERRA CRESCENT,New Sale,Strata,109,"21,699",-,Apartment,1,99 yrs lease commencing from 2024,27,Outside Central Region,11 to 15
EIGHT COURTYARDS,"1,655,000","1,151.75","1,437",Apr-26,CANBERRA DRIVE,Resale,Strata,107,"15,467",-,Condominium,1,99 yrs lease commencing from 2010,27,Outside Central Region,11 to 15
THE COMMODORE,"1,600,000",968.76,"1,652",Apr-26,CANBERRA DRIVE,Resale,Strata,90,"17,778",-,Condominium,1,99 yrs lease commencing from 2020,27,Outside Central Region,01 to 05
SKIES MILTONIA,"3,450,000","4,671.58",739,Apr-26,MILTONIA CLOSE,Resale,Strata,434,"7,949",-,Condominium,1,99 yrs lease commencing from 2012,27,Outside Central Region,-
CANBERRA CRESCENT RESIDENCES,"1,996,000",990.29,"2,016",Apr-26,CANBERRA CRESCENT,New Sale,Strata,92,"21,696",-,Apartment,1,99 yrs lease commencing from 2024,27,Outside Central Region,06 to 10
SYMPHONY SUITES,"940,000",688.9,"1,365",Apr-26,YISHUN CLOSE,Resale,Strata,64,"14,688",-,Condominium,1,99 yrs lease commencing from 2014,27,Outside Central Region,01 to 05
THE COMMODORE,"1,318,000",785.77,"1,677",Apr-26,CANBERRA DRIVE,Resale,Strata,73,"18,055",-,Condominium,1,99 yrs lease commencing from 2020,27,Outside Central Region,01 to 05
NORTH PARK RESIDENCES,"800,888",430.56,"1,860",Apr-26,YISHUN CENTRAL 1,Resale,Strata,40,"20,022",-,Apartment,1,99 yrs lease commencing from 2015,27,Outside Central Region,06 to 10
SELETARIS,"1,770,000","1,388.56","1,275",Apr-26,SEMBAWANG ROAD,Resale,Strata,129,"13,721",-,Condominium,1,Freehold,27,Outside Central Region,01 to 05
CANBERRA CRESCENT RESIDENCES,"1,981,100",990.29,"2,001",Apr-26,CANBERRA CRESCENT,New Sale,Strata,92,"21,534",-,Apartment,1,99 yrs lease commencing from 2024,27,Outside Central Region,01 to 05
CANBERRA RESIDENCES,"1,050,000",850.36,"1,235",Apr-26,CANBERRA DRIVE,Resale,Strata,79,"13,291",-,Condominium,1,99 yrs lease commencing from 2010,27,Outside Central Region,01 to 05
EIGHT COURTYARDS,"1,198,000",861.12,"1,391",Apr-26,CANBERRA DRIVE,Resale,Strata,80,"14,975",-,Condominium,1,99 yrs lease commencing from 2010,27,Outside Central Region,11 to 15
THE MILTONIA RESIDENCES,"1,788,000","1,506.96","1,186",Apr-26,MILTONIA CLOSE,Resale,Strata,140,"12,771",-,Condominium,1,99 yrs lease commencing from 2010,27,Outside Central Region,01 to 05
THE MILTONIA RESIDENCES,"1,860,000","1,517.72","1,226",Mar-26,MILTONIA CLOSE,Resale,Strata,141,"13,191",-,Condominium,1,99 yrs lease commencing from 2010,27,Outside Central Region,01 to 05
THE NAUTICAL,"1,603,000","1,388.56","1,154",Mar-26,JALAN SENDUDOK,Resale,Strata,129,"12,426",-,Condominium,1,99 yrs lease commencing from 2011,27,Outside Central Region,01 to 05
CANBERRA CRESCENT RESIDENCES,"2,367,100","1,216.33","1,946",Mar-26,CANBERRA CRESCENT,New Sale,Strata,113,"20,948",-,Apartment,1,99 yrs lease commencing from 2024,27,Outside Central Region,01 to 05
CANBERRA CRESCENT RESIDENCES,"2,378,800","1,216.33","1,956",Mar-26,CANBERRA CRESCENT,New Sale,Strata,113,"21,051",-,Apartment,1,99 yrs lease commencing from 2024,27,Outside Central Region,06 to 10
CANBERRA CRESCENT RESIDENCES,"2,066,300",990.29,"2,087",Mar-26,CANBERRA CRESCENT,New Sale,Strata,92,"22,460",-,Apartment,1,99 yrs lease commencing from 2024,27,Outside Central Region,11 to 15
EUPHONY GARDENS,"1,748,000","1,894.46",923,Mar-26,JALAN MATA AYER,Resale,Strata,176,"9,932",-,Condominium,1,99 yrs lease commencing from 1998,27,Outside Central Region,01 to 05
EUPHONY GARDENS,"980,000","1,054.87",929,Mar-26,JALAN MATA AYER,Resale,Strata,98,"10,000",-,Condominium,1,99 yrs lease commencing from 1998,27,Outside Central Region,01 to 05
CANBERRA CRESCENT RESIDENCES,"2,373,000","1,216.33","1,951",Mar-26,CANBERRA CRESCENT,New Sale,Strata,113,"21,000",-,Apartment,1,99 yrs lease commencing from 2024,27,Outside Central Region,06 to 10
YISHUN SAPPHIRE,"1,635,000","1,517.72","1,077",Mar-26,CANBERRA DRIVE,Resale,Strata,141,"11,596",-,Condominium,1,99 yrs lease commencing from 1998,27,Outside Central Region,01 to 05
NORTHWOOD,"1,635,000","1,313.21","1,245",Mar-26,JALAN MATA AYER,Resale,Strata,122,"13,402",-,Condominium,1,Freehold,27,Outside Central Region,01 to 05
SYMPHONY SUITES,"1,250,000",914.94,"1,366",Mar-26,YISHUN CLOSE,Resale,Strata,85,"14,706",-,Condominium,1,99 yrs lease commencing from 2014,27,Outside Central Region,06 to 10
SYMPHONY SUITES,"973,000",688.9,"1,412",Mar-26,YISHUN CLOSE,Resale,Strata,64,"15,203",-,Condominium,1,99 yrs lease commencing from 2014,27,Outside Central Region,11 to 15
EUPHONY GARDENS,"1,480,000","1,517.72",975,Mar-26,JALAN MATA AYER,Resale,Strata,141,"10,496",-,Condominium,1,99 yrs lease commencing from 1998,27,Outside Central Region,01 to 05
CANBERRA CRESCENT RESIDENCES,"2,390,700","1,216.33","1,965",Mar-26,CANBERRA CRESCENT,New Sale,Strata,113,"21,157",-,Apartment,1,99 yrs lease commencing from 2024,27,Outside Central Region,06 to 10
THE WATERGARDENS AT CANBERRA,"1,675,000",958,"1,748",Mar-26,CANBERRA DRIVE,Sub Sale,Strata,89,"18,820",-,Apartment,1,99 yrs lease commencing from 2020,27,Outside Central Region,01 to 05
EIGHT COURTYARDS,"1,630,000","1,151.75","1,415",Mar-26,CANBERRA DRIVE,Resale,Strata,107,"15,234",-,Condominium,1,99 yrs lease commencing from 2010,27,Outside Central Region,11 to 15
THE WATERGARDENS AT CANBERRA,"1,300,000",753.48,"1,725",Mar-26,CANBERRA DRIVE,Sub Sale,Strata,70,"18,571",-,Apartment,1,99 yrs lease commencing from 2020,27,Outside Central Region,01 to 05
THE WATERGARDENS AT CANBERRA,"2,020,000","1,108.69","1,822",Mar-26,CANBERRA DRIVE,Sub Sale,Strata,103,"19,612",-,Apartment,1,99 yrs lease commencing from 2020,27,Outside Central Region,01 to 05
SKIES MILTONIA,"1,060,000",925.7,"1,145",Mar-26,MILTONIA CLOSE,Resale,Strata,86,"12,326",-,Condominium,1,99 yrs lease commencing from 2012,27,Outside Central Region,01 to 05
SYMPHONY SUITES,"1,080,000",796.54,"1,356",Mar-26,YISHUN CLOSE,Resale,Strata,74,"14,595",-,Condominium,1,99 yrs lease commencing from 2014,27,Outside Central Region,06 to 10
SUN PLAZA,"1,560,000","1,356.26","1,150",Mar-26,SEMBAWANG DRIVE,Resale,Strata,126,"12,381",-,Apartment,1,99 yrs lease commencing from 1996,27,Outside Central Region,06 to 10
ORCHID PARK CONDOMINIUM,"980,000",958,"1,023",Mar-26,YISHUN STREET 81,Resale,Strata,89,"11,011",-,Condominium,1,99 yrs lease commencing from 1991,27,Outside Central Region,06 to 10
SYMPHONY SUITES,"1,188,000",914.94,"1,298",Mar-26,YISHUN CLOSE,Resale,Strata,85,"13,976",-,Condominium,1,99 yrs lease commencing from 2014,27,Outside Central Region,06 to 10
YISHUN EMERALD,"1,005,000","1,033.34",973,Mar-26,CANBERRA DRIVE,Resale,Strata,96,"10,469",-,Condominium,1,99 yrs lease commencing from 1998,27,Outside Central Region,01 to 05
CANBERRA CRESCENT RESIDENCES,"2,402,700","1,216.33","1,975",Mar-26,CANBERRA CRESCENT,New Sale,Strata,113,"21,263",-,Apartment,1,99 yrs lease commencing from 2024,27,Outside Central Region,11 to 15
YISHUN SAPPHIRE,"1,528,000","1,431.61","1,067",Mar-26,CANBERRA DRIVE,Resale,Strata,133,"11,489",-,Condominium,1,99 yrs lease commencing from 1998,27,Outside Central Region,01 to 05
THE MILTONIA RESIDENCES,"1,018,000",861.12,"1,182",Mar-26,MILTONIA CLOSE,Resale,Strata,80,"12,725",-,Condominium,1,99 yrs lease commencing from 2010,27,Outside Central Region,01 to 05
CANBERRA CRESCENT RESIDENCES,"2,189,300","1,162.51","1,883",Mar-26,CANBERRA CRESCENT,New Sale,Strata,108,"20,271",-,Apartment,1,99 yrs lease commencing from 2024,27,Outside Central Region,01 to 05
THE COMMODORE,"828,000",462.85,"1,789",Mar-26,CANBERRA DRIVE,Resale,Strata,43,"19,256",-,Condominium,1,99 yrs lease commencing from 2020,27,Outside Central Region,01 to 05
THE MILTONIA RESIDENCES,"962,000",839.59,"1,146",Mar-26,MILTONIA CLOSE,Resale,Strata,78,"12,333",-,Condominium,1,99 yrs lease commencing from 2010,27,Outside Central Region,01 to 05
YISHUN EMERALD,"1,090,000",958,"1,138",Mar-26,CANBERRA DRIVE,Resale,Strata,89,"12,247",-,Condominium,1,99 yrs lease commencing from 1998,27,Outside Central Region,11 to 15
CANBERRA CRESCENT RESIDENCES,"2,408,700","1,216.33","1,980",Feb-26,CANBERRA CRESCENT,New Sale,Strata,113,"21,316",-,Apartment,1,99 yrs lease commencing from 2024,27,Outside Central Region,11 to 15
THE WATERGARDENS AT CANBERRA,"2,280,000","1,302.44","1,751",Feb-26,CANBERRA DRIVE,Sub Sale,Strata,121,"18,843",-,Apartment,1,99 yrs lease commencing from 2020,27,Outside Central Region,01 to 05
CANBERRA CRESCENT RESIDENCES,"2,071,500",990.29,"2,092",Feb-26,CANBERRA CRESCENT,New Sale,Strata,92,"22,516",-,Apartment,1,99 yrs lease commencing from 2024,27,Outside Central Region,11 to 15
THE WATERGARDENS AT CANBERRA,"1,290,000",753.48,"1,712",Feb-26,CANBERRA DRIVE,Sub Sale,Strata,70,"18,429",-,Apartment,1,99 yrs lease commencing from 2020,27,Outside Central Region,01 to 05
YISHUN SAPPHIRE,"1,320,000","1,216.33","1,085",Feb-26,CANBERRA DRIVE,Resale,Strata,113,"11,681",-,Condominium,1,99 yrs lease commencing from 1998,27,Outside Central Region,06 to 10
THE COMMODORE,"1,303,888",742.72,"1,756",Feb-26,CANBERRA DRIVE,Resale,Strata,69,"18,897",-,Condominium,1,99 yrs lease commencing from 2020,27,Outside Central Region,01 to 05
SYMPHONY SUITES,"1,440,000","1,022.58","1,408",Feb-26,YISHUN CLOSE,Resale,Strata,95,"15,158",-,Condominium,1,99 yrs lease commencing from 2014,27,Outside Central Region,11 to 15
KANDIS RESIDENCE,"1,310,000",936.47,"1,399",Feb-26,KANDIS LINK,Resale,Strata,87,"15,057",-,Condominium,1,99 yrs lease commencing from 2016,27,Outside Central Region,01 to 05
YISHUN SAPPHIRE,"1,310,000","1,184.04","1,106",Feb-26,CANBERRA DRIVE,Resale,Strata,110,"11,909",-,Condominium,1,99 yrs lease commencing from 1998,27,Outside Central Region,11 to 15
SYMPHONY SUITES,"1,158,000",893.41,"1,296",Feb-26,YISHUN CLOSE,Resale,Strata,83,"13,952",-,Condominium,1,99 yrs lease commencing from 2014,27,Outside Central Region,01 to 05
THE COMMODORE,"1,120,000",624.31,"1,794",Feb-26,CANBERRA DRIVE,Resale,Strata,58,"19,310",-,Condominium,1,99 yrs lease commencing from 2020,27,Outside Central Region,01 to 05
ORCHID PARK CONDOMINIUM,"1,190,000","1,194.8",996,Feb-26,YISHUN STREET 81,Resale,Strata,111,"10,721",-,Condominium,1,99 yrs lease commencing from 1991,27,Outside Central Region,06 to 10
CANBERRA CRESCENT RESIDENCES,"2,336,000","1,173.28","1,991",Feb-26,CANBERRA CRESCENT,New Sale,Strata,109,"21,431",-,Apartment,1,99 yrs lease commencing from 2024,27,Outside Central Region,11 to 15
SKIES MILTONIA,"940,000",710.42,"1,323",Feb-26,MILTONIA CLOSE,Resale,Strata,66,"14,242",-,Condominium,1,99 yrs lease commencing from 2012,27,Outside Central Region,01 to 05
CANBERRA CRESCENT RESIDENCES,"2,426,000","1,216.33","1,995",Feb-26,CANBERRA CRESCENT,New Sale,Strata,113,"21,469",-,Apartment,1,99 yrs lease commencing from 2024,27,Outside Central Region,01 to 05
THE ESTUARY,"1,480,000","1,119.46","1,322",Feb-26,YISHUN AVENUE 1,Resale,Strata,104,"14,231",-,Condominium,1,99 yrs lease commencing from 2008,27,Outside Central Region,11 to 15
NORTH PARK RESIDENCES,"2,050,000","1,162.51","1,763",Feb-26,YISHUN CENTRAL 1,Resale,Strata,108,"18,981",-,Apartment,1,99 yrs lease commencing from 2015,27,Outside Central Region,01 to 05
THE ESTUARY,"1,800,000","1,184.04","1,520",Feb-26,YISHUN AVENUE 1,Resale,Strata,110,"16,364",-,Condominium,1,99 yrs lease commencing from 2008,27,Outside Central Region,11 to 15
THE WATERGARDENS AT CANBERRA,"1,658,000",958,"1,731",Feb-26,CANBERRA DRIVE,Sub Sale,Strata,89,"18,629",-,Apartment,1,99 yrs lease commencing from 2020,27,Outside Central Region,01 to 05
EUPHONY GARDENS,"1,050,000","1,076.4",975,Feb-26,JALAN MATA AYER,Resale,Strata,100,"10,500",-,Condominium,1,99 yrs lease commencing from 1998,27,Outside Central Region,01 to 05
NINE RESIDENCES,"1,250,000",904.18,"1,382",Feb-26,YISHUN AVENUE 9,Resale,Strata,84,"14,881",-,Apartment,1,99 yrs lease commencing from 2013,27,Outside Central Region,06 to 10
THE MILTONIA RESIDENCES,"1,030,000",839.59,"1,227",Feb-26,MILTONIA CLOSE,Resale,Strata,78,"13,205",-,Condominium,1,99 yrs lease commencing from 2010,27,Outside Central Region,01 to 05
SKIES MILTONIA,"668,000",484.38,"1,379",Feb-26,MILTONIA CLOSE,Resale,Strata,45,"14,844",-,Condominium,1,99 yrs lease commencing from 2012,27,Outside Central Region,01 to 05
THE ESTUARY,"1,260,000",925.7,"1,361",Feb-26,YISHUN AVENUE 1,Resale,Strata,86,"14,651",-,Condominium,1,99 yrs lease commencing from 2008,27,Outside Central Region,06 to 10
SYMPHONY SUITES,"1,420,000","1,022.58","1,389",Feb-26,YISHUN CLOSE,Resale,Strata,95,"14,947",-,Condominium,1,99 yrs lease commencing from 2014,27,Outside Central Region,01 to 05
CANBERRA CRESCENT RESIDENCES,"2,011,000",990.29,"2,031",Feb-26,CANBERRA CRESCENT,New Sale,Strata,92,"21,859",-,Apartment,1,99 yrs lease commencing from 2024,27,Outside Central Region,11 to 15
CANBERRA CRESCENT RESIDENCES,"2,257,200","1,162.51","1,942",Feb-26,CANBERRA CRESCENT,New Sale,Strata,108,"20,900",-,Apartment,1,99 yrs lease commencing from 2024,27,Outside Central Region,01 to 05
YISHUN SAPPHIRE,"1,580,000","1,356.26","1,165",Feb-26,CANBERRA DRIVE,Resale,Strata,126,"12,540",-,Condominium,1,99 yrs lease commencing from 1998,27,Outside Central Region,11 to 15
THE WATERGARDENS AT CANBERRA,"2,399,900","1,528.49","1,570",Feb-26,CANBERRA DRIVE,Sub Sale,Strata,142,"16,901",-,Apartment,1,99 yrs lease commencing from 2020,27,Outside Central Region,01 to 05
EIGHT COURTYARDS,"1,650,000","1,151.75","1,433",Feb-26,CANBERRA DRIVE,Resale,Strata,107,"15,421",-,Condominium,1,99 yrs lease commencing from 2010,27,Outside Central Region,06 to 10
YISHUN EMERALD,"1,068,000","1,022.58","1,044",Feb-26,CANBERRA DRIVE,Resale,Strata,95,"11,242",-,Condominium,1,99 yrs lease commencing from 1998,27,Outside Central Region,06 to 10
THE MILTONIA RESIDENCES,"1,150,000",936.47,"1,228",Feb-26,MILTONIA CLOSE,Resale,Strata,87,"13,218",-,Condominium,1,99 yrs lease commencing from 2010,27,Outside Central Region,01 to 05
THE COMMODORE,"1,075,000",624.31,"1,722",Feb-26,CANBERRA DRIVE,Resale,Strata,58,"18,534",-,Condominium,1,99 yrs lease commencing from 2020,27,Outside Central Region,01 to 05
ORCHID PARK CONDOMINIUM,"1,100,000","1,248.62",881,Feb-26,YISHUN STREET 81,Resale,Strata,116,"9,483",-,Condominium,1,99 yrs lease commencing from 1991,27,Outside Central Region,01 to 05
CANBERRA CRESCENT RESIDENCES,"1,998,200",990.29,"2,018",Feb-26,CANBERRA CRESCENT,New Sale,Strata,92,"21,720",-,Apartment,1,99 yrs lease commencing from 2024,27,Outside Central Region,01 to 05
THE NAUTICAL,"1,335,000",968.76,"1,378",Feb-26,JALAN SENDUDOK,Resale,Strata,90,"14,833",-,Condominium,1,99 yrs lease commencing from 2011,27,Outside Central Region,01 to 05
NORTH PARK RESIDENCES,"1,710,000",871.88,"1,961",Feb-26,YISHUN CENTRAL 1,Resale,Strata,81,"21,111",-,Apartment,1,99 yrs lease commencing from 2015,27,Outside Central Region,06 to 10
THE WATERGARDENS AT CANBERRA,"1,150,000",678.13,"1,696",Feb-26,CANBERRA DRIVE,Sub Sale,Strata,63,"18,254",-,Apartment,1,99 yrs lease commencing from 2020,27,Outside Central Region,01 to 05
NINE RESIDENCES,"766,000",570.49,"1,343",Feb-26,YISHUN AVENUE 9,Resale,Strata,53,"14,453",-,Apartment,1,99 yrs lease commencing from 2013,27,Outside Central Region,01 to 05
CANBERRA CRESCENT RESIDENCES,"2,035,600",990.29,"2,056",Feb-26,CANBERRA CRESCENT,New Sale,Strata,92,"22,126",-,Apartment,1,99 yrs lease commencing from 2024,27,Outside Central Region,01 to 05
CANBERRA CRESCENT RESIDENCES,"2,476,000","1,216.33","2,036",Feb-26,CANBERRA CRESCENT,New Sale,Strata,113,"21,912",-,Apartment,1,99 yrs lease commencing from 2024,27,Outside Central Region,11 to 15
ORCHID PARK CONDOMINIUM,"963,000",958,"1,005",Feb-26,YISHUN STREET 81,Resale,Strata,89,"10,820",-,Condominium,1,99 yrs lease commencing from 1991,27,Outside Central Region,01 to 05
THE ESTUARY,"1,900,000","1,528.49","1,243",Feb-26,YISHUN AVENUE 1,Resale,Strata,142,"13,380",-,Condominium,1,99 yrs lease commencing from 2008,27,Outside Central Region,06 to 10
CANBERRA CRESCENT RESIDENCES,"2,324,300","1,173.28","1,981",Jan-26,CANBERRA CRESCENT,New Sale,Strata,109,"21,324",-,Apartment,1,99 yrs lease commencing from 2024,27,Outside Central Region,06 to 10
THE COMMODORE,"866,000",462.85,"1,871",Jan-26,CANBERRA DRIVE,Resale,Strata,43,"20,140",-,Condominium,1,99 yrs lease commencing from 2020,27,Outside Central Region,01 to 05
THE WATERGARDENS AT CANBERRA,"1,660,000",958,"1,733",Jan-26,CANBERRA DRIVE,Sub Sale,Strata,89,"18,652",-,Apartment,1,99 yrs lease commencing from 2020,27,Outside Central Region,01 to 05
CANBERRA CRESCENT RESIDENCES,"2,295,600","1,173.28","1,957",Jan-26,CANBERRA CRESCENT,New Sale,Strata,109,"21,061",-,Apartment,1,99 yrs lease commencing from 2024,27,Outside Central Region,01 to 05
SYMPHONY SUITES,"1,103,000",785.77,"1,404",Jan-26,YISHUN CLOSE,Resale,Strata,73,"15,110",-,Condominium,1,99 yrs lease commencing from 2014,27,Outside Central Region,06 to 10
THE WATERGARDENS AT CANBERRA,"1,415,000",796.54,"1,776",Jan-26,CANBERRA DRIVE,Sub Sale,Strata,74,"19,122",-,Apartment,1,99 yrs lease commencing from 2020,27,Outside Central Region,01 to 05
EIGHT COURTYARDS,"1,280,000","1,140.98","1,122",Jan-26,CANBERRA DRIVE,Resale,Strata,106,"12,075",-,Condominium,1,99 yrs lease commencing from 2010,27,Outside Central Region,01 to 05
SKIES MILTONIA,"1,360,000","1,130.22","1,203",Jan-26,MILTONIA CLOSE,Resale,Strata,105,"12,952",-,Condominium,1,99 yrs lease commencing from 2012,27,Outside Central Region,06 to 10
CANBERRA CRESCENT RESIDENCES,"2,307,100","1,173.28","1,966",Jan-26,CANBERRA CRESCENT,New Sale,Strata,109,"21,166",-,Apartment,1,99 yrs lease commencing from 2024,27,Outside Central Region,06 to 10
YISHUN SAPPHIRE,"1,338,888","1,313.21","1,020",Jan-26,CANBERRA DRIVE,Resale,Strata,122,"10,974",-,Condominium,1,99 yrs lease commencing from 1998,27,Outside Central Region,01 to 05
THE WATERGARDENS AT CANBERRA,"1,658,000",958,"1,731",Jan-26,CANBERRA DRIVE,Sub Sale,Strata,89,"18,629",-,Apartment,1,99 yrs lease commencing from 2020,27,Outside Central Region,01 to 05
ORCHID PARK CONDOMINIUM,"1,280,000","1,248.62","1,025",Jan-26,YISHUN STREET 81,Resale,Strata,116,"11,034",-,Condominium,1,99 yrs lease commencing from 1991,27,Outside Central Region,06 to 10
YISHUN SAPPHIRE,"1,350,000","1,216.33","1,110",Jan-26,CANBERRA DRIVE,Resale,Strata,113,"11,947",-,Condominium,1,99 yrs lease commencing from 1998,27,Outside Central Region,06 to 10
THE WATERGARDENS AT CANBERRA,"1,280,000",753.48,"1,699",Jan-26,CANBERRA DRIVE,Sub Sale,Strata,70,"18,286",-,Apartment,1,99 yrs lease commencing from 2020,27,Outside Central Region,01 to 05
ORCHID PARK CONDOMINIUM,"1,172,000","1,140.98","1,027",Jan-26,YISHUN STREET 81,Resale,Strata,106,"11,057",-,Condominium,1,99 yrs lease commencing from 1991,27,Outside Central Region,06 to 10
CANBERRA CRESCENT RESIDENCES,"2,312,800","1,173.28","1,971",Jan-26,CANBERRA CRESCENT,New Sale,Strata,109,"21,218",-,Apartment,1,99 yrs lease commencing from 2024,27,Outside Central Region,06 to 10
THE WATERGARDENS AT CANBERRA,"1,738,000","1,011.82","1,718",Jan-26,CANBERRA DRIVE,Sub Sale,Strata,94,"18,489",-,Apartment,1,99 yrs lease commencing from 2020,27,Outside Central Region,01 to 05
THE WATERGARDENS AT CANBERRA,"1,270,000",753.48,"1,686",Jan-26,CANBERRA DRIVE,Sub Sale,Strata,70,"18,143",-,Apartment,1,99 yrs lease commencing from 2020,27,Outside Central Region,01 to 05
THE WISTERIA,"1,290,000",968.76,"1,332",Jan-26,YISHUN RING ROAD,Resale,Strata,90,"14,333",-,Apartment,1,99 yrs lease commencing from 2015,27,Outside Central Region,06 to 10
THE NAUTICAL,"990,000",764.24,"1,295",Jan-26,JALAN SENDUDOK,Resale,Strata,71,"13,944",-,Condominium,1,99 yrs lease commencing from 2011,27,Outside Central Region,01 to 05
THE ESTUARY,"1,550,000","1,302.44","1,190",Jan-26,YISHUN AVENUE 1,Resale,Strata,121,"12,810",-,Condominium,1,99 yrs lease commencing from 2008,27,Outside Central Region,01 to 05
NORTHWOOD,"1,637,000","1,313.21","1,247",Jan-26,JALAN MATA AYER,Resale,Strata,122,"13,418",-,Condominium,1,Freehold,27,Outside Central Region,01 to 05
NORTH PARK RESIDENCES,"2,020,000","1,151.75","1,754",Jan-26,YISHUN CENTRAL 1,Resale,Strata,107,"18,879",-,Apartment,1,99 yrs lease commencing from 2015,27,Outside Central Region,01 to 05
CANBERRA CRESCENT RESIDENCES,"1,732,200",871.88,"1,987",Jan-26,CANBERRA CRESCENT,New Sale,Strata,81,"21,385",-,Apartment,1,99 yrs lease commencing from 2024,27,Outside Central Region,01 to 05
SYMPHONY SUITES,"1,095,000",796.54,"1,375",Jan-26,YISHUN CLOSE,Resale,Strata,74,"14,797",-,Condominium,1,99 yrs lease commencing from 2014,27,Outside Central Region,11 to 15
CANBERRA CRESCENT RESIDENCES,"2,004,900",990.29,"2,025",Jan-26,CANBERRA CRESCENT,New Sale,Strata,92,"21,792",-,Apartment,1,99 yrs lease commencing from 2024,27,Outside Central Region,01 to 05
CANBERRA CRESCENT RESIDENCES,"1,621,300",796.54,"2,035",Jan-26,CANBERRA CRESCENT,New Sale,Strata,74,"21,909",-,Apartment,1,99 yrs lease commencing from 2024,27,Outside Central Region,01 to 05
EIGHT COURTYARDS,"1,520,000","1,087.16","1,398",Jan-26,CANBERRA DRIVE,Resale,Strata,101,"15,050",-,Condominium,1,99 yrs lease commencing from 2010,27,Outside Central Region,11 to 15
NORTH PARK RESIDENCES,"1,800,000",882.65,"2,039",Jan-26,YISHUN CENTRAL 1,Resale,Strata,82,"21,951",-,Apartment,1,99 yrs lease commencing from 2015,27,Outside Central Region,11 to 15
SYMPHONY SUITES,"1,050,000",785.77,"1,336",Jan-26,YISHUN CLOSE,Resale,Strata,73,"14,384",-,Condominium,1,99 yrs lease commencing from 2014,27,Outside Central Region,01 to 05
NORTH PARK RESIDENCES,"1,880,000",968.76,"1,941",Jan-26,YISHUN CENTRAL 1,Resale,Strata,90,"20,889",-,Apartment,1,99 yrs lease commencing from 2015,27,Outside Central Region,11 to 15
EUPHONY GARDENS,"1,140,000","1,184.04",963,Jan-26,JALAN MATA AYER,Resale,Strata,110,"10,364",-,Condominium,1,99 yrs lease commencing from 1998,27,Outside Central Region,01 to 05
NINE RESIDENCES,"1,200,000",925.7,"1,296",Jan-26,YISHUN AVENUE 9,Resale,Strata,86,"13,953",-,Apartment,1,99 yrs lease commencing from 2013,27,Outside Central Region,06 to 10
THE COMMODORE,"1,080,000",624.31,"1,730",Jan-26,CANBERRA DRIVE,Sub Sale,Strata,58,"18,621",-,Condominium,1,99 yrs lease commencing from 2020,27,Outside Central Region,01 to 05
YISHUN SAPPHIRE,"1,320,000","1,205.57","1,095",Jan-26,CANBERRA DRIVE,Resale,Strata,112,"11,786",-,Condominium,1,99 yrs lease commencing from 1998,27,Outside Central Region,01 to 05
CANBERRA CRESCENT RESIDENCES,"1,991,000",990.29,"2,011",Jan-26,CANBERRA CRESCENT,New Sale,Strata,92,"21,641",-,Apartment,1,99 yrs lease commencing from 2024,27,Outside Central Region,06 to 10
THE COMMODORE,"2,480,000","1,463.9","1,694",Jan-26,CANBERRA DRIVE,Sub Sale,Strata,136,"18,235",-,Condominium,1,99 yrs lease commencing from 2020,27,Outside Central Region,01 to 05
THE ESTUARY,"2,100,000","1,528.49","1,374",Jan-26,YISHUN AVENUE 1,Resale,Strata,142,"14,789",-,Condominium,1,99 yrs lease commencing from 2008,27,Outside Central Region,06 to 10
THE NAUTICAL,"1,600,000","1,388.56","1,152",Jan-26,JALAN SENDUDOK,Resale,Strata,129,"12,403",-,Condominium,1,99 yrs lease commencing from 2011,27,Outside Central Region,01 to 05
THE ESTUARY,"1,212,000",925.7,"1,309",Jan-26,YISHUN AVENUE 1,Resale,Strata,86,"14,093",-,Condominium,1,99 yrs lease commencing from 2008,27,Outside Central Region,11 to 15
SYMPHONY SUITES,"1,045,000",785.77,"1,330",Jan-26,YISHUN CLOSE,Resale,Strata,73,"14,315",-,Condominium,1,99 yrs lease commencing from 2014,27,Outside Central Region,06 to 10
CANBERRA CRESCENT RESIDENCES,"2,067,400",990.29,"2,088",Dec-25,CANBERRA CRESCENT,New Sale,Strata,92,"22,472",-,Apartment,1,99 yrs lease commencing from 2024,27,Outside Central Region,11 to 15
YISHUN SAPPHIRE,"1,368,000","1,216.33","1,125",Dec-25,CANBERRA DRIVE,Resale,Strata,113,"12,106",-,Condominium,1,99 yrs lease commencing from 1998,27,Outside Central Region,06 to 10
YISHUN EMERALD,"1,638,000","1,399.32","1,171",Dec-25,CANBERRA DRIVE,Resale,Strata,130,"12,600",-,Condominium,1,99 yrs lease commencing from 1998,27,Outside Central Region,01 to 05
CANBERRA CRESCENT RESIDENCES,"2,432,000","1,216.33","1,999",Dec-25,CANBERRA CRESCENT,New Sale,Strata,113,"21,522",-,Apartment,1,99 yrs lease commencing from 2024,27,Outside Central Region,06 to 10
THE MILTONIA RESIDENCES,"1,830,000","1,528.49","1,197",Dec-25,MILTONIA CLOSE,Resale,Strata,142,"12,887",-,Condominium,1,99 yrs lease commencing from 2010,27,Outside Central Region,01 to 05
SKIES MILTONIA,"1,328,000","1,076.4","1,234",Dec-25,MILTONIA CLOSE,Resale,Strata,100,"13,280",-,Condominium,1,99 yrs lease commencing from 2012,27,Outside Central Region,11 to 15
THE MILTONIA RESIDENCES,"1,550,000","1,431.61","1,083",Dec-25,MILTONIA CLOSE,Resale,Strata,133,"11,654",-,Condominium,1,99 yrs lease commencing from 2010,27,Outside Central Region,01 to 05
CANBERRA CRESCENT RESIDENCES,"2,438,200","1,216.33","2,005",Dec-25,CANBERRA CRESCENT,New Sale,Strata,113,"21,577",-,Apartment,1,99 yrs lease commencing from 2024,27,Outside Central Region,06 to 10
THE COMMODORE,"1,670,000",968.76,"1,724",Dec-25,CANBERRA DRIVE,Sub Sale,Strata,90,"18,556",-,Condominium,1,99 yrs lease commencing from 2020,27,Outside Central Region,01 to 05
THE COMMODORE,"1,048,888",624.31,"1,680",Dec-25,CANBERRA DRIVE,Sub Sale,Strata,58,"18,084",-,Condominium,1,99 yrs lease commencing from 2020,27,Outside Central Region,01 to 05
SELETARIS,"2,300,000","1,657.66","1,388",Dec-25,SEMBAWANG ROAD,Resale,Strata,154,"14,935",-,Condominium,1,Freehold,27,Outside Central Region,01 to 05
CANBERRA CRESCENT RESIDENCES,"2,330,100","1,173.28","1,986",Dec-25,CANBERRA CRESCENT,New Sale,Strata,109,"21,377",-,Apartment,1,99 yrs lease commencing from 2024,27,Outside Central Region,06 to 10
EIGHT COURTYARDS,"1,210,000",861.12,"1,405",Dec-25,CANBERRA DRIVE,Resale,Strata,80,"15,125",-,Condominium,1,99 yrs lease commencing from 2010,27,Outside Central Region,06 to 10
THE NAUTICAL,"1,430,000","1,119.46","1,277",Dec-25,JALAN SENDUDOK,Resale,Strata,104,"13,750",-,Condominium,1,99 yrs lease commencing from 2011,27,Outside Central Region,01 to 05
KANDIS RESIDENCE,"970,000",764.24,"1,269",Dec-25,KANDIS LINK,Resale,Strata,71,"13,662",-,Condominium,1,99 yrs lease commencing from 2016,27,Outside Central Region,01 to 05
EUPHONY GARDENS,"780,000",731.95,"1,066",Dec-25,JALAN MATA AYER,Resale,Strata,68,"11,471",-,Condominium,1,99 yrs lease commencing from 1998,27,Outside Central Region,01 to 05
CANBERRA CRESCENT RESIDENCES,"1,621,300",796.54,"2,035",Dec-25,CANBERRA CRESCENT,New Sale,Strata,74,"21,909",-,Apartment,1,99 yrs lease commencing from 2024,27,Outside Central Region,01 to 05
THE WATERGARDENS AT CANBERRA,"1,245,000",753.48,"1,652",Dec-25,CANBERRA DRIVE,Sub Sale,Strata,70,"17,786",-,Apartment,1,99 yrs lease commencing from 2020,27,Outside Central Region,01 to 05
THE WATERGARDENS AT CANBERRA,"1,668,888",958,"1,742",Dec-25,CANBERRA DRIVE,Sub Sale,Strata,89,"18,752",-,Apartment,1,99 yrs lease commencing from 2020,27,Outside Central Region,01 to 05
SYMPHONY SUITES,"1,210,000",914.94,"1,322",Dec-25,YISHUN CLOSE,Resale,Strata,85,"14,235",-,Condominium,1,99 yrs lease commencing from 2014,27,Outside Central Region,11 to 15
THE COMMODORE,"1,938,000","1,184.04","1,637",Dec-25,CANBERRA DRIVE,Sub Sale,Strata,110,"17,618",-,Condominium,1,99 yrs lease commencing from 2020,27,Outside Central Region,01 to 05
CANBERRA CRESCENT RESIDENCES,"1,563,100",796.54,"1,962",Dec-25,CANBERRA CRESCENT,New Sale,Strata,74,"21,123",-,Apartment,1,99 yrs lease commencing from 2024,27,Outside Central Region,01 to 05
SELETARIS,"2,130,000","1,636.13","1,302",Dec-25,SEMBAWANG ROAD,Resale,Strata,152,"14,013",-,Condominium,1,Freehold,27,Outside Central Region,01 to 05
THE COMMODORE,"2,850,000","1,668.42","1,708",Dec-25,CANBERRA DRIVE,Sub Sale,Strata,155,"18,387",-,Condominium,1,99 yrs lease commencing from 2020,27,Outside Central Region,01 to 05
SKIES MILTONIA,"710,000",484.38,"1,466",Dec-25,MILTONIA CLOSE,Resale,Strata,45,"15,778",-,Condominium,1,99 yrs lease commencing from 2012,27,Outside Central Region,11 to 15
THE WATERGARDENS AT CANBERRA,"1,676,888",958,"1,750",Dec-25,CANBERRA DRIVE,Sub Sale,Strata,89,"18,841",-,Apartment,1,99 yrs lease commencing from 2020,27,Outside Central Region,01 to 05
NORTH PARK RESIDENCES,"1,600,000",914.94,"1,749",Dec-25,YISHUN CENTRAL 1,Resale,Strata,85,"18,824",-,Apartment,1,99 yrs lease commencing from 2015,27,Outside Central Region,11 to 15
CANBERRA CRESCENT RESIDENCES,"1,602,100",796.54,"2,011",Dec-25,CANBERRA CRESCENT,New Sale,Strata,74,"21,650",-,Apartment,1,99 yrs lease commencing from 2024,27,Outside Central Region,01 to 05
CANBERRA CRESCENT RESIDENCES,"1,602,100",796.54,"2,011",Dec-25,CANBERRA CRESCENT,New Sale,Strata,74,"21,650",-,Apartment,1,99 yrs lease commencing from 2024,27,Outside Central Region,01 to 05
ORCHID PARK CONDOMINIUM,"935,000",893.41,"1,047",Dec-25,YISHUN STREET 81,Resale,Strata,83,"11,265",-,Condominium,1,99 yrs lease commencing from 1991,27,Outside Central Region,06 to 10
YISHUN SAPPHIRE,"1,620,000","1,323.97","1,224",Dec-25,CANBERRA DRIVE,Resale,Strata,123,"13,171",-,Condominium,1,99 yrs lease commencing from 1998,27,Outside Central Region,11 to 15
SYMPHONY SUITES,"1,438,000","1,022.58","1,406",Dec-25,YISHUN CLOSE,Resale,Strata,95,"15,137",-,Condominium,1,99 yrs lease commencing from 2014,27,Outside Central Region,11 to 15
THE ESTUARY,"1,305,000",904.18,"1,443",Dec-25,YISHUN AVENUE 1,Resale,Strata,84,"15,536",-,Condominium,1,99 yrs lease commencing from 2008,27,Outside Central Region,06 to 10
YISHUN SAPPHIRE,"1,598,000","1,442.38","1,108",Dec-25,CANBERRA DRIVE,Resale,Strata,134,"11,925",-,Condominium,1,99 yrs lease commencing from 1998,27,Outside Central Region,01 to 05
ORCHID PARK CONDOMINIUM,"950,000",893.41,"1,063",Dec-25,YISHUN STREET 81,Resale,Strata,83,"11,446",-,Condominium,1,99 yrs lease commencing from 1991,27,Outside Central Region,06 to 10
NORTHWOOD,"1,635,000","1,334.74","1,225",Dec-25,JALAN MATA AYER,Resale,Strata,124,"13,185",-,Condominium,1,Freehold,27,Outside Central Region,01 to 05
ORCHID PARK CONDOMINIUM,"1,390,000","1,248.62","1,113",Dec-25,YISHUN STREET 81,Resale,Strata,116,"11,983",-,Condominium,1,99 yrs lease commencing from 1991,27,Outside Central Region,06 to 10
CANBERRA CRESCENT RESIDENCES,"1,731,500",882.65,"1,962",Nov-25,CANBERRA CRESCENT,New Sale,Strata,82,"21,116",-,Apartment,1,99 yrs lease commencing from 2024,27,Outside Central Region,01 to 05
THE WISTERIA,"1,240,000",968.76,"1,280",Nov-25,YISHUN RING ROAD,Resale,Strata,90,"13,778",-,Apartment,1,99 yrs lease commencing from 2015,27,Outside Central Region,01 to 05
THE WISTERIA,"1,055,888",710.42,"1,486",Nov-25,YISHUN RING ROAD,Resale,Strata,66,"15,998",-,Apartment,1,99 yrs lease commencing from 2015,27,Outside Central Region,06 to 10
THE ESTUARY,"1,110,000",914.94,"1,213",Nov-25,YISHUN AVENUE 1,Resale,Strata,85,"13,059",-,Condominium,1,99 yrs lease commencing from 2008,27,Outside Central Region,01 to 05
THE WATERGARDENS AT CANBERRA,"1,280,000",753.48,"1,699",Nov-25,CANBERRA DRIVE,Sub Sale,Strata,70,"18,286",-,Apartment,1,99 yrs lease commencing from 2020,27,Outside Central Region,01 to 05
CANBERRA CRESCENT RESIDENCES,"2,318,600","1,173.28","1,976",Nov-25,CANBERRA CRESCENT,New Sale,Strata,109,"21,272",-,Apartment,1,99 yrs lease commencing from 2024,27,Outside Central Region,06 to 10
THE MILTONIA RESIDENCES,"1,100,000",861.12,"1,277",Nov-25,MILTONIA CLOSE,Resale,Strata,80,"13,750",-,Condominium,1,99 yrs lease commencing from 2010,27,Outside Central Region,01 to 05
THE COMMODORE,"1,288,000",742.72,"1,734",Nov-25,CANBERRA DRIVE,Sub Sale,Strata,69,"18,667",-,Condominium,1,99 yrs lease commencing from 2020,27,Outside Central Region,01 to 05
YISHUN SAPPHIRE,"1,580,000","1,399.32","1,129",Nov-25,CANBERRA DRIVE,Resale,Strata,130,"12,154",-,Condominium,1,99 yrs lease commencing from 1998,27,Outside Central Region,06 to 10
CANBERRA CRESCENT RESIDENCES,"1,986,000",990.29,"2,005",Nov-25,CANBERRA CRESCENT,New Sale,Strata,92,"21,587",-,Apartment,1,99 yrs lease commencing from 2024,27,Outside Central Region,06 to 10
SYMPHONY SUITES,"1,038,000",785.77,"1,321",Nov-25,YISHUN CLOSE,Resale,Strata,73,"14,219",-,Condominium,1,99 yrs lease commencing from 2014,27,Outside Central Region,01 to 05
ORCHID PARK CONDOMINIUM,"970,000",958,"1,013",Nov-25,YISHUN STREET 81,Resale,Strata,89,"10,899",-,Condominium,1,99 yrs lease commencing from 1991,27,Outside Central Region,01 to 05
CANBERRA CRESCENT RESIDENCES,"1,606,100",796.54,"2,016",Nov-25,CANBERRA CRESCENT,New Sale,Strata,74,"21,704",-,Apartment,1,99 yrs lease commencing from 2024,27,Outside Central Region,01 to 05
CANBERRA CRESCENT RESIDENCES,"1,606,100",796.54,"2,016",Nov-25,CANBERRA CRESCENT,New Sale,Strata,74,"21,704",-,Apartment,1,99 yrs lease commencing from 2024,27,Outside Central Region,01 to 05
SKIES MILTONIA,"955,000",710.42,"1,344",Nov-25,MILTONIA CLOSE,Resale,Strata,66,"14,470",-,Condominium,1,99 yrs lease commencing from 2012,27,Outside Central Region,11 to 15
CANBERRA CRESCENT RESIDENCES,"2,003,300",990.29,"2,023",Nov-25,CANBERRA CRESCENT,New Sale,Strata,92,"21,775",-,Apartment,1,99 yrs lease commencing from 2024,27,Outside Central Region,01 to 05
SYMPHONY SUITES,"1,450,000","1,022.58","1,418",Nov-25,YISHUN CLOSE,Resale,Strata,95,"15,263",-,Condominium,1,99 yrs lease commencing from 2014,27,Outside Central Region,11 to 15
THE WATERGARDENS AT CANBERRA,"1,100,000",645.84,"1,703",Nov-25,CANBERRA DRIVE,Sub Sale,Strata,60,"18,333",-,Apartment,1,99 yrs lease commencing from 2020,27,Outside Central Region,01 to 05
THE WISTERIA,"1,260,000",968.76,"1,301",Nov-25,YISHUN RING ROAD,Resale,Strata,90,"14,000",-,Apartment,1,99 yrs lease commencing from 2015,27,Outside Central Region,01 to 05
CANBERRA CRESCENT RESIDENCES,"1,774,700",882.65,"2,011",Nov-25,CANBERRA CRESCENT,New Sale,Strata,82,"21,643",-,Apartment,1,99 yrs lease commencing from 2024,27,Outside Central Region,01 to 05
CANBERRA CRESCENT RESIDENCES,"2,036,600",990.29,"2,057",Nov-25,CANBERRA CRESCENT,New Sale,Strata,92,"22,137",-,Apartment,1,99 yrs lease commencing from 2024,27,Outside Central Region,01 to 05
THE ESTUARY,"1,968,000","1,302.44","1,511",Nov-25,YISHUN AVENUE 1,Resale,Strata,121,"16,264",-,Condominium,1,99 yrs lease commencing from 2008,27,Outside Central Region,11 to 15
CANBERRA CRESCENT RESIDENCES,"1,618,200",796.54,"2,032",Nov-25,CANBERRA CRESCENT,New Sale,Strata,74,"21,868",-,Apartment,1,99 yrs lease commencing from 2024,27,Outside Central Region,01 to 05
THE COMMODORE,"872,000",462.85,"1,884",Nov-25,CANBERRA DRIVE,Sub Sale,Strata,43,"20,279",-,Condominium,1,99 yrs lease commencing from 2020,27,Outside Central Region,01 to 05
THE WISTERIA,"1,666,000","1,173.28","1,420",Nov-25,YISHUN RING ROAD,Resale,Strata,109,"15,284",-,Apartment,1,99 yrs lease commencing from 2015,27,Outside Central Region,06 to 10
KINDOL GARDENS,"750,000","1,367.03",549,Nov-25,JALAN MALU-MALU,Resale,Strata,127,"5,906",-,Apartment,1,999 yrs lease commencing from 1885,27,Outside Central Region,01 to 05
THE WATERGARDENS AT CANBERRA,"2,500,000","1,302.44","1,919",Nov-25,CANBERRA DRIVE,Sub Sale,Strata,121,"20,661",-,Apartment,1,99 yrs lease commencing from 2020,27,Outside Central Region,01 to 05
ORCHID PARK CONDOMINIUM,"1,160,000","1,140.98","1,017",Nov-25,YISHUN STREET 81,Resale,Strata,106,"10,943",-,Condominium,1,99 yrs lease commencing from 1991,27,Outside Central Region,01 to 05
CANBERRA CRESCENT RESIDENCES,"1,610,100",796.54,"2,021",Nov-25,CANBERRA CRESCENT,New Sale,Strata,74,"21,758",-,Apartment,1,99 yrs lease commencing from 2024,27,Outside Central Region,01 to 05
THE COMMODORE,"1,740,000",968.76,"1,796",Nov-25,CANBERRA DRIVE,Sub Sale,Strata,90,"19,333",-,Condominium,1,99 yrs lease commencing from 2020,27,Outside Central Region,01 to 05
NINE RESIDENCES,"1,180,000",914.94,"1,290",Nov-25,YISHUN AVENUE 9,Resale,Strata,85,"13,882",-,Apartment,1,99 yrs lease commencing from 2013,27,Outside Central Region,01 to 05
THE WATERGARDENS AT CANBERRA,"1,622,000",958,"1,693",Nov-25,CANBERRA DRIVE,Sub Sale,Strata,89,"18,225",-,Apartment,1,99 yrs lease commencing from 2020,27,Outside Central Region,01 to 05
CANBERRA CRESCENT RESIDENCES,"2,062,200",990.29,"2,082",Nov-25,CANBERRA CRESCENT,New Sale,Strata,92,"22,415",-,Apartment,1,99 yrs lease commencing from 2024,27,Outside Central Region,06 to 10
THE COMMODORE,"1,380,000",785.77,"1,756",Nov-25,CANBERRA DRIVE,Sub Sale,Strata,73,"18,904",-,Condominium,1,99 yrs lease commencing from 2020,27,Outside Central Region,01 to 05
CANBERRA RESIDENCES,"1,137,000",904.18,"1,257",Nov-25,CANBERRA DRIVE,Resale,Strata,84,"13,536",-,Condominium,1,99 yrs lease commencing from 2010,27,Outside Central Region,01 to 05
NORTH PARK RESIDENCES,"2,188,000","1,108.69","1,973",Nov-25,YISHUN CENTRAL 1,Resale,Strata,103,"21,243",-,Apartment,1,99 yrs lease commencing from 2015,27,Outside Central Region,06 to 10
SKIES MILTONIA,"1,220,000",968.76,"1,259",Nov-25,MILTONIA CLOSE,Resale,Strata,90,"13,556",-,Condominium,1,99 yrs lease commencing from 2012,27,Outside Central Region,06 to 10
CANBERRA CRESCENT RESIDENCES,"2,284,200","1,173.28","1,947",Nov-25,CANBERRA CRESCENT,New Sale,Strata,109,"20,956",-,Apartment,1,99 yrs lease commencing from 2024,27,Outside Central Region,01 to 05
THE WATERGARDENS AT CANBERRA,"1,660,000",958,"1,733",Nov-25,CANBERRA DRIVE,Sub Sale,Strata,89,"18,652",-,Apartment,1,99 yrs lease commencing from 2020,27,Outside Central Region,01 to 05
SELETARIS,"1,840,000","1,420.85","1,295",Nov-25,SEMBAWANG ROAD,Resale,Strata,132,"13,939",-,Condominium,1,Freehold,27,Outside Central Region,01 to 05
THE COMMODORE,"1,310,000",785.77,"1,667",Nov-25,CANBERRA DRIVE,Sub Sale,Strata,73,"17,945",-,Condominium,1,99 yrs lease commencing from 2020,27,Outside Central Region,01 to 05
CANBERRA CRESCENT RESIDENCES,"2,361,000","1,216.33","1,941",Nov-25,CANBERRA CRESCENT,New Sale,Strata,113,"20,894",-,Apartment,1,99 yrs lease commencing from 2024,27,Outside Central Region,06 to 10
CANBERRA CRESCENT RESIDENCES,"1,514,700",796.54,"1,902",Oct-25,CANBERRA CRESCENT,New Sale,Strata,74,"20,469",-,Apartment,1,99 yrs lease commencing from 2024,27,Outside Central Region,01 to 05
CANBERRA CRESCENT RESIDENCES,"1,555,300",796.54,"1,953",Oct-25,CANBERRA CRESCENT,New Sale,Strata,74,"21,018",-,Apartment,1,99 yrs lease commencing from 2024,27,Outside Central Region,01 to 05
CANBERRA CRESCENT RESIDENCES,"2,278,400","1,173.28","1,942",Oct-25,CANBERRA CRESCENT,New Sale,Strata,109,"20,903",-,Apartment,1,99 yrs lease commencing from 2024,27,Outside Central Region,01 to 05
CANBERRA CRESCENT RESIDENCES,"1,330,100",667.37,"1,993",Oct-25,CANBERRA CRESCENT,New Sale,Strata,62,"21,453",-,Apartment,1,99 yrs lease commencing from 2024,27,Outside Central Region,01 to 05
CANBERRA CRESCENT RESIDENCES,"1,606,100",796.54,"2,016",Oct-25,CANBERRA CRESCENT,New Sale,Strata,74,"21,704",-,Apartment,1,99 yrs lease commencing from 2024,27,Outside Central Region,06 to 10
CANBERRA CRESCENT RESIDENCES,"2,021,300",990.29,"2,041",Oct-25,CANBERRA CRESCENT,New Sale,Strata,92,"21,971",-,Apartment,1,99 yrs lease commencing from 2024,27,Outside Central Region,06 to 10
CANBERRA CRESCENT RESIDENCES,"2,036,600",990.29,"2,057",Oct-25,CANBERRA CRESCENT,New Sale,Strata,92,"22,137",-,Apartment,1,99 yrs lease commencing from 2024,27,Outside Central Region,06 to 10
THE WISTERIA,"1,278,000",893.41,"1,430",Oct-25,YISHUN RING ROAD,Resale,Strata,83,"15,398",-,Apartment,1,99 yrs lease commencing from 2015,27,Outside Central Region,06 to 10
THE NAUTICAL,"1,530,000","1,130.22","1,354",Oct-25,JALAN SENDUDOK,Resale,Strata,105,"14,571",-,Condominium,1,99 yrs lease commencing from 2011,27,Outside Central Region,01 to 05
CANBERRA CRESCENT RESIDENCES,"1,988,400",990.29,"2,008",Oct-25,CANBERRA CRESCENT,New Sale,Strata,92,"21,613",-,Apartment,1,99 yrs lease commencing from 2024,27,Outside Central Region,06 to 10
THE WATERGARDENS AT CANBERRA,"2,435,000","1,528.49","1,593",Oct-25,CANBERRA DRIVE,Sub Sale,Strata,142,"17,148",-,Apartment,1,99 yrs lease commencing from 2020,27,Outside Central Region,01 to 05
CANBERRA RESIDENCES,"785,000",699.66,"1,122",Oct-25,CANBERRA DRIVE,Resale,Strata,65,"12,077",-,Condominium,1,99 yrs lease commencing from 2010,27,Outside Central Region,01 to 05
CANBERRA CRESCENT RESIDENCES,"1,333,200",667.37,"1,998",Oct-25,CANBERRA CRESCENT,New Sale,Strata,62,"21,503",-,Apartment,1,99 yrs lease commencing from 2024,27,Outside Central Region,01 to 05
CANBERRA CRESCENT RESIDENCES,"1,566,100",796.54,"1,966",Oct-25,CANBERRA CRESCENT,New Sale,Strata,74,"21,164",-,Apartment,1,99 yrs lease commencing from 2024,27,Outside Central Region,01 to 05
THE MILTONIA RESIDENCES,"1,350,000","1,173.28","1,151",Oct-25,MILTONIA CLOSE,Resale,Strata,109,"12,385",-,Condominium,1,99 yrs lease commencing from 2010,27,Outside Central Region,01 to 05
NINE RESIDENCES,"766,000",548.96,"1,395",Oct-25,YISHUN AVENUE 9,Resale,Strata,51,"15,020",-,Apartment,1,99 yrs lease commencing from 2013,27,Outside Central Region,01 to 05
THE WATERGARDENS AT CANBERRA,"1,668,000",958,"1,741",Oct-25,CANBERRA DRIVE,Sub Sale,Strata,89,"18,742",-,Apartment,1,99 yrs lease commencing from 2020,27,Outside Central Region,01 to 05
CANBERRA CRESCENT RESIDENCES,"1,559,100",796.54,"1,957",Oct-25,CANBERRA CRESCENT,New Sale,Strata,74,"21,069",-,Apartment,1,99 yrs lease commencing from 2024,27,Outside Central Region,01 to 05
SKIES MILTONIA,"1,250,000",968.76,"1,290",Oct-25,MILTONIA CLOSE,Resale,Strata,90,"13,889",-,Condominium,1,99 yrs lease commencing from 2012,27,Outside Central Region,01 to 05
CANBERRA CRESCENT RESIDENCES,"1,598,000",796.54,"2,006",Oct-25,CANBERRA CRESCENT,New Sale,Strata,74,"21,595",-,Apartment,1,99 yrs lease commencing from 2024,27,Outside Central Region,01 to 05
CANBERRA CRESCENT RESIDENCES,"1,714,200",882.65,"1,942",Oct-25,CANBERRA CRESCENT,New Sale,Strata,82,"20,905",-,Apartment,1,99 yrs lease commencing from 2024,27,Outside Central Region,01 to 05
CANBERRA CRESCENT RESIDENCES,"1,609,100",796.54,"2,020",Oct-25,CANBERRA CRESCENT,New Sale,Strata,74,"21,745",-,Apartment,1,99 yrs lease commencing from 2024,27,Outside Central Region,01 to 05
CANBERRA CRESCENT RESIDENCES,"1,610,000",796.54,"2,021",Oct-25,CANBERRA CRESCENT,New Sale,Strata,74,"21,757",-,Apartment,1,99 yrs lease commencing from 2024,27,Outside Central Region,06 to 10
THE WISTERIA,"1,230,000",893.41,"1,377",Oct-25,YISHUN RING ROAD,Resale,Strata,83,"14,819",-,Apartment,1,99 yrs lease commencing from 2015,27,Outside Central Region,06 to 10
YISHUN EMERALD,"1,650,000","1,399.32","1,179",Oct-25,CANBERRA DRIVE,Resale,Strata,130,"12,692",-,Condominium,1,99 yrs lease commencing from 1998,27,Outside Central Region,06 to 10
THE WATERGARDENS AT CANBERRA,"1,600,000",958,"1,670",Oct-25,CANBERRA DRIVE,Sub Sale,Strata,89,"17,978",-,Apartment,1,99 yrs lease commencing from 2020,27,Outside Central Region,01 to 05
THE WATERGARDENS AT CANBERRA,"1,280,000",721.19,"1,775",Oct-25,CANBERRA DRIVE,Sub Sale,Strata,67,"19,104",-,Apartment,1,99 yrs lease commencing from 2020,27,Outside Central Region,01 to 05
CANBERRA CRESCENT RESIDENCES,"1,594,000",796.54,"2,001",Oct-25,CANBERRA CRESCENT,New Sale,Strata,74,"21,541",-,Apartment,1,99 yrs lease commencing from 2024,27,Outside Central Region,01 to 05
CANBERRA CRESCENT RESIDENCES,"1,630,200",796.54,"2,047",Oct-25,CANBERRA CRESCENT,New Sale,Strata,74,"22,030",-,Apartment,1,99 yrs lease commencing from 2024,27,Outside Central Region,11 to 15
THE MILTONIA RESIDENCES,"1,750,000","1,463.9","1,195",Oct-25,MILTONIA CLOSE,Resale,Strata,136,"12,868",-,Condominium,1,99 yrs lease commencing from 2010,27,Outside Central Region,01 to 05
THE ESTUARY,"1,260,000",925.7,"1,361",Oct-25,YISHUN AVENUE 1,Resale,Strata,86,"14,651",-,Condominium,1,99 yrs lease commencing from 2008,27,Outside Central Region,11 to 15
THE WATERGARDENS AT CANBERRA,"1,268,000",721.19,"1,758",Oct-25,CANBERRA DRIVE,Sub Sale,Strata,67,"18,925",-,Apartment,1,99 yrs lease commencing from 2020,27,Outside Central Region,01 to 05
CANBERRA CRESCENT RESIDENCES,"1,719,200",871.88,"1,972",Oct-25,CANBERRA CRESCENT,New Sale,Strata,81,"21,225",-,Apartment,1,99 yrs lease commencing from 2024,27,Outside Central Region,01 to 05
YISHUN SAPPHIRE,"1,290,000","1,205.57","1,070",Oct-25,CANBERRA DRIVE,Resale,Strata,112,"11,518",-,Condominium,1,99 yrs lease commencing from 1998,27,Outside Central Region,01 to 05
SELETARIS,"2,150,000","1,636.13","1,314",Oct-25,SEMBAWANG ROAD,Resale,Strata,152,"14,145",-,Condominium,1,Freehold,27,Outside Central Region,01 to 05
THE WATERGARDENS AT CANBERRA,"1,458,000",796.54,"1,830",Oct-25,CANBERRA DRIVE,Sub Sale,Strata,74,"19,703",-,Apartment,1,99 yrs lease commencing from 2020,27,Outside Central Region,01 to 05
CANBERRA CRESCENT RESIDENCES,"1,718,500",882.65,"1,947",Oct-25,CANBERRA CRESCENT,New Sale,Strata,82,"20,957",-,Apartment,1,99 yrs lease commencing from 2024,27,Outside Central Region,01 to 05
CANBERRA CRESCENT RESIDENCES,"1,994,800",990.29,"2,014",Oct-25,CANBERRA CRESCENT,New Sale,Strata,92,"21,683",-,Apartment,1,99 yrs lease commencing from 2024,27,Outside Central Region,06 to 10
CANBERRA CRESCENT RESIDENCES,"1,614,000",796.54,"2,026",Oct-25,CANBERRA CRESCENT,New Sale,Strata,74,"21,811",-,Apartment,1,99 yrs lease commencing from 2024,27,Outside Central Region,06 to 10
CANBERRA CRESCENT RESIDENCES,"1,598,000",796.54,"2,006",Oct-25,CANBERRA CRESCENT,New Sale,Strata,74,"21,595",-,Apartment,1,99 yrs lease commencing from 2024,27,Outside Central Region,01 to 05
CANBERRA CRESCENT RESIDENCES,"1,722,800",882.65,"1,952",Oct-25,CANBERRA CRESCENT,New Sale,Strata,82,"21,010",-,Apartment,1,99 yrs lease commencing from 2024,27,Outside Central Region,01 to 05
CANBERRA CRESCENT RESIDENCES,"1,551,400",796.54,"1,948",Oct-25,CANBERRA CRESCENT,New Sale,Strata,74,"20,965",-,Apartment,1,99 yrs lease commencing from 2024,27,Outside Central Region,01 to 05
CANBERRA CRESCENT RESIDENCES,"1,618,100",796.54,"2,031",Oct-25,CANBERRA CRESCENT,New Sale,Strata,74,"21,866",-,Apartment,1,99 yrs lease commencing from 2024,27,Outside Central Region,06 to 10
NORTHWOOD,"1,618,000","1,313.21","1,232",Oct-25,JALAN MATA AYER,Resale,Strata,122,"13,262",-,Condominium,1,Freehold,27,Outside Central Region,01 to 05
CANBERRA CRESCENT RESIDENCES,"2,240,200","1,162.51","1,927",Oct-25,CANBERRA CRESCENT,New Sale,Strata,108,"20,743",-,Apartment,1,99 yrs lease commencing from 2024,27,Outside Central Region,01 to 05
THE WATERGARDENS AT CANBERRA,"1,580,000",904.18,"1,747",Oct-25,CANBERRA DRIVE,Sub Sale,Strata,84,"18,810",-,Apartment,1,99 yrs lease commencing from 2020,27,Outside Central Region,01 to 05
SELETARIS,"1,850,000","1,377.79","1,343",Oct-25,SEMBAWANG ROAD,Resale,Strata,128,"14,453",-,Condominium,1,Freehold,27,Outside Central Region,01 to 05
SKIES MILTONIA,"924,000",721.19,"1,281",Oct-25,MILTONIA CLOSE,Resale,Strata,67,"13,791",-,Condominium,1,99 yrs lease commencing from 2012,27,Outside Central Region,01 to 05
CANBERRA CRESCENT RESIDENCES,"1,626,200",796.54,"2,042",Oct-25,CANBERRA CRESCENT,New Sale,Strata,74,"21,976",-,Apartment,1,99 yrs lease commencing from 2024,27,Outside Central Region,11 to 15
THE WATERGARDENS AT CANBERRA,"1,130,000",645.84,"1,750",Oct-25,CANBERRA DRIVE,Sub Sale,Strata,60,"18,833",-,Apartment,1,99 yrs lease commencing from 2020,27,Outside Central Region,01 to 05
SKIES MILTONIA,"1,680,888","1,313.21","1,280",Oct-25,MILTONIA CLOSE,Resale,Strata,122,"13,778",-,Condominium,1,99 yrs lease commencing from 2012,27,Outside Central Region,01 to 05
THE WATERGARDENS AT CANBERRA,"1,693,000","1,162.51","1,456",Oct-25,CANBERRA DRIVE,Sub Sale,Strata,108,"15,676",-,Apartment,1,99 yrs lease commencing from 2020,27,Outside Central Region,01 to 05
KANDIS RESIDENCE,"1,050,000",775.01,"1,355",Oct-25,KANDIS LINK,Resale,Strata,72,"14,583",-,Condominium,1,99 yrs lease commencing from 2016,27,Outside Central Region,01 to 05
SKIES MILTONIA,"710,000",484.38,"1,466",Oct-25,MILTONIA CLOSE,Resale,Strata,45,"15,778",-,Condominium,1,99 yrs lease commencing from 2012,27,Outside Central Region,06 to 10
THE WATERGARDENS AT CANBERRA,"2,130,000","1,323.97","1,609",Oct-25,CANBERRA DRIVE,Sub Sale,Strata,123,"17,317",-,Apartment,1,99 yrs lease commencing from 2020,27,Outside Central Region,01 to 05
CANBERRA CRESCENT RESIDENCES,"1,606,100",796.54,"2,016",Oct-25,CANBERRA CRESCENT,New Sale,Strata,74,"21,704",-,Apartment,1,99 yrs lease commencing from 2024,27,Outside Central Region,06 to 10
CANBERRA CRESCENT RESIDENCES,"1,761,400",882.65,"1,996",Oct-25,CANBERRA CRESCENT,New Sale,Strata,82,"21,480",-,Apartment,1,99 yrs lease commencing from 2024,27,Outside Central Region,01 to 05
THE MILTONIA RESIDENCES,"1,260,000","1,022.58","1,232",Oct-25,MILTONIA CLOSE,Resale,Strata,95,"13,263",-,Condominium,1,99 yrs lease commencing from 2010,27,Outside Central Region,01 to 05
NORTH PARK RESIDENCES,"1,880,000",968.76,"1,941",Oct-25,YISHUN CENTRAL 1,Resale,Strata,90,"20,889",-,Apartment,1,99 yrs lease commencing from 2015,27,Outside Central Region,06 to 10
CANBERRA CRESCENT RESIDENCES,"1,563,000",796.54,"1,962",Oct-25,CANBERRA CRESCENT,New Sale,Strata,74,"21,122",-,Apartment,1,99 yrs lease commencing from 2024,27,Outside Central Region,01 to 05
NINE RESIDENCES,"940,000",699.66,"1,344",Oct-25,YISHUN AVENUE 9,Resale,Strata,65,"14,462",-,Apartment,1,99 yrs lease commencing from 2013,27,Outside Central Region,06 to 10
THE WISTERIA,"1,200,000",893.41,"1,343",Oct-25,YISHUN RING ROAD,Resale,Strata,83,"14,458",-,Apartment,1,99 yrs lease commencing from 2015,27,Outside Central Region,01 to 05
CANBERRA CRESCENT RESIDENCES,"2,267,000","1,173.28","1,932",Oct-25,CANBERRA CRESCENT,New Sale,Strata,109,"20,798",-,Apartment,1,99 yrs lease commencing from 2024,27,Outside Central Region,01 to 05
CANBERRA CRESCENT RESIDENCES,"1,518,800",796.54,"1,907",Oct-25,CANBERRA CRESCENT,New Sale,Strata,74,"20,524",-,Apartment,1,99 yrs lease commencing from 2024,27,Outside Central Region,01 to 05
CANBERRA CRESCENT RESIDENCES,"1,566,900",796.54,"1,967",Oct-25,CANBERRA CRESCENT,New Sale,Strata,74,"21,174",-,Apartment,1,99 yrs lease commencing from 2024,27,Outside Central Region,06 to 10
NORTHWOOD,"1,655,000","1,334.74","1,240",Oct-25,JALAN MATA AYER,Resale,Strata,124,"13,347",-,Condominium,1,Freehold,27,Outside Central Region,01 to 05
THE NAUTICAL,"2,100,000","1,819.12","1,154",Oct-25,JALAN SENDUDOK,Resale,Strata,169,"12,426",-,Condominium,1,99 yrs lease commencing from 2011,27,Outside Central Region,01 to 05
NINE RESIDENCES,"1,680,000","1,356.26","1,239",Oct-25,YISHUN AVENUE 9,Resale,Strata,126,"13,333",-,Apartment,1,99 yrs lease commencing from 2013,27,Outside Central Region,06 to 10
CANBERRA CRESCENT RESIDENCES,"1,727,800",871.88,"1,982",Oct-25,CANBERRA CRESCENT,New Sale,Strata,81,"21,331",-,Apartment,1,99 yrs lease commencing from 2024,27,Outside Central Region,01 to 05
CANBERRA CRESCENT RESIDENCES,"1,570,900",796.54,"1,972",Oct-25,CANBERRA CRESCENT,New Sale,Strata,74,"21,228",-,Apartment,1,99 yrs lease commencing from 2024,27,Outside Central Region,06 to 10
NINE RESIDENCES,"918,000",699.66,"1,312",Oct-25,YISHUN AVENUE 9,Resale,Strata,65,"14,123",-,Apartment,1,99 yrs lease commencing from 2013,27,Outside Central Region,01 to 05
THE MILTONIA RESIDENCES,"810,000",592.02,"1,368",Oct-25,MILTONIA CLOSE,Resale,Strata,55,"14,727",-,Condominium,1,99 yrs lease commencing from 2010,27,Outside Central Region,01 to 05
CANBERRA CRESCENT RESIDENCES,"2,003,500",990.29,"2,023",Oct-25,CANBERRA CRESCENT,New Sale,Strata,92,"21,777",-,Apartment,1,99 yrs lease commencing from 2024,27,Outside Central Region,06 to 10
THE COMMODORE,"1,120,000",624.31,"1,794",Oct-25,CANBERRA DRIVE,Sub Sale,Strata,58,"19,310",-,Condominium,1,99 yrs lease commencing from 2020,27,Outside Central Region,01 to 05
THE WISTERIA,"1,700,000","1,173.28","1,449",Oct-25,YISHUN RING ROAD,Resale,Strata,109,"15,596",-,Apartment,1,99 yrs lease commencing from 2015,27,Outside Central Region,11 to 15
CANBERRA RESIDENCES,"1,158,000","1,151.75","1,005",Oct-25,CANBERRA DRIVE,Resale,Strata,107,"10,822",-,Condominium,1,99 yrs lease commencing from 2010,27,Outside Central Region,01 to 05
NORTH PARK RESIDENCES,"800,000",430.56,"1,858",Oct-25,YISHUN CENTRAL 1,Resale,Strata,40,"20,000",-,Apartment,1,99 yrs lease commencing from 2015,27,Outside Central Region,11 to 15
THE WISTERIA,"798,000",548.96,"1,454",Oct-25,YISHUN RING ROAD,Resale,Strata,51,"15,647",-,Apartment,1,99 yrs lease commencing from 2015,27,Outside Central Region,06 to 10
CANBERRA CRESCENT RESIDENCES,"1,359,400",667.37,"2,037",Oct-25,CANBERRA CRESCENT,New Sale,Strata,62,"21,926",-,Apartment,1,99 yrs lease commencing from 2024,27,Outside Central Region,06 to 10
EUPHONY GARDENS,"1,230,000","1,280.92",960,Sep-25,JALAN MATA AYER,Resale,Strata,119,"10,336",-,Condominium,1,99 yrs lease commencing from 1998,27,Outside Central Region,01 to 05
SKIES MILTONIA,"1,238,888",968.76,"1,279",Sep-25,MILTONIA CLOSE,Resale,Strata,90,"13,765",-,Condominium,1,99 yrs lease commencing from 2012,27,Outside Central Region,11 to 15
NORTH PARK RESIDENCES,"950,888",570.49,"1,667",Sep-25,YISHUN CENTRAL 1,Resale,Strata,53,"17,941",-,Apartment,1,99 yrs lease commencing from 2015,27,Outside Central Region,11 to 15
THE WATERGARDENS AT CANBERRA,"1,310,000",721.19,"1,816",Sep-25,CANBERRA DRIVE,Sub Sale,Strata,67,"19,552",-,Apartment,1,99 yrs lease commencing from 2020,27,Outside Central Region,01 to 05
CANBERRA CRESCENT RESIDENCES,"1,333,500",667.37,"1,998",Sep-25,CANBERRA CRESCENT,New Sale,Strata,62,"21,508",-,Apartment,1,99 yrs lease commencing from 2024,27,Outside Central Region,01 to 05
THE NAUTICAL,"675,000",441.32,"1,529",Sep-25,JALAN SENDUDOK,Resale,Strata,41,"16,463",-,Condominium,1,99 yrs lease commencing from 2011,27,Outside Central Region,01 to 05
CANBERRA CRESCENT RESIDENCES,"1,727,200",882.65,"1,957",Sep-25,CANBERRA CRESCENT,New Sale,Strata,82,"21,063",-,Apartment,1,99 yrs lease commencing from 2024,27,Outside Central Region,01 to 05
EUPHONY GARDENS,"785,000",882.65,889,Sep-25,JALAN MATA AYER,Resale,Strata,82,"9,573",-,Condominium,1,99 yrs lease commencing from 1998,27,Outside Central Region,01 to 05
NORTH PARK RESIDENCES,"1,136,000",624.31,"1,820",Sep-25,YISHUN CENTRAL 1,Resale,Strata,58,"19,586",-,Apartment,1,99 yrs lease commencing from 2015,27,Outside Central Region,11 to 15
THE COMMODORE,"1,320,000",742.72,"1,777",Sep-25,CANBERRA DRIVE,Sub Sale,Strata,69,"19,130",-,Condominium,1,99 yrs lease commencing from 2020,27,Outside Central Region,01 to 05
THE ESTUARY,"1,200,000",925.7,"1,296",Sep-25,YISHUN AVENUE 1,Resale,Strata,86,"13,953",-,Condominium,1,99 yrs lease commencing from 2008,27,Outside Central Region,06 to 10
CANBERRA CRESCENT RESIDENCES,"1,335,800",667.37,"2,002",Sep-25,CANBERRA CRESCENT,New Sale,Strata,62,"21,545",-,Apartment,1,99 yrs lease commencing from 2024,27,Outside Central Region,01 to 05
THE WATERGARDENS AT CANBERRA,"1,370,000",753.48,"1,818",Sep-25,CANBERRA DRIVE,Sub Sale,Strata,70,"19,571",-,Apartment,1,99 yrs lease commencing from 2020,27,Outside Central Region,01 to 05
NORTH PARK RESIDENCES,"1,930,800","1,001.05","1,929",Sep-25,YISHUN CENTRAL 1,Resale,Strata,93,"20,761",-,Apartment,1,99 yrs lease commencing from 2015,27,Outside Central Region,06 to 10
YISHUN EMERALD,"1,580,000","1,399.32","1,129",Sep-25,CANBERRA DRIVE,Resale,Strata,130,"12,154",-,Condominium,1,99 yrs lease commencing from 1998,27,Outside Central Region,06 to 10
CANBERRA CRESCENT RESIDENCES,"1,336,700",667.37,"2,003",Sep-25,CANBERRA CRESCENT,New Sale,Strata,62,"21,560",-,Apartment,1,99 yrs lease commencing from 2024,27,Outside Central Region,01 to 05
SYMPHONY SUITES,"1,020,000",796.54,"1,281",Sep-25,YISHUN CLOSE,Resale,Strata,74,"13,784",-,Condominium,1,99 yrs lease commencing from 2014,27,Outside Central Region,01 to 05
THE WATERGARDENS AT CANBERRA,"1,945,000","1,108.69","1,754",Sep-25,CANBERRA DRIVE,Sub Sale,Strata,103,"18,883",-,Apartment,1,99 yrs lease commencing from 2020,27,Outside Central Region,01 to 05
SYMPHONY SUITES,"950,000",688.9,"1,379",Sep-25,YISHUN CLOSE,Resale,Strata,64,"14,844",-,Condominium,1,99 yrs lease commencing from 2014,27,Outside Central Region,01 to 05
SYMPHONY SUITES,"1,428,000","1,022.58","1,396",Sep-25,YISHUN CLOSE,Resale,Strata,95,"15,032",-,Condominium,1,99 yrs lease commencing from 2014,27,Outside Central Region,11 to 15
KANDIS RESIDENCE,"735,000",495.14,"1,484",Sep-25,KANDIS LINK,Resale,Strata,46,"15,978",-,Condominium,1,99 yrs lease commencing from 2016,27,Outside Central Region,01 to 05
CANBERRA CRESCENT RESIDENCES,"1,534,700",796.54,"1,927",Sep-25,CANBERRA CRESCENT,New Sale,Strata,74,"20,739",-,Apartment,1,99 yrs lease commencing from 2024,27,Outside Central Region,01 to 05
CANBERRA CRESCENT RESIDENCES,"1,336,200",667.37,"2,002",Sep-25,CANBERRA CRESCENT,New Sale,Strata,62,"21,552",-,Apartment,1,99 yrs lease commencing from 2024,27,Outside Central Region,01 to 05
CANBERRA CRESCENT RESIDENCES,"2,031,400",990.29,"2,051",Sep-25,CANBERRA CRESCENT,New Sale,Strata,92,"22,080",-,Apartment,1,99 yrs lease commencing from 2024,27,Outside Central Region,06 to 10
CANBERRA CRESCENT RESIDENCES,"1,622,200",796.54,"2,037",Sep-25,CANBERRA CRESCENT,New Sale,Strata,74,"21,922",-,Apartment,1,99 yrs lease commencing from 2024,27,Outside Central Region,06 to 10
ORCHID PARK CONDOMINIUM,"1,020,000",958,"1,065",Sep-25,YISHUN STREET 81,Resale,Strata,89,"11,461",-,Condominium,1,99 yrs lease commencing from 1991,27,Outside Central Region,06 to 10
NORTH PARK RESIDENCES,"2,088,000","1,097.93","1,902",Sep-25,YISHUN CENTRAL 1,Resale,Strata,102,"20,471",-,Apartment,1,99 yrs lease commencing from 2015,27,Outside Central Region,06 to 10
SKIES MILTONIA,"943,000",742.72,"1,270",Sep-25,MILTONIA CLOSE,Resale,Strata,69,"13,667",-,Condominium,1,99 yrs lease commencing from 2012,27,Outside Central Region,01 to 05
CANBERRA CRESCENT RESIDENCES,"1,522,900",796.54,"1,912",Sep-25,CANBERRA CRESCENT,New Sale,Strata,74,"20,580",-,Apartment,1,99 yrs lease commencing from 2024,27,Outside Central Region,01 to 05
CANBERRA CRESCENT RESIDENCES,"1,367,000",667.37,"2,048",Sep-25,CANBERRA CRESCENT,New Sale,Strata,62,"22,048",-,Apartment,1,99 yrs lease commencing from 2024,27,Outside Central Region,11 to 15
NORTH PARK RESIDENCES,"1,362,000",699.66,"1,947",Sep-25,YISHUN CENTRAL 1,Resale,Strata,65,"20,954",-,Apartment,1,99 yrs lease commencing from 2015,27,Outside Central Region,06 to 10
CANBERRA CRESCENT RESIDENCES,"1,731,400",882.65,"1,962",Sep-25,CANBERRA CRESCENT,New Sale,Strata,82,"21,115",-,Apartment,1,99 yrs lease commencing from 2024,27,Outside Central Region,06 to 10
NORTH PARK RESIDENCES,"1,330,000",731.95,"1,817",Sep-25,YISHUN CENTRAL 1,Resale,Strata,68,"19,559",-,Apartment,1,99 yrs lease commencing from 2015,27,Outside Central Region,01 to 05
CANBERRA CRESCENT RESIDENCES,"1,610,000",796.54,"2,021",Sep-25,CANBERRA CRESCENT,New Sale,Strata,74,"21,757",-,Apartment,1,99 yrs lease commencing from 2024,27,Outside Central Region,06 to 10
CANBERRA CRESCENT RESIDENCES,"1,770,300",882.65,"2,006",Sep-25,CANBERRA CRESCENT,New Sale,Strata,82,"21,589",-,Apartment,1,99 yrs lease commencing from 2024,27,Outside Central Region,01 to 05
THE WATERGARDENS AT CANBERRA,"1,900,000","1,108.69","1,714",Sep-25,CANBERRA DRIVE,Sub Sale,Strata,103,"18,447",-,Apartment,1,99 yrs lease commencing from 2020,27,Outside Central Region,01 to 05
THE WATERGARDENS AT CANBERRA,"1,625,000",958,"1,696",Sep-25,CANBERRA DRIVE,Sub Sale,Strata,89,"18,258",-,Apartment,1,99 yrs lease commencing from 2020,27,Outside Central Region,01 to 05
SKIES MILTONIA,"715,000",484.38,"1,476",Sep-25,MILTONIA CLOSE,Resale,Strata,45,"15,889",-,Condominium,1,99 yrs lease commencing from 2012,27,Outside Central Region,01 to 05
CANBERRA CRESCENT RESIDENCES,"1,735,700",882.65,"1,966",Sep-25,CANBERRA CRESCENT,New Sale,Strata,82,"21,167",-,Apartment,1,99 yrs lease commencing from 2024,27,Outside Central Region,06 to 10
CANBERRA CRESCENT RESIDENCES,"2,245,800","1,162.51","1,932",Sep-25,CANBERRA CRESCENT,New Sale,Strata,108,"20,794",-,Apartment,1,99 yrs lease commencing from 2024,27,Outside Central Region,01 to 05
EUPHONY GARDENS,"1,018,000","1,162.51",876,Sep-25,JALAN MATA AYER,Resale,Strata,108,"9,426",-,Condominium,1,99 yrs lease commencing from 1998,27,Outside Central Region,01 to 05
CANBERRA CRESCENT RESIDENCES,"1,339,200",667.37,"2,007",Sep-25,CANBERRA CRESCENT,New Sale,Strata,62,"21,600",-,Apartment,1,99 yrs lease commencing from 2024,27,Outside Central Region,01 to 05
CANBERRA CRESCENT RESIDENCES,"1,740,100",882.65,"1,971",Sep-25,CANBERRA CRESCENT,New Sale,Strata,82,"21,221",-,Apartment,1,99 yrs lease commencing from 2024,27,Outside Central Region,06 to 10
NORTHWOOD,"1,650,000","1,334.74","1,236",Sep-25,JALAN MATA AYER,Resale,Strata,124,"13,306",-,Condominium,1,Freehold,27,Outside Central Region,01 to 05
THE WATERGARDENS AT CANBERRA,"1,510,000",904.18,"1,670",Sep-25,CANBERRA DRIVE,Sub Sale,Strata,84,"17,976",-,Apartment,1,99 yrs lease commencing from 2020,27,Outside Central Region,01 to 05
CANBERRA CRESCENT RESIDENCES,"1,740,400",882.65,"1,972",Sep-25,CANBERRA CRESCENT,New Sale,Strata,82,"21,224",-,Apartment,1,99 yrs lease commencing from 2024,27,Outside Central Region,11 to 15
EUPHONY GARDENS,"2,179,000","2,454.19",888,Sep-25,JALAN MATA AYER,Resale,Strata,228,"9,557",-,Condominium,1,99 yrs lease commencing from 1998,27,Outside Central Region,01 to 05
SKIES MILTONIA,"1,350,000","1,076.4","1,254",Sep-25,MILTONIA CLOSE,Resale,Strata,100,"13,500",-,Condominium,1,99 yrs lease commencing from 2012,27,Outside Central Region,06 to 10
CANBERRA CRESCENT RESIDENCES,"1,525,900",796.54,"1,916",Sep-25,CANBERRA CRESCENT,New Sale,Strata,74,"20,620",-,Apartment,1,99 yrs lease commencing from 2024,27,Outside Central Region,01 to 05
CANBERRA CRESCENT RESIDENCES,"1,618,100",796.54,"2,031",Sep-25,CANBERRA CRESCENT,New Sale,Strata,74,"21,866",-,Apartment,1,99 yrs lease commencing from 2024,27,Outside Central Region,06 to 10
THE WATERGARDENS AT CANBERRA,"2,330,000","1,302.44","1,789",Sep-25,CANBERRA DRIVE,Sub Sale,Strata,121,"19,256",-,Apartment,1,99 yrs lease commencing from 2020,27,Outside Central Region,01 to 05
EIGHT COURTYARDS,"1,575,000","1,130.22","1,394",Sep-25,CANBERRA DRIVE,Resale,Strata,105,"15,000",-,Condominium,1,99 yrs lease commencing from 2010,27,Outside Central Region,11 to 15
SYMPHONY SUITES,"1,085,000",785.77,"1,381",Sep-25,YISHUN CLOSE,Resale,Strata,73,"14,863",-,Condominium,1,99 yrs lease commencing from 2014,27,Outside Central Region,06 to 10
CANBERRA CRESCENT RESIDENCES,"1,609,100",796.54,"2,020",Sep-25,CANBERRA CRESCENT,New Sale,Strata,74,"21,745",-,Apartment,1,99 yrs lease commencing from 2024,27,Outside Central Region,01 to 05
CANBERRA CRESCENT RESIDENCES,"1,989,900",990.29,"2,009",Sep-25,CANBERRA CRESCENT,New Sale,Strata,92,"21,629",-,Apartment,1,99 yrs lease commencing from 2024,27,Outside Central Region,06 to 10
CANBERRA CRESCENT RESIDENCES,"2,019,800",990.29,"2,040",Sep-25,CANBERRA CRESCENT,New Sale,Strata,92,"21,954",-,Apartment,1,99 yrs lease commencing from 2024,27,Outside Central Region,11 to 15
CANBERRA CRESCENT RESIDENCES,"1,369,100",667.37,"2,051",Sep-25,CANBERRA CRESCENT,New Sale,Strata,62,"22,082",-,Apartment,1,99 yrs lease commencing from 2024,27,Outside Central Region,01 to 05
CANBERRA CRESCENT RESIDENCES,"2,431,900","1,216.33","1,999",Sep-25,CANBERRA CRESCENT,New Sale,Strata,113,"21,521",-,Apartment,1,99 yrs lease commencing from 2024,27,Outside Central Region,06 to 10
CANBERRA CRESCENT RESIDENCES,"1,557,900",796.54,"1,956",Sep-25,CANBERRA CRESCENT,New Sale,Strata,74,"21,053",-,Apartment,1,99 yrs lease commencing from 2024,27,Outside Central Region,06 to 10
CANBERRA CRESCENT RESIDENCES,"1,574,700",796.54,"1,977",Sep-25,CANBERRA CRESCENT,New Sale,Strata,74,"21,280",-,Apartment,1,99 yrs lease commencing from 2024,27,Outside Central Region,06 to 10
CANBERRA CRESCENT RESIDENCES,"2,425,800","1,216.33","1,994",Sep-25,CANBERRA CRESCENT,New Sale,Strata,113,"21,467",-,Apartment,1,99 yrs lease commencing from 2024,27,Outside Central Region,06 to 10
NORTH PARK RESIDENCES,"1,150,000",624.31,"1,842",Sep-25,YISHUN CENTRAL 1,Resale,Strata,58,"19,828",-,Apartment,1,99 yrs lease commencing from 2015,27,Outside Central Region,06 to 10
THE MILTONIA RESIDENCES,"980,000",839.59,"1,167",Sep-25,MILTONIA CLOSE,Resale,Strata,78,"12,564",-,Condominium,1,99 yrs lease commencing from 2010,27,Outside Central Region,01 to 05
ORCHID PARK CONDOMINIUM,"980,000",958,"1,023",Sep-25,YISHUN STREET 81,Resale,Strata,89,"11,011",-,Condominium,1,99 yrs lease commencing from 1991,27,Outside Central Region,01 to 05
CANBERRA CRESCENT RESIDENCES,"1,589,600",796.54,"1,996",Sep-25,CANBERRA CRESCENT,New Sale,Strata,74,"21,481",-,Apartment,1,99 yrs lease commencing from 2024,27,Outside Central Region,06 to 10
THE WISTERIA,"830,000",548.96,"1,512",Sep-25,YISHUN RING ROAD,Resale,Strata,51,"16,275",-,Apartment,1,99 yrs lease commencing from 2015,27,Outside Central Region,11 to 15
CANBERRA CRESCENT RESIDENCES,"1,761,900",882.65,"1,996",Sep-25,CANBERRA CRESCENT,New Sale,Strata,82,"21,487",-,Apartment,1,99 yrs lease commencing from 2024,27,Outside Central Region,11 to 15
NORTH PARK RESIDENCES,"778,000",452.09,"1,721",Sep-25,YISHUN CENTRAL 1,Resale,Strata,42,"18,524",-,Apartment,1,99 yrs lease commencing from 2015,27,Outside Central Region,01 to 05
THE NAUTICAL,"1,340,000",990.29,"1,353",Sep-25,JALAN SENDUDOK,Resale,Strata,92,"14,565",-,Condominium,1,99 yrs lease commencing from 2011,27,Outside Central Region,01 to 05
YISHUN EMERALD,"1,030,000",990.29,"1,040",Sep-25,CANBERRA DRIVE,Resale,Strata,92,"11,196",-,Condominium,1,99 yrs lease commencing from 1998,27,Outside Central Region,11 to 15
KANDIS RESIDENCE,"950,000",764.24,"1,243",Sep-25,KANDIS LINK,Resale,Strata,71,"13,380",-,Condominium,1,99 yrs lease commencing from 2016,27,Outside Central Region,01 to 05
THE WISTERIA,"1,280,000",968.76,"1,321",Sep-25,YISHUN RING ROAD,Resale,Strata,90,"14,222",-,Apartment,1,99 yrs lease commencing from 2015,27,Outside Central Region,06 to 10
ORCHID PARK CONDOMINIUM,"1,383,000","1,248.62","1,108",Sep-25,YISHUN STREET 81,Resale,Strata,116,"11,922",-,Condominium,1,99 yrs lease commencing from 1991,27,Outside Central Region,06 to 10
CANBERRA CRESCENT RESIDENCES,"1,744,400",882.65,"1,976",Aug-25,CANBERRA CRESCENT,New Sale,Strata,82,"21,273",-,Apartment,1,99 yrs lease commencing from 2024,27,Outside Central Region,06 to 10
CANBERRA CRESCENT RESIDENCES,"1,372,500",667.37,"2,057",Aug-25,CANBERRA CRESCENT,New Sale,Strata,62,"22,137",-,Apartment,1,99 yrs lease commencing from 2024,27,Outside Central Region,01 to 05
CANBERRA CRESCENT RESIDENCES,"1,340,100",667.37,"2,008",Aug-25,CANBERRA CRESCENT,New Sale,Strata,62,"21,615",-,Apartment,1,99 yrs lease commencing from 2024,27,Outside Central Region,01 to 05
SYMPHONY SUITES,"1,411,888","1,022.58","1,381",Aug-25,YISHUN CLOSE,Resale,Strata,95,"14,862",-,Condominium,1,99 yrs lease commencing from 2014,27,Outside Central Region,06 to 10
CANBERRA CRESCENT RESIDENCES,"1,999,800",990.29,"2,019",Aug-25,CANBERRA CRESCENT,New Sale,Strata,92,"21,737",-,Apartment,1,99 yrs lease commencing from 2024,27,Outside Central Region,06 to 10
SYMPHONY SUITES,"942,000",688.9,"1,367",Aug-25,YISHUN CLOSE,Resale,Strata,64,"14,719",-,Condominium,1,99 yrs lease commencing from 2014,27,Outside Central Region,06 to 10
THE NAUTICAL,"1,550,000","1,388.56","1,116",Aug-25,JALAN SENDUDOK,Resale,Strata,129,"12,016",-,Condominium,1,99 yrs lease commencing from 2011,27,Outside Central Region,01 to 05
SYMPHONY SUITES,"968,000",688.9,"1,405",Aug-25,YISHUN CLOSE,Resale,Strata,64,"15,125",-,Condominium,1,99 yrs lease commencing from 2014,27,Outside Central Region,06 to 10
CANBERRA CRESCENT RESIDENCES,"2,391,000","1,216.33","1,966",Aug-25,CANBERRA CRESCENT,New Sale,Strata,113,"21,159",-,Apartment,1,99 yrs lease commencing from 2024,27,Outside Central Region,01 to 05
CANBERRA RESIDENCES,"1,730,000","1,431.61","1,208",Aug-25,CANBERRA DRIVE,Resale,Strata,133,"13,008",-,Condominium,1,99 yrs lease commencing from 2010,27,Outside Central Region,01 to 05
CANBERRA CRESCENT RESIDENCES,"2,588,900","1,323.97","1,955",Aug-25,CANBERRA CRESCENT,New Sale,Strata,123,"21,048",-,Apartment,1,99 yrs lease commencing from 2024,27,Outside Central Region,06 to 10
SYMPHONY SUITES,"1,220,000",893.41,"1,366",Aug-25,YISHUN CLOSE,Resale,Strata,83,"14,699",-,Condominium,1,99 yrs lease commencing from 2014,27,Outside Central Region,06 to 10
CANBERRA CRESCENT RESIDENCES,"1,731,700",882.65,"1,962",Aug-25,CANBERRA CRESCENT,New Sale,Strata,82,"21,118",-,Apartment,1,99 yrs lease commencing from 2024,27,Outside Central Region,06 to 10
CANBERRA CRESCENT RESIDENCES,"1,598,300",796.54,"2,007",Aug-25,CANBERRA CRESCENT,New Sale,Strata,74,"21,599",-,Apartment,1,99 yrs lease commencing from 2024,27,Outside Central Region,06 to 10
CANBERRA CRESCENT RESIDENCES,"1,330,300",667.37,"1,993",Aug-25,CANBERRA CRESCENT,New Sale,Strata,62,"21,456",-,Apartment,1,99 yrs lease commencing from 2024,27,Outside Central Region,01 to 05
CANBERRA CRESCENT RESIDENCES,"1,356,900",667.37,"2,033",Aug-25,CANBERRA CRESCENT,New Sale,Strata,62,"21,885",-,Apartment,1,99 yrs lease commencing from 2024,27,Outside Central Region,06 to 10
CANBERRA CRESCENT RESIDENCES,"1,350,400",667.37,"2,023",Aug-25,CANBERRA CRESCENT,New Sale,Strata,62,"21,781",-,Apartment,1,99 yrs lease commencing from 2024,27,Outside Central Region,11 to 15
CANBERRA CRESCENT RESIDENCES,"1,333,100",667.37,"1,998",Aug-25,CANBERRA CRESCENT,New Sale,Strata,62,"21,502",-,Apartment,1,99 yrs lease commencing from 2024,27,Outside Central Region,06 to 10
CANBERRA CRESCENT RESIDENCES,"1,974,000",990.29,"1,993",Aug-25,CANBERRA CRESCENT,New Sale,Strata,92,"21,457",-,Apartment,1,99 yrs lease commencing from 2024,27,Outside Central Region,06 to 10
CANBERRA CRESCENT RESIDENCES,"1,519,000",796.54,"1,907",Aug-25,CANBERRA CRESCENT,New Sale,Strata,74,"20,527",-,Apartment,1,99 yrs lease commencing from 2024,27,Outside Central Region,06 to 10
CANBERRA CRESCENT RESIDENCES,"1,988,000",990.29,"2,007",Aug-25,CANBERRA CRESCENT,New Sale,Strata,92,"21,609",-,Apartment,1,99 yrs lease commencing from 2024,27,Outside Central Region,06 to 10
CANBERRA CRESCENT RESIDENCES,"1,704,525",871.88,"1,955",Aug-25,CANBERRA CRESCENT,New Sale,Strata,81,"21,044",-,Apartment,1,99 yrs lease commencing from 2024,27,Outside Central Region,11 to 15
CANBERRA CRESCENT RESIDENCES,"1,597,400",796.54,"2,005",Aug-25,CANBERRA CRESCENT,New Sale,Strata,74,"21,586",-,Apartment,1,99 yrs lease commencing from 2024,27,Outside Central Region,01 to 05
CANBERRA CRESCENT RESIDENCES,"1,586,400",796.54,"1,992",Aug-25,CANBERRA CRESCENT,New Sale,Strata,74,"21,438",-,Apartment,1,99 yrs lease commencing from 2024,27,Outside Central Region,01 to 05
CANBERRA CRESCENT RESIDENCES,"1,757,300",882.65,"1,991",Aug-25,CANBERRA CRESCENT,New Sale,Strata,82,"21,430",-,Apartment,1,99 yrs lease commencing from 2024,27,Outside Central Region,01 to 05
CANBERRA CRESCENT RESIDENCES,"1,629,600",796.54,"2,046",Aug-25,CANBERRA CRESCENT,New Sale,Strata,74,"22,022",-,Apartment,1,99 yrs lease commencing from 2024,27,Outside Central Region,11 to 15
CANBERRA CRESCENT RESIDENCES,"1,523,600",796.54,"1,913",Aug-25,CANBERRA CRESCENT,New Sale,Strata,74,"20,589",-,Apartment,1,99 yrs lease commencing from 2024,27,Outside Central Region,01 to 05
CANBERRA CRESCENT RESIDENCES,"1,993,000",990.29,"2,013",Aug-25,CANBERRA CRESCENT,New Sale,Strata,92,"21,663",-,Apartment,1,99 yrs lease commencing from 2024,27,Outside Central Region,11 to 15
CANBERRA CRESCENT RESIDENCES,"1,359,100",667.37,"2,037",Aug-25,CANBERRA CRESCENT,New Sale,Strata,62,"21,921",-,Apartment,1,99 yrs lease commencing from 2024,27,Outside Central Region,01 to 05
EIGHT COURTYARDS,"1,568,888","1,140.98","1,375",Aug-25,CANBERRA DRIVE,Resale,Strata,106,"14,801",-,Condominium,1,99 yrs lease commencing from 2010,27,Outside Central Region,01 to 05
THE WATERGARDENS AT CANBERRA,"1,930,000","1,108.69","1,741",Aug-25,CANBERRA DRIVE,Sub Sale,Strata,103,"18,738",-,Apartment,1,99 yrs lease commencing from 2020,27,Outside Central Region,01 to 05
CANBERRA CRESCENT RESIDENCES,"1,326,000",667.37,"1,987",Aug-25,CANBERRA CRESCENT,New Sale,Strata,62,"21,387",-,Apartment,1,99 yrs lease commencing from 2024,27,Outside Central Region,01 to 05
CANBERRA CRESCENT RESIDENCES,"1,362,500",667.37,"2,042",Aug-25,CANBERRA CRESCENT,New Sale,Strata,62,"21,976",-,Apartment,1,99 yrs lease commencing from 2024,27,Outside Central Region,01 to 05
CANBERRA CRESCENT RESIDENCES,"1,347,000",667.37,"2,018",Aug-25,CANBERRA CRESCENT,New Sale,Strata,62,"21,726",-,Apartment,1,99 yrs lease commencing from 2024,27,Outside Central Region,06 to 10
YISHUN SAPPHIRE,"2,095,000","2,045.16","1,024",Aug-25,CANBERRA DRIVE,Resale,Strata,190,"11,026",-,Condominium,1,99 yrs lease commencing from 1998,27,Outside Central Region,11 to 15
ORCHID PARK CONDOMINIUM,"1,928,000","1,733","1,113",Aug-25,YISHUN STREET 81,Resale,Strata,161,"11,975",-,Condominium,1,99 yrs lease commencing from 1991,27,Outside Central Region,11 to 15
CANBERRA CRESCENT RESIDENCES,"1,985,200",990.29,"2,005",Aug-25,CANBERRA CRESCENT,New Sale,Strata,92,"21,578",-,Apartment,1,99 yrs lease commencing from 2024,27,Outside Central Region,06 to 10
CANBERRA CRESCENT RESIDENCES,"1,530,000",796.54,"1,921",Aug-25,CANBERRA CRESCENT,New Sale,Strata,74,"20,676",-,Apartment,1,99 yrs lease commencing from 2024,27,Outside Central Region,06 to 10
CANBERRA CRESCENT RESIDENCES,"2,151,700","1,162.51","1,851",Aug-25,CANBERRA CRESCENT,New Sale,Strata,108,"19,923",-,Apartment,1,99 yrs lease commencing from 2024,27,Outside Central Region,01 to 05
CANBERRA CRESCENT RESIDENCES,"2,229,500","1,162.51","1,918",Aug-25,CANBERRA CRESCENT,New Sale,Strata,108,"20,644",-,Apartment,1,99 yrs lease commencing from 2024,27,Outside Central Region,01 to 05
CANBERRA CRESCENT RESIDENCES,"1,337,000",667.37,"2,003",Aug-25,CANBERRA CRESCENT,New Sale,Strata,62,"21,565",-,Apartment,1,99 yrs lease commencing from 2024,27,Outside Central Region,06 to 10
THE ESTUARY,"1,540,000","1,184.04","1,301",Aug-25,YISHUN AVENUE 1,Resale,Strata,110,"14,000",-,Condominium,1,99 yrs lease commencing from 2008,27,Outside Central Region,06 to 10
SUN PLAZA,"1,200,000","1,022.58","1,174",Aug-25,SEMBAWANG DRIVE,Resale,Strata,95,"12,632",-,Apartment,1,99 yrs lease commencing from 1996,27,Outside Central Region,06 to 10
CANBERRA CRESCENT RESIDENCES,"1,527,000",796.54,"1,917",Aug-25,CANBERRA CRESCENT,New Sale,Strata,74,"20,635",-,Apartment,1,99 yrs lease commencing from 2024,27,Outside Central Region,06 to 10
CANBERRA CRESCENT RESIDENCES,"1,701,700",882.65,"1,928",Aug-25,CANBERRA CRESCENT,New Sale,Strata,82,"20,752",-,Apartment,1,99 yrs lease commencing from 2024,27,Outside Central Region,01 to 05
CANBERRA CRESCENT RESIDENCES,"1,606,300",796.54,"2,017",Aug-25,CANBERRA CRESCENT,New Sale,Strata,74,"21,707",-,Apartment,1,99 yrs lease commencing from 2024,27,Outside Central Region,06 to 10
CANBERRA CRESCENT RESIDENCES,"1,597,400",796.54,"2,005",Aug-25,CANBERRA CRESCENT,New Sale,Strata,74,"21,586",-,Apartment,1,99 yrs lease commencing from 2024,27,Outside Central Region,01 to 05
EIGHT COURTYARDS,"1,600,000","1,151.75","1,389",Aug-25,CANBERRA DRIVE,Resale,Strata,107,"14,953",-,Condominium,1,99 yrs lease commencing from 2010,27,Outside Central Region,11 to 15
THE NAUTICAL,"1,048,000",785.77,"1,334",Aug-25,JALAN SENDUDOK,Resale,Strata,73,"14,356",-,Condominium,1,99 yrs lease commencing from 2011,27,Outside Central Region,01 to 05
CANBERRA CRESCENT RESIDENCES,"1,090,000",570.49,"1,911",Aug-25,CANBERRA CRESCENT,New Sale,Strata,53,"20,566",-,Apartment,1,99 yrs lease commencing from 2024,27,Outside Central Region,01 to 05
CANBERRA CRESCENT RESIDENCES,"1,554,600",796.54,"1,952",Aug-25,CANBERRA CRESCENT,New Sale,Strata,74,"21,008",-,Apartment,1,99 yrs lease commencing from 2024,27,Outside Central Region,01 to 05
CANBERRA CRESCENT RESIDENCES,"1,362,500",667.37,"2,042",Aug-25,CANBERRA CRESCENT,New Sale,Strata,62,"21,976",-,Apartment,1,99 yrs lease commencing from 2024,27,Outside Central Region,01 to 05
CANBERRA CRESCENT RESIDENCES,"1,333,600",667.37,"1,998",Aug-25,CANBERRA CRESCENT,New Sale,Strata,62,"21,510",-,Apartment,1,99 yrs lease commencing from 2024,27,Outside Central Region,06 to 10
SYMPHONY SUITES,"1,080,000",796.54,"1,356",Aug-25,YISHUN CLOSE,Resale,Strata,74,"14,595",-,Condominium,1,99 yrs lease commencing from 2014,27,Outside Central Region,11 to 15
CANBERRA CRESCENT RESIDENCES,"1,527,400",796.54,"1,918",Aug-25,CANBERRA CRESCENT,New Sale,Strata,74,"20,641",-,Apartment,1,99 yrs lease commencing from 2024,27,Outside Central Region,01 to 05
CANBERRA CRESCENT RESIDENCES,"1,330,100",667.37,"1,993",Aug-25,CANBERRA CRESCENT,New Sale,Strata,62,"21,453",-,Apartment,1,99 yrs lease commencing from 2024,27,Outside Central Region,01 to 05
CANBERRA CRESCENT RESIDENCES,"1,340,100",667.37,"2,008",Aug-25,CANBERRA CRESCENT,New Sale,Strata,62,"21,615",-,Apartment,1,99 yrs lease commencing from 2024,27,Outside Central Region,06 to 10
CANBERRA CRESCENT RESIDENCES,"1,093,100",570.49,"1,916",Aug-25,CANBERRA CRESCENT,New Sale,Strata,53,"20,625",-,Apartment,1,99 yrs lease commencing from 2024,27,Outside Central Region,01 to 05
CANBERRA CRESCENT RESIDENCES,"1,743,612",871.88,"2,000",Aug-25,CANBERRA CRESCENT,New Sale,Strata,81,"21,526",-,Apartment,1,99 yrs lease commencing from 2024,27,Outside Central Region,11 to 15
CANBERRA CRESCENT RESIDENCES,"1,601,400",796.54,"2,010",Aug-25,CANBERRA CRESCENT,New Sale,Strata,74,"21,641",-,Apartment,1,99 yrs lease commencing from 2024,27,Outside Central Region,01 to 05
CANBERRA CRESCENT RESIDENCES,"1,372,700",667.37,"2,057",Aug-25,CANBERRA CRESCENT,New Sale,Strata,62,"22,140",-,Apartment,1,99 yrs lease commencing from 2024,27,Outside Central Region,06 to 10
CANBERRA CRESCENT RESIDENCES,"1,736,000",882.65,"1,967",Aug-25,CANBERRA CRESCENT,New Sale,Strata,82,"21,171",-,Apartment,1,99 yrs lease commencing from 2024,27,Outside Central Region,11 to 15
CANBERRA CRESCENT RESIDENCES,"1,327,000",667.37,"1,988",Aug-25,CANBERRA CRESCENT,New Sale,Strata,62,"21,403",-,Apartment,1,99 yrs lease commencing from 2024,27,Outside Central Region,01 to 05
CANBERRA CRESCENT RESIDENCES,"1,787,200",871.88,"2,050",Aug-25,CANBERRA CRESCENT,New Sale,Strata,81,"22,064",-,Apartment,1,99 yrs lease commencing from 2024,27,Outside Central Region,11 to 15
CANBERRA CRESCENT RESIDENCES,"1,748,600",882.65,"1,981",Aug-25,CANBERRA CRESCENT,New Sale,Strata,82,"21,324",-,Apartment,1,99 yrs lease commencing from 2024,27,Outside Central Region,01 to 05
CANBERRA CRESCENT RESIDENCES,"1,365,900",667.37,"2,047",Aug-25,CANBERRA CRESCENT,New Sale,Strata,62,"22,031",-,Apartment,1,99 yrs lease commencing from 2024,27,Outside Central Region,01 to 05
CANBERRA CRESCENT RESIDENCES,"1,523,000",796.54,"1,912",Aug-25,CANBERRA CRESCENT,New Sale,Strata,74,"20,581",-,Apartment,1,99 yrs lease commencing from 2024,27,Outside Central Region,06 to 10
CANBERRA CRESCENT RESIDENCES,"1,343,100",667.37,"2,013",Aug-25,CANBERRA CRESCENT,New Sale,Strata,62,"21,663",-,Apartment,1,99 yrs lease commencing from 2024,27,Outside Central Region,06 to 10
CANBERRA CRESCENT RESIDENCES,"1,706,000",882.65,"1,933",Aug-25,CANBERRA CRESCENT,New Sale,Strata,82,"20,805",-,Apartment,1,99 yrs lease commencing from 2024,27,Outside Central Region,01 to 05
CANBERRA CRESCENT RESIDENCES,"2,157,100","1,162.51","1,856",Aug-25,CANBERRA CRESCENT,New Sale,Strata,108,"19,973",-,Apartment,1,99 yrs lease commencing from 2024,27,Outside Central Region,01 to 05
CANBERRA CRESCENT RESIDENCES,"1,558,500",796.54,"1,957",Aug-25,CANBERRA CRESCENT,New Sale,Strata,74,"21,061",-,Apartment,1,99 yrs lease commencing from 2024,27,Outside Central Region,01 to 05
CANBERRA CRESCENT RESIDENCES,"1,571,100",796.54,"1,972",Aug-25,CANBERRA CRESCENT,New Sale,Strata,74,"21,231",-,Apartment,1,99 yrs lease commencing from 2024,27,Outside Central Region,11 to 15
CANBERRA CRESCENT RESIDENCES,"1,323,700",667.37,"1,983",Aug-25,CANBERRA CRESCENT,New Sale,Strata,62,"21,350",-,Apartment,1,99 yrs lease commencing from 2024,27,Outside Central Region,01 to 05
CANBERRA CRESCENT RESIDENCES,"1,761,700",882.65,"1,996",Aug-25,CANBERRA CRESCENT,New Sale,Strata,82,"21,484",-,Apartment,1,99 yrs lease commencing from 2024,27,Outside Central Region,06 to 10
CANBERRA CRESCENT RESIDENCES,"1,614,300",796.54,"2,027",Aug-25,CANBERRA CRESCENT,New Sale,Strata,74,"21,815",-,Apartment,1,99 yrs lease commencing from 2024,27,Outside Central Region,11 to 15
SYMPHONY SUITES,"1,380,000","1,022.58","1,350",Aug-25,YISHUN CLOSE,Resale,Strata,95,"14,526",-,Condominium,1,99 yrs lease commencing from 2014,27,Outside Central Region,06 to 10
THE WATERGARDENS AT CANBERRA,"1,458,000",796.54,"1,830",Aug-25,CANBERRA DRIVE,Sub Sale,Strata,74,"19,703",-,Apartment,1,99 yrs lease commencing from 2020,27,Outside Central Region,01 to 05
CANBERRA CRESCENT RESIDENCES,"1,095,000",570.49,"1,919",Aug-25,CANBERRA CRESCENT,New Sale,Strata,53,"20,660",-,Apartment,1,99 yrs lease commencing from 2024,27,Outside Central Region,01 to 05
CANBERRA CRESCENT RESIDENCES,"1,336,100",667.37,"2,002",Aug-25,CANBERRA CRESCENT,New Sale,Strata,62,"21,550",-,Apartment,1,99 yrs lease commencing from 2024,27,Outside Central Region,06 to 10
CANBERRA CRESCENT RESIDENCES,"1,095,100",570.49,"1,920",Aug-25,CANBERRA CRESCENT,New Sale,Strata,53,"20,662",-,Apartment,1,99 yrs lease commencing from 2024,27,Outside Central Region,01 to 05
SKIES MILTONIA,"2,750,000","2,551.07","1,078",Aug-25,MILTONIA CLOSE,Resale,Strata,237,"11,603",-,Condominium,1,99 yrs lease commencing from 2012,27,Outside Central Region,11 to 15
SKIES MILTONIA,"3,430,000","4,671.58",734,Aug-25,MILTONIA CLOSE,Resale,Strata,434,"7,903",-,Condominium,1,99 yrs lease commencing from 2012,27,Outside Central Region,-
YISHUN SAPPHIRE,"1,600,000","1,506.96","1,062",Aug-25,CANBERRA DRIVE,Resale,Strata,140,"11,429",-,Condominium,1,99 yrs lease commencing from 1998,27,Outside Central Region,01 to 05
CANBERRA CRESCENT RESIDENCES,"1,562,400",796.54,"1,961",Aug-25,CANBERRA CRESCENT,New Sale,Strata,74,"21,114",-,Apartment,1,99 yrs lease commencing from 2024,27,Outside Central Region,01 to 05
CANBERRA CRESCENT RESIDENCES,"1,575,000",796.54,"1,977",Aug-25,CANBERRA CRESCENT,New Sale,Strata,74,"21,284",-,Apartment,1,99 yrs lease commencing from 2024,27,Outside Central Region,11 to 15
THE ESTUARY,"1,490,000","1,119.46","1,331",Aug-25,YISHUN AVENUE 1,Resale,Strata,104,"14,327",-,Condominium,1,99 yrs lease commencing from 2008,27,Outside Central Region,16 to 20
NORTH PARK RESIDENCES,"770,000",430.56,"1,788",Aug-25,YISHUN CENTRAL 1,Resale,Strata,40,"19,250",-,Apartment,1,99 yrs lease commencing from 2015,27,Outside Central Region,11 to 15
CANBERRA CRESCENT RESIDENCES,"1,092,000",570.49,"1,914",Aug-25,CANBERRA CRESCENT,New Sale,Strata,53,"20,604",-,Apartment,1,99 yrs lease commencing from 2024,27,Outside Central Region,01 to 05
CANBERRA CRESCENT RESIDENCES,"1,098,000",570.49,"1,925",Aug-25,CANBERRA CRESCENT,New Sale,Strata,53,"20,717",-,Apartment,1,99 yrs lease commencing from 2024,27,Outside Central Region,01 to 05
CANBERRA CRESCENT RESIDENCES,"1,365,900",667.37,"2,047",Aug-25,CANBERRA CRESCENT,New Sale,Strata,62,"22,031",-,Apartment,1,99 yrs lease commencing from 2024,27,Outside Central Region,01 to 05
CANBERRA CRESCENT RESIDENCES,"1,515,000",796.54,"1,902",Aug-25,CANBERRA CRESCENT,New Sale,Strata,74,"20,473",-,Apartment,1,99 yrs lease commencing from 2024,27,Outside Central Region,06 to 10
CANBERRA CRESCENT RESIDENCES,"1,534,000",796.54,"1,926",Aug-25,CANBERRA CRESCENT,New Sale,Strata,74,"20,730",-,Apartment,1,99 yrs lease commencing from 2024,27,Outside Central Region,11 to 15
CANBERRA CRESCENT RESIDENCES,"1,601,400",796.54,"2,010",Aug-25,CANBERRA CRESCENT,New Sale,Strata,74,"21,641",-,Apartment,1,99 yrs lease commencing from 2024,27,Outside Central Region,01 to 05
THE WISTERIA,"745,888",441.32,"1,690",Aug-25,YISHUN RING ROAD,Resale,Strata,41,"18,192",-,Apartment,1,99 yrs lease commencing from 2015,27,Outside Central Region,06 to 10
NORTH PARK RESIDENCES,"1,358,000",699.66,"1,941",Aug-25,YISHUN CENTRAL 1,Resale,Strata,65,"20,892",-,Apartment,1,99 yrs lease commencing from 2015,27,Outside Central Region,11 to 15
EIGHT COURTYARDS,"1,582,000","1,151.75","1,374",Aug-25,CANBERRA DRIVE,Resale,Strata,107,"14,785",-,Condominium,1,99 yrs lease commencing from 2010,27,Outside Central Region,01 to 05
SKIES MILTONIA,"1,130,000",968.76,"1,166",Aug-25,MILTONIA CLOSE,Resale,Strata,90,"12,556",-,Condominium,1,99 yrs lease commencing from 2012,27,Outside Central Region,01 to 05
CANBERRA CRESCENT RESIDENCES,"2,420,200","1,216.33","1,990",Aug-25,CANBERRA CRESCENT,New Sale,Strata,113,"21,418",-,Apartment,1,99 yrs lease commencing from 2024,27,Outside Central Region,11 to 15
THE WISTERIA,"838,000",635.08,"1,320",Aug-25,YISHUN RING ROAD,Resale,Strata,59,"14,203",-,Apartment,1,99 yrs lease commencing from 2015,27,Outside Central Region,01 to 05
THE COMMODORE,"1,750,000","1,022.58","1,711",Aug-25,CANBERRA DRIVE,Sub Sale,Strata,95,"18,421",-,Condominium,1,99 yrs lease commencing from 2020,27,Outside Central Region,01 to 05
CANBERRA CRESCENT RESIDENCES,"1,710,300",882.65,"1,938",Aug-25,CANBERRA CRESCENT,New Sale,Strata,82,"20,857",-,Apartment,1,99 yrs lease commencing from 2024,27,Outside Central Region,01 to 05
CANBERRA CRESCENT RESIDENCES,"1,106,100",570.49,"1,939",Aug-25,CANBERRA CRESCENT,New Sale,Strata,53,"20,870",-,Apartment,1,99 yrs lease commencing from 2024,27,Outside Central Region,06 to 10
CANBERRA CRESCENT RESIDENCES,"1,355,700",667.37,"2,031",Aug-25,CANBERRA CRESCENT,New Sale,Strata,62,"21,866",-,Apartment,1,99 yrs lease commencing from 2024,27,Outside Central Region,01 to 05
THE ESTUARY,"1,468,000","1,119.46","1,311",Aug-25,YISHUN AVENUE 1,Resale,Strata,104,"14,115",-,Condominium,1,99 yrs lease commencing from 2008,27,Outside Central Region,06 to 10
SYMPHONY SUITES,"1,300,000","1,022.58","1,271",Aug-25,YISHUN CLOSE,Resale,Strata,95,"13,684",-,Condominium,1,99 yrs lease commencing from 2014,27,Outside Central Region,01 to 05
CANBERRA CRESCENT RESIDENCES,"1,567,200",796.54,"1,968",Aug-25,CANBERRA CRESCENT,New Sale,Strata,74,"21,178",-,Apartment,1,99 yrs lease commencing from 2024,27,Outside Central Region,06 to 10
CANBERRA CRESCENT RESIDENCES,"2,240,600","1,162.51","1,927",Aug-25,CANBERRA CRESCENT,New Sale,Strata,108,"20,746",-,Apartment,1,99 yrs lease commencing from 2024,27,Outside Central Region,06 to 10
NINE RESIDENCES,"1,550,000","1,173.28","1,321",Aug-25,YISHUN AVENUE 9,Resale,Strata,109,"14,220",-,Apartment,1,99 yrs lease commencing from 2013,27,Outside Central Region,06 to 10
THE NAUTICAL,"1,720,000","1,765.3",974,Aug-25,JALAN SENDUDOK,Resale,Strata,164,"10,488",-,Condominium,1,99 yrs lease commencing from 2011,27,Outside Central Region,01 to 05
CANBERRA CRESCENT RESIDENCES,"1,538,000",796.54,"1,931",Aug-25,CANBERRA CRESCENT,New Sale,Strata,74,"20,784",-,Apartment,1,99 yrs lease commencing from 2024,27,Outside Central Region,11 to 15
CANBERRA CRESCENT RESIDENCES,"1,332,600",667.37,"1,997",Aug-25,CANBERRA CRESCENT,New Sale,Strata,62,"21,494",-,Apartment,1,99 yrs lease commencing from 2024,27,Outside Central Region,01 to 05
CANBERRA CRESCENT RESIDENCES,"1,563,300",796.54,"1,963",Aug-25,CANBERRA CRESCENT,New Sale,Strata,74,"21,126",-,Apartment,1,99 yrs lease commencing from 2024,27,Outside Central Region,06 to 10
CANBERRA CRESCENT RESIDENCES,"2,349,600","1,216.33","1,932",Aug-25,CANBERRA CRESCENT,New Sale,Strata,113,"20,793",-,Apartment,1,99 yrs lease commencing from 2024,27,Outside Central Region,06 to 10
CANBERRA CRESCENT RESIDENCES,"1,740,400",882.65,"1,972",Aug-25,CANBERRA CRESCENT,New Sale,Strata,82,"21,224",-,Apartment,1,99 yrs lease commencing from 2024,27,Outside Central Region,11 to 15
CANBERRA CRESCENT RESIDENCES,"1,766,100",882.65,"2,001",Aug-25,CANBERRA CRESCENT,New Sale,Strata,82,"21,538",-,Apartment,1,99 yrs lease commencing from 2024,27,Outside Central Region,06 to 10
CANBERRA CRESCENT RESIDENCES,"1,531,200",796.54,"1,922",Aug-25,CANBERRA CRESCENT,New Sale,Strata,74,"20,692",-,Apartment,1,99 yrs lease commencing from 2024,27,Outside Central Region,01 to 05
CANBERRA CRESCENT RESIDENCES,"1,101,000",570.49,"1,930",Aug-25,CANBERRA CRESCENT,New Sale,Strata,53,"20,774",-,Apartment,1,99 yrs lease commencing from 2024,27,Outside Central Region,06 to 10
CANBERRA CRESCENT RESIDENCES,"1,535,000",796.54,"1,927",Aug-25,CANBERRA CRESCENT,New Sale,Strata,74,"20,743",-,Apartment,1,99 yrs lease commencing from 2024,27,Outside Central Region,06 to 10
CANBERRA CRESCENT RESIDENCES,"1,103,000",570.49,"1,933",Aug-25,CANBERRA CRESCENT,New Sale,Strata,53,"20,811",-,Apartment,1,99 yrs lease commencing from 2024,27,Outside Central Region,06 to 10
CANBERRA CRESCENT RESIDENCES,"1,538,800",796.54,"1,932",Aug-25,CANBERRA CRESCENT,New Sale,Strata,74,"20,795",-,Apartment,1,99 yrs lease commencing from 2024,27,Outside Central Region,06 to 10
CANBERRA CRESCENT RESIDENCES,"1,106,000",570.49,"1,939",Aug-25,CANBERRA CRESCENT,New Sale,Strata,53,"20,868",-,Apartment,1,99 yrs lease commencing from 2024,27,Outside Central Region,06 to 10
CANBERRA CRESCENT RESIDENCES,"1,979,000",990.29,"1,998",Aug-25,CANBERRA CRESCENT,New Sale,Strata,92,"21,511",-,Apartment,1,99 yrs lease commencing from 2024,27,Outside Central Region,06 to 10
CANBERRA CRESCENT RESIDENCES,"1,109,000",570.49,"1,944",Aug-25,CANBERRA CRESCENT,New Sale,Strata,53,"20,925",-,Apartment,1,99 yrs lease commencing from 2024,27,Outside Central Region,06 to 10
CANBERRA CRESCENT RESIDENCES,"1,546,500",796.54,"1,942",Aug-25,CANBERRA CRESCENT,New Sale,Strata,74,"20,899",-,Apartment,1,99 yrs lease commencing from 2024,27,Outside Central Region,06 to 10
CANBERRA CRESCENT RESIDENCES,"1,112,000",570.49,"1,949",Aug-25,CANBERRA CRESCENT,New Sale,Strata,53,"20,981",-,Apartment,1,99 yrs lease commencing from 2024,27,Outside Central Region,06 to 10
CANBERRA CRESCENT RESIDENCES,"1,550,400",796.54,"1,946",Aug-25,CANBERRA CRESCENT,New Sale,Strata,74,"20,951",-,Apartment,1,99 yrs lease commencing from 2024,27,Outside Central Region,06 to 10
CANBERRA CRESCENT RESIDENCES,"1,990,100",990.29,"2,010",Aug-25,CANBERRA CRESCENT,New Sale,Strata,92,"21,632",-,Apartment,1,99 yrs lease commencing from 2024,27,Outside Central Region,06 to 10
CANBERRA CRESCENT RESIDENCES,"1,115,000",570.49,"1,954",Aug-25,CANBERRA CRESCENT,New Sale,Strata,53,"21,038",-,Apartment,1,99 yrs lease commencing from 2024,27,Outside Central Region,11 to 15
CANBERRA CRESCENT RESIDENCES,"1,350,100",667.37,"2,023",Aug-25,CANBERRA CRESCENT,New Sale,Strata,62,"21,776",-,Apartment,1,99 yrs lease commencing from 2024,27,Outside Central Region,11 to 15
CANBERRA CRESCENT RESIDENCES,"1,554,300",796.54,"1,951",Aug-25,CANBERRA CRESCENT,New Sale,Strata,74,"21,004",-,Apartment,1,99 yrs lease commencing from 2024,27,Outside Central Region,11 to 15
CANBERRA CRESCENT RESIDENCES,"1,995,100",990.29,"2,015",Aug-25,CANBERRA CRESCENT,New Sale,Strata,92,"21,686",-,Apartment,1,99 yrs lease commencing from 2024,27,Outside Central Region,11 to 15
CANBERRA CRESCENT RESIDENCES,"1,117,000",570.49,"1,958",Aug-25,CANBERRA CRESCENT,New Sale,Strata,53,"21,075",-,Apartment,1,99 yrs lease commencing from 2024,27,Outside Central Region,11 to 15
CANBERRA CRESCENT RESIDENCES,"1,998,000",990.29,"2,018",Aug-25,CANBERRA CRESCENT,New Sale,Strata,92,"21,717",-,Apartment,1,99 yrs lease commencing from 2024,27,Outside Central Region,11 to 15
CANBERRA CRESCENT RESIDENCES,"1,353,100",667.37,"2,028",Aug-25,CANBERRA CRESCENT,New Sale,Strata,62,"21,824",-,Apartment,1,99 yrs lease commencing from 2024,27,Outside Central Region,11 to 15
CANBERRA CRESCENT RESIDENCES,"880,000",409.03,"2,151",Aug-25,CANBERRA CRESCENT,New Sale,Strata,38,"23,158",-,Apartment,1,99 yrs lease commencing from 2024,27,Outside Central Region,01 to 05
CANBERRA CRESCENT RESIDENCES,"1,097,900",570.49,"1,924",Aug-25,CANBERRA CRESCENT,New Sale,Strata,53,"20,715",-,Apartment,1,99 yrs lease commencing from 2024,27,Outside Central Region,01 to 05
CANBERRA CRESCENT RESIDENCES,"1,706,700",871.88,"1,957",Aug-25,CANBERRA CRESCENT,New Sale,Strata,81,"21,070",-,Apartment,1,99 yrs lease commencing from 2024,27,Outside Central Region,01 to 05
CANBERRA CRESCENT RESIDENCES,"1,100,600",570.49,"1,929",Aug-25,CANBERRA CRESCENT,New Sale,Strata,53,"20,766",-,Apartment,1,99 yrs lease commencing from 2024,27,Outside Central Region,01 to 05
CANBERRA CRESCENT RESIDENCES,"2,162,500","1,162.51","1,860",Aug-25,CANBERRA CRESCENT,New Sale,Strata,108,"20,023",-,Apartment,1,99 yrs lease commencing from 2024,27,Outside Central Region,01 to 05
CANBERRA CRESCENT RESIDENCES,"1,329,300",667.37,"1,992",Aug-25,CANBERRA CRESCENT,New Sale,Strata,62,"21,440",-,Apartment,1,99 yrs lease commencing from 2024,27,Outside Central Region,01 to 05
CANBERRA CRESCENT RESIDENCES,"1,103,400",570.49,"1,934",Aug-25,CANBERRA CRESCENT,New Sale,Strata,53,"20,819",-,Apartment,1,99 yrs lease commencing from 2024,27,Outside Central Region,01 to 05
CANBERRA CRESCENT RESIDENCES,"1,714,500",882.65,"1,942",Aug-25,CANBERRA CRESCENT,New Sale,Strata,82,"20,909",-,Apartment,1,99 yrs lease commencing from 2024,27,Outside Central Region,01 to 05
CANBERRA CRESCENT RESIDENCES,"2,167,900","1,162.51","1,865",Aug-25,CANBERRA CRESCENT,New Sale,Strata,108,"20,073",-,Apartment,1,99 yrs lease commencing from 2024,27,Outside Central Region,01 to 05
CANBERRA CRESCENT RESIDENCES,"1,566,300",796.54,"1,966",Aug-25,CANBERRA CRESCENT,New Sale,Strata,74,"21,166",-,Apartment,1,99 yrs lease commencing from 2024,27,Outside Central Region,01 to 05
CANBERRA CRESCENT RESIDENCES,"1,715,200",871.88,"1,967",Aug-25,CANBERRA CRESCENT,New Sale,Strata,81,"21,175",-,Apartment,1,99 yrs lease commencing from 2024,27,Outside Central Region,01 to 05
CANBERRA CRESCENT RESIDENCES,"1,718,800",882.65,"1,947",Aug-25,CANBERRA CRESCENT,New Sale,Strata,82,"20,961",-,Apartment,1,99 yrs lease commencing from 2024,27,Outside Central Region,06 to 10
CANBERRA CRESCENT RESIDENCES,"2,173,300","1,162.51","1,869",Aug-25,CANBERRA CRESCENT,New Sale,Strata,108,"20,123",-,Apartment,1,99 yrs lease commencing from 2024,27,Outside Central Region,06 to 10
CANBERRA CRESCENT RESIDENCES,"1,335,900",667.37,"2,002",Aug-25,CANBERRA CRESCENT,New Sale,Strata,62,"21,547",-,Apartment,1,99 yrs lease commencing from 2024,27,Outside Central Region,06 to 10
CANBERRA CRESCENT RESIDENCES,"1,570,200",796.54,"1,971",Aug-25,CANBERRA CRESCENT,New Sale,Strata,74,"21,219",-,Apartment,1,99 yrs lease commencing from 2024,27,Outside Central Region,06 to 10
CANBERRA CRESCENT RESIDENCES,"1,719,500",871.88,"1,972",Aug-25,CANBERRA CRESCENT,New Sale,Strata,81,"21,228",-,Apartment,1,99 yrs lease commencing from 2024,27,Outside Central Region,06 to 10
CANBERRA CRESCENT RESIDENCES,"1,108,900",570.49,"1,944",Aug-25,CANBERRA CRESCENT,New Sale,Strata,53,"20,923",-,Apartment,1,99 yrs lease commencing from 2024,27,Outside Central Region,06 to 10
CANBERRA CRESCENT RESIDENCES,"1,723,100",882.65,"1,952",Aug-25,CANBERRA CRESCENT,New Sale,Strata,82,"21,013",-,Apartment,1,99 yrs lease commencing from 2024,27,Outside Central Region,06 to 10
CANBERRA CRESCENT RESIDENCES,"2,178,700","1,162.51","1,874",Aug-25,CANBERRA CRESCENT,New Sale,Strata,108,"20,173",-,Apartment,1,99 yrs lease commencing from 2024,27,Outside Central Region,06 to 10
CANBERRA CRESCENT RESIDENCES,"1,339,300",667.37,"2,007",Aug-25,CANBERRA CRESCENT,New Sale,Strata,62,"21,602",-,Apartment,1,99 yrs lease commencing from 2024,27,Outside Central Region,06 to 10
CANBERRA CRESCENT RESIDENCES,"1,723,800",871.88,"1,977",Aug-25,CANBERRA CRESCENT,New Sale,Strata,81,"21,281",-,Apartment,1,99 yrs lease commencing from 2024,27,Outside Central Region,06 to 10
CANBERRA CRESCENT RESIDENCES,"1,111,600",570.49,"1,948",Aug-25,CANBERRA CRESCENT,New Sale,Strata,53,"20,974",-,Apartment,1,99 yrs lease commencing from 2024,27,Outside Central Region,06 to 10
CANBERRA CRESCENT RESIDENCES,"1,727,400",882.65,"1,957",Aug-25,CANBERRA CRESCENT,New Sale,Strata,82,"21,066",-,Apartment,1,99 yrs lease commencing from 2024,27,Outside Central Region,06 to 10
CANBERRA CRESCENT RESIDENCES,"2,184,200","1,162.51","1,879",Aug-25,CANBERRA CRESCENT,New Sale,Strata,108,"20,224",-,Apartment,1,99 yrs lease commencing from 2024,27,Outside Central Region,06 to 10
CANBERRA CRESCENT RESIDENCES,"1,342,600",667.37,"2,012",Aug-25,CANBERRA CRESCENT,New Sale,Strata,62,"21,655",-,Apartment,1,99 yrs lease commencing from 2024,27,Outside Central Region,06 to 10
CANBERRA CRESCENT RESIDENCES,"1,578,100",796.54,"1,981",Aug-25,CANBERRA CRESCENT,New Sale,Strata,74,"21,326",-,Apartment,1,99 yrs lease commencing from 2024,27,Outside Central Region,06 to 10
CANBERRA CRESCENT RESIDENCES,"1,728,100",871.88,"1,982",Aug-25,CANBERRA CRESCENT,New Sale,Strata,81,"21,335",-,Apartment,1,99 yrs lease commencing from 2024,27,Outside Central Region,06 to 10
CANBERRA CRESCENT RESIDENCES,"1,114,400",570.49,"1,953",Aug-25,CANBERRA CRESCENT,New Sale,Strata,53,"21,026",-,Apartment,1,99 yrs lease commencing from 2024,27,Outside Central Region,06 to 10
CANBERRA CRESCENT RESIDENCES,"1,731,700",882.65,"1,962",Aug-25,CANBERRA CRESCENT,New Sale,Strata,82,"21,118",-,Apartment,1,99 yrs lease commencing from 2024,27,Outside Central Region,06 to 10
CANBERRA CRESCENT RESIDENCES,"2,189,700","1,162.51","1,884",Aug-25,CANBERRA CRESCENT,New Sale,Strata,108,"20,275",-,Apartment,1,99 yrs lease commencing from 2024,27,Outside Central Region,06 to 10
CANBERRA CRESCENT RESIDENCES,"1,346,000",667.37,"2,017",Aug-25,CANBERRA CRESCENT,New Sale,Strata,62,"21,710",-,Apartment,1,99 yrs lease commencing from 2024,27,Outside Central Region,06 to 10
CANBERRA CRESCENT RESIDENCES,"1,582,000",796.54,"1,986",Aug-25,CANBERRA CRESCENT,New Sale,Strata,74,"21,378",-,Apartment,1,99 yrs lease commencing from 2024,27,Outside Central Region,06 to 10
CANBERRA CRESCENT RESIDENCES,"1,732,400",871.88,"1,987",Aug-25,CANBERRA CRESCENT,New Sale,Strata,81,"21,388",-,Apartment,1,99 yrs lease commencing from 2024,27,Outside Central Region,06 to 10
CANBERRA CRESCENT RESIDENCES,"1,117,200",570.49,"1,958",Aug-25,CANBERRA CRESCENT,New Sale,Strata,53,"21,079",-,Apartment,1,99 yrs lease commencing from 2024,27,Outside Central Region,06 to 10
CANBERRA CRESCENT RESIDENCES,"1,736,000",882.65,"1,967",Aug-25,CANBERRA CRESCENT,New Sale,Strata,82,"21,171",-,Apartment,1,99 yrs lease commencing from 2024,27,Outside Central Region,06 to 10
CANBERRA CRESCENT RESIDENCES,"2,195,100","1,162.51","1,888",Aug-25,CANBERRA CRESCENT,New Sale,Strata,108,"20,325",-,Apartment,1,99 yrs lease commencing from 2024,27,Outside Central Region,06 to 10
CANBERRA CRESCENT RESIDENCES,"1,349,300",667.37,"2,022",Aug-25,CANBERRA CRESCENT,New Sale,Strata,62,"21,763",-,Apartment,1,99 yrs lease commencing from 2024,27,Outside Central Region,06 to 10
CANBERRA CRESCENT RESIDENCES,"1,585,900",796.54,"1,991",Aug-25,CANBERRA CRESCENT,New Sale,Strata,74,"21,431",-,Apartment,1,99 yrs lease commencing from 2024,27,Outside Central Region,06 to 10
CANBERRA CRESCENT RESIDENCES,"1,736,700",871.88,"1,992",Aug-25,CANBERRA CRESCENT,New Sale,Strata,81,"21,441",-,Apartment,1,99 yrs lease commencing from 2024,27,Outside Central Region,06 to 10
CANBERRA CRESCENT RESIDENCES,"1,120,000",570.49,"1,963",Aug-25,CANBERRA CRESCENT,New Sale,Strata,53,"21,132",-,Apartment,1,99 yrs lease commencing from 2024,27,Outside Central Region,11 to 15
CANBERRA CRESCENT RESIDENCES,"2,200,600","1,162.51","1,893",Aug-25,CANBERRA CRESCENT,New Sale,Strata,108,"20,376",-,Apartment,1,99 yrs lease commencing from 2024,27,Outside Central Region,11 to 15
CANBERRA CRESCENT RESIDENCES,"1,352,700",667.37,"2,027",Aug-25,CANBERRA CRESCENT,New Sale,Strata,62,"21,818",-,Apartment,1,99 yrs lease commencing from 2024,27,Outside Central Region,11 to 15
CANBERRA CRESCENT RESIDENCES,"1,589,900",796.54,"1,996",Aug-25,CANBERRA CRESCENT,New Sale,Strata,74,"21,485",-,Apartment,1,99 yrs lease commencing from 2024,27,Outside Central Region,11 to 15
CANBERRA CRESCENT RESIDENCES,"1,741,100",871.88,"1,997",Aug-25,CANBERRA CRESCENT,New Sale,Strata,81,"21,495",-,Apartment,1,99 yrs lease commencing from 2024,27,Outside Central Region,11 to 15
CANBERRA CRESCENT RESIDENCES,"1,122,800",570.49,"1,968",Aug-25,CANBERRA CRESCENT,New Sale,Strata,53,"21,185",-,Apartment,1,99 yrs lease commencing from 2024,27,Outside Central Region,11 to 15
CANBERRA CRESCENT RESIDENCES,"2,206,100","1,162.51","1,898",Aug-25,CANBERRA CRESCENT,New Sale,Strata,108,"20,427",-,Apartment,1,99 yrs lease commencing from 2024,27,Outside Central Region,11 to 15
CANBERRA CRESCENT RESIDENCES,"1,356,100",667.37,"2,032",Aug-25,CANBERRA CRESCENT,New Sale,Strata,62,"21,873",-,Apartment,1,99 yrs lease commencing from 2024,27,Outside Central Region,11 to 15
CANBERRA CRESCENT RESIDENCES,"1,745,400",871.88,"2,002",Aug-25,CANBERRA CRESCENT,New Sale,Strata,81,"21,548",-,Apartment,1,99 yrs lease commencing from 2024,27,Outside Central Region,11 to 15
CANBERRA CRESCENT RESIDENCES,"1,317,100",667.37,"1,974",Aug-25,CANBERRA CRESCENT,New Sale,Strata,62,"21,244",-,Apartment,1,99 yrs lease commencing from 2024,27,Outside Central Region,01 to 05
CANBERRA CRESCENT RESIDENCES,"880,000",409.03,"2,151",Aug-25,CANBERRA CRESCENT,New Sale,Strata,38,"23,158",-,Apartment,1,99 yrs lease commencing from 2024,27,Outside Central Region,01 to 05
CANBERRA CRESCENT RESIDENCES,"1,320,400",667.37,"1,979",Aug-25,CANBERRA CRESCENT,New Sale,Strata,62,"21,297",-,Apartment,1,99 yrs lease commencing from 2024,27,Outside Central Region,01 to 05
CANBERRA CRESCENT RESIDENCES,"2,366,600","1,216.33","1,946",Aug-25,CANBERRA CRESCENT,New Sale,Strata,113,"20,943",-,Apartment,1,99 yrs lease commencing from 2024,27,Outside Central Region,01 to 05
CANBERRA CRESCENT RESIDENCES,"1,330,300",667.37,"1,993",Aug-25,CANBERRA CRESCENT,New Sale,Strata,62,"21,456",-,Apartment,1,99 yrs lease commencing from 2024,27,Outside Central Region,01 to 05
CANBERRA CRESCENT RESIDENCES,"1,605,400",796.54,"2,015",Aug-25,CANBERRA CRESCENT,New Sale,Strata,74,"21,695",-,Apartment,1,99 yrs lease commencing from 2024,27,Outside Central Region,01 to 05
CANBERRA CRESCENT RESIDENCES,"1,333,600",667.37,"1,998",Aug-25,CANBERRA CRESCENT,New Sale,Strata,62,"21,510",-,Apartment,1,99 yrs lease commencing from 2024,27,Outside Central Region,06 to 10
CANBERRA CRESCENT RESIDENCES,"2,235,000","1,162.51","1,923",Aug-25,CANBERRA CRESCENT,New Sale,Strata,108,"20,694",-,Apartment,1,99 yrs lease commencing from 2024,27,Outside Central Region,06 to 10
CANBERRA CRESCENT RESIDENCES,"1,369,300",667.37,"2,052",Aug-25,CANBERRA CRESCENT,New Sale,Strata,62,"22,085",-,Apartment,1,99 yrs lease commencing from 2024,27,Outside Central Region,06 to 10
CANBERRA CRESCENT RESIDENCES,"1,609,400",796.54,"2,020",Aug-25,CANBERRA CRESCENT,New Sale,Strata,74,"21,749",-,Apartment,1,99 yrs lease commencing from 2024,27,Outside Central Region,06 to 10
CANBERRA CRESCENT RESIDENCES,"1,337,000",667.37,"2,003",Aug-25,CANBERRA CRESCENT,New Sale,Strata,62,"21,565",-,Apartment,1,99 yrs lease commencing from 2024,27,Outside Central Region,06 to 10
CANBERRA CRESCENT RESIDENCES,"1,613,400",796.54,"2,026",Aug-25,CANBERRA CRESCENT,New Sale,Strata,74,"21,803",-,Apartment,1,99 yrs lease commencing from 2024,27,Outside Central Region,06 to 10
CANBERRA CRESCENT RESIDENCES,"1,340,300",667.37,"2,008",Aug-25,CANBERRA CRESCENT,New Sale,Strata,62,"21,618",-,Apartment,1,99 yrs lease commencing from 2024,27,Outside Central Region,06 to 10
CANBERRA CRESCENT RESIDENCES,"2,246,200","1,162.51","1,932",Aug-25,CANBERRA CRESCENT,New Sale,Strata,108,"20,798",-,Apartment,1,99 yrs lease commencing from 2024,27,Outside Central Region,06 to 10
CANBERRA CRESCENT RESIDENCES,"1,376,100",667.37,"2,062",Aug-25,CANBERRA CRESCENT,New Sale,Strata,62,"22,195",-,Apartment,1,99 yrs lease commencing from 2024,27,Outside Central Region,06 to 10
CANBERRA CRESCENT RESIDENCES,"1,617,500",796.54,"2,031",Aug-25,CANBERRA CRESCENT,New Sale,Strata,74,"21,858",-,Apartment,1,99 yrs lease commencing from 2024,27,Outside Central Region,06 to 10
CANBERRA CRESCENT RESIDENCES,"2,396,200","1,216.33","1,970",Aug-25,CANBERRA CRESCENT,New Sale,Strata,113,"21,205",-,Apartment,1,99 yrs lease commencing from 2024,27,Outside Central Region,06 to 10
CANBERRA CRESCENT RESIDENCES,"1,343,700",667.37,"2,013",Aug-25,CANBERRA CRESCENT,New Sale,Strata,62,"21,673",-,Apartment,1,99 yrs lease commencing from 2024,27,Outside Central Region,06 to 10
CANBERRA CRESCENT RESIDENCES,"2,251,800","1,162.51","1,937",Aug-25,CANBERRA CRESCENT,New Sale,Strata,108,"20,850",-,Apartment,1,99 yrs lease commencing from 2024,27,Outside Central Region,06 to 10
CANBERRA CRESCENT RESIDENCES,"1,379,500",667.37,"2,067",Aug-25,CANBERRA CRESCENT,New Sale,Strata,62,"22,250",-,Apartment,1,99 yrs lease commencing from 2024,27,Outside Central Region,06 to 10
CANBERRA CRESCENT RESIDENCES,"1,621,500",796.54,"2,036",Aug-25,CANBERRA CRESCENT,New Sale,Strata,74,"21,912",-,Apartment,1,99 yrs lease commencing from 2024,27,Outside Central Region,06 to 10
CANBERRA CRESCENT RESIDENCES,"1,347,000",667.37,"2,018",Aug-25,CANBERRA CRESCENT,New Sale,Strata,62,"21,726",-,Apartment,1,99 yrs lease commencing from 2024,27,Outside Central Region,06 to 10
CANBERRA CRESCENT RESIDENCES,"2,257,400","1,162.51","1,942",Aug-25,CANBERRA CRESCENT,New Sale,Strata,108,"20,902",-,Apartment,1,99 yrs lease commencing from 2024,27,Outside Central Region,06 to 10
CANBERRA CRESCENT RESIDENCES,"1,383,000",667.37,"2,072",Aug-25,CANBERRA CRESCENT,New Sale,Strata,62,"22,306",-,Apartment,1,99 yrs lease commencing from 2024,27,Outside Central Region,06 to 10
CANBERRA CRESCENT RESIDENCES,"1,625,500",796.54,"2,041",Aug-25,CANBERRA CRESCENT,New Sale,Strata,74,"21,966",-,Apartment,1,99 yrs lease commencing from 2024,27,Outside Central Region,06 to 10
CANBERRA CRESCENT RESIDENCES,"2,020,700",990.29,"2,041",Aug-25,CANBERRA CRESCENT,New Sale,Strata,92,"21,964",-,Apartment,1,99 yrs lease commencing from 2024,27,Outside Central Region,06 to 10
CANBERRA CRESCENT RESIDENCES,"1,350,400",667.37,"2,023",Aug-25,CANBERRA CRESCENT,New Sale,Strata,62,"21,781",-,Apartment,1,99 yrs lease commencing from 2024,27,Outside Central Region,11 to 15
CANBERRA CRESCENT RESIDENCES,"2,263,000","1,162.51","1,947",Aug-25,CANBERRA CRESCENT,New Sale,Strata,108,"20,954",-,Apartment,1,99 yrs lease commencing from 2024,27,Outside Central Region,11 to 15
CANBERRA CRESCENT RESIDENCES,"1,386,400",667.37,"2,077",Aug-25,CANBERRA CRESCENT,New Sale,Strata,62,"22,361",-,Apartment,1,99 yrs lease commencing from 2024,27,Outside Central Region,11 to 15
CANBERRA CRESCENT RESIDENCES,"1,629,600",796.54,"2,046",Aug-25,CANBERRA CRESCENT,New Sale,Strata,74,"22,022",-,Apartment,1,99 yrs lease commencing from 2024,27,Outside Central Region,11 to 15
CANBERRA CRESCENT RESIDENCES,"2,414,200","1,216.33","1,985",Aug-25,CANBERRA CRESCENT,New Sale,Strata,113,"21,365",-,Apartment,1,99 yrs lease commencing from 2024,27,Outside Central Region,11 to 15
CANBERRA CRESCENT RESIDENCES,"1,353,700",667.37,"2,028",Aug-25,CANBERRA CRESCENT,New Sale,Strata,62,"21,834",-,Apartment,1,99 yrs lease commencing from 2024,27,Outside Central Region,11 to 15
CANBERRA CRESCENT RESIDENCES,"2,268,700","1,162.51","1,952",Aug-25,CANBERRA CRESCENT,New Sale,Strata,108,"21,006",-,Apartment,1,99 yrs lease commencing from 2024,27,Outside Central Region,11 to 15
CANBERRA CRESCENT RESIDENCES,"1,389,900",667.37,"2,083",Aug-25,CANBERRA CRESCENT,New Sale,Strata,62,"22,418",-,Apartment,1,99 yrs lease commencing from 2024,27,Outside Central Region,11 to 15
CANBERRA CRESCENT RESIDENCES,"880,000",409.03,"2,151",Aug-25,CANBERRA CRESCENT,New Sale,Strata,38,"23,158",-,Apartment,1,99 yrs lease commencing from 2024,27,Outside Central Region,01 to 05
CANBERRA CRESCENT RESIDENCES,"1,605,400",796.54,"2,015",Aug-25,CANBERRA CRESCENT,New Sale,Strata,74,"21,695",-,Apartment,1,99 yrs lease commencing from 2024,27,Outside Central Region,01 to 05
CANBERRA CRESCENT RESIDENCES,"1,609,400",796.54,"2,020",Aug-25,CANBERRA CRESCENT,New Sale,Strata,74,"21,749",-,Apartment,1,99 yrs lease commencing from 2024,27,Outside Central Region,06 to 10
CANBERRA CRESCENT RESIDENCES,"1,369,300",667.37,"2,052",Aug-25,CANBERRA CRESCENT,New Sale,Strata,62,"22,085",-,Apartment,1,99 yrs lease commencing from 2024,27,Outside Central Region,06 to 10
CANBERRA CRESCENT RESIDENCES,"2,006,600",990.29,"2,026",Aug-25,CANBERRA CRESCENT,New Sale,Strata,92,"21,811",-,Apartment,1,99 yrs lease commencing from 2024,27,Outside Central Region,06 to 10
CANBERRA CRESCENT RESIDENCES,"1,613,400",796.54,"2,026",Aug-25,CANBERRA CRESCENT,New Sale,Strata,74,"21,803",-,Apartment,1,99 yrs lease commencing from 2024,27,Outside Central Region,06 to 10
CANBERRA CRESCENT RESIDENCES,"1,372,700",667.37,"2,057",Aug-25,CANBERRA CRESCENT,New Sale,Strata,62,"22,140",-,Apartment,1,99 yrs lease commencing from 2024,27,Outside Central Region,06 to 10
CANBERRA CRESCENT RESIDENCES,"1,617,500",796.54,"2,031",Aug-25,CANBERRA CRESCENT,New Sale,Strata,74,"21,858",-,Apartment,1,99 yrs lease commencing from 2024,27,Outside Central Region,06 to 10
CANBERRA CRESCENT RESIDENCES,"1,376,100",667.37,"2,062",Aug-25,CANBERRA CRESCENT,New Sale,Strata,62,"22,195",-,Apartment,1,99 yrs lease commencing from 2024,27,Outside Central Region,06 to 10
CANBERRA CRESCENT RESIDENCES,"1,770,500",882.65,"2,006",Aug-25,CANBERRA CRESCENT,New Sale,Strata,82,"21,591",-,Apartment,1,99 yrs lease commencing from 2024,27,Outside Central Region,06 to 10
CANBERRA CRESCENT RESIDENCES,"1,340,300",667.37,"2,008",Aug-25,CANBERRA CRESCENT,New Sale,Strata,62,"21,618",-,Apartment,1,99 yrs lease commencing from 2024,27,Outside Central Region,06 to 10
CANBERRA CRESCENT RESIDENCES,"2,601,900","1,323.97","1,965",Aug-25,CANBERRA CRESCENT,New Sale,Strata,123,"21,154",-,Apartment,1,99 yrs lease commencing from 2024,27,Outside Central Region,06 to 10
CANBERRA CRESCENT RESIDENCES,"1,621,500",796.54,"2,036",Aug-25,CANBERRA CRESCENT,New Sale,Strata,74,"21,912",-,Apartment,1,99 yrs lease commencing from 2024,27,Outside Central Region,06 to 10
CANBERRA CRESCENT RESIDENCES,"1,379,500",667.37,"2,067",Aug-25,CANBERRA CRESCENT,New Sale,Strata,62,"22,250",-,Apartment,1,99 yrs lease commencing from 2024,27,Outside Central Region,06 to 10
CANBERRA CRESCENT RESIDENCES,"1,775,000",882.65,"2,011",Aug-25,CANBERRA CRESCENT,New Sale,Strata,82,"21,646",-,Apartment,1,99 yrs lease commencing from 2024,27,Outside Central Region,06 to 10
CANBERRA CRESCENT RESIDENCES,"2,608,400","1,323.97","1,970",Aug-25,CANBERRA CRESCENT,New Sale,Strata,123,"21,207",-,Apartment,1,99 yrs lease commencing from 2024,27,Outside Central Region,06 to 10
CANBERRA CRESCENT RESIDENCES,"1,625,500",796.54,"2,041",Aug-25,CANBERRA CRESCENT,New Sale,Strata,74,"21,966",-,Apartment,1,99 yrs lease commencing from 2024,27,Outside Central Region,06 to 10
CANBERRA CRESCENT RESIDENCES,"1,383,000",667.37,"2,072",Aug-25,CANBERRA CRESCENT,New Sale,Strata,62,"22,306",-,Apartment,1,99 yrs lease commencing from 2024,27,Outside Central Region,06 to 10
CANBERRA CRESCENT RESIDENCES,"1,779,400",882.65,"2,016",Aug-25,CANBERRA CRESCENT,New Sale,Strata,82,"21,700",-,Apartment,1,99 yrs lease commencing from 2024,27,Outside Central Region,06 to 10
CANBERRA CRESCENT RESIDENCES,"1,610,300",796.54,"2,022",Aug-25,CANBERRA CRESCENT,New Sale,Strata,74,"21,761",-,Apartment,1,99 yrs lease commencing from 2024,27,Outside Central Region,11 to 15
CANBERRA CRESCENT RESIDENCES,"2,614,900","1,323.97","1,975",Aug-25,CANBERRA CRESCENT,New Sale,Strata,123,"21,259",-,Apartment,1,99 yrs lease commencing from 2024,27,Outside Central Region,11 to 15
CANBERRA CRESCENT RESIDENCES,"1,386,400",667.37,"2,077",Aug-25,CANBERRA CRESCENT,New Sale,Strata,62,"22,361",-,Apartment,1,99 yrs lease commencing from 2024,27,Outside Central Region,11 to 15
CANBERRA CRESCENT RESIDENCES,"1,783,800",882.65,"2,021",Aug-25,CANBERRA CRESCENT,New Sale,Strata,82,"21,754",-,Apartment,1,99 yrs lease commencing from 2024,27,Outside Central Region,11 to 15
CANBERRA CRESCENT RESIDENCES,"1,787,200",871.88,"2,050",Aug-25,CANBERRA CRESCENT,New Sale,Strata,81,"22,064",-,Apartment,1,99 yrs lease commencing from 2024,27,Outside Central Region,11 to 15
CANBERRA CRESCENT RESIDENCES,"1,389,900",667.37,"2,083",Aug-25,CANBERRA CRESCENT,New Sale,Strata,62,"22,418",-,Apartment,1,99 yrs lease commencing from 2024,27,Outside Central Region,11 to 15
CANBERRA CRESCENT RESIDENCES,"1,788,300",882.65,"2,026",Aug-25,CANBERRA CRESCENT,New Sale,Strata,82,"21,809",-,Apartment,1,99 yrs lease commencing from 2024,27,Outside Central Region,11 to 15
SYMPHONY SUITES,"1,408,888","1,022.58","1,378",Aug-25,YISHUN CLOSE,Resale,Strata,95,"14,830",-,Condominium,1,99 yrs lease commencing from 2014,27,Outside Central Region,06 to 10
THE COMMODORE,"1,340,000",742.72,"1,804",Aug-25,CANBERRA DRIVE,Sub Sale,Strata,69,"19,420",-,Condominium,1,99 yrs lease commencing from 2020,27,Outside Central Region,01 to 05
KANDIS RESIDENCE,"1,050,000",775.01,"1,355",Aug-25,KANDIS LINK,Resale,Strata,72,"14,583",-,Condominium,1,99 yrs lease commencing from 2016,27,Outside Central Region,01 to 05
CANBERRA RESIDENCES,"1,020,000",850.36,"1,199",Jul-25,CANBERRA DRIVE,Resale,Strata,79,"12,911",-,Condominium,1,99 yrs lease commencing from 2010,27,Outside Central Region,01 to 05
ORCHID PARK CONDOMINIUM,"935,000",958,976,Jul-25,YISHUN STREET 81,Resale,Strata,89,"10,506",-,Condominium,1,99 yrs lease commencing from 1991,27,Outside Central Region,01 to 05
YISHUN EMERALD,"1,580,000","1,377.79","1,147",Jul-25,CANBERRA DRIVE,Resale,Strata,128,"12,344",-,Condominium,1,99 yrs lease commencing from 1998,27,Outside Central Region,06 to 10
EIGHT COURTYARDS,"1,189,500",914.94,"1,300",Jul-25,CANBERRA DRIVE,Resale,Strata,85,"13,994",-,Condominium,1,99 yrs lease commencing from 2010,27,Outside Central Region,11 to 15
NINE RESIDENCES,"972,000",699.66,"1,389",Jul-25,YISHUN AVENUE 9,Resale,Strata,65,"14,954",-,Apartment,1,99 yrs lease commencing from 2013,27,Outside Central Region,11 to 15
EIGHT COURTYARDS,"1,290,000",979.52,"1,317",Jul-25,CANBERRA DRIVE,Resale,Strata,91,"14,176",-,Condominium,1,99 yrs lease commencing from 2010,27,Outside Central Region,06 to 10
SKIES MILTONIA,"935,000",721.19,"1,296",Jul-25,MILTONIA CLOSE,Resale,Strata,67,"13,955",-,Condominium,1,99 yrs lease commencing from 2012,27,Outside Central Region,01 to 05
ORCHID PARK CONDOMINIUM,"1,850,000","1,829.88","1,011",Jul-25,YISHUN STREET 81,Resale,Strata,170,"10,882",-,Condominium,1,99 yrs lease commencing from 1991,27,Outside Central Region,11 to 15
THE NAUTICAL,"1,965,000","1,722.24","1,141",Jul-25,JALAN SENDUDOK,Resale,Strata,160,"12,281",-,Condominium,1,99 yrs lease commencing from 2011,27,Outside Central Region,01 to 05
THE WATERGARDENS AT CANBERRA,"1,950,000","1,108.69","1,759",Jul-25,CANBERRA DRIVE,Sub Sale,Strata,103,"18,932",-,Apartment,1,99 yrs lease commencing from 2020,27,Outside Central Region,01 to 05
EIGHT COURTYARDS,"2,027,880","1,571.54","1,290",Jul-25,CANBERRA DRIVE,Resale,Strata,146,"13,890",-,Condominium,1,99 yrs lease commencing from 2010,27,Outside Central Region,01 to 05
THE WATERGARDENS AT CANBERRA,"1,155,000",678.13,"1,703",Jul-25,CANBERRA DRIVE,Sub Sale,Strata,63,"18,333",-,Apartment,1,99 yrs lease commencing from 2020,27,Outside Central Region,01 to 05
THE WATERGARDENS AT CANBERRA,"1,370,000",871.88,"1,571",Jul-25,CANBERRA DRIVE,Sub Sale,Strata,81,"16,914",-,Apartment,1,99 yrs lease commencing from 2020,27,Outside Central Region,01 to 05
SYMPHONY SUITES,"1,060,000",796.54,"1,331",Jul-25,YISHUN CLOSE,Resale,Strata,74,"14,324",-,Condominium,1,99 yrs lease commencing from 2014,27,Outside Central Region,06 to 10
THE NAUTICAL,"1,330,000","1,011.82","1,314",Jul-25,JALAN SENDUDOK,Resale,Strata,94,"14,149",-,Condominium,1,99 yrs lease commencing from 2011,27,Outside Central Region,01 to 05
SYMPHONY SUITES,"1,040,000",785.77,"1,324",Jul-25,YISHUN CLOSE,Resale,Strata,73,"14,247",-,Condominium,1,99 yrs lease commencing from 2014,27,Outside Central Region,01 to 05
ORCHID PARK CONDOMINIUM,"930,000",958,971,Jul-25,YISHUN STREET 81,Resale,Strata,89,"10,449",-,Condominium,1,99 yrs lease commencing from 1991,27,Outside Central Region,01 to 05
SELETARIS,"2,200,000","1,636.13","1,345",Jul-25,SEMBAWANG ROAD,Resale,Strata,152,"14,474",-,Condominium,1,Freehold,27,Outside Central Region,01 to 05
THE WATERGARDENS AT CANBERRA,"2,108,000","1,323.97","1,592",Jul-25,CANBERRA DRIVE,Sub Sale,Strata,123,"17,138",-,Apartment,1,99 yrs lease commencing from 2020,27,Outside Central Region,01 to 05
THE NAUTICAL,"980,000",828.83,"1,182",Jul-25,JALAN SENDUDOK,Resale,Strata,77,"12,727",-,Condominium,1,99 yrs lease commencing from 2011,27,Outside Central Region,01 to 05
THE ESTUARY,"1,168,888",925.7,"1,263",Jul-25,YISHUN AVENUE 1,Resale,Strata,86,"13,592",-,Condominium,1,99 yrs lease commencing from 2008,27,Outside Central Region,11 to 15
THE ESTUARY,"1,158,888",925.7,"1,252",Jul-25,YISHUN AVENUE 1,Resale,Strata,86,"13,475",-,Condominium,1,99 yrs lease commencing from 2008,27,Outside Central Region,11 to 15
SYMPHONY SUITES,"1,388,000","1,022.58","1,357",Jul-25,YISHUN CLOSE,Resale,Strata,95,"14,611",-,Condominium,1,99 yrs lease commencing from 2014,27,Outside Central Region,01 to 05
THE WATERGARDENS AT CANBERRA,"1,977,500","1,108.69","1,784",Jul-25,CANBERRA DRIVE,Sub Sale,Strata,103,"19,199",-,Apartment,1,99 yrs lease commencing from 2020,27,Outside Central Region,01 to 05
NORTH PARK RESIDENCES,"1,350,000",699.66,"1,930",Jul-25,YISHUN CENTRAL 1,Resale,Strata,65,"20,769",-,Apartment,1,99 yrs lease commencing from 2015,27,Outside Central Region,01 to 05
THE WATERGARDENS AT CANBERRA,"1,100,000",645.84,"1,703",Jul-25,CANBERRA DRIVE,Sub Sale,Strata,60,"18,333",-,Apartment,1,99 yrs lease commencing from 2020,27,Outside Central Region,01 to 05
THE WATERGARDENS AT CANBERRA,"1,150,000",678.13,"1,696",Jul-25,CANBERRA DRIVE,Sub Sale,Strata,63,"18,254",-,Apartment,1,99 yrs lease commencing from 2020,27,Outside Central Region,01 to 05
THE WATERGARDENS AT CANBERRA,"1,940,088","1,108.69","1,750",Jul-25,CANBERRA DRIVE,Sub Sale,Strata,103,"18,836",-,Apartment,1,99 yrs lease commencing from 2020,27,Outside Central Region,01 to 05
SKIES MILTONIA,"706,000",484.38,"1,458",Jul-25,MILTONIA CLOSE,Resale,Strata,45,"15,689",-,Condominium,1,99 yrs lease commencing from 2012,27,Outside Central Region,11 to 15
THE COMMODORE,"866,000",462.85,"1,871",Jul-25,CANBERRA DRIVE,Sub Sale,Strata,43,"20,140",-,Condominium,1,99 yrs lease commencing from 2020,27,Outside Central Region,01 to 05
THE NAUTICAL,"1,130,000",882.65,"1,280",Jul-25,JALAN SENDUDOK,Resale,Strata,82,"13,780",-,Condominium,1,99 yrs lease commencing from 2011,27,Outside Central Region,01 to 05
YISHUN SAPPHIRE,"1,130,000","1,194.8",946,Jul-25,CANBERRA DRIVE,Resale,Strata,111,"10,180",-,Condominium,1,99 yrs lease commencing from 1998,27,Outside Central Region,11 to 15
NORTHWOOD,"1,988,888","1,636.13","1,216",Jul-25,JALAN MATA AYER,Resale,Strata,152,"13,085",-,Condominium,1,Freehold,27,Outside Central Region,01 to 05
SYMPHONY SUITES,"1,400,088","1,022.58","1,369",Jun-25,YISHUN CLOSE,Resale,Strata,95,"14,738",-,Condominium,1,99 yrs lease commencing from 2014,27,Outside Central Region,11 to 15
THE MILTONIA RESIDENCES,"988,888",839.59,"1,178",Jun-25,MILTONIA CLOSE,Resale,Strata,78,"12,678",-,Condominium,1,99 yrs lease commencing from 2010,27,Outside Central Region,01 to 05
SYMPHONY SUITES,"940,000",688.9,"1,365",Jun-25,YISHUN CLOSE,Resale,Strata,64,"14,688",-,Condominium,1,99 yrs lease commencing from 2014,27,Outside Central Region,06 to 10
EIGHT COURTYARDS,"1,200,000",871.88,"1,376",Jun-25,CANBERRA DRIVE,Resale,Strata,81,"14,815",-,Condominium,1,99 yrs lease commencing from 2010,27,Outside Central Region,11 to 15
THE WISTERIA,"1,338,000",968.76,"1,381",Jun-25,YISHUN RING ROAD,Resale,Strata,90,"14,867",-,Apartment,1,99 yrs lease commencing from 2015,27,Outside Central Region,06 to 10
THE WATERGARDENS AT CANBERRA,"2,000,000","1,108.69","1,804",Jun-25,CANBERRA DRIVE,Sub Sale,Strata,103,"19,417",-,Apartment,1,99 yrs lease commencing from 2020,27,Outside Central Region,01 to 05
ORCHID PARK CONDOMINIUM,"1,248,000","1,194.8","1,045",Jun-25,YISHUN STREET 81,Resale,Strata,111,"11,243",-,Condominium,1,99 yrs lease commencing from 1991,27,Outside Central Region,01 to 05
SYMPHONY SUITES,"1,070,000",785.77,"1,362",Jun-25,YISHUN CLOSE,Resale,Strata,73,"14,658",-,Condominium,1,99 yrs lease commencing from 2014,27,Outside Central Region,01 to 05
ORCHID PARK CONDOMINIUM,"930,000",958,971,Jun-25,YISHUN STREET 81,Resale,Strata,89,"10,449",-,Condominium,1,99 yrs lease commencing from 1991,27,Outside Central Region,01 to 05
THE WATERGARDENS AT CANBERRA,"1,299,888",753.48,"1,725",Jun-25,CANBERRA DRIVE,Sub Sale,Strata,70,"18,570",-,Apartment,1,99 yrs lease commencing from 2020,27,Outside Central Region,01 to 05
EUPHONY GARDENS,"1,050,000","1,044.11","1,006",Jun-25,JALAN MATA AYER,Resale,Strata,97,"10,825",-,Condominium,1,99 yrs lease commencing from 1998,27,Outside Central Region,01 to 05
THE NAUTICAL,"674,000",441.32,"1,527",Jun-25,JALAN SENDUDOK,Resale,Strata,41,"16,439",-,Condominium,1,99 yrs lease commencing from 2011,27,Outside Central Region,01 to 05
NORTH PARK RESIDENCES,"1,520,000",871.88,"1,743",Jun-25,YISHUN CENTRAL 1,Resale,Strata,81,"18,765",-,Apartment,1,99 yrs lease commencing from 2015,27,Outside Central Region,11 to 15
THE WATERGARDENS AT CANBERRA,"1,300,000",753.48,"1,725",Jun-25,CANBERRA DRIVE,Sub Sale,Strata,70,"18,571",-,Apartment,1,99 yrs lease commencing from 2020,27,Outside Central Region,01 to 05
THE WATERGARDENS AT CANBERRA,"2,000,000","1,108.69","1,804",Jun-25,CANBERRA DRIVE,Sub Sale,Strata,103,"19,417",-,Apartment,1,99 yrs lease commencing from 2020,27,Outside Central Region,01 to 05
NORTHWOOD,"2,488,000","2,335.79","1,065",Jun-25,JALAN MATA AYER,Resale,Strata,217,"11,465",-,Condominium,1,Freehold,27,Outside Central Region,01 to 05
YISHUN SAPPHIRE,"1,293,000","1,216.33","1,063",Jun-25,CANBERRA DRIVE,Resale,Strata,113,"11,442",-,Condominium,1,99 yrs lease commencing from 1998,27,Outside Central Region,01 to 05
THE WATERGARDENS AT CANBERRA,"1,122,000",678.13,"1,655",Jun-25,CANBERRA DRIVE,Sub Sale,Strata,63,"17,810",-,Apartment,1,99 yrs lease commencing from 2020,27,Outside Central Region,01 to 05
SYMPHONY SUITES,"1,180,000",893.41,"1,321",Jun-25,YISHUN CLOSE,Resale,Strata,83,"14,217",-,Condominium,1,99 yrs lease commencing from 2014,27,Outside Central Region,06 to 10
SKIES MILTONIA,"932,000",721.19,"1,292",Jun-25,MILTONIA CLOSE,Resale,Strata,67,"13,910",-,Condominium,1,99 yrs lease commencing from 2012,27,Outside Central Region,06 to 10
THE MILTONIA RESIDENCES,"998,888",979.52,"1,020",Jun-25,MILTONIA CLOSE,Resale,Strata,91,"10,977",-,Condominium,1,99 yrs lease commencing from 2010,27,Outside Central Region,01 to 05
YISHUN EMERALD,"1,452,500","1,399.32","1,038",Jun-25,CANBERRA DRIVE,Resale,Strata,130,"11,173",-,Condominium,1,99 yrs lease commencing from 1998,27,Outside Central Region,01 to 05
THE COMMODORE,"1,130,000",624.31,"1,810",Jun-25,CANBERRA DRIVE,Sub Sale,Strata,58,"19,483",-,Condominium,1,99 yrs lease commencing from 2020,27,Outside Central Region,01 to 05
EIGHT COURTYARDS,"1,580,000","1,162.51","1,359",Jun-25,CANBERRA DRIVE,Resale,Strata,108,"14,630",-,Condominium,1,99 yrs lease commencing from 2010,27,Outside Central Region,06 to 10
SKIES MILTONIA,"955,000",742.72,"1,286",Jun-25,MILTONIA CLOSE,Resale,Strata,69,"13,841",-,Condominium,1,99 yrs lease commencing from 2012,27,Outside Central Region,06 to 10
EUPHONY GARDENS,"1,250,000","1,517.72",824,Jun-25,JALAN MATA AYER,Resale,Strata,141,"8,865",-,Condominium,1,99 yrs lease commencing from 1998,27,Outside Central Region,01 to 05
ORCHID PARK CONDOMINIUM,"910,000",871.88,"1,044",Jun-25,YISHUN STREET 81,Resale,Strata,81,"11,235",-,Condominium,1,99 yrs lease commencing from 1991,27,Outside Central Region,06 to 10
THE COMMODORE,"1,295,000",742.72,"1,744",Jun-25,CANBERRA DRIVE,Sub Sale,Strata,69,"18,768",-,Condominium,1,99 yrs lease commencing from 2020,27,Outside Central Region,01 to 05
THE COMMODORE,"2,250,000","1,184.04","1,900",Jun-25,CANBERRA DRIVE,Sub Sale,Strata,110,"20,455",-,Condominium,1,99 yrs lease commencing from 2020,27,Outside Central Region,01 to 05
EUPHONY GARDENS,"920,000","1,022.58",900,Jun-25,JALAN MATA AYER,Resale,Strata,95,"9,684",-,Condominium,1,99 yrs lease commencing from 1998,27,Outside Central Region,01 to 05
NINE RESIDENCES,"1,000,000",710.42,"1,408",Jun-25,YISHUN AVENUE 9,Resale,Strata,66,"15,152",-,Apartment,1,99 yrs lease commencing from 2013,27,Outside Central Region,11 to 15
THE NAUTICAL,"1,450,000","1,130.22","1,283",Jun-25,JALAN SENDUDOK,Resale,Strata,105,"13,810",-,Condominium,1,99 yrs lease commencing from 2011,27,Outside Central Region,01 to 05
THE WATERGARDENS AT CANBERRA,"1,100,000",678.13,"1,622",Jun-25,CANBERRA DRIVE,Sub Sale,Strata,63,"17,460",-,Apartment,1,99 yrs lease commencing from 2020,27,Outside Central Region,01 to 05
EUPHONY GARDENS,"1,830,000","2,088.22",876,Jun-25,JALAN MATA AYER,Resale,Strata,194,"9,433",-,Condominium,1,99 yrs lease commencing from 1998,27,Outside Central Region,01 to 05
NORTH PARK RESIDENCES,"2,311,000","1,184.04","1,952",Jun-25,YISHUN CENTRAL 1,Resale,Strata,110,"21,009",-,Apartment,1,99 yrs lease commencing from 2015,27,Outside Central Region,06 to 10
THE MILTONIA RESIDENCES,"1,400,000","1,140.98","1,227",Jun-25,MILTONIA CLOSE,Resale,Strata,106,"13,208",-,Condominium,1,99 yrs lease commencing from 2010,27,Outside Central Region,01 to 05
KANDIS RESIDENCE,"1,030,000",764.24,"1,348",Jun-25,KANDIS LINK,Resale,Strata,71,"14,507",-,Condominium,1,99 yrs lease commencing from 2016,27,Outside Central Region,01 to 05
SKIES MILTONIA,"1,165,000",968.76,"1,203",Jun-25,MILTONIA CLOSE,Resale,Strata,90,"12,944",-,Condominium,1,99 yrs lease commencing from 2012,27,Outside Central Region,01 to 05
ORCHID PARK CONDOMINIUM,"930,000",958,971,Jun-25,YISHUN STREET 81,Resale,Strata,89,"10,449",-,Condominium,1,99 yrs lease commencing from 1991,27,Outside Central Region,01 to 05
SKIES MILTONIA,"925,000",721.19,"1,283",May-25,MILTONIA CLOSE,Resale,Strata,67,"13,806",-,Condominium,1,99 yrs lease commencing from 2012,27,Outside Central Region,01 to 05
SYMPHONY SUITES,"900,000",688.9,"1,306",May-25,YISHUN CLOSE,Resale,Strata,64,"14,063",-,Condominium,1,99 yrs lease commencing from 2014,27,Outside Central Region,06 to 10
THE NAUTICAL,"1,300,000","1,011.82","1,285",May-25,JALAN SENDUDOK,Resale,Strata,94,"13,830",-,Condominium,1,99 yrs lease commencing from 2011,27,Outside Central Region,01 to 05
ORCHID PARK CONDOMINIUM,"1,195,000","1,248.62",957,May-25,YISHUN STREET 81,Resale,Strata,116,"10,302",-,Condominium,1,99 yrs lease commencing from 1991,27,Outside Central Region,01 to 05
THE WATERGARDENS AT CANBERRA,"1,678,888",958,"1,753",May-25,CANBERRA DRIVE,Sub Sale,Strata,89,"18,864",-,Apartment,1,99 yrs lease commencing from 2020,27,Outside Central Region,01 to 05
THE COMMODORE,"1,770,000",968.76,"1,827",May-25,CANBERRA DRIVE,Sub Sale,Strata,90,"19,667",-,Condominium,1,99 yrs lease commencing from 2020,27,Outside Central Region,01 to 05
SYMPHONY SUITES,"1,073,000",785.77,"1,366",May-25,YISHUN CLOSE,Resale,Strata,73,"14,699",-,Condominium,1,99 yrs lease commencing from 2014,27,Outside Central Region,06 to 10
NORTH PARK RESIDENCES,"1,188,000",624.31,"1,903",May-25,YISHUN CENTRAL 1,Resale,Strata,58,"20,483",-,Apartment,1,99 yrs lease commencing from 2015,27,Outside Central Region,11 to 15
THE COMMODORE,"1,360,000",742.72,"1,831",May-25,CANBERRA DRIVE,Sub Sale,Strata,69,"19,710",-,Condominium,1,99 yrs lease commencing from 2020,27,Outside Central Region,01 to 05
NORTH PARK RESIDENCES,"820,000",430.56,"1,904",May-25,YISHUN CENTRAL 1,Resale,Strata,40,"20,500",-,Apartment,1,99 yrs lease commencing from 2015,27,Outside Central Region,11 to 15
NINE RESIDENCES,"935,000",699.66,"1,336",May-25,YISHUN AVENUE 9,Resale,Strata,65,"14,385",-,Apartment,1,99 yrs lease commencing from 2013,27,Outside Central Region,06 to 10
EIGHT COURTYARDS,"1,205,000",958,"1,258",May-25,CANBERRA DRIVE,Resale,Strata,89,"13,539",-,Condominium,1,99 yrs lease commencing from 2010,27,Outside Central Region,01 to 05
YISHUN EMERALD,"1,254,888","1,194.8","1,050",May-25,CANBERRA DRIVE,Resale,Strata,111,"11,305",-,Condominium,1,99 yrs lease commencing from 1998,27,Outside Central Region,06 to 10
THE MILTONIA RESIDENCES,"1,100,000",861.12,"1,277",May-25,MILTONIA CLOSE,Resale,Strata,80,"13,750",-,Condominium,1,99 yrs lease commencing from 2010,27,Outside Central Region,01 to 05
SYMPHONY SUITES,"1,017,000",785.77,"1,294",May-25,YISHUN CLOSE,Resale,Strata,73,"13,932",-,Condominium,1,99 yrs lease commencing from 2014,27,Outside Central Region,01 to 05
THE WISTERIA,"1,355,000",968.76,"1,399",May-25,YISHUN RING ROAD,Resale,Strata,90,"15,056",-,Apartment,1,99 yrs lease commencing from 2015,27,Outside Central Region,06 to 10
YISHUN SAPPHIRE,"1,268,000","1,184.04","1,071",May-25,CANBERRA DRIVE,Resale,Strata,110,"11,527",-,Condominium,1,99 yrs lease commencing from 1998,27,Outside Central Region,06 to 10
YISHUN SAPPHIRE,"1,583,000","1,410.08","1,123",May-25,CANBERRA DRIVE,Resale,Strata,131,"12,084",-,Condominium,1,99 yrs lease commencing from 1998,27,Outside Central Region,06 to 10
THE WATERGARDENS AT CANBERRA,"1,360,000",753.48,"1,805",May-25,CANBERRA DRIVE,Sub Sale,Strata,70,"19,429",-,Apartment,1,99 yrs lease commencing from 2020,27,Outside Central Region,01 to 05
SYMPHONY SUITES,"1,140,000",914.94,"1,246",May-25,YISHUN CLOSE,Resale,Strata,85,"13,412",-,Condominium,1,99 yrs lease commencing from 2014,27,Outside Central Region,01 to 05
NORTH PARK RESIDENCES,"1,865,000",968.76,"1,925",May-25,YISHUN CENTRAL 1,Resale,Strata,90,"20,722",-,Apartment,1,99 yrs lease commencing from 2015,27,Outside Central Region,06 to 10
NORTH PARK RESIDENCES,"1,400,000",764.24,"1,832",May-25,YISHUN CENTRAL 1,Resale,Strata,71,"19,718",-,Apartment,1,99 yrs lease commencing from 2015,27,Outside Central Region,11 to 15
THE COMMODORE,"1,358,888",742.72,"1,830",May-25,CANBERRA DRIVE,Sub Sale,Strata,69,"19,694",-,Condominium,1,99 yrs lease commencing from 2020,27,Outside Central Region,01 to 05
NORTH PARK RESIDENCES,"970,000",559.73,"1,733",May-25,YISHUN CENTRAL 1,Resale,Strata,52,"18,654",-,Apartment,1,99 yrs lease commencing from 2015,27,Outside Central Region,11 to 15
THE MILTONIA RESIDENCES,"975,000",839.59,"1,161",May-25,MILTONIA CLOSE,Resale,Strata,78,"12,500",-,Condominium,1,99 yrs lease commencing from 2010,27,Outside Central Region,01 to 05
NORTH PARK RESIDENCES,"1,360,000",699.66,"1,944",May-25,YISHUN CENTRAL 1,Resale,Strata,65,"20,923",-,Apartment,1,99 yrs lease commencing from 2015,27,Outside Central Region,06 to 10
THE WATERGARDENS AT CANBERRA,"1,320,000",753.48,"1,752",May-25,CANBERRA DRIVE,Sub Sale,Strata,70,"18,857",-,Apartment,1,99 yrs lease commencing from 2020,27,Outside Central Region,01 to 05
THE ESTUARY,"1,165,000",925.7,"1,259",May-25,YISHUN AVENUE 1,Resale,Strata,86,"13,547",-,Condominium,1,99 yrs lease commencing from 2008,27,Outside Central Region,06 to 10
SYMPHONY SUITES,"1,360,000","1,022.58","1,330",Apr-25,YISHUN CLOSE,Resale,Strata,95,"14,316",-,Condominium,1,99 yrs lease commencing from 2014,27,Outside Central Region,01 to 05
SUN PLAZA,"1,450,000","1,345.5","1,078",Apr-25,SEMBAWANG DRIVE,Resale,Strata,125,"11,600",-,Apartment,1,99 yrs lease commencing from 1996,27,Outside Central Region,11 to 15
YISHUN EMERALD,"1,330,000","1,216.33","1,093",Apr-25,CANBERRA DRIVE,Resale,Strata,113,"11,770",-,Condominium,1,99 yrs lease commencing from 1998,27,Outside Central Region,06 to 10
THE WISTERIA,"1,010,000",710.42,"1,422",Apr-25,YISHUN RING ROAD,Resale,Strata,66,"15,303",-,Apartment,1,99 yrs lease commencing from 2015,27,Outside Central Region,06 to 10
ORCHID PARK CONDOMINIUM,"1,000,000",958,"1,044",Apr-25,YISHUN STREET 81,Resale,Strata,89,"11,236",-,Condominium,1,99 yrs lease commencing from 1991,27,Outside Central Region,06 to 10
SKIES MILTONIA,"905,000",742.72,"1,219",Apr-25,MILTONIA CLOSE,Resale,Strata,69,"13,116",-,Condominium,1,99 yrs lease commencing from 2012,27,Outside Central Region,01 to 05
CANBERRA RESIDENCES,"2,325,000","2,023.63","1,149",Apr-25,CANBERRA DRIVE,Resale,Strata,188,"12,367",-,Condominium,1,99 yrs lease commencing from 2010,27,Outside Central Region,01 to 05
THE WATERGARDENS AT CANBERRA,"1,618,000",904.18,"1,789",Apr-25,CANBERRA DRIVE,Sub Sale,Strata,84,"19,262",-,Apartment,1,99 yrs lease commencing from 2020,27,Outside Central Region,01 to 05
YISHUN EMERALD,"1,450,000","1,356.26","1,069",Apr-25,CANBERRA DRIVE,Resale,Strata,126,"11,508",-,Condominium,1,99 yrs lease commencing from 1998,27,Outside Central Region,11 to 15
SYMPHONY SUITES,"944,000",688.9,"1,370",Apr-25,YISHUN CLOSE,Resale,Strata,64,"14,750",-,Condominium,1,99 yrs lease commencing from 2014,27,Outside Central Region,06 to 10
SYMPHONY SUITES,"1,380,000","1,022.58","1,350",Apr-25,YISHUN CLOSE,Resale,Strata,95,"14,526",-,Condominium,1,99 yrs lease commencing from 2014,27,Outside Central Region,06 to 10
SYMPHONY SUITES,"1,060,000",785.77,"1,349",Apr-25,YISHUN CLOSE,Resale,Strata,73,"14,521",-,Condominium,1,99 yrs lease commencing from 2014,27,Outside Central Region,01 to 05
SYMPHONY SUITES,"1,308,000","1,022.58","1,279",Apr-25,YISHUN CLOSE,Resale,Strata,95,"13,768",-,Condominium,1,99 yrs lease commencing from 2014,27,Outside Central Region,01 to 05
THE COMMODORE,"1,890,000","1,022.58","1,848",Apr-25,CANBERRA DRIVE,Sub Sale,Strata,95,"19,895",-,Condominium,1,99 yrs lease commencing from 2020,27,Outside Central Region,01 to 05
CANBERRA RESIDENCES,"1,260,000",904.18,"1,394",Apr-25,CANBERRA DRIVE,Resale,Strata,84,"15,000",-,Condominium,1,99 yrs lease commencing from 2010,27,Outside Central Region,01 to 05
THE WISTERIA,"853,000",635.08,"1,343",Apr-25,YISHUN RING ROAD,Resale,Strata,59,"14,458",-,Apartment,1,99 yrs lease commencing from 2015,27,Outside Central Region,01 to 05
SYMPHONY SUITES,"1,350,000","1,022.58","1,320",Apr-25,YISHUN CLOSE,Resale,Strata,95,"14,211",-,Condominium,1,99 yrs lease commencing from 2014,27,Outside Central Region,06 to 10
YISHUN EMERALD,"1,440,000","1,399.32","1,029",Apr-25,CANBERRA DRIVE,Resale,Strata,130,"11,077",-,Condominium,1,99 yrs lease commencing from 1998,27,Outside Central Region,01 to 05
SELETARIS,"1,480,000","1,140.98","1,297",Apr-25,SEMBAWANG ROAD,Resale,Strata,106,"13,962",-,Condominium,1,Freehold,27,Outside Central Region,01 to 05
EIGHT COURTYARDS,"1,400,000","1,087.16","1,288",Apr-25,CANBERRA DRIVE,Resale,Strata,101,"13,861",-,Condominium,1,99 yrs lease commencing from 2010,27,Outside Central Region,01 to 05
D'BANYAN,"935,000",828.83,"1,128",Apr-25,JALAN SENDUDOK,Resale,Strata,77,"12,143",-,Apartment,1,999 yrs lease commencing from 1885,27,Outside Central Region,01 to 05
SYMPHONY SUITES,"1,025,000",785.77,"1,304",Apr-25,YISHUN CLOSE,Resale,Strata,73,"14,041",-,Condominium,1,99 yrs lease commencing from 2014,27,Outside Central Region,01 to 05
NORTH PARK RESIDENCES,"1,058,000",548.96,"1,927",Apr-25,YISHUN CENTRAL 1,Resale,Strata,51,"20,745",-,Apartment,1,99 yrs lease commencing from 2015,27,Outside Central Region,06 to 10
YISHUN EMERALD,"1,280,000","1,184.04","1,081",Apr-25,CANBERRA DRIVE,Resale,Strata,110,"11,636",-,Condominium,1,99 yrs lease commencing from 1998,27,Outside Central Region,11 to 15
EIGHT COURTYARDS,"1,530,000","1,130.22","1,354",Mar-25,CANBERRA DRIVE,Resale,Strata,105,"14,571",-,Condominium,1,99 yrs lease commencing from 2010,27,Outside Central Region,11 to 15
THE WISTERIA,"1,300,000",968.76,"1,342",Mar-25,YISHUN RING ROAD,Resale,Strata,90,"14,444",-,Apartment,1,99 yrs lease commencing from 2015,27,Outside Central Region,06 to 10
NORTH PARK RESIDENCES,"821,000",430.56,"1,907",Mar-25,YISHUN CENTRAL 1,Resale,Strata,40,"20,525",-,Apartment,1,99 yrs lease commencing from 2015,27,Outside Central Region,06 to 10
SYMPHONY SUITES,"930,000",688.9,"1,350",Mar-25,YISHUN CLOSE,Resale,Strata,64,"14,531",-,Condominium,1,99 yrs lease commencing from 2014,27,Outside Central Region,11 to 15
THE WATERGARDENS AT CANBERRA,"1,355,000",753.48,"1,798",Mar-25,CANBERRA DRIVE,Sub Sale,Strata,70,"19,357",-,Apartment,1,99 yrs lease commencing from 2020,27,Outside Central Region,01 to 05
YISHUN SAPPHIRE,"1,278,888","1,205.57","1,061",Mar-25,CANBERRA DRIVE,Resale,Strata,112,"11,419",-,Condominium,1,99 yrs lease commencing from 1998,27,Outside Central Region,01 to 05
NORTH PARK RESIDENCES,"1,322,000",731.95,"1,806",Mar-25,YISHUN CENTRAL 1,Resale,Strata,68,"19,441",-,Apartment,1,99 yrs lease commencing from 2015,27,Outside Central Region,01 to 05
THE WISTERIA,"800,000",548.96,"1,457",Mar-25,YISHUN RING ROAD,Resale,Strata,51,"15,686",-,Apartment,1,99 yrs lease commencing from 2015,27,Outside Central Region,06 to 10
THE ESTUARY,"1,855,000","1,313.21","1,413",Mar-25,YISHUN AVENUE 1,Resale,Strata,122,"15,205",-,Condominium,1,99 yrs lease commencing from 2008,27,Outside Central Region,11 to 15
THE COMMODORE,"1,350,000",742.72,"1,818",Mar-25,CANBERRA DRIVE,Sub Sale,Strata,69,"19,565",-,Condominium,1,99 yrs lease commencing from 2020,27,Outside Central Region,01 to 05
NINE RESIDENCES,"972,000",710.42,"1,368",Mar-25,YISHUN AVENUE 9,Resale,Strata,66,"14,727",-,Apartment,1,99 yrs lease commencing from 2013,27,Outside Central Region,11 to 15
ORCHID PARK CONDOMINIUM,"1,200,000","1,140.98","1,052",Mar-25,YISHUN STREET 81,Resale,Strata,106,"11,321",-,Condominium,1,99 yrs lease commencing from 1991,27,Outside Central Region,06 to 10
EUPHONY GARDENS,"1,900,000","2,195.86",865,Mar-25,JALAN MATA AYER,Resale,Strata,204,"9,314",-,Condominium,1,99 yrs lease commencing from 1998,27,Outside Central Region,01 to 05
THE NAUTICAL,"1,155,000",990.29,"1,166",Mar-25,JALAN SENDUDOK,Resale,Strata,92,"12,554",-,Condominium,1,99 yrs lease commencing from 2011,27,Outside Central Region,01 to 05
SKIES MILTONIA,"935,000",710.42,"1,316",Mar-25,MILTONIA CLOSE,Resale,Strata,66,"14,167",-,Condominium,1,99 yrs lease commencing from 2012,27,Outside Central Region,01 to 05
SKIES MILTONIA,"3,050,000","3,024.68","1,008",Mar-25,MILTONIA CLOSE,Resale,Strata,281,"10,854",-,Condominium,1,99 yrs lease commencing from 2012,27,Outside Central Region,11 to 15
YISHUN SAPPHIRE,"1,575,000","1,431.61","1,100",Mar-25,CANBERRA DRIVE,Resale,Strata,133,"11,842",-,Condominium,1,99 yrs lease commencing from 1998,27,Outside Central Region,01 to 05
THE NAUTICAL,"2,080,000","1,948.28","1,068",Mar-25,JALAN SENDUDOK,Resale,Strata,181,"11,492",-,Condominium,1,99 yrs lease commencing from 2011,27,Outside Central Region,01 to 05
SKIES MILTONIA,"1,350,000","1,076.4","1,254",Mar-25,MILTONIA CLOSE,Resale,Strata,100,"13,500",-,Condominium,1,99 yrs lease commencing from 2012,27,Outside Central Region,06 to 10
THE MILTONIA RESIDENCES,"726,000",516.67,"1,405",Mar-25,MILTONIA CLOSE,Resale,Strata,48,"15,125",-,Condominium,1,99 yrs lease commencing from 2010,27,Outside Central Region,01 to 05
NORTH PARK RESIDENCES,"1,360,000",731.95,"1,858",Mar-25,YISHUN CENTRAL 1,Resale,Strata,68,"20,000",-,Apartment,1,99 yrs lease commencing from 2015,27,Outside Central Region,11 to 15
SYMPHONY SUITES,"880,000",688.9,"1,277",Mar-25,YISHUN CLOSE,Resale,Strata,64,"13,750",-,Condominium,1,99 yrs lease commencing from 2014,27,Outside Central Region,01 to 05
SYMPHONY SUITES,"938,000",688.9,"1,362",Mar-25,YISHUN CLOSE,Resale,Strata,64,"14,656",-,Condominium,1,99 yrs lease commencing from 2014,27,Outside Central Region,11 to 15
THE WISTERIA,"1,248,000",893.41,"1,397",Mar-25,YISHUN RING ROAD,Resale,Strata,83,"15,036",-,Apartment,1,99 yrs lease commencing from 2015,27,Outside Central Region,06 to 10
KANDIS RESIDENCE,"715,000",484.38,"1,476",Mar-25,KANDIS LINK,Resale,Strata,45,"15,889",-,Condominium,1,99 yrs lease commencing from 2016,27,Outside Central Region,01 to 05
SYMPHONY SUITES,"1,220,000",914.94,"1,333",Mar-25,YISHUN CLOSE,Resale,Strata,85,"14,353",-,Condominium,1,99 yrs lease commencing from 2014,27,Outside Central Region,11 to 15
THE MILTONIA RESIDENCES,"1,180,000",936.47,"1,260",Mar-25,MILTONIA CLOSE,Resale,Strata,87,"13,563",-,Condominium,1,99 yrs lease commencing from 2010,27,Outside Central Region,01 to 05
THE NAUTICAL,"750,000",570.49,"1,315",Mar-25,JALAN SENDUDOK,Resale,Strata,53,"14,151",-,Condominium,1,99 yrs lease commencing from 2011,27,Outside Central Region,01 to 05
SYMPHONY SUITES,"1,050,000",785.77,"1,336",Mar-25,YISHUN CLOSE,Resale,Strata,73,"14,384",-,Condominium,1,99 yrs lease commencing from 2014,27,Outside Central Region,06 to 10
SYMPHONY SUITES,"1,180,000",893.41,"1,321",Mar-25,YISHUN CLOSE,Resale,Strata,83,"14,217",-,Condominium,1,99 yrs lease commencing from 2014,27,Outside Central Region,01 to 05
NINE RESIDENCES,"920,000",710.42,"1,295",Feb-25,YISHUN AVENUE 9,Resale,Strata,66,"13,939",-,Apartment,1,99 yrs lease commencing from 2013,27,Outside Central Region,11 to 15
EIGHT COURTYARDS,"1,880,000","1,377.79","1,365",Feb-25,CANBERRA DRIVE,Resale,Strata,128,"14,688",-,Condominium,1,99 yrs lease commencing from 2010,27,Outside Central Region,11 to 15
THE WATERGARDENS AT CANBERRA,"1,280,000",721.19,"1,775",Feb-25,CANBERRA DRIVE,Sub Sale,Strata,67,"19,104",-,Apartment,1,99 yrs lease commencing from 2020,27,Outside Central Region,01 to 05
THE NAUTICAL,"1,030,000",785.77,"1,311",Feb-25,JALAN SENDUDOK,Resale,Strata,73,"14,110",-,Condominium,1,99 yrs lease commencing from 2011,27,Outside Central Region,01 to 05
THE ESTUARY,"1,432,000","1,302.44","1,099",Feb-25,YISHUN AVENUE 1,Resale,Strata,121,"11,835",-,Condominium,1,99 yrs lease commencing from 2008,27,Outside Central Region,01 to 05
THE COMMODORE,"2,450,000","1,420.85","1,724",Feb-25,CANBERRA DRIVE,Sub Sale,Strata,132,"18,561",-,Condominium,1,99 yrs lease commencing from 2020,27,Outside Central Region,01 to 05
SYMPHONY SUITES,"1,370,000","1,022.58","1,340",Feb-25,YISHUN CLOSE,Resale,Strata,95,"14,421",-,Condominium,1,99 yrs lease commencing from 2014,27,Outside Central Region,11 to 15
EIGHT COURTYARDS,"1,560,000","1,227.1","1,271",Feb-25,CANBERRA DRIVE,Resale,Strata,114,"13,684",-,Condominium,1,99 yrs lease commencing from 2010,27,Outside Central Region,06 to 10
YISHUN EMERALD,"1,050,000",990.29,"1,060",Feb-25,CANBERRA DRIVE,Resale,Strata,92,"11,413",-,Condominium,1,99 yrs lease commencing from 1998,27,Outside Central Region,11 to 15
THE WATERGARDENS AT CANBERRA,"2,330,000","1,302.44","1,789",Feb-25,CANBERRA DRIVE,Sub Sale,Strata,121,"19,256",-,Apartment,1,99 yrs lease commencing from 2020,27,Outside Central Region,01 to 05
EUPHONY GARDENS,"1,765,000","1,894.46",932,Feb-25,JALAN MATA AYER,Resale,Strata,176,"10,028",-,Condominium,1,99 yrs lease commencing from 1998,27,Outside Central Region,01 to 05
YISHUN SAPPHIRE,"1,530,000","1,345.5","1,137",Feb-25,CANBERRA DRIVE,Resale,Strata,125,"12,240",-,Condominium,1,99 yrs lease commencing from 1998,27,Outside Central Region,11 to 15
EIGHT COURTYARDS,"758,000",452.09,"1,677",Feb-25,CANBERRA DRIVE,Resale,Strata,42,"18,048",-,Condominium,1,99 yrs lease commencing from 2010,27,Outside Central Region,06 to 10
EIGHT COURTYARDS,"1,120,000",861.12,"1,301",Feb-25,CANBERRA DRIVE,Resale,Strata,80,"14,000",-,Condominium,1,99 yrs lease commencing from 2010,27,Outside Central Region,06 to 10
THE WISTERIA,"988,000",710.42,"1,391",Feb-25,YISHUN RING ROAD,Resale,Strata,66,"14,970",-,Apartment,1,99 yrs lease commencing from 2015,27,Outside Central Region,06 to 10
ORCHID PARK CONDOMINIUM,"1,308,888","1,194.8","1,095",Feb-25,YISHUN STREET 81,Resale,Strata,111,"11,792",-,Condominium,1,99 yrs lease commencing from 1991,27,Outside Central Region,06 to 10
NINE RESIDENCES,"930,000",710.42,"1,309",Feb-25,YISHUN AVENUE 9,Resale,Strata,66,"14,091",-,Apartment,1,99 yrs lease commencing from 2013,27,Outside Central Region,06 to 10
SELETARIS,"1,850,000","1,388.56","1,332",Feb-25,SEMBAWANG ROAD,Resale,Strata,129,"14,341",-,Condominium,1,Freehold,27,Outside Central Region,01 to 05
EIGHT COURTYARDS,"1,550,000","1,140.98","1,358",Feb-25,CANBERRA DRIVE,Resale,Strata,106,"14,623",-,Condominium,1,99 yrs lease commencing from 2010,27,Outside Central Region,01 to 05
THE COMMODORE,"1,900,000","1,022.58","1,858",Feb-25,CANBERRA DRIVE,Sub Sale,Strata,95,"20,000",-,Condominium,1,99 yrs lease commencing from 2020,27,Outside Central Region,01 to 05
ORCHID PARK CONDOMINIUM,"910,000",958,950,Feb-25,YISHUN STREET 81,Resale,Strata,89,"10,225",-,Condominium,1,99 yrs lease commencing from 1991,27,Outside Central Region,01 to 05
ORCHID PARK CONDOMINIUM,"1,165,000","1,140.98","1,021",Feb-25,YISHUN STREET 81,Resale,Strata,106,"10,991",-,Condominium,1,99 yrs lease commencing from 1991,27,Outside Central Region,01 to 05
NORTH PARK RESIDENCES,"1,240,000",645.84,"1,920",Feb-25,YISHUN CENTRAL 1,Resale,Strata,60,"20,667",-,Apartment,1,99 yrs lease commencing from 2015,27,Outside Central Region,01 to 05
THE MILTONIA RESIDENCES,"1,100,000",861.12,"1,277",Feb-25,MILTONIA CLOSE,Resale,Strata,80,"13,750",-,Condominium,1,99 yrs lease commencing from 2010,27,Outside Central Region,01 to 05
ORCHID PARK CONDOMINIUM,"980,000",958,"1,023",Feb-25,YISHUN STREET 81,Resale,Strata,89,"11,011",-,Condominium,1,99 yrs lease commencing from 1991,27,Outside Central Region,06 to 10
THE WATERGARDENS AT CANBERRA,"1,180,000",678.13,"1,740",Feb-25,CANBERRA DRIVE,Sub Sale,Strata,63,"18,730",-,Apartment,1,99 yrs lease commencing from 2020,27,Outside Central Region,01 to 05
NORTH PARK RESIDENCES,"800,000",430.56,"1,858",Feb-25,YISHUN CENTRAL 1,Resale,Strata,40,"20,000",-,Apartment,1,99 yrs lease commencing from 2015,27,Outside Central Region,01 to 05
THE COMMODORE,"895,000",462.85,"1,934",Feb-25,CANBERRA DRIVE,Sub Sale,Strata,43,"20,814",-,Condominium,1,99 yrs lease commencing from 2020,27,Outside Central Region,01 to 05
NORTHWOOD,"1,370,000","1,130.22","1,212",Feb-25,JALAN MATA AYER,Resale,Strata,105,"13,048",-,Condominium,1,Freehold,27,Outside Central Region,01 to 05
THE NAUTICAL,"1,380,000","1,119.46","1,233",Feb-25,JALAN SENDUDOK,Resale,Strata,104,"13,269",-,Condominium,1,99 yrs lease commencing from 2011,27,Outside Central Region,01 to 05
THE MILTONIA RESIDENCES,"978,000",839.59,"1,165",Feb-25,MILTONIA CLOSE,Resale,Strata,78,"12,538",-,Condominium,1,99 yrs lease commencing from 2010,27,Outside Central Region,01 to 05
SYMPHONY SUITES,"1,075,000",785.77,"1,368",Feb-25,YISHUN CLOSE,Resale,Strata,73,"14,726",-,Condominium,1,99 yrs lease commencing from 2014,27,Outside Central Region,11 to 15
THE NAUTICAL,"1,200,000",990.29,"1,212",Feb-25,JALAN SENDUDOK,Resale,Strata,92,"13,043",-,Condominium,1,99 yrs lease commencing from 2011,27,Outside Central Region,01 to 05
THE MILTONIA RESIDENCES,"1,800,000","1,517.72","1,186",Feb-25,MILTONIA CLOSE,Resale,Strata,141,"12,766",-,Condominium,1,99 yrs lease commencing from 2010,27,Outside Central Region,01 to 05
THE MILTONIA RESIDENCES,"1,018,000",861.12,"1,182",Feb-25,MILTONIA CLOSE,Resale,Strata,80,"12,725",-,Condominium,1,99 yrs lease commencing from 2010,27,Outside Central Region,01 to 05
SKIES MILTONIA,"930,000",742.72,"1,252",Feb-25,MILTONIA CLOSE,Resale,Strata,69,"13,478",-,Condominium,1,99 yrs lease commencing from 2012,27,Outside Central Region,06 to 10
SYMPHONY SUITES,"1,088,888",785.77,"1,386",Jan-25,YISHUN CLOSE,Resale,Strata,73,"14,916",-,Condominium,1,99 yrs lease commencing from 2014,27,Outside Central Region,06 to 10
EUPHONY GARDENS,"1,038,000","1,054.87",984,Jan-25,JALAN MATA AYER,Resale,Strata,98,"10,592",-,Condominium,1,99 yrs lease commencing from 1998,27,Outside Central Region,01 to 05
SKIES MILTONIA,"1,110,000",968.76,"1,146",Jan-25,MILTONIA CLOSE,Resale,Strata,90,"12,333",-,Condominium,1,99 yrs lease commencing from 2012,27,Outside Central Region,06 to 10
SYMPHONY SUITES,"1,070,000",785.77,"1,362",Jan-25,YISHUN CLOSE,Resale,Strata,73,"14,658",-,Condominium,1,99 yrs lease commencing from 2014,27,Outside Central Region,11 to 15
SYMPHONY SUITES,"1,190,000",893.41,"1,332",Jan-25,YISHUN CLOSE,Resale,Strata,83,"14,337",-,Condominium,1,99 yrs lease commencing from 2014,27,Outside Central Region,06 to 10
D'BANYAN,"1,288,888","1,119.46","1,151",Jan-25,JALAN SENDUDOK,Resale,Strata,104,"12,393",-,Apartment,1,999 yrs lease commencing from 1885,27,Outside Central Region,01 to 05
SELETARIS,"2,280,000","1,668.42","1,367",Jan-25,SEMBAWANG ROAD,Resale,Strata,155,"14,710",-,Condominium,1,Freehold,27,Outside Central Region,01 to 05
EIGHT COURTYARDS,"1,038,000",861.12,"1,205",Jan-25,CANBERRA DRIVE,Resale,Strata,80,"12,975",-,Condominium,1,99 yrs lease commencing from 2010,27,Outside Central Region,01 to 05
EIGHT COURTYARDS,"1,248,000",979.52,"1,274",Jan-25,CANBERRA DRIVE,Resale,Strata,91,"13,714",-,Condominium,1,99 yrs lease commencing from 2010,27,Outside Central Region,01 to 05
NORTH PARK RESIDENCES,"1,340,000",699.66,"1,915",Jan-25,YISHUN CENTRAL 1,Resale,Strata,65,"20,615",-,Apartment,1,99 yrs lease commencing from 2015,27,Outside Central Region,01 to 05
ORCHID PARK CONDOMINIUM,"920,000",958,960,Jan-25,YISHUN STREET 81,Resale,Strata,89,"10,337",-,Condominium,1,99 yrs lease commencing from 1991,27,Outside Central Region,01 to 05
YISHUN SAPPHIRE,"1,300,000","1,184.04","1,098",Jan-25,CANBERRA DRIVE,Resale,Strata,110,"11,818",-,Condominium,1,99 yrs lease commencing from 1998,27,Outside Central Region,11 to 15
THE WATERGARDENS AT CANBERRA,"1,152,888",645.84,"1,785",Jan-25,CANBERRA DRIVE,Sub Sale,Strata,60,"19,215",-,Apartment,1,99 yrs lease commencing from 2020,27,Outside Central Region,01 to 05
THE ESTUARY,"1,978,000","1,453.14","1,361",Jan-25,YISHUN AVENUE 1,Resale,Strata,135,"14,652",-,Condominium,1,99 yrs lease commencing from 2008,27,Outside Central Region,11 to 15
EUPHONY GARDENS,"1,800,000","2,055.92",876,Jan-25,JALAN MATA AYER,Resale,Strata,191,"9,424",-,Condominium,1,99 yrs lease commencing from 1998,27,Outside Central Region,01 to 05
THE NAUTICAL,"1,380,000","1,130.22","1,221",Jan-25,JALAN SENDUDOK,Resale,Strata,105,"13,143",-,Condominium,1,99 yrs lease commencing from 2011,27,Outside Central Region,01 to 05
EIGHT COURTYARDS,"1,260,000",968.76,"1,301",Jan-25,CANBERRA DRIVE,Resale,Strata,90,"14,000",-,Condominium,1,99 yrs lease commencing from 2010,27,Outside Central Region,06 to 10
SKIES MILTONIA,"3,380,000","4,671.58",724,Jan-25,MILTONIA CLOSE,Resale,Strata,434,"7,788",-,Condominium,1,99 yrs lease commencing from 2012,27,Outside Central Region,-
SELETARIS,"1,880,000","1,528.49","1,230",Jan-25,SEMBAWANG ROAD,Resale,Strata,142,"13,239",-,Condominium,1,Freehold,27,Outside Central Region,01 to 05
YISHUN SAPPHIRE,"1,250,000","1,205.57","1,037",Jan-25,CANBERRA DRIVE,Resale,Strata,112,"11,161",-,Condominium,1,99 yrs lease commencing from 1998,27,Outside Central Region,01 to 05
D'BANYAN,"1,530,000","1,485.43","1,030",Jan-25,JALAN SENDUDOK,Resale,Strata,138,"11,087",-,Apartment,1,999 yrs lease commencing from 1885,27,Outside Central Region,01 to 05
ORCHID PARK CONDOMINIUM,"1,150,000","1,205.57",954,Jan-25,YISHUN STREET 81,Resale,Strata,112,"10,268",-,Condominium,1,99 yrs lease commencing from 1991,27,Outside Central Region,06 to 10
EIGHT COURTYARDS,"1,250,000",979.52,"1,276",Jan-25,CANBERRA DRIVE,Resale,Strata,91,"13,736",-,Condominium,1,99 yrs lease commencing from 2010,27,Outside Central Region,06 to 10
THE WATERGARDENS AT CANBERRA,"1,315,000",753.48,"1,745",Jan-25,CANBERRA DRIVE,Sub Sale,Strata,70,"18,786",-,Apartment,1,99 yrs lease commencing from 2020,27,Outside Central Region,01 to 05
EIGHT COURTYARDS,"1,438,000","1,087.16","1,323",Jan-25,CANBERRA DRIVE,Resale,Strata,101,"14,238",-,Condominium,1,99 yrs lease commencing from 2010,27,Outside Central Region,11 to 15
SYMPHONY SUITES,"1,340,000","1,022.58","1,310",Jan-25,YISHUN CLOSE,Resale,Strata,95,"14,105",-,Condominium,1,99 yrs lease commencing from 2014,27,Outside Central Region,06 to 10
NINE RESIDENCES,"1,168,888",925.7,"1,263",Jan-25,YISHUN AVENUE 9,Resale,Strata,86,"13,592",-,Apartment,1,99 yrs lease commencing from 2013,27,Outside Central Region,06 to 10
SKIES MILTONIA,"1,200,000",968.76,"1,239",Jan-25,MILTONIA CLOSE,Resale,Strata,90,"13,333",-,Condominium,1,99 yrs lease commencing from 2012,27,Outside Central Region,11 to 15
THE MILTONIA RESIDENCES,"988,000",839.59,"1,177",Jan-25,MILTONIA CLOSE,Resale,Strata,78,"12,667",-,Condominium,1,99 yrs lease commencing from 2010,27,Outside Central Region,01 to 05
CANBERRA RESIDENCES,"1,300,000","1,076.4","1,208",Jan-25,CANBERRA DRIVE,Resale,Strata,100,"13,000",-,Condominium,1,99 yrs lease commencing from 2010,27,Outside Central Region,01 to 05
