Project Name,Transacted Price ($),Area (SQFT),Unit Price ($ PSF),Sale Date,Street Name,Type of Sale,Type of Area,Area (SQM),Unit Price ($ PSM),Nett Price($),Property Type,Number of Units,Tenure,Postal District,Market Segment,Floor Level
STIRLING RESIDENCES,"1,660,000",688.9,"2,410",Sep-26,STIRLING ROAD,Resale,Strata,64,"25,938",-,Apartment,1,99 yrs lease commencing from 2017,03,Rest of Central Region,06 to 10
PENRITH,"1,790,000",613.55,"2,917",Sep-26,MARGARET DRIVE,New Sale,Strata,57,"31,404",-,Apartment,1,99 yrs lease commencing from 2024,03,Rest of Central Region,31 to 35
STIRLING RESIDENCES,"1,750,000",688.9,"2,540",Sep-26,STIRLING ROAD,Resale,Strata,64,"27,344",-,Apartment,1,99 yrs lease commencing from 2017,03,Rest of Central Region,31 to 35
ECHELON,"2,380,000","1,001.05","2,377",Sep-26,ALEXANDRA VIEW,Resale,Strata,93,"25,591",-,Condominium,1,99 yrs lease commencing from 2012,03,Rest of Central Region,21 to 25
STIRLING RESIDENCES,"1,226,000",505.91,"2,423",Sep-26,STIRLING ROAD,Resale,Strata,47,"26,085",-,Apartment,1,99 yrs lease commencing from 2017,03,Rest of Central Region,36 to 40
HIGHLINE RESIDENCES,"3,220,000","1,291.68","2,493",Sep-26,KIM TIAN ROAD,Resale,Strata,120,"26,833",-,Condominium,1,99 yrs lease commencing from 2013,03,Rest of Central Region,16 to 20
PRINCIPAL GARDEN,"945,000",484.38,"1,951",Sep-26,PRINCE CHARLES CRESCENT,Resale,Strata,45,"21,000",-,Condominium,1,99 yrs lease commencing from 2014,03,Rest of Central Region,16 to 20
QUEENS PEAK,"1,068,000",484.38,"2,205",Sep-26,DUNDEE ROAD,Resale,Strata,45,"23,733",-,Condominium,1,99 yrs lease commencing from 2015,03,Rest of Central Region,21 to 25
STIRLING RESIDENCES,"1,575,000",635.08,"2,480",Sep-26,STIRLING ROAD,Resale,Strata,59,"26,695",-,Apartment,1,99 yrs lease commencing from 2017,03,Rest of Central Region,31 to 35
THE CREST,"3,280,000","1,657.66","1,979",Sep-26,PRINCE CHARLES CRESCENT,Resale,Strata,154,"21,299",-,Condominium,1,99 yrs lease commencing from 2012,03,Rest of Central Region,01 to 05
QUEENS PEAK,"2,008,500",861.12,"2,332",Sep-26,DUNDEE ROAD,Resale,Strata,80,"25,106",-,Condominium,1,99 yrs lease commencing from 2015,03,Rest of Central Region,36 to 40
ECHELON,"1,750,000",731.95,"2,391",Sep-26,ALEXANDRA VIEW,Resale,Strata,68,"25,735",-,Condominium,1,99 yrs lease commencing from 2012,03,Rest of Central Region,21 to 25
CENTRAL GREEN CONDOMINIUM,"2,100,000","1,291.68","1,626",Sep-26,JALAN MEMBINA,Resale,Strata,120,"17,500",-,Condominium,1,99 yrs lease commencing from 1992,03,Rest of Central Region,01 to 05
THE CREST,"2,100,000","1,033.34","2,032",Sep-26,PRINCE CHARLES CRESCENT,Resale,Strata,96,"21,875",-,Condominium,1,99 yrs lease commencing from 2012,03,Rest of Central Region,06 to 10
ONE PEARL BANK,"3,010,000","1,151.75","2,613",Sep-26,PEARL BANK,Resale,Strata,107,"28,131",-,Apartment,1,99 yrs lease commencing from 2019,03,Rest of Central Region,26 to 30
STIRLING RESIDENCES,"1,502,000",635.08,"2,365",Aug-26,STIRLING ROAD,Resale,Strata,59,"25,458",-,Apartment,1,99 yrs lease commencing from 2017,03,Rest of Central Region,06 to 10
THE METROPOLITAN CONDOMINIUM,"3,000,000","1,399.32","2,144",Aug-26,ALEXANDRA VIEW,Resale,Strata,130,"23,077",-,Condominium,1,99 yrs lease commencing from 2006,03,Rest of Central Region,26 to 30
QUEENS PEAK,"1,050,000",484.38,"2,168",Aug-26,DUNDEE ROAD,Resale,Strata,45,"23,333",-,Condominium,1,99 yrs lease commencing from 2015,03,Rest of Central Region,21 to 25
ARTRA,"1,990,000",828.83,"2,401",Aug-26,ALEXANDRA VIEW,Resale,Strata,77,"25,844",-,Apartment,1,99 yrs lease commencing from 2016,03,Rest of Central Region,06 to 10
STIRLING RESIDENCES,"1,520,000",635.08,"2,393",Aug-26,STIRLING ROAD,Resale,Strata,59,"25,763",-,Apartment,1,99 yrs lease commencing from 2017,03,Rest of Central Region,11 to 15
COMMONWEALTH TOWERS,"1,580,000",688.9,"2,294",Aug-26,COMMONWEALTH AVENUE,Resale,Strata,64,"24,688",-,Condominium,1,99 yrs lease commencing from 2013,03,Rest of Central Region,21 to 25
ALEXIS,"1,440,000","1,054.87","1,365",Aug-26,ALEXANDRA ROAD,Resale,Strata,98,"14,694",-,Apartment,1,Freehold,03,Rest of Central Region,01 to 05
RIVER PLACE,"1,900,000","1,033.34","1,839",Aug-26,HAVELOCK ROAD,Resale,Strata,96,"19,792",-,Condominium,1,99 yrs lease commencing from 1995,03,Rest of Central Region,06 to 10
ALEXIS,"1,120,000",667.37,"1,678",Aug-26,ALEXANDRA ROAD,Resale,Strata,62,"18,065",-,Apartment,1,Freehold,03,Rest of Central Region,06 to 10
AVENUE SOUTH RESIDENCE,"1,028,888",527.44,"1,951",Aug-26,SILAT AVENUE,Resale,Strata,49,"20,998",-,Apartment,1,99 yrs lease commencing from 2018,03,Rest of Central Region,26 to 30
ZYON GRAND,"2,805,000",818.06,"3,429",Aug-26,KIM SENG ROAD,New Sale,Strata,76,"36,908",-,Apartment,1,99 yrs lease commencing from 2024,03,Rest of Central Region,56 to 60
THE CREST,"1,728,000",904.18,"1,911",Aug-26,PRINCE CHARLES CRESCENT,Resale,Strata,84,"20,571",-,Condominium,1,99 yrs lease commencing from 2012,03,Rest of Central Region,01 to 05
PROMENADE PEAK,"2,348,500",796.54,"2,948",Aug-26,ZION PROMENADE,New Sale,Strata,74,"31,736",-,Condominium,1,99 yrs lease commencing from 2024,03,Rest of Central Region,11 to 15
THE CREST,"3,138,000","1,571.54","1,997",Aug-26,PRINCE CHARLES CRESCENT,Resale,Strata,146,"21,493",-,Condominium,1,99 yrs lease commencing from 2012,03,Rest of Central Region,06 to 10
ASCENTIA SKY,"2,950,000","1,474.67","2,000",Aug-26,ALEXANDRA VIEW,Resale,Strata,137,"21,533",-,Condominium,1,99 yrs lease commencing from 2008,03,Rest of Central Region,11 to 15
THE METROPOLITAN CONDOMINIUM,"2,180,000","1,076.4","2,025",Aug-26,ALEXANDRA VIEW,Resale,Strata,100,"21,800",-,Condominium,1,99 yrs lease commencing from 2006,03,Rest of Central Region,41 to 45
STIRLING RESIDENCES,"1,780,000",678.13,"2,625",Aug-26,STIRLING ROAD,Resale,Strata,63,"28,254",-,Apartment,1,99 yrs lease commencing from 2017,03,Rest of Central Region,21 to 25
ASCENTIA SKY,"3,730,000","1,733","2,152",Aug-26,ALEXANDRA VIEW,Resale,Strata,161,"23,168",-,Condominium,1,99 yrs lease commencing from 2008,03,Rest of Central Region,41 to 45
AVENUE SOUTH RESIDENCE,"1,340,000",656.6,"2,041",Aug-26,SILAT AVENUE,Resale,Strata,61,"21,967",-,Apartment,1,99 yrs lease commencing from 2018,03,Rest of Central Region,06 to 10
PRINCIPAL GARDEN,"1,988,000",807.3,"2,463",Aug-26,PRINCE CHARLES CRESCENT,Resale,Strata,75,"26,507",-,Condominium,1,99 yrs lease commencing from 2014,03,Rest of Central Region,16 to 20
RIVER PLACE,"4,247,685","2,066.69","2,055",Aug-26,HAVELOCK ROAD,Resale,Strata,192,"22,123",-,Condominium,1,99 yrs lease commencing from 1995,03,Rest of Central Region,01 to 05
RIVER PLACE,"1,890,000","1,054.87","1,792",Aug-26,HAVELOCK ROAD,Resale,Strata,98,"19,286",-,Condominium,1,99 yrs lease commencing from 1995,03,Rest of Central Region,06 to 10
PRINCIPAL GARDEN,"975,000",505.91,"1,927",Aug-26,PRINCE CHARLES CRESCENT,Resale,Strata,47,"20,745",-,Condominium,1,99 yrs lease commencing from 2014,03,Rest of Central Region,11 to 15
STIRLING RESIDENCES,"1,900,000",764.24,"2,486",Aug-26,STIRLING ROAD,Resale,Strata,71,"26,761",-,Apartment,1,99 yrs lease commencing from 2017,03,Rest of Central Region,06 to 10
HIGHLINE RESIDENCES,"2,400,000",914.94,"2,623",Aug-26,KIM TIAN ROAD,Resale,Strata,85,"28,235",-,Condominium,1,99 yrs lease commencing from 2013,03,Rest of Central Region,26 to 30
COMMONWEALTH TOWERS,"940,000",452.09,"2,079",Aug-26,COMMONWEALTH AVENUE,Resale,Strata,42,"22,381",-,Condominium,1,99 yrs lease commencing from 2013,03,Rest of Central Region,11 to 15
AVENUE SOUTH RESIDENCE,"2,765,000","1,108.69","2,494",Aug-26,SILAT AVENUE,Resale,Strata,103,"26,845",-,Apartment,1,99 yrs lease commencing from 2018,03,Rest of Central Region,36 to 40
ARTRA,"2,780,000","1,119.46","2,483",Aug-26,ALEXANDRA VIEW,Resale,Strata,104,"26,731",-,Apartment,1,99 yrs lease commencing from 2016,03,Rest of Central Region,11 to 15
COMMONWEALTH TOWERS,"1,773,000",753.48,"2,353",Aug-26,COMMONWEALTH AVENUE,Resale,Strata,70,"25,329",-,Condominium,1,99 yrs lease commencing from 2013,03,Rest of Central Region,16 to 20
THE METROPOLITAN CONDOMINIUM,"2,100,000","1,065.64","1,971",Aug-26,ALEXANDRA VIEW,Resale,Strata,99,"21,212",-,Condominium,1,99 yrs lease commencing from 2006,03,Rest of Central Region,21 to 25
STIRLING RESIDENCES,"1,238,000",505.91,"2,447",Aug-26,STIRLING ROAD,Resale,Strata,47,"26,340",-,Apartment,1,99 yrs lease commencing from 2017,03,Rest of Central Region,36 to 40
ALEXIS,"1,050,000",861.12,"1,219",Aug-26,ALEXANDRA ROAD,Resale,Strata,80,"13,125",-,Apartment,1,Freehold,03,Rest of Central Region,01 to 05
THE LANDMARK,"1,100,000",495.14,"2,222",Aug-26,CHIN SWEE ROAD,Sub Sale,Strata,46,"23,913",-,Condominium,1,99 yrs lease commencing from 2020,03,Rest of Central Region,11 to 15
QUEENS PEAK,"1,035,000",484.38,"2,137",Aug-26,DUNDEE ROAD,Resale,Strata,45,"23,000",-,Condominium,1,99 yrs lease commencing from 2015,03,Rest of Central Region,11 to 15
COMMONWEALTH TOWERS,"1,643,888",688.9,"2,386",Aug-26,COMMONWEALTH AVENUE,Resale,Strata,64,"25,686",-,Condominium,1,99 yrs lease commencing from 2013,03,Rest of Central Region,16 to 20
CENTRAL GREEN CONDOMINIUM,"2,330,000","1,291.68","1,804",Aug-26,JALAN MEMBINA,Resale,Strata,120,"19,417",-,Condominium,1,99 yrs lease commencing from 1992,03,Rest of Central Region,06 to 10
THE METROPOLITAN CONDOMINIUM,"3,460,000","1,733","1,997",Aug-26,ALEXANDRA VIEW,Resale,Strata,161,"21,491",-,Condominium,1,99 yrs lease commencing from 2006,03,Rest of Central Region,11 to 15
AVENUE SOUTH RESIDENCE,"1,670,000",688.9,"2,424",Aug-26,SILAT AVENUE,Resale,Strata,64,"26,094",-,Apartment,1,99 yrs lease commencing from 2018,03,Rest of Central Region,46 to 50
THE LANDMARK,"1,700,000",678.13,"2,507",Aug-26,CHIN SWEE ROAD,Sub Sale,Strata,63,"26,984",-,Condominium,1,99 yrs lease commencing from 2020,03,Rest of Central Region,11 to 15
ARTRA,"1,988,888",828.83,"2,400",Aug-26,ALEXANDRA VIEW,Resale,Strata,77,"25,830",-,Apartment,1,99 yrs lease commencing from 2016,03,Rest of Central Region,21 to 25
HIGHLINE RESIDENCES,"3,150,000","1,108.69","2,841",Aug-26,KIM TIAN ROAD,Resale,Strata,103,"30,583",-,Condominium,1,99 yrs lease commencing from 2013,03,Rest of Central Region,31 to 35
ONE PEARL BANK,"1,800,000",699.66,"2,573",Aug-26,PEARL BANK,Resale,Strata,65,"27,692",-,Apartment,1,99 yrs lease commencing from 2019,03,Rest of Central Region,16 to 20
STIRLING RESIDENCES,"2,798,888","1,054.87","2,653",Aug-26,STIRLING ROAD,Resale,Strata,98,"28,560",-,Apartment,1,99 yrs lease commencing from 2017,03,Rest of Central Region,11 to 15
PENRITH,"1,798,000",613.55,"2,930",Aug-26,MARGARET DRIVE,New Sale,Strata,57,"31,544",-,Apartment,1,99 yrs lease commencing from 2024,03,Rest of Central Region,31 to 35
PRINCIPAL GARDEN,"1,720,000",764.24,"2,251",Aug-26,PRINCE CHARLES CRESCENT,Resale,Strata,71,"24,225",-,Condominium,1,99 yrs lease commencing from 2014,03,Rest of Central Region,21 to 25
ONE PEARL BANK,"3,420,000","1,280.92","2,670",Aug-26,PEARL BANK,Resale,Strata,119,"28,739",-,Apartment,1,99 yrs lease commencing from 2019,03,Rest of Central Region,21 to 25
AVENUE SOUTH RESIDENCE,"1,390,000",656.6,"2,117",Aug-26,SILAT AVENUE,Resale,Strata,61,"22,787",-,Apartment,1,99 yrs lease commencing from 2018,03,Rest of Central Region,16 to 20
STIRLING RESIDENCES,"1,555,000",635.08,"2,449",Jul-26,STIRLING ROAD,Resale,Strata,59,"26,356",-,Apartment,1,99 yrs lease commencing from 2017,03,Rest of Central Region,21 to 25
PENRITH,"1,600,000",613.55,"2,608",Jul-26,MARGARET DRIVE,New Sale,Strata,57,"28,070",-,Apartment,1,99 yrs lease commencing from 2024,03,Rest of Central Region,36 to 40
PENRITH,"1,600,000",613.55,"2,608",Jul-26,MARGARET DRIVE,New Sale,Strata,57,"28,070",-,Apartment,1,99 yrs lease commencing from 2024,03,Rest of Central Region,36 to 40
THE METROPOLITAN CONDOMINIUM,"2,860,000","1,367.03","2,092",Jul-26,ALEXANDRA VIEW,Resale,Strata,127,"22,520",-,Condominium,1,99 yrs lease commencing from 2006,03,Rest of Central Region,26 to 30
ECHELON,"3,320,000","1,474.67","2,251",Jul-26,ALEXANDRA VIEW,Resale,Strata,137,"24,234",-,Condominium,1,99 yrs lease commencing from 2012,03,Rest of Central Region,21 to 25
COMMONWEALTH TOWERS,"2,375,000",904.18,"2,627",Jul-26,COMMONWEALTH AVENUE,Resale,Strata,84,"28,274",-,Condominium,1,99 yrs lease commencing from 2013,03,Rest of Central Region,21 to 25
TANGLIN VIEW,"2,080,000","1,140.98","1,823",Jul-26,PRINCE CHARLES CRESCENT,Resale,Strata,106,"19,623",-,Condominium,1,99 yrs lease commencing from 1997,03,Rest of Central Region,06 to 10
THE CREST,"2,340,000","1,291.68","1,812",Jul-26,PRINCE CHARLES CRESCENT,Resale,Strata,120,"19,500",-,Condominium,1,99 yrs lease commencing from 2012,03,Rest of Central Region,11 to 15
COMMONWEALTH TOWERS,"1,750,000",753.48,"2,323",Jul-26,COMMONWEALTH AVENUE,Resale,Strata,70,"25,000",-,Condominium,1,99 yrs lease commencing from 2013,03,Rest of Central Region,16 to 20
ECHELON,"1,890,000",861.12,"2,195",Jul-26,ALEXANDRA VIEW,Resale,Strata,80,"23,625",-,Condominium,1,99 yrs lease commencing from 2012,03,Rest of Central Region,01 to 05
ZYON GRAND,"4,388,000","1,420.85","3,088",Jul-26,KIM SENG ROAD,New Sale,Strata,132,"33,242",-,Apartment,1,99 yrs lease commencing from 2024,03,Rest of Central Region,01 to 05
COMMONWEALTH TOWERS,"1,030,000",441.32,"2,334",Jul-26,COMMONWEALTH AVENUE,Resale,Strata,41,"25,122",-,Condominium,1,99 yrs lease commencing from 2013,03,Rest of Central Region,36 to 40
COMMONWEALTH TOWERS,"950,000",441.32,"2,153",Jul-26,COMMONWEALTH AVENUE,Resale,Strata,41,"23,171",-,Condominium,1,99 yrs lease commencing from 2013,03,Rest of Central Region,16 to 20
THE LANDMARK,"1,670,000",678.13,"2,463",Jul-26,CHIN SWEE ROAD,Sub Sale,Strata,63,"26,508",-,Condominium,1,99 yrs lease commencing from 2020,03,Rest of Central Region,06 to 10
COMMONWEALTH TOWERS,"945,000",441.32,"2,141",Jul-26,COMMONWEALTH AVENUE,Resale,Strata,41,"23,049",-,Condominium,1,99 yrs lease commencing from 2013,03,Rest of Central Region,11 to 15
QUEENS PEAK,"1,750,000",807.3,"2,168",Jul-26,DUNDEE ROAD,Resale,Strata,75,"23,333",-,Condominium,1,99 yrs lease commencing from 2015,03,Rest of Central Region,21 to 25
HIGHLINE RESIDENCES,"1,150,000",505.91,"2,273",Jul-26,KIM TIAN ROAD,Resale,Strata,47,"24,468",-,Condominium,1,99 yrs lease commencing from 2013,03,Rest of Central Region,26 to 30
RIVER PLACE,"2,600,000","1,291.68","2,013",Jul-26,HAVELOCK ROAD,Resale,Strata,120,"21,667",-,Condominium,1,99 yrs lease commencing from 1995,03,Rest of Central Region,01 to 05
STIRLING RESIDENCES,"1,540,000",656.6,"2,345",Jul-26,STIRLING ROAD,Resale,Strata,61,"25,246",-,Apartment,1,99 yrs lease commencing from 2017,03,Rest of Central Region,31 to 35
THE CREST,"3,560,000","1,722.24","2,067",Jul-26,PRINCE CHARLES CRESCENT,Resale,Strata,160,"22,250",-,Condominium,1,99 yrs lease commencing from 2012,03,Rest of Central Region,01 to 05
ARTRA,"2,900,000","1,227.1","2,363",Jul-26,ALEXANDRA VIEW,Resale,Strata,114,"25,439",-,Apartment,1,99 yrs lease commencing from 2016,03,Rest of Central Region,06 to 10
STIRLING RESIDENCES,"2,400,000",893.41,"2,686",Jul-26,STIRLING ROAD,Resale,Strata,83,"28,916",-,Apartment,1,99 yrs lease commencing from 2017,03,Rest of Central Region,06 to 10
ALEX RESIDENCES,"970,000",473.62,"2,048",Jul-26,ALEXANDRA VIEW,Resale,Strata,44,"22,045",-,Apartment,1,99 yrs lease commencing from 2013,03,Rest of Central Region,11 to 15
ECHELON,"1,650,000",731.95,"2,254",Jul-26,ALEXANDRA VIEW,Resale,Strata,68,"24,265",-,Condominium,1,99 yrs lease commencing from 2012,03,Rest of Central Region,06 to 10
THE METROPOLITAN CONDOMINIUM,"2,080,000","1,033.34","2,013",Jul-26,ALEXANDRA VIEW,Resale,Strata,96,"21,667",-,Condominium,1,99 yrs lease commencing from 2006,03,Rest of Central Region,41 to 45
MARGARET VILLE,"1,980,000",828.83,"2,389",Jul-26,MARGARET DRIVE,Resale,Strata,77,"25,714",-,Apartment,1,99 yrs lease commencing from 2017,03,Rest of Central Region,31 to 35
QUEENS PEAK,"1,990,000",850.36,"2,340",Jul-26,DUNDEE ROAD,Resale,Strata,79,"25,190",-,Condominium,1,99 yrs lease commencing from 2015,03,Rest of Central Region,31 to 35
PROMENADE PEAK,"5,068,200","1,420.85","3,567",Jul-26,ZION PROMENADE,New Sale,Strata,132,"38,395",-,Condominium,1,99 yrs lease commencing from 2024,03,Rest of Central Region,56 to 60
STIRLING RESIDENCES,"1,528,000",624.31,"2,447",Jul-26,STIRLING ROAD,Resale,Strata,58,"26,345",-,Apartment,1,99 yrs lease commencing from 2017,03,Rest of Central Region,21 to 25
STIRLING RESIDENCES,"1,238,888",505.91,"2,449",Jul-26,STIRLING ROAD,Resale,Strata,47,"26,359",-,Apartment,1,99 yrs lease commencing from 2017,03,Rest of Central Region,36 to 40
ALEXIS,"1,090,000",613.55,"1,777",Jul-26,ALEXANDRA ROAD,Resale,Strata,57,"19,123",-,Apartment,1,Freehold,03,Rest of Central Region,01 to 05
AVENUE SOUTH RESIDENCE,"1,650,000",807.3,"2,044",Jul-26,SILAT AVENUE,Resale,Strata,75,"22,000",-,Apartment,1,99 yrs lease commencing from 2018,03,Rest of Central Region,01 to 05
STIRLING RESIDENCES,"1,800,000",678.13,"2,654",Jul-26,STIRLING ROAD,Resale,Strata,63,"28,571",-,Apartment,1,99 yrs lease commencing from 2017,03,Rest of Central Region,21 to 25
ECHELON,"2,300,000","1,001.05","2,298",Jul-26,ALEXANDRA VIEW,Resale,Strata,93,"24,731",-,Condominium,1,99 yrs lease commencing from 2012,03,Rest of Central Region,41 to 45
ALEX RESIDENCES,"970,000",473.62,"2,048",Jul-26,ALEXANDRA VIEW,Resale,Strata,44,"22,045",-,Apartment,1,99 yrs lease commencing from 2013,03,Rest of Central Region,21 to 25
THE CREST,"1,620,000",796.54,"2,034",Jul-26,PRINCE CHARLES CRESCENT,Resale,Strata,74,"21,892",-,Condominium,1,99 yrs lease commencing from 2012,03,Rest of Central Region,21 to 25
PROMENADE PEAK,"6,600,000","1,883.7","3,504",Jul-26,ZION PROMENADE,New Sale,Strata,175,"37,714",-,Condominium,1,99 yrs lease commencing from 2024,03,Rest of Central Region,56 to 60
PROMENADE PEAK,"6,600,000","1,883.7","3,504",Jul-26,ZION PROMENADE,New Sale,Strata,175,"37,714",-,Condominium,1,99 yrs lease commencing from 2024,03,Rest of Central Region,56 to 60
PROMENADE PEAK,"1,467,700",527.44,"2,783",Jul-26,ZION PROMENADE,New Sale,Strata,49,"29,953",-,Condominium,1,99 yrs lease commencing from 2024,03,Rest of Central Region,01 to 05
QUEENS PEAK,"1,050,000",484.38,"2,168",Jul-26,DUNDEE ROAD,Resale,Strata,45,"23,333",-,Condominium,1,99 yrs lease commencing from 2015,03,Rest of Central Region,21 to 25
RIVER PLACE,"1,450,000",818.06,"1,772",Jul-26,HAVELOCK ROAD,Resale,Strata,76,"19,079",-,Condominium,1,99 yrs lease commencing from 1995,03,Rest of Central Region,06 to 10
HIGHLINE RESIDENCES,"2,392,000",904.18,"2,646",Jul-26,KIM TIAN ROAD,Resale,Strata,84,"28,476",-,Condominium,1,99 yrs lease commencing from 2013,03,Rest of Central Region,16 to 20
STIRLING RESIDENCES,"1,650,000",839.59,"1,965",Jul-26,STIRLING ROAD,Resale,Strata,78,"21,154",-,Apartment,1,99 yrs lease commencing from 2017,03,Rest of Central Region,36 to 40
DOMAIN 21,"1,000,000",559.73,"1,787",Jul-26,DELTA ROAD,Resale,Strata,52,"19,231",-,Condominium,1,99 yrs lease commencing from 2004,03,Rest of Central Region,16 to 20
COMMONWEALTH TOWERS,"1,798,000",753.48,"2,386",Jul-26,COMMONWEALTH AVENUE,Resale,Strata,70,"25,686",-,Condominium,1,99 yrs lease commencing from 2013,03,Rest of Central Region,41 to 45
THE ANCHORAGE,"2,930,000","1,603.84","1,827",Jul-26,ALEXANDRA ROAD,Resale,Strata,149,"19,664",-,Condominium,1,Freehold,03,Rest of Central Region,01 to 05
ARTRA,"1,960,000",828.83,"2,365",Jul-26,ALEXANDRA VIEW,Resale,Strata,77,"25,455",-,Apartment,1,99 yrs lease commencing from 2016,03,Rest of Central Region,16 to 20
HIGHLINE RESIDENCES,"1,050,000",505.91,"2,075",Jul-26,KIM TIAN ROAD,Resale,Strata,47,"22,340",-,Condominium,1,99 yrs lease commencing from 2013,03,Rest of Central Region,26 to 30
QUEENS PEAK,"1,670,000",775.01,"2,155",Jul-26,DUNDEE ROAD,Resale,Strata,72,"23,194",-,Condominium,1,99 yrs lease commencing from 2015,03,Rest of Central Region,21 to 25
ONE PEARL BANK,"988,000",430.56,"2,295",Jul-26,PEARL BANK,Resale,Strata,40,"24,700",-,Apartment,1,99 yrs lease commencing from 2019,03,Rest of Central Region,16 to 20
ARTRA,"2,930,000","1,227.1","2,388",Jul-26,ALEXANDRA VIEW,Resale,Strata,114,"25,702",-,Apartment,1,99 yrs lease commencing from 2016,03,Rest of Central Region,16 to 20
ZYON GRAND,"2,338,000",721.19,"3,242",Jul-26,KIM SENG ROAD,New Sale,Strata,67,"34,896",-,Apartment,1,99 yrs lease commencing from 2024,03,Rest of Central Region,41 to 45
MARGARET VILLE,"1,912,000",828.83,"2,307",Jul-26,MARGARET DRIVE,Resale,Strata,77,"24,831",-,Apartment,1,99 yrs lease commencing from 2017,03,Rest of Central Region,26 to 30
ECHELON,"2,225,000","1,001.05","2,223",Jul-26,ALEXANDRA VIEW,Resale,Strata,93,"23,925",-,Condominium,1,99 yrs lease commencing from 2012,03,Rest of Central Region,21 to 25
TANGLIN VIEW,"2,200,000","1,151.75","1,910",Jul-26,PRINCE CHARLES CRESCENT,Resale,Strata,107,"20,561",-,Condominium,1,99 yrs lease commencing from 1997,03,Rest of Central Region,06 to 10
STIRLING RESIDENCES,"1,510,000",656.6,"2,300",Jul-26,STIRLING ROAD,Resale,Strata,61,"24,754",-,Apartment,1,99 yrs lease commencing from 2017,03,Rest of Central Region,21 to 25
ARTRA,"2,580,000","1,044.11","2,471",Jul-26,ALEXANDRA VIEW,Resale,Strata,97,"26,598",-,Apartment,1,99 yrs lease commencing from 2016,03,Rest of Central Region,16 to 20
AVENUE SOUTH RESIDENCE,"1,600,000",807.3,"1,982",Jul-26,SILAT AVENUE,Resale,Strata,75,"21,333",-,Apartment,1,99 yrs lease commencing from 2018,03,Rest of Central Region,01 to 05
COMMONWEALTH TOWERS,"1,730,000",753.48,"2,296",Jun-26,COMMONWEALTH AVENUE,Resale,Strata,70,"24,714",-,Condominium,1,99 yrs lease commencing from 2013,03,Rest of Central Region,21 to 25
STIRLING RESIDENCES,"1,200,000",505.91,"2,372",Jun-26,STIRLING ROAD,Resale,Strata,47,"25,532",-,Apartment,1,99 yrs lease commencing from 2017,03,Rest of Central Region,16 to 20
ECHELON,"1,700,000",731.95,"2,323",Jun-26,ALEXANDRA VIEW,Resale,Strata,68,"25,000",-,Condominium,1,99 yrs lease commencing from 2012,03,Rest of Central Region,21 to 25
ARTRA,"3,110,000","1,227.1","2,534",Jun-26,ALEXANDRA VIEW,Resale,Strata,114,"27,281",-,Apartment,1,99 yrs lease commencing from 2016,03,Rest of Central Region,31 to 35
QUEENS PEAK,"3,350,000","1,506.96","2,223",Jun-26,DUNDEE ROAD,Resale,Strata,140,"23,929",-,Condominium,1,99 yrs lease commencing from 2015,03,Rest of Central Region,31 to 35
THE CREST,"3,340,000","1,646.89","2,028",Jun-26,PRINCE CHARLES CRESCENT,Resale,Strata,153,"21,830",-,Condominium,1,99 yrs lease commencing from 2012,03,Rest of Central Region,16 to 20
QUEENS PEAK,"1,080,000",484.38,"2,230",Jun-26,DUNDEE ROAD,Resale,Strata,45,"24,000",-,Condominium,1,99 yrs lease commencing from 2015,03,Rest of Central Region,26 to 30
ECHELON,"3,020,000","1,474.67","2,048",Jun-26,ALEXANDRA VIEW,Resale,Strata,137,"22,044",-,Condominium,1,99 yrs lease commencing from 2012,03,Rest of Central Region,11 to 15
ECHELON,"1,645,000",731.95,"2,247",Jun-26,ALEXANDRA VIEW,Resale,Strata,68,"24,191",-,Condominium,1,99 yrs lease commencing from 2012,03,Rest of Central Region,16 to 20
ALESSANDREA,"2,290,000","1,097.93","2,086",Jun-26,ALEXANDRA ROAD,Resale,Strata,102,"22,451",-,Apartment,1,Freehold,03,Rest of Central Region,06 to 10
QUEENS PEAK,"1,400,000",624.31,"2,242",Jun-26,DUNDEE ROAD,Resale,Strata,58,"24,138",-,Condominium,1,99 yrs lease commencing from 2015,03,Rest of Central Region,26 to 30
PRINCIPAL GARDEN,"1,770,000",807.3,"2,192",Jun-26,PRINCE CHARLES CRESCENT,Resale,Strata,75,"23,600",-,Condominium,1,99 yrs lease commencing from 2014,03,Rest of Central Region,06 to 10
THE LANDMARK,"1,800,000",678.13,"2,654",Jun-26,CHIN SWEE ROAD,Sub Sale,Strata,63,"28,571",-,Condominium,1,99 yrs lease commencing from 2020,03,Rest of Central Region,16 to 20
COMMONWEALTH TOWERS,"965,000",441.32,"2,187",Jun-26,COMMONWEALTH AVENUE,Resale,Strata,41,"23,537",-,Condominium,1,99 yrs lease commencing from 2013,03,Rest of Central Region,26 to 30
PRINCIPAL GARDEN,"1,830,000",861.12,"2,125",Jun-26,PRINCE CHARLES CRESCENT,Resale,Strata,80,"22,875",-,Condominium,1,99 yrs lease commencing from 2014,03,Rest of Central Region,01 to 05
ZYON GRAND,"5,489,000","1,614.6","3,400",Jun-26,KIM SENG ROAD,New Sale,Strata,150,"36,593",-,Apartment,1,99 yrs lease commencing from 2024,03,Rest of Central Region,46 to 50
AVENUE SOUTH RESIDENCE,"1,490,000",656.6,"2,269",Jun-26,SILAT AVENUE,Resale,Strata,61,"24,426",-,Apartment,1,99 yrs lease commencing from 2018,03,Rest of Central Region,36 to 40
CENTRAL GREEN CONDOMINIUM,"2,500,000","1,431.61","1,746",Jun-26,JALAN MEMBINA,Resale,Strata,133,"18,797",-,Condominium,1,99 yrs lease commencing from 1992,03,Rest of Central Region,01 to 05
ONE PEARL BANK,"1,625,000",699.66,"2,323",Jun-26,PEARL BANK,Resale,Strata,65,"25,000",-,Apartment,1,99 yrs lease commencing from 2019,03,Rest of Central Region,01 to 05
PROMENADE PEAK,"4,852,000","1,420.85","3,415",Jun-26,ZION PROMENADE,New Sale,Strata,132,"36,758",-,Condominium,1,99 yrs lease commencing from 2024,03,Rest of Central Region,46 to 50
TANGLIN VIEW,"2,170,000","1,140.98","1,902",Jun-26,PRINCE CHARLES CRESCENT,Resale,Strata,106,"20,472",-,Condominium,1,99 yrs lease commencing from 1997,03,Rest of Central Region,01 to 05
ZYON GRAND,"4,708,000","1,420.85","3,314",Jun-26,KIM SENG ROAD,New Sale,Strata,132,"35,667",-,Apartment,1,99 yrs lease commencing from 2024,03,Rest of Central Region,41 to 45
QUEENS PEAK,"1,670,800",775.01,"2,156",Jun-26,DUNDEE ROAD,Resale,Strata,72,"23,206",-,Condominium,1,99 yrs lease commencing from 2015,03,Rest of Central Region,21 to 25
ZYON GRAND,"2,795,000",818.06,"3,417",Jun-26,KIM SENG ROAD,New Sale,Strata,76,"36,776",-,Apartment,1,99 yrs lease commencing from 2024,03,Rest of Central Region,56 to 60
THE CREST,"1,620,000",828.83,"1,955",Jun-26,PRINCE CHARLES CRESCENT,Resale,Strata,77,"21,039",-,Condominium,1,99 yrs lease commencing from 2012,03,Rest of Central Region,16 to 20
TANGLIN VIEW,"2,280,000","1,140.98","1,998",Jun-26,PRINCE CHARLES CRESCENT,Resale,Strata,106,"21,509",-,Condominium,1,99 yrs lease commencing from 1997,03,Rest of Central Region,06 to 10
QUEENS PEAK,"2,100,000",936.47,"2,242",Jun-26,DUNDEE ROAD,Resale,Strata,87,"24,138",-,Condominium,1,99 yrs lease commencing from 2015,03,Rest of Central Region,26 to 30
RIVER PLACE,"1,563,888",785.77,"1,990",Jun-26,HAVELOCK ROAD,Resale,Strata,73,"21,423",-,Condominium,1,99 yrs lease commencing from 1995,03,Rest of Central Region,06 to 10
ALEX RESIDENCES,"1,515,000",656.6,"2,307",Jun-26,ALEXANDRA VIEW,Resale,Strata,61,"24,836",-,Apartment,1,99 yrs lease commencing from 2013,03,Rest of Central Region,26 to 30
DOMAIN 21,"2,640,000","1,280.92","2,061",Jun-26,DELTA ROAD,Resale,Strata,119,"22,185",-,Condominium,1,99 yrs lease commencing from 2004,03,Rest of Central Region,06 to 10
ALEX RESIDENCES,"2,238,000","1,022.58","2,189",Jun-26,ALEXANDRA VIEW,Resale,Strata,95,"23,558",-,Apartment,1,99 yrs lease commencing from 2013,03,Rest of Central Region,01 to 05
ECHELON,"1,065,000",452.09,"2,356",Jun-26,ALEXANDRA VIEW,Resale,Strata,42,"25,357",-,Condominium,1,99 yrs lease commencing from 2012,03,Rest of Central Region,36 to 40
QUEENS,"1,584,000",914.94,"1,731",Jun-26,STIRLING ROAD,Resale,Strata,85,"18,635",-,Condominium,1,99 yrs lease commencing from 1998,03,Rest of Central Region,11 to 15
THE REGENCY AT TIONG BAHRU,"3,300,000","1,280.92","2,576",Jun-26,CHAY YAN STREET,Resale,Strata,119,"27,731",-,Condominium,1,Freehold,03,Rest of Central Region,21 to 25
ARTRA,"3,040,000","1,227.1","2,477",Jun-26,ALEXANDRA VIEW,Resale,Strata,114,"26,667",-,Apartment,1,99 yrs lease commencing from 2016,03,Rest of Central Region,26 to 30
QUEENS PEAK,"2,338,000","1,001.05","2,336",Jun-26,DUNDEE ROAD,Resale,Strata,93,"25,140",-,Condominium,1,99 yrs lease commencing from 2015,03,Rest of Central Region,31 to 35
ARTRA,"1,945,000",785.77,"2,475",Jun-26,ALEXANDRA VIEW,Resale,Strata,73,"26,644",-,Apartment,1,99 yrs lease commencing from 2016,03,Rest of Central Region,31 to 35
THE CREST,"2,400,000","1,259.39","1,906",Jun-26,PRINCE CHARLES CRESCENT,Resale,Strata,117,"20,513",-,Condominium,1,99 yrs lease commencing from 2012,03,Rest of Central Region,11 to 15
STIRLING RESIDENCES,"1,055,000",441.32,"2,391",Jun-26,STIRLING ROAD,Resale,Strata,41,"25,732",-,Apartment,1,99 yrs lease commencing from 2017,03,Rest of Central Region,11 to 15
PROMENADE PEAK,"2,317,600",764.24,"3,033",Jun-26,ZION PROMENADE,New Sale,Strata,71,"32,642",-,Condominium,1,99 yrs lease commencing from 2024,03,Rest of Central Region,16 to 20
PROMENADE PEAK,"1,833,877",667.37,"2,748",Jun-26,ZION PROMENADE,New Sale,Strata,62,"29,579",-,Condominium,1,99 yrs lease commencing from 2024,03,Rest of Central Region,11 to 15
STIRLING RESIDENCES,"1,541,800",635.08,"2,428",Jun-26,STIRLING ROAD,Resale,Strata,59,"26,132",-,Apartment,1,99 yrs lease commencing from 2017,03,Rest of Central Region,26 to 30
ASCENTIA SKY,"2,830,000","1,474.67","1,919",Jun-26,ALEXANDRA VIEW,Resale,Strata,137,"20,657",-,Condominium,1,99 yrs lease commencing from 2008,03,Rest of Central Region,01 to 05
STIRLING RESIDENCES,"2,953,888","1,054.87","2,800",Jun-26,STIRLING ROAD,Resale,Strata,98,"30,142",-,Apartment,1,99 yrs lease commencing from 2017,03,Rest of Central Region,31 to 35
THE REGENCY AT TIONG BAHRU,"3,188,000","1,270.15","2,510",Jun-26,CHAY YAN STREET,Resale,Strata,118,"27,017",-,Condominium,1,Freehold,03,Rest of Central Region,31 to 35
ALEXIS,"980,000",516.67,"1,897",Jun-26,ALEXANDRA ROAD,Resale,Strata,48,"20,417",-,Apartment,1,Freehold,03,Rest of Central Region,01 to 05
ARTRA,"2,620,000","1,044.11","2,509",Jun-26,ALEXANDRA VIEW,Resale,Strata,97,"27,010",-,Apartment,1,99 yrs lease commencing from 2016,03,Rest of Central Region,11 to 15
RIVIERE,"1,438,000",559.73,"2,569",Jun-26,JIAK KIM STREET,Resale,Strata,52,"27,654",-,Apartment,1,99 yrs lease commencing from 2018,03,Rest of Central Region,11 to 15
THE REGENCY AT TIONG BAHRU,"3,280,000","1,280.92","2,561",Jun-26,CHAY YAN STREET,Resale,Strata,119,"27,563",-,Condominium,1,Freehold,03,Rest of Central Region,16 to 20
PRINCIPAL GARDEN,"980,000",495.14,"1,979",Jun-26,PRINCE CHARLES CRESCENT,Resale,Strata,46,"21,304",-,Condominium,1,99 yrs lease commencing from 2014,03,Rest of Central Region,11 to 15
RIVIERE,"2,600,000",818.06,"3,178",Jun-26,JIAK KIM STREET,Resale,Strata,76,"34,211",-,Apartment,1,99 yrs lease commencing from 2018,03,Rest of Central Region,21 to 25
ONE PEARL BANK,"3,330,000","1,216.33","2,738",Jun-26,PEARL BANK,Sub Sale,Strata,113,"29,469",-,Apartment,1,99 yrs lease commencing from 2019,03,Rest of Central Region,21 to 25
PROMENADE PEAK,"1,603,700",527.44,"3,041",Jun-26,ZION PROMENADE,New Sale,Strata,49,"32,729",-,Condominium,1,99 yrs lease commencing from 2024,03,Rest of Central Region,26 to 30
AVENUE SOUTH RESIDENCE,"1,362,888",656.6,"2,076",Jun-26,SILAT AVENUE,Resale,Strata,61,"22,342",-,Apartment,1,99 yrs lease commencing from 2018,03,Rest of Central Region,01 to 05
COMMONWEALTH TOWERS,"2,580,000","1,054.87","2,446",Jun-26,COMMONWEALTH AVENUE,Resale,Strata,98,"26,327",-,Condominium,1,99 yrs lease commencing from 2013,03,Rest of Central Region,26 to 30
ZYON GRAND,"1,511,000",473.62,"3,190",Jun-26,KIM SENG ROAD,New Sale,Strata,44,"34,341",-,Apartment,1,99 yrs lease commencing from 2024,03,Rest of Central Region,51 to 55
ALEX RESIDENCES,"1,938,888",882.65,"2,197",Jun-26,ALEXANDRA VIEW,Resale,Strata,82,"23,645",-,Apartment,1,99 yrs lease commencing from 2013,03,Rest of Central Region,01 to 05
QUEENS PEAK,"968,000",441.32,"2,193",Jun-26,DUNDEE ROAD,Resale,Strata,41,"23,610",-,Condominium,1,99 yrs lease commencing from 2015,03,Rest of Central Region,21 to 25
THE ANCHORAGE,"3,150,000","1,506.96","2,090",Jun-26,ALEXANDRA ROAD,Resale,Strata,140,"22,500",-,Condominium,1,Freehold,03,Rest of Central Region,06 to 10
STIRLING RESIDENCES,"1,828,888",688.9,"2,655",Jun-26,STIRLING ROAD,Resale,Strata,64,"28,576",-,Apartment,1,99 yrs lease commencing from 2017,03,Rest of Central Region,36 to 40
QUEENS PEAK,"1,520,000",624.31,"2,435",Jun-26,DUNDEE ROAD,Resale,Strata,58,"26,207",-,Condominium,1,99 yrs lease commencing from 2015,03,Rest of Central Region,21 to 25
ZYON GRAND,"2,807,000",818.06,"3,431",Jun-26,KIM SENG ROAD,New Sale,Strata,76,"36,934",-,Apartment,1,99 yrs lease commencing from 2024,03,Rest of Central Region,56 to 60
HIGHLINE RESIDENCES,"2,880,000","1,151.75","2,501",Jun-26,KIM TIAN ROAD,Resale,Strata,107,"26,916",-,Condominium,1,99 yrs lease commencing from 2013,03,Rest of Central Region,11 to 15
HIGHLINE RESIDENCES,"1,190,000",505.91,"2,352",Jun-26,KIM TIAN ROAD,Resale,Strata,47,"25,319",-,Condominium,1,99 yrs lease commencing from 2013,03,Rest of Central Region,31 to 35
STIRLING RESIDENCES,"2,350,000",882.65,"2,662",Jun-26,STIRLING ROAD,Resale,Strata,82,"28,659",-,Apartment,1,99 yrs lease commencing from 2017,03,Rest of Central Region,26 to 30
STIRLING RESIDENCES,"1,555,000",635.08,"2,449",Jun-26,STIRLING ROAD,Resale,Strata,59,"26,356",-,Apartment,1,99 yrs lease commencing from 2017,03,Rest of Central Region,26 to 30
STIRLING RESIDENCES,"1,206,000",505.91,"2,384",Jun-26,STIRLING ROAD,Resale,Strata,47,"25,660",-,Apartment,1,99 yrs lease commencing from 2017,03,Rest of Central Region,36 to 40
THE LANDMARK,"1,650,000",678.13,"2,433",Jun-26,CHIN SWEE ROAD,Sub Sale,Strata,63,"26,190",-,Condominium,1,99 yrs lease commencing from 2020,03,Rest of Central Region,01 to 05
PRINCIPAL GARDEN,"1,825,000",807.3,"2,261",Jun-26,PRINCE CHARLES CRESCENT,Resale,Strata,75,"24,333",-,Condominium,1,99 yrs lease commencing from 2014,03,Rest of Central Region,06 to 10
COMMONWEALTH TOWERS,"1,720,000",796.54,"2,159",Jun-26,COMMONWEALTH AVENUE,Resale,Strata,74,"23,243",-,Condominium,1,99 yrs lease commencing from 2013,03,Rest of Central Region,26 to 30
AVENUE SOUTH RESIDENCE,"3,660,000","1,496.2","2,446",May-26,SILAT AVENUE,Resale,Strata,139,"26,331",-,Apartment,1,99 yrs lease commencing from 2018,03,Rest of Central Region,51 to 55
CENTRAL GREEN CONDOMINIUM,"2,280,000","1,291.68","1,765",May-26,JALAN MEMBINA,Resale,Strata,120,"19,000",-,Condominium,1,99 yrs lease commencing from 1992,03,Rest of Central Region,01 to 05
THE CREST,"1,900,000",904.18,"2,101",May-26,PRINCE CHARLES CRESCENT,Resale,Strata,84,"22,619",-,Condominium,1,99 yrs lease commencing from 2012,03,Rest of Central Region,16 to 20
MARGARET VILLE,"2,368,000",968.76,"2,444",May-26,MARGARET DRIVE,Resale,Strata,90,"26,311",-,Apartment,1,99 yrs lease commencing from 2017,03,Rest of Central Region,31 to 35
STIRLING RESIDENCES,"1,510,000",635.08,"2,378",May-26,STIRLING ROAD,Resale,Strata,59,"25,593",-,Apartment,1,99 yrs lease commencing from 2017,03,Rest of Central Region,06 to 10
ALEX RESIDENCES,"2,238,412",925.7,"2,418",May-26,ALEXANDRA VIEW,Resale,Strata,86,"26,028",-,Apartment,1,99 yrs lease commencing from 2013,03,Rest of Central Region,21 to 25
ARTRA,"1,949,000",785.77,"2,480",May-26,ALEXANDRA VIEW,Resale,Strata,73,"26,699",-,Apartment,1,99 yrs lease commencing from 2016,03,Rest of Central Region,21 to 25
ALESSANDREA,"2,180,000","1,097.93","1,986",May-26,ALEXANDRA ROAD,Resale,Strata,102,"21,373",-,Apartment,1,Freehold,03,Rest of Central Region,16 to 20
PRINCIPAL GARDEN,"1,880,000",807.3,"2,329",May-26,PRINCE CHARLES CRESCENT,Resale,Strata,75,"25,067",-,Condominium,1,99 yrs lease commencing from 2014,03,Rest of Central Region,11 to 15
AVENUE SOUTH RESIDENCE,"1,380,000",656.6,"2,102",May-26,SILAT AVENUE,Resale,Strata,61,"22,623",-,Apartment,1,99 yrs lease commencing from 2018,03,Rest of Central Region,11 to 15
COMMONWEALTH TOWERS,"1,750,000",796.54,"2,197",May-26,COMMONWEALTH AVENUE,Resale,Strata,74,"23,649",-,Condominium,1,99 yrs lease commencing from 2013,03,Rest of Central Region,26 to 30
AVENUE SOUTH RESIDENCE,"2,335,000",947.23,"2,465",May-26,SILAT AVENUE,Resale,Strata,88,"26,534",-,Apartment,1,99 yrs lease commencing from 2018,03,Rest of Central Region,26 to 30
HIGHLINE RESIDENCES,"3,138,000","1,291.68","2,429",May-26,KIM TIAN ROAD,Resale,Strata,120,"26,150",-,Condominium,1,99 yrs lease commencing from 2013,03,Rest of Central Region,01 to 05
PENRITH,"1,793,000",613.55,"2,922",May-26,MARGARET DRIVE,New Sale,Strata,57,"31,456",-,Apartment,1,99 yrs lease commencing from 2024,03,Rest of Central Region,31 to 35
ALESSANDREA,"2,200,000","1,097.93","2,004",May-26,ALEXANDRA ROAD,Resale,Strata,102,"21,569",-,Apartment,1,Freehold,03,Rest of Central Region,01 to 05
ECHELON,"2,138,888",861.12,"2,484",May-26,ALEXANDRA VIEW,Resale,Strata,80,"26,736",-,Condominium,1,99 yrs lease commencing from 2012,03,Rest of Central Region,36 to 40
MARGARET VILLE,"1,638,000",699.66,"2,341",May-26,MARGARET DRIVE,Resale,Strata,65,"25,200",-,Apartment,1,99 yrs lease commencing from 2017,03,Rest of Central Region,31 to 35
AVENUE SOUTH RESIDENCE,"2,170,000","1,001.05","2,168",May-26,SILAT AVENUE,Resale,Strata,93,"23,333",-,Apartment,1,99 yrs lease commencing from 2018,03,Rest of Central Region,01 to 05
AVENUE SOUTH RESIDENCE,"1,110,000",527.44,"2,105",May-26,SILAT AVENUE,Resale,Strata,49,"22,653",-,Apartment,1,99 yrs lease commencing from 2018,03,Rest of Central Region,21 to 25
THE CREST,"3,550,000","1,689.95","2,101",May-26,PRINCE CHARLES CRESCENT,Resale,Strata,157,"22,611",-,Condominium,1,99 yrs lease commencing from 2012,03,Rest of Central Region,11 to 15
STIRLING RESIDENCES,"1,170,888",505.91,"2,314",May-26,STIRLING ROAD,Resale,Strata,47,"24,913",-,Apartment,1,99 yrs lease commencing from 2017,03,Rest of Central Region,16 to 20
THE ANCHORAGE,"3,320,000","1,506.96","2,203",May-26,ALEXANDRA ROAD,Resale,Strata,140,"23,714",-,Condominium,1,Freehold,03,Rest of Central Region,11 to 15
COMMONWEALTH TOWERS,"2,300,000",904.18,"2,544",May-26,COMMONWEALTH AVENUE,Resale,Strata,84,"27,381",-,Condominium,1,99 yrs lease commencing from 2013,03,Rest of Central Region,21 to 25
MERAPRIME,"3,020,000","1,313.21","2,300",May-26,JALAN BUKIT HO SWEE,Resale,Strata,122,"24,754",-,Condominium,1,99 yrs lease commencing from 2003,03,Rest of Central Region,06 to 10
COMMONWEALTH TOWERS,"945,000",462.85,"2,042",May-26,COMMONWEALTH AVENUE,Resale,Strata,43,"21,977",-,Condominium,1,99 yrs lease commencing from 2013,03,Rest of Central Region,11 to 15
STIRLING RESIDENCES,"1,160,000",505.91,"2,293",May-26,STIRLING ROAD,Resale,Strata,47,"24,681",-,Apartment,1,99 yrs lease commencing from 2017,03,Rest of Central Region,06 to 10
STIRLING RESIDENCES,"1,510,000",656.6,"2,300",May-26,STIRLING ROAD,Resale,Strata,61,"24,754",-,Apartment,1,99 yrs lease commencing from 2017,03,Rest of Central Region,11 to 15
STIRLING RESIDENCES,"3,300,000","1,345.5","2,453",May-26,STIRLING ROAD,Resale,Strata,125,"26,400",-,Apartment,1,99 yrs lease commencing from 2017,03,Rest of Central Region,01 to 05
ZYON GRAND,"2,746,000",818.06,"3,357",May-26,KIM SENG ROAD,New Sale,Strata,76,"36,132",-,Apartment,1,99 yrs lease commencing from 2024,03,Rest of Central Region,51 to 55
ZYON GRAND,"2,752,000",818.06,"3,364",May-26,KIM SENG ROAD,New Sale,Strata,76,"36,211",-,Apartment,1,99 yrs lease commencing from 2024,03,Rest of Central Region,51 to 55
ECHELON,"1,080,000",452.09,"2,389",May-26,ALEXANDRA VIEW,Resale,Strata,42,"25,714",-,Condominium,1,99 yrs lease commencing from 2012,03,Rest of Central Region,41 to 45
STIRLING RESIDENCES,"2,710,000",979.52,"2,767",May-26,STIRLING ROAD,Resale,Strata,91,"29,780",-,Apartment,1,99 yrs lease commencing from 2017,03,Rest of Central Region,36 to 40
HIGHLINE RESIDENCES,"2,308,000",904.18,"2,553",May-26,KIM TIAN ROAD,Resale,Strata,84,"27,476",-,Condominium,1,99 yrs lease commencing from 2013,03,Rest of Central Region,06 to 10
ALEX RESIDENCES,"1,015,000",473.62,"2,143",May-26,ALEXANDRA VIEW,Resale,Strata,44,"23,068",-,Apartment,1,99 yrs lease commencing from 2013,03,Rest of Central Region,31 to 35
HIGHLINE RESIDENCES,"3,038,000","1,151.75","2,638",May-26,KIM TIAN ROAD,Resale,Strata,107,"28,393",-,Condominium,1,99 yrs lease commencing from 2013,03,Rest of Central Region,31 to 35
AVENUE SOUTH RESIDENCE,"980,000",473.62,"2,069",May-26,SILAT AVENUE,Resale,Strata,44,"22,273",-,Apartment,1,99 yrs lease commencing from 2018,03,Rest of Central Region,01 to 05
QUEENS,"2,330,000","1,184.04","1,968",May-26,STIRLING ROAD,Resale,Strata,110,"21,182",-,Condominium,1,99 yrs lease commencing from 1998,03,Rest of Central Region,16 to 20
EMERALD PARK,"1,520,000",925.7,"1,642",May-26,INDUS ROAD,Resale,Strata,86,"17,674",-,Condominium,1,99 yrs lease commencing from 1991,03,Rest of Central Region,06 to 10
STIRLING RESIDENCES,"3,580,000","1,345.5","2,661",May-26,STIRLING ROAD,Resale,Strata,125,"28,640",-,Apartment,1,99 yrs lease commencing from 2017,03,Rest of Central Region,31 to 35
RESIDENTIAL APARTMENTS,"1,880,000",731.95,"2,568",May-26,OUTRAM ROAD,Resale,Strata,68,"27,647",-,Apartment,1,Freehold,03,Rest of Central Region,01 to 05
QUEENS,"2,000,000","1,184.04","1,689",May-26,STIRLING ROAD,Resale,Strata,110,"18,182",-,Condominium,1,99 yrs lease commencing from 1998,03,Rest of Central Region,06 to 10
STIRLING RESIDENCES,"1,200,000",505.91,"2,372",May-26,STIRLING ROAD,Resale,Strata,47,"25,532",-,Apartment,1,99 yrs lease commencing from 2017,03,Rest of Central Region,31 to 35
AVENUE SOUTH RESIDENCE,"1,640,000",688.9,"2,381",May-26,SILAT AVENUE,Resale,Strata,64,"25,625",-,Apartment,1,99 yrs lease commencing from 2018,03,Rest of Central Region,36 to 40
CENTRAL GREEN CONDOMINIUM,"2,650,000","1,431.61","1,851",May-26,JALAN MEMBINA,Resale,Strata,133,"19,925",-,Condominium,1,99 yrs lease commencing from 1992,03,Rest of Central Region,01 to 05
AVENUE SOUTH RESIDENCE,"2,700,000","1,108.69","2,435",May-26,SILAT AVENUE,Resale,Strata,103,"26,214",-,Apartment,1,99 yrs lease commencing from 2018,03,Rest of Central Region,21 to 25
ECHELON,"2,183,888","1,001.05","2,182",May-26,ALEXANDRA VIEW,Resale,Strata,93,"23,483",-,Condominium,1,99 yrs lease commencing from 2012,03,Rest of Central Region,36 to 40
RIVER PLACE,"2,140,000","1,291.68","1,657",May-26,HAVELOCK ROAD,Resale,Strata,120,"17,833",-,Condominium,1,99 yrs lease commencing from 1995,03,Rest of Central Region,01 to 05
ALEX RESIDENCES,"2,245,000",904.18,"2,483",May-26,ALEXANDRA VIEW,Resale,Strata,84,"26,726",-,Apartment,1,99 yrs lease commencing from 2013,03,Rest of Central Region,26 to 30
ARTRA,"2,100,000",828.83,"2,534",May-26,ALEXANDRA VIEW,Resale,Strata,77,"27,273",-,Apartment,1,99 yrs lease commencing from 2016,03,Rest of Central Region,36 to 40
ONE PEARL BANK,"3,138,880","1,184.04","2,651",May-26,PEARL BANK,Sub Sale,Strata,110,"28,535",-,Apartment,1,99 yrs lease commencing from 2019,03,Rest of Central Region,16 to 20
THE CREST,"3,618,000","1,700.71","2,127",May-26,PRINCE CHARLES CRESCENT,Resale,Strata,158,"22,899",-,Condominium,1,99 yrs lease commencing from 2012,03,Rest of Central Region,01 to 05
STIRLING RESIDENCES,"1,950,000",764.24,"2,552",May-26,STIRLING ROAD,Resale,Strata,71,"27,465",-,Apartment,1,99 yrs lease commencing from 2017,03,Rest of Central Region,21 to 25
STIRLING RESIDENCES,"1,560,000",635.08,"2,456",May-26,STIRLING ROAD,Resale,Strata,59,"26,441",-,Apartment,1,99 yrs lease commencing from 2017,03,Rest of Central Region,31 to 35
PROMENADE PEAK,"3,996,300","1,162.51","3,438",May-26,ZION PROMENADE,New Sale,Strata,108,"37,003",-,Condominium,1,99 yrs lease commencing from 2024,03,Rest of Central Region,56 to 60
PENRITH,"1,788,000",613.55,"2,914",May-26,MARGARET DRIVE,New Sale,Strata,57,"31,368",-,Apartment,1,99 yrs lease commencing from 2024,03,Rest of Central Region,26 to 30
QUEENS PEAK,"972,000",441.32,"2,202",Apr-26,DUNDEE ROAD,Resale,Strata,41,"23,707",-,Condominium,1,99 yrs lease commencing from 2015,03,Rest of Central Region,11 to 15
THE ANCHORAGE,"3,660,000","1,829.88","2,000",Apr-26,ALEXANDRA ROAD,Resale,Strata,170,"21,529",-,Condominium,1,Freehold,03,Rest of Central Region,06 to 10
ALEXIS,"768,000",387.5,"1,982",Apr-26,ALEXANDRA ROAD,Resale,Strata,36,"21,333",-,Apartment,1,Freehold,03,Rest of Central Region,01 to 05
STIRLING RESIDENCES,"2,860,000","1,054.87","2,711",Apr-26,STIRLING ROAD,Resale,Strata,98,"29,184",-,Apartment,1,99 yrs lease commencing from 2017,03,Rest of Central Region,26 to 30
STIRLING RESIDENCES,"1,812,888",785.77,"2,307",Apr-26,STIRLING ROAD,Resale,Strata,73,"24,834",-,Apartment,1,99 yrs lease commencing from 2017,03,Rest of Central Region,01 to 05
STIRLING RESIDENCES,"1,468,888",656.6,"2,237",Apr-26,STIRLING ROAD,Resale,Strata,61,"24,080",-,Apartment,1,99 yrs lease commencing from 2017,03,Rest of Central Region,06 to 10
ARTRA,"2,750,000","1,044.11","2,634",Apr-26,ALEXANDRA VIEW,Resale,Strata,97,"28,351",-,Apartment,1,99 yrs lease commencing from 2016,03,Rest of Central Region,36 to 40
AVENUE SOUTH RESIDENCE,"1,220,000",527.44,"2,313",Apr-26,SILAT AVENUE,Resale,Strata,49,"24,898",-,Apartment,1,99 yrs lease commencing from 2018,03,Rest of Central Region,31 to 35
QUEENS PEAK,"965,000",430.56,"2,241",Apr-26,DUNDEE ROAD,Resale,Strata,40,"24,125",-,Condominium,1,99 yrs lease commencing from 2015,03,Rest of Central Region,26 to 30
HIGHLINE RESIDENCES,"2,380,000",914.94,"2,601",Apr-26,KIM TIAN ROAD,Resale,Strata,85,"28,000",-,Condominium,1,99 yrs lease commencing from 2013,03,Rest of Central Region,11 to 15
DOMAIN 21,"1,950,000",925.7,"2,107",Apr-26,DELTA ROAD,Resale,Strata,86,"22,674",-,Condominium,1,99 yrs lease commencing from 2004,03,Rest of Central Region,16 to 20
STIRLING RESIDENCES,"1,950,000",785.77,"2,482",Apr-26,STIRLING ROAD,Resale,Strata,73,"26,712",-,Apartment,1,99 yrs lease commencing from 2017,03,Rest of Central Region,16 to 20
ONE PEARL BANK,"1,385,000",570.49,"2,428",Apr-26,PEARL BANK,Sub Sale,Strata,53,"26,132",-,Apartment,1,99 yrs lease commencing from 2019,03,Rest of Central Region,31 to 35
ALEXIS,"1,260,000",828.83,"1,520",Apr-26,ALEXANDRA ROAD,Resale,Strata,77,"16,364",-,Apartment,1,Freehold,03,Rest of Central Region,06 to 10
ECHELON,"1,645,000",731.95,"2,247",Apr-26,ALEXANDRA VIEW,Resale,Strata,68,"24,191",-,Condominium,1,99 yrs lease commencing from 2012,03,Rest of Central Region,26 to 30
STIRLING RESIDENCES,"2,600,000","1,054.87","2,465",Apr-26,STIRLING ROAD,Resale,Strata,98,"26,531",-,Apartment,1,99 yrs lease commencing from 2017,03,Rest of Central Region,01 to 05
ZYON GRAND,"2,758,000",818.06,"3,371",Apr-26,KIM SENG ROAD,New Sale,Strata,76,"36,289",-,Apartment,1,99 yrs lease commencing from 2024,03,Rest of Central Region,51 to 55
QUEENS PEAK,"970,000",430.56,"2,253",Apr-26,DUNDEE ROAD,Resale,Strata,40,"24,250",-,Condominium,1,99 yrs lease commencing from 2015,03,Rest of Central Region,16 to 20
HIGHLINE RESIDENCES,"2,370,000",914.94,"2,590",Apr-26,KIM TIAN ROAD,Resale,Strata,85,"27,882",-,Condominium,1,99 yrs lease commencing from 2013,03,Rest of Central Region,31 to 35
ALEXIS,"1,070,000",624.31,"1,714",Apr-26,ALEXANDRA ROAD,Resale,Strata,58,"18,448",-,Apartment,1,Freehold,03,Rest of Central Region,01 to 05
QUEENS PEAK,"1,700,000",775.01,"2,194",Apr-26,DUNDEE ROAD,Resale,Strata,72,"23,611",-,Condominium,1,99 yrs lease commencing from 2015,03,Rest of Central Region,26 to 30
STIRLING RESIDENCES,"1,550,000",635.08,"2,441",Apr-26,STIRLING ROAD,Resale,Strata,59,"26,271",-,Apartment,1,99 yrs lease commencing from 2017,03,Rest of Central Region,26 to 30
ZYON GRAND,"2,740,000",818.06,"3,349",Apr-26,KIM SENG ROAD,New Sale,Strata,76,"36,053",-,Apartment,1,99 yrs lease commencing from 2024,03,Rest of Central Region,46 to 50
CENTRAL GREEN CONDOMINIUM,"2,210,000","1,291.68","1,711",Apr-26,JALAN MEMBINA,Resale,Strata,120,"18,417",-,Condominium,1,99 yrs lease commencing from 1992,03,Rest of Central Region,01 to 05
STIRLING RESIDENCES,"1,430,000",635.08,"2,252",Apr-26,STIRLING ROAD,Resale,Strata,59,"24,237",-,Apartment,1,99 yrs lease commencing from 2017,03,Rest of Central Region,01 to 05
PROMENADE PEAK,"3,098,062","1,033.34","2,998",Apr-26,ZION PROMENADE,New Sale,Strata,96,"32,271",-,Condominium,1,99 yrs lease commencing from 2024,03,Rest of Central Region,41 to 45
COMMONWEALTH TOWERS,"1,640,000",688.9,"2,381",Apr-26,COMMONWEALTH AVENUE,Resale,Strata,64,"25,625",-,Condominium,1,99 yrs lease commencing from 2013,03,Rest of Central Region,31 to 35
ECHELON,"1,740,000",731.95,"2,377",Apr-26,ALEXANDRA VIEW,Resale,Strata,68,"25,588",-,Condominium,1,99 yrs lease commencing from 2012,03,Rest of Central Region,16 to 20
AVENUE SOUTH RESIDENCE,"1,438,000",688.9,"2,087",Apr-26,SILAT AVENUE,Resale,Strata,64,"22,469",-,Apartment,1,99 yrs lease commencing from 2018,03,Rest of Central Region,06 to 10
PROMENADE PEAK,"2,308,000",785.77,"2,937",Apr-26,ZION PROMENADE,New Sale,Strata,73,"31,616",-,Condominium,1,99 yrs lease commencing from 2024,03,Rest of Central Region,11 to 15
STIRLING RESIDENCES,"1,450,000",624.31,"2,323",Apr-26,STIRLING ROAD,Resale,Strata,58,"25,000",-,Apartment,1,99 yrs lease commencing from 2017,03,Rest of Central Region,06 to 10
HIGHLINE RESIDENCES,"1,680,000",635.08,"2,645",Apr-26,KIM TIAN ROAD,Resale,Strata,59,"28,475",-,Condominium,1,99 yrs lease commencing from 2013,03,Rest of Central Region,26 to 30
STIRLING RESIDENCES,"1,490,000",656.6,"2,269",Apr-26,STIRLING ROAD,Resale,Strata,61,"24,426",-,Apartment,1,99 yrs lease commencing from 2017,03,Rest of Central Region,11 to 15
THE METROPOLITAN CONDOMINIUM,"2,758,000","1,399.32","1,971",Apr-26,ALEXANDRA VIEW,Resale,Strata,130,"21,215",-,Condominium,1,99 yrs lease commencing from 2006,03,Rest of Central Region,16 to 20
COMMONWEALTH TOWERS,"990,000",462.85,"2,139",Apr-26,COMMONWEALTH AVENUE,Resale,Strata,43,"23,023",-,Condominium,1,99 yrs lease commencing from 2013,03,Rest of Central Region,31 to 35
STIRLING RESIDENCES,"2,320,000",882.65,"2,628",Apr-26,STIRLING ROAD,Resale,Strata,82,"28,293",-,Apartment,1,99 yrs lease commencing from 2017,03,Rest of Central Region,21 to 25
ALEX RESIDENCES,"2,230,000",925.7,"2,409",Apr-26,ALEXANDRA VIEW,Resale,Strata,86,"25,930",-,Apartment,1,99 yrs lease commencing from 2013,03,Rest of Central Region,16 to 20
ZYON GRAND,"2,770,000",818.06,"3,386",Apr-26,KIM SENG ROAD,New Sale,Strata,76,"36,447",-,Apartment,1,99 yrs lease commencing from 2024,03,Rest of Central Region,51 to 55
COMMONWEALTH TOWERS,"1,018,888",441.32,"2,309",Apr-26,COMMONWEALTH AVENUE,Resale,Strata,41,"24,851",-,Condominium,1,99 yrs lease commencing from 2013,03,Rest of Central Region,41 to 45
ZYON GRAND,"2,355,000",721.19,"3,265",Apr-26,KIM SENG ROAD,New Sale,Strata,67,"35,149",-,Apartment,1,99 yrs lease commencing from 2024,03,Rest of Central Region,51 to 55
STIRLING RESIDENCES,"1,528,000",656.6,"2,327",Apr-26,STIRLING ROAD,Resale,Strata,61,"25,049",-,Apartment,1,99 yrs lease commencing from 2017,03,Rest of Central Region,36 to 40
THE CREST,"2,550,000","1,302.44","1,958",Apr-26,PRINCE CHARLES CRESCENT,Resale,Strata,121,"21,074",-,Condominium,1,99 yrs lease commencing from 2012,03,Rest of Central Region,11 to 15
STIRLING RESIDENCES,"1,538,000",635.08,"2,422",Apr-26,STIRLING ROAD,Resale,Strata,59,"26,068",-,Apartment,1,99 yrs lease commencing from 2017,03,Rest of Central Region,36 to 40
ECHELON,"2,950,000","1,474.67","2,000",Apr-26,ALEXANDRA VIEW,Resale,Strata,137,"21,533",-,Condominium,1,99 yrs lease commencing from 2012,03,Rest of Central Region,06 to 10
MARGARET VILLE,"1,575,000",699.66,"2,251",Apr-26,MARGARET DRIVE,Resale,Strata,65,"24,231",-,Apartment,1,99 yrs lease commencing from 2017,03,Rest of Central Region,16 to 20
STIRLING RESIDENCES,"2,380,888",893.41,"2,665",Apr-26,STIRLING ROAD,Resale,Strata,83,"28,685",-,Apartment,1,99 yrs lease commencing from 2017,03,Rest of Central Region,16 to 20
AVENUE SOUTH RESIDENCE,"3,010,000","1,302.44","2,311",Apr-26,SILAT AVENUE,Resale,Strata,121,"24,876",-,Apartment,1,99 yrs lease commencing from 2018,03,Rest of Central Region,56 to 60
RIVIERE,"2,308,888",818.06,"2,822",Apr-26,JIAK KIM STREET,Resale,Strata,76,"30,380",-,Apartment,1,99 yrs lease commencing from 2018,03,Rest of Central Region,01 to 05
PROMENADE PEAK,"3,980,700","1,162.51","3,424",Apr-26,ZION PROMENADE,New Sale,Strata,108,"36,858",-,Condominium,1,99 yrs lease commencing from 2024,03,Rest of Central Region,56 to 60
AVENUE SOUTH RESIDENCE,"1,360,000",656.6,"2,071",Apr-26,SILAT AVENUE,Resale,Strata,61,"22,295",-,Apartment,1,99 yrs lease commencing from 2018,03,Rest of Central Region,01 to 05
COMMONWEALTH TOWERS,"1,715,000",796.54,"2,153",Apr-26,COMMONWEALTH AVENUE,Resale,Strata,74,"23,176",-,Condominium,1,99 yrs lease commencing from 2013,03,Rest of Central Region,06 to 10
TANGLIN VIEW,"2,800,000","1,463.9","1,913",Apr-26,PRINCE CHARLES CRESCENT,Resale,Strata,136,"20,588",-,Condominium,1,99 yrs lease commencing from 1997,03,Rest of Central Region,16 to 20
STIRLING RESIDENCES,"1,052,000",441.32,"2,384",Apr-26,STIRLING ROAD,Resale,Strata,41,"25,659",-,Apartment,1,99 yrs lease commencing from 2017,03,Rest of Central Region,21 to 25
RIVER PLACE,"1,480,000",796.54,"1,858",Apr-26,HAVELOCK ROAD,Resale,Strata,74,"20,000",-,Condominium,1,99 yrs lease commencing from 1995,03,Rest of Central Region,06 to 10
PROMENADE PEAK,"5,261,700","1,582.31","3,325",Apr-26,ZION PROMENADE,New Sale,Strata,147,"35,794",-,Condominium,1,99 yrs lease commencing from 2024,03,Rest of Central Region,46 to 50
HIGHLINE RESIDENCES,"2,860,000","1,076.4","2,657",Apr-26,KIM TIAN ROAD,Resale,Strata,100,"28,600",-,Condominium,1,99 yrs lease commencing from 2013,03,Rest of Central Region,16 to 20
HIGHLINE RESIDENCES,"2,549,600","1,151.75","2,214",Apr-26,KIM TIAN ROAD,Resale,Strata,107,"23,828",-,Condominium,1,99 yrs lease commencing from 2013,03,Rest of Central Region,01 to 05
STIRLING RESIDENCES,"1,520,000",624.31,"2,435",Apr-26,STIRLING ROAD,Resale,Strata,58,"26,207",-,Apartment,1,99 yrs lease commencing from 2017,03,Rest of Central Region,36 to 40
MARGARET VILLE,"2,401,680",968.76,"2,479",Apr-26,MARGARET DRIVE,Resale,Strata,90,"26,685",-,Apartment,1,99 yrs lease commencing from 2017,03,Rest of Central Region,36 to 40
PROMENADE PEAK,"2,384,400",785.77,"3,034",Apr-26,ZION PROMENADE,New Sale,Strata,73,"32,663",-,Condominium,1,99 yrs lease commencing from 2024,03,Rest of Central Region,16 to 20
STIRLING RESIDENCES,"1,720,000",688.9,"2,497",Apr-26,STIRLING ROAD,Resale,Strata,64,"26,875",-,Apartment,1,99 yrs lease commencing from 2017,03,Rest of Central Region,16 to 20
AVENUE SOUTH RESIDENCE,"1,482,888",656.6,"2,258",Apr-26,SILAT AVENUE,Resale,Strata,61,"24,310",-,Apartment,1,99 yrs lease commencing from 2018,03,Rest of Central Region,26 to 30
QUEENS PEAK,"1,988,000",947.23,"2,099",Apr-26,DUNDEE ROAD,Resale,Strata,88,"22,591",-,Condominium,1,99 yrs lease commencing from 2015,03,Rest of Central Region,16 to 20
RIVER PLACE,"2,300,000","1,291.68","1,781",Apr-26,HAVELOCK ROAD,Resale,Strata,120,"19,167",-,Condominium,1,99 yrs lease commencing from 1995,03,Rest of Central Region,01 to 05
STIRLING RESIDENCES,"1,502,888",656.6,"2,289",Apr-26,STIRLING ROAD,Resale,Strata,61,"24,638",-,Apartment,1,99 yrs lease commencing from 2017,03,Rest of Central Region,21 to 25
PROMENADE PEAK,"4,972,700","1,420.85","3,500",Mar-26,ZION PROMENADE,New Sale,Strata,132,"37,672",-,Condominium,1,99 yrs lease commencing from 2024,03,Rest of Central Region,51 to 55
AVENUE SOUTH RESIDENCE,"2,830,000","1,108.69","2,553",Mar-26,SILAT AVENUE,Resale,Strata,103,"27,476",-,Apartment,1,99 yrs lease commencing from 2018,03,Rest of Central Region,41 to 45
ALEX RESIDENCES,"1,010,000",473.62,"2,133",Mar-26,ALEXANDRA VIEW,Resale,Strata,44,"22,955",-,Apartment,1,99 yrs lease commencing from 2013,03,Rest of Central Region,31 to 35
EMERALD PARK,"1,420,000",925.7,"1,534",Mar-26,INDUS ROAD,Resale,Strata,86,"16,512",-,Condominium,1,99 yrs lease commencing from 1991,03,Rest of Central Region,01 to 05
ALEX RESIDENCES,"955,000",473.62,"2,016",Mar-26,ALEXANDRA VIEW,Resale,Strata,44,"21,705",-,Apartment,1,99 yrs lease commencing from 2013,03,Rest of Central Region,16 to 20
AVENUE SOUTH RESIDENCE,"2,600,000","1,108.69","2,345",Mar-26,SILAT AVENUE,Resale,Strata,103,"25,243",-,Apartment,1,99 yrs lease commencing from 2018,03,Rest of Central Region,16 to 20
THE LANDMARK,"1,060,000",495.14,"2,141",Mar-26,CHIN SWEE ROAD,Sub Sale,Strata,46,"23,043",-,Condominium,1,99 yrs lease commencing from 2020,03,Rest of Central Region,01 to 05
ALEX RESIDENCES,"970,000",473.62,"2,048",Mar-26,ALEXANDRA VIEW,Resale,Strata,44,"22,045",-,Apartment,1,99 yrs lease commencing from 2013,03,Rest of Central Region,16 to 20
STIRLING RESIDENCES,"1,495,000",635.08,"2,354",Mar-26,STIRLING ROAD,Resale,Strata,59,"25,339",-,Apartment,1,99 yrs lease commencing from 2017,03,Rest of Central Region,21 to 25
AVENUE SOUTH RESIDENCE,"1,650,000",688.9,"2,395",Mar-26,SILAT AVENUE,Resale,Strata,64,"25,781",-,Apartment,1,99 yrs lease commencing from 2018,03,Rest of Central Region,26 to 30
COMMONWEALTH TOWERS,"1,050,000",473.62,"2,217",Mar-26,COMMONWEALTH AVENUE,Resale,Strata,44,"23,864",-,Condominium,1,99 yrs lease commencing from 2013,03,Rest of Central Region,36 to 40
HIGHLINE RESIDENCES,"2,190,000",882.65,"2,481",Mar-26,KIM TIAN ROAD,Resale,Strata,82,"26,707",-,Condominium,1,99 yrs lease commencing from 2013,03,Rest of Central Region,06 to 10
COMMONWEALTH TOWERS,"1,030,000",441.32,"2,334",Mar-26,COMMONWEALTH AVENUE,Resale,Strata,41,"25,122",-,Condominium,1,99 yrs lease commencing from 2013,03,Rest of Central Region,31 to 35
STIRLING RESIDENCES,"1,740,000",882.65,"1,971",Mar-26,STIRLING ROAD,Resale,Strata,82,"21,220",-,Apartment,1,99 yrs lease commencing from 2017,03,Rest of Central Region,36 to 40
STIRLING RESIDENCES,"2,340,000",893.41,"2,619",Mar-26,STIRLING ROAD,Resale,Strata,83,"28,193",-,Apartment,1,99 yrs lease commencing from 2017,03,Rest of Central Region,01 to 05
AVENUE SOUTH RESIDENCE,"3,500,000","1,496.2","2,339",Mar-26,SILAT AVENUE,Resale,Strata,139,"25,180",-,Apartment,1,99 yrs lease commencing from 2018,03,Rest of Central Region,41 to 45
THE CREST,"1,630,000",828.83,"1,967",Mar-26,PRINCE CHARLES CRESCENT,Resale,Strata,77,"21,169",-,Condominium,1,99 yrs lease commencing from 2012,03,Rest of Central Region,21 to 25
PENRITH,"3,935,000","1,280.92","3,072",Mar-26,MARGARET DRIVE,New Sale,Strata,119,"33,067",-,Apartment,1,99 yrs lease commencing from 2024,03,Rest of Central Region,36 to 40
PRINCIPAL GARDEN,"2,905,000","1,076.4","2,699",Mar-26,PRINCE CHARLES CRESCENT,Resale,Strata,100,"29,050",-,Condominium,1,99 yrs lease commencing from 2014,03,Rest of Central Region,16 to 20
STIRLING RESIDENCES,"1,457,888",656.6,"2,220",Mar-26,STIRLING ROAD,Resale,Strata,61,"23,900",-,Apartment,1,99 yrs lease commencing from 2017,03,Rest of Central Region,06 to 10
COMMONWEALTH TOWERS,"940,000",462.85,"2,031",Mar-26,COMMONWEALTH AVENUE,Resale,Strata,43,"21,860",-,Condominium,1,99 yrs lease commencing from 2013,03,Rest of Central Region,11 to 15
PRINCIPAL GARDEN,"1,608,000",764.24,"2,104",Mar-26,PRINCE CHARLES CRESCENT,Resale,Strata,71,"22,648",-,Condominium,1,99 yrs lease commencing from 2014,03,Rest of Central Region,11 to 15
PROMENADE PEAK,"3,228,000","1,033.34","3,124",Mar-26,ZION PROMENADE,New Sale,Strata,96,"33,625",-,Condominium,1,99 yrs lease commencing from 2024,03,Rest of Central Region,36 to 40
PRINCIPAL GARDEN,"1,800,000",807.3,"2,230",Mar-26,PRINCE CHARLES CRESCENT,Resale,Strata,75,"24,000",-,Condominium,1,99 yrs lease commencing from 2014,03,Rest of Central Region,11 to 15
ALEX RESIDENCES,"1,580,000",678.13,"2,330",Mar-26,ALEXANDRA VIEW,Resale,Strata,63,"25,079",-,Apartment,1,99 yrs lease commencing from 2013,03,Rest of Central Region,26 to 30
AVENUE SOUTH RESIDENCE,"980,000",527.44,"1,858",Mar-26,SILAT AVENUE,Resale,Strata,49,"20,000",-,Apartment,1,99 yrs lease commencing from 2018,03,Rest of Central Region,21 to 25
STIRLING RESIDENCES,"1,090,000",441.32,"2,470",Mar-26,STIRLING ROAD,Resale,Strata,41,"26,585",-,Apartment,1,99 yrs lease commencing from 2017,03,Rest of Central Region,11 to 15
THE CREST,"1,380,000",699.66,"1,972",Mar-26,PRINCE CHARLES CRESCENT,Resale,Strata,65,"21,231",-,Condominium,1,99 yrs lease commencing from 2012,03,Rest of Central Region,11 to 15
PROMENADE PEAK,"4,117,900","1,194.8","3,447",Mar-26,ZION PROMENADE,New Sale,Strata,111,"37,098",-,Condominium,1,99 yrs lease commencing from 2024,03,Rest of Central Region,56 to 60
STIRLING RESIDENCES,"2,868,000","1,054.87","2,719",Mar-26,STIRLING ROAD,Resale,Strata,98,"29,265",-,Apartment,1,99 yrs lease commencing from 2017,03,Rest of Central Region,26 to 30
THE CREST,"3,380,000","1,657.66","2,039",Mar-26,PRINCE CHARLES CRESCENT,Resale,Strata,154,"21,948",-,Condominium,1,99 yrs lease commencing from 2012,03,Rest of Central Region,01 to 05
RIVIERE,"2,425,000",818.06,"2,964",Mar-26,JIAK KIM STREET,Resale,Strata,76,"31,908",-,Apartment,1,99 yrs lease commencing from 2018,03,Rest of Central Region,06 to 10
PROMENADE PEAK,"2,476,200",796.54,"3,109",Mar-26,ZION PROMENADE,New Sale,Strata,74,"33,462",-,Condominium,1,99 yrs lease commencing from 2024,03,Rest of Central Region,36 to 40
PROMENADE PEAK,"3,948,600","1,162.51","3,397",Mar-26,ZION PROMENADE,New Sale,Strata,108,"36,561",-,Condominium,1,99 yrs lease commencing from 2024,03,Rest of Central Region,56 to 60
ALEXIS,"785,000",419.8,"1,870",Mar-26,ALEXANDRA ROAD,Resale,Strata,39,"20,128",-,Apartment,1,Freehold,03,Rest of Central Region,01 to 05
STIRLING RESIDENCES,"2,338,000",882.65,"2,649",Mar-26,STIRLING ROAD,Resale,Strata,82,"28,512",-,Apartment,1,99 yrs lease commencing from 2017,03,Rest of Central Region,21 to 25
THE LANDMARK,"1,685,000",678.13,"2,485",Mar-26,CHIN SWEE ROAD,Sub Sale,Strata,63,"26,746",-,Condominium,1,99 yrs lease commencing from 2020,03,Rest of Central Region,06 to 10
CENTRAL GREEN CONDOMINIUM,"1,680,000",925.7,"1,815",Mar-26,JALAN MEMBINA,Resale,Strata,86,"19,535",-,Condominium,1,99 yrs lease commencing from 1992,03,Rest of Central Region,16 to 20
PROMENADE PEAK,"2,148,100",764.24,"2,811",Mar-26,ZION PROMENADE,New Sale,Strata,71,"30,255",-,Condominium,1,99 yrs lease commencing from 2024,03,Rest of Central Region,01 to 05
PROMENADE PEAK,"2,239,200",796.54,"2,811",Mar-26,ZION PROMENADE,New Sale,Strata,74,"30,259",-,Condominium,1,99 yrs lease commencing from 2024,03,Rest of Central Region,06 to 10
ZYON GRAND,"1,450,000",473.62,"3,062",Mar-26,KIM SENG ROAD,New Sale,Strata,44,"32,955",-,Apartment,1,99 yrs lease commencing from 2024,03,Rest of Central Region,31 to 35
COMMONWEALTH TOWERS,"1,560,000",688.9,"2,264",Mar-26,COMMONWEALTH AVENUE,Resale,Strata,64,"24,375",-,Condominium,1,99 yrs lease commencing from 2013,03,Rest of Central Region,06 to 10
STIRLING RESIDENCES,"1,475,000",635.08,"2,323",Mar-26,STIRLING ROAD,Resale,Strata,59,"25,000",-,Apartment,1,99 yrs lease commencing from 2017,03,Rest of Central Region,06 to 10
ALEXIS,"795,000",409.03,"1,944",Mar-26,ALEXANDRA ROAD,Resale,Strata,38,"20,921",-,Apartment,1,Freehold,03,Rest of Central Region,01 to 05
PROMENADE PEAK,"1,455,000",527.44,"2,759",Mar-26,ZION PROMENADE,New Sale,Strata,49,"29,694",-,Condominium,1,99 yrs lease commencing from 2024,03,Rest of Central Region,06 to 10
STIRLING RESIDENCES,"1,540,000",656.6,"2,345",Mar-26,STIRLING ROAD,Resale,Strata,61,"25,246",-,Apartment,1,99 yrs lease commencing from 2017,03,Rest of Central Region,36 to 40
ZYON GRAND,"4,543,000","1,420.85","3,197",Mar-26,KIM SENG ROAD,New Sale,Strata,132,"34,417",-,Apartment,1,99 yrs lease commencing from 2024,03,Rest of Central Region,31 to 35
RIVER PLACE,"1,800,000",968.76,"1,858",Mar-26,HAVELOCK ROAD,Resale,Strata,90,"20,000",-,Condominium,1,99 yrs lease commencing from 1995,03,Rest of Central Region,06 to 10
TANGLIN VIEW,"1,598,000",871.88,"1,833",Mar-26,PRINCE CHARLES CRESCENT,Resale,Strata,81,"19,728",-,Condominium,1,99 yrs lease commencing from 1997,03,Rest of Central Region,06 to 10
PROMENADE PEAK,"2,036,500",688.9,"2,956",Mar-26,ZION PROMENADE,New Sale,Strata,64,"31,820",-,Condominium,1,99 yrs lease commencing from 2024,03,Rest of Central Region,26 to 30
PROMENADE PEAK,"2,102,800",667.37,"3,151",Mar-26,ZION PROMENADE,New Sale,Strata,62,"33,916",-,Condominium,1,99 yrs lease commencing from 2024,03,Rest of Central Region,41 to 45
ZYON GRAND,"2,339,000",721.19,"3,243",Mar-26,KIM SENG ROAD,New Sale,Strata,67,"34,910",-,Apartment,1,99 yrs lease commencing from 2024,03,Rest of Central Region,46 to 50
ONE PEARL BANK,"2,380,000",893.41,"2,664",Mar-26,PEARL BANK,Sub Sale,Strata,83,"28,675",-,Apartment,1,99 yrs lease commencing from 2019,03,Rest of Central Region,16 to 20
PROMENADE PEAK,"2,233,400",764.24,"2,922",Mar-26,ZION PROMENADE,New Sale,Strata,71,"31,456",-,Condominium,1,99 yrs lease commencing from 2024,03,Rest of Central Region,11 to 15
PROMENADE PEAK,"3,111,900","1,033.34","3,011",Mar-26,ZION PROMENADE,New Sale,Strata,96,"32,416",-,Condominium,1,99 yrs lease commencing from 2024,03,Rest of Central Region,26 to 30
PROMENADE PEAK,"3,192,200","1,033.34","3,089",Mar-26,ZION PROMENADE,New Sale,Strata,96,"33,252",-,Condominium,1,99 yrs lease commencing from 2024,03,Rest of Central Region,36 to 40
PROMENADE PEAK,"2,124,600",688.9,"3,084",Mar-26,ZION PROMENADE,New Sale,Strata,64,"33,197",-,Condominium,1,99 yrs lease commencing from 2024,03,Rest of Central Region,36 to 40
PROMENADE PEAK,"6,413,100","1,883.7","3,405",Mar-26,ZION PROMENADE,New Sale,Strata,175,"36,646",-,Condominium,1,99 yrs lease commencing from 2024,03,Rest of Central Region,51 to 55
ZYON GRAND,"2,351,000",721.19,"3,260",Mar-26,KIM SENG ROAD,New Sale,Strata,67,"35,090",-,Apartment,1,99 yrs lease commencing from 2024,03,Rest of Central Region,51 to 55
ZYON GRAND,"4,507,000","1,420.85","3,172",Mar-26,KIM SENG ROAD,New Sale,Strata,132,"34,144",-,Apartment,1,99 yrs lease commencing from 2024,03,Rest of Central Region,26 to 30
ZYON GRAND,"4,531,000","1,420.85","3,189",Mar-26,KIM SENG ROAD,New Sale,Strata,132,"34,326",-,Apartment,1,99 yrs lease commencing from 2024,03,Rest of Central Region,31 to 35
PROMENADE PEAK,"2,066,300",667.37,"3,096",Mar-26,ZION PROMENADE,New Sale,Strata,62,"33,327",-,Condominium,1,99 yrs lease commencing from 2024,03,Rest of Central Region,36 to 40
MARGARET VILLE,"1,488,000",699.66,"2,127",Mar-26,MARGARET DRIVE,Resale,Strata,65,"22,892",-,Apartment,1,99 yrs lease commencing from 2017,03,Rest of Central Region,01 to 05
THE CREST,"2,805,000","1,367.03","2,052",Mar-26,PRINCE CHARLES CRESCENT,Resale,Strata,127,"22,087",-,Condominium,1,99 yrs lease commencing from 2012,03,Rest of Central Region,11 to 15
STIRLING RESIDENCES,"1,188,000",505.91,"2,348",Mar-26,STIRLING ROAD,Resale,Strata,47,"25,277",-,Apartment,1,99 yrs lease commencing from 2017,03,Rest of Central Region,21 to 25
PROMENADE PEAK,"2,096,900",678.13,"3,092",Mar-26,ZION PROMENADE,New Sale,Strata,63,"33,284",-,Condominium,1,99 yrs lease commencing from 2024,03,Rest of Central Region,36 to 40
ARTRA,"2,050,000",828.83,"2,473",Mar-26,ALEXANDRA VIEW,Resale,Strata,77,"26,623",-,Apartment,1,99 yrs lease commencing from 2016,03,Rest of Central Region,31 to 35
AVENUE SOUTH RESIDENCE,"1,560,000",721.19,"2,163",Mar-26,SILAT AVENUE,Resale,Strata,67,"23,284",-,Apartment,1,99 yrs lease commencing from 2018,03,Rest of Central Region,01 to 05
STIRLING RESIDENCES,"1,628,888",688.9,"2,364",Mar-26,STIRLING ROAD,Resale,Strata,64,"25,451",-,Apartment,1,99 yrs lease commencing from 2017,03,Rest of Central Region,01 to 05
ALEXIS,"780,000",398.27,"1,958",Mar-26,ALEXANDRA ROAD,Resale,Strata,37,"21,081",-,Apartment,1,Freehold,03,Rest of Central Region,01 to 05
ONE PEARL BANK,"1,820,000",699.66,"2,601",Mar-26,PEARL BANK,Sub Sale,Strata,65,"28,000",-,Apartment,1,99 yrs lease commencing from 2019,03,Rest of Central Region,16 to 20
THE CREST,"1,585,000",796.54,"1,990",Mar-26,PRINCE CHARLES CRESCENT,Resale,Strata,74,"21,419",-,Condominium,1,99 yrs lease commencing from 2012,03,Rest of Central Region,06 to 10
PROMENADE PEAK,"2,091,400",678.13,"3,084",Mar-26,ZION PROMENADE,New Sale,Strata,63,"33,197",-,Condominium,1,99 yrs lease commencing from 2024,03,Rest of Central Region,31 to 35
PROMENADE PEAK,"3,819,270","1,194.8","3,197",Mar-26,ZION PROMENADE,New Sale,Strata,111,"34,408",-,Condominium,1,99 yrs lease commencing from 2024,03,Rest of Central Region,46 to 50
MARGARET VILLE,"2,225,000",914.94,"2,432",Mar-26,MARGARET DRIVE,Resale,Strata,85,"26,176",-,Apartment,1,99 yrs lease commencing from 2017,03,Rest of Central Region,31 to 35
ALEXIS,"978,000",538.2,"1,817",Mar-26,ALEXANDRA ROAD,Resale,Strata,50,"19,560",-,Apartment,1,Freehold,03,Rest of Central Region,01 to 05
QUEENS PEAK,"2,028,000",861.12,"2,355",Mar-26,DUNDEE ROAD,Resale,Strata,80,"25,350",-,Condominium,1,99 yrs lease commencing from 2015,03,Rest of Central Region,36 to 40
TANGLIN VIEW,"1,602,000",871.88,"1,837",Mar-26,PRINCE CHARLES CRESCENT,Resale,Strata,81,"19,778",-,Condominium,1,99 yrs lease commencing from 1997,03,Rest of Central Region,06 to 10
PROMENADE PEAK,"2,375,300",764.24,"3,108",Mar-26,ZION PROMENADE,New Sale,Strata,71,"33,455",-,Condominium,1,99 yrs lease commencing from 2024,03,Rest of Central Region,31 to 35
ZYON GRAND,"2,327,000",721.19,"3,227",Mar-26,KIM SENG ROAD,New Sale,Strata,67,"34,731",-,Apartment,1,99 yrs lease commencing from 2024,03,Rest of Central Region,46 to 50
PROMENADE PEAK,"6,335,400","1,883.7","3,363",Feb-26,ZION PROMENADE,New Sale,Strata,175,"36,202",-,Condominium,1,99 yrs lease commencing from 2024,03,Rest of Central Region,41 to 45
COMMONWEALTH TOWERS,"1,020,000",452.09,"2,256",Feb-26,COMMONWEALTH AVENUE,Resale,Strata,42,"24,286",-,Condominium,1,99 yrs lease commencing from 2013,03,Rest of Central Region,36 to 40
STIRLING RESIDENCES,"1,480,000",656.6,"2,254",Feb-26,STIRLING ROAD,Resale,Strata,61,"24,262",-,Apartment,1,99 yrs lease commencing from 2017,03,Rest of Central Region,26 to 30
THE METROPOLITAN CONDOMINIUM,"2,000,000","1,065.64","1,877",Feb-26,ALEXANDRA VIEW,Resale,Strata,99,"20,202",-,Condominium,1,99 yrs lease commencing from 2006,03,Rest of Central Region,16 to 20
QUEENS PEAK,"2,328,000","1,001.05","2,326",Feb-26,DUNDEE ROAD,Resale,Strata,93,"25,032",-,Condominium,1,99 yrs lease commencing from 2015,03,Rest of Central Region,31 to 35
PROMENADE PEAK,"2,217,800",764.24,"2,902",Feb-26,ZION PROMENADE,New Sale,Strata,71,"31,237",-,Condominium,1,99 yrs lease commencing from 2024,03,Rest of Central Region,11 to 15
STIRLING RESIDENCES,"1,153,888",505.91,"2,281",Feb-26,STIRLING ROAD,Resale,Strata,47,"24,551",-,Apartment,1,99 yrs lease commencing from 2017,03,Rest of Central Region,16 to 20
MARGARET VILLE,"1,850,000",828.83,"2,232",Feb-26,MARGARET DRIVE,Resale,Strata,77,"24,026",-,Apartment,1,99 yrs lease commencing from 2017,03,Rest of Central Region,16 to 20
ECHELON,"1,822,000",861.12,"2,116",Feb-26,ALEXANDRA VIEW,Resale,Strata,80,"22,775",-,Condominium,1,99 yrs lease commencing from 2012,03,Rest of Central Region,01 to 05
STIRLING RESIDENCES,"1,720,000",688.9,"2,497",Feb-26,STIRLING ROAD,Resale,Strata,64,"26,875",-,Apartment,1,99 yrs lease commencing from 2017,03,Rest of Central Region,26 to 30
ONE PEARL BANK,"2,950,000","1,151.75","2,561",Feb-26,PEARL BANK,Sub Sale,Strata,107,"27,570",-,Apartment,1,99 yrs lease commencing from 2019,03,Rest of Central Region,11 to 15
PROMENADE PEAK,"2,007,100",688.9,"2,914",Feb-26,ZION PROMENADE,New Sale,Strata,64,"31,361",-,Condominium,1,99 yrs lease commencing from 2024,03,Rest of Central Region,21 to 25
PROMENADE PEAK,"2,424,500",796.54,"3,044",Feb-26,ZION PROMENADE,New Sale,Strata,74,"32,764",-,Condominium,1,99 yrs lease commencing from 2024,03,Rest of Central Region,31 to 35
RIVER PLACE,"1,550,000",850.36,"1,823",Feb-26,HAVELOCK ROAD,Resale,Strata,79,"19,620",-,Condominium,1,99 yrs lease commencing from 1995,03,Rest of Central Region,06 to 10
THE METROPOLITAN CONDOMINIUM,"2,960,000","1,420.85","2,083",Feb-26,ALEXANDRA VIEW,Resale,Strata,132,"22,424",-,Condominium,1,99 yrs lease commencing from 2006,03,Rest of Central Region,26 to 30
THE LANDMARK,"1,780,000",678.13,"2,625",Feb-26,CHIN SWEE ROAD,Sub Sale,Strata,63,"28,254",-,Condominium,1,99 yrs lease commencing from 2020,03,Rest of Central Region,06 to 10
ONE PEARL BANK,"2,030,000",742.72,"2,733",Feb-26,PEARL BANK,Sub Sale,Strata,69,"29,420",-,Apartment,1,99 yrs lease commencing from 2019,03,Rest of Central Region,26 to 30
THE METROPOLITAN CONDOMINIUM,"3,000,000","1,367.03","2,195",Feb-26,ALEXANDRA VIEW,Resale,Strata,127,"23,622",-,Condominium,1,99 yrs lease commencing from 2006,03,Rest of Central Region,41 to 45
THE ANCHORAGE,"2,910,000","1,463.9","1,988",Feb-26,ALEXANDRA ROAD,Resale,Strata,136,"21,397",-,Condominium,1,Freehold,03,Rest of Central Region,01 to 05
THE CREST,"1,600,000",775.01,"2,064",Feb-26,PRINCE CHARLES CRESCENT,Resale,Strata,72,"22,222",-,Condominium,1,99 yrs lease commencing from 2012,03,Rest of Central Region,16 to 20
ECHELON,"1,620,000",731.95,"2,213",Feb-26,ALEXANDRA VIEW,Resale,Strata,68,"23,824",-,Condominium,1,99 yrs lease commencing from 2012,03,Rest of Central Region,21 to 25
COMMONWEALTH TOWERS,"2,712,000","1,033.34","2,624",Feb-26,COMMONWEALTH AVENUE,Resale,Strata,96,"28,250",-,Condominium,1,99 yrs lease commencing from 2013,03,Rest of Central Region,41 to 45
PROMENADE PEAK,"1,958,200",688.9,"2,843",Feb-26,ZION PROMENADE,New Sale,Strata,64,"30,597",-,Condominium,1,99 yrs lease commencing from 2024,03,Rest of Central Region,11 to 15
PROMENADE PEAK,"3,215,800","1,033.34","3,112",Feb-26,ZION PROMENADE,New Sale,Strata,96,"33,498",-,Condominium,1,99 yrs lease commencing from 2024,03,Rest of Central Region,41 to 45
ALEX RESIDENCES,"1,500,000",656.6,"2,284",Feb-26,ALEXANDRA VIEW,Resale,Strata,61,"24,590",-,Apartment,1,99 yrs lease commencing from 2013,03,Rest of Central Region,26 to 30
COMMONWEALTH TOWERS,"1,030,000",473.62,"2,175",Feb-26,COMMONWEALTH AVENUE,Resale,Strata,44,"23,409",-,Condominium,1,99 yrs lease commencing from 2013,03,Rest of Central Region,36 to 40
PROMENADE PEAK,"3,046,000","1,033.34","2,948",Feb-26,ZION PROMENADE,New Sale,Strata,96,"31,729",-,Condominium,1,99 yrs lease commencing from 2024,03,Rest of Central Region,21 to 25
STIRLING RESIDENCES,"2,860,000","1,054.87","2,711",Feb-26,STIRLING ROAD,Resale,Strata,98,"29,184",-,Apartment,1,99 yrs lease commencing from 2017,03,Rest of Central Region,31 to 35
ZYON GRAND,"3,724,000","1,076.4","3,460",Feb-26,KIM SENG ROAD,New Sale,Strata,100,"37,240",-,Apartment,1,99 yrs lease commencing from 2024,03,Rest of Central Region,61 to 65
ZYON GRAND,"5,424,000","1,614.6","3,359",Feb-26,KIM SENG ROAD,New Sale,Strata,150,"36,160",-,Apartment,1,99 yrs lease commencing from 2024,03,Rest of Central Region,41 to 45
RIVER PLACE,"1,338,800",742.72,"1,803",Feb-26,HAVELOCK ROAD,Resale,Strata,69,"19,403",-,Condominium,1,99 yrs lease commencing from 1995,03,Rest of Central Region,06 to 10
REGENCY SUITES,"6,000,000","4,413.24","1,360",Feb-26,KIM TIAN ROAD,Resale,Strata,410,"14,634",-,Apartment,1,Freehold,03,Rest of Central Region,31 to 35
ECHELON,"1,985,000",861.12,"2,305",Feb-26,ALEXANDRA VIEW,Resale,Strata,80,"24,813",-,Condominium,1,99 yrs lease commencing from 2012,03,Rest of Central Region,36 to 40
PRINCIPAL GARDEN,"1,888,000",861.12,"2,192",Feb-26,PRINCE CHARLES CRESCENT,Resale,Strata,80,"23,600",-,Condominium,1,99 yrs lease commencing from 2014,03,Rest of Central Region,06 to 10
MERAPRIME,"2,830,000","1,313.21","2,155",Feb-26,JALAN BUKIT HO SWEE,Resale,Strata,122,"23,197",-,Condominium,1,99 yrs lease commencing from 2003,03,Rest of Central Region,31 to 35
ALEX RESIDENCES,"2,480,000","1,022.58","2,425",Feb-26,ALEXANDRA VIEW,Resale,Strata,95,"26,105",-,Apartment,1,99 yrs lease commencing from 2013,03,Rest of Central Region,26 to 30
COMMONWEALTH TOWERS,"2,600,000","1,054.87","2,465",Feb-26,COMMONWEALTH AVENUE,Resale,Strata,98,"26,531",-,Condominium,1,99 yrs lease commencing from 2013,03,Rest of Central Region,31 to 35
STIRLING RESIDENCES,"1,500,000",635.08,"2,362",Feb-26,STIRLING ROAD,Resale,Strata,59,"25,424",-,Apartment,1,99 yrs lease commencing from 2017,03,Rest of Central Region,06 to 10
ASCENTIA SKY,"1,980,000",947.23,"2,090",Feb-26,ALEXANDRA VIEW,Resale,Strata,88,"22,500",-,Condominium,1,99 yrs lease commencing from 2008,03,Rest of Central Region,06 to 10
QUEENS PEAK,"3,480,000","1,506.96","2,309",Feb-26,DUNDEE ROAD,Resale,Strata,140,"24,857",-,Condominium,1,99 yrs lease commencing from 2015,03,Rest of Central Region,36 to 40
STIRLING RESIDENCES,"1,408,000",635.08,"2,217",Feb-26,STIRLING ROAD,Resale,Strata,59,"23,864",-,Apartment,1,99 yrs lease commencing from 2017,03,Rest of Central Region,01 to 05
ZYON GRAND,"2,343,000",721.19,"3,249",Feb-26,KIM SENG ROAD,New Sale,Strata,67,"34,970",-,Apartment,1,99 yrs lease commencing from 2024,03,Rest of Central Region,46 to 50
QUEENS,"2,328,000","1,184.04","1,966",Feb-26,STIRLING ROAD,Resale,Strata,110,"21,164",-,Condominium,1,99 yrs lease commencing from 1998,03,Rest of Central Region,21 to 25
RIVIERE,"3,260,000","1,140.98","2,857",Feb-26,JIAK KIM STREET,Resale,Strata,106,"30,755",-,Apartment,1,99 yrs lease commencing from 2018,03,Rest of Central Region,06 to 10
PRINCIPAL GARDEN,"945,000",484.38,"1,951",Feb-26,PRINCE CHARLES CRESCENT,Resale,Strata,45,"21,000",-,Condominium,1,99 yrs lease commencing from 2014,03,Rest of Central Region,11 to 15
DOMAIN 21,"1,750,000",882.65,"1,983",Feb-26,DELTA ROAD,Resale,Strata,82,"21,341",-,Condominium,1,99 yrs lease commencing from 2004,03,Rest of Central Region,16 to 20
ZYON GRAND,"4,875,000","1,517.72","3,212",Jan-26,KIM SENG ROAD,New Sale,Strata,141,"34,574",-,Apartment,1,99 yrs lease commencing from 2024,03,Rest of Central Region,36 to 40
ZYON GRAND,"4,638,000","1,517.72","3,056",Jan-26,KIM SENG ROAD,New Sale,Strata,141,"32,894",-,Apartment,1,99 yrs lease commencing from 2024,03,Rest of Central Region,21 to 25
RIVIERE,"3,530,000","1,248.62","2,827",Jan-26,JIAK KIM STREET,Resale,Strata,116,"30,431",-,Apartment,1,99 yrs lease commencing from 2018,03,Rest of Central Region,06 to 10
ONE PEARL BANK,"2,200,000",807.3,"2,725",Jan-26,PEARL BANK,Sub Sale,Strata,75,"29,333",-,Apartment,1,99 yrs lease commencing from 2019,03,Rest of Central Region,26 to 30
QUEENS,"2,138,000","1,184.04","1,806",Jan-26,STIRLING ROAD,Resale,Strata,110,"19,436",-,Condominium,1,99 yrs lease commencing from 1998,03,Rest of Central Region,16 to 20
QUEENS PEAK,"1,336,000",624.31,"2,140",Jan-26,DUNDEE ROAD,Resale,Strata,58,"23,034",-,Condominium,1,99 yrs lease commencing from 2015,03,Rest of Central Region,11 to 15
ONE PEARL BANK,"2,250,000",839.59,"2,680",Jan-26,PEARL BANK,Sub Sale,Strata,78,"28,846",-,Apartment,1,99 yrs lease commencing from 2019,03,Rest of Central Region,16 to 20
QUEENS PEAK,"1,600,000",775.01,"2,064",Jan-26,DUNDEE ROAD,Resale,Strata,72,"22,222",-,Condominium,1,99 yrs lease commencing from 2015,03,Rest of Central Region,11 to 15
ECHELON,"1,622,000",731.95,"2,216",Jan-26,ALEXANDRA VIEW,Resale,Strata,68,"23,853",-,Condominium,1,99 yrs lease commencing from 2012,03,Rest of Central Region,01 to 05
THE LANDMARK,"1,611,800",678.13,"2,377",Jan-26,CHIN SWEE ROAD,Sub Sale,Strata,63,"25,584",-,Condominium,1,99 yrs lease commencing from 2020,03,Rest of Central Region,01 to 05
AVENUE SOUTH RESIDENCE,"1,150,000",527.44,"2,180",Jan-26,SILAT AVENUE,Resale,Strata,49,"23,469",-,Apartment,1,99 yrs lease commencing from 2018,03,Rest of Central Region,51 to 55
CLYDESVIEW,"4,080,000","2,120.51","1,924",Jan-26,JERVOIS LANE,Resale,Strata,197,"20,711",-,Condominium,1,Freehold,03,Rest of Central Region,01 to 05
STIRLING RESIDENCES,"1,416,000",635.08,"2,230",Jan-26,STIRLING ROAD,Resale,Strata,59,"24,000",-,Apartment,1,99 yrs lease commencing from 2017,03,Rest of Central Region,01 to 05
STIRLING RESIDENCES,"1,510,000",656.6,"2,300",Jan-26,STIRLING ROAD,Resale,Strata,61,"24,754",-,Apartment,1,99 yrs lease commencing from 2017,03,Rest of Central Region,31 to 35
STIRLING RESIDENCES,"2,360,000",882.65,"2,674",Jan-26,STIRLING ROAD,Resale,Strata,82,"28,780",-,Apartment,1,99 yrs lease commencing from 2017,03,Rest of Central Region,36 to 40
RIVER PLACE,"1,500,000",871.88,"1,720",Jan-26,HAVELOCK ROAD,Resale,Strata,81,"18,519",-,Condominium,1,99 yrs lease commencing from 1995,03,Rest of Central Region,01 to 05
ALEXIS,"960,000",527.44,"1,820",Jan-26,ALEXANDRA ROAD,Resale,Strata,49,"19,592",-,Apartment,1,Freehold,03,Rest of Central Region,01 to 05
THE LANDMARK,"1,880,000",678.13,"2,772",Jan-26,CHIN SWEE ROAD,Sub Sale,Strata,63,"29,841",-,Condominium,1,99 yrs lease commencing from 2020,03,Rest of Central Region,16 to 20
QUEENS PEAK,"948,000",430.56,"2,202",Jan-26,DUNDEE ROAD,Resale,Strata,40,"23,700",-,Condominium,1,99 yrs lease commencing from 2015,03,Rest of Central Region,06 to 10
ASCENTIA SKY,"3,650,000","1,851.41","1,971",Jan-26,ALEXANDRA VIEW,Resale,Strata,172,"21,221",-,Condominium,1,99 yrs lease commencing from 2008,03,Rest of Central Region,26 to 30
QUEENSWAY TOWER,"2,278,000","1,657.66","1,374",Jan-26,QUEENSWAY,Resale,Strata,154,"14,792",-,Apartment,1,Freehold,03,Rest of Central Region,06 to 10
QUEENS PEAK,"2,019,000",839.59,"2,405",Jan-26,DUNDEE ROAD,Resale,Strata,78,"25,885",-,Condominium,1,99 yrs lease commencing from 2015,03,Rest of Central Region,36 to 40
ZYON GRAND,"2,335,000",721.19,"3,238",Jan-26,KIM SENG ROAD,New Sale,Strata,67,"34,851",-,Apartment,1,99 yrs lease commencing from 2024,03,Rest of Central Region,46 to 50
PENRITH,"3,878,000","1,280.92","3,028",Jan-26,MARGARET DRIVE,New Sale,Strata,119,"32,588",-,Apartment,1,99 yrs lease commencing from 2024,03,Rest of Central Region,31 to 35
MARGARET VILLE,"1,330,000",656.6,"2,026",Jan-26,MARGARET DRIVE,Resale,Strata,61,"21,803",-,Apartment,1,99 yrs lease commencing from 2017,03,Rest of Central Region,16 to 20
MARGARET VILLE,"1,000,000",462.85,"2,161",Jan-26,MARGARET DRIVE,Resale,Strata,43,"23,256",-,Apartment,1,99 yrs lease commencing from 2017,03,Rest of Central Region,26 to 30
ZYON GRAND,"2,322,000",721.19,"3,220",Jan-26,KIM SENG ROAD,New Sale,Strata,67,"34,657",-,Apartment,1,99 yrs lease commencing from 2024,03,Rest of Central Region,46 to 50
ALEX RESIDENCES,"2,515,888","1,044.11","2,410",Jan-26,ALEXANDRA VIEW,Resale,Strata,97,"25,937",-,Apartment,1,99 yrs lease commencing from 2013,03,Rest of Central Region,31 to 35
ONE PEARL BANK,"1,620,000",699.66,"2,315",Jan-26,PEARL BANK,Sub Sale,Strata,65,"24,923",-,Apartment,1,99 yrs lease commencing from 2019,03,Rest of Central Region,01 to 05
AVENUE SOUTH RESIDENCE,"1,642,000",807.3,"2,034",Jan-26,SILAT AVENUE,Resale,Strata,75,"21,893",-,Apartment,1,99 yrs lease commencing from 2018,03,Rest of Central Region,01 to 05
REGENCY SUITES,"3,230,000","1,420.85","2,273",Jan-26,KIM TIAN ROAD,Resale,Strata,132,"24,470",-,Apartment,1,Freehold,03,Rest of Central Region,31 to 35
PRINCIPAL GARDEN,"2,800,000","1,076.4","2,601",Jan-26,PRINCE CHARLES CRESCENT,Resale,Strata,100,"28,000",-,Condominium,1,99 yrs lease commencing from 2014,03,Rest of Central Region,11 to 15
AVENUE SOUTH RESIDENCE,"1,390,000",656.6,"2,117",Jan-26,SILAT AVENUE,Resale,Strata,61,"22,787",-,Apartment,1,99 yrs lease commencing from 2018,03,Rest of Central Region,06 to 10
AVENUE SOUTH RESIDENCE,"2,390,000","1,108.69","2,156",Jan-26,SILAT AVENUE,Resale,Strata,103,"23,204",-,Apartment,1,99 yrs lease commencing from 2018,03,Rest of Central Region,01 to 05
STIRLING RESIDENCES,"1,035,000",441.32,"2,345",Jan-26,STIRLING ROAD,Resale,Strata,41,"25,244",-,Apartment,1,99 yrs lease commencing from 2017,03,Rest of Central Region,06 to 10
ECHELON,"3,380,000","1,571.54","2,151",Jan-26,ALEXANDRA VIEW,Resale,Strata,146,"23,151",-,Condominium,1,99 yrs lease commencing from 2012,03,Rest of Central Region,31 to 35
ECHELON,"1,616,000",731.95,"2,208",Jan-26,ALEXANDRA VIEW,Resale,Strata,68,"23,765",-,Condominium,1,99 yrs lease commencing from 2012,03,Rest of Central Region,06 to 10
ALEXIS,"788,000",398.27,"1,979",Jan-26,ALEXANDRA ROAD,Resale,Strata,37,"21,297",-,Apartment,1,Freehold,03,Rest of Central Region,01 to 05
RIVER PLACE,"1,680,000",968.76,"1,734",Jan-26,HAVELOCK ROAD,Resale,Strata,90,"18,667",-,Condominium,1,99 yrs lease commencing from 1995,03,Rest of Central Region,01 to 05
PROMENADE PEAK,"2,331,500",796.54,"2,927",Jan-26,ZION PROMENADE,New Sale,Strata,74,"31,507",-,Condominium,1,99 yrs lease commencing from 2024,03,Rest of Central Region,16 to 20
PROMENADE PEAK,"2,072,400",667.37,"3,105",Jan-26,ZION PROMENADE,New Sale,Strata,62,"33,426",-,Condominium,1,99 yrs lease commencing from 2024,03,Rest of Central Region,36 to 40
PROMENADE PEAK,"2,084,600",667.37,"3,124",Jan-26,ZION PROMENADE,New Sale,Strata,62,"33,623",-,Condominium,1,99 yrs lease commencing from 2024,03,Rest of Central Region,36 to 40
QUEENS PEAK,"2,315,000","1,001.05","2,313",Jan-26,DUNDEE ROAD,Resale,Strata,93,"24,892",-,Condominium,1,99 yrs lease commencing from 2015,03,Rest of Central Region,36 to 40
AVENUE SOUTH RESIDENCE,"1,695,888",731.95,"2,317",Jan-26,SILAT AVENUE,Resale,Strata,68,"24,940",-,Apartment,1,99 yrs lease commencing from 2018,03,Rest of Central Region,21 to 25
STIRLING RESIDENCES,"2,730,000","1,054.87","2,588",Jan-26,STIRLING ROAD,Resale,Strata,98,"27,857",-,Apartment,1,99 yrs lease commencing from 2017,03,Rest of Central Region,06 to 10
QUEENSWAY TOWER,"2,278,000","1,625.36","1,402",Jan-26,QUEENSWAY,Resale,Strata,151,"15,086",-,Apartment,1,Freehold,03,Rest of Central Region,06 to 10
ONE PEARL BANK,"2,980,000","1,184.04","2,517",Jan-26,PEARL BANK,Sub Sale,Strata,110,"27,091",-,Apartment,1,99 yrs lease commencing from 2019,03,Rest of Central Region,11 to 15
STIRLING RESIDENCES,"1,765,000",678.13,"2,603",Jan-26,STIRLING ROAD,Resale,Strata,63,"28,016",-,Apartment,1,99 yrs lease commencing from 2017,03,Rest of Central Region,31 to 35
TANGLIN VIEW,"2,235,000","1,140.98","1,959",Jan-26,PRINCE CHARLES CRESCENT,Resale,Strata,106,"21,085",-,Condominium,1,99 yrs lease commencing from 1997,03,Rest of Central Region,11 to 15
MARGARET VILLE,"1,380,000",656.6,"2,102",Jan-26,MARGARET DRIVE,Resale,Strata,61,"22,623",-,Apartment,1,99 yrs lease commencing from 2017,03,Rest of Central Region,21 to 25
ZYON GRAND,"2,813,000",818.06,"3,439",Jan-26,KIM SENG ROAD,New Sale,Strata,76,"37,013",-,Apartment,1,99 yrs lease commencing from 2024,03,Rest of Central Region,61 to 65
COMMONWEALTH TOWERS,"1,780,000",753.48,"2,362",Jan-26,COMMONWEALTH AVENUE,Resale,Strata,70,"25,429",-,Condominium,1,99 yrs lease commencing from 2013,03,Rest of Central Region,41 to 45
ZYON GRAND,"2,583,000",818.06,"3,157",Dec-25,KIM SENG ROAD,New Sale,Strata,76,"33,987",-,Apartment,1,99 yrs lease commencing from 2024,03,Rest of Central Region,31 to 35
ZYON GRAND,"2,991,000",861.12,"3,473",Dec-25,KIM SENG ROAD,New Sale,Strata,80,"37,388",-,Apartment,1,99 yrs lease commencing from 2024,03,Rest of Central Region,56 to 60
ZYON GRAND,"2,935,000",861.12,"3,408",Dec-25,KIM SENG ROAD,New Sale,Strata,80,"36,688",-,Apartment,1,99 yrs lease commencing from 2024,03,Rest of Central Region,51 to 55
STIRLING RESIDENCES,"1,500,000",624.31,"2,403",Dec-25,STIRLING ROAD,Resale,Strata,58,"25,862",-,Apartment,1,99 yrs lease commencing from 2017,03,Rest of Central Region,21 to 25
CENTRAL GREEN CONDOMINIUM,"2,288,000","1,291.68","1,771",Dec-25,JALAN MEMBINA,Resale,Strata,120,"19,067",-,Condominium,1,99 yrs lease commencing from 1992,03,Rest of Central Region,11 to 15
MARGARET VILLE,"1,900,000",818.06,"2,323",Dec-25,MARGARET DRIVE,Resale,Strata,76,"25,000",-,Apartment,1,99 yrs lease commencing from 2017,03,Rest of Central Region,36 to 40
STIRLING RESIDENCES,"1,500,888",635.08,"2,363",Dec-25,STIRLING ROAD,Resale,Strata,59,"25,439",-,Apartment,1,99 yrs lease commencing from 2017,03,Rest of Central Region,16 to 20
AVENUE SOUTH RESIDENCE,"1,400,000",688.9,"2,032",Dec-25,SILAT AVENUE,Resale,Strata,64,"21,875",-,Apartment,1,99 yrs lease commencing from 2018,03,Rest of Central Region,01 to 05
STIRLING RESIDENCES,"1,685,000",688.9,"2,446",Dec-25,STIRLING ROAD,Resale,Strata,64,"26,328",-,Apartment,1,99 yrs lease commencing from 2017,03,Rest of Central Region,26 to 30
ARTRA,"3,100,000","1,227.1","2,526",Dec-25,ALEXANDRA VIEW,Resale,Strata,114,"27,193",-,Apartment,1,99 yrs lease commencing from 2016,03,Rest of Central Region,36 to 40
PROMENADE PEAK,"2,080,400",678.13,"3,068",Dec-25,ZION PROMENADE,New Sale,Strata,63,"33,022",-,Condominium,1,99 yrs lease commencing from 2024,03,Rest of Central Region,31 to 35
PROMENADE PEAK,"1,954,700",678.13,"2,882",Dec-25,ZION PROMENADE,New Sale,Strata,63,"31,027",-,Condominium,1,99 yrs lease commencing from 2024,03,Rest of Central Region,16 to 20
THE CREST,"1,370,000",742.72,"1,845",Dec-25,PRINCE CHARLES CRESCENT,Resale,Strata,69,"19,855",-,Condominium,1,99 yrs lease commencing from 2012,03,Rest of Central Region,11 to 15
RIVIERE,"3,700,000","1,216.33","3,042",Dec-25,JIAK KIM STREET,Resale,Strata,113,"32,743",-,Apartment,1,99 yrs lease commencing from 2018,03,Rest of Central Region,06 to 10
THE CREST,"2,430,000","1,227.1","1,980",Dec-25,PRINCE CHARLES CRESCENT,Resale,Strata,114,"21,316",-,Condominium,1,99 yrs lease commencing from 2012,03,Rest of Central Region,01 to 05
THE METROPOLITAN CONDOMINIUM,"2,880,000","1,420.85","2,027",Dec-25,ALEXANDRA VIEW,Resale,Strata,132,"21,818",-,Condominium,1,99 yrs lease commencing from 2006,03,Rest of Central Region,11 to 15
THE CREST,"1,280,000",635.08,"2,016",Dec-25,PRINCE CHARLES CRESCENT,Resale,Strata,59,"21,695",-,Condominium,1,99 yrs lease commencing from 2012,03,Rest of Central Region,16 to 20
AVENUE SOUTH RESIDENCE,"1,810,000",731.95,"2,473",Dec-25,SILAT AVENUE,Resale,Strata,68,"26,618",-,Apartment,1,99 yrs lease commencing from 2018,03,Rest of Central Region,41 to 45
COMMONWEALTH TOWERS,"2,700,000","1,076.4","2,508",Dec-25,COMMONWEALTH AVENUE,Resale,Strata,100,"27,000",-,Condominium,1,99 yrs lease commencing from 2013,03,Rest of Central Region,36 to 40
PROMENADE PEAK,"4,858,400","1,420.85","3,419",Dec-25,ZION PROMENADE,New Sale,Strata,132,"36,806",-,Condominium,1,99 yrs lease commencing from 2024,03,Rest of Central Region,56 to 60
AVENUE SOUTH RESIDENCE,"2,300,000",947.23,"2,428",Dec-25,SILAT AVENUE,Resale,Strata,88,"26,136",-,Apartment,1,99 yrs lease commencing from 2018,03,Rest of Central Region,21 to 25
STIRLING RESIDENCES,"1,180,000",505.91,"2,332",Dec-25,STIRLING ROAD,Resale,Strata,47,"25,106",-,Apartment,1,99 yrs lease commencing from 2017,03,Rest of Central Region,26 to 30
ALEX RESIDENCES,"2,380,000","1,044.11","2,279",Dec-25,ALEXANDRA VIEW,Resale,Strata,97,"24,536",-,Apartment,1,99 yrs lease commencing from 2013,03,Rest of Central Region,16 to 20
PENRITH,"3,922,000","1,280.92","3,062",Dec-25,MARGARET DRIVE,New Sale,Strata,119,"32,958",-,Apartment,1,99 yrs lease commencing from 2024,03,Rest of Central Region,36 to 40
ONE PEARL BANK,"955,000",430.56,"2,218",Dec-25,PEARL BANK,Sub Sale,Strata,40,"23,875",-,Apartment,1,99 yrs lease commencing from 2019,03,Rest of Central Region,06 to 10
STIRLING RESIDENCES,"1,205,000",505.91,"2,382",Dec-25,STIRLING ROAD,Resale,Strata,47,"25,638",-,Apartment,1,99 yrs lease commencing from 2017,03,Rest of Central Region,26 to 30
ECHELON,"1,533,000",731.95,"2,094",Dec-25,ALEXANDRA VIEW,Resale,Strata,68,"22,544",-,Condominium,1,99 yrs lease commencing from 2012,03,Rest of Central Region,01 to 05
STIRLING RESIDENCES,"1,488,000",624.31,"2,383",Dec-25,STIRLING ROAD,Resale,Strata,58,"25,655",-,Apartment,1,99 yrs lease commencing from 2017,03,Rest of Central Region,26 to 30
THE CREST,"2,708,000","1,334.74","2,029",Dec-25,PRINCE CHARLES CRESCENT,Resale,Strata,124,"21,839",-,Condominium,1,99 yrs lease commencing from 2012,03,Rest of Central Region,11 to 15
STIRLING RESIDENCES,"1,520,000",635.08,"2,393",Dec-25,STIRLING ROAD,Resale,Strata,59,"25,763",-,Apartment,1,99 yrs lease commencing from 2017,03,Rest of Central Region,16 to 20
PROMENADE PEAK,"2,200,400",796.54,"2,762",Dec-25,ZION PROMENADE,New Sale,Strata,74,"29,735",-,Condominium,1,99 yrs lease commencing from 2024,03,Rest of Central Region,01 to 05
AVENUE SOUTH RESIDENCE,"1,426,000",656.6,"2,172",Dec-25,SILAT AVENUE,Resale,Strata,61,"23,377",-,Apartment,1,99 yrs lease commencing from 2018,03,Rest of Central Region,06 to 10
COMMONWEALTH TOWERS,"925,000",473.62,"1,953",Dec-25,COMMONWEALTH AVENUE,Resale,Strata,44,"21,023",-,Condominium,1,99 yrs lease commencing from 2013,03,Rest of Central Region,06 to 10
QUEENS PEAK,"980,000",441.32,"2,221",Dec-25,DUNDEE ROAD,Resale,Strata,41,"23,902",-,Condominium,1,99 yrs lease commencing from 2015,03,Rest of Central Region,16 to 20
ONE PEARL BANK,"1,900,000",699.66,"2,716",Dec-25,PEARL BANK,Sub Sale,Strata,65,"29,231",-,Apartment,1,99 yrs lease commencing from 2019,03,Rest of Central Region,26 to 30
EMERALD PARK,"1,488,000",947.23,"1,571",Dec-25,INDUS ROAD,Resale,Strata,88,"16,909",-,Condominium,1,99 yrs lease commencing from 1991,03,Rest of Central Region,06 to 10
QUEENS,"2,380,000","1,184.04","2,010",Dec-25,STIRLING ROAD,Resale,Strata,110,"21,636",-,Condominium,1,99 yrs lease commencing from 1998,03,Rest of Central Region,26 to 30
QUEENS PEAK,"1,910,000",839.59,"2,275",Dec-25,DUNDEE ROAD,Resale,Strata,78,"24,487",-,Condominium,1,99 yrs lease commencing from 2015,03,Rest of Central Region,31 to 35
QUEENS PEAK,"955,000",430.56,"2,218",Dec-25,DUNDEE ROAD,Resale,Strata,40,"23,875",-,Condominium,1,99 yrs lease commencing from 2015,03,Rest of Central Region,11 to 15
THE METROPOLITAN CONDOMINIUM,"1,483,000",721.19,"2,056",Dec-25,ALEXANDRA VIEW,Resale,Strata,67,"22,134",-,Condominium,1,99 yrs lease commencing from 2006,03,Rest of Central Region,16 to 20
PRINCIPAL GARDEN,"1,700,000",764.24,"2,224",Dec-25,PRINCE CHARLES CRESCENT,Resale,Strata,71,"23,944",-,Condominium,1,99 yrs lease commencing from 2014,03,Rest of Central Region,06 to 10
THE ANCHORAGE,"2,440,000","1,205.57","2,024",Dec-25,ALEXANDRA ROAD,Resale,Strata,112,"21,786",-,Condominium,1,Freehold,03,Rest of Central Region,01 to 05
PRINCIPAL GARDEN,"950,000",484.38,"1,961",Dec-25,PRINCE CHARLES CRESCENT,Resale,Strata,45,"21,111",-,Condominium,1,99 yrs lease commencing from 2014,03,Rest of Central Region,21 to 25
STIRLING RESIDENCES,"1,048,000",441.32,"2,375",Dec-25,STIRLING ROAD,Resale,Strata,41,"25,561",-,Apartment,1,99 yrs lease commencing from 2017,03,Rest of Central Region,26 to 30
STIRLING RESIDENCES,"1,445,000",624.31,"2,315",Dec-25,STIRLING ROAD,Resale,Strata,58,"24,914",-,Apartment,1,99 yrs lease commencing from 2017,03,Rest of Central Region,16 to 20
ASCENTIA SKY,"1,868,000",958,"1,950",Dec-25,ALEXANDRA VIEW,Resale,Strata,89,"20,989",-,Condominium,1,99 yrs lease commencing from 2008,03,Rest of Central Region,11 to 15
STIRLING RESIDENCES,"1,000,000",441.32,"2,266",Dec-25,STIRLING ROAD,Resale,Strata,41,"24,390",-,Apartment,1,99 yrs lease commencing from 2017,03,Rest of Central Region,01 to 05
STIRLING RESIDENCES,"2,680,000","1,054.87","2,541",Dec-25,STIRLING ROAD,Resale,Strata,98,"27,347",-,Apartment,1,99 yrs lease commencing from 2017,03,Rest of Central Region,11 to 15
STIRLING RESIDENCES,"1,385,000",624.31,"2,218",Dec-25,STIRLING ROAD,Resale,Strata,58,"23,879",-,Apartment,1,99 yrs lease commencing from 2017,03,Rest of Central Region,06 to 10
ZYON GRAND,"1,513,000",538.2,"2,811",Dec-25,KIM SENG ROAD,New Sale,Strata,50,"30,260",-,Apartment,1,99 yrs lease commencing from 2024,03,Rest of Central Region,01 to 05
PRINCIPAL GARDEN,"930,000",484.38,"1,920",Dec-25,PRINCE CHARLES CRESCENT,Resale,Strata,45,"20,667",-,Condominium,1,99 yrs lease commencing from 2014,03,Rest of Central Region,01 to 05
MARGARET VILLE,"2,250,000",914.94,"2,459",Dec-25,MARGARET DRIVE,Resale,Strata,85,"26,471",-,Apartment,1,99 yrs lease commencing from 2017,03,Rest of Central Region,31 to 35
PROMENADE PEAK,"1,577,000",527.44,"2,990",Nov-25,ZION PROMENADE,New Sale,Strata,49,"32,184",-,Condominium,1,99 yrs lease commencing from 2024,03,Rest of Central Region,26 to 30
ZYON GRAND,"1,521,000",473.62,"3,211",Nov-25,KIM SENG ROAD,New Sale,Strata,44,"34,568",-,Apartment,1,99 yrs lease commencing from 2024,03,Rest of Central Region,61 to 65
ZYON GRAND,"2,777,000",818.06,"3,395",Nov-25,KIM SENG ROAD,New Sale,Strata,76,"36,539",-,Apartment,1,99 yrs lease commencing from 2024,03,Rest of Central Region,61 to 65
THE CREST,"1,788,000",936.47,"1,909",Nov-25,PRINCE CHARLES CRESCENT,Resale,Strata,87,"20,552",-,Condominium,1,99 yrs lease commencing from 2012,03,Rest of Central Region,11 to 15
PRINCIPAL GARDEN,"960,000",484.38,"1,982",Nov-25,PRINCE CHARLES CRESCENT,Resale,Strata,45,"21,333",-,Condominium,1,99 yrs lease commencing from 2014,03,Rest of Central Region,16 to 20
AVENUE SOUTH RESIDENCE,"1,390,000",656.6,"2,117",Nov-25,SILAT AVENUE,Resale,Strata,61,"22,787",-,Apartment,1,99 yrs lease commencing from 2018,03,Rest of Central Region,21 to 25
AVENUE SOUTH RESIDENCE,"1,800,000",688.9,"2,613",Nov-25,SILAT AVENUE,Resale,Strata,64,"28,125",-,Apartment,1,99 yrs lease commencing from 2018,03,Rest of Central Region,51 to 55
STIRLING RESIDENCES,"1,740,000",882.65,"1,971",Nov-25,STIRLING ROAD,Resale,Strata,82,"21,220",-,Apartment,1,99 yrs lease commencing from 2017,03,Rest of Central Region,36 to 40
THE METROPOLITAN CONDOMINIUM,"2,500,000","1,399.32","1,787",Nov-25,ALEXANDRA VIEW,Resale,Strata,130,"19,231",-,Condominium,1,99 yrs lease commencing from 2006,03,Rest of Central Region,01 to 05
COMMONWEALTH TOWERS,"1,640,000",688.9,"2,381",Nov-25,COMMONWEALTH AVENUE,Resale,Strata,64,"25,625",-,Condominium,1,99 yrs lease commencing from 2013,03,Rest of Central Region,16 to 20
TWIN REGENCY,"2,375,000",979.52,"2,425",Nov-25,KIM TIAN ROAD,Resale,Strata,91,"26,099",-,Condominium,1,Freehold,03,Rest of Central Region,31 to 35
THE METROPOLITAN CONDOMINIUM,"1,385,000",839.59,"1,650",Nov-25,ALEXANDRA VIEW,Resale,Strata,78,"17,756",-,Condominium,1,99 yrs lease commencing from 2006,03,Rest of Central Region,06 to 10
ZYON GRAND,"4,713,000","1,517.72","3,105",Nov-25,KIM SENG ROAD,New Sale,Strata,141,"33,426",-,Apartment,1,99 yrs lease commencing from 2024,03,Rest of Central Region,31 to 35
ZYON GRAND,"2,300,000",721.19,"3,189",Nov-25,KIM SENG ROAD,New Sale,Strata,67,"34,328",-,Apartment,1,99 yrs lease commencing from 2024,03,Rest of Central Region,41 to 45
PENRITH,"1,810,000",613.55,"2,950",Nov-25,MARGARET DRIVE,New Sale,Strata,57,"31,754",-,Apartment,1,99 yrs lease commencing from 2024,03,Rest of Central Region,36 to 40
YONG SIAK VIEW,"2,050,000","1,076.4","1,904",Nov-25,YONG SIAK STREET,Resale,Strata,100,"20,500",-,Apartment,1,Freehold,03,Rest of Central Region,01 to 05
ONE PEARL BANK,"953,000",430.56,"2,213",Nov-25,PEARL BANK,Sub Sale,Strata,40,"23,825",-,Apartment,1,99 yrs lease commencing from 2019,03,Rest of Central Region,01 to 05
MARGARET VILLE,"2,600,000","1,184.04","2,196",Nov-25,MARGARET DRIVE,Resale,Strata,110,"23,636",-,Apartment,1,99 yrs lease commencing from 2017,03,Rest of Central Region,01 to 05
COMMONWEALTH TOWERS,"1,728,888",753.48,"2,295",Nov-25,COMMONWEALTH AVENUE,Resale,Strata,70,"24,698",-,Condominium,1,99 yrs lease commencing from 2013,03,Rest of Central Region,11 to 15
RIVER PLACE,"2,310,000","1,216.33","1,899",Nov-25,HAVELOCK ROAD,Resale,Strata,113,"20,442",-,Condominium,1,99 yrs lease commencing from 1995,03,Rest of Central Region,01 to 05
ZYON GRAND,"3,482,000","1,054.87","3,301",Nov-25,KIM SENG ROAD,New Sale,Strata,98,"35,531",-,Apartment,1,99 yrs lease commencing from 2024,03,Rest of Central Region,46 to 50
PENRITH,"1,966,000",678.13,"2,899",Nov-25,MARGARET DRIVE,New Sale,Strata,63,"31,206",-,Apartment,1,99 yrs lease commencing from 2024,03,Rest of Central Region,31 to 35
AVENUE SOUTH RESIDENCE,"1,628,000",807.3,"2,017",Nov-25,SILAT AVENUE,Resale,Strata,75,"21,707",-,Apartment,1,99 yrs lease commencing from 2018,03,Rest of Central Region,01 to 05
ZYON GRAND,"2,693,000",818.06,"3,292",Nov-25,KIM SENG ROAD,New Sale,Strata,76,"35,434",-,Apartment,1,99 yrs lease commencing from 2024,03,Rest of Central Region,46 to 50
ZYON GRAND,"1,436,000",473.62,"3,032",Nov-25,KIM SENG ROAD,New Sale,Strata,44,"32,636",-,Apartment,1,99 yrs lease commencing from 2024,03,Rest of Central Region,26 to 30
PENRITH,"2,896,000","1,065.64","2,718",Nov-25,MARGARET DRIVE,New Sale,Strata,99,"29,253",-,Apartment,1,99 yrs lease commencing from 2024,03,Rest of Central Region,06 to 10
PRINCIPAL GARDEN,"965,000",495.14,"1,949",Nov-25,PRINCE CHARLES CRESCENT,Resale,Strata,46,"20,978",-,Condominium,1,99 yrs lease commencing from 2014,03,Rest of Central Region,21 to 25
AVENUE SOUTH RESIDENCE,"990,500",473.62,"2,091",Nov-25,SILAT AVENUE,Resale,Strata,44,"22,511",-,Apartment,1,99 yrs lease commencing from 2018,03,Rest of Central Region,01 to 05
RIVIERE,"2,250,000",818.06,"2,750",Nov-25,JIAK KIM STREET,Resale,Strata,76,"29,605",-,Apartment,1,99 yrs lease commencing from 2018,03,Rest of Central Region,06 to 10
CENTRAL GREEN CONDOMINIUM,"2,660,000","1,689.95","1,574",Nov-25,JALAN MEMBINA,Resale,Strata,157,"16,943",-,Condominium,1,99 yrs lease commencing from 1992,03,Rest of Central Region,01 to 05
ALEX RESIDENCES,"1,930,000",925.7,"2,085",Nov-25,ALEXANDRA VIEW,Resale,Strata,86,"22,442",-,Apartment,1,99 yrs lease commencing from 2013,03,Rest of Central Region,01 to 05
ECHELON,"948,000",452.09,"2,097",Nov-25,ALEXANDRA VIEW,Resale,Strata,42,"22,571",-,Condominium,1,99 yrs lease commencing from 2012,03,Rest of Central Region,16 to 20
ONE PEARL BANK,"1,010,000",430.56,"2,346",Nov-25,PEARL BANK,Sub Sale,Strata,40,"25,250",-,Apartment,1,99 yrs lease commencing from 2019,03,Rest of Central Region,21 to 25
STIRLING RESIDENCES,"1,175,000",505.91,"2,323",Nov-25,STIRLING ROAD,Resale,Strata,47,"25,000",-,Apartment,1,99 yrs lease commencing from 2017,03,Rest of Central Region,26 to 30
STIRLING RESIDENCES,"1,455,000",656.6,"2,216",Nov-25,STIRLING ROAD,Resale,Strata,61,"23,852",-,Apartment,1,99 yrs lease commencing from 2017,03,Rest of Central Region,16 to 20
PROMENADE PEAK,"2,069,300",678.13,"3,051",Nov-25,ZION PROMENADE,New Sale,Strata,63,"32,846",-,Condominium,1,99 yrs lease commencing from 2024,03,Rest of Central Region,31 to 35
ARTRA,"3,100,000","1,227.1","2,526",Nov-25,ALEXANDRA VIEW,Resale,Strata,114,"27,193",-,Apartment,1,99 yrs lease commencing from 2016,03,Rest of Central Region,41 to 45
RIVER PLACE,"2,560,000","1,280.92","1,999",Nov-25,HAVELOCK ROAD,Resale,Strata,119,"21,513",-,Condominium,1,99 yrs lease commencing from 1995,03,Rest of Central Region,06 to 10
HIGHLINE RESIDENCES,"2,880,000","1,151.75","2,501",Nov-25,KIM TIAN ROAD,Resale,Strata,107,"26,916",-,Condominium,1,99 yrs lease commencing from 2013,03,Rest of Central Region,31 to 35
STIRLING RESIDENCES,"2,410,000",979.52,"2,460",Nov-25,STIRLING ROAD,Resale,Strata,91,"26,484",-,Apartment,1,99 yrs lease commencing from 2017,03,Rest of Central Region,06 to 10
DOMAIN 21,"2,680,000","1,280.92","2,092",Nov-25,DELTA ROAD,Resale,Strata,119,"22,521",-,Condominium,1,99 yrs lease commencing from 2004,03,Rest of Central Region,16 to 20
ZYON GRAND,"2,350,000",721.19,"3,259",Nov-25,KIM SENG ROAD,New Sale,Strata,67,"35,075",-,Apartment,1,99 yrs lease commencing from 2024,03,Rest of Central Region,56 to 60
ECHELON,"1,650,000",731.95,"2,254",Nov-25,ALEXANDRA VIEW,Resale,Strata,68,"24,265",-,Condominium,1,99 yrs lease commencing from 2012,03,Rest of Central Region,31 to 35
ZYON GRAND,"1,439,000",473.62,"3,038",Nov-25,KIM SENG ROAD,New Sale,Strata,44,"32,705",-,Apartment,1,99 yrs lease commencing from 2024,03,Rest of Central Region,26 to 30
PENRITH,"3,068,000","1,065.64","2,879",Nov-25,MARGARET DRIVE,New Sale,Strata,99,"30,990",-,Apartment,1,99 yrs lease commencing from 2024,03,Rest of Central Region,21 to 25
AVENUE SOUTH RESIDENCE,"1,750,000",731.95,"2,391",Nov-25,SILAT AVENUE,Resale,Strata,68,"25,735",-,Apartment,1,99 yrs lease commencing from 2018,03,Rest of Central Region,26 to 30
QUEENS PEAK,"1,988,888",850.36,"2,339",Nov-25,DUNDEE ROAD,Resale,Strata,79,"25,176",-,Condominium,1,99 yrs lease commencing from 2015,03,Rest of Central Region,41 to 45
ECHELON,"915,000",452.09,"2,024",Nov-25,ALEXANDRA VIEW,Resale,Strata,42,"21,786",-,Condominium,1,99 yrs lease commencing from 2012,03,Rest of Central Region,06 to 10
ZYON GRAND,"2,295,000",721.19,"3,182",Nov-25,KIM SENG ROAD,New Sale,Strata,67,"34,254",-,Apartment,1,99 yrs lease commencing from 2024,03,Rest of Central Region,41 to 45
ZYON GRAND,"4,523,000","1,420.85","3,183",Nov-25,KIM SENG ROAD,New Sale,Strata,132,"34,265",-,Apartment,1,99 yrs lease commencing from 2024,03,Rest of Central Region,31 to 35
ZYON GRAND,"2,326,000",721.19,"3,225",Nov-25,KIM SENG ROAD,New Sale,Strata,67,"34,716",-,Apartment,1,99 yrs lease commencing from 2024,03,Rest of Central Region,51 to 55
ZYON GRAND,"2,338,000",721.19,"3,242",Nov-25,KIM SENG ROAD,New Sale,Strata,67,"34,896",-,Apartment,1,99 yrs lease commencing from 2024,03,Rest of Central Region,56 to 60
PENRITH,"1,839,000",678.13,"2,712",Nov-25,MARGARET DRIVE,New Sale,Strata,63,"29,190",-,Apartment,1,99 yrs lease commencing from 2024,03,Rest of Central Region,16 to 20
PENRITH,"2,328,000",850.36,"2,738",Nov-25,MARGARET DRIVE,New Sale,Strata,79,"29,468",-,Apartment,1,99 yrs lease commencing from 2024,03,Rest of Central Region,16 to 20
HIGHLINE RESIDENCES,"1,616,800",699.66,"2,311",Nov-25,KIM TIAN ROAD,Resale,Strata,65,"24,874",-,Condominium,1,99 yrs lease commencing from 2013,03,Rest of Central Region,06 to 10
STIRLING RESIDENCES,"1,439,000",635.08,"2,266",Nov-25,STIRLING ROAD,Resale,Strata,59,"24,390",-,Apartment,1,99 yrs lease commencing from 2017,03,Rest of Central Region,01 to 05
RIVER PLACE,"1,504,000",796.54,"1,888",Nov-25,HAVELOCK ROAD,Resale,Strata,74,"20,324",-,Condominium,1,99 yrs lease commencing from 1995,03,Rest of Central Region,06 to 10
PENRITH,"3,594,000","1,280.92","2,806",Nov-25,MARGARET DRIVE,New Sale,Strata,119,"30,202",-,Apartment,1,99 yrs lease commencing from 2024,03,Rest of Central Region,16 to 20
ZYON GRAND,"2,938,000",861.12,"3,412",Nov-25,KIM SENG ROAD,New Sale,Strata,80,"36,725",-,Apartment,1,99 yrs lease commencing from 2024,03,Rest of Central Region,56 to 60
PENRITH,"1,898,000",678.13,"2,799",Nov-25,MARGARET DRIVE,New Sale,Strata,63,"30,127",-,Apartment,1,99 yrs lease commencing from 2024,03,Rest of Central Region,26 to 30
COMMONWEALTH TOWERS,"968,000",462.85,"2,091",Nov-25,COMMONWEALTH AVENUE,Resale,Strata,43,"22,512",-,Condominium,1,99 yrs lease commencing from 2013,03,Rest of Central Region,26 to 30
STIRLING RESIDENCES,"1,141,000",505.91,"2,255",Nov-25,STIRLING ROAD,Resale,Strata,47,"24,277",-,Apartment,1,99 yrs lease commencing from 2017,03,Rest of Central Region,06 to 10
PRINCIPAL GARDEN,"3,960,000","1,571.54","2,520",Nov-25,PRINCE CHARLES CRESCENT,Resale,Strata,146,"27,123",-,Condominium,1,99 yrs lease commencing from 2014,03,Rest of Central Region,16 to 20
ZYON GRAND,"2,334,000",721.19,"3,236",Nov-25,KIM SENG ROAD,New Sale,Strata,67,"34,836",-,Apartment,1,99 yrs lease commencing from 2024,03,Rest of Central Region,56 to 60
STIRLING RESIDENCES,"1,080,000",441.32,"2,447",Nov-25,STIRLING ROAD,Resale,Strata,41,"26,341",-,Apartment,1,99 yrs lease commencing from 2017,03,Rest of Central Region,36 to 40
STIRLING RESIDENCES,"1,180,000",505.91,"2,332",Nov-25,STIRLING ROAD,Resale,Strata,47,"25,106",-,Apartment,1,99 yrs lease commencing from 2017,03,Rest of Central Region,26 to 30
STIRLING RESIDENCES,"2,150,000",882.65,"2,436",Nov-25,STIRLING ROAD,Resale,Strata,82,"26,220",-,Apartment,1,99 yrs lease commencing from 2017,03,Rest of Central Region,06 to 10
ZYON GRAND,"1,412,000",473.62,"2,981",Nov-25,KIM SENG ROAD,New Sale,Strata,44,"32,091",-,Apartment,1,99 yrs lease commencing from 2024,03,Rest of Central Region,21 to 25
ZYON GRAND,"1,427,000",473.62,"3,013",Nov-25,KIM SENG ROAD,New Sale,Strata,44,"32,432",-,Apartment,1,99 yrs lease commencing from 2024,03,Rest of Central Region,26 to 30
HIGHLINE RESIDENCES,"2,300,000",914.94,"2,514",Nov-25,KIM TIAN ROAD,Resale,Strata,85,"27,059",-,Condominium,1,99 yrs lease commencing from 2013,03,Rest of Central Region,06 to 10
TWIN REGENCY,"3,350,000","1,442.38","2,323",Nov-25,KIM TIAN ROAD,Resale,Strata,134,"25,000",-,Condominium,1,Freehold,03,Rest of Central Region,16 to 20
THE METROPOLITAN CONDOMINIUM,"1,550,000",785.77,"1,973",Nov-25,ALEXANDRA VIEW,Resale,Strata,73,"21,233",-,Condominium,1,99 yrs lease commencing from 2006,03,Rest of Central Region,41 to 45
STIRLING RESIDENCES,"1,468,000",656.6,"2,236",Nov-25,STIRLING ROAD,Resale,Strata,61,"24,066",-,Apartment,1,99 yrs lease commencing from 2017,03,Rest of Central Region,16 to 20
ALEX RESIDENCES,"1,600,000",678.13,"2,359",Nov-25,ALEXANDRA VIEW,Resale,Strata,63,"25,397",-,Apartment,1,99 yrs lease commencing from 2013,03,Rest of Central Region,31 to 35
PROMENADE PEAK,"1,486,100",527.44,"2,818",Nov-25,ZION PROMENADE,New Sale,Strata,49,"30,329",-,Condominium,1,99 yrs lease commencing from 2024,03,Rest of Central Region,16 to 20
HIGHLINE RESIDENCES,"1,700,000",699.66,"2,430",Nov-25,KIM TIAN ROAD,Resale,Strata,65,"26,154",-,Condominium,1,99 yrs lease commencing from 2013,03,Rest of Central Region,26 to 30
STIRLING RESIDENCES,"1,650,000",688.9,"2,395",Nov-25,STIRLING ROAD,Resale,Strata,64,"25,781",-,Apartment,1,99 yrs lease commencing from 2017,03,Rest of Central Region,16 to 20
CENTRAL GREEN CONDOMINIUM,"2,360,000","1,291.68","1,827",Nov-25,JALAN MEMBINA,Resale,Strata,120,"19,667",-,Condominium,1,99 yrs lease commencing from 1992,03,Rest of Central Region,01 to 05
PROMENADE PEAK,"3,159,100","1,033.34","3,057",Nov-25,ZION PROMENADE,New Sale,Strata,96,"32,907",-,Condominium,1,99 yrs lease commencing from 2024,03,Rest of Central Region,31 to 35
AVENUE SOUTH RESIDENCE,"1,695,000",731.95,"2,316",Nov-25,SILAT AVENUE,Resale,Strata,68,"24,926",-,Apartment,1,99 yrs lease commencing from 2018,03,Rest of Central Region,21 to 25
PROMENADE PEAK,"1,979,200",688.9,"2,873",Nov-25,ZION PROMENADE,New Sale,Strata,64,"30,925",-,Condominium,1,99 yrs lease commencing from 2024,03,Rest of Central Region,16 to 20
ZYON GRAND,"4,604,000","1,517.72","3,033",Nov-25,KIM SENG ROAD,New Sale,Strata,141,"32,652",-,Apartment,1,99 yrs lease commencing from 2024,03,Rest of Central Region,21 to 25
ALEX RESIDENCES,"1,570,000",678.13,"2,315",Nov-25,ALEXANDRA VIEW,Resale,Strata,63,"24,921",-,Apartment,1,99 yrs lease commencing from 2013,03,Rest of Central Region,21 to 25
COMMONWEALTH TOWERS,"1,778,000",753.48,"2,360",Nov-25,COMMONWEALTH AVENUE,Resale,Strata,70,"25,400",-,Condominium,1,99 yrs lease commencing from 2013,03,Rest of Central Region,16 to 20
PROMENADE PEAK,"1,577,000",527.44,"2,990",Nov-25,ZION PROMENADE,New Sale,Strata,49,"32,184",-,Condominium,1,99 yrs lease commencing from 2024,03,Rest of Central Region,26 to 30
PROMENADE PEAK,"3,332,400","1,076.4","3,096",Nov-25,ZION PROMENADE,New Sale,Strata,100,"33,324",-,Condominium,1,99 yrs lease commencing from 2024,03,Rest of Central Region,41 to 45
ASCENTIA SKY,"3,600,000","1,776.06","2,027",Nov-25,ALEXANDRA VIEW,Resale,Strata,165,"21,818",-,Condominium,1,99 yrs lease commencing from 2008,03,Rest of Central Region,41 to 45
PRINCIPAL GARDEN,"1,850,000",807.3,"2,292",Nov-25,PRINCE CHARLES CRESCENT,Resale,Strata,75,"24,667",-,Condominium,1,99 yrs lease commencing from 2014,03,Rest of Central Region,06 to 10
ZYON GRAND,"2,346,000",721.19,"3,253",Nov-25,KIM SENG ROAD,New Sale,Strata,67,"35,015",-,Apartment,1,99 yrs lease commencing from 2024,03,Rest of Central Region,56 to 60
STIRLING RESIDENCES,"2,310,000",893.41,"2,586",Oct-25,STIRLING ROAD,Resale,Strata,83,"27,831",-,Apartment,1,99 yrs lease commencing from 2017,03,Rest of Central Region,11 to 15
PRINCIPAL GARDEN,"1,638,000",764.24,"2,143",Oct-25,PRINCE CHARLES CRESCENT,Resale,Strata,71,"23,070",-,Condominium,1,99 yrs lease commencing from 2014,03,Rest of Central Region,11 to 15
STIRLING RESIDENCES,"2,802,000","1,054.87","2,656",Oct-25,STIRLING ROAD,Resale,Strata,98,"28,592",-,Apartment,1,99 yrs lease commencing from 2017,03,Rest of Central Region,26 to 30
PROMENADE PEAK,"5,282,300","1,582.31","3,338",Oct-25,ZION PROMENADE,New Sale,Strata,147,"35,934",-,Condominium,1,99 yrs lease commencing from 2024,03,Rest of Central Region,46 to 50
STIRLING RESIDENCES,"2,280,000",882.65,"2,583",Oct-25,STIRLING ROAD,Resale,Strata,82,"27,805",-,Apartment,1,99 yrs lease commencing from 2017,03,Rest of Central Region,16 to 20
ZYON GRAND,"4,814,000","1,517.72","3,172",Oct-25,KIM SENG ROAD,New Sale,Strata,141,"34,142",-,Apartment,1,99 yrs lease commencing from 2024,03,Rest of Central Region,36 to 40
ZYON GRAND,"3,673,000","1,076.4","3,412",Oct-25,KIM SENG ROAD,New Sale,Strata,100,"36,730",-,Apartment,1,99 yrs lease commencing from 2024,03,Rest of Central Region,56 to 60
THE CREST,"3,200,000","1,560.78","2,050",Oct-25,PRINCE CHARLES CRESCENT,Resale,Strata,145,"22,069",-,Condominium,1,99 yrs lease commencing from 2012,03,Rest of Central Region,16 to 20
ZYON GRAND,"2,925,000",861.12,"3,397",Oct-25,KIM SENG ROAD,New Sale,Strata,80,"36,563",-,Apartment,1,99 yrs lease commencing from 2024,03,Rest of Central Region,56 to 60
ZYON GRAND,"3,546,000","1,054.87","3,362",Oct-25,KIM SENG ROAD,New Sale,Strata,98,"36,184",-,Apartment,1,99 yrs lease commencing from 2024,03,Rest of Central Region,51 to 55
ECHELON,"1,610,800",731.95,"2,201",Oct-25,ALEXANDRA VIEW,Resale,Strata,68,"23,688",-,Condominium,1,99 yrs lease commencing from 2012,03,Rest of Central Region,06 to 10
PENRITH,"3,734,000","1,280.92","2,915",Oct-25,MARGARET DRIVE,New Sale,Strata,119,"31,378",-,Apartment,1,99 yrs lease commencing from 2024,03,Rest of Central Region,21 to 25
PENRITH,"1,700,000",613.55,"2,771",Oct-25,MARGARET DRIVE,New Sale,Strata,57,"29,825",-,Apartment,1,99 yrs lease commencing from 2024,03,Rest of Central Region,21 to 25
THE CREST,"1,560,000",785.77,"1,985",Oct-25,PRINCE CHARLES CRESCENT,Resale,Strata,73,"21,370",-,Condominium,1,99 yrs lease commencing from 2012,03,Rest of Central Region,06 to 10
COMMONWEALTH TOWERS,"1,575,000",688.9,"2,286",Oct-25,COMMONWEALTH AVENUE,Resale,Strata,64,"24,609",-,Condominium,1,99 yrs lease commencing from 2013,03,Rest of Central Region,11 to 15
ZYON GRAND,"2,907,000",861.12,"3,376",Oct-25,KIM SENG ROAD,New Sale,Strata,80,"36,338",-,Apartment,1,99 yrs lease commencing from 2024,03,Rest of Central Region,56 to 60
ZYON GRAND,"2,354,000",721.19,"3,264",Oct-25,KIM SENG ROAD,New Sale,Strata,67,"35,134",-,Apartment,1,99 yrs lease commencing from 2024,03,Rest of Central Region,56 to 60
COMMONWEALTH TOWERS,"1,000,000",462.85,"2,161",Oct-25,COMMONWEALTH AVENUE,Resale,Strata,43,"23,256",-,Condominium,1,99 yrs lease commencing from 2013,03,Rest of Central Region,36 to 40
PROMENADE PEAK,"2,831,000","1,033.34","2,740",Oct-25,ZION PROMENADE,New Sale,Strata,96,"29,490",-,Condominium,1,99 yrs lease commencing from 2024,03,Rest of Central Region,01 to 05
PROMENADE PEAK,"2,219,900",796.54,"2,787",Oct-25,ZION PROMENADE,New Sale,Strata,74,"29,999",-,Condominium,1,99 yrs lease commencing from 2024,03,Rest of Central Region,01 to 05
PROMENADE PEAK,"2,163,600",764.24,"2,831",Oct-25,ZION PROMENADE,New Sale,Strata,71,"30,473",-,Condominium,1,99 yrs lease commencing from 2024,03,Rest of Central Region,06 to 10
PROMENADE PEAK,"3,121,400","1,033.34","3,021",Oct-25,ZION PROMENADE,New Sale,Strata,96,"32,515",-,Condominium,1,99 yrs lease commencing from 2024,03,Rest of Central Region,31 to 35
ZYON GRAND,"3,102,000","1,076.4","2,882",Oct-25,KIM SENG ROAD,New Sale,Strata,100,"31,020",-,Apartment,1,99 yrs lease commencing from 2024,03,Rest of Central Region,06 to 10
ZYON GRAND,"2,463,000",818.06,"3,011",Oct-25,KIM SENG ROAD,New Sale,Strata,76,"32,408",-,Apartment,1,99 yrs lease commencing from 2024,03,Rest of Central Region,21 to 25
ZYON GRAND,"2,213,000",721.19,"3,069",Oct-25,KIM SENG ROAD,New Sale,Strata,67,"33,030",-,Apartment,1,99 yrs lease commencing from 2024,03,Rest of Central Region,31 to 35
ZYON GRAND,"2,774,000",861.12,"3,221",Oct-25,KIM SENG ROAD,New Sale,Strata,80,"34,675",-,Apartment,1,99 yrs lease commencing from 2024,03,Rest of Central Region,36 to 40
ZYON GRAND,"2,266,000",721.19,"3,142",Oct-25,KIM SENG ROAD,New Sale,Strata,67,"33,821",-,Apartment,1,99 yrs lease commencing from 2024,03,Rest of Central Region,36 to 40
ZYON GRAND,"2,588,000",818.06,"3,164",Oct-25,KIM SENG ROAD,New Sale,Strata,76,"34,053",-,Apartment,1,99 yrs lease commencing from 2024,03,Rest of Central Region,36 to 40
ZYON GRAND,"2,686,000",818.06,"3,283",Oct-25,KIM SENG ROAD,New Sale,Strata,76,"35,342",-,Apartment,1,99 yrs lease commencing from 2024,03,Rest of Central Region,46 to 50
ZYON GRAND,"2,638,000",861.12,"3,063",Oct-25,KIM SENG ROAD,New Sale,Strata,80,"32,975",-,Apartment,1,99 yrs lease commencing from 2024,03,Rest of Central Region,21 to 25
ZYON GRAND,"2,719,000",861.12,"3,158",Oct-25,KIM SENG ROAD,New Sale,Strata,80,"33,988",-,Apartment,1,99 yrs lease commencing from 2024,03,Rest of Central Region,31 to 35
ZYON GRAND,"2,270,000",721.19,"3,148",Oct-25,KIM SENG ROAD,New Sale,Strata,67,"33,881",-,Apartment,1,99 yrs lease commencing from 2024,03,Rest of Central Region,41 to 45
ZYON GRAND,"2,298,000",721.19,"3,186",Oct-25,KIM SENG ROAD,New Sale,Strata,67,"34,299",-,Apartment,1,99 yrs lease commencing from 2024,03,Rest of Central Region,46 to 50
ZYON GRAND,"2,112,000",645.84,"3,270",Oct-25,KIM SENG ROAD,New Sale,Strata,60,"35,200",-,Apartment,1,99 yrs lease commencing from 2024,03,Rest of Central Region,51 to 55
ZYON GRAND,"2,346,000",721.19,"3,253",Oct-25,KIM SENG ROAD,New Sale,Strata,67,"35,015",-,Apartment,1,99 yrs lease commencing from 2024,03,Rest of Central Region,61 to 65
PROMENADE PEAK,"1,874,200",688.9,"2,721",Oct-25,ZION PROMENADE,New Sale,Strata,64,"29,284",-,Condominium,1,99 yrs lease commencing from 2024,03,Rest of Central Region,01 to 05
PROMENADE PEAK,"1,433,600",527.44,"2,718",Oct-25,ZION PROMENADE,New Sale,Strata,49,"29,257",-,Condominium,1,99 yrs lease commencing from 2024,03,Rest of Central Region,01 to 05
PROMENADE PEAK,"1,888,300",688.9,"2,741",Oct-25,ZION PROMENADE,New Sale,Strata,64,"29,505",-,Condominium,1,99 yrs lease commencing from 2024,03,Rest of Central Region,01 to 05
PROMENADE PEAK,"2,852,000","1,033.34","2,760",Oct-25,ZION PROMENADE,New Sale,Strata,96,"29,708",-,Condominium,1,99 yrs lease commencing from 2024,03,Rest of Central Region,01 to 05
PROMENADE PEAK,"2,155,800",764.24,"2,821",Oct-25,ZION PROMENADE,New Sale,Strata,71,"30,363",-,Condominium,1,99 yrs lease commencing from 2024,03,Rest of Central Region,01 to 05
PROMENADE PEAK,"2,229,500",796.54,"2,799",Oct-25,ZION PROMENADE,New Sale,Strata,74,"30,128",-,Condominium,1,99 yrs lease commencing from 2024,03,Rest of Central Region,01 to 05
PROMENADE PEAK,"2,249,000",796.54,"2,823",Oct-25,ZION PROMENADE,New Sale,Strata,74,"30,392",-,Condominium,1,99 yrs lease commencing from 2024,03,Rest of Central Region,06 to 10
PROMENADE PEAK,"1,951,200",688.9,"2,832",Oct-25,ZION PROMENADE,New Sale,Strata,64,"30,488",-,Condominium,1,99 yrs lease commencing from 2024,03,Rest of Central Region,11 to 15
PROMENADE PEAK,"1,965,200",688.9,"2,853",Oct-25,ZION PROMENADE,New Sale,Strata,64,"30,706",-,Condominium,1,99 yrs lease commencing from 2024,03,Rest of Central Region,11 to 15
PROMENADE PEAK,"1,972,200",688.9,"2,863",Oct-25,ZION PROMENADE,New Sale,Strata,64,"30,816",-,Condominium,1,99 yrs lease commencing from 2024,03,Rest of Central Region,16 to 20
PROMENADE PEAK,"1,993,200",688.9,"2,893",Oct-25,ZION PROMENADE,New Sale,Strata,64,"31,144",-,Condominium,1,99 yrs lease commencing from 2024,03,Rest of Central Region,16 to 20
PROMENADE PEAK,"2,000,100",688.9,"2,903",Oct-25,ZION PROMENADE,New Sale,Strata,64,"31,252",-,Condominium,1,99 yrs lease commencing from 2024,03,Rest of Central Region,16 to 20
PROMENADE PEAK,"2,372,700",796.54,"2,979",Oct-25,ZION PROMENADE,New Sale,Strata,74,"32,064",-,Condominium,1,99 yrs lease commencing from 2024,03,Rest of Central Region,21 to 25
PROMENADE PEAK,"3,130,800","1,033.34","3,030",Oct-25,ZION PROMENADE,New Sale,Strata,96,"32,613",-,Condominium,1,99 yrs lease commencing from 2024,03,Rest of Central Region,31 to 35
PROMENADE PEAK,"2,060,200",667.37,"3,087",Oct-25,ZION PROMENADE,New Sale,Strata,62,"33,229",-,Condominium,1,99 yrs lease commencing from 2024,03,Rest of Central Region,31 to 35
PROMENADE PEAK,"2,090,600",667.37,"3,133",Oct-25,ZION PROMENADE,New Sale,Strata,62,"33,719",-,Condominium,1,99 yrs lease commencing from 2024,03,Rest of Central Region,36 to 40
ZYON GRAND,"3,011,000","1,076.4","2,797",Oct-25,KIM SENG ROAD,New Sale,Strata,100,"30,110",-,Apartment,1,99 yrs lease commencing from 2024,03,Rest of Central Region,01 to 05
ZYON GRAND,"2,342,000",861.12,"2,720",Oct-25,KIM SENG ROAD,New Sale,Strata,80,"29,275",-,Apartment,1,99 yrs lease commencing from 2024,03,Rest of Central Region,01 to 05
ZYON GRAND,"1,983,000",721.19,"2,750",Oct-25,KIM SENG ROAD,New Sale,Strata,67,"29,597",-,Apartment,1,99 yrs lease commencing from 2024,03,Rest of Central Region,01 to 05
ZYON GRAND,"2,200,000",818.06,"2,689",Oct-25,KIM SENG ROAD,New Sale,Strata,76,"28,947",-,Apartment,1,99 yrs lease commencing from 2024,03,Rest of Central Region,01 to 05
ZYON GRAND,"3,023,000","1,076.4","2,808",Oct-25,KIM SENG ROAD,New Sale,Strata,100,"30,230",-,Apartment,1,99 yrs lease commencing from 2024,03,Rest of Central Region,01 to 05
ZYON GRAND,"2,353,000",861.12,"2,732",Oct-25,KIM SENG ROAD,New Sale,Strata,80,"29,413",-,Apartment,1,99 yrs lease commencing from 2024,03,Rest of Central Region,01 to 05
ZYON GRAND,"1,990,000",721.19,"2,759",Oct-25,KIM SENG ROAD,New Sale,Strata,67,"29,701",-,Apartment,1,99 yrs lease commencing from 2024,03,Rest of Central Region,01 to 05
ZYON GRAND,"1,477,000",538.2,"2,744",Oct-25,KIM SENG ROAD,New Sale,Strata,50,"29,540",-,Apartment,1,99 yrs lease commencing from 2024,03,Rest of Central Region,01 to 05
ZYON GRAND,"2,215,000",818.06,"2,708",Oct-25,KIM SENG ROAD,New Sale,Strata,76,"29,145",-,Apartment,1,99 yrs lease commencing from 2024,03,Rest of Central Region,01 to 05
ZYON GRAND,"3,035,000","1,076.4","2,820",Oct-25,KIM SENG ROAD,New Sale,Strata,100,"30,350",-,Apartment,1,99 yrs lease commencing from 2024,03,Rest of Central Region,01 to 05
ZYON GRAND,"2,364,000",861.12,"2,745",Oct-25,KIM SENG ROAD,New Sale,Strata,80,"29,550",-,Apartment,1,99 yrs lease commencing from 2024,03,Rest of Central Region,01 to 05
ZYON GRAND,"1,997,000",721.19,"2,769",Oct-25,KIM SENG ROAD,New Sale,Strata,67,"29,806",-,Apartment,1,99 yrs lease commencing from 2024,03,Rest of Central Region,01 to 05
ZYON GRAND,"1,482,000",538.2,"2,754",Oct-25,KIM SENG ROAD,New Sale,Strata,50,"29,640",-,Apartment,1,99 yrs lease commencing from 2024,03,Rest of Central Region,01 to 05
ZYON GRAND,"2,225,000",818.06,"2,720",Oct-25,KIM SENG ROAD,New Sale,Strata,76,"29,276",-,Apartment,1,99 yrs lease commencing from 2024,03,Rest of Central Region,01 to 05
ZYON GRAND,"3,047,000","1,076.4","2,831",Oct-25,KIM SENG ROAD,New Sale,Strata,100,"30,470",-,Apartment,1,99 yrs lease commencing from 2024,03,Rest of Central Region,01 to 05
ZYON GRAND,"2,375,000",861.12,"2,758",Oct-25,KIM SENG ROAD,New Sale,Strata,80,"29,688",-,Apartment,1,99 yrs lease commencing from 2024,03,Rest of Central Region,01 to 05
ZYON GRAND,"2,004,000",721.19,"2,779",Oct-25,KIM SENG ROAD,New Sale,Strata,67,"29,910",-,Apartment,1,99 yrs lease commencing from 2024,03,Rest of Central Region,01 to 05
ZYON GRAND,"1,487,000",538.2,"2,763",Oct-25,KIM SENG ROAD,New Sale,Strata,50,"29,740",-,Apartment,1,99 yrs lease commencing from 2024,03,Rest of Central Region,01 to 05
ZYON GRAND,"2,236,000",818.06,"2,733",Oct-25,KIM SENG ROAD,New Sale,Strata,76,"29,421",-,Apartment,1,99 yrs lease commencing from 2024,03,Rest of Central Region,01 to 05
ZYON GRAND,"3,168,000","1,076.4","2,943",Oct-25,KIM SENG ROAD,New Sale,Strata,100,"31,680",-,Apartment,1,99 yrs lease commencing from 2024,03,Rest of Central Region,11 to 15
ZYON GRAND,"2,485,000",861.12,"2,886",Oct-25,KIM SENG ROAD,New Sale,Strata,80,"31,063",-,Apartment,1,99 yrs lease commencing from 2024,03,Rest of Central Region,11 to 15
ZYON GRAND,"2,074,000",721.19,"2,876",Oct-25,KIM SENG ROAD,New Sale,Strata,67,"30,955",-,Apartment,1,99 yrs lease commencing from 2024,03,Rest of Central Region,11 to 15
ZYON GRAND,"1,537,000",538.2,"2,856",Oct-25,KIM SENG ROAD,New Sale,Strata,50,"30,740",-,Apartment,1,99 yrs lease commencing from 2024,03,Rest of Central Region,11 to 15
ZYON GRAND,"2,336,000",818.06,"2,856",Oct-25,KIM SENG ROAD,New Sale,Strata,76,"30,737",-,Apartment,1,99 yrs lease commencing from 2024,03,Rest of Central Region,11 to 15
ZYON GRAND,"3,180,000","1,076.4","2,954",Oct-25,KIM SENG ROAD,New Sale,Strata,100,"31,800",-,Apartment,1,99 yrs lease commencing from 2024,03,Rest of Central Region,11 to 15
ZYON GRAND,"2,496,000",861.12,"2,899",Oct-25,KIM SENG ROAD,New Sale,Strata,80,"31,200",-,Apartment,1,99 yrs lease commencing from 2024,03,Rest of Central Region,11 to 15
ZYON GRAND,"2,081,000",721.19,"2,886",Oct-25,KIM SENG ROAD,New Sale,Strata,67,"31,060",-,Apartment,1,99 yrs lease commencing from 2024,03,Rest of Central Region,11 to 15
ZYON GRAND,"1,542,000",538.2,"2,865",Oct-25,KIM SENG ROAD,New Sale,Strata,50,"30,840",-,Apartment,1,99 yrs lease commencing from 2024,03,Rest of Central Region,11 to 15
ZYON GRAND,"2,346,000",818.06,"2,868",Oct-25,KIM SENG ROAD,New Sale,Strata,76,"30,868",-,Apartment,1,99 yrs lease commencing from 2024,03,Rest of Central Region,11 to 15
ZYON GRAND,"3,192,000","1,076.4","2,965",Oct-25,KIM SENG ROAD,New Sale,Strata,100,"31,920",-,Apartment,1,99 yrs lease commencing from 2024,03,Rest of Central Region,16 to 20
ZYON GRAND,"2,507,000",861.12,"2,911",Oct-25,KIM SENG ROAD,New Sale,Strata,80,"31,338",-,Apartment,1,99 yrs lease commencing from 2024,03,Rest of Central Region,16 to 20
ZYON GRAND,"2,088,000",721.19,"2,895",Oct-25,KIM SENG ROAD,New Sale,Strata,67,"31,164",-,Apartment,1,99 yrs lease commencing from 2024,03,Rest of Central Region,16 to 20
ZYON GRAND,"1,547,000",538.2,"2,874",Oct-25,KIM SENG ROAD,New Sale,Strata,50,"30,940",-,Apartment,1,99 yrs lease commencing from 2024,03,Rest of Central Region,16 to 20
ZYON GRAND,"2,356,000",818.06,"2,880",Oct-25,KIM SENG ROAD,New Sale,Strata,76,"31,000",-,Apartment,1,99 yrs lease commencing from 2024,03,Rest of Central Region,16 to 20
ZYON GRAND,"3,204,000","1,076.4","2,977",Oct-25,KIM SENG ROAD,New Sale,Strata,100,"32,040",-,Apartment,1,99 yrs lease commencing from 2024,03,Rest of Central Region,16 to 20
ZYON GRAND,"2,518,000",861.12,"2,924",Oct-25,KIM SENG ROAD,New Sale,Strata,80,"31,475",-,Apartment,1,99 yrs lease commencing from 2024,03,Rest of Central Region,16 to 20
ZYON GRAND,"2,095,000",721.19,"2,905",Oct-25,KIM SENG ROAD,New Sale,Strata,67,"31,269",-,Apartment,1,99 yrs lease commencing from 2024,03,Rest of Central Region,16 to 20
ZYON GRAND,"1,552,000",538.2,"2,884",Oct-25,KIM SENG ROAD,New Sale,Strata,50,"31,040",-,Apartment,1,99 yrs lease commencing from 2024,03,Rest of Central Region,16 to 20
ZYON GRAND,"2,366,000",818.06,"2,892",Oct-25,KIM SENG ROAD,New Sale,Strata,76,"31,132",-,Apartment,1,99 yrs lease commencing from 2024,03,Rest of Central Region,16 to 20
ZYON GRAND,"2,116,000",721.19,"2,934",Oct-25,KIM SENG ROAD,New Sale,Strata,67,"31,582",-,Apartment,1,99 yrs lease commencing from 2024,03,Rest of Central Region,16 to 20
ZYON GRAND,"1,565,000",538.2,"2,908",Oct-25,KIM SENG ROAD,New Sale,Strata,50,"31,300",-,Apartment,1,99 yrs lease commencing from 2024,03,Rest of Central Region,16 to 20
ZYON GRAND,"2,396,000",818.06,"2,929",Oct-25,KIM SENG ROAD,New Sale,Strata,76,"31,526",-,Apartment,1,99 yrs lease commencing from 2024,03,Rest of Central Region,16 to 20
ZYON GRAND,"2,123,000",721.19,"2,944",Oct-25,KIM SENG ROAD,New Sale,Strata,67,"31,687",-,Apartment,1,99 yrs lease commencing from 2024,03,Rest of Central Region,16 to 20
ZYON GRAND,"2,406,000",818.06,"2,941",Oct-25,KIM SENG ROAD,New Sale,Strata,76,"31,658",-,Apartment,1,99 yrs lease commencing from 2024,03,Rest of Central Region,16 to 20
ZYON GRAND,"2,130,000",721.19,"2,953",Oct-25,KIM SENG ROAD,New Sale,Strata,67,"31,791",-,Apartment,1,99 yrs lease commencing from 2024,03,Rest of Central Region,21 to 25
ZYON GRAND,"2,416,000",818.06,"2,953",Oct-25,KIM SENG ROAD,New Sale,Strata,76,"31,789",-,Apartment,1,99 yrs lease commencing from 2024,03,Rest of Central Region,21 to 25
ZYON GRAND,"2,146,000",721.19,"2,976",Oct-25,KIM SENG ROAD,New Sale,Strata,67,"32,030",-,Apartment,1,99 yrs lease commencing from 2024,03,Rest of Central Region,21 to 25
ZYON GRAND,"1,581,000",538.2,"2,938",Oct-25,KIM SENG ROAD,New Sale,Strata,50,"31,620",-,Apartment,1,99 yrs lease commencing from 2024,03,Rest of Central Region,21 to 25
ZYON GRAND,"2,151,000",721.19,"2,983",Oct-25,KIM SENG ROAD,New Sale,Strata,67,"32,104",-,Apartment,1,99 yrs lease commencing from 2024,03,Rest of Central Region,21 to 25
ZYON GRAND,"1,585,000",538.2,"2,945",Oct-25,KIM SENG ROAD,New Sale,Strata,50,"31,700",-,Apartment,1,99 yrs lease commencing from 2024,03,Rest of Central Region,21 to 25
ZYON GRAND,"2,446,000",818.06,"2,990",Oct-25,KIM SENG ROAD,New Sale,Strata,76,"32,184",-,Apartment,1,99 yrs lease commencing from 2024,03,Rest of Central Region,21 to 25
ZYON GRAND,"2,156,000",721.19,"2,990",Oct-25,KIM SENG ROAD,New Sale,Strata,67,"32,179",-,Apartment,1,99 yrs lease commencing from 2024,03,Rest of Central Region,21 to 25
ZYON GRAND,"2,454,000",818.06,"3,000",Oct-25,KIM SENG ROAD,New Sale,Strata,76,"32,289",-,Apartment,1,99 yrs lease commencing from 2024,03,Rest of Central Region,21 to 25
ZYON GRAND,"2,161,000",721.19,"2,996",Oct-25,KIM SENG ROAD,New Sale,Strata,67,"32,254",-,Apartment,1,99 yrs lease commencing from 2024,03,Rest of Central Region,26 to 30
ZYON GRAND,"1,593,000",538.2,"2,960",Oct-25,KIM SENG ROAD,New Sale,Strata,50,"31,860",-,Apartment,1,99 yrs lease commencing from 2024,03,Rest of Central Region,26 to 30
ZYON GRAND,"2,462,000",818.06,"3,010",Oct-25,KIM SENG ROAD,New Sale,Strata,76,"32,395",-,Apartment,1,99 yrs lease commencing from 2024,03,Rest of Central Region,26 to 30
ZYON GRAND,"2,166,000",721.19,"3,003",Oct-25,KIM SENG ROAD,New Sale,Strata,67,"32,328",-,Apartment,1,99 yrs lease commencing from 2024,03,Rest of Central Region,26 to 30
ZYON GRAND,"1,597,000",538.2,"2,967",Oct-25,KIM SENG ROAD,New Sale,Strata,50,"31,940",-,Apartment,1,99 yrs lease commencing from 2024,03,Rest of Central Region,26 to 30
ZYON GRAND,"2,470,000",818.06,"3,019",Oct-25,KIM SENG ROAD,New Sale,Strata,76,"32,500",-,Apartment,1,99 yrs lease commencing from 2024,03,Rest of Central Region,26 to 30
ZYON GRAND,"2,643,000",861.12,"3,069",Oct-25,KIM SENG ROAD,New Sale,Strata,80,"33,038",-,Apartment,1,99 yrs lease commencing from 2024,03,Rest of Central Region,26 to 30
ZYON GRAND,"2,176,000",721.19,"3,017",Oct-25,KIM SENG ROAD,New Sale,Strata,67,"32,478",-,Apartment,1,99 yrs lease commencing from 2024,03,Rest of Central Region,26 to 30
ZYON GRAND,"1,605,000",538.2,"2,982",Oct-25,KIM SENG ROAD,New Sale,Strata,50,"32,100",-,Apartment,1,99 yrs lease commencing from 2024,03,Rest of Central Region,26 to 30
ZYON GRAND,"2,651,000",861.12,"3,079",Oct-25,KIM SENG ROAD,New Sale,Strata,80,"33,138",-,Apartment,1,99 yrs lease commencing from 2024,03,Rest of Central Region,26 to 30
ZYON GRAND,"2,181,000",721.19,"3,024",Oct-25,KIM SENG ROAD,New Sale,Strata,67,"32,552",-,Apartment,1,99 yrs lease commencing from 2024,03,Rest of Central Region,26 to 30
ZYON GRAND,"1,609,000",538.2,"2,990",Oct-25,KIM SENG ROAD,New Sale,Strata,50,"32,180",-,Apartment,1,99 yrs lease commencing from 2024,03,Rest of Central Region,26 to 30
ZYON GRAND,"2,494,000",818.06,"3,049",Oct-25,KIM SENG ROAD,New Sale,Strata,76,"32,816",-,Apartment,1,99 yrs lease commencing from 2024,03,Rest of Central Region,26 to 30
ZYON GRAND,"3,360,000","1,076.4","3,122",Oct-25,KIM SENG ROAD,New Sale,Strata,100,"33,600",-,Apartment,1,99 yrs lease commencing from 2024,03,Rest of Central Region,26 to 30
ZYON GRAND,"2,659,000",861.12,"3,088",Oct-25,KIM SENG ROAD,New Sale,Strata,80,"33,238",-,Apartment,1,99 yrs lease commencing from 2024,03,Rest of Central Region,26 to 30
ZYON GRAND,"2,186,000",721.19,"3,031",Oct-25,KIM SENG ROAD,New Sale,Strata,67,"32,627",-,Apartment,1,99 yrs lease commencing from 2024,03,Rest of Central Region,26 to 30
ZYON GRAND,"1,613,000",538.2,"2,997",Oct-25,KIM SENG ROAD,New Sale,Strata,50,"32,260",-,Apartment,1,99 yrs lease commencing from 2024,03,Rest of Central Region,26 to 30
ZYON GRAND,"2,502,000",818.06,"3,058",Oct-25,KIM SENG ROAD,New Sale,Strata,76,"32,921",-,Apartment,1,99 yrs lease commencing from 2024,03,Rest of Central Region,26 to 30
ZYON GRAND,"3,369,000","1,076.4","3,130",Oct-25,KIM SENG ROAD,New Sale,Strata,100,"33,690",-,Apartment,1,99 yrs lease commencing from 2024,03,Rest of Central Region,31 to 35
ZYON GRAND,"2,667,000",861.12,"3,097",Oct-25,KIM SENG ROAD,New Sale,Strata,80,"33,338",-,Apartment,1,99 yrs lease commencing from 2024,03,Rest of Central Region,31 to 35
ZYON GRAND,"1,617,000",538.2,"3,004",Oct-25,KIM SENG ROAD,New Sale,Strata,50,"32,340",-,Apartment,1,99 yrs lease commencing from 2024,03,Rest of Central Region,31 to 35
ZYON GRAND,"2,510,000",818.06,"3,068",Oct-25,KIM SENG ROAD,New Sale,Strata,76,"33,026",-,Apartment,1,99 yrs lease commencing from 2024,03,Rest of Central Region,31 to 35
ZYON GRAND,"3,378,000","1,076.4","3,138",Oct-25,KIM SENG ROAD,New Sale,Strata,100,"33,780",-,Apartment,1,99 yrs lease commencing from 2024,03,Rest of Central Region,31 to 35
ZYON GRAND,"2,676,000",861.12,"3,108",Oct-25,KIM SENG ROAD,New Sale,Strata,80,"33,450",-,Apartment,1,99 yrs lease commencing from 2024,03,Rest of Central Region,31 to 35
ZYON GRAND,"2,196,000",721.19,"3,045",Oct-25,KIM SENG ROAD,New Sale,Strata,67,"32,776",-,Apartment,1,99 yrs lease commencing from 2024,03,Rest of Central Region,31 to 35
ZYON GRAND,"1,621,000",538.2,"3,012",Oct-25,KIM SENG ROAD,New Sale,Strata,50,"32,420",-,Apartment,1,99 yrs lease commencing from 2024,03,Rest of Central Region,31 to 35
ZYON GRAND,"3,387,000","1,076.4","3,147",Oct-25,KIM SENG ROAD,New Sale,Strata,100,"33,870",-,Apartment,1,99 yrs lease commencing from 2024,03,Rest of Central Region,31 to 35
ZYON GRAND,"2,684,000",861.12,"3,117",Oct-25,KIM SENG ROAD,New Sale,Strata,80,"33,550",-,Apartment,1,99 yrs lease commencing from 2024,03,Rest of Central Region,31 to 35
ZYON GRAND,"2,201,000",721.19,"3,052",Oct-25,KIM SENG ROAD,New Sale,Strata,67,"32,851",-,Apartment,1,99 yrs lease commencing from 2024,03,Rest of Central Region,31 to 35
ZYON GRAND,"1,625,000",538.2,"3,019",Oct-25,KIM SENG ROAD,New Sale,Strata,50,"32,500",-,Apartment,1,99 yrs lease commencing from 2024,03,Rest of Central Region,31 to 35
ZYON GRAND,"2,526,000",818.06,"3,088",Oct-25,KIM SENG ROAD,New Sale,Strata,76,"33,237",-,Apartment,1,99 yrs lease commencing from 2024,03,Rest of Central Region,31 to 35
ZYON GRAND,"3,396,000","1,076.4","3,155",Oct-25,KIM SENG ROAD,New Sale,Strata,100,"33,960",-,Apartment,1,99 yrs lease commencing from 2024,03,Rest of Central Region,31 to 35
ZYON GRAND,"2,692,000",861.12,"3,126",Oct-25,KIM SENG ROAD,New Sale,Strata,80,"33,650",-,Apartment,1,99 yrs lease commencing from 2024,03,Rest of Central Region,31 to 35
ZYON GRAND,"2,206,000",721.19,"3,059",Oct-25,KIM SENG ROAD,New Sale,Strata,67,"32,925",-,Apartment,1,99 yrs lease commencing from 2024,03,Rest of Central Region,31 to 35
ZYON GRAND,"1,629,000",538.2,"3,027",Oct-25,KIM SENG ROAD,New Sale,Strata,50,"32,580",-,Apartment,1,99 yrs lease commencing from 2024,03,Rest of Central Region,31 to 35
ZYON GRAND,"2,534,000",818.06,"3,098",Oct-25,KIM SENG ROAD,New Sale,Strata,76,"33,342",-,Apartment,1,99 yrs lease commencing from 2024,03,Rest of Central Region,31 to 35
ZYON GRAND,"2,700,000",861.12,"3,135",Oct-25,KIM SENG ROAD,New Sale,Strata,80,"33,750",-,Apartment,1,99 yrs lease commencing from 2024,03,Rest of Central Region,31 to 35
ZYON GRAND,"2,211,000",721.19,"3,066",Oct-25,KIM SENG ROAD,New Sale,Strata,67,"33,000",-,Apartment,1,99 yrs lease commencing from 2024,03,Rest of Central Region,31 to 35
ZYON GRAND,"1,633,000",538.2,"3,034",Oct-25,KIM SENG ROAD,New Sale,Strata,50,"32,660",-,Apartment,1,99 yrs lease commencing from 2024,03,Rest of Central Region,31 to 35
ZYON GRAND,"2,542,000",818.06,"3,107",Oct-25,KIM SENG ROAD,New Sale,Strata,76,"33,447",-,Apartment,1,99 yrs lease commencing from 2024,03,Rest of Central Region,31 to 35
ZYON GRAND,"2,722,000",861.12,"3,161",Oct-25,KIM SENG ROAD,New Sale,Strata,80,"34,025",-,Apartment,1,99 yrs lease commencing from 2024,03,Rest of Central Region,36 to 40
ZYON GRAND,"2,227,000",721.19,"3,088",Oct-25,KIM SENG ROAD,New Sale,Strata,67,"33,239",-,Apartment,1,99 yrs lease commencing from 2024,03,Rest of Central Region,36 to 40
ZYON GRAND,"1,637,000",538.2,"3,042",Oct-25,KIM SENG ROAD,New Sale,Strata,50,"32,740",-,Apartment,1,99 yrs lease commencing from 2024,03,Rest of Central Region,36 to 40
ZYON GRAND,"2,564,000",818.06,"3,134",Oct-25,KIM SENG ROAD,New Sale,Strata,76,"33,737",-,Apartment,1,99 yrs lease commencing from 2024,03,Rest of Central Region,36 to 40
ZYON GRAND,"3,438,000","1,076.4","3,194",Oct-25,KIM SENG ROAD,New Sale,Strata,100,"34,380",-,Apartment,1,99 yrs lease commencing from 2024,03,Rest of Central Region,36 to 40
ZYON GRAND,"2,730,000",861.12,"3,170",Oct-25,KIM SENG ROAD,New Sale,Strata,80,"34,125",-,Apartment,1,99 yrs lease commencing from 2024,03,Rest of Central Region,36 to 40
ZYON GRAND,"2,233,000",721.19,"3,096",Oct-25,KIM SENG ROAD,New Sale,Strata,67,"33,328",-,Apartment,1,99 yrs lease commencing from 2024,03,Rest of Central Region,36 to 40
ZYON GRAND,"1,641,000",538.2,"3,049",Oct-25,KIM SENG ROAD,New Sale,Strata,50,"32,820",-,Apartment,1,99 yrs lease commencing from 2024,03,Rest of Central Region,36 to 40
ZYON GRAND,"2,572,000",818.06,"3,144",Oct-25,KIM SENG ROAD,New Sale,Strata,76,"33,842",-,Apartment,1,99 yrs lease commencing from 2024,03,Rest of Central Region,36 to 40
ZYON GRAND,"3,456,000","1,076.4","3,211",Oct-25,KIM SENG ROAD,New Sale,Strata,100,"34,560",-,Apartment,1,99 yrs lease commencing from 2024,03,Rest of Central Region,36 to 40
ZYON GRAND,"3,465,000","1,076.4","3,219",Oct-25,KIM SENG ROAD,New Sale,Strata,100,"34,650",-,Apartment,1,99 yrs lease commencing from 2024,03,Rest of Central Region,36 to 40
ZYON GRAND,"2,754,000",861.12,"3,198",Oct-25,KIM SENG ROAD,New Sale,Strata,80,"34,425",-,Apartment,1,99 yrs lease commencing from 2024,03,Rest of Central Region,36 to 40
ZYON GRAND,"2,248,000",721.19,"3,117",Oct-25,KIM SENG ROAD,New Sale,Strata,67,"33,552",-,Apartment,1,99 yrs lease commencing from 2024,03,Rest of Central Region,36 to 40
ZYON GRAND,"1,653,000",538.2,"3,071",Oct-25,KIM SENG ROAD,New Sale,Strata,50,"33,060",-,Apartment,1,99 yrs lease commencing from 2024,03,Rest of Central Region,36 to 40
ZYON GRAND,"2,596,000",818.06,"3,173",Oct-25,KIM SENG ROAD,New Sale,Strata,76,"34,158",-,Apartment,1,99 yrs lease commencing from 2024,03,Rest of Central Region,36 to 40
ZYON GRAND,"3,474,000","1,076.4","3,227",Oct-25,KIM SENG ROAD,New Sale,Strata,100,"34,740",-,Apartment,1,99 yrs lease commencing from 2024,03,Rest of Central Region,36 to 40
ZYON GRAND,"2,762,000",861.12,"3,207",Oct-25,KIM SENG ROAD,New Sale,Strata,80,"34,525",-,Apartment,1,99 yrs lease commencing from 2024,03,Rest of Central Region,36 to 40
ZYON GRAND,"2,253,000",721.19,"3,124",Oct-25,KIM SENG ROAD,New Sale,Strata,67,"33,627",-,Apartment,1,99 yrs lease commencing from 2024,03,Rest of Central Region,36 to 40
ZYON GRAND,"1,657,000",538.2,"3,079",Oct-25,KIM SENG ROAD,New Sale,Strata,50,"33,140",-,Apartment,1,99 yrs lease commencing from 2024,03,Rest of Central Region,36 to 40
ZYON GRAND,"2,604,000",818.06,"3,183",Oct-25,KIM SENG ROAD,New Sale,Strata,76,"34,263",-,Apartment,1,99 yrs lease commencing from 2024,03,Rest of Central Region,36 to 40
ZYON GRAND,"3,483,000","1,076.4","3,236",Oct-25,KIM SENG ROAD,New Sale,Strata,100,"34,830",-,Apartment,1,99 yrs lease commencing from 2024,03,Rest of Central Region,41 to 45
ZYON GRAND,"2,770,000",861.12,"3,217",Oct-25,KIM SENG ROAD,New Sale,Strata,80,"34,625",-,Apartment,1,99 yrs lease commencing from 2024,03,Rest of Central Region,41 to 45
ZYON GRAND,"2,258,000",721.19,"3,131",Oct-25,KIM SENG ROAD,New Sale,Strata,67,"33,701",-,Apartment,1,99 yrs lease commencing from 2024,03,Rest of Central Region,41 to 45
ZYON GRAND,"1,661,000",538.2,"3,086",Oct-25,KIM SENG ROAD,New Sale,Strata,50,"33,220",-,Apartment,1,99 yrs lease commencing from 2024,03,Rest of Central Region,41 to 45
ZYON GRAND,"2,612,000",818.06,"3,193",Oct-25,KIM SENG ROAD,New Sale,Strata,76,"34,368",-,Apartment,1,99 yrs lease commencing from 2024,03,Rest of Central Region,41 to 45
ZYON GRAND,"3,492,000","1,076.4","3,244",Oct-25,KIM SENG ROAD,New Sale,Strata,100,"34,920",-,Apartment,1,99 yrs lease commencing from 2024,03,Rest of Central Region,41 to 45
ZYON GRAND,"2,778,000",861.12,"3,226",Oct-25,KIM SENG ROAD,New Sale,Strata,80,"34,725",-,Apartment,1,99 yrs lease commencing from 2024,03,Rest of Central Region,41 to 45
ZYON GRAND,"2,263,000",721.19,"3,138",Oct-25,KIM SENG ROAD,New Sale,Strata,67,"33,776",-,Apartment,1,99 yrs lease commencing from 2024,03,Rest of Central Region,41 to 45
ZYON GRAND,"1,665,000",538.2,"3,094",Oct-25,KIM SENG ROAD,New Sale,Strata,50,"33,300",-,Apartment,1,99 yrs lease commencing from 2024,03,Rest of Central Region,41 to 45
ZYON GRAND,"2,620,000",818.06,"3,203",Oct-25,KIM SENG ROAD,New Sale,Strata,76,"34,474",-,Apartment,1,99 yrs lease commencing from 2024,03,Rest of Central Region,41 to 45
ZYON GRAND,"3,516,000","1,076.4","3,266",Oct-25,KIM SENG ROAD,New Sale,Strata,100,"35,160",-,Apartment,1,99 yrs lease commencing from 2024,03,Rest of Central Region,41 to 45
ZYON GRAND,"2,800,000",861.12,"3,252",Oct-25,KIM SENG ROAD,New Sale,Strata,80,"35,000",-,Apartment,1,99 yrs lease commencing from 2024,03,Rest of Central Region,41 to 45
ZYON GRAND,"1,669,000",538.2,"3,101",Oct-25,KIM SENG ROAD,New Sale,Strata,50,"33,380",-,Apartment,1,99 yrs lease commencing from 2024,03,Rest of Central Region,41 to 45
ZYON GRAND,"2,642,000",818.06,"3,230",Oct-25,KIM SENG ROAD,New Sale,Strata,76,"34,763",-,Apartment,1,99 yrs lease commencing from 2024,03,Rest of Central Region,41 to 45
ZYON GRAND,"3,523,000","1,076.4","3,273",Oct-25,KIM SENG ROAD,New Sale,Strata,100,"35,230",-,Apartment,1,99 yrs lease commencing from 2024,03,Rest of Central Region,41 to 45
ZYON GRAND,"2,806,000",861.12,"3,259",Oct-25,KIM SENG ROAD,New Sale,Strata,80,"35,075",-,Apartment,1,99 yrs lease commencing from 2024,03,Rest of Central Region,41 to 45
ZYON GRAND,"1,672,000",538.2,"3,107",Oct-25,KIM SENG ROAD,New Sale,Strata,50,"33,440",-,Apartment,1,99 yrs lease commencing from 2024,03,Rest of Central Region,41 to 45
ZYON GRAND,"2,648,000",818.06,"3,237",Oct-25,KIM SENG ROAD,New Sale,Strata,76,"34,842",-,Apartment,1,99 yrs lease commencing from 2024,03,Rest of Central Region,41 to 45
ZYON GRAND,"3,530,000","1,076.4","3,279",Oct-25,KIM SENG ROAD,New Sale,Strata,100,"35,300",-,Apartment,1,99 yrs lease commencing from 2024,03,Rest of Central Region,46 to 50
ZYON GRAND,"2,812,000",861.12,"3,266",Oct-25,KIM SENG ROAD,New Sale,Strata,80,"35,150",-,Apartment,1,99 yrs lease commencing from 2024,03,Rest of Central Region,46 to 50
ZYON GRAND,"1,675,000",538.2,"3,112",Oct-25,KIM SENG ROAD,New Sale,Strata,50,"33,500",-,Apartment,1,99 yrs lease commencing from 2024,03,Rest of Central Region,46 to 50
ZYON GRAND,"2,654,000",818.06,"3,244",Oct-25,KIM SENG ROAD,New Sale,Strata,76,"34,921",-,Apartment,1,99 yrs lease commencing from 2024,03,Rest of Central Region,46 to 50
ZYON GRAND,"3,537,000","1,076.4","3,286",Oct-25,KIM SENG ROAD,New Sale,Strata,100,"35,370",-,Apartment,1,99 yrs lease commencing from 2024,03,Rest of Central Region,46 to 50
ZYON GRAND,"2,818,000",861.12,"3,272",Oct-25,KIM SENG ROAD,New Sale,Strata,80,"35,225",-,Apartment,1,99 yrs lease commencing from 2024,03,Rest of Central Region,46 to 50
ZYON GRAND,"1,678,000",538.2,"3,118",Oct-25,KIM SENG ROAD,New Sale,Strata,50,"33,560",-,Apartment,1,99 yrs lease commencing from 2024,03,Rest of Central Region,46 to 50
ZYON GRAND,"2,660,000",818.06,"3,252",Oct-25,KIM SENG ROAD,New Sale,Strata,76,"35,000",-,Apartment,1,99 yrs lease commencing from 2024,03,Rest of Central Region,46 to 50
ZYON GRAND,"3,551,000","1,076.4","3,299",Oct-25,KIM SENG ROAD,New Sale,Strata,100,"35,510",-,Apartment,1,99 yrs lease commencing from 2024,03,Rest of Central Region,46 to 50
ZYON GRAND,"2,830,000",861.12,"3,286",Oct-25,KIM SENG ROAD,New Sale,Strata,80,"35,375",-,Apartment,1,99 yrs lease commencing from 2024,03,Rest of Central Region,46 to 50
ZYON GRAND,"1,684,000",538.2,"3,129",Oct-25,KIM SENG ROAD,New Sale,Strata,50,"33,680",-,Apartment,1,99 yrs lease commencing from 2024,03,Rest of Central Region,46 to 50
ZYON GRAND,"3,558,000","1,076.4","3,305",Oct-25,KIM SENG ROAD,New Sale,Strata,100,"35,580",-,Apartment,1,99 yrs lease commencing from 2024,03,Rest of Central Region,46 to 50
ZYON GRAND,"2,836,000",861.12,"3,293",Oct-25,KIM SENG ROAD,New Sale,Strata,80,"35,450",-,Apartment,1,99 yrs lease commencing from 2024,03,Rest of Central Region,46 to 50
ZYON GRAND,"1,687,000",538.2,"3,135",Oct-25,KIM SENG ROAD,New Sale,Strata,50,"33,740",-,Apartment,1,99 yrs lease commencing from 2024,03,Rest of Central Region,46 to 50
ZYON GRAND,"3,566,000","1,076.4","3,313",Oct-25,KIM SENG ROAD,New Sale,Strata,100,"35,660",-,Apartment,1,99 yrs lease commencing from 2024,03,Rest of Central Region,46 to 50
ZYON GRAND,"2,842,000",861.12,"3,300",Oct-25,KIM SENG ROAD,New Sale,Strata,80,"35,525",-,Apartment,1,99 yrs lease commencing from 2024,03,Rest of Central Region,46 to 50
ZYON GRAND,"1,690,000",538.2,"3,140",Oct-25,KIM SENG ROAD,New Sale,Strata,50,"33,800",-,Apartment,1,99 yrs lease commencing from 2024,03,Rest of Central Region,46 to 50
ZYON GRAND,"3,573,000","1,076.4","3,319",Oct-25,KIM SENG ROAD,New Sale,Strata,100,"35,730",-,Apartment,1,99 yrs lease commencing from 2024,03,Rest of Central Region,51 to 55
ZYON GRAND,"2,311,000",721.19,"3,204",Oct-25,KIM SENG ROAD,New Sale,Strata,67,"34,493",-,Apartment,1,99 yrs lease commencing from 2024,03,Rest of Central Region,51 to 55
ZYON GRAND,"1,693,000",538.2,"3,146",Oct-25,KIM SENG ROAD,New Sale,Strata,50,"33,860",-,Apartment,1,99 yrs lease commencing from 2024,03,Rest of Central Region,51 to 55
ZYON GRAND,"3,580,000","1,076.4","3,326",Oct-25,KIM SENG ROAD,New Sale,Strata,100,"35,800",-,Apartment,1,99 yrs lease commencing from 2024,03,Rest of Central Region,51 to 55
ZYON GRAND,"2,854,000",861.12,"3,314",Oct-25,KIM SENG ROAD,New Sale,Strata,80,"35,675",-,Apartment,1,99 yrs lease commencing from 2024,03,Rest of Central Region,51 to 55
ZYON GRAND,"1,696,000",538.2,"3,151",Oct-25,KIM SENG ROAD,New Sale,Strata,50,"33,920",-,Apartment,1,99 yrs lease commencing from 2024,03,Rest of Central Region,51 to 55
ZYON GRAND,"3,587,000","1,076.4","3,332",Oct-25,KIM SENG ROAD,New Sale,Strata,100,"35,870",-,Apartment,1,99 yrs lease commencing from 2024,03,Rest of Central Region,51 to 55
ZYON GRAND,"2,860,000",861.12,"3,321",Oct-25,KIM SENG ROAD,New Sale,Strata,80,"35,750",-,Apartment,1,99 yrs lease commencing from 2024,03,Rest of Central Region,51 to 55
ZYON GRAND,"1,699,000",538.2,"3,157",Oct-25,KIM SENG ROAD,New Sale,Strata,50,"33,980",-,Apartment,1,99 yrs lease commencing from 2024,03,Rest of Central Region,51 to 55
ZYON GRAND,"3,594,000","1,076.4","3,339",Oct-25,KIM SENG ROAD,New Sale,Strata,100,"35,940",-,Apartment,1,99 yrs lease commencing from 2024,03,Rest of Central Region,51 to 55
ZYON GRAND,"2,866,000",861.12,"3,328",Oct-25,KIM SENG ROAD,New Sale,Strata,80,"35,825",-,Apartment,1,99 yrs lease commencing from 2024,03,Rest of Central Region,51 to 55
ZYON GRAND,"1,702,000",538.2,"3,162",Oct-25,KIM SENG ROAD,New Sale,Strata,50,"34,040",-,Apartment,1,99 yrs lease commencing from 2024,03,Rest of Central Region,51 to 55
ZYON GRAND,"3,601,000","1,076.4","3,345",Oct-25,KIM SENG ROAD,New Sale,Strata,100,"36,010",-,Apartment,1,99 yrs lease commencing from 2024,03,Rest of Central Region,51 to 55
ZYON GRAND,"2,872,000",861.12,"3,335",Oct-25,KIM SENG ROAD,New Sale,Strata,80,"35,900",-,Apartment,1,99 yrs lease commencing from 2024,03,Rest of Central Region,51 to 55
ZYON GRAND,"1,705,000",538.2,"3,168",Oct-25,KIM SENG ROAD,New Sale,Strata,50,"34,100",-,Apartment,1,99 yrs lease commencing from 2024,03,Rest of Central Region,51 to 55
ZYON GRAND,"3,608,000","1,076.4","3,352",Oct-25,KIM SENG ROAD,New Sale,Strata,100,"36,080",-,Apartment,1,99 yrs lease commencing from 2024,03,Rest of Central Region,56 to 60
ZYON GRAND,"1,708,000",538.2,"3,174",Oct-25,KIM SENG ROAD,New Sale,Strata,50,"34,160",-,Apartment,1,99 yrs lease commencing from 2024,03,Rest of Central Region,56 to 60
ZYON GRAND,"3,615,000","1,076.4","3,358",Oct-25,KIM SENG ROAD,New Sale,Strata,100,"36,150",-,Apartment,1,99 yrs lease commencing from 2024,03,Rest of Central Region,56 to 60
ZYON GRAND,"2,884,000",861.12,"3,349",Oct-25,KIM SENG ROAD,New Sale,Strata,80,"36,050",-,Apartment,1,99 yrs lease commencing from 2024,03,Rest of Central Region,56 to 60
ZYON GRAND,"1,711,000",538.2,"3,179",Oct-25,KIM SENG ROAD,New Sale,Strata,50,"34,220",-,Apartment,1,99 yrs lease commencing from 2024,03,Rest of Central Region,56 to 60
ZYON GRAND,"3,629,000","1,076.4","3,371",Oct-25,KIM SENG ROAD,New Sale,Strata,100,"36,290",-,Apartment,1,99 yrs lease commencing from 2024,03,Rest of Central Region,56 to 60
ZYON GRAND,"1,717,000",538.2,"3,190",Oct-25,KIM SENG ROAD,New Sale,Strata,50,"34,340",-,Apartment,1,99 yrs lease commencing from 2024,03,Rest of Central Region,56 to 60
ZYON GRAND,"1,720,000",538.2,"3,196",Oct-25,KIM SENG ROAD,New Sale,Strata,50,"34,400",-,Apartment,1,99 yrs lease commencing from 2024,03,Rest of Central Region,56 to 60
ZYON GRAND,"3,643,000","1,076.4","3,384",Oct-25,KIM SENG ROAD,New Sale,Strata,100,"36,430",-,Apartment,1,99 yrs lease commencing from 2024,03,Rest of Central Region,56 to 60
ZYON GRAND,"1,723,000",538.2,"3,201",Oct-25,KIM SENG ROAD,New Sale,Strata,50,"34,460",-,Apartment,1,99 yrs lease commencing from 2024,03,Rest of Central Region,56 to 60
ZYON GRAND,"2,914,000",861.12,"3,384",Oct-25,KIM SENG ROAD,New Sale,Strata,80,"36,425",-,Apartment,1,99 yrs lease commencing from 2024,03,Rest of Central Region,61 to 65
ZYON GRAND,"1,726,000",538.2,"3,207",Oct-25,KIM SENG ROAD,New Sale,Strata,50,"34,520",-,Apartment,1,99 yrs lease commencing from 2024,03,Rest of Central Region,61 to 65
ZYON GRAND,"2,920,000",861.12,"3,391",Oct-25,KIM SENG ROAD,New Sale,Strata,80,"36,500",-,Apartment,1,99 yrs lease commencing from 2024,03,Rest of Central Region,61 to 65
ZYON GRAND,"1,729,000",538.2,"3,213",Oct-25,KIM SENG ROAD,New Sale,Strata,50,"34,580",-,Apartment,1,99 yrs lease commencing from 2024,03,Rest of Central Region,61 to 65
ZYON GRAND,"2,938,000","1,054.87","2,785",Oct-25,KIM SENG ROAD,New Sale,Strata,98,"29,980",-,Apartment,1,99 yrs lease commencing from 2024,03,Rest of Central Region,01 to 05
ZYON GRAND,"2,306,000",861.12,"2,678",Oct-25,KIM SENG ROAD,New Sale,Strata,80,"28,825",-,Apartment,1,99 yrs lease commencing from 2024,03,Rest of Central Region,01 to 05
ZYON GRAND,"1,938,000",721.19,"2,687",Oct-25,KIM SENG ROAD,New Sale,Strata,67,"28,925",-,Apartment,1,99 yrs lease commencing from 2024,03,Rest of Central Region,01 to 05
ZYON GRAND,"1,298,000",473.62,"2,741",Oct-25,KIM SENG ROAD,New Sale,Strata,44,"29,500",-,Apartment,1,99 yrs lease commencing from 2024,03,Rest of Central Region,01 to 05
ZYON GRAND,"1,758,000",645.84,"2,722",Oct-25,KIM SENG ROAD,New Sale,Strata,60,"29,300",-,Apartment,1,99 yrs lease commencing from 2024,03,Rest of Central Region,01 to 05
ZYON GRAND,"2,955,000","1,054.87","2,801",Oct-25,KIM SENG ROAD,New Sale,Strata,98,"30,153",-,Apartment,1,99 yrs lease commencing from 2024,03,Rest of Central Region,01 to 05
ZYON GRAND,"2,330,000",861.12,"2,706",Oct-25,KIM SENG ROAD,New Sale,Strata,80,"29,125",-,Apartment,1,99 yrs lease commencing from 2024,03,Rest of Central Region,01 to 05
ZYON GRAND,"1,961,000",721.19,"2,719",Oct-25,KIM SENG ROAD,New Sale,Strata,67,"29,269",-,Apartment,1,99 yrs lease commencing from 2024,03,Rest of Central Region,01 to 05
ZYON GRAND,"1,311,000",473.62,"2,768",Oct-25,KIM SENG ROAD,New Sale,Strata,44,"29,795",-,Apartment,1,99 yrs lease commencing from 2024,03,Rest of Central Region,01 to 05
ZYON GRAND,"1,777,000",645.84,"2,751",Oct-25,KIM SENG ROAD,New Sale,Strata,60,"29,617",-,Apartment,1,99 yrs lease commencing from 2024,03,Rest of Central Region,01 to 05
ZYON GRAND,"2,967,000","1,054.87","2,813",Oct-25,KIM SENG ROAD,New Sale,Strata,98,"30,276",-,Apartment,1,99 yrs lease commencing from 2024,03,Rest of Central Region,01 to 05
ZYON GRAND,"2,353,000",861.12,"2,732",Oct-25,KIM SENG ROAD,New Sale,Strata,80,"29,413",-,Apartment,1,99 yrs lease commencing from 2024,03,Rest of Central Region,01 to 05
ZYON GRAND,"1,978,000",721.19,"2,743",Oct-25,KIM SENG ROAD,New Sale,Strata,67,"29,522",-,Apartment,1,99 yrs lease commencing from 2024,03,Rest of Central Region,01 to 05
ZYON GRAND,"1,321,000",473.62,"2,789",Oct-25,KIM SENG ROAD,New Sale,Strata,44,"30,023",-,Apartment,1,99 yrs lease commencing from 2024,03,Rest of Central Region,01 to 05
ZYON GRAND,"1,792,000",645.84,"2,775",Oct-25,KIM SENG ROAD,New Sale,Strata,60,"29,867",-,Apartment,1,99 yrs lease commencing from 2024,03,Rest of Central Region,01 to 05
ZYON GRAND,"2,979,000","1,054.87","2,824",Oct-25,KIM SENG ROAD,New Sale,Strata,98,"30,398",-,Apartment,1,99 yrs lease commencing from 2024,03,Rest of Central Region,01 to 05
ZYON GRAND,"2,364,000",861.12,"2,745",Oct-25,KIM SENG ROAD,New Sale,Strata,80,"29,550",-,Apartment,1,99 yrs lease commencing from 2024,03,Rest of Central Region,01 to 05
ZYON GRAND,"1,985,000",721.19,"2,752",Oct-25,KIM SENG ROAD,New Sale,Strata,67,"29,627",-,Apartment,1,99 yrs lease commencing from 2024,03,Rest of Central Region,01 to 05
ZYON GRAND,"1,325,000",473.62,"2,798",Oct-25,KIM SENG ROAD,New Sale,Strata,44,"30,114",-,Apartment,1,99 yrs lease commencing from 2024,03,Rest of Central Region,01 to 05
ZYON GRAND,"1,798,000",645.84,"2,784",Oct-25,KIM SENG ROAD,New Sale,Strata,60,"29,967",-,Apartment,1,99 yrs lease commencing from 2024,03,Rest of Central Region,01 to 05
ZYON GRAND,"1,329,000",473.62,"2,806",Oct-25,KIM SENG ROAD,New Sale,Strata,44,"30,205",-,Apartment,1,99 yrs lease commencing from 2024,03,Rest of Central Region,06 to 10
ZYON GRAND,"1,352,000",473.62,"2,855",Oct-25,KIM SENG ROAD,New Sale,Strata,44,"30,727",-,Apartment,1,99 yrs lease commencing from 2024,03,Rest of Central Region,06 to 10
ZYON GRAND,"1,356,000",473.62,"2,863",Oct-25,KIM SENG ROAD,New Sale,Strata,44,"30,818",-,Apartment,1,99 yrs lease commencing from 2024,03,Rest of Central Region,06 to 10
ZYON GRAND,"1,360,000",473.62,"2,872",Oct-25,KIM SENG ROAD,New Sale,Strata,44,"30,909",-,Apartment,1,99 yrs lease commencing from 2024,03,Rest of Central Region,11 to 15
ZYON GRAND,"1,364,000",473.62,"2,880",Oct-25,KIM SENG ROAD,New Sale,Strata,44,"31,000",-,Apartment,1,99 yrs lease commencing from 2024,03,Rest of Central Region,11 to 15
ZYON GRAND,"3,087,000","1,054.87","2,926",Oct-25,KIM SENG ROAD,New Sale,Strata,98,"31,500",-,Apartment,1,99 yrs lease commencing from 2024,03,Rest of Central Region,11 to 15
ZYON GRAND,"2,058,000",721.19,"2,854",Oct-25,KIM SENG ROAD,New Sale,Strata,67,"30,716",-,Apartment,1,99 yrs lease commencing from 2024,03,Rest of Central Region,11 to 15
ZYON GRAND,"1,368,000",473.62,"2,888",Oct-25,KIM SENG ROAD,New Sale,Strata,44,"31,091",-,Apartment,1,99 yrs lease commencing from 2024,03,Rest of Central Region,11 to 15
ZYON GRAND,"3,099,000","1,054.87","2,938",Oct-25,KIM SENG ROAD,New Sale,Strata,98,"31,622",-,Apartment,1,99 yrs lease commencing from 2024,03,Rest of Central Region,11 to 15
ZYON GRAND,"2,485,000",861.12,"2,886",Oct-25,KIM SENG ROAD,New Sale,Strata,80,"31,063",-,Apartment,1,99 yrs lease commencing from 2024,03,Rest of Central Region,11 to 15
ZYON GRAND,"2,065,000",721.19,"2,863",Oct-25,KIM SENG ROAD,New Sale,Strata,67,"30,821",-,Apartment,1,99 yrs lease commencing from 2024,03,Rest of Central Region,11 to 15
ZYON GRAND,"1,372,000",473.62,"2,897",Oct-25,KIM SENG ROAD,New Sale,Strata,44,"31,182",-,Apartment,1,99 yrs lease commencing from 2024,03,Rest of Central Region,11 to 15
ZYON GRAND,"1,867,000",645.84,"2,891",Oct-25,KIM SENG ROAD,New Sale,Strata,60,"31,117",-,Apartment,1,99 yrs lease commencing from 2024,03,Rest of Central Region,11 to 15
ZYON GRAND,"3,111,000","1,054.87","2,949",Oct-25,KIM SENG ROAD,New Sale,Strata,98,"31,745",-,Apartment,1,99 yrs lease commencing from 2024,03,Rest of Central Region,11 to 15
ZYON GRAND,"2,496,000",861.12,"2,899",Oct-25,KIM SENG ROAD,New Sale,Strata,80,"31,200",-,Apartment,1,99 yrs lease commencing from 2024,03,Rest of Central Region,11 to 15
ZYON GRAND,"2,072,000",721.19,"2,873",Oct-25,KIM SENG ROAD,New Sale,Strata,67,"30,925",-,Apartment,1,99 yrs lease commencing from 2024,03,Rest of Central Region,11 to 15
ZYON GRAND,"1,376,000",473.62,"2,905",Oct-25,KIM SENG ROAD,New Sale,Strata,44,"31,273",-,Apartment,1,99 yrs lease commencing from 2024,03,Rest of Central Region,11 to 15
ZYON GRAND,"1,873,000",645.84,"2,900",Oct-25,KIM SENG ROAD,New Sale,Strata,60,"31,217",-,Apartment,1,99 yrs lease commencing from 2024,03,Rest of Central Region,11 to 15
ZYON GRAND,"3,123,000","1,054.87","2,961",Oct-25,KIM SENG ROAD,New Sale,Strata,98,"31,867",-,Apartment,1,99 yrs lease commencing from 2024,03,Rest of Central Region,16 to 20
ZYON GRAND,"2,507,000",861.12,"2,911",Oct-25,KIM SENG ROAD,New Sale,Strata,80,"31,338",-,Apartment,1,99 yrs lease commencing from 2024,03,Rest of Central Region,16 to 20
ZYON GRAND,"2,079,000",721.19,"2,883",Oct-25,KIM SENG ROAD,New Sale,Strata,67,"31,030",-,Apartment,1,99 yrs lease commencing from 2024,03,Rest of Central Region,16 to 20
ZYON GRAND,"1,380,000",473.62,"2,914",Oct-25,KIM SENG ROAD,New Sale,Strata,44,"31,364",-,Apartment,1,99 yrs lease commencing from 2024,03,Rest of Central Region,16 to 20
ZYON GRAND,"1,879,000",645.84,"2,909",Oct-25,KIM SENG ROAD,New Sale,Strata,60,"31,317",-,Apartment,1,99 yrs lease commencing from 2024,03,Rest of Central Region,16 to 20
ZYON GRAND,"3,135,000","1,054.87","2,972",Oct-25,KIM SENG ROAD,New Sale,Strata,98,"31,990",-,Apartment,1,99 yrs lease commencing from 2024,03,Rest of Central Region,16 to 20
ZYON GRAND,"2,518,000",861.12,"2,924",Oct-25,KIM SENG ROAD,New Sale,Strata,80,"31,475",-,Apartment,1,99 yrs lease commencing from 2024,03,Rest of Central Region,16 to 20
ZYON GRAND,"2,086,000",721.19,"2,892",Oct-25,KIM SENG ROAD,New Sale,Strata,67,"31,134",-,Apartment,1,99 yrs lease commencing from 2024,03,Rest of Central Region,16 to 20
ZYON GRAND,"1,384,000",473.62,"2,922",Oct-25,KIM SENG ROAD,New Sale,Strata,44,"31,455",-,Apartment,1,99 yrs lease commencing from 2024,03,Rest of Central Region,16 to 20
ZYON GRAND,"1,885,000",645.84,"2,919",Oct-25,KIM SENG ROAD,New Sale,Strata,60,"31,417",-,Apartment,1,99 yrs lease commencing from 2024,03,Rest of Central Region,16 to 20
ZYON GRAND,"2,100,000",721.19,"2,912",Oct-25,KIM SENG ROAD,New Sale,Strata,67,"31,343",-,Apartment,1,99 yrs lease commencing from 2024,03,Rest of Central Region,16 to 20
ZYON GRAND,"1,392,000",473.62,"2,939",Oct-25,KIM SENG ROAD,New Sale,Strata,44,"31,636",-,Apartment,1,99 yrs lease commencing from 2024,03,Rest of Central Region,16 to 20
ZYON GRAND,"3,171,000","1,054.87","3,006",Oct-25,KIM SENG ROAD,New Sale,Strata,98,"32,357",-,Apartment,1,99 yrs lease commencing from 2024,03,Rest of Central Region,16 to 20
ZYON GRAND,"2,107,000",721.19,"2,922",Oct-25,KIM SENG ROAD,New Sale,Strata,67,"31,448",-,Apartment,1,99 yrs lease commencing from 2024,03,Rest of Central Region,16 to 20
ZYON GRAND,"1,396,000",473.62,"2,948",Oct-25,KIM SENG ROAD,New Sale,Strata,44,"31,727",-,Apartment,1,99 yrs lease commencing from 2024,03,Rest of Central Region,16 to 20
ZYON GRAND,"3,183,000","1,054.87","3,017",Oct-25,KIM SENG ROAD,New Sale,Strata,98,"32,480",-,Apartment,1,99 yrs lease commencing from 2024,03,Rest of Central Region,16 to 20
ZYON GRAND,"1,400,000",473.62,"2,956",Oct-25,KIM SENG ROAD,New Sale,Strata,44,"31,818",-,Apartment,1,99 yrs lease commencing from 2024,03,Rest of Central Region,16 to 20
ZYON GRAND,"3,195,000","1,054.87","3,029",Oct-25,KIM SENG ROAD,New Sale,Strata,98,"32,602",-,Apartment,1,99 yrs lease commencing from 2024,03,Rest of Central Region,21 to 25
ZYON GRAND,"2,570,000",861.12,"2,984",Oct-25,KIM SENG ROAD,New Sale,Strata,80,"32,125",-,Apartment,1,99 yrs lease commencing from 2024,03,Rest of Central Region,21 to 25
ZYON GRAND,"2,121,000",721.19,"2,941",Oct-25,KIM SENG ROAD,New Sale,Strata,67,"31,657",-,Apartment,1,99 yrs lease commencing from 2024,03,Rest of Central Region,21 to 25
ZYON GRAND,"3,219,000","1,054.87","3,052",Oct-25,KIM SENG ROAD,New Sale,Strata,98,"32,847",-,Apartment,1,99 yrs lease commencing from 2024,03,Rest of Central Region,21 to 25
ZYON GRAND,"2,137,000",721.19,"2,963",Oct-25,KIM SENG ROAD,New Sale,Strata,67,"31,896",-,Apartment,1,99 yrs lease commencing from 2024,03,Rest of Central Region,21 to 25
ZYON GRAND,"1,407,000",473.62,"2,971",Oct-25,KIM SENG ROAD,New Sale,Strata,44,"31,977",-,Apartment,1,99 yrs lease commencing from 2024,03,Rest of Central Region,21 to 25
ZYON GRAND,"1,927,000",645.84,"2,984",Oct-25,KIM SENG ROAD,New Sale,Strata,60,"32,117",-,Apartment,1,99 yrs lease commencing from 2024,03,Rest of Central Region,21 to 25
ZYON GRAND,"3,228,000","1,054.87","3,060",Oct-25,KIM SENG ROAD,New Sale,Strata,98,"32,939",-,Apartment,1,99 yrs lease commencing from 2024,03,Rest of Central Region,21 to 25
ZYON GRAND,"2,142,000",721.19,"2,970",Oct-25,KIM SENG ROAD,New Sale,Strata,67,"31,970",-,Apartment,1,99 yrs lease commencing from 2024,03,Rest of Central Region,21 to 25
ZYON GRAND,"1,410,000",473.62,"2,977",Oct-25,KIM SENG ROAD,New Sale,Strata,44,"32,045",-,Apartment,1,99 yrs lease commencing from 2024,03,Rest of Central Region,21 to 25
ZYON GRAND,"1,932,000",645.84,"2,991",Oct-25,KIM SENG ROAD,New Sale,Strata,60,"32,200",-,Apartment,1,99 yrs lease commencing from 2024,03,Rest of Central Region,21 to 25
ZYON GRAND,"3,237,000","1,054.87","3,069",Oct-25,KIM SENG ROAD,New Sale,Strata,98,"33,031",-,Apartment,1,99 yrs lease commencing from 2024,03,Rest of Central Region,21 to 25
ZYON GRAND,"2,147,000",721.19,"2,977",Oct-25,KIM SENG ROAD,New Sale,Strata,67,"32,045",-,Apartment,1,99 yrs lease commencing from 2024,03,Rest of Central Region,21 to 25
ZYON GRAND,"1,413,000",473.62,"2,983",Oct-25,KIM SENG ROAD,New Sale,Strata,44,"32,114",-,Apartment,1,99 yrs lease commencing from 2024,03,Rest of Central Region,21 to 25
ZYON GRAND,"1,937,000",645.84,"2,999",Oct-25,KIM SENG ROAD,New Sale,Strata,60,"32,283",-,Apartment,1,99 yrs lease commencing from 2024,03,Rest of Central Region,21 to 25
ZYON GRAND,"3,246,000","1,054.87","3,077",Oct-25,KIM SENG ROAD,New Sale,Strata,98,"33,122",-,Apartment,1,99 yrs lease commencing from 2024,03,Rest of Central Region,26 to 30
ZYON GRAND,"4,364,000","1,420.85","3,071",Oct-25,KIM SENG ROAD,New Sale,Strata,132,"33,061",-,Apartment,1,99 yrs lease commencing from 2024,03,Rest of Central Region,26 to 30
ZYON GRAND,"2,152,000",721.19,"2,984",Oct-25,KIM SENG ROAD,New Sale,Strata,67,"32,119",-,Apartment,1,99 yrs lease commencing from 2024,03,Rest of Central Region,26 to 30
ZYON GRAND,"1,416,000",473.62,"2,990",Oct-25,KIM SENG ROAD,New Sale,Strata,44,"32,182",-,Apartment,1,99 yrs lease commencing from 2024,03,Rest of Central Region,26 to 30
ZYON GRAND,"1,942,000",645.84,"3,007",Oct-25,KIM SENG ROAD,New Sale,Strata,60,"32,367",-,Apartment,1,99 yrs lease commencing from 2024,03,Rest of Central Region,26 to 30
ZYON GRAND,"3,255,000","1,054.87","3,086",Oct-25,KIM SENG ROAD,New Sale,Strata,98,"33,214",-,Apartment,1,99 yrs lease commencing from 2024,03,Rest of Central Region,26 to 30
ZYON GRAND,"2,627,000",861.12,"3,051",Oct-25,KIM SENG ROAD,New Sale,Strata,80,"32,838",-,Apartment,1,99 yrs lease commencing from 2024,03,Rest of Central Region,26 to 30
ZYON GRAND,"2,157,000",721.19,"2,991",Oct-25,KIM SENG ROAD,New Sale,Strata,67,"32,194",-,Apartment,1,99 yrs lease commencing from 2024,03,Rest of Central Region,26 to 30
ZYON GRAND,"1,947,000",645.84,"3,015",Oct-25,KIM SENG ROAD,New Sale,Strata,60,"32,450",-,Apartment,1,99 yrs lease commencing from 2024,03,Rest of Central Region,26 to 30
ZYON GRAND,"3,273,000","1,054.87","3,103",Oct-25,KIM SENG ROAD,New Sale,Strata,98,"33,398",-,Apartment,1,99 yrs lease commencing from 2024,03,Rest of Central Region,26 to 30
ZYON GRAND,"2,167,000",721.19,"3,005",Oct-25,KIM SENG ROAD,New Sale,Strata,67,"32,343",-,Apartment,1,99 yrs lease commencing from 2024,03,Rest of Central Region,26 to 30
ZYON GRAND,"1,425,000",473.62,"3,009",Oct-25,KIM SENG ROAD,New Sale,Strata,44,"32,386",-,Apartment,1,99 yrs lease commencing from 2024,03,Rest of Central Region,26 to 30
ZYON GRAND,"1,957,000",645.84,"3,030",Oct-25,KIM SENG ROAD,New Sale,Strata,60,"32,617",-,Apartment,1,99 yrs lease commencing from 2024,03,Rest of Central Region,26 to 30
ZYON GRAND,"3,282,000","1,054.87","3,111",Oct-25,KIM SENG ROAD,New Sale,Strata,98,"33,490",-,Apartment,1,99 yrs lease commencing from 2024,03,Rest of Central Region,26 to 30
ZYON GRAND,"2,651,000",861.12,"3,079",Oct-25,KIM SENG ROAD,New Sale,Strata,80,"33,138",-,Apartment,1,99 yrs lease commencing from 2024,03,Rest of Central Region,26 to 30
ZYON GRAND,"2,172,000",721.19,"3,012",Oct-25,KIM SENG ROAD,New Sale,Strata,67,"32,418",-,Apartment,1,99 yrs lease commencing from 2024,03,Rest of Central Region,26 to 30
ZYON GRAND,"1,962,000",645.84,"3,038",Oct-25,KIM SENG ROAD,New Sale,Strata,60,"32,700",-,Apartment,1,99 yrs lease commencing from 2024,03,Rest of Central Region,26 to 30
ZYON GRAND,"3,291,000","1,054.87","3,120",Oct-25,KIM SENG ROAD,New Sale,Strata,98,"33,582",-,Apartment,1,99 yrs lease commencing from 2024,03,Rest of Central Region,26 to 30
ZYON GRAND,"4,429,000","1,420.85","3,117",Oct-25,KIM SENG ROAD,New Sale,Strata,132,"33,553",-,Apartment,1,99 yrs lease commencing from 2024,03,Rest of Central Region,26 to 30
ZYON GRAND,"2,659,000",861.12,"3,088",Oct-25,KIM SENG ROAD,New Sale,Strata,80,"33,238",-,Apartment,1,99 yrs lease commencing from 2024,03,Rest of Central Region,26 to 30
ZYON GRAND,"2,177,000",721.19,"3,019",Oct-25,KIM SENG ROAD,New Sale,Strata,67,"32,493",-,Apartment,1,99 yrs lease commencing from 2024,03,Rest of Central Region,26 to 30
ZYON GRAND,"1,967,000",645.84,"3,046",Oct-25,KIM SENG ROAD,New Sale,Strata,60,"32,783",-,Apartment,1,99 yrs lease commencing from 2024,03,Rest of Central Region,26 to 30
ZYON GRAND,"3,300,000","1,054.87","3,128",Oct-25,KIM SENG ROAD,New Sale,Strata,98,"33,673",-,Apartment,1,99 yrs lease commencing from 2024,03,Rest of Central Region,31 to 35
ZYON GRAND,"2,667,000",861.12,"3,097",Oct-25,KIM SENG ROAD,New Sale,Strata,80,"33,338",-,Apartment,1,99 yrs lease commencing from 2024,03,Rest of Central Region,31 to 35
ZYON GRAND,"2,182,000",721.19,"3,026",Oct-25,KIM SENG ROAD,New Sale,Strata,67,"32,567",-,Apartment,1,99 yrs lease commencing from 2024,03,Rest of Central Region,31 to 35
ZYON GRAND,"1,972,000",645.84,"3,053",Oct-25,KIM SENG ROAD,New Sale,Strata,60,"32,867",-,Apartment,1,99 yrs lease commencing from 2024,03,Rest of Central Region,31 to 35
ZYON GRAND,"3,309,000","1,054.87","3,137",Oct-25,KIM SENG ROAD,New Sale,Strata,98,"33,765",-,Apartment,1,99 yrs lease commencing from 2024,03,Rest of Central Region,31 to 35
ZYON GRAND,"2,676,000",861.12,"3,108",Oct-25,KIM SENG ROAD,New Sale,Strata,80,"33,450",-,Apartment,1,99 yrs lease commencing from 2024,03,Rest of Central Region,31 to 35
ZYON GRAND,"2,187,000",721.19,"3,032",Oct-25,KIM SENG ROAD,New Sale,Strata,67,"32,642",-,Apartment,1,99 yrs lease commencing from 2024,03,Rest of Central Region,31 to 35
ZYON GRAND,"1,977,000",645.84,"3,061",Oct-25,KIM SENG ROAD,New Sale,Strata,60,"32,950",-,Apartment,1,99 yrs lease commencing from 2024,03,Rest of Central Region,31 to 35
ZYON GRAND,"3,318,000","1,054.87","3,145",Oct-25,KIM SENG ROAD,New Sale,Strata,98,"33,857",-,Apartment,1,99 yrs lease commencing from 2024,03,Rest of Central Region,31 to 35
ZYON GRAND,"2,684,000",861.12,"3,117",Oct-25,KIM SENG ROAD,New Sale,Strata,80,"33,550",-,Apartment,1,99 yrs lease commencing from 2024,03,Rest of Central Region,31 to 35
ZYON GRAND,"2,192,000",721.19,"3,039",Oct-25,KIM SENG ROAD,New Sale,Strata,67,"32,716",-,Apartment,1,99 yrs lease commencing from 2024,03,Rest of Central Region,31 to 35
ZYON GRAND,"1,982,000",645.84,"3,069",Oct-25,KIM SENG ROAD,New Sale,Strata,60,"33,033",-,Apartment,1,99 yrs lease commencing from 2024,03,Rest of Central Region,31 to 35
ZYON GRAND,"3,327,000","1,054.87","3,154",Oct-25,KIM SENG ROAD,New Sale,Strata,98,"33,949",-,Apartment,1,99 yrs lease commencing from 2024,03,Rest of Central Region,31 to 35
ZYON GRAND,"2,197,000",721.19,"3,046",Oct-25,KIM SENG ROAD,New Sale,Strata,67,"32,791",-,Apartment,1,99 yrs lease commencing from 2024,03,Rest of Central Region,31 to 35
ZYON GRAND,"1,987,000",645.84,"3,077",Oct-25,KIM SENG ROAD,New Sale,Strata,60,"33,117",-,Apartment,1,99 yrs lease commencing from 2024,03,Rest of Central Region,31 to 35
ZYON GRAND,"3,336,000","1,054.87","3,162",Oct-25,KIM SENG ROAD,New Sale,Strata,98,"34,041",-,Apartment,1,99 yrs lease commencing from 2024,03,Rest of Central Region,31 to 35
ZYON GRAND,"2,202,000",721.19,"3,053",Oct-25,KIM SENG ROAD,New Sale,Strata,67,"32,866",-,Apartment,1,99 yrs lease commencing from 2024,03,Rest of Central Region,31 to 35
ZYON GRAND,"1,446,000",473.62,"3,053",Oct-25,KIM SENG ROAD,New Sale,Strata,44,"32,864",-,Apartment,1,99 yrs lease commencing from 2024,03,Rest of Central Region,31 to 35
ZYON GRAND,"3,360,000","1,054.87","3,185",Oct-25,KIM SENG ROAD,New Sale,Strata,98,"34,286",-,Apartment,1,99 yrs lease commencing from 2024,03,Rest of Central Region,36 to 40
ZYON GRAND,"2,735,000",861.12,"3,176",Oct-25,KIM SENG ROAD,New Sale,Strata,80,"34,188",-,Apartment,1,99 yrs lease commencing from 2024,03,Rest of Central Region,36 to 40
ZYON GRAND,"2,218,000",721.19,"3,075",Oct-25,KIM SENG ROAD,New Sale,Strata,67,"33,104",-,Apartment,1,99 yrs lease commencing from 2024,03,Rest of Central Region,36 to 40
ZYON GRAND,"2,004,000",645.84,"3,103",Oct-25,KIM SENG ROAD,New Sale,Strata,60,"33,400",-,Apartment,1,99 yrs lease commencing from 2024,03,Rest of Central Region,36 to 40
ZYON GRAND,"3,369,000","1,054.87","3,194",Oct-25,KIM SENG ROAD,New Sale,Strata,98,"34,378",-,Apartment,1,99 yrs lease commencing from 2024,03,Rest of Central Region,36 to 40
ZYON GRAND,"2,743,000",861.12,"3,185",Oct-25,KIM SENG ROAD,New Sale,Strata,80,"34,288",-,Apartment,1,99 yrs lease commencing from 2024,03,Rest of Central Region,36 to 40
ZYON GRAND,"2,223,000",721.19,"3,082",Oct-25,KIM SENG ROAD,New Sale,Strata,67,"33,179",-,Apartment,1,99 yrs lease commencing from 2024,03,Rest of Central Region,36 to 40
ZYON GRAND,"2,009,000",645.84,"3,111",Oct-25,KIM SENG ROAD,New Sale,Strata,60,"33,483",-,Apartment,1,99 yrs lease commencing from 2024,03,Rest of Central Region,36 to 40
ZYON GRAND,"3,387,000","1,054.87","3,211",Oct-25,KIM SENG ROAD,New Sale,Strata,98,"34,561",-,Apartment,1,99 yrs lease commencing from 2024,03,Rest of Central Region,36 to 40
ZYON GRAND,"2,234,000",721.19,"3,098",Oct-25,KIM SENG ROAD,New Sale,Strata,67,"33,343",-,Apartment,1,99 yrs lease commencing from 2024,03,Rest of Central Region,36 to 40
ZYON GRAND,"2,019,000",645.84,"3,126",Oct-25,KIM SENG ROAD,New Sale,Strata,60,"33,650",-,Apartment,1,99 yrs lease commencing from 2024,03,Rest of Central Region,36 to 40
ZYON GRAND,"3,396,000","1,054.87","3,219",Oct-25,KIM SENG ROAD,New Sale,Strata,98,"34,653",-,Apartment,1,99 yrs lease commencing from 2024,03,Rest of Central Region,36 to 40
ZYON GRAND,"2,767,000",861.12,"3,213",Oct-25,KIM SENG ROAD,New Sale,Strata,80,"34,588",-,Apartment,1,99 yrs lease commencing from 2024,03,Rest of Central Region,36 to 40
ZYON GRAND,"2,239,000",721.19,"3,105",Oct-25,KIM SENG ROAD,New Sale,Strata,67,"33,418",-,Apartment,1,99 yrs lease commencing from 2024,03,Rest of Central Region,36 to 40
ZYON GRAND,"2,024,000",645.84,"3,134",Oct-25,KIM SENG ROAD,New Sale,Strata,60,"33,733",-,Apartment,1,99 yrs lease commencing from 2024,03,Rest of Central Region,36 to 40
ZYON GRAND,"3,405,000","1,054.87","3,228",Oct-25,KIM SENG ROAD,New Sale,Strata,98,"34,745",-,Apartment,1,99 yrs lease commencing from 2024,03,Rest of Central Region,36 to 40
ZYON GRAND,"2,775,000",861.12,"3,223",Oct-25,KIM SENG ROAD,New Sale,Strata,80,"34,688",-,Apartment,1,99 yrs lease commencing from 2024,03,Rest of Central Region,36 to 40
ZYON GRAND,"2,244,000",721.19,"3,112",Oct-25,KIM SENG ROAD,New Sale,Strata,67,"33,493",-,Apartment,1,99 yrs lease commencing from 2024,03,Rest of Central Region,36 to 40
ZYON GRAND,"2,029,000",645.84,"3,142",Oct-25,KIM SENG ROAD,New Sale,Strata,60,"33,817",-,Apartment,1,99 yrs lease commencing from 2024,03,Rest of Central Region,36 to 40
ZYON GRAND,"3,414,000","1,054.87","3,236",Oct-25,KIM SENG ROAD,New Sale,Strata,98,"34,837",-,Apartment,1,99 yrs lease commencing from 2024,03,Rest of Central Region,41 to 45
ZYON GRAND,"2,783,000",861.12,"3,232",Oct-25,KIM SENG ROAD,New Sale,Strata,80,"34,788",-,Apartment,1,99 yrs lease commencing from 2024,03,Rest of Central Region,41 to 45
ZYON GRAND,"2,034,000",645.84,"3,149",Oct-25,KIM SENG ROAD,New Sale,Strata,60,"33,900",-,Apartment,1,99 yrs lease commencing from 2024,03,Rest of Central Region,41 to 45
ZYON GRAND,"3,423,000","1,054.87","3,245",Oct-25,KIM SENG ROAD,New Sale,Strata,98,"34,929",-,Apartment,1,99 yrs lease commencing from 2024,03,Rest of Central Region,41 to 45
ZYON GRAND,"2,791,000",861.12,"3,241",Oct-25,KIM SENG ROAD,New Sale,Strata,80,"34,888",-,Apartment,1,99 yrs lease commencing from 2024,03,Rest of Central Region,41 to 45
ZYON GRAND,"2,254,000",721.19,"3,125",Oct-25,KIM SENG ROAD,New Sale,Strata,67,"33,642",-,Apartment,1,99 yrs lease commencing from 2024,03,Rest of Central Region,41 to 45
ZYON GRAND,"2,039,000",645.84,"3,157",Oct-25,KIM SENG ROAD,New Sale,Strata,60,"33,983",-,Apartment,1,99 yrs lease commencing from 2024,03,Rest of Central Region,41 to 45
ZYON GRAND,"3,447,000","1,054.87","3,268",Oct-25,KIM SENG ROAD,New Sale,Strata,98,"35,173",-,Apartment,1,99 yrs lease commencing from 2024,03,Rest of Central Region,41 to 45
ZYON GRAND,"2,813,000",861.12,"3,267",Oct-25,KIM SENG ROAD,New Sale,Strata,80,"35,163",-,Apartment,1,99 yrs lease commencing from 2024,03,Rest of Central Region,41 to 45
ZYON GRAND,"2,051,000",645.84,"3,176",Oct-25,KIM SENG ROAD,New Sale,Strata,60,"34,183",-,Apartment,1,99 yrs lease commencing from 2024,03,Rest of Central Region,41 to 45
ZYON GRAND,"3,454,000","1,054.87","3,274",Oct-25,KIM SENG ROAD,New Sale,Strata,98,"35,245",-,Apartment,1,99 yrs lease commencing from 2024,03,Rest of Central Region,41 to 45
ZYON GRAND,"2,819,000",861.12,"3,274",Oct-25,KIM SENG ROAD,New Sale,Strata,80,"35,238",-,Apartment,1,99 yrs lease commencing from 2024,03,Rest of Central Region,41 to 45
ZYON GRAND,"2,274,000",721.19,"3,153",Oct-25,KIM SENG ROAD,New Sale,Strata,67,"33,940",-,Apartment,1,99 yrs lease commencing from 2024,03,Rest of Central Region,41 to 45
ZYON GRAND,"2,055,000",645.84,"3,182",Oct-25,KIM SENG ROAD,New Sale,Strata,60,"34,250",-,Apartment,1,99 yrs lease commencing from 2024,03,Rest of Central Region,41 to 45
ZYON GRAND,"3,461,000","1,054.87","3,281",Oct-25,KIM SENG ROAD,New Sale,Strata,98,"35,316",-,Apartment,1,99 yrs lease commencing from 2024,03,Rest of Central Region,46 to 50
ZYON GRAND,"2,825,000",861.12,"3,281",Oct-25,KIM SENG ROAD,New Sale,Strata,80,"35,313",-,Apartment,1,99 yrs lease commencing from 2024,03,Rest of Central Region,46 to 50
ZYON GRAND,"2,278,000",721.19,"3,159",Oct-25,KIM SENG ROAD,New Sale,Strata,67,"34,000",-,Apartment,1,99 yrs lease commencing from 2024,03,Rest of Central Region,46 to 50
ZYON GRAND,"2,059,000",645.84,"3,188",Oct-25,KIM SENG ROAD,New Sale,Strata,60,"34,317",-,Apartment,1,99 yrs lease commencing from 2024,03,Rest of Central Region,46 to 50
ZYON GRAND,"3,468,000","1,054.87","3,288",Oct-25,KIM SENG ROAD,New Sale,Strata,98,"35,388",-,Apartment,1,99 yrs lease commencing from 2024,03,Rest of Central Region,46 to 50
ZYON GRAND,"2,831,000",861.12,"3,288",Oct-25,KIM SENG ROAD,New Sale,Strata,80,"35,388",-,Apartment,1,99 yrs lease commencing from 2024,03,Rest of Central Region,46 to 50
ZYON GRAND,"2,282,000",721.19,"3,164",Oct-25,KIM SENG ROAD,New Sale,Strata,67,"34,060",-,Apartment,1,99 yrs lease commencing from 2024,03,Rest of Central Region,46 to 50
ZYON GRAND,"2,063,000",645.84,"3,194",Oct-25,KIM SENG ROAD,New Sale,Strata,60,"34,383",-,Apartment,1,99 yrs lease commencing from 2024,03,Rest of Central Region,46 to 50
ZYON GRAND,"2,843,000",861.12,"3,302",Oct-25,KIM SENG ROAD,New Sale,Strata,80,"35,538",-,Apartment,1,99 yrs lease commencing from 2024,03,Rest of Central Region,46 to 50
ZYON GRAND,"2,290,000",721.19,"3,175",Oct-25,KIM SENG ROAD,New Sale,Strata,67,"34,179",-,Apartment,1,99 yrs lease commencing from 2024,03,Rest of Central Region,46 to 50
ZYON GRAND,"2,071,000",645.84,"3,207",Oct-25,KIM SENG ROAD,New Sale,Strata,60,"34,517",-,Apartment,1,99 yrs lease commencing from 2024,03,Rest of Central Region,46 to 50
ZYON GRAND,"3,489,000","1,054.87","3,308",Oct-25,KIM SENG ROAD,New Sale,Strata,98,"35,602",-,Apartment,1,99 yrs lease commencing from 2024,03,Rest of Central Region,46 to 50
ZYON GRAND,"2,849,000",861.12,"3,308",Oct-25,KIM SENG ROAD,New Sale,Strata,80,"35,613",-,Apartment,1,99 yrs lease commencing from 2024,03,Rest of Central Region,46 to 50
ZYON GRAND,"2,294,000",721.19,"3,181",Oct-25,KIM SENG ROAD,New Sale,Strata,67,"34,239",-,Apartment,1,99 yrs lease commencing from 2024,03,Rest of Central Region,46 to 50
ZYON GRAND,"2,075,000",645.84,"3,213",Oct-25,KIM SENG ROAD,New Sale,Strata,60,"34,583",-,Apartment,1,99 yrs lease commencing from 2024,03,Rest of Central Region,46 to 50
ZYON GRAND,"3,496,000","1,054.87","3,314",Oct-25,KIM SENG ROAD,New Sale,Strata,98,"35,673",-,Apartment,1,99 yrs lease commencing from 2024,03,Rest of Central Region,46 to 50
ZYON GRAND,"2,855,000",861.12,"3,315",Oct-25,KIM SENG ROAD,New Sale,Strata,80,"35,688",-,Apartment,1,99 yrs lease commencing from 2024,03,Rest of Central Region,46 to 50
ZYON GRAND,"2,079,000",645.84,"3,219",Oct-25,KIM SENG ROAD,New Sale,Strata,60,"34,650",-,Apartment,1,99 yrs lease commencing from 2024,03,Rest of Central Region,46 to 50
ZYON GRAND,"3,503,000","1,054.87","3,321",Oct-25,KIM SENG ROAD,New Sale,Strata,98,"35,745",-,Apartment,1,99 yrs lease commencing from 2024,03,Rest of Central Region,51 to 55
ZYON GRAND,"2,861,000",861.12,"3,322",Oct-25,KIM SENG ROAD,New Sale,Strata,80,"35,763",-,Apartment,1,99 yrs lease commencing from 2024,03,Rest of Central Region,51 to 55
ZYON GRAND,"2,302,000",721.19,"3,192",Oct-25,KIM SENG ROAD,New Sale,Strata,67,"34,358",-,Apartment,1,99 yrs lease commencing from 2024,03,Rest of Central Region,51 to 55
ZYON GRAND,"2,083,000",645.84,"3,225",Oct-25,KIM SENG ROAD,New Sale,Strata,60,"34,717",-,Apartment,1,99 yrs lease commencing from 2024,03,Rest of Central Region,51 to 55
ZYON GRAND,"2,867,000",861.12,"3,329",Oct-25,KIM SENG ROAD,New Sale,Strata,80,"35,838",-,Apartment,1,99 yrs lease commencing from 2024,03,Rest of Central Region,51 to 55
ZYON GRAND,"2,306,000",721.19,"3,198",Oct-25,KIM SENG ROAD,New Sale,Strata,67,"34,418",-,Apartment,1,99 yrs lease commencing from 2024,03,Rest of Central Region,51 to 55
ZYON GRAND,"2,087,000",645.84,"3,231",Oct-25,KIM SENG ROAD,New Sale,Strata,60,"34,783",-,Apartment,1,99 yrs lease commencing from 2024,03,Rest of Central Region,51 to 55
ZYON GRAND,"3,517,000","1,054.87","3,334",Oct-25,KIM SENG ROAD,New Sale,Strata,98,"35,888",-,Apartment,1,99 yrs lease commencing from 2024,03,Rest of Central Region,51 to 55
ZYON GRAND,"2,873,000",861.12,"3,336",Oct-25,KIM SENG ROAD,New Sale,Strata,80,"35,913",-,Apartment,1,99 yrs lease commencing from 2024,03,Rest of Central Region,51 to 55
ZYON GRAND,"2,310,000",721.19,"3,203",Oct-25,KIM SENG ROAD,New Sale,Strata,67,"34,478",-,Apartment,1,99 yrs lease commencing from 2024,03,Rest of Central Region,51 to 55
ZYON GRAND,"3,524,000","1,054.87","3,341",Oct-25,KIM SENG ROAD,New Sale,Strata,98,"35,959",-,Apartment,1,99 yrs lease commencing from 2024,03,Rest of Central Region,51 to 55
ZYON GRAND,"2,879,000",861.12,"3,343",Oct-25,KIM SENG ROAD,New Sale,Strata,80,"35,988",-,Apartment,1,99 yrs lease commencing from 2024,03,Rest of Central Region,51 to 55
ZYON GRAND,"2,095,000",645.84,"3,244",Oct-25,KIM SENG ROAD,New Sale,Strata,60,"34,917",-,Apartment,1,99 yrs lease commencing from 2024,03,Rest of Central Region,51 to 55
ZYON GRAND,"2,885,000",861.12,"3,350",Oct-25,KIM SENG ROAD,New Sale,Strata,80,"36,063",-,Apartment,1,99 yrs lease commencing from 2024,03,Rest of Central Region,51 to 55
ZYON GRAND,"2,318,000",721.19,"3,214",Oct-25,KIM SENG ROAD,New Sale,Strata,67,"34,597",-,Apartment,1,99 yrs lease commencing from 2024,03,Rest of Central Region,51 to 55
ZYON GRAND,"2,099,000",645.84,"3,250",Oct-25,KIM SENG ROAD,New Sale,Strata,60,"34,983",-,Apartment,1,99 yrs lease commencing from 2024,03,Rest of Central Region,51 to 55
ZYON GRAND,"3,538,000","1,054.87","3,354",Oct-25,KIM SENG ROAD,New Sale,Strata,98,"36,102",-,Apartment,1,99 yrs lease commencing from 2024,03,Rest of Central Region,56 to 60
ZYON GRAND,"2,891,000",861.12,"3,357",Oct-25,KIM SENG ROAD,New Sale,Strata,80,"36,138",-,Apartment,1,99 yrs lease commencing from 2024,03,Rest of Central Region,56 to 60
ZYON GRAND,"2,103,000",645.84,"3,256",Oct-25,KIM SENG ROAD,New Sale,Strata,60,"35,050",-,Apartment,1,99 yrs lease commencing from 2024,03,Rest of Central Region,56 to 60
ZYON GRAND,"3,545,000","1,054.87","3,361",Oct-25,KIM SENG ROAD,New Sale,Strata,98,"36,173",-,Apartment,1,99 yrs lease commencing from 2024,03,Rest of Central Region,56 to 60
ZYON GRAND,"2,897,000",861.12,"3,364",Oct-25,KIM SENG ROAD,New Sale,Strata,80,"36,213",-,Apartment,1,99 yrs lease commencing from 2024,03,Rest of Central Region,56 to 60
ZYON GRAND,"2,107,000",645.84,"3,262",Oct-25,KIM SENG ROAD,New Sale,Strata,60,"35,117",-,Apartment,1,99 yrs lease commencing from 2024,03,Rest of Central Region,56 to 60
ZYON GRAND,"3,559,000","1,054.87","3,374",Oct-25,KIM SENG ROAD,New Sale,Strata,98,"36,316",-,Apartment,1,99 yrs lease commencing from 2024,03,Rest of Central Region,56 to 60
ZYON GRAND,"2,909,000",861.12,"3,378",Oct-25,KIM SENG ROAD,New Sale,Strata,80,"36,363",-,Apartment,1,99 yrs lease commencing from 2024,03,Rest of Central Region,56 to 60
ZYON GRAND,"2,115,000",645.84,"3,275",Oct-25,KIM SENG ROAD,New Sale,Strata,60,"35,250",-,Apartment,1,99 yrs lease commencing from 2024,03,Rest of Central Region,56 to 60
ZYON GRAND,"3,566,000","1,054.87","3,381",Oct-25,KIM SENG ROAD,New Sale,Strata,98,"36,388",-,Apartment,1,99 yrs lease commencing from 2024,03,Rest of Central Region,56 to 60
ZYON GRAND,"2,915,000",861.12,"3,385",Oct-25,KIM SENG ROAD,New Sale,Strata,80,"36,438",-,Apartment,1,99 yrs lease commencing from 2024,03,Rest of Central Region,56 to 60
ZYON GRAND,"2,119,000",645.84,"3,281",Oct-25,KIM SENG ROAD,New Sale,Strata,60,"35,317",-,Apartment,1,99 yrs lease commencing from 2024,03,Rest of Central Region,56 to 60
ZYON GRAND,"3,573,000","1,054.87","3,387",Oct-25,KIM SENG ROAD,New Sale,Strata,98,"36,459",-,Apartment,1,99 yrs lease commencing from 2024,03,Rest of Central Region,56 to 60
ZYON GRAND,"2,921,000",861.12,"3,392",Oct-25,KIM SENG ROAD,New Sale,Strata,80,"36,513",-,Apartment,1,99 yrs lease commencing from 2024,03,Rest of Central Region,56 to 60
ZYON GRAND,"2,123,000",645.84,"3,287",Oct-25,KIM SENG ROAD,New Sale,Strata,60,"35,383",-,Apartment,1,99 yrs lease commencing from 2024,03,Rest of Central Region,56 to 60
ZYON GRAND,"3,580,000","1,054.87","3,394",Oct-25,KIM SENG ROAD,New Sale,Strata,98,"36,531",-,Apartment,1,99 yrs lease commencing from 2024,03,Rest of Central Region,61 to 65
ZYON GRAND,"2,927,000",861.12,"3,399",Oct-25,KIM SENG ROAD,New Sale,Strata,80,"36,588",-,Apartment,1,99 yrs lease commencing from 2024,03,Rest of Central Region,61 to 65
ZYON GRAND,"2,127,000",645.84,"3,293",Oct-25,KIM SENG ROAD,New Sale,Strata,60,"35,450",-,Apartment,1,99 yrs lease commencing from 2024,03,Rest of Central Region,61 to 65
ZYON GRAND,"2,933,000",861.12,"3,406",Oct-25,KIM SENG ROAD,New Sale,Strata,80,"36,663",-,Apartment,1,99 yrs lease commencing from 2024,03,Rest of Central Region,61 to 65
ZYON GRAND,"2,350,000",721.19,"3,259",Oct-25,KIM SENG ROAD,New Sale,Strata,67,"35,075",-,Apartment,1,99 yrs lease commencing from 2024,03,Rest of Central Region,61 to 65
ZYON GRAND,"2,131,000",645.84,"3,300",Oct-25,KIM SENG ROAD,New Sale,Strata,60,"35,517",-,Apartment,1,99 yrs lease commencing from 2024,03,Rest of Central Region,61 to 65
PROMENADE PEAK,"1,487,100",527.44,"2,819",Oct-25,ZION PROMENADE,New Sale,Strata,49,"30,349",-,Condominium,1,99 yrs lease commencing from 2024,03,Rest of Central Region,11 to 15
PROMENADE PEAK,"3,083,700","1,033.34","2,984",Oct-25,ZION PROMENADE,New Sale,Strata,96,"32,122",-,Condominium,1,99 yrs lease commencing from 2024,03,Rest of Central Region,26 to 30
PROMENADE PEAK,"2,058,400",678.13,"3,035",Oct-25,ZION PROMENADE,New Sale,Strata,63,"32,673",-,Condominium,1,99 yrs lease commencing from 2024,03,Rest of Central Region,26 to 30
PROMENADE PEAK,"3,102,500","1,033.34","3,002",Oct-25,ZION PROMENADE,New Sale,Strata,96,"32,318",-,Condominium,1,99 yrs lease commencing from 2024,03,Rest of Central Region,26 to 30
PROMENADE PEAK,"2,063,800",678.13,"3,043",Oct-25,ZION PROMENADE,New Sale,Strata,63,"32,759",-,Condominium,1,99 yrs lease commencing from 2024,03,Rest of Central Region,26 to 30
PROMENADE PEAK,"2,054,100",667.37,"3,078",Oct-25,ZION PROMENADE,New Sale,Strata,62,"33,131",-,Condominium,1,99 yrs lease commencing from 2024,03,Rest of Central Region,31 to 35
ZYON GRAND,"4,168,000","1,517.72","2,746",Oct-25,KIM SENG ROAD,New Sale,Strata,141,"29,560",-,Apartment,1,99 yrs lease commencing from 2024,03,Rest of Central Region,01 to 05
ZYON GRAND,"4,188,000","1,517.72","2,759",Oct-25,KIM SENG ROAD,New Sale,Strata,141,"29,702",-,Apartment,1,99 yrs lease commencing from 2024,03,Rest of Central Region,01 to 05
ZYON GRAND,"4,203,000","1,517.72","2,769",Oct-25,KIM SENG ROAD,New Sale,Strata,141,"29,809",-,Apartment,1,99 yrs lease commencing from 2024,03,Rest of Central Region,01 to 05
ZYON GRAND,"4,218,000","1,517.72","2,779",Oct-25,KIM SENG ROAD,New Sale,Strata,141,"29,915",-,Apartment,1,99 yrs lease commencing from 2024,03,Rest of Central Region,01 to 05
ZYON GRAND,"4,233,000","1,517.72","2,789",Oct-25,KIM SENG ROAD,New Sale,Strata,141,"30,021",-,Apartment,1,99 yrs lease commencing from 2024,03,Rest of Central Region,06 to 10
ZYON GRAND,"3,052,000","1,076.4","2,835",Oct-25,KIM SENG ROAD,New Sale,Strata,100,"30,520",-,Apartment,1,99 yrs lease commencing from 2024,03,Rest of Central Region,06 to 10
ZYON GRAND,"2,380,000",861.12,"2,764",Oct-25,KIM SENG ROAD,New Sale,Strata,80,"29,750",-,Apartment,1,99 yrs lease commencing from 2024,03,Rest of Central Region,06 to 10
ZYON GRAND,"1,945,820",721.19,"2,698",Oct-25,KIM SENG ROAD,New Sale,Strata,67,"29,042",-,Apartment,1,99 yrs lease commencing from 2024,03,Rest of Central Region,06 to 10
ZYON GRAND,"1,488,000",538.2,"2,765",Oct-25,KIM SENG ROAD,New Sale,Strata,50,"29,760",-,Apartment,1,99 yrs lease commencing from 2024,03,Rest of Central Region,06 to 10
ZYON GRAND,"2,240,000",818.06,"2,738",Oct-25,KIM SENG ROAD,New Sale,Strata,76,"29,474",-,Apartment,1,99 yrs lease commencing from 2024,03,Rest of Central Region,06 to 10
ZYON GRAND,"4,248,000","1,517.72","2,799",Oct-25,KIM SENG ROAD,New Sale,Strata,141,"30,128",-,Apartment,1,99 yrs lease commencing from 2024,03,Rest of Central Region,06 to 10
ZYON GRAND,"2,391,000",861.12,"2,777",Oct-25,KIM SENG ROAD,New Sale,Strata,80,"29,888",-,Apartment,1,99 yrs lease commencing from 2024,03,Rest of Central Region,06 to 10
ZYON GRAND,"2,013,000",721.19,"2,791",Oct-25,KIM SENG ROAD,New Sale,Strata,67,"30,045",-,Apartment,1,99 yrs lease commencing from 2024,03,Rest of Central Region,06 to 10
ZYON GRAND,"1,495,000",538.2,"2,778",Oct-25,KIM SENG ROAD,New Sale,Strata,50,"29,900",-,Apartment,1,99 yrs lease commencing from 2024,03,Rest of Central Region,06 to 10
ZYON GRAND,"2,253,000",818.06,"2,754",Oct-25,KIM SENG ROAD,New Sale,Strata,76,"29,645",-,Apartment,1,99 yrs lease commencing from 2024,03,Rest of Central Region,06 to 10
ZYON GRAND,"4,278,000","1,517.72","2,819",Oct-25,KIM SENG ROAD,New Sale,Strata,141,"30,340",-,Apartment,1,99 yrs lease commencing from 2024,03,Rest of Central Region,06 to 10
ZYON GRAND,"3,088,000","1,076.4","2,869",Oct-25,KIM SENG ROAD,New Sale,Strata,100,"30,880",-,Apartment,1,99 yrs lease commencing from 2024,03,Rest of Central Region,06 to 10
ZYON GRAND,"2,413,000",861.12,"2,802",Oct-25,KIM SENG ROAD,New Sale,Strata,80,"30,163",-,Apartment,1,99 yrs lease commencing from 2024,03,Rest of Central Region,06 to 10
ZYON GRAND,"2,027,000",721.19,"2,811",Oct-25,KIM SENG ROAD,New Sale,Strata,67,"30,254",-,Apartment,1,99 yrs lease commencing from 2024,03,Rest of Central Region,06 to 10
ZYON GRAND,"1,505,000",538.2,"2,796",Oct-25,KIM SENG ROAD,New Sale,Strata,50,"30,100",-,Apartment,1,99 yrs lease commencing from 2024,03,Rest of Central Region,06 to 10
ZYON GRAND,"2,270,000",818.06,"2,775",Oct-25,KIM SENG ROAD,New Sale,Strata,76,"29,868",-,Apartment,1,99 yrs lease commencing from 2024,03,Rest of Central Region,06 to 10
ZYON GRAND,"4,288,000","1,517.72","2,825",Oct-25,KIM SENG ROAD,New Sale,Strata,141,"30,411",-,Apartment,1,99 yrs lease commencing from 2024,03,Rest of Central Region,06 to 10
ZYON GRAND,"3,100,000","1,076.4","2,880",Oct-25,KIM SENG ROAD,New Sale,Strata,100,"31,000",-,Apartment,1,99 yrs lease commencing from 2024,03,Rest of Central Region,06 to 10
ZYON GRAND,"2,351,280",861.12,"2,730",Oct-25,KIM SENG ROAD,New Sale,Strata,80,"29,391",-,Apartment,1,99 yrs lease commencing from 2024,03,Rest of Central Region,06 to 10
ZYON GRAND,"2,034,000",721.19,"2,820",Oct-25,KIM SENG ROAD,New Sale,Strata,67,"30,358",-,Apartment,1,99 yrs lease commencing from 2024,03,Rest of Central Region,06 to 10
ZYON GRAND,"1,510,000",538.2,"2,806",Oct-25,KIM SENG ROAD,New Sale,Strata,50,"30,200",-,Apartment,1,99 yrs lease commencing from 2024,03,Rest of Central Region,06 to 10
ZYON GRAND,"2,283,000",818.06,"2,791",Oct-25,KIM SENG ROAD,New Sale,Strata,76,"30,039",-,Apartment,1,99 yrs lease commencing from 2024,03,Rest of Central Region,06 to 10
ZYON GRAND,"4,303,000","1,517.72","2,835",Oct-25,KIM SENG ROAD,New Sale,Strata,141,"30,518",-,Apartment,1,99 yrs lease commencing from 2024,03,Rest of Central Region,06 to 10
ZYON GRAND,"3,112,000","1,076.4","2,891",Oct-25,KIM SENG ROAD,New Sale,Strata,100,"31,120",-,Apartment,1,99 yrs lease commencing from 2024,03,Rest of Central Region,06 to 10
ZYON GRAND,"2,435,000",861.12,"2,828",Oct-25,KIM SENG ROAD,New Sale,Strata,80,"30,438",-,Apartment,1,99 yrs lease commencing from 2024,03,Rest of Central Region,06 to 10
ZYON GRAND,"2,041,000",721.19,"2,830",Oct-25,KIM SENG ROAD,New Sale,Strata,67,"30,463",-,Apartment,1,99 yrs lease commencing from 2024,03,Rest of Central Region,06 to 10
ZYON GRAND,"1,515,000",538.2,"2,815",Oct-25,KIM SENG ROAD,New Sale,Strata,50,"30,300",-,Apartment,1,99 yrs lease commencing from 2024,03,Rest of Central Region,06 to 10
ZYON GRAND,"2,293,000",818.06,"2,803",Oct-25,KIM SENG ROAD,New Sale,Strata,76,"30,171",-,Apartment,1,99 yrs lease commencing from 2024,03,Rest of Central Region,06 to 10
ZYON GRAND,"4,323,000","1,517.72","2,848",Oct-25,KIM SENG ROAD,New Sale,Strata,141,"30,660",-,Apartment,1,99 yrs lease commencing from 2024,03,Rest of Central Region,11 to 15
ZYON GRAND,"3,128,000","1,076.4","2,906",Oct-25,KIM SENG ROAD,New Sale,Strata,100,"31,280",-,Apartment,1,99 yrs lease commencing from 2024,03,Rest of Central Region,11 to 15
ZYON GRAND,"2,446,000",861.12,"2,840",Oct-25,KIM SENG ROAD,New Sale,Strata,80,"30,575",-,Apartment,1,99 yrs lease commencing from 2024,03,Rest of Central Region,11 to 15
ZYON GRAND,"2,048,000",721.19,"2,840",Oct-25,KIM SENG ROAD,New Sale,Strata,67,"30,567",-,Apartment,1,99 yrs lease commencing from 2024,03,Rest of Central Region,11 to 15
ZYON GRAND,"1,520,000",538.2,"2,824",Oct-25,KIM SENG ROAD,New Sale,Strata,50,"30,400",-,Apartment,1,99 yrs lease commencing from 2024,03,Rest of Central Region,11 to 15
ZYON GRAND,"2,303,000",818.06,"2,815",Oct-25,KIM SENG ROAD,New Sale,Strata,76,"30,303",-,Apartment,1,99 yrs lease commencing from 2024,03,Rest of Central Region,11 to 15
ZYON GRAND,"4,338,000","1,517.72","2,858",Oct-25,KIM SENG ROAD,New Sale,Strata,141,"30,766",-,Apartment,1,99 yrs lease commencing from 2024,03,Rest of Central Region,11 to 15
ZYON GRAND,"3,140,000","1,076.4","2,917",Oct-25,KIM SENG ROAD,New Sale,Strata,100,"31,400",-,Apartment,1,99 yrs lease commencing from 2024,03,Rest of Central Region,11 to 15
ZYON GRAND,"2,457,000",861.12,"2,853",Oct-25,KIM SENG ROAD,New Sale,Strata,80,"30,713",-,Apartment,1,99 yrs lease commencing from 2024,03,Rest of Central Region,11 to 15
ZYON GRAND,"2,058,000",721.19,"2,854",Oct-25,KIM SENG ROAD,New Sale,Strata,67,"30,716",-,Apartment,1,99 yrs lease commencing from 2024,03,Rest of Central Region,11 to 15
ZYON GRAND,"1,525,000",538.2,"2,834",Oct-25,KIM SENG ROAD,New Sale,Strata,50,"30,500",-,Apartment,1,99 yrs lease commencing from 2024,03,Rest of Central Region,11 to 15
ZYON GRAND,"2,313,000",818.06,"2,827",Oct-25,KIM SENG ROAD,New Sale,Strata,76,"30,434",-,Apartment,1,99 yrs lease commencing from 2024,03,Rest of Central Region,11 to 15
ZYON GRAND,"4,353,000","1,517.72","2,868",Oct-25,KIM SENG ROAD,New Sale,Strata,141,"30,872",-,Apartment,1,99 yrs lease commencing from 2024,03,Rest of Central Region,11 to 15
ZYON GRAND,"3,152,000","1,076.4","2,928",Oct-25,KIM SENG ROAD,New Sale,Strata,100,"31,520",-,Apartment,1,99 yrs lease commencing from 2024,03,Rest of Central Region,11 to 15
ZYON GRAND,"2,468,000",861.12,"2,866",Oct-25,KIM SENG ROAD,New Sale,Strata,80,"30,850",-,Apartment,1,99 yrs lease commencing from 2024,03,Rest of Central Region,11 to 15
ZYON GRAND,"2,065,000",721.19,"2,863",Oct-25,KIM SENG ROAD,New Sale,Strata,67,"30,821",-,Apartment,1,99 yrs lease commencing from 2024,03,Rest of Central Region,11 to 15
ZYON GRAND,"1,530,000",538.2,"2,843",Oct-25,KIM SENG ROAD,New Sale,Strata,50,"30,600",-,Apartment,1,99 yrs lease commencing from 2024,03,Rest of Central Region,11 to 15
ZYON GRAND,"2,323,000",818.06,"2,840",Oct-25,KIM SENG ROAD,New Sale,Strata,76,"30,566",-,Apartment,1,99 yrs lease commencing from 2024,03,Rest of Central Region,11 to 15
ZYON GRAND,"4,368,000","1,517.72","2,878",Oct-25,KIM SENG ROAD,New Sale,Strata,141,"30,979",-,Apartment,1,99 yrs lease commencing from 2024,03,Rest of Central Region,11 to 15
ZYON GRAND,"4,383,000","1,517.72","2,888",Oct-25,KIM SENG ROAD,New Sale,Strata,141,"31,085",-,Apartment,1,99 yrs lease commencing from 2024,03,Rest of Central Region,11 to 15
ZYON GRAND,"4,398,000","1,517.72","2,898",Oct-25,KIM SENG ROAD,New Sale,Strata,141,"31,191",-,Apartment,1,99 yrs lease commencing from 2024,03,Rest of Central Region,16 to 20
ZYON GRAND,"4,413,000","1,517.72","2,908",Oct-25,KIM SENG ROAD,New Sale,Strata,141,"31,298",-,Apartment,1,99 yrs lease commencing from 2024,03,Rest of Central Region,16 to 20
ZYON GRAND,"4,443,000","1,517.72","2,927",Oct-25,KIM SENG ROAD,New Sale,Strata,141,"31,511",-,Apartment,1,99 yrs lease commencing from 2024,03,Rest of Central Region,16 to 20
ZYON GRAND,"3,220,000","1,076.4","2,991",Oct-25,KIM SENG ROAD,New Sale,Strata,100,"32,200",-,Apartment,1,99 yrs lease commencing from 2024,03,Rest of Central Region,16 to 20
ZYON GRAND,"2,537,000",861.12,"2,946",Oct-25,KIM SENG ROAD,New Sale,Strata,80,"31,713",-,Apartment,1,99 yrs lease commencing from 2024,03,Rest of Central Region,16 to 20
ZYON GRAND,"2,107,000",721.19,"2,922",Oct-25,KIM SENG ROAD,New Sale,Strata,67,"31,448",-,Apartment,1,99 yrs lease commencing from 2024,03,Rest of Central Region,16 to 20
ZYON GRAND,"1,560,000",538.2,"2,899",Oct-25,KIM SENG ROAD,New Sale,Strata,50,"31,200",-,Apartment,1,99 yrs lease commencing from 2024,03,Rest of Central Region,16 to 20
ZYON GRAND,"2,383,000",818.06,"2,913",Oct-25,KIM SENG ROAD,New Sale,Strata,76,"31,355",-,Apartment,1,99 yrs lease commencing from 2024,03,Rest of Central Region,16 to 20
ZYON GRAND,"4,458,000","1,517.72","2,937",Oct-25,KIM SENG ROAD,New Sale,Strata,141,"31,617",-,Apartment,1,99 yrs lease commencing from 2024,03,Rest of Central Region,16 to 20
ZYON GRAND,"3,232,000","1,076.4","3,003",Oct-25,KIM SENG ROAD,New Sale,Strata,100,"32,320",-,Apartment,1,99 yrs lease commencing from 2024,03,Rest of Central Region,16 to 20
ZYON GRAND,"2,548,000",861.12,"2,959",Oct-25,KIM SENG ROAD,New Sale,Strata,80,"31,850",-,Apartment,1,99 yrs lease commencing from 2024,03,Rest of Central Region,16 to 20
ZYON GRAND,"4,473,000","1,517.72","2,947",Oct-25,KIM SENG ROAD,New Sale,Strata,141,"31,723",-,Apartment,1,99 yrs lease commencing from 2024,03,Rest of Central Region,16 to 20
ZYON GRAND,"3,244,000","1,076.4","3,014",Oct-25,KIM SENG ROAD,New Sale,Strata,100,"32,440",-,Apartment,1,99 yrs lease commencing from 2024,03,Rest of Central Region,16 to 20
ZYON GRAND,"2,559,000",861.12,"2,972",Oct-25,KIM SENG ROAD,New Sale,Strata,80,"31,988",-,Apartment,1,99 yrs lease commencing from 2024,03,Rest of Central Region,16 to 20
ZYON GRAND,"1,570,000",538.2,"2,917",Oct-25,KIM SENG ROAD,New Sale,Strata,50,"31,400",-,Apartment,1,99 yrs lease commencing from 2024,03,Rest of Central Region,16 to 20
ZYON GRAND,"4,488,000","1,517.72","2,957",Oct-25,KIM SENG ROAD,New Sale,Strata,141,"31,830",-,Apartment,1,99 yrs lease commencing from 2024,03,Rest of Central Region,21 to 25
ZYON GRAND,"3,260,000","1,076.4","3,029",Oct-25,KIM SENG ROAD,New Sale,Strata,100,"32,600",-,Apartment,1,99 yrs lease commencing from 2024,03,Rest of Central Region,21 to 25
ZYON GRAND,"2,570,000",861.12,"2,984",Oct-25,KIM SENG ROAD,New Sale,Strata,80,"32,125",-,Apartment,1,99 yrs lease commencing from 2024,03,Rest of Central Region,21 to 25
ZYON GRAND,"1,575,000",538.2,"2,926",Oct-25,KIM SENG ROAD,New Sale,Strata,50,"31,500",-,Apartment,1,99 yrs lease commencing from 2024,03,Rest of Central Region,21 to 25
ZYON GRAND,"4,528,000","1,517.72","2,983",Oct-25,KIM SENG ROAD,New Sale,Strata,141,"32,113",-,Apartment,1,99 yrs lease commencing from 2024,03,Rest of Central Region,21 to 25
ZYON GRAND,"3,280,000","1,076.4","3,047",Oct-25,KIM SENG ROAD,New Sale,Strata,100,"32,800",-,Apartment,1,99 yrs lease commencing from 2024,03,Rest of Central Region,21 to 25
ZYON GRAND,"2,592,000",861.12,"3,010",Oct-25,KIM SENG ROAD,New Sale,Strata,80,"32,400",-,Apartment,1,99 yrs lease commencing from 2024,03,Rest of Central Region,21 to 25
ZYON GRAND,"3,293,000","1,076.4","3,059",Oct-25,KIM SENG ROAD,New Sale,Strata,100,"32,930",-,Apartment,1,99 yrs lease commencing from 2024,03,Rest of Central Region,21 to 25
ZYON GRAND,"2,600,000",861.12,"3,019",Oct-25,KIM SENG ROAD,New Sale,Strata,80,"32,500",-,Apartment,1,99 yrs lease commencing from 2024,03,Rest of Central Region,21 to 25
ZYON GRAND,"3,298,000","1,076.4","3,064",Oct-25,KIM SENG ROAD,New Sale,Strata,100,"32,980",-,Apartment,1,99 yrs lease commencing from 2024,03,Rest of Central Region,21 to 25
ZYON GRAND,"2,608,000",861.12,"3,029",Oct-25,KIM SENG ROAD,New Sale,Strata,80,"32,600",-,Apartment,1,99 yrs lease commencing from 2024,03,Rest of Central Region,21 to 25
ZYON GRAND,"1,587,000",538.2,"2,949",Oct-25,KIM SENG ROAD,New Sale,Strata,50,"31,740",-,Apartment,1,99 yrs lease commencing from 2024,03,Rest of Central Region,21 to 25
ZYON GRAND,"4,565,000","1,517.72","3,008",Oct-25,KIM SENG ROAD,New Sale,Strata,141,"32,376",-,Apartment,1,99 yrs lease commencing from 2024,03,Rest of Central Region,26 to 30
ZYON GRAND,"3,307,000","1,076.4","3,072",Oct-25,KIM SENG ROAD,New Sale,Strata,100,"33,070",-,Apartment,1,99 yrs lease commencing from 2024,03,Rest of Central Region,26 to 30
ZYON GRAND,"2,616,000",861.12,"3,038",Oct-25,KIM SENG ROAD,New Sale,Strata,80,"32,700",-,Apartment,1,99 yrs lease commencing from 2024,03,Rest of Central Region,26 to 30
ZYON GRAND,"4,577,000","1,517.72","3,016",Oct-25,KIM SENG ROAD,New Sale,Strata,141,"32,461",-,Apartment,1,99 yrs lease commencing from 2024,03,Rest of Central Region,26 to 30
ZYON GRAND,"3,316,000","1,076.4","3,081",Oct-25,KIM SENG ROAD,New Sale,Strata,100,"33,160",-,Apartment,1,99 yrs lease commencing from 2024,03,Rest of Central Region,26 to 30
ZYON GRAND,"2,624,000",861.12,"3,047",Oct-25,KIM SENG ROAD,New Sale,Strata,80,"32,800",-,Apartment,1,99 yrs lease commencing from 2024,03,Rest of Central Region,26 to 30
ZYON GRAND,"4,601,000","1,517.72","3,032",Oct-25,KIM SENG ROAD,New Sale,Strata,141,"32,631",-,Apartment,1,99 yrs lease commencing from 2024,03,Rest of Central Region,26 to 30
ZYON GRAND,"3,334,000","1,076.4","3,097",Oct-25,KIM SENG ROAD,New Sale,Strata,100,"33,340",-,Apartment,1,99 yrs lease commencing from 2024,03,Rest of Central Region,26 to 30
ZYON GRAND,"2,483,000",818.06,"3,035",Oct-25,KIM SENG ROAD,New Sale,Strata,76,"32,671",-,Apartment,1,99 yrs lease commencing from 2024,03,Rest of Central Region,26 to 30
ZYON GRAND,"4,613,000","1,517.72","3,039",Oct-25,KIM SENG ROAD,New Sale,Strata,141,"32,716",-,Apartment,1,99 yrs lease commencing from 2024,03,Rest of Central Region,26 to 30
ZYON GRAND,"3,347,000","1,076.4","3,109",Oct-25,KIM SENG ROAD,New Sale,Strata,100,"33,470",-,Apartment,1,99 yrs lease commencing from 2024,03,Rest of Central Region,26 to 30
ZYON GRAND,"4,625,000","1,517.72","3,047",Oct-25,KIM SENG ROAD,New Sale,Strata,141,"32,801",-,Apartment,1,99 yrs lease commencing from 2024,03,Rest of Central Region,26 to 30
ZYON GRAND,"4,637,000","1,517.72","3,055",Oct-25,KIM SENG ROAD,New Sale,Strata,141,"32,887",-,Apartment,1,99 yrs lease commencing from 2024,03,Rest of Central Region,31 to 35
ZYON GRAND,"4,649,000","1,517.72","3,063",Oct-25,KIM SENG ROAD,New Sale,Strata,141,"32,972",-,Apartment,1,99 yrs lease commencing from 2024,03,Rest of Central Region,31 to 35
ZYON GRAND,"4,673,000","1,517.72","3,079",Oct-25,KIM SENG ROAD,New Sale,Strata,141,"33,142",-,Apartment,1,99 yrs lease commencing from 2024,03,Rest of Central Region,31 to 35
ZYON GRAND,"4,685,000","1,517.72","3,087",Oct-25,KIM SENG ROAD,New Sale,Strata,141,"33,227",-,Apartment,1,99 yrs lease commencing from 2024,03,Rest of Central Region,31 to 35
ZYON GRAND,"3,401,000","1,076.4","3,160",Oct-25,KIM SENG ROAD,New Sale,Strata,100,"34,010",-,Apartment,1,99 yrs lease commencing from 2024,03,Rest of Central Region,31 to 35
ZYON GRAND,"4,725,000","1,517.72","3,113",Oct-25,KIM SENG ROAD,New Sale,Strata,141,"33,511",-,Apartment,1,99 yrs lease commencing from 2024,03,Rest of Central Region,36 to 40
ZYON GRAND,"3,425,000","1,076.4","3,182",Oct-25,KIM SENG ROAD,New Sale,Strata,100,"34,250",-,Apartment,1,99 yrs lease commencing from 2024,03,Rest of Central Region,36 to 40
ZYON GRAND,"4,737,000","1,517.72","3,121",Oct-25,KIM SENG ROAD,New Sale,Strata,141,"33,596",-,Apartment,1,99 yrs lease commencing from 2024,03,Rest of Central Region,36 to 40
ZYON GRAND,"1,647,000",538.2,"3,060",Oct-25,KIM SENG ROAD,New Sale,Strata,50,"32,940",-,Apartment,1,99 yrs lease commencing from 2024,03,Rest of Central Region,36 to 40
ZYON GRAND,"4,785,000","1,517.72","3,153",Oct-25,KIM SENG ROAD,New Sale,Strata,141,"33,936",-,Apartment,1,99 yrs lease commencing from 2024,03,Rest of Central Region,36 to 40
ZYON GRAND,"4,797,000","1,517.72","3,161",Oct-25,KIM SENG ROAD,New Sale,Strata,141,"34,021",-,Apartment,1,99 yrs lease commencing from 2024,03,Rest of Central Region,41 to 45
ZYON GRAND,"4,809,000","1,517.72","3,169",Oct-25,KIM SENG ROAD,New Sale,Strata,141,"34,106",-,Apartment,1,99 yrs lease commencing from 2024,03,Rest of Central Region,41 to 45
ZYON GRAND,"3,968,000","1,420.85","2,793",Oct-25,KIM SENG ROAD,New Sale,Strata,132,"30,061",-,Apartment,1,99 yrs lease commencing from 2024,03,Rest of Central Region,01 to 05
ZYON GRAND,"3,988,000","1,420.85","2,807",Oct-25,KIM SENG ROAD,New Sale,Strata,132,"30,212",-,Apartment,1,99 yrs lease commencing from 2024,03,Rest of Central Region,01 to 05
ZYON GRAND,"4,013,000","1,420.85","2,824",Oct-25,KIM SENG ROAD,New Sale,Strata,132,"30,402",-,Apartment,1,99 yrs lease commencing from 2024,03,Rest of Central Region,01 to 05
ZYON GRAND,"2,987,000","1,054.87","2,832",Oct-25,KIM SENG ROAD,New Sale,Strata,98,"30,480",-,Apartment,1,99 yrs lease commencing from 2024,03,Rest of Central Region,06 to 10
ZYON GRAND,"4,028,000","1,420.85","2,835",Oct-25,KIM SENG ROAD,New Sale,Strata,132,"30,515",-,Apartment,1,99 yrs lease commencing from 2024,03,Rest of Central Region,06 to 10
ZYON GRAND,"2,369,000",861.12,"2,751",Oct-25,KIM SENG ROAD,New Sale,Strata,80,"29,613",-,Apartment,1,99 yrs lease commencing from 2024,03,Rest of Central Region,06 to 10
ZYON GRAND,"1,987,000",721.19,"2,755",Oct-25,KIM SENG ROAD,New Sale,Strata,67,"29,657",-,Apartment,1,99 yrs lease commencing from 2024,03,Rest of Central Region,06 to 10
ZYON GRAND,"1,799,000",645.84,"2,786",Oct-25,KIM SENG ROAD,New Sale,Strata,60,"29,983",-,Apartment,1,99 yrs lease commencing from 2024,03,Rest of Central Region,06 to 10
ZYON GRAND,"2,999,000","1,054.87","2,843",Oct-25,KIM SENG ROAD,New Sale,Strata,98,"30,602",-,Apartment,1,99 yrs lease commencing from 2024,03,Rest of Central Region,06 to 10
ZYON GRAND,"4,043,000","1,420.85","2,845",Oct-25,KIM SENG ROAD,New Sale,Strata,132,"30,629",-,Apartment,1,99 yrs lease commencing from 2024,03,Rest of Central Region,06 to 10
ZYON GRAND,"2,380,000",861.12,"2,764",Oct-25,KIM SENG ROAD,New Sale,Strata,80,"29,750",-,Apartment,1,99 yrs lease commencing from 2024,03,Rest of Central Region,06 to 10
ZYON GRAND,"1,994,000",721.19,"2,765",Oct-25,KIM SENG ROAD,New Sale,Strata,67,"29,761",-,Apartment,1,99 yrs lease commencing from 2024,03,Rest of Central Region,06 to 10
ZYON GRAND,"1,333,000",473.62,"2,815",Oct-25,KIM SENG ROAD,New Sale,Strata,44,"30,295",-,Apartment,1,99 yrs lease commencing from 2024,03,Rest of Central Region,06 to 10
ZYON GRAND,"1,805,000",645.84,"2,795",Oct-25,KIM SENG ROAD,New Sale,Strata,60,"30,083",-,Apartment,1,99 yrs lease commencing from 2024,03,Rest of Central Region,06 to 10
ZYON GRAND,"3,023,000","1,054.87","2,866",Oct-25,KIM SENG ROAD,New Sale,Strata,98,"30,847",-,Apartment,1,99 yrs lease commencing from 2024,03,Rest of Central Region,06 to 10
ZYON GRAND,"4,073,000","1,420.85","2,867",Oct-25,KIM SENG ROAD,New Sale,Strata,132,"30,856",-,Apartment,1,99 yrs lease commencing from 2024,03,Rest of Central Region,06 to 10
ZYON GRAND,"2,340,610",861.12,"2,718",Oct-25,KIM SENG ROAD,New Sale,Strata,80,"29,258",-,Apartment,1,99 yrs lease commencing from 2024,03,Rest of Central Region,06 to 10
ZYON GRAND,"2,021,000",721.19,"2,802",Oct-25,KIM SENG ROAD,New Sale,Strata,67,"30,164",-,Apartment,1,99 yrs lease commencing from 2024,03,Rest of Central Region,06 to 10
ZYON GRAND,"1,348,000",473.62,"2,846",Oct-25,KIM SENG ROAD,New Sale,Strata,44,"30,636",-,Apartment,1,99 yrs lease commencing from 2024,03,Rest of Central Region,06 to 10
ZYON GRAND,"1,826,000",645.84,"2,827",Oct-25,KIM SENG ROAD,New Sale,Strata,60,"30,433",-,Apartment,1,99 yrs lease commencing from 2024,03,Rest of Central Region,06 to 10
ZYON GRAND,"3,035,000","1,054.87","2,877",Oct-25,KIM SENG ROAD,New Sale,Strata,98,"30,969",-,Apartment,1,99 yrs lease commencing from 2024,03,Rest of Central Region,06 to 10
ZYON GRAND,"4,093,000","1,420.85","2,881",Oct-25,KIM SENG ROAD,New Sale,Strata,132,"31,008",-,Apartment,1,99 yrs lease commencing from 2024,03,Rest of Central Region,06 to 10
ZYON GRAND,"2,424,000",861.12,"2,815",Oct-25,KIM SENG ROAD,New Sale,Strata,80,"30,300",-,Apartment,1,99 yrs lease commencing from 2024,03,Rest of Central Region,06 to 10
ZYON GRAND,"2,028,000",721.19,"2,812",Oct-25,KIM SENG ROAD,New Sale,Strata,67,"30,269",-,Apartment,1,99 yrs lease commencing from 2024,03,Rest of Central Region,06 to 10
ZYON GRAND,"1,835,000",645.84,"2,841",Oct-25,KIM SENG ROAD,New Sale,Strata,60,"30,583",-,Apartment,1,99 yrs lease commencing from 2024,03,Rest of Central Region,06 to 10
ZYON GRAND,"3,047,000","1,054.87","2,889",Oct-25,KIM SENG ROAD,New Sale,Strata,98,"31,092",-,Apartment,1,99 yrs lease commencing from 2024,03,Rest of Central Region,06 to 10
ZYON GRAND,"4,108,000","1,420.85","2,891",Oct-25,KIM SENG ROAD,New Sale,Strata,132,"31,121",-,Apartment,1,99 yrs lease commencing from 2024,03,Rest of Central Region,06 to 10
ZYON GRAND,"2,438,000",861.12,"2,831",Oct-25,KIM SENG ROAD,New Sale,Strata,80,"30,475",-,Apartment,1,99 yrs lease commencing from 2024,03,Rest of Central Region,06 to 10
ZYON GRAND,"2,035,000",721.19,"2,822",Oct-25,KIM SENG ROAD,New Sale,Strata,67,"30,373",-,Apartment,1,99 yrs lease commencing from 2024,03,Rest of Central Region,06 to 10
ZYON GRAND,"1,838,000",645.84,"2,846",Oct-25,KIM SENG ROAD,New Sale,Strata,60,"30,633",-,Apartment,1,99 yrs lease commencing from 2024,03,Rest of Central Region,06 to 10
ZYON GRAND,"3,059,000","1,054.87","2,900",Oct-25,KIM SENG ROAD,New Sale,Strata,98,"31,214",-,Apartment,1,99 yrs lease commencing from 2024,03,Rest of Central Region,11 to 15
ZYON GRAND,"4,123,000","1,420.85","2,902",Oct-25,KIM SENG ROAD,New Sale,Strata,132,"31,235",-,Apartment,1,99 yrs lease commencing from 2024,03,Rest of Central Region,11 to 15
ZYON GRAND,"2,449,000",861.12,"2,844",Oct-25,KIM SENG ROAD,New Sale,Strata,80,"30,613",-,Apartment,1,99 yrs lease commencing from 2024,03,Rest of Central Region,11 to 15
ZYON GRAND,"2,042,000",721.19,"2,831",Oct-25,KIM SENG ROAD,New Sale,Strata,67,"30,478",-,Apartment,1,99 yrs lease commencing from 2024,03,Rest of Central Region,11 to 15
ZYON GRAND,"1,844,000",645.84,"2,855",Oct-25,KIM SENG ROAD,New Sale,Strata,60,"30,733",-,Apartment,1,99 yrs lease commencing from 2024,03,Rest of Central Region,11 to 15
ZYON GRAND,"3,075,000","1,054.87","2,915",Oct-25,KIM SENG ROAD,New Sale,Strata,98,"31,378",-,Apartment,1,99 yrs lease commencing from 2024,03,Rest of Central Region,11 to 15
ZYON GRAND,"4,138,000","1,420.85","2,912",Oct-25,KIM SENG ROAD,New Sale,Strata,132,"31,348",-,Apartment,1,99 yrs lease commencing from 2024,03,Rest of Central Region,11 to 15
ZYON GRAND,"2,457,000",861.12,"2,853",Oct-25,KIM SENG ROAD,New Sale,Strata,80,"30,713",-,Apartment,1,99 yrs lease commencing from 2024,03,Rest of Central Region,11 to 15
ZYON GRAND,"2,049,000",721.19,"2,841",Oct-25,KIM SENG ROAD,New Sale,Strata,67,"30,582",-,Apartment,1,99 yrs lease commencing from 2024,03,Rest of Central Region,11 to 15
ZYON GRAND,"1,794,500",645.84,"2,779",Oct-25,KIM SENG ROAD,New Sale,Strata,60,"29,908",-,Apartment,1,99 yrs lease commencing from 2024,03,Rest of Central Region,11 to 15
ZYON GRAND,"4,153,000","1,420.85","2,923",Oct-25,KIM SENG ROAD,New Sale,Strata,132,"31,462",-,Apartment,1,99 yrs lease commencing from 2024,03,Rest of Central Region,11 to 15
ZYON GRAND,"2,471,000",861.12,"2,870",Oct-25,KIM SENG ROAD,New Sale,Strata,80,"30,888",-,Apartment,1,99 yrs lease commencing from 2024,03,Rest of Central Region,11 to 15
ZYON GRAND,"1,856,000",645.84,"2,874",Oct-25,KIM SENG ROAD,New Sale,Strata,60,"30,933",-,Apartment,1,99 yrs lease commencing from 2024,03,Rest of Central Region,11 to 15
ZYON GRAND,"4,168,000","1,420.85","2,933",Oct-25,KIM SENG ROAD,New Sale,Strata,132,"31,576",-,Apartment,1,99 yrs lease commencing from 2024,03,Rest of Central Region,11 to 15
ZYON GRAND,"4,183,000","1,420.85","2,944",Oct-25,KIM SENG ROAD,New Sale,Strata,132,"31,689",-,Apartment,1,99 yrs lease commencing from 2024,03,Rest of Central Region,11 to 15
ZYON GRAND,"4,198,000","1,420.85","2,955",Oct-25,KIM SENG ROAD,New Sale,Strata,132,"31,803",-,Apartment,1,99 yrs lease commencing from 2024,03,Rest of Central Region,16 to 20
ZYON GRAND,"4,213,000","1,420.85","2,965",Oct-25,KIM SENG ROAD,New Sale,Strata,132,"31,917",-,Apartment,1,99 yrs lease commencing from 2024,03,Rest of Central Region,16 to 20
ZYON GRAND,"3,159,000","1,054.87","2,995",Oct-25,KIM SENG ROAD,New Sale,Strata,98,"32,235",-,Apartment,1,99 yrs lease commencing from 2024,03,Rest of Central Region,16 to 20
ZYON GRAND,"4,243,000","1,420.85","2,986",Oct-25,KIM SENG ROAD,New Sale,Strata,132,"32,144",-,Apartment,1,99 yrs lease commencing from 2024,03,Rest of Central Region,16 to 20
ZYON GRAND,"2,534,000",861.12,"2,943",Oct-25,KIM SENG ROAD,New Sale,Strata,80,"31,675",-,Apartment,1,99 yrs lease commencing from 2024,03,Rest of Central Region,16 to 20
ZYON GRAND,"1,892,000",645.84,"2,930",Oct-25,KIM SENG ROAD,New Sale,Strata,60,"31,533",-,Apartment,1,99 yrs lease commencing from 2024,03,Rest of Central Region,16 to 20
ZYON GRAND,"4,258,000","1,420.85","2,997",Oct-25,KIM SENG ROAD,New Sale,Strata,132,"32,258",-,Apartment,1,99 yrs lease commencing from 2024,03,Rest of Central Region,16 to 20
ZYON GRAND,"2,545,000",861.12,"2,955",Oct-25,KIM SENG ROAD,New Sale,Strata,80,"31,813",-,Apartment,1,99 yrs lease commencing from 2024,03,Rest of Central Region,16 to 20
ZYON GRAND,"1,901,000",645.84,"2,943",Oct-25,KIM SENG ROAD,New Sale,Strata,60,"31,683",-,Apartment,1,99 yrs lease commencing from 2024,03,Rest of Central Region,16 to 20
ZYON GRAND,"4,273,000","1,420.85","3,007",Oct-25,KIM SENG ROAD,New Sale,Strata,132,"32,371",-,Apartment,1,99 yrs lease commencing from 2024,03,Rest of Central Region,16 to 20
ZYON GRAND,"2,556,000",861.12,"2,968",Oct-25,KIM SENG ROAD,New Sale,Strata,80,"31,950",-,Apartment,1,99 yrs lease commencing from 2024,03,Rest of Central Region,16 to 20
ZYON GRAND,"2,112,000",721.19,"2,929",Oct-25,KIM SENG ROAD,New Sale,Strata,67,"31,522",-,Apartment,1,99 yrs lease commencing from 2024,03,Rest of Central Region,16 to 20
ZYON GRAND,"1,907,000",645.84,"2,953",Oct-25,KIM SENG ROAD,New Sale,Strata,60,"31,783",-,Apartment,1,99 yrs lease commencing from 2024,03,Rest of Central Region,16 to 20
ZYON GRAND,"4,288,000","1,420.85","3,018",Oct-25,KIM SENG ROAD,New Sale,Strata,132,"32,485",-,Apartment,1,99 yrs lease commencing from 2024,03,Rest of Central Region,21 to 25
ZYON GRAND,"1,913,000",645.84,"2,962",Oct-25,KIM SENG ROAD,New Sale,Strata,60,"31,883",-,Apartment,1,99 yrs lease commencing from 2024,03,Rest of Central Region,21 to 25
ZYON GRAND,"4,328,000","1,420.85","3,046",Oct-25,KIM SENG ROAD,New Sale,Strata,132,"32,788",-,Apartment,1,99 yrs lease commencing from 2024,03,Rest of Central Region,21 to 25
ZYON GRAND,"2,592,000",861.12,"3,010",Oct-25,KIM SENG ROAD,New Sale,Strata,80,"32,400",-,Apartment,1,99 yrs lease commencing from 2024,03,Rest of Central Region,21 to 25
ZYON GRAND,"4,335,000","1,420.85","3,051",Oct-25,KIM SENG ROAD,New Sale,Strata,132,"32,841",-,Apartment,1,99 yrs lease commencing from 2024,03,Rest of Central Region,21 to 25
ZYON GRAND,"2,600,000",861.12,"3,019",Oct-25,KIM SENG ROAD,New Sale,Strata,80,"32,500",-,Apartment,1,99 yrs lease commencing from 2024,03,Rest of Central Region,21 to 25
ZYON GRAND,"4,352,000","1,420.85","3,063",Oct-25,KIM SENG ROAD,New Sale,Strata,132,"32,970",-,Apartment,1,99 yrs lease commencing from 2024,03,Rest of Central Region,21 to 25
ZYON GRAND,"2,616,000",861.12,"3,038",Oct-25,KIM SENG ROAD,New Sale,Strata,80,"32,700",-,Apartment,1,99 yrs lease commencing from 2024,03,Rest of Central Region,26 to 30
ZYON GRAND,"4,376,000","1,420.85","3,080",Oct-25,KIM SENG ROAD,New Sale,Strata,132,"33,152",-,Apartment,1,99 yrs lease commencing from 2024,03,Rest of Central Region,26 to 30
ZYON GRAND,"4,400,000","1,420.85","3,097",Oct-25,KIM SENG ROAD,New Sale,Strata,132,"33,333",-,Apartment,1,99 yrs lease commencing from 2024,03,Rest of Central Region,26 to 30
ZYON GRAND,"2,637,000",861.12,"3,062",Oct-25,KIM SENG ROAD,New Sale,Strata,80,"32,963",-,Apartment,1,99 yrs lease commencing from 2024,03,Rest of Central Region,26 to 30
ZYON GRAND,"4,460,000","1,420.85","3,139",Oct-25,KIM SENG ROAD,New Sale,Strata,132,"33,788",-,Apartment,1,99 yrs lease commencing from 2024,03,Rest of Central Region,31 to 35
ZYON GRAND,"4,484,000","1,420.85","3,156",Oct-25,KIM SENG ROAD,New Sale,Strata,132,"33,970",-,Apartment,1,99 yrs lease commencing from 2024,03,Rest of Central Region,31 to 35
ZYON GRAND,"2,696,000",861.12,"3,131",Oct-25,KIM SENG ROAD,New Sale,Strata,80,"33,700",-,Apartment,1,99 yrs lease commencing from 2024,03,Rest of Central Region,31 to 35
ZYON GRAND,"1,987,000",645.84,"3,077",Oct-25,KIM SENG ROAD,New Sale,Strata,60,"33,117",-,Apartment,1,99 yrs lease commencing from 2024,03,Rest of Central Region,31 to 35
ZYON GRAND,"4,524,000","1,420.85","3,184",Oct-25,KIM SENG ROAD,New Sale,Strata,132,"34,273",-,Apartment,1,99 yrs lease commencing from 2024,03,Rest of Central Region,36 to 40
ZYON GRAND,"4,536,000","1,420.85","3,192",Oct-25,KIM SENG ROAD,New Sale,Strata,132,"34,364",-,Apartment,1,99 yrs lease commencing from 2024,03,Rest of Central Region,36 to 40
ZYON GRAND,"4,561,000","1,420.85","3,210",Oct-25,KIM SENG ROAD,New Sale,Strata,132,"34,553",-,Apartment,1,99 yrs lease commencing from 2024,03,Rest of Central Region,36 to 40
ZYON GRAND,"2,756,000",861.12,"3,200",Oct-25,KIM SENG ROAD,New Sale,Strata,80,"34,450",-,Apartment,1,99 yrs lease commencing from 2024,03,Rest of Central Region,36 to 40
ZYON GRAND,"4,573,000","1,420.85","3,219",Oct-25,KIM SENG ROAD,New Sale,Strata,132,"34,644",-,Apartment,1,99 yrs lease commencing from 2024,03,Rest of Central Region,36 to 40
ZYON GRAND,"4,585,000","1,420.85","3,227",Oct-25,KIM SENG ROAD,New Sale,Strata,132,"34,735",-,Apartment,1,99 yrs lease commencing from 2024,03,Rest of Central Region,36 to 40
ZYON GRAND,"4,597,000","1,420.85","3,235",Oct-25,KIM SENG ROAD,New Sale,Strata,132,"34,826",-,Apartment,1,99 yrs lease commencing from 2024,03,Rest of Central Region,41 to 45
ZYON GRAND,"5,406,000","1,614.6","3,348",Oct-25,KIM SENG ROAD,New Sale,Strata,150,"36,040",-,Apartment,1,99 yrs lease commencing from 2024,03,Rest of Central Region,46 to 50
ZYON GRAND,"5,487,000","1,614.6","3,398",Oct-25,KIM SENG ROAD,New Sale,Strata,150,"36,580",-,Apartment,1,99 yrs lease commencing from 2024,03,Rest of Central Region,46 to 50
ZYON GRAND,"5,503,000","1,614.6","3,408",Oct-25,KIM SENG ROAD,New Sale,Strata,150,"36,687",-,Apartment,1,99 yrs lease commencing from 2024,03,Rest of Central Region,51 to 55
ZYON GRAND,"5,519,000","1,614.6","3,418",Oct-25,KIM SENG ROAD,New Sale,Strata,150,"36,793",-,Apartment,1,99 yrs lease commencing from 2024,03,Rest of Central Region,51 to 55
ZYON GRAND,"5,535,000","1,614.6","3,428",Oct-25,KIM SENG ROAD,New Sale,Strata,150,"36,900",-,Apartment,1,99 yrs lease commencing from 2024,03,Rest of Central Region,51 to 55
ZYON GRAND,"3,527,000","1,054.87","3,344",Oct-25,KIM SENG ROAD,New Sale,Strata,98,"35,990",-,Apartment,1,99 yrs lease commencing from 2024,03,Rest of Central Region,51 to 55
ZYON GRAND,"10,388,000","2,658.71","3,907",Oct-25,KIM SENG ROAD,New Sale,Strata,247,"42,057",-,Apartment,1,99 yrs lease commencing from 2024,03,Rest of Central Region,61 to 65
ALEXIS,"1,395,000",882.65,"1,580",Oct-25,ALEXANDRA ROAD,Resale,Strata,82,"17,012",-,Apartment,1,Freehold,03,Rest of Central Region,01 to 05
ECHELON,"1,890,000",861.12,"2,195",Oct-25,ALEXANDRA VIEW,Resale,Strata,80,"23,625",-,Condominium,1,99 yrs lease commencing from 2012,03,Rest of Central Region,11 to 15
ALEXIS,"780,000",365.98,"2,131",Oct-25,ALEXANDRA ROAD,Resale,Strata,34,"22,941",-,Apartment,1,Freehold,03,Rest of Central Region,01 to 05
PROMENADE PEAK,"3,055,400","1,033.34","2,957",Oct-25,ZION PROMENADE,New Sale,Strata,96,"31,827",-,Condominium,1,99 yrs lease commencing from 2024,03,Rest of Central Region,21 to 25
THE LANDMARK,"1,780,000",678.13,"2,625",Oct-25,CHIN SWEE ROAD,Sub Sale,Strata,63,"28,254",-,Condominium,1,99 yrs lease commencing from 2020,03,Rest of Central Region,11 to 15
COMMONWEALTH TOWERS,"2,150,000",904.18,"2,378",Oct-25,COMMONWEALTH AVENUE,Resale,Strata,84,"25,595",-,Condominium,1,99 yrs lease commencing from 2013,03,Rest of Central Region,06 to 10
ALEX RESIDENCES,"2,350,000","1,044.11","2,251",Oct-25,ALEXANDRA VIEW,Resale,Strata,97,"24,227",-,Apartment,1,99 yrs lease commencing from 2013,03,Rest of Central Region,06 to 10
PRINCIPAL GARDEN,"928,000",495.14,"1,874",Oct-25,PRINCE CHARLES CRESCENT,Resale,Strata,46,"20,174",-,Condominium,1,99 yrs lease commencing from 2014,03,Rest of Central Region,01 to 05
THE CREST,"2,480,000","1,237.86","2,003",Oct-25,PRINCE CHARLES CRESCENT,Resale,Strata,115,"21,565",-,Condominium,1,99 yrs lease commencing from 2012,03,Rest of Central Region,01 to 05
THE ANCHORAGE,"4,100,000","2,088.22","1,963",Oct-25,ALEXANDRA ROAD,Resale,Strata,194,"21,134",-,Condominium,1,Freehold,03,Rest of Central Region,11 to 15
RIVER PLACE,"3,030,000","1,582.31","1,915",Oct-25,HAVELOCK ROAD,Resale,Strata,147,"20,612",-,Condominium,1,99 yrs lease commencing from 1995,03,Rest of Central Region,06 to 10
PROMENADE PEAK,"2,417,200",764.24,"3,163",Oct-25,ZION PROMENADE,New Sale,Strata,71,"34,045",-,Condominium,1,99 yrs lease commencing from 2024,03,Rest of Central Region,41 to 45
TANGLIN VIEW,"2,200,004","1,140.98","1,928",Oct-25,PRINCE CHARLES CRESCENT,Resale,Strata,106,"20,755",-,Condominium,1,99 yrs lease commencing from 1997,03,Rest of Central Region,11 to 15
PENRITH,"3,202,000","1,065.64","3,005",Oct-25,MARGARET DRIVE,New Sale,Strata,99,"32,343",-,Apartment,1,99 yrs lease commencing from 2024,03,Rest of Central Region,36 to 40
ONE PEARL BANK,"1,820,000",742.72,"2,450",Oct-25,PEARL BANK,Sub Sale,Strata,69,"26,377",-,Apartment,1,99 yrs lease commencing from 2019,03,Rest of Central Region,01 to 05
STIRLING RESIDENCES,"1,950,000",785.77,"2,482",Oct-25,STIRLING ROAD,Resale,Strata,73,"26,712",-,Apartment,1,99 yrs lease commencing from 2017,03,Rest of Central Region,16 to 20
PROMENADE PEAK,"2,048,000",667.37,"3,069",Oct-25,ZION PROMENADE,New Sale,Strata,62,"33,032",-,Condominium,1,99 yrs lease commencing from 2024,03,Rest of Central Region,31 to 35
PENRITH,"1,762,000",613.55,"2,872",Oct-25,MARGARET DRIVE,New Sale,Strata,57,"30,912",-,Apartment,1,99 yrs lease commencing from 2024,03,Rest of Central Region,21 to 25
PENRITH,"2,009,000",785.77,"2,557",Oct-25,MARGARET DRIVE,New Sale,Strata,73,"27,521",-,Apartment,1,99 yrs lease commencing from 2024,03,Rest of Central Region,01 to 05
PENRITH,"1,701,000",678.13,"2,508",Oct-25,MARGARET DRIVE,New Sale,Strata,63,"27,000",-,Apartment,1,99 yrs lease commencing from 2024,03,Rest of Central Region,01 to 05
PENRITH,"1,639,000",613.55,"2,671",Oct-25,MARGARET DRIVE,New Sale,Strata,57,"28,754",-,Apartment,1,99 yrs lease commencing from 2024,03,Rest of Central Region,11 to 15
PENRITH,"1,718,000",613.55,"2,800",Oct-25,MARGARET DRIVE,New Sale,Strata,57,"30,140",-,Apartment,1,99 yrs lease commencing from 2024,03,Rest of Central Region,26 to 30
PROMENADE PEAK,"1,471,100",527.44,"2,789",Oct-25,ZION PROMENADE,New Sale,Strata,49,"30,022",-,Condominium,1,99 yrs lease commencing from 2024,03,Rest of Central Region,06 to 10
PROMENADE PEAK,"2,085,900",678.13,"3,076",Oct-25,ZION PROMENADE,New Sale,Strata,63,"33,110",-,Condominium,1,99 yrs lease commencing from 2024,03,Rest of Central Region,31 to 35
PROMENADE PEAK,"4,766,000","1,420.85","3,354",Oct-25,ZION PROMENADE,New Sale,Strata,132,"36,106",-,Condominium,1,99 yrs lease commencing from 2024,03,Rest of Central Region,51 to 55
PENRITH,"1,739,000",678.13,"2,564",Oct-25,MARGARET DRIVE,New Sale,Strata,63,"27,603",-,Apartment,1,99 yrs lease commencing from 2024,03,Rest of Central Region,01 to 05
PENRITH,"2,437,000",936.47,"2,602",Oct-25,MARGARET DRIVE,New Sale,Strata,87,"28,011",-,Apartment,1,99 yrs lease commencing from 2024,03,Rest of Central Region,01 to 05
PENRITH,"1,576,000",613.55,"2,569",Oct-25,MARGARET DRIVE,New Sale,Strata,57,"27,649",-,Apartment,1,99 yrs lease commencing from 2024,03,Rest of Central Region,01 to 05
PENRITH,"3,133,000","1,173.28","2,670",Oct-25,MARGARET DRIVE,New Sale,Strata,109,"28,743",-,Apartment,1,99 yrs lease commencing from 2024,03,Rest of Central Region,01 to 05
PENRITH,"2,042,000",785.77,"2,599",Oct-25,MARGARET DRIVE,New Sale,Strata,73,"27,973",-,Apartment,1,99 yrs lease commencing from 2024,03,Rest of Central Region,01 to 05
PENRITH,"1,744,000",678.13,"2,572",Oct-25,MARGARET DRIVE,New Sale,Strata,63,"27,683",-,Apartment,1,99 yrs lease commencing from 2024,03,Rest of Central Region,01 to 05
PENRITH,"2,439,000",936.47,"2,604",Oct-25,MARGARET DRIVE,New Sale,Strata,87,"28,034",-,Apartment,1,99 yrs lease commencing from 2024,03,Rest of Central Region,01 to 05
PENRITH,"1,586,000",613.55,"2,585",Oct-25,MARGARET DRIVE,New Sale,Strata,57,"27,825",-,Apartment,1,99 yrs lease commencing from 2024,03,Rest of Central Region,01 to 05
PENRITH,"2,048,000",785.77,"2,606",Oct-25,MARGARET DRIVE,New Sale,Strata,73,"28,055",-,Apartment,1,99 yrs lease commencing from 2024,03,Rest of Central Region,01 to 05
PENRITH,"1,759,000",678.13,"2,594",Oct-25,MARGARET DRIVE,New Sale,Strata,63,"27,921",-,Apartment,1,99 yrs lease commencing from 2024,03,Rest of Central Region,01 to 05
PENRITH,"2,461,000",936.47,"2,628",Oct-25,MARGARET DRIVE,New Sale,Strata,87,"28,287",-,Apartment,1,99 yrs lease commencing from 2024,03,Rest of Central Region,01 to 05
PENRITH,"1,596,000",613.55,"2,601",Oct-25,MARGARET DRIVE,New Sale,Strata,57,"28,000",-,Apartment,1,99 yrs lease commencing from 2024,03,Rest of Central Region,01 to 05
PENRITH,"2,064,000",785.77,"2,627",Oct-25,MARGARET DRIVE,New Sale,Strata,73,"28,274",-,Apartment,1,99 yrs lease commencing from 2024,03,Rest of Central Region,01 to 05
PENRITH,"1,764,000",678.13,"2,601",Oct-25,MARGARET DRIVE,New Sale,Strata,63,"28,000",-,Apartment,1,99 yrs lease commencing from 2024,03,Rest of Central Region,01 to 05
PENRITH,"2,463,000",936.47,"2,630",Oct-25,MARGARET DRIVE,New Sale,Strata,87,"28,310",-,Apartment,1,99 yrs lease commencing from 2024,03,Rest of Central Region,01 to 05
PENRITH,"1,631,000",613.55,"2,658",Oct-25,MARGARET DRIVE,New Sale,Strata,57,"28,614",-,Apartment,1,99 yrs lease commencing from 2024,03,Rest of Central Region,01 to 05
PENRITH,"2,070,000",785.77,"2,634",Oct-25,MARGARET DRIVE,New Sale,Strata,73,"28,356",-,Apartment,1,99 yrs lease commencing from 2024,03,Rest of Central Region,01 to 05
PENRITH,"1,779,000",678.13,"2,623",Oct-25,MARGARET DRIVE,New Sale,Strata,63,"28,238",-,Apartment,1,99 yrs lease commencing from 2024,03,Rest of Central Region,06 to 10
PENRITH,"2,480,000",936.47,"2,648",Oct-25,MARGARET DRIVE,New Sale,Strata,87,"28,506",-,Apartment,1,99 yrs lease commencing from 2024,03,Rest of Central Region,06 to 10
PENRITH,"1,645,000",613.55,"2,681",Oct-25,MARGARET DRIVE,New Sale,Strata,57,"28,860",-,Apartment,1,99 yrs lease commencing from 2024,03,Rest of Central Region,06 to 10
PENRITH,"1,784,000",678.13,"2,631",Oct-25,MARGARET DRIVE,New Sale,Strata,63,"28,317",-,Apartment,1,99 yrs lease commencing from 2024,03,Rest of Central Region,06 to 10
PENRITH,"2,487,000",936.47,"2,656",Oct-25,MARGARET DRIVE,New Sale,Strata,87,"28,586",-,Apartment,1,99 yrs lease commencing from 2024,03,Rest of Central Region,06 to 10
PENRITH,"1,650,000",613.55,"2,689",Oct-25,MARGARET DRIVE,New Sale,Strata,57,"28,947",-,Apartment,1,99 yrs lease commencing from 2024,03,Rest of Central Region,06 to 10
PENRITH,"2,092,000",785.77,"2,662",Oct-25,MARGARET DRIVE,New Sale,Strata,73,"28,658",-,Apartment,1,99 yrs lease commencing from 2024,03,Rest of Central Region,06 to 10
PENRITH,"1,799,000",678.13,"2,653",Oct-25,MARGARET DRIVE,New Sale,Strata,63,"28,556",-,Apartment,1,99 yrs lease commencing from 2024,03,Rest of Central Region,06 to 10
PENRITH,"2,504,000",936.47,"2,674",Oct-25,MARGARET DRIVE,New Sale,Strata,87,"28,782",-,Apartment,1,99 yrs lease commencing from 2024,03,Rest of Central Region,06 to 10
PENRITH,"3,488,000","1,280.92","2,723",Oct-25,MARGARET DRIVE,New Sale,Strata,119,"29,311",-,Apartment,1,99 yrs lease commencing from 2024,03,Rest of Central Region,06 to 10
PENRITH,"1,664,000",613.55,"2,712",Oct-25,MARGARET DRIVE,New Sale,Strata,57,"29,193",-,Apartment,1,99 yrs lease commencing from 2024,03,Rest of Central Region,06 to 10
PENRITH,"2,108,000",785.77,"2,683",Oct-25,MARGARET DRIVE,New Sale,Strata,73,"28,877",-,Apartment,1,99 yrs lease commencing from 2024,03,Rest of Central Region,06 to 10
PENRITH,"1,804,000",678.13,"2,660",Oct-25,MARGARET DRIVE,New Sale,Strata,63,"28,635",-,Apartment,1,99 yrs lease commencing from 2024,03,Rest of Central Region,06 to 10
PENRITH,"2,511,000",936.47,"2,681",Oct-25,MARGARET DRIVE,New Sale,Strata,87,"28,862",-,Apartment,1,99 yrs lease commencing from 2024,03,Rest of Central Region,06 to 10
PENRITH,"1,669,000",613.55,"2,720",Oct-25,MARGARET DRIVE,New Sale,Strata,57,"29,281",-,Apartment,1,99 yrs lease commencing from 2024,03,Rest of Central Region,06 to 10
PENRITH,"2,114,000",785.77,"2,690",Oct-25,MARGARET DRIVE,New Sale,Strata,73,"28,959",-,Apartment,1,99 yrs lease commencing from 2024,03,Rest of Central Region,06 to 10
PENRITH,"1,822,000",678.13,"2,687",Oct-25,MARGARET DRIVE,New Sale,Strata,63,"28,921",-,Apartment,1,99 yrs lease commencing from 2024,03,Rest of Central Region,06 to 10
PENRITH,"2,533,000",936.47,"2,705",Oct-25,MARGARET DRIVE,New Sale,Strata,87,"29,115",-,Apartment,1,99 yrs lease commencing from 2024,03,Rest of Central Region,06 to 10
PENRITH,"1,689,000",613.55,"2,753",Oct-25,MARGARET DRIVE,New Sale,Strata,57,"29,632",-,Apartment,1,99 yrs lease commencing from 2024,03,Rest of Central Region,06 to 10
PENRITH,"3,257,000","1,173.28","2,776",Oct-25,MARGARET DRIVE,New Sale,Strata,109,"29,881",-,Apartment,1,99 yrs lease commencing from 2024,03,Rest of Central Region,06 to 10
PENRITH,"2,134,000",785.77,"2,716",Oct-25,MARGARET DRIVE,New Sale,Strata,73,"29,233",-,Apartment,1,99 yrs lease commencing from 2024,03,Rest of Central Region,06 to 10
PENRITH,"1,828,000",678.13,"2,696",Oct-25,MARGARET DRIVE,New Sale,Strata,63,"29,016",-,Apartment,1,99 yrs lease commencing from 2024,03,Rest of Central Region,11 to 15
PENRITH,"2,541,000",936.47,"2,713",Oct-25,MARGARET DRIVE,New Sale,Strata,87,"29,207",-,Apartment,1,99 yrs lease commencing from 2024,03,Rest of Central Region,11 to 15
PENRITH,"1,694,000",613.55,"2,761",Oct-25,MARGARET DRIVE,New Sale,Strata,57,"29,719",-,Apartment,1,99 yrs lease commencing from 2024,03,Rest of Central Region,11 to 15
PENRITH,"2,146,000",785.77,"2,731",Oct-25,MARGARET DRIVE,New Sale,Strata,73,"29,397",-,Apartment,1,99 yrs lease commencing from 2024,03,Rest of Central Region,11 to 15
PENRITH,"1,834,000",678.13,"2,704",Oct-25,MARGARET DRIVE,New Sale,Strata,63,"29,111",-,Apartment,1,99 yrs lease commencing from 2024,03,Rest of Central Region,11 to 15
PENRITH,"2,549,000",936.47,"2,722",Oct-25,MARGARET DRIVE,New Sale,Strata,87,"29,299",-,Apartment,1,99 yrs lease commencing from 2024,03,Rest of Central Region,11 to 15
PENRITH,"1,699,000",613.55,"2,769",Oct-25,MARGARET DRIVE,New Sale,Strata,57,"29,807",-,Apartment,1,99 yrs lease commencing from 2024,03,Rest of Central Region,11 to 15
PENRITH,"2,153,000",785.77,"2,740",Oct-25,MARGARET DRIVE,New Sale,Strata,73,"29,493",-,Apartment,1,99 yrs lease commencing from 2024,03,Rest of Central Region,11 to 15
PENRITH,"1,843,000",678.13,"2,718",Oct-25,MARGARET DRIVE,New Sale,Strata,63,"29,254",-,Apartment,1,99 yrs lease commencing from 2024,03,Rest of Central Region,11 to 15
PENRITH,"2,557,000",936.47,"2,730",Oct-25,MARGARET DRIVE,New Sale,Strata,87,"29,391",-,Apartment,1,99 yrs lease commencing from 2024,03,Rest of Central Region,11 to 15
PENRITH,"1,704,000",613.55,"2,777",Oct-25,MARGARET DRIVE,New Sale,Strata,57,"29,895",-,Apartment,1,99 yrs lease commencing from 2024,03,Rest of Central Region,11 to 15
PENRITH,"2,160,000",785.77,"2,749",Oct-25,MARGARET DRIVE,New Sale,Strata,73,"29,589",-,Apartment,1,99 yrs lease commencing from 2024,03,Rest of Central Region,11 to 15
PENRITH,"1,849,000",678.13,"2,727",Oct-25,MARGARET DRIVE,New Sale,Strata,63,"29,349",-,Apartment,1,99 yrs lease commencing from 2024,03,Rest of Central Region,11 to 15
PENRITH,"2,565,000",936.47,"2,739",Oct-25,MARGARET DRIVE,New Sale,Strata,87,"29,483",-,Apartment,1,99 yrs lease commencing from 2024,03,Rest of Central Region,11 to 15
PENRITH,"1,709,000",613.55,"2,785",Oct-25,MARGARET DRIVE,New Sale,Strata,57,"29,982",-,Apartment,1,99 yrs lease commencing from 2024,03,Rest of Central Region,11 to 15
PENRITH,"2,167,000",785.77,"2,758",Oct-25,MARGARET DRIVE,New Sale,Strata,73,"29,685",-,Apartment,1,99 yrs lease commencing from 2024,03,Rest of Central Region,11 to 15
PENRITH,"1,855,000",678.13,"2,735",Oct-25,MARGARET DRIVE,New Sale,Strata,63,"29,444",-,Apartment,1,99 yrs lease commencing from 2024,03,Rest of Central Region,11 to 15
PENRITH,"2,573,000",936.47,"2,748",Oct-25,MARGARET DRIVE,New Sale,Strata,87,"29,575",-,Apartment,1,99 yrs lease commencing from 2024,03,Rest of Central Region,11 to 15
PENRITH,"1,714,000",613.55,"2,794",Oct-25,MARGARET DRIVE,New Sale,Strata,57,"30,070",-,Apartment,1,99 yrs lease commencing from 2024,03,Rest of Central Region,11 to 15
PENRITH,"2,169,000",785.77,"2,760",Oct-25,MARGARET DRIVE,New Sale,Strata,73,"29,712",-,Apartment,1,99 yrs lease commencing from 2024,03,Rest of Central Region,11 to 15
PENRITH,"1,719,000",613.55,"2,802",Oct-25,MARGARET DRIVE,New Sale,Strata,57,"30,158",-,Apartment,1,99 yrs lease commencing from 2024,03,Rest of Central Region,16 to 20
PENRITH,"1,724,000",613.55,"2,810",Oct-25,MARGARET DRIVE,New Sale,Strata,57,"30,246",-,Apartment,1,99 yrs lease commencing from 2024,03,Rest of Central Region,16 to 20
PENRITH,"1,729,000",613.55,"2,818",Oct-25,MARGARET DRIVE,New Sale,Strata,57,"30,333",-,Apartment,1,99 yrs lease commencing from 2024,03,Rest of Central Region,16 to 20
PENRITH,"1,734,000",613.55,"2,826",Oct-25,MARGARET DRIVE,New Sale,Strata,57,"30,421",-,Apartment,1,99 yrs lease commencing from 2024,03,Rest of Central Region,16 to 20
PENRITH,"3,669,000","1,280.92","2,864",Oct-25,MARGARET DRIVE,New Sale,Strata,119,"30,832",-,Apartment,1,99 yrs lease commencing from 2024,03,Rest of Central Region,16 to 20
PENRITH,"1,768,000",613.55,"2,882",Oct-25,MARGARET DRIVE,New Sale,Strata,57,"31,018",-,Apartment,1,99 yrs lease commencing from 2024,03,Rest of Central Region,21 to 25
PENRITH,"1,774,000",613.55,"2,891",Oct-25,MARGARET DRIVE,New Sale,Strata,57,"31,123",-,Apartment,1,99 yrs lease commencing from 2024,03,Rest of Central Region,21 to 25
PENRITH,"1,921,000",678.13,"2,833",Oct-25,MARGARET DRIVE,New Sale,Strata,63,"30,492",-,Apartment,1,99 yrs lease commencing from 2024,03,Rest of Central Region,21 to 25
PENRITH,"1,780,000",613.55,"2,901",Oct-25,MARGARET DRIVE,New Sale,Strata,57,"31,228",-,Apartment,1,99 yrs lease commencing from 2024,03,Rest of Central Region,21 to 25
PENRITH,"1,786,000",613.55,"2,911",Oct-25,MARGARET DRIVE,New Sale,Strata,57,"31,333",-,Apartment,1,99 yrs lease commencing from 2024,03,Rest of Central Region,21 to 25
PENRITH,"1,935,000",678.13,"2,853",Oct-25,MARGARET DRIVE,New Sale,Strata,63,"30,714",-,Apartment,1,99 yrs lease commencing from 2024,03,Rest of Central Region,26 to 30
PENRITH,"1,792,000",613.55,"2,921",Oct-25,MARGARET DRIVE,New Sale,Strata,57,"31,439",-,Apartment,1,99 yrs lease commencing from 2024,03,Rest of Central Region,26 to 30
PENRITH,"1,942,000",678.13,"2,864",Oct-25,MARGARET DRIVE,New Sale,Strata,63,"30,825",-,Apartment,1,99 yrs lease commencing from 2024,03,Rest of Central Region,26 to 30
PENRITH,"1,798,000",613.55,"2,930",Oct-25,MARGARET DRIVE,New Sale,Strata,57,"31,544",-,Apartment,1,99 yrs lease commencing from 2024,03,Rest of Central Region,26 to 30
PENRITH,"3,457,000","1,173.28","2,946",Oct-25,MARGARET DRIVE,New Sale,Strata,109,"31,716",-,Apartment,1,99 yrs lease commencing from 2024,03,Rest of Central Region,26 to 30
PENRITH,"1,949,000",678.13,"2,874",Oct-25,MARGARET DRIVE,New Sale,Strata,63,"30,937",-,Apartment,1,99 yrs lease commencing from 2024,03,Rest of Central Region,26 to 30
PENRITH,"1,804,000",613.55,"2,940",Oct-25,MARGARET DRIVE,New Sale,Strata,57,"31,649",-,Apartment,1,99 yrs lease commencing from 2024,03,Rest of Central Region,26 to 30
PENRITH,"1,962,000",678.13,"2,893",Oct-25,MARGARET DRIVE,New Sale,Strata,63,"31,143",-,Apartment,1,99 yrs lease commencing from 2024,03,Rest of Central Region,26 to 30
PENRITH,"1,810,000",613.55,"2,950",Oct-25,MARGARET DRIVE,New Sale,Strata,57,"31,754",-,Apartment,1,99 yrs lease commencing from 2024,03,Rest of Central Region,26 to 30
PENRITH,"1,981,000",678.13,"2,921",Oct-25,MARGARET DRIVE,New Sale,Strata,63,"31,444",-,Apartment,1,99 yrs lease commencing from 2024,03,Rest of Central Region,26 to 30
PENRITH,"1,989,000",678.13,"2,933",Oct-25,MARGARET DRIVE,New Sale,Strata,63,"31,571",-,Apartment,1,99 yrs lease commencing from 2024,03,Rest of Central Region,31 to 35
PENRITH,"2,005,000",678.13,"2,957",Oct-25,MARGARET DRIVE,New Sale,Strata,63,"31,825",-,Apartment,1,99 yrs lease commencing from 2024,03,Rest of Central Region,31 to 35
PENRITH,"2,013,000",678.13,"2,968",Oct-25,MARGARET DRIVE,New Sale,Strata,63,"31,952",-,Apartment,1,99 yrs lease commencing from 2024,03,Rest of Central Region,31 to 35
PENRITH,"2,024,000",678.13,"2,985",Oct-25,MARGARET DRIVE,New Sale,Strata,63,"32,127",-,Apartment,1,99 yrs lease commencing from 2024,03,Rest of Central Region,31 to 35
PENRITH,"2,032,000",678.13,"2,996",Oct-25,MARGARET DRIVE,New Sale,Strata,63,"32,254",-,Apartment,1,99 yrs lease commencing from 2024,03,Rest of Central Region,36 to 40
PENRITH,"3,894,000","1,280.92","3,040",Oct-25,MARGARET DRIVE,New Sale,Strata,119,"32,723",-,Apartment,1,99 yrs lease commencing from 2024,03,Rest of Central Region,36 to 40
PENRITH,"2,040,000",678.13,"3,008",Oct-25,MARGARET DRIVE,New Sale,Strata,63,"32,381",-,Apartment,1,99 yrs lease commencing from 2024,03,Rest of Central Region,36 to 40
PENRITH,"2,048,000",678.13,"3,020",Oct-25,MARGARET DRIVE,New Sale,Strata,63,"32,508",-,Apartment,1,99 yrs lease commencing from 2024,03,Rest of Central Region,36 to 40
PENRITH,"2,056,000",678.13,"3,032",Oct-25,MARGARET DRIVE,New Sale,Strata,63,"32,635",-,Apartment,1,99 yrs lease commencing from 2024,03,Rest of Central Region,36 to 40
PENRITH,"2,064,000",678.13,"3,044",Oct-25,MARGARET DRIVE,New Sale,Strata,63,"32,762",-,Apartment,1,99 yrs lease commencing from 2024,03,Rest of Central Region,36 to 40
PENRITH,"1,668,000",678.13,"2,460",Oct-25,MARGARET DRIVE,New Sale,Strata,63,"26,476",-,Apartment,1,99 yrs lease commencing from 2024,03,Rest of Central Region,01 to 05
PENRITH,"2,153,000",850.36,"2,532",Oct-25,MARGARET DRIVE,New Sale,Strata,79,"27,253",-,Apartment,1,99 yrs lease commencing from 2024,03,Rest of Central Region,01 to 05
PENRITH,"2,793,000","1,065.64","2,621",Oct-25,MARGARET DRIVE,New Sale,Strata,99,"28,212",-,Apartment,1,99 yrs lease commencing from 2024,03,Rest of Central Region,01 to 05
PENRITH,"1,495,000",613.55,"2,437",Oct-25,MARGARET DRIVE,New Sale,Strata,57,"26,228",-,Apartment,1,99 yrs lease commencing from 2024,03,Rest of Central Region,01 to 05
PENRITH,"1,978,000",785.77,"2,517",Oct-25,MARGARET DRIVE,New Sale,Strata,73,"27,096",-,Apartment,1,99 yrs lease commencing from 2024,03,Rest of Central Region,01 to 05
PENRITH,"1,675,000",678.13,"2,470",Oct-25,MARGARET DRIVE,New Sale,Strata,63,"26,587",-,Apartment,1,99 yrs lease commencing from 2024,03,Rest of Central Region,01 to 05
PENRITH,"2,159,000",850.36,"2,539",Oct-25,MARGARET DRIVE,New Sale,Strata,79,"27,329",-,Apartment,1,99 yrs lease commencing from 2024,03,Rest of Central Region,01 to 05
PENRITH,"2,801,000","1,065.64","2,628",Oct-25,MARGARET DRIVE,New Sale,Strata,99,"28,293",-,Apartment,1,99 yrs lease commencing from 2024,03,Rest of Central Region,01 to 05
PENRITH,"1,510,000",613.55,"2,461",Oct-25,MARGARET DRIVE,New Sale,Strata,57,"26,491",-,Apartment,1,99 yrs lease commencing from 2024,03,Rest of Central Region,01 to 05
PENRITH,"1,993,000",785.77,"2,536",Oct-25,MARGARET DRIVE,New Sale,Strata,73,"27,301",-,Apartment,1,99 yrs lease commencing from 2024,03,Rest of Central Region,01 to 05
PENRITH,"1,690,000",678.13,"2,492",Oct-25,MARGARET DRIVE,New Sale,Strata,63,"26,825",-,Apartment,1,99 yrs lease commencing from 2024,03,Rest of Central Region,01 to 05
PENRITH,"2,175,000",850.36,"2,558",Oct-25,MARGARET DRIVE,New Sale,Strata,79,"27,532",-,Apartment,1,99 yrs lease commencing from 2024,03,Rest of Central Region,01 to 05
PENRITH,"2,819,000","1,065.64","2,645",Oct-25,MARGARET DRIVE,New Sale,Strata,99,"28,475",-,Apartment,1,99 yrs lease commencing from 2024,03,Rest of Central Region,01 to 05
PENRITH,"2,176,000",850.36,"2,559",Oct-25,MARGARET DRIVE,New Sale,Strata,79,"27,544",-,Apartment,1,99 yrs lease commencing from 2024,03,Rest of Central Region,01 to 05
PENRITH,"2,822,000","1,065.64","2,648",Oct-25,MARGARET DRIVE,New Sale,Strata,99,"28,505",-,Apartment,1,99 yrs lease commencing from 2024,03,Rest of Central Region,01 to 05
PENRITH,"1,559,000",613.55,"2,541",Oct-25,MARGARET DRIVE,New Sale,Strata,57,"27,351",-,Apartment,1,99 yrs lease commencing from 2024,03,Rest of Central Region,01 to 05
PENRITH,"2,010,000",785.77,"2,558",Oct-25,MARGARET DRIVE,New Sale,Strata,73,"27,534",-,Apartment,1,99 yrs lease commencing from 2024,03,Rest of Central Region,01 to 05
PENRITH,"1,707,000",678.13,"2,517",Oct-25,MARGARET DRIVE,New Sale,Strata,63,"27,095",-,Apartment,1,99 yrs lease commencing from 2024,03,Rest of Central Region,06 to 10
PENRITH,"2,197,000",850.36,"2,584",Oct-25,MARGARET DRIVE,New Sale,Strata,79,"27,810",-,Apartment,1,99 yrs lease commencing from 2024,03,Rest of Central Region,06 to 10
PENRITH,"2,845,000","1,065.64","2,670",Oct-25,MARGARET DRIVE,New Sale,Strata,99,"28,737",-,Apartment,1,99 yrs lease commencing from 2024,03,Rest of Central Region,06 to 10
PENRITH,"1,573,000",613.55,"2,564",Oct-25,MARGARET DRIVE,New Sale,Strata,57,"27,596",-,Apartment,1,99 yrs lease commencing from 2024,03,Rest of Central Region,06 to 10
PENRITH,"2,031,000",785.77,"2,585",Oct-25,MARGARET DRIVE,New Sale,Strata,73,"27,822",-,Apartment,1,99 yrs lease commencing from 2024,03,Rest of Central Region,06 to 10
PENRITH,"1,715,000",678.13,"2,529",Oct-25,MARGARET DRIVE,New Sale,Strata,63,"27,222",-,Apartment,1,99 yrs lease commencing from 2024,03,Rest of Central Region,06 to 10
PENRITH,"2,198,000",850.36,"2,585",Oct-25,MARGARET DRIVE,New Sale,Strata,79,"27,823",-,Apartment,1,99 yrs lease commencing from 2024,03,Rest of Central Region,06 to 10
PENRITH,"2,848,000","1,065.64","2,673",Oct-25,MARGARET DRIVE,New Sale,Strata,99,"28,768",-,Apartment,1,99 yrs lease commencing from 2024,03,Rest of Central Region,06 to 10
PENRITH,"1,581,000",613.55,"2,577",Oct-25,MARGARET DRIVE,New Sale,Strata,57,"27,737",-,Apartment,1,99 yrs lease commencing from 2024,03,Rest of Central Region,06 to 10
PENRITH,"2,037,000",785.77,"2,592",Oct-25,MARGARET DRIVE,New Sale,Strata,73,"27,904",-,Apartment,1,99 yrs lease commencing from 2024,03,Rest of Central Region,06 to 10
PENRITH,"1,727,000",678.13,"2,547",Oct-25,MARGARET DRIVE,New Sale,Strata,63,"27,413",-,Apartment,1,99 yrs lease commencing from 2024,03,Rest of Central Region,06 to 10
PENRITH,"2,224,000",850.36,"2,615",Oct-25,MARGARET DRIVE,New Sale,Strata,79,"28,152",-,Apartment,1,99 yrs lease commencing from 2024,03,Rest of Central Region,06 to 10
PENRITH,"1,595,000",613.55,"2,600",Oct-25,MARGARET DRIVE,New Sale,Strata,57,"27,982",-,Apartment,1,99 yrs lease commencing from 2024,03,Rest of Central Region,06 to 10
PENRITH,"2,053,000",785.77,"2,613",Oct-25,MARGARET DRIVE,New Sale,Strata,73,"28,123",-,Apartment,1,99 yrs lease commencing from 2024,03,Rest of Central Region,06 to 10
PENRITH,"1,735,000",678.13,"2,558",Oct-25,MARGARET DRIVE,New Sale,Strata,63,"27,540",-,Apartment,1,99 yrs lease commencing from 2024,03,Rest of Central Region,06 to 10
PENRITH,"2,220,000",850.36,"2,611",Oct-25,MARGARET DRIVE,New Sale,Strata,79,"28,101",-,Apartment,1,99 yrs lease commencing from 2024,03,Rest of Central Region,06 to 10
PENRITH,"2,874,000","1,065.64","2,697",Oct-25,MARGARET DRIVE,New Sale,Strata,99,"29,030",-,Apartment,1,99 yrs lease commencing from 2024,03,Rest of Central Region,06 to 10
PENRITH,"1,600,000",613.55,"2,608",Oct-25,MARGARET DRIVE,New Sale,Strata,57,"28,070",-,Apartment,1,99 yrs lease commencing from 2024,03,Rest of Central Region,06 to 10
PENRITH,"2,054,000",785.77,"2,614",Oct-25,MARGARET DRIVE,New Sale,Strata,73,"28,137",-,Apartment,1,99 yrs lease commencing from 2024,03,Rest of Central Region,06 to 10
PENRITH,"1,750,000",678.13,"2,581",Oct-25,MARGARET DRIVE,New Sale,Strata,63,"27,778",-,Apartment,1,99 yrs lease commencing from 2024,03,Rest of Central Region,06 to 10
PENRITH,"2,250,000",850.36,"2,646",Oct-25,MARGARET DRIVE,New Sale,Strata,79,"28,481",-,Apartment,1,99 yrs lease commencing from 2024,03,Rest of Central Region,06 to 10
PENRITH,"2,897,000","1,065.64","2,719",Oct-25,MARGARET DRIVE,New Sale,Strata,99,"29,263",-,Apartment,1,99 yrs lease commencing from 2024,03,Rest of Central Region,06 to 10
PENRITH,"1,616,000",613.55,"2,634",Oct-25,MARGARET DRIVE,New Sale,Strata,57,"28,351",-,Apartment,1,99 yrs lease commencing from 2024,03,Rest of Central Region,06 to 10
PENRITH,"2,084,000",785.77,"2,652",Oct-25,MARGARET DRIVE,New Sale,Strata,73,"28,548",-,Apartment,1,99 yrs lease commencing from 2024,03,Rest of Central Region,06 to 10
PENRITH,"1,762,000",678.13,"2,598",Oct-25,MARGARET DRIVE,New Sale,Strata,63,"27,968",-,Apartment,1,99 yrs lease commencing from 2024,03,Rest of Central Region,11 to 15
PENRITH,"2,252,000",850.36,"2,648",Oct-25,MARGARET DRIVE,New Sale,Strata,79,"28,506",-,Apartment,1,99 yrs lease commencing from 2024,03,Rest of Central Region,11 to 15
PENRITH,"2,906,000","1,065.64","2,727",Oct-25,MARGARET DRIVE,New Sale,Strata,99,"29,354",-,Apartment,1,99 yrs lease commencing from 2024,03,Rest of Central Region,11 to 15
PENRITH,"1,621,000",613.55,"2,642",Oct-25,MARGARET DRIVE,New Sale,Strata,57,"28,439",-,Apartment,1,99 yrs lease commencing from 2024,03,Rest of Central Region,11 to 15
PENRITH,"2,081,000",785.77,"2,648",Oct-25,MARGARET DRIVE,New Sale,Strata,73,"28,507",-,Apartment,1,99 yrs lease commencing from 2024,03,Rest of Central Region,11 to 15
PENRITH,"1,765,000",678.13,"2,603",Oct-25,MARGARET DRIVE,New Sale,Strata,63,"28,016",-,Apartment,1,99 yrs lease commencing from 2024,03,Rest of Central Region,11 to 15
PENRITH,"2,259,000",850.36,"2,657",Oct-25,MARGARET DRIVE,New Sale,Strata,79,"28,595",-,Apartment,1,99 yrs lease commencing from 2024,03,Rest of Central Region,11 to 15
PENRITH,"2,915,000","1,065.64","2,735",Oct-25,MARGARET DRIVE,New Sale,Strata,99,"29,444",-,Apartment,1,99 yrs lease commencing from 2024,03,Rest of Central Region,11 to 15
PENRITH,"1,626,000",613.55,"2,650",Oct-25,MARGARET DRIVE,New Sale,Strata,57,"28,526",-,Apartment,1,99 yrs lease commencing from 2024,03,Rest of Central Region,11 to 15
PENRITH,"2,088,000",785.77,"2,657",Oct-25,MARGARET DRIVE,New Sale,Strata,73,"28,603",-,Apartment,1,99 yrs lease commencing from 2024,03,Rest of Central Region,11 to 15
PENRITH,"1,774,000",678.13,"2,616",Oct-25,MARGARET DRIVE,New Sale,Strata,63,"28,159",-,Apartment,1,99 yrs lease commencing from 2024,03,Rest of Central Region,11 to 15
PENRITH,"2,266,000",850.36,"2,665",Oct-25,MARGARET DRIVE,New Sale,Strata,79,"28,684",-,Apartment,1,99 yrs lease commencing from 2024,03,Rest of Central Region,11 to 15
PENRITH,"2,924,000","1,065.64","2,744",Oct-25,MARGARET DRIVE,New Sale,Strata,99,"29,535",-,Apartment,1,99 yrs lease commencing from 2024,03,Rest of Central Region,11 to 15
PENRITH,"1,631,000",613.55,"2,658",Oct-25,MARGARET DRIVE,New Sale,Strata,57,"28,614",-,Apartment,1,99 yrs lease commencing from 2024,03,Rest of Central Region,11 to 15
PENRITH,"2,105,000",785.77,"2,679",Oct-25,MARGARET DRIVE,New Sale,Strata,73,"28,836",-,Apartment,1,99 yrs lease commencing from 2024,03,Rest of Central Region,11 to 15
PENRITH,"1,777,000",678.13,"2,620",Oct-25,MARGARET DRIVE,New Sale,Strata,63,"28,206",-,Apartment,1,99 yrs lease commencing from 2024,03,Rest of Central Region,11 to 15
PENRITH,"2,278,000",850.36,"2,679",Oct-25,MARGARET DRIVE,New Sale,Strata,79,"28,835",-,Apartment,1,99 yrs lease commencing from 2024,03,Rest of Central Region,11 to 15
PENRITH,"2,933,000","1,065.64","2,752",Oct-25,MARGARET DRIVE,New Sale,Strata,99,"29,626",-,Apartment,1,99 yrs lease commencing from 2024,03,Rest of Central Region,11 to 15
PENRITH,"2,107,000",785.77,"2,681",Oct-25,MARGARET DRIVE,New Sale,Strata,73,"28,863",-,Apartment,1,99 yrs lease commencing from 2024,03,Rest of Central Region,11 to 15
PENRITH,"1,784,000",678.13,"2,631",Oct-25,MARGARET DRIVE,New Sale,Strata,63,"28,317",-,Apartment,1,99 yrs lease commencing from 2024,03,Rest of Central Region,11 to 15
PENRITH,"2,280,000",850.36,"2,681",Oct-25,MARGARET DRIVE,New Sale,Strata,79,"28,861",-,Apartment,1,99 yrs lease commencing from 2024,03,Rest of Central Region,11 to 15
PENRITH,"2,942,000","1,065.64","2,761",Oct-25,MARGARET DRIVE,New Sale,Strata,99,"29,717",-,Apartment,1,99 yrs lease commencing from 2024,03,Rest of Central Region,11 to 15
PENRITH,"1,641,000",613.55,"2,675",Oct-25,MARGARET DRIVE,New Sale,Strata,57,"28,789",-,Apartment,1,99 yrs lease commencing from 2024,03,Rest of Central Region,11 to 15
PENRITH,"2,114,000",785.77,"2,690",Oct-25,MARGARET DRIVE,New Sale,Strata,73,"28,959",-,Apartment,1,99 yrs lease commencing from 2024,03,Rest of Central Region,11 to 15
PENRITH,"1,829,000",678.13,"2,697",Oct-25,MARGARET DRIVE,New Sale,Strata,63,"29,032",-,Apartment,1,99 yrs lease commencing from 2024,03,Rest of Central Region,16 to 20
PENRITH,"1,691,000",613.55,"2,756",Oct-25,MARGARET DRIVE,New Sale,Strata,57,"29,667",-,Apartment,1,99 yrs lease commencing from 2024,03,Rest of Central Region,21 to 25
PENRITH,"1,706,000",613.55,"2,781",Oct-25,MARGARET DRIVE,New Sale,Strata,57,"29,930",-,Apartment,1,99 yrs lease commencing from 2024,03,Rest of Central Region,21 to 25
PENRITH,"1,712,000",613.55,"2,790",Oct-25,MARGARET DRIVE,New Sale,Strata,57,"30,035",-,Apartment,1,99 yrs lease commencing from 2024,03,Rest of Central Region,21 to 25
PENRITH,"1,724,000",613.55,"2,810",Oct-25,MARGARET DRIVE,New Sale,Strata,57,"30,246",-,Apartment,1,99 yrs lease commencing from 2024,03,Rest of Central Region,26 to 30
PENRITH,"1,730,000",613.55,"2,820",Oct-25,MARGARET DRIVE,New Sale,Strata,57,"30,351",-,Apartment,1,99 yrs lease commencing from 2024,03,Rest of Central Region,26 to 30
PENRITH,"1,736,000",613.55,"2,829",Oct-25,MARGARET DRIVE,New Sale,Strata,57,"30,456",-,Apartment,1,99 yrs lease commencing from 2024,03,Rest of Central Region,26 to 30
PENRITH,"1,756,000",613.55,"2,862",Oct-25,MARGARET DRIVE,New Sale,Strata,57,"30,807",-,Apartment,1,99 yrs lease commencing from 2024,03,Rest of Central Region,26 to 30
PENRITH,"1,763,000",613.55,"2,873",Oct-25,MARGARET DRIVE,New Sale,Strata,57,"30,930",-,Apartment,1,99 yrs lease commencing from 2024,03,Rest of Central Region,31 to 35
PENRITH,"3,458,000","1,173.28","2,947",Oct-25,MARGARET DRIVE,New Sale,Strata,109,"31,725",-,Apartment,1,99 yrs lease commencing from 2024,03,Rest of Central Region,31 to 35
PENRITH,"1,930,000",678.13,"2,846",Oct-25,MARGARET DRIVE,New Sale,Strata,63,"30,635",-,Apartment,1,99 yrs lease commencing from 2024,03,Rest of Central Region,31 to 35
PENRITH,"1,770,000",613.55,"2,885",Oct-25,MARGARET DRIVE,New Sale,Strata,57,"31,053",-,Apartment,1,99 yrs lease commencing from 2024,03,Rest of Central Region,31 to 35
PENRITH,"3,153,000","1,065.64","2,959",Oct-25,MARGARET DRIVE,New Sale,Strata,99,"31,848",-,Apartment,1,99 yrs lease commencing from 2024,03,Rest of Central Region,31 to 35
PENRITH,"1,777,000",613.55,"2,896",Oct-25,MARGARET DRIVE,New Sale,Strata,57,"31,175",-,Apartment,1,99 yrs lease commencing from 2024,03,Rest of Central Region,31 to 35
PENRITH,"1,949,000",678.13,"2,874",Oct-25,MARGARET DRIVE,New Sale,Strata,63,"30,937",-,Apartment,1,99 yrs lease commencing from 2024,03,Rest of Central Region,31 to 35
PENRITH,"3,164,000","1,065.64","2,969",Oct-25,MARGARET DRIVE,New Sale,Strata,99,"31,960",-,Apartment,1,99 yrs lease commencing from 2024,03,Rest of Central Region,31 to 35
PENRITH,"1,784,000",613.55,"2,908",Oct-25,MARGARET DRIVE,New Sale,Strata,57,"31,298",-,Apartment,1,99 yrs lease commencing from 2024,03,Rest of Central Region,31 to 35
PENRITH,"1,957,000",678.13,"2,886",Oct-25,MARGARET DRIVE,New Sale,Strata,63,"31,063",-,Apartment,1,99 yrs lease commencing from 2024,03,Rest of Central Region,31 to 35
PENRITH,"1,965,000",678.13,"2,898",Oct-25,MARGARET DRIVE,New Sale,Strata,63,"31,190",-,Apartment,1,99 yrs lease commencing from 2024,03,Rest of Central Region,36 to 40
PENRITH,"3,186,000","1,065.64","2,990",Oct-25,MARGARET DRIVE,New Sale,Strata,99,"32,182",-,Apartment,1,99 yrs lease commencing from 2024,03,Rest of Central Region,36 to 40
PENRITH,"1,798,000",613.55,"2,930",Oct-25,MARGARET DRIVE,New Sale,Strata,57,"31,544",-,Apartment,1,99 yrs lease commencing from 2024,03,Rest of Central Region,36 to 40
PENRITH,"1,973,000",678.13,"2,909",Oct-25,MARGARET DRIVE,New Sale,Strata,63,"31,317",-,Apartment,1,99 yrs lease commencing from 2024,03,Rest of Central Region,36 to 40
PENRITH,"1,981,000",678.13,"2,921",Oct-25,MARGARET DRIVE,New Sale,Strata,63,"31,444",-,Apartment,1,99 yrs lease commencing from 2024,03,Rest of Central Region,36 to 40
PENRITH,"3,213,000","1,065.64","3,015",Oct-25,MARGARET DRIVE,New Sale,Strata,99,"32,455",-,Apartment,1,99 yrs lease commencing from 2024,03,Rest of Central Region,36 to 40
PENRITH,"3,542,000","1,173.28","3,019",Oct-25,MARGARET DRIVE,New Sale,Strata,109,"32,495",-,Apartment,1,99 yrs lease commencing from 2024,03,Rest of Central Region,36 to 40
PENRITH,"1,989,000",678.13,"2,933",Oct-25,MARGARET DRIVE,New Sale,Strata,63,"31,571",-,Apartment,1,99 yrs lease commencing from 2024,03,Rest of Central Region,36 to 40
PENRITH,"2,497,000",850.36,"2,936",Oct-25,MARGARET DRIVE,New Sale,Strata,79,"31,608",-,Apartment,1,99 yrs lease commencing from 2024,03,Rest of Central Region,36 to 40
PENRITH,"3,224,000","1,065.64","3,025",Oct-25,MARGARET DRIVE,New Sale,Strata,99,"32,566",-,Apartment,1,99 yrs lease commencing from 2024,03,Rest of Central Region,36 to 40
PENRITH,"2,000,000",678.13,"2,949",Oct-25,MARGARET DRIVE,New Sale,Strata,63,"31,746",-,Apartment,1,99 yrs lease commencing from 2024,03,Rest of Central Region,36 to 40
PROMENADE PEAK,"2,124,400",678.13,"3,133",Oct-25,ZION PROMENADE,New Sale,Strata,63,"33,721",-,Condominium,1,99 yrs lease commencing from 2024,03,Rest of Central Region,41 to 45
PROMENADE PEAK,"5,241,200","1,582.31","3,312",Oct-25,ZION PROMENADE,New Sale,Strata,147,"35,654",-,Condominium,1,99 yrs lease commencing from 2024,03,Rest of Central Region,41 to 45
MARGARET VILLE,"2,900,000","1,463.9","1,981",Oct-25,MARGARET DRIVE,Resale,Strata,136,"21,324",-,Apartment,1,99 yrs lease commencing from 2017,03,Rest of Central Region,36 to 40
PENRITH,"3,398,000","1,280.92","2,653",Oct-25,MARGARET DRIVE,New Sale,Strata,119,"28,555",-,Apartment,1,99 yrs lease commencing from 2024,03,Rest of Central Region,01 to 05
PENRITH,"3,408,000","1,280.92","2,661",Oct-25,MARGARET DRIVE,New Sale,Strata,119,"28,639",-,Apartment,1,99 yrs lease commencing from 2024,03,Rest of Central Region,01 to 05
PENRITH,"3,142,000","1,173.28","2,678",Oct-25,MARGARET DRIVE,New Sale,Strata,109,"28,826",-,Apartment,1,99 yrs lease commencing from 2024,03,Rest of Central Region,01 to 05
PENRITH,"3,428,000","1,280.92","2,676",Oct-25,MARGARET DRIVE,New Sale,Strata,119,"28,807",-,Apartment,1,99 yrs lease commencing from 2024,03,Rest of Central Region,01 to 05
PENRITH,"3,161,000","1,173.28","2,694",Oct-25,MARGARET DRIVE,New Sale,Strata,109,"29,000",-,Apartment,1,99 yrs lease commencing from 2024,03,Rest of Central Region,01 to 05
PENRITH,"3,438,000","1,280.92","2,684",Oct-25,MARGARET DRIVE,New Sale,Strata,119,"28,891",-,Apartment,1,99 yrs lease commencing from 2024,03,Rest of Central Region,01 to 05
PENRITH,"3,170,000","1,173.28","2,702",Oct-25,MARGARET DRIVE,New Sale,Strata,109,"29,083",-,Apartment,1,99 yrs lease commencing from 2024,03,Rest of Central Region,01 to 05
PENRITH,"3,458,000","1,280.92","2,700",Oct-25,MARGARET DRIVE,New Sale,Strata,119,"29,059",-,Apartment,1,99 yrs lease commencing from 2024,03,Rest of Central Region,06 to 10
PENRITH,"3,189,000","1,173.28","2,718",Oct-25,MARGARET DRIVE,New Sale,Strata,109,"29,257",-,Apartment,1,99 yrs lease commencing from 2024,03,Rest of Central Region,06 to 10
PENRITH,"3,468,000","1,280.92","2,707",Oct-25,MARGARET DRIVE,New Sale,Strata,119,"29,143",-,Apartment,1,99 yrs lease commencing from 2024,03,Rest of Central Region,06 to 10
PENRITH,"3,198,000","1,173.28","2,726",Oct-25,MARGARET DRIVE,New Sale,Strata,109,"29,339",-,Apartment,1,99 yrs lease commencing from 2024,03,Rest of Central Region,06 to 10
PENRITH,"3,217,000","1,173.28","2,742",Oct-25,MARGARET DRIVE,New Sale,Strata,109,"29,514",-,Apartment,1,99 yrs lease commencing from 2024,03,Rest of Central Region,06 to 10
PENRITH,"3,498,000","1,280.92","2,731",Oct-25,MARGARET DRIVE,New Sale,Strata,119,"29,395",-,Apartment,1,99 yrs lease commencing from 2024,03,Rest of Central Region,06 to 10
PENRITH,"3,226,000","1,173.28","2,750",Oct-25,MARGARET DRIVE,New Sale,Strata,109,"29,596",-,Apartment,1,99 yrs lease commencing from 2024,03,Rest of Central Region,06 to 10
PENRITH,"3,533,000","1,280.92","2,758",Oct-25,MARGARET DRIVE,New Sale,Strata,119,"29,689",-,Apartment,1,99 yrs lease commencing from 2024,03,Rest of Central Region,06 to 10
PENRITH,"3,544,000","1,280.92","2,767",Oct-25,MARGARET DRIVE,New Sale,Strata,119,"29,782",-,Apartment,1,99 yrs lease commencing from 2024,03,Rest of Central Region,11 to 15
PENRITH,"3,267,000","1,173.28","2,785",Oct-25,MARGARET DRIVE,New Sale,Strata,109,"29,972",-,Apartment,1,99 yrs lease commencing from 2024,03,Rest of Central Region,11 to 15
PENRITH,"3,555,000","1,280.92","2,775",Oct-25,MARGARET DRIVE,New Sale,Strata,119,"29,874",-,Apartment,1,99 yrs lease commencing from 2024,03,Rest of Central Region,11 to 15
PENRITH,"3,277,000","1,173.28","2,793",Oct-25,MARGARET DRIVE,New Sale,Strata,109,"30,064",-,Apartment,1,99 yrs lease commencing from 2024,03,Rest of Central Region,11 to 15
PENRITH,"3,566,000","1,280.92","2,784",Oct-25,MARGARET DRIVE,New Sale,Strata,119,"29,966",-,Apartment,1,99 yrs lease commencing from 2024,03,Rest of Central Region,11 to 15
PENRITH,"3,287,000","1,173.28","2,802",Oct-25,MARGARET DRIVE,New Sale,Strata,109,"30,156",-,Apartment,1,99 yrs lease commencing from 2024,03,Rest of Central Region,11 to 15
PENRITH,"3,577,000","1,280.92","2,793",Oct-25,MARGARET DRIVE,New Sale,Strata,119,"30,059",-,Apartment,1,99 yrs lease commencing from 2024,03,Rest of Central Region,11 to 15
PENRITH,"3,297,000","1,173.28","2,810",Oct-25,MARGARET DRIVE,New Sale,Strata,109,"30,248",-,Apartment,1,99 yrs lease commencing from 2024,03,Rest of Central Region,11 to 15
PENRITH,"3,588,000","1,280.92","2,801",Oct-25,MARGARET DRIVE,New Sale,Strata,119,"30,151",-,Apartment,1,99 yrs lease commencing from 2024,03,Rest of Central Region,11 to 15
PENRITH,"3,307,000","1,173.28","2,819",Oct-25,MARGARET DRIVE,New Sale,Strata,109,"30,339",-,Apartment,1,99 yrs lease commencing from 2024,03,Rest of Central Region,11 to 15
PENRITH,"1,855,000",678.13,"2,735",Oct-25,MARGARET DRIVE,New Sale,Strata,63,"29,444",-,Apartment,1,99 yrs lease commencing from 2024,03,Rest of Central Region,16 to 20
PENRITH,"3,317,000","1,173.28","2,827",Oct-25,MARGARET DRIVE,New Sale,Strata,109,"30,431",-,Apartment,1,99 yrs lease commencing from 2024,03,Rest of Central Region,16 to 20
PENRITH,"1,861,000",678.13,"2,744",Oct-25,MARGARET DRIVE,New Sale,Strata,63,"29,540",-,Apartment,1,99 yrs lease commencing from 2024,03,Rest of Central Region,16 to 20
PENRITH,"3,610,000","1,280.92","2,818",Oct-25,MARGARET DRIVE,New Sale,Strata,119,"30,336",-,Apartment,1,99 yrs lease commencing from 2024,03,Rest of Central Region,16 to 20
PENRITH,"3,327,000","1,173.28","2,836",Oct-25,MARGARET DRIVE,New Sale,Strata,109,"30,523",-,Apartment,1,99 yrs lease commencing from 2024,03,Rest of Central Region,16 to 20
PENRITH,"1,867,000",678.13,"2,753",Oct-25,MARGARET DRIVE,New Sale,Strata,63,"29,635",-,Apartment,1,99 yrs lease commencing from 2024,03,Rest of Central Region,16 to 20
PENRITH,"3,621,000","1,280.92","2,827",Oct-25,MARGARET DRIVE,New Sale,Strata,119,"30,429",-,Apartment,1,99 yrs lease commencing from 2024,03,Rest of Central Region,16 to 20
PENRITH,"3,337,000","1,173.28","2,844",Oct-25,MARGARET DRIVE,New Sale,Strata,109,"30,615",-,Apartment,1,99 yrs lease commencing from 2024,03,Rest of Central Region,16 to 20
PENRITH,"1,873,000",678.13,"2,762",Oct-25,MARGARET DRIVE,New Sale,Strata,63,"29,730",-,Apartment,1,99 yrs lease commencing from 2024,03,Rest of Central Region,16 to 20
PENRITH,"3,632,000","1,280.92","2,835",Oct-25,MARGARET DRIVE,New Sale,Strata,119,"30,521",-,Apartment,1,99 yrs lease commencing from 2024,03,Rest of Central Region,16 to 20
PENRITH,"3,347,000","1,173.28","2,853",Oct-25,MARGARET DRIVE,New Sale,Strata,109,"30,706",-,Apartment,1,99 yrs lease commencing from 2024,03,Rest of Central Region,16 to 20
PENRITH,"1,893,000",678.13,"2,791",Oct-25,MARGARET DRIVE,New Sale,Strata,63,"30,048",-,Apartment,1,99 yrs lease commencing from 2024,03,Rest of Central Region,16 to 20
PENRITH,"1,750,000",613.55,"2,852",Oct-25,MARGARET DRIVE,New Sale,Strata,57,"30,702",-,Apartment,1,99 yrs lease commencing from 2024,03,Rest of Central Region,16 to 20
PENRITH,"1,900,000",678.13,"2,802",Oct-25,MARGARET DRIVE,New Sale,Strata,63,"30,159",-,Apartment,1,99 yrs lease commencing from 2024,03,Rest of Central Region,21 to 25
PENRITH,"3,681,000","1,280.92","2,874",Oct-25,MARGARET DRIVE,New Sale,Strata,119,"30,933",-,Apartment,1,99 yrs lease commencing from 2024,03,Rest of Central Region,21 to 25
PENRITH,"3,391,000","1,173.28","2,890",Oct-25,MARGARET DRIVE,New Sale,Strata,109,"31,110",-,Apartment,1,99 yrs lease commencing from 2024,03,Rest of Central Region,21 to 25
PENRITH,"1,907,000",678.13,"2,812",Oct-25,MARGARET DRIVE,New Sale,Strata,63,"30,270",-,Apartment,1,99 yrs lease commencing from 2024,03,Rest of Central Region,21 to 25
PENRITH,"3,693,000","1,280.92","2,883",Oct-25,MARGARET DRIVE,New Sale,Strata,119,"31,034",-,Apartment,1,99 yrs lease commencing from 2024,03,Rest of Central Region,21 to 25
PENRITH,"3,402,000","1,173.28","2,900",Oct-25,MARGARET DRIVE,New Sale,Strata,109,"31,211",-,Apartment,1,99 yrs lease commencing from 2024,03,Rest of Central Region,21 to 25
PENRITH,"1,914,000",678.13,"2,822",Oct-25,MARGARET DRIVE,New Sale,Strata,63,"30,381",-,Apartment,1,99 yrs lease commencing from 2024,03,Rest of Central Region,21 to 25
PENRITH,"3,705,000","1,280.92","2,892",Oct-25,MARGARET DRIVE,New Sale,Strata,119,"31,134",-,Apartment,1,99 yrs lease commencing from 2024,03,Rest of Central Region,21 to 25
PENRITH,"3,413,000","1,173.28","2,909",Oct-25,MARGARET DRIVE,New Sale,Strata,109,"31,312",-,Apartment,1,99 yrs lease commencing from 2024,03,Rest of Central Region,21 to 25
PENRITH,"2,238,000",785.77,"2,848",Oct-25,MARGARET DRIVE,New Sale,Strata,73,"30,658",-,Apartment,1,99 yrs lease commencing from 2024,03,Rest of Central Region,21 to 25
PENRITH,"3,717,000","1,280.92","2,902",Oct-25,MARGARET DRIVE,New Sale,Strata,119,"31,235",-,Apartment,1,99 yrs lease commencing from 2024,03,Rest of Central Region,21 to 25
PENRITH,"3,424,000","1,173.28","2,918",Oct-25,MARGARET DRIVE,New Sale,Strata,109,"31,413",-,Apartment,1,99 yrs lease commencing from 2024,03,Rest of Central Region,21 to 25
PENRITH,"2,246,000",785.77,"2,858",Oct-25,MARGARET DRIVE,New Sale,Strata,73,"30,767",-,Apartment,1,99 yrs lease commencing from 2024,03,Rest of Central Region,21 to 25
PENRITH,"1,928,000",678.13,"2,843",Oct-25,MARGARET DRIVE,New Sale,Strata,63,"30,603",-,Apartment,1,99 yrs lease commencing from 2024,03,Rest of Central Region,21 to 25
PENRITH,"3,435,000","1,173.28","2,928",Oct-25,MARGARET DRIVE,New Sale,Strata,109,"31,514",-,Apartment,1,99 yrs lease commencing from 2024,03,Rest of Central Region,21 to 25
PENRITH,"2,254,000",785.77,"2,869",Oct-25,MARGARET DRIVE,New Sale,Strata,73,"30,877",-,Apartment,1,99 yrs lease commencing from 2024,03,Rest of Central Region,21 to 25
PENRITH,"3,741,000","1,280.92","2,921",Oct-25,MARGARET DRIVE,New Sale,Strata,119,"31,437",-,Apartment,1,99 yrs lease commencing from 2024,03,Rest of Central Region,26 to 30
PENRITH,"3,446,000","1,173.28","2,937",Oct-25,MARGARET DRIVE,New Sale,Strata,109,"31,615",-,Apartment,1,99 yrs lease commencing from 2024,03,Rest of Central Region,26 to 30
PENRITH,"2,262,000",785.77,"2,879",Oct-25,MARGARET DRIVE,New Sale,Strata,73,"30,986",-,Apartment,1,99 yrs lease commencing from 2024,03,Rest of Central Region,26 to 30
PENRITH,"3,753,000","1,280.92","2,930",Oct-25,MARGARET DRIVE,New Sale,Strata,119,"31,538",-,Apartment,1,99 yrs lease commencing from 2024,03,Rest of Central Region,26 to 30
PENRITH,"2,270,000",785.77,"2,889",Oct-25,MARGARET DRIVE,New Sale,Strata,73,"31,096",-,Apartment,1,99 yrs lease commencing from 2024,03,Rest of Central Region,26 to 30
PENRITH,"3,765,000","1,280.92","2,939",Oct-25,MARGARET DRIVE,New Sale,Strata,119,"31,639",-,Apartment,1,99 yrs lease commencing from 2024,03,Rest of Central Region,26 to 30
PENRITH,"3,468,000","1,173.28","2,956",Oct-25,MARGARET DRIVE,New Sale,Strata,109,"31,817",-,Apartment,1,99 yrs lease commencing from 2024,03,Rest of Central Region,26 to 30
PENRITH,"2,278,000",785.77,"2,899",Oct-25,MARGARET DRIVE,New Sale,Strata,73,"31,205",-,Apartment,1,99 yrs lease commencing from 2024,03,Rest of Central Region,26 to 30
PENRITH,"2,705,000",936.47,"2,889",Oct-25,MARGARET DRIVE,New Sale,Strata,87,"31,092",-,Apartment,1,99 yrs lease commencing from 2024,03,Rest of Central Region,26 to 30
PENRITH,"3,777,000","1,280.92","2,949",Oct-25,MARGARET DRIVE,New Sale,Strata,119,"31,739",-,Apartment,1,99 yrs lease commencing from 2024,03,Rest of Central Region,26 to 30
PENRITH,"3,479,000","1,173.28","2,965",Oct-25,MARGARET DRIVE,New Sale,Strata,109,"31,917",-,Apartment,1,99 yrs lease commencing from 2024,03,Rest of Central Region,26 to 30
PENRITH,"2,286,000",785.77,"2,909",Oct-25,MARGARET DRIVE,New Sale,Strata,73,"31,315",-,Apartment,1,99 yrs lease commencing from 2024,03,Rest of Central Region,26 to 30
PENRITH,"2,731,000",936.47,"2,916",Oct-25,MARGARET DRIVE,New Sale,Strata,87,"31,391",-,Apartment,1,99 yrs lease commencing from 2024,03,Rest of Central Region,26 to 30
PENRITH,"3,816,000","1,280.92","2,979",Oct-25,MARGARET DRIVE,New Sale,Strata,119,"32,067",-,Apartment,1,99 yrs lease commencing from 2024,03,Rest of Central Region,26 to 30
PENRITH,"3,514,000","1,173.28","2,995",Oct-25,MARGARET DRIVE,New Sale,Strata,109,"32,239",-,Apartment,1,99 yrs lease commencing from 2024,03,Rest of Central Region,26 to 30
PENRITH,"2,310,000",785.77,"2,940",Oct-25,MARGARET DRIVE,New Sale,Strata,73,"31,644",-,Apartment,1,99 yrs lease commencing from 2024,03,Rest of Central Region,26 to 30
PENRITH,"2,741,000",936.47,"2,927",Oct-25,MARGARET DRIVE,New Sale,Strata,87,"31,506",-,Apartment,1,99 yrs lease commencing from 2024,03,Rest of Central Region,31 to 35
PENRITH,"3,829,000","1,280.92","2,989",Oct-25,MARGARET DRIVE,New Sale,Strata,119,"32,176",-,Apartment,1,99 yrs lease commencing from 2024,03,Rest of Central Region,31 to 35
PENRITH,"3,526,000","1,173.28","3,005",Oct-25,MARGARET DRIVE,New Sale,Strata,109,"32,349",-,Apartment,1,99 yrs lease commencing from 2024,03,Rest of Central Region,31 to 35
PENRITH,"2,319,000",785.77,"2,951",Oct-25,MARGARET DRIVE,New Sale,Strata,73,"31,767",-,Apartment,1,99 yrs lease commencing from 2024,03,Rest of Central Region,31 to 35
PENRITH,"1,994,000",678.13,"2,940",Oct-25,MARGARET DRIVE,New Sale,Strata,63,"31,651",-,Apartment,1,99 yrs lease commencing from 2024,03,Rest of Central Region,31 to 35
PENRITH,"2,751,000",936.47,"2,938",Oct-25,MARGARET DRIVE,New Sale,Strata,87,"31,621",-,Apartment,1,99 yrs lease commencing from 2024,03,Rest of Central Region,31 to 35
PENRITH,"3,842,000","1,280.92","2,999",Oct-25,MARGARET DRIVE,New Sale,Strata,119,"32,286",-,Apartment,1,99 yrs lease commencing from 2024,03,Rest of Central Region,31 to 35
PENRITH,"3,538,000","1,173.28","3,015",Oct-25,MARGARET DRIVE,New Sale,Strata,109,"32,459",-,Apartment,1,99 yrs lease commencing from 2024,03,Rest of Central Region,31 to 35
PENRITH,"2,328,000",785.77,"2,963",Oct-25,MARGARET DRIVE,New Sale,Strata,73,"31,890",-,Apartment,1,99 yrs lease commencing from 2024,03,Rest of Central Region,31 to 35
PENRITH,"2,761,000",936.47,"2,948",Oct-25,MARGARET DRIVE,New Sale,Strata,87,"31,736",-,Apartment,1,99 yrs lease commencing from 2024,03,Rest of Central Region,31 to 35
PENRITH,"3,855,000","1,280.92","3,010",Oct-25,MARGARET DRIVE,New Sale,Strata,119,"32,395",-,Apartment,1,99 yrs lease commencing from 2024,03,Rest of Central Region,31 to 35
PENRITH,"3,550,000","1,173.28","3,026",Oct-25,MARGARET DRIVE,New Sale,Strata,109,"32,569",-,Apartment,1,99 yrs lease commencing from 2024,03,Rest of Central Region,31 to 35
PENRITH,"2,337,000",785.77,"2,974",Oct-25,MARGARET DRIVE,New Sale,Strata,73,"32,014",-,Apartment,1,99 yrs lease commencing from 2024,03,Rest of Central Region,31 to 35
PENRITH,"2,771,000",936.47,"2,959",Oct-25,MARGARET DRIVE,New Sale,Strata,87,"31,851",-,Apartment,1,99 yrs lease commencing from 2024,03,Rest of Central Region,31 to 35
PENRITH,"3,562,000","1,173.28","3,036",Oct-25,MARGARET DRIVE,New Sale,Strata,109,"32,679",-,Apartment,1,99 yrs lease commencing from 2024,03,Rest of Central Region,31 to 35
PENRITH,"2,346,000",785.77,"2,986",Oct-25,MARGARET DRIVE,New Sale,Strata,73,"32,137",-,Apartment,1,99 yrs lease commencing from 2024,03,Rest of Central Region,31 to 35
PENRITH,"2,781,000",936.47,"2,970",Oct-25,MARGARET DRIVE,New Sale,Strata,87,"31,966",-,Apartment,1,99 yrs lease commencing from 2024,03,Rest of Central Region,31 to 35
PENRITH,"3,881,000","1,280.92","3,030",Oct-25,MARGARET DRIVE,New Sale,Strata,119,"32,613",-,Apartment,1,99 yrs lease commencing from 2024,03,Rest of Central Region,31 to 35
PENRITH,"3,574,000","1,173.28","3,046",Oct-25,MARGARET DRIVE,New Sale,Strata,109,"32,789",-,Apartment,1,99 yrs lease commencing from 2024,03,Rest of Central Region,31 to 35
PENRITH,"2,355,000",785.77,"2,997",Oct-25,MARGARET DRIVE,New Sale,Strata,73,"32,260",-,Apartment,1,99 yrs lease commencing from 2024,03,Rest of Central Region,31 to 35
PENRITH,"2,791,000",936.47,"2,980",Oct-25,MARGARET DRIVE,New Sale,Strata,87,"32,080",-,Apartment,1,99 yrs lease commencing from 2024,03,Rest of Central Region,36 to 40
PENRITH,"3,586,000","1,173.28","3,056",Oct-25,MARGARET DRIVE,New Sale,Strata,109,"32,899",-,Apartment,1,99 yrs lease commencing from 2024,03,Rest of Central Region,36 to 40
PENRITH,"2,364,000",785.77,"3,009",Oct-25,MARGARET DRIVE,New Sale,Strata,73,"32,384",-,Apartment,1,99 yrs lease commencing from 2024,03,Rest of Central Region,36 to 40
PENRITH,"2,801,000",936.47,"2,991",Oct-25,MARGARET DRIVE,New Sale,Strata,87,"32,195",-,Apartment,1,99 yrs lease commencing from 2024,03,Rest of Central Region,36 to 40
PENRITH,"3,907,000","1,280.92","3,050",Oct-25,MARGARET DRIVE,New Sale,Strata,119,"32,832",-,Apartment,1,99 yrs lease commencing from 2024,03,Rest of Central Region,36 to 40
PENRITH,"3,598,000","1,173.28","3,067",Oct-25,MARGARET DRIVE,New Sale,Strata,109,"33,009",-,Apartment,1,99 yrs lease commencing from 2024,03,Rest of Central Region,36 to 40
PENRITH,"2,373,000",785.77,"3,020",Oct-25,MARGARET DRIVE,New Sale,Strata,73,"32,507",-,Apartment,1,99 yrs lease commencing from 2024,03,Rest of Central Region,36 to 40
PENRITH,"2,811,000",936.47,"3,002",Oct-25,MARGARET DRIVE,New Sale,Strata,87,"32,310",-,Apartment,1,99 yrs lease commencing from 2024,03,Rest of Central Region,36 to 40
PENRITH,"3,610,000","1,173.28","3,077",Oct-25,MARGARET DRIVE,New Sale,Strata,109,"33,119",-,Apartment,1,99 yrs lease commencing from 2024,03,Rest of Central Region,36 to 40
PENRITH,"2,382,000",785.77,"3,031",Oct-25,MARGARET DRIVE,New Sale,Strata,73,"32,630",-,Apartment,1,99 yrs lease commencing from 2024,03,Rest of Central Region,36 to 40
PENRITH,"2,821,000",936.47,"3,012",Oct-25,MARGARET DRIVE,New Sale,Strata,87,"32,425",-,Apartment,1,99 yrs lease commencing from 2024,03,Rest of Central Region,36 to 40
PENRITH,"3,622,000","1,173.28","3,087",Oct-25,MARGARET DRIVE,New Sale,Strata,109,"33,229",-,Apartment,1,99 yrs lease commencing from 2024,03,Rest of Central Region,36 to 40
PENRITH,"2,391,000",785.77,"3,043",Oct-25,MARGARET DRIVE,New Sale,Strata,73,"32,753",-,Apartment,1,99 yrs lease commencing from 2024,03,Rest of Central Region,36 to 40
PENRITH,"2,831,000",936.47,"3,023",Oct-25,MARGARET DRIVE,New Sale,Strata,87,"32,540",-,Apartment,1,99 yrs lease commencing from 2024,03,Rest of Central Region,36 to 40
PENRITH,"2,400,000",785.77,"3,054",Oct-25,MARGARET DRIVE,New Sale,Strata,73,"32,877",-,Apartment,1,99 yrs lease commencing from 2024,03,Rest of Central Region,36 to 40
PENRITH,"3,078,000","1,173.28","2,623",Oct-25,MARGARET DRIVE,New Sale,Strata,109,"28,239",-,Apartment,1,99 yrs lease commencing from 2024,03,Rest of Central Region,01 to 05
PENRITH,"3,092,000","1,173.28","2,635",Oct-25,MARGARET DRIVE,New Sale,Strata,109,"28,367",-,Apartment,1,99 yrs lease commencing from 2024,03,Rest of Central Region,01 to 05
PENRITH,"1,440,000",613.55,"2,347",Oct-25,MARGARET DRIVE,New Sale,Strata,57,"25,263",-,Apartment,1,99 yrs lease commencing from 2024,03,Rest of Central Region,01 to 05
PENRITH,"3,111,000","1,173.28","2,652",Oct-25,MARGARET DRIVE,New Sale,Strata,109,"28,541",-,Apartment,1,99 yrs lease commencing from 2024,03,Rest of Central Region,01 to 05
PENRITH,"3,120,000","1,173.28","2,659",Oct-25,MARGARET DRIVE,New Sale,Strata,109,"28,624",-,Apartment,1,99 yrs lease commencing from 2024,03,Rest of Central Region,01 to 05
PENRITH,"3,139,000","1,173.28","2,675",Oct-25,MARGARET DRIVE,New Sale,Strata,109,"28,798",-,Apartment,1,99 yrs lease commencing from 2024,03,Rest of Central Region,06 to 10
PENRITH,"3,148,000","1,173.28","2,683",Oct-25,MARGARET DRIVE,New Sale,Strata,109,"28,881",-,Apartment,1,99 yrs lease commencing from 2024,03,Rest of Central Region,06 to 10
PENRITH,"3,167,000","1,173.28","2,699",Oct-25,MARGARET DRIVE,New Sale,Strata,109,"29,055",-,Apartment,1,99 yrs lease commencing from 2024,03,Rest of Central Region,06 to 10
PENRITH,"3,176,000","1,173.28","2,707",Oct-25,MARGARET DRIVE,New Sale,Strata,109,"29,138",-,Apartment,1,99 yrs lease commencing from 2024,03,Rest of Central Region,06 to 10
PENRITH,"3,221,000","1,173.28","2,745",Oct-25,MARGARET DRIVE,New Sale,Strata,109,"29,550",-,Apartment,1,99 yrs lease commencing from 2024,03,Rest of Central Region,11 to 15
PENRITH,"3,231,000","1,173.28","2,754",Oct-25,MARGARET DRIVE,New Sale,Strata,109,"29,642",-,Apartment,1,99 yrs lease commencing from 2024,03,Rest of Central Region,11 to 15
PENRITH,"3,241,000","1,173.28","2,762",Oct-25,MARGARET DRIVE,New Sale,Strata,109,"29,734",-,Apartment,1,99 yrs lease commencing from 2024,03,Rest of Central Region,11 to 15
PENRITH,"3,251,000","1,173.28","2,771",Oct-25,MARGARET DRIVE,New Sale,Strata,109,"29,826",-,Apartment,1,99 yrs lease commencing from 2024,03,Rest of Central Region,11 to 15
PENRITH,"1,640,000",613.55,"2,673",Oct-25,MARGARET DRIVE,New Sale,Strata,57,"28,772",-,Apartment,1,99 yrs lease commencing from 2024,03,Rest of Central Region,16 to 20
PENRITH,"3,261,000","1,173.28","2,779",Oct-25,MARGARET DRIVE,New Sale,Strata,109,"29,917",-,Apartment,1,99 yrs lease commencing from 2024,03,Rest of Central Region,16 to 20
PENRITH,"1,795,000",678.13,"2,647",Oct-25,MARGARET DRIVE,New Sale,Strata,63,"28,492",-,Apartment,1,99 yrs lease commencing from 2024,03,Rest of Central Region,16 to 20
PENRITH,"2,284,000",850.36,"2,686",Oct-25,MARGARET DRIVE,New Sale,Strata,79,"28,911",-,Apartment,1,99 yrs lease commencing from 2024,03,Rest of Central Region,16 to 20
PENRITH,"2,955,000","1,065.64","2,773",Oct-25,MARGARET DRIVE,New Sale,Strata,99,"29,848",-,Apartment,1,99 yrs lease commencing from 2024,03,Rest of Central Region,16 to 20
PENRITH,"1,645,000",613.55,"2,681",Oct-25,MARGARET DRIVE,New Sale,Strata,57,"28,860",-,Apartment,1,99 yrs lease commencing from 2024,03,Rest of Central Region,16 to 20
PENRITH,"3,271,000","1,173.28","2,788",Oct-25,MARGARET DRIVE,New Sale,Strata,109,"30,009",-,Apartment,1,99 yrs lease commencing from 2024,03,Rest of Central Region,16 to 20
PENRITH,"1,802,000",678.13,"2,657",Oct-25,MARGARET DRIVE,New Sale,Strata,63,"28,603",-,Apartment,1,99 yrs lease commencing from 2024,03,Rest of Central Region,16 to 20
PENRITH,"1,650,000",613.55,"2,689",Oct-25,MARGARET DRIVE,New Sale,Strata,57,"28,947",-,Apartment,1,99 yrs lease commencing from 2024,03,Rest of Central Region,16 to 20
PENRITH,"3,281,000","1,173.28","2,796",Oct-25,MARGARET DRIVE,New Sale,Strata,109,"30,101",-,Apartment,1,99 yrs lease commencing from 2024,03,Rest of Central Region,16 to 20
PENRITH,"2,973,000","1,065.64","2,790",Oct-25,MARGARET DRIVE,New Sale,Strata,99,"30,030",-,Apartment,1,99 yrs lease commencing from 2024,03,Rest of Central Region,16 to 20
PENRITH,"1,655,000",613.55,"2,697",Oct-25,MARGARET DRIVE,New Sale,Strata,57,"29,035",-,Apartment,1,99 yrs lease commencing from 2024,03,Rest of Central Region,16 to 20
PENRITH,"3,291,000","1,173.28","2,805",Oct-25,MARGARET DRIVE,New Sale,Strata,109,"30,193",-,Apartment,1,99 yrs lease commencing from 2024,03,Rest of Central Region,16 to 20
PENRITH,"2,132,000",785.77,"2,713",Oct-25,MARGARET DRIVE,New Sale,Strata,73,"29,205",-,Apartment,1,99 yrs lease commencing from 2024,03,Rest of Central Region,16 to 20
PENRITH,"2,320,000",850.36,"2,728",Oct-25,MARGARET DRIVE,New Sale,Strata,79,"29,367",-,Apartment,1,99 yrs lease commencing from 2024,03,Rest of Central Region,16 to 20
PENRITH,"2,998,000","1,065.64","2,813",Oct-25,MARGARET DRIVE,New Sale,Strata,99,"30,283",-,Apartment,1,99 yrs lease commencing from 2024,03,Rest of Central Region,16 to 20
PENRITH,"1,673,000",613.55,"2,727",Oct-25,MARGARET DRIVE,New Sale,Strata,57,"29,351",-,Apartment,1,99 yrs lease commencing from 2024,03,Rest of Central Region,16 to 20
PENRITH,"3,318,000","1,173.28","2,828",Oct-25,MARGARET DRIVE,New Sale,Strata,109,"30,440",-,Apartment,1,99 yrs lease commencing from 2024,03,Rest of Central Region,16 to 20
PENRITH,"2,154,000",785.77,"2,741",Oct-25,MARGARET DRIVE,New Sale,Strata,73,"29,507",-,Apartment,1,99 yrs lease commencing from 2024,03,Rest of Central Region,16 to 20
PENRITH,"1,836,000",678.13,"2,707",Oct-25,MARGARET DRIVE,New Sale,Strata,63,"29,143",-,Apartment,1,99 yrs lease commencing from 2024,03,Rest of Central Region,21 to 25
PENRITH,"2,328,000",850.36,"2,738",Oct-25,MARGARET DRIVE,New Sale,Strata,79,"29,468",-,Apartment,1,99 yrs lease commencing from 2024,03,Rest of Central Region,21 to 25
PENRITH,"3,008,000","1,065.64","2,823",Oct-25,MARGARET DRIVE,New Sale,Strata,99,"30,384",-,Apartment,1,99 yrs lease commencing from 2024,03,Rest of Central Region,21 to 25
PENRITH,"1,679,000",613.55,"2,737",Oct-25,MARGARET DRIVE,New Sale,Strata,57,"29,456",-,Apartment,1,99 yrs lease commencing from 2024,03,Rest of Central Region,21 to 25
PENRITH,"3,329,000","1,173.28","2,837",Oct-25,MARGARET DRIVE,New Sale,Strata,109,"30,541",-,Apartment,1,99 yrs lease commencing from 2024,03,Rest of Central Region,21 to 25
PENRITH,"2,162,000",785.77,"2,751",Oct-25,MARGARET DRIVE,New Sale,Strata,73,"29,616",-,Apartment,1,99 yrs lease commencing from 2024,03,Rest of Central Region,21 to 25
PENRITH,"1,843,000",678.13,"2,718",Oct-25,MARGARET DRIVE,New Sale,Strata,63,"29,254",-,Apartment,1,99 yrs lease commencing from 2024,03,Rest of Central Region,21 to 25
PENRITH,"2,336,000",850.36,"2,747",Oct-25,MARGARET DRIVE,New Sale,Strata,79,"29,570",-,Apartment,1,99 yrs lease commencing from 2024,03,Rest of Central Region,21 to 25
PENRITH,"3,018,000","1,065.64","2,832",Oct-25,MARGARET DRIVE,New Sale,Strata,99,"30,485",-,Apartment,1,99 yrs lease commencing from 2024,03,Rest of Central Region,21 to 25
PENRITH,"3,340,000","1,173.28","2,847",Oct-25,MARGARET DRIVE,New Sale,Strata,109,"30,642",-,Apartment,1,99 yrs lease commencing from 2024,03,Rest of Central Region,21 to 25
PENRITH,"2,170,000",785.77,"2,762",Oct-25,MARGARET DRIVE,New Sale,Strata,73,"29,726",-,Apartment,1,99 yrs lease commencing from 2024,03,Rest of Central Region,21 to 25
PENRITH,"1,850,000",678.13,"2,728",Oct-25,MARGARET DRIVE,New Sale,Strata,63,"29,365",-,Apartment,1,99 yrs lease commencing from 2024,03,Rest of Central Region,21 to 25
PENRITH,"2,344,000",850.36,"2,756",Oct-25,MARGARET DRIVE,New Sale,Strata,79,"29,671",-,Apartment,1,99 yrs lease commencing from 2024,03,Rest of Central Region,21 to 25
PENRITH,"3,028,000","1,065.64","2,841",Oct-25,MARGARET DRIVE,New Sale,Strata,99,"30,586",-,Apartment,1,99 yrs lease commencing from 2024,03,Rest of Central Region,21 to 25
PENRITH,"3,351,000","1,173.28","2,856",Oct-25,MARGARET DRIVE,New Sale,Strata,109,"30,743",-,Apartment,1,99 yrs lease commencing from 2024,03,Rest of Central Region,21 to 25
PENRITH,"2,178,000",785.77,"2,772",Oct-25,MARGARET DRIVE,New Sale,Strata,73,"29,836",-,Apartment,1,99 yrs lease commencing from 2024,03,Rest of Central Region,21 to 25
PENRITH,"1,857,000",678.13,"2,738",Oct-25,MARGARET DRIVE,New Sale,Strata,63,"29,476",-,Apartment,1,99 yrs lease commencing from 2024,03,Rest of Central Region,21 to 25
PENRITH,"2,352,000",850.36,"2,766",Oct-25,MARGARET DRIVE,New Sale,Strata,79,"29,772",-,Apartment,1,99 yrs lease commencing from 2024,03,Rest of Central Region,21 to 25
PENRITH,"3,362,000","1,173.28","2,865",Oct-25,MARGARET DRIVE,New Sale,Strata,109,"30,844",-,Apartment,1,99 yrs lease commencing from 2024,03,Rest of Central Region,21 to 25
PENRITH,"2,186,000",785.77,"2,782",Oct-25,MARGARET DRIVE,New Sale,Strata,73,"29,945",-,Apartment,1,99 yrs lease commencing from 2024,03,Rest of Central Region,21 to 25
PENRITH,"1,864,000",678.13,"2,749",Oct-25,MARGARET DRIVE,New Sale,Strata,63,"29,587",-,Apartment,1,99 yrs lease commencing from 2024,03,Rest of Central Region,21 to 25
PENRITH,"2,360,000",850.36,"2,775",Oct-25,MARGARET DRIVE,New Sale,Strata,79,"29,873",-,Apartment,1,99 yrs lease commencing from 2024,03,Rest of Central Region,21 to 25
PENRITH,"3,048,000","1,065.64","2,860",Oct-25,MARGARET DRIVE,New Sale,Strata,99,"30,788",-,Apartment,1,99 yrs lease commencing from 2024,03,Rest of Central Region,21 to 25
PENRITH,"3,373,000","1,173.28","2,875",Oct-25,MARGARET DRIVE,New Sale,Strata,109,"30,945",-,Apartment,1,99 yrs lease commencing from 2024,03,Rest of Central Region,21 to 25
PENRITH,"2,194,000",785.77,"2,792",Oct-25,MARGARET DRIVE,New Sale,Strata,73,"30,055",-,Apartment,1,99 yrs lease commencing from 2024,03,Rest of Central Region,21 to 25
PENRITH,"1,871,000",678.13,"2,759",Oct-25,MARGARET DRIVE,New Sale,Strata,63,"29,698",-,Apartment,1,99 yrs lease commencing from 2024,03,Rest of Central Region,26 to 30
PENRITH,"2,368,000",850.36,"2,785",Oct-25,MARGARET DRIVE,New Sale,Strata,79,"29,975",-,Apartment,1,99 yrs lease commencing from 2024,03,Rest of Central Region,26 to 30
PENRITH,"3,058,000","1,065.64","2,870",Oct-25,MARGARET DRIVE,New Sale,Strata,99,"30,889",-,Apartment,1,99 yrs lease commencing from 2024,03,Rest of Central Region,26 to 30
PENRITH,"3,384,000","1,173.28","2,884",Oct-25,MARGARET DRIVE,New Sale,Strata,109,"31,046",-,Apartment,1,99 yrs lease commencing from 2024,03,Rest of Central Region,26 to 30
PENRITH,"2,202,000",785.77,"2,802",Oct-25,MARGARET DRIVE,New Sale,Strata,73,"30,164",-,Apartment,1,99 yrs lease commencing from 2024,03,Rest of Central Region,26 to 30
PENRITH,"1,878,000",678.13,"2,769",Oct-25,MARGARET DRIVE,New Sale,Strata,63,"29,810",-,Apartment,1,99 yrs lease commencing from 2024,03,Rest of Central Region,26 to 30
PENRITH,"2,376,000",850.36,"2,794",Oct-25,MARGARET DRIVE,New Sale,Strata,79,"30,076",-,Apartment,1,99 yrs lease commencing from 2024,03,Rest of Central Region,26 to 30
PENRITH,"3,068,000","1,065.64","2,879",Oct-25,MARGARET DRIVE,New Sale,Strata,99,"30,990",-,Apartment,1,99 yrs lease commencing from 2024,03,Rest of Central Region,26 to 30
PENRITH,"3,395,000","1,173.28","2,894",Oct-25,MARGARET DRIVE,New Sale,Strata,109,"31,147",-,Apartment,1,99 yrs lease commencing from 2024,03,Rest of Central Region,26 to 30
PENRITH,"2,210,000",785.77,"2,813",Oct-25,MARGARET DRIVE,New Sale,Strata,73,"30,274",-,Apartment,1,99 yrs lease commencing from 2024,03,Rest of Central Region,26 to 30
PENRITH,"2,384,000",850.36,"2,804",Oct-25,MARGARET DRIVE,New Sale,Strata,79,"30,177",-,Apartment,1,99 yrs lease commencing from 2024,03,Rest of Central Region,26 to 30
PENRITH,"3,078,000","1,065.64","2,888",Oct-25,MARGARET DRIVE,New Sale,Strata,99,"31,091",-,Apartment,1,99 yrs lease commencing from 2024,03,Rest of Central Region,26 to 30
PENRITH,"3,406,000","1,173.28","2,903",Oct-25,MARGARET DRIVE,New Sale,Strata,109,"31,248",-,Apartment,1,99 yrs lease commencing from 2024,03,Rest of Central Region,26 to 30
PENRITH,"2,218,000",785.77,"2,823",Oct-25,MARGARET DRIVE,New Sale,Strata,73,"30,384",-,Apartment,1,99 yrs lease commencing from 2024,03,Rest of Central Region,26 to 30
PENRITH,"1,892,000",678.13,"2,790",Oct-25,MARGARET DRIVE,New Sale,Strata,63,"30,032",-,Apartment,1,99 yrs lease commencing from 2024,03,Rest of Central Region,26 to 30
PENRITH,"2,392,000",850.36,"2,813",Oct-25,MARGARET DRIVE,New Sale,Strata,79,"30,278",-,Apartment,1,99 yrs lease commencing from 2024,03,Rest of Central Region,26 to 30
PENRITH,"3,088,000","1,065.64","2,898",Oct-25,MARGARET DRIVE,New Sale,Strata,99,"31,192",-,Apartment,1,99 yrs lease commencing from 2024,03,Rest of Central Region,26 to 30
PENRITH,"3,417,000","1,173.28","2,912",Oct-25,MARGARET DRIVE,New Sale,Strata,109,"31,349",-,Apartment,1,99 yrs lease commencing from 2024,03,Rest of Central Region,26 to 30
PENRITH,"2,226,000",785.77,"2,833",Oct-25,MARGARET DRIVE,New Sale,Strata,73,"30,493",-,Apartment,1,99 yrs lease commencing from 2024,03,Rest of Central Region,26 to 30
PENRITH,"1,914,000",678.13,"2,822",Oct-25,MARGARET DRIVE,New Sale,Strata,63,"30,381",-,Apartment,1,99 yrs lease commencing from 2024,03,Rest of Central Region,26 to 30
PENRITH,"2,416,000",850.36,"2,841",Oct-25,MARGARET DRIVE,New Sale,Strata,79,"30,582",-,Apartment,1,99 yrs lease commencing from 2024,03,Rest of Central Region,26 to 30
PENRITH,"3,115,000","1,065.64","2,923",Oct-25,MARGARET DRIVE,New Sale,Strata,99,"31,465",-,Apartment,1,99 yrs lease commencing from 2024,03,Rest of Central Region,26 to 30
PENRITH,"3,446,000","1,173.28","2,937",Oct-25,MARGARET DRIVE,New Sale,Strata,109,"31,615",-,Apartment,1,99 yrs lease commencing from 2024,03,Rest of Central Region,26 to 30
PENRITH,"2,250,000",785.77,"2,863",Oct-25,MARGARET DRIVE,New Sale,Strata,73,"30,822",-,Apartment,1,99 yrs lease commencing from 2024,03,Rest of Central Region,26 to 30
PENRITH,"1,922,000",678.13,"2,834",Oct-25,MARGARET DRIVE,New Sale,Strata,63,"30,508",-,Apartment,1,99 yrs lease commencing from 2024,03,Rest of Central Region,31 to 35
PENRITH,"2,425,000",850.36,"2,852",Oct-25,MARGARET DRIVE,New Sale,Strata,79,"30,696",-,Apartment,1,99 yrs lease commencing from 2024,03,Rest of Central Region,31 to 35
PENRITH,"3,126,000","1,065.64","2,933",Oct-25,MARGARET DRIVE,New Sale,Strata,99,"31,576",-,Apartment,1,99 yrs lease commencing from 2024,03,Rest of Central Region,31 to 35
PENRITH,"2,259,000",785.77,"2,875",Oct-25,MARGARET DRIVE,New Sale,Strata,73,"30,945",-,Apartment,1,99 yrs lease commencing from 2024,03,Rest of Central Region,31 to 35
PENRITH,"2,434,000",850.36,"2,862",Oct-25,MARGARET DRIVE,New Sale,Strata,79,"30,810",-,Apartment,1,99 yrs lease commencing from 2024,03,Rest of Central Region,31 to 35
PENRITH,"3,137,000","1,065.64","2,944",Oct-25,MARGARET DRIVE,New Sale,Strata,99,"31,687",-,Apartment,1,99 yrs lease commencing from 2024,03,Rest of Central Region,31 to 35
PENRITH,"3,470,000","1,173.28","2,958",Oct-25,MARGARET DRIVE,New Sale,Strata,109,"31,835",-,Apartment,1,99 yrs lease commencing from 2024,03,Rest of Central Region,31 to 35
PENRITH,"2,268,000",785.77,"2,886",Oct-25,MARGARET DRIVE,New Sale,Strata,73,"31,068",-,Apartment,1,99 yrs lease commencing from 2024,03,Rest of Central Region,31 to 35
PENRITH,"2,443,000",850.36,"2,873",Oct-25,MARGARET DRIVE,New Sale,Strata,79,"30,924",-,Apartment,1,99 yrs lease commencing from 2024,03,Rest of Central Region,31 to 35
PENRITH,"3,482,000","1,173.28","2,968",Oct-25,MARGARET DRIVE,New Sale,Strata,109,"31,945",-,Apartment,1,99 yrs lease commencing from 2024,03,Rest of Central Region,31 to 35
PENRITH,"2,277,000",785.77,"2,898",Oct-25,MARGARET DRIVE,New Sale,Strata,73,"31,192",-,Apartment,1,99 yrs lease commencing from 2024,03,Rest of Central Region,31 to 35
PENRITH,"2,452,000",850.36,"2,883",Oct-25,MARGARET DRIVE,New Sale,Strata,79,"31,038",-,Apartment,1,99 yrs lease commencing from 2024,03,Rest of Central Region,31 to 35
PENRITH,"3,494,000","1,173.28","2,978",Oct-25,MARGARET DRIVE,New Sale,Strata,109,"32,055",-,Apartment,1,99 yrs lease commencing from 2024,03,Rest of Central Region,31 to 35
PENRITH,"2,286,000",785.77,"2,909",Oct-25,MARGARET DRIVE,New Sale,Strata,73,"31,315",-,Apartment,1,99 yrs lease commencing from 2024,03,Rest of Central Region,31 to 35
PENRITH,"2,461,000",850.36,"2,894",Oct-25,MARGARET DRIVE,New Sale,Strata,79,"31,152",-,Apartment,1,99 yrs lease commencing from 2024,03,Rest of Central Region,31 to 35
PENRITH,"1,782,000",613.55,"2,904",Oct-25,MARGARET DRIVE,New Sale,Strata,57,"31,263",-,Apartment,1,99 yrs lease commencing from 2024,03,Rest of Central Region,31 to 35
PENRITH,"3,506,000","1,173.28","2,988",Oct-25,MARGARET DRIVE,New Sale,Strata,109,"32,165",-,Apartment,1,99 yrs lease commencing from 2024,03,Rest of Central Region,31 to 35
PENRITH,"2,295,000",785.77,"2,921",Oct-25,MARGARET DRIVE,New Sale,Strata,73,"31,438",-,Apartment,1,99 yrs lease commencing from 2024,03,Rest of Central Region,31 to 35
PENRITH,"2,470,000",850.36,"2,905",Oct-25,MARGARET DRIVE,New Sale,Strata,79,"31,266",-,Apartment,1,99 yrs lease commencing from 2024,03,Rest of Central Region,36 to 40
PENRITH,"3,518,000","1,173.28","2,998",Oct-25,MARGARET DRIVE,New Sale,Strata,109,"32,275",-,Apartment,1,99 yrs lease commencing from 2024,03,Rest of Central Region,36 to 40
PENRITH,"2,304,000",785.77,"2,932",Oct-25,MARGARET DRIVE,New Sale,Strata,73,"31,562",-,Apartment,1,99 yrs lease commencing from 2024,03,Rest of Central Region,36 to 40
PENRITH,"2,479,000",850.36,"2,915",Oct-25,MARGARET DRIVE,New Sale,Strata,79,"31,380",-,Apartment,1,99 yrs lease commencing from 2024,03,Rest of Central Region,36 to 40
PENRITH,"3,530,000","1,173.28","3,009",Oct-25,MARGARET DRIVE,New Sale,Strata,109,"32,385",-,Apartment,1,99 yrs lease commencing from 2024,03,Rest of Central Region,36 to 40
PENRITH,"2,313,000",785.77,"2,944",Oct-25,MARGARET DRIVE,New Sale,Strata,73,"31,685",-,Apartment,1,99 yrs lease commencing from 2024,03,Rest of Central Region,36 to 40
PENRITH,"2,488,000",850.36,"2,926",Oct-25,MARGARET DRIVE,New Sale,Strata,79,"31,494",-,Apartment,1,99 yrs lease commencing from 2024,03,Rest of Central Region,36 to 40
PENRITH,"2,322,000",785.77,"2,955",Oct-25,MARGARET DRIVE,New Sale,Strata,73,"31,808",-,Apartment,1,99 yrs lease commencing from 2024,03,Rest of Central Region,36 to 40
PENRITH,"3,554,000","1,173.28","3,029",Oct-25,MARGARET DRIVE,New Sale,Strata,109,"32,606",-,Apartment,1,99 yrs lease commencing from 2024,03,Rest of Central Region,36 to 40
PENRITH,"2,331,000",785.77,"2,967",Oct-25,MARGARET DRIVE,New Sale,Strata,73,"31,932",-,Apartment,1,99 yrs lease commencing from 2024,03,Rest of Central Region,36 to 40
PENRITH,"2,506,000",850.36,"2,947",Oct-25,MARGARET DRIVE,New Sale,Strata,79,"31,722",-,Apartment,1,99 yrs lease commencing from 2024,03,Rest of Central Region,36 to 40
PENRITH,"2,340,000",785.77,"2,978",Oct-25,MARGARET DRIVE,New Sale,Strata,73,"32,055",-,Apartment,1,99 yrs lease commencing from 2024,03,Rest of Central Region,36 to 40
HIGHLINE RESIDENCES,"3,018,888","1,108.69","2,723",Oct-25,KIM TIAN ROAD,Resale,Strata,103,"29,310",-,Condominium,1,99 yrs lease commencing from 2013,03,Rest of Central Region,31 to 35
STIRLING RESIDENCES,"1,699,000",688.9,"2,466",Oct-25,STIRLING ROAD,Resale,Strata,64,"26,547",-,Apartment,1,99 yrs lease commencing from 2017,03,Rest of Central Region,16 to 20
STIRLING RESIDENCES,"2,425,000",979.52,"2,476",Oct-25,STIRLING ROAD,Resale,Strata,91,"26,648",-,Apartment,1,99 yrs lease commencing from 2017,03,Rest of Central Region,16 to 20
PENRITH,"2,015,000",785.77,"2,564",Oct-25,MARGARET DRIVE,New Sale,Strata,73,"27,603",-,Apartment,1,99 yrs lease commencing from 2024,03,Rest of Central Region,06 to 10
PENRITH,"2,572,000",936.47,"2,746",Oct-25,MARGARET DRIVE,New Sale,Strata,87,"29,563",-,Apartment,1,99 yrs lease commencing from 2024,03,Rest of Central Region,16 to 20
PENRITH,"2,167,000",785.77,"2,758",Oct-25,MARGARET DRIVE,New Sale,Strata,73,"29,685",-,Apartment,1,99 yrs lease commencing from 2024,03,Rest of Central Region,16 to 20
PENRITH,"2,580,000",936.47,"2,755",Oct-25,MARGARET DRIVE,New Sale,Strata,87,"29,655",-,Apartment,1,99 yrs lease commencing from 2024,03,Rest of Central Region,16 to 20
PENRITH,"2,174,000",785.77,"2,767",Oct-25,MARGARET DRIVE,New Sale,Strata,73,"29,781",-,Apartment,1,99 yrs lease commencing from 2024,03,Rest of Central Region,16 to 20
PENRITH,"2,588,000",936.47,"2,764",Oct-25,MARGARET DRIVE,New Sale,Strata,87,"29,747",-,Apartment,1,99 yrs lease commencing from 2024,03,Rest of Central Region,16 to 20
PENRITH,"2,181,000",785.77,"2,776",Oct-25,MARGARET DRIVE,New Sale,Strata,73,"29,877",-,Apartment,1,99 yrs lease commencing from 2024,03,Rest of Central Region,16 to 20
PENRITH,"2,188,000",785.77,"2,785",Oct-25,MARGARET DRIVE,New Sale,Strata,73,"29,973",-,Apartment,1,99 yrs lease commencing from 2024,03,Rest of Central Region,16 to 20
PENRITH,"2,620,000",936.47,"2,798",Oct-25,MARGARET DRIVE,New Sale,Strata,87,"30,115",-,Apartment,1,99 yrs lease commencing from 2024,03,Rest of Central Region,16 to 20
PENRITH,"3,375,000","1,173.28","2,877",Oct-25,MARGARET DRIVE,New Sale,Strata,109,"30,963",-,Apartment,1,99 yrs lease commencing from 2024,03,Rest of Central Region,16 to 20
PENRITH,"2,210,000",785.77,"2,813",Oct-25,MARGARET DRIVE,New Sale,Strata,73,"30,274",-,Apartment,1,99 yrs lease commencing from 2024,03,Rest of Central Region,16 to 20
PENRITH,"2,629,000",936.47,"2,807",Oct-25,MARGARET DRIVE,New Sale,Strata,87,"30,218",-,Apartment,1,99 yrs lease commencing from 2024,03,Rest of Central Region,21 to 25
PENRITH,"2,218,000",785.77,"2,823",Oct-25,MARGARET DRIVE,New Sale,Strata,73,"30,384",-,Apartment,1,99 yrs lease commencing from 2024,03,Rest of Central Region,21 to 25
PENRITH,"2,638,000",936.47,"2,817",Oct-25,MARGARET DRIVE,New Sale,Strata,87,"30,322",-,Apartment,1,99 yrs lease commencing from 2024,03,Rest of Central Region,21 to 25
PENRITH,"2,226,000",785.77,"2,833",Oct-25,MARGARET DRIVE,New Sale,Strata,73,"30,493",-,Apartment,1,99 yrs lease commencing from 2024,03,Rest of Central Region,21 to 25
PENRITH,"2,647,000",936.47,"2,827",Oct-25,MARGARET DRIVE,New Sale,Strata,87,"30,425",-,Apartment,1,99 yrs lease commencing from 2024,03,Rest of Central Region,21 to 25
PENRITH,"2,656,000",936.47,"2,836",Oct-25,MARGARET DRIVE,New Sale,Strata,87,"30,529",-,Apartment,1,99 yrs lease commencing from 2024,03,Rest of Central Region,21 to 25
PENRITH,"2,665,000",936.47,"2,846",Oct-25,MARGARET DRIVE,New Sale,Strata,87,"30,632",-,Apartment,1,99 yrs lease commencing from 2024,03,Rest of Central Region,21 to 25
PENRITH,"2,674,000",936.47,"2,855",Oct-25,MARGARET DRIVE,New Sale,Strata,87,"30,736",-,Apartment,1,99 yrs lease commencing from 2024,03,Rest of Central Region,26 to 30
PENRITH,"2,683,000",936.47,"2,865",Oct-25,MARGARET DRIVE,New Sale,Strata,87,"30,839",-,Apartment,1,99 yrs lease commencing from 2024,03,Rest of Central Region,26 to 30
PENRITH,"2,692,000",936.47,"2,875",Oct-25,MARGARET DRIVE,New Sale,Strata,87,"30,943",-,Apartment,1,99 yrs lease commencing from 2024,03,Rest of Central Region,26 to 30
PENRITH,"3,196,000","1,173.28","2,724",Oct-25,MARGARET DRIVE,New Sale,Strata,109,"29,321",-,Apartment,1,99 yrs lease commencing from 2024,03,Rest of Central Region,06 to 10
PENRITH,"3,206,000","1,173.28","2,733",Oct-25,MARGARET DRIVE,New Sale,Strata,109,"29,413",-,Apartment,1,99 yrs lease commencing from 2024,03,Rest of Central Region,11 to 15
PENRITH,"1,786,000",678.13,"2,634",Oct-25,MARGARET DRIVE,New Sale,Strata,63,"28,349",-,Apartment,1,99 yrs lease commencing from 2024,03,Rest of Central Region,16 to 20
PENRITH,"2,273,000",850.36,"2,673",Oct-25,MARGARET DRIVE,New Sale,Strata,79,"28,772",-,Apartment,1,99 yrs lease commencing from 2024,03,Rest of Central Region,16 to 20
PENRITH,"2,942,000","1,065.64","2,761",Oct-25,MARGARET DRIVE,New Sale,Strata,99,"29,717",-,Apartment,1,99 yrs lease commencing from 2024,03,Rest of Central Region,16 to 20
PENRITH,"2,107,000",785.77,"2,681",Oct-25,MARGARET DRIVE,New Sale,Strata,73,"28,863",-,Apartment,1,99 yrs lease commencing from 2024,03,Rest of Central Region,16 to 20
PENRITH,"2,114,000",785.77,"2,690",Oct-25,MARGARET DRIVE,New Sale,Strata,73,"28,959",-,Apartment,1,99 yrs lease commencing from 2024,03,Rest of Central Region,16 to 20
PENRITH,"2,287,000",850.36,"2,689",Oct-25,MARGARET DRIVE,New Sale,Strata,79,"28,949",-,Apartment,1,99 yrs lease commencing from 2024,03,Rest of Central Region,16 to 20
PENRITH,"2,960,000","1,065.64","2,778",Oct-25,MARGARET DRIVE,New Sale,Strata,99,"29,899",-,Apartment,1,99 yrs lease commencing from 2024,03,Rest of Central Region,16 to 20
PENRITH,"2,121,000",785.77,"2,699",Oct-25,MARGARET DRIVE,New Sale,Strata,73,"29,055",-,Apartment,1,99 yrs lease commencing from 2024,03,Rest of Central Region,16 to 20
PENRITH,"3,166,000","1,065.64","2,971",Oct-25,MARGARET DRIVE,New Sale,Strata,99,"31,980",-,Apartment,1,99 yrs lease commencing from 2024,03,Rest of Central Region,31 to 35
DOMAIN 21,"2,690,000","1,280.92","2,100",Oct-25,DELTA ROAD,Resale,Strata,119,"22,605",-,Condominium,1,99 yrs lease commencing from 2004,03,Rest of Central Region,16 to 20
ASCENTIA SKY,"3,540,000","1,851.41","1,912",Oct-25,ALEXANDRA VIEW,Resale,Strata,172,"20,581",-,Condominium,1,99 yrs lease commencing from 2008,03,Rest of Central Region,06 to 10
AVENUE SOUTH RESIDENCE,"1,820,000",731.95,"2,487",Oct-25,SILAT AVENUE,Resale,Strata,68,"26,765",-,Apartment,1,99 yrs lease commencing from 2018,03,Rest of Central Region,46 to 50
STIRLING RESIDENCES,"1,660,000",678.13,"2,448",Oct-25,STIRLING ROAD,Resale,Strata,63,"26,349",-,Apartment,1,99 yrs lease commencing from 2017,03,Rest of Central Region,06 to 10
PENRITH,"2,596,000",936.47,"2,772",Oct-25,MARGARET DRIVE,New Sale,Strata,87,"29,839",-,Apartment,1,99 yrs lease commencing from 2024,03,Rest of Central Region,16 to 20
KAI FOOK MANSION,"3,300,000","3,218.44","1,025",Oct-25,KIM TIAN ROAD,Resale,Strata,299,"11,037",-,Apartment,1,9999 yrs lease commencing from 1960,03,Rest of Central Region,01 to 05
PROMENADE PEAK,"1,617,900",527.44,"3,067",Oct-25,ZION PROMENADE,New Sale,Strata,49,"33,018",-,Condominium,1,99 yrs lease commencing from 2024,03,Rest of Central Region,36 to 40
ASCENTIA SKY,"2,950,000","1,474.67","2,000",Oct-25,ALEXANDRA VIEW,Resale,Strata,137,"21,533",-,Condominium,1,99 yrs lease commencing from 2008,03,Rest of Central Region,06 to 10
PROMENADE PEAK,"2,119,000",678.13,"3,125",Oct-25,ZION PROMENADE,New Sale,Strata,63,"33,635",-,Condominium,1,99 yrs lease commencing from 2024,03,Rest of Central Region,36 to 40
PROMENADE PEAK,"4,932,300","1,420.85","3,471",Oct-25,ZION PROMENADE,New Sale,Strata,132,"37,366",-,Condominium,1,99 yrs lease commencing from 2024,03,Rest of Central Region,61 to 65
TWIN REGENCY,"2,310,000",979.52,"2,358",Oct-25,KIM TIAN ROAD,Resale,Strata,91,"25,385",-,Condominium,1,Freehold,03,Rest of Central Region,26 to 30
STIRLING RESIDENCES,"1,010,000",505.91,"1,996",Oct-25,STIRLING ROAD,Resale,Strata,47,"21,489",-,Apartment,1,99 yrs lease commencing from 2017,03,Rest of Central Region,26 to 30
PROMENADE PEAK,"2,914,800","1,033.34","2,821",Oct-25,ZION PROMENADE,New Sale,Strata,96,"30,363",-,Condominium,1,99 yrs lease commencing from 2024,03,Rest of Central Region,06 to 10
PROMENADE PEAK,"4,494,600","1,420.85","3,163",Oct-25,ZION PROMENADE,New Sale,Strata,132,"34,050",-,Condominium,1,99 yrs lease commencing from 2024,03,Rest of Central Region,41 to 45
PROMENADE PEAK,"1,610,700",527.44,"3,054",Oct-25,ZION PROMENADE,New Sale,Strata,49,"32,871",-,Condominium,1,99 yrs lease commencing from 2024,03,Rest of Central Region,36 to 40
PROMENADE PEAK,"3,814,600","1,162.51","3,281",Oct-25,ZION PROMENADE,New Sale,Strata,108,"35,320",-,Condominium,1,99 yrs lease commencing from 2024,03,Rest of Central Region,51 to 55
QUEENS PEAK,"970,000",430.56,"2,253",Oct-25,DUNDEE ROAD,Resale,Strata,40,"24,250",-,Condominium,1,99 yrs lease commencing from 2015,03,Rest of Central Region,26 to 30
MARGARET VILLE,"2,350,000",968.76,"2,426",Oct-25,MARGARET DRIVE,Resale,Strata,90,"26,111",-,Apartment,1,99 yrs lease commencing from 2017,03,Rest of Central Region,36 to 40
ONE PEARL BANK,"3,560,000","1,280.92","2,779",Oct-25,PEARL BANK,Sub Sale,Strata,119,"29,916",-,Apartment,1,99 yrs lease commencing from 2019,03,Rest of Central Region,31 to 35
COMMONWEALTH TOWERS,"1,678,888",688.9,"2,437",Oct-25,COMMONWEALTH AVENUE,Resale,Strata,64,"26,233",-,Condominium,1,99 yrs lease commencing from 2013,03,Rest of Central Region,36 to 40
QUEENS,"2,280,000","1,184.04","1,926",Oct-25,STIRLING ROAD,Resale,Strata,110,"20,727",-,Condominium,1,99 yrs lease commencing from 1998,03,Rest of Central Region,26 to 30
HIGHLINE RESIDENCES,"2,210,000",914.94,"2,415",Oct-25,KIM TIAN ROAD,Resale,Strata,85,"26,000",-,Condominium,1,99 yrs lease commencing from 2013,03,Rest of Central Region,21 to 25
STIRLING RESIDENCES,"2,560,000","1,054.87","2,427",Oct-25,STIRLING ROAD,Resale,Strata,98,"26,122",-,Apartment,1,99 yrs lease commencing from 2017,03,Rest of Central Region,01 to 05
ALEX RESIDENCES,"2,260,000","1,022.58","2,210",Oct-25,ALEXANDRA VIEW,Resale,Strata,95,"23,789",-,Apartment,1,99 yrs lease commencing from 2013,03,Rest of Central Region,21 to 25
ALEXIS,"930,000",592.02,"1,571",Oct-25,ALEXANDRA ROAD,Resale,Strata,55,"16,909",-,Apartment,1,Freehold,03,Rest of Central Region,01 to 05
AVENUE SOUTH RESIDENCE,"2,189,000",947.23,"2,311",Oct-25,SILAT AVENUE,Resale,Strata,88,"24,875",-,Apartment,1,99 yrs lease commencing from 2018,03,Rest of Central Region,16 to 20
AVENUE SOUTH RESIDENCE,"3,475,000","1,496.2","2,323",Sep-25,SILAT AVENUE,Resale,Strata,139,"25,000",-,Apartment,1,99 yrs lease commencing from 2018,03,Rest of Central Region,26 to 30
COMMONWEALTH TOWERS,"958,000",441.32,"2,171",Sep-25,COMMONWEALTH AVENUE,Resale,Strata,41,"23,366",-,Condominium,1,99 yrs lease commencing from 2013,03,Rest of Central Region,16 to 20
STIRLING RESIDENCES,"1,398,000",656.6,"2,129",Sep-25,STIRLING ROAD,Resale,Strata,61,"22,918",-,Apartment,1,99 yrs lease commencing from 2017,03,Rest of Central Region,01 to 05
COMMONWEALTH TOWERS,"2,490,000","1,033.34","2,410",Sep-25,COMMONWEALTH AVENUE,Resale,Strata,96,"25,938",-,Condominium,1,99 yrs lease commencing from 2013,03,Rest of Central Region,26 to 30
QUEENS PEAK,"968,000",441.32,"2,193",Sep-25,DUNDEE ROAD,Resale,Strata,41,"23,610",-,Condominium,1,99 yrs lease commencing from 2015,03,Rest of Central Region,21 to 25
AVENUE SOUTH RESIDENCE,"2,720,000","1,108.69","2,453",Sep-25,SILAT AVENUE,Resale,Strata,103,"26,408",-,Apartment,1,99 yrs lease commencing from 2018,03,Rest of Central Region,31 to 35
QUEENS,"2,430,000","1,410.08","1,723",Sep-25,STIRLING ROAD,Resale,Strata,131,"18,550",-,Condominium,1,99 yrs lease commencing from 1998,03,Rest of Central Region,11 to 15
AVENUE SOUTH RESIDENCE,"1,618,000",807.3,"2,004",Sep-25,SILAT AVENUE,Resale,Strata,75,"21,573",-,Apartment,1,99 yrs lease commencing from 2018,03,Rest of Central Region,01 to 05
PROMENADE PEAK,"2,324,200",796.54,"2,918",Sep-25,ZION PROMENADE,New Sale,Strata,74,"31,408",-,Condominium,1,99 yrs lease commencing from 2024,03,Rest of Central Region,16 to 20
PROMENADE PEAK,"3,905,400","1,162.51","3,359",Sep-25,ZION PROMENADE,New Sale,Strata,108,"36,161",-,Condominium,1,99 yrs lease commencing from 2024,03,Rest of Central Region,56 to 60
RIVER PLACE,"1,546,888",796.54,"1,942",Sep-25,HAVELOCK ROAD,Resale,Strata,74,"20,904",-,Condominium,1,99 yrs lease commencing from 1995,03,Rest of Central Region,06 to 10
THE LANDMARK,"1,093,000",495.14,"2,207",Sep-25,CHIN SWEE ROAD,Sub Sale,Strata,46,"23,761",-,Condominium,1,99 yrs lease commencing from 2020,03,Rest of Central Region,16 to 20
PROMENADE PEAK,"6,658,100","1,883.7","3,535",Sep-25,ZION PROMENADE,New Sale,Strata,175,"38,046",-,Condominium,1,99 yrs lease commencing from 2024,03,Rest of Central Region,61 to 65
STIRLING RESIDENCES,"1,025,000",441.32,"2,323",Sep-25,STIRLING ROAD,Resale,Strata,41,"25,000",-,Apartment,1,99 yrs lease commencing from 2017,03,Rest of Central Region,06 to 10
QUEENS PEAK,"968,000",430.56,"2,248",Sep-25,DUNDEE ROAD,Resale,Strata,40,"24,200",-,Condominium,1,99 yrs lease commencing from 2015,03,Rest of Central Region,11 to 15
AVENUE SOUTH RESIDENCE,"1,715,000",688.9,"2,489",Sep-25,SILAT AVENUE,Resale,Strata,64,"26,797",-,Apartment,1,99 yrs lease commencing from 2018,03,Rest of Central Region,51 to 55
AVENUE SOUTH RESIDENCE,"1,438,000",656.6,"2,190",Sep-25,SILAT AVENUE,Resale,Strata,61,"23,574",-,Apartment,1,99 yrs lease commencing from 2018,03,Rest of Central Region,21 to 25
QUEENS,"1,580,000",914.94,"1,727",Sep-25,STIRLING ROAD,Resale,Strata,85,"18,588",-,Condominium,1,99 yrs lease commencing from 1998,03,Rest of Central Region,06 to 10
STIRLING RESIDENCES,"1,915,000",904.18,"2,118",Sep-25,STIRLING ROAD,Resale,Strata,84,"22,798",-,Apartment,1,99 yrs lease commencing from 2017,03,Rest of Central Region,36 to 40
ARTRA,"2,625,000","1,044.11","2,514",Sep-25,ALEXANDRA VIEW,Resale,Strata,97,"27,062",-,Apartment,1,99 yrs lease commencing from 2016,03,Rest of Central Region,36 to 40
ALEXIS,"800,000",387.5,"2,064",Sep-25,ALEXANDRA ROAD,Resale,Strata,36,"22,222",-,Apartment,1,Freehold,03,Rest of Central Region,06 to 10
MARGARET VILLE,"2,168,000",914.94,"2,370",Sep-25,MARGARET DRIVE,Resale,Strata,85,"25,506",-,Apartment,1,99 yrs lease commencing from 2017,03,Rest of Central Region,26 to 30
ALEX RESIDENCES,"1,988,000",882.65,"2,252",Sep-25,ALEXANDRA VIEW,Resale,Strata,82,"24,244",-,Apartment,1,99 yrs lease commencing from 2013,03,Rest of Central Region,11 to 15
PRINCIPAL GARDEN,"965,000",495.14,"1,949",Sep-25,PRINCE CHARLES CRESCENT,Resale,Strata,46,"20,978",-,Condominium,1,99 yrs lease commencing from 2014,03,Rest of Central Region,21 to 25
ASCENTIA SKY,"2,900,000","1,474.67","1,967",Sep-25,ALEXANDRA VIEW,Resale,Strata,137,"21,168",-,Condominium,1,99 yrs lease commencing from 2008,03,Rest of Central Region,26 to 30
RIVER PLACE,"1,388,000",796.54,"1,743",Sep-25,HAVELOCK ROAD,Resale,Strata,74,"18,757",-,Condominium,1,99 yrs lease commencing from 1995,03,Rest of Central Region,01 to 05
STIRLING RESIDENCES,"1,480,000",624.31,"2,371",Sep-25,STIRLING ROAD,Resale,Strata,58,"25,517",-,Apartment,1,99 yrs lease commencing from 2017,03,Rest of Central Region,31 to 35
PRINCIPAL GARDEN,"1,920,000",807.3,"2,378",Sep-25,PRINCE CHARLES CRESCENT,Resale,Strata,75,"25,600",-,Condominium,1,99 yrs lease commencing from 2014,03,Rest of Central Region,16 to 20
QUEENS PEAK,"1,880,000",807.3,"2,329",Sep-25,DUNDEE ROAD,Resale,Strata,75,"25,067",-,Condominium,1,99 yrs lease commencing from 2015,03,Rest of Central Region,36 to 40
STIRLING RESIDENCES,"1,828,888",678.13,"2,697",Sep-25,STIRLING ROAD,Resale,Strata,63,"29,030",-,Apartment,1,99 yrs lease commencing from 2017,03,Rest of Central Region,21 to 25
THE CREST,"2,510,000","1,184.04","2,120",Sep-25,PRINCE CHARLES CRESCENT,Resale,Strata,110,"22,818",-,Condominium,1,99 yrs lease commencing from 2012,03,Rest of Central Region,21 to 25
AVENUE SOUTH RESIDENCE,"1,433,000",656.6,"2,182",Sep-25,SILAT AVENUE,Resale,Strata,61,"23,492",-,Apartment,1,99 yrs lease commencing from 2018,03,Rest of Central Region,11 to 15
COMMONWEALTH TOWERS,"1,660,000",699.66,"2,373",Sep-25,COMMONWEALTH AVENUE,Resale,Strata,65,"25,538",-,Condominium,1,99 yrs lease commencing from 2013,03,Rest of Central Region,26 to 30
STIRLING RESIDENCES,"1,025,000",441.32,"2,323",Sep-25,STIRLING ROAD,Resale,Strata,41,"25,000",-,Apartment,1,99 yrs lease commencing from 2017,03,Rest of Central Region,11 to 15
QUEENS PEAK,"948,000",430.56,"2,202",Sep-25,DUNDEE ROAD,Resale,Strata,40,"23,700",-,Condominium,1,99 yrs lease commencing from 2015,03,Rest of Central Region,16 to 20
EMERALD PARK,"2,000,000","1,560.78","1,281",Sep-25,INDUS ROAD,Resale,Strata,145,"13,793",-,Condominium,1,99 yrs lease commencing from 1991,03,Rest of Central Region,11 to 15
STIRLING RESIDENCES,"1,485,000",656.6,"2,262",Sep-25,STIRLING ROAD,Resale,Strata,61,"24,344",-,Apartment,1,99 yrs lease commencing from 2017,03,Rest of Central Region,31 to 35
ONE PEARL BANK,"3,800,000","1,431.61","2,654",Sep-25,PEARL BANK,Sub Sale,Strata,133,"28,571",-,Apartment,1,99 yrs lease commencing from 2019,03,Rest of Central Region,06 to 10
MARGARET VILLE,"1,818,000",828.83,"2,193",Sep-25,MARGARET DRIVE,Resale,Strata,77,"23,610",-,Apartment,1,99 yrs lease commencing from 2017,03,Rest of Central Region,11 to 15
AVENUE SOUTH RESIDENCE,"1,500,000",688.9,"2,177",Sep-25,SILAT AVENUE,Resale,Strata,64,"23,438",-,Apartment,1,99 yrs lease commencing from 2018,03,Rest of Central Region,11 to 15
TANGLIN VIEW,"2,100,000","1,151.75","1,823",Sep-25,PRINCE CHARLES CRESCENT,Resale,Strata,107,"19,626",-,Condominium,1,99 yrs lease commencing from 1997,03,Rest of Central Region,01 to 05
ALEX RESIDENCES,"1,480,000",656.6,"2,254",Sep-25,ALEXANDRA VIEW,Resale,Strata,61,"24,262",-,Apartment,1,99 yrs lease commencing from 2013,03,Rest of Central Region,36 to 40
STIRLING RESIDENCES,"2,701,800","1,054.87","2,561",Sep-25,STIRLING ROAD,Resale,Strata,98,"27,569",-,Apartment,1,99 yrs lease commencing from 2017,03,Rest of Central Region,16 to 20
STIRLING RESIDENCES,"1,738,000",678.13,"2,563",Sep-25,STIRLING ROAD,Resale,Strata,63,"27,587",-,Apartment,1,99 yrs lease commencing from 2017,03,Rest of Central Region,26 to 30
QUEENS PEAK,"1,965,000",861.12,"2,282",Sep-25,DUNDEE ROAD,Resale,Strata,80,"24,563",-,Condominium,1,99 yrs lease commencing from 2015,03,Rest of Central Region,26 to 30
COMMONWEALTH TOWERS,"968,000",484.38,"1,998",Sep-25,COMMONWEALTH AVENUE,Resale,Strata,45,"21,511",-,Condominium,1,99 yrs lease commencing from 2013,03,Rest of Central Region,16 to 20
PROMENADE PEAK,"4,026,000","1,194.8","3,370",Sep-25,ZION PROMENADE,New Sale,Strata,111,"36,270",-,Condominium,1,99 yrs lease commencing from 2024,03,Rest of Central Region,56 to 60
ARTRA,"2,700,000","1,119.46","2,412",Sep-25,ALEXANDRA VIEW,Resale,Strata,104,"25,962",-,Apartment,1,99 yrs lease commencing from 2016,03,Rest of Central Region,26 to 30
AVENUE SOUTH RESIDENCE,"988,888",473.62,"2,088",Sep-25,SILAT AVENUE,Resale,Strata,44,"22,475",-,Apartment,1,99 yrs lease commencing from 2018,03,Rest of Central Region,01 to 05
QUEENS PEAK,"3,460,000","1,506.96","2,296",Sep-25,DUNDEE ROAD,Resale,Strata,140,"24,714",-,Condominium,1,99 yrs lease commencing from 2015,03,Rest of Central Region,36 to 40
QUEENS PEAK,"1,938,888",850.36,"2,280",Sep-25,DUNDEE ROAD,Resale,Strata,79,"24,543",-,Condominium,1,99 yrs lease commencing from 2015,03,Rest of Central Region,31 to 35
PRINCIPAL GARDEN,"955,000",495.14,"1,929",Sep-25,PRINCE CHARLES CRESCENT,Resale,Strata,46,"20,761",-,Condominium,1,99 yrs lease commencing from 2014,03,Rest of Central Region,21 to 25
ALEX RESIDENCES,"948,000",473.62,"2,002",Sep-25,ALEXANDRA VIEW,Resale,Strata,44,"21,545",-,Apartment,1,99 yrs lease commencing from 2013,03,Rest of Central Region,01 to 05
AVENUE SOUTH RESIDENCE,"1,420,000",688.9,"2,061",Sep-25,SILAT AVENUE,Resale,Strata,64,"22,188",-,Apartment,1,99 yrs lease commencing from 2018,03,Rest of Central Region,06 to 10
AVENUE SOUTH RESIDENCE,"1,608,888",656.6,"2,450",Sep-25,SILAT AVENUE,Resale,Strata,61,"26,375",-,Apartment,1,99 yrs lease commencing from 2018,03,Rest of Central Region,51 to 55
THE METROPOLITAN CONDOMINIUM,"2,615,000","1,356.26","1,928",Sep-25,ALEXANDRA VIEW,Resale,Strata,126,"20,754",-,Condominium,1,99 yrs lease commencing from 2006,03,Rest of Central Region,11 to 15
STIRLING RESIDENCES,"1,861,800",764.24,"2,436",Sep-25,STIRLING ROAD,Resale,Strata,71,"26,223",-,Apartment,1,99 yrs lease commencing from 2017,03,Rest of Central Region,16 to 20
QUEENS PEAK,"1,978,888",850.36,"2,327",Sep-25,DUNDEE ROAD,Resale,Strata,79,"25,049",-,Condominium,1,99 yrs lease commencing from 2015,03,Rest of Central Region,36 to 40
PROMENADE PEAK,"1,634,700",527.44,"3,099",Sep-25,ZION PROMENADE,New Sale,Strata,49,"33,361",-,Condominium,1,99 yrs lease commencing from 2024,03,Rest of Central Region,41 to 45
AVENUE SOUTH RESIDENCE,"1,730,000",721.19,"2,399",Sep-25,SILAT AVENUE,Resale,Strata,67,"25,821",-,Apartment,1,99 yrs lease commencing from 2018,03,Rest of Central Region,26 to 30
ONE PEARL BANK,"1,788,000",699.66,"2,556",Sep-25,PEARL BANK,Sub Sale,Strata,65,"27,508",-,Apartment,1,99 yrs lease commencing from 2019,03,Rest of Central Region,06 to 10
THE CREST,"1,485,000",785.77,"1,890",Sep-25,PRINCE CHARLES CRESCENT,Resale,Strata,73,"20,342",-,Condominium,1,99 yrs lease commencing from 2012,03,Rest of Central Region,06 to 10
THE ANCHORAGE,"3,080,000","1,506.96","2,044",Sep-25,ALEXANDRA ROAD,Resale,Strata,140,"22,000",-,Condominium,1,Freehold,03,Rest of Central Region,06 to 10
TANGLIN VIEW,"1,680,000",871.88,"1,927",Sep-25,PRINCE CHARLES CRESCENT,Resale,Strata,81,"20,741",-,Condominium,1,99 yrs lease commencing from 1997,03,Rest of Central Region,06 to 10
ONE PEARL BANK,"2,980,000","1,151.75","2,587",Sep-25,PEARL BANK,Sub Sale,Strata,107,"27,850",-,Apartment,1,99 yrs lease commencing from 2019,03,Rest of Central Region,06 to 10
ECHELON,"1,610,000",731.95,"2,200",Sep-25,ALEXANDRA VIEW,Resale,Strata,68,"23,676",-,Condominium,1,99 yrs lease commencing from 2012,03,Rest of Central Region,11 to 15
REGENCY SUITES,"2,240,000",979.52,"2,287",Sep-25,KIM TIAN ROAD,Resale,Strata,91,"24,615",-,Apartment,1,Freehold,03,Rest of Central Region,21 to 25
COMMONWEALTH TOWERS,"1,680,000",699.66,"2,401",Sep-25,COMMONWEALTH AVENUE,Resale,Strata,65,"25,846",-,Condominium,1,99 yrs lease commencing from 2013,03,Rest of Central Region,36 to 40
RIVER PLACE,"2,604,000","1,302.44","1,999",Sep-25,HAVELOCK ROAD,Resale,Strata,121,"21,521",-,Condominium,1,99 yrs lease commencing from 1995,03,Rest of Central Region,01 to 05
THE CREST,"1,590,000",796.54,"1,996",Sep-25,PRINCE CHARLES CRESCENT,Resale,Strata,74,"21,486",-,Condominium,1,99 yrs lease commencing from 2012,03,Rest of Central Region,16 to 20
AVENUE SOUTH RESIDENCE,"2,178,000",947.23,"2,299",Sep-25,SILAT AVENUE,Resale,Strata,88,"24,750",-,Apartment,1,99 yrs lease commencing from 2018,03,Rest of Central Region,16 to 20
ASCENTIA SKY,"4,060,000","1,969.81","2,061",Sep-25,ALEXANDRA VIEW,Resale,Strata,183,"22,186",-,Condominium,1,99 yrs lease commencing from 2008,03,Rest of Central Region,41 to 45
RIVER PLACE,"1,260,000",721.19,"1,747",Sep-25,HAVELOCK ROAD,Resale,Strata,67,"18,806",-,Condominium,1,99 yrs lease commencing from 1995,03,Rest of Central Region,01 to 05
PROMENADE PEAK,"3,028,800","1,033.34","2,931",Aug-25,ZION PROMENADE,New Sale,Strata,96,"31,550",-,Condominium,1,99 yrs lease commencing from 2024,03,Rest of Central Region,26 to 30
PROMENADE PEAK,"1,569,700",527.44,"2,976",Aug-25,ZION PROMENADE,New Sale,Strata,49,"32,035",-,Condominium,1,99 yrs lease commencing from 2024,03,Rest of Central Region,26 to 30
QUEENS PEAK,"1,058,000",484.38,"2,184",Aug-25,DUNDEE ROAD,Resale,Strata,45,"23,511",-,Condominium,1,99 yrs lease commencing from 2015,03,Rest of Central Region,16 to 20
HIGHLINE RESIDENCES,"2,400,000","1,130.22","2,123",Aug-25,KIM TIAN ROAD,Resale,Strata,105,"22,857",-,Condominium,1,99 yrs lease commencing from 2013,03,Rest of Central Region,01 to 05
PROMENADE PEAK,"2,985,400","1,033.34","2,889",Aug-25,ZION PROMENADE,New Sale,Strata,96,"31,098",-,Condominium,1,99 yrs lease commencing from 2024,03,Rest of Central Region,21 to 25
PROMENADE PEAK,"2,479,600",785.77,"3,156",Aug-25,ZION PROMENADE,New Sale,Strata,73,"33,967",-,Condominium,1,99 yrs lease commencing from 2024,03,Rest of Central Region,36 to 40
STIRLING RESIDENCES,"1,818,888",904.18,"2,012",Aug-25,STIRLING ROAD,Resale,Strata,84,"21,653",-,Apartment,1,99 yrs lease commencing from 2017,03,Rest of Central Region,36 to 40
STIRLING RESIDENCES,"1,530,000",656.6,"2,330",Aug-25,STIRLING ROAD,Resale,Strata,61,"25,082",-,Apartment,1,99 yrs lease commencing from 2017,03,Rest of Central Region,36 to 40
PROMENADE PEAK,"1,548,000",527.44,"2,935",Aug-25,ZION PROMENADE,New Sale,Strata,49,"31,592",-,Condominium,1,99 yrs lease commencing from 2024,03,Rest of Central Region,21 to 25
AVENUE SOUTH RESIDENCE,"1,678,000",688.9,"2,436",Aug-25,SILAT AVENUE,Resale,Strata,64,"26,219",-,Apartment,1,99 yrs lease commencing from 2018,03,Rest of Central Region,36 to 40
COMMONWEALTH TOWERS,"2,150,000",904.18,"2,378",Aug-25,COMMONWEALTH AVENUE,Resale,Strata,84,"25,595",-,Condominium,1,99 yrs lease commencing from 2013,03,Rest of Central Region,11 to 15
RIVIERE,"3,600,000","1,216.33","2,960",Aug-25,JIAK KIM STREET,Resale,Strata,113,"31,858",-,Apartment,1,99 yrs lease commencing from 2018,03,Rest of Central Region,06 to 10
ECHELON,"3,280,000","1,571.54","2,087",Aug-25,ALEXANDRA VIEW,Resale,Strata,146,"22,466",-,Condominium,1,99 yrs lease commencing from 2012,03,Rest of Central Region,26 to 30
STIRLING RESIDENCES,"1,775,000",678.13,"2,617",Aug-25,STIRLING ROAD,Resale,Strata,63,"28,175",-,Apartment,1,99 yrs lease commencing from 2017,03,Rest of Central Region,31 to 35
COMMONWEALTH TOWERS,"2,588,000","1,076.4","2,404",Aug-25,COMMONWEALTH AVENUE,Resale,Strata,100,"25,880",-,Condominium,1,99 yrs lease commencing from 2013,03,Rest of Central Region,16 to 20
PROMENADE PEAK,"5,313,100","1,582.31","3,358",Aug-25,ZION PROMENADE,New Sale,Strata,147,"36,144",-,Condominium,1,99 yrs lease commencing from 2024,03,Rest of Central Region,46 to 50
PRINCIPAL GARDEN,"1,711,000",785.77,"2,177",Aug-25,PRINCE CHARLES CRESCENT,Resale,Strata,73,"23,438",-,Condominium,1,99 yrs lease commencing from 2014,03,Rest of Central Region,16 to 20
PROMENADE PEAK,"2,041,900",667.37,"3,060",Aug-25,ZION PROMENADE,New Sale,Strata,62,"32,934",-,Condominium,1,99 yrs lease commencing from 2024,03,Rest of Central Region,31 to 35
MARGARET VILLE,"1,110,000",527.44,"2,105",Aug-25,MARGARET DRIVE,Resale,Strata,49,"22,653",-,Apartment,1,99 yrs lease commencing from 2017,03,Rest of Central Region,01 to 05
CENTRAL GREEN CONDOMINIUM,"1,562,800",947.23,"1,650",Aug-25,JALAN MEMBINA,Resale,Strata,88,"17,759",-,Condominium,1,99 yrs lease commencing from 1992,03,Rest of Central Region,01 to 05
EMERALD PARK,"1,455,000",925.7,"1,572",Aug-25,INDUS ROAD,Resale,Strata,86,"16,919",-,Condominium,1,99 yrs lease commencing from 1991,03,Rest of Central Region,01 to 05
THE METROPOLITAN CONDOMINIUM,"3,275,000","1,733","1,890",Aug-25,ALEXANDRA VIEW,Resale,Strata,161,"20,342",-,Condominium,1,99 yrs lease commencing from 2006,03,Rest of Central Region,01 to 05
PROMENADE PEAK,"3,052,600","1,076.4","2,836",Aug-25,ZION PROMENADE,New Sale,Strata,100,"30,526",-,Condominium,1,99 yrs lease commencing from 2024,03,Rest of Central Region,06 to 10
STIRLING RESIDENCES,"1,014,000",441.32,"2,298",Aug-25,STIRLING ROAD,Resale,Strata,41,"24,732",-,Apartment,1,99 yrs lease commencing from 2017,03,Rest of Central Region,11 to 15
STIRLING RESIDENCES,"1,535,000",656.6,"2,338",Aug-25,STIRLING ROAD,Resale,Strata,61,"25,164",-,Apartment,1,99 yrs lease commencing from 2017,03,Rest of Central Region,31 to 35
PROMENADE PEAK,"1,413,067",527.44,"2,679",Aug-25,ZION PROMENADE,New Sale,Strata,49,"28,838",-,Condominium,1,99 yrs lease commencing from 2024,03,Rest of Central Region,06 to 10
PROMENADE PEAK,"4,747,600","1,420.85","3,341",Aug-25,ZION PROMENADE,New Sale,Strata,132,"35,967",-,Condominium,1,99 yrs lease commencing from 2024,03,Rest of Central Region,51 to 55
QUEENS,"2,200,888","1,194.8","1,842",Aug-25,STIRLING ROAD,Resale,Strata,111,"19,828",-,Condominium,1,99 yrs lease commencing from 1998,03,Rest of Central Region,36 to 40
STIRLING RESIDENCES,"1,838,000",764.24,"2,405",Aug-25,STIRLING ROAD,Resale,Strata,71,"25,887",-,Apartment,1,99 yrs lease commencing from 2017,03,Rest of Central Region,01 to 05
STIRLING RESIDENCES,"1,400,000",656.6,"2,132",Aug-25,STIRLING ROAD,Resale,Strata,61,"22,951",-,Apartment,1,99 yrs lease commencing from 2017,03,Rest of Central Region,01 to 05
AVENUE SOUTH RESIDENCE,"1,350,000",656.6,"2,056",Aug-25,SILAT AVENUE,Resale,Strata,61,"22,131",-,Apartment,1,99 yrs lease commencing from 2018,03,Rest of Central Region,16 to 20
PROMENADE PEAK,"1,780,837",656.6,"2,712",Aug-25,ZION PROMENADE,New Sale,Strata,61,"29,194",-,Condominium,1,99 yrs lease commencing from 2024,03,Rest of Central Region,01 to 05
PROMENADE PEAK,"1,481,700",527.44,"2,809",Aug-25,ZION PROMENADE,New Sale,Strata,49,"30,239",-,Condominium,1,99 yrs lease commencing from 2024,03,Rest of Central Region,11 to 15
COMMONWEALTH TOWERS,"905,000",473.62,"1,911",Aug-25,COMMONWEALTH AVENUE,Resale,Strata,44,"20,568",-,Condominium,1,99 yrs lease commencing from 2013,03,Rest of Central Region,01 to 05
RIVIERE,"6,050,000","2,002.1","3,022",Aug-25,JIAK KIM STREET,Resale,Strata,186,"32,527",-,Apartment,1,99 yrs lease commencing from 2018,03,Rest of Central Region,06 to 10
THE REGENCY AT TIONG BAHRU,"2,300,800",958,"2,402",Aug-25,CHAY YAN STREET,Resale,Strata,89,"25,852",-,Condominium,1,Freehold,03,Rest of Central Region,01 to 05
STIRLING RESIDENCES,"1,750,000",764.24,"2,290",Aug-25,STIRLING ROAD,Resale,Strata,71,"24,648",-,Apartment,1,99 yrs lease commencing from 2017,03,Rest of Central Region,01 to 05
MERAPRIME,"2,350,000","1,097.93","2,140",Aug-25,JALAN BUKIT HO SWEE,Resale,Strata,102,"23,039",-,Condominium,1,99 yrs lease commencing from 2003,03,Rest of Central Region,16 to 20
PROMENADE PEAK,"3,052,000","1,033.34","2,954",Aug-25,ZION PROMENADE,New Sale,Strata,96,"31,792",-,Condominium,1,99 yrs lease commencing from 2024,03,Rest of Central Region,26 to 30
PROMENADE PEAK,"4,010,400","1,194.8","3,357",Aug-25,ZION PROMENADE,New Sale,Strata,111,"36,130",-,Condominium,1,99 yrs lease commencing from 2024,03,Rest of Central Region,56 to 60
PROMENADE PEAK,"2,030,900",678.13,"2,995",Aug-25,ZION PROMENADE,New Sale,Strata,63,"32,237",-,Condominium,1,99 yrs lease commencing from 2024,03,Rest of Central Region,21 to 25
PROMENADE PEAK,"3,829,800","1,162.51","3,294",Aug-25,ZION PROMENADE,New Sale,Strata,108,"35,461",-,Condominium,1,99 yrs lease commencing from 2024,03,Rest of Central Region,51 to 55
RIVER PLACE,"2,310,000","1,280.92","1,803",Aug-25,HAVELOCK ROAD,Resale,Strata,119,"19,412",-,Condominium,1,99 yrs lease commencing from 1995,03,Rest of Central Region,01 to 05
AVENUE SOUTH RESIDENCE,"1,275,000",527.44,"2,417",Aug-25,SILAT AVENUE,Resale,Strata,49,"26,020",-,Apartment,1,99 yrs lease commencing from 2018,03,Rest of Central Region,46 to 50
PROMENADE PEAK,"2,011,600",678.13,"2,966",Aug-25,ZION PROMENADE,New Sale,Strata,63,"31,930",-,Condominium,1,99 yrs lease commencing from 2024,03,Rest of Central Region,26 to 30
QUEENSWAY TOWER,"2,580,000","1,679.18","1,536",Aug-25,QUEENSWAY,Resale,Strata,156,"16,538",-,Apartment,1,Freehold,03,Rest of Central Region,11 to 15
PROMENADE PEAK,"2,295,100",785.77,"2,921",Aug-25,ZION PROMENADE,New Sale,Strata,73,"31,440",-,Condominium,1,99 yrs lease commencing from 2024,03,Rest of Central Region,16 to 20
PROMENADE PEAK,"1,543,300",527.44,"2,926",Aug-25,ZION PROMENADE,New Sale,Strata,49,"31,496",-,Condominium,1,99 yrs lease commencing from 2024,03,Rest of Central Region,21 to 25
THE CREST,"1,760,000",861.12,"2,044",Aug-25,PRINCE CHARLES CRESCENT,Resale,Strata,80,"22,000",-,Condominium,1,99 yrs lease commencing from 2012,03,Rest of Central Region,06 to 10
STIRLING RESIDENCES,"2,510,000","1,054.87","2,379",Aug-25,STIRLING ROAD,Resale,Strata,98,"25,612",-,Apartment,1,99 yrs lease commencing from 2017,03,Rest of Central Region,06 to 10
HIGHLINE RESIDENCES,"2,860,000","1,108.69","2,580",Aug-25,KIM TIAN ROAD,Resale,Strata,103,"27,767",-,Condominium,1,99 yrs lease commencing from 2013,03,Rest of Central Region,11 to 15
PROMENADE PEAK,"1,817,692",667.37,"2,724",Aug-25,ZION PROMENADE,New Sale,Strata,62,"29,318",-,Condominium,1,99 yrs lease commencing from 2024,03,Rest of Central Region,06 to 10
ONE PEARL BANK,"1,980,000",742.72,"2,666",Aug-25,PEARL BANK,Sub Sale,Strata,69,"28,696",-,Apartment,1,99 yrs lease commencing from 2019,03,Rest of Central Region,16 to 20
PROMENADE PEAK,"2,015,000",678.13,"2,971",Aug-25,ZION PROMENADE,New Sale,Strata,63,"31,984",-,Condominium,1,99 yrs lease commencing from 2024,03,Rest of Central Region,21 to 25
COMMONWEALTH TOWERS,"2,096,888",904.18,"2,319",Aug-25,COMMONWEALTH AVENUE,Resale,Strata,84,"24,963",-,Condominium,1,99 yrs lease commencing from 2013,03,Rest of Central Region,06 to 10
QUEENS PEAK,"985,000",441.32,"2,232",Aug-25,DUNDEE ROAD,Resale,Strata,41,"24,024",-,Condominium,1,99 yrs lease commencing from 2015,03,Rest of Central Region,21 to 25
AVENUE SOUTH RESIDENCE,"1,530,000",731.95,"2,090",Aug-25,SILAT AVENUE,Resale,Strata,68,"22,500",-,Apartment,1,99 yrs lease commencing from 2018,03,Rest of Central Region,01 to 05
CENTRAL GREEN CONDOMINIUM,"2,580,000","1,431.61","1,802",Aug-25,JALAN MEMBINA,Resale,Strata,133,"19,398",-,Condominium,1,99 yrs lease commencing from 1992,03,Rest of Central Region,06 to 10
ALEX RESIDENCES,"2,142,000",925.7,"2,314",Aug-25,ALEXANDRA VIEW,Resale,Strata,86,"24,907",-,Apartment,1,99 yrs lease commencing from 2013,03,Rest of Central Region,21 to 25
PROMENADE PEAK,"2,913,100","1,033.34","2,819",Aug-25,ZION PROMENADE,New Sale,Strata,96,"30,345",-,Condominium,1,99 yrs lease commencing from 2024,03,Rest of Central Region,11 to 15
PROMENADE PEAK,"3,708,800","1,162.51","3,190",Aug-25,ZION PROMENADE,New Sale,Strata,108,"34,341",-,Condominium,1,99 yrs lease commencing from 2024,03,Rest of Central Region,46 to 50
ALESSANDREA,"2,180,000","1,097.93","1,986",Aug-25,ALEXANDRA ROAD,Resale,Strata,102,"21,373",-,Apartment,1,Freehold,03,Rest of Central Region,11 to 15
PROMENADE PEAK,"1,438,700",527.44,"2,728",Aug-25,ZION PROMENADE,New Sale,Strata,49,"29,361",-,Condominium,1,99 yrs lease commencing from 2024,03,Rest of Central Region,06 to 10
PROMENADE PEAK,"1,891,300",688.9,"2,745",Aug-25,ZION PROMENADE,New Sale,Strata,64,"29,552",-,Condominium,1,99 yrs lease commencing from 2024,03,Rest of Central Region,06 to 10
PROMENADE PEAK,"2,053,800",656.6,"3,128",Aug-25,ZION PROMENADE,New Sale,Strata,61,"33,669",-,Condominium,1,99 yrs lease commencing from 2024,03,Rest of Central Region,41 to 45
PROMENADE PEAK,"2,856,200","1,033.34","2,764",Aug-25,ZION PROMENADE,New Sale,Strata,96,"29,752",-,Condominium,1,99 yrs lease commencing from 2024,03,Rest of Central Region,06 to 10
ECHELON,"1,670,000",731.95,"2,282",Aug-25,ALEXANDRA VIEW,Resale,Strata,68,"24,559",-,Condominium,1,99 yrs lease commencing from 2012,03,Rest of Central Region,36 to 40
AVENUE SOUTH RESIDENCE,"1,670,000",731.95,"2,282",Aug-25,SILAT AVENUE,Resale,Strata,68,"24,559",-,Apartment,1,99 yrs lease commencing from 2018,03,Rest of Central Region,26 to 30
PROMENADE PEAK,"1,999,700",667.37,"2,996",Aug-25,ZION PROMENADE,New Sale,Strata,62,"32,253",-,Condominium,1,99 yrs lease commencing from 2024,03,Rest of Central Region,26 to 30
PRINCIPAL GARDEN,"1,919,000",807.3,"2,377",Aug-25,PRINCE CHARLES CRESCENT,Resale,Strata,75,"25,587",-,Condominium,1,99 yrs lease commencing from 2014,03,Rest of Central Region,21 to 25
THE METROPOLITAN CONDOMINIUM,"3,368,000","1,743.77","1,931",Aug-25,ALEXANDRA VIEW,Resale,Strata,162,"20,790",-,Condominium,1,99 yrs lease commencing from 2006,03,Rest of Central Region,26 to 30
COMMONWEALTH TOWERS,"2,730,000","1,076.4","2,536",Aug-25,COMMONWEALTH AVENUE,Resale,Strata,100,"27,300",-,Condominium,1,99 yrs lease commencing from 2013,03,Rest of Central Region,41 to 45
STIRLING RESIDENCES,"1,790,000",764.24,"2,342",Aug-25,STIRLING ROAD,Resale,Strata,71,"25,211",-,Apartment,1,99 yrs lease commencing from 2017,03,Rest of Central Region,06 to 10
STIRLING RESIDENCES,"1,480,000",635.08,"2,330",Aug-25,STIRLING ROAD,Resale,Strata,59,"25,085",-,Apartment,1,99 yrs lease commencing from 2017,03,Rest of Central Region,06 to 10
PROMENADE PEAK,"2,975,000","1,033.34","2,879",Aug-25,ZION PROMENADE,New Sale,Strata,96,"30,990",-,Condominium,1,99 yrs lease commencing from 2024,03,Rest of Central Region,16 to 20
PROMENADE PEAK,"1,993,700",667.37,"2,987",Aug-25,ZION PROMENADE,New Sale,Strata,62,"32,156",-,Condominium,1,99 yrs lease commencing from 2024,03,Rest of Central Region,26 to 30
THE CREST,"2,358,000","1,323.97","1,781",Aug-25,PRINCE CHARLES CRESCENT,Resale,Strata,123,"19,171",-,Condominium,1,99 yrs lease commencing from 2012,03,Rest of Central Region,06 to 10
ARTRA,"1,938,000",828.83,"2,338",Aug-25,ALEXANDRA VIEW,Resale,Strata,77,"25,169",-,Apartment,1,99 yrs lease commencing from 2016,03,Rest of Central Region,16 to 20
COMMONWEALTH TOWERS,"930,000",452.09,"2,057",Aug-25,COMMONWEALTH AVENUE,Resale,Strata,42,"22,143",-,Condominium,1,99 yrs lease commencing from 2013,03,Rest of Central Region,06 to 10
PROMENADE PEAK,"1,853,400",688.9,"2,690",Aug-25,ZION PROMENADE,New Sale,Strata,64,"28,959",-,Condominium,1,99 yrs lease commencing from 2024,03,Rest of Central Region,01 to 05
PROMENADE PEAK,"2,108,600",764.24,"2,759",Aug-25,ZION PROMENADE,New Sale,Strata,71,"29,699",-,Condominium,1,99 yrs lease commencing from 2024,03,Rest of Central Region,01 to 05
PROMENADE PEAK,"1,867,200",688.9,"2,710",Aug-25,ZION PROMENADE,New Sale,Strata,64,"29,175",-,Condominium,1,99 yrs lease commencing from 2024,03,Rest of Central Region,01 to 05
PROMENADE PEAK,"2,820,100","1,033.34","2,729",Aug-25,ZION PROMENADE,New Sale,Strata,96,"29,376",-,Condominium,1,99 yrs lease commencing from 2024,03,Rest of Central Region,01 to 05
PROMENADE PEAK,"2,980,500","1,076.4","2,769",Aug-25,ZION PROMENADE,New Sale,Strata,100,"29,805",-,Condominium,1,99 yrs lease commencing from 2024,03,Rest of Central Region,06 to 10
PROMENADE PEAK,"1,833,000",656.6,"2,792",Aug-25,ZION PROMENADE,New Sale,Strata,61,"30,049",-,Condominium,1,99 yrs lease commencing from 2024,03,Rest of Central Region,06 to 10
PROMENADE PEAK,"2,830,400","1,033.34","2,739",Aug-25,ZION PROMENADE,New Sale,Strata,96,"29,483",-,Condominium,1,99 yrs lease commencing from 2024,03,Rest of Central Region,06 to 10
PROMENADE PEAK,"2,991,300","1,076.4","2,779",Aug-25,ZION PROMENADE,New Sale,Strata,100,"29,913",-,Condominium,1,99 yrs lease commencing from 2024,03,Rest of Central Region,06 to 10
PROMENADE PEAK,"1,446,600",527.44,"2,743",Aug-25,ZION PROMENADE,New Sale,Strata,49,"29,522",-,Condominium,1,99 yrs lease commencing from 2024,03,Rest of Central Region,06 to 10
PROMENADE PEAK,"1,894,800",688.9,"2,750",Aug-25,ZION PROMENADE,New Sale,Strata,64,"29,606",-,Condominium,1,99 yrs lease commencing from 2024,03,Rest of Central Region,06 to 10
PROMENADE PEAK,"2,154,500",764.24,"2,819",Aug-25,ZION PROMENADE,New Sale,Strata,71,"30,345",-,Condominium,1,99 yrs lease commencing from 2024,03,Rest of Central Region,06 to 10
PROMENADE PEAK,"1,907,900",678.13,"2,813",Aug-25,ZION PROMENADE,New Sale,Strata,63,"30,284",-,Condominium,1,99 yrs lease commencing from 2024,03,Rest of Central Region,06 to 10
PROMENADE PEAK,"1,916,000",678.13,"2,825",Aug-25,ZION PROMENADE,New Sale,Strata,63,"30,413",-,Condominium,1,99 yrs lease commencing from 2024,03,Rest of Central Region,06 to 10
PROMENADE PEAK,"1,459,800",527.44,"2,768",Aug-25,ZION PROMENADE,New Sale,Strata,49,"29,792",-,Condominium,1,99 yrs lease commencing from 2024,03,Rest of Central Region,11 to 15
PROMENADE PEAK,"1,879,000",656.6,"2,862",Aug-25,ZION PROMENADE,New Sale,Strata,61,"30,803",-,Condominium,1,99 yrs lease commencing from 2024,03,Rest of Central Region,11 to 15
PROMENADE PEAK,"3,077,400","1,076.4","2,859",Aug-25,ZION PROMENADE,New Sale,Strata,100,"30,774",-,Condominium,1,99 yrs lease commencing from 2024,03,Rest of Central Region,11 to 15
PROMENADE PEAK,"2,208,000",764.24,"2,889",Aug-25,ZION PROMENADE,New Sale,Strata,71,"31,099",-,Condominium,1,99 yrs lease commencing from 2024,03,Rest of Central Region,16 to 20
PROMENADE PEAK,"1,914,300",667.37,"2,868",Aug-25,ZION PROMENADE,New Sale,Strata,62,"30,876",-,Condominium,1,99 yrs lease commencing from 2024,03,Rest of Central Region,16 to 20
PROMENADE PEAK,"1,502,000",527.44,"2,848",Aug-25,ZION PROMENADE,New Sale,Strata,49,"30,653",-,Condominium,1,99 yrs lease commencing from 2024,03,Rest of Central Region,16 to 20
PROMENADE PEAK,"2,311,300",796.54,"2,902",Aug-25,ZION PROMENADE,New Sale,Strata,74,"31,234",-,Condominium,1,99 yrs lease commencing from 2024,03,Rest of Central Region,16 to 20
PROMENADE PEAK,"1,507,200",527.44,"2,858",Aug-25,ZION PROMENADE,New Sale,Strata,49,"30,759",-,Condominium,1,99 yrs lease commencing from 2024,03,Rest of Central Region,16 to 20
PROMENADE PEAK,"1,979,100",678.13,"2,918",Aug-25,ZION PROMENADE,New Sale,Strata,63,"31,414",-,Condominium,1,99 yrs lease commencing from 2024,03,Rest of Central Region,16 to 20
PROMENADE PEAK,"1,995,400",678.13,"2,942",Aug-25,ZION PROMENADE,New Sale,Strata,63,"31,673",-,Condominium,1,99 yrs lease commencing from 2024,03,Rest of Central Region,21 to 25
PROMENADE PEAK,"1,957,600",667.37,"2,933",Aug-25,ZION PROMENADE,New Sale,Strata,62,"31,574",-,Condominium,1,99 yrs lease commencing from 2024,03,Rest of Central Region,21 to 25
PROMENADE PEAK,"2,006,200",678.13,"2,958",Aug-25,ZION PROMENADE,New Sale,Strata,63,"31,844",-,Condominium,1,99 yrs lease commencing from 2024,03,Rest of Central Region,21 to 25
PROMENADE PEAK,"1,534,600",527.44,"2,910",Aug-25,ZION PROMENADE,New Sale,Strata,49,"31,318",-,Condominium,1,99 yrs lease commencing from 2024,03,Rest of Central Region,26 to 30
PROMENADE PEAK,"1,539,400",527.44,"2,919",Aug-25,ZION PROMENADE,New Sale,Strata,49,"31,416",-,Condominium,1,99 yrs lease commencing from 2024,03,Rest of Central Region,26 to 30
PROMENADE PEAK,"1,990,700",667.37,"2,983",Aug-25,ZION PROMENADE,New Sale,Strata,62,"32,108",-,Condominium,1,99 yrs lease commencing from 2024,03,Rest of Central Region,26 to 30
PROMENADE PEAK,"3,216,200","1,076.4","2,988",Aug-25,ZION PROMENADE,New Sale,Strata,100,"32,162",-,Condominium,1,99 yrs lease commencing from 2024,03,Rest of Central Region,26 to 30
PROMENADE PEAK,"3,093,800","1,033.34","2,994",Aug-25,ZION PROMENADE,New Sale,Strata,96,"32,227",-,Condominium,1,99 yrs lease commencing from 2024,03,Rest of Central Region,31 to 35
PROMENADE PEAK,"1,582,100",527.44,"3,000",Aug-25,ZION PROMENADE,New Sale,Strata,49,"32,288",-,Condominium,1,99 yrs lease commencing from 2024,03,Rest of Central Region,36 to 40
PROMENADE PEAK,"2,033,100",656.6,"3,096",Aug-25,ZION PROMENADE,New Sale,Strata,61,"33,330",-,Condominium,1,99 yrs lease commencing from 2024,03,Rest of Central Region,36 to 40
PROMENADE PEAK,"2,042,000",656.6,"3,110",Aug-25,ZION PROMENADE,New Sale,Strata,61,"33,475",-,Condominium,1,99 yrs lease commencing from 2024,03,Rest of Central Region,36 to 40
PROMENADE PEAK,"2,047,900",656.6,"3,119",Aug-25,ZION PROMENADE,New Sale,Strata,61,"33,572",-,Condominium,1,99 yrs lease commencing from 2024,03,Rest of Central Region,41 to 45
PROMENADE PEAK,"2,388,300",764.24,"3,125",Aug-25,ZION PROMENADE,New Sale,Strata,71,"33,638",-,Condominium,1,99 yrs lease commencing from 2024,03,Rest of Central Region,41 to 45
PROMENADE PEAK,"5,220,600","1,582.31","3,299",Aug-25,ZION PROMENADE,New Sale,Strata,147,"35,514",-,Condominium,1,99 yrs lease commencing from 2024,03,Rest of Central Region,41 to 45
PROMENADE PEAK,"4,673,700","1,420.85","3,289",Aug-25,ZION PROMENADE,New Sale,Strata,132,"35,407",-,Condominium,1,99 yrs lease commencing from 2024,03,Rest of Central Region,46 to 50
PROMENADE PEAK,"3,799,500","1,162.51","3,268",Aug-25,ZION PROMENADE,New Sale,Strata,108,"35,181",-,Condominium,1,99 yrs lease commencing from 2024,03,Rest of Central Region,51 to 55
PROMENADE PEAK,"2,937,500","1,076.4","2,729",Aug-25,ZION PROMENADE,New Sale,Strata,100,"29,375",-,Condominium,1,99 yrs lease commencing from 2024,03,Rest of Central Region,01 to 05
PROMENADE PEAK,"1,806,800",656.6,"2,752",Aug-25,ZION PROMENADE,New Sale,Strata,61,"29,620",-,Condominium,1,99 yrs lease commencing from 2024,03,Rest of Central Region,01 to 05
PROMENADE PEAK,"1,806,800",656.6,"2,752",Aug-25,ZION PROMENADE,New Sale,Strata,61,"29,620",-,Condominium,1,99 yrs lease commencing from 2024,03,Rest of Central Region,01 to 05
PROMENADE PEAK,"1,850,900",678.13,"2,729",Aug-25,ZION PROMENADE,New Sale,Strata,63,"29,379",-,Condominium,1,99 yrs lease commencing from 2024,03,Rest of Central Region,01 to 05
PROMENADE PEAK,"1,820,900",667.37,"2,728",Aug-25,ZION PROMENADE,New Sale,Strata,62,"29,369",-,Condominium,1,99 yrs lease commencing from 2024,03,Rest of Central Region,01 to 05
PROMENADE PEAK,"2,948,200","1,076.4","2,739",Aug-25,ZION PROMENADE,New Sale,Strata,100,"29,482",-,Condominium,1,99 yrs lease commencing from 2024,03,Rest of Central Region,01 to 05
PROMENADE PEAK,"1,813,300",656.6,"2,762",Aug-25,ZION PROMENADE,New Sale,Strata,61,"29,726",-,Condominium,1,99 yrs lease commencing from 2024,03,Rest of Central Region,01 to 05
PROMENADE PEAK,"1,417,600",527.44,"2,688",Aug-25,ZION PROMENADE,New Sale,Strata,49,"28,931",-,Condominium,1,99 yrs lease commencing from 2024,03,Rest of Central Region,01 to 05
PROMENADE PEAK,"2,177,400",796.54,"2,734",Aug-25,ZION PROMENADE,New Sale,Strata,74,"29,424",-,Condominium,1,99 yrs lease commencing from 2024,03,Rest of Central Region,01 to 05
PROMENADE PEAK,"1,859,100",678.13,"2,742",Aug-25,ZION PROMENADE,New Sale,Strata,63,"29,510",-,Condominium,1,99 yrs lease commencing from 2024,03,Rest of Central Region,01 to 05
PROMENADE PEAK,"1,827,600",667.37,"2,739",Aug-25,ZION PROMENADE,New Sale,Strata,62,"29,477",-,Condominium,1,99 yrs lease commencing from 2024,03,Rest of Central Region,01 to 05
PROMENADE PEAK,"2,799,400","1,033.34","2,709",Aug-25,ZION PROMENADE,New Sale,Strata,96,"29,160",-,Condominium,1,99 yrs lease commencing from 2024,03,Rest of Central Region,01 to 05
PROMENADE PEAK,"2,959,000","1,076.4","2,749",Aug-25,ZION PROMENADE,New Sale,Strata,100,"29,590",-,Condominium,1,99 yrs lease commencing from 2024,03,Rest of Central Region,01 to 05
PROMENADE PEAK,"1,819,900",656.6,"2,772",Aug-25,ZION PROMENADE,New Sale,Strata,61,"29,834",-,Condominium,1,99 yrs lease commencing from 2024,03,Rest of Central Region,01 to 05
PROMENADE PEAK,"1,819,900",656.6,"2,772",Aug-25,ZION PROMENADE,New Sale,Strata,61,"29,834",-,Condominium,1,99 yrs lease commencing from 2024,03,Rest of Central Region,01 to 05
PROMENADE PEAK,"1,422,900",527.44,"2,698",Aug-25,ZION PROMENADE,New Sale,Strata,49,"29,039",-,Condominium,1,99 yrs lease commencing from 2024,03,Rest of Central Region,01 to 05
PROMENADE PEAK,"1,867,200",678.13,"2,753",Aug-25,ZION PROMENADE,New Sale,Strata,63,"29,638",-,Condominium,1,99 yrs lease commencing from 2024,03,Rest of Central Region,01 to 05
PROMENADE PEAK,"1,834,300",667.37,"2,749",Aug-25,ZION PROMENADE,New Sale,Strata,62,"29,585",-,Condominium,1,99 yrs lease commencing from 2024,03,Rest of Central Region,01 to 05
PROMENADE PEAK,"2,969,800","1,076.4","2,759",Aug-25,ZION PROMENADE,New Sale,Strata,100,"29,698",-,Condominium,1,99 yrs lease commencing from 2024,03,Rest of Central Region,01 to 05
PROMENADE PEAK,"1,826,500",656.6,"2,782",Aug-25,ZION PROMENADE,New Sale,Strata,61,"29,943",-,Condominium,1,99 yrs lease commencing from 2024,03,Rest of Central Region,01 to 05
PROMENADE PEAK,"1,428,200",527.44,"2,708",Aug-25,ZION PROMENADE,New Sale,Strata,49,"29,147",-,Condominium,1,99 yrs lease commencing from 2024,03,Rest of Central Region,01 to 05
PROMENADE PEAK,"1,875,300",678.13,"2,765",Aug-25,ZION PROMENADE,New Sale,Strata,63,"29,767",-,Condominium,1,99 yrs lease commencing from 2024,03,Rest of Central Region,01 to 05
PROMENADE PEAK,"1,874,100",688.9,"2,720",Aug-25,ZION PROMENADE,New Sale,Strata,64,"29,283",-,Condominium,1,99 yrs lease commencing from 2024,03,Rest of Central Region,06 to 10
PROMENADE PEAK,"1,833,000",656.6,"2,792",Aug-25,ZION PROMENADE,New Sale,Strata,61,"30,049",-,Condominium,1,99 yrs lease commencing from 2024,03,Rest of Central Region,06 to 10
PROMENADE PEAK,"1,433,400",527.44,"2,718",Aug-25,ZION PROMENADE,New Sale,Strata,49,"29,253",-,Condominium,1,99 yrs lease commencing from 2024,03,Rest of Central Region,06 to 10
PROMENADE PEAK,"1,883,500",678.13,"2,777",Aug-25,ZION PROMENADE,New Sale,Strata,63,"29,897",-,Condominium,1,99 yrs lease commencing from 2024,03,Rest of Central Region,06 to 10
PROMENADE PEAK,"1,881,000",688.9,"2,730",Aug-25,ZION PROMENADE,New Sale,Strata,64,"29,391",-,Condominium,1,99 yrs lease commencing from 2024,03,Rest of Central Region,06 to 10
PROMENADE PEAK,"1,839,600",656.6,"2,802",Aug-25,ZION PROMENADE,New Sale,Strata,61,"30,157",-,Condominium,1,99 yrs lease commencing from 2024,03,Rest of Central Region,06 to 10
PROMENADE PEAK,"1,839,600",656.6,"2,802",Aug-25,ZION PROMENADE,New Sale,Strata,61,"30,157",-,Condominium,1,99 yrs lease commencing from 2024,03,Rest of Central Region,06 to 10
PROMENADE PEAK,"2,139,200",764.24,"2,799",Aug-25,ZION PROMENADE,New Sale,Strata,71,"30,130",-,Condominium,1,99 yrs lease commencing from 2024,03,Rest of Central Region,06 to 10
PROMENADE PEAK,"2,200,800",785.77,"2,801",Aug-25,ZION PROMENADE,New Sale,Strata,73,"30,148",-,Condominium,1,99 yrs lease commencing from 2024,03,Rest of Central Region,06 to 10
PROMENADE PEAK,"1,891,600",678.13,"2,789",Aug-25,ZION PROMENADE,New Sale,Strata,63,"30,025",-,Condominium,1,99 yrs lease commencing from 2024,03,Rest of Central Region,06 to 10
PROMENADE PEAK,"2,840,800","1,033.34","2,749",Aug-25,ZION PROMENADE,New Sale,Strata,96,"29,592",-,Condominium,1,99 yrs lease commencing from 2024,03,Rest of Central Region,06 to 10
PROMENADE PEAK,"1,446,600",527.44,"2,743",Aug-25,ZION PROMENADE,New Sale,Strata,49,"29,522",-,Condominium,1,99 yrs lease commencing from 2024,03,Rest of Central Region,06 to 10
PROMENADE PEAK,"2,212,600",785.77,"2,816",Aug-25,ZION PROMENADE,New Sale,Strata,73,"30,310",-,Condominium,1,99 yrs lease commencing from 2024,03,Rest of Central Region,06 to 10
PROMENADE PEAK,"2,230,000",796.54,"2,800",Aug-25,ZION PROMENADE,New Sale,Strata,74,"30,135",-,Condominium,1,99 yrs lease commencing from 2024,03,Rest of Central Region,06 to 10
PROMENADE PEAK,"1,903,800",678.13,"2,807",Aug-25,ZION PROMENADE,New Sale,Strata,63,"30,219",-,Condominium,1,99 yrs lease commencing from 2024,03,Rest of Central Region,06 to 10
PROMENADE PEAK,"1,852,700",656.6,"2,822",Aug-25,ZION PROMENADE,New Sale,Strata,61,"30,372",-,Condominium,1,99 yrs lease commencing from 2024,03,Rest of Central Region,06 to 10
PROMENADE PEAK,"1,852,700",656.6,"2,822",Aug-25,ZION PROMENADE,New Sale,Strata,61,"30,372",-,Condominium,1,99 yrs lease commencing from 2024,03,Rest of Central Region,06 to 10
PROMENADE PEAK,"1,867,600",667.37,"2,798",Aug-25,ZION PROMENADE,New Sale,Strata,62,"30,123",-,Condominium,1,99 yrs lease commencing from 2024,03,Rest of Central Region,06 to 10
PROMENADE PEAK,"2,861,400","1,033.34","2,769",Aug-25,ZION PROMENADE,New Sale,Strata,96,"29,806",-,Condominium,1,99 yrs lease commencing from 2024,03,Rest of Central Region,06 to 10
PROMENADE PEAK,"1,901,600",688.9,"2,760",Aug-25,ZION PROMENADE,New Sale,Strata,64,"29,713",-,Condominium,1,99 yrs lease commencing from 2024,03,Rest of Central Region,06 to 10
PROMENADE PEAK,"1,859,300",656.6,"2,832",Aug-25,ZION PROMENADE,New Sale,Strata,61,"30,480",-,Condominium,1,99 yrs lease commencing from 2024,03,Rest of Central Region,06 to 10
PROMENADE PEAK,"1,859,300",656.6,"2,832",Aug-25,ZION PROMENADE,New Sale,Strata,61,"30,480",-,Condominium,1,99 yrs lease commencing from 2024,03,Rest of Central Region,06 to 10
PROMENADE PEAK,"2,162,100",764.24,"2,829",Aug-25,ZION PROMENADE,New Sale,Strata,71,"30,452",-,Condominium,1,99 yrs lease commencing from 2024,03,Rest of Central Region,06 to 10
PROMENADE PEAK,"1,454,500",527.44,"2,758",Aug-25,ZION PROMENADE,New Sale,Strata,49,"29,684",-,Condominium,1,99 yrs lease commencing from 2024,03,Rest of Central Region,06 to 10
PROMENADE PEAK,"1,454,500",527.44,"2,758",Aug-25,ZION PROMENADE,New Sale,Strata,49,"29,684",-,Condominium,1,99 yrs lease commencing from 2024,03,Rest of Central Region,06 to 10
PROMENADE PEAK,"2,244,400",796.54,"2,818",Aug-25,ZION PROMENADE,New Sale,Strata,74,"30,330",-,Condominium,1,99 yrs lease commencing from 2024,03,Rest of Central Region,06 to 10
PROMENADE PEAK,"1,908,500",688.9,"2,770",Aug-25,ZION PROMENADE,New Sale,Strata,64,"29,820",-,Condominium,1,99 yrs lease commencing from 2024,03,Rest of Central Region,11 to 15
PROMENADE PEAK,"1,865,900",656.6,"2,842",Aug-25,ZION PROMENADE,New Sale,Strata,61,"30,589",-,Condominium,1,99 yrs lease commencing from 2024,03,Rest of Central Region,11 to 15
PROMENADE PEAK,"2,169,800",764.24,"2,839",Aug-25,ZION PROMENADE,New Sale,Strata,71,"30,561",-,Condominium,1,99 yrs lease commencing from 2024,03,Rest of Central Region,11 to 15
PROMENADE PEAK,"2,253,900",796.54,"2,830",Aug-25,ZION PROMENADE,New Sale,Strata,74,"30,458",-,Condominium,1,99 yrs lease commencing from 2024,03,Rest of Central Region,11 to 15
PROMENADE PEAK,"1,924,200",678.13,"2,838",Aug-25,ZION PROMENADE,New Sale,Strata,63,"30,543",-,Condominium,1,99 yrs lease commencing from 2024,03,Rest of Central Region,11 to 15
PROMENADE PEAK,"2,882,100","1,033.34","2,789",Aug-25,ZION PROMENADE,New Sale,Strata,96,"30,022",-,Condominium,1,99 yrs lease commencing from 2024,03,Rest of Central Region,11 to 15
PROMENADE PEAK,"1,915,400",688.9,"2,780",Aug-25,ZION PROMENADE,New Sale,Strata,64,"29,928",-,Condominium,1,99 yrs lease commencing from 2024,03,Rest of Central Region,11 to 15
PROMENADE PEAK,"3,045,100","1,076.4","2,829",Aug-25,ZION PROMENADE,New Sale,Strata,100,"30,451",-,Condominium,1,99 yrs lease commencing from 2024,03,Rest of Central Region,11 to 15
PROMENADE PEAK,"1,872,500",656.6,"2,852",Aug-25,ZION PROMENADE,New Sale,Strata,61,"30,697",-,Condominium,1,99 yrs lease commencing from 2024,03,Rest of Central Region,11 to 15
PROMENADE PEAK,"1,465,100",527.44,"2,778",Aug-25,ZION PROMENADE,New Sale,Strata,49,"29,900",-,Condominium,1,99 yrs lease commencing from 2024,03,Rest of Central Region,11 to 15
PROMENADE PEAK,"2,261,100",796.54,"2,839",Aug-25,ZION PROMENADE,New Sale,Strata,74,"30,555",-,Condominium,1,99 yrs lease commencing from 2024,03,Rest of Central Region,11 to 15
PROMENADE PEAK,"1,930,300",678.13,"2,846",Aug-25,ZION PROMENADE,New Sale,Strata,63,"30,640",-,Condominium,1,99 yrs lease commencing from 2024,03,Rest of Central Region,11 to 15
PROMENADE PEAK,"1,887,600",667.37,"2,828",Aug-25,ZION PROMENADE,New Sale,Strata,62,"30,445",-,Condominium,1,99 yrs lease commencing from 2024,03,Rest of Central Region,11 to 15
PROMENADE PEAK,"2,892,400","1,033.34","2,799",Aug-25,ZION PROMENADE,New Sale,Strata,96,"30,129",-,Condominium,1,99 yrs lease commencing from 2024,03,Rest of Central Region,11 to 15
PROMENADE PEAK,"1,879,000",656.6,"2,862",Aug-25,ZION PROMENADE,New Sale,Strata,61,"30,803",-,Condominium,1,99 yrs lease commencing from 2024,03,Rest of Central Region,11 to 15
PROMENADE PEAK,"1,470,300",527.44,"2,788",Aug-25,ZION PROMENADE,New Sale,Strata,49,"30,006",-,Condominium,1,99 yrs lease commencing from 2024,03,Rest of Central Region,11 to 15
PROMENADE PEAK,"1,936,400",678.13,"2,855",Aug-25,ZION PROMENADE,New Sale,Strata,63,"30,737",-,Condominium,1,99 yrs lease commencing from 2024,03,Rest of Central Region,11 to 15
PROMENADE PEAK,"1,894,300",667.37,"2,838",Aug-25,ZION PROMENADE,New Sale,Strata,62,"30,553",-,Condominium,1,99 yrs lease commencing from 2024,03,Rest of Central Region,11 to 15
PROMENADE PEAK,"2,902,700","1,033.34","2,809",Aug-25,ZION PROMENADE,New Sale,Strata,96,"30,236",-,Condominium,1,99 yrs lease commencing from 2024,03,Rest of Central Region,11 to 15
PROMENADE PEAK,"3,066,600","1,076.4","2,849",Aug-25,ZION PROMENADE,New Sale,Strata,100,"30,666",-,Condominium,1,99 yrs lease commencing from 2024,03,Rest of Central Region,11 to 15
PROMENADE PEAK,"1,885,600",656.6,"2,872",Aug-25,ZION PROMENADE,New Sale,Strata,61,"30,911",-,Condominium,1,99 yrs lease commencing from 2024,03,Rest of Central Region,11 to 15
PROMENADE PEAK,"1,885,600",656.6,"2,872",Aug-25,ZION PROMENADE,New Sale,Strata,61,"30,911",-,Condominium,1,99 yrs lease commencing from 2024,03,Rest of Central Region,11 to 15
PROMENADE PEAK,"1,475,600",527.44,"2,798",Aug-25,ZION PROMENADE,New Sale,Strata,49,"30,114",-,Condominium,1,99 yrs lease commencing from 2024,03,Rest of Central Region,11 to 15
PROMENADE PEAK,"1,942,500",678.13,"2,864",Aug-25,ZION PROMENADE,New Sale,Strata,63,"30,833",-,Condominium,1,99 yrs lease commencing from 2024,03,Rest of Central Region,11 to 15
PROMENADE PEAK,"1,901,000",667.37,"2,849",Aug-25,ZION PROMENADE,New Sale,Strata,62,"30,661",-,Condominium,1,99 yrs lease commencing from 2024,03,Rest of Central Region,11 to 15
PROMENADE PEAK,"1,892,200",656.6,"2,882",Aug-25,ZION PROMENADE,New Sale,Strata,61,"31,020",-,Condominium,1,99 yrs lease commencing from 2024,03,Rest of Central Region,11 to 15
PROMENADE PEAK,"1,892,200",656.6,"2,882",Aug-25,ZION PROMENADE,New Sale,Strata,61,"31,020",-,Condominium,1,99 yrs lease commencing from 2024,03,Rest of Central Region,11 to 15
PROMENADE PEAK,"1,480,900",527.44,"2,808",Aug-25,ZION PROMENADE,New Sale,Strata,49,"30,222",-,Condominium,1,99 yrs lease commencing from 2024,03,Rest of Central Region,11 to 15
PROMENADE PEAK,"2,282,600",796.54,"2,866",Aug-25,ZION PROMENADE,New Sale,Strata,74,"30,846",-,Condominium,1,99 yrs lease commencing from 2024,03,Rest of Central Region,11 to 15
PROMENADE PEAK,"1,948,600",678.13,"2,873",Aug-25,ZION PROMENADE,New Sale,Strata,63,"30,930",-,Condominium,1,99 yrs lease commencing from 2024,03,Rest of Central Region,11 to 15
PROMENADE PEAK,"1,907,600",667.37,"2,858",Aug-25,ZION PROMENADE,New Sale,Strata,62,"30,768",-,Condominium,1,99 yrs lease commencing from 2024,03,Rest of Central Region,11 to 15
PROMENADE PEAK,"2,923,400","1,033.34","2,829",Aug-25,ZION PROMENADE,New Sale,Strata,96,"30,452",-,Condominium,1,99 yrs lease commencing from 2024,03,Rest of Central Region,11 to 15
PROMENADE PEAK,"1,898,700",656.6,"2,892",Aug-25,ZION PROMENADE,New Sale,Strata,61,"31,126",-,Condominium,1,99 yrs lease commencing from 2024,03,Rest of Central Region,16 to 20
PROMENADE PEAK,"2,933,700","1,033.34","2,839",Aug-25,ZION PROMENADE,New Sale,Strata,96,"30,559",-,Condominium,1,99 yrs lease commencing from 2024,03,Rest of Central Region,16 to 20
PROMENADE PEAK,"3,098,900","1,076.4","2,879",Aug-25,ZION PROMENADE,New Sale,Strata,100,"30,989",-,Condominium,1,99 yrs lease commencing from 2024,03,Rest of Central Region,16 to 20
PROMENADE PEAK,"1,905,300",656.6,"2,902",Aug-25,ZION PROMENADE,New Sale,Strata,61,"31,234",-,Condominium,1,99 yrs lease commencing from 2024,03,Rest of Central Region,16 to 20
PROMENADE PEAK,"1,905,300",656.6,"2,902",Aug-25,ZION PROMENADE,New Sale,Strata,61,"31,234",-,Condominium,1,99 yrs lease commencing from 2024,03,Rest of Central Region,16 to 20
PROMENADE PEAK,"1,491,400",527.44,"2,828",Aug-25,ZION PROMENADE,New Sale,Strata,49,"30,437",-,Condominium,1,99 yrs lease commencing from 2024,03,Rest of Central Region,16 to 20
PROMENADE PEAK,"1,960,800",678.13,"2,891",Aug-25,ZION PROMENADE,New Sale,Strata,63,"31,124",-,Condominium,1,99 yrs lease commencing from 2024,03,Rest of Central Region,16 to 20
PROMENADE PEAK,"1,921,000",667.37,"2,878",Aug-25,ZION PROMENADE,New Sale,Strata,62,"30,984",-,Condominium,1,99 yrs lease commencing from 2024,03,Rest of Central Region,16 to 20
PROMENADE PEAK,"2,944,100","1,033.34","2,849",Aug-25,ZION PROMENADE,New Sale,Strata,96,"30,668",-,Condominium,1,99 yrs lease commencing from 2024,03,Rest of Central Region,16 to 20
PROMENADE PEAK,"1,960,200",688.9,"2,845",Aug-25,ZION PROMENADE,New Sale,Strata,64,"30,628",-,Condominium,1,99 yrs lease commencing from 2024,03,Rest of Central Region,16 to 20
PROMENADE PEAK,"3,115,000","1,076.4","2,894",Aug-25,ZION PROMENADE,New Sale,Strata,100,"31,150",-,Condominium,1,99 yrs lease commencing from 2024,03,Rest of Central Region,16 to 20
PROMENADE PEAK,"1,915,200",656.6,"2,917",Aug-25,ZION PROMENADE,New Sale,Strata,61,"31,397",-,Condominium,1,99 yrs lease commencing from 2024,03,Rest of Central Region,16 to 20
PROMENADE PEAK,"2,227,100",764.24,"2,914",Aug-25,ZION PROMENADE,New Sale,Strata,71,"31,368",-,Condominium,1,99 yrs lease commencing from 2024,03,Rest of Central Region,16 to 20
PROMENADE PEAK,"2,307,700",796.54,"2,897",Aug-25,ZION PROMENADE,New Sale,Strata,74,"31,185",-,Condominium,1,99 yrs lease commencing from 2024,03,Rest of Central Region,16 to 20
PROMENADE PEAK,"1,969,900",678.13,"2,905",Aug-25,ZION PROMENADE,New Sale,Strata,63,"31,268",-,Condominium,1,99 yrs lease commencing from 2024,03,Rest of Central Region,16 to 20
PROMENADE PEAK,"3,120,400","1,076.4","2,899",Aug-25,ZION PROMENADE,New Sale,Strata,100,"31,204",-,Condominium,1,99 yrs lease commencing from 2024,03,Rest of Central Region,16 to 20
PROMENADE PEAK,"1,918,400",656.6,"2,922",Aug-25,ZION PROMENADE,New Sale,Strata,61,"31,449",-,Condominium,1,99 yrs lease commencing from 2024,03,Rest of Central Region,16 to 20
PROMENADE PEAK,"1,918,400",656.6,"2,922",Aug-25,ZION PROMENADE,New Sale,Strata,61,"31,449",-,Condominium,1,99 yrs lease commencing from 2024,03,Rest of Central Region,16 to 20
PROMENADE PEAK,"1,973,000",678.13,"2,909",Aug-25,ZION PROMENADE,New Sale,Strata,63,"31,317",-,Condominium,1,99 yrs lease commencing from 2024,03,Rest of Central Region,16 to 20
PROMENADE PEAK,"1,934,300",667.37,"2,898",Aug-25,ZION PROMENADE,New Sale,Strata,62,"31,198",-,Condominium,1,99 yrs lease commencing from 2024,03,Rest of Central Region,16 to 20
PROMENADE PEAK,"2,964,700","1,033.34","2,869",Aug-25,ZION PROMENADE,New Sale,Strata,96,"30,882",-,Condominium,1,99 yrs lease commencing from 2024,03,Rest of Central Region,16 to 20
PROMENADE PEAK,"1,925,000",656.6,"2,932",Aug-25,ZION PROMENADE,New Sale,Strata,61,"31,557",-,Condominium,1,99 yrs lease commencing from 2024,03,Rest of Central Region,16 to 20
PROMENADE PEAK,"1,925,000",656.6,"2,932",Aug-25,ZION PROMENADE,New Sale,Strata,61,"31,557",-,Condominium,1,99 yrs lease commencing from 2024,03,Rest of Central Region,16 to 20
PROMENADE PEAK,"2,318,500",796.54,"2,911",Aug-25,ZION PROMENADE,New Sale,Strata,74,"31,331",-,Condominium,1,99 yrs lease commencing from 2024,03,Rest of Central Region,16 to 20
PROMENADE PEAK,"1,941,000",667.37,"2,908",Aug-25,ZION PROMENADE,New Sale,Strata,62,"31,306",-,Condominium,1,99 yrs lease commencing from 2024,03,Rest of Central Region,16 to 20
PROMENADE PEAK,"3,141,900","1,076.4","2,919",Aug-25,ZION PROMENADE,New Sale,Strata,100,"31,419",-,Condominium,1,99 yrs lease commencing from 2024,03,Rest of Central Region,21 to 25
PROMENADE PEAK,"1,931,600",656.6,"2,942",Aug-25,ZION PROMENADE,New Sale,Strata,61,"31,666",-,Condominium,1,99 yrs lease commencing from 2024,03,Rest of Central Region,21 to 25
PROMENADE PEAK,"1,931,600",656.6,"2,942",Aug-25,ZION PROMENADE,New Sale,Strata,61,"31,666",-,Condominium,1,99 yrs lease commencing from 2024,03,Rest of Central Region,21 to 25
PROMENADE PEAK,"1,512,500",527.44,"2,868",Aug-25,ZION PROMENADE,New Sale,Strata,49,"30,867",-,Condominium,1,99 yrs lease commencing from 2024,03,Rest of Central Region,21 to 25
PROMENADE PEAK,"2,325,600",796.54,"2,920",Aug-25,ZION PROMENADE,New Sale,Strata,74,"31,427",-,Condominium,1,99 yrs lease commencing from 2024,03,Rest of Central Region,21 to 25
PROMENADE PEAK,"1,947,600",667.37,"2,918",Aug-25,ZION PROMENADE,New Sale,Strata,62,"31,413",-,Condominium,1,99 yrs lease commencing from 2024,03,Rest of Central Region,21 to 25
PROMENADE PEAK,"3,158,100","1,076.4","2,934",Aug-25,ZION PROMENADE,New Sale,Strata,100,"31,581",-,Condominium,1,99 yrs lease commencing from 2024,03,Rest of Central Region,21 to 25
PROMENADE PEAK,"1,941,400",656.6,"2,957",Aug-25,ZION PROMENADE,New Sale,Strata,61,"31,826",-,Condominium,1,99 yrs lease commencing from 2024,03,Rest of Central Region,21 to 25
PROMENADE PEAK,"1,941,400",656.6,"2,957",Aug-25,ZION PROMENADE,New Sale,Strata,61,"31,826",-,Condominium,1,99 yrs lease commencing from 2024,03,Rest of Central Region,21 to 25
PROMENADE PEAK,"2,257,600",764.24,"2,954",Aug-25,ZION PROMENADE,New Sale,Strata,71,"31,797",-,Condominium,1,99 yrs lease commencing from 2024,03,Rest of Central Region,21 to 25
PROMENADE PEAK,"3,167,700","1,076.4","2,943",Aug-25,ZION PROMENADE,New Sale,Strata,100,"31,677",-,Condominium,1,99 yrs lease commencing from 2024,03,Rest of Central Region,21 to 25
PROMENADE PEAK,"1,947,300",656.6,"2,966",Aug-25,ZION PROMENADE,New Sale,Strata,61,"31,923",-,Condominium,1,99 yrs lease commencing from 2024,03,Rest of Central Region,21 to 25
PROMENADE PEAK,"1,947,300",656.6,"2,966",Aug-25,ZION PROMENADE,New Sale,Strata,61,"31,923",-,Condominium,1,99 yrs lease commencing from 2024,03,Rest of Central Region,21 to 25
PROMENADE PEAK,"1,963,600",667.37,"2,942",Aug-25,ZION PROMENADE,New Sale,Strata,62,"31,671",-,Condominium,1,99 yrs lease commencing from 2024,03,Rest of Central Region,21 to 25
PROMENADE PEAK,"2,000,200",688.9,"2,903",Aug-25,ZION PROMENADE,New Sale,Strata,64,"31,253",-,Condominium,1,99 yrs lease commencing from 2024,03,Rest of Central Region,21 to 25
PROMENADE PEAK,"3,177,400","1,076.4","2,952",Aug-25,ZION PROMENADE,New Sale,Strata,100,"31,774",-,Condominium,1,99 yrs lease commencing from 2024,03,Rest of Central Region,21 to 25
PROMENADE PEAK,"1,953,300",656.6,"2,975",Aug-25,ZION PROMENADE,New Sale,Strata,61,"32,021",-,Condominium,1,99 yrs lease commencing from 2024,03,Rest of Central Region,21 to 25
PROMENADE PEAK,"1,953,300",656.6,"2,975",Aug-25,ZION PROMENADE,New Sale,Strata,61,"32,021",-,Condominium,1,99 yrs lease commencing from 2024,03,Rest of Central Region,21 to 25
PROMENADE PEAK,"1,529,900",527.44,"2,901",Aug-25,ZION PROMENADE,New Sale,Strata,49,"31,222",-,Condominium,1,99 yrs lease commencing from 2024,03,Rest of Central Region,21 to 25
PROMENADE PEAK,"2,350,400",796.54,"2,951",Aug-25,ZION PROMENADE,New Sale,Strata,74,"31,762",-,Condominium,1,99 yrs lease commencing from 2024,03,Rest of Central Region,21 to 25
PROMENADE PEAK,"1,969,700",667.37,"2,951",Aug-25,ZION PROMENADE,New Sale,Strata,62,"31,769",-,Condominium,1,99 yrs lease commencing from 2024,03,Rest of Central Region,21 to 25
PROMENADE PEAK,"3,019,500","1,033.34","2,922",Aug-25,ZION PROMENADE,New Sale,Strata,96,"31,453",-,Condominium,1,99 yrs lease commencing from 2024,03,Rest of Central Region,21 to 25
PROMENADE PEAK,"1,959,200",656.6,"2,984",Aug-25,ZION PROMENADE,New Sale,Strata,61,"32,118",-,Condominium,1,99 yrs lease commencing from 2024,03,Rest of Central Region,26 to 30
PROMENADE PEAK,"1,959,200",656.6,"2,984",Aug-25,ZION PROMENADE,New Sale,Strata,61,"32,118",-,Condominium,1,99 yrs lease commencing from 2024,03,Rest of Central Region,26 to 30
PROMENADE PEAK,"1,975,700",667.37,"2,960",Aug-25,ZION PROMENADE,New Sale,Strata,62,"31,866",-,Condominium,1,99 yrs lease commencing from 2024,03,Rest of Central Region,26 to 30
PROMENADE PEAK,"3,196,800","1,076.4","2,970",Aug-25,ZION PROMENADE,New Sale,Strata,100,"31,968",-,Condominium,1,99 yrs lease commencing from 2024,03,Rest of Central Region,26 to 30
PROMENADE PEAK,"1,965,100",656.6,"2,993",Aug-25,ZION PROMENADE,New Sale,Strata,61,"32,215",-,Condominium,1,99 yrs lease commencing from 2024,03,Rest of Central Region,26 to 30
PROMENADE PEAK,"1,965,100",656.6,"2,993",Aug-25,ZION PROMENADE,New Sale,Strata,61,"32,215",-,Condominium,1,99 yrs lease commencing from 2024,03,Rest of Central Region,26 to 30
PROMENADE PEAK,"2,285,100",764.24,"2,990",Aug-25,ZION PROMENADE,New Sale,Strata,71,"32,185",-,Condominium,1,99 yrs lease commencing from 2024,03,Rest of Central Region,26 to 30
PROMENADE PEAK,"2,017,100",678.13,"2,974",Aug-25,ZION PROMENADE,New Sale,Strata,63,"32,017",-,Condominium,1,99 yrs lease commencing from 2024,03,Rest of Central Region,26 to 30
PROMENADE PEAK,"1,981,700",667.37,"2,969",Aug-25,ZION PROMENADE,New Sale,Strata,62,"31,963",-,Condominium,1,99 yrs lease commencing from 2024,03,Rest of Central Region,26 to 30
PROMENADE PEAK,"2,021,900",688.9,"2,935",Aug-25,ZION PROMENADE,New Sale,Strata,64,"31,592",-,Condominium,1,99 yrs lease commencing from 2024,03,Rest of Central Region,26 to 30
PROMENADE PEAK,"1,974,000",656.6,"3,006",Aug-25,ZION PROMENADE,New Sale,Strata,61,"32,361",-,Condominium,1,99 yrs lease commencing from 2024,03,Rest of Central Region,26 to 30
PROMENADE PEAK,"2,295,400",764.24,"3,003",Aug-25,ZION PROMENADE,New Sale,Strata,71,"32,330",-,Condominium,1,99 yrs lease commencing from 2024,03,Rest of Central Region,26 to 30
PROMENADE PEAK,"2,372,700",796.54,"2,979",Aug-25,ZION PROMENADE,New Sale,Strata,74,"32,064",-,Condominium,1,99 yrs lease commencing from 2024,03,Rest of Central Region,26 to 30
PROMENADE PEAK,"2,025,200",678.13,"2,986",Aug-25,ZION PROMENADE,New Sale,Strata,63,"32,146",-,Condominium,1,99 yrs lease commencing from 2024,03,Rest of Central Region,26 to 30
PROMENADE PEAK,"1,976,900",656.6,"3,011",Aug-25,ZION PROMENADE,New Sale,Strata,61,"32,408",-,Condominium,1,99 yrs lease commencing from 2024,03,Rest of Central Region,26 to 30
PROMENADE PEAK,"3,225,800","1,076.4","2,997",Aug-25,ZION PROMENADE,New Sale,Strata,100,"32,258",-,Condominium,1,99 yrs lease commencing from 2024,03,Rest of Central Region,26 to 30
PROMENADE PEAK,"1,982,800",656.6,"3,020",Aug-25,ZION PROMENADE,New Sale,Strata,61,"32,505",-,Condominium,1,99 yrs lease commencing from 2024,03,Rest of Central Region,26 to 30
PROMENADE PEAK,"3,235,500","1,076.4","3,006",Aug-25,ZION PROMENADE,New Sale,Strata,100,"32,355",-,Condominium,1,99 yrs lease commencing from 2024,03,Rest of Central Region,31 to 35
PROMENADE PEAK,"1,988,700",656.6,"3,029",Aug-25,ZION PROMENADE,New Sale,Strata,61,"32,602",-,Condominium,1,99 yrs lease commencing from 2024,03,Rest of Central Region,31 to 35
PROMENADE PEAK,"1,988,700",656.6,"3,029",Aug-25,ZION PROMENADE,New Sale,Strata,61,"32,602",-,Condominium,1,99 yrs lease commencing from 2024,03,Rest of Central Region,31 to 35
PROMENADE PEAK,"2,005,700",667.37,"3,005",Aug-25,ZION PROMENADE,New Sale,Strata,62,"32,350",-,Condominium,1,99 yrs lease commencing from 2024,03,Rest of Central Region,31 to 35
PROMENADE PEAK,"3,245,200","1,076.4","3,015",Aug-25,ZION PROMENADE,New Sale,Strata,100,"32,452",-,Condominium,1,99 yrs lease commencing from 2024,03,Rest of Central Region,31 to 35
PROMENADE PEAK,"1,994,700",656.6,"3,038",Aug-25,ZION PROMENADE,New Sale,Strata,61,"32,700",-,Condominium,1,99 yrs lease commencing from 2024,03,Rest of Central Region,31 to 35
PROMENADE PEAK,"1,994,700",656.6,"3,038",Aug-25,ZION PROMENADE,New Sale,Strata,61,"32,700",-,Condominium,1,99 yrs lease commencing from 2024,03,Rest of Central Region,31 to 35
PROMENADE PEAK,"2,044,200",678.13,"3,014",Aug-25,ZION PROMENADE,New Sale,Strata,63,"32,448",-,Condominium,1,99 yrs lease commencing from 2024,03,Rest of Central Region,31 to 35
PROMENADE PEAK,"3,254,900","1,076.4","3,024",Aug-25,ZION PROMENADE,New Sale,Strata,100,"32,549",-,Condominium,1,99 yrs lease commencing from 2024,03,Rest of Central Region,31 to 35
PROMENADE PEAK,"2,000,600",656.6,"3,047",Aug-25,ZION PROMENADE,New Sale,Strata,61,"32,797",-,Condominium,1,99 yrs lease commencing from 2024,03,Rest of Central Region,31 to 35
PROMENADE PEAK,"2,000,600",656.6,"3,047",Aug-25,ZION PROMENADE,New Sale,Strata,61,"32,797",-,Condominium,1,99 yrs lease commencing from 2024,03,Rest of Central Region,31 to 35
PROMENADE PEAK,"3,264,600","1,076.4","3,033",Aug-25,ZION PROMENADE,New Sale,Strata,100,"32,646",-,Condominium,1,99 yrs lease commencing from 2024,03,Rest of Central Region,31 to 35
PROMENADE PEAK,"2,006,500",656.6,"3,056",Aug-25,ZION PROMENADE,New Sale,Strata,61,"32,893",-,Condominium,1,99 yrs lease commencing from 2024,03,Rest of Central Region,31 to 35
PROMENADE PEAK,"2,006,500",656.6,"3,056",Aug-25,ZION PROMENADE,New Sale,Strata,61,"32,893",-,Condominium,1,99 yrs lease commencing from 2024,03,Rest of Central Region,31 to 35
PROMENADE PEAK,"3,274,300","1,076.4","3,042",Aug-25,ZION PROMENADE,New Sale,Strata,100,"32,743",-,Condominium,1,99 yrs lease commencing from 2024,03,Rest of Central Region,31 to 35
PROMENADE PEAK,"2,012,400",656.6,"3,065",Aug-25,ZION PROMENADE,New Sale,Strata,61,"32,990",-,Condominium,1,99 yrs lease commencing from 2024,03,Rest of Central Region,31 to 35
PROMENADE PEAK,"2,012,400",656.6,"3,065",Aug-25,ZION PROMENADE,New Sale,Strata,61,"32,990",-,Condominium,1,99 yrs lease commencing from 2024,03,Rest of Central Region,31 to 35
PROMENADE PEAK,"3,284,000","1,076.4","3,051",Aug-25,ZION PROMENADE,New Sale,Strata,100,"32,840",-,Condominium,1,99 yrs lease commencing from 2024,03,Rest of Central Region,36 to 40
PROMENADE PEAK,"2,018,300",656.6,"3,074",Aug-25,ZION PROMENADE,New Sale,Strata,61,"33,087",-,Condominium,1,99 yrs lease commencing from 2024,03,Rest of Central Region,36 to 40
PROMENADE PEAK,"2,018,300",656.6,"3,074",Aug-25,ZION PROMENADE,New Sale,Strata,61,"33,087",-,Condominium,1,99 yrs lease commencing from 2024,03,Rest of Central Region,36 to 40
PROMENADE PEAK,"2,414,600",785.77,"3,073",Aug-25,ZION PROMENADE,New Sale,Strata,73,"33,077",-,Condominium,1,99 yrs lease commencing from 2024,03,Rest of Central Region,36 to 40
PROMENADE PEAK,"2,420,500",796.54,"3,039",Aug-25,ZION PROMENADE,New Sale,Strata,74,"32,709",-,Condominium,1,99 yrs lease commencing from 2024,03,Rest of Central Region,36 to 40
PROMENADE PEAK,"3,293,600","1,076.4","3,060",Aug-25,ZION PROMENADE,New Sale,Strata,100,"32,936",-,Condominium,1,99 yrs lease commencing from 2024,03,Rest of Central Region,36 to 40
PROMENADE PEAK,"2,024,200",656.6,"3,083",Aug-25,ZION PROMENADE,New Sale,Strata,61,"33,184",-,Condominium,1,99 yrs lease commencing from 2024,03,Rest of Central Region,36 to 40
PROMENADE PEAK,"2,024,200",656.6,"3,083",Aug-25,ZION PROMENADE,New Sale,Strata,61,"33,184",-,Condominium,1,99 yrs lease commencing from 2024,03,Rest of Central Region,36 to 40
PROMENADE PEAK,"2,353,900",764.24,"3,080",Aug-25,ZION PROMENADE,New Sale,Strata,71,"33,154",-,Condominium,1,99 yrs lease commencing from 2024,03,Rest of Central Region,36 to 40
PROMENADE PEAK,"2,432,300",785.77,"3,095",Aug-25,ZION PROMENADE,New Sale,Strata,73,"33,319",-,Condominium,1,99 yrs lease commencing from 2024,03,Rest of Central Region,36 to 40
PROMENADE PEAK,"2,036,000",656.6,"3,101",Aug-25,ZION PROMENADE,New Sale,Strata,61,"33,377",-,Condominium,1,99 yrs lease commencing from 2024,03,Rest of Central Region,36 to 40
PROMENADE PEAK,"1,596,300",527.44,"3,027",Aug-25,ZION PROMENADE,New Sale,Strata,49,"32,578",-,Condominium,1,99 yrs lease commencing from 2024,03,Rest of Central Region,36 to 40
PROMENADE PEAK,"2,435,800",785.77,"3,100",Aug-25,ZION PROMENADE,New Sale,Strata,73,"33,367",-,Condominium,1,99 yrs lease commencing from 2024,03,Rest of Central Region,36 to 40
PROMENADE PEAK,"2,082,100",678.13,"3,070",Aug-25,ZION PROMENADE,New Sale,Strata,63,"33,049",-,Condominium,1,99 yrs lease commencing from 2024,03,Rest of Central Region,36 to 40
PROMENADE PEAK,"3,149,600","1,033.34","3,048",Aug-25,ZION PROMENADE,New Sale,Strata,96,"32,808",-,Condominium,1,99 yrs lease commencing from 2024,03,Rest of Central Region,36 to 40
PROMENADE PEAK,"3,322,700","1,076.4","3,087",Aug-25,ZION PROMENADE,New Sale,Strata,100,"33,227",-,Condominium,1,99 yrs lease commencing from 2024,03,Rest of Central Region,36 to 40
PROMENADE PEAK,"2,047,900",656.6,"3,119",Aug-25,ZION PROMENADE,New Sale,Strata,61,"33,572",-,Condominium,1,99 yrs lease commencing from 2024,03,Rest of Central Region,41 to 45
PROMENADE PEAK,"2,065,700",667.37,"3,095",Aug-25,ZION PROMENADE,New Sale,Strata,62,"33,318",-,Condominium,1,99 yrs lease commencing from 2024,03,Rest of Central Region,41 to 45
PROMENADE PEAK,"3,342,100","1,076.4","3,105",Aug-25,ZION PROMENADE,New Sale,Strata,100,"33,421",-,Condominium,1,99 yrs lease commencing from 2024,03,Rest of Central Region,41 to 45
PROMENADE PEAK,"2,053,800",656.6,"3,128",Aug-25,ZION PROMENADE,New Sale,Strata,61,"33,669",-,Condominium,1,99 yrs lease commencing from 2024,03,Rest of Central Region,41 to 45
PROMENADE PEAK,"1,610,500",527.44,"3,053",Aug-25,ZION PROMENADE,New Sale,Strata,49,"32,867",-,Condominium,1,99 yrs lease commencing from 2024,03,Rest of Central Region,41 to 45
PROMENADE PEAK,"3,979,400","1,194.8","3,331",Aug-25,ZION PROMENADE,New Sale,Strata,111,"35,850",-,Condominium,1,99 yrs lease commencing from 2024,03,Rest of Central Region,51 to 55
PROMENADE PEAK,"4,821,500","1,420.85","3,393",Aug-25,ZION PROMENADE,New Sale,Strata,132,"36,527",-,Condominium,1,99 yrs lease commencing from 2024,03,Rest of Central Region,51 to 55
PROMENADE PEAK,"5,488,000","1,582.31","3,468",Aug-25,ZION PROMENADE,New Sale,Strata,147,"37,333",-,Condominium,1,99 yrs lease commencing from 2024,03,Rest of Central Region,56 to 60
PROMENADE PEAK,"5,518,800","1,582.31","3,488",Aug-25,ZION PROMENADE,New Sale,Strata,147,"37,543",-,Condominium,1,99 yrs lease commencing from 2024,03,Rest of Central Region,56 to 60
PROMENADE PEAK,"1,813,300",656.6,"2,762",Aug-25,ZION PROMENADE,New Sale,Strata,61,"29,726",-,Condominium,1,99 yrs lease commencing from 2024,03,Rest of Central Region,01 to 05
PROMENADE PEAK,"1,840,900",667.37,"2,758",Aug-25,ZION PROMENADE,New Sale,Strata,62,"29,692",-,Condominium,1,99 yrs lease commencing from 2024,03,Rest of Central Region,01 to 05
PROMENADE PEAK,"1,847,600",667.37,"2,768",Aug-25,ZION PROMENADE,New Sale,Strata,62,"29,800",-,Condominium,1,99 yrs lease commencing from 2024,03,Rest of Central Region,06 to 10
PROMENADE PEAK,"1,438,700",527.44,"2,728",Aug-25,ZION PROMENADE,New Sale,Strata,49,"29,361",-,Condominium,1,99 yrs lease commencing from 2024,03,Rest of Central Region,06 to 10
PROMENADE PEAK,"1,854,300",667.37,"2,779",Aug-25,ZION PROMENADE,New Sale,Strata,62,"29,908",-,Condominium,1,99 yrs lease commencing from 2024,03,Rest of Central Region,06 to 10
PROMENADE PEAK,"1,849,500",656.6,"2,817",Aug-25,ZION PROMENADE,New Sale,Strata,61,"30,320",-,Condominium,1,99 yrs lease commencing from 2024,03,Rest of Central Region,06 to 10
PROMENADE PEAK,"1,849,500",656.6,"2,817",Aug-25,ZION PROMENADE,New Sale,Strata,61,"30,320",-,Condominium,1,99 yrs lease commencing from 2024,03,Rest of Central Region,06 to 10
PROMENADE PEAK,"2,150,700",764.24,"2,814",Aug-25,ZION PROMENADE,New Sale,Strata,71,"30,292",-,Condominium,1,99 yrs lease commencing from 2024,03,Rest of Central Region,06 to 10
PROMENADE PEAK,"3,012,800","1,076.4","2,799",Aug-25,ZION PROMENADE,New Sale,Strata,100,"30,128",-,Condominium,1,99 yrs lease commencing from 2024,03,Rest of Central Region,06 to 10
PROMENADE PEAK,"2,234,800",796.54,"2,806",Aug-25,ZION PROMENADE,New Sale,Strata,74,"30,200",-,Condominium,1,99 yrs lease commencing from 2024,03,Rest of Central Region,06 to 10
PROMENADE PEAK,"3,023,600","1,076.4","2,809",Aug-25,ZION PROMENADE,New Sale,Strata,100,"30,236",-,Condominium,1,99 yrs lease commencing from 2024,03,Rest of Central Region,06 to 10
PROMENADE PEAK,"1,874,300",667.37,"2,808",Aug-25,ZION PROMENADE,New Sale,Strata,62,"30,231",-,Condominium,1,99 yrs lease commencing from 2024,03,Rest of Central Region,06 to 10
PROMENADE PEAK,"3,034,300","1,076.4","2,819",Aug-25,ZION PROMENADE,New Sale,Strata,100,"30,343",-,Condominium,1,99 yrs lease commencing from 2024,03,Rest of Central Region,11 to 15
PROMENADE PEAK,"1,865,900",656.6,"2,842",Aug-25,ZION PROMENADE,New Sale,Strata,61,"30,589",-,Condominium,1,99 yrs lease commencing from 2024,03,Rest of Central Region,11 to 15
PROMENADE PEAK,"1,872,500",656.6,"2,852",Aug-25,ZION PROMENADE,New Sale,Strata,61,"30,697",-,Condominium,1,99 yrs lease commencing from 2024,03,Rest of Central Region,11 to 15
PROMENADE PEAK,"2,177,400",764.24,"2,849",Aug-25,ZION PROMENADE,New Sale,Strata,71,"30,668",-,Condominium,1,99 yrs lease commencing from 2024,03,Rest of Central Region,11 to 15
PROMENADE PEAK,"3,055,800","1,076.4","2,839",Aug-25,ZION PROMENADE,New Sale,Strata,100,"30,558",-,Condominium,1,99 yrs lease commencing from 2024,03,Rest of Central Region,11 to 15
PROMENADE PEAK,"3,088,100","1,076.4","2,869",Aug-25,ZION PROMENADE,New Sale,Strata,100,"30,881",-,Condominium,1,99 yrs lease commencing from 2024,03,Rest of Central Region,16 to 20
PROMENADE PEAK,"1,898,700",656.6,"2,892",Aug-25,ZION PROMENADE,New Sale,Strata,61,"31,126",-,Condominium,1,99 yrs lease commencing from 2024,03,Rest of Central Region,16 to 20
PROMENADE PEAK,"1,499,300",527.44,"2,843",Aug-25,ZION PROMENADE,New Sale,Strata,49,"30,598",-,Condominium,1,99 yrs lease commencing from 2024,03,Rest of Central Region,16 to 20
PROMENADE PEAK,"1,931,000",667.37,"2,893",Aug-25,ZION PROMENADE,New Sale,Strata,62,"31,145",-,Condominium,1,99 yrs lease commencing from 2024,03,Rest of Central Region,16 to 20
PROMENADE PEAK,"2,959,500","1,033.34","2,864",Aug-25,ZION PROMENADE,New Sale,Strata,96,"30,828",-,Condominium,1,99 yrs lease commencing from 2024,03,Rest of Central Region,16 to 20
PROMENADE PEAK,"3,131,200","1,076.4","2,909",Aug-25,ZION PROMENADE,New Sale,Strata,100,"31,312",-,Condominium,1,99 yrs lease commencing from 2024,03,Rest of Central Region,16 to 20
PROMENADE PEAK,"3,187,100","1,076.4","2,961",Aug-25,ZION PROMENADE,New Sale,Strata,100,"31,871",-,Condominium,1,99 yrs lease commencing from 2024,03,Rest of Central Region,26 to 30
PROMENADE PEAK,"3,211,300","1,076.4","2,983",Aug-25,ZION PROMENADE,New Sale,Strata,100,"32,113",-,Condominium,1,99 yrs lease commencing from 2024,03,Rest of Central Region,26 to 30
PROMENADE PEAK,"1,974,000",656.6,"3,006",Aug-25,ZION PROMENADE,New Sale,Strata,61,"32,361",-,Condominium,1,99 yrs lease commencing from 2024,03,Rest of Central Region,26 to 30
PROMENADE PEAK,"1,976,900",656.6,"3,011",Aug-25,ZION PROMENADE,New Sale,Strata,61,"32,408",-,Condominium,1,99 yrs lease commencing from 2024,03,Rest of Central Region,26 to 30
PROMENADE PEAK,"1,982,800",656.6,"3,020",Aug-25,ZION PROMENADE,New Sale,Strata,61,"32,505",-,Condominium,1,99 yrs lease commencing from 2024,03,Rest of Central Region,26 to 30
PROMENADE PEAK,"3,308,200","1,076.4","3,073",Aug-25,ZION PROMENADE,New Sale,Strata,100,"33,082",-,Condominium,1,99 yrs lease commencing from 2024,03,Rest of Central Region,36 to 40
PROMENADE PEAK,"2,364,200",764.24,"3,094",Aug-25,ZION PROMENADE,New Sale,Strata,71,"33,299",-,Condominium,1,99 yrs lease commencing from 2024,03,Rest of Central Region,36 to 40
PROMENADE PEAK,"3,313,000","1,076.4","3,078",Aug-25,ZION PROMENADE,New Sale,Strata,100,"33,130",-,Condominium,1,99 yrs lease commencing from 2024,03,Rest of Central Region,36 to 40
PROMENADE PEAK,"2,036,000",656.6,"3,101",Aug-25,ZION PROMENADE,New Sale,Strata,61,"33,377",-,Condominium,1,99 yrs lease commencing from 2024,03,Rest of Central Region,36 to 40
PROMENADE PEAK,"2,042,000",656.6,"3,110",Aug-25,ZION PROMENADE,New Sale,Strata,61,"33,475",-,Condominium,1,99 yrs lease commencing from 2024,03,Rest of Central Region,36 to 40
PROMENADE PEAK,"2,388,750",785.77,"3,040",Aug-25,ZION PROMENADE,New Sale,Strata,73,"32,723",-,Condominium,1,99 yrs lease commencing from 2024,03,Rest of Central Region,41 to 45
PROMENADE PEAK,"3,824,000","1,194.8","3,201",Aug-25,ZION PROMENADE,New Sale,Strata,111,"34,450",-,Condominium,1,99 yrs lease commencing from 2024,03,Rest of Central Region,41 to 45
PROMENADE PEAK,"4,618,300","1,420.85","3,250",Aug-25,ZION PROMENADE,New Sale,Strata,132,"34,987",-,Condominium,1,99 yrs lease commencing from 2024,03,Rest of Central Region,41 to 45
PROMENADE PEAK,"3,663,500","1,162.51","3,151",Aug-25,ZION PROMENADE,New Sale,Strata,108,"33,921",-,Condominium,1,99 yrs lease commencing from 2024,03,Rest of Central Region,41 to 45
PROMENADE PEAK,"3,839,500","1,194.8","3,213",Aug-25,ZION PROMENADE,New Sale,Strata,111,"34,590",-,Condominium,1,99 yrs lease commencing from 2024,03,Rest of Central Region,41 to 45
PROMENADE PEAK,"4,636,700","1,420.85","3,263",Aug-25,ZION PROMENADE,New Sale,Strata,132,"35,127",-,Condominium,1,99 yrs lease commencing from 2024,03,Rest of Central Region,41 to 45
PROMENADE PEAK,"3,678,600","1,162.51","3,164",Aug-25,ZION PROMENADE,New Sale,Strata,108,"34,061",-,Condominium,1,99 yrs lease commencing from 2024,03,Rest of Central Region,41 to 45
PROMENADE PEAK,"3,855,100","1,194.8","3,227",Aug-25,ZION PROMENADE,New Sale,Strata,111,"34,731",-,Condominium,1,99 yrs lease commencing from 2024,03,Rest of Central Region,46 to 50
PROMENADE PEAK,"4,655,200","1,420.85","3,276",Aug-25,ZION PROMENADE,New Sale,Strata,132,"35,267",-,Condominium,1,99 yrs lease commencing from 2024,03,Rest of Central Region,46 to 50
PROMENADE PEAK,"3,693,700","1,162.51","3,177",Aug-25,ZION PROMENADE,New Sale,Strata,108,"34,201",-,Condominium,1,99 yrs lease commencing from 2024,03,Rest of Central Region,46 to 50
PROMENADE PEAK,"3,870,600","1,194.8","3,240",Aug-25,ZION PROMENADE,New Sale,Strata,111,"34,870",-,Condominium,1,99 yrs lease commencing from 2024,03,Rest of Central Region,46 to 50
PROMENADE PEAK,"3,893,900","1,194.8","3,259",Aug-25,ZION PROMENADE,New Sale,Strata,111,"35,080",-,Condominium,1,99 yrs lease commencing from 2024,03,Rest of Central Region,46 to 50
PROMENADE PEAK,"4,701,400","1,420.85","3,309",Aug-25,ZION PROMENADE,New Sale,Strata,132,"35,617",-,Condominium,1,99 yrs lease commencing from 2024,03,Rest of Central Region,46 to 50
PROMENADE PEAK,"3,731,500","1,162.51","3,210",Aug-25,ZION PROMENADE,New Sale,Strata,108,"34,551",-,Condominium,1,99 yrs lease commencing from 2024,03,Rest of Central Region,46 to 50
PROMENADE PEAK,"3,901,700","1,194.8","3,266",Aug-25,ZION PROMENADE,New Sale,Strata,111,"35,150",-,Condominium,1,99 yrs lease commencing from 2024,03,Rest of Central Region,46 to 50
PROMENADE PEAK,"5,323,400","1,582.31","3,364",Aug-25,ZION PROMENADE,New Sale,Strata,147,"36,214",-,Condominium,1,99 yrs lease commencing from 2024,03,Rest of Central Region,46 to 50
PROMENADE PEAK,"3,739,000","1,162.51","3,216",Aug-25,ZION PROMENADE,New Sale,Strata,108,"34,620",-,Condominium,1,99 yrs lease commencing from 2024,03,Rest of Central Region,46 to 50
PROMENADE PEAK,"4,729,100","1,420.85","3,328",Aug-25,ZION PROMENADE,New Sale,Strata,132,"35,827",-,Condominium,1,99 yrs lease commencing from 2024,03,Rest of Central Region,46 to 50
PROMENADE PEAK,"5,344,000","1,582.31","3,377",Aug-25,ZION PROMENADE,New Sale,Strata,147,"36,354",-,Condominium,1,99 yrs lease commencing from 2024,03,Rest of Central Region,46 to 50
PROMENADE PEAK,"3,754,200","1,162.51","3,229",Aug-25,ZION PROMENADE,New Sale,Strata,108,"34,761",-,Condominium,1,99 yrs lease commencing from 2024,03,Rest of Central Region,46 to 50
PROMENADE PEAK,"3,932,700","1,194.8","3,292",Aug-25,ZION PROMENADE,New Sale,Strata,111,"35,430",-,Condominium,1,99 yrs lease commencing from 2024,03,Rest of Central Region,51 to 55
PROMENADE PEAK,"3,769,300","1,162.51","3,242",Aug-25,ZION PROMENADE,New Sale,Strata,108,"34,901",-,Condominium,1,99 yrs lease commencing from 2024,03,Rest of Central Region,51 to 55
PROMENADE PEAK,"3,948,300","1,194.8","3,305",Aug-25,ZION PROMENADE,New Sale,Strata,111,"35,570",-,Condominium,1,99 yrs lease commencing from 2024,03,Rest of Central Region,51 to 55
PROMENADE PEAK,"5,385,100","1,582.31","3,403",Aug-25,ZION PROMENADE,New Sale,Strata,147,"36,633",-,Condominium,1,99 yrs lease commencing from 2024,03,Rest of Central Region,51 to 55
PROMENADE PEAK,"3,784,400","1,162.51","3,255",Aug-25,ZION PROMENADE,New Sale,Strata,108,"35,041",-,Condominium,1,99 yrs lease commencing from 2024,03,Rest of Central Region,51 to 55
PROMENADE PEAK,"3,963,800","1,194.8","3,318",Aug-25,ZION PROMENADE,New Sale,Strata,111,"35,710",-,Condominium,1,99 yrs lease commencing from 2024,03,Rest of Central Region,51 to 55
PROMENADE PEAK,"4,664,887","1,420.85","3,283",Aug-25,ZION PROMENADE,New Sale,Strata,132,"35,340",-,Condominium,1,99 yrs lease commencing from 2024,03,Rest of Central Region,51 to 55
PROMENADE PEAK,"5,405,700","1,582.31","3,416",Aug-25,ZION PROMENADE,New Sale,Strata,147,"36,773",-,Condominium,1,99 yrs lease commencing from 2024,03,Rest of Central Region,51 to 55
PROMENADE PEAK,"5,426,300","1,582.31","3,429",Aug-25,ZION PROMENADE,New Sale,Strata,147,"36,914",-,Condominium,1,99 yrs lease commencing from 2024,03,Rest of Central Region,51 to 55
PROMENADE PEAK,"3,994,900","1,194.8","3,344",Aug-25,ZION PROMENADE,New Sale,Strata,111,"35,990",-,Condominium,1,99 yrs lease commencing from 2024,03,Rest of Central Region,51 to 55
PROMENADE PEAK,"5,446,800","1,582.31","3,442",Aug-25,ZION PROMENADE,New Sale,Strata,147,"37,053",-,Condominium,1,99 yrs lease commencing from 2024,03,Rest of Central Region,51 to 55
PROMENADE PEAK,"4,839,900","1,420.85","3,406",Aug-25,ZION PROMENADE,New Sale,Strata,132,"36,666",-,Condominium,1,99 yrs lease commencing from 2024,03,Rest of Central Region,56 to 60
PROMENADE PEAK,"5,467,400","1,582.31","3,455",Aug-25,ZION PROMENADE,New Sale,Strata,147,"37,193",-,Condominium,1,99 yrs lease commencing from 2024,03,Rest of Central Region,56 to 60
PROMENADE PEAK,"4,049,300","1,194.8","3,389",Aug-25,ZION PROMENADE,New Sale,Strata,111,"36,480",-,Condominium,1,99 yrs lease commencing from 2024,03,Rest of Central Region,56 to 60
PROMENADE PEAK,"4,886,100","1,420.85","3,439",Aug-25,ZION PROMENADE,New Sale,Strata,132,"37,016",-,Condominium,1,99 yrs lease commencing from 2024,03,Rest of Central Region,56 to 60
PROMENADE PEAK,"5,529,100","1,582.31","3,494",Aug-25,ZION PROMENADE,New Sale,Strata,147,"37,613",-,Condominium,1,99 yrs lease commencing from 2024,03,Rest of Central Region,56 to 60
PROMENADE PEAK,"4,913,800","1,420.85","3,458",Aug-25,ZION PROMENADE,New Sale,Strata,132,"37,226",-,Condominium,1,99 yrs lease commencing from 2024,03,Rest of Central Region,56 to 60
PROMENADE PEAK,"5,549,700","1,582.31","3,507",Aug-25,ZION PROMENADE,New Sale,Strata,147,"37,753",-,Condominium,1,99 yrs lease commencing from 2024,03,Rest of Central Region,56 to 60
PROMENADE PEAK,"5,570,200","1,582.31","3,520",Aug-25,ZION PROMENADE,New Sale,Strata,147,"37,893",-,Condominium,1,99 yrs lease commencing from 2024,03,Rest of Central Region,61 to 65
PROMENADE PEAK,"4,950,800","1,420.85","3,484",Aug-25,ZION PROMENADE,New Sale,Strata,132,"37,506",-,Condominium,1,99 yrs lease commencing from 2024,03,Rest of Central Region,61 to 65
MARGARET VILLE,"2,158,880",914.94,"2,360",Aug-25,MARGARET DRIVE,Resale,Strata,85,"25,399",-,Apartment,1,99 yrs lease commencing from 2017,03,Rest of Central Region,21 to 25
STIRLING RESIDENCES,"1,030,000",441.32,"2,334",Aug-25,STIRLING ROAD,Resale,Strata,41,"25,122",-,Apartment,1,99 yrs lease commencing from 2017,03,Rest of Central Region,21 to 25
ALEX RESIDENCES,"1,560,000",678.13,"2,300",Aug-25,ALEXANDRA VIEW,Resale,Strata,63,"24,762",-,Apartment,1,99 yrs lease commencing from 2013,03,Rest of Central Region,11 to 15
MARGARET VILLE,"1,200,000",527.44,"2,275",Aug-25,MARGARET DRIVE,Resale,Strata,49,"24,490",-,Apartment,1,99 yrs lease commencing from 2017,03,Rest of Central Region,36 to 40
THE CREST,"2,308,888","1,237.86","1,865",Aug-25,PRINCE CHARLES CRESCENT,Resale,Strata,115,"20,077",-,Condominium,1,99 yrs lease commencing from 2012,03,Rest of Central Region,16 to 20
QUEENS PEAK,"1,940,000",861.12,"2,253",Aug-25,DUNDEE ROAD,Resale,Strata,80,"24,250",-,Condominium,1,99 yrs lease commencing from 2015,03,Rest of Central Region,26 to 30
DOMAIN 21,"1,700,000",904.18,"1,880",Jul-25,DELTA ROAD,Resale,Strata,84,"20,238",-,Condominium,1,99 yrs lease commencing from 2004,03,Rest of Central Region,16 to 20
ALEX RESIDENCES,"1,544,000",678.13,"2,277",Jul-25,ALEXANDRA VIEW,Resale,Strata,63,"24,508",-,Apartment,1,99 yrs lease commencing from 2013,03,Rest of Central Region,26 to 30
QUEENS PEAK,"1,940,000",850.36,"2,281",Jul-25,DUNDEE ROAD,Resale,Strata,79,"24,557",-,Condominium,1,99 yrs lease commencing from 2015,03,Rest of Central Region,36 to 40
CENTRAL GREEN CONDOMINIUM,"2,250,000","1,291.68","1,742",Jul-25,JALAN MEMBINA,Resale,Strata,120,"18,750",-,Condominium,1,99 yrs lease commencing from 1992,03,Rest of Central Region,01 to 05
ONE PEARL BANK,"3,088,888","1,216.33","2,540",Jul-25,PEARL BANK,Sub Sale,Strata,113,"27,335",-,Apartment,1,99 yrs lease commencing from 2019,03,Rest of Central Region,06 to 10
RIVER PLACE,"1,168,000",678.13,"1,722",Jul-25,HAVELOCK ROAD,Resale,Strata,63,"18,540",-,Condominium,1,99 yrs lease commencing from 1995,03,Rest of Central Region,01 to 05
TANGLIN VIEW,"2,388,000","1,248.62","1,913",Jul-25,PRINCE CHARLES CRESCENT,Resale,Strata,116,"20,586",-,Condominium,1,99 yrs lease commencing from 1997,03,Rest of Central Region,11 to 15
THE CREST,"1,980,000",947.23,"2,090",Jul-25,PRINCE CHARLES CRESCENT,Resale,Strata,88,"22,500",-,Condominium,1,99 yrs lease commencing from 2012,03,Rest of Central Region,01 to 05
ALEX RESIDENCES,"2,000,000",882.65,"2,266",Jul-25,ALEXANDRA VIEW,Resale,Strata,82,"24,390",-,Apartment,1,99 yrs lease commencing from 2013,03,Rest of Central Region,26 to 30
PRINCIPAL GARDEN,"920,398",495.14,"1,859",Jul-25,PRINCE CHARLES CRESCENT,Resale,Strata,46,"20,009",-,Condominium,1,99 yrs lease commencing from 2014,03,Rest of Central Region,01 to 05
ONE PEARL BANK,"3,200,000","1,216.33","2,631",Jul-25,PEARL BANK,Sub Sale,Strata,113,"28,319",-,Apartment,1,99 yrs lease commencing from 2019,03,Rest of Central Region,11 to 15
STIRLING RESIDENCES,"1,818,000",678.13,"2,681",Jul-25,STIRLING ROAD,Resale,Strata,63,"28,857",-,Apartment,1,99 yrs lease commencing from 2017,03,Rest of Central Region,36 to 40
COMMONWEALTH TOWERS,"958,000",473.62,"2,023",Jul-25,COMMONWEALTH AVENUE,Resale,Strata,44,"21,773",-,Condominium,1,99 yrs lease commencing from 2013,03,Rest of Central Region,11 to 15
COMMONWEALTH TOWERS,"970,000",441.32,"2,198",Jul-25,COMMONWEALTH AVENUE,Resale,Strata,41,"23,659",-,Condominium,1,99 yrs lease commencing from 2013,03,Rest of Central Region,21 to 25
STIRLING RESIDENCES,"1,898,000",764.24,"2,484",Jul-25,STIRLING ROAD,Resale,Strata,71,"26,732",-,Apartment,1,99 yrs lease commencing from 2017,03,Rest of Central Region,21 to 25
RIVIERE,"2,500,000",839.59,"2,978",Jul-25,JIAK KIM STREET,Resale,Strata,78,"32,051",-,Apartment,1,99 yrs lease commencing from 2018,03,Rest of Central Region,21 to 25
RIVER PLACE,"2,335,000","1,280.92","1,823",Jul-25,HAVELOCK ROAD,Resale,Strata,119,"19,622",-,Condominium,1,99 yrs lease commencing from 1995,03,Rest of Central Region,01 to 05
STIRLING RESIDENCES,"1,065,000",441.32,"2,413",Jul-25,STIRLING ROAD,Resale,Strata,41,"25,976",-,Apartment,1,99 yrs lease commencing from 2017,03,Rest of Central Region,36 to 40
CENTRAL GREEN CONDOMINIUM,"2,225,000","1,291.68","1,723",Jul-25,JALAN MEMBINA,Resale,Strata,120,"18,542",-,Condominium,1,99 yrs lease commencing from 1992,03,Rest of Central Region,11 to 15
STIRLING RESIDENCES,"1,710,000",688.9,"2,482",Jul-25,STIRLING ROAD,Resale,Strata,64,"26,719",-,Apartment,1,99 yrs lease commencing from 2017,03,Rest of Central Region,16 to 20
ARTRA,"2,638,000","1,044.11","2,527",Jul-25,ALEXANDRA VIEW,Resale,Strata,97,"27,196",-,Apartment,1,99 yrs lease commencing from 2016,03,Rest of Central Region,31 to 35
ONE PEARL BANK,"1,238,888",527.44,"2,349",Jul-25,PEARL BANK,Sub Sale,Strata,49,"25,283",-,Apartment,1,99 yrs lease commencing from 2019,03,Rest of Central Region,11 to 15
STIRLING RESIDENCES,"1,735,000",678.13,"2,558",Jul-25,STIRLING ROAD,Resale,Strata,63,"27,540",-,Apartment,1,99 yrs lease commencing from 2017,03,Rest of Central Region,16 to 20
QUEENS,"2,738,800","1,410.08","1,942",Jul-25,STIRLING ROAD,Resale,Strata,131,"20,907",-,Condominium,1,99 yrs lease commencing from 1998,03,Rest of Central Region,21 to 25
STIRLING RESIDENCES,"1,385,000",624.31,"2,218",Jul-25,STIRLING ROAD,Resale,Strata,58,"23,879",-,Apartment,1,99 yrs lease commencing from 2017,03,Rest of Central Region,01 to 05
PRINCIPAL GARDEN,"2,750,000","1,076.4","2,555",Jul-25,PRINCE CHARLES CRESCENT,Resale,Strata,100,"27,500",-,Condominium,1,99 yrs lease commencing from 2014,03,Rest of Central Region,11 to 15
ECHELON,"918,000",452.09,"2,031",Jul-25,ALEXANDRA VIEW,Resale,Strata,42,"21,857",-,Condominium,1,99 yrs lease commencing from 2012,03,Rest of Central Region,36 to 40
MARGARET VILLE,"2,620,000","1,184.04","2,213",Jul-25,MARGARET DRIVE,Resale,Strata,110,"23,818",-,Apartment,1,99 yrs lease commencing from 2017,03,Rest of Central Region,06 to 10
REGENCY SUITES,"3,200,000","1,420.85","2,252",Jul-25,KIM TIAN ROAD,Resale,Strata,132,"24,242",-,Apartment,1,Freehold,03,Rest of Central Region,11 to 15
THE CREST,"2,600,000","1,259.39","2,064",Jul-25,PRINCE CHARLES CRESCENT,Resale,Strata,117,"22,222",-,Condominium,1,99 yrs lease commencing from 2012,03,Rest of Central Region,06 to 10
STIRLING RESIDENCES,"1,738,000",678.13,"2,563",Jul-25,STIRLING ROAD,Resale,Strata,63,"27,587",-,Apartment,1,99 yrs lease commencing from 2017,03,Rest of Central Region,21 to 25
COMMONWEALTH TOWERS,"900,000",462.85,"1,944",Jul-25,COMMONWEALTH AVENUE,Resale,Strata,43,"20,930",-,Condominium,1,99 yrs lease commencing from 2013,03,Rest of Central Region,11 to 15
PRINCIPAL GARDEN,"918,000",484.38,"1,895",Jul-25,PRINCE CHARLES CRESCENT,Resale,Strata,45,"20,400",-,Condominium,1,99 yrs lease commencing from 2014,03,Rest of Central Region,01 to 05
QUEENS PEAK,"1,880,000",850.36,"2,211",Jul-25,DUNDEE ROAD,Resale,Strata,79,"23,797",-,Condominium,1,99 yrs lease commencing from 2015,03,Rest of Central Region,41 to 45
THE METROPOLITAN CONDOMINIUM,"2,760,000","1,367.03","2,019",Jul-25,ALEXANDRA VIEW,Resale,Strata,127,"21,732",-,Condominium,1,99 yrs lease commencing from 2006,03,Rest of Central Region,36 to 40
THE METROPOLITAN CONDOMINIUM,"1,450,000",785.77,"1,845",Jul-25,ALEXANDRA VIEW,Resale,Strata,73,"19,863",-,Condominium,1,99 yrs lease commencing from 2006,03,Rest of Central Region,26 to 30
ECHELON,"1,600,000",731.95,"2,186",Jul-25,ALEXANDRA VIEW,Resale,Strata,68,"23,529",-,Condominium,1,99 yrs lease commencing from 2012,03,Rest of Central Region,11 to 15
STIRLING RESIDENCES,"1,195,000",505.91,"2,362",Jul-25,STIRLING ROAD,Resale,Strata,47,"25,426",-,Apartment,1,99 yrs lease commencing from 2017,03,Rest of Central Region,21 to 25
MARGARET VILLE,"2,150,000",968.76,"2,219",Jul-25,MARGARET DRIVE,Resale,Strata,90,"23,889",-,Apartment,1,99 yrs lease commencing from 2017,03,Rest of Central Region,11 to 15
QUEENS,"2,020,000","1,184.04","1,706",Jul-25,STIRLING ROAD,Resale,Strata,110,"18,364",-,Condominium,1,99 yrs lease commencing from 1998,03,Rest of Central Region,11 to 15
THE LANDMARK,"1,610,000",678.13,"2,374",Jul-25,CHIN SWEE ROAD,Sub Sale,Strata,63,"25,556",-,Condominium,1,99 yrs lease commencing from 2020,03,Rest of Central Region,16 to 20
MARGARET VILLE,"1,580,000",699.66,"2,258",Jul-25,MARGARET DRIVE,Resale,Strata,65,"24,308",-,Apartment,1,99 yrs lease commencing from 2017,03,Rest of Central Region,26 to 30
COMMONWEALTH TOWERS,"1,780,000",753.48,"2,362",Jul-25,COMMONWEALTH AVENUE,Resale,Strata,70,"25,429",-,Condominium,1,99 yrs lease commencing from 2013,03,Rest of Central Region,36 to 40
THE CREST,"1,800,000",904.18,"1,991",Jul-25,PRINCE CHARLES CRESCENT,Resale,Strata,84,"21,429",-,Condominium,1,99 yrs lease commencing from 2012,03,Rest of Central Region,01 to 05
THE ANCHORAGE,"2,670,000","1,237.86","2,157",Jul-25,ALEXANDRA ROAD,Resale,Strata,115,"23,217",-,Condominium,1,Freehold,03,Rest of Central Region,11 to 15
COMMONWEALTH TOWERS,"975,000",462.85,"2,107",Jul-25,COMMONWEALTH AVENUE,Resale,Strata,43,"22,674",-,Condominium,1,99 yrs lease commencing from 2013,03,Rest of Central Region,21 to 25
ECHELON,"2,803,888","1,291.68","2,171",Jul-25,ALEXANDRA VIEW,Resale,Strata,120,"23,366",-,Condominium,1,99 yrs lease commencing from 2012,03,Rest of Central Region,11 to 15
ECHELON,"908,888",452.09,"2,010",Jul-25,ALEXANDRA VIEW,Resale,Strata,42,"21,640",-,Condominium,1,99 yrs lease commencing from 2012,03,Rest of Central Region,16 to 20
QUEENS,"2,300,000","1,194.8","1,925",Jul-25,STIRLING ROAD,Resale,Strata,111,"20,721",-,Condominium,1,99 yrs lease commencing from 1998,03,Rest of Central Region,31 to 35
EMERALD PARK,"1,610,000",947.23,"1,700",Jul-25,INDUS ROAD,Resale,Strata,88,"18,295",-,Condominium,1,99 yrs lease commencing from 1991,03,Rest of Central Region,06 to 10
STIRLING RESIDENCES,"2,700,000","1,280.92","2,108",Jul-25,STIRLING ROAD,Resale,Strata,119,"22,689",-,Apartment,1,99 yrs lease commencing from 2017,03,Rest of Central Region,36 to 40
QUEENS PEAK,"1,635,000",775.01,"2,110",Jul-25,DUNDEE ROAD,Resale,Strata,72,"22,708",-,Condominium,1,99 yrs lease commencing from 2015,03,Rest of Central Region,06 to 10
THE CREST,"1,832,688",968.76,"1,892",Jul-25,PRINCE CHARLES CRESCENT,Resale,Strata,90,"20,363",-,Condominium,1,99 yrs lease commencing from 2012,03,Rest of Central Region,21 to 25
PRINCIPAL GARDEN,"1,635,000",764.24,"2,139",Jul-25,PRINCE CHARLES CRESCENT,Resale,Strata,71,"23,028",-,Condominium,1,99 yrs lease commencing from 2014,03,Rest of Central Region,16 to 20
THE METROPOLITAN CONDOMINIUM,"2,780,000","1,356.26","2,050",Jul-25,ALEXANDRA VIEW,Resale,Strata,126,"22,063",-,Condominium,1,99 yrs lease commencing from 2006,03,Rest of Central Region,16 to 20
ECHELON,"3,000,000","1,291.68","2,323",Jul-25,ALEXANDRA VIEW,Resale,Strata,120,"25,000",-,Condominium,1,99 yrs lease commencing from 2012,03,Rest of Central Region,21 to 25
AVENUE SOUTH RESIDENCE,"3,785,000","1,496.2","2,530",Jul-25,SILAT AVENUE,Resale,Strata,139,"27,230",-,Apartment,1,99 yrs lease commencing from 2018,03,Rest of Central Region,51 to 55
COMMONWEALTH TOWERS,"998,000",462.85,"2,156",Jul-25,COMMONWEALTH AVENUE,Resale,Strata,43,"23,209",-,Condominium,1,99 yrs lease commencing from 2013,03,Rest of Central Region,31 to 35
AVENUE SOUTH RESIDENCE,"1,620,000",656.6,"2,467",Jul-25,SILAT AVENUE,Resale,Strata,61,"26,557",-,Apartment,1,99 yrs lease commencing from 2018,03,Rest of Central Region,51 to 55
STIRLING RESIDENCES,"2,500,000",979.52,"2,552",Jul-25,STIRLING ROAD,Resale,Strata,91,"27,473",-,Apartment,1,99 yrs lease commencing from 2017,03,Rest of Central Region,11 to 15
AVENUE SOUTH RESIDENCE,"1,469,888",688.9,"2,134",Jun-25,SILAT AVENUE,Resale,Strata,64,"22,967",-,Apartment,1,99 yrs lease commencing from 2018,03,Rest of Central Region,16 to 20
QUEENS,"2,090,000","1,184.04","1,765",Jun-25,STIRLING ROAD,Resale,Strata,110,"19,000",-,Condominium,1,99 yrs lease commencing from 1998,03,Rest of Central Region,31 to 35
AVENUE SOUTH RESIDENCE,"1,720,000",688.9,"2,497",Jun-25,SILAT AVENUE,Resale,Strata,64,"26,875",-,Apartment,1,99 yrs lease commencing from 2018,03,Rest of Central Region,51 to 55
ALEXIS,"1,018,888",602.78,"1,690",Jun-25,ALEXANDRA ROAD,Resale,Strata,56,"18,194",-,Apartment,1,Freehold,03,Rest of Central Region,01 to 05
CENTRAL GREEN CONDOMINIUM,"2,430,000","1,442.38","1,685",Jun-25,JALAN MEMBINA,Resale,Strata,134,"18,134",-,Condominium,1,99 yrs lease commencing from 1992,03,Rest of Central Region,01 to 05
RIVER PLACE,"1,250,000",678.13,"1,843",Jun-25,HAVELOCK ROAD,Resale,Strata,63,"19,841",-,Condominium,1,99 yrs lease commencing from 1995,03,Rest of Central Region,01 to 05
TANGLIN VIEW,"3,100,000","1,711.48","1,811",Jun-25,PRINCE CHARLES CRESCENT,Resale,Strata,159,"19,497",-,Condominium,1,99 yrs lease commencing from 1997,03,Rest of Central Region,16 to 20
TANGLIN VIEW,"2,338,000","1,140.98","2,049",Jun-25,PRINCE CHARLES CRESCENT,Resale,Strata,106,"22,057",-,Condominium,1,99 yrs lease commencing from 1997,03,Rest of Central Region,06 to 10
COMMONWEALTH TOWERS,"2,180,000",904.18,"2,411",Jun-25,COMMONWEALTH AVENUE,Resale,Strata,84,"25,952",-,Condominium,1,99 yrs lease commencing from 2013,03,Rest of Central Region,31 to 35
THE ANCHORAGE,"2,360,000","1,162.51","2,030",Jun-25,ALEXANDRA ROAD,Resale,Strata,108,"21,852",-,Condominium,1,Freehold,03,Rest of Central Region,06 to 10
AVENUE SOUTH RESIDENCE,"1,690,000",731.95,"2,309",Jun-25,SILAT AVENUE,Resale,Strata,68,"24,853",-,Apartment,1,99 yrs lease commencing from 2018,03,Rest of Central Region,26 to 30
QUEENS PEAK,"968,000",441.32,"2,193",Jun-25,DUNDEE ROAD,Resale,Strata,41,"23,610",-,Condominium,1,99 yrs lease commencing from 2015,03,Rest of Central Region,21 to 25
CENTRAL GREEN CONDOMINIUM,"1,500,000",947.23,"1,584",Jun-25,JALAN MEMBINA,Resale,Strata,88,"17,045",-,Condominium,1,99 yrs lease commencing from 1992,03,Rest of Central Region,01 to 05
QUEENS,"2,158,888","1,194.8","1,807",Jun-25,STIRLING ROAD,Resale,Strata,111,"19,449",-,Condominium,1,99 yrs lease commencing from 1998,03,Rest of Central Region,06 to 10
MERAPRIME,"2,288,888","1,097.93","2,085",Jun-25,JALAN BUKIT HO SWEE,Resale,Strata,102,"22,440",-,Condominium,1,99 yrs lease commencing from 2003,03,Rest of Central Region,21 to 25
ONE PEARL BANK,"1,910,000",699.66,"2,730",Jun-25,PEARL BANK,Sub Sale,Strata,65,"29,385",-,Apartment,1,99 yrs lease commencing from 2019,03,Rest of Central Region,26 to 30
THE METROPOLITAN CONDOMINIUM,"3,285,000","1,733","1,896",Jun-25,ALEXANDRA VIEW,Resale,Strata,161,"20,404",-,Condominium,1,99 yrs lease commencing from 2006,03,Rest of Central Region,11 to 15
MARGARET VILLE,"2,170,000",968.76,"2,240",Jun-25,MARGARET DRIVE,Resale,Strata,90,"24,111",-,Apartment,1,99 yrs lease commencing from 2017,03,Rest of Central Region,11 to 15
AVENUE SOUTH RESIDENCE,"1,830,000",731.95,"2,500",Jun-25,SILAT AVENUE,Resale,Strata,68,"26,912",-,Apartment,1,99 yrs lease commencing from 2018,03,Rest of Central Region,51 to 55
PRINCIPAL GARDEN,"965,000",484.38,"1,992",Jun-25,PRINCE CHARLES CRESCENT,Resale,Strata,45,"21,444",-,Condominium,1,99 yrs lease commencing from 2014,03,Rest of Central Region,21 to 25
ONE PEARL BANK,"1,270,000",527.44,"2,408",Jun-25,PEARL BANK,Sub Sale,Strata,49,"25,918",-,Apartment,1,99 yrs lease commencing from 2019,03,Rest of Central Region,31 to 35
ONE PEARL BANK,"1,410,000",570.49,"2,472",Jun-25,PEARL BANK,Sub Sale,Strata,53,"26,604",-,Apartment,1,99 yrs lease commencing from 2019,03,Rest of Central Region,16 to 20
THE CREST,"1,965,000",947.23,"2,074",Jun-25,PRINCE CHARLES CRESCENT,Resale,Strata,88,"22,330",-,Condominium,1,99 yrs lease commencing from 2012,03,Rest of Central Region,01 to 05
ONE PEARL BANK,"1,800,000",699.66,"2,573",Jun-25,PEARL BANK,Sub Sale,Strata,65,"27,692",-,Apartment,1,99 yrs lease commencing from 2019,03,Rest of Central Region,11 to 15
STIRLING RESIDENCES,"1,750,000",678.13,"2,581",Jun-25,STIRLING ROAD,Resale,Strata,63,"27,778",-,Apartment,1,99 yrs lease commencing from 2017,03,Rest of Central Region,26 to 30
ONE PEARL BANK,"2,970,000","1,184.04","2,508",Jun-25,PEARL BANK,Sub Sale,Strata,110,"27,000",-,Apartment,1,99 yrs lease commencing from 2019,03,Rest of Central Region,06 to 10
QUEENS PEAK,"1,915,000",947.23,"2,022",Jun-25,DUNDEE ROAD,Resale,Strata,88,"21,761",-,Condominium,1,99 yrs lease commencing from 2015,03,Rest of Central Region,11 to 15
TANGLIN VIEW,"2,240,000","1,140.98","1,963",Jun-25,PRINCE CHARLES CRESCENT,Resale,Strata,106,"21,132",-,Condominium,1,99 yrs lease commencing from 1997,03,Rest of Central Region,11 to 15
ECHELON,"905,888",452.09,"2,004",Jun-25,ALEXANDRA VIEW,Resale,Strata,42,"21,569",-,Condominium,1,99 yrs lease commencing from 2012,03,Rest of Central Region,31 to 35
PRINCIPAL GARDEN,"1,820,000",807.3,"2,254",Jun-25,PRINCE CHARLES CRESCENT,Resale,Strata,75,"24,267",-,Condominium,1,99 yrs lease commencing from 2014,03,Rest of Central Region,21 to 25
AVENUE SOUTH RESIDENCE,"2,380,000","1,108.69","2,147",Jun-25,SILAT AVENUE,Resale,Strata,103,"23,107",-,Apartment,1,99 yrs lease commencing from 2018,03,Rest of Central Region,01 to 05
AVENUE SOUTH RESIDENCE,"3,503,888","1,496.2","2,342",Jun-25,SILAT AVENUE,Resale,Strata,139,"25,208",-,Apartment,1,99 yrs lease commencing from 2018,03,Rest of Central Region,46 to 50
COMMONWEALTH TOWERS,"980,000",462.85,"2,117",Jun-25,COMMONWEALTH AVENUE,Resale,Strata,43,"22,791",-,Condominium,1,99 yrs lease commencing from 2013,03,Rest of Central Region,26 to 30
QUEENS PEAK,"1,880,000",850.36,"2,211",Jun-25,DUNDEE ROAD,Resale,Strata,79,"23,797",-,Condominium,1,99 yrs lease commencing from 2015,03,Rest of Central Region,31 to 35
THE ANCHORAGE,"2,900,000","1,463.9","1,981",Jun-25,ALEXANDRA ROAD,Resale,Strata,136,"21,324",-,Condominium,1,Freehold,03,Rest of Central Region,01 to 05
TANGLIN VIEW,"2,150,000","1,140.98","1,884",Jun-25,PRINCE CHARLES CRESCENT,Resale,Strata,106,"20,283",-,Condominium,1,99 yrs lease commencing from 1997,03,Rest of Central Region,11 to 15
STIRLING RESIDENCES,"1,165,000",505.91,"2,303",Jun-25,STIRLING ROAD,Resale,Strata,47,"24,787",-,Apartment,1,99 yrs lease commencing from 2017,03,Rest of Central Region,11 to 15
QUEENS PEAK,"1,133,000",495.14,"2,288",Jun-25,DUNDEE ROAD,Resale,Strata,46,"24,630",-,Condominium,1,99 yrs lease commencing from 2015,03,Rest of Central Region,16 to 20
COMMONWEALTH TOWERS,"960,000",441.32,"2,175",Jun-25,COMMONWEALTH AVENUE,Resale,Strata,41,"23,415",-,Condominium,1,99 yrs lease commencing from 2013,03,Rest of Central Region,31 to 35
STIRLING RESIDENCES,"1,610,000",678.13,"2,374",Jun-25,STIRLING ROAD,Resale,Strata,63,"25,556",-,Apartment,1,99 yrs lease commencing from 2017,03,Rest of Central Region,01 to 05
ARTRA,"2,930,000","1,227.1","2,388",Jun-25,ALEXANDRA VIEW,Resale,Strata,114,"25,702",-,Apartment,1,99 yrs lease commencing from 2016,03,Rest of Central Region,21 to 25
EMERALD PARK,"1,448,888",925.7,"1,565",Jun-25,INDUS ROAD,Resale,Strata,86,"16,848",-,Condominium,1,99 yrs lease commencing from 1991,03,Rest of Central Region,01 to 05
COMMONWEALTH TOWERS,"999,888",473.62,"2,111",Jun-25,COMMONWEALTH AVENUE,Resale,Strata,44,"22,725",-,Condominium,1,99 yrs lease commencing from 2013,03,Rest of Central Region,31 to 35
THE ANCHORAGE,"3,288,000","1,560.78","2,107",Jun-25,ALEXANDRA ROAD,Resale,Strata,145,"22,676",-,Condominium,1,Freehold,03,Rest of Central Region,06 to 10
COMMONWEALTH TOWERS,"1,738,000",753.48,"2,307",Jun-25,COMMONWEALTH AVENUE,Resale,Strata,70,"24,829",-,Condominium,1,99 yrs lease commencing from 2013,03,Rest of Central Region,36 to 40
ECHELON,"1,560,000",731.95,"2,131",Jun-25,ALEXANDRA VIEW,Resale,Strata,68,"22,941",-,Condominium,1,99 yrs lease commencing from 2012,03,Rest of Central Region,16 to 20
STIRLING RESIDENCES,"1,480,000",624.31,"2,371",Jun-25,STIRLING ROAD,Resale,Strata,58,"25,517",-,Apartment,1,99 yrs lease commencing from 2017,03,Rest of Central Region,21 to 25
ARTRA,"2,880,000","1,227.1","2,347",Jun-25,ALEXANDRA VIEW,Resale,Strata,114,"25,263",-,Apartment,1,99 yrs lease commencing from 2016,03,Rest of Central Region,26 to 30
STIRLING RESIDENCES,"1,100,000",505.91,"2,174",Jun-25,STIRLING ROAD,Resale,Strata,47,"23,404",-,Apartment,1,99 yrs lease commencing from 2017,03,Rest of Central Region,01 to 05
STIRLING RESIDENCES,"1,130,000",505.91,"2,234",Jun-25,STIRLING ROAD,Resale,Strata,47,"24,043",-,Apartment,1,99 yrs lease commencing from 2017,03,Rest of Central Region,01 to 05
PRINCIPAL GARDEN,"955,000",495.14,"1,929",Jun-25,PRINCE CHARLES CRESCENT,Resale,Strata,46,"20,761",-,Condominium,1,99 yrs lease commencing from 2014,03,Rest of Central Region,16 to 20
CENTRAL GREEN CONDOMINIUM,"2,300,000","1,808.35","1,272",Jun-25,JALAN MEMBINA,Resale,Strata,168,"13,690",-,Condominium,1,99 yrs lease commencing from 1992,03,Rest of Central Region,11 to 15
PRINCIPAL GARDEN,"1,800,000",796.54,"2,260",May-25,PRINCE CHARLES CRESCENT,Resale,Strata,74,"24,324",-,Condominium,1,99 yrs lease commencing from 2014,03,Rest of Central Region,11 to 15
THE ANCHORAGE,"2,930,000","1,463.9","2,001",May-25,ALEXANDRA ROAD,Resale,Strata,136,"21,544",-,Condominium,1,Freehold,03,Rest of Central Region,01 to 05
AVENUE SOUTH RESIDENCE,"1,670,000",731.95,"2,282",May-25,SILAT AVENUE,Resale,Strata,68,"24,559",-,Apartment,1,99 yrs lease commencing from 2018,03,Rest of Central Region,16 to 20
PRINCIPAL GARDEN,"955,000",495.14,"1,929",May-25,PRINCE CHARLES CRESCENT,Resale,Strata,46,"20,761",-,Condominium,1,99 yrs lease commencing from 2014,03,Rest of Central Region,06 to 10
RIVIERE,"2,428,888",839.59,"2,893",May-25,JIAK KIM STREET,Resale,Strata,78,"31,140",-,Apartment,1,99 yrs lease commencing from 2018,03,Rest of Central Region,16 to 20
ONE PEARL BANK,"2,275,000",839.59,"2,710",May-25,PEARL BANK,Sub Sale,Strata,78,"29,167",-,Apartment,1,99 yrs lease commencing from 2019,03,Rest of Central Region,36 to 40
COMMONWEALTH TOWERS,"990,000",441.32,"2,243",May-25,COMMONWEALTH AVENUE,Resale,Strata,41,"24,146",-,Condominium,1,99 yrs lease commencing from 2013,03,Rest of Central Region,21 to 25
ARTRA,"2,520,000","1,044.11","2,414",May-25,ALEXANDRA VIEW,Resale,Strata,97,"25,979",-,Apartment,1,99 yrs lease commencing from 2016,03,Rest of Central Region,11 to 15
QUEENS PEAK,"1,630,000",807.3,"2,019",May-25,DUNDEE ROAD,Resale,Strata,75,"21,733",-,Condominium,1,99 yrs lease commencing from 2015,03,Rest of Central Region,11 to 15
ALEX RESIDENCES,"1,570,000",678.13,"2,315",May-25,ALEXANDRA VIEW,Resale,Strata,63,"24,921",-,Apartment,1,99 yrs lease commencing from 2013,03,Rest of Central Region,31 to 35
COMMONWEALTH TOWERS,"2,500,000","1,054.87","2,370",May-25,COMMONWEALTH AVENUE,Resale,Strata,98,"25,510",-,Condominium,1,99 yrs lease commencing from 2013,03,Rest of Central Region,06 to 10
ECHELON,"3,170,000","1,474.67","2,150",May-25,ALEXANDRA VIEW,Resale,Strata,137,"23,139",-,Condominium,1,99 yrs lease commencing from 2012,03,Rest of Central Region,21 to 25
STIRLING RESIDENCES,"1,720,000",678.13,"2,536",May-25,STIRLING ROAD,Resale,Strata,63,"27,302",-,Apartment,1,99 yrs lease commencing from 2017,03,Rest of Central Region,21 to 25
AVENUE SOUTH RESIDENCE,"660,000",473.62,"1,394",May-25,SILAT AVENUE,Resale,Strata,44,"15,000",-,Apartment,1,99 yrs lease commencing from 2018,03,Rest of Central Region,01 to 05
DOMAIN 21,"2,650,000","1,280.92","2,069",May-25,DELTA ROAD,Resale,Strata,119,"22,269",-,Condominium,1,99 yrs lease commencing from 2004,03,Rest of Central Region,16 to 20
HIGHLINE RESIDENCES,"1,708,000",699.66,"2,441",May-25,KIM TIAN ROAD,Resale,Strata,65,"26,277",-,Condominium,1,99 yrs lease commencing from 2013,03,Rest of Central Region,31 to 35
AVENUE SOUTH RESIDENCE,"1,510,000",731.95,"2,063",May-25,SILAT AVENUE,Resale,Strata,68,"22,206",-,Apartment,1,99 yrs lease commencing from 2018,03,Rest of Central Region,06 to 10
ONE PEARL BANK,"1,398,000",559.73,"2,498",May-25,PEARL BANK,Sub Sale,Strata,52,"26,885",-,Apartment,1,99 yrs lease commencing from 2019,03,Rest of Central Region,21 to 25
ARTRA,"2,745,000","1,227.1","2,237",May-25,ALEXANDRA VIEW,Resale,Strata,114,"24,079",-,Apartment,1,99 yrs lease commencing from 2016,03,Rest of Central Region,06 to 10
EMERALD PARK,"1,720,000","1,410.08","1,220",May-25,INDUS ROAD,Resale,Strata,131,"13,130",-,Condominium,1,99 yrs lease commencing from 1991,03,Rest of Central Region,11 to 15
MARGARET VILLE,"1,078,000",527.44,"2,044",May-25,MARGARET DRIVE,Resale,Strata,49,"22,000",-,Apartment,1,99 yrs lease commencing from 2017,03,Rest of Central Region,11 to 15
RIVER PLACE,"2,800,000","1,657.66","1,689",May-25,HAVELOCK ROAD,Resale,Strata,154,"18,182",-,Condominium,1,99 yrs lease commencing from 1995,03,Rest of Central Region,01 to 05
STIRLING RESIDENCES,"1,508,000",624.31,"2,415",May-25,STIRLING ROAD,Resale,Strata,58,"26,000",-,Apartment,1,99 yrs lease commencing from 2017,03,Rest of Central Region,31 to 35
ALEXIS,"970,000",516.67,"1,877",May-25,ALEXANDRA ROAD,Resale,Strata,48,"20,208",-,Apartment,1,Freehold,03,Rest of Central Region,01 to 05
PRINCIPAL GARDEN,"1,910,000",807.3,"2,366",May-25,PRINCE CHARLES CRESCENT,Resale,Strata,75,"25,467",-,Condominium,1,99 yrs lease commencing from 2014,03,Rest of Central Region,16 to 20
TWIN REGENCY,"3,378,000","1,442.38","2,342",May-25,KIM TIAN ROAD,Resale,Strata,134,"25,209",-,Condominium,1,Freehold,03,Rest of Central Region,31 to 35
COMMONWEALTH TOWERS,"960,000",441.32,"2,175",May-25,COMMONWEALTH AVENUE,Resale,Strata,41,"23,415",-,Condominium,1,99 yrs lease commencing from 2013,03,Rest of Central Region,21 to 25
AVENUE SOUTH RESIDENCE,"1,433,000",656.6,"2,182",May-25,SILAT AVENUE,Resale,Strata,61,"23,492",-,Apartment,1,99 yrs lease commencing from 2018,03,Rest of Central Region,11 to 15
COMMONWEALTH TOWERS,"1,552,000",688.9,"2,253",May-25,COMMONWEALTH AVENUE,Resale,Strata,64,"24,250",-,Condominium,1,99 yrs lease commencing from 2013,03,Rest of Central Region,11 to 15
THE LANDMARK,"1,030,000",495.14,"2,080",May-25,CHIN SWEE ROAD,Sub Sale,Strata,46,"22,391",-,Condominium,1,99 yrs lease commencing from 2020,03,Rest of Central Region,01 to 05
AVENUE SOUTH RESIDENCE,"2,688,000","1,108.69","2,424",May-25,SILAT AVENUE,Resale,Strata,103,"26,097",-,Apartment,1,99 yrs lease commencing from 2018,03,Rest of Central Region,21 to 25
PRINCIPAL GARDEN,"1,690,000",785.77,"2,151",May-25,PRINCE CHARLES CRESCENT,Resale,Strata,73,"23,151",-,Condominium,1,99 yrs lease commencing from 2014,03,Rest of Central Region,06 to 10
QUEENS PEAK,"4,100,000","2,002.1","2,048",May-25,DUNDEE ROAD,Resale,Strata,186,"22,043",-,Condominium,1,99 yrs lease commencing from 2015,03,Rest of Central Region,31 to 35
TWIN REGENCY,"4,048,000","1,776.06","2,279",May-25,KIM TIAN ROAD,Resale,Strata,165,"24,533",-,Condominium,1,Freehold,03,Rest of Central Region,31 to 35
STIRLING RESIDENCES,"2,718,888","1,054.87","2,577",May-25,STIRLING ROAD,Resale,Strata,98,"27,744",-,Apartment,1,99 yrs lease commencing from 2017,03,Rest of Central Region,31 to 35
ALEX RESIDENCES,"1,488,000",656.6,"2,266",May-25,ALEXANDRA VIEW,Resale,Strata,61,"24,393",-,Apartment,1,99 yrs lease commencing from 2013,03,Rest of Central Region,26 to 30
COMMONWEALTH TOWERS,"1,010,000",462.85,"2,182",May-25,COMMONWEALTH AVENUE,Resale,Strata,43,"23,488",-,Condominium,1,99 yrs lease commencing from 2013,03,Rest of Central Region,26 to 30
STIRLING RESIDENCES,"1,245,000",505.91,"2,461",May-25,STIRLING ROAD,Resale,Strata,47,"26,489",-,Apartment,1,99 yrs lease commencing from 2017,03,Rest of Central Region,31 to 35
PRINCIPAL GARDEN,"2,980,000","1,237.86","2,407",May-25,PRINCE CHARLES CRESCENT,Resale,Strata,115,"25,913",-,Condominium,1,99 yrs lease commencing from 2014,03,Rest of Central Region,16 to 20
ALEX RESIDENCES,"950,000",473.62,"2,006",May-25,ALEXANDRA VIEW,Resale,Strata,44,"21,591",-,Apartment,1,99 yrs lease commencing from 2013,03,Rest of Central Region,11 to 15
HIGHLINE RESIDENCES,"1,147,000",505.91,"2,267",May-25,KIM TIAN ROAD,Resale,Strata,47,"24,404",-,Condominium,1,99 yrs lease commencing from 2013,03,Rest of Central Region,06 to 10
QUEENS PEAK,"2,080,000",936.47,"2,221",May-25,DUNDEE ROAD,Resale,Strata,87,"23,908",-,Condominium,1,99 yrs lease commencing from 2015,03,Rest of Central Region,31 to 35
AVENUE SOUTH RESIDENCE,"1,888,000",721.19,"2,618",May-25,SILAT AVENUE,Resale,Strata,67,"28,179",-,Apartment,1,99 yrs lease commencing from 2018,03,Rest of Central Region,36 to 40
PRINCIPAL GARDEN,"1,900,000",861.12,"2,206",May-25,PRINCE CHARLES CRESCENT,Resale,Strata,80,"23,750",-,Condominium,1,99 yrs lease commencing from 2014,03,Rest of Central Region,06 to 10
STIRLING RESIDENCES,"1,918,000",764.24,"2,510",May-25,STIRLING ROAD,Resale,Strata,71,"27,014",-,Apartment,1,99 yrs lease commencing from 2017,03,Rest of Central Region,21 to 25
ALEX RESIDENCES,"2,258,000","1,022.58","2,208",May-25,ALEXANDRA VIEW,Resale,Strata,95,"23,768",-,Apartment,1,99 yrs lease commencing from 2013,03,Rest of Central Region,16 to 20
STIRLING RESIDENCES,"1,918,000",904.18,"2,121",May-25,STIRLING ROAD,Resale,Strata,84,"22,833",-,Apartment,1,99 yrs lease commencing from 2017,03,Rest of Central Region,36 to 40
THE ANCHORAGE,"3,350,000","1,754.53","1,909",May-25,ALEXANDRA ROAD,Resale,Strata,163,"20,552",-,Condominium,1,Freehold,03,Rest of Central Region,01 to 05
TANGLIN VIEW,"2,188,000","1,162.51","1,882",May-25,PRINCE CHARLES CRESCENT,Resale,Strata,108,"20,259",-,Condominium,1,99 yrs lease commencing from 1997,03,Rest of Central Region,11 to 15
AVENUE SOUTH RESIDENCE,"1,070,000",527.44,"2,029",May-25,SILAT AVENUE,Resale,Strata,49,"21,837",-,Apartment,1,99 yrs lease commencing from 2018,03,Rest of Central Region,16 to 20
EMERALD PARK,"1,530,000",925.7,"1,653",May-25,INDUS ROAD,Resale,Strata,86,"17,791",-,Condominium,1,99 yrs lease commencing from 1991,03,Rest of Central Region,06 to 10
STIRLING RESIDENCES,"1,590,000",688.9,"2,308",May-25,STIRLING ROAD,Resale,Strata,64,"24,844",-,Apartment,1,99 yrs lease commencing from 2017,03,Rest of Central Region,01 to 05
ONE PEARL BANK,"1,130,000",527.44,"2,142",May-25,PEARL BANK,Sub Sale,Strata,49,"23,061",-,Apartment,1,99 yrs lease commencing from 2019,03,Rest of Central Region,21 to 25
STIRLING RESIDENCES,"1,463,800",635.08,"2,305",Apr-25,STIRLING ROAD,Resale,Strata,59,"24,810",-,Apartment,1,99 yrs lease commencing from 2017,03,Rest of Central Region,06 to 10
PRINCIPAL GARDEN,"968,000",484.38,"1,998",Apr-25,PRINCE CHARLES CRESCENT,Resale,Strata,45,"21,511",-,Condominium,1,99 yrs lease commencing from 2014,03,Rest of Central Region,16 to 20
STIRLING RESIDENCES,"1,610,000",688.9,"2,337",Apr-25,STIRLING ROAD,Resale,Strata,64,"25,156",-,Apartment,1,99 yrs lease commencing from 2017,03,Rest of Central Region,01 to 05
RIVER PLACE,"1,930,000","1,033.34","1,868",Apr-25,HAVELOCK ROAD,Resale,Strata,96,"20,104",-,Condominium,1,99 yrs lease commencing from 1995,03,Rest of Central Region,01 to 05
QUEENS PEAK,"2,350,000","1,001.05","2,348",Apr-25,DUNDEE ROAD,Resale,Strata,93,"25,269",-,Condominium,1,99 yrs lease commencing from 2015,03,Rest of Central Region,31 to 35
ALESSANDREA,"2,250,000","1,248.62","1,802",Apr-25,ALEXANDRA ROAD,Resale,Strata,116,"19,397",-,Apartment,1,Freehold,03,Rest of Central Region,01 to 05
ONE PEARL BANK,"3,130,000","1,280.92","2,444",Apr-25,PEARL BANK,Sub Sale,Strata,119,"26,303",-,Apartment,1,99 yrs lease commencing from 2019,03,Rest of Central Region,01 to 05
STIRLING RESIDENCES,"1,438,000",635.08,"2,264",Apr-25,STIRLING ROAD,Resale,Strata,59,"24,373",-,Apartment,1,99 yrs lease commencing from 2017,03,Rest of Central Region,11 to 15
MERAPRIME,"2,388,000","1,173.28","2,035",Apr-25,JALAN BUKIT HO SWEE,Resale,Strata,109,"21,908",-,Condominium,1,99 yrs lease commencing from 2003,03,Rest of Central Region,11 to 15
AVENUE SOUTH RESIDENCE,"1,200,000",527.44,"2,275",Apr-25,SILAT AVENUE,Resale,Strata,49,"24,490",-,Apartment,1,99 yrs lease commencing from 2018,03,Rest of Central Region,16 to 20
QUEENS,"2,190,000","1,194.8","1,833",Apr-25,STIRLING ROAD,Resale,Strata,111,"19,730",-,Condominium,1,99 yrs lease commencing from 1998,03,Rest of Central Region,31 to 35
ARTRA,"1,840,000",785.77,"2,342",Apr-25,ALEXANDRA VIEW,Resale,Strata,73,"25,205",-,Apartment,1,99 yrs lease commencing from 2016,03,Rest of Central Region,06 to 10
STIRLING RESIDENCES,"1,810,000",764.24,"2,368",Apr-25,STIRLING ROAD,Resale,Strata,71,"25,493",-,Apartment,1,99 yrs lease commencing from 2017,03,Rest of Central Region,06 to 10
EMERALD PARK,"1,570,000",947.23,"1,657",Apr-25,INDUS ROAD,Resale,Strata,88,"17,841",-,Condominium,1,99 yrs lease commencing from 1991,03,Rest of Central Region,06 to 10
QUEENS PEAK,"1,750,000",807.3,"2,168",Apr-25,DUNDEE ROAD,Resale,Strata,75,"23,333",-,Condominium,1,99 yrs lease commencing from 2015,03,Rest of Central Region,11 to 15
ARTRA,"1,854,000",785.77,"2,359",Apr-25,ALEXANDRA VIEW,Resale,Strata,73,"25,397",-,Apartment,1,99 yrs lease commencing from 2016,03,Rest of Central Region,16 to 20
STIRLING RESIDENCES,"1,068,000",505.91,"2,111",Apr-25,STIRLING ROAD,Resale,Strata,47,"22,723",-,Apartment,1,99 yrs lease commencing from 2017,03,Rest of Central Region,01 to 05
STIRLING RESIDENCES,"1,738,000",678.13,"2,563",Apr-25,STIRLING ROAD,Resale,Strata,63,"27,587",-,Apartment,1,99 yrs lease commencing from 2017,03,Rest of Central Region,31 to 35
ONE PEARL BANK,"2,000,000",807.3,"2,477",Apr-25,PEARL BANK,Sub Sale,Strata,75,"26,667",-,Apartment,1,99 yrs lease commencing from 2019,03,Rest of Central Region,06 to 10
STIRLING RESIDENCES,"1,110,000",505.91,"2,194",Apr-25,STIRLING ROAD,Resale,Strata,47,"23,617",-,Apartment,1,99 yrs lease commencing from 2017,03,Rest of Central Region,01 to 05
QUEENS PEAK,"1,138,000",495.14,"2,298",Apr-25,DUNDEE ROAD,Resale,Strata,46,"24,739",-,Condominium,1,99 yrs lease commencing from 2015,03,Rest of Central Region,21 to 25
AVENUE SOUTH RESIDENCE,"1,650,000",688.9,"2,395",Apr-25,SILAT AVENUE,Resale,Strata,64,"25,781",-,Apartment,1,99 yrs lease commencing from 2018,03,Rest of Central Region,41 to 45
MARGARET VILLE,"1,390,000",656.6,"2,117",Apr-25,MARGARET DRIVE,Resale,Strata,61,"22,787",-,Apartment,1,99 yrs lease commencing from 2017,03,Rest of Central Region,16 to 20
ONE PEARL BANK,"1,199,888",527.44,"2,275",Apr-25,PEARL BANK,Sub Sale,Strata,49,"24,488",-,Apartment,1,99 yrs lease commencing from 2019,03,Rest of Central Region,01 to 05
STIRLING RESIDENCES,"2,648,100","1,054.87","2,510",Apr-25,STIRLING ROAD,Resale,Strata,98,"27,021",-,Apartment,1,99 yrs lease commencing from 2017,03,Rest of Central Region,21 to 25
ASCENTIA SKY,"4,000,000","1,991.34","2,009",Apr-25,ALEXANDRA VIEW,Resale,Strata,185,"21,622",-,Condominium,1,99 yrs lease commencing from 2008,03,Rest of Central Region,41 to 45
ECHELON,"3,000,000","1,571.54","1,909",Apr-25,ALEXANDRA VIEW,Resale,Strata,146,"20,548",-,Condominium,1,99 yrs lease commencing from 2012,03,Rest of Central Region,01 to 05
ALEX RESIDENCES,"1,510,000",678.13,"2,227",Apr-25,ALEXANDRA VIEW,Resale,Strata,63,"23,968",-,Apartment,1,99 yrs lease commencing from 2013,03,Rest of Central Region,06 to 10
COMMONWEALTH TOWERS,"920,000",462.85,"1,988",Apr-25,COMMONWEALTH AVENUE,Resale,Strata,43,"21,395",-,Condominium,1,99 yrs lease commencing from 2013,03,Rest of Central Region,06 to 10
PRINCIPAL GARDEN,"968,000",484.38,"1,998",Apr-25,PRINCE CHARLES CRESCENT,Resale,Strata,45,"21,511",-,Condominium,1,99 yrs lease commencing from 2014,03,Rest of Central Region,11 to 15
PRINCIPAL GARDEN,"1,793,500",796.54,"2,252",Apr-25,PRINCE CHARLES CRESCENT,Resale,Strata,74,"24,236",-,Condominium,1,99 yrs lease commencing from 2014,03,Rest of Central Region,06 to 10
THE METROPOLITAN CONDOMINIUM,"1,978,000","1,065.64","1,856",Apr-25,ALEXANDRA VIEW,Resale,Strata,99,"19,980",-,Condominium,1,99 yrs lease commencing from 2006,03,Rest of Central Region,16 to 20
THE ANCHORAGE,"3,418,000","1,829.88","1,868",Apr-25,ALEXANDRA ROAD,Resale,Strata,170,"20,106",-,Condominium,1,Freehold,03,Rest of Central Region,11 to 15
TANGLIN VIEW,"2,210,000","1,140.98","1,937",Apr-25,PRINCE CHARLES CRESCENT,Resale,Strata,106,"20,849",-,Condominium,1,99 yrs lease commencing from 1997,03,Rest of Central Region,11 to 15
COMMONWEALTH TOWERS,"1,000,000",441.32,"2,266",Apr-25,COMMONWEALTH AVENUE,Resale,Strata,41,"24,390",-,Condominium,1,99 yrs lease commencing from 2013,03,Rest of Central Region,36 to 40
ASCENTIA SKY,"1,850,000",958,"1,931",Apr-25,ALEXANDRA VIEW,Resale,Strata,89,"20,787",-,Condominium,1,99 yrs lease commencing from 2008,03,Rest of Central Region,01 to 05
RIVER PLACE,"1,950,000","1,076.4","1,812",Apr-25,HAVELOCK ROAD,Resale,Strata,100,"19,500",-,Condominium,1,99 yrs lease commencing from 1995,03,Rest of Central Region,06 to 10
HIGHLINE RESIDENCES,"1,690,000",699.66,"2,415",Apr-25,KIM TIAN ROAD,Resale,Strata,65,"26,000",-,Condominium,1,99 yrs lease commencing from 2013,03,Rest of Central Region,16 to 20
AVENUE SOUTH RESIDENCE,"2,470,000","1,108.69","2,228",Apr-25,SILAT AVENUE,Resale,Strata,103,"23,981",-,Apartment,1,99 yrs lease commencing from 2018,03,Rest of Central Region,11 to 15
STIRLING RESIDENCES,"1,700,000",688.9,"2,468",Apr-25,STIRLING ROAD,Resale,Strata,64,"26,563",-,Apartment,1,99 yrs lease commencing from 2017,03,Rest of Central Region,31 to 35
RIVIERE,"3,350,000","1,173.28","2,855",Apr-25,JIAK KIM STREET,Resale,Strata,109,"30,734",-,Apartment,1,99 yrs lease commencing from 2018,03,Rest of Central Region,01 to 05
QUEENS PEAK,"1,390,000",624.31,"2,226",Apr-25,DUNDEE ROAD,Resale,Strata,58,"23,966",-,Condominium,1,99 yrs lease commencing from 2015,03,Rest of Central Region,21 to 25
THE CREST,"2,538,000","1,313.21","1,933",Apr-25,PRINCE CHARLES CRESCENT,Resale,Strata,122,"20,803",-,Condominium,1,99 yrs lease commencing from 2012,03,Rest of Central Region,11 to 15
MARGARET VILLE,"1,788,000",828.83,"2,157",Apr-25,MARGARET DRIVE,Resale,Strata,77,"23,221",-,Apartment,1,99 yrs lease commencing from 2017,03,Rest of Central Region,06 to 10
STIRLING RESIDENCES,"1,705,000",688.9,"2,475",Apr-25,STIRLING ROAD,Resale,Strata,64,"26,641",-,Apartment,1,99 yrs lease commencing from 2017,03,Rest of Central Region,31 to 35
THE REGENCY AT TIONG BAHRU,"2,220,000",958,"2,317",Apr-25,CHAY YAN STREET,Resale,Strata,89,"24,944",-,Condominium,1,Freehold,03,Rest of Central Region,01 to 05
HIGHLINE RESIDENCES,"3,200,888","1,291.68","2,478",Apr-25,KIM TIAN ROAD,Resale,Strata,120,"26,674",-,Condominium,1,99 yrs lease commencing from 2013,03,Rest of Central Region,31 to 35
QUEENS PEAK,"978,000",430.56,"2,271",Apr-25,DUNDEE ROAD,Resale,Strata,40,"24,450",-,Condominium,1,99 yrs lease commencing from 2015,03,Rest of Central Region,06 to 10
RIVIERE,"2,330,000",818.06,"2,848",Apr-25,JIAK KIM STREET,Resale,Strata,76,"30,658",-,Apartment,1,99 yrs lease commencing from 2018,03,Rest of Central Region,11 to 15
PRINCIPAL GARDEN,"1,740,000",785.77,"2,214",Apr-25,PRINCE CHARLES CRESCENT,Resale,Strata,73,"23,836",-,Condominium,1,99 yrs lease commencing from 2014,03,Rest of Central Region,21 to 25
ARTRA,"1,800,000",785.77,"2,291",Apr-25,ALEXANDRA VIEW,Resale,Strata,73,"24,658",-,Apartment,1,99 yrs lease commencing from 2016,03,Rest of Central Region,06 to 10
ALEX RESIDENCES,"1,530,000",678.13,"2,256",Apr-25,ALEXANDRA VIEW,Resale,Strata,63,"24,286",-,Apartment,1,99 yrs lease commencing from 2013,03,Rest of Central Region,11 to 15
ALEXIS,"982,000",527.44,"1,862",Apr-25,ALEXANDRA ROAD,Resale,Strata,49,"20,041",-,Apartment,1,Freehold,03,Rest of Central Region,01 to 05
PRINCIPAL GARDEN,"2,788,800","1,194.8","2,334",Apr-25,PRINCE CHARLES CRESCENT,Resale,Strata,111,"25,124",-,Condominium,1,99 yrs lease commencing from 2014,03,Rest of Central Region,06 to 10
AVENUE SOUTH RESIDENCE,"1,600,000",807.3,"1,982",Apr-25,SILAT AVENUE,Resale,Strata,75,"21,333",-,Apartment,1,99 yrs lease commencing from 2018,03,Rest of Central Region,01 to 05
ARTRA,"1,918,000",828.83,"2,314",Apr-25,ALEXANDRA VIEW,Resale,Strata,77,"24,909",-,Apartment,1,99 yrs lease commencing from 2016,03,Rest of Central Region,21 to 25
MARGARET VILLE,"1,030,000",462.85,"2,225",Mar-25,MARGARET DRIVE,Resale,Strata,43,"23,953",-,Apartment,1,99 yrs lease commencing from 2017,03,Rest of Central Region,11 to 15
STIRLING RESIDENCES,"1,950,000",764.24,"2,552",Mar-25,STIRLING ROAD,Resale,Strata,71,"27,465",-,Apartment,1,99 yrs lease commencing from 2017,03,Rest of Central Region,26 to 30
QUEENS PEAK,"1,838,000",850.36,"2,161",Mar-25,DUNDEE ROAD,Resale,Strata,79,"23,266",-,Condominium,1,99 yrs lease commencing from 2015,03,Rest of Central Region,26 to 30
STIRLING RESIDENCES,"1,490,000",624.31,"2,387",Mar-25,STIRLING ROAD,Resale,Strata,58,"25,690",-,Apartment,1,99 yrs lease commencing from 2017,03,Rest of Central Region,26 to 30
ALEX RESIDENCES,"1,560,000",678.13,"2,300",Mar-25,ALEXANDRA VIEW,Resale,Strata,63,"24,762",-,Apartment,1,99 yrs lease commencing from 2013,03,Rest of Central Region,31 to 35
QUEENS,"1,968,000","1,194.8","1,647",Mar-25,STIRLING ROAD,Resale,Strata,111,"17,730",-,Condominium,1,99 yrs lease commencing from 1998,03,Rest of Central Region,06 to 10
RIVIERE,"2,375,000",818.06,"2,903",Mar-25,JIAK KIM STREET,Resale,Strata,76,"31,250",-,Apartment,1,99 yrs lease commencing from 2018,03,Rest of Central Region,06 to 10
AVENUE SOUTH RESIDENCE,"1,388,000",656.6,"2,114",Mar-25,SILAT AVENUE,Resale,Strata,61,"22,754",-,Apartment,1,99 yrs lease commencing from 2018,03,Rest of Central Region,01 to 05
PRINCIPAL GARDEN,"3,800,000","1,571.54","2,418",Mar-25,PRINCE CHARLES CRESCENT,Resale,Strata,146,"26,027",-,Condominium,1,99 yrs lease commencing from 2014,03,Rest of Central Region,06 to 10
STIRLING RESIDENCES,"1,630,000",688.9,"2,366",Mar-25,STIRLING ROAD,Resale,Strata,64,"25,469",-,Apartment,1,99 yrs lease commencing from 2017,03,Rest of Central Region,11 to 15
PRINCIPAL GARDEN,"1,880,000",796.54,"2,360",Mar-25,PRINCE CHARLES CRESCENT,Resale,Strata,74,"25,405",-,Condominium,1,99 yrs lease commencing from 2014,03,Rest of Central Region,16 to 20
THE CREST,"1,280,000",764.24,"1,675",Mar-25,PRINCE CHARLES CRESCENT,Resale,Strata,71,"18,028",-,Condominium,1,99 yrs lease commencing from 2012,03,Rest of Central Region,11 to 15
TANGLIN VIEW,"2,225,000","1,140.98","1,950",Mar-25,PRINCE CHARLES CRESCENT,Resale,Strata,106,"20,991",-,Condominium,1,99 yrs lease commencing from 1997,03,Rest of Central Region,11 to 15
STIRLING RESIDENCES,"2,660,000","1,054.87","2,522",Mar-25,STIRLING ROAD,Resale,Strata,98,"27,143",-,Apartment,1,99 yrs lease commencing from 2017,03,Rest of Central Region,31 to 35
THE ANCHORAGE,"3,200,000","1,420.85","2,252",Mar-25,ALEXANDRA ROAD,Resale,Strata,132,"24,242",-,Condominium,1,Freehold,03,Rest of Central Region,06 to 10
QUEENS,"2,250,000","1,194.8","1,883",Mar-25,STIRLING ROAD,Resale,Strata,111,"20,270",-,Condominium,1,99 yrs lease commencing from 1998,03,Rest of Central Region,21 to 25
STIRLING RESIDENCES,"1,720,000",678.13,"2,536",Mar-25,STIRLING ROAD,Resale,Strata,63,"27,302",-,Apartment,1,99 yrs lease commencing from 2017,03,Rest of Central Region,21 to 25
MARGARET VILLE,"2,050,000",914.94,"2,241",Mar-25,MARGARET DRIVE,Resale,Strata,85,"24,118",-,Apartment,1,99 yrs lease commencing from 2017,03,Rest of Central Region,06 to 10
ALESSANDREA,"2,200,000","1,097.93","2,004",Mar-25,ALEXANDRA ROAD,Resale,Strata,102,"21,569",-,Apartment,1,Freehold,03,Rest of Central Region,06 to 10
STIRLING RESIDENCES,"2,200,000",882.65,"2,492",Mar-25,STIRLING ROAD,Resale,Strata,82,"26,829",-,Apartment,1,99 yrs lease commencing from 2017,03,Rest of Central Region,11 to 15
ONE PEARL BANK,"1,638,000",699.66,"2,341",Mar-25,PEARL BANK,Sub Sale,Strata,65,"25,200",-,Apartment,1,99 yrs lease commencing from 2019,03,Rest of Central Region,06 to 10
STIRLING RESIDENCES,"1,050,000",441.32,"2,379",Mar-25,STIRLING ROAD,Resale,Strata,41,"25,610",-,Apartment,1,99 yrs lease commencing from 2017,03,Rest of Central Region,21 to 25
ALEXIS,"982,000",516.67,"1,901",Mar-25,ALEXANDRA ROAD,Resale,Strata,48,"20,458",-,Apartment,1,Freehold,03,Rest of Central Region,01 to 05
MARGARET VILLE,"2,600,000","1,184.04","2,196",Mar-25,MARGARET DRIVE,Resale,Strata,110,"23,636",-,Apartment,1,99 yrs lease commencing from 2017,03,Rest of Central Region,11 to 15
STIRLING RESIDENCES,"1,456,000",656.6,"2,217",Mar-25,STIRLING ROAD,Resale,Strata,61,"23,869",-,Apartment,1,99 yrs lease commencing from 2017,03,Rest of Central Region,06 to 10
CENTRAL GREEN CONDOMINIUM,"2,450,000","1,431.61","1,711",Mar-25,JALAN MEMBINA,Resale,Strata,133,"18,421",-,Condominium,1,99 yrs lease commencing from 1992,03,Rest of Central Region,06 to 10
MARGARET VILLE,"1,378,888",656.6,"2,100",Mar-25,MARGARET DRIVE,Resale,Strata,61,"22,605",-,Apartment,1,99 yrs lease commencing from 2017,03,Rest of Central Region,01 to 05
QUEENS,"2,050,000","1,194.8","1,716",Mar-25,STIRLING ROAD,Resale,Strata,111,"18,468",-,Condominium,1,99 yrs lease commencing from 1998,03,Rest of Central Region,21 to 25
ARTRA,"3,320,000","1,410.08","2,354",Mar-25,ALEXANDRA VIEW,Resale,Strata,131,"25,344",-,Apartment,1,99 yrs lease commencing from 2016,03,Rest of Central Region,31 to 35
ONE PEARL BANK,"1,790,000",699.66,"2,558",Mar-25,PEARL BANK,Sub Sale,Strata,65,"27,538",-,Apartment,1,99 yrs lease commencing from 2019,03,Rest of Central Region,11 to 15
PRINCIPAL GARDEN,"3,930,000","1,571.54","2,501",Mar-25,PRINCE CHARLES CRESCENT,Resale,Strata,146,"26,918",-,Condominium,1,99 yrs lease commencing from 2014,03,Rest of Central Region,21 to 25
RIVER PLACE,"1,400,000",785.77,"1,782",Mar-25,HAVELOCK ROAD,Resale,Strata,73,"19,178",-,Condominium,1,99 yrs lease commencing from 1995,03,Rest of Central Region,06 to 10
THE CREST,"1,550,000",785.77,"1,973",Mar-25,PRINCE CHARLES CRESCENT,Resale,Strata,73,"21,233",-,Condominium,1,99 yrs lease commencing from 2012,03,Rest of Central Region,16 to 20
STIRLING RESIDENCES,"3,388,000","1,345.5","2,518",Mar-25,STIRLING ROAD,Resale,Strata,125,"27,104",-,Apartment,1,99 yrs lease commencing from 2017,03,Rest of Central Region,06 to 10
COMMONWEALTH TOWERS,"2,050,000",904.18,"2,267",Mar-25,COMMONWEALTH AVENUE,Resale,Strata,84,"24,405",-,Condominium,1,99 yrs lease commencing from 2013,03,Rest of Central Region,06 to 10
HIGHLINE RESIDENCES,"1,630,000",635.08,"2,567",Mar-25,KIM TIAN ROAD,Resale,Strata,59,"27,627",-,Condominium,1,99 yrs lease commencing from 2013,03,Rest of Central Region,26 to 30
ARTRA,"1,990,000",828.83,"2,401",Mar-25,ALEXANDRA VIEW,Resale,Strata,77,"25,844",-,Apartment,1,99 yrs lease commencing from 2016,03,Rest of Central Region,11 to 15
COMMONWEALTH TOWERS,"1,700,000",753.48,"2,256",Mar-25,COMMONWEALTH AVENUE,Resale,Strata,70,"24,286",-,Condominium,1,99 yrs lease commencing from 2013,03,Rest of Central Region,11 to 15
ALEXIS,"1,248,000",850.36,"1,468",Mar-25,ALEXANDRA ROAD,Resale,Strata,79,"15,797",-,Apartment,1,Freehold,03,Rest of Central Region,06 to 10
PRINCIPAL GARDEN,"950,000",484.38,"1,961",Mar-25,PRINCE CHARLES CRESCENT,Resale,Strata,45,"21,111",-,Condominium,1,99 yrs lease commencing from 2014,03,Rest of Central Region,16 to 20
THE ANCHORAGE,"2,930,000","1,506.96","1,944",Mar-25,ALEXANDRA ROAD,Resale,Strata,140,"20,929",-,Condominium,1,Freehold,03,Rest of Central Region,11 to 15
COMMONWEALTH TOWERS,"1,680,000",753.48,"2,230",Mar-25,COMMONWEALTH AVENUE,Resale,Strata,70,"24,000",-,Condominium,1,99 yrs lease commencing from 2013,03,Rest of Central Region,06 to 10
PRINCIPAL GARDEN,"1,700,000",785.77,"2,163",Mar-25,PRINCE CHARLES CRESCENT,Resale,Strata,73,"23,288",-,Condominium,1,99 yrs lease commencing from 2014,03,Rest of Central Region,11 to 15
PRINCIPAL GARDEN,"1,710,000",764.24,"2,238",Mar-25,PRINCE CHARLES CRESCENT,Resale,Strata,71,"24,085",-,Condominium,1,99 yrs lease commencing from 2014,03,Rest of Central Region,11 to 15
COMMONWEALTH TOWERS,"2,330,000","1,033.34","2,255",Mar-25,COMMONWEALTH AVENUE,Resale,Strata,96,"24,271",-,Condominium,1,99 yrs lease commencing from 2013,03,Rest of Central Region,01 to 05
THE CREST,"2,090,000","1,022.58","2,044",Mar-25,PRINCE CHARLES CRESCENT,Resale,Strata,95,"22,000",-,Condominium,1,99 yrs lease commencing from 2012,03,Rest of Central Region,01 to 05
STIRLING RESIDENCES,"1,510,000",624.31,"2,419",Mar-25,STIRLING ROAD,Resale,Strata,58,"26,034",-,Apartment,1,99 yrs lease commencing from 2017,03,Rest of Central Region,36 to 40
STIRLING RESIDENCES,"1,618,888",688.9,"2,350",Mar-25,STIRLING ROAD,Resale,Strata,64,"25,295",-,Apartment,1,99 yrs lease commencing from 2017,03,Rest of Central Region,11 to 15
QUEENS PEAK,"1,350,000",624.31,"2,162",Mar-25,DUNDEE ROAD,Resale,Strata,58,"23,276",-,Condominium,1,99 yrs lease commencing from 2015,03,Rest of Central Region,11 to 15
TANGLIN VIEW,"1,740,000","1,194.8","1,456",Mar-25,PRINCE CHARLES CRESCENT,Resale,Strata,111,"15,676",-,Condominium,1,99 yrs lease commencing from 1997,03,Rest of Central Region,01 to 05
QUEENS PEAK,"955,000",441.32,"2,164",Mar-25,DUNDEE ROAD,Resale,Strata,41,"23,293",-,Condominium,1,99 yrs lease commencing from 2015,03,Rest of Central Region,16 to 20
THE CREST,"3,300,000","1,722.24","1,916",Mar-25,PRINCE CHARLES CRESCENT,Resale,Strata,160,"20,625",-,Condominium,1,99 yrs lease commencing from 2012,03,Rest of Central Region,01 to 05
PRINCIPAL GARDEN,"2,988,000","1,237.86","2,414",Mar-25,PRINCE CHARLES CRESCENT,Resale,Strata,115,"25,983",-,Condominium,1,99 yrs lease commencing from 2014,03,Rest of Central Region,06 to 10
AVENUE SOUTH RESIDENCE,"920,000",473.62,"1,943",Mar-25,SILAT AVENUE,Resale,Strata,44,"20,909",-,Apartment,1,99 yrs lease commencing from 2018,03,Rest of Central Region,01 to 05
STIRLING RESIDENCES,"1,360,000",635.08,"2,141",Mar-25,STIRLING ROAD,Resale,Strata,59,"23,051",-,Apartment,1,99 yrs lease commencing from 2017,03,Rest of Central Region,01 to 05
THE CREST,"3,700,000","1,872.94","1,976",Mar-25,PRINCE CHARLES CRESCENT,Resale,Strata,174,"21,264",-,Condominium,1,99 yrs lease commencing from 2012,03,Rest of Central Region,01 to 05
TANGLIN VIEW,"2,360,000","1,248.62","1,890",Mar-25,PRINCE CHARLES CRESCENT,Resale,Strata,116,"20,345",-,Condominium,1,99 yrs lease commencing from 1997,03,Rest of Central Region,06 to 10
AVENUE SOUTH RESIDENCE,"1,290,000",656.6,"1,965",Mar-25,SILAT AVENUE,Resale,Strata,61,"21,148",-,Apartment,1,99 yrs lease commencing from 2018,03,Rest of Central Region,06 to 10
STIRLING RESIDENCES,"1,756,000",678.13,"2,589",Mar-25,STIRLING ROAD,Resale,Strata,63,"27,873",-,Apartment,1,99 yrs lease commencing from 2017,03,Rest of Central Region,21 to 25
STIRLING RESIDENCES,"1,485,000",635.08,"2,338",Mar-25,STIRLING ROAD,Resale,Strata,59,"25,169",-,Apartment,1,99 yrs lease commencing from 2017,03,Rest of Central Region,11 to 15
QUEENS PEAK,"1,888,888",861.12,"2,194",Mar-25,DUNDEE ROAD,Resale,Strata,80,"23,611",-,Condominium,1,99 yrs lease commencing from 2015,03,Rest of Central Region,31 to 35
QUEENS PEAK,"1,930,000",947.23,"2,038",Mar-25,DUNDEE ROAD,Resale,Strata,88,"21,932",-,Condominium,1,99 yrs lease commencing from 2015,03,Rest of Central Region,11 to 15
ARTRA,"2,630,000","1,119.46","2,349",Mar-25,ALEXANDRA VIEW,Resale,Strata,104,"25,288",-,Apartment,1,99 yrs lease commencing from 2016,03,Rest of Central Region,26 to 30
STIRLING RESIDENCES,"1,100,000",505.91,"2,174",Mar-25,STIRLING ROAD,Resale,Strata,47,"23,404",-,Apartment,1,99 yrs lease commencing from 2017,03,Rest of Central Region,01 to 05
COMMONWEALTH TOWERS,"1,730,000",753.48,"2,296",Mar-25,COMMONWEALTH AVENUE,Resale,Strata,70,"24,714",-,Condominium,1,99 yrs lease commencing from 2013,03,Rest of Central Region,16 to 20
RIVER PLACE,"1,520,000",818.06,"1,858",Mar-25,HAVELOCK ROAD,Resale,Strata,76,"20,000",-,Condominium,1,99 yrs lease commencing from 1995,03,Rest of Central Region,01 to 05
THE CREST,"2,480,000","1,227.1","2,021",Mar-25,PRINCE CHARLES CRESCENT,Resale,Strata,114,"21,754",-,Condominium,1,99 yrs lease commencing from 2012,03,Rest of Central Region,06 to 10
THE CREST,"1,140,000",667.37,"1,708",Mar-25,PRINCE CHARLES CRESCENT,Resale,Strata,62,"18,387",-,Condominium,1,99 yrs lease commencing from 2012,03,Rest of Central Region,06 to 10
MARGARET VILLE,"2,250,000",968.76,"2,323",Feb-25,MARGARET DRIVE,Resale,Strata,90,"25,000",-,Apartment,1,99 yrs lease commencing from 2017,03,Rest of Central Region,16 to 20
RIVER PLACE,"1,500,000",818.06,"1,834",Feb-25,HAVELOCK ROAD,Resale,Strata,76,"19,737",-,Condominium,1,99 yrs lease commencing from 1995,03,Rest of Central Region,01 to 05
AVENUE SOUTH RESIDENCE,"960,000",495.14,"1,939",Feb-25,SILAT AVENUE,Resale,Strata,46,"20,870",-,Apartment,1,99 yrs lease commencing from 2018,03,Rest of Central Region,01 to 05
STIRLING RESIDENCES,"1,540,000",656.6,"2,345",Feb-25,STIRLING ROAD,Resale,Strata,61,"25,246",-,Apartment,1,99 yrs lease commencing from 2017,03,Rest of Central Region,31 to 35
QUEENS PEAK,"1,138,000",495.14,"2,298",Feb-25,DUNDEE ROAD,Resale,Strata,46,"24,739",-,Condominium,1,99 yrs lease commencing from 2015,03,Rest of Central Region,21 to 25
AVENUE SOUTH RESIDENCE,"1,450,000",688.9,"2,105",Feb-25,SILAT AVENUE,Resale,Strata,64,"22,656",-,Apartment,1,99 yrs lease commencing from 2018,03,Rest of Central Region,01 to 05
STIRLING RESIDENCES,"1,900,000",764.24,"2,486",Feb-25,STIRLING ROAD,Resale,Strata,71,"26,761",-,Apartment,1,99 yrs lease commencing from 2017,03,Rest of Central Region,31 to 35
PRINCIPAL GARDEN,"1,854,000",807.3,"2,297",Feb-25,PRINCE CHARLES CRESCENT,Resale,Strata,75,"24,720",-,Condominium,1,99 yrs lease commencing from 2014,03,Rest of Central Region,21 to 25
QUEENS PEAK,"1,370,000",624.31,"2,194",Feb-25,DUNDEE ROAD,Resale,Strata,58,"23,621",-,Condominium,1,99 yrs lease commencing from 2015,03,Rest of Central Region,06 to 10
ECHELON,"1,590,000",731.95,"2,172",Feb-25,ALEXANDRA VIEW,Resale,Strata,68,"23,382",-,Condominium,1,99 yrs lease commencing from 2012,03,Rest of Central Region,06 to 10
AVENUE SOUTH RESIDENCE,"1,250,000",527.44,"2,370",Feb-25,SILAT AVENUE,Resale,Strata,49,"25,510",-,Apartment,1,99 yrs lease commencing from 2018,03,Rest of Central Region,31 to 35
THE METROPOLITAN CONDOMINIUM,"3,275,000","1,743.77","1,878",Feb-25,ALEXANDRA VIEW,Resale,Strata,162,"20,216",-,Condominium,1,99 yrs lease commencing from 2006,03,Rest of Central Region,26 to 30
PRINCIPAL GARDEN,"935,000",484.38,"1,930",Feb-25,PRINCE CHARLES CRESCENT,Resale,Strata,45,"20,778",-,Condominium,1,99 yrs lease commencing from 2014,03,Rest of Central Region,06 to 10
STIRLING RESIDENCES,"1,473,888",656.6,"2,245",Feb-25,STIRLING ROAD,Resale,Strata,61,"24,162",-,Apartment,1,99 yrs lease commencing from 2017,03,Rest of Central Region,21 to 25
STIRLING RESIDENCES,"1,750,000",678.13,"2,581",Feb-25,STIRLING ROAD,Resale,Strata,63,"27,778",-,Apartment,1,99 yrs lease commencing from 2017,03,Rest of Central Region,31 to 35
CENTRAL GREEN CONDOMINIUM,"2,680,000","1,528.49","1,753",Feb-25,JALAN MEMBINA,Resale,Strata,142,"18,873",-,Condominium,1,99 yrs lease commencing from 1992,03,Rest of Central Region,16 to 20
THE ANCHORAGE,"2,950,000","1,603.84","1,839",Feb-25,ALEXANDRA ROAD,Resale,Strata,149,"19,799",-,Condominium,1,Freehold,03,Rest of Central Region,01 to 05
STIRLING RESIDENCES,"1,680,000",688.9,"2,439",Feb-25,STIRLING ROAD,Resale,Strata,64,"26,250",-,Apartment,1,99 yrs lease commencing from 2017,03,Rest of Central Region,26 to 30
ECHELON,"1,620,000",731.95,"2,213",Feb-25,ALEXANDRA VIEW,Resale,Strata,68,"23,824",-,Condominium,1,99 yrs lease commencing from 2012,03,Rest of Central Region,01 to 05
RIVIERE,"5,100,000","1,711.48","2,980",Feb-25,JIAK KIM STREET,Resale,Strata,159,"32,075",-,Apartment,1,99 yrs lease commencing from 2018,03,Rest of Central Region,31 to 35
AVENUE SOUTH RESIDENCE,"2,450,000",947.23,"2,586",Feb-25,SILAT AVENUE,Resale,Strata,88,"27,841",-,Apartment,1,99 yrs lease commencing from 2018,03,Rest of Central Region,41 to 45
RIVER PLACE,"2,350,000","1,302.44","1,804",Feb-25,HAVELOCK ROAD,Resale,Strata,121,"19,421",-,Condominium,1,99 yrs lease commencing from 1995,03,Rest of Central Region,06 to 10
STIRLING RESIDENCES,"1,525,000",635.08,"2,401",Feb-25,STIRLING ROAD,Resale,Strata,59,"25,847",-,Apartment,1,99 yrs lease commencing from 2017,03,Rest of Central Region,26 to 30
ARTRA,"1,938,000",785.77,"2,466",Feb-25,ALEXANDRA VIEW,Resale,Strata,73,"26,548",-,Apartment,1,99 yrs lease commencing from 2016,03,Rest of Central Region,41 to 45
THE METROPOLITAN CONDOMINIUM,"2,850,000","1,399.32","2,037",Feb-25,ALEXANDRA VIEW,Resale,Strata,130,"21,923",-,Condominium,1,99 yrs lease commencing from 2006,03,Rest of Central Region,36 to 40
PRINCIPAL GARDEN,"1,780,000",807.3,"2,205",Feb-25,PRINCE CHARLES CRESCENT,Resale,Strata,75,"23,733",-,Condominium,1,99 yrs lease commencing from 2014,03,Rest of Central Region,01 to 05
STIRLING RESIDENCES,"1,139,000",505.91,"2,251",Feb-25,STIRLING ROAD,Resale,Strata,47,"24,234",-,Apartment,1,99 yrs lease commencing from 2017,03,Rest of Central Region,06 to 10
ALEX RESIDENCES,"2,135,000",925.7,"2,306",Feb-25,ALEXANDRA VIEW,Resale,Strata,86,"24,826",-,Apartment,1,99 yrs lease commencing from 2013,03,Rest of Central Region,26 to 30
RIVER PLACE,"3,027,753","1,582.31","1,914",Feb-25,HAVELOCK ROAD,Resale,Strata,147,"20,597",-,Condominium,1,99 yrs lease commencing from 1995,03,Rest of Central Region,01 to 05
AVENUE SOUTH RESIDENCE,"1,450,000",656.6,"2,208",Feb-25,SILAT AVENUE,Resale,Strata,61,"23,770",-,Apartment,1,99 yrs lease commencing from 2018,03,Rest of Central Region,11 to 15
THE METROPOLITAN CONDOMINIUM,"1,396,888",721.19,"1,937",Feb-25,ALEXANDRA VIEW,Resale,Strata,67,"20,849",-,Condominium,1,99 yrs lease commencing from 2006,03,Rest of Central Region,16 to 20
ALEX RESIDENCES,"1,530,000",678.13,"2,256",Feb-25,ALEXANDRA VIEW,Resale,Strata,63,"24,286",-,Apartment,1,99 yrs lease commencing from 2013,03,Rest of Central Region,26 to 30
STIRLING RESIDENCES,"1,435,000",656.6,"2,185",Feb-25,STIRLING ROAD,Resale,Strata,61,"23,525",-,Apartment,1,99 yrs lease commencing from 2017,03,Rest of Central Region,06 to 10
QUEENS PEAK,"4,230,000","2,002.1","2,113",Feb-25,DUNDEE ROAD,Resale,Strata,186,"22,742",-,Condominium,1,99 yrs lease commencing from 2015,03,Rest of Central Region,31 to 35
COMMONWEALTH TOWERS,"1,000,000",462.85,"2,161",Feb-25,COMMONWEALTH AVENUE,Resale,Strata,43,"23,256",-,Condominium,1,99 yrs lease commencing from 2013,03,Rest of Central Region,21 to 25
ALEX RESIDENCES,"1,983,000",904.18,"2,193",Feb-25,ALEXANDRA VIEW,Resale,Strata,84,"23,607",-,Apartment,1,99 yrs lease commencing from 2013,03,Rest of Central Region,11 to 15
AVENUE SOUTH RESIDENCE,"1,818,888",731.95,"2,485",Feb-25,SILAT AVENUE,Resale,Strata,68,"26,748",-,Apartment,1,99 yrs lease commencing from 2018,03,Rest of Central Region,46 to 50
STIRLING RESIDENCES,"1,490,000",624.31,"2,387",Feb-25,STIRLING ROAD,Resale,Strata,58,"25,690",-,Apartment,1,99 yrs lease commencing from 2017,03,Rest of Central Region,16 to 20
STIRLING RESIDENCES,"1,872,000",764.24,"2,449",Feb-25,STIRLING ROAD,Resale,Strata,71,"26,366",-,Apartment,1,99 yrs lease commencing from 2017,03,Rest of Central Region,26 to 30
STIRLING RESIDENCES,"1,255,000",505.91,"2,481",Feb-25,STIRLING ROAD,Resale,Strata,47,"26,702",-,Apartment,1,99 yrs lease commencing from 2017,03,Rest of Central Region,36 to 40
ALEX RESIDENCES,"1,550,000",678.13,"2,286",Feb-25,ALEXANDRA VIEW,Resale,Strata,63,"24,603",-,Apartment,1,99 yrs lease commencing from 2013,03,Rest of Central Region,16 to 20
ALEX RESIDENCES,"1,910,888",882.65,"2,165",Feb-25,ALEXANDRA VIEW,Resale,Strata,82,"23,304",-,Apartment,1,99 yrs lease commencing from 2013,03,Rest of Central Region,31 to 35
RIVER PLACE,"3,418,000","2,066.69","1,654",Feb-25,HAVELOCK ROAD,Resale,Strata,192,"17,802",-,Condominium,1,99 yrs lease commencing from 1995,03,Rest of Central Region,06 to 10
MERAPRIME,"2,700,000","1,313.21","2,056",Feb-25,JALAN BUKIT HO SWEE,Resale,Strata,122,"22,131",-,Condominium,1,99 yrs lease commencing from 2003,03,Rest of Central Region,26 to 30
AVENUE SOUTH RESIDENCE,"2,370,000",947.23,"2,502",Feb-25,SILAT AVENUE,Resale,Strata,88,"26,932",-,Apartment,1,99 yrs lease commencing from 2018,03,Rest of Central Region,36 to 40
COMMONWEALTH TOWERS,"1,015,000",441.32,"2,300",Feb-25,COMMONWEALTH AVENUE,Resale,Strata,41,"24,756",-,Condominium,1,99 yrs lease commencing from 2013,03,Rest of Central Region,36 to 40
ASCENTIA SKY,"3,200,000","1,819.12","1,759",Feb-25,ALEXANDRA VIEW,Resale,Strata,169,"18,935",-,Condominium,1,99 yrs lease commencing from 2008,03,Rest of Central Region,11 to 15
COMMONWEALTH TOWERS,"970,000",484.38,"2,003",Feb-25,COMMONWEALTH AVENUE,Resale,Strata,45,"21,556",-,Condominium,1,99 yrs lease commencing from 2013,03,Rest of Central Region,11 to 15
HIGHLINE RESIDENCES,"1,137,500",505.91,"2,248",Feb-25,KIM TIAN ROAD,Resale,Strata,47,"24,202",-,Condominium,1,99 yrs lease commencing from 2013,03,Rest of Central Region,01 to 05
HIGHLINE RESIDENCES,"2,450,000","1,205.57","2,032",Feb-25,KIM TIAN ROAD,Resale,Strata,112,"21,875",-,Condominium,1,99 yrs lease commencing from 2013,03,Rest of Central Region,01 to 05
MARGARET VILLE,"2,138,000",968.76,"2,207",Jan-25,MARGARET DRIVE,Resale,Strata,90,"23,756",-,Apartment,1,99 yrs lease commencing from 2017,03,Rest of Central Region,06 to 10
MARGARET VILLE,"1,400,000",656.6,"2,132",Jan-25,MARGARET DRIVE,Resale,Strata,61,"22,951",-,Apartment,1,99 yrs lease commencing from 2017,03,Rest of Central Region,26 to 30
STIRLING RESIDENCES,"1,500,000",656.6,"2,284",Jan-25,STIRLING ROAD,Resale,Strata,61,"24,590",-,Apartment,1,99 yrs lease commencing from 2017,03,Rest of Central Region,26 to 30
COMMONWEALTH TOWERS,"1,610,000",699.66,"2,301",Jan-25,COMMONWEALTH AVENUE,Resale,Strata,65,"24,769",-,Condominium,1,99 yrs lease commencing from 2013,03,Rest of Central Region,21 to 25
HIGHLINE RESIDENCES,"1,750,000",699.66,"2,501",Jan-25,KIM TIAN ROAD,Resale,Strata,65,"26,923",-,Condominium,1,99 yrs lease commencing from 2013,03,Rest of Central Region,26 to 30
ALEX RESIDENCES,"1,490,000",656.6,"2,269",Jan-25,ALEXANDRA VIEW,Resale,Strata,61,"24,426",-,Apartment,1,99 yrs lease commencing from 2013,03,Rest of Central Region,16 to 20
THE REGENCY AT TIONG BAHRU,"2,120,000",925.7,"2,290",Jan-25,CHAY YAN STREET,Resale,Strata,86,"24,651",-,Condominium,1,Freehold,03,Rest of Central Region,16 to 20
PRINCIPAL GARDEN,"1,725,000",807.3,"2,137",Jan-25,PRINCE CHARLES CRESCENT,Resale,Strata,75,"23,000",-,Condominium,1,99 yrs lease commencing from 2014,03,Rest of Central Region,01 to 05
ASCENTIA SKY,"2,835,000","1,474.67","1,922",Jan-25,ALEXANDRA VIEW,Resale,Strata,137,"20,693",-,Condominium,1,99 yrs lease commencing from 2008,03,Rest of Central Region,26 to 30
ECHELON,"3,050,000","1,571.54","1,941",Jan-25,ALEXANDRA VIEW,Resale,Strata,146,"20,890",-,Condominium,1,99 yrs lease commencing from 2012,03,Rest of Central Region,11 to 15
PRINCIPAL GARDEN,"1,570,000",764.24,"2,054",Jan-25,PRINCE CHARLES CRESCENT,Resale,Strata,71,"22,113",-,Condominium,1,99 yrs lease commencing from 2014,03,Rest of Central Region,01 to 05
ASCENTIA SKY,"1,968,000","1,011.82","1,945",Jan-25,ALEXANDRA VIEW,Resale,Strata,94,"20,936",-,Condominium,1,99 yrs lease commencing from 2008,03,Rest of Central Region,26 to 30
STIRLING RESIDENCES,"2,160,000",882.65,"2,447",Jan-25,STIRLING ROAD,Resale,Strata,82,"26,341",-,Apartment,1,99 yrs lease commencing from 2017,03,Rest of Central Region,26 to 30
ONE PEARL BANK,"1,582,000",699.66,"2,261",Jan-25,PEARL BANK,Sub Sale,Strata,65,"24,338",-,Apartment,1,99 yrs lease commencing from 2019,03,Rest of Central Region,01 to 05
THE ANCHORAGE,"2,490,000","1,237.86","2,012",Jan-25,ALEXANDRA ROAD,Resale,Strata,115,"21,652",-,Condominium,1,Freehold,03,Rest of Central Region,06 to 10
COMMONWEALTH TOWERS,"1,018,000",473.62,"2,149",Jan-25,COMMONWEALTH AVENUE,Resale,Strata,44,"23,136",-,Condominium,1,99 yrs lease commencing from 2013,03,Rest of Central Region,41 to 45
ASCENTIA SKY,"2,090,000",947.23,"2,206",Jan-25,ALEXANDRA VIEW,Resale,Strata,88,"23,750",-,Condominium,1,99 yrs lease commencing from 2008,03,Rest of Central Region,31 to 35
PRINCIPAL GARDEN,"918,000",484.38,"1,895",Jan-25,PRINCE CHARLES CRESCENT,Resale,Strata,45,"20,400",-,Condominium,1,99 yrs lease commencing from 2014,03,Rest of Central Region,01 to 05
ONE PEARL BANK,"2,380,000",893.41,"2,664",Jan-25,PEARL BANK,Sub Sale,Strata,83,"28,675",-,Apartment,1,99 yrs lease commencing from 2019,03,Rest of Central Region,06 to 10
QUEENS PEAK,"2,410,000","1,054.87","2,285",Jan-25,DUNDEE ROAD,Resale,Strata,98,"24,592",-,Condominium,1,99 yrs lease commencing from 2015,03,Rest of Central Region,36 to 40
AVENUE SOUTH RESIDENCE,"2,335,000",947.23,"2,465",Jan-25,SILAT AVENUE,Resale,Strata,88,"26,534",-,Apartment,1,99 yrs lease commencing from 2018,03,Rest of Central Region,31 to 35
QUEENS PEAK,"1,980,000",861.12,"2,299",Jan-25,DUNDEE ROAD,Resale,Strata,80,"24,750",-,Condominium,1,99 yrs lease commencing from 2015,03,Rest of Central Region,41 to 45
PRINCIPAL GARDEN,"1,820,000",807.3,"2,254",Jan-25,PRINCE CHARLES CRESCENT,Resale,Strata,75,"24,267",-,Condominium,1,99 yrs lease commencing from 2014,03,Rest of Central Region,06 to 10
THE ANCHORAGE,"2,903,000","1,420.85","2,043",Jan-25,ALEXANDRA ROAD,Resale,Strata,132,"21,992",-,Condominium,1,Freehold,03,Rest of Central Region,06 to 10
ASCENTIA SKY,"2,650,000","1,474.67","1,797",Jan-25,ALEXANDRA VIEW,Resale,Strata,137,"19,343",-,Condominium,1,99 yrs lease commencing from 2008,03,Rest of Central Region,16 to 20
MARGARET VILLE,"2,608,888","1,184.04","2,203",Jan-25,MARGARET DRIVE,Resale,Strata,110,"23,717",-,Apartment,1,99 yrs lease commencing from 2017,03,Rest of Central Region,11 to 15
PRINCIPAL GARDEN,"3,800,000","1,571.54","2,418",Jan-25,PRINCE CHARLES CRESCENT,Resale,Strata,146,"26,027",-,Condominium,1,99 yrs lease commencing from 2014,03,Rest of Central Region,16 to 20
THE METROPOLITAN CONDOMINIUM,"1,470,000",839.59,"1,751",Jan-25,ALEXANDRA VIEW,Resale,Strata,78,"18,846",-,Condominium,1,99 yrs lease commencing from 2006,03,Rest of Central Region,11 to 15
TANGLIN VIEW,"2,171,000","1,140.98","1,903",Jan-25,PRINCE CHARLES CRESCENT,Resale,Strata,106,"20,481",-,Condominium,1,99 yrs lease commencing from 1997,03,Rest of Central Region,06 to 10
THE ANCHORAGE,"2,300,000","1,162.51","1,978",Jan-25,ALEXANDRA ROAD,Resale,Strata,108,"21,296",-,Condominium,1,Freehold,03,Rest of Central Region,06 to 10
RIVIERE,"2,500,000",818.06,"3,056",Jan-25,JIAK KIM STREET,Resale,Strata,76,"32,895",-,Apartment,1,99 yrs lease commencing from 2018,03,Rest of Central Region,16 to 20
COMMONWEALTH TOWERS,"1,725,000",753.48,"2,289",Jan-25,COMMONWEALTH AVENUE,Resale,Strata,70,"24,643",-,Condominium,1,99 yrs lease commencing from 2013,03,Rest of Central Region,31 to 35
QUEENSWAY TOWER,"2,250,000","1,496.2","1,504",Jan-25,QUEENSWAY,Resale,Strata,139,"16,187",-,Apartment,1,Freehold,03,Rest of Central Region,01 to 05
STIRLING RESIDENCES,"2,450,000",979.52,"2,501",Jan-25,STIRLING ROAD,Resale,Strata,91,"26,923",-,Apartment,1,99 yrs lease commencing from 2017,03,Rest of Central Region,31 to 35
QUEENS PEAK,"950,000",430.56,"2,206",Jan-25,DUNDEE ROAD,Resale,Strata,40,"23,750",-,Condominium,1,99 yrs lease commencing from 2015,03,Rest of Central Region,11 to 15
PRINCIPAL GARDEN,"1,530,000",764.24,"2,002",Jan-25,PRINCE CHARLES CRESCENT,Resale,Strata,71,"21,549",-,Condominium,1,99 yrs lease commencing from 2014,03,Rest of Central Region,11 to 15
PRINCIPAL GARDEN,"975,000",484.38,"2,013",Jan-25,PRINCE CHARLES CRESCENT,Resale,Strata,45,"21,667",-,Condominium,1,99 yrs lease commencing from 2014,03,Rest of Central Region,16 to 20
QUEENS PEAK,"1,690,000",775.01,"2,181",Jan-25,DUNDEE ROAD,Resale,Strata,72,"23,472",-,Condominium,1,99 yrs lease commencing from 2015,03,Rest of Central Region,21 to 25
RIVER PLACE,"1,820,000","1,054.87","1,725",Jan-25,HAVELOCK ROAD,Resale,Strata,98,"18,571",-,Condominium,1,99 yrs lease commencing from 1995,03,Rest of Central Region,06 to 10
ONE PEARL BANK,"1,840,000",699.66,"2,630",Jan-25,PEARL BANK,Sub Sale,Strata,65,"28,308",-,Apartment,1,99 yrs lease commencing from 2019,03,Rest of Central Region,06 to 10
AVENUE SOUTH RESIDENCE,"1,624,000",807.3,"2,012",Jan-25,SILAT AVENUE,Resale,Strata,75,"21,653",-,Apartment,1,99 yrs lease commencing from 2018,03,Rest of Central Region,01 to 05
QUEENS PEAK,"1,370,000",624.31,"2,194",Jan-25,DUNDEE ROAD,Resale,Strata,58,"23,621",-,Condominium,1,99 yrs lease commencing from 2015,03,Rest of Central Region,16 to 20
ONE PEARL BANK,"1,880,000",699.66,"2,687",Jan-25,PEARL BANK,Sub Sale,Strata,65,"28,923",-,Apartment,1,99 yrs lease commencing from 2019,03,Rest of Central Region,21 to 25
