project,block,unit,area_sqft,bedrooms,chart_status,chart_sold_date,source_url,source_as_of,huttons_status,status_conflict,huttons_source_url,price_status,price_sgd,historical_price_min_sgd,historical_price_max_sgd,source_observation_count,distinct_date_price_area_events,earliest_transaction_date,latest_transaction_date,price_source_urls,review_note
CANBERRA CRESCENT RESIDENCES,51,#12-01,570,2,sold,2025-08-01,https://canberracrescent.isaacyee.com/units,2026-09-20,sold,False,https://portal.huttonsgroup.com/public/pricelist/R070030E?pid=697564dce09a4511a8d56e739ecdaabd,published_full_unit_price,1117000,1117000,1117000,1,1,2025-08-02,2025-08-02,https://propertynoob.com/condo/canberra-crescent-residences/sales,
CANBERRA CRESCENT RESIDENCES,51,#12-02,883,3,sold,2025-08-01,https://canberracrescent.isaacyee.com/units,2026-09-20,sold,False,https://portal.huttonsgroup.com/public/pricelist/R070030E?pid=697564dce09a4511a8d56e739ecdaabd,published_full_unit_price,1740400,1740400,1740400,2,2,2025-08-02,2025-09-11,https://propertynoob.com/condo/canberra-crescent-residences/sales,Repeated transaction dates at one price; current legal status not established.
CANBERRA CRESCENT RESIDENCES,51,#12-03,990,3,sold,2025-08-01,https://canberracrescent.isaacyee.com/units,2026-09-20,sold,False,https://portal.huttonsgroup.com/public/pricelist/R070030E?pid=697564dce09a4511a8d56e739ecdaabd,published_full_unit_price,1998000,1998000,1998000,1,1,2025-08-02,2025-08-02,https://propertynoob.com/condo/canberra-crescent-residences/sales,
CANBERRA CRESCENT RESIDENCES,51,#12-04,667,2,sold,2025-08-01,https://canberracrescent.isaacyee.com/units,2026-09-20,sold,False,https://portal.huttonsgroup.com/public/pricelist/R070030E?pid=697564dce09a4511a8d56e739ecdaabd,published_full_unit_price,1353100,1353100,1353100,1,1,2025-08-02,2025-08-02,https://propertynoob.com/condo/canberra-crescent-residences/sales,
CANBERRA CRESCENT RESIDENCES,51,#12-05,872,3,sold,2025-08-23,https://canberracrescent.isaacyee.com/units,2026-09-20,sold,False,https://portal.huttonsgroup.com/public/pricelist/R070030E?pid=697564dce09a4511a8d56e739ecdaabd,published_full_unit_price,1704525,1704525,1704525,1,1,2025-08-23,2025-08-23,https://propertynoob.com/condo/canberra-crescent-residences/sales,
CANBERRA CRESCENT RESIDENCES,51,#12-06,990,3,sold,2025-09-05,https://canberracrescent.isaacyee.com/units,2026-09-20,sold,False,https://portal.huttonsgroup.com/public/pricelist/R070030E?pid=697564dce09a4511a8d56e739ecdaabd,multiple_historical_prices_review,,2000100,2019800,2,2,2025-08-02,2025-09-06,https://propertynoob.com/condo/canberra-crescent-residences/sales,Different historical prices retained; cancellation/rebooking/correction not established.
CANBERRA CRESCENT RESIDENCES,51,#12-07,990,3,sold,2026-05-04,https://canberracrescent.isaacyee.com/units,2026-09-20,sold,False,https://portal.huttonsgroup.com/public/pricelist/R070030E?pid=697564dce09a4511a8d56e739ecdaabd,inferred_unit_price,2016000,2016000,2016000,2,1,2026-05-05,2026-05-05,https://propertystory.sg/canberra-crescent-residences/|https://www.edgeprop.sg/condo-apartment/canberra-crescent-residences,
CANBERRA CRESCENT RESIDENCES,51,#12-08,797,3,sold,2025-08-02,https://canberracrescent.isaacyee.com/units,2026-09-20,sold,False,https://portal.huttonsgroup.com/public/pricelist/R070030E?pid=697564dce09a4511a8d56e739ecdaabd,published_full_unit_price,1538000,1538000,1538000,1,1,2025-08-03,2025-08-03,https://propertynoob.com/condo/canberra-crescent-residences/sales,
CANBERRA CRESCENT RESIDENCES,51,#11-01,570,2,sold,2025-08-01,https://canberracrescent.isaacyee.com/units,2026-09-20,sold,False,https://portal.huttonsgroup.com/public/pricelist/R070030E?pid=697564dce09a4511a8d56e739ecdaabd,published_full_unit_price,1115000,1115000,1115000,1,1,2025-08-02,2025-08-02,https://propertynoob.com/condo/canberra-crescent-residences/sales,
CANBERRA CRESCENT RESIDENCES,51,#11-02,883,3,sold,2025-08-15,https://canberracrescent.isaacyee.com/units,2026-09-20,sold,False,https://portal.huttonsgroup.com/public/pricelist/R070030E?pid=697564dce09a4511a8d56e739ecdaabd,published_full_unit_price,1736000,1736000,1736000,1,1,2025-08-16,2025-08-16,https://propertynoob.com/condo/canberra-crescent-residences/sales,
CANBERRA CRESCENT RESIDENCES,51,#11-03,990,3,sold,2025-08-21,https://canberracrescent.isaacyee.com/units,2026-09-20,sold,False,https://portal.huttonsgroup.com/public/pricelist/R070030E?pid=697564dce09a4511a8d56e739ecdaabd,published_full_unit_price,1993000,1993000,1993000,1,1,2025-08-22,2025-08-22,https://propertynoob.com/condo/canberra-crescent-residences/sales,
CANBERRA CRESCENT RESIDENCES,51,#11-04,667,2,sold,2025-08-01,https://canberracrescent.isaacyee.com/units,2026-09-20,sold,False,https://portal.huttonsgroup.com/public/pricelist/R070030E?pid=697564dce09a4511a8d56e739ecdaabd,published_full_unit_price,1350100,1350100,1350100,1,1,2025-08-02,2025-08-02,https://propertynoob.com/condo/canberra-crescent-residences/sales,
CANBERRA CRESCENT RESIDENCES,51,#11-05,797,3,sold,2025-08-01,https://canberracrescent.isaacyee.com/units,2026-09-20,sold,False,https://portal.huttonsgroup.com/public/pricelist/R070030E?pid=697564dce09a4511a8d56e739ecdaabd,published_full_unit_price,1554300,1554300,1554300,1,1,2025-08-02,2025-08-02,https://propertynoob.com/condo/canberra-crescent-residences/sales,
CANBERRA CRESCENT RESIDENCES,51,#11-06,990,3,sold,2025-08-01,https://canberracrescent.isaacyee.com/units,2026-09-20,sold,False,https://portal.huttonsgroup.com/public/pricelist/R070030E?pid=697564dce09a4511a8d56e739ecdaabd,published_full_unit_price,1995100,1995100,1995100,1,1,2025-08-02,2025-08-02,https://propertynoob.com/condo/canberra-crescent-residences/sales,
CANBERRA CRESCENT RESIDENCES,51,#11-07,990,3,sold,2026-02-08,https://canberracrescent.isaacyee.com/units,2026-09-20,sold,False,https://portal.huttonsgroup.com/public/pricelist/R070030E?pid=697564dce09a4511a8d56e739ecdaabd,published_full_unit_price,2011000,2011000,2011000,2,1,2026-02-09,2026-02-09,https://propertynoob.com/condo/canberra-crescent-residences/sales|https://propertystory.sg/canberra-crescent-residences/,
CANBERRA CRESCENT RESIDENCES,51,#11-08,797,3,sold,2025-08-09,https://canberracrescent.isaacyee.com/units,2026-09-20,sold,False,https://portal.huttonsgroup.com/public/pricelist/R070030E?pid=697564dce09a4511a8d56e739ecdaabd,published_full_unit_price,1534000,1534000,1534000,1,1,2025-08-09,2025-08-09,https://propertynoob.com/condo/canberra-crescent-residences/sales,
CANBERRA CRESCENT RESIDENCES,51,#10-01,570,2,sold,2025-08-01,https://canberracrescent.isaacyee.com/units,2026-09-20,sold,False,https://portal.huttonsgroup.com/public/pricelist/R070030E?pid=697564dce09a4511a8d56e739ecdaabd,published_full_unit_price,1112000,1112000,1112000,1,1,2025-08-02,2025-08-02,https://propertynoob.com/condo/canberra-crescent-residences/sales,
CANBERRA CRESCENT RESIDENCES,51,#10-02,883,3,sold,2025-08-24,https://canberracrescent.isaacyee.com/units,2026-09-20,sold,False,https://portal.huttonsgroup.com/public/pricelist/R070030E?pid=697564dce09a4511a8d56e739ecdaabd,published_full_unit_price,1731700,1731700,1731700,1,1,2025-08-24,2025-08-24,https://propertynoob.com/condo/canberra-crescent-residences/sales,
CANBERRA CRESCENT RESIDENCES,51,#10-03,990,3,sold,2025-08-23,https://canberracrescent.isaacyee.com/units,2026-09-20,sold,False,https://portal.huttonsgroup.com/public/pricelist/R070030E?pid=697564dce09a4511a8d56e739ecdaabd,published_full_unit_price,1988000,1988000,1988000,1,1,2025-08-23,2025-08-23,https://propertynoob.com/condo/canberra-crescent-residences/sales,
CANBERRA CRESCENT RESIDENCES,51,#10-04,667,2,sold,2025-08-30,https://canberracrescent.isaacyee.com/units,2026-09-20,sold,False,https://portal.huttonsgroup.com/public/pricelist/R070030E?pid=697564dce09a4511a8d56e739ecdaabd,published_price_unreconciled,,1346100,1346100,1,1,2025-08-02,2025-08-02,https://propertynoob.com/condo/canberra-crescent-residences/sales,Published historical price has no matching local URA or current EdgeProp signature; current achieved price unresolved.
CANBERRA CRESCENT RESIDENCES,51,#10-05,797,3,sold,2025-08-01,https://canberracrescent.isaacyee.com/units,2026-09-20,sold,False,https://portal.huttonsgroup.com/public/pricelist/R070030E?pid=697564dce09a4511a8d56e739ecdaabd,published_full_unit_price,1550400,1550400,1550400,1,1,2025-08-02,2025-08-02,https://propertynoob.com/condo/canberra-crescent-residences/sales,
CANBERRA CRESCENT RESIDENCES,51,#10-06,990,3,sold,2025-08-01,https://canberracrescent.isaacyee.com/units,2026-09-20,sold,False,https://portal.huttonsgroup.com/public/pricelist/R070030E?pid=697564dce09a4511a8d56e739ecdaabd,published_full_unit_price,1990100,1990100,1990100,1,1,2025-08-02,2025-08-02,https://propertynoob.com/condo/canberra-crescent-residences/sales,
CANBERRA CRESCENT RESIDENCES,51,#10-07,990,3,sold,2026-05-16,https://canberracrescent.isaacyee.com/units,2026-09-20,sold,False,https://portal.huttonsgroup.com/public/pricelist/R070030E?pid=697564dce09a4511a8d56e739ecdaabd,inferred_unit_price,2005900,2005900,2005900,2,1,2026-05-16,2026-05-16,https://propertystory.sg/canberra-crescent-residences/|https://www.edgeprop.sg/condo-apartment/canberra-crescent-residences,
CANBERRA CRESCENT RESIDENCES,51,#10-08,797,3,sold,2025-08-19,https://canberracrescent.isaacyee.com/units,2026-09-20,sold,False,https://portal.huttonsgroup.com/public/pricelist/R070030E?pid=697564dce09a4511a8d56e739ecdaabd,published_full_unit_price,1530000,1530000,1530000,1,1,2025-08-20,2025-08-20,https://propertynoob.com/condo/canberra-crescent-residences/sales,
CANBERRA CRESCENT RESIDENCES,51,#09-01,570,2,sold,2025-08-01,https://canberracrescent.isaacyee.com/units,2026-09-20,sold,False,https://portal.huttonsgroup.com/public/pricelist/R070030E?pid=697564dce09a4511a8d56e739ecdaabd,published_full_unit_price,1109000,1109000,1109000,1,1,2025-08-02,2025-08-02,https://propertynoob.com/condo/canberra-crescent-residences/sales,
CANBERRA CRESCENT RESIDENCES,51,#09-02,883,3,sold,2025-08-30,https://canberracrescent.isaacyee.com/units,2026-09-20,sold,False,https://portal.huttonsgroup.com/public/pricelist/R070030E?pid=697564dce09a4511a8d56e739ecdaabd,published_full_unit_price,1744400,1744400,1744400,1,1,2025-08-31,2025-08-31,https://propertynoob.com/condo/canberra-crescent-residences/sales,
CANBERRA CRESCENT RESIDENCES,51,#09-03,990,3,sold,2025-10-03,https://canberracrescent.isaacyee.com/units,2026-09-20,sold,False,https://portal.huttonsgroup.com/public/pricelist/R070030E?pid=697564dce09a4511a8d56e739ecdaabd,published_full_unit_price,2003500,2003500,2003500,1,1,2025-10-04,2025-10-04,https://propertynoob.com/condo/canberra-crescent-residences/sales,
CANBERRA CRESCENT RESIDENCES,51,#09-04,667,2,sold,2025-08-14,https://canberracrescent.isaacyee.com/units,2026-09-20,sold,False,https://portal.huttonsgroup.com/public/pricelist/R070030E?pid=697564dce09a4511a8d56e739ecdaabd,published_full_unit_price,1343100,1343100,1343100,1,1,2025-08-15,2025-08-15,https://propertynoob.com/condo/canberra-crescent-residences/sales,
CANBERRA CRESCENT RESIDENCES,51,#09-05,797,3,sold,2025-08-01,https://canberracrescent.isaacyee.com/units,2026-09-20,sold,False,https://portal.huttonsgroup.com/public/pricelist/R070030E?pid=697564dce09a4511a8d56e739ecdaabd,published_full_unit_price,1546500,1546500,1546500,1,1,2025-08-02,2025-08-02,https://propertynoob.com/condo/canberra-crescent-residences/sales,
CANBERRA CRESCENT RESIDENCES,51,#09-06,990,3,sold,2025-08-19,https://canberracrescent.isaacyee.com/units,2026-09-20,sold,False,https://portal.huttonsgroup.com/public/pricelist/R070030E?pid=697564dce09a4511a8d56e739ecdaabd,published_full_unit_price,1985200,1985200,1985200,1,1,2025-08-20,2025-08-20,https://propertynoob.com/condo/canberra-crescent-residences/sales,
CANBERRA CRESCENT RESIDENCES,51,#09-07,990,3,sold,2026-05-02,https://canberracrescent.isaacyee.com/units,2026-09-20,sold,False,https://portal.huttonsgroup.com/public/pricelist/R070030E?pid=697564dce09a4511a8d56e739ecdaabd,inferred_unit_price,2001000,2001000,2001000,2,1,2026-04-30,2026-04-30,https://propertystory.sg/canberra-crescent-residences/|https://www.edgeprop.sg/condo-apartment/canberra-crescent-residences,
CANBERRA CRESCENT RESIDENCES,51,#09-08,797,3,sold,2025-08-18,https://canberracrescent.isaacyee.com/units,2026-09-20,sold,False,https://portal.huttonsgroup.com/public/pricelist/R070030E?pid=697564dce09a4511a8d56e739ecdaabd,published_full_unit_price,1527000,1527000,1527000,1,1,2025-08-19,2025-08-19,https://propertynoob.com/condo/canberra-crescent-residences/sales,
CANBERRA CRESCENT RESIDENCES,51,#08-01,570,2,sold,2025-08-01,https://canberracrescent.isaacyee.com/units,2026-09-20,sold,False,https://portal.huttonsgroup.com/public/pricelist/R070030E?pid=697564dce09a4511a8d56e739ecdaabd,published_full_unit_price,1106000,1106000,1106000,1,1,2025-08-02,2025-08-02,https://propertynoob.com/condo/canberra-crescent-residences/sales,
CANBERRA CRESCENT RESIDENCES,51,#08-02,883,3,sold,2025-09-12,https://canberracrescent.isaacyee.com/units,2026-09-20,sold,False,https://portal.huttonsgroup.com/public/pricelist/R070030E?pid=697564dce09a4511a8d56e739ecdaabd,published_full_unit_price,1740100,1740100,1740100,1,1,2025-09-12,2025-09-12,https://propertynoob.com/condo/canberra-crescent-residences/sales,
CANBERRA CRESCENT RESIDENCES,51,#08-03,990,3,sold,2025-08-01,https://canberracrescent.isaacyee.com/units,2026-09-20,sold,False,https://portal.huttonsgroup.com/public/pricelist/R070030E?pid=697564dce09a4511a8d56e739ecdaabd,published_full_unit_price,1979000,1979000,1979000,1,1,2025-08-02,2025-08-02,https://propertynoob.com/condo/canberra-crescent-residences/sales,
CANBERRA CRESCENT RESIDENCES,51,#08-04,667,2,sold,2025-08-16,https://canberracrescent.isaacyee.com/units,2026-09-20,sold,False,https://portal.huttonsgroup.com/public/pricelist/R070030E?pid=697564dce09a4511a8d56e739ecdaabd,published_full_unit_price,1340100,1340100,1340100,1,1,2025-08-17,2025-08-17,https://propertynoob.com/condo/canberra-crescent-residences/sales,
CANBERRA CRESCENT RESIDENCES,51,#08-05,797,3,sold,2025-08-01,https://canberracrescent.isaacyee.com/units,2026-09-20,sold,False,https://portal.huttonsgroup.com/public/pricelist/R070030E?pid=697564dce09a4511a8d56e739ecdaabd,multiple_historical_prices_review,,1542700,1557900,2,2,2025-08-02,2025-09-05,https://propertynoob.com/condo/canberra-crescent-residences/sales,Different historical prices retained; cancellation/rebooking/correction not established.
CANBERRA CRESCENT RESIDENCES,51,#08-06,990,3,sold,2025-08-29,https://canberracrescent.isaacyee.com/units,2026-09-20,sold,False,https://portal.huttonsgroup.com/public/pricelist/R070030E?pid=697564dce09a4511a8d56e739ecdaabd,published_full_unit_price,1999800,1999800,1999800,1,1,2025-08-29,2025-08-29,https://propertynoob.com/condo/canberra-crescent-residences/sales,
CANBERRA CRESCENT RESIDENCES,51,#08-07,990,3,sold,2026-04-15,https://canberracrescent.isaacyee.com/units,2026-09-20,sold,False,https://portal.huttonsgroup.com/public/pricelist/R070030E?pid=697564dce09a4511a8d56e739ecdaabd,inferred_unit_price,1996000,1996000,1996000,2,1,2026-04-16,2026-04-16,https://propertystory.sg/canberra-crescent-residences/|https://www.edgeprop.sg/condo-apartment/canberra-crescent-residences,
CANBERRA CRESCENT RESIDENCES,51,#08-08,797,3,sold,2025-08-14,https://canberracrescent.isaacyee.com/units,2026-09-20,sold,False,https://portal.huttonsgroup.com/public/pricelist/R070030E?pid=697564dce09a4511a8d56e739ecdaabd,published_full_unit_price,1523000,1523000,1523000,1,1,2025-08-15,2025-08-15,https://propertynoob.com/condo/canberra-crescent-residences/sales,
CANBERRA CRESCENT RESIDENCES,51,#07-01,570,2,sold,2025-08-01,https://canberracrescent.isaacyee.com/units,2026-09-20,sold,False,https://portal.huttonsgroup.com/public/pricelist/R070030E?pid=697564dce09a4511a8d56e739ecdaabd,published_full_unit_price,1103000,1103000,1103000,1,1,2025-08-02,2025-08-02,https://propertynoob.com/condo/canberra-crescent-residences/sales,
CANBERRA CRESCENT RESIDENCES,51,#07-02,883,3,sold,2025-09-13,https://canberracrescent.isaacyee.com/units,2026-09-20,sold,False,https://portal.huttonsgroup.com/public/pricelist/R070030E?pid=697564dce09a4511a8d56e739ecdaabd,published_full_unit_price,1735700,1735700,1735700,1,1,2025-09-14,2025-09-14,https://propertynoob.com/condo/canberra-crescent-residences/sales,
CANBERRA CRESCENT RESIDENCES,51,#07-03,990,3,sold,2025-08-24,https://canberracrescent.isaacyee.com/units,2026-09-20,sold,False,https://portal.huttonsgroup.com/public/pricelist/R070030E?pid=697564dce09a4511a8d56e739ecdaabd,published_full_unit_price,1974000,1974000,1974000,1,1,2025-08-23,2025-08-23,https://propertynoob.com/condo/canberra-crescent-residences/sales,
CANBERRA CRESCENT RESIDENCES,51,#07-04,667,2,sold,2025-08-13,https://canberracrescent.isaacyee.com/units,2026-09-20,sold,False,https://portal.huttonsgroup.com/public/pricelist/R070030E?pid=697564dce09a4511a8d56e739ecdaabd,published_full_unit_price,1336100,1336100,1336100,1,1,2025-08-14,2025-08-14,https://propertynoob.com/condo/canberra-crescent-residences/sales,
CANBERRA CRESCENT RESIDENCES,51,#07-05,797,3,sold,2025-08-01,https://canberracrescent.isaacyee.com/units,2026-09-20,sold,False,https://portal.huttonsgroup.com/public/pricelist/R070030E?pid=697564dce09a4511a8d56e739ecdaabd,published_full_unit_price,1538800,1538800,1538800,1,1,2025-08-02,2025-08-02,https://propertynoob.com/condo/canberra-crescent-residences/sales,
CANBERRA CRESCENT RESIDENCES,51,#07-06,990,3,sold,2025-10-20,https://canberracrescent.isaacyee.com/units,2026-09-20,sold,False,https://portal.huttonsgroup.com/public/pricelist/R070030E?pid=697564dce09a4511a8d56e739ecdaabd,published_full_unit_price,1994800,1994800,1994800,1,1,2025-10-21,2025-10-21,https://propertynoob.com/condo/canberra-crescent-residences/sales,
CANBERRA CRESCENT RESIDENCES,51,#07-07,990,3,sold,2026-01-09,https://canberracrescent.isaacyee.com/units,2026-09-20,sold,False,https://portal.huttonsgroup.com/public/pricelist/R070030E?pid=697564dce09a4511a8d56e739ecdaabd,published_full_unit_price,1991000,1991000,1991000,2,1,2026-01-06,2026-01-06,https://propertynoob.com/condo/canberra-crescent-residences/sales|https://propertystory.sg/canberra-crescent-residences/,
CANBERRA CRESCENT RESIDENCES,51,#07-08,797,3,sold,2025-08-23,https://canberracrescent.isaacyee.com/units,2026-09-20,sold,False,https://portal.huttonsgroup.com/public/pricelist/R070030E?pid=697564dce09a4511a8d56e739ecdaabd,published_full_unit_price,1519000,1519000,1519000,1,1,2025-08-23,2025-08-23,https://propertynoob.com/condo/canberra-crescent-residences/sales,
CANBERRA CRESCENT RESIDENCES,51,#06-01,570,2,sold,2025-08-01,https://canberracrescent.isaacyee.com/units,2026-09-20,sold,False,https://portal.huttonsgroup.com/public/pricelist/R070030E?pid=697564dce09a4511a8d56e739ecdaabd,published_full_unit_price,1101000,1101000,1101000,1,1,2025-08-02,2025-08-02,https://propertynoob.com/condo/canberra-crescent-residences/sales,
CANBERRA CRESCENT RESIDENCES,51,#06-02,883,3,sold,2025-09-17,https://canberracrescent.isaacyee.com/units,2026-09-20,sold,False,https://portal.huttonsgroup.com/public/pricelist/R070030E?pid=697564dce09a4511a8d56e739ecdaabd,published_full_unit_price,1731400,1731400,1731400,1,1,2025-09-16,2025-09-16,https://propertynoob.com/condo/canberra-crescent-residences/sales,
CANBERRA CRESCENT RESIDENCES,51,#06-03,990,3,sold,2025-10-29,https://canberracrescent.isaacyee.com/units,2026-09-20,sold,False,https://portal.huttonsgroup.com/public/pricelist/R070030E?pid=697564dce09a4511a8d56e739ecdaabd,published_full_unit_price,1988400,1988400,1988400,1,1,2025-10-30,2025-10-30,https://propertynoob.com/condo/canberra-crescent-residences/sales,
CANBERRA CRESCENT RESIDENCES,51,#06-04,667,2,sold,2025-08-23,https://canberracrescent.isaacyee.com/units,2026-09-20,sold,False,https://portal.huttonsgroup.com/public/pricelist/R070030E?pid=697564dce09a4511a8d56e739ecdaabd,published_full_unit_price,1333100,1333100,1333100,1,1,2025-08-23,2025-08-23,https://propertynoob.com/condo/canberra-crescent-residences/sales,
CANBERRA CRESCENT RESIDENCES,51,#06-05,797,3,sold,2025-08-01,https://canberracrescent.isaacyee.com/units,2026-09-20,sold,False,https://portal.huttonsgroup.com/public/pricelist/R070030E?pid=697564dce09a4511a8d56e739ecdaabd,published_full_unit_price,1535000,1535000,1535000,1,1,2025-08-02,2025-08-02,https://propertynoob.com/condo/canberra-crescent-residences/sales,
CANBERRA CRESCENT RESIDENCES,51,#06-06,990,3,sold,2025-09-05,https://canberracrescent.isaacyee.com/units,2026-09-20,sold,False,https://portal.huttonsgroup.com/public/pricelist/R070030E?pid=697564dce09a4511a8d56e739ecdaabd,published_full_unit_price,1989900,1989900,1989900,1,1,2025-09-06,2025-09-06,https://propertynoob.com/condo/canberra-crescent-residences/sales,
CANBERRA CRESCENT RESIDENCES,51,#06-07,990,3,sold,2025-11-22,https://canberracrescent.isaacyee.com/units,2026-09-20,sold,False,https://portal.huttonsgroup.com/public/pricelist/R070030E?pid=697564dce09a4511a8d56e739ecdaabd,published_full_unit_price,1986000,1986000,1986000,1,1,2025-11-22,2025-11-22,https://propertynoob.com/condo/canberra-crescent-residences/sales,
CANBERRA CRESCENT RESIDENCES,51,#06-08,797,3,sold,2025-08-11,https://canberracrescent.isaacyee.com/units,2026-09-20,sold,False,https://portal.huttonsgroup.com/public/pricelist/R070030E?pid=697564dce09a4511a8d56e739ecdaabd,published_full_unit_price,1515000,1515000,1515000,1,1,2025-08-11,2025-08-11,https://propertynoob.com/condo/canberra-crescent-residences/sales,
CANBERRA CRESCENT RESIDENCES,51,#05-01,570,2,sold,2025-08-12,https://canberracrescent.isaacyee.com/units,2026-09-20,sold,False,https://portal.huttonsgroup.com/public/pricelist/R070030E?pid=697564dce09a4511a8d56e739ecdaabd,published_full_unit_price,1098000,1098000,1098000,1,1,2025-08-12,2025-08-12,https://propertynoob.com/condo/canberra-crescent-residences/sales,
CANBERRA CRESCENT RESIDENCES,51,#05-02,883,3,sold,2025-09-27,https://canberracrescent.isaacyee.com/units,2026-09-20,sold,False,https://portal.huttonsgroup.com/public/pricelist/R070030E?pid=697564dce09a4511a8d56e739ecdaabd,published_full_unit_price,1727200,1727200,1727200,1,1,2025-09-26,2025-09-26,https://propertynoob.com/condo/canberra-crescent-residences/sales,
CANBERRA CRESCENT RESIDENCES,51,#05-03,990,3,sold,2025-11-22,https://canberracrescent.isaacyee.com/units,2026-09-20,sold,False,https://portal.huttonsgroup.com/public/pricelist/R070030E?pid=697564dce09a4511a8d56e739ecdaabd,published_full_unit_price,2003300,2003300,2003300,1,1,2025-11-17,2025-11-17,https://propertynoob.com/condo/canberra-crescent-residences/sales,
CANBERRA CRESCENT RESIDENCES,51,#05-04,667,2,sold,2025-08-16,https://canberracrescent.isaacyee.com/units,2026-09-20,sold,False,https://portal.huttonsgroup.com/public/pricelist/R070030E?pid=697564dce09a4511a8d56e739ecdaabd,published_full_unit_price,1330100,1330100,1330100,1,1,2025-08-17,2025-08-17,https://propertynoob.com/condo/canberra-crescent-residences/sales,
CANBERRA CRESCENT RESIDENCES,51,#05-05,797,3,sold,2025-08-01,https://canberracrescent.isaacyee.com/units,2026-09-20,sold,False,https://portal.huttonsgroup.com/public/pricelist/R070030E?pid=697564dce09a4511a8d56e739ecdaabd,published_full_unit_price,1531200,1531200,1531200,1,1,2025-08-02,2025-08-02,https://propertynoob.com/condo/canberra-crescent-residences/sales,
CANBERRA CRESCENT RESIDENCES,51,#05-06,990,3,sold,2026-01-09,https://canberracrescent.isaacyee.com/units,2026-09-20,sold,False,https://portal.huttonsgroup.com/public/pricelist/R070030E?pid=697564dce09a4511a8d56e739ecdaabd,published_full_unit_price,2004900,2004900,2004900,2,1,2026-01-10,2026-01-10,https://propertynoob.com/condo/canberra-crescent-residences/sales|https://propertystory.sg/canberra-crescent-residences/,
CANBERRA CRESCENT RESIDENCES,51,#05-07,990,3,sold,2026-04-02,https://canberracrescent.isaacyee.com/units,2026-09-20,sold,False,https://portal.huttonsgroup.com/public/pricelist/R070030E?pid=697564dce09a4511a8d56e739ecdaabd,published_full_unit_price,1981100,1981100,1981100,2,1,2026-04-03,2026-04-03,https://propertynoob.com/condo/canberra-crescent-residences/sales|https://propertystory.sg/canberra-crescent-residences/,
CANBERRA CRESCENT RESIDENCES,51,#05-08,797,3,sold,2025-09-08,https://canberracrescent.isaacyee.com/units,2026-09-20,sold,False,https://portal.huttonsgroup.com/public/pricelist/R070030E?pid=697564dce09a4511a8d56e739ecdaabd,published_full_unit_price,1525900,1525900,1525900,1,1,2025-09-09,2025-09-09,https://propertynoob.com/condo/canberra-crescent-residences/sales,
CANBERRA CRESCENT RESIDENCES,51,#04-01,570,2,sold,2025-08-13,https://canberracrescent.isaacyee.com/units,2026-09-20,sold,False,https://portal.huttonsgroup.com/public/pricelist/R070030E?pid=697564dce09a4511a8d56e739ecdaabd,published_full_unit_price,1095000,1095000,1095000,1,1,2025-08-14,2025-08-14,https://propertynoob.com/condo/canberra-crescent-residences/sales,
CANBERRA CRESCENT RESIDENCES,51,#04-02,883,3,sold,2025-10-18,https://canberracrescent.isaacyee.com/units,2026-09-20,sold,False,https://portal.huttonsgroup.com/public/pricelist/R070030E?pid=697564dce09a4511a8d56e739ecdaabd,published_full_unit_price,1722800,1722800,1722800,1,1,2025-10-17,2025-10-17,https://propertynoob.com/condo/canberra-crescent-residences/sales,
CANBERRA CRESCENT RESIDENCES,51,#04-03,990,3,sold,2026-02-05,https://canberracrescent.isaacyee.com/units,2026-09-20,sold,False,https://portal.huttonsgroup.com/public/pricelist/R070030E?pid=697564dce09a4511a8d56e739ecdaabd,published_full_unit_price,1998200,1998200,1998200,2,1,2026-02-05,2026-02-05,https://propertynoob.com/condo/canberra-crescent-residences/sales|https://propertystory.sg/canberra-crescent-residences/,
CANBERRA CRESCENT RESIDENCES,51,#04-04,667,2,sold,2025-09-12,https://canberracrescent.isaacyee.com/units,2026-09-20,sold,False,https://portal.huttonsgroup.com/public/pricelist/R070030E?pid=697564dce09a4511a8d56e739ecdaabd,published_full_unit_price,1339200,1339200,1339200,1,1,2025-09-12,2025-09-12,https://propertynoob.com/condo/canberra-crescent-residences/sales,
CANBERRA CRESCENT RESIDENCES,51,#04-05,797,3,sold,2025-08-17,https://canberracrescent.isaacyee.com/units,2026-09-20,sold,False,https://portal.huttonsgroup.com/public/pricelist/R070030E?pid=697564dce09a4511a8d56e739ecdaabd,published_full_unit_price,1527400,1527400,1527400,1,1,2025-08-17,2025-08-17,https://propertynoob.com/condo/canberra-crescent-residences/sales,
CANBERRA CRESCENT RESIDENCES,51,#04-06,990,3,available,,https://canberracrescent.isaacyee.com/units,2026-09-20,available,False,https://portal.huttonsgroup.com/public/pricelist/R070030E?pid=697564dce09a4511a8d56e739ecdaabd,chart_available,,,,0,0,,,,
CANBERRA CRESCENT RESIDENCES,51,#04-07,990,3,sold,2026-06-14,https://canberracrescent.isaacyee.com/units,2026-09-20,sold,False,https://portal.huttonsgroup.com/public/pricelist/R070030E?pid=697564dce09a4511a8d56e739ecdaabd,inferred_unit_price,1995861,1995861,1995861,2,1,2026-06-15,2026-06-15,https://propertystory.sg/canberra-crescent-residences/|https://www.edgeprop.sg/condo-apartment/canberra-crescent-residences,
CANBERRA CRESCENT RESIDENCES,51,#04-08,797,3,sold,2025-09-17,https://canberracrescent.isaacyee.com/units,2026-09-20,sold,False,https://portal.huttonsgroup.com/public/pricelist/R070030E?pid=697564dce09a4511a8d56e739ecdaabd,published_full_unit_price,1522900,1522900,1522900,1,1,2025-09-17,2025-09-17,https://propertynoob.com/condo/canberra-crescent-residences/sales,
CANBERRA CRESCENT RESIDENCES,51,#03-01,570,2,sold,2025-08-11,https://canberracrescent.isaacyee.com/units,2026-09-20,sold,False,https://portal.huttonsgroup.com/public/pricelist/R070030E?pid=697564dce09a4511a8d56e739ecdaabd,published_full_unit_price,1092000,1092000,1092000,1,1,2025-08-12,2025-08-12,https://propertynoob.com/condo/canberra-crescent-residences/sales,
CANBERRA CRESCENT RESIDENCES,51,#03-02,883,3,sold,2025-10-20,https://canberracrescent.isaacyee.com/units,2026-09-20,sold,False,https://portal.huttonsgroup.com/public/pricelist/R070030E?pid=697564dce09a4511a8d56e739ecdaabd,published_full_unit_price,1718500,1718500,1718500,1,1,2025-10-21,2025-10-21,https://propertynoob.com/condo/canberra-crescent-residences/sales,
CANBERRA CRESCENT RESIDENCES,51,#03-03,990,3,available,,https://canberracrescent.isaacyee.com/units,2026-09-20,available,False,https://portal.huttonsgroup.com/public/pricelist/R070030E?pid=697564dce09a4511a8d56e739ecdaabd,chart_available,,,,0,0,,,,
CANBERRA CRESCENT RESIDENCES,51,#03-04,667,2,sold,2025-09-21,https://canberracrescent.isaacyee.com/units,2026-09-20,sold,False,https://portal.huttonsgroup.com/public/pricelist/R070030E?pid=697564dce09a4511a8d56e739ecdaabd,published_full_unit_price,1336200,1336200,1336200,1,1,2025-09-21,2025-09-21,https://propertynoob.com/condo/canberra-crescent-residences/sales,
CANBERRA CRESCENT RESIDENCES,51,#03-05,797,3,sold,2025-08-22,https://canberracrescent.isaacyee.com/units,2026-09-20,sold,False,https://portal.huttonsgroup.com/public/pricelist/R070030E?pid=697564dce09a4511a8d56e739ecdaabd,published_full_unit_price,1523600,1523600,1523600,1,1,2025-08-22,2025-08-22,https://propertynoob.com/condo/canberra-crescent-residences/sales,
CANBERRA CRESCENT RESIDENCES,51,#03-06,990,3,available,,https://canberracrescent.isaacyee.com/units,2026-09-20,available,False,https://portal.huttonsgroup.com/public/pricelist/R070030E?pid=697564dce09a4511a8d56e739ecdaabd,chart_available,,,,0,0,,,,
CANBERRA CRESCENT RESIDENCES,51,#03-07,990,3,sold,2026-05-30,https://canberracrescent.isaacyee.com/units,2026-09-20,sold,False,https://portal.huttonsgroup.com/public/pricelist/R070030E?pid=697564dce09a4511a8d56e739ecdaabd,inferred_unit_price,1990912,1990912,1990912,2,1,2026-05-26,2026-05-26,https://propertystory.sg/canberra-crescent-residences/|https://www.edgeprop.sg/condo-apartment/canberra-crescent-residences,
CANBERRA CRESCENT RESIDENCES,51,#03-08,797,3,sold,2025-10-08,https://canberracrescent.isaacyee.com/units,2026-09-20,sold,False,https://portal.huttonsgroup.com/public/pricelist/R070030E?pid=697564dce09a4511a8d56e739ecdaabd,published_full_unit_price,1518800,1518800,1518800,1,1,2025-10-08,2025-10-08,https://propertynoob.com/condo/canberra-crescent-residences/sales,
CANBERRA CRESCENT RESIDENCES,51,#02-01,570,2,sold,2025-08-17,https://canberracrescent.isaacyee.com/units,2026-09-20,sold,False,https://portal.huttonsgroup.com/public/pricelist/R070030E?pid=697564dce09a4511a8d56e739ecdaabd,published_full_unit_price,1090000,1090000,1090000,1,1,2025-08-18,2025-08-18,https://propertynoob.com/condo/canberra-crescent-residences/sales,
CANBERRA CRESCENT RESIDENCES,51,#02-02,883,3,sold,2025-10-24,https://canberracrescent.isaacyee.com/units,2026-09-20,sold,False,https://portal.huttonsgroup.com/public/pricelist/R070030E?pid=697564dce09a4511a8d56e739ecdaabd,published_full_unit_price,1714200,1714200,1714200,1,1,2025-10-25,2025-10-25,https://propertynoob.com/condo/canberra-crescent-residences/sales,
CANBERRA CRESCENT RESIDENCES,51,#02-03,990,3,available,,https://canberracrescent.isaacyee.com/units,2026-09-20,available,False,https://portal.huttonsgroup.com/public/pricelist/R070030E?pid=697564dce09a4511a8d56e739ecdaabd,chart_available,,,,0,0,,,,
CANBERRA CRESCENT RESIDENCES,51,#02-04,667,2,sold,2025-10-28,https://canberracrescent.isaacyee.com/units,2026-09-20,sold,False,https://portal.huttonsgroup.com/public/pricelist/R070030E?pid=697564dce09a4511a8d56e739ecdaabd,published_full_unit_price,1333200,1333200,1333200,1,1,2025-10-29,2025-10-29,https://propertynoob.com/condo/canberra-crescent-residences/sales,
CANBERRA CRESCENT RESIDENCES,51,#02-05,797,3,sold,2025-09-21,https://canberracrescent.isaacyee.com/units,2026-09-20,sold,False,https://portal.huttonsgroup.com/public/pricelist/R070030E?pid=697564dce09a4511a8d56e739ecdaabd,published_full_unit_price,1534700,1534700,1534700,1,1,2025-09-22,2025-09-22,https://propertynoob.com/condo/canberra-crescent-residences/sales,
CANBERRA CRESCENT RESIDENCES,51,#02-06,990,3,available,,https://canberracrescent.isaacyee.com/units,2026-09-20,available,False,https://portal.huttonsgroup.com/public/pricelist/R070030E?pid=697564dce09a4511a8d56e739ecdaabd,chart_available,,,,0,0,,,,
CANBERRA CRESCENT RESIDENCES,51,#02-07,990,3,available,,https://canberracrescent.isaacyee.com/units,2026-09-20,available,False,https://portal.huttonsgroup.com/public/pricelist/R070030E?pid=697564dce09a4511a8d56e739ecdaabd,chart_available,,,,0,0,,,,
CANBERRA CRESCENT RESIDENCES,51,#02-08,797,3,sold,2025-10-30,https://canberracrescent.isaacyee.com/units,2026-09-20,sold,False,https://portal.huttonsgroup.com/public/pricelist/R070030E?pid=697564dce09a4511a8d56e739ecdaabd,published_full_unit_price,1514700,1514700,1514700,1,1,2025-10-31,2025-10-31,https://propertynoob.com/condo/canberra-crescent-residences/sales,
CANBERRA CRESCENT RESIDENCES,53,#12-09,570,2,sold,2025-08-01,https://canberracrescent.isaacyee.com/units,2026-09-20,sold,False,https://portal.huttonsgroup.com/public/pricelist/R070030E?pid=697564dce09a4511a8d56e739ecdaabd,published_full_unit_price,1122800,1122800,1122800,1,1,2025-08-02,2025-08-02,https://propertynoob.com/condo/canberra-crescent-residences/sales,
CANBERRA CRESCENT RESIDENCES,53,#12-10,883,3,sold,2025-09-03,https://canberracrescent.isaacyee.com/units,2026-09-20,sold,False,https://portal.huttonsgroup.com/public/pricelist/R070030E?pid=697564dce09a4511a8d56e739ecdaabd,published_full_unit_price,1761900,1761900,1761900,1,1,2025-09-03,2025-09-03,https://propertynoob.com/condo/canberra-crescent-residences/sales,
CANBERRA CRESCENT RESIDENCES,53,#12-11,1163,4,sold,2025-08-01,https://canberracrescent.isaacyee.com/units,2026-09-20,sold,False,https://portal.huttonsgroup.com/public/pricelist/R070030E?pid=697564dce09a4511a8d56e739ecdaabd,published_full_unit_price,2206100,2206100,2206100,1,1,2025-08-02,2025-08-02,https://propertynoob.com/condo/canberra-crescent-residences/sales,
CANBERRA CRESCENT RESIDENCES,53,#12-12,667,2,sold,2025-08-01,https://canberracrescent.isaacyee.com/units,2026-09-20,sold,False,https://portal.huttonsgroup.com/public/pricelist/R070030E?pid=697564dce09a4511a8d56e739ecdaabd,published_full_unit_price,1356100,1356100,1356100,1,1,2025-08-02,2025-08-02,https://propertynoob.com/condo/canberra-crescent-residences/sales,
CANBERRA CRESCENT RESIDENCES,53,#12-13,872,3,sold,2025-08-16,https://canberracrescent.isaacyee.com/units,2026-09-20,sold,False,https://portal.huttonsgroup.com/public/pricelist/R070030E?pid=697564dce09a4511a8d56e739ecdaabd,published_full_unit_price,1743612,1743612,1743612,1,1,2025-08-17,2025-08-17,https://propertynoob.com/condo/canberra-crescent-residences/sales,
CANBERRA CRESCENT RESIDENCES,53,#12-14,1216,4,sold,2026-02-27,https://canberracrescent.isaacyee.com/units,2026-09-20,sold,False,https://portal.huttonsgroup.com/public/pricelist/R070030E?pid=697564dce09a4511a8d56e739ecdaabd,published_full_unit_price,2408700,2408700,2408700,2,1,2026-02-27,2026-02-27,https://propertynoob.com/condo/canberra-crescent-residences/sales|https://propertystory.sg/canberra-crescent-residences/,
CANBERRA CRESCENT RESIDENCES,53,#12-15,872,3,sold,2025-08-01,https://canberracrescent.isaacyee.com/units,2026-09-20,sold,False,https://portal.huttonsgroup.com/public/pricelist/R070030E?pid=697564dce09a4511a8d56e739ecdaabd,published_full_unit_price,1745400,1745400,1745400,1,1,2025-08-02,2025-08-02,https://propertynoob.com/condo/canberra-crescent-residences/sales,
CANBERRA CRESCENT RESIDENCES,53,#12-16,797,3,sold,2025-08-12,https://canberracrescent.isaacyee.com/units,2026-09-20,sold,False,https://portal.huttonsgroup.com/public/pricelist/R070030E?pid=697564dce09a4511a8d56e739ecdaabd,published_full_unit_price,1575000,1575000,1575000,1,1,2025-08-13,2025-08-13,https://propertynoob.com/condo/canberra-crescent-residences/sales,
CANBERRA CRESCENT RESIDENCES,53,#11-09,570,2,sold,2025-08-01,https://canberracrescent.isaacyee.com/units,2026-09-20,sold,False,https://portal.huttonsgroup.com/public/pricelist/R070030E?pid=697564dce09a4511a8d56e739ecdaabd,published_full_unit_price,1120000,1120000,1120000,1,1,2025-08-02,2025-08-02,https://propertynoob.com/condo/canberra-crescent-residences/sales,
CANBERRA CRESCENT RESIDENCES,53,#11-10,883,3,sold,2025-08-01,https://canberracrescent.isaacyee.com/units,2026-09-20,sold,False,https://portal.huttonsgroup.com/public/pricelist/R070030E?pid=697564dce09a4511a8d56e739ecdaabd,published_full_unit_price,1740400,1740400,1740400,1,1,2025-08-03,2025-08-03,https://propertynoob.com/condo/canberra-crescent-residences/sales,
CANBERRA CRESCENT RESIDENCES,53,#11-11,1163,4,sold,2025-08-01,https://canberracrescent.isaacyee.com/units,2026-09-20,sold,False,https://portal.huttonsgroup.com/public/pricelist/R070030E?pid=697564dce09a4511a8d56e739ecdaabd,published_full_unit_price,2200600,2200600,2200600,1,1,2025-08-02,2025-08-02,https://propertynoob.com/condo/canberra-crescent-residences/sales,
CANBERRA CRESCENT RESIDENCES,53,#11-12,667,2,sold,2025-08-01,https://canberracrescent.isaacyee.com/units,2026-09-20,sold,False,https://portal.huttonsgroup.com/public/pricelist/R070030E?pid=697564dce09a4511a8d56e739ecdaabd,published_full_unit_price,1352700,1352700,1352700,1,1,2025-08-02,2025-08-02,https://propertynoob.com/condo/canberra-crescent-residences/sales,
CANBERRA CRESCENT RESIDENCES,53,#11-13,797,3,sold,2025-08-01,https://canberracrescent.isaacyee.com/units,2026-09-20,sold,False,https://portal.huttonsgroup.com/public/pricelist/R070030E?pid=697564dce09a4511a8d56e739ecdaabd,published_full_unit_price,1589900,1589900,1589900,1,1,2025-08-02,2025-08-02,https://propertynoob.com/condo/canberra-crescent-residences/sales,
CANBERRA CRESCENT RESIDENCES,53,#11-14,1216,4,sold,2026-03-14,https://canberracrescent.isaacyee.com/units,2026-09-20,sold,False,https://portal.huttonsgroup.com/public/pricelist/R070030E?pid=697564dce09a4511a8d56e739ecdaabd,published_full_unit_price,2402700,2402700,2402700,2,1,2026-03-09,2026-03-09,https://propertynoob.com/condo/canberra-crescent-residences/sales|https://propertystory.sg/canberra-crescent-residences/,
CANBERRA CRESCENT RESIDENCES,53,#11-15,872,3,sold,2025-08-01,https://canberracrescent.isaacyee.com/units,2026-09-20,sold,False,https://portal.huttonsgroup.com/public/pricelist/R070030E?pid=697564dce09a4511a8d56e739ecdaabd,published_full_unit_price,1741100,1741100,1741100,1,1,2025-08-02,2025-08-02,https://propertynoob.com/condo/canberra-crescent-residences/sales,
CANBERRA CRESCENT RESIDENCES,53,#11-16,797,3,sold,2025-08-14,https://canberracrescent.isaacyee.com/units,2026-09-20,sold,False,https://portal.huttonsgroup.com/public/pricelist/R070030E?pid=697564dce09a4511a8d56e739ecdaabd,published_full_unit_price,1571100,1571100,1571100,1,1,2025-08-15,2025-08-15,https://propertynoob.com/condo/canberra-crescent-residences/sales,
CANBERRA CRESCENT RESIDENCES,53,#10-09,570,2,sold,2025-08-01,https://canberracrescent.isaacyee.com/units,2026-09-20,sold,False,https://portal.huttonsgroup.com/public/pricelist/R070030E?pid=697564dce09a4511a8d56e739ecdaabd,published_full_unit_price,1117200,1117200,1117200,1,1,2025-08-02,2025-08-02,https://propertynoob.com/condo/canberra-crescent-residences/sales,
CANBERRA CRESCENT RESIDENCES,53,#10-10,883,3,sold,2025-08-01,https://canberracrescent.isaacyee.com/units,2026-09-20,sold,False,https://portal.huttonsgroup.com/public/pricelist/R070030E?pid=697564dce09a4511a8d56e739ecdaabd,published_full_unit_price,1736000,1736000,1736000,1,1,2025-08-02,2025-08-02,https://propertynoob.com/condo/canberra-crescent-residences/sales,
CANBERRA CRESCENT RESIDENCES,53,#10-11,1163,4,sold,2025-08-01,https://canberracrescent.isaacyee.com/units,2026-09-20,sold,False,https://portal.huttonsgroup.com/public/pricelist/R070030E?pid=697564dce09a4511a8d56e739ecdaabd,published_full_unit_price,2195100,2195100,2195100,1,1,2025-08-02,2025-08-02,https://propertynoob.com/condo/canberra-crescent-residences/sales,
CANBERRA CRESCENT RESIDENCES,53,#10-12,667,2,sold,2025-08-01,https://canberracrescent.isaacyee.com/units,2026-09-20,sold,False,https://portal.huttonsgroup.com/public/pricelist/R070030E?pid=697564dce09a4511a8d56e739ecdaabd,published_full_unit_price,1349300,1349300,1349300,1,1,2025-08-02,2025-08-02,https://propertynoob.com/condo/canberra-crescent-residences/sales,
CANBERRA CRESCENT RESIDENCES,53,#10-13,797,3,sold,2025-08-01,https://canberracrescent.isaacyee.com/units,2026-09-20,sold,False,https://portal.huttonsgroup.com/public/pricelist/R070030E?pid=697564dce09a4511a8d56e739ecdaabd,published_full_unit_price,1585900,1585900,1585900,1,1,2025-08-02,2025-08-02,https://propertynoob.com/condo/canberra-crescent-residences/sales,
CANBERRA CRESCENT RESIDENCES,53,#10-14,1216,4,sold,2025-08-01,https://canberracrescent.isaacyee.com/units,2026-09-20,sold,False,https://portal.huttonsgroup.com/public/pricelist/R070030E?pid=697564dce09a4511a8d56e739ecdaabd,published_full_unit_price,2349600,2349600,2349600,1,1,2025-08-03,2025-08-03,https://propertynoob.com/condo/canberra-crescent-residences/sales,
CANBERRA CRESCENT RESIDENCES,53,#10-15,872,3,sold,2025-08-01,https://canberracrescent.isaacyee.com/units,2026-09-20,sold,False,https://portal.huttonsgroup.com/public/pricelist/R070030E?pid=697564dce09a4511a8d56e739ecdaabd,published_full_unit_price,1736700,1736700,1736700,1,1,2025-08-02,2025-08-02,https://propertynoob.com/condo/canberra-crescent-residences/sales,
CANBERRA CRESCENT RESIDENCES,53,#10-16,797,3,sold,2025-08-03,https://canberracrescent.isaacyee.com/units,2026-09-20,sold,False,https://portal.huttonsgroup.com/public/pricelist/R070030E?pid=697564dce09a4511a8d56e739ecdaabd,published_full_unit_price,1567200,1567200,1567200,1,1,2025-08-04,2025-08-04,https://propertynoob.com/condo/canberra-crescent-residences/sales,
CANBERRA CRESCENT RESIDENCES,53,#09-09,570,2,sold,2025-08-01,https://canberracrescent.isaacyee.com/units,2026-09-20,sold,False,https://portal.huttonsgroup.com/public/pricelist/R070030E?pid=697564dce09a4511a8d56e739ecdaabd,published_full_unit_price,1114400,1114400,1114400,1,1,2025-08-02,2025-08-02,https://propertynoob.com/condo/canberra-crescent-residences/sales,
CANBERRA CRESCENT RESIDENCES,53,#09-10,883,3,sold,2025-08-01,https://canberracrescent.isaacyee.com/units,2026-09-20,sold,False,https://portal.huttonsgroup.com/public/pricelist/R070030E?pid=697564dce09a4511a8d56e739ecdaabd,published_full_unit_price,1731700,1731700,1731700,1,1,2025-08-02,2025-08-02,https://propertynoob.com/condo/canberra-crescent-residences/sales,
CANBERRA CRESCENT RESIDENCES,53,#09-11,1163,4,sold,2025-08-01,https://canberracrescent.isaacyee.com/units,2026-09-20,sold,False,https://portal.huttonsgroup.com/public/pricelist/R070030E?pid=697564dce09a4511a8d56e739ecdaabd,published_full_unit_price,2189700,2189700,2189700,1,1,2025-08-02,2025-08-02,https://propertynoob.com/condo/canberra-crescent-residences/sales,
CANBERRA CRESCENT RESIDENCES,53,#09-12,667,2,sold,2025-08-01,https://canberracrescent.isaacyee.com/units,2026-09-20,sold,False,https://portal.huttonsgroup.com/public/pricelist/R070030E?pid=697564dce09a4511a8d56e739ecdaabd,published_full_unit_price,1346000,1346000,1346000,1,1,2025-08-02,2025-08-02,https://propertynoob.com/condo/canberra-crescent-residences/sales,
CANBERRA CRESCENT RESIDENCES,53,#09-13,797,3,sold,2025-08-01,https://canberracrescent.isaacyee.com/units,2026-09-20,sold,False,https://portal.huttonsgroup.com/public/pricelist/R070030E?pid=697564dce09a4511a8d56e739ecdaabd,published_full_unit_price,1582000,1582000,1582000,1,1,2025-08-02,2025-08-02,https://propertynoob.com/condo/canberra-crescent-residences/sales,
CANBERRA CRESCENT RESIDENCES,53,#09-14,1216,4,sold,2026-03-19,https://canberracrescent.isaacyee.com/units,2026-09-20,sold,False,https://portal.huttonsgroup.com/public/pricelist/R070030E?pid=697564dce09a4511a8d56e739ecdaabd,published_full_unit_price,2390700,2390700,2390700,2,1,2026-03-20,2026-03-20,https://propertynoob.com/condo/canberra-crescent-residences/sales|https://propertystory.sg/canberra-crescent-residences/,
CANBERRA CRESCENT RESIDENCES,53,#09-15,872,3,sold,2025-08-01,https://canberracrescent.isaacyee.com/units,2026-09-20,sold,False,https://portal.huttonsgroup.com/public/pricelist/R070030E?pid=697564dce09a4511a8d56e739ecdaabd,published_full_unit_price,1732400,1732400,1732400,1,1,2025-08-02,2025-08-02,https://propertynoob.com/condo/canberra-crescent-residences/sales,
CANBERRA CRESCENT RESIDENCES,53,#09-16,797,3,sold,2025-08-01,https://canberracrescent.isaacyee.com/units,2026-09-20,sold,False,https://portal.huttonsgroup.com/public/pricelist/R070030E?pid=697564dce09a4511a8d56e739ecdaabd,published_full_unit_price,1563300,1563300,1563300,1,1,2025-08-03,2025-08-03,https://propertynoob.com/condo/canberra-crescent-residences/sales,
CANBERRA CRESCENT RESIDENCES,53,#08-09,570,2,sold,2025-08-01,https://canberracrescent.isaacyee.com/units,2026-09-20,sold,False,https://portal.huttonsgroup.com/public/pricelist/R070030E?pid=697564dce09a4511a8d56e739ecdaabd,published_full_unit_price,1111600,1111600,1111600,1,1,2025-08-02,2025-08-02,https://propertynoob.com/condo/canberra-crescent-residences/sales,
CANBERRA CRESCENT RESIDENCES,53,#08-10,883,3,sold,2025-08-01,https://canberracrescent.isaacyee.com/units,2026-09-20,sold,False,https://portal.huttonsgroup.com/public/pricelist/R070030E?pid=697564dce09a4511a8d56e739ecdaabd,published_full_unit_price,1727400,1727400,1727400,1,1,2025-08-02,2025-08-02,https://propertynoob.com/condo/canberra-crescent-residences/sales,
CANBERRA CRESCENT RESIDENCES,53,#08-11,1163,4,sold,2025-08-01,https://canberracrescent.isaacyee.com/units,2026-09-20,sold,False,https://portal.huttonsgroup.com/public/pricelist/R070030E?pid=697564dce09a4511a8d56e739ecdaabd,published_full_unit_price,2184200,2184200,2184200,1,1,2025-08-02,2025-08-02,https://propertynoob.com/condo/canberra-crescent-residences/sales,
CANBERRA CRESCENT RESIDENCES,53,#08-12,667,2,sold,2025-08-01,https://canberracrescent.isaacyee.com/units,2026-09-20,sold,False,https://portal.huttonsgroup.com/public/pricelist/R070030E?pid=697564dce09a4511a8d56e739ecdaabd,published_full_unit_price,1342600,1342600,1342600,1,1,2025-08-02,2025-08-02,https://propertynoob.com/condo/canberra-crescent-residences/sales,
CANBERRA CRESCENT RESIDENCES,53,#08-13,797,3,sold,2025-08-01,https://canberracrescent.isaacyee.com/units,2026-09-20,sold,False,https://portal.huttonsgroup.com/public/pricelist/R070030E?pid=697564dce09a4511a8d56e739ecdaabd,published_full_unit_price,1578100,1578100,1578100,1,1,2025-08-02,2025-08-02,https://propertynoob.com/condo/canberra-crescent-residences/sales,
CANBERRA CRESCENT RESIDENCES,53,#08-14,1216,4,sold,2025-10-31,https://canberracrescent.isaacyee.com/units,2026-09-20,sold,False,https://portal.huttonsgroup.com/public/pricelist/R070030E?pid=697564dce09a4511a8d56e739ecdaabd,published_full_unit_price,2361000,2361000,2361000,1,1,2025-11-01,2025-11-01,https://propertynoob.com/condo/canberra-crescent-residences/sales,
CANBERRA CRESCENT RESIDENCES,53,#08-15,872,3,sold,2025-08-01,https://canberracrescent.isaacyee.com/units,2026-09-20,sold,False,https://portal.huttonsgroup.com/public/pricelist/R070030E?pid=697564dce09a4511a8d56e739ecdaabd,published_full_unit_price,1728100,1728100,1728100,1,1,2025-08-02,2025-08-02,https://propertynoob.com/condo/canberra-crescent-residences/sales,
CANBERRA CRESCENT RESIDENCES,53,#08-16,797,3,sold,2025-09-04,https://canberracrescent.isaacyee.com/units,2026-09-20,sold,False,https://portal.huttonsgroup.com/public/pricelist/R070030E?pid=697564dce09a4511a8d56e739ecdaabd,published_full_unit_price,1574700,1574700,1574700,1,1,2025-09-05,2025-09-05,https://propertynoob.com/condo/canberra-crescent-residences/sales,
CANBERRA CRESCENT RESIDENCES,53,#07-09,570,2,sold,2025-08-01,https://canberracrescent.isaacyee.com/units,2026-09-20,sold,False,https://portal.huttonsgroup.com/public/pricelist/R070030E?pid=697564dce09a4511a8d56e739ecdaabd,published_full_unit_price,1108900,1108900,1108900,1,1,2025-08-02,2025-08-02,https://propertynoob.com/condo/canberra-crescent-residences/sales,
CANBERRA CRESCENT RESIDENCES,53,#07-10,883,3,sold,2025-08-01,https://canberracrescent.isaacyee.com/units,2026-09-20,sold,False,https://portal.huttonsgroup.com/public/pricelist/R070030E?pid=697564dce09a4511a8d56e739ecdaabd,published_full_unit_price,1723100,1723100,1723100,1,1,2025-08-02,2025-08-02,https://propertynoob.com/condo/canberra-crescent-residences/sales,
CANBERRA CRESCENT RESIDENCES,53,#07-11,1163,4,sold,2025-08-01,https://canberracrescent.isaacyee.com/units,2026-09-20,sold,False,https://portal.huttonsgroup.com/public/pricelist/R070030E?pid=697564dce09a4511a8d56e739ecdaabd,published_full_unit_price,2178700,2178700,2178700,1,1,2025-08-02,2025-08-02,https://propertynoob.com/condo/canberra-crescent-residences/sales,
CANBERRA CRESCENT RESIDENCES,53,#07-12,667,2,sold,2025-08-01,https://canberracrescent.isaacyee.com/units,2026-09-20,sold,False,https://portal.huttonsgroup.com/public/pricelist/R070030E?pid=697564dce09a4511a8d56e739ecdaabd,published_full_unit_price,1339300,1339300,1339300,1,1,2025-08-02,2025-08-02,https://propertynoob.com/condo/canberra-crescent-residences/sales,
CANBERRA CRESCENT RESIDENCES,53,#07-13,797,3,sold,2025-09-03,https://canberracrescent.isaacyee.com/units,2026-09-20,sold,False,https://portal.huttonsgroup.com/public/pricelist/R070030E?pid=697564dce09a4511a8d56e739ecdaabd,multiple_historical_prices_review,,1574100,1589600,2,2,2025-08-02,2025-09-04,https://propertynoob.com/condo/canberra-crescent-residences/sales,Different historical prices retained; cancellation/rebooking/correction not established.
CANBERRA CRESCENT RESIDENCES,53,#07-14,1216,4,sold,2026-03-27,https://canberracrescent.isaacyee.com/units,2026-09-20,sold,False,https://portal.huttonsgroup.com/public/pricelist/R070030E?pid=697564dce09a4511a8d56e739ecdaabd,published_full_unit_price,2378800,2378800,2378800,2,1,2026-03-28,2026-03-28,https://propertynoob.com/condo/canberra-crescent-residences/sales|https://propertystory.sg/canberra-crescent-residences/,
CANBERRA CRESCENT RESIDENCES,53,#07-15,872,3,sold,2025-08-01,https://canberracrescent.isaacyee.com/units,2026-09-20,sold,False,https://portal.huttonsgroup.com/public/pricelist/R070030E?pid=697564dce09a4511a8d56e739ecdaabd,published_full_unit_price,1723800,1723800,1723800,1,1,2025-08-02,2025-08-02,https://propertynoob.com/condo/canberra-crescent-residences/sales,
CANBERRA CRESCENT RESIDENCES,53,#07-16,797,3,sold,2025-10-08,https://canberracrescent.isaacyee.com/units,2026-09-20,sold,False,https://portal.huttonsgroup.com/public/pricelist/R070030E?pid=697564dce09a4511a8d56e739ecdaabd,published_full_unit_price,1570900,1570900,1570900,1,1,2025-10-06,2025-10-06,https://propertynoob.com/condo/canberra-crescent-residences/sales,
CANBERRA CRESCENT RESIDENCES,53,#06-09,570,2,sold,2025-08-01,https://canberracrescent.isaacyee.com/units,2026-09-20,sold,False,https://portal.huttonsgroup.com/public/pricelist/R070030E?pid=697564dce09a4511a8d56e739ecdaabd,published_full_unit_price,1106100,1106100,1106100,1,1,2025-08-05,2025-08-05,https://propertynoob.com/condo/canberra-crescent-residences/sales,
CANBERRA CRESCENT RESIDENCES,53,#06-10,883,3,sold,2025-08-01,https://canberracrescent.isaacyee.com/units,2026-09-20,sold,False,https://portal.huttonsgroup.com/public/pricelist/R070030E?pid=697564dce09a4511a8d56e739ecdaabd,published_full_unit_price,1718800,1718800,1718800,1,1,2025-08-02,2025-08-02,https://propertynoob.com/condo/canberra-crescent-residences/sales,
CANBERRA CRESCENT RESIDENCES,53,#06-11,1163,4,sold,2025-08-01,https://canberracrescent.isaacyee.com/units,2026-09-20,sold,False,https://portal.huttonsgroup.com/public/pricelist/R070030E?pid=697564dce09a4511a8d56e739ecdaabd,published_full_unit_price,2173300,2173300,2173300,1,1,2025-08-02,2025-08-02,https://propertynoob.com/condo/canberra-crescent-residences/sales,
CANBERRA CRESCENT RESIDENCES,53,#06-12,667,2,sold,2025-08-01,https://canberracrescent.isaacyee.com/units,2026-09-20,sold,False,https://portal.huttonsgroup.com/public/pricelist/R070030E?pid=697564dce09a4511a8d56e739ecdaabd,published_full_unit_price,1335900,1335900,1335900,1,1,2025-08-02,2025-08-02,https://propertynoob.com/condo/canberra-crescent-residences/sales,
CANBERRA CRESCENT RESIDENCES,53,#06-13,797,3,sold,2025-08-01,https://canberracrescent.isaacyee.com/units,2026-09-20,sold,False,https://portal.huttonsgroup.com/public/pricelist/R070030E?pid=697564dce09a4511a8d56e739ecdaabd,published_full_unit_price,1570200,1570200,1570200,1,1,2025-08-02,2025-08-02,https://propertynoob.com/condo/canberra-crescent-residences/sales,
CANBERRA CRESCENT RESIDENCES,53,#06-14,1216,4,sold,2026-03-24,https://canberracrescent.isaacyee.com/units,2026-09-20,sold,False,https://portal.huttonsgroup.com/public/pricelist/R070030E?pid=697564dce09a4511a8d56e739ecdaabd,published_full_unit_price,2373000,2373000,2373000,2,1,2026-03-25,2026-03-25,https://propertynoob.com/condo/canberra-crescent-residences/sales|https://propertystory.sg/canberra-crescent-residences/,
CANBERRA CRESCENT RESIDENCES,53,#06-15,872,3,sold,2025-08-01,https://canberracrescent.isaacyee.com/units,2026-09-20,sold,False,https://portal.huttonsgroup.com/public/pricelist/R070030E?pid=697564dce09a4511a8d56e739ecdaabd,published_full_unit_price,1719500,1719500,1719500,1,1,2025-08-02,2025-08-02,https://propertynoob.com/condo/canberra-crescent-residences/sales,
CANBERRA CRESCENT RESIDENCES,53,#06-16,797,3,sold,2025-10-08,https://canberracrescent.isaacyee.com/units,2026-09-20,sold,False,https://portal.huttonsgroup.com/public/pricelist/R070030E?pid=697564dce09a4511a8d56e739ecdaabd,published_full_unit_price,1566900,1566900,1566900,1,1,2025-10-08,2025-10-08,https://propertynoob.com/condo/canberra-crescent-residences/sales,
CANBERRA CRESCENT RESIDENCES,53,#05-09,570,2,sold,2025-08-01,https://canberracrescent.isaacyee.com/units,2026-09-20,sold,False,https://portal.huttonsgroup.com/public/pricelist/R070030E?pid=697564dce09a4511a8d56e739ecdaabd,published_full_unit_price,1103400,1103400,1103400,1,1,2025-08-02,2025-08-02,https://propertynoob.com/condo/canberra-crescent-residences/sales,
CANBERRA CRESCENT RESIDENCES,53,#05-10,883,3,sold,2025-08-01,https://canberracrescent.isaacyee.com/units,2026-09-20,sold,False,https://portal.huttonsgroup.com/public/pricelist/R070030E?pid=697564dce09a4511a8d56e739ecdaabd,published_full_unit_price,1714500,1714500,1714500,1,1,2025-08-02,2025-08-02,https://propertynoob.com/condo/canberra-crescent-residences/sales,
CANBERRA CRESCENT RESIDENCES,53,#05-11,1163,4,sold,2025-08-01,https://canberracrescent.isaacyee.com/units,2026-09-20,sold,False,https://portal.huttonsgroup.com/public/pricelist/R070030E?pid=697564dce09a4511a8d56e739ecdaabd,published_full_unit_price,2167900,2167900,2167900,1,1,2025-08-02,2025-08-02,https://propertynoob.com/condo/canberra-crescent-residences/sales,
CANBERRA CRESCENT RESIDENCES,53,#05-12,667,2,sold,2025-08-01,https://canberracrescent.isaacyee.com/units,2026-09-20,sold,False,https://portal.huttonsgroup.com/public/pricelist/R070030E?pid=697564dce09a4511a8d56e739ecdaabd,published_full_unit_price,1332600,1332600,1332600,1,1,2025-08-03,2025-08-03,https://propertynoob.com/condo/canberra-crescent-residences/sales,
CANBERRA CRESCENT RESIDENCES,53,#05-13,797,3,sold,2025-08-01,https://canberracrescent.isaacyee.com/units,2026-09-20,sold,False,https://portal.huttonsgroup.com/public/pricelist/R070030E?pid=697564dce09a4511a8d56e739ecdaabd,published_full_unit_price,1566300,1566300,1566300,1,1,2025-08-02,2025-08-02,https://propertynoob.com/condo/canberra-crescent-residences/sales,
CANBERRA CRESCENT RESIDENCES,53,#05-14,1216,4,sold,2026-03-27,https://canberracrescent.isaacyee.com/units,2026-09-20,sold,False,https://portal.huttonsgroup.com/public/pricelist/R070030E?pid=697564dce09a4511a8d56e739ecdaabd,published_full_unit_price,2367100,2367100,2367100,2,1,2026-03-28,2026-03-28,https://propertynoob.com/condo/canberra-crescent-residences/sales|https://propertystory.sg/canberra-crescent-residences/,
CANBERRA CRESCENT RESIDENCES,53,#05-15,872,3,sold,2025-08-01,https://canberracrescent.isaacyee.com/units,2026-09-20,sold,False,https://portal.huttonsgroup.com/public/pricelist/R070030E?pid=697564dce09a4511a8d56e739ecdaabd,published_full_unit_price,1715200,1715200,1715200,1,1,2025-08-02,2025-08-02,https://propertynoob.com/condo/canberra-crescent-residences/sales,
CANBERRA CRESCENT RESIDENCES,53,#05-16,797,3,sold,2025-10-11,https://canberracrescent.isaacyee.com/units,2026-09-20,sold,False,https://portal.huttonsgroup.com/public/pricelist/R070030E?pid=697564dce09a4511a8d56e739ecdaabd,published_full_unit_price,1563000,1563000,1563000,1,1,2025-10-10,2025-10-10,https://propertynoob.com/condo/canberra-crescent-residences/sales,
CANBERRA CRESCENT RESIDENCES,53,#04-09,570,2,sold,2025-08-01,https://canberracrescent.isaacyee.com/units,2026-09-20,sold,False,https://portal.huttonsgroup.com/public/pricelist/R070030E?pid=697564dce09a4511a8d56e739ecdaabd,published_full_unit_price,1100600,1100600,1100600,1,1,2025-08-02,2025-08-02,https://propertynoob.com/condo/canberra-crescent-residences/sales,
CANBERRA CRESCENT RESIDENCES,53,#04-10,883,3,sold,2025-08-04,https://canberracrescent.isaacyee.com/units,2026-09-20,sold,False,https://portal.huttonsgroup.com/public/pricelist/R070030E?pid=697564dce09a4511a8d56e739ecdaabd,published_full_unit_price,1710300,1710300,1710300,1,1,2025-08-05,2025-08-05,https://propertynoob.com/condo/canberra-crescent-residences/sales,
CANBERRA CRESCENT RESIDENCES,53,#04-11,1163,4,sold,2025-08-01,https://canberracrescent.isaacyee.com/units,2026-09-20,sold,False,https://portal.huttonsgroup.com/public/pricelist/R070030E?pid=697564dce09a4511a8d56e739ecdaabd,published_full_unit_price,2162500,2162500,2162500,1,1,2025-08-02,2025-08-02,https://propertynoob.com/condo/canberra-crescent-residences/sales,
CANBERRA CRESCENT RESIDENCES,53,#04-12,667,2,sold,2025-08-01,https://canberracrescent.isaacyee.com/units,2026-09-20,sold,False,https://portal.huttonsgroup.com/public/pricelist/R070030E?pid=697564dce09a4511a8d56e739ecdaabd,published_full_unit_price,1329300,1329300,1329300,1,1,2025-08-02,2025-08-02,https://propertynoob.com/condo/canberra-crescent-residences/sales,
CANBERRA CRESCENT RESIDENCES,53,#04-13,797,3,sold,2025-08-12,https://canberracrescent.isaacyee.com/units,2026-09-20,sold,False,https://portal.huttonsgroup.com/public/pricelist/R070030E?pid=697564dce09a4511a8d56e739ecdaabd,published_full_unit_price,1562400,1562400,1562400,1,1,2025-08-13,2025-08-13,https://propertynoob.com/condo/canberra-crescent-residences/sales,
CANBERRA CRESCENT RESIDENCES,53,#04-14,1216,4,sold,2026-08-09,https://canberracrescent.isaacyee.com/units,2026-09-20,sold,False,https://portal.huttonsgroup.com/public/pricelist/R070030E?pid=697564dce09a4511a8d56e739ecdaabd,inferred_unit_price,2380000,2380000,2380000,2,1,2026-08-08,2026-08-08,https://propertystory.sg/canberra-crescent-residences/|https://www.edgeprop.sg/condo-apartment/canberra-crescent-residences,
CANBERRA CRESCENT RESIDENCES,53,#04-15,872,3,sold,2025-10-05,https://canberracrescent.isaacyee.com/units,2026-09-20,sold,False,https://portal.huttonsgroup.com/public/pricelist/R070030E?pid=697564dce09a4511a8d56e739ecdaabd,published_full_unit_price,1727800,1727800,1727800,1,1,2025-10-06,2025-10-06,https://propertynoob.com/condo/canberra-crescent-residences/sales,
CANBERRA CRESCENT RESIDENCES,53,#04-16,797,3,sold,2025-10-27,https://canberracrescent.isaacyee.com/units,2026-09-20,sold,False,https://portal.huttonsgroup.com/public/pricelist/R070030E?pid=697564dce09a4511a8d56e739ecdaabd,published_full_unit_price,1559100,1559100,1559100,1,1,2025-10-28,2025-10-28,https://propertynoob.com/condo/canberra-crescent-residences/sales,
CANBERRA CRESCENT RESIDENCES,53,#03-09,570,2,sold,2025-08-01,https://canberracrescent.isaacyee.com/units,2026-09-20,sold,False,https://portal.huttonsgroup.com/public/pricelist/R070030E?pid=697564dce09a4511a8d56e739ecdaabd,published_full_unit_price,1097900,1097900,1097900,1,1,2025-08-02,2025-08-02,https://propertynoob.com/condo/canberra-crescent-residences/sales,
CANBERRA CRESCENT RESIDENCES,53,#03-10,883,3,sold,2025-08-14,https://canberracrescent.isaacyee.com/units,2026-09-20,sold,False,https://portal.huttonsgroup.com/public/pricelist/R070030E?pid=697564dce09a4511a8d56e739ecdaabd,published_full_unit_price,1706000,1706000,1706000,1,1,2025-08-15,2025-08-15,https://propertynoob.com/condo/canberra-crescent-residences/sales,
CANBERRA CRESCENT RESIDENCES,53,#03-11,1163,4,sold,2025-08-14,https://canberracrescent.isaacyee.com/units,2026-09-20,sold,False,https://portal.huttonsgroup.com/public/pricelist/R070030E?pid=697564dce09a4511a8d56e739ecdaabd,published_full_unit_price,2157100,2157100,2157100,1,1,2025-08-15,2025-08-15,https://propertynoob.com/condo/canberra-crescent-residences/sales,
CANBERRA CRESCENT RESIDENCES,53,#03-12,667,2,sold,2025-08-20,https://canberracrescent.isaacyee.com/units,2026-09-20,sold,False,https://portal.huttonsgroup.com/public/pricelist/R070030E?pid=697564dce09a4511a8d56e739ecdaabd,published_full_unit_price,1326000,1326000,1326000,1,1,2025-08-21,2025-08-21,https://propertynoob.com/condo/canberra-crescent-residences/sales,
CANBERRA CRESCENT RESIDENCES,53,#03-13,797,3,sold,2025-08-14,https://canberracrescent.isaacyee.com/units,2026-09-20,sold,False,https://portal.huttonsgroup.com/public/pricelist/R070030E?pid=697564dce09a4511a8d56e739ecdaabd,published_full_unit_price,1558500,1558500,1558500,1,1,2025-08-15,2025-08-15,https://propertynoob.com/condo/canberra-crescent-residences/sales,
CANBERRA CRESCENT RESIDENCES,53,#03-14,1216,4,sold,2026-04-21,https://canberracrescent.isaacyee.com/units,2026-09-20,sold,False,https://portal.huttonsgroup.com/public/pricelist/R070030E?pid=697564dce09a4511a8d56e739ecdaabd,inferred_unit_price,2355200,2355200,2355200,2,1,2026-04-22,2026-04-22,https://propertystory.sg/canberra-crescent-residences/|https://www.edgeprop.sg/condo-apartment/canberra-crescent-residences,
CANBERRA CRESCENT RESIDENCES,53,#03-15,872,3,sold,2025-08-01,https://canberracrescent.isaacyee.com/units,2026-09-20,sold,False,https://portal.huttonsgroup.com/public/pricelist/R070030E?pid=697564dce09a4511a8d56e739ecdaabd,published_full_unit_price,1706700,1706700,1706700,1,1,2025-08-02,2025-08-02,https://propertynoob.com/condo/canberra-crescent-residences/sales,
CANBERRA CRESCENT RESIDENCES,53,#03-16,797,3,sold,2025-10-30,https://canberracrescent.isaacyee.com/units,2026-09-20,sold,False,https://portal.huttonsgroup.com/public/pricelist/R070030E?pid=697564dce09a4511a8d56e739ecdaabd,published_full_unit_price,1555300,1555300,1555300,1,1,2025-10-31,2025-10-31,https://propertynoob.com/condo/canberra-crescent-residences/sales,
CANBERRA CRESCENT RESIDENCES,53,#02-09,570,2,sold,2025-08-13,https://canberracrescent.isaacyee.com/units,2026-09-20,sold,False,https://portal.huttonsgroup.com/public/pricelist/R070030E?pid=697564dce09a4511a8d56e739ecdaabd,published_full_unit_price,1095100,1095100,1095100,1,1,2025-08-14,2025-08-14,https://propertynoob.com/condo/canberra-crescent-residences/sales,
CANBERRA CRESCENT RESIDENCES,53,#02-10,883,3,sold,2025-08-18,https://canberracrescent.isaacyee.com/units,2026-09-20,sold,False,https://portal.huttonsgroup.com/public/pricelist/R070030E?pid=697564dce09a4511a8d56e739ecdaabd,published_full_unit_price,1701700,1701700,1701700,1,1,2025-08-19,2025-08-19,https://propertynoob.com/condo/canberra-crescent-residences/sales,
CANBERRA CRESCENT RESIDENCES,53,#02-11,1163,4,sold,2025-08-19,https://canberracrescent.isaacyee.com/units,2026-09-20,sold,False,https://portal.huttonsgroup.com/public/pricelist/R070030E?pid=697564dce09a4511a8d56e739ecdaabd,published_full_unit_price,2151700,2151700,2151700,1,1,2025-08-20,2025-08-20,https://propertynoob.com/condo/canberra-crescent-residences/sales,
CANBERRA CRESCENT RESIDENCES,53,#02-12,667,2,sold,2025-09-27,https://canberracrescent.isaacyee.com/units,2026-09-20,sold,False,https://portal.huttonsgroup.com/public/pricelist/R070030E?pid=697564dce09a4511a8d56e739ecdaabd,published_full_unit_price,1335800,1335800,1335800,1,1,2025-09-25,2025-09-25,https://propertynoob.com/condo/canberra-crescent-residences/sales,
CANBERRA CRESCENT RESIDENCES,53,#02-13,797,3,sold,2025-08-17,https://canberracrescent.isaacyee.com/units,2026-09-20,sold,False,https://portal.huttonsgroup.com/public/pricelist/R070030E?pid=697564dce09a4511a8d56e739ecdaabd,published_full_unit_price,1554600,1554600,1554600,1,1,2025-08-18,2025-08-18,https://propertynoob.com/condo/canberra-crescent-residences/sales,
CANBERRA CRESCENT RESIDENCES,53,#02-14,1216,4,sold,2026-05-30,https://canberracrescent.isaacyee.com/units,2026-09-20,sold,False,https://portal.huttonsgroup.com/public/pricelist/R070030E?pid=697564dce09a4511a8d56e739ecdaabd,inferred_unit_price,2372894,2372894,2372894,2,1,2026-05-25,2026-05-25,https://propertystory.sg/canberra-crescent-residences/|https://www.edgeprop.sg/condo-apartment/canberra-crescent-residences,
CANBERRA CRESCENT RESIDENCES,53,#02-15,872,3,sold,2025-10-26,https://canberracrescent.isaacyee.com/units,2026-09-20,sold,False,https://portal.huttonsgroup.com/public/pricelist/R070030E?pid=697564dce09a4511a8d56e739ecdaabd,published_full_unit_price,1719200,1719200,1719200,1,1,2025-10-22,2025-10-22,https://propertynoob.com/condo/canberra-crescent-residences/sales,
CANBERRA CRESCENT RESIDENCES,53,#02-16,797,3,sold,2025-10-18,https://canberracrescent.isaacyee.com/units,2026-09-20,sold,False,https://portal.huttonsgroup.com/public/pricelist/R070030E?pid=697564dce09a4511a8d56e739ecdaabd,published_full_unit_price,1551400,1551400,1551400,1,1,2025-10-17,2025-10-17,https://propertynoob.com/condo/canberra-crescent-residences/sales,
CANBERRA CRESCENT RESIDENCES,53,#01-09,570,2,sold,2025-08-16,https://canberracrescent.isaacyee.com/units,2026-09-20,sold,False,https://portal.huttonsgroup.com/public/pricelist/R070030E?pid=697564dce09a4511a8d56e739ecdaabd,published_full_unit_price,1093100,1093100,1093100,1,1,2025-08-17,2025-08-17,https://propertynoob.com/condo/canberra-crescent-residences/sales,
CANBERRA CRESCENT RESIDENCES,53,#01-10,883,3,sold,2025-11-29,https://canberracrescent.isaacyee.com/units,2026-09-20,sold,False,https://portal.huttonsgroup.com/public/pricelist/R070030E?pid=697564dce09a4511a8d56e739ecdaabd,published_full_unit_price,1731500,1731500,1731500,1,1,2025-11-29,2025-11-29,https://propertynoob.com/condo/canberra-crescent-residences/sales,
CANBERRA CRESCENT RESIDENCES,53,#01-11,1163,4,sold,2026-03-07,https://canberracrescent.isaacyee.com/units,2026-09-20,sold,False,https://portal.huttonsgroup.com/public/pricelist/R070030E?pid=697564dce09a4511a8d56e739ecdaabd,published_full_unit_price,2189300,2189300,2189300,2,1,2026-03-05,2026-03-05,https://propertynoob.com/condo/canberra-crescent-residences/sales|https://propertystory.sg/canberra-crescent-residences/,
CANBERRA CRESCENT RESIDENCES,53,#01-12,409,1,sold,2025-08-01,https://canberracrescent.isaacyee.com/units,2026-09-20,sold,False,https://portal.huttonsgroup.com/public/pricelist/R070030E?pid=697564dce09a4511a8d56e739ecdaabd,published_full_unit_price,880000,880000,880000,1,1,2025-08-02,2025-08-02,https://propertynoob.com/condo/canberra-crescent-residences/sales,
CANBERRA CRESCENT RESIDENCES,53,#01-13,797,3,sold,2025-10-28,https://canberracrescent.isaacyee.com/units,2026-09-20,sold,False,https://portal.huttonsgroup.com/public/pricelist/R070030E?pid=697564dce09a4511a8d56e739ecdaabd,published_full_unit_price,1566100,1566100,1566100,1,1,2025-10-29,2025-10-29,https://propertynoob.com/condo/canberra-crescent-residences/sales,
CANBERRA CRESCENT RESIDENCES,53,#01-14,1216,4,available,,https://canberracrescent.isaacyee.com/units,2026-09-20,available,False,https://portal.huttonsgroup.com/public/pricelist/R070030E?pid=697564dce09a4511a8d56e739ecdaabd,chart_available,,,,0,0,,,,
CANBERRA CRESCENT RESIDENCES,53,#01-15,872,3,sold,2026-01-17,https://canberracrescent.isaacyee.com/units,2026-09-20,sold,False,https://portal.huttonsgroup.com/public/pricelist/R070030E?pid=697564dce09a4511a8d56e739ecdaabd,published_full_unit_price,1732200,1732200,1732200,2,1,2026-01-13,2026-01-13,https://propertynoob.com/condo/canberra-crescent-residences/sales|https://propertystory.sg/canberra-crescent-residences/,
CANBERRA CRESCENT RESIDENCES,53,#01-16,797,3,sold,2025-12-09,https://canberracrescent.isaacyee.com/units,2026-09-20,sold,False,https://portal.huttonsgroup.com/public/pricelist/R070030E?pid=697564dce09a4511a8d56e739ecdaabd,published_full_unit_price,1563100,1563100,1563100,1,1,2025-12-10,2025-12-10,https://propertynoob.com/condo/canberra-crescent-residences/sales,
CANBERRA CRESCENT RESIDENCES,55,#12-17,667,2,sold,2025-08-01,https://canberracrescent.isaacyee.com/units,2026-09-20,sold,False,https://portal.huttonsgroup.com/public/pricelist/R070030E?pid=697564dce09a4511a8d56e739ecdaabd,published_full_unit_price,1353700,1353700,1353700,1,1,2025-08-02,2025-08-02,https://propertynoob.com/condo/canberra-crescent-residences/sales,
CANBERRA CRESCENT RESIDENCES,55,#12-18,1173,4,sold,2026-04-18,https://canberracrescent.isaacyee.com/units,2026-09-20,sold,False,https://portal.huttonsgroup.com/public/pricelist/R070030E?pid=697564dce09a4511a8d56e739ecdaabd,inferred_unit_price,2365218,2365218,2365218,2,1,2026-04-18,2026-04-18,https://propertystory.sg/canberra-crescent-residences/|https://www.edgeprop.sg/condo-apartment/canberra-crescent-residences,
CANBERRA CRESCENT RESIDENCES,55,#12-19,1163,4,sold,2025-08-01,https://canberracrescent.isaacyee.com/units,2026-09-20,sold,False,https://portal.huttonsgroup.com/public/pricelist/R070030E?pid=697564dce09a4511a8d56e739ecdaabd,published_full_unit_price,2268700,2268700,2268700,1,1,2025-08-02,2025-08-02,https://propertynoob.com/condo/canberra-crescent-residences/sales,
CANBERRA CRESCENT RESIDENCES,55,#12-20,667,2,sold,2025-08-01,https://canberracrescent.isaacyee.com/units,2026-09-20,sold,False,https://portal.huttonsgroup.com/public/pricelist/R070030E?pid=697564dce09a4511a8d56e739ecdaabd,published_full_unit_price,1389900,1389900,1389900,1,1,2025-08-02,2025-08-02,https://propertynoob.com/condo/canberra-crescent-residences/sales,
CANBERRA CRESCENT RESIDENCES,55,#12-21,872,3,sold,2025-08-15,https://canberracrescent.isaacyee.com/units,2026-09-20,sold,False,https://portal.huttonsgroup.com/public/pricelist/R070030E?pid=697564dce09a4511a8d56e739ecdaabd,published_full_unit_price,1787200,1787200,1787200,1,1,2025-08-16,2025-08-16,https://propertynoob.com/condo/canberra-crescent-residences/sales,
CANBERRA CRESCENT RESIDENCES,55,#12-22,1216,4,sold,2025-08-05,https://canberracrescent.isaacyee.com/units,2026-09-20,sold,False,https://portal.huttonsgroup.com/public/pricelist/R070030E?pid=697564dce09a4511a8d56e739ecdaabd,published_full_unit_price,2420200,2420200,2420200,1,1,2025-08-06,2025-08-06,https://propertynoob.com/condo/canberra-crescent-residences/sales,
CANBERRA CRESCENT RESIDENCES,55,#12-23,990,3,sold,2026-02-24,https://canberracrescent.isaacyee.com/units,2026-09-20,sold,False,https://portal.huttonsgroup.com/public/pricelist/R070030E?pid=697564dce09a4511a8d56e739ecdaabd,published_full_unit_price,2071500,2071500,2071500,2,1,2026-02-25,2026-02-25,https://propertynoob.com/condo/canberra-crescent-residences/sales|https://propertystory.sg/canberra-crescent-residences/,
CANBERRA CRESCENT RESIDENCES,55,#12-24,797,3,sold,2025-10-22,https://canberracrescent.isaacyee.com/units,2026-09-20,sold,False,https://portal.huttonsgroup.com/public/pricelist/R070030E?pid=697564dce09a4511a8d56e739ecdaabd,published_full_unit_price,1630200,1630200,1630200,1,1,2025-10-23,2025-10-23,https://propertynoob.com/condo/canberra-crescent-residences/sales,
CANBERRA CRESCENT RESIDENCES,55,#11-17,667,2,sold,2025-08-01,https://canberracrescent.isaacyee.com/units,2026-09-20,sold,False,https://portal.huttonsgroup.com/public/pricelist/R070030E?pid=697564dce09a4511a8d56e739ecdaabd,published_full_unit_price,1350400,1350400,1350400,1,1,2025-08-02,2025-08-02,https://propertynoob.com/condo/canberra-crescent-residences/sales,
CANBERRA CRESCENT RESIDENCES,55,#11-18,1173,4,sold,2026-02-21,https://canberracrescent.isaacyee.com/units,2026-09-20,sold,False,https://portal.huttonsgroup.com/public/pricelist/R070030E?pid=697564dce09a4511a8d56e739ecdaabd,published_full_unit_price,2336000,2336000,2336000,2,1,2026-02-21,2026-02-21,https://propertynoob.com/condo/canberra-crescent-residences/sales|https://propertystory.sg/canberra-crescent-residences/,
CANBERRA CRESCENT RESIDENCES,55,#11-19,1163,4,sold,2025-08-01,https://canberracrescent.isaacyee.com/units,2026-09-20,sold,False,https://portal.huttonsgroup.com/public/pricelist/R070030E?pid=697564dce09a4511a8d56e739ecdaabd,published_full_unit_price,2263000,2263000,2263000,1,1,2025-08-02,2025-08-02,https://propertynoob.com/condo/canberra-crescent-residences/sales,
CANBERRA CRESCENT RESIDENCES,55,#11-20,667,2,sold,2025-08-01,https://canberracrescent.isaacyee.com/units,2026-09-20,sold,False,https://portal.huttonsgroup.com/public/pricelist/R070030E?pid=697564dce09a4511a8d56e739ecdaabd,published_full_unit_price,1386400,1386400,1386400,1,1,2025-08-02,2025-08-02,https://propertynoob.com/condo/canberra-crescent-residences/sales,
CANBERRA CRESCENT RESIDENCES,55,#11-21,797,3,sold,2025-08-01,https://canberracrescent.isaacyee.com/units,2026-09-20,sold,False,https://portal.huttonsgroup.com/public/pricelist/R070030E?pid=697564dce09a4511a8d56e739ecdaabd,published_full_unit_price,1629600,1629600,1629600,1,1,2025-08-02,2025-08-02,https://propertynoob.com/condo/canberra-crescent-residences/sales,
CANBERRA CRESCENT RESIDENCES,55,#11-22,1216,4,sold,2025-08-01,https://canberracrescent.isaacyee.com/units,2026-09-20,sold,False,https://portal.huttonsgroup.com/public/pricelist/R070030E?pid=697564dce09a4511a8d56e739ecdaabd,published_full_unit_price,2414200,2414200,2414200,1,1,2025-08-02,2025-08-02,https://propertynoob.com/condo/canberra-crescent-residences/sales,
CANBERRA CRESCENT RESIDENCES,55,#11-23,990,3,sold,2026-03-27,https://canberracrescent.isaacyee.com/units,2026-09-20,sold,False,https://portal.huttonsgroup.com/public/pricelist/R070030E?pid=697564dce09a4511a8d56e739ecdaabd,published_full_unit_price,2066300,2066300,2066300,2,1,2026-03-28,2026-03-28,https://propertynoob.com/condo/canberra-crescent-residences/sales|https://propertystory.sg/canberra-crescent-residences/,
CANBERRA CRESCENT RESIDENCES,55,#11-24,797,3,sold,2025-10-14,https://canberracrescent.isaacyee.com/units,2026-09-20,sold,False,https://portal.huttonsgroup.com/public/pricelist/R070030E?pid=697564dce09a4511a8d56e739ecdaabd,published_full_unit_price,1626200,1626200,1626200,1,1,2025-10-15,2025-10-15,https://propertynoob.com/condo/canberra-crescent-residences/sales,
CANBERRA CRESCENT RESIDENCES,55,#10-17,667,2,sold,2025-08-01,https://canberracrescent.isaacyee.com/units,2026-09-20,sold,False,https://portal.huttonsgroup.com/public/pricelist/R070030E?pid=697564dce09a4511a8d56e739ecdaabd,published_full_unit_price,1347000,1347000,1347000,1,1,2025-08-02,2025-08-02,https://propertynoob.com/condo/canberra-crescent-residences/sales,
CANBERRA CRESCENT RESIDENCES,55,#10-18,1173,4,sold,2025-12-18,https://canberracrescent.isaacyee.com/units,2026-09-20,sold,False,https://portal.huttonsgroup.com/public/pricelist/R070030E?pid=697564dce09a4511a8d56e739ecdaabd,published_full_unit_price,2330100,2330100,2330100,2,1,2025-12-19,2025-12-19,https://propertynoob.com/condo/canberra-crescent-residences/sales|https://propertystory.sg/canberra-crescent-residences/,
CANBERRA CRESCENT RESIDENCES,55,#10-19,1163,4,sold,2025-08-01,https://canberracrescent.isaacyee.com/units,2026-09-20,sold,False,https://portal.huttonsgroup.com/public/pricelist/R070030E?pid=697564dce09a4511a8d56e739ecdaabd,published_full_unit_price,2257400,2257400,2257400,1,1,2025-08-02,2025-08-02,https://propertynoob.com/condo/canberra-crescent-residences/sales,
CANBERRA CRESCENT RESIDENCES,55,#10-20,667,2,sold,2025-08-01,https://canberracrescent.isaacyee.com/units,2026-09-20,sold,False,https://portal.huttonsgroup.com/public/pricelist/R070030E?pid=697564dce09a4511a8d56e739ecdaabd,published_full_unit_price,1383000,1383000,1383000,1,1,2025-08-02,2025-08-02,https://propertynoob.com/condo/canberra-crescent-residences/sales,
CANBERRA CRESCENT RESIDENCES,55,#10-21,797,3,sold,2025-08-01,https://canberracrescent.isaacyee.com/units,2026-09-20,sold,False,https://portal.huttonsgroup.com/public/pricelist/R070030E?pid=697564dce09a4511a8d56e739ecdaabd,published_full_unit_price,1625500,1625500,1625500,1,1,2025-08-02,2025-08-02,https://propertynoob.com/condo/canberra-crescent-residences/sales,
CANBERRA CRESCENT RESIDENCES,55,#10-22,1216,4,sold,2025-09-05,https://canberracrescent.isaacyee.com/units,2026-09-20,sold,False,https://portal.huttonsgroup.com/public/pricelist/R070030E?pid=697564dce09a4511a8d56e739ecdaabd,multiple_historical_prices_review,,2408200,2431900,2,2,2025-08-02,2025-09-06,https://propertynoob.com/condo/canberra-crescent-residences/sales,Different historical prices retained; cancellation/rebooking/correction not established.
CANBERRA CRESCENT RESIDENCES,55,#10-23,990,3,sold,2025-08-01,https://canberracrescent.isaacyee.com/units,2026-09-20,sold,False,https://portal.huttonsgroup.com/public/pricelist/R070030E?pid=697564dce09a4511a8d56e739ecdaabd,published_full_unit_price,2020700,2020700,2020700,1,1,2025-08-02,2025-08-02,https://propertynoob.com/condo/canberra-crescent-residences/sales,
CANBERRA CRESCENT RESIDENCES,55,#10-24,797,3,sold,2025-08-18,https://canberracrescent.isaacyee.com/units,2026-09-20,sold,False,https://portal.huttonsgroup.com/public/pricelist/R070030E?pid=697564dce09a4511a8d56e739ecdaabd,published_full_unit_price,1606300,1606300,1606300,1,1,2025-08-19,2025-08-19,https://propertynoob.com/condo/canberra-crescent-residences/sales,
CANBERRA CRESCENT RESIDENCES,55,#09-17,667,2,sold,2025-08-01,https://canberracrescent.isaacyee.com/units,2026-09-20,sold,False,https://portal.huttonsgroup.com/public/pricelist/R070030E?pid=697564dce09a4511a8d56e739ecdaabd,published_full_unit_price,1343700,1343700,1343700,1,1,2025-08-02,2025-08-02,https://propertynoob.com/condo/canberra-crescent-residences/sales,
CANBERRA CRESCENT RESIDENCES,55,#09-18,1173,4,sold,2026-01-29,https://canberracrescent.isaacyee.com/units,2026-09-20,sold,False,https://portal.huttonsgroup.com/public/pricelist/R070030E?pid=697564dce09a4511a8d56e739ecdaabd,published_full_unit_price,2324300,2324300,2324300,2,1,2026-01-30,2026-01-30,https://propertynoob.com/condo/canberra-crescent-residences/sales|https://propertystory.sg/canberra-crescent-residences/,
CANBERRA CRESCENT RESIDENCES,55,#09-19,1163,4,sold,2025-08-01,https://canberracrescent.isaacyee.com/units,2026-09-20,sold,False,https://portal.huttonsgroup.com/public/pricelist/R070030E?pid=697564dce09a4511a8d56e739ecdaabd,published_full_unit_price,2251800,2251800,2251800,1,1,2025-08-02,2025-08-02,https://propertynoob.com/condo/canberra-crescent-residences/sales,
CANBERRA CRESCENT RESIDENCES,55,#09-20,667,2,sold,2025-08-01,https://canberracrescent.isaacyee.com/units,2026-09-20,sold,False,https://portal.huttonsgroup.com/public/pricelist/R070030E?pid=697564dce09a4511a8d56e739ecdaabd,published_full_unit_price,1379500,1379500,1379500,1,1,2025-08-02,2025-08-02,https://propertynoob.com/condo/canberra-crescent-residences/sales,
CANBERRA CRESCENT RESIDENCES,55,#09-21,797,3,sold,2025-08-01,https://canberracrescent.isaacyee.com/units,2026-09-20,sold,False,https://portal.huttonsgroup.com/public/pricelist/R070030E?pid=697564dce09a4511a8d56e739ecdaabd,published_full_unit_price,1621500,1621500,1621500,1,1,2025-08-02,2025-08-02,https://propertynoob.com/condo/canberra-crescent-residences/sales,
CANBERRA CRESCENT RESIDENCES,55,#09-22,1216,4,sold,2025-09-04,https://canberracrescent.isaacyee.com/units,2026-09-20,sold,False,https://portal.huttonsgroup.com/public/pricelist/R070030E?pid=697564dce09a4511a8d56e739ecdaabd,published_full_unit_price,2425800,2425800,2425800,1,1,2025-09-05,2025-09-05,https://propertynoob.com/condo/canberra-crescent-residences/sales,
CANBERRA CRESCENT RESIDENCES,55,#09-23,990,3,sold,2026-04-28,https://canberracrescent.isaacyee.com/units,2026-09-20,sold,False,https://portal.huttonsgroup.com/public/pricelist/R070030E?pid=697564dce09a4511a8d56e739ecdaabd,inferred_unit_price,2056100,2056100,2056100,2,1,2026-04-29,2026-04-29,https://propertystory.sg/canberra-crescent-residences/|https://www.edgeprop.sg/condo-apartment/canberra-crescent-residences,
CANBERRA CRESCENT RESIDENCES,55,#09-24,797,3,sold,2025-09-08,https://canberracrescent.isaacyee.com/units,2026-09-20,sold,False,https://portal.huttonsgroup.com/public/pricelist/R070030E?pid=697564dce09a4511a8d56e739ecdaabd,published_full_unit_price,1618100,1618100,1618100,1,1,2025-09-09,2025-09-09,https://propertynoob.com/condo/canberra-crescent-residences/sales,
CANBERRA CRESCENT RESIDENCES,55,#08-17,667,2,sold,2025-08-01,https://canberracrescent.isaacyee.com/units,2026-09-20,sold,False,https://portal.huttonsgroup.com/public/pricelist/R070030E?pid=697564dce09a4511a8d56e739ecdaabd,published_full_unit_price,1340300,1340300,1340300,1,1,2025-08-02,2025-08-02,https://propertynoob.com/condo/canberra-crescent-residences/sales,
CANBERRA CRESCENT RESIDENCES,55,#08-18,1173,4,sold,2025-11-26,https://canberracrescent.isaacyee.com/units,2026-09-20,sold,False,https://portal.huttonsgroup.com/public/pricelist/R070030E?pid=697564dce09a4511a8d56e739ecdaabd,published_full_unit_price,2318600,2318600,2318600,1,1,2025-11-25,2025-11-25,https://propertynoob.com/condo/canberra-crescent-residences/sales,
CANBERRA CRESCENT RESIDENCES,55,#08-19,1163,4,sold,2025-08-01,https://canberracrescent.isaacyee.com/units,2026-09-20,sold,False,https://portal.huttonsgroup.com/public/pricelist/R070030E?pid=697564dce09a4511a8d56e739ecdaabd,published_full_unit_price,2246200,2246200,2246200,1,1,2025-08-02,2025-08-02,https://propertynoob.com/condo/canberra-crescent-residences/sales,
CANBERRA CRESCENT RESIDENCES,55,#08-20,667,2,sold,2025-08-01,https://canberracrescent.isaacyee.com/units,2026-09-20,sold,False,https://portal.huttonsgroup.com/public/pricelist/R070030E?pid=697564dce09a4511a8d56e739ecdaabd,published_full_unit_price,1376100,1376100,1376100,1,1,2025-08-02,2025-08-02,https://propertynoob.com/condo/canberra-crescent-residences/sales,
CANBERRA CRESCENT RESIDENCES,55,#08-21,797,3,sold,2025-08-01,https://canberracrescent.isaacyee.com/units,2026-09-20,sold,False,https://portal.huttonsgroup.com/public/pricelist/R070030E?pid=697564dce09a4511a8d56e739ecdaabd,published_full_unit_price,1617500,1617500,1617500,1,1,2025-08-02,2025-08-02,https://propertynoob.com/condo/canberra-crescent-residences/sales,
CANBERRA CRESCENT RESIDENCES,55,#08-22,1216,4,sold,2025-08-01,https://canberracrescent.isaacyee.com/units,2026-09-20,sold,False,https://portal.huttonsgroup.com/public/pricelist/R070030E?pid=697564dce09a4511a8d56e739ecdaabd,published_full_unit_price,2396200,2396200,2396200,1,1,2025-08-02,2025-08-02,https://propertynoob.com/condo/canberra-crescent-residences/sales,
CANBERRA CRESCENT RESIDENCES,55,#08-23,990,3,sold,2026-04-26,https://canberracrescent.isaacyee.com/units,2026-09-20,sold,False,https://portal.huttonsgroup.com/public/pricelist/R070030E?pid=697564dce09a4511a8d56e739ecdaabd,inferred_unit_price,2050900,2050900,2050900,2,1,2026-04-27,2026-04-27,https://propertystory.sg/canberra-crescent-residences/|https://www.edgeprop.sg/condo-apartment/canberra-crescent-residences,
CANBERRA CRESCENT RESIDENCES,55,#08-24,797,3,sold,2025-08-25,https://canberracrescent.isaacyee.com/units,2026-09-20,sold,False,https://portal.huttonsgroup.com/public/pricelist/R070030E?pid=697564dce09a4511a8d56e739ecdaabd,published_full_unit_price,1598300,1598300,1598300,1,1,2025-08-24,2025-08-24,https://propertynoob.com/condo/canberra-crescent-residences/sales,
CANBERRA CRESCENT RESIDENCES,55,#07-17,667,2,sold,2025-08-01,https://canberracrescent.isaacyee.com/units,2026-09-20,sold,False,https://portal.huttonsgroup.com/public/pricelist/R070030E?pid=697564dce09a4511a8d56e739ecdaabd,published_full_unit_price,1337000,1337000,1337000,1,1,2025-08-02,2025-08-02,https://propertynoob.com/condo/canberra-crescent-residences/sales,
CANBERRA CRESCENT RESIDENCES,55,#07-18,1173,4,sold,2026-01-19,https://canberracrescent.isaacyee.com/units,2026-09-20,sold,False,https://portal.huttonsgroup.com/public/pricelist/R070030E?pid=697564dce09a4511a8d56e739ecdaabd,published_full_unit_price,2312800,2312800,2312800,2,1,2026-01-20,2026-01-20,https://propertynoob.com/condo/canberra-crescent-residences/sales|https://propertystory.sg/canberra-crescent-residences/,
CANBERRA CRESCENT RESIDENCES,55,#07-19,1163,4,sold,2025-08-01,https://canberracrescent.isaacyee.com/units,2026-09-20,sold,False,https://portal.huttonsgroup.com/public/pricelist/R070030E?pid=697564dce09a4511a8d56e739ecdaabd,published_full_unit_price,2240600,2240600,2240600,1,1,2025-08-04,2025-08-04,https://propertynoob.com/condo/canberra-crescent-residences/sales,
CANBERRA CRESCENT RESIDENCES,55,#07-20,667,2,sold,2025-08-16,https://canberracrescent.isaacyee.com/units,2026-09-20,sold,False,https://portal.huttonsgroup.com/public/pricelist/R070030E?pid=697564dce09a4511a8d56e739ecdaabd,published_full_unit_price,1372700,1372700,1372700,2,2,2025-08-02,2025-08-17,https://propertynoob.com/condo/canberra-crescent-residences/sales,Repeated transaction dates at one price; current legal status not established.
CANBERRA CRESCENT RESIDENCES,55,#07-21,797,3,sold,2025-08-01,https://canberracrescent.isaacyee.com/units,2026-09-20,sold,False,https://portal.huttonsgroup.com/public/pricelist/R070030E?pid=697564dce09a4511a8d56e739ecdaabd,published_full_unit_price,1613400,1613400,1613400,1,1,2025-08-02,2025-08-02,https://propertynoob.com/condo/canberra-crescent-residences/sales,
CANBERRA CRESCENT RESIDENCES,55,#07-22,1216,4,sold,2025-12-24,https://canberracrescent.isaacyee.com/units,2026-09-20,sold,False,https://portal.huttonsgroup.com/public/pricelist/R070030E?pid=697564dce09a4511a8d56e739ecdaabd,published_full_unit_price,2438200,2438200,2438200,2,1,2025-12-24,2025-12-24,https://propertynoob.com/condo/canberra-crescent-residences/sales|https://propertystory.sg/canberra-crescent-residences/,
CANBERRA CRESCENT RESIDENCES,55,#07-23,990,3,sold,2026-05-20,https://canberracrescent.isaacyee.com/units,2026-09-20,sold,False,https://portal.huttonsgroup.com/public/pricelist/R070030E?pid=697564dce09a4511a8d56e739ecdaabd,inferred_unit_price,2045800,2045800,2045800,2,1,2026-05-21,2026-05-21,https://propertystory.sg/canberra-crescent-residences/|https://www.edgeprop.sg/condo-apartment/canberra-crescent-residences,
CANBERRA CRESCENT RESIDENCES,55,#07-24,797,3,sold,2025-09-13,https://canberracrescent.isaacyee.com/units,2026-09-20,sold,False,https://portal.huttonsgroup.com/public/pricelist/R070030E?pid=697564dce09a4511a8d56e739ecdaabd,published_full_unit_price,1610000,1610000,1610000,1,1,2025-09-15,2025-09-15,https://propertynoob.com/condo/canberra-crescent-residences/sales,
CANBERRA CRESCENT RESIDENCES,55,#06-17,667,2,sold,2025-08-01,https://canberracrescent.isaacyee.com/units,2026-09-20,sold,False,https://portal.huttonsgroup.com/public/pricelist/R070030E?pid=697564dce09a4511a8d56e739ecdaabd,published_full_unit_price,1333600,1333600,1333600,1,1,2025-08-02,2025-08-02,https://propertynoob.com/condo/canberra-crescent-residences/sales,
CANBERRA CRESCENT RESIDENCES,55,#06-18,1173,4,sold,2026-01-25,https://canberracrescent.isaacyee.com/units,2026-09-20,sold,False,https://portal.huttonsgroup.com/public/pricelist/R070030E?pid=697564dce09a4511a8d56e739ecdaabd,published_full_unit_price,2307100,2307100,2307100,2,1,2026-01-26,2026-01-26,https://propertynoob.com/condo/canberra-crescent-residences/sales|https://propertystory.sg/canberra-crescent-residences/,
CANBERRA CRESCENT RESIDENCES,55,#06-19,1163,4,sold,2025-08-01,https://canberracrescent.isaacyee.com/units,2026-09-20,sold,False,https://portal.huttonsgroup.com/public/pricelist/R070030E?pid=697564dce09a4511a8d56e739ecdaabd,published_full_unit_price,2235000,2235000,2235000,1,1,2025-08-02,2025-08-02,https://propertynoob.com/condo/canberra-crescent-residences/sales,
CANBERRA CRESCENT RESIDENCES,55,#06-20,667,2,sold,2025-08-01,https://canberracrescent.isaacyee.com/units,2026-09-20,sold,False,https://portal.huttonsgroup.com/public/pricelist/R070030E?pid=697564dce09a4511a8d56e739ecdaabd,published_full_unit_price,1369300,1369300,1369300,1,1,2025-08-02,2025-08-02,https://propertynoob.com/condo/canberra-crescent-residences/sales,
CANBERRA CRESCENT RESIDENCES,55,#06-21,797,3,sold,2025-08-01,https://canberracrescent.isaacyee.com/units,2026-09-20,sold,False,https://portal.huttonsgroup.com/public/pricelist/R070030E?pid=697564dce09a4511a8d56e739ecdaabd,published_full_unit_price,1609400,1609400,1609400,1,1,2025-08-02,2025-08-02,https://propertynoob.com/condo/canberra-crescent-residences/sales,
CANBERRA CRESCENT RESIDENCES,55,#06-22,1216,4,sold,2025-12-27,https://canberracrescent.isaacyee.com/units,2026-09-20,sold,False,https://portal.huttonsgroup.com/public/pricelist/R070030E?pid=697564dce09a4511a8d56e739ecdaabd,published_full_unit_price,2432000,2432000,2432000,2,1,2025-12-26,2025-12-26,https://propertynoob.com/condo/canberra-crescent-residences/sales|https://propertystory.sg/canberra-crescent-residences/,
CANBERRA CRESCENT RESIDENCES,55,#06-23,990,3,sold,2026-05-16,https://canberracrescent.isaacyee.com/units,2026-09-20,sold,False,https://portal.huttonsgroup.com/public/pricelist/R070030E?pid=697564dce09a4511a8d56e739ecdaabd,inferred_unit_price,2040700,2040700,2040700,2,1,2026-05-16,2026-05-16,https://propertystory.sg/canberra-crescent-residences/|https://www.edgeprop.sg/condo-apartment/canberra-crescent-residences,
CANBERRA CRESCENT RESIDENCES,55,#06-24,797,3,sold,2025-10-13,https://canberracrescent.isaacyee.com/units,2026-09-20,sold,False,https://portal.huttonsgroup.com/public/pricelist/R070030E?pid=697564dce09a4511a8d56e739ecdaabd,published_full_unit_price,1606100,1606100,1606100,1,1,2025-10-13,2025-10-13,https://propertynoob.com/condo/canberra-crescent-residences/sales,
CANBERRA CRESCENT RESIDENCES,55,#05-17,667,2,sold,2025-08-01,https://canberracrescent.isaacyee.com/units,2026-09-20,sold,False,https://portal.huttonsgroup.com/public/pricelist/R070030E?pid=697564dce09a4511a8d56e739ecdaabd,published_full_unit_price,1330300,1330300,1330300,1,1,2025-08-02,2025-08-02,https://propertynoob.com/condo/canberra-crescent-residences/sales,
CANBERRA CRESCENT RESIDENCES,55,#05-18,1173,4,sold,2025-10-31,https://canberracrescent.isaacyee.com/units,2026-09-20,sold,False,https://portal.huttonsgroup.com/public/pricelist/R070030E?pid=697564dce09a4511a8d56e739ecdaabd,published_full_unit_price,2278400,2278400,2278400,1,1,2025-10-31,2025-10-31,https://propertynoob.com/condo/canberra-crescent-residences/sales,
CANBERRA CRESCENT RESIDENCES,55,#05-19,1163,4,sold,2025-08-19,https://canberracrescent.isaacyee.com/units,2026-09-20,sold,False,https://portal.huttonsgroup.com/public/pricelist/R070030E?pid=697564dce09a4511a8d56e739ecdaabd,published_full_unit_price,2229500,2229500,2229500,1,1,2025-08-20,2025-08-20,https://propertynoob.com/condo/canberra-crescent-residences/sales,
CANBERRA CRESCENT RESIDENCES,55,#05-20,667,2,sold,2025-08-11,https://canberracrescent.isaacyee.com/units,2026-09-20,sold,False,https://portal.huttonsgroup.com/public/pricelist/R070030E?pid=697564dce09a4511a8d56e739ecdaabd,published_full_unit_price,1365900,1365900,1365900,1,1,2025-08-12,2025-08-12,https://propertynoob.com/condo/canberra-crescent-residences/sales,
CANBERRA CRESCENT RESIDENCES,55,#05-21,797,3,sold,2025-08-01,https://canberracrescent.isaacyee.com/units,2026-09-20,sold,False,https://portal.huttonsgroup.com/public/pricelist/R070030E?pid=697564dce09a4511a8d56e739ecdaabd,published_full_unit_price,1605400,1605400,1605400,1,1,2025-08-02,2025-08-02,https://propertynoob.com/condo/canberra-crescent-residences/sales,
CANBERRA CRESCENT RESIDENCES,55,#05-22,1216,4,sold,2026-02-19,https://canberracrescent.isaacyee.com/units,2026-09-20,sold,False,https://portal.huttonsgroup.com/public/pricelist/R070030E?pid=697564dce09a4511a8d56e739ecdaabd,published_full_unit_price,2426000,2426000,2426000,2,1,2026-02-20,2026-02-20,https://propertynoob.com/condo/canberra-crescent-residences/sales|https://propertystory.sg/canberra-crescent-residences/,
CANBERRA CRESCENT RESIDENCES,55,#05-23,990,3,sold,2026-02-01,https://canberracrescent.isaacyee.com/units,2026-09-20,sold,False,https://portal.huttonsgroup.com/public/pricelist/R070030E?pid=697564dce09a4511a8d56e739ecdaabd,published_full_unit_price,2035600,2035600,2035600,2,1,2026-02-02,2026-02-02,https://propertynoob.com/condo/canberra-crescent-residences/sales|https://propertystory.sg/canberra-crescent-residences/,
CANBERRA CRESCENT RESIDENCES,55,#05-24,797,3,sold,2025-08-23,https://canberracrescent.isaacyee.com/units,2026-09-20,sold,False,https://portal.huttonsgroup.com/public/pricelist/R070030E?pid=697564dce09a4511a8d56e739ecdaabd,published_full_unit_price,1586400,1586400,1586400,1,1,2025-08-23,2025-08-23,https://propertynoob.com/condo/canberra-crescent-residences/sales,
CANBERRA CRESCENT RESIDENCES,55,#04-17,667,2,sold,2025-08-15,https://canberracrescent.isaacyee.com/units,2026-09-20,sold,False,https://portal.huttonsgroup.com/public/pricelist/R070030E?pid=697564dce09a4511a8d56e739ecdaabd,published_full_unit_price,1327000,1327000,1327000,1,1,2025-08-16,2025-08-16,https://propertynoob.com/condo/canberra-crescent-residences/sales,
CANBERRA CRESCENT RESIDENCES,55,#04-18,1173,4,sold,2026-01-26,https://canberracrescent.isaacyee.com/units,2026-09-20,sold,False,https://portal.huttonsgroup.com/public/pricelist/R070030E?pid=697564dce09a4511a8d56e739ecdaabd,published_full_unit_price,2295600,2295600,2295600,2,1,2026-01-27,2026-01-27,https://propertynoob.com/condo/canberra-crescent-residences/sales|https://propertystory.sg/canberra-crescent-residences/,
CANBERRA CRESCENT RESIDENCES,55,#04-19,1163,4,sold,2025-09-12,https://canberracrescent.isaacyee.com/units,2026-09-20,sold,False,https://portal.huttonsgroup.com/public/pricelist/R070030E?pid=697564dce09a4511a8d56e739ecdaabd,published_full_unit_price,2245800,2245800,2245800,1,1,2025-09-13,2025-09-13,https://propertynoob.com/condo/canberra-crescent-residences/sales,
CANBERRA CRESCENT RESIDENCES,55,#04-20,667,2,sold,2025-08-16,https://canberracrescent.isaacyee.com/units,2026-09-20,sold,False,https://portal.huttonsgroup.com/public/pricelist/R070030E?pid=697564dce09a4511a8d56e739ecdaabd,published_full_unit_price,1362500,1362500,1362500,1,1,2025-08-18,2025-08-18,https://propertynoob.com/condo/canberra-crescent-residences/sales,
CANBERRA CRESCENT RESIDENCES,55,#04-21,797,3,sold,2025-08-16,https://canberracrescent.isaacyee.com/units,2026-09-20,sold,False,https://portal.huttonsgroup.com/public/pricelist/R070030E?pid=697564dce09a4511a8d56e739ecdaabd,published_full_unit_price,1601400,1601400,1601400,1,1,2025-08-17,2025-08-17,https://propertynoob.com/condo/canberra-crescent-residences/sales,
CANBERRA CRESCENT RESIDENCES,55,#04-22,1216,4,sold,2026-07-11,https://canberracrescent.isaacyee.com/units,2026-09-20,sold,False,https://portal.huttonsgroup.com/public/pricelist/R070030E?pid=697564dce09a4511a8d56e739ecdaabd,inferred_unit_price,2468642,2468642,2468642,2,1,2026-07-12,2026-07-12,https://propertystory.sg/canberra-crescent-residences/|https://www.edgeprop.sg/condo-apartment/canberra-crescent-residences,
CANBERRA CRESCENT RESIDENCES,55,#04-23,990,3,available,,https://canberracrescent.isaacyee.com/units,2026-09-20,sold,True,https://portal.huttonsgroup.com/public/pricelist/R070030E?pid=697564dce09a4511a8d56e739ecdaabd,sold_price_not_found,,,,0,0,,,,
CANBERRA CRESCENT RESIDENCES,55,#04-24,797,3,sold,2025-10-18,https://canberracrescent.isaacyee.com/units,2026-09-20,sold,False,https://portal.huttonsgroup.com/public/pricelist/R070030E?pid=697564dce09a4511a8d56e739ecdaabd,published_full_unit_price,1598000,1598000,1598000,1,1,2025-10-19,2025-10-19,https://propertynoob.com/condo/canberra-crescent-residences/sales,
CANBERRA CRESCENT RESIDENCES,55,#03-17,667,2,sold,2025-08-15,https://canberracrescent.isaacyee.com/units,2026-09-20,sold,False,https://portal.huttonsgroup.com/public/pricelist/R070030E?pid=697564dce09a4511a8d56e739ecdaabd,published_full_unit_price,1323700,1323700,1323700,1,1,2025-08-15,2025-08-15,https://propertynoob.com/condo/canberra-crescent-residences/sales,
CANBERRA CRESCENT RESIDENCES,55,#03-18,1173,4,sold,2025-10-08,https://canberracrescent.isaacyee.com/units,2026-09-20,sold,False,https://portal.huttonsgroup.com/public/pricelist/R070030E?pid=697564dce09a4511a8d56e739ecdaabd,published_full_unit_price,2267000,2267000,2267000,1,1,2025-10-09,2025-10-09,https://propertynoob.com/condo/canberra-crescent-residences/sales,
CANBERRA CRESCENT RESIDENCES,55,#03-19,1163,4,sold,2025-10-15,https://canberracrescent.isaacyee.com/units,2026-09-20,sold,False,https://portal.huttonsgroup.com/public/pricelist/R070030E?pid=697564dce09a4511a8d56e739ecdaabd,published_full_unit_price,2240200,2240200,2240200,1,1,2025-10-16,2025-10-16,https://propertynoob.com/condo/canberra-crescent-residences/sales,
CANBERRA CRESCENT RESIDENCES,55,#03-20,667,2,sold,2025-08-30,https://canberracrescent.isaacyee.com/units,2026-09-20,sold,False,https://portal.huttonsgroup.com/public/pricelist/R070030E?pid=697564dce09a4511a8d56e739ecdaabd,published_full_unit_price,1372500,1372500,1372500,1,1,2025-08-31,2025-08-31,https://propertynoob.com/condo/canberra-crescent-residences/sales,
CANBERRA CRESCENT RESIDENCES,55,#03-21,797,3,sold,2025-08-24,https://canberracrescent.isaacyee.com/units,2026-09-20,sold,False,https://portal.huttonsgroup.com/public/pricelist/R070030E?pid=697564dce09a4511a8d56e739ecdaabd,published_full_unit_price,1597400,1597400,1597400,1,1,2025-08-23,2025-08-23,https://propertynoob.com/condo/canberra-crescent-residences/sales,
CANBERRA CRESCENT RESIDENCES,55,#03-22,1216,4,sold,2025-08-01,https://canberracrescent.isaacyee.com/units,2026-09-20,sold,False,https://portal.huttonsgroup.com/public/pricelist/R070030E?pid=697564dce09a4511a8d56e739ecdaabd,published_full_unit_price,2366600,2366600,2366600,1,1,2025-08-02,2025-08-02,https://propertynoob.com/condo/canberra-crescent-residences/sales,
CANBERRA CRESCENT RESIDENCES,55,#03-23,990,3,available,,https://canberracrescent.isaacyee.com/units,2026-09-20,available,False,https://portal.huttonsgroup.com/public/pricelist/R070030E?pid=697564dce09a4511a8d56e739ecdaabd,chart_available,,,,0,0,,,,
CANBERRA CRESCENT RESIDENCES,55,#03-24,797,3,sold,2025-10-22,https://canberracrescent.isaacyee.com/units,2026-09-20,sold,False,https://portal.huttonsgroup.com/public/pricelist/R070030E?pid=697564dce09a4511a8d56e739ecdaabd,published_full_unit_price,1594000,1594000,1594000,1,1,2025-10-23,2025-10-23,https://propertynoob.com/condo/canberra-crescent-residences/sales,
CANBERRA CRESCENT RESIDENCES,55,#02-17,667,2,sold,2025-08-01,https://canberracrescent.isaacyee.com/units,2026-09-20,sold,False,https://portal.huttonsgroup.com/public/pricelist/R070030E?pid=697564dce09a4511a8d56e739ecdaabd,published_full_unit_price,1320400,1320400,1320400,1,1,2025-08-02,2025-08-02,https://propertynoob.com/condo/canberra-crescent-residences/sales,
CANBERRA CRESCENT RESIDENCES,55,#02-18,1173,4,sold,2025-11-06,https://canberracrescent.isaacyee.com/units,2026-09-20,sold,False,https://portal.huttonsgroup.com/public/pricelist/R070030E?pid=697564dce09a4511a8d56e739ecdaabd,published_full_unit_price,2284200,2284200,2284200,1,1,2025-11-05,2025-11-05,https://propertynoob.com/condo/canberra-crescent-residences/sales,
CANBERRA CRESCENT RESIDENCES,55,#02-19,1163,4,sold,2026-02-09,https://canberracrescent.isaacyee.com/units,2026-09-20,sold,False,https://portal.huttonsgroup.com/public/pricelist/R070030E?pid=697564dce09a4511a8d56e739ecdaabd,published_full_unit_price,2257200,2257200,2257200,2,1,2026-02-09,2026-02-09,https://propertynoob.com/condo/canberra-crescent-residences/sales|https://propertystory.sg/canberra-crescent-residences/,
CANBERRA CRESCENT RESIDENCES,55,#02-20,667,2,sold,2025-09-05,https://canberracrescent.isaacyee.com/units,2026-09-20,sold,False,https://portal.huttonsgroup.com/public/pricelist/R070030E?pid=697564dce09a4511a8d56e739ecdaabd,published_full_unit_price,1369100,1369100,1369100,1,1,2025-09-06,2025-09-06,https://propertynoob.com/condo/canberra-crescent-residences/sales,
CANBERRA CRESCENT RESIDENCES,55,#02-21,797,3,sold,2025-09-06,https://canberracrescent.isaacyee.com/units,2026-09-20,sold,False,https://portal.huttonsgroup.com/public/pricelist/R070030E?pid=697564dce09a4511a8d56e739ecdaabd,published_full_unit_price,1609100,1609100,1609100,1,1,2025-09-07,2025-09-07,https://propertynoob.com/condo/canberra-crescent-residences/sales,
CANBERRA CRESCENT RESIDENCES,55,#02-22,1216,4,sold,2026-08-17,https://canberracrescent.isaacyee.com/units,2026-09-20,sold,False,https://portal.huttonsgroup.com/public/pricelist/R070030E?pid=697564dce09a4511a8d56e739ecdaabd,inferred_unit_price,2456401,2456401,2456401,1,1,2026-08-18,2026-08-18,https://www.edgeprop.sg/condo-apartment/canberra-crescent-residences,
CANBERRA CRESCENT RESIDENCES,55,#02-23,990,3,available,,https://canberracrescent.isaacyee.com/units,2026-09-20,available,False,https://portal.huttonsgroup.com/public/pricelist/R070030E?pid=697564dce09a4511a8d56e739ecdaabd,chart_available,,,,0,0,,,,
CANBERRA CRESCENT RESIDENCES,55,#02-24,797,3,sold,2025-11-18,https://canberracrescent.isaacyee.com/units,2026-09-20,sold,False,https://portal.huttonsgroup.com/public/pricelist/R070030E?pid=697564dce09a4511a8d56e739ecdaabd,published_full_unit_price,1606100,1606100,1606100,1,1,2025-11-19,2025-11-19,https://propertynoob.com/condo/canberra-crescent-residences/sales,
CANBERRA CRESCENT RESIDENCES,55,#01-17,667,2,sold,2025-08-01,https://canberracrescent.isaacyee.com/units,2026-09-20,sold,False,https://portal.huttonsgroup.com/public/pricelist/R070030E?pid=697564dce09a4511a8d56e739ecdaabd,published_full_unit_price,1317100,1317100,1317100,1,1,2025-08-02,2025-08-02,https://propertynoob.com/condo/canberra-crescent-residences/sales,
CANBERRA CRESCENT RESIDENCES,55,#01-18,1173,4,available,,https://canberracrescent.isaacyee.com/units,2026-09-20,available,False,https://portal.huttonsgroup.com/public/pricelist/R070030E?pid=697564dce09a4511a8d56e739ecdaabd,chart_available,,,,0,0,,,,
CANBERRA CRESCENT RESIDENCES,55,#01-19,1163,4,available,,https://canberracrescent.isaacyee.com/units,2026-09-20,available,False,https://portal.huttonsgroup.com/public/pricelist/R070030E?pid=697564dce09a4511a8d56e739ecdaabd,chart_available,,,,0,0,,,,
CANBERRA CRESCENT RESIDENCES,55,#01-20,409,1,sold,2025-08-01,https://canberracrescent.isaacyee.com/units,2026-09-20,sold,False,https://portal.huttonsgroup.com/public/pricelist/R070030E?pid=697564dce09a4511a8d56e739ecdaabd,published_full_unit_price,880000,880000,880000,1,1,2025-08-02,2025-08-02,https://propertynoob.com/condo/canberra-crescent-residences/sales,
CANBERRA CRESCENT RESIDENCES,55,#01-21,797,3,sold,2026-01-09,https://canberracrescent.isaacyee.com/units,2026-09-20,sold,False,https://portal.huttonsgroup.com/public/pricelist/R070030E?pid=697564dce09a4511a8d56e739ecdaabd,published_full_unit_price,1621300,1621300,1621300,2,1,2026-01-10,2026-01-10,https://propertynoob.com/condo/canberra-crescent-residences/sales|https://propertystory.sg/canberra-crescent-residences/,
CANBERRA CRESCENT RESIDENCES,55,#01-22,1216,4,available,,https://canberracrescent.isaacyee.com/units,2026-09-20,available,False,https://portal.huttonsgroup.com/public/pricelist/R070030E?pid=697564dce09a4511a8d56e739ecdaabd,chart_available,,,,0,0,,,,
CANBERRA CRESCENT RESIDENCES,55,#01-23,990,3,available,,https://canberracrescent.isaacyee.com/units,2026-09-20,available,False,https://portal.huttonsgroup.com/public/pricelist/R070030E?pid=697564dce09a4511a8d56e739ecdaabd,chart_available,,,,0,0,,,,
CANBERRA CRESCENT RESIDENCES,55,#01-24,797,3,sold,2025-12-06,https://canberracrescent.isaacyee.com/units,2026-09-20,sold,False,https://portal.huttonsgroup.com/public/pricelist/R070030E?pid=697564dce09a4511a8d56e739ecdaabd,published_full_unit_price,1602100,1602100,1602100,1,1,2025-12-07,2025-12-07,https://propertynoob.com/condo/canberra-crescent-residences/sales,
CANBERRA CRESCENT RESIDENCES,57,#12-25,797,3,sold,2025-08-14,https://canberracrescent.isaacyee.com/units,2026-09-20,sold,False,https://portal.huttonsgroup.com/public/pricelist/R070030E?pid=697564dce09a4511a8d56e739ecdaabd,published_full_unit_price,1614300,1614300,1614300,1,1,2025-08-15,2025-08-15,https://propertynoob.com/condo/canberra-crescent-residences/sales,
CANBERRA CRESCENT RESIDENCES,57,#12-26,990,3,available,,https://canberracrescent.isaacyee.com/units,2026-09-20,available,False,https://portal.huttonsgroup.com/public/pricelist/R070030E?pid=697564dce09a4511a8d56e739ecdaabd,chart_available,,,,0,0,,,,
CANBERRA CRESCENT RESIDENCES,57,#12-27,1324,4,sold,2026-05-03,https://canberracrescent.isaacyee.com/units,2026-09-20,sold,False,https://portal.huttonsgroup.com/public/pricelist/R070030E?pid=697564dce09a4511a8d56e739ecdaabd,inferred_unit_price,2700639,2700639,2700639,2,1,2026-05-04,2026-05-04,https://propertystory.sg/canberra-crescent-residences/|https://www.edgeprop.sg/condo-apartment/canberra-crescent-residences,
CANBERRA CRESCENT RESIDENCES,57,#12-28,872,3,sold,2025-08-01,https://canberracrescent.isaacyee.com/units,2026-09-20,sold,False,https://portal.huttonsgroup.com/public/pricelist/R070030E?pid=697564dce09a4511a8d56e739ecdaabd,published_full_unit_price,1787200,1787200,1787200,1,1,2025-08-02,2025-08-02,https://propertynoob.com/condo/canberra-crescent-residences/sales,
CANBERRA CRESCENT RESIDENCES,57,#12-29,667,2,sold,2025-08-01,https://canberracrescent.isaacyee.com/units,2026-09-20,sold,False,https://portal.huttonsgroup.com/public/pricelist/R070030E?pid=697564dce09a4511a8d56e739ecdaabd,published_full_unit_price,1389900,1389900,1389900,1,1,2025-08-02,2025-08-02,https://propertynoob.com/condo/canberra-crescent-residences/sales,
CANBERRA CRESCENT RESIDENCES,57,#12-30,1216,4,sold,2026-05-09,https://canberracrescent.isaacyee.com/units,2026-09-20,sold,False,https://portal.huttonsgroup.com/public/pricelist/R070030E?pid=697564dce09a4511a8d56e739ecdaabd,inferred_unit_price,2482200,2482200,2482200,2,1,2026-05-05,2026-05-05,https://propertystory.sg/canberra-crescent-residences/|https://www.edgeprop.sg/condo-apartment/canberra-crescent-residences,
CANBERRA CRESCENT RESIDENCES,57,#12-31,883,3,sold,2025-08-01,https://canberracrescent.isaacyee.com/units,2026-09-20,sold,False,https://portal.huttonsgroup.com/public/pricelist/R070030E?pid=697564dce09a4511a8d56e739ecdaabd,published_full_unit_price,1788300,1788300,1788300,1,1,2025-08-02,2025-08-02,https://propertynoob.com/condo/canberra-crescent-residences/sales,
CANBERRA CRESCENT RESIDENCES,57,#12-32,667,2,sold,2025-09-17,https://canberracrescent.isaacyee.com/units,2026-09-20,sold,False,https://portal.huttonsgroup.com/public/pricelist/R070030E?pid=697564dce09a4511a8d56e739ecdaabd,published_full_unit_price,1367000,1367000,1367000,1,1,2025-09-17,2025-09-17,https://propertynoob.com/condo/canberra-crescent-residences/sales,
CANBERRA CRESCENT RESIDENCES,57,#11-25,797,3,sold,2025-08-01,https://canberracrescent.isaacyee.com/units,2026-09-20,sold,False,https://portal.huttonsgroup.com/public/pricelist/R070030E?pid=697564dce09a4511a8d56e739ecdaabd,published_full_unit_price,1610300,1610300,1610300,1,1,2025-08-02,2025-08-02,https://propertynoob.com/condo/canberra-crescent-residences/sales,
CANBERRA CRESCENT RESIDENCES,57,#11-26,990,3,sold,2025-12-30,https://canberracrescent.isaacyee.com/units,2026-09-20,sold,False,https://portal.huttonsgroup.com/public/pricelist/R070030E?pid=697564dce09a4511a8d56e739ecdaabd,published_full_unit_price,2067400,2067400,2067400,2,1,2025-12-31,2025-12-31,https://propertynoob.com/condo/canberra-crescent-residences/sales|https://propertystory.sg/canberra-crescent-residences/,
CANBERRA CRESCENT RESIDENCES,57,#11-27,1324,4,sold,2025-08-01,https://canberracrescent.isaacyee.com/units,2026-09-20,sold,False,https://portal.huttonsgroup.com/public/pricelist/R070030E?pid=697564dce09a4511a8d56e739ecdaabd,published_full_unit_price,2614900,2614900,2614900,1,1,2025-08-02,2025-08-02,https://propertynoob.com/condo/canberra-crescent-residences/sales,
CANBERRA CRESCENT RESIDENCES,57,#11-28,797,3,sold,2025-08-23,https://canberracrescent.isaacyee.com/units,2026-09-20,sold,False,https://portal.huttonsgroup.com/public/pricelist/R070030E?pid=697564dce09a4511a8d56e739ecdaabd,published_full_unit_price,1629600,1629600,1629600,1,1,2025-08-23,2025-08-23,https://propertynoob.com/condo/canberra-crescent-residences/sales,
CANBERRA CRESCENT RESIDENCES,57,#11-29,667,2,sold,2025-08-01,https://canberracrescent.isaacyee.com/units,2026-09-20,sold,False,https://portal.huttonsgroup.com/public/pricelist/R070030E?pid=697564dce09a4511a8d56e739ecdaabd,published_full_unit_price,1386400,1386400,1386400,1,1,2025-08-02,2025-08-02,https://propertynoob.com/condo/canberra-crescent-residences/sales,
CANBERRA CRESCENT RESIDENCES,57,#11-30,1216,4,sold,2026-02-01,https://canberracrescent.isaacyee.com/units,2026-09-20,sold,False,https://portal.huttonsgroup.com/public/pricelist/R070030E?pid=697564dce09a4511a8d56e739ecdaabd,published_full_unit_price,2476000,2476000,2476000,2,1,2026-02-02,2026-02-02,https://propertynoob.com/condo/canberra-crescent-residences/sales|https://propertystory.sg/canberra-crescent-residences/,
CANBERRA CRESCENT RESIDENCES,57,#11-31,883,3,sold,2025-08-01,https://canberracrescent.isaacyee.com/units,2026-09-20,sold,False,https://portal.huttonsgroup.com/public/pricelist/R070030E?pid=697564dce09a4511a8d56e739ecdaabd,published_full_unit_price,1783800,1783800,1783800,1,1,2025-08-02,2025-08-02,https://propertynoob.com/condo/canberra-crescent-residences/sales,
CANBERRA CRESCENT RESIDENCES,57,#11-32,667,2,sold,2025-08-24,https://canberracrescent.isaacyee.com/units,2026-09-20,sold,False,https://portal.huttonsgroup.com/public/pricelist/R070030E?pid=697564dce09a4511a8d56e739ecdaabd,published_full_unit_price,1350400,1350400,1350400,1,1,2025-08-24,2025-08-24,https://propertynoob.com/condo/canberra-crescent-residences/sales,
CANBERRA CRESCENT RESIDENCES,57,#10-25,797,3,sold,2025-09-18,https://canberracrescent.isaacyee.com/units,2026-09-20,sold,False,https://portal.huttonsgroup.com/public/pricelist/R070030E?pid=697564dce09a4511a8d56e739ecdaabd,published_full_unit_price,1622200,1622200,1622200,1,1,2025-09-19,2025-09-19,https://propertynoob.com/condo/canberra-crescent-residences/sales,
CANBERRA CRESCENT RESIDENCES,57,#10-26,990,3,sold,2025-11-08,https://canberracrescent.isaacyee.com/units,2026-09-20,sold,False,https://portal.huttonsgroup.com/public/pricelist/R070030E?pid=697564dce09a4511a8d56e739ecdaabd,published_full_unit_price,2062200,2062200,2062200,1,1,2025-11-08,2025-11-08,https://propertynoob.com/condo/canberra-crescent-residences/sales,
CANBERRA CRESCENT RESIDENCES,57,#10-27,1324,4,sold,2025-08-01,https://canberracrescent.isaacyee.com/units,2026-09-20,sold,False,https://portal.huttonsgroup.com/public/pricelist/R070030E?pid=697564dce09a4511a8d56e739ecdaabd,published_full_unit_price,2608400,2608400,2608400,1,1,2025-08-02,2025-08-02,https://propertynoob.com/condo/canberra-crescent-residences/sales,
CANBERRA CRESCENT RESIDENCES,57,#10-28,797,3,sold,2025-08-01,https://canberracrescent.isaacyee.com/units,2026-09-20,sold,False,https://portal.huttonsgroup.com/public/pricelist/R070030E?pid=697564dce09a4511a8d56e739ecdaabd,published_full_unit_price,1625500,1625500,1625500,1,1,2025-08-02,2025-08-02,https://propertynoob.com/condo/canberra-crescent-residences/sales,
CANBERRA CRESCENT RESIDENCES,57,#10-29,667,2,sold,2025-08-01,https://canberracrescent.isaacyee.com/units,2026-09-20,sold,False,https://portal.huttonsgroup.com/public/pricelist/R070030E?pid=697564dce09a4511a8d56e739ecdaabd,published_full_unit_price,1383000,1383000,1383000,1,1,2025-08-02,2025-08-02,https://propertynoob.com/condo/canberra-crescent-residences/sales,
CANBERRA CRESCENT RESIDENCES,57,#10-30,1216,4,sold,2026-08-09,https://canberracrescent.isaacyee.com/units,2026-09-20,sold,False,https://portal.huttonsgroup.com/public/pricelist/R070030E?pid=697564dce09a4511a8d56e739ecdaabd,sold_price_not_found,,,,0,0,,,,
CANBERRA CRESCENT RESIDENCES,57,#10-31,883,3,sold,2025-08-01,https://canberracrescent.isaacyee.com/units,2026-09-20,sold,False,https://portal.huttonsgroup.com/public/pricelist/R070030E?pid=697564dce09a4511a8d56e739ecdaabd,published_full_unit_price,1779400,1779400,1779400,1,1,2025-08-02,2025-08-02,https://propertynoob.com/condo/canberra-crescent-residences/sales,
CANBERRA CRESCENT RESIDENCES,57,#10-32,667,2,sold,2025-08-20,https://canberracrescent.isaacyee.com/units,2026-09-20,sold,False,https://portal.huttonsgroup.com/public/pricelist/R070030E?pid=697564dce09a4511a8d56e739ecdaabd,published_full_unit_price,1347000,1347000,1347000,1,1,2025-08-21,2025-08-21,https://propertynoob.com/condo/canberra-crescent-residences/sales,
CANBERRA CRESCENT RESIDENCES,57,#09-25,797,3,sold,2025-10-18,https://canberracrescent.isaacyee.com/units,2026-09-20,sold,False,https://portal.huttonsgroup.com/public/pricelist/R070030E?pid=697564dce09a4511a8d56e739ecdaabd,published_full_unit_price,1618100,1618100,1618100,1,1,2025-10-17,2025-10-17,https://propertynoob.com/condo/canberra-crescent-residences/sales,
CANBERRA CRESCENT RESIDENCES,57,#09-26,990,3,sold,2025-10-30,https://canberracrescent.isaacyee.com/units,2026-09-20,sold,False,https://portal.huttonsgroup.com/public/pricelist/R070030E?pid=697564dce09a4511a8d56e739ecdaabd,published_full_unit_price,2036600,2036600,2036600,1,1,2025-10-31,2025-10-31,https://propertynoob.com/condo/canberra-crescent-residences/sales,
CANBERRA CRESCENT RESIDENCES,57,#09-27,1324,4,sold,2025-08-01,https://canberracrescent.isaacyee.com/units,2026-09-20,sold,False,https://portal.huttonsgroup.com/public/pricelist/R070030E?pid=697564dce09a4511a8d56e739ecdaabd,published_full_unit_price,2601900,2601900,2601900,1,1,2025-08-02,2025-08-02,https://propertynoob.com/condo/canberra-crescent-residences/sales,
CANBERRA CRESCENT RESIDENCES,57,#09-28,797,3,sold,2025-08-01,https://canberracrescent.isaacyee.com/units,2026-09-20,sold,False,https://portal.huttonsgroup.com/public/pricelist/R070030E?pid=697564dce09a4511a8d56e739ecdaabd,published_full_unit_price,1621500,1621500,1621500,1,1,2025-08-02,2025-08-02,https://propertynoob.com/condo/canberra-crescent-residences/sales,
CANBERRA CRESCENT RESIDENCES,57,#09-29,667,2,sold,2025-08-01,https://canberracrescent.isaacyee.com/units,2026-09-20,sold,False,https://portal.huttonsgroup.com/public/pricelist/R070030E?pid=697564dce09a4511a8d56e739ecdaabd,published_full_unit_price,1379500,1379500,1379500,1,1,2025-08-02,2025-08-02,https://propertynoob.com/condo/canberra-crescent-residences/sales,
CANBERRA CRESCENT RESIDENCES,57,#09-30,1216,4,sold,2026-08-07,https://canberracrescent.isaacyee.com/units,2026-09-20,sold,False,https://portal.huttonsgroup.com/public/pricelist/R070030E?pid=697564dce09a4511a8d56e739ecdaabd,inferred_unit_price,2488337,2488337,2488337,2,1,2026-08-08,2026-08-08,https://propertystory.sg/canberra-crescent-residences/|https://www.edgeprop.sg/condo-apartment/canberra-crescent-residences,
CANBERRA CRESCENT RESIDENCES,57,#09-31,883,3,sold,2025-08-01,https://canberracrescent.isaacyee.com/units,2026-09-20,sold,False,https://portal.huttonsgroup.com/public/pricelist/R070030E?pid=697564dce09a4511a8d56e739ecdaabd,published_full_unit_price,1775000,1775000,1775000,1,1,2025-08-02,2025-08-02,https://propertynoob.com/condo/canberra-crescent-residences/sales,
CANBERRA CRESCENT RESIDENCES,57,#09-32,667,2,sold,2025-08-24,https://canberracrescent.isaacyee.com/units,2026-09-20,sold,False,https://portal.huttonsgroup.com/public/pricelist/R070030E?pid=697564dce09a4511a8d56e739ecdaabd,published_full_unit_price,1356900,1356900,1356900,1,1,2025-08-24,2025-08-24,https://propertynoob.com/condo/canberra-crescent-residences/sales,
CANBERRA CRESCENT RESIDENCES,57,#08-25,797,3,sold,2025-10-20,https://canberracrescent.isaacyee.com/units,2026-09-20,sold,False,https://portal.huttonsgroup.com/public/pricelist/R070030E?pid=697564dce09a4511a8d56e739ecdaabd,published_full_unit_price,1614000,1614000,1614000,1,1,2025-10-21,2025-10-21,https://propertynoob.com/condo/canberra-crescent-residences/sales,
CANBERRA CRESCENT RESIDENCES,57,#08-26,990,3,sold,2025-09-19,https://canberracrescent.isaacyee.com/units,2026-09-20,sold,False,https://portal.huttonsgroup.com/public/pricelist/R070030E?pid=697564dce09a4511a8d56e739ecdaabd,published_full_unit_price,2031400,2031400,2031400,1,1,2025-09-20,2025-09-20,https://propertynoob.com/condo/canberra-crescent-residences/sales,
CANBERRA CRESCENT RESIDENCES,57,#08-27,1324,4,sold,2026-05-02,https://canberracrescent.isaacyee.com/units,2026-09-20,sold,False,https://portal.huttonsgroup.com/public/pricelist/R070030E?pid=697564dce09a4511a8d56e739ecdaabd,multiple_historical_prices_review,,2595400,2673874,3,2,2025-08-02,2026-04-30,https://propertynoob.com/condo/canberra-crescent-residences/sales|https://propertystory.sg/canberra-crescent-residences/|https://www.edgeprop.sg/condo-apartment/canberra-crescent-residences,Different historical prices retained; cancellation/rebooking/correction not established.
CANBERRA CRESCENT RESIDENCES,57,#08-28,797,3,sold,2025-08-01,https://canberracrescent.isaacyee.com/units,2026-09-20,sold,False,https://portal.huttonsgroup.com/public/pricelist/R070030E?pid=697564dce09a4511a8d56e739ecdaabd,published_full_unit_price,1617500,1617500,1617500,1,1,2025-08-02,2025-08-02,https://propertynoob.com/condo/canberra-crescent-residences/sales,
CANBERRA CRESCENT RESIDENCES,57,#08-29,667,2,sold,2025-08-01,https://canberracrescent.isaacyee.com/units,2026-09-20,sold,False,https://portal.huttonsgroup.com/public/pricelist/R070030E?pid=697564dce09a4511a8d56e739ecdaabd,published_full_unit_price,1376100,1376100,1376100,1,1,2025-08-02,2025-08-02,https://propertynoob.com/condo/canberra-crescent-residences/sales,
CANBERRA CRESCENT RESIDENCES,57,#08-30,1216,4,sold,2026-07-25,https://canberracrescent.isaacyee.com/units,2026-09-20,sold,False,https://portal.huttonsgroup.com/public/pricelist/R070030E?pid=697564dce09a4511a8d56e739ecdaabd,inferred_unit_price,2482075,2482075,2482075,2,1,2026-07-26,2026-07-26,https://propertystory.sg/canberra-crescent-residences/|https://www.edgeprop.sg/condo-apartment/canberra-crescent-residences,
CANBERRA CRESCENT RESIDENCES,57,#08-31,883,3,sold,2025-08-01,https://canberracrescent.isaacyee.com/units,2026-09-20,sold,False,https://portal.huttonsgroup.com/public/pricelist/R070030E?pid=697564dce09a4511a8d56e739ecdaabd,published_full_unit_price,1770500,1770500,1770500,1,1,2025-08-02,2025-08-02,https://propertynoob.com/condo/canberra-crescent-residences/sales,
CANBERRA CRESCENT RESIDENCES,57,#08-32,667,2,sold,2025-08-01,https://canberracrescent.isaacyee.com/units,2026-09-20,sold,False,https://portal.huttonsgroup.com/public/pricelist/R070030E?pid=697564dce09a4511a8d56e739ecdaabd,published_full_unit_price,1340300,1340300,1340300,1,1,2025-08-02,2025-08-02,https://propertynoob.com/condo/canberra-crescent-residences/sales,
CANBERRA CRESCENT RESIDENCES,57,#07-25,797,3,sold,2025-10-24,https://canberracrescent.isaacyee.com/units,2026-09-20,sold,False,https://portal.huttonsgroup.com/public/pricelist/R070030E?pid=697564dce09a4511a8d56e739ecdaabd,published_full_unit_price,1610000,1610000,1610000,1,1,2025-10-25,2025-10-25,https://propertynoob.com/condo/canberra-crescent-residences/sales,
CANBERRA CRESCENT RESIDENCES,57,#07-26,990,3,sold,2025-08-01,https://canberracrescent.isaacyee.com/units,2026-09-20,sold,False,https://portal.huttonsgroup.com/public/pricelist/R070030E?pid=697564dce09a4511a8d56e739ecdaabd,published_full_unit_price,2006600,2006600,2006600,1,1,2025-08-02,2025-08-02,https://propertynoob.com/condo/canberra-crescent-residences/sales,
CANBERRA CRESCENT RESIDENCES,57,#07-27,1324,4,sold,2025-08-24,https://canberracrescent.isaacyee.com/units,2026-09-20,sold,False,https://portal.huttonsgroup.com/public/pricelist/R070030E?pid=697564dce09a4511a8d56e739ecdaabd,published_full_unit_price,2588900,2588900,2588900,1,1,2025-08-25,2025-08-25,https://propertynoob.com/condo/canberra-crescent-residences/sales,
CANBERRA CRESCENT RESIDENCES,57,#07-28,797,3,sold,2025-08-01,https://canberracrescent.isaacyee.com/units,2026-09-20,sold,False,https://portal.huttonsgroup.com/public/pricelist/R070030E?pid=697564dce09a4511a8d56e739ecdaabd,published_full_unit_price,1613400,1613400,1613400,1,1,2025-08-02,2025-08-02,https://propertynoob.com/condo/canberra-crescent-residences/sales,
CANBERRA CRESCENT RESIDENCES,57,#07-29,667,2,sold,2025-08-01,https://canberracrescent.isaacyee.com/units,2026-09-20,sold,False,https://portal.huttonsgroup.com/public/pricelist/R070030E?pid=697564dce09a4511a8d56e739ecdaabd,published_full_unit_price,1372700,1372700,1372700,1,1,2025-08-02,2025-08-02,https://propertynoob.com/condo/canberra-crescent-residences/sales,
CANBERRA CRESCENT RESIDENCES,57,#07-30,1216,4,sold,2026-08-26,https://canberracrescent.isaacyee.com/units,2026-09-20,sold,False,https://portal.huttonsgroup.com/public/pricelist/R070030E?pid=697564dce09a4511a8d56e739ecdaabd,inferred_unit_price,2476015,2476015,2476015,1,1,2026-08-20,2026-08-20,https://www.edgeprop.sg/condo-apartment/canberra-crescent-residences,
CANBERRA CRESCENT RESIDENCES,57,#07-31,883,3,sold,2025-08-01,https://canberracrescent.isaacyee.com/units,2026-09-20,sold,False,https://portal.huttonsgroup.com/public/pricelist/R070030E?pid=697564dce09a4511a8d56e739ecdaabd,published_full_unit_price,1766100,1766100,1766100,1,1,2025-08-03,2025-08-03,https://propertynoob.com/condo/canberra-crescent-residences/sales,
CANBERRA CRESCENT RESIDENCES,57,#07-32,667,2,sold,2025-08-19,https://canberracrescent.isaacyee.com/units,2026-09-20,sold,False,https://portal.huttonsgroup.com/public/pricelist/R070030E?pid=697564dce09a4511a8d56e739ecdaabd,published_full_unit_price,1337000,1337000,1337000,1,1,2025-08-20,2025-08-20,https://propertynoob.com/condo/canberra-crescent-residences/sales,
CANBERRA CRESCENT RESIDENCES,57,#06-25,797,3,sold,2025-10-30,https://canberracrescent.isaacyee.com/units,2026-09-20,sold,False,https://portal.huttonsgroup.com/public/pricelist/R070030E?pid=697564dce09a4511a8d56e739ecdaabd,published_full_unit_price,1606100,1606100,1606100,1,1,2025-10-31,2025-10-31,https://propertynoob.com/condo/canberra-crescent-residences/sales,
CANBERRA CRESCENT RESIDENCES,57,#06-26,990,3,sold,2025-10-31,https://canberracrescent.isaacyee.com/units,2026-09-20,sold,False,https://portal.huttonsgroup.com/public/pricelist/R070030E?pid=697564dce09a4511a8d56e739ecdaabd,published_full_unit_price,2021300,2021300,2021300,1,1,2025-10-31,2025-10-31,https://propertynoob.com/condo/canberra-crescent-residences/sales,
CANBERRA CRESCENT RESIDENCES,57,#06-27,1324,4,available,,https://canberracrescent.isaacyee.com/units,2026-09-20,available,False,https://portal.huttonsgroup.com/public/pricelist/R070030E?pid=697564dce09a4511a8d56e739ecdaabd,chart_available,,,,0,0,,,,
CANBERRA CRESCENT RESIDENCES,57,#06-28,797,3,sold,2025-08-01,https://canberracrescent.isaacyee.com/units,2026-09-20,sold,False,https://portal.huttonsgroup.com/public/pricelist/R070030E?pid=697564dce09a4511a8d56e739ecdaabd,published_full_unit_price,1609400,1609400,1609400,1,1,2025-08-02,2025-08-02,https://propertynoob.com/condo/canberra-crescent-residences/sales,
CANBERRA CRESCENT RESIDENCES,57,#06-29,667,2,sold,2025-08-01,https://canberracrescent.isaacyee.com/units,2026-09-20,sold,False,https://portal.huttonsgroup.com/public/pricelist/R070030E?pid=697564dce09a4511a8d56e739ecdaabd,published_full_unit_price,1369300,1369300,1369300,1,1,2025-08-02,2025-08-02,https://propertynoob.com/condo/canberra-crescent-residences/sales,
CANBERRA CRESCENT RESIDENCES,57,#06-30,1216,4,sold,2026-08-26,https://canberracrescent.isaacyee.com/units,2026-09-20,sold,False,https://portal.huttonsgroup.com/public/pricelist/R070030E?pid=697564dce09a4511a8d56e739ecdaabd,inferred_unit_price,2469854,2469854,2469854,1,1,2026-08-26,2026-08-26,https://www.edgeprop.sg/condo-apartment/canberra-crescent-residences,
CANBERRA CRESCENT RESIDENCES,57,#06-31,883,3,sold,2025-08-14,https://canberracrescent.isaacyee.com/units,2026-09-20,sold,False,https://portal.huttonsgroup.com/public/pricelist/R070030E?pid=697564dce09a4511a8d56e739ecdaabd,published_full_unit_price,1761700,1761700,1761700,1,1,2025-08-15,2025-08-15,https://propertynoob.com/condo/canberra-crescent-residences/sales,
CANBERRA CRESCENT RESIDENCES,57,#06-32,667,2,sold,2025-08-17,https://canberracrescent.isaacyee.com/units,2026-09-20,sold,False,https://portal.huttonsgroup.com/public/pricelist/R070030E?pid=697564dce09a4511a8d56e739ecdaabd,published_full_unit_price,1333600,1333600,1333600,1,1,2025-08-18,2025-08-18,https://propertynoob.com/condo/canberra-crescent-residences/sales,
CANBERRA CRESCENT RESIDENCES,57,#05-25,797,3,sold,2025-11-13,https://canberracrescent.isaacyee.com/units,2026-09-20,sold,False,https://portal.huttonsgroup.com/public/pricelist/R070030E?pid=697564dce09a4511a8d56e739ecdaabd,published_full_unit_price,1618200,1618200,1618200,1,1,2025-11-13,2025-11-13,https://propertynoob.com/condo/canberra-crescent-residences/sales,
CANBERRA CRESCENT RESIDENCES,57,#05-26,990,3,sold,2025-11-13,https://canberracrescent.isaacyee.com/units,2026-09-20,sold,False,https://portal.huttonsgroup.com/public/pricelist/R070030E?pid=697564dce09a4511a8d56e739ecdaabd,published_full_unit_price,2036600,2036600,2036600,1,1,2025-11-14,2025-11-14,https://propertynoob.com/condo/canberra-crescent-residences/sales,
CANBERRA CRESCENT RESIDENCES,57,#05-27,1324,4,available,,https://canberracrescent.isaacyee.com/units,2026-09-20,available,False,https://portal.huttonsgroup.com/public/pricelist/R070030E?pid=697564dce09a4511a8d56e739ecdaabd,chart_available,,,,0,0,,,,
CANBERRA CRESCENT RESIDENCES,57,#05-28,797,3,sold,2025-08-01,https://canberracrescent.isaacyee.com/units,2026-09-20,sold,False,https://portal.huttonsgroup.com/public/pricelist/R070030E?pid=697564dce09a4511a8d56e739ecdaabd,published_full_unit_price,1605400,1605400,1605400,1,1,2025-08-02,2025-08-02,https://propertynoob.com/condo/canberra-crescent-residences/sales,
CANBERRA CRESCENT RESIDENCES,57,#05-29,667,2,sold,2025-08-15,https://canberracrescent.isaacyee.com/units,2026-09-20,sold,False,https://portal.huttonsgroup.com/public/pricelist/R070030E?pid=697564dce09a4511a8d56e739ecdaabd,published_full_unit_price,1365900,1365900,1365900,1,1,2025-08-16,2025-08-16,https://propertynoob.com/condo/canberra-crescent-residences/sales,
CANBERRA CRESCENT RESIDENCES,57,#05-30,1216,4,sold,2026-09-06,https://canberracrescent.isaacyee.com/units,2026-09-20,sold,False,https://portal.huttonsgroup.com/public/pricelist/R070030E?pid=697564dce09a4511a8d56e739ecdaabd,sold_price_not_found,,,,0,0,,,,
CANBERRA CRESCENT RESIDENCES,57,#05-31,883,3,sold,2025-08-23,https://canberracrescent.isaacyee.com/units,2026-09-20,sold,False,https://portal.huttonsgroup.com/public/pricelist/R070030E?pid=697564dce09a4511a8d56e739ecdaabd,published_full_unit_price,1757300,1757300,1757300,1,1,2025-08-23,2025-08-23,https://propertynoob.com/condo/canberra-crescent-residences/sales,
CANBERRA CRESCENT RESIDENCES,57,#05-32,667,2,sold,2025-08-24,https://canberracrescent.isaacyee.com/units,2026-09-20,sold,False,https://portal.huttonsgroup.com/public/pricelist/R070030E?pid=697564dce09a4511a8d56e739ecdaabd,published_full_unit_price,1330300,1330300,1330300,1,1,2025-08-24,2025-08-24,https://propertynoob.com/condo/canberra-crescent-residences/sales,
CANBERRA CRESCENT RESIDENCES,57,#04-25,797,3,sold,2025-10-26,https://canberracrescent.isaacyee.com/units,2026-09-20,sold,False,https://portal.huttonsgroup.com/public/pricelist/R070030E?pid=697564dce09a4511a8d56e739ecdaabd,published_full_unit_price,1598000,1598000,1598000,1,1,2025-10-27,2025-10-27,https://propertynoob.com/condo/canberra-crescent-residences/sales,
CANBERRA CRESCENT RESIDENCES,57,#04-26,990,3,available,,https://canberracrescent.isaacyee.com/units,2026-09-20,available,False,https://portal.huttonsgroup.com/public/pricelist/R070030E?pid=697564dce09a4511a8d56e739ecdaabd,chart_available,,,,0,0,,,,
CANBERRA CRESCENT RESIDENCES,57,#04-27,1324,4,available,,https://canberracrescent.isaacyee.com/units,2026-09-20,available,False,https://portal.huttonsgroup.com/public/pricelist/R070030E?pid=697564dce09a4511a8d56e739ecdaabd,chart_available,,,,0,0,,,,
CANBERRA CRESCENT RESIDENCES,57,#04-28,797,3,sold,2025-08-09,https://canberracrescent.isaacyee.com/units,2026-09-20,sold,False,https://portal.huttonsgroup.com/public/pricelist/R070030E?pid=697564dce09a4511a8d56e739ecdaabd,published_full_unit_price,1601400,1601400,1601400,1,1,2025-08-09,2025-08-09,https://propertynoob.com/condo/canberra-crescent-residences/sales,
CANBERRA CRESCENT RESIDENCES,57,#04-29,667,2,sold,2025-08-20,https://canberracrescent.isaacyee.com/units,2026-09-20,sold,False,https://portal.huttonsgroup.com/public/pricelist/R070030E?pid=697564dce09a4511a8d56e739ecdaabd,published_full_unit_price,1362500,1362500,1362500,1,1,2025-08-21,2025-08-21,https://propertynoob.com/condo/canberra-crescent-residences/sales,
CANBERRA CRESCENT RESIDENCES,57,#04-30,1216,4,available,,https://canberracrescent.isaacyee.com/units,2026-09-20,available,False,https://portal.huttonsgroup.com/public/pricelist/R070030E?pid=697564dce09a4511a8d56e739ecdaabd,chart_available,,,,0,0,,,,
CANBERRA CRESCENT RESIDENCES,57,#04-31,883,3,sold,2025-09-17,https://canberracrescent.isaacyee.com/units,2026-09-20,sold,False,https://portal.huttonsgroup.com/public/pricelist/R070030E?pid=697564dce09a4511a8d56e739ecdaabd,published_full_unit_price,1770300,1770300,1770300,1,1,2025-09-15,2025-09-15,https://propertynoob.com/condo/canberra-crescent-residences/sales,
CANBERRA CRESCENT RESIDENCES,57,#04-32,667,2,sold,2025-08-30,https://canberracrescent.isaacyee.com/units,2026-09-20,sold,False,https://portal.huttonsgroup.com/public/pricelist/R070030E?pid=697564dce09a4511a8d56e739ecdaabd,published_full_unit_price,1340100,1340100,1340100,1,1,2025-08-31,2025-08-31,https://propertynoob.com/condo/canberra-crescent-residences/sales,
CANBERRA CRESCENT RESIDENCES,57,#03-25,797,3,sold,2025-11-10,https://canberracrescent.isaacyee.com/units,2026-09-20,sold,False,https://portal.huttonsgroup.com/public/pricelist/R070030E?pid=697564dce09a4511a8d56e739ecdaabd,published_full_unit_price,1610100,1610100,1610100,1,1,2025-11-11,2025-11-11,https://propertynoob.com/condo/canberra-crescent-residences/sales,
CANBERRA CRESCENT RESIDENCES,57,#03-26,990,3,available,,https://canberracrescent.isaacyee.com/units,2026-09-20,available,False,https://portal.huttonsgroup.com/public/pricelist/R070030E?pid=697564dce09a4511a8d56e739ecdaabd,chart_available,,,,0,0,,,,
CANBERRA CRESCENT RESIDENCES,57,#03-27,1324,4,available,,https://canberracrescent.isaacyee.com/units,2026-09-20,available,False,https://portal.huttonsgroup.com/public/pricelist/R070030E?pid=697564dce09a4511a8d56e739ecdaabd,chart_available,,,,0,0,,,,
CANBERRA CRESCENT RESIDENCES,57,#03-28,797,3,sold,2025-08-18,https://canberracrescent.isaacyee.com/units,2026-09-20,sold,False,https://portal.huttonsgroup.com/public/pricelist/R070030E?pid=697564dce09a4511a8d56e739ecdaabd,published_full_unit_price,1597400,1597400,1597400,1,1,2025-08-19,2025-08-19,https://propertynoob.com/condo/canberra-crescent-residences/sales,
CANBERRA CRESCENT RESIDENCES,57,#03-29,667,2,sold,2025-08-22,https://canberracrescent.isaacyee.com/units,2026-09-20,sold,False,https://portal.huttonsgroup.com/public/pricelist/R070030E?pid=697564dce09a4511a8d56e739ecdaabd,published_full_unit_price,1359100,1359100,1359100,1,1,2025-08-22,2025-08-22,https://propertynoob.com/condo/canberra-crescent-residences/sales,
CANBERRA CRESCENT RESIDENCES,57,#03-30,1216,4,available,,https://canberracrescent.isaacyee.com/units,2026-09-20,available,False,https://portal.huttonsgroup.com/public/pricelist/R070030E?pid=697564dce09a4511a8d56e739ecdaabd,chart_available,,,,0,0,,,,
CANBERRA CRESCENT RESIDENCES,57,#03-31,883,3,sold,2025-08-15,https://canberracrescent.isaacyee.com/units,2026-09-20,sold,False,https://portal.huttonsgroup.com/public/pricelist/R070030E?pid=697564dce09a4511a8d56e739ecdaabd,published_full_unit_price,1748600,1748600,1748600,1,1,2025-08-16,2025-08-16,https://propertynoob.com/condo/canberra-crescent-residences/sales,
CANBERRA CRESCENT RESIDENCES,57,#03-32,667,2,sold,2025-09-23,https://canberracrescent.isaacyee.com/units,2026-09-20,sold,False,https://portal.huttonsgroup.com/public/pricelist/R070030E?pid=697564dce09a4511a8d56e739ecdaabd,published_full_unit_price,1336700,1336700,1336700,1,1,2025-09-23,2025-09-23,https://propertynoob.com/condo/canberra-crescent-residences/sales,
CANBERRA CRESCENT RESIDENCES,57,#02-25,797,3,sold,2025-11-22,https://canberracrescent.isaacyee.com/units,2026-09-20,sold,False,https://portal.huttonsgroup.com/public/pricelist/R070030E?pid=697564dce09a4511a8d56e739ecdaabd,published_full_unit_price,1606100,1606100,1606100,1,1,2025-11-18,2025-11-18,https://propertynoob.com/condo/canberra-crescent-residences/sales,
CANBERRA CRESCENT RESIDENCES,57,#02-26,990,3,available,,https://canberracrescent.isaacyee.com/units,2026-09-20,available,False,https://portal.huttonsgroup.com/public/pricelist/R070030E?pid=697564dce09a4511a8d56e739ecdaabd,chart_available,,,,0,0,,,,
CANBERRA CRESCENT RESIDENCES,57,#02-27,1324,4,available,,https://canberracrescent.isaacyee.com/units,2026-09-20,available,False,https://portal.huttonsgroup.com/public/pricelist/R070030E?pid=697564dce09a4511a8d56e739ecdaabd,chart_available,,,,0,0,,,,
CANBERRA CRESCENT RESIDENCES,57,#02-28,797,3,sold,2025-10-24,https://canberracrescent.isaacyee.com/units,2026-09-20,sold,False,https://portal.huttonsgroup.com/public/pricelist/R070030E?pid=697564dce09a4511a8d56e739ecdaabd,published_full_unit_price,1609100,1609100,1609100,1,1,2025-10-25,2025-10-25,https://propertynoob.com/condo/canberra-crescent-residences/sales,
CANBERRA CRESCENT RESIDENCES,57,#02-29,667,2,sold,2025-08-04,https://canberracrescent.isaacyee.com/units,2026-09-20,sold,False,https://portal.huttonsgroup.com/public/pricelist/R070030E?pid=697564dce09a4511a8d56e739ecdaabd,published_full_unit_price,1355700,1355700,1355700,1,1,2025-08-05,2025-08-05,https://propertynoob.com/condo/canberra-crescent-residences/sales,
CANBERRA CRESCENT RESIDENCES,57,#02-30,1216,4,available,,https://canberracrescent.isaacyee.com/units,2026-09-20,available,False,https://portal.huttonsgroup.com/public/pricelist/R070030E?pid=697564dce09a4511a8d56e739ecdaabd,chart_available,,,,0,0,,,,
CANBERRA CRESCENT RESIDENCES,57,#02-31,883,3,sold,2025-10-13,https://canberracrescent.isaacyee.com/units,2026-09-20,sold,False,https://portal.huttonsgroup.com/public/pricelist/R070030E?pid=697564dce09a4511a8d56e739ecdaabd,published_full_unit_price,1761400,1761400,1761400,1,1,2025-10-13,2025-10-13,https://propertynoob.com/condo/canberra-crescent-residences/sales,
CANBERRA CRESCENT RESIDENCES,57,#02-32,667,2,sold,2025-10-03,https://canberracrescent.isaacyee.com/units,2026-09-20,sold,False,https://portal.huttonsgroup.com/public/pricelist/R070030E?pid=697564dce09a4511a8d56e739ecdaabd,published_full_unit_price,1333500,1333500,1333500,1,1,2025-09-29,2025-09-29,https://propertynoob.com/condo/canberra-crescent-residences/sales,
CANBERRA CRESCENT RESIDENCES,57,#01-25,797,3,sold,2026-01-24,https://canberracrescent.isaacyee.com/units,2026-09-20,sold,False,https://portal.huttonsgroup.com/public/pricelist/R070030E?pid=697564dce09a4511a8d56e739ecdaabd,published_full_unit_price,1602100,1602100,1602100,1,1,2025-12-08,2025-12-08,https://propertynoob.com/condo/canberra-crescent-residences/sales,
CANBERRA CRESCENT RESIDENCES,57,#01-26,990,3,available,,https://canberracrescent.isaacyee.com/units,2026-09-20,available,False,https://portal.huttonsgroup.com/public/pricelist/R070030E?pid=697564dce09a4511a8d56e739ecdaabd,chart_available,,,,0,0,,,,
CANBERRA CRESCENT RESIDENCES,57,#01-27,1324,4,available,,https://canberracrescent.isaacyee.com/units,2026-09-20,available,False,https://portal.huttonsgroup.com/public/pricelist/R070030E?pid=697564dce09a4511a8d56e739ecdaabd,chart_available,,,,0,0,,,,
CANBERRA CRESCENT RESIDENCES,57,#01-28,797,3,sold,2025-12-11,https://canberracrescent.isaacyee.com/units,2026-09-20,sold,False,https://portal.huttonsgroup.com/public/pricelist/R070030E?pid=697564dce09a4511a8d56e739ecdaabd,published_full_unit_price,1621300,1621300,1621300,2,1,2025-12-12,2025-12-12,https://propertynoob.com/condo/canberra-crescent-residences/sales|https://propertystory.sg/canberra-crescent-residences/,
CANBERRA CRESCENT RESIDENCES,57,#01-29,409,1,sold,2025-08-01,https://canberracrescent.isaacyee.com/units,2026-09-20,sold,False,https://portal.huttonsgroup.com/public/pricelist/R070030E?pid=697564dce09a4511a8d56e739ecdaabd,published_full_unit_price,880000,880000,880000,1,1,2025-08-02,2025-08-02,https://propertynoob.com/condo/canberra-crescent-residences/sales,
CANBERRA CRESCENT RESIDENCES,57,#01-30,1216,4,sold,2025-08-27,https://canberracrescent.isaacyee.com/units,2026-09-20,sold,False,https://portal.huttonsgroup.com/public/pricelist/R070030E?pid=697564dce09a4511a8d56e739ecdaabd,published_full_unit_price,2391000,2391000,2391000,1,1,2025-08-27,2025-08-27,https://propertynoob.com/condo/canberra-crescent-residences/sales,
CANBERRA CRESCENT RESIDENCES,57,#01-31,883,3,sold,2025-11-14,https://canberracrescent.isaacyee.com/units,2026-09-20,sold,False,https://portal.huttonsgroup.com/public/pricelist/R070030E?pid=697564dce09a4511a8d56e739ecdaabd,published_full_unit_price,1774700,1774700,1774700,1,1,2025-11-15,2025-11-15,https://propertynoob.com/condo/canberra-crescent-residences/sales,
CANBERRA CRESCENT RESIDENCES,57,#01-32,667,2,sold,2025-10-30,https://canberracrescent.isaacyee.com/units,2026-09-20,sold,False,https://portal.huttonsgroup.com/public/pricelist/R070030E?pid=697564dce09a4511a8d56e739ecdaabd,published_full_unit_price,1330100,1330100,1330100,1,1,2025-10-31,2025-10-31,https://propertynoob.com/condo/canberra-crescent-residences/sales,
