Project Name,Transacted Price ($),Area (SQFT),Unit Price ($ PSF),Sale Date,Street Name,Type of Sale,Type of Area,Area (SQM),Unit Price ($ PSM),Nett Price($),Property Type,Number of Units,Tenure,Postal District,Market Segment,Floor Level
THE ESTA,"3,388,888","1,345.5","2,519",Jun-26,AMBER GARDENS,Resale,Strata,125,"27,111",-,Condominium,1,Freehold,15,Rest of Central Region,06 to 10
COSTA RHU,"3,275,000","1,776.06","1,844",Jun-26,RHU CROSS,Resale,Strata,165,"19,848",-,Condominium,1,99 yrs lease commencing from 1994,15,Rest of Central Region,11 to 15
THE CONTINUUM,"3,551,000","1,237.86","2,869",Jun-26,THIAM SIEW AVENUE,New Sale,Strata,115,"30,878",-,Apartment,1,Freehold,15,Rest of Central Region,06 to 10
THE MEYER PLACE,"3,100,000","1,453.14","2,133",Jun-26,MEYER PLACE,Resale,Strata,135,"22,963",-,Apartment,1,Freehold,15,Rest of Central Region,06 to 10
NEPTUNE COURT,"1,828,888","1,636.13","1,118",Jun-26,MARINE VISTA,Resale,Strata,152,"12,032",-,Apartment,1,99 yrs lease commencing from 1975,15,Outside Central Region,06 to 10
TREESCAPE,"793,000",430.56,"1,842",Jun-26,LORONG N TELOK KURAU,Resale,Strata,40,"19,825",-,Apartment,1,Freehold,15,Outside Central Region,01 to 05
JUPITER 18,"1,100,000",850.36,"1,294",Jun-26,LORONG 102 CHANGI,Resale,Strata,79,"13,924",-,Apartment,1,Freehold,15,Rest of Central Region,01 to 05
THE CONTINUUM,"5,330,000","1,905.23","2,798",Jun-26,THIAM SIEW AVENUE,New Sale,Strata,177,"30,113",-,Apartment,1,Freehold,15,Rest of Central Region,11 to 15
SANTA FE MANSIONS,"1,825,000","1,076.4","1,695",Jun-26,MARGATE ROAD,Resale,Strata,100,"18,250",-,Apartment,1,Freehold,15,Rest of Central Region,01 to 05
AMBER SKYE,"3,480,000","1,334.74","2,607",Jun-26,AMBER ROAD,Resale,Strata,124,"28,065",-,Apartment,1,Freehold,15,Rest of Central Region,16 to 20
MANDARIN GARDENS,"1,955,500","1,528.49","1,279",Jun-26,SIGLAP ROAD,Resale,Strata,142,"13,771",-,Condominium,1,99 yrs lease commencing from 1982,15,Outside Central Region,06 to 10
VILLA MARINA,"2,140,000","1,646.89","1,299",Jun-26,JALAN SEMPADAN,Resale,Strata,153,"13,987",-,Condominium,1,99 yrs lease commencing from 1995,15,Outside Central Region,01 to 05
THE CONTINUUM,"4,130,000","1,453.14","2,842",Jun-26,THIAM SIEW AVENUE,New Sale,Strata,135,"30,593",-,Apartment,1,Freehold,15,Rest of Central Region,16 to 20
ROXY SQUARE,"1,800,000","1,259.39","1,429",Jun-26,EAST COAST ROAD,Resale,Strata,117,"15,385",-,Apartment,1,9999 yrs lease commencing from 1995,15,Rest of Central Region,06 to 10
LIV @ MB,"2,250,000",871.88,"2,581",Jun-26,ARTHUR ROAD,Sub Sale,Strata,81,"27,778",-,Condominium,1,99 yrs lease commencing from 2021,15,Rest of Central Region,01 to 05
RIVEREDGE,"2,575,000","1,517.72","1,697",Jun-26,SAMPAN PLACE,Resale,Strata,141,"18,262",-,Condominium,1,99 yrs lease commencing from 2004,15,Rest of Central Region,06 to 10
PARK COURT,"1,308,000",925.7,"1,413",Jun-26,LORONG 101 CHANGI,Resale,Strata,86,"15,209",-,Apartment,1,Freehold,15,Rest of Central Region,01 to 05
BUTTERWORTH 8,"2,100,000","1,022.58","2,054",Jun-26,BUTTERWORTH LANE,Resale,Strata,95,"22,105",-,Condominium,1,Freehold,15,Rest of Central Region,06 to 10
FLAMINGO VALLEY,"980,000",581.26,"1,686",Jun-26,SIGLAP ROAD,Resale,Strata,54,"18,148",-,Condominium,1,Freehold,15,Outside Central Region,01 to 05
MEYER BLUE,"5,209,000","1,517.72","3,432",Jun-26,MEYER ROAD,New Sale,Strata,141,"36,943",-,Apartment,1,Freehold,15,Rest of Central Region,21 to 25
AXIS @ SIGLAP,"1,700,000","1,001.05","1,698",Jun-26,EAST COAST TERRACE,Resale,Strata,93,"18,280",-,Apartment,1,Freehold,15,Outside Central Region,01 to 05
WATER PLACE,"2,380,000","1,216.33","1,957",Jun-26,TANJONG RHU ROAD,Resale,Strata,113,"21,062",-,Condominium,1,99 yrs lease commencing from 1998,15,Rest of Central Region,11 to 15
TEMBUSU GRAND,"1,908,000",742.72,"2,569",Jun-26,JALAN TEMBUSU,Sub Sale,Strata,69,"27,652",-,Condominium,1,99 yrs lease commencing from 2022,15,Rest of Central Region,01 to 05
AMBER 45,"2,980,000","1,130.22","2,637",Jun-26,AMBER ROAD,Resale,Strata,105,"28,381",-,Apartment,1,Freehold,15,Rest of Central Region,01 to 05
EVERITT EDGE,"730,000",430.56,"1,695",Jun-26,JOO CHIAT PLACE,Resale,Strata,40,"18,250",-,Apartment,1,Freehold,15,Rest of Central Region,01 to 05
MARSHALL LODGE,"2,680,000","1,776.06","1,509",Jun-26,MARSHALL ROAD,Resale,Strata,165,"16,242",-,Apartment,1,Freehold,15,Rest of Central Region,01 to 05
THE CONTINUUM,"1,480,000",559.73,"2,644",Jun-26,THIAM SIEW AVENUE,New Sale,Strata,52,"28,462",-,Apartment,1,Freehold,15,Rest of Central Region,16 to 20
SEASIDE RESIDENCES,"1,600,000",678.13,"2,359",Jun-26,SIGLAP LINK,Resale,Strata,63,"25,397",-,Apartment,1,99 yrs lease commencing from 2016,15,Outside Central Region,11 to 15
THE CONTINUUM,"5,187,000","1,905.23","2,723",Jun-26,THIAM SIEW AVENUE,New Sale,Strata,177,"29,305",-,Apartment,1,Freehold,15,Rest of Central Region,06 to 10
GRAND DUNMAN,"2,582,000","1,044.11","2,473",Jun-26,DUNMAN ROAD,New Sale,Strata,97,"26,619",-,Apartment,1,99 yrs lease commencing from 2022,15,Rest of Central Region,01 to 05
SEVENTY SAINT PATRICK'S,"2,990,000","1,184.04","2,525",Jun-26,ST. PATRICK'S ROAD,Resale,Strata,110,"27,182",-,Condominium,1,Freehold,15,Outside Central Region,01 to 05
VILLA MARINA,"2,065,000","1,280.92","1,612",Jun-26,JALAN SEMPADAN,Resale,Strata,119,"17,353",-,Condominium,1,99 yrs lease commencing from 1995,15,Outside Central Region,01 to 05
16 @ AMBER,"780,000",419.8,"1,858",Jun-26,AMBER ROAD,Resale,Strata,39,"20,000",-,Apartment,1,Freehold,15,Rest of Central Region,01 to 05
THE ODEON KATONG,"995,000",581.26,"1,712",Jun-26,EAST COAST ROAD,Resale,Strata,54,"18,426",-,Apartment,1,Freehold,15,Rest of Central Region,11 to 15
EAST SIGNATURE,"2,250,000","2,012.87","1,118",Jun-26,ELLIOT WALK,Resale,Strata,187,"12,032",-,Apartment,1,Freehold,15,Outside Central Region,01 to 05
AQUENE,"1,200,000",699.66,"1,715",Jun-26,LORONG BANDANG,Resale,Strata,65,"18,462",-,Apartment,1,Freehold,15,Outside Central Region,01 to 05
MEYER BLUE,"5,139,000","1,517.72","3,386",Jun-26,MEYER ROAD,New Sale,Strata,141,"36,447",-,Apartment,1,Freehold,15,Rest of Central Region,21 to 25
THE CONTINUUM,"1,428,000",559.73,"2,551",Jun-26,THIAM SIEW AVENUE,New Sale,Strata,52,"27,462",-,Apartment,1,Freehold,15,Rest of Central Region,06 to 10
EASTERN LAGOON,"2,680,000","1,377.79","1,945",Jun-26,UPPER EAST COAST ROAD,Resale,Strata,128,"20,938",-,Condominium,1,Freehold,15,Outside Central Region,11 to 15
AMBER 45,"3,135,000","1,130.22","2,774",Jun-26,AMBER ROAD,Resale,Strata,105,"29,857",-,Apartment,1,Freehold,15,Rest of Central Region,06 to 10
THE CONTINUUM,"5,500,000","2,034.4","2,704",Jun-26,THIAM SIEW AVENUE,New Sale,Strata,189,"29,101",-,Apartment,1,Freehold,15,Rest of Central Region,16 to 20
D' FRESCO,"1,368,000",796.54,"1,717",Jun-26,JOO CHIAT LANE,Resale,Strata,74,"18,486",-,Apartment,1,Freehold,15,Rest of Central Region,01 to 05
THE WATERSIDE,"5,600,000","2,400.37","2,333",Jun-26,TANJONG RHU ROAD,Resale,Strata,223,"25,112",-,Condominium,1,Freehold,15,Rest of Central Region,06 to 10
NATURE MANSIONS,"2,000,000","1,216.33","1,644",Jun-26,LORONG K TELOK KURAU,Resale,Strata,113,"17,699",-,Apartment,1,Freehold,15,Outside Central Region,01 to 05
TEMBUSU GRAND,"1,900,000",667.37,"2,847",Jun-26,JALAN TEMBUSU,Sub Sale,Strata,62,"30,645",-,Condominium,1,99 yrs lease commencing from 2022,15,Rest of Central Region,11 to 15
GRAND DUNMAN,"2,046,000",893.41,"2,290",Jun-26,DUNMAN ROAD,New Sale,Strata,83,"24,651",-,Apartment,1,99 yrs lease commencing from 2022,15,Rest of Central Region,16 to 20
SANCTUARY GREEN,"3,900,000","2,723.29","1,432",Jun-26,TANJONG RHU ROAD,Resale,Strata,253,"15,415",-,Condominium,1,99 yrs lease commencing from 1997,15,Rest of Central Region,06 to 10
VILLA MARINA,"1,800,000","1,151.75","1,563",Jun-26,JALAN SEMPADAN,Resale,Strata,107,"16,822",-,Condominium,1,99 yrs lease commencing from 1995,15,Outside Central Region,01 to 05
THE CONTINUUM,"3,482,000","1,248.62","2,789",Jun-26,THIAM SIEW AVENUE,New Sale,Strata,116,"30,017",-,Apartment,1,Freehold,15,Rest of Central Region,01 to 05
VIBES @ EAST COAST,"1,050,000",624.31,"1,682",Jun-26,TELOK KURAU ROAD,Resale,Strata,58,"18,103",-,Apartment,1,Freehold,15,Outside Central Region,01 to 05
HAIG 162,"705,000",365.98,"1,926",Jun-26,HAIG ROAD,Resale,Strata,34,"20,735",-,Apartment,1,Freehold,15,Rest of Central Region,06 to 10
FINLAND GARDENS,"2,750,000","1,474.67","1,865",Jun-26,EAST COAST AVENUE,Resale,Strata,137,"20,073",-,Condominium,1,Freehold,15,Outside Central Region,01 to 05
THE SHORE RESIDENCES,"2,700,000","1,291.68","2,090",Jun-26,AMBER ROAD,Resale,Strata,120,"22,500",-,Condominium,1,103 yrs lease commencing from 2009,15,Rest of Central Region,01 to 05
THE SEAFRONT ON MEYER,"3,880,000","1,603.84","2,419",Jun-26,MEYER ROAD,Resale,Strata,149,"26,040",-,Condominium,1,Freehold,15,Rest of Central Region,01 to 05
RIVAGE,"3,580,100","1,819.12","1,968",Jun-26,MARGATE ROAD,Resale,Strata,169,"21,184",-,Apartment,1,Freehold,15,Rest of Central Region,11 to 15
SANCTUARY GREEN,"2,310,000","1,356.26","1,703",Jun-26,TANJONG RHU ROAD,Resale,Strata,126,"18,333",-,Condominium,1,99 yrs lease commencing from 1997,15,Rest of Central Region,06 to 10
GRAND DUNMAN,"4,604,000","1,786.82","2,577",Jun-26,DUNMAN ROAD,New Sale,Strata,166,"27,735",-,Apartment,1,99 yrs lease commencing from 2022,15,Rest of Central Region,16 to 20
COTE D'AZUR,"3,575,000","1,679.18","2,129",Jun-26,MARINE PARADE ROAD,Resale,Strata,156,"22,917",-,Condominium,1,99 yrs lease commencing from 2001,15,Rest of Central Region,16 to 20
SERAYA 9,"1,035,000",559.73,"1,849",Jun-26,SERAYA LANE,Resale,Strata,52,"19,904",-,Apartment,1,Freehold,15,Rest of Central Region,01 to 05
NEPTUNE COURT,"1,250,000","1,270.15",984,Jun-26,MARINE VISTA,Resale,Strata,118,"10,593",-,Apartment,1,99 yrs lease commencing from 1976,15,Outside Central Region,11 to 15
AURA 83,"2,350,000","1,593.07","1,475",Jun-26,DUKU ROAD,Resale,Strata,148,"15,878",-,Apartment,1,Freehold,15,Rest of Central Region,01 to 05
AMBER HOUSE,"3,747,438","1,216.33","3,081",Jun-26,AMBER GARDENS,New Sale,Strata,113,"33,163",-,Apartment,1,Freehold,15,Rest of Central Region,11 to 15
THE CONTINUUM,"5,473,000","2,034.4","2,690",May-26,THIAM SIEW AVENUE,New Sale,Strata,189,"28,958",-,Apartment,1,Freehold,15,Rest of Central Region,16 to 20
PINEHURST CONDOMINIUM,"2,450,000","1,528.49","1,603",May-26,LORONG L TELOK KURAU,Resale,Strata,142,"17,254",-,Condominium,1,Freehold,15,Outside Central Region,01 to 05
THE CONTINUUM,"3,753,000","1,248.62","3,006",May-26,THIAM SIEW AVENUE,New Sale,Strata,116,"32,353",-,Apartment,1,Freehold,15,Rest of Central Region,11 to 15
TIERRA VUE,"1,980,000",947.23,"2,090",May-26,ST. PATRICK'S ROAD,Resale,Strata,88,"22,500",-,Condominium,1,Freehold,15,Outside Central Region,01 to 05
COTE D'AZUR,"2,050,000","1,151.75","1,780",May-26,MARINE PARADE ROAD,Resale,Strata,107,"19,159",-,Condominium,1,99 yrs lease commencing from 2001,15,Rest of Central Region,06 to 10
NEPTUNE COURT,"1,800,000","1,636.13","1,100",May-26,MARINE VISTA,Resale,Strata,152,"11,842",-,Apartment,1,99 yrs lease commencing from 1975,15,Outside Central Region,11 to 15
BUTTERWORTH 8,"3,600,000","1,776.06","2,027",May-26,BUTTERWORTH LANE,Resale,Strata,165,"21,818",-,Condominium,1,Freehold,15,Rest of Central Region,11 to 15
ONE AMBER,"2,430,000",958,"2,537",May-26,AMBER GARDENS,Resale,Strata,89,"27,303",-,Condominium,1,Freehold,15,Rest of Central Region,21 to 25
THE SEAFRONT ON MEYER,"2,728,000","1,065.64","2,560",May-26,MEYER ROAD,Resale,Strata,99,"27,556",-,Condominium,1,Freehold,15,Rest of Central Region,06 to 10
SERAYA 9,"1,550,000",796.54,"1,946",May-26,SERAYA LANE,Resale,Strata,74,"20,946",-,Apartment,1,Freehold,15,Rest of Central Region,01 to 05
EASTWIND MANSIONS,"2,000,000","1,345.5","1,486",May-26,JOO CHIAT TERRACE,Resale,Strata,125,"16,000",-,Apartment,1,Freehold,15,Rest of Central Region,01 to 05
AMBER PARK,"3,800,000","1,302.44","2,918",May-26,AMBER GARDENS,Resale,Strata,121,"31,405",-,Condominium,1,Freehold,15,Rest of Central Region,11 to 15
THE CONTINUUM,"3,555,000","1,237.86","2,872",May-26,THIAM SIEW AVENUE,New Sale,Strata,115,"30,913",-,Apartment,1,Freehold,15,Rest of Central Region,06 to 10
THE MEYERISE,"3,580,000","1,280.92","2,795",May-26,MEYER ROAD,Resale,Strata,119,"30,084",-,Condominium,1,Freehold,15,Rest of Central Region,16 to 20
CHELSEA LODGE,"1,560,000",958,"1,628",May-26,TANJONG KATONG ROAD,Resale,Strata,89,"17,528",-,Apartment,1,Freehold,15,Rest of Central Region,01 to 05
AMBER 45,"1,860,000",699.66,"2,658",May-26,AMBER ROAD,Resale,Strata,65,"28,615",-,Apartment,1,Freehold,15,Rest of Central Region,01 to 05
THE GRANDIFLORA,"2,100,000","1,614.6","1,301",May-26,LORONG L TELOK KURAU,Resale,Strata,150,"14,000",-,Apartment,1,Freehold,15,Outside Central Region,01 to 05
11 AMBER ROAD,"3,510,000","1,506.96","2,329",May-26,AMBER ROAD,Resale,Strata,140,"25,071",-,Apartment,1,Freehold,15,Rest of Central Region,06 to 10
AMBER 45,"3,118,000","1,130.22","2,759",May-26,AMBER ROAD,Resale,Strata,105,"29,695",-,Apartment,1,Freehold,15,Rest of Central Region,06 to 10
POSHGROVE EAST,"2,680,000","1,431.61","1,872",May-26,EAST COAST ROAD,Resale,Strata,133,"20,150",-,Condominium,1,Freehold,15,Outside Central Region,01 to 05
THE NCLAVE,"1,250,000",731.95,"1,708",May-26,LORONG N TELOK KURAU,Resale,Strata,68,"18,382",-,Apartment,1,Freehold,15,Outside Central Region,01 to 05
CADENCE LIGHT,"1,450,000",850.36,"1,705",May-26,TELOK KURAU ROAD,Resale,Strata,79,"18,354",-,Apartment,1,Freehold,15,Outside Central Region,01 to 05
BUTTERWORTH 8,"2,580,000","1,313.21","1,965",May-26,BUTTERWORTH LANE,Resale,Strata,122,"21,148",-,Condominium,1,Freehold,15,Rest of Central Region,06 to 10
EAST PALM,"2,100,000","1,162.51","1,806",May-26,PALM ROAD,Resale,Strata,108,"19,444",-,Apartment,1,Freehold,15,Outside Central Region,01 to 05
ASPEN LOFT,"1,620,000","1,011.82","1,601",May-26,JOO CHIAT TERRACE,Resale,Strata,94,"17,234",-,Apartment,1,Freehold,15,Rest of Central Region,01 to 05
COTE D'AZUR,"2,198,000","1,108.69","1,983",May-26,MARINE PARADE ROAD,Resale,Strata,103,"21,340",-,Condominium,1,99 yrs lease commencing from 2001,15,Rest of Central Region,16 to 20
THE ESPIRA,"1,850,000","1,054.87","1,754",May-26,LORONG L TELOK KURAU,Resale,Strata,98,"18,878",-,Apartment,1,Freehold,15,Outside Central Region,01 to 05
VILLA MARTIA,"2,038,000","1,108.69","1,838",May-26,MARTIA ROAD,Resale,Strata,103,"19,786",-,Condominium,1,Freehold,15,Outside Central Region,01 to 05
THE CONTINUUM,"3,649,000","1,302.44","2,802",May-26,THIAM SIEW AVENUE,New Sale,Strata,121,"30,157",-,Apartment,1,Freehold,15,Rest of Central Region,16 to 20
THE CONTINUUM,"4,515,000","1,689.95","2,672",May-26,THIAM SIEW AVENUE,New Sale,Strata,157,"28,758",-,Apartment,1,Freehold,15,Rest of Central Region,01 to 05
ARDOR RESIDENCE,"2,118,000",861.12,"2,460",May-26,HAIG ROAD,New Sale,Strata,80,"26,475",-,Apartment,1,Freehold,15,Rest of Central Region,01 to 05
PEBBLE BAY,"4,310,000","2,335.79","1,845",May-26,TANJONG RHU ROAD,Resale,Strata,217,"19,862",-,Condominium,1,99 yrs lease commencing from 1994,15,Rest of Central Region,11 to 15
CANARY VILLE,"1,780,000","1,087.16","1,637",May-26,LORONG J TELOK KURAU,Resale,Strata,101,"17,624",-,Apartment,1,Freehold,15,Outside Central Region,01 to 05
HAIG COURT,"2,168,000","1,076.4","2,014",May-26,HAIG ROAD,Resale,Strata,100,"21,680",-,Condominium,1,Freehold,15,Rest of Central Region,01 to 05
PARADISE PALMS,"2,538,000","1,184.04","2,144",May-26,DUNMAN ROAD,Resale,Strata,110,"23,073",-,Apartment,1,Freehold,15,Rest of Central Region,06 to 10
AALTO,"3,980,000","1,442.38","2,759",May-26,MEYER ROAD,Resale,Strata,134,"29,701",-,Condominium,1,Freehold,15,Rest of Central Region,06 to 10
MEYER MANSION,"4,350,000","1,722.24","2,526",May-26,MEYER ROAD,Resale,Strata,160,"27,188",-,Apartment,1,Freehold,15,Rest of Central Region,01 to 05
SANCTUARY GREEN,"2,300,000","1,356.26","1,696",May-26,TANJONG RHU ROAD,Resale,Strata,126,"18,254",-,Condominium,1,99 yrs lease commencing from 1997,15,Rest of Central Region,11 to 15
MERIDIAN 38,"1,828,000","1,151.75","1,587",May-26,LORONG M TELOK KURAU,Resale,Strata,107,"17,084",-,Apartment,1,Freehold,15,Outside Central Region,01 to 05
HAIG COURT,"3,090,000","1,453.14","2,126",May-26,HAIG ROAD,Resale,Strata,135,"22,889",-,Condominium,1,Freehold,15,Rest of Central Region,01 to 05
16 @ AMBER,"830,000",419.8,"1,977",May-26,AMBER ROAD,Resale,Strata,39,"21,282",-,Apartment,1,Freehold,15,Rest of Central Region,06 to 10
THE CONTINUUM,"1,480,000",559.73,"2,644",May-26,THIAM SIEW AVENUE,New Sale,Strata,52,"28,462",-,Apartment,1,Freehold,15,Rest of Central Region,11 to 15
PALM OASIS,"1,310,000",742.72,"1,764",May-26,LORONG H TELOK KURAU,Resale,Strata,69,"18,986",-,Apartment,1,Freehold,15,Outside Central Region,01 to 05
PALM GALLERIA,"1,600,000","1,001.05","1,598",May-26,LORONG K TELOK KURAU,Resale,Strata,93,"17,204",-,Apartment,1,Freehold,15,Outside Central Region,01 to 05
THE VANDERLINT,"810,000",462.85,"1,750",May-26,CEYLON ROAD,Resale,Strata,43,"18,837",-,Apartment,1,Freehold,15,Rest of Central Region,01 to 05
HAIG COURT,"3,250,000","1,442.38","2,253",May-26,HAIG ROAD,Resale,Strata,134,"24,254",-,Condominium,1,Freehold,15,Rest of Central Region,11 to 15
THE SERENNIA,"500,000",645.84,774,May-26,PULASAN ROAD,Resale,Strata,60,"8,333",-,Apartment,1,Freehold,15,Rest of Central Region,01 to 05
MANDARIN GARDENS,"970,000",731.95,"1,325",May-26,SIGLAP ROAD,Resale,Strata,68,"14,265",-,Condominium,1,99 yrs lease commencing from 1982,15,Outside Central Region,11 to 15
LAGOON VIEW,"1,890,888","1,646.89","1,148",May-26,MARINE PARADE ROAD,Resale,Strata,153,"12,359",-,Apartment,1,99 yrs lease commencing from 1977,15,Outside Central Region,01 to 05
THE SOUND,"1,330,000",602.78,"2,206",May-26,EAST COAST ROAD,Resale,Strata,56,"23,750",-,Condominium,1,Freehold,15,Outside Central Region,01 to 05
FULCRUM,"1,150,000",473.62,"2,428",May-26,FORT ROAD,Resale,Strata,44,"26,136",-,Condominium,1,Freehold,15,Rest of Central Region,11 to 15
WATER PLACE,"2,200,000","1,216.33","1,809",May-26,TANJONG RHU ROAD,Resale,Strata,113,"19,469",-,Condominium,1,99 yrs lease commencing from 1998,15,Rest of Central Region,01 to 05
ARINA EAST RESIDENCES,"2,409,000",796.54,"3,024",May-26,TANJONG RHU ROAD,New Sale,Strata,74,"32,554",-,Apartment,1,Freehold,15,Rest of Central Region,11 to 15
MEYER BLUE,"5,573,000","1,733","3,216",May-26,MEYER ROAD,New Sale,Strata,161,"34,615",-,Apartment,1,Freehold,15,Rest of Central Region,11 to 15
LAGOON VIEW,"1,838,000","1,646.89","1,116",May-26,MARINE PARADE ROAD,Resale,Strata,153,"12,013",-,Apartment,1,99 yrs lease commencing from 1977,15,Outside Central Region,16 to 20
TEMBUSU GRAND,"3,380,000","1,173.28","2,881",May-26,JALAN TEMBUSU,Sub Sale,Strata,109,"31,009",-,Condominium,1,99 yrs lease commencing from 2022,15,Rest of Central Region,16 to 20
AURALIS,"1,320,000",731.95,"1,803",May-26,EAST COAST ROAD,Resale,Strata,68,"19,412",-,Apartment,1,Freehold,15,Outside Central Region,01 to 05
THE CONTINUUM,"1,480,000",559.73,"2,644",May-26,THIAM SIEW AVENUE,New Sale,Strata,52,"28,462",-,Apartment,1,Freehold,15,Rest of Central Region,16 to 20
AMBER HOUSE,"5,408,000","1,743.77","3,101",May-26,AMBER GARDENS,New Sale,Strata,162,"33,383",-,Apartment,1,Freehold,15,Rest of Central Region,11 to 15
THE CONTINUUM,"4,636,000","1,689.95","2,743",May-26,THIAM SIEW AVENUE,New Sale,Strata,157,"29,529",-,Apartment,1,Freehold,15,Rest of Central Region,06 to 10
AMBER PARK,"2,128,000",699.66,"3,041",May-26,AMBER GARDENS,Resale,Strata,65,"32,738",-,Condominium,1,Freehold,15,Rest of Central Region,11 to 15
THE CONTINUUM,"3,736,000","1,248.62","2,992",May-26,THIAM SIEW AVENUE,New Sale,Strata,116,"32,207",-,Apartment,1,Freehold,15,Rest of Central Region,11 to 15
AMBER HOUSE,"3,156,118",979.52,"3,222",May-26,AMBER GARDENS,New Sale,Strata,91,"34,683",-,Apartment,1,Freehold,15,Rest of Central Region,11 to 15
AMBER 45,"1,950,000",699.66,"2,787",May-26,AMBER ROAD,Resale,Strata,65,"30,000",-,Apartment,1,Freehold,15,Rest of Central Region,11 to 15
THE CONTINUUM,"1,480,000",559.73,"2,644",May-26,THIAM SIEW AVENUE,New Sale,Strata,52,"28,462",-,Apartment,1,Freehold,15,Rest of Central Region,16 to 20
THE CONTINUUM,"3,584,000","1,302.44","2,752",May-26,THIAM SIEW AVENUE,New Sale,Strata,121,"29,620",-,Apartment,1,Freehold,15,Rest of Central Region,16 to 20
AMBER PARK,"4,450,000","1,571.54","2,832",May-26,AMBER GARDENS,Resale,Strata,146,"30,479",-,Condominium,1,Freehold,15,Rest of Central Region,06 to 10
CORALIS,"1,000,000",495.14,"2,020",May-26,JOO CHIAT ROAD,Resale,Strata,46,"21,739",-,Condominium,1,Freehold,15,Rest of Central Region,01 to 05
SEASIDE RESIDENCES,"2,030,000",785.77,"2,583",May-26,SIGLAP LINK,Resale,Strata,73,"27,808",-,Apartment,1,99 yrs lease commencing from 2016,15,Outside Central Region,11 to 15
SEASIDE RESIDENCES,"1,510,000",678.13,"2,227",May-26,SIGLAP LINK,Resale,Strata,63,"23,968",-,Apartment,1,99 yrs lease commencing from 2016,15,Outside Central Region,16 to 20
FLAMINGO VALLEY,"2,255,000","1,205.57","1,870",May-26,SIGLAP ROAD,Resale,Strata,112,"20,134",-,Condominium,1,Freehold,15,Outside Central Region,01 to 05
ONE MEYER,"1,700,000",613.55,"2,771",May-26,MEYER PLACE,Resale,Strata,57,"29,825",-,Apartment,1,Freehold,15,Rest of Central Region,11 to 15
COTE D'AZUR,"1,500,000",839.59,"1,787",May-26,MARINE PARADE ROAD,Resale,Strata,78,"19,231",-,Condominium,1,99 yrs lease commencing from 2001,15,Rest of Central Region,11 to 15
ARINA EAST RESIDENCES,"2,425,000",796.54,"3,044",May-26,TANJONG RHU ROAD,New Sale,Strata,74,"32,770",-,Apartment,1,Freehold,15,Rest of Central Region,16 to 20
BUTTERWORTH 8,"2,780,000","1,313.21","2,117",May-26,BUTTERWORTH LANE,Resale,Strata,122,"22,787",-,Condominium,1,Freehold,15,Rest of Central Region,06 to 10
TEMBUSU GRAND,"2,850,000",990.29,"2,878",May-26,JALAN TEMBUSU,Sub Sale,Strata,92,"30,978",-,Condominium,1,99 yrs lease commencing from 2022,15,Rest of Central Region,16 to 20
ALPHA APARTMENTS,"2,650,000","2,464.96","1,075",May-26,KOON SENG ROAD,Resale,Strata,229,"11,572",-,Apartment,1,Freehold,15,Rest of Central Region,01 to 05
SILVERSEA,"3,700,000","1,689.95","2,189",May-26,MARINE PARADE ROAD,Resale,Strata,157,"23,567",-,Condominium,1,99 yrs lease commencing from 2007,15,Rest of Central Region,11 to 15
MANDARIN GARDENS,"938,000",731.95,"1,282",May-26,SIGLAP ROAD,Resale,Strata,68,"13,794",-,Condominium,1,99 yrs lease commencing from 1982,15,Outside Central Region,01 to 05
PEBBLE BAY,"3,314,500","1,894.46","1,750",May-26,TANJONG RHU ROAD,Resale,Strata,176,"18,832",-,Condominium,1,99 yrs lease commencing from 1994,15,Rest of Central Region,01 to 05
THE CONTINUUM,"4,668,000","1,689.95","2,762",May-26,THIAM SIEW AVENUE,New Sale,Strata,157,"29,732",-,Apartment,1,Freehold,15,Rest of Central Region,11 to 15
TEMBUSU GRAND,"1,810,000",667.37,"2,712",May-26,JALAN TEMBUSU,Sub Sale,Strata,62,"29,194",-,Condominium,1,99 yrs lease commencing from 2022,15,Rest of Central Region,01 to 05
TEMBUSU GRAND,"4,080,000","1,431.61","2,850",May-26,JALAN TEMBUSU,Sub Sale,Strata,133,"30,677",-,Condominium,1,99 yrs lease commencing from 2022,15,Rest of Central Region,16 to 20
LIV @ MB,"3,420,000","1,280.92","2,670",May-26,ARTHUR ROAD,Sub Sale,Strata,119,"28,739",-,Condominium,1,99 yrs lease commencing from 2021,15,Rest of Central Region,11 to 15
CENTRINA,"1,125,000",775.01,"1,452",May-26,EVERITT ROAD NORTH,Resale,Strata,72,"15,625",-,Apartment,1,Freehold,15,Rest of Central Region,01 to 05
THE MAKENA,"3,848,000","1,636.13","2,352",May-26,MEYER ROAD,Resale,Strata,152,"25,316",-,Condominium,1,Freehold,15,Rest of Central Region,21 to 25
AMBER 45,"3,200,000","1,130.22","2,831",May-26,AMBER ROAD,Resale,Strata,105,"30,476",-,Apartment,1,Freehold,15,Rest of Central Region,11 to 15
ONE AMBER,"2,220,000","1,323.97","1,677",May-26,AMBER GARDENS,Resale,Strata,123,"18,049",-,Condominium,1,Freehold,15,Rest of Central Region,01 to 05
MANDARIN GARDENS,"2,188,000","1,786.82","1,225",May-26,SIGLAP ROAD,Resale,Strata,166,"13,181",-,Condominium,1,99 yrs lease commencing from 1982,15,Outside Central Region,01 to 05
AMBER PARK,"3,333,000","1,108.69","3,006",May-26,AMBER GARDENS,Resale,Strata,103,"32,359",-,Condominium,1,Freehold,15,Rest of Central Region,06 to 10
SILVERSEA,"3,120,000","1,506.96","2,070",May-26,MARINE PARADE ROAD,Resale,Strata,140,"22,286",-,Condominium,1,99 yrs lease commencing from 2007,15,Rest of Central Region,01 to 05
THE CONTINUUM,"1,480,000",559.73,"2,644",May-26,THIAM SIEW AVENUE,New Sale,Strata,52,"28,462",-,Apartment,1,Freehold,15,Rest of Central Region,11 to 15
THE CONTINUUM,"1,480,000",559.73,"2,644",May-26,THIAM SIEW AVENUE,New Sale,Strata,52,"28,462",-,Apartment,1,Freehold,15,Rest of Central Region,16 to 20
THE SHORE RESIDENCES,"2,005,000",893.41,"2,244",May-26,AMBER ROAD,Resale,Strata,83,"24,157",-,Condominium,1,103 yrs lease commencing from 2009,15,Rest of Central Region,16 to 20
TEMBUSU GRAND,"2,820,000",990.29,"2,848",May-26,JALAN TEMBUSU,Sub Sale,Strata,92,"30,652",-,Condominium,1,99 yrs lease commencing from 2022,15,Rest of Central Region,06 to 10
TEMBUSU GRAND,"2,820,000",990.29,"2,848",May-26,JALAN TEMBUSU,Sub Sale,Strata,92,"30,652",-,Condominium,1,99 yrs lease commencing from 2022,15,Rest of Central Region,11 to 15
SIGLAP V,"1,370,000","1,044.11","1,312",May-26,FIRST STREET,Resale,Strata,97,"14,124",-,Apartment,1,Freehold,15,Outside Central Region,01 to 05
THE MEYERISE,"3,483,000","1,313.21","2,652",May-26,MEYER ROAD,Resale,Strata,122,"28,549",-,Condominium,1,Freehold,15,Rest of Central Region,11 to 15
NYON,"1,100,000",484.38,"2,271",May-26,AMBER ROAD,Resale,Strata,45,"24,444",-,Apartment,1,Freehold,15,Rest of Central Region,06 to 10
PARC ELEGANCE,"696,000",452.09,"1,540",May-26,TELOK KURAU ROAD,Resale,Strata,42,"16,571",-,Apartment,1,Freehold,15,Outside Central Region,01 to 05
LAGUNA PARK,"1,840,000","1,614.6","1,140",May-26,MARINE PARADE ROAD,Resale,Strata,150,"12,267",-,Apartment,1,99 yrs lease commencing from 1977,15,Outside Central Region,11 to 15
GRAND DUNMAN,"5,168,000","2,131.27","2,425",May-26,DUNMAN ROAD,New Sale,Strata,198,"26,101",-,Apartment,1,99 yrs lease commencing from 2022,15,Rest of Central Region,01 to 05
THE CONTINUUM,"4,862,000","1,689.95","2,877",May-26,THIAM SIEW AVENUE,New Sale,Strata,157,"30,968",-,Apartment,1,Freehold,15,Rest of Central Region,06 to 10
THE CONTINUUM,"3,578,000","1,248.62","2,866",May-26,THIAM SIEW AVENUE,New Sale,Strata,116,"30,845",-,Apartment,1,Freehold,15,Rest of Central Region,11 to 15
MEYER BLUE,"4,757,000","1,528.49","3,112",May-26,MEYER ROAD,New Sale,Strata,142,"33,500",-,Apartment,1,Freehold,15,Rest of Central Region,06 to 10
CASTLE LOFT,"1,780,000","1,173.28","1,517",May-26,LORONG K TELOK KURAU,Resale,Strata,109,"16,330",-,Apartment,1,Freehold,15,Outside Central Region,01 to 05
LIV @ MB,"2,350,000",990.29,"2,373",May-26,ARTHUR ROAD,Sub Sale,Strata,92,"25,543",-,Condominium,1,99 yrs lease commencing from 2021,15,Rest of Central Region,01 to 05
THE ATRIA AT MEYER,"3,480,000","1,345.5","2,586",May-26,MEYER ROAD,Resale,Strata,125,"27,840",-,Condominium,1,Freehold,15,Rest of Central Region,16 to 20
THE SEAWIND,"2,000,000",914.94,"2,186",May-26,LORONG M TELOK KURAU,Resale,Strata,85,"23,529",-,Condominium,1,Freehold,15,Outside Central Region,01 to 05
SEASIDE RESIDENCES,"1,830,000",785.77,"2,329",May-26,SIGLAP LINK,Resale,Strata,73,"25,068",-,Apartment,1,99 yrs lease commencing from 2016,15,Outside Central Region,01 to 05
BELLEZZA @ KATONG,"1,038,000",592.02,"1,753",May-26,CEYLON ROAD,Resale,Strata,55,"18,873",-,Apartment,1,Freehold,15,Rest of Central Region,01 to 05
JERSEY LODGE,"1,419,999",936.47,"1,516",May-26,LORONG J TELOK KURAU,Resale,Strata,87,"16,322",-,Apartment,1,Freehold,15,Outside Central Region,01 to 05
GRAND DUNMAN,"4,585,000","1,786.82","2,566",May-26,DUNMAN ROAD,New Sale,Strata,166,"27,620",-,Apartment,1,99 yrs lease commencing from 2022,15,Rest of Central Region,11 to 15
GRAND DUNMAN,"6,020,000","2,615.65","2,302",May-26,DUNMAN ROAD,New Sale,Strata,243,"24,774",-,Apartment,1,99 yrs lease commencing from 2022,15,Rest of Central Region,16 to 20
MANDARIN GARDENS,"900,000",731.95,"1,230",May-26,SIGLAP ROAD,Resale,Strata,68,"13,235",-,Condominium,1,99 yrs lease commencing from 1982,15,Outside Central Region,16 to 20
COTE D'AZUR,"2,630,000","1,550.02","1,697",May-26,MARINE PARADE ROAD,Resale,Strata,144,"18,264",-,Condominium,1,99 yrs lease commencing from 2001,15,Rest of Central Region,01 to 05
WATER PLACE,"2,520,000","1,280.92","1,967",May-26,TANJONG RHU ROAD,Resale,Strata,119,"21,176",-,Condominium,1,99 yrs lease commencing from 1998,15,Rest of Central Region,16 to 20
SEASIDE RESIDENCES,"960,000",419.8,"2,287",May-26,SIGLAP LINK,Resale,Strata,39,"24,615",-,Apartment,1,99 yrs lease commencing from 2016,15,Outside Central Region,01 to 05
PALM GALLERIA,"1,660,000","1,001.05","1,658",May-26,LORONG K TELOK KURAU,Resale,Strata,93,"17,849",-,Apartment,1,Freehold,15,Outside Central Region,01 to 05
TEMBUSU GRAND,"2,820,000",990.29,"2,848",May-26,JALAN TEMBUSU,Sub Sale,Strata,92,"30,652",-,Condominium,1,99 yrs lease commencing from 2022,15,Rest of Central Region,11 to 15
TEMBUSU GRAND,"3,970,000","1,431.61","2,773",May-26,JALAN TEMBUSU,Sub Sale,Strata,133,"29,850",-,Condominium,1,99 yrs lease commencing from 2022,15,Rest of Central Region,16 to 20
VERSAILLES,"1,080,000","1,388.56",778,May-26,HEMMANT ROAD,Resale,Strata,129,"8,372",-,Condominium,1,Freehold,15,Rest of Central Region,01 to 05
THE CONTINUUM,"3,651,000","1,237.86","2,949",May-26,THIAM SIEW AVENUE,New Sale,Strata,115,"31,748",-,Apartment,1,Freehold,15,Rest of Central Region,11 to 15
THE CONTINUUM,"5,082,000","1,689.95","3,007",May-26,THIAM SIEW AVENUE,New Sale,Strata,157,"32,369",-,Apartment,1,Freehold,15,Rest of Central Region,11 to 15
TEMBUSU GRAND,"2,000,000",742.72,"2,693",May-26,JALAN TEMBUSU,Sub Sale,Strata,69,"28,986",-,Condominium,1,99 yrs lease commencing from 2022,15,Rest of Central Region,11 to 15
MANDARIN GARDENS,"1,980,000","1,786.82","1,108",May-26,SIGLAP ROAD,Resale,Strata,166,"11,928",-,Condominium,1,99 yrs lease commencing from 1982,15,Outside Central Region,01 to 05
DUNMAN PLACE,"2,608,000","1,291.68","2,019",May-26,DUNMAN ROAD,Resale,Strata,120,"21,733",-,Apartment,1,Freehold,15,Rest of Central Region,11 to 15
THE LINE @ TANJONG RHU,"1,080,000",419.8,"2,573",May-26,TANJONG RHU ROAD,Resale,Strata,39,"27,692",-,Condominium,1,Freehold,15,Rest of Central Region,16 to 20
THE SHORE RESIDENCES,"1,960,000",893.41,"2,194",May-26,AMBER ROAD,Resale,Strata,83,"23,614",-,Condominium,1,103 yrs lease commencing from 2009,15,Rest of Central Region,16 to 20
SILVERSEA,"2,130,000",979.52,"2,175",May-26,MARINE PARADE ROAD,Resale,Strata,91,"23,407",-,Condominium,1,99 yrs lease commencing from 2007,15,Rest of Central Region,06 to 10
CLAYDENCE,"3,282,500","1,313.21","2,500",May-26,STILL ROAD,New Sale,Strata,122,"26,906",-,Apartment,1,Freehold,15,Rest of Central Region,01 to 05
THE CARPMAELINA,"2,028,888","1,194.8","1,698",May-26,CARPMAEL ROAD,Resale,Strata,111,"18,278",-,Condominium,1,Freehold,15,Rest of Central Region,01 to 05
ARINA EAST RESIDENCES,"1,983,000",678.13,"2,924",May-26,TANJONG RHU ROAD,New Sale,Strata,63,"31,476",-,Apartment,1,Freehold,15,Rest of Central Region,11 to 15
MEYER BLUE,"5,460,000","1,733","3,151",May-26,MEYER ROAD,New Sale,Strata,161,"33,913",-,Apartment,1,Freehold,15,Rest of Central Region,06 to 10
SUITES @ AMBER,"1,900,000",947.23,"2,006",May-26,AMBER ROAD,Resale,Strata,88,"21,591",-,Apartment,1,Freehold,15,Rest of Central Region,01 to 05
THE CONTINUUM,"1,480,000",559.73,"2,644",May-26,THIAM SIEW AVENUE,New Sale,Strata,52,"28,462",-,Apartment,1,Freehold,15,Rest of Central Region,16 to 20
THE WATERSIDE,"6,050,000","2,432.66","2,487",Apr-26,TANJONG RHU ROAD,Resale,Strata,226,"26,770",-,Condominium,1,Freehold,15,Rest of Central Region,21 to 25
HAIG 162,"710,000",365.98,"1,940",Apr-26,HAIG ROAD,Resale,Strata,34,"20,882",-,Apartment,1,Freehold,15,Rest of Central Region,11 to 15
WATER PLACE,"2,470,000","1,356.26","1,821",Apr-26,TANJONG RHU ROAD,Resale,Strata,126,"19,603",-,Condominium,1,99 yrs lease commencing from 1998,15,Rest of Central Region,11 to 15
K SUITES,"2,650,000","1,076.4","2,462",Apr-26,LORONG K TELOK KURAU,New Sale,Strata,100,"26,500",-,Apartment,1,Freehold,15,Outside Central Region,01 to 05
THE CONTINUUM,"4,980,000","1,689.95","2,947",Apr-26,THIAM SIEW AVENUE,New Sale,Strata,157,"31,720",-,Apartment,1,Freehold,15,Rest of Central Region,11 to 15
THE CONTINUUM,"3,584,000","1,302.44","2,752",Apr-26,THIAM SIEW AVENUE,New Sale,Strata,121,"29,620",-,Apartment,1,Freehold,15,Rest of Central Region,16 to 20
MEYER BLUE,"4,559,000","1,517.72","3,004",Apr-26,MEYER ROAD,New Sale,Strata,141,"32,333",-,Apartment,1,Freehold,15,Rest of Central Region,01 to 05
MEYER BLUE,"5,662,000","1,733","3,267",Apr-26,MEYER ROAD,New Sale,Strata,161,"35,168",-,Apartment,1,Freehold,15,Rest of Central Region,16 to 20
KATONG GARDENS,"3,780,000","1,948.28","1,940",Apr-26,TEMBELING ROAD,Resale,Strata,181,"20,884",-,Condominium,1,Freehold,15,Rest of Central Region,01 to 05
THE AMBRA,"2,100,000","1,216.33","1,727",Apr-26,LORONG H TELOK KURAU,Resale,Strata,113,"18,584",-,Apartment,1,Freehold,15,Outside Central Region,01 to 05
SANCTUARY GREEN,"2,138,000","1,151.75","1,856",Apr-26,TANJONG RHU ROAD,Resale,Strata,107,"19,981",-,Condominium,1,99 yrs lease commencing from 1997,15,Rest of Central Region,06 to 10
COSTA RHU,"2,200,000","1,334.74","1,648",Apr-26,RHU CROSS,Resale,Strata,124,"17,742",-,Condominium,1,99 yrs lease commencing from 1994,15,Rest of Central Region,06 to 10
THE CONTINUUM,"3,822,000","1,248.62","3,061",Apr-26,THIAM SIEW AVENUE,New Sale,Strata,116,"32,948",-,Apartment,1,Freehold,15,Rest of Central Region,16 to 20
ARINA EAST RESIDENCES,"2,422,000",796.54,"3,041",Apr-26,TANJONG RHU ROAD,New Sale,Strata,74,"32,730",-,Apartment,1,Freehold,15,Rest of Central Region,16 to 20
MEYER BLUE,"5,528,000","1,733","3,190",Apr-26,MEYER ROAD,New Sale,Strata,161,"34,335",-,Apartment,1,Freehold,15,Rest of Central Region,11 to 15
MANDARIN GARDENS,"2,212,000","1,571.54","1,408",Apr-26,SIGLAP ROAD,Resale,Strata,146,"15,151",-,Condominium,1,99 yrs lease commencing from 1982,15,Outside Central Region,16 to 20
NEPTUNE COURT,"1,320,000","1,270.15","1,039",Apr-26,MARINE VISTA,Resale,Strata,118,"11,186",-,Apartment,1,99 yrs lease commencing from 1976,15,Outside Central Region,16 to 20
ESPIRA SUITES,"832,800",495.14,"1,682",Apr-26,LORONG H TELOK KURAU,Resale,Strata,46,"18,104",-,Apartment,1,Freehold,15,Outside Central Region,01 to 05
THE CONTINUUM,"5,333,000","1,905.23","2,799",Apr-26,THIAM SIEW AVENUE,New Sale,Strata,177,"30,130",-,Apartment,1,Freehold,15,Rest of Central Region,06 to 10
THE CONTINUUM,"3,584,000","1,302.44","2,752",Apr-26,THIAM SIEW AVENUE,New Sale,Strata,121,"29,620",-,Apartment,1,Freehold,15,Rest of Central Region,16 to 20
THE CONTINUUM,"1,480,000",559.73,"2,644",Apr-26,THIAM SIEW AVENUE,New Sale,Strata,52,"28,462",-,Apartment,1,Freehold,15,Rest of Central Region,16 to 20
AMBER PARK,"3,850,000","1,302.44","2,956",Apr-26,AMBER GARDENS,Resale,Strata,121,"31,818",-,Condominium,1,Freehold,15,Rest of Central Region,16 to 20
BUTTERWORTH 33,"2,520,000","1,388.56","1,815",Apr-26,BUTTERWORTH LANE,Resale,Strata,129,"19,535",-,Apartment,1,Freehold,15,Rest of Central Region,01 to 05
8M RESIDENCES,"1,838,000",775.01,"2,372",Apr-26,MARGATE ROAD,Resale,Strata,72,"25,528",-,Apartment,1,Freehold,15,Rest of Central Region,06 to 10
THE CONTINUUM,"3,050,000","1,065.64","2,862",Apr-26,THIAM SIEW AVENUE,New Sale,Strata,99,"30,808",-,Apartment,1,Freehold,15,Rest of Central Region,11 to 15
THE CONTINUUM,"3,377,000","1,280.92","2,636",Apr-26,THIAM SIEW AVENUE,New Sale,Strata,119,"28,378",-,Apartment,1,Freehold,15,Rest of Central Region,16 to 20
GRAND DUNMAN,"5,174,000","2,131.27","2,428",Apr-26,DUNMAN ROAD,New Sale,Strata,198,"26,131",-,Apartment,1,99 yrs lease commencing from 2022,15,Rest of Central Region,01 to 05
SEASIDE RESIDENCES,"1,280,000",559.73,"2,287",Apr-26,SIGLAP LINK,Resale,Strata,52,"24,615",-,Apartment,1,99 yrs lease commencing from 2016,15,Outside Central Region,16 to 20
THE SHORE RESIDENCES,"1,960,000",882.65,"2,221",Apr-26,AMBER ROAD,Resale,Strata,82,"23,902",-,Condominium,1,103 yrs lease commencing from 2009,15,Rest of Central Region,11 to 15
THE CONTINUUM,"3,502,000","1,248.62","2,805",Apr-26,THIAM SIEW AVENUE,New Sale,Strata,116,"30,190",-,Apartment,1,Freehold,15,Rest of Central Region,01 to 05
THE CONTINUUM,"1,480,000",559.73,"2,644",Apr-26,THIAM SIEW AVENUE,New Sale,Strata,52,"28,462",-,Apartment,1,Freehold,15,Rest of Central Region,16 to 20
ARINA EAST RESIDENCES,"3,188,000","1,087.16","2,932",Apr-26,TANJONG RHU ROAD,New Sale,Strata,101,"31,564",-,Apartment,1,Freehold,15,Rest of Central Region,11 to 15
GRAND DUCHESS AT ST PATRICK'S,"4,050,000","1,915.99","2,114",Apr-26,ST. PATRICK'S ROAD,Resale,Strata,178,"22,753",-,Condominium,1,Freehold,15,Outside Central Region,01 to 05
MANDARIN GARDENS,"1,800,000","1,528.49","1,178",Apr-26,SIGLAP ROAD,Resale,Strata,142,"12,676",-,Condominium,1,99 yrs lease commencing from 1982,15,Outside Central Region,01 to 05
THE CONTINUUM,"5,029,000","1,689.95","2,976",Apr-26,THIAM SIEW AVENUE,New Sale,Strata,157,"32,032",-,Apartment,1,Freehold,15,Rest of Central Region,11 to 15
ST PATRICK'S RESIDENCES,"2,600,000","1,205.57","2,157",Apr-26,ST. PATRICK'S ROAD,Resale,Strata,112,"23,214",-,Apartment,1,Freehold,15,Outside Central Region,01 to 05
CORALIS,"2,038,000",861.12,"2,367",Apr-26,JOO CHIAT ROAD,Resale,Strata,80,"25,475",-,Condominium,1,Freehold,15,Rest of Central Region,06 to 10
ARINA EAST RESIDENCES,"2,444,000",861.12,"2,838",Apr-26,TANJONG RHU ROAD,New Sale,Strata,80,"30,550",-,Apartment,1,Freehold,15,Rest of Central Region,06 to 10
MEYER BLUE,"4,753,000","1,517.72","3,132",Apr-26,MEYER ROAD,New Sale,Strata,141,"33,709",-,Apartment,1,Freehold,15,Rest of Central Region,11 to 15
THE GRANDIFLORA,"1,620,000","1,011.82","1,601",Apr-26,LORONG L TELOK KURAU,Resale,Strata,94,"17,234",-,Apartment,1,Freehold,15,Outside Central Region,01 to 05
THE LUSH,"2,360,000","1,528.49","1,544",Apr-26,DUKU ROAD,Resale,Strata,142,"16,620",-,Apartment,1,Freehold,15,Rest of Central Region,01 to 05
IMPERIAL HEIGHTS,"1,828,000","1,033.34","1,769",Apr-26,IPOH LANE,Resale,Strata,96,"19,042",-,Apartment,1,Freehold,15,Rest of Central Region,11 to 15
THE ESTA,"3,880,388","1,593.07","2,436",Apr-26,AMBER GARDENS,Resale,Strata,148,"26,219",-,Condominium,1,Freehold,15,Rest of Central Region,01 to 05
AMBER PARK,"2,750,000",947.23,"2,903",Apr-26,AMBER GARDENS,Resale,Strata,88,"31,250",-,Condominium,1,Freehold,15,Rest of Central Region,06 to 10
THE CONTINUUM,"3,486,000","1,248.62","2,792",Apr-26,THIAM SIEW AVENUE,New Sale,Strata,116,"30,052",-,Apartment,1,Freehold,15,Rest of Central Region,01 to 05
ELLIOT AT THE EAST COAST,"3,680,000","2,314.26","1,590",Apr-26,ELLIOT ROAD,Resale,Strata,215,"17,116",-,Condominium,1,Freehold,15,Outside Central Region,01 to 05
THE CONTINUUM,"3,818,000","1,248.62","3,058",Apr-26,THIAM SIEW AVENUE,New Sale,Strata,116,"32,914",-,Apartment,1,Freehold,15,Rest of Central Region,16 to 20
SUNNY PALMS,"1,620,000","1,033.34","1,568",Apr-26,LORONG G TELOK KURAU,Resale,Strata,96,"16,875",-,Condominium,1,Freehold,15,Outside Central Region,01 to 05
BAYWIND RESIDENCES,"2,300,000",968.76,"2,374",Apr-26,LORONG N TELOK KURAU,Resale,Strata,90,"25,556",-,Apartment,1,Freehold,15,Outside Central Region,01 to 05
CRESCENDO PARK,"1,500,000",850.36,"1,764",Apr-26,JALAN TUA KONG,Resale,Strata,79,"18,987",-,Condominium,1,Freehold,15,Outside Central Region,01 to 05
VERSILIA ON HAIG,"2,648,000","1,334.74","1,984",Apr-26,IPOH LANE,Resale,Strata,124,"21,355",-,Condominium,1,Freehold,15,Rest of Central Region,01 to 05
AMBER PARK,"3,235,000","1,108.69","2,918",Apr-26,AMBER GARDENS,Resale,Strata,103,"31,408",-,Condominium,1,Freehold,15,Rest of Central Region,01 to 05
WATER PLACE,"2,540,000","1,356.26","1,873",Apr-26,TANJONG RHU ROAD,Resale,Strata,126,"20,159",-,Condominium,1,99 yrs lease commencing from 1998,15,Rest of Central Region,11 to 15
THE CONTINUUM,"4,900,000","1,689.95","2,899",Apr-26,THIAM SIEW AVENUE,New Sale,Strata,157,"31,210",-,Apartment,1,Freehold,15,Rest of Central Region,06 to 10
THE CONTINUUM,"5,520,000","1,905.23","2,897",Apr-26,THIAM SIEW AVENUE,New Sale,Strata,177,"31,186",-,Apartment,1,Freehold,15,Rest of Central Region,16 to 20
AMBER PARK,"2,148,000",753.48,"2,851",Apr-26,AMBER GARDENS,Resale,Strata,70,"30,686",-,Condominium,1,Freehold,15,Rest of Central Region,01 to 05
THE ESTA,"3,750,000","1,560.78","2,403",Apr-26,AMBER GARDENS,Resale,Strata,145,"25,862",-,Condominium,1,Freehold,15,Rest of Central Region,01 to 05
38 I SUITES,"800,000",462.85,"1,728",Apr-26,IPOH LANE,Resale,Strata,43,"18,605",-,Apartment,1,Freehold,15,Rest of Central Region,06 to 10
MANDARIN GARDENS,"888,888",731.95,"1,214",Apr-26,SIGLAP ROAD,Resale,Strata,68,"13,072",-,Condominium,1,99 yrs lease commencing from 1982,15,Outside Central Region,01 to 05
SILVERSEA,"2,190,000",968.76,"2,261",Apr-26,MARINE PARADE ROAD,Resale,Strata,90,"24,333",-,Condominium,1,99 yrs lease commencing from 2007,15,Rest of Central Region,01 to 05
SILVERSEA,"3,850,000","1,646.89","2,338",Apr-26,MARINE PARADE ROAD,Resale,Strata,153,"25,163",-,Condominium,1,99 yrs lease commencing from 2007,15,Rest of Central Region,16 to 20
COSTA RHU,"4,500,000","2,238.91","2,010",Apr-26,RHU CROSS,Resale,Strata,208,"21,635",-,Condominium,1,99 yrs lease commencing from 1994,15,Rest of Central Region,06 to 10
AMBER 45,"1,830,000",699.66,"2,616",Apr-26,AMBER ROAD,Resale,Strata,65,"28,154",-,Apartment,1,Freehold,15,Rest of Central Region,01 to 05
OCEAN PARK,"4,350,000","2,109.74","2,062",Apr-26,EAST COAST ROAD,Resale,Strata,196,"22,194",-,Condominium,1,Freehold,15,Outside Central Region,16 to 20
ARINA EAST RESIDENCES,"1,291,000",495.14,"2,607",Apr-26,TANJONG RHU ROAD,New Sale,Strata,46,"28,065",-,Apartment,1,Freehold,15,Rest of Central Region,01 to 05
ARINA EAST RESIDENCES,"2,348,000",796.54,"2,948",Apr-26,TANJONG RHU ROAD,New Sale,Strata,74,"31,730",-,Apartment,1,Freehold,15,Rest of Central Region,11 to 15
ARINA EAST RESIDENCES,"3,128,000","1,087.16","2,877",Apr-26,TANJONG RHU ROAD,New Sale,Strata,101,"30,970",-,Apartment,1,Freehold,15,Rest of Central Region,06 to 10
THE SEAWIND,"2,025,000",936.47,"2,162",Apr-26,LORONG M TELOK KURAU,Resale,Strata,87,"23,276",-,Condominium,1,Freehold,15,Outside Central Region,01 to 05
THE CONTINUUM,"3,192,000","1,087.16","2,936",Apr-26,THIAM SIEW AVENUE,New Sale,Strata,101,"31,604",-,Apartment,1,Freehold,15,Rest of Central Region,01 to 05
TEMBUSU GRAND,"1,557,000",645.84,"2,411",Apr-26,JALAN TEMBUSU,New Sale,Strata,60,"25,950",-,Condominium,1,99 yrs lease commencing from 2022,15,Rest of Central Region,16 to 20
ONE AMBER,"3,065,000","1,259.39","2,434",Apr-26,AMBER GARDENS,Resale,Strata,117,"26,197",-,Condominium,1,Freehold,15,Rest of Central Region,11 to 15
THE CONTINUUM,"3,372,000","1,227.1","2,748",Apr-26,THIAM SIEW AVENUE,New Sale,Strata,114,"29,579",-,Apartment,1,Freehold,15,Rest of Central Region,01 to 05
GRAND DUNMAN,"5,616,000","2,497.25","2,249",Apr-26,DUNMAN ROAD,New Sale,Strata,232,"24,207",-,Apartment,1,99 yrs lease commencing from 2022,15,Rest of Central Region,16 to 20
ARINA EAST RESIDENCES,"1,291,000",495.14,"2,607",Apr-26,TANJONG RHU ROAD,New Sale,Strata,46,"28,065",-,Apartment,1,Freehold,15,Rest of Central Region,06 to 10
ARINA EAST RESIDENCES,"1,301,000",495.14,"2,628",Apr-26,TANJONG RHU ROAD,New Sale,Strata,46,"28,283",-,Apartment,1,Freehold,15,Rest of Central Region,11 to 15
MEYER BLUE,"5,707,000","1,733","3,293",Apr-26,MEYER ROAD,New Sale,Strata,161,"35,447",-,Apartment,1,Freehold,15,Rest of Central Region,16 to 20
K SUITES,"2,600,000","1,130.22","2,300",Apr-26,LORONG K TELOK KURAU,New Sale,Strata,105,"24,762",-,Apartment,1,Freehold,15,Outside Central Region,01 to 05
ARINA EAST RESIDENCES,"1,973,000",678.13,"2,909",Apr-26,TANJONG RHU ROAD,New Sale,Strata,63,"31,317",-,Apartment,1,Freehold,15,Rest of Central Region,11 to 15
MEYER BLUE,"4,959,000","1,517.72","3,267",Apr-26,MEYER ROAD,New Sale,Strata,141,"35,170",-,Apartment,1,Freehold,15,Rest of Central Region,16 to 20
MEYER BLUE,"5,797,000","1,733","3,345",Apr-26,MEYER ROAD,New Sale,Strata,161,"36,006",-,Apartment,1,Freehold,15,Rest of Central Region,21 to 25
THE CONTINUUM,"5,314,000","1,905.23","2,789",Apr-26,THIAM SIEW AVENUE,New Sale,Strata,177,"30,023",-,Apartment,1,Freehold,15,Rest of Central Region,06 to 10
K SUITES,"2,100,000",871.88,"2,409",Apr-26,LORONG K TELOK KURAU,New Sale,Strata,81,"25,926",-,Apartment,1,Freehold,15,Outside Central Region,01 to 05
J@63,"1,900,000","1,044.11","1,820",Apr-26,LORONG J TELOK KURAU,Sub Sale,Strata,97,"19,588",-,Apartment,1,Freehold,15,Outside Central Region,01 to 05
MEYER BLUE,"4,777,000","1,528.49","3,125",Apr-26,MEYER ROAD,New Sale,Strata,142,"33,641",-,Apartment,1,Freehold,15,Rest of Central Region,06 to 10
TEMBUSU GRAND,"1,608,000",645.84,"2,490",Apr-26,JALAN TEMBUSU,New Sale,Strata,60,"26,800",-,Condominium,1,99 yrs lease commencing from 2022,15,Rest of Central Region,21 to 25
THE BECCAGAYLE,"2,200,000","1,367.03","1,609",Apr-26,LORONG N TELOK KURAU,Resale,Strata,127,"17,323",-,Apartment,1,Freehold,15,Outside Central Region,01 to 05
ASPEN LOFT,"2,040,000","1,291.68","1,579",Apr-26,JOO CHIAT TERRACE,Resale,Strata,120,"17,000",-,Apartment,1,Freehold,15,Rest of Central Region,01 to 05
THE CONTINUUM,"3,701,000","1,248.62","2,964",Apr-26,THIAM SIEW AVENUE,New Sale,Strata,116,"31,905",-,Apartment,1,Freehold,15,Rest of Central Region,11 to 15
ARINA EAST RESIDENCES,"1,950,000",678.13,"2,876",Apr-26,TANJONG RHU ROAD,New Sale,Strata,63,"30,952",-,Apartment,1,Freehold,15,Rest of Central Region,06 to 10
PARK EAST,"3,000,000","1,722.24","1,742",Apr-26,JALAN TUA KONG,Resale,Strata,160,"18,750",-,Condominium,1,Freehold,15,Outside Central Region,01 to 05
LIV @ MB,"4,400,000","1,679.18","2,620",Apr-26,ARTHUR ROAD,Sub Sale,Strata,156,"28,205",-,Condominium,1,99 yrs lease commencing from 2021,15,Rest of Central Region,11 to 15
ONE EIGHTIES RESIDENCES,"1,010,000",559.73,"1,804",Apr-26,JOO CHIAT TERRACE,Resale,Strata,52,"19,423",-,Apartment,1,Freehold,15,Rest of Central Region,01 to 05
GRAND DUNMAN,"5,180,000","2,131.27","2,430",Apr-26,DUNMAN ROAD,New Sale,Strata,198,"26,162",-,Apartment,1,99 yrs lease commencing from 2022,15,Rest of Central Region,01 to 05
THE CONTINUUM,"3,805,000","1,248.62","3,047",Apr-26,THIAM SIEW AVENUE,New Sale,Strata,116,"32,802",-,Apartment,1,Freehold,15,Rest of Central Region,11 to 15
OLLOI,"2,100,000",947.23,"2,217",Apr-26,LORONG 101 CHANGI,Resale,Strata,88,"23,864",-,Apartment,1,Freehold,15,Rest of Central Region,01 to 05
ARINA EAST RESIDENCES,"1,301,000",495.14,"2,628",Apr-26,TANJONG RHU ROAD,New Sale,Strata,46,"28,283",-,Apartment,1,Freehold,15,Rest of Central Region,11 to 15
THE SILVER FIR,"1,100,000",602.78,"1,825",Apr-26,BUTTERWORTH LANE,Resale,Strata,56,"19,643",-,Apartment,1,Freehold,15,Rest of Central Region,06 to 10
COTE D'AZUR,"2,750,000","1,313.21","2,094",Apr-26,MARINE PARADE ROAD,Resale,Strata,122,"22,541",-,Condominium,1,99 yrs lease commencing from 2001,15,Rest of Central Region,16 to 20
THE CONTINUUM,"1,480,000",559.73,"2,644",Apr-26,THIAM SIEW AVENUE,New Sale,Strata,52,"28,462",-,Apartment,1,Freehold,15,Rest of Central Region,16 to 20
MANDARIN GARDENS,"2,020,000","1,571.54","1,285",Apr-26,SIGLAP ROAD,Resale,Strata,146,"13,836",-,Condominium,1,99 yrs lease commencing from 1982,15,Outside Central Region,11 to 15
ST PATRICK'S RESIDENCES,"3,860,000","2,464.96","1,566",Apr-26,ST. PATRICK'S ROAD,Resale,Strata,229,"16,856",-,Apartment,1,Freehold,15,Outside Central Region,01 to 05
ISUITES @ MARSHALL,"1,610,000","1,097.93","1,466",Apr-26,MARSHALL ROAD,Resale,Strata,102,"15,784",-,Apartment,1,Freehold,15,Rest of Central Region,01 to 05
THE CONTINUUM,"5,397,000","1,905.23","2,833",Apr-26,THIAM SIEW AVENUE,New Sale,Strata,177,"30,492",-,Apartment,1,Freehold,15,Rest of Central Region,11 to 15
K SUITES,"2,550,000","1,130.22","2,256",Apr-26,LORONG K TELOK KURAU,New Sale,Strata,105,"24,286",-,Apartment,1,Freehold,15,Outside Central Region,01 to 05
THE CONTINUUM,"1,378,000",559.73,"2,462",Apr-26,THIAM SIEW AVENUE,New Sale,Strata,52,"26,500",-,Apartment,1,Freehold,15,Rest of Central Region,01 to 05
MANDARIN GARDENS,"2,450,000","2,023.63","1,211",Apr-26,SIGLAP ROAD,Resale,Strata,188,"13,032",-,Condominium,1,99 yrs lease commencing from 1982,15,Outside Central Region,06 to 10
ARINA EAST RESIDENCES,"2,788,000",968.76,"2,878",Apr-26,TANJONG RHU ROAD,New Sale,Strata,90,"30,978",-,Apartment,1,Freehold,15,Rest of Central Region,16 to 20
CLAYDENCE,"1,965,000",785.77,"2,501",Apr-26,STILL ROAD,New Sale,Strata,73,"26,918",-,Apartment,1,Freehold,15,Rest of Central Region,01 to 05
SEAVIEW POINT,"3,008,888","1,388.56","2,167",Apr-26,AMBER ROAD,Resale,Strata,129,"23,325",-,Apartment,1,Freehold,15,Rest of Central Region,11 to 15
PROSPERO VILLE,"2,100,000","2,077.45","1,011",Apr-26,LORONG K TELOK KURAU,Resale,Strata,193,"10,881",-,Apartment,1,Freehold,15,Outside Central Region,01 to 05
8M RESIDENCES,"1,200,000",516.67,"2,323",Apr-26,MARGATE ROAD,Resale,Strata,48,"25,000",-,Apartment,1,Freehold,15,Rest of Central Region,11 to 15
THE SHORE RESIDENCES,"1,820,000",893.41,"2,037",Apr-26,AMBER ROAD,Resale,Strata,83,"21,928",-,Condominium,1,103 yrs lease commencing from 2009,15,Rest of Central Region,16 to 20
THE CONTINUUM,"3,020,000","1,140.98","2,647",Apr-26,THIAM SIEW AVENUE,New Sale,Strata,106,"28,491",-,Apartment,1,Freehold,15,Rest of Central Region,16 to 20
GRAND DUNMAN,"4,477,000","1,926.76","2,324",Apr-26,DUNMAN ROAD,New Sale,Strata,179,"25,011",-,Apartment,1,99 years leasehold,15,Rest of Central Region,11 to 15
THE CONTINUUM,"3,768,000","1,248.62","3,018",Apr-26,THIAM SIEW AVENUE,New Sale,Strata,116,"32,483",-,Apartment,1,Freehold,15,Rest of Central Region,11 to 15
TEMBUSU GRAND,"1,530,000",645.84,"2,369",Apr-26,JALAN TEMBUSU,New Sale,Strata,60,"25,500",-,Condominium,1,99 yrs lease commencing from 2022,15,Rest of Central Region,16 to 20
THE CONTINUUM,"5,482,000","1,905.23","2,877",Apr-26,THIAM SIEW AVENUE,New Sale,Strata,177,"30,972",-,Apartment,1,Freehold,15,Rest of Central Region,16 to 20
THE CONTINUUM,"6,150,000","2,260.44","2,721",Apr-26,THIAM SIEW AVENUE,New Sale,Strata,210,"29,286",-,Apartment,1,Freehold,15,Rest of Central Region,16 to 20
THE LINE @ TANJONG RHU,"2,690,000","1,054.87","2,550",Apr-26,TANJONG RHU ROAD,Resale,Strata,98,"27,449",-,Condominium,1,Freehold,15,Rest of Central Region,11 to 15
HAIG 162,"710,000",355.21,"1,999",Apr-26,HAIG ROAD,Resale,Strata,33,"21,515",-,Apartment,1,Freehold,15,Rest of Central Region,06 to 10
NEPTUNE COURT,"1,810,000","1,636.13","1,106",Apr-26,MARINE VISTA,Resale,Strata,152,"11,908",-,Apartment,1,99 yrs lease commencing from 1975,15,Outside Central Region,16 to 20
JOO CHIAT VERBENA,"2,120,000","1,474.67","1,438",Apr-26,JOO CHIAT PLACE,Resale,Strata,137,"15,474",-,Apartment,1,Freehold,15,Outside Central Region,01 to 05
THE CONTINUUM,"3,735,000","1,248.62","2,991",Apr-26,THIAM SIEW AVENUE,New Sale,Strata,116,"32,198",-,Apartment,1,Freehold,15,Rest of Central Region,11 to 15
MANDARIN GARDENS,"1,800,000","1,571.54","1,145",Apr-26,SIGLAP ROAD,Resale,Strata,146,"12,329",-,Condominium,1,99 yrs lease commencing from 1982,15,Outside Central Region,01 to 05
MARSHALL LODGE,"2,580,000","1,776.06","1,453",Apr-26,MARSHALL ROAD,Resale,Strata,165,"15,636",-,Apartment,1,Freehold,15,Rest of Central Region,01 to 05
KINGS APARTMENTS,"1,630,000","1,130.22","1,442",Apr-26,LORONG K TELOK KURAU,Resale,Strata,105,"15,524",-,Apartment,1,Freehold,15,Outside Central Region,01 to 05
THE HACIENDA,"2,030,000","1,205.57","1,684",Apr-26,HACIENDA GROVE,Resale,Strata,112,"18,125",-,Condominium,1,Freehold,15,Outside Central Region,01 to 05
THE CONTINUUM,"1,428,000",559.73,"2,551",Apr-26,THIAM SIEW AVENUE,New Sale,Strata,52,"27,462",-,Apartment,1,Freehold,15,Rest of Central Region,06 to 10
AMBER HOUSE,"3,760,240","1,216.33","3,091",Apr-26,AMBER GARDENS,New Sale,Strata,113,"33,276",-,Apartment,1,Freehold,15,Rest of Central Region,11 to 15
FLAMINGO VALLEY,"4,220,000","2,572.6","1,640",Apr-26,SIGLAP ROAD,Resale,Strata,239,"17,657",-,Condominium,1,Freehold,15,Outside Central Region,01 to 05
LIV @ MB,"3,518,000","1,280.92","2,746",Apr-26,ARTHUR ROAD,Sub Sale,Strata,119,"29,563",-,Condominium,1,99 yrs lease commencing from 2021,15,Rest of Central Region,06 to 10
PARC ELEGANCE,"970,000",581.26,"1,669",Apr-26,TELOK KURAU ROAD,Resale,Strata,54,"17,963",-,Apartment,1,Freehold,15,Outside Central Region,01 to 05
VILLA MARINA,"2,060,000","1,689.95","1,219",Apr-26,JALAN SEMPADAN,Resale,Strata,157,"13,121",-,Condominium,1,99 yrs lease commencing from 1995,15,Outside Central Region,01 to 05
SILVERSEA,"2,360,000","1,065.64","2,215",Apr-26,MARINE PARADE ROAD,Resale,Strata,99,"23,838",-,Condominium,1,99 yrs lease commencing from 2007,15,Rest of Central Region,16 to 20
PARK EAST,"2,360,000","1,345.5","1,754",Apr-26,JALAN TUA KONG,Resale,Strata,125,"18,880",-,Condominium,1,Freehold,15,Outside Central Region,01 to 05
AMBER PARK,"3,710,000","1,302.44","2,848",Apr-26,AMBER GARDENS,Resale,Strata,121,"30,661",-,Condominium,1,Freehold,15,Rest of Central Region,01 to 05
COTE D'AZUR,"2,700,000","1,291.68","2,090",Apr-26,MARINE PARADE ROAD,Resale,Strata,120,"22,500",-,Condominium,1,99 yrs lease commencing from 2001,15,Rest of Central Region,16 to 20
PEACH GARDEN,"5,280,000","2,766.35","1,909",Apr-26,PEACH GARDEN,Resale,Strata,257,"20,545",-,Apartment,1,Freehold,15,Rest of Central Region,11 to 15
PEACH GARDEN,"5,120,000","2,766.35","1,851",Apr-26,PEACH GARDEN,Resale,Strata,257,"19,922",-,Apartment,1,Freehold,15,Rest of Central Region,06 to 10
EASTBAY,"1,800,000","1,130.22","1,593",Apr-26,TAY LIAN TECK ROAD,Resale,Strata,105,"17,143",-,Apartment,1,Freehold,15,Outside Central Region,01 to 05
THE SOVEREIGN,"6,800,000","2,637.18","2,579",Apr-26,MEYER ROAD,Resale,Strata,245,"27,755",-,Condominium,1,Freehold,15,Rest of Central Region,06 to 10
THE ARISTO @ AMBER,"1,800,000","1,485.43","1,212",Apr-26,AMBER ROAD,Resale,Strata,138,"13,043",-,Apartment,1,Freehold,15,Rest of Central Region,16 to 20
ARINA EAST RESIDENCES,"1,318,000",495.14,"2,662",Apr-26,TANJONG RHU ROAD,New Sale,Strata,46,"28,652",-,Apartment,1,Freehold,15,Rest of Central Region,11 to 15
THE CONTINUUM,"1,378,000",559.73,"2,462",Apr-26,THIAM SIEW AVENUE,New Sale,Strata,52,"26,500",-,Apartment,1,Freehold,15,Rest of Central Region,01 to 05
THE CONTINUUM,"1,428,000",559.73,"2,551",Apr-26,THIAM SIEW AVENUE,New Sale,Strata,52,"27,462",-,Apartment,1,Freehold,15,Rest of Central Region,11 to 15
THE CONTINUUM,"4,509,000","1,689.95","2,668",Apr-26,THIAM SIEW AVENUE,New Sale,Strata,157,"28,720",-,Apartment,1,Freehold,15,Rest of Central Region,06 to 10
ARINA EAST RESIDENCES,"1,291,000",495.14,"2,607",Apr-26,TANJONG RHU ROAD,New Sale,Strata,46,"28,065",-,Apartment,1,Freehold,15,Rest of Central Region,06 to 10
THE CONTINUUM,"3,705,000","1,237.86","2,993",Apr-26,THIAM SIEW AVENUE,New Sale,Strata,115,"32,217",-,Apartment,1,Freehold,15,Rest of Central Region,11 to 15
ARINA EAST RESIDENCES,"2,319,000",796.54,"2,911",Apr-26,TANJONG RHU ROAD,New Sale,Strata,74,"31,338",-,Apartment,1,Freehold,15,Rest of Central Region,06 to 10
EASTERN LAGOON,"1,280,000",753.48,"1,699",Apr-26,UPPER EAST COAST ROAD,Resale,Strata,70,"18,286",-,Condominium,1,Freehold,15,Outside Central Region,11 to 15
DE CASALLE,"2,000,000","1,237.86","1,616",Apr-26,LORONG N TELOK KURAU,Resale,Strata,115,"17,391",-,Apartment,1,Freehold,15,Outside Central Region,01 to 05
THE ESTA,"3,370,000","1,313.21","2,566",Apr-26,AMBER GARDENS,Resale,Strata,122,"27,623",-,Condominium,1,Freehold,15,Rest of Central Region,11 to 15
ONE AMBER,"2,908,000","1,302.44","2,233",Apr-26,AMBER GARDENS,Resale,Strata,121,"24,033",-,Condominium,1,Freehold,15,Rest of Central Region,01 to 05
THE WATERSIDE,"5,000,000","2,142.04","2,334",Apr-26,TANJONG RHU ROAD,Resale,Strata,199,"25,126",-,Condominium,1,Freehold,15,Rest of Central Region,11 to 15
RESIDENTIAL APARTMENTS,"1,900,000","1,162.51","1,634",Apr-26,TANJONG KATONG ROAD,Resale,Strata,108,"17,593",-,Apartment,1,Freehold,15,Rest of Central Region,01 to 05
THE CONTINUUM,"3,466,000","1,248.62","2,776",Apr-26,THIAM SIEW AVENUE,New Sale,Strata,116,"29,879",-,Apartment,1,Freehold,15,Rest of Central Region,01 to 05
SUITES TWENTY-TWO,"2,600,000","1,905.23","1,365",Apr-26,LORONG G TELOK KURAU,Resale,Strata,177,"14,689",-,Apartment,1,Freehold,15,Outside Central Region,01 to 05
THE CONTINUUM,"3,107,610","1,065.64","2,916",Mar-26,THIAM SIEW AVENUE,New Sale,Strata,99,"31,390",-,Apartment,1,Freehold,15,Rest of Central Region,11 to 15
THE CONTINUUM,"3,150,000","1,065.64","2,956",Mar-26,THIAM SIEW AVENUE,New Sale,Strata,99,"31,818",-,Apartment,1,Freehold,15,Rest of Central Region,11 to 15
AMBER HOUSE,"3,052,522",979.52,"3,116",Mar-26,AMBER GARDENS,New Sale,Strata,91,"33,544",-,Apartment,1,Freehold,15,Rest of Central Region,01 to 05
THE CONTINUUM,"3,618,000","1,237.86","2,923",Mar-26,THIAM SIEW AVENUE,New Sale,Strata,115,"31,461",-,Apartment,1,Freehold,15,Rest of Central Region,11 to 15
ARINA EAST RESIDENCES,"1,328,000",495.14,"2,682",Mar-26,TANJONG RHU ROAD,New Sale,Strata,46,"28,870",-,Apartment,1,Freehold,15,Rest of Central Region,16 to 20
THE CONTINUUM,"1,428,000",559.73,"2,551",Mar-26,THIAM SIEW AVENUE,New Sale,Strata,52,"27,462",-,Apartment,1,Freehold,15,Rest of Central Region,11 to 15
THE WATERSIDE,"5,300,000","2,411.14","2,198",Mar-26,TANJONG RHU ROAD,Resale,Strata,224,"23,661",-,Condominium,1,Freehold,15,Rest of Central Region,06 to 10
PARC BLEU,"788,000",462.85,"1,702",Mar-26,JOO CHIAT PLACE,Resale,Strata,43,"18,326",-,Apartment,1,Freehold,15,Outside Central Region,01 to 05
ROYAL HALLMARK,"4,260,000","2,077.45","2,051",Mar-26,HAIG LANE,Resale,Strata,193,"22,073",-,Apartment,1,Freehold,15,Rest of Central Region,01 to 05
COSTA RHU,"2,220,000","1,334.74","1,663",Mar-26,RHU CROSS,Resale,Strata,124,"17,903",-,Condominium,1,99 yrs lease commencing from 1994,15,Rest of Central Region,06 to 10
QUESTA @ DUNMAN,"1,590,000",785.77,"2,023",Mar-26,DUNMAN ROAD,Resale,Strata,73,"21,781",-,Apartment,1,Freehold,15,Rest of Central Region,06 to 10
THE MINT RESIDENCES,"1,900,000","1,130.22","1,681",Mar-26,JOO CHIAT TERRACE,Resale,Strata,105,"18,095",-,Apartment,1,Freehold,15,Rest of Central Region,01 to 05
FLAMINGO VALLEY,"4,180,000","2,572.6","1,625",Mar-26,SIGLAP ROAD,Resale,Strata,239,"17,490",-,Condominium,1,Freehold,15,Outside Central Region,01 to 05
THE CONTINUUM,"3,387,000","1,237.86","2,736",Mar-26,THIAM SIEW AVENUE,New Sale,Strata,115,"29,452",-,Apartment,1,Freehold,15,Rest of Central Region,01 to 05
THE CONTINUUM,"4,652,000","1,689.95","2,753",Mar-26,THIAM SIEW AVENUE,New Sale,Strata,157,"29,631",-,Apartment,1,Freehold,15,Rest of Central Region,06 to 10
THE CONTINUUM,"2,880,000","1,076.4","2,676",Mar-26,THIAM SIEW AVENUE,New Sale,Strata,100,"28,800",-,Apartment,1,Freehold,15,Rest of Central Region,16 to 20
ARINA EAST RESIDENCES,"1,291,000",495.14,"2,607",Mar-26,TANJONG RHU ROAD,New Sale,Strata,46,"28,065",-,Apartment,1,Freehold,15,Rest of Central Region,06 to 10
THE CONTINUUM,"3,005,000","1,130.22","2,659",Mar-26,THIAM SIEW AVENUE,New Sale,Strata,105,"28,619",-,Apartment,1,Freehold,15,Rest of Central Region,16 to 20
ARINA EAST RESIDENCES,"4,158,000","1,388.56","2,994",Mar-26,TANJONG RHU ROAD,New Sale,Strata,129,"32,233",-,Apartment,1,Freehold,15,Rest of Central Region,11 to 15
TEMBUSU GRAND,"1,434,000",527.44,"2,719",Mar-26,JALAN TEMBUSU,New Sale,Strata,49,"29,265",-,Condominium,1,99 yrs lease commencing from 2022,15,Rest of Central Region,16 to 20
VERSAILLES,"1,780,000","1,108.69","1,605",Mar-26,HEMMANT ROAD,Resale,Strata,103,"17,282",-,Condominium,1,Freehold,15,Rest of Central Region,01 to 05
THE MEYERISE,"3,800,000","1,302.44","2,918",Mar-26,MEYER ROAD,Resale,Strata,121,"31,405",-,Condominium,1,Freehold,15,Rest of Central Region,26 to 30
EAST MEWS,"1,980,000","1,076.4","1,839",Mar-26,MOUNTBATTEN ROAD,Resale,Strata,100,"19,800",-,Apartment,1,Freehold,15,Rest of Central Region,01 to 05
CORALIS,"2,850,000","1,227.1","2,323",Mar-26,JOO CHIAT ROAD,Resale,Strata,114,"25,000",-,Condominium,1,Freehold,15,Rest of Central Region,11 to 15
ESPIRA SUITES,"788,000",484.38,"1,627",Mar-26,LORONG H TELOK KURAU,Resale,Strata,45,"17,511",-,Apartment,1,Freehold,15,Outside Central Region,01 to 05
ROSE MAISON,"1,850,000","1,173.28","1,577",Mar-26,HAIG AVENUE,Resale,Strata,109,"16,972",-,Apartment,1,Freehold,15,Rest of Central Region,01 to 05
FLAMINGO VALLEY,"3,180,000","1,593.07","1,996",Mar-26,SIGLAP ROAD,Resale,Strata,148,"21,486",-,Condominium,1,Freehold,15,Outside Central Region,01 to 05
THE CONTINUUM,"3,352,580","1,237.86","2,708",Mar-26,THIAM SIEW AVENUE,New Sale,Strata,115,"29,153",-,Apartment,1,Freehold,15,Rest of Central Region,01 to 05
SEVENTY SAINT PATRICK'S,"2,880,000","1,345.5","2,140",Mar-26,ST. PATRICK'S ROAD,Resale,Strata,125,"23,040",-,Condominium,1,Freehold,15,Outside Central Region,01 to 05
LIV @ MB,"2,220,000",807.3,"2,750",Mar-26,ARTHUR ROAD,Sub Sale,Strata,75,"29,600",-,Condominium,1,99 yrs lease commencing from 2021,15,Rest of Central Region,01 to 05
THE MEYERISE,"3,518,000","1,313.21","2,679",Mar-26,MEYER ROAD,Resale,Strata,122,"28,836",-,Condominium,1,Freehold,15,Rest of Central Region,21 to 25
THE WATERSIDE,"5,780,000","2,432.66","2,376",Mar-26,TANJONG RHU ROAD,Resale,Strata,226,"25,575",-,Condominium,1,Freehold,15,Rest of Central Region,21 to 25
AMBER HOUSE,"2,078,061",635.08,"3,272",Mar-26,AMBER GARDENS,New Sale,Strata,59,"35,221",-,Apartment,1,Freehold,15,Rest of Central Region,11 to 15
THE CONTINUUM,"3,655,000","1,237.86","2,953",Mar-26,THIAM SIEW AVENUE,New Sale,Strata,115,"31,783",-,Apartment,1,Freehold,15,Rest of Central Region,11 to 15
MANDARIN GARDENS,"3,650,000","3,067.74","1,190",Mar-26,SIGLAP ROAD,Resale,Strata,285,"12,807",-,Condominium,1,99 yrs lease commencing from 1982,15,Outside Central Region,21 to 25
ARINA EAST RESIDENCES,"2,388,000",861.12,"2,773",Mar-26,TANJONG RHU ROAD,New Sale,Strata,80,"29,850",-,Apartment,1,Freehold,15,Rest of Central Region,06 to 10
ARINA EAST RESIDENCES,"1,291,000",495.14,"2,607",Mar-26,TANJONG RHU ROAD,New Sale,Strata,46,"28,065",-,Apartment,1,Freehold,15,Rest of Central Region,11 to 15
ARINA EAST RESIDENCES,"1,958,000",678.13,"2,887",Mar-26,TANJONG RHU ROAD,New Sale,Strata,63,"31,079",-,Apartment,1,Freehold,15,Rest of Central Region,11 to 15
BLU CORAL,"1,960,000","1,162.51","1,686",Mar-26,LORONG L TELOK KURAU,Resale,Strata,108,"18,148",-,Condominium,1,Freehold,15,Outside Central Region,01 to 05
SANCTUARY GREEN,"2,400,000","1,571.54","1,527",Mar-26,TANJONG RHU ROAD,Resale,Strata,146,"16,438",-,Condominium,1,99 yrs lease commencing from 1997,15,Rest of Central Region,01 to 05
COASTLINE RESIDENCES,"2,038,888",710.42,"2,870",Mar-26,AMBER ROAD,Resale,Strata,66,"30,892",-,Apartment,1,Freehold,15,Rest of Central Region,06 to 10
THE CONTINUUM,"4,846,000","1,689.95","2,868",Mar-26,THIAM SIEW AVENUE,New Sale,Strata,157,"30,866",-,Apartment,1,Freehold,15,Rest of Central Region,06 to 10
ARINA EAST RESIDENCES,"1,328,000",495.14,"2,682",Mar-26,TANJONG RHU ROAD,New Sale,Strata,46,"28,870",-,Apartment,1,Freehold,15,Rest of Central Region,16 to 20
MEYER MANSION,"5,050,000","1,765.3","2,861",Mar-26,MEYER ROAD,Resale,Strata,164,"30,793",-,Apartment,1,Freehold,15,Rest of Central Region,21 to 25
MANDARIN GARDENS,"2,290,000","1,571.54","1,457",Mar-26,SIGLAP ROAD,Resale,Strata,146,"15,685",-,Condominium,1,99 yrs lease commencing from 1982,15,Outside Central Region,21 to 25
AMBER PARK,"1,450,000",484.38,"2,994",Mar-26,AMBER GARDENS,Resale,Strata,45,"32,222",-,Condominium,1,Freehold,15,Rest of Central Region,06 to 10
SUITES @ AMBER,"1,900,000",947.23,"2,006",Mar-26,AMBER ROAD,Resale,Strata,88,"21,591",-,Apartment,1,Freehold,15,Rest of Central Region,06 to 10
SILAHIS APARTMENTS,"1,900,000","1,216.33","1,562",Mar-26,LORONG K TELOK KURAU,Resale,Strata,113,"16,814",-,Apartment,1,Freehold,15,Outside Central Region,01 to 05
FERNWOOD TOWERS,"2,700,000","1,636.13","1,650",Mar-26,FERNWOOD TERRACE,Resale,Strata,152,"17,763",-,Condominium,1,Freehold,15,Outside Central Region,01 to 05
THE CONTINUUM,"3,571,000","1,237.86","2,885",Mar-26,THIAM SIEW AVENUE,New Sale,Strata,115,"31,052",-,Apartment,1,Freehold,15,Rest of Central Region,06 to 10
THE SEAFRONT ON MEYER,"4,120,000","1,980.58","2,080",Mar-26,MEYER ROAD,Resale,Strata,184,"22,391",-,Condominium,1,Freehold,15,Rest of Central Region,01 to 05
AMBER PARK,"1,315,000",484.38,"2,715",Mar-26,AMBER GARDENS,Resale,Strata,45,"29,222",-,Condominium,1,Freehold,15,Rest of Central Region,01 to 05
THE ESTA,"3,560,000","1,474.67","2,414",Mar-26,AMBER GARDENS,Resale,Strata,137,"25,985",-,Condominium,1,Freehold,15,Rest of Central Region,01 to 05
LAGOON VIEW,"2,020,000","1,646.89","1,227",Mar-26,MARINE PARADE ROAD,Resale,Strata,153,"13,203",-,Apartment,1,99 yrs lease commencing from 1977,15,Outside Central Region,21 to 25
FERNWOOD TOWERS,"2,950,000","1,636.13","1,803",Mar-26,FERNWOOD TERRACE,Resale,Strata,152,"19,408",-,Condominium,1,Freehold,15,Outside Central Region,11 to 15
ARINA EAST RESIDENCES,"2,333,000",796.54,"2,929",Mar-26,TANJONG RHU ROAD,New Sale,Strata,74,"31,527",-,Apartment,1,Freehold,15,Rest of Central Region,06 to 10
THE CONTINUUM,"4,025,000","1,517.72","2,652",Mar-26,THIAM SIEW AVENUE,New Sale,Strata,141,"28,546",-,Apartment,1,Freehold,15,Rest of Central Region,16 to 20
GRAND DUNMAN,"4,498,000","1,786.82","2,517",Mar-26,DUNMAN ROAD,New Sale,Strata,166,"27,096",-,Apartment,1,99 yrs lease commencing from 2022,15,Rest of Central Region,06 to 10
ARINA EAST RESIDENCES,"3,948,000","1,388.56","2,843",Mar-26,TANJONG RHU ROAD,New Sale,Strata,129,"30,605",-,Apartment,1,Freehold,15,Rest of Central Region,06 to 10
FLAMINGO VALLEY,"2,348,000","1,205.57","1,948",Mar-26,SIGLAP ROAD,Resale,Strata,112,"20,964",-,Condominium,1,Freehold,15,Outside Central Region,01 to 05
PARK EAST,"2,420,000","1,345.5","1,799",Mar-26,JALAN TUA KONG,Resale,Strata,125,"19,360",-,Condominium,1,Freehold,15,Outside Central Region,01 to 05
THE CONTINUUM,"3,579,940","1,291.68","2,772",Mar-26,THIAM SIEW AVENUE,New Sale,Strata,120,"29,833",-,Apartment,1,Freehold,15,Rest of Central Region,01 to 05
HAIG 162,"695,000",365.98,"1,899",Mar-26,HAIG ROAD,Resale,Strata,34,"20,441",-,Apartment,1,Freehold,15,Rest of Central Region,06 to 10
GRAND DUNMAN,"4,437,000","1,926.76","2,303",Mar-26,DUNMAN ROAD,New Sale,Strata,179,"24,788",-,Apartment,1,99 yrs lease commencing from 2022,15,Rest of Central Region,06 to 10
THE CONTINUUM,"3,406,000","1,227.1","2,776",Mar-26,THIAM SIEW AVENUE,New Sale,Strata,114,"29,877",-,Apartment,1,Freehold,15,Rest of Central Region,01 to 05
RESIDENTIAL APARTMENTS,"3,088,000","1,334.74","2,314",Mar-26,CHAPEL CLOSE,Resale,Strata,124,"24,903",-,Apartment,1,Freehold,15,Rest of Central Region,01 to 05
THE HACIENDA,"2,300,000","1,205.57","1,908",Mar-26,HACIENDA GROVE,Resale,Strata,112,"20,536",-,Condominium,1,Freehold,15,Outside Central Region,01 to 05
LE CONNEY PARK,"1,370,000",828.83,"1,653",Mar-26,LORONG L TELOK KURAU,Resale,Strata,77,"17,792",-,Apartment,1,Freehold,15,Outside Central Region,01 to 05
HAWAII TOWER,"3,800,000","2,238.91","1,697",Mar-26,MEYER ROAD,Resale,Strata,208,"18,269",-,Condominium,1,Freehold,15,Rest of Central Region,01 to 05
BUTTERWORTH 8,"2,680,000","1,313.21","2,041",Mar-26,BUTTERWORTH LANE,Resale,Strata,122,"21,967",-,Condominium,1,Freehold,15,Rest of Central Region,06 to 10
SEVENTY SAINT PATRICK'S,"2,938,000","1,216.33","2,415",Mar-26,ST. PATRICK'S ROAD,Resale,Strata,113,"26,000",-,Condominium,1,Freehold,15,Outside Central Region,01 to 05
PEBBLE BAY,"3,880,000","2,335.79","1,661",Mar-26,TANJONG RHU ROAD,Resale,Strata,217,"17,880",-,Condominium,1,99 yrs lease commencing from 1994,15,Rest of Central Region,06 to 10
VILLA MARINA,"2,550,000","2,023.63","1,260",Mar-26,JALAN SEMPADAN,Resale,Strata,188,"13,564",-,Condominium,1,99 yrs lease commencing from 1995,15,Outside Central Region,01 to 05
SILVERSEA,"2,380,000","1,065.64","2,233",Mar-26,MARINE PARADE ROAD,Resale,Strata,99,"24,040",-,Condominium,1,99 yrs lease commencing from 2007,15,Rest of Central Region,16 to 20
MANDARIN GARDENS,"1,450,000","1,001.05","1,448",Mar-26,SIGLAP ROAD,Resale,Strata,93,"15,591",-,Condominium,1,99 yrs lease commencing from 1982,15,Outside Central Region,06 to 10
THE SHORE RESIDENCES,"1,075,000",592.02,"1,816",Mar-26,AMBER ROAD,Resale,Strata,55,"19,545",-,Condominium,1,103 yrs lease commencing from 2009,15,Rest of Central Region,01 to 05
D-MANSIONS,"2,920,000","1,668.42","1,750",Mar-26,DUNMAN LANE,Resale,Strata,155,"18,839",-,Apartment,1,Freehold,15,Rest of Central Region,01 to 05
ELLIOT AT THE EAST COAST,"3,420,000","1,754.53","1,949",Mar-26,ELLIOT ROAD,Resale,Strata,163,"20,982",-,Condominium,1,Freehold,15,Outside Central Region,01 to 05
ARINA EAST RESIDENCES,"2,337,000",796.54,"2,934",Mar-26,TANJONG RHU ROAD,New Sale,Strata,74,"31,581",-,Apartment,1,Freehold,15,Rest of Central Region,06 to 10
AMBER 45,"3,158,000","1,184.04","2,667",Mar-26,AMBER ROAD,Resale,Strata,110,"28,709",-,Apartment,1,Freehold,15,Rest of Central Region,01 to 05
FLAMINGO VALLEY,"2,200,000","1,205.57","1,825",Mar-26,SIGLAP ROAD,Resale,Strata,112,"19,643",-,Condominium,1,Freehold,15,Outside Central Region,01 to 05
SEASIDE RESIDENCES,"2,148,000",785.77,"2,734",Mar-26,SIGLAP LINK,Resale,Strata,73,"29,425",-,Apartment,1,99 yrs lease commencing from 2016,15,Outside Central Region,11 to 15
COTE D'AZUR,"2,100,000","1,140.98","1,841",Mar-26,MARINE PARADE ROAD,Resale,Strata,106,"19,811",-,Condominium,1,99 yrs lease commencing from 2001,15,Rest of Central Region,06 to 10
THE MEYERISE,"2,440,000",871.88,"2,799",Mar-26,MEYER ROAD,Resale,Strata,81,"30,123",-,Condominium,1,Freehold,15,Rest of Central Region,26 to 30
HAIG APARTMENTS,"2,800,000","2,034.4","1,376",Mar-26,HAIG ROAD,Resale,Strata,189,"14,815",-,Apartment,1,Freehold,15,Rest of Central Region,01 to 05
AMBER POINT,"3,780,000","1,668.42","2,266",Mar-26,AMBER ROAD,Resale,Strata,155,"24,387",-,Condominium,1,Freehold,15,Rest of Central Region,16 to 20
SEASIDE RESIDENCES,"1,760,000",785.77,"2,240",Mar-26,SIGLAP LINK,Resale,Strata,73,"24,110",-,Apartment,1,99 yrs lease commencing from 2016,15,Outside Central Region,01 to 05
SANCTUARY GREEN,"4,330,000","3,939.62","1,099",Mar-26,TANJONG RHU ROAD,Resale,Strata,366,"11,831",-,Condominium,1,99 yrs lease commencing from 1997,15,Rest of Central Region,11 to 15
THE CONTINUUM,"4,150,000","1,463.9","2,835",Mar-26,THIAM SIEW AVENUE,New Sale,Strata,136,"30,515",-,Apartment,1,Freehold,15,Rest of Central Region,16 to 20
ROSE MAISON,"2,300,000","2,249.68","1,022",Mar-26,HAIG AVENUE,Resale,Strata,209,"11,005",-,Apartment,1,Freehold,15,Rest of Central Region,01 to 05
NEPTUNE COURT,"1,900,000","1,636.13","1,161",Mar-26,MARINE VISTA,Resale,Strata,152,"12,500",-,Apartment,1,99 yrs lease commencing from 1975,15,Outside Central Region,16 to 20
SEASIDE PARK,"1,038,000",871.88,"1,191",Mar-26,JALAN SAUDARA KU,Resale,Strata,81,"12,815",-,Apartment,1,999 yrs lease commencing from 1965,15,Outside Central Region,01 to 05
COASTLINE RESIDENCES,"1,120,000",452.09,"2,477",Mar-26,AMBER ROAD,Resale,Strata,42,"26,667",-,Apartment,1,Freehold,15,Rest of Central Region,11 to 15
RESIDENTIAL APARTMENTS,"2,020,000",871.88,"2,317",Mar-26,TANJONG KATONG ROAD,Resale,Strata,81,"24,938",-,Apartment,1,Freehold,15,Rest of Central Region,01 to 05
ARINA EAST RESIDENCES,"1,958,000",678.13,"2,887",Mar-26,TANJONG RHU ROAD,New Sale,Strata,63,"31,079",-,Apartment,1,Freehold,15,Rest of Central Region,11 to 15
ARINA EAST RESIDENCES,"2,998,000","1,087.16","2,758",Mar-26,TANJONG RHU ROAD,New Sale,Strata,101,"29,683",-,Apartment,1,Freehold,15,Rest of Central Region,06 to 10
MELROSE VILLE,"948,000",592.02,"1,601",Mar-26,ROSE LANE,Resale,Strata,55,"17,236",-,Apartment,1,Freehold,15,Rest of Central Region,01 to 05
LAVERNE'S LOFT,"1,230,000","1,108.69","1,109",Mar-26,LORONG L TELOK KURAU,Resale,Strata,103,"11,942",-,Apartment,1,Freehold,15,Outside Central Region,01 to 05
THE CONTINUUM,"1,428,000",559.73,"2,551",Mar-26,THIAM SIEW AVENUE,New Sale,Strata,52,"27,462",-,Apartment,1,Freehold,15,Rest of Central Region,11 to 15
RIVEREDGE,"3,220,000","1,603.84","2,008",Mar-26,SAMPAN PLACE,Resale,Strata,149,"21,611",-,Condominium,1,99 yrs lease commencing from 2004,15,Rest of Central Region,06 to 10
SEASIDE RESIDENCES,"1,880,000",785.77,"2,393",Mar-26,SIGLAP LINK,Resale,Strata,73,"25,753",-,Apartment,1,99 yrs lease commencing from 2016,15,Outside Central Region,06 to 10
SANCTUARY GREEN,"2,300,000","1,485.43","1,548",Mar-26,TANJONG RHU ROAD,Resale,Strata,138,"16,667",-,Condominium,1,99 yrs lease commencing from 1997,15,Rest of Central Region,01 to 05
MARINE BLUE,"1,710,000",731.95,"2,336",Mar-26,MARINE PARADE ROAD,Resale,Strata,68,"25,147",-,Condominium,1,Freehold,15,Rest of Central Region,06 to 10
GRAND DUNMAN,"2,012,000",667.37,"3,015",Mar-26,DUNMAN ROAD,New Sale,Strata,62,"32,452",-,Apartment,1,99 yrs lease commencing from 2022,15,Rest of Central Region,16 to 20
GRAND DUNMAN,"3,489,000","1,474.67","2,366",Mar-26,DUNMAN ROAD,New Sale,Strata,137,"25,467",-,Apartment,1,99 yrs lease commencing from 2022,15,Rest of Central Region,06 to 10
ARINA EAST RESIDENCES,"2,998,000","1,087.16","2,758",Mar-26,TANJONG RHU ROAD,New Sale,Strata,101,"29,683",-,Apartment,1,Freehold,15,Rest of Central Region,06 to 10
GRAND DUNMAN,"3,720,000","1,474.67","2,523",Mar-26,DUNMAN ROAD,New Sale,Strata,137,"27,153",-,Apartment,1,99 yrs lease commencing from 2022,15,Rest of Central Region,06 to 10
GRAND DUNMAN,"4,597,000","1,786.82","2,573",Mar-26,DUNMAN ROAD,New Sale,Strata,166,"27,693",-,Apartment,1,99 yrs lease commencing from 2022,15,Rest of Central Region,11 to 15
FINLAND GARDENS,"2,975,000","1,808.35","1,645",Mar-26,EAST COAST TERRACE,Resale,Strata,168,"17,708",-,Condominium,1,Freehold,15,Outside Central Region,01 to 05
COTE D'AZUR,"2,700,000","1,291.68","2,090",Mar-26,MARINE PARADE ROAD,Resale,Strata,120,"22,500",-,Condominium,1,99 yrs lease commencing from 2001,15,Rest of Central Region,16 to 20
THE ELEGANCE @ CHANGI,"1,565,000","1,033.34","1,515",Mar-26,LORONG 107 CHANGI,Resale,Strata,96,"16,302",-,Apartment,1,Freehold,15,Rest of Central Region,01 to 05
SANCTUARY GREEN,"2,550,000","1,765.3","1,445",Mar-26,TANJONG RHU ROAD,Resale,Strata,164,"15,549",-,Condominium,1,99 yrs lease commencing from 1997,15,Rest of Central Region,01 to 05
RESIDENTIAL APARTMENTS,"1,668,000","1,162.51","1,435",Mar-26,TANJONG KATONG ROAD,Resale,Strata,108,"15,444",-,Apartment,1,Freehold,15,Rest of Central Region,01 to 05
MEYER RESIDENCE,"2,650,000","1,151.75","2,301",Mar-26,MEYER PLACE,Resale,Strata,107,"24,766",-,Apartment,1,Freehold,15,Rest of Central Region,01 to 05
GRAND DUNMAN,"4,534,000","1,786.82","2,537",Mar-26,DUNMAN ROAD,New Sale,Strata,166,"27,313",-,Apartment,1,99 yrs lease commencing from 2022,15,Rest of Central Region,06 to 10
AMBER PARK,"3,645,000","1,302.44","2,799",Mar-26,AMBER GARDENS,Resale,Strata,121,"30,124",-,Condominium,1,Freehold,15,Rest of Central Region,01 to 05
GRAND DUNMAN,"5,186,000","2,131.27","2,433",Mar-26,DUNMAN ROAD,New Sale,Strata,198,"26,192",-,Apartment,1,99 yrs lease commencing from 2022,15,Rest of Central Region,01 to 05
MANDARIN GARDENS,"1,420,000","1,001.05","1,419",Mar-26,SIGLAP ROAD,Resale,Strata,93,"15,269",-,Condominium,1,99 yrs lease commencing from 1982,15,Outside Central Region,11 to 15
AMBER PARK,"2,088,888",699.66,"2,986",Mar-26,AMBER GARDENS,Resale,Strata,65,"32,137",-,Condominium,1,Freehold,15,Rest of Central Region,06 to 10
IMPERIAL HEIGHTS,"950,000",592.02,"1,605",Mar-26,IPOH LANE,Resale,Strata,55,"17,273",-,Apartment,1,Freehold,15,Rest of Central Region,01 to 05
RIVEREDGE,"2,658,000","1,334.74","1,991",Mar-26,SAMPAN PLACE,Resale,Strata,124,"21,435",-,Condominium,1,99 yrs lease commencing from 2004,15,Rest of Central Region,16 to 20
THE CONTINUUM,"3,358,000","1,087.16","3,089",Mar-26,THIAM SIEW AVENUE,New Sale,Strata,101,"33,248",-,Apartment,1,Freehold,15,Rest of Central Region,16 to 20
GRAND DUNMAN,"4,045,000","1,679.18","2,409",Mar-26,DUNMAN ROAD,New Sale,Strata,156,"25,929",-,Apartment,1,99 yrs lease commencing from 2022,15,Rest of Central Region,01 to 05
AMBER 45,"1,858,000",731.95,"2,538",Mar-26,AMBER ROAD,Resale,Strata,68,"27,324",-,Apartment,1,Freehold,15,Rest of Central Region,01 to 05
GRAND DUNMAN,"5,192,000","2,131.27","2,436",Mar-26,DUNMAN ROAD,New Sale,Strata,198,"26,222",-,Apartment,1,99 yrs lease commencing from 2022,15,Rest of Central Region,06 to 10
SEA AVENUE MANSIONS,"1,090,000",656.6,"1,660",Mar-26,SEA AVENUE,Resale,Strata,61,"17,869",-,Apartment,1,Freehold,15,Rest of Central Region,01 to 05
SILVERSEA,"2,388,000","1,065.64","2,241",Mar-26,MARINE PARADE ROAD,Resale,Strata,99,"24,121",-,Condominium,1,99 yrs lease commencing from 2007,15,Rest of Central Region,11 to 15
SEVENTY SAINT PATRICK'S,"2,768,000","1,119.46","2,473",Mar-26,ST. PATRICK'S ROAD,Resale,Strata,104,"26,615",-,Condominium,1,Freehold,15,Outside Central Region,01 to 05
LAGUNA PARK,"2,000,000","1,614.6","1,239",Mar-26,MARINE PARADE ROAD,Resale,Strata,150,"13,333",-,Apartment,1,99 yrs lease commencing from 1977,15,Outside Central Region,21 to 25
THE CONTINUUM,"1,428,000",559.73,"2,551",Mar-26,THIAM SIEW AVENUE,New Sale,Strata,52,"27,462",-,Apartment,1,Freehold,15,Rest of Central Region,06 to 10
THE CONTINUUM,"3,375,000","1,280.92","2,635",Mar-26,THIAM SIEW AVENUE,New Sale,Strata,119,"28,361",-,Apartment,1,Freehold,15,Rest of Central Region,16 to 20
THE CONTINUUM,"3,388,000","1,087.16","3,116",Mar-26,THIAM SIEW AVENUE,New Sale,Strata,101,"33,545",-,Apartment,1,Freehold,15,Rest of Central Region,16 to 20
THE CONTINUUM,"2,998,000","1,130.22","2,653",Feb-26,THIAM SIEW AVENUE,New Sale,Strata,105,"28,552",-,Apartment,1,Freehold,15,Rest of Central Region,16 to 20
THE CONTINUUM,"3,519,000","1,248.62","2,818",Feb-26,THIAM SIEW AVENUE,New Sale,Strata,116,"30,336",-,Apartment,1,Freehold,15,Rest of Central Region,01 to 05
GARDEN PARK RESIDENCES,"1,615,000",882.65,"1,830",Feb-26,LORONG M TELOK KURAU,Resale,Strata,82,"19,695",-,Apartment,1,Freehold,15,Outside Central Region,01 to 05
ARINA EAST RESIDENCES,"3,337,290","1,237.86","2,696",Feb-26,TANJONG RHU ROAD,New Sale,Strata,115,"29,020",-,Apartment,1,Freehold,15,Rest of Central Region,01 to 05
LEGENDA AT JOO CHIAT,"2,268,000","1,948.28","1,164",Feb-26,JOO CHIAT LANE,Resale,Strata,181,"12,530",-,Condominium,1,99 yrs lease commencing from 2001,15,Rest of Central Region,01 to 05
ONE AMBER,"3,770,000","1,571.54","2,399",Feb-26,AMBER GARDENS,Resale,Strata,146,"25,822",-,Condominium,1,Freehold,15,Rest of Central Region,21 to 25
ESPIRA SPRING,"2,600,000","1,959.05","1,327",Feb-26,LORONG G TELOK KURAU,Resale,Strata,182,"14,286",-,Apartment,1,Freehold,15,Outside Central Region,01 to 05
CASUARINA COVE,"2,660,000","1,593.07","1,670",Feb-26,TANJONG RHU ROAD,Resale,Strata,148,"17,973",-,Condominium,1,99 yrs lease commencing from 1993,15,Rest of Central Region,11 to 15
SIGLAP V,"880,000",516.67,"1,703",Feb-26,FIRST STREET,Resale,Strata,48,"18,333",-,Apartment,1,Freehold,15,Outside Central Region,01 to 05
TANJONG RIA CONDOMINIUM,"1,310,000",818.06,"1,601",Feb-26,TANJONG RHU ROAD,Resale,Strata,76,"17,237",-,Condominium,1,99 yrs lease commencing from 1993,15,Rest of Central Region,01 to 05
GRAND DUNMAN,"4,333,000","1,679.18","2,580",Feb-26,DUNMAN ROAD,New Sale,Strata,156,"27,776",-,Apartment,1,99 yrs lease commencing from 2022,15,Rest of Central Region,01 to 05
RIVEREDGE,"1,710,000","1,065.64","1,605",Feb-26,SAMPAN PLACE,Resale,Strata,99,"17,273",-,Condominium,1,99 yrs lease commencing from 2004,15,Rest of Central Region,01 to 05
SANTA FE MANSIONS,"2,250,000","1,162.51","1,935",Feb-26,MARGATE ROAD,Resale,Strata,108,"20,833",-,Apartment,1,Freehold,15,Rest of Central Region,11 to 15
LIV @ MB,"2,880,000","1,130.22","2,548",Feb-26,ARTHUR ROAD,Sub Sale,Strata,105,"27,429",-,Condominium,1,99 yrs lease commencing from 2021,15,Rest of Central Region,06 to 10
PEBBLE BAY,"3,750,000","1,894.46","1,979",Feb-26,TANJONG RHU ROAD,Resale,Strata,176,"21,307",-,Condominium,1,99 yrs lease commencing from 1994,15,Rest of Central Region,11 to 15
SIGLAP V,"1,180,000",828.83,"1,424",Feb-26,FIRST STREET,Resale,Strata,77,"15,325",-,Apartment,1,Freehold,15,Outside Central Region,01 to 05
THE SEAWIND,"2,050,000",914.94,"2,241",Feb-26,LORONG M TELOK KURAU,Resale,Strata,85,"24,118",-,Condominium,1,Freehold,15,Outside Central Region,01 to 05
WATER PLACE,"2,450,000","1,227.1","1,997",Feb-26,TANJONG RHU ROAD,Resale,Strata,114,"21,491",-,Condominium,1,99 yrs lease commencing from 1998,15,Rest of Central Region,16 to 20
SANTA FE MANSIONS,"1,950,000","1,076.4","1,812",Feb-26,MARGATE ROAD,Resale,Strata,100,"19,500",-,Apartment,1,Freehold,15,Rest of Central Region,01 to 05
THE WATERSIDE,"5,500,000","2,411.14","2,281",Feb-26,TANJONG RHU ROAD,Resale,Strata,224,"24,554",-,Condominium,1,Freehold,15,Rest of Central Region,06 to 10
THE CONTINUUM,"1,378,000",559.73,"2,462",Feb-26,THIAM SIEW AVENUE,New Sale,Strata,52,"26,500",-,Apartment,1,Freehold,15,Rest of Central Region,01 to 05
ATLASSIA,"2,680,000","1,227.1","2,184",Feb-26,JOO CHIAT PLACE,Resale,Strata,114,"23,509",-,Apartment,1,Freehold,15,Rest of Central Region,01 to 05
COSTA RHU,"1,980,000","1,399.32","1,415",Feb-26,RHU CROSS,Resale,Strata,130,"15,231",-,Condominium,1,99 yrs lease commencing from 1994,15,Rest of Central Region,01 to 05
THE SEAFRONT ON MEYER,"2,550,000","1,410.08","1,808",Feb-26,MEYER ROAD,Resale,Strata,131,"19,466",-,Condominium,1,Freehold,15,Rest of Central Region,01 to 05
AMBER HOUSE,"3,168,400",979.52,"3,235",Feb-26,AMBER GARDENS,New Sale,Strata,91,"34,818",-,Apartment,1,Freehold,15,Rest of Central Region,11 to 15
SILVERSEA,"5,058,000","2,518.78","2,008",Feb-26,MARINE PARADE ROAD,Resale,Strata,234,"21,615",-,Condominium,1,99 yrs lease commencing from 2007,15,Rest of Central Region,11 to 15
BELLA CASITA,"880,000",505.91,"1,739",Feb-26,IPOH LANE,Resale,Strata,47,"18,723",-,Apartment,1,Freehold,15,Rest of Central Region,11 to 15
ESPIRA SPRING,"2,628,888","2,098.98","1,252",Feb-26,LORONG G TELOK KURAU,Resale,Strata,195,"13,481",-,Apartment,1,Freehold,15,Outside Central Region,01 to 05
SPRING @ LANGSAT,"775,000",473.62,"1,636",Feb-26,LANGSAT ROAD,Resale,Strata,44,"17,614",-,Apartment,1,Freehold,15,Rest of Central Region,01 to 05
MANDARIN GARDENS,"1,600,000","1,001.05","1,598",Feb-26,SIGLAP ROAD,Resale,Strata,93,"17,204",-,Condominium,1,99 yrs lease commencing from 1982,15,Outside Central Region,11 to 15
COASTLINE RESIDENCES,"1,780,000",710.42,"2,506",Feb-26,AMBER ROAD,Resale,Strata,66,"26,970",-,Apartment,1,Freehold,15,Rest of Central Region,01 to 05
GRAND DUNMAN,"4,492,000","1,786.82","2,514",Feb-26,DUNMAN ROAD,New Sale,Strata,166,"27,060",-,Apartment,1,99 yrs lease commencing from 2022,15,Rest of Central Region,01 to 05
ONE EIGHTIES RESIDENCES,"2,180,000","1,280.92","1,702",Feb-26,JOO CHIAT TERRACE,Resale,Strata,119,"18,319",-,Apartment,1,Freehold,15,Rest of Central Region,01 to 05
THE CONTINUUM,"3,700,000","1,248.62","2,963",Feb-26,THIAM SIEW AVENUE,New Sale,Strata,116,"31,897",-,Apartment,1,Freehold,15,Rest of Central Region,11 to 15
CLAYDENCE,"2,797,600","1,076.4","2,599",Feb-26,STILL ROAD,New Sale,Strata,100,"27,976",-,Apartment,1,Freehold,15,Rest of Central Region,01 to 05
AMBER PARK,"3,380,000","1,108.69","3,049",Feb-26,AMBER GARDENS,Resale,Strata,103,"32,816",-,Condominium,1,Freehold,15,Rest of Central Region,16 to 20
AMBER POINT,"4,122,000","1,689.95","2,439",Feb-26,AMBER ROAD,Resale,Strata,157,"26,255",-,Condominium,1,Freehold,15,Rest of Central Region,21 to 25
77 @ EAST COAST,"1,280,000",667.37,"1,918",Feb-26,UPPER EAST COAST ROAD,Resale,Strata,62,"20,645",-,Apartment,1,Freehold,15,Outside Central Region,01 to 05
THE CONTINUUM,"3,311,550","1,087.16","3,046",Feb-26,THIAM SIEW AVENUE,New Sale,Strata,101,"32,788",-,Apartment,1,Freehold,15,Rest of Central Region,11 to 15
AMBER HOUSE,"3,108,424",979.52,"3,173",Feb-26,AMBER GARDENS,New Sale,Strata,91,"34,159",-,Apartment,1,Freehold,15,Rest of Central Region,11 to 15
AMBER HOUSE,"5,398,557","1,743.77","3,096",Feb-26,AMBER GARDENS,New Sale,Strata,162,"33,324",-,Apartment,1,Freehold,15,Rest of Central Region,16 to 20
COTE D'AZUR,"3,220,000","1,539.25","2,092",Feb-26,MARINE PARADE ROAD,Resale,Strata,143,"22,517",-,Condominium,1,99 yrs lease commencing from 2001,15,Rest of Central Region,11 to 15
THE CONTINUUM,"3,622,000","1,237.86","2,926",Feb-26,THIAM SIEW AVENUE,New Sale,Strata,115,"31,496",-,Apartment,1,Freehold,15,Rest of Central Region,11 to 15
THE CONTINUUM,"4,546,000","1,689.95","2,690",Feb-26,THIAM SIEW AVENUE,New Sale,Strata,157,"28,955",-,Apartment,1,Freehold,15,Rest of Central Region,06 to 10
THE CONTINUUM,"4,560,000","1,689.95","2,698",Feb-26,THIAM SIEW AVENUE,New Sale,Strata,157,"29,045",-,Apartment,1,Freehold,15,Rest of Central Region,06 to 10
ARINA EAST RESIDENCES,"2,738,000",968.76,"2,826",Feb-26,TANJONG RHU ROAD,New Sale,Strata,90,"30,422",-,Apartment,1,Freehold,15,Rest of Central Region,16 to 20
CLAYDENCE,"2,954,700","1,205.57","2,451",Feb-26,STILL ROAD,New Sale,Strata,112,"26,381",-,Apartment,1,Freehold,15,Rest of Central Region,01 to 05
MANDARIN GARDENS,"2,188,000","1,786.82","1,225",Feb-26,SIGLAP ROAD,Resale,Strata,166,"13,181",-,Condominium,1,99 yrs lease commencing from 1982,15,Outside Central Region,01 to 05
SEASIDE RESIDENCES,"2,838,000","1,259.39","2,253",Feb-26,SIGLAP LINK,Resale,Strata,117,"24,256",-,Apartment,1,99 yrs lease commencing from 2016,15,Outside Central Region,01 to 05
SANCTUARY GREEN,"1,450,000",775.01,"1,871",Feb-26,TANJONG RHU ROAD,Resale,Strata,72,"20,139",-,Condominium,1,99 yrs lease commencing from 1997,15,Rest of Central Region,01 to 05
LEGENDA AT JOO CHIAT,"2,300,000","1,948.28","1,181",Feb-26,JOO CHIAT LANE,Resale,Strata,181,"12,707",-,Condominium,1,99 yrs lease commencing from 2001,15,Rest of Central Region,01 to 05
ONE AMBER,"3,120,000","1,302.44","2,395",Feb-26,AMBER GARDENS,Resale,Strata,121,"25,785",-,Condominium,1,Freehold,15,Rest of Central Region,11 to 15
THE CONTINUUM,"3,654,000","1,248.62","2,926",Feb-26,THIAM SIEW AVENUE,New Sale,Strata,116,"31,500",-,Apartment,1,Freehold,15,Rest of Central Region,06 to 10
THE WATERSIDE,"5,450,000","2,411.14","2,260",Feb-26,TANJONG RHU ROAD,Resale,Strata,224,"24,330",-,Condominium,1,Freehold,15,Rest of Central Region,11 to 15
THE SEAWIND,"1,882,000",914.94,"2,057",Feb-26,LORONG M TELOK KURAU,Resale,Strata,85,"22,141",-,Condominium,1,Freehold,15,Outside Central Region,01 to 05
COSTA RHU,"1,820,000","1,560.78","1,166",Feb-26,RHU CROSS,Resale,Strata,145,"12,552",-,Condominium,1,99 yrs lease commencing from 1994,15,Rest of Central Region,01 to 05
THE MAKENA,"3,500,000","1,582.31","2,212",Feb-26,MEYER ROAD,Resale,Strata,147,"23,810",-,Condominium,1,Freehold,15,Rest of Central Region,06 to 10
CUBIK,"1,720,000","1,022.58","1,682",Feb-26,LORONG K TELOK KURAU,Resale,Strata,95,"18,105",-,Apartment,1,Freehold,15,Outside Central Region,01 to 05
LIV @ MB,"2,900,000","1,119.46","2,591",Feb-26,ARTHUR ROAD,Sub Sale,Strata,104,"27,885",-,Condominium,1,99 yrs lease commencing from 2021,15,Rest of Central Region,01 to 05
THE WATERSIDE,"4,900,000","2,142.04","2,288",Feb-26,TANJONG RHU ROAD,Resale,Strata,199,"24,623",-,Condominium,1,Freehold,15,Rest of Central Region,06 to 10
CASUARINA COVE,"1,824,000","1,216.33","1,500",Feb-26,TANJONG RHU ROAD,Resale,Strata,113,"16,142",-,Condominium,1,99 yrs lease commencing from 1993,15,Rest of Central Region,01 to 05
SILVERSEA,"2,950,000","1,582.31","1,864",Feb-26,MARINE PARADE ROAD,Resale,Strata,147,"20,068",-,Condominium,1,99 yrs lease commencing from 2007,15,Rest of Central Region,01 to 05
THE SHORE RESIDENCES,"1,878,000",893.41,"2,102",Feb-26,AMBER ROAD,Resale,Strata,83,"22,627",-,Condominium,1,103 yrs lease commencing from 2009,15,Rest of Central Region,16 to 20
TANJONG RIA CONDOMINIUM,"1,430,000",925.7,"1,545",Feb-26,TANJONG RHU ROAD,Resale,Strata,86,"16,628",-,Condominium,1,99 yrs lease commencing from 1993,15,Rest of Central Region,01 to 05
ENVIO,"1,100,000",731.95,"1,503",Feb-26,JOO CHIAT PLACE,Resale,Strata,68,"16,176",-,Apartment,1,Freehold,15,Outside Central Region,01 to 05
THE VIEW @ MEYER,"2,600,000","1,065.64","2,440",Feb-26,MEYER ROAD,Resale,Strata,99,"26,263",-,Apartment,1,Freehold,15,Rest of Central Region,01 to 05
EMERALD OF KATONG,"1,433,000",484.38,"2,958",Feb-26,JALAN TEMBUSU,New Sale,Strata,45,"31,844",-,Condominium,1,99 years leasehold,15,Rest of Central Region,21 to 25
MANDARIN GARDENS,"1,150,000",828.83,"1,388",Feb-26,SIGLAP ROAD,Resale,Strata,77,"14,935",-,Condominium,1,99 yrs lease commencing from 1982,15,Outside Central Region,16 to 20
SANCTUARY GREEN,"2,700,000","1,636.13","1,650",Feb-26,TANJONG RHU ROAD,Resale,Strata,152,"17,763",-,Condominium,1,99 yrs lease commencing from 1997,15,Rest of Central Region,01 to 05
FLAMINGO VALLEY,"1,580,000",818.06,"1,931",Feb-26,SIGLAP ROAD,Resale,Strata,76,"20,789",-,Condominium,1,Freehold,15,Outside Central Region,01 to 05
448@EAST COAST,"805,000",462.85,"1,739",Feb-26,EAST COAST ROAD,Resale,Strata,43,"18,721",-,Apartment,1,Freehold,15,Outside Central Region,01 to 05
THE MAKENA,"2,680,000","1,151.75","2,327",Feb-26,MEYER ROAD,Resale,Strata,107,"25,047",-,Condominium,1,Freehold,15,Rest of Central Region,21 to 25
THE ESTA,"3,488,888","1,345.5","2,593",Feb-26,AMBER GARDENS,Resale,Strata,125,"27,911",-,Condominium,1,Freehold,15,Rest of Central Region,16 to 20
EMERY POINT,"2,388,000","1,302.44","1,833",Feb-26,IPOH LANE,Resale,Strata,121,"19,736",-,Apartment,1,Freehold,15,Rest of Central Region,11 to 15
PARC BLEU,"1,530,000","1,194.8","1,281",Feb-26,JOO CHIAT PLACE,Resale,Strata,111,"13,784",-,Apartment,1,Freehold,15,Outside Central Region,01 to 05
ARINA EAST RESIDENCES,"3,777,000","1,194.8","3,161",Feb-26,TANJONG RHU ROAD,New Sale,Strata,111,"34,027",-,Apartment,1,Freehold,15,Rest of Central Region,16 to 20
LAGUNA PARK,"1,870,000","1,453.14","1,287",Feb-26,MARINE PARADE ROAD,Resale,Strata,135,"13,852",-,Apartment,1,99 yrs lease commencing from 1977,15,Outside Central Region,21 to 25
HOMEY GARDENS,"2,670,000","1,743.77","1,531",Feb-26,LORONG M TELOK KURAU,Resale,Strata,162,"16,481",-,Apartment,1,Freehold,15,Outside Central Region,01 to 05
MANDARIN GARDENS,"2,180,000","1,571.54","1,387",Feb-26,SIGLAP ROAD,Resale,Strata,146,"14,932",-,Condominium,1,99 yrs lease commencing from 1982,15,Outside Central Region,21 to 25
CLAYDENCE,"1,949,280",785.77,"2,481",Feb-26,STILL ROAD,New Sale,Strata,73,"26,702",-,Apartment,1,Freehold,15,Rest of Central Region,01 to 05
SEASIDE RESIDENCES,"1,245,000",559.73,"2,224",Feb-26,SIGLAP LINK,Resale,Strata,52,"23,942",-,Apartment,1,99 yrs lease commencing from 2016,15,Outside Central Region,11 to 15
PEBBLE BAY,"4,400,000","2,098.98","2,096",Feb-26,TANJONG RHU ROAD,Resale,Strata,195,"22,564",-,Condominium,1,99 yrs lease commencing from 1994,15,Rest of Central Region,01 to 05
PARKSHORE,"2,900,000","1,367.03","2,121",Feb-26,TANJONG RHU ROAD,Resale,Strata,127,"22,835",-,Condominium,1,Freehold,15,Rest of Central Region,06 to 10
THE ESTA,"2,520,000","1,001.05","2,517",Feb-26,AMBER GARDENS,Resale,Strata,93,"27,097",-,Condominium,1,Freehold,15,Rest of Central Region,16 to 20
CRESCENDO PARK,"1,850,000","1,054.87","1,754",Feb-26,JALAN TUA KONG,Resale,Strata,98,"18,878",-,Condominium,1,Freehold,15,Outside Central Region,01 to 05
LE CONNEY PARK,"1,194,000",731.95,"1,631",Feb-26,LORONG L TELOK KURAU,Resale,Strata,68,"17,559",-,Apartment,1,Freehold,15,Outside Central Region,01 to 05
MADEIRA COURT,"1,725,000",990.29,"1,742",Feb-26,LORONG M TELOK KURAU,Resale,Strata,92,"18,750",-,Apartment,1,Freehold,15,Outside Central Region,01 to 05
AMBER PARK,"4,350,000","1,571.54","2,768",Feb-26,AMBER GARDENS,Resale,Strata,146,"29,795",-,Condominium,1,Freehold,15,Rest of Central Region,01 to 05
COSTA RHU,"3,030,000","1,776.06","1,706",Feb-26,RHU CROSS,Resale,Strata,165,"18,364",-,Condominium,1,99 yrs lease commencing from 1994,15,Rest of Central Region,01 to 05
CANDEVILLE,"2,058,888","1,388.56","1,483",Feb-26,LORONG M TELOK KURAU,Resale,Strata,129,"15,960",-,Apartment,1,Freehold,15,Outside Central Region,01 to 05
HUA XIN COURT,"3,400,000","1,969.81","1,726",Feb-26,NALLUR ROAD,Resale,Strata,183,"18,579",-,Apartment,1,Freehold,15,Outside Central Region,06 to 10
THE CONTINUUM,"3,651,000","1,237.86","2,949",Feb-26,THIAM SIEW AVENUE,New Sale,Strata,115,"31,748",-,Apartment,1,Freehold,15,Rest of Central Region,11 to 15
AMBER HOUSE,"3,042,512",979.52,"3,106",Feb-26,AMBER GARDENS,New Sale,Strata,91,"33,434",-,Apartment,1,Freehold,15,Rest of Central Region,06 to 10
11 AMBER ROAD,"3,000,000","1,442.38","2,080",Feb-26,AMBER ROAD,Resale,Strata,134,"22,388",-,Apartment,1,Freehold,15,Rest of Central Region,01 to 05
AMBER HOUSE,"3,784,000","1,237.86","3,057",Feb-26,AMBER GARDENS,New Sale,Strata,115,"32,904",-,Apartment,1,Freehold,15,Rest of Central Region,01 to 05
THE CONTINUUM,"3,667,000","1,248.62","2,937",Feb-26,THIAM SIEW AVENUE,New Sale,Strata,116,"31,612",-,Apartment,1,Freehold,15,Rest of Central Region,06 to 10
LAVERNE'S LOFT,"748,888",462.85,"1,618",Feb-26,LORONG L TELOK KURAU,Resale,Strata,43,"17,416",-,Apartment,1,Freehold,15,Outside Central Region,01 to 05
THE ESPIRA,"2,010,000","1,765.3","1,139",Feb-26,LORONG L TELOK KURAU,Resale,Strata,164,"12,256",-,Apartment,1,Freehold,15,Outside Central Region,01 to 05
CAMELOT BY-THE-WATER,"5,950,000","3,035.45","1,960",Feb-26,TANJONG RHU ROAD,Resale,Strata,282,"21,099",-,Condominium,1,99 yrs lease commencing from 1996,15,Rest of Central Region,01 to 05
SILVERSEA,"3,325,000","1,517.72","2,191",Feb-26,MARINE PARADE ROAD,Resale,Strata,141,"23,582",-,Condominium,1,99 yrs lease commencing from 2007,15,Rest of Central Region,01 to 05
THE SHORE RESIDENCES,"3,200,000","1,431.61","2,235",Feb-26,AMBER ROAD,Resale,Strata,133,"24,060",-,Condominium,1,103 yrs lease commencing from 2009,15,Rest of Central Region,16 to 20
VILLA MARTIA,"1,998,888","1,151.75","1,736",Feb-26,MARTIA ROAD,Resale,Strata,107,"18,681",-,Condominium,1,Freehold,15,Outside Central Region,01 to 05
ROXY SQUARE,"1,080,000",602.78,"1,792",Feb-26,EAST COAST ROAD,Resale,Strata,56,"19,286",-,Apartment,1,9999 yrs lease commencing from 1995,15,Rest of Central Region,06 to 10
WATER PLACE,"3,100,000","1,560.78","1,986",Feb-26,TANJONG RHU ROAD,Resale,Strata,145,"21,379",-,Condominium,1,99 yrs lease commencing from 1998,15,Rest of Central Region,06 to 10
NEPTUNE COURT,"1,750,000","1,636.13","1,070",Feb-26,MARINE VISTA,Resale,Strata,152,"11,513",-,Apartment,1,99 yrs lease commencing from 1975,15,Outside Central Region,11 to 15
DE CENTURION,"2,125,000","1,044.11","2,035",Feb-26,TANJONG RHU ROAD,Resale,Strata,97,"21,907",-,Apartment,1,Freehold,15,Rest of Central Region,01 to 05
CLAYDENCE,"2,300,000",871.88,"2,638",Feb-26,STILL ROAD,New Sale,Strata,81,"28,395",-,Apartment,1,Freehold,15,Rest of Central Region,01 to 05
AMBER PARK,"3,760,000","1,302.44","2,887",Feb-26,AMBER GARDENS,Resale,Strata,121,"31,074",-,Condominium,1,Freehold,15,Rest of Central Region,11 to 15
STRAITS MANSIONS,"2,250,000","1,011.82","2,224",Feb-26,SEA AVENUE,Resale,Strata,94,"23,936",-,Apartment,1,Freehold,15,Rest of Central Region,01 to 05
LIV @ MB,"2,080,000",753.48,"2,761",Feb-26,ARTHUR ROAD,Sub Sale,Strata,70,"29,714",-,Condominium,1,99 yrs lease commencing from 2021,15,Rest of Central Region,06 to 10
MANDARIN GARDENS,"2,250,000","1,571.54","1,432",Feb-26,SIGLAP ROAD,Resale,Strata,146,"15,411",-,Condominium,1,99 yrs lease commencing from 1982,15,Outside Central Region,21 to 25
CASUARINA COVE,"2,625,000","1,593.07","1,648",Feb-26,TANJONG RHU ROAD,Resale,Strata,148,"17,736",-,Condominium,1,99 yrs lease commencing from 1993,15,Rest of Central Region,01 to 05
TANJONG RIA CONDOMINIUM,"1,118,000",635.08,"1,760",Feb-26,TANJONG RHU ROAD,Resale,Strata,59,"18,949",-,Condominium,1,99 yrs lease commencing from 1993,15,Rest of Central Region,01 to 05
THE CONTINUUM,"3,094,740","1,065.64","2,904",Feb-26,THIAM SIEW AVENUE,New Sale,Strata,99,"31,260",-,Apartment,1,Freehold,15,Rest of Central Region,11 to 15
CELESTIA,"2,200,000","1,367.03","1,609",Feb-26,JOO CHIAT TERRACE,Resale,Strata,127,"17,323",-,Apartment,1,Freehold,15,Rest of Central Region,01 to 05
THE SEA VIEW,"3,950,000","1,410.08","2,801",Feb-26,AMBER ROAD,Resale,Strata,131,"30,153",-,Condominium,1,Freehold,15,Rest of Central Region,01 to 05
NEPTUNE COURT,"1,268,000","1,270.15",998,Feb-26,MARINE VISTA,Resale,Strata,118,"10,746",-,Apartment,1,99 yrs lease commencing from 1976,15,Outside Central Region,06 to 10
MERLOT VILLE,"1,658,888","1,097.93","1,511",Feb-26,TELOK KURAU ROAD,Resale,Strata,102,"16,264",-,Apartment,1,Freehold,15,Outside Central Region,01 to 05
ARINA EAST RESIDENCES,"2,128,000",796.54,"2,672",Feb-26,TANJONG RHU ROAD,New Sale,Strata,74,"28,757",-,Apartment,1,Freehold,15,Rest of Central Region,01 to 05
ARINA EAST RESIDENCES,"2,288,000",861.12,"2,657",Feb-26,TANJONG RHU ROAD,New Sale,Strata,80,"28,600",-,Apartment,1,Freehold,15,Rest of Central Region,01 to 05
ARINA EAST RESIDENCES,"2,342,000",796.54,"2,940",Feb-26,TANJONG RHU ROAD,New Sale,Strata,74,"31,649",-,Apartment,1,Freehold,15,Rest of Central Region,06 to 10
ARINA EAST RESIDENCES,"3,434,000","1,087.16","3,159",Feb-26,TANJONG RHU ROAD,New Sale,Strata,101,"34,000",-,Apartment,1,Freehold,15,Rest of Central Region,16 to 20
ARINA EAST RESIDENCES,"2,688,000",968.76,"2,775",Jan-26,TANJONG RHU ROAD,New Sale,Strata,90,"29,867",-,Apartment,1,Freehold,15,Rest of Central Region,11 to 15
GRAND DUNMAN,"4,352,000","1,689.95","2,575",Jan-26,DUNMAN ROAD,New Sale,Strata,157,"27,720",-,Apartment,1,99 yrs lease commencing from 2022,15,Rest of Central Region,06 to 10
AMBER HOUSE,"3,550,510","1,216.33","2,919",Jan-26,AMBER GARDENS,New Sale,Strata,113,"31,420",-,Apartment,1,Freehold,15,Rest of Central Region,01 to 05
COSTA RHU,"1,410,000","1,011.82","1,394",Jan-26,RHU CROSS,Resale,Strata,94,"15,000",-,Condominium,1,99 yrs lease commencing from 1994,15,Rest of Central Region,01 to 05
LAGUNA PARK,"2,900,000","3,369.13",861,Jan-26,MARINE PARADE ROAD,Resale,Strata,313,"9,265",-,Apartment,1,99 yrs lease commencing from 1977,15,Outside Central Region,21 to 25
VENTURA VIEW,"710,000",441.32,"1,609",Jan-26,RAMBUTAN ROAD,Resale,Strata,41,"17,317",-,Apartment,1,Freehold,15,Rest of Central Region,01 to 05
FERNWOOD TOWERS,"2,860,000","1,636.13","1,748",Jan-26,FERNWOOD TERRACE,Resale,Strata,152,"18,816",-,Condominium,1,Freehold,15,Outside Central Region,16 to 20
IDYLLIC RESIDENCES,"1,500,000",947.23,"1,584",Jan-26,LORONG M TELOK KURAU,Resale,Strata,88,"17,045",-,Apartment,1,Freehold,15,Outside Central Region,01 to 05
LIV @ MB,"2,145,000",764.24,"2,807",Jan-26,ARTHUR ROAD,Sub Sale,Strata,71,"30,211",-,Condominium,1,99 yrs lease commencing from 2021,15,Rest of Central Region,16 to 20
THE CONTINUUM,"3,482,000","1,248.62","2,789",Jan-26,THIAM SIEW AVENUE,New Sale,Strata,116,"30,017",-,Apartment,1,Freehold,15,Rest of Central Region,01 to 05
THE CONTINUUM,"3,481,830","1,237.86","2,813",Jan-26,THIAM SIEW AVENUE,New Sale,Strata,115,"30,277",-,Apartment,1,Freehold,15,Rest of Central Region,06 to 10
SYCAMORE TREE,"788,000",441.32,"1,786",Jan-26,FOWLIE ROAD,Resale,Strata,41,"19,220",-,Apartment,1,Freehold,15,Rest of Central Region,01 to 05
SILVERSEA,"5,258,000","2,529.54","2,079",Jan-26,MARINE PARADE ROAD,Resale,Strata,235,"22,374",-,Condominium,1,99 yrs lease commencing from 2007,15,Rest of Central Region,16 to 20
PARC SEABREEZE,"3,680,000","1,593.07","2,310",Jan-26,JOO CHIAT ROAD,Resale,Strata,148,"24,865",-,Apartment,1,Freehold,15,Rest of Central Region,06 to 10
CENTRINA,"1,450,000","1,205.57","1,203",Jan-26,EVERITT ROAD NORTH,Resale,Strata,112,"12,946",-,Apartment,1,Freehold,15,Rest of Central Region,01 to 05
KATONG REGENCY,"1,400,000",839.59,"1,667",Jan-26,TANJONG KATONG ROAD,Resale,Strata,78,"17,949",-,Apartment,1,Freehold,15,Rest of Central Region,11 to 15
PINEHURST CONDOMINIUM,"2,425,000","1,474.67","1,644",Jan-26,LORONG L TELOK KURAU,Resale,Strata,137,"17,701",-,Condominium,1,Freehold,15,Outside Central Region,01 to 05
THE CONTINUUM,"3,180,000","1,065.64","2,984",Jan-26,THIAM SIEW AVENUE,New Sale,Strata,99,"32,121",-,Apartment,1,Freehold,15,Rest of Central Region,16 to 20
COSTA RHU,"3,231,000","1,776.06","1,819",Jan-26,RHU CROSS,Resale,Strata,165,"19,582",-,Condominium,1,99 yrs lease commencing from 1994,15,Rest of Central Region,11 to 15
ARINA EAST RESIDENCES,"3,392,000","1,087.16","3,120",Jan-26,TANJONG RHU ROAD,New Sale,Strata,101,"33,584",-,Apartment,1,Freehold,15,Rest of Central Region,11 to 15
MEYER MANSION,"3,323,000","1,108.69","2,997",Jan-26,MEYER ROAD,Resale,Strata,103,"32,262",-,Apartment,1,Freehold,15,Rest of Central Region,01 to 05
STUDIOS@TEMBELING,"1,568,000","1,140.98","1,374",Jan-26,TEMBELING ROAD,Resale,Strata,106,"14,792",-,Apartment,1,Freehold,15,Rest of Central Region,01 to 05
THE CONTINUUM,"3,300,000","1,087.16","3,035",Jan-26,THIAM SIEW AVENUE,New Sale,Strata,101,"32,673",-,Apartment,1,Freehold,15,Rest of Central Region,11 to 15
FLAMINGO VALLEY,"3,300,000","2,066.69","1,597",Jan-26,SIGLAP ROAD,Resale,Strata,192,"17,188",-,Condominium,1,Freehold,15,Outside Central Region,01 to 05
COSTA RHU,"3,030,000","1,776.06","1,706",Jan-26,RHU CROSS,Resale,Strata,165,"18,364",-,Condominium,1,99 yrs lease commencing from 1994,15,Rest of Central Region,01 to 05
GRAND DUNMAN,"3,739,000","1,474.67","2,535",Jan-26,DUNMAN ROAD,New Sale,Strata,137,"27,292",-,Apartment,1,99 yrs lease commencing from 2022,15,Rest of Central Region,06 to 10
THE CONTINUUM,"4,769,000","1,689.95","2,822",Jan-26,THIAM SIEW AVENUE,New Sale,Strata,157,"30,376",-,Apartment,1,Freehold,15,Rest of Central Region,16 to 20
THE CONTINUUM,"1,428,000",559.73,"2,551",Jan-26,THIAM SIEW AVENUE,New Sale,Strata,52,"27,462",-,Apartment,1,Freehold,15,Rest of Central Region,11 to 15
ARINA EAST RESIDENCES,"1,888,000",678.13,"2,784",Jan-26,TANJONG RHU ROAD,New Sale,Strata,63,"29,968",-,Apartment,1,Freehold,15,Rest of Central Region,01 to 05
ARINA EAST RESIDENCES,"1,318,000",495.14,"2,662",Jan-26,TANJONG RHU ROAD,New Sale,Strata,46,"28,652",-,Apartment,1,Freehold,15,Rest of Central Region,06 to 10
ARINA EAST RESIDENCES,"2,938,000","1,087.16","2,702",Jan-26,TANJONG RHU ROAD,New Sale,Strata,101,"29,089",-,Apartment,1,Freehold,15,Rest of Central Region,01 to 05
THE LUCENT,"3,358,000","2,421.9","1,387",Jan-26,LORONG N TELOK KURAU,Resale,Strata,225,"14,924",-,Apartment,1,Freehold,15,Outside Central Region,01 to 05
FLAMINGO VALLEY,"2,068,000","1,173.28","1,763",Jan-26,SIGLAP ROAD,Resale,Strata,109,"18,972",-,Condominium,1,Freehold,15,Outside Central Region,01 to 05
THE VANDERLINT,"1,246,000",742.72,"1,678",Jan-26,CEYLON ROAD,Resale,Strata,69,"18,058",-,Apartment,1,Freehold,15,Rest of Central Region,01 to 05
SANCTUARY GREEN,"1,488,000",850.36,"1,750",Jan-26,TANJONG RHU ROAD,Resale,Strata,79,"18,835",-,Condominium,1,99 yrs lease commencing from 1997,15,Rest of Central Region,01 to 05
SPRINGVALE,"1,990,000","1,108.69","1,795",Jan-26,EAST COAST ROAD,Resale,Strata,103,"19,320",-,Apartment,1,Freehold,15,Outside Central Region,01 to 05
AALTO,"4,300,000","1,550.02","2,774",Jan-26,MEYER ROAD,Resale,Strata,144,"29,861",-,Condominium,1,Freehold,15,Rest of Central Region,11 to 15
GRAND DUNMAN,"4,365,000","1,689.95","2,583",Jan-26,DUNMAN ROAD,New Sale,Strata,157,"27,803",-,Apartment,1,99 yrs lease commencing from 2022,15,Rest of Central Region,06 to 10
GRAND DUNMAN,"5,198,000","2,131.27","2,439",Jan-26,DUNMAN ROAD,New Sale,Strata,198,"26,253",-,Apartment,1,99 yrs lease commencing from 2022,15,Rest of Central Region,06 to 10
THE CONTINUUM,"1,428,000",559.73,"2,551",Jan-26,THIAM SIEW AVENUE,New Sale,Strata,52,"27,462",-,Apartment,1,Freehold,15,Rest of Central Region,11 to 15
ARINA EAST RESIDENCES,"1,888,000",678.13,"2,784",Jan-26,TANJONG RHU ROAD,New Sale,Strata,63,"29,968",-,Apartment,1,Freehold,15,Rest of Central Region,01 to 05
ARINA EAST RESIDENCES,"1,888,000",678.13,"2,784",Jan-26,TANJONG RHU ROAD,New Sale,Strata,63,"29,968",-,Apartment,1,Freehold,15,Rest of Central Region,06 to 10
ARINA EAST RESIDENCES,"1,318,000",495.14,"2,662",Jan-26,TANJONG RHU ROAD,New Sale,Strata,46,"28,652",-,Apartment,1,Freehold,15,Rest of Central Region,06 to 10
AMBER HOUSE,"2,078,384",635.08,"3,273",Jan-26,AMBER GARDENS,New Sale,Strata,59,"35,227",-,Apartment,1,Freehold,15,Rest of Central Region,11 to 15
MELROSE VILLE,"1,250,000",818.06,"1,528",Jan-26,ROSE LANE,Resale,Strata,76,"16,447",-,Apartment,1,Freehold,15,Rest of Central Region,01 to 05
THE CONTINUUM,"3,467,000","1,237.86","2,801",Jan-26,THIAM SIEW AVENUE,New Sale,Strata,115,"30,148",-,Apartment,1,Freehold,15,Rest of Central Region,01 to 05
CLAYDENCE,"2,223,600",871.88,"2,550",Jan-26,STILL ROAD,New Sale,Strata,81,"27,452",-,Apartment,1,Freehold,15,Rest of Central Region,01 to 05
COTE D'AZUR,"2,708,000","1,313.21","2,062",Jan-26,MARINE PARADE ROAD,Resale,Strata,122,"22,197",-,Condominium,1,99 yrs lease commencing from 2001,15,Rest of Central Region,11 to 15
AQUARINE GARDENS,"1,230,088",710.42,"1,731",Jan-26,UPPER EAST COAST ROAD,Resale,Strata,66,"18,638",-,Apartment,1,Freehold,15,Outside Central Region,01 to 05
AMBER 45,"1,905,000",731.95,"2,603",Jan-26,AMBER ROAD,Resale,Strata,68,"28,015",-,Apartment,1,Freehold,15,Rest of Central Region,06 to 10
VILLA MARINA,"1,500,000","1,087.16","1,380",Jan-26,JALAN SEMPADAN,Resale,Strata,101,"14,851",-,Condominium,1,99 yrs lease commencing from 1995,15,Outside Central Region,01 to 05
ARDOR RESIDENCE,"3,868,000","1,517.72","2,549",Jan-26,HAIG ROAD,New Sale,Strata,141,"27,433",-,Apartment,1,Freehold,15,Rest of Central Region,01 to 05
GRAND DUNMAN,"4,834,000","2,314.26","2,089",Jan-26,DUNMAN ROAD,New Sale,Strata,215,"22,484",-,Apartment,1,99 yrs lease commencing from 2022,15,Rest of Central Region,16 to 20
COSTA RHU,"3,570,000","1,969.81","1,812",Jan-26,RHU CROSS,Resale,Strata,183,"19,508",-,Condominium,1,99 yrs lease commencing from 1994,15,Rest of Central Region,06 to 10
SILVERSEA,"4,800,000","2,508.01","1,914",Jan-26,MARINE PARADE ROAD,Resale,Strata,233,"20,601",-,Condominium,1,99 yrs lease commencing from 2007,15,Rest of Central Region,11 to 15
THE CONTINUUM,"3,593,000","1,270.15","2,829",Jan-26,THIAM SIEW AVENUE,New Sale,Strata,118,"30,449",-,Apartment,1,Freehold,15,Rest of Central Region,01 to 05
ARINA EAST RESIDENCES,"1,888,000",678.13,"2,784",Jan-26,TANJONG RHU ROAD,New Sale,Strata,63,"29,968",-,Apartment,1,Freehold,15,Rest of Central Region,01 to 05
ONE AMBER,"3,180,000","1,334.74","2,382",Jan-26,AMBER GARDENS,Resale,Strata,124,"25,645",-,Condominium,1,Freehold,15,Rest of Central Region,06 to 10
RIVEREDGE,"2,680,000","1,410.08","1,901",Jan-26,SAMPAN PLACE,Resale,Strata,131,"20,458",-,Condominium,1,99 yrs lease commencing from 2004,15,Rest of Central Region,01 to 05
SEASIDE RESIDENCES,"1,228,888",559.73,"2,196",Jan-26,SIGLAP LINK,Resale,Strata,52,"23,632",-,Apartment,1,99 yrs lease commencing from 2016,15,Outside Central Region,16 to 20
GRAND DUNMAN,"4,478,000","1,786.82","2,506",Jan-26,DUNMAN ROAD,New Sale,Strata,166,"26,976",-,Apartment,1,99 yrs lease commencing from 2022,15,Rest of Central Region,01 to 05
AMBER HOUSE,"3,983,000","1,237.86","3,218",Jan-26,AMBER GARDENS,New Sale,Strata,115,"34,635",-,Apartment,1,Freehold,15,Rest of Central Region,16 to 20
MAYFAIR RESIDENCES,"2,370,000","1,184.04","2,002",Jan-26,EAST COAST ROAD,Resale,Strata,110,"21,545",-,Apartment,1,Freehold,15,Outside Central Region,01 to 05
GRAND DUNMAN,"2,670,000","1,044.11","2,557",Jan-26,DUNMAN ROAD,New Sale,Strata,97,"27,526",-,Apartment,1,99 yrs lease commencing from 2022,15,Rest of Central Region,06 to 10
ARINA EAST RESIDENCES,"3,338,000","1,237.86","2,697",Jan-26,TANJONG RHU ROAD,New Sale,Strata,115,"29,026",-,Apartment,1,Freehold,15,Rest of Central Region,01 to 05
SEASIDE RESIDENCES,"2,838,000","1,087.16","2,610",Jan-26,SIGLAP LINK,Resale,Strata,101,"28,099",-,Apartment,1,99 yrs lease commencing from 2016,15,Outside Central Region,21 to 25
GRAND DUNMAN,"5,205,000","2,131.27","2,442",Jan-26,DUNMAN ROAD,New Sale,Strata,198,"26,288",-,Apartment,1,99 yrs lease commencing from 2022,15,Rest of Central Region,06 to 10
GRAND DUNMAN,"5,274,000","2,131.27","2,475",Jan-26,DUNMAN ROAD,New Sale,Strata,198,"26,636",-,Apartment,1,99 yrs lease commencing from 2022,15,Rest of Central Region,11 to 15
THE CONTINUUM,"3,325,410","1,087.16","3,059",Jan-26,THIAM SIEW AVENUE,New Sale,Strata,101,"32,925",-,Apartment,1,Freehold,15,Rest of Central Region,11 to 15
COSTA RHU,"2,800,000","1,646.89","1,700",Jan-26,RHU CROSS,Resale,Strata,153,"18,301",-,Condominium,1,99 yrs lease commencing from 1994,15,Rest of Central Region,06 to 10
COTE D'AZUR,"2,838,800","1,539.25","1,844",Jan-26,MARINE PARADE ROAD,Resale,Strata,143,"19,852",-,Condominium,1,99 yrs lease commencing from 2001,15,Rest of Central Region,01 to 05
FULCRUM,"1,400,000",818.06,"1,711",Jan-26,FORT ROAD,Resale,Strata,76,"18,421",-,Condominium,1,Freehold,15,Rest of Central Region,06 to 10
COSTA RHU,"1,950,000","1,399.32","1,394",Jan-26,RHU CROSS,Resale,Strata,130,"15,000",-,Condominium,1,99 yrs lease commencing from 1994,15,Rest of Central Region,01 to 05
THE LUSH,"970,000",516.67,"1,877",Jan-26,DUKU ROAD,Resale,Strata,48,"20,208",-,Apartment,1,Freehold,15,Rest of Central Region,01 to 05
ARINA EAST RESIDENCES,"3,338,000","1,237.86","2,697",Jan-26,TANJONG RHU ROAD,New Sale,Strata,115,"29,026",-,Apartment,1,Freehold,15,Rest of Central Region,01 to 05
DUNMAN VIEW,"1,950,000","1,259.39","1,548",Jan-26,HAIG ROAD,Resale,Strata,117,"16,667",-,Condominium,1,99 yrs lease commencing from 1997,15,Rest of Central Region,01 to 05
EASTERN LAGOON,"2,380,000","1,377.79","1,727",Jan-26,UPPER EAST COAST ROAD,Resale,Strata,128,"18,594",-,Condominium,1,Freehold,15,Outside Central Region,11 to 15
ARINA EAST RESIDENCES,"2,588,000",968.76,"2,671",Jan-26,TANJONG RHU ROAD,New Sale,Strata,90,"28,756",-,Apartment,1,Freehold,15,Rest of Central Region,11 to 15
ARINA EAST RESIDENCES,"2,588,000",968.76,"2,671",Jan-26,TANJONG RHU ROAD,New Sale,Strata,90,"28,756",-,Apartment,1,Freehold,15,Rest of Central Region,11 to 15
ARDOR RESIDENCE,"2,612,000","1,044.11","2,502",Jan-26,HAIG ROAD,New Sale,Strata,97,"26,928",-,Apartment,1,Freehold,15,Rest of Central Region,01 to 05
GRAND DUNMAN,"5,213,000","2,131.27","2,446",Jan-26,DUNMAN ROAD,New Sale,Strata,198,"26,328",-,Apartment,1,99 yrs lease commencing from 2022,15,Rest of Central Region,06 to 10
THE CONTINUUM,"3,152,000","1,065.64","2,958",Jan-26,THIAM SIEW AVENUE,New Sale,Strata,99,"31,838",-,Apartment,1,Freehold,15,Rest of Central Region,11 to 15
RESIDENCE TWENTY-TWO,"2,570,000","1,194.8","2,151",Jan-26,TELOK KURAU ROAD,Resale,Strata,111,"23,153",-,Apartment,1,Freehold,15,Outside Central Region,01 to 05
TIERRA VUE,"3,758,000","2,055.92","1,828",Jan-26,ST. PATRICK'S ROAD,Resale,Strata,191,"19,675",-,Condominium,1,Freehold,15,Outside Central Region,01 to 05
OLLOI,"2,288,000","1,022.58","2,237",Jan-26,LORONG 101 CHANGI,Resale,Strata,95,"24,084",-,Apartment,1,Freehold,15,Rest of Central Region,01 to 05
SILVERSEA,"2,970,000","1,496.2","1,985",Jan-26,MARINE PARADE ROAD,Resale,Strata,139,"21,367",-,Condominium,1,99 yrs lease commencing from 2007,15,Rest of Central Region,01 to 05
ARINA EAST RESIDENCES,"2,588,000",968.76,"2,671",Jan-26,TANJONG RHU ROAD,New Sale,Strata,90,"28,756",-,Apartment,1,Freehold,15,Rest of Central Region,11 to 15
ARINA EAST RESIDENCES,"2,938,000","1,087.16","2,702",Jan-26,TANJONG RHU ROAD,New Sale,Strata,101,"29,089",-,Apartment,1,Freehold,15,Rest of Central Region,01 to 05
SUNNY PALMS,"1,755,000","1,367.03","1,284",Jan-26,LORONG G TELOK KURAU,Resale,Strata,127,"13,819",-,Condominium,1,Freehold,15,Outside Central Region,01 to 05
MEYER MANSION,"3,050,000","1,108.69","2,751",Jan-26,MEYER ROAD,Resale,Strata,103,"29,612",-,Apartment,1,Freehold,15,Rest of Central Region,01 to 05
AALTO,"5,465,000","2,023.63","2,701",Jan-26,MEYER ROAD,Resale,Strata,188,"29,069",-,Condominium,1,Freehold,15,Rest of Central Region,11 to 15
THE CONTINUUM,"3,359,000","1,087.16","3,090",Jan-26,THIAM SIEW AVENUE,New Sale,Strata,101,"33,257",-,Apartment,1,Freehold,15,Rest of Central Region,11 to 15
KOON SENG HOUSE,"2,926,000","1,313.21","2,228",Jan-26,KOON SENG ROAD,New Sale,Strata,122,"23,984",-,Apartment,1,Freehold,15,Rest of Central Region,01 to 05
MEYER RESIDENCE,"2,500,000","1,151.75","2,171",Jan-26,MEYER PLACE,Resale,Strata,107,"23,364",-,Apartment,1,Freehold,15,Rest of Central Region,11 to 15
SIGLAP V,"855,000",516.67,"1,655",Jan-26,FIRST STREET,Resale,Strata,48,"17,813",-,Apartment,1,Freehold,15,Outside Central Region,01 to 05
AMBER HOUSE,"3,109,206",979.52,"3,174",Jan-26,AMBER GARDENS,New Sale,Strata,91,"34,167",-,Apartment,1,Freehold,15,Rest of Central Region,11 to 15
MERIDIAN 38,"1,850,000","1,151.75","1,606",Jan-26,LORONG M TELOK KURAU,Resale,Strata,107,"17,290",-,Apartment,1,Freehold,15,Outside Central Region,01 to 05
MEYER MANSION,"3,300,000","1,108.69","2,976",Jan-26,MEYER ROAD,Resale,Strata,103,"32,039",-,Apartment,1,Freehold,15,Rest of Central Region,06 to 10
ARDOR RESIDENCE,"2,485,000",979.52,"2,537",Jan-26,HAIG ROAD,New Sale,Strata,91,"27,308",-,Apartment,1,Freehold,15,Rest of Central Region,01 to 05
GRAND DUNMAN,"4,354,000","1,926.76","2,260",Jan-26,DUNMAN ROAD,New Sale,Strata,179,"24,324",-,Apartment,1,99 yrs lease commencing from 2022,15,Rest of Central Region,01 to 05
GRAND DUNMAN,"4,360,000","1,926.76","2,263",Jan-26,DUNMAN ROAD,New Sale,Strata,179,"24,358",-,Apartment,1,99 yrs lease commencing from 2022,15,Rest of Central Region,01 to 05
GRAND DUNMAN,"4,503,000","1,786.82","2,520",Jan-26,DUNMAN ROAD,New Sale,Strata,166,"27,127",-,Apartment,1,99 yrs lease commencing from 2022,15,Rest of Central Region,01 to 05
GRAND DUNMAN,"5,262,000","2,131.27","2,469",Jan-26,DUNMAN ROAD,New Sale,Strata,198,"26,576",-,Apartment,1,99 yrs lease commencing from 2022,15,Rest of Central Region,11 to 15
COSTA RHU,"2,260,000","1,399.32","1,615",Jan-26,RHU CROSS,Resale,Strata,130,"17,385",-,Condominium,1,99 yrs lease commencing from 1994,15,Rest of Central Region,11 to 15
THE RED HOUSE,"1,410,000",958,"1,472",Jan-26,EAST COAST ROAD,Resale,Strata,89,"15,843",-,Apartment,1,99 yrs lease commencing from 2012,15,Rest of Central Region,01 to 05
ONE MEYER,"2,750,000","1,033.34","2,661",Jan-26,MEYER PLACE,Resale,Strata,96,"28,646",-,Apartment,1,Freehold,15,Rest of Central Region,06 to 10
AALTO,"4,150,000","1,442.38","2,877",Jan-26,MEYER ROAD,Resale,Strata,134,"30,970",-,Condominium,1,Freehold,15,Rest of Central Region,21 to 25
SEASIDE RESIDENCES,"1,900,000",785.77,"2,418",Jan-26,SIGLAP LINK,Resale,Strata,73,"26,027",-,Apartment,1,99 yrs lease commencing from 2016,15,Outside Central Region,06 to 10
ARINA EAST RESIDENCES,"3,338,000","1,237.86","2,697",Jan-26,TANJONG RHU ROAD,New Sale,Strata,115,"29,026",-,Apartment,1,Freehold,15,Rest of Central Region,01 to 05
SEASIDE RESIDENCES,"2,045,000",807.3,"2,533",Jan-26,SIGLAP LINK,Resale,Strata,75,"27,267",-,Apartment,1,99 yrs lease commencing from 2016,15,Outside Central Region,11 to 15
MANDARIN GARDENS,"1,000,000",731.95,"1,366",Jan-26,SIGLAP ROAD,Resale,Strata,68,"14,706",-,Condominium,1,99 yrs lease commencing from 1982,15,Outside Central Region,16 to 20
ARDOR RESIDENCE,"2,223,000",861.12,"2,582",Jan-26,HAIG ROAD,New Sale,Strata,80,"27,788",-,Apartment,1,Freehold,15,Rest of Central Region,01 to 05
THE CONTINUUM,"3,383,000","1,237.86","2,733",Jan-26,THIAM SIEW AVENUE,New Sale,Strata,115,"29,417",-,Apartment,1,Freehold,15,Rest of Central Region,01 to 05
ARINA EAST RESIDENCES,"3,338,000","1,237.86","2,697",Jan-26,TANJONG RHU ROAD,New Sale,Strata,115,"29,026",-,Apartment,1,Freehold,15,Rest of Central Region,06 to 10
GRAND DUNMAN,"1,998,000",667.37,"2,994",Jan-26,DUNMAN ROAD,New Sale,Strata,62,"32,226",-,Apartment,1,99 yrs lease commencing from 2022,15,Rest of Central Region,16 to 20
ARINA EAST RESIDENCES,"3,888,000","1,388.56","2,800",Jan-26,TANJONG RHU ROAD,New Sale,Strata,129,"30,140",-,Apartment,1,Freehold,15,Rest of Central Region,11 to 15
THE CONTINUUM,"3,356,000","1,087.16","3,087",Jan-26,THIAM SIEW AVENUE,New Sale,Strata,101,"33,228",-,Apartment,1,Freehold,15,Rest of Central Region,16 to 20
THE LINE @ TANJONG RHU,"2,450,000","1,065.64","2,299",Jan-26,TANJONG RHU ROAD,Resale,Strata,99,"24,747",-,Condominium,1,Freehold,15,Rest of Central Region,06 to 10
SEASIDE RESIDENCES,"1,108,888",505.91,"2,192",Jan-26,SIGLAP LINK,Resale,Strata,47,"23,593",-,Apartment,1,99 yrs lease commencing from 2016,15,Outside Central Region,06 to 10
GRAND DUNMAN,"4,010,000","1,689.95","2,373",Jan-26,DUNMAN ROAD,New Sale,Strata,157,"25,541",-,Apartment,1,99 yrs lease commencing from 2022,15,Rest of Central Region,01 to 05
FLAMINGO VALLEY,"3,108,888","1,593.07","1,952",Jan-26,SIGLAP ROAD,Resale,Strata,148,"21,006",-,Condominium,1,Freehold,15,Outside Central Region,01 to 05
MARINE BLUE,"1,788,888","1,270.15","1,408",Jan-26,MARINE PARADE ROAD,Resale,Strata,118,"15,160",-,Condominium,1,Freehold,15,Rest of Central Region,06 to 10
BAYWIND RESIDENCES,"3,025,000","1,270.15","2,382",Jan-26,LORONG N TELOK KURAU,Resale,Strata,118,"25,636",-,Apartment,1,Freehold,15,Outside Central Region,01 to 05
FLAMINGO VALLEY,"2,372,000","1,216.33","1,950",Jan-26,SIGLAP ROAD,Resale,Strata,113,"20,991",-,Condominium,1,Freehold,15,Outside Central Region,01 to 05
COASTLINE RESIDENCES,"1,275,888",452.09,"2,822",Jan-26,AMBER ROAD,Resale,Strata,42,"30,378",-,Apartment,1,Freehold,15,Rest of Central Region,11 to 15
LIV @ MB,"1,720,000",624.31,"2,755",Jan-26,ARTHUR ROAD,Sub Sale,Strata,58,"29,655",-,Condominium,1,99 yrs lease commencing from 2021,15,Rest of Central Region,11 to 15
ARINA EAST RESIDENCES,"1,888,000",678.13,"2,784",Jan-26,TANJONG RHU ROAD,New Sale,Strata,63,"29,968",-,Apartment,1,Freehold,15,Rest of Central Region,06 to 10
SYCAMORE TREE,"1,432,500",818.06,"1,751",Jan-26,FOWLIE ROAD,Resale,Strata,76,"18,849",-,Apartment,1,Freehold,15,Rest of Central Region,01 to 05
FLAMINGO VALLEY,"1,575,000",818.06,"1,925",Jan-26,SIGLAP ROAD,Resale,Strata,76,"20,724",-,Condominium,1,Freehold,15,Outside Central Region,01 to 05
THE PALLADIUM,"2,820,000","1,259.39","2,239",Jan-26,BROOKE ROAD,Resale,Strata,117,"24,103",-,Apartment,1,Freehold,15,Rest of Central Region,11 to 15
TELOK MANSION,"2,238,000","1,550.02","1,444",Jan-26,TELOK KURAU ROAD,Resale,Strata,144,"15,542",-,Apartment,1,Freehold,15,Outside Central Region,01 to 05
EASTBAY,"1,128,888",688.9,"1,639",Jan-26,TAY LIAN TECK ROAD,Resale,Strata,64,"17,639",-,Apartment,1,Freehold,15,Outside Central Region,01 to 05
PEBBLE BAY,"3,500,000","1,894.46","1,847",Jan-26,TANJONG RHU ROAD,Resale,Strata,176,"19,886",-,Condominium,1,99 yrs lease commencing from 1994,15,Rest of Central Region,06 to 10
GRAND DUNMAN,"4,497,000","1,786.82","2,517",Jan-26,DUNMAN ROAD,New Sale,Strata,166,"27,090",-,Apartment,1,99 yrs lease commencing from 2022,15,Rest of Central Region,01 to 05
COASTLINE RESIDENCES,"1,968,000",710.42,"2,770",Jan-26,AMBER ROAD,Resale,Strata,66,"29,818",-,Apartment,1,Freehold,15,Rest of Central Region,11 to 15
EVERITT EDGE,"720,000",484.38,"1,486",Jan-26,JOO CHIAT PLACE,Resale,Strata,45,"16,000",-,Apartment,1,Freehold,15,Rest of Central Region,01 to 05
TEMBUSU GRAND,"1,557,000",645.84,"2,411",Jan-26,JALAN TEMBUSU,New Sale,Strata,60,"25,950",-,Condominium,1,99 yrs lease commencing from 2022,15,Rest of Central Region,16 to 20
SEVENTY SAINT PATRICK'S,"3,500,000","1,270.15","2,756",Jan-26,ST. PATRICK'S ROAD,Resale,Strata,118,"29,661",-,Condominium,1,Freehold,15,Outside Central Region,01 to 05
STRAITS AT JOO CHIAT,"2,850,000","1,453.14","1,961",Jan-26,JOO CHIAT PLACE,New Sale,Strata,135,"21,111",-,Apartment,1,Freehold,15,Outside Central Region,01 to 05
THE CONTINUUM,"1,428,000",559.73,"2,551",Jan-26,THIAM SIEW AVENUE,New Sale,Strata,52,"27,462",-,Apartment,1,Freehold,15,Rest of Central Region,11 to 15
COTE D'AZUR,"1,480,000",839.59,"1,763",Jan-26,MARINE PARADE ROAD,Resale,Strata,78,"18,974",-,Condominium,1,99 yrs lease commencing from 2001,15,Rest of Central Region,01 to 05
AMBER HOUSE,"3,732,474","1,216.33","3,069",Jan-26,AMBER GARDENS,New Sale,Strata,113,"33,031",-,Apartment,1,Freehold,15,Rest of Central Region,11 to 15
THE CONTINUUM,"1,428,000",559.73,"2,551",Dec-25,THIAM SIEW AVENUE,New Sale,Strata,52,"27,462",-,Apartment,1,Freehold,15,Rest of Central Region,11 to 15
LAGUNA PARK,"1,868,888","1,614.6","1,157",Dec-25,MARINE PARADE ROAD,Resale,Strata,150,"12,459",-,Apartment,1,99 yrs lease commencing from 1977,15,Outside Central Region,11 to 15
SANCTUARY GREEN,"2,318,000","1,399.32","1,657",Dec-25,TANJONG RHU ROAD,Resale,Strata,130,"17,831",-,Condominium,1,99 yrs lease commencing from 1997,15,Rest of Central Region,06 to 10
FLAMINGO VALLEY,"3,180,000","1,636.13","1,944",Dec-25,SIGLAP ROAD,Resale,Strata,152,"20,921",-,Condominium,1,Freehold,15,Outside Central Region,01 to 05
COASTLINE RESIDENCES,"2,220,000",710.42,"3,125",Dec-25,AMBER ROAD,Resale,Strata,66,"33,636",-,Apartment,1,Freehold,15,Rest of Central Region,11 to 15
IMPERIAL HEIGHTS,"980,000",592.02,"1,655",Dec-25,IPOH LANE,Resale,Strata,55,"17,818",-,Apartment,1,Freehold,15,Rest of Central Region,06 to 10
WATER PLACE,"2,350,000","1,227.1","1,915",Dec-25,TANJONG RHU ROAD,Resale,Strata,114,"20,614",-,Condominium,1,99 yrs lease commencing from 1998,15,Rest of Central Region,11 to 15
THE CARPMAELINA,"2,650,000","1,926.76","1,375",Dec-25,CARPMAEL ROAD,Resale,Strata,179,"14,804",-,Condominium,1,Freehold,15,Rest of Central Region,01 to 05
THE SOUND,"2,200,000","1,065.64","2,064",Dec-25,EAST COAST ROAD,Resale,Strata,99,"22,222",-,Condominium,1,Freehold,15,Outside Central Region,01 to 05
STRAITS AT JOO CHIAT,"2,900,000","1,453.14","1,996",Dec-25,JOO CHIAT PLACE,New Sale,Strata,135,"21,481",-,Apartment,1,Freehold,15,Outside Central Region,01 to 05
MANDARIN GARDENS,"2,160,000","1,786.82","1,209",Dec-25,SIGLAP ROAD,Resale,Strata,166,"13,012",-,Condominium,1,99 yrs lease commencing from 1982,15,Outside Central Region,01 to 05
ONE MEYER,"1,750,000",613.55,"2,852",Dec-25,MEYER PLACE,Resale,Strata,57,"30,702",-,Apartment,1,Freehold,15,Rest of Central Region,01 to 05
AMBER HOUSE,"3,762,402","1,216.33","3,093",Dec-25,AMBER GARDENS,New Sale,Strata,113,"33,296",-,Apartment,1,Freehold,15,Rest of Central Region,11 to 15
ARDOR RESIDENCE,"2,521,330",979.52,"2,574",Dec-25,HAIG ROAD,New Sale,Strata,91,"27,707",-,Apartment,1,Freehold,15,Rest of Central Region,01 to 05
THE CONTINUUM,"3,669,000","1,237.86","2,964",Dec-25,THIAM SIEW AVENUE,New Sale,Strata,115,"31,904",-,Apartment,1,Freehold,15,Rest of Central Region,11 to 15
RESIDENTIAL APARTMENTS,"1,593,000","1,108.69","1,437",Dec-25,LORONG K TELOK KURAU,Resale,Strata,103,"15,466",-,Apartment,1,Freehold,15,Outside Central Region,01 to 05
THE CONTINUUM,"3,231,000","1,087.16","2,972",Dec-25,THIAM SIEW AVENUE,New Sale,Strata,101,"31,990",-,Apartment,1,Freehold,15,Rest of Central Region,11 to 15
RESIDENTIAL APARTMENTS,"1,800,000",882.65,"2,039",Dec-25,TANJONG KATONG ROAD,Resale,Strata,82,"21,951",-,Apartment,1,Freehold,15,Rest of Central Region,01 to 05
STRAITS AT JOO CHIAT,"2,950,000","1,453.14","2,030",Dec-25,JOO CHIAT PLACE,New Sale,Strata,135,"21,852",-,Apartment,1,Freehold,15,Outside Central Region,01 to 05
SUITES @ GUILLEMARD,"685,000",387.5,"1,768",Dec-25,LIM AH WOO ROAD,Resale,Strata,36,"19,028",-,Apartment,1,Freehold,15,Rest of Central Region,01 to 05
TEMBUSU GRAND,"1,437,000",527.44,"2,725",Dec-25,JALAN TEMBUSU,New Sale,Strata,49,"29,327",-,Condominium,1,99 yrs lease commencing from 2022,15,Rest of Central Region,16 to 20
BUTTERWORTH 8,"2,588,000","1,313.21","1,971",Dec-25,BUTTERWORTH LANE,Resale,Strata,122,"21,213",-,Condominium,1,Freehold,15,Rest of Central Region,01 to 05
PARK EAST,"1,720,000",871.88,"1,973",Dec-25,JALAN TUA KONG,Resale,Strata,81,"21,235",-,Condominium,1,Freehold,15,Outside Central Region,01 to 05
MANDARIN GARDENS,"1,328,000","1,001.05","1,327",Dec-25,SIGLAP ROAD,Resale,Strata,93,"14,280",-,Condominium,1,99 yrs lease commencing from 1982,15,Outside Central Region,01 to 05
TORIE MANSIONS,"2,000,000","1,442.38","1,387",Dec-25,EVERITT ROAD,Resale,Strata,134,"14,925",-,Apartment,1,Freehold,15,Rest of Central Region,01 to 05
LIV @ MB,"2,013,888",753.48,"2,673",Dec-25,ARTHUR ROAD,Sub Sale,Strata,70,"28,770",-,Condominium,1,99 yrs lease commencing from 2021,15,Rest of Central Region,11 to 15
THE CONTINUUM,"1,993,000",645.84,"3,086",Dec-25,THIAM SIEW AVENUE,New Sale,Strata,60,"33,217",-,Apartment,1,Freehold,15,Rest of Central Region,16 to 20
PRESTIGE RESIDENCE,"1,510,000",990.29,"1,525",Dec-25,LORONG G TELOK KURAU,Resale,Strata,92,"16,413",-,Apartment,1,Freehold,15,Outside Central Region,01 to 05
SEASIDE RESIDENCES,"2,380,000","1,022.58","2,327",Dec-25,SIGLAP LINK,Resale,Strata,95,"25,053",-,Apartment,1,99 yrs lease commencing from 2016,15,Outside Central Region,06 to 10
SYCAMORE TREE,"748,000",387.5,"1,930",Dec-25,FOWLIE ROAD,Resale,Strata,36,"20,778",-,Apartment,1,Freehold,15,Rest of Central Region,01 to 05
ARDOR RESIDENCE,"2,180,040",861.12,"2,532",Dec-25,HAIG ROAD,New Sale,Strata,80,"27,251",-,Apartment,1,Freehold,15,Rest of Central Region,01 to 05
THE CONTINUUM,"1,378,000",559.73,"2,462",Dec-25,THIAM SIEW AVENUE,New Sale,Strata,52,"26,500",-,Apartment,1,Freehold,15,Rest of Central Region,01 to 05
THE CONTINUUM,"1,528,000",559.73,"2,730",Dec-25,THIAM SIEW AVENUE,New Sale,Strata,52,"29,385",-,Apartment,1,Freehold,15,Rest of Central Region,11 to 15
RESIDENTIAL APARTMENTS,"1,900,000","1,237.86","1,535",Dec-25,TANJONG KATONG ROAD,Resale,Strata,115,"16,522",-,Apartment,1,Freehold,15,Rest of Central Region,01 to 05
MEYER MANSION,"3,288,000","1,108.69","2,966",Dec-25,MEYER ROAD,Resale,Strata,103,"31,922",-,Apartment,1,Freehold,15,Rest of Central Region,01 to 05
K SUITES,"2,717,500","1,087.16","2,500",Dec-25,LORONG K TELOK KURAU,New Sale,Strata,101,"26,906",-,Apartment,1,Freehold,15,Outside Central Region,01 to 05
THE CONTINUUM,"1,428,000",559.73,"2,551",Dec-25,THIAM SIEW AVENUE,New Sale,Strata,52,"27,462",-,Apartment,1,Freehold,15,Rest of Central Region,06 to 10
NEPTUNE COURT,"1,330,000","1,270.15","1,047",Dec-25,MARINE VISTA,Resale,Strata,118,"11,271",-,Apartment,1,99 yrs lease commencing from 1976,15,Outside Central Region,16 to 20
MARINE VIEW MANSIONS,"4,800,000","2,077.45","2,311",Dec-25,MARINE PARADE,Resale,Strata,193,"24,870",-,Condominium,1,Freehold,15,Rest of Central Region,01 to 05
SEASIDE RESIDENCES,"2,362,888","1,022.58","2,311",Dec-25,SIGLAP LINK,Resale,Strata,95,"24,873",-,Apartment,1,99 yrs lease commencing from 2016,15,Outside Central Region,06 to 10
THE SHORE RESIDENCES,"1,050,000",592.02,"1,774",Dec-25,AMBER ROAD,Resale,Strata,55,"19,091",-,Condominium,1,103 yrs lease commencing from 2009,15,Rest of Central Region,01 to 05
TANJONG RIA CONDOMINIUM,"1,310,000",807.3,"1,623",Dec-25,TANJONG RHU ROAD,Resale,Strata,75,"17,467",-,Condominium,1,99 yrs lease commencing from 1993,15,Rest of Central Region,01 to 05
CARPMAEL THIRTY-EIGHT,"2,300,000","1,270.15","1,811",Dec-25,CARPMAEL ROAD,Resale,Strata,118,"19,492",-,Apartment,1,Freehold,15,Rest of Central Region,01 to 05
MANDARIN GARDENS,"2,250,000","1,571.54","1,432",Dec-25,SIGLAP ROAD,Resale,Strata,146,"15,411",-,Condominium,1,99 yrs lease commencing from 1982,15,Outside Central Region,21 to 25
KOON SENG HOUSE,"2,638,000","1,162.51","2,269",Dec-25,KOON SENG ROAD,New Sale,Strata,108,"24,426",-,Apartment,1,Freehold,15,Rest of Central Region,01 to 05
RESIDENCE 118,"1,290,000",839.59,"1,536",Dec-25,LORONG L TELOK KURAU,Resale,Strata,78,"16,538",-,Apartment,1,Freehold,15,Outside Central Region,01 to 05
SEASIDE RESIDENCES,"1,238,888",559.73,"2,213",Dec-25,SIGLAP LINK,Resale,Strata,52,"23,825",-,Apartment,1,99 yrs lease commencing from 2016,15,Outside Central Region,16 to 20
SUITES @ EASTCOAST,"1,910,000","1,786.82","1,069",Dec-25,UPPER EAST COAST ROAD,Resale,Strata,166,"11,506",-,Condominium,1,Freehold,15,Outside Central Region,01 to 05
LIV @ MB,"3,290,000","1,280.92","2,568",Dec-25,ARTHUR ROAD,Sub Sale,Strata,119,"27,647",-,Condominium,1,99 yrs lease commencing from 2021,15,Rest of Central Region,01 to 05
ARDOR RESIDENCE,"2,293,000",893.41,"2,567",Dec-25,HAIG ROAD,New Sale,Strata,83,"27,627",-,Apartment,1,Freehold,15,Rest of Central Region,01 to 05
MEYER BLUE,"3,529,000","1,140.98","3,093",Dec-25,MEYER ROAD,New Sale,Strata,106,"33,292",-,Apartment,1,Freehold,15,Rest of Central Region,01 to 05
PARC ELEGANCE,"800,000",473.62,"1,689",Dec-25,TELOK KURAU ROAD,Resale,Strata,44,"18,182",-,Apartment,1,Freehold,15,Outside Central Region,01 to 05
COSTA RHU,"1,591,000",990.29,"1,607",Dec-25,RHU CROSS,Resale,Strata,92,"17,293",-,Condominium,1,99 yrs lease commencing from 1994,15,Rest of Central Region,01 to 05
J@63,"2,515,000","1,431.61","1,757",Dec-25,LORONG J TELOK KURAU,Sub Sale,Strata,133,"18,910",-,Apartment,1,Freehold,15,Outside Central Region,01 to 05
MEYER MANSION,"2,938,888","1,108.69","2,651",Dec-25,MEYER ROAD,Resale,Strata,103,"28,533",-,Apartment,1,Freehold,15,Rest of Central Region,01 to 05
THE CONTINUUM,"3,420,000","1,237.86","2,763",Dec-25,THIAM SIEW AVENUE,New Sale,Strata,115,"29,739",-,Apartment,1,Freehold,15,Rest of Central Region,01 to 05
FLAMINGO VALLEY,"1,568,000",818.06,"1,917",Dec-25,SIGLAP ROAD,Resale,Strata,76,"20,632",-,Condominium,1,Freehold,15,Outside Central Region,01 to 05
LAGOON VIEW,"1,975,000","1,646.89","1,199",Dec-25,MARINE PARADE ROAD,Resale,Strata,153,"12,908",-,Apartment,1,99 yrs lease commencing from 1977,15,Outside Central Region,16 to 20
THE CONTINUUM,"1,378,000",559.73,"2,462",Dec-25,THIAM SIEW AVENUE,New Sale,Strata,52,"26,500",-,Apartment,1,Freehold,15,Rest of Central Region,01 to 05
ONE AMBER,"3,320,000","1,388.56","2,391",Dec-25,AMBER GARDENS,Resale,Strata,129,"25,736",-,Condominium,1,Freehold,15,Rest of Central Region,16 to 20
THE ESTA,"2,780,000","1,173.28","2,369",Dec-25,AMBER GARDENS,Resale,Strata,109,"25,505",-,Condominium,1,Freehold,15,Rest of Central Region,01 to 05
THE CONTINUUM,"3,501,000","1,237.86","2,828",Dec-25,THIAM SIEW AVENUE,New Sale,Strata,115,"30,443",-,Apartment,1,Freehold,15,Rest of Central Region,06 to 10
VIBES @ EAST COAST,"1,005,000",667.37,"1,506",Dec-25,TELOK KURAU ROAD,Resale,Strata,62,"16,210",-,Apartment,1,Freehold,15,Outside Central Region,01 to 05
OCEAN PARK,"3,850,000","1,872.94","2,056",Dec-25,EAST COAST ROAD,Resale,Strata,174,"22,126",-,Condominium,1,Freehold,15,Outside Central Region,11 to 15
HAIG COURT,"3,305,000","1,550.02","2,132",Dec-25,HAIG ROAD,Resale,Strata,144,"22,951",-,Condominium,1,Freehold,15,Rest of Central Region,06 to 10
PARKSHORE,"3,080,000","1,334.74","2,308",Dec-25,TANJONG RHU ROAD,Resale,Strata,124,"24,839",-,Condominium,1,Freehold,15,Rest of Central Region,11 to 15
NEPTUNE COURT,"1,860,000","1,636.13","1,137",Dec-25,MARINE VISTA,Resale,Strata,152,"12,237",-,Apartment,1,99 yrs lease commencing from 1975,15,Outside Central Region,11 to 15
THE CONTINUUM,"1,428,000",559.73,"2,551",Dec-25,THIAM SIEW AVENUE,New Sale,Strata,52,"27,462",-,Apartment,1,Freehold,15,Rest of Central Region,11 to 15
THE LINE @ TANJONG RHU,"850,000",419.8,"2,025",Dec-25,TANJONG RHU ROAD,Resale,Strata,39,"21,795",-,Condominium,1,Freehold,15,Rest of Central Region,06 to 10
NEPTUNE COURT,"1,880,000","1,636.13","1,149",Dec-25,MARINE VISTA,Resale,Strata,152,"12,368",-,Apartment,1,99 yrs lease commencing from 1975,15,Outside Central Region,06 to 10
RESIDENTIAL APARTMENTS,"2,010,000","1,506.96","1,334",Dec-25,TANJONG KATONG ROAD,Resale,Strata,140,"14,357",-,Apartment,1,9999 yrs lease commencing from 1964,15,Rest of Central Region,01 to 05
MANDARIN GARDENS,"2,145,000","1,571.54","1,365",Dec-25,SIGLAP ROAD,Resale,Strata,146,"14,692",-,Condominium,1,99 yrs lease commencing from 1982,15,Outside Central Region,16 to 20
MANDARIN GARDENS,"1,950,000","1,528.49","1,276",Dec-25,SIGLAP ROAD,Resale,Strata,142,"13,732",-,Condominium,1,99 yrs lease commencing from 1982,15,Outside Central Region,01 to 05
FERNWOOD TOWERS,"2,700,000","1,636.13","1,650",Dec-25,FERNWOOD TERRACE,Resale,Strata,152,"17,763",-,Condominium,1,Freehold,15,Outside Central Region,06 to 10
THE CONTINUUM,"1,378,000",559.73,"2,462",Dec-25,THIAM SIEW AVENUE,New Sale,Strata,52,"26,500",-,Apartment,1,Freehold,15,Rest of Central Region,01 to 05
THE CONTINUUM,"1,378,000",559.73,"2,462",Dec-25,THIAM SIEW AVENUE,New Sale,Strata,52,"26,500",-,Apartment,1,Freehold,15,Rest of Central Region,01 to 05
THE CONTINUUM,"3,660,000","1,248.62","2,931",Dec-25,THIAM SIEW AVENUE,New Sale,Strata,116,"31,552",-,Apartment,1,Freehold,15,Rest of Central Region,11 to 15
THE CONTINUUM,"3,950,000","1,496.2","2,640",Dec-25,THIAM SIEW AVENUE,New Sale,Strata,139,"28,417",-,Apartment,1,Freehold,15,Rest of Central Region,16 to 20
THE CONTINUUM,"1,398,000",559.73,"2,498",Dec-25,THIAM SIEW AVENUE,New Sale,Strata,52,"26,885",-,Apartment,1,Freehold,15,Rest of Central Region,11 to 15
KOON SENG HOUSE,"2,960,000","1,313.21","2,254",Dec-25,KOON SENG ROAD,New Sale,Strata,122,"24,262",-,Apartment,1,Freehold,15,Rest of Central Region,01 to 05
PEBBLE BAY,"4,900,000","2,626.42","1,866",Dec-25,TANJONG RHU ROAD,Resale,Strata,244,"20,082",-,Condominium,1,99 yrs lease commencing from 1994,15,Rest of Central Region,01 to 05
GRAND DUNMAN,"4,422,000","1,926.76","2,295",Dec-25,DUNMAN ROAD,New Sale,Strata,179,"24,704",-,Apartment,1,99 yrs lease commencing from 2022,15,Rest of Central Region,01 to 05
AMBER HOUSE,"3,602,895","1,216.33","2,962",Dec-25,AMBER GARDENS,New Sale,Strata,113,"31,884",-,Apartment,1,Freehold,15,Rest of Central Region,06 to 10
SILVERSEA,"3,620,000","1,646.89","2,198",Dec-25,MARINE PARADE ROAD,Resale,Strata,153,"23,660",-,Condominium,1,99 yrs lease commencing from 2007,15,Rest of Central Region,16 to 20
THE CONTINUUM,"1,428,000",559.73,"2,551",Dec-25,THIAM SIEW AVENUE,New Sale,Strata,52,"27,462",-,Apartment,1,Freehold,15,Rest of Central Region,06 to 10
THE SOUND,"2,520,000","1,270.15","1,984",Dec-25,EAST COAST ROAD,Resale,Strata,118,"21,356",-,Condominium,1,Freehold,15,Outside Central Region,01 to 05
COASTLINE RESIDENCES,"2,080,000",721.19,"2,884",Dec-25,AMBER ROAD,Resale,Strata,67,"31,045",-,Apartment,1,Freehold,15,Rest of Central Region,06 to 10
ONE MEYER,"3,200,000","1,033.34","3,097",Dec-25,MEYER PLACE,Resale,Strata,96,"33,333",-,Apartment,1,Freehold,15,Rest of Central Region,16 to 20
ARDOR RESIDENCE,"2,684,000","1,044.11","2,571",Dec-25,HAIG ROAD,New Sale,Strata,97,"27,670",-,Apartment,1,Freehold,15,Rest of Central Region,01 to 05
THE CONTINUUM,"1,368,000",559.73,"2,444",Dec-25,THIAM SIEW AVENUE,New Sale,Strata,52,"26,308",-,Apartment,1,Freehold,15,Rest of Central Region,06 to 10
THE CONTINUUM,"1,398,000",559.73,"2,498",Dec-25,THIAM SIEW AVENUE,New Sale,Strata,52,"26,885",-,Apartment,1,Freehold,15,Rest of Central Region,11 to 15
THE TREELINE,"2,200,000","1,517.72","1,450",Dec-25,LORONG G TELOK KURAU,Resale,Strata,141,"15,603",-,Apartment,1,Freehold,15,Outside Central Region,01 to 05
THE CONTINUUM,"1,368,000",559.73,"2,444",Dec-25,THIAM SIEW AVENUE,New Sale,Strata,52,"26,308",-,Apartment,1,Freehold,15,Rest of Central Region,01 to 05
THE CONTINUUM,"1,398,000",559.73,"2,498",Dec-25,THIAM SIEW AVENUE,New Sale,Strata,52,"26,885",-,Apartment,1,Freehold,15,Rest of Central Region,11 to 15
TEMBUSU GRAND,"1,426,000",527.44,"2,704",Dec-25,JALAN TEMBUSU,New Sale,Strata,49,"29,102",-,Condominium,1,99 yrs lease commencing from 2022,15,Rest of Central Region,16 to 20
PARC ELEGANCE,"753,000",441.32,"1,706",Dec-25,TELOK KURAU ROAD,Resale,Strata,41,"18,366",-,Apartment,1,Freehold,15,Outside Central Region,01 to 05
TANJONG RIA CONDOMINIUM,"2,400,000","1,377.79","1,742",Dec-25,TANJONG RHU ROAD,Resale,Strata,128,"18,750",-,Condominium,1,99 yrs lease commencing from 1993,15,Rest of Central Region,11 to 15
THE CONTINUUM,"1,338,000",559.73,"2,390",Dec-25,THIAM SIEW AVENUE,New Sale,Strata,52,"25,731",-,Apartment,1,Freehold,15,Rest of Central Region,06 to 10
THE CONTINUUM,"1,338,000",559.73,"2,390",Dec-25,THIAM SIEW AVENUE,New Sale,Strata,52,"25,731",-,Apartment,1,Freehold,15,Rest of Central Region,06 to 10
GRAND DUNMAN,"2,710,000","1,054.87","2,569",Dec-25,DUNMAN ROAD,New Sale,Strata,98,"27,653",-,Apartment,1,99 yrs lease commencing from 2022,15,Rest of Central Region,11 to 15
THE MAKENA,"2,610,000","1,151.75","2,266",Dec-25,MEYER ROAD,Resale,Strata,107,"24,393",-,Condominium,1,Freehold,15,Rest of Central Region,11 to 15
THE CONTINUUM,"1,338,000",559.73,"2,390",Dec-25,THIAM SIEW AVENUE,New Sale,Strata,52,"25,731",-,Apartment,1,Freehold,15,Rest of Central Region,06 to 10
THE CONTINUUM,"1,398,000",559.73,"2,498",Dec-25,THIAM SIEW AVENUE,New Sale,Strata,52,"26,885",-,Apartment,1,Freehold,15,Rest of Central Region,11 to 15
FULCRUM,"2,850,000","1,345.5","2,118",Dec-25,FORT ROAD,Resale,Strata,125,"22,800",-,Condominium,1,Freehold,15,Rest of Central Region,01 to 05
THE CONTINUUM,"1,368,000",559.73,"2,444",Dec-25,THIAM SIEW AVENUE,New Sale,Strata,52,"26,308",-,Apartment,1,Freehold,15,Rest of Central Region,01 to 05
THE CONTINUUM,"1,398,000",559.73,"2,498",Dec-25,THIAM SIEW AVENUE,New Sale,Strata,52,"26,885",-,Apartment,1,Freehold,15,Rest of Central Region,11 to 15
THE CONTINUUM,"1,338,000",559.73,"2,390",Dec-25,THIAM SIEW AVENUE,New Sale,Strata,52,"25,731",-,Apartment,1,Freehold,15,Rest of Central Region,01 to 05
THE CONTINUUM,"1,398,000",559.73,"2,498",Dec-25,THIAM SIEW AVENUE,New Sale,Strata,52,"26,885",-,Apartment,1,Freehold,15,Rest of Central Region,11 to 15
THE MEYERISE,"2,350,000",882.65,"2,662",Dec-25,MEYER ROAD,Resale,Strata,82,"28,659",-,Condominium,1,Freehold,15,Rest of Central Region,16 to 20
SEASIDE RESIDENCES,"3,400,000","1,259.39","2,700",Dec-25,SIGLAP LINK,Resale,Strata,117,"29,060",-,Apartment,1,99 yrs lease commencing from 2016,15,Outside Central Region,21 to 25
FERNWOOD TOWERS,"2,748,000","1,636.13","1,680",Dec-25,FERNWOOD TERRACE,Resale,Strata,152,"18,079",-,Condominium,1,Freehold,15,Outside Central Region,01 to 05
NEPTUNE COURT,"1,400,000","1,270.15","1,102",Dec-25,MARINE VISTA,Resale,Strata,118,"11,864",-,Apartment,1,99 yrs lease commencing from 1976,15,Outside Central Region,21 to 25
SANCTUARY GREEN,"2,280,000","1,399.32","1,629",Dec-25,TANJONG RHU ROAD,Resale,Strata,130,"17,538",-,Condominium,1,99 yrs lease commencing from 1997,15,Rest of Central Region,06 to 10
THE CONTINUUM,"1,338,000",559.73,"2,390",Nov-25,THIAM SIEW AVENUE,New Sale,Strata,52,"25,731",-,Apartment,1,Freehold,15,Rest of Central Region,06 to 10
GRAND DUNMAN,"1,978,000",893.41,"2,214",Nov-25,DUNMAN ROAD,New Sale,Strata,83,"23,831",-,Apartment,1,99 yrs lease commencing from 2022,15,Rest of Central Region,16 to 20
THE CONTINUUM,"1,368,000",559.73,"2,444",Nov-25,THIAM SIEW AVENUE,New Sale,Strata,52,"26,308",-,Apartment,1,Freehold,15,Rest of Central Region,01 to 05
THE CONTINUUM,"1,368,000",559.73,"2,444",Nov-25,THIAM SIEW AVENUE,New Sale,Strata,52,"26,308",-,Apartment,1,Freehold,15,Rest of Central Region,06 to 10
THE CONTINUUM,"1,338,000",559.73,"2,390",Nov-25,THIAM SIEW AVENUE,New Sale,Strata,52,"25,731",-,Apartment,1,Freehold,15,Rest of Central Region,06 to 10
THE CONTINUUM,"1,398,000",559.73,"2,498",Nov-25,THIAM SIEW AVENUE,New Sale,Strata,52,"26,885",-,Apartment,1,Freehold,15,Rest of Central Region,11 to 15
THE CONTINUUM,"2,915,000","1,087.16","2,681",Nov-25,THIAM SIEW AVENUE,New Sale,Strata,101,"28,861",-,Apartment,1,Freehold,15,Rest of Central Region,01 to 05
THE CONTINUUM,"1,338,000",559.73,"2,390",Nov-25,THIAM SIEW AVENUE,New Sale,Strata,52,"25,731",-,Apartment,1,Freehold,15,Rest of Central Region,06 to 10
THE CONTINUUM,"1,338,000",559.73,"2,390",Nov-25,THIAM SIEW AVENUE,New Sale,Strata,52,"25,731",-,Apartment,1,Freehold,15,Rest of Central Region,06 to 10
THE CONTINUUM,"1,338,000",559.73,"2,390",Nov-25,THIAM SIEW AVENUE,New Sale,Strata,52,"25,731",-,Apartment,1,Freehold,15,Rest of Central Region,06 to 10
THE CONTINUUM,"1,338,000",559.73,"2,390",Nov-25,THIAM SIEW AVENUE,New Sale,Strata,52,"25,731",-,Apartment,1,Freehold,15,Rest of Central Region,06 to 10
THE CONTINUUM,"1,338,000",559.73,"2,390",Nov-25,THIAM SIEW AVENUE,New Sale,Strata,52,"25,731",-,Apartment,1,Freehold,15,Rest of Central Region,06 to 10
THE BELVEDERE,"3,250,000","1,259.39","2,581",Nov-25,MEYER ROAD,Resale,Strata,117,"27,778",-,Condominium,1,Freehold,15,Rest of Central Region,16 to 20
AMBER RESIDENCES,"4,550,000","2,217.38","2,052",Nov-25,AMBER ROAD,Resale,Strata,206,"22,087",-,Condominium,1,Freehold,15,Rest of Central Region,06 to 10
AMBER SKYE,"3,470,000","1,334.74","2,600",Nov-25,AMBER ROAD,Resale,Strata,124,"27,984",-,Apartment,1,Freehold,15,Rest of Central Region,16 to 20
ISUITES @ MARSHALL,"685,000",355.21,"1,928",Nov-25,MARSHALL ROAD,Resale,Strata,33,"20,758",-,Apartment,1,Freehold,15,Rest of Central Region,01 to 05
SEASIDE RESIDENCES,"1,800,000",785.77,"2,291",Nov-25,SIGLAP LINK,Resale,Strata,73,"24,658",-,Apartment,1,99 yrs lease commencing from 2016,15,Outside Central Region,06 to 10
TEMBELINA,"1,880,000","1,076.4","1,747",Nov-25,TEMBELING ROAD,Resale,Strata,100,"18,800",-,Apartment,1,Freehold,15,Rest of Central Region,01 to 05
CANTIZ @ RAMBAI,"1,450,000",968.76,"1,497",Nov-25,RAMBAI ROAD,Resale,Strata,90,"16,111",-,Apartment,1,Freehold,15,Rest of Central Region,01 to 05
HAIG 162,"715,000",365.98,"1,954",Nov-25,HAIG ROAD,Resale,Strata,34,"21,029",-,Apartment,1,Freehold,15,Rest of Central Region,06 to 10
RESIDENCE TWENTY-TWO,"915,000",495.14,"1,848",Nov-25,TELOK KURAU ROAD,Resale,Strata,46,"19,891",-,Apartment,1,Freehold,15,Outside Central Region,01 to 05
THE CONTINUUM,"3,155,000","1,065.64","2,961",Nov-25,THIAM SIEW AVENUE,New Sale,Strata,99,"31,869",-,Apartment,1,Freehold,15,Rest of Central Region,16 to 20
KATONG REGENCY,"1,138,000",570.49,"1,995",Nov-25,TANJONG KATONG ROAD,Resale,Strata,53,"21,472",-,Apartment,1,Freehold,15,Rest of Central Region,06 to 10
AXIS @ SIGLAP,"1,560,000",861.12,"1,812",Nov-25,EAST COAST TERRACE,Resale,Strata,80,"19,500",-,Apartment,1,Freehold,15,Outside Central Region,01 to 05
THE TREELINE,"2,399,000","1,797.59","1,335",Nov-25,LORONG G TELOK KURAU,Resale,Strata,167,"14,365",-,Apartment,1,Freehold,15,Outside Central Region,01 to 05
THE ATRIA AT MEYER,"3,230,000","1,345.5","2,401",Nov-25,MEYER ROAD,Resale,Strata,125,"25,840",-,Condominium,1,Freehold,15,Rest of Central Region,06 to 10
EMPRADO SUITES,"1,028,000",581.26,"1,769",Nov-25,LORONG N TELOK KURAU,Resale,Strata,54,"19,037",-,Apartment,1,Freehold,15,Outside Central Region,01 to 05
RESIDENTIAL APARTMENTS,"1,790,000","1,194.8","1,498",Nov-25,LORONG K TELOK KURAU,Resale,Strata,111,"16,126",-,Apartment,1,Freehold,15,Outside Central Region,01 to 05
SEAVIEW POINT,"2,750,000","1,388.56","1,980",Nov-25,AMBER ROAD,Resale,Strata,129,"21,318",-,Apartment,1,Freehold,15,Rest of Central Region,01 to 05
SPRING @ LANGSAT,"2,700,000","1,808.35","1,493",Nov-25,LANGSAT ROAD,Resale,Strata,168,"16,071",-,Apartment,1,Freehold,15,Rest of Central Region,01 to 05
VILLA MARINA,"1,890,000","1,280.92","1,476",Nov-25,JALAN SEMPADAN,Resale,Strata,119,"15,882",-,Condominium,1,99 yrs lease commencing from 1995,15,Outside Central Region,01 to 05
ARDOR RESIDENCE,"2,212,000",861.12,"2,569",Nov-25,HAIG ROAD,New Sale,Strata,80,"27,650",-,Apartment,1,Freehold,15,Rest of Central Region,01 to 05
VILLA MARINA,"1,820,000","1,528.49","1,191",Nov-25,JALAN SEMPADAN,Resale,Strata,142,"12,817",-,Condominium,1,99 yrs lease commencing from 1995,15,Outside Central Region,01 to 05
KOON SENG HOUSE,"2,816,000","1,216.33","2,315",Nov-25,KOON SENG ROAD,New Sale,Strata,113,"24,920",-,Apartment,1,Freehold,15,Rest of Central Region,01 to 05
COSTA RHU,"2,200,000","1,345.5","1,635",Nov-25,RHU CROSS,Resale,Strata,125,"17,600",-,Condominium,1,99 yrs lease commencing from 1994,15,Rest of Central Region,11 to 15
GALLERY 8,"2,650,000","2,109.74","1,256",Nov-25,PULASAN ROAD,Resale,Strata,196,"13,520",-,Apartment,1,Freehold,15,Rest of Central Region,01 to 05
THE CONTINUUM,"3,620,000","1,248.62","2,899",Nov-25,THIAM SIEW AVENUE,New Sale,Strata,116,"31,207",-,Apartment,1,Freehold,15,Rest of Central Region,06 to 10
AMBER HOUSE,"3,914,652","1,237.86","3,162",Nov-25,AMBER GARDENS,New Sale,Strata,115,"34,040",-,Apartment,1,Freehold,15,Rest of Central Region,11 to 15
AMBER 45,"1,880,000",699.66,"2,687",Nov-25,AMBER ROAD,Resale,Strata,65,"28,923",-,Apartment,1,Freehold,15,Rest of Central Region,11 to 15
CRESCENDO PARK,"2,370,000","1,431.61","1,655",Nov-25,JALAN TUA KONG,Resale,Strata,133,"17,820",-,Condominium,1,Freehold,15,Outside Central Region,01 to 05
SILVERSEA,"2,100,000",979.52,"2,144",Nov-25,MARINE PARADE ROAD,Resale,Strata,91,"23,077",-,Condominium,1,99 yrs lease commencing from 2007,15,Rest of Central Region,01 to 05
AMBER RESIDENCES,"2,510,000","1,162.51","2,159",Nov-25,AMBER ROAD,Resale,Strata,108,"23,241",-,Condominium,1,Freehold,15,Rest of Central Region,01 to 05
POSHGROVE EAST,"1,080,000",592.02,"1,824",Nov-25,EAST COAST ROAD,Resale,Strata,55,"19,636",-,Condominium,1,Freehold,15,Outside Central Region,01 to 05
GRAND DUNMAN,"5,249,000","2,131.27","2,463",Nov-25,DUNMAN ROAD,New Sale,Strata,198,"26,510",-,Apartment,1,99 yrs lease commencing from 2022,15,Rest of Central Region,11 to 15
KOON SENG HOUSE,"2,800,000","1,216.33","2,302",Nov-25,KOON SENG ROAD,New Sale,Strata,113,"24,779",-,Apartment,1,Freehold,15,Rest of Central Region,01 to 05
THE WATERSIDE,"5,530,000","2,411.14","2,294",Nov-25,TANJONG RHU ROAD,Resale,Strata,224,"24,688",-,Condominium,1,Freehold,15,Rest of Central Region,11 to 15
MANDARIN GARDENS,"1,280,000","1,001.05","1,279",Nov-25,SIGLAP ROAD,Resale,Strata,93,"13,763",-,Condominium,1,99 yrs lease commencing from 1982,15,Outside Central Region,06 to 10
WATER PLACE,"3,000,000","1,560.78","1,922",Nov-25,TANJONG RHU ROAD,Resale,Strata,145,"20,690",-,Condominium,1,99 yrs lease commencing from 1998,15,Rest of Central Region,11 to 15
D' CASTILIA,"1,000,000",602.78,"1,659",Nov-25,JOO CHIAT LANE,Resale,Strata,56,"17,857",-,Apartment,1,Freehold,15,Rest of Central Region,01 to 05
D' CASTILIA,"980,000",624.31,"1,570",Nov-25,JOO CHIAT LANE,Resale,Strata,58,"16,897",-,Apartment,1,Freehold,15,Rest of Central Region,01 to 05
STUDIOS@TEMBELING,"1,430,000",785.77,"1,820",Nov-25,TEMBELING ROAD,Resale,Strata,73,"19,589",-,Apartment,1,Freehold,15,Rest of Central Region,01 to 05
COSTA RHU,"1,920,000","1,399.32","1,372",Nov-25,RHU CROSS,Resale,Strata,130,"14,769",-,Condominium,1,99 yrs lease commencing from 1994,15,Rest of Central Region,11 to 15
GRAND DUNMAN,"5,788,000","2,217.38","2,610",Nov-25,DUNMAN ROAD,New Sale,Strata,206,"28,097",-,Apartment,1,99 yrs lease commencing from 2022,15,Rest of Central Region,16 to 20
LAGUNA PARK,"2,148,888","1,614.6","1,331",Nov-25,MARINE PARADE ROAD,Resale,Strata,150,"14,326",-,Apartment,1,99 yrs lease commencing from 1977,15,Outside Central Region,16 to 20
TANJONG RIA CONDOMINIUM,"1,450,000",925.7,"1,566",Nov-25,TANJONG RHU ROAD,Resale,Strata,86,"16,860",-,Condominium,1,99 yrs lease commencing from 1993,15,Rest of Central Region,01 to 05
SEVENTY SAINT PATRICK'S,"3,100,000","1,442.38","2,149",Nov-25,ST. PATRICK'S ROAD,Resale,Strata,134,"23,134",-,Condominium,1,Freehold,15,Outside Central Region,01 to 05
ARINA EAST RESIDENCES,"1,386,000",495.14,"2,799",Nov-25,TANJONG RHU ROAD,New Sale,Strata,46,"30,130",-,Apartment,1,Freehold,15,Rest of Central Region,11 to 15
MANDARIN GARDENS,"2,000,000","1,571.54","1,273",Nov-25,SIGLAP ROAD,Resale,Strata,146,"13,699",-,Condominium,1,99 yrs lease commencing from 1982,15,Outside Central Region,11 to 15
PEBBLE BAY,"3,300,000","1,894.46","1,742",Nov-25,TANJONG RHU ROAD,Resale,Strata,176,"18,750",-,Condominium,1,99 yrs lease commencing from 1994,15,Rest of Central Region,06 to 10
GRAND DUNMAN,"4,567,000","1,786.82","2,556",Nov-25,DUNMAN ROAD,New Sale,Strata,166,"27,512",-,Apartment,1,99 yrs lease commencing from 2022,15,Rest of Central Region,06 to 10
THE VIEW @ MEYER,"4,000,888","1,689.95","2,367",Nov-25,MEYER ROAD,Resale,Strata,157,"25,483",-,Apartment,1,Freehold,15,Rest of Central Region,11 to 15
MEYER BLUE,"5,423,000","1,733","3,129",Nov-25,MEYER ROAD,New Sale,Strata,161,"33,683",-,Apartment,1,Freehold,15,Rest of Central Region,06 to 10
SANCTUARY GREEN,"3,300,000","2,443.43","1,351",Nov-25,TANJONG RHU ROAD,Resale,Strata,227,"14,537",-,Condominium,1,99 yrs lease commencing from 1997,15,Rest of Central Region,06 to 10
KING'S MANSION,"3,350,000","1,603.84","2,089",Nov-25,TANJONG KATONG ROAD,Resale,Strata,149,"22,483",-,Condominium,1,Freehold,15,Rest of Central Region,06 to 10
THE SEAWIND,"1,220,000",656.6,"1,858",Nov-25,LORONG M TELOK KURAU,Resale,Strata,61,"20,000",-,Condominium,1,Freehold,15,Outside Central Region,01 to 05
SIGLAP V,"850,000",516.67,"1,645",Nov-25,FIRST STREET,Resale,Strata,48,"17,708",-,Apartment,1,Freehold,15,Outside Central Region,01 to 05
GRAND DUNMAN,"5,237,000","2,131.27","2,457",Nov-25,DUNMAN ROAD,New Sale,Strata,198,"26,449",-,Apartment,1,99 yrs lease commencing from 2022,15,Rest of Central Region,11 to 15
GRAND DUNMAN,"4,591,000","1,786.82","2,569",Nov-25,DUNMAN ROAD,New Sale,Strata,166,"27,657",-,Apartment,1,99 yrs lease commencing from 2022,15,Rest of Central Region,11 to 15
AMBER HOUSE,"1,981,338",635.08,"3,120",Nov-25,AMBER GARDENS,New Sale,Strata,59,"33,582",-,Apartment,1,Freehold,15,Rest of Central Region,06 to 10
OCEAN PARK,"4,110,000","2,109.74","1,948",Nov-25,EAST COAST ROAD,Resale,Strata,196,"20,969",-,Condominium,1,Freehold,15,Outside Central Region,06 to 10
THE SHORE RESIDENCES,"1,928,000",893.41,"2,158",Nov-25,AMBER ROAD,Resale,Strata,83,"23,229",-,Condominium,1,103 yrs lease commencing from 2009,15,Rest of Central Region,16 to 20
SANCTUARY GREEN,"2,675,000","1,571.54","1,702",Nov-25,TANJONG RHU ROAD,Resale,Strata,146,"18,322",-,Condominium,1,99 yrs lease commencing from 1997,15,Rest of Central Region,06 to 10
MANDARIN GARDENS,"2,380,000","2,012.87","1,182",Nov-25,SIGLAP ROAD,Resale,Strata,187,"12,727",-,Condominium,1,99 yrs lease commencing from 1982,15,Outside Central Region,06 to 10
CORALIS,"1,025,000",495.14,"2,070",Nov-25,JOO CHIAT ROAD,Resale,Strata,46,"22,283",-,Condominium,1,Freehold,15,Rest of Central Region,11 to 15
SANCTUARY GREEN,"2,338,888","1,227.1","1,906",Nov-25,TANJONG RHU ROAD,Resale,Strata,114,"20,517",-,Condominium,1,99 yrs lease commencing from 1997,15,Rest of Central Region,06 to 10
AMBER SKYE,"2,850,000","1,119.46","2,546",Nov-25,AMBER ROAD,Resale,Strata,104,"27,404",-,Apartment,1,Freehold,15,Rest of Central Region,06 to 10
SANCTUARY GREEN,"2,800,000","1,743.77","1,606",Nov-25,TANJONG RHU ROAD,Resale,Strata,162,"17,284",-,Condominium,1,99 yrs lease commencing from 1997,15,Rest of Central Region,16 to 20
COASTARINA,"1,930,000","1,011.82","1,907",Nov-25,EAST COAST ROAD,Resale,Strata,94,"20,532",-,Apartment,1,Freehold,15,Outside Central Region,01 to 05
COSTA RHU,"1,920,000","1,399.32","1,372",Nov-25,RHU CROSS,Resale,Strata,130,"14,769",-,Condominium,1,99 yrs lease commencing from 1994,15,Rest of Central Region,11 to 15
THE CONTINUUM,"3,270,000","1,087.16","3,008",Nov-25,THIAM SIEW AVENUE,New Sale,Strata,101,"32,376",-,Apartment,1,Freehold,15,Rest of Central Region,11 to 15
THE CONTINUUM,"3,436,000","1,237.86","2,776",Nov-25,THIAM SIEW AVENUE,New Sale,Strata,115,"29,878",-,Apartment,1,Freehold,15,Rest of Central Region,01 to 05
KOON SENG HOUSE,"2,860,000","1,216.33","2,351",Nov-25,KOON SENG ROAD,New Sale,Strata,113,"25,310",-,Apartment,1,Freehold,15,Rest of Central Region,01 to 05
THE SEAWIND,"3,300,000","1,722.24","1,916",Nov-25,LORONG M TELOK KURAU,Resale,Strata,160,"20,625",-,Condominium,1,Freehold,15,Outside Central Region,01 to 05
MEYER MANSION,"2,750,000","1,108.69","2,480",Nov-25,MEYER ROAD,Resale,Strata,103,"26,699",-,Apartment,1,Freehold,15,Rest of Central Region,01 to 05
THE CONTINUUM,"3,589,000","1,237.86","2,899",Nov-25,THIAM SIEW AVENUE,New Sale,Strata,115,"31,209",-,Apartment,1,Freehold,15,Rest of Central Region,11 to 15
GRAND DUNMAN,"3,607,000","1,431.61","2,520",Nov-25,DUNMAN ROAD,New Sale,Strata,133,"27,120",-,Apartment,1,99 yrs lease commencing from 2022,15,Rest of Central Region,01 to 05
SANCTUARY GREEN,"1,930,000","1,140.98","1,692",Nov-25,TANJONG RHU ROAD,Resale,Strata,106,"18,208",-,Condominium,1,99 yrs lease commencing from 1997,15,Rest of Central Region,06 to 10
THE CONTINUUM,"3,454,000","1,237.86","2,790",Nov-25,THIAM SIEW AVENUE,New Sale,Strata,115,"30,035",-,Apartment,1,Freehold,15,Rest of Central Region,01 to 05
TEMBUSU GRAND,"4,028,000","1,711.48","2,354",Nov-25,JALAN TEMBUSU,New Sale,Strata,159,"25,333",-,Condominium,1,99 yrs lease commencing from 2022,15,Rest of Central Region,01 to 05
SEASIDE RESIDENCES,"4,400,000","1,733","2,539",Nov-25,SIGLAP LINK,Resale,Strata,161,"27,329",-,Apartment,1,99 yrs lease commencing from 2016,15,Outside Central Region,21 to 25
AMBER SKYE,"1,270,888",527.44,"2,410",Nov-25,AMBER ROAD,Resale,Strata,49,"25,936",-,Apartment,1,Freehold,15,Rest of Central Region,06 to 10
LAGUNA PARK,"2,800,000","2,895.52",967,Nov-25,MARINE PARADE ROAD,Resale,Strata,269,"10,409",-,Apartment,1,99 yrs lease commencing from 1977,15,Outside Central Region,21 to 25
THE ESTA,"3,400,000","1,345.5","2,527",Nov-25,AMBER GARDENS,Resale,Strata,125,"27,200",-,Condominium,1,Freehold,15,Rest of Central Region,06 to 10
COTE D'AZUR,"2,035,000","1,108.69","1,835",Nov-25,MARINE PARADE ROAD,Resale,Strata,103,"19,757",-,Condominium,1,99 yrs lease commencing from 2001,15,Rest of Central Region,06 to 10
BERKELEY RESIDENCES,"1,398,000",764.24,"1,829",Nov-25,LORONG N TELOK KURAU,Resale,Strata,71,"19,690",-,Apartment,1,Freehold,15,Outside Central Region,01 to 05
ONE EIGHTIES RESIDENCES,"1,225,000",645.84,"1,897",Nov-25,JOO CHIAT TERRACE,Resale,Strata,60,"20,417",-,Apartment,1,Freehold,15,Rest of Central Region,01 to 05
SILVERSEA,"2,388,000","1,065.64","2,241",Nov-25,MARINE PARADE ROAD,Resale,Strata,99,"24,121",-,Condominium,1,99 yrs lease commencing from 2007,15,Rest of Central Region,11 to 15
CADENCE LIGHT,"1,162,888",721.19,"1,612",Nov-25,TELOK KURAU ROAD,Resale,Strata,67,"17,357",-,Apartment,1,Freehold,15,Outside Central Region,01 to 05
THE CONTINUUM,"3,223,000","1,087.16","2,965",Nov-25,THIAM SIEW AVENUE,New Sale,Strata,101,"31,911",-,Apartment,1,Freehold,15,Rest of Central Region,11 to 15
THE CONTINUUM,"3,285,000","1,087.16","3,022",Nov-25,THIAM SIEW AVENUE,New Sale,Strata,101,"32,525",-,Apartment,1,Freehold,15,Rest of Central Region,16 to 20
LIV @ MB,"2,220,000",796.54,"2,787",Nov-25,ARTHUR ROAD,Sub Sale,Strata,74,"30,000",-,Condominium,1,99 yrs lease commencing from 2021,15,Rest of Central Region,01 to 05
SUITES @ GUILLEMARD,"1,150,000",807.3,"1,425",Nov-25,LIM AH WOO ROAD,Resale,Strata,75,"15,333",-,Apartment,1,Freehold,15,Rest of Central Region,01 to 05
THE GERANIUM,"1,580,000",990.29,"1,595",Nov-25,MANGIS ROAD,Resale,Strata,92,"17,174",-,Condominium,1,Freehold,15,Rest of Central Region,01 to 05
DE CASALLE,"2,170,000","1,184.04","1,833",Nov-25,LORONG N TELOK KURAU,Resale,Strata,110,"19,727",-,Apartment,1,Freehold,15,Outside Central Region,01 to 05
EASTERN LAGOON,"1,720,000","1,065.64","1,614",Nov-25,UPPER EAST COAST ROAD,Resale,Strata,99,"17,374",-,Condominium,1,Freehold,15,Outside Central Region,01 to 05
LAGUNA PARK,"2,675,000","2,895.52",924,Nov-25,MARINE PARADE ROAD,Resale,Strata,269,"9,944",-,Apartment,1,99 yrs lease commencing from 1977,15,Outside Central Region,21 to 25
SILVERSEA,"3,300,000","1,485.43","2,222",Nov-25,MARINE PARADE ROAD,Resale,Strata,138,"23,913",-,Condominium,1,99 yrs lease commencing from 2007,15,Rest of Central Region,01 to 05
DUNMAN VIEW,"1,780,000","1,173.28","1,517",Nov-25,HAIG ROAD,Resale,Strata,109,"16,330",-,Condominium,1,99 yrs lease commencing from 1997,15,Rest of Central Region,11 to 15
NEPTUNE COURT,"1,920,000","1,636.13","1,174",Nov-25,MARINE VISTA,Resale,Strata,152,"12,632",-,Apartment,1,99 yrs lease commencing from 1975,15,Outside Central Region,16 to 20
AMBER HOUSE,"2,000,274",635.08,"3,150",Nov-25,AMBER GARDENS,New Sale,Strata,59,"33,903",-,Apartment,1,Freehold,15,Rest of Central Region,11 to 15
SILVERSEA,"3,280,000","1,506.96","2,177",Nov-25,MARINE PARADE ROAD,Resale,Strata,140,"23,429",-,Condominium,1,99 yrs lease commencing from 2007,15,Rest of Central Region,01 to 05
ARINA EAST RESIDENCES,"2,349,000",861.12,"2,728",Nov-25,TANJONG RHU ROAD,New Sale,Strata,80,"29,363",-,Apartment,1,Freehold,15,Rest of Central Region,01 to 05
SYCAMORE TREE,"705,000",387.5,"1,819",Nov-25,FOWLIE ROAD,Resale,Strata,36,"19,583",-,Apartment,1,Freehold,15,Rest of Central Region,01 to 05
AMBER HOUSE,"3,565,302","1,216.33","2,931",Nov-25,AMBER GARDENS,New Sale,Strata,113,"31,551",-,Apartment,1,Freehold,15,Rest of Central Region,01 to 05
GRAND DUNMAN,"2,890,000","1,227.1","2,355",Nov-25,DUNMAN ROAD,New Sale,Strata,114,"25,351",-,Apartment,1,99 yrs lease commencing from 2022,15,Rest of Central Region,16 to 20
THE CONTINUUM,"3,487,000","1,302.44","2,677",Nov-25,THIAM SIEW AVENUE,New Sale,Strata,121,"28,818",-,Apartment,1,Freehold,15,Rest of Central Region,16 to 20
THE CONTINUUM,"3,377,000","1,280.92","2,636",Nov-25,THIAM SIEW AVENUE,New Sale,Strata,119,"28,378",-,Apartment,1,Freehold,15,Rest of Central Region,16 to 20
NYON,"2,880,000","1,216.33","2,368",Oct-25,AMBER ROAD,Resale,Strata,113,"25,487",-,Apartment,1,Freehold,15,Rest of Central Region,01 to 05
AMBER PARK,"3,788,888","1,302.44","2,909",Oct-25,AMBER GARDENS,Resale,Strata,121,"31,313",-,Condominium,1,Freehold,15,Rest of Central Region,11 to 15
COSTA RHU,"3,115,000","1,765.3","1,765",Oct-25,RHU CROSS,Resale,Strata,164,"18,994",-,Condominium,1,99 yrs lease commencing from 1994,15,Rest of Central Region,11 to 15
MEYER BLUE,"5,378,000","1,733","3,103",Oct-25,MEYER ROAD,New Sale,Strata,161,"33,404",-,Apartment,1,Freehold,15,Rest of Central Region,06 to 10
MARINE BLUE,"1,700,000",688.9,"2,468",Oct-25,MARINE PARADE ROAD,Resale,Strata,64,"26,563",-,Condominium,1,Freehold,15,Rest of Central Region,11 to 15
ESPIRA SUITES,"756,888",441.32,"1,715",Oct-25,LORONG G TELOK KURAU,Resale,Strata,41,"18,461",-,Apartment,1,Freehold,15,Outside Central Region,01 to 05
THE MAKENA,"3,400,000","1,517.72","2,240",Oct-25,MEYER ROAD,Resale,Strata,141,"24,113",-,Condominium,1,Freehold,15,Rest of Central Region,06 to 10
CELESTIA,"1,690,000","1,033.34","1,635",Oct-25,JOO CHIAT TERRACE,Resale,Strata,96,"17,604",-,Apartment,1,Freehold,15,Rest of Central Region,01 to 05
THE ESTA,"2,400,000","1,001.05","2,397",Oct-25,AMBER GARDENS,Resale,Strata,93,"25,806",-,Condominium,1,Freehold,15,Rest of Central Region,11 to 15
EMERALD OF KATONG,"4,009,000","1,474.67","2,719",Oct-25,JALAN TEMBUSU,New Sale,Strata,137,"29,263",-,Condominium,1,99 yrs lease commencing from 2023,15,Rest of Central Region,11 to 15
ARINA EAST RESIDENCES,"2,531,000",861.12,"2,939",Oct-25,TANJONG RHU ROAD,New Sale,Strata,80,"31,638",-,Apartment,1,Freehold,15,Rest of Central Region,06 to 10
THE CONTINUUM,"3,238,000","1,087.16","2,978",Oct-25,THIAM SIEW AVENUE,New Sale,Strata,101,"32,059",-,Apartment,1,Freehold,15,Rest of Central Region,01 to 05
SERAYA RESIDENCES,"2,300,000","1,227.1","1,874",Oct-25,SERAYA LANE,Resale,Strata,114,"20,175",-,Apartment,1,Freehold,15,Rest of Central Region,01 to 05
TIVOLI GRANDE,"1,420,000",850.36,"1,670",Oct-25,KOON SENG ROAD,Resale,Strata,79,"17,975",-,Apartment,1,Freehold,15,Rest of Central Region,01 to 05
SILVERSEA,"5,080,000","2,529.54","2,008",Oct-25,MARINE PARADE ROAD,Resale,Strata,235,"21,617",-,Condominium,1,99 yrs lease commencing from 2007,15,Rest of Central Region,16 to 20
THE CONTINUUM,"3,830,000","1,270.15","3,015",Oct-25,THIAM SIEW AVENUE,New Sale,Strata,118,"32,458",-,Apartment,1,Freehold,15,Rest of Central Region,11 to 15
THE AMERY,"2,680,000","1,313.21","2,041",Oct-25,LORONG K TELOK KURAU,Resale,Strata,122,"21,967",-,Condominium,1,Freehold,15,Outside Central Region,01 to 05
THE SEA VIEW,"3,400,000","1,216.33","2,795",Oct-25,AMBER ROAD,Resale,Strata,113,"30,088",-,Condominium,1,Freehold,15,Rest of Central Region,11 to 15
MEYER BLUE,"5,908,000","1,905.23","3,101",Oct-25,MEYER ROAD,New Sale,Strata,177,"33,379",-,Apartment,1,Freehold,15,Rest of Central Region,11 to 15
AMBER HOUSE,"1,943,084",635.08,"3,060",Oct-25,AMBER GARDENS,New Sale,Strata,59,"32,934",-,Apartment,1,Freehold,15,Rest of Central Region,01 to 05
THE CONTINUUM,"3,437,000","1,237.86","2,777",Oct-25,THIAM SIEW AVENUE,New Sale,Strata,115,"29,887",-,Apartment,1,Freehold,15,Rest of Central Region,01 to 05
ARINA EAST RESIDENCES,"2,247,000",796.54,"2,821",Oct-25,TANJONG RHU ROAD,New Sale,Strata,74,"30,365",-,Apartment,1,Freehold,15,Rest of Central Region,01 to 05
THE CONTINUUM,"3,589,000","1,237.86","2,899",Oct-25,THIAM SIEW AVENUE,New Sale,Strata,115,"31,209",-,Apartment,1,Freehold,15,Rest of Central Region,06 to 10
AMBER HOUSE,"3,713,050","1,237.86","3,000",Oct-25,AMBER GARDENS,New Sale,Strata,115,"32,287",-,Apartment,1,Freehold,15,Rest of Central Region,01 to 05
KING'S MANSION,"3,190,000","1,603.84","1,989",Oct-25,TANJONG KATONG ROAD,Resale,Strata,149,"21,409",-,Condominium,1,Freehold,15,Rest of Central Region,01 to 05
VERSILIA ON HAIG,"2,158,000","1,022.58","2,110",Oct-25,IPOH LANE,Resale,Strata,95,"22,716",-,Condominium,1,Freehold,15,Rest of Central Region,06 to 10
THE SERENNO,"1,710,000","1,044.11","1,638",Oct-25,HAIG ROAD,Resale,Strata,97,"17,629",-,Apartment,1,Freehold,15,Rest of Central Region,01 to 05
GRAND DUNMAN,"3,713,000","1,474.67","2,518",Oct-25,DUNMAN ROAD,New Sale,Strata,137,"27,102",-,Apartment,1,99 yrs lease commencing from 2022,15,Rest of Central Region,01 to 05
THE SEA VIEW,"3,416,000","1,216.33","2,808",Oct-25,AMBER ROAD,Resale,Strata,113,"30,230",-,Condominium,1,Freehold,15,Rest of Central Region,16 to 20
THE CONTINUUM,"3,650,000","1,248.62","2,923",Oct-25,THIAM SIEW AVENUE,New Sale,Strata,116,"31,466",-,Apartment,1,Freehold,15,Rest of Central Region,06 to 10
THE CONTINUUM,"3,685,000","1,237.86","2,977",Oct-25,THIAM SIEW AVENUE,New Sale,Strata,115,"32,043",-,Apartment,1,Freehold,15,Rest of Central Region,16 to 20
MEYER MANSION,"1,985,000",688.9,"2,881",Oct-25,MEYER ROAD,Resale,Strata,64,"31,016",-,Apartment,1,Freehold,15,Rest of Central Region,01 to 05
SILVERSEA,"3,290,000","1,528.49","2,152",Oct-25,MARINE PARADE ROAD,Resale,Strata,142,"23,169",-,Condominium,1,99 yrs lease commencing from 2007,15,Rest of Central Region,01 to 05
THE ESTA,"2,800,000","1,130.22","2,477",Oct-25,AMBER GARDENS,Resale,Strata,105,"26,667",-,Condominium,1,Freehold,15,Rest of Central Region,11 to 15
ARINA EAST RESIDENCES,"1,315,000",495.14,"2,656",Oct-25,TANJONG RHU ROAD,New Sale,Strata,46,"28,587",-,Apartment,1,Freehold,15,Rest of Central Region,01 to 05
MEYER BLUE,"3,812,000","1,140.98","3,341",Oct-25,MEYER ROAD,New Sale,Strata,106,"35,962",-,Apartment,1,Freehold,15,Rest of Central Region,21 to 25
GARDEN PARK RESIDENCES,"1,588,888",882.65,"1,800",Oct-25,LORONG M TELOK KURAU,Resale,Strata,82,"19,377",-,Apartment,1,Freehold,15,Outside Central Region,01 to 05
ATLASSIA,"1,400,000",602.78,"2,323",Oct-25,JOO CHIAT PLACE,Sub Sale,Strata,56,"25,000",-,Apartment,1,Freehold,15,Rest of Central Region,01 to 05
PARC BLEU,"1,780,000","1,280.92","1,390",Oct-25,JOO CHIAT PLACE,Resale,Strata,119,"14,958",-,Apartment,1,Freehold,15,Outside Central Region,01 to 05
COASTLINE RESIDENCES,"3,350,000","1,130.22","2,964",Oct-25,AMBER ROAD,Resale,Strata,105,"31,905",-,Apartment,1,Freehold,15,Rest of Central Region,11 to 15
LIV @ MB,"3,328,000","1,270.15","2,620",Oct-25,ARTHUR ROAD,Sub Sale,Strata,118,"28,203",-,Condominium,1,99 yrs lease commencing from 2021,15,Rest of Central Region,06 to 10
LIV @ MB,"2,268,000",796.54,"2,847",Oct-25,ARTHUR ROAD,Sub Sale,Strata,74,"30,649",-,Condominium,1,99 yrs lease commencing from 2021,15,Rest of Central Region,06 to 10
ARINA EAST RESIDENCES,"1,268,000",495.14,"2,561",Oct-25,TANJONG RHU ROAD,New Sale,Strata,46,"27,565",-,Apartment,1,Freehold,15,Rest of Central Region,01 to 05
TEMBUSU GRAND,"1,488,000",527.44,"2,821",Oct-25,JALAN TEMBUSU,New Sale,Strata,49,"30,367",-,Condominium,1,99 yrs lease commencing from 2022,15,Rest of Central Region,16 to 20
THE CONTINUUM,"3,585,000","1,237.86","2,896",Oct-25,THIAM SIEW AVENUE,New Sale,Strata,115,"31,174",-,Apartment,1,Freehold,15,Rest of Central Region,06 to 10
NEPTUNE COURT,"1,700,000","1,636.13","1,039",Oct-25,MARINE VISTA,Resale,Strata,152,"11,184",-,Apartment,1,99 yrs lease commencing from 1975,15,Outside Central Region,16 to 20
HERITAGE EAST,"2,100,000","1,356.26","1,548",Oct-25,EAST COAST ROAD,Resale,Strata,126,"16,667",-,Apartment,1,Freehold,15,Outside Central Region,01 to 05
ARINA EAST RESIDENCES,"2,905,000",968.76,"2,999",Oct-25,TANJONG RHU ROAD,New Sale,Strata,90,"32,278",-,Apartment,1,Freehold,15,Rest of Central Region,16 to 20
BETA GROVE,"2,080,000","1,668.42","1,247",Oct-25,LORONG J TELOK KURAU,Resale,Strata,155,"13,419",-,Apartment,1,Freehold,15,Outside Central Region,01 to 05
KATONG VILLE,"1,980,000","1,194.8","1,657",Oct-25,TANJONG KATONG ROAD,Resale,Strata,111,"17,838",-,Apartment,1,Freehold,15,Rest of Central Region,01 to 05
EASTVILLE APARTMENTS,"1,750,000","1,001.05","1,748",Oct-25,JOO CHIAT LANE,Resale,Strata,93,"18,817",-,Apartment,1,Freehold,15,Rest of Central Region,01 to 05
MEYER MANSION,"3,450,000","1,108.69","3,112",Oct-25,MEYER ROAD,Resale,Strata,103,"33,495",-,Apartment,1,Freehold,15,Rest of Central Region,16 to 20
BELLEZZA @ KATONG,"1,485,000",861.12,"1,724",Oct-25,CEYLON ROAD,Resale,Strata,80,"18,563",-,Apartment,1,Freehold,15,Rest of Central Region,01 to 05
EAST BAY GARDENS,"1,530,000","1,399.32","1,093",Oct-25,LORONG G TELOK KURAU,Resale,Strata,130,"11,769",-,Apartment,1,99 yrs lease commencing from 1995,15,Outside Central Region,01 to 05
FLAMINGO VALLEY,"1,488,000",785.77,"1,894",Oct-25,SIGLAP ROAD,Resale,Strata,73,"20,384",-,Condominium,1,Freehold,15,Outside Central Region,01 to 05
WATER PLACE,"2,235,000","1,216.33","1,837",Oct-25,TANJONG RHU ROAD,Resale,Strata,113,"19,779",-,Condominium,1,99 yrs lease commencing from 1998,15,Rest of Central Region,01 to 05
448@EAST COAST,"1,130,000",656.6,"1,721",Oct-25,EAST COAST ROAD,Resale,Strata,61,"18,525",-,Apartment,1,Freehold,15,Outside Central Region,01 to 05
NEPTUNE COURT,"1,720,000","1,636.13","1,051",Oct-25,MARINE VISTA,Resale,Strata,152,"11,316",-,Apartment,1,99 yrs lease commencing from 1975,15,Outside Central Region,06 to 10
ARINA EAST RESIDENCES,"1,290,000",495.14,"2,605",Oct-25,TANJONG RHU ROAD,New Sale,Strata,46,"28,043",-,Apartment,1,Freehold,15,Rest of Central Region,01 to 05
ARINA EAST RESIDENCES,"1,958,000",678.13,"2,887",Oct-25,TANJONG RHU ROAD,New Sale,Strata,63,"31,079",-,Apartment,1,Freehold,15,Rest of Central Region,06 to 10
AMBER PARK,"3,380,000","1,108.69","3,049",Oct-25,AMBER GARDENS,Resale,Strata,103,"32,816",-,Condominium,1,Freehold,15,Rest of Central Region,11 to 15
RESIDENTIAL APARTMENTS,"1,960,000","1,506.96","1,301",Oct-25,TANJONG KATONG ROAD,Resale,Strata,140,"14,000",-,Apartment,1,9999 yrs lease commencing from 1964,15,Rest of Central Region,01 to 05
AMBER PARK,"3,368,000","1,108.69","3,038",Oct-25,AMBER GARDENS,Resale,Strata,103,"32,699",-,Condominium,1,Freehold,15,Rest of Central Region,16 to 20
SUITES @ AMBER,"2,050,000",914.94,"2,241",Oct-25,AMBER ROAD,Resale,Strata,85,"24,118",-,Apartment,1,Freehold,15,Rest of Central Region,11 to 15
COSTA RHU,"1,680,000","1,442.38","1,165",Oct-25,RHU CROSS,Resale,Strata,134,"12,537",-,Condominium,1,99 yrs lease commencing from 1994,15,Rest of Central Region,01 to 05
THE ADARA,"1,780,000",850.36,"2,093",Oct-25,CHAPEL ROAD,Resale,Strata,79,"22,532",-,Apartment,1,Freehold,15,Rest of Central Region,01 to 05
THE CONTINUUM,"3,669,000","1,237.86","2,964",Oct-25,THIAM SIEW AVENUE,New Sale,Strata,115,"31,904",-,Apartment,1,Freehold,15,Rest of Central Region,16 to 20
THE CONTINUUM,"5,050,000","1,689.95","2,988",Oct-25,THIAM SIEW AVENUE,New Sale,Strata,157,"32,166",-,Apartment,1,Freehold,15,Rest of Central Region,16 to 20
MERIDIAN 38,"1,050,000",742.72,"1,414",Oct-25,LORONG M TELOK KURAU,Resale,Strata,69,"15,217",-,Apartment,1,Freehold,15,Outside Central Region,01 to 05
STRAITS MANSIONS,"2,840,000","1,248.62","2,275",Oct-25,SEA AVENUE,Resale,Strata,116,"24,483",-,Apartment,1,Freehold,15,Rest of Central Region,01 to 05
SILVERSEA,"3,250,000","1,571.54","2,068",Oct-25,MARINE PARADE ROAD,Resale,Strata,146,"22,260",-,Condominium,1,99 yrs lease commencing from 2007,15,Rest of Central Region,01 to 05
K SUITES,"2,500,000","1,076.4","2,323",Oct-25,LORONG K TELOK KURAU,New Sale,Strata,100,"25,000",-,Apartment,1,Freehold,15,Outside Central Region,01 to 05
MEYER BLUE,"3,001,000",990.29,"3,030",Oct-25,MEYER ROAD,New Sale,Strata,92,"32,620",-,Apartment,1,Freehold,15,Rest of Central Region,01 to 05
AALTO,"5,150,000","1,959.05","2,629",Oct-25,MEYER ROAD,Resale,Strata,182,"28,297",-,Condominium,1,Freehold,15,Rest of Central Region,06 to 10
FORTUNE JADE,"2,080,000","1,097.93","1,894",Oct-25,DUNMAN ROAD,Resale,Strata,102,"20,392",-,Apartment,1,Freehold,15,Rest of Central Region,06 to 10
AMBER SKYE,"2,550,000","1,216.33","2,096",Oct-25,AMBER ROAD,Resale,Strata,113,"22,566",-,Apartment,1,Freehold,15,Rest of Central Region,01 to 05
TANJONG RIA CONDOMINIUM,"2,350,000","1,399.32","1,679",Oct-25,TANJONG RHU ROAD,Resale,Strata,130,"18,077",-,Condominium,1,99 yrs lease commencing from 1993,15,Rest of Central Region,11 to 15
CELESTIA,"1,418,000",871.88,"1,626",Oct-25,JOO CHIAT TERRACE,Resale,Strata,81,"17,506",-,Apartment,1,Freehold,15,Rest of Central Region,01 to 05
WHITESCAPE,"1,510,000",807.3,"1,870",Oct-25,LORONG N TELOK KURAU,Resale,Strata,75,"20,133",-,Apartment,1,Freehold,15,Outside Central Region,01 to 05
EASTERN LAGOON,"1,710,000",893.41,"1,914",Oct-25,UPPER EAST COAST ROAD,Resale,Strata,83,"20,602",-,Condominium,1,Freehold,15,Outside Central Region,11 to 15
THE SEA VIEW,"4,700,000","1,646.89","2,854",Oct-25,AMBER ROAD,Resale,Strata,153,"30,719",-,Condominium,1,Freehold,15,Rest of Central Region,06 to 10
AMBER PARK,"1,940,000",678.13,"2,861",Oct-25,AMBER GARDENS,Resale,Strata,63,"30,794",-,Condominium,1,Freehold,15,Rest of Central Region,11 to 15
AMBER HOUSE,"3,728,100","1,237.86","3,012",Oct-25,AMBER GARDENS,New Sale,Strata,115,"32,418",-,Apartment,1,Freehold,15,Rest of Central Region,01 to 05
WHITESCAPE,"1,360,000",742.72,"1,831",Oct-25,LORONG N TELOK KURAU,Resale,Strata,69,"19,710",-,Apartment,1,Freehold,15,Outside Central Region,01 to 05
FLAMINGO VALLEY,"1,850,000",990.29,"1,868",Oct-25,SIGLAP ROAD,Resale,Strata,92,"20,109",-,Condominium,1,Freehold,15,Outside Central Region,01 to 05
GRAND DUNMAN,"4,529,000","1,786.82","2,535",Oct-25,DUNMAN ROAD,New Sale,Strata,166,"27,283",-,Apartment,1,99 yrs lease commencing from 2022,15,Rest of Central Region,06 to 10
UNITED MANSION,"1,750,000","1,140.98","1,534",Oct-25,EAST COAST ROAD,Resale,Strata,106,"16,509",-,Apartment,1,Freehold,15,Outside Central Region,01 to 05
COTE D'AZUR,"2,138,888","1,140.98","1,875",Oct-25,MARINE PARADE ROAD,Resale,Strata,106,"20,178",-,Condominium,1,99 yrs lease commencing from 2001,15,Rest of Central Region,06 to 10
PARC ELEGANCE,"686,000",398.27,"1,722",Oct-25,TELOK KURAU ROAD,Resale,Strata,37,"18,541",-,Apartment,1,Freehold,15,Outside Central Region,01 to 05
QUESTA @ DUNMAN,"1,480,000",785.77,"1,883",Oct-25,DUNMAN ROAD,Resale,Strata,73,"20,274",-,Apartment,1,Freehold,15,Rest of Central Region,06 to 10
LAGUNA PARK,"1,750,000","1,614.6","1,084",Oct-25,MARINE PARADE ROAD,Resale,Strata,150,"11,667",-,Apartment,1,99 yrs lease commencing from 1977,15,Outside Central Region,06 to 10
SEASIDE RESIDENCES,"2,830,000","1,270.15","2,228",Oct-25,SIGLAP LINK,Resale,Strata,118,"23,983",-,Apartment,1,99 yrs lease commencing from 2016,15,Outside Central Region,01 to 05
PARC ELEGANCE,"695,000",409.03,"1,699",Oct-25,TELOK KURAU ROAD,Resale,Strata,38,"18,289",-,Apartment,1,Freehold,15,Outside Central Region,01 to 05
FLAMINGO VALLEY,"3,038,000","2,292.73","1,325",Oct-25,SIGLAP ROAD,Resale,Strata,213,"14,263",-,Condominium,1,Freehold,15,Outside Central Region,01 to 05
NYON,"1,930,000",818.06,"2,359",Oct-25,AMBER ROAD,Resale,Strata,76,"25,395",-,Apartment,1,Freehold,15,Rest of Central Region,01 to 05
RESIDENTIAL APARTMENTS,"1,500,000","1,022.58","1,467",Oct-25,UPPER EAST COAST ROAD,Resale,Strata,95,"15,789",-,Apartment,1,Freehold,15,Outside Central Region,01 to 05
GRAND DUNMAN,"3,484,000","1,474.67","2,363",Oct-25,DUNMAN ROAD,New Sale,Strata,137,"25,431",-,Apartment,1,99 yrs lease commencing from 2022,15,Rest of Central Region,01 to 05
AMBER HOUSE,"3,002,088",979.52,"3,065",Oct-25,AMBER GARDENS,New Sale,Strata,91,"32,990",-,Apartment,1,Freehold,15,Rest of Central Region,06 to 10
THE CONTINUUM,"4,875,000","1,689.95","2,885",Oct-25,THIAM SIEW AVENUE,New Sale,Strata,157,"31,051",-,Apartment,1,Freehold,15,Rest of Central Region,06 to 10
GRAND DUNMAN,"4,203,000","1,689.95","2,487",Oct-25,DUNMAN ROAD,New Sale,Strata,157,"26,771",-,Apartment,1,99 yrs lease commencing from 2022,15,Rest of Central Region,11 to 15
TEMBUSU GRAND,"4,040,000","1,711.48","2,361",Oct-25,JALAN TEMBUSU,New Sale,Strata,159,"25,409",-,Condominium,1,99 yrs lease commencing from 2022,15,Rest of Central Region,01 to 05
EAST VIEW,"1,700,000",882.65,"1,926",Oct-25,BROOKE ROAD,Resale,Strata,82,"20,732",-,Apartment,1,Freehold,15,Rest of Central Region,06 to 10
GRAND DUNMAN,"4,427,000","1,926.76","2,298",Oct-25,DUNMAN ROAD,New Sale,Strata,179,"24,732",-,Apartment,1,99 yrs lease commencing from 2022,15,Rest of Central Region,06 to 10
THE CONTINUUM,"3,633,000","1,248.62","2,910",Oct-25,THIAM SIEW AVENUE,New Sale,Strata,116,"31,319",-,Apartment,1,Freehold,15,Rest of Central Region,06 to 10
THE CONTINUUM,"3,649,000","1,248.62","2,922",Oct-25,THIAM SIEW AVENUE,New Sale,Strata,116,"31,457",-,Apartment,1,Freehold,15,Rest of Central Region,06 to 10
COSTA RHU,"1,500,000",990.29,"1,515",Oct-25,RHU CROSS,Resale,Strata,92,"16,304",-,Condominium,1,99 yrs lease commencing from 1994,15,Rest of Central Region,01 to 05
FLAMINGO VALLEY,"2,200,000","1,205.57","1,825",Oct-25,SIGLAP ROAD,Resale,Strata,112,"19,643",-,Condominium,1,Freehold,15,Outside Central Region,01 to 05
ARINA EAST RESIDENCES,"3,481,596","1,087.16","3,202",Oct-25,TANJONG RHU ROAD,New Sale,Strata,101,"34,471",-,Apartment,1,Freehold,15,Rest of Central Region,11 to 15
TEMBUSU GRAND,"4,028,000","1,711.48","2,354",Oct-25,JALAN TEMBUSU,New Sale,Strata,159,"25,333",-,Condominium,1,99 yrs lease commencing from 2022,15,Rest of Central Region,01 to 05
ARDOR RESIDENCE,"3,330,000","1,291.68","2,578",Sep-25,HAIG ROAD,New Sale,Strata,120,"27,750",-,Apartment,1,Freehold,15,Rest of Central Region,01 to 05
ARDOR RESIDENCE,"2,492,820","1,022.58","2,438",Sep-25,HAIG ROAD,New Sale,Strata,95,"26,240",-,Apartment,1,Freehold,15,Rest of Central Region,01 to 05
GRAND DUNMAN,"4,610,000","1,786.82","2,580",Sep-25,DUNMAN ROAD,New Sale,Strata,166,"27,771",-,Apartment,1,99 yrs lease commencing from 2022,15,Rest of Central Region,16 to 20
AMBER HOUSE,"1,992,620",635.08,"3,138",Sep-25,AMBER GARDENS,New Sale,Strata,59,"33,773",-,Apartment,1,Freehold,15,Rest of Central Region,06 to 10
BLU CORAL,"1,820,000","1,076.4","1,691",Sep-25,LORONG L TELOK KURAU,Resale,Strata,100,"18,200",-,Condominium,1,Freehold,15,Outside Central Region,01 to 05
THE MAKENA,"3,700,000","1,646.89","2,247",Sep-25,MEYER ROAD,Resale,Strata,153,"24,183",-,Condominium,1,Freehold,15,Rest of Central Region,26 to 30
EAST PALM,"2,000,000","1,162.51","1,720",Sep-25,PALM ROAD,Resale,Strata,108,"18,519",-,Apartment,1,Freehold,15,Outside Central Region,01 to 05
AMBER PARK,"1,935,000",699.66,"2,766",Sep-25,AMBER GARDENS,Resale,Strata,65,"29,769",-,Condominium,1,Freehold,15,Rest of Central Region,01 to 05
THE ESTA,"2,830,000","1,173.28","2,412",Sep-25,AMBER GARDENS,Resale,Strata,109,"25,963",-,Condominium,1,Freehold,15,Rest of Central Region,11 to 15
THE MAKENA,"2,250,000",925.7,"2,431",Sep-25,MEYER ROAD,Resale,Strata,86,"26,163",-,Condominium,1,Freehold,15,Rest of Central Region,11 to 15
HAIG COURT,"3,108,000","1,442.38","2,155",Sep-25,HAIG ROAD,Resale,Strata,134,"23,194",-,Condominium,1,Freehold,15,Rest of Central Region,06 to 10
CORALIS,"3,138,888","1,259.39","2,492",Sep-25,JOO CHIAT ROAD,Resale,Strata,117,"26,828",-,Condominium,1,Freehold,15,Rest of Central Region,16 to 20
GRAND DUNMAN,"4,339,000","1,689.95","2,568",Sep-25,DUNMAN ROAD,New Sale,Strata,157,"27,637",-,Apartment,1,99 yrs lease commencing from 2022,15,Rest of Central Region,01 to 05
AMBER HOUSE,"3,535,718","1,216.33","2,907",Sep-25,AMBER GARDENS,New Sale,Strata,113,"31,290",-,Apartment,1,Freehold,15,Rest of Central Region,01 to 05
ARDOR RESIDENCE,"3,399,660","1,323.97","2,568",Sep-25,HAIG ROAD,New Sale,Strata,123,"27,640",-,Apartment,1,Freehold,15,Rest of Central Region,01 to 05
THE CONTINUUM,"3,501,000","1,237.86","2,828",Sep-25,THIAM SIEW AVENUE,New Sale,Strata,115,"30,443",-,Apartment,1,Freehold,15,Rest of Central Region,06 to 10
ARINA EAST RESIDENCES,"2,400,000",796.54,"3,013",Sep-25,TANJONG RHU ROAD,New Sale,Strata,74,"32,432",-,Apartment,1,Freehold,15,Rest of Central Region,11 to 15
TEMBUSU GRAND,"4,040,000","1,711.48","2,361",Sep-25,JALAN TEMBUSU,New Sale,Strata,159,"25,409",-,Condominium,1,99 yrs lease commencing from 2022,15,Rest of Central Region,01 to 05
BLU CORAL,"845,000",505.91,"1,670",Sep-25,LORONG L TELOK KURAU,Resale,Strata,47,"17,979",-,Condominium,1,Freehold,15,Outside Central Region,01 to 05
RESIDENTIAL APARTMENTS,"3,000,000","1,334.74","2,248",Sep-25,CHAPEL CLOSE,Resale,Strata,124,"24,194",-,Apartment,1,Freehold,15,Rest of Central Region,01 to 05
ELLIOT AT THE EAST COAST,"2,540,000","1,689.95","1,503",Sep-25,ELLIOT ROAD,Resale,Strata,157,"16,178",-,Condominium,1,Freehold,15,Outside Central Region,01 to 05
THE SEA VIEW,"1,390,000",559.73,"2,483",Sep-25,AMBER ROAD,Resale,Strata,52,"26,731",-,Condominium,1,Freehold,15,Rest of Central Region,16 to 20
EMERALD EAST,"1,900,000",979.52,"1,940",Sep-25,TANJONG RHU ROAD,Resale,Strata,91,"20,879",-,Apartment,1,Freehold,15,Rest of Central Region,01 to 05
COTE D'AZUR,"1,980,000","1,108.69","1,786",Sep-25,MARINE PARADE ROAD,Resale,Strata,103,"19,223",-,Condominium,1,99 yrs lease commencing from 2001,15,Rest of Central Region,01 to 05
GRAND DUNMAN,"3,719,000","1,474.67","2,522",Sep-25,DUNMAN ROAD,New Sale,Strata,137,"27,146",-,Apartment,1,99 yrs lease commencing from 2022,15,Rest of Central Region,01 to 05
GRAND DUNMAN,"4,432,000","1,926.76","2,300",Sep-25,DUNMAN ROAD,New Sale,Strata,179,"24,760",-,Apartment,1,99 yrs lease commencing from 2022,15,Rest of Central Region,06 to 10
PARC BLEU,"1,288,800","1,001.05","1,287",Sep-25,JOO CHIAT PLACE,Resale,Strata,93,"13,858",-,Apartment,1,Freehold,15,Outside Central Region,01 to 05
GALAXY TOWERS,"1,530,000","1,065.64","1,436",Sep-25,ONAN ROAD,Resale,Strata,99,"15,455",-,Apartment,1,Freehold,15,Rest of Central Region,01 to 05
KOON SENG HOUSE,"1,819,000",785.77,"2,315",Sep-25,KOON SENG ROAD,New Sale,Strata,73,"24,918",-,Apartment,1,Freehold,15,Rest of Central Region,01 to 05
THE MAKENA,"2,050,000",925.7,"2,215",Sep-25,MEYER ROAD,Resale,Strata,86,"23,837",-,Condominium,1,Freehold,15,Rest of Central Region,06 to 10
TAIPAN REGENCY,"2,000,000","1,194.8","1,674",Sep-25,HAIG ROAD,Resale,Strata,111,"18,018",-,Apartment,1,Freehold,15,Rest of Central Region,01 to 05
LIV @ MB,"2,185,000",861.12,"2,537",Sep-25,ARTHUR ROAD,Sub Sale,Strata,80,"27,313",-,Condominium,1,99 yrs lease commencing from 2021,15,Rest of Central Region,01 to 05
THE CRISTALLO,"1,000,000",871.88,"1,147",Sep-25,LORONG K TELOK KURAU,Resale,Strata,81,"12,346",-,Apartment,1,Freehold,15,Outside Central Region,01 to 05
SUNSHINE GRANDEUR,"940,000",635.08,"1,480",Sep-25,LORONG K TELOK KURAU,Resale,Strata,59,"15,932",-,Apartment,1,Freehold,15,Outside Central Region,01 to 05
77 @ EAST COAST,"1,388,000",688.9,"2,015",Sep-25,UPPER EAST COAST ROAD,Resale,Strata,64,"21,688",-,Apartment,1,Freehold,15,Outside Central Region,01 to 05
BELLA CASITA,"906,888",505.91,"1,793",Sep-25,IPOH LANE,Resale,Strata,47,"19,295",-,Apartment,1,Freehold,15,Rest of Central Region,16 to 20
COTE D'AZUR,"2,060,000","1,151.75","1,789",Sep-25,MARINE PARADE ROAD,Resale,Strata,107,"19,252",-,Condominium,1,99 yrs lease commencing from 2001,15,Rest of Central Region,06 to 10
MEYER BLUE,"3,505,000","1,140.98","3,072",Sep-25,MEYER ROAD,New Sale,Strata,106,"33,066",-,Apartment,1,Freehold,15,Rest of Central Region,01 to 05
THE SEA VIEW,"3,360,000","1,216.33","2,762",Sep-25,AMBER ROAD,Resale,Strata,113,"29,735",-,Condominium,1,Freehold,15,Rest of Central Region,06 to 10
SILVERSEA,"2,915,000","1,582.31","1,842",Sep-25,MARINE PARADE ROAD,Resale,Strata,147,"19,830",-,Condominium,1,99 yrs lease commencing from 2007,15,Rest of Central Region,01 to 05
SEVENTY SAINT PATRICK'S,"1,605,000",699.66,"2,294",Sep-25,ST. PATRICK'S ROAD,Resale,Strata,65,"24,692",-,Condominium,1,Freehold,15,Outside Central Region,01 to 05
THE CONTINUUM,"3,871,000","1,453.14","2,664",Sep-25,THIAM SIEW AVENUE,New Sale,Strata,135,"28,674",-,Apartment,1,Freehold,15,Rest of Central Region,16 to 20
EURO-ASIA LODGE,"2,395,888","1,356.26","1,767",Sep-25,JOO CHIAT TERRACE,Resale,Strata,126,"19,015",-,Apartment,1,Freehold,15,Rest of Central Region,01 to 05
OLA RESIDENCES,"4,750,000","3,239.96","1,466",Sep-25,MOUNTBATTEN ROAD,Resale,Strata,301,"15,781",-,Condominium,1,Freehold,15,Rest of Central Region,01 to 05
MEYER BLUE,"3,028,000",990.29,"3,058",Sep-25,MEYER ROAD,New Sale,Strata,92,"32,913",-,Apartment,1,Freehold,15,Rest of Central Region,01 to 05
MANDARIN GARDENS,"1,028,000",731.95,"1,404",Sep-25,SIGLAP ROAD,Resale,Strata,68,"15,118",-,Condominium,1,99 yrs lease commencing from 1982,15,Outside Central Region,11 to 15
THE SEAWIND,"1,150,000",635.08,"1,811",Sep-25,LORONG M TELOK KURAU,Resale,Strata,59,"19,492",-,Condominium,1,Freehold,15,Outside Central Region,01 to 05
NEPTUNE COURT,"1,550,000","1,636.13",947,Sep-25,MARINE VISTA,Resale,Strata,152,"10,197",-,Apartment,1,99 yrs lease commencing from 1975,15,Outside Central Region,06 to 10
NEPTUNE COURT,"1,290,000","1,270.15","1,016",Sep-25,MARINE VISTA,Resale,Strata,118,"10,932",-,Apartment,1,99 yrs lease commencing from 1976,15,Outside Central Region,06 to 10
PEBBLE BAY,"3,750,000","1,894.46","1,979",Sep-25,TANJONG RHU ROAD,Resale,Strata,176,"21,307",-,Condominium,1,99 yrs lease commencing from 1994,15,Rest of Central Region,11 to 15
LIV @ MB,"1,930,000",678.13,"2,846",Sep-25,ARTHUR ROAD,Sub Sale,Strata,63,"30,635",-,Condominium,1,99 yrs lease commencing from 2021,15,Rest of Central Region,06 to 10
GRAND DUNMAN,"1,520,000",548.96,"2,769",Sep-25,DUNMAN ROAD,New Sale,Strata,51,"29,804",-,Apartment,1,99 yrs lease commencing from 2022,15,Rest of Central Region,06 to 10
GRAND DUNMAN,"4,302,000","1,689.95","2,546",Sep-25,DUNMAN ROAD,New Sale,Strata,157,"27,401",-,Apartment,1,99 yrs lease commencing from 2022,15,Rest of Central Region,01 to 05
GRAND DUNMAN,"3,733,000","1,420.85","2,627",Sep-25,DUNMAN ROAD,New Sale,Strata,132,"28,280",-,Apartment,1,99 yrs lease commencing from 2022,15,Rest of Central Region,01 to 05
GRAND DUNMAN,"4,420,000","1,926.76","2,294",Sep-25,DUNMAN ROAD,New Sale,Strata,179,"24,693",-,Apartment,1,99 yrs lease commencing from 2022,15,Rest of Central Region,06 to 10
GRAND DUNMAN,"4,426,000","1,926.76","2,297",Sep-25,DUNMAN ROAD,New Sale,Strata,179,"24,726",-,Apartment,1,99 yrs lease commencing from 2022,15,Rest of Central Region,11 to 15
D'ECOSIA,"1,030,000",538.2,"1,914",Sep-25,STILL ROAD SOUTH,Resale,Strata,50,"20,600",-,Condominium,1,Freehold,15,Outside Central Region,01 to 05
TEMBUSU GRAND,"4,052,000","1,711.48","2,368",Sep-25,JALAN TEMBUSU,New Sale,Strata,159,"25,484",-,Condominium,1,99 yrs lease commencing from 2022,15,Rest of Central Region,01 to 05
TEMBUSU GRAND,"4,064,000","1,711.48","2,375",Sep-25,JALAN TEMBUSU,New Sale,Strata,159,"25,560",-,Condominium,1,99 yrs lease commencing from 2022,15,Rest of Central Region,01 to 05
ONE AMBER,"3,098,888","1,302.44","2,379",Sep-25,AMBER GARDENS,Resale,Strata,121,"25,611",-,Condominium,1,Freehold,15,Rest of Central Region,16 to 20
THE MAKENA,"3,515,000","1,636.13","2,148",Sep-25,MEYER ROAD,Resale,Strata,152,"23,125",-,Condominium,1,Freehold,15,Rest of Central Region,06 to 10
THE WATERSIDE,"5,000,000","2,411.14","2,074",Sep-25,TANJONG RHU ROAD,Resale,Strata,224,"22,321",-,Condominium,1,Freehold,15,Rest of Central Region,11 to 15
UNI BUILDING,"2,868,000","1,797.59","1,595",Sep-25,TELOK KURAU ROAD,Resale,Strata,167,"17,174",-,Apartment,1,Freehold,15,Outside Central Region,01 to 05
GRAND DUNMAN,"4,527,000","1,786.82","2,534",Sep-25,DUNMAN ROAD,New Sale,Strata,166,"27,271",-,Apartment,1,99 yrs lease commencing from 2022,15,Rest of Central Region,11 to 15
AMBER HOUSE,"3,899,670","1,237.86","3,150",Sep-25,AMBER GARDENS,New Sale,Strata,115,"33,910",-,Apartment,1,Freehold,15,Rest of Central Region,11 to 15
TEMBUSU GRAND,"4,076,000","1,711.48","2,382",Sep-25,JALAN TEMBUSU,New Sale,Strata,159,"25,635",-,Condominium,1,99 yrs lease commencing from 2022,15,Rest of Central Region,01 to 05
NEPTUNE COURT,"1,843,888","1,636.13","1,127",Sep-25,MARINE VISTA,Resale,Strata,152,"12,131",-,Apartment,1,99 yrs lease commencing from 1975,15,Outside Central Region,16 to 20
SUITES@ KATONG,"688,000",409.03,"1,682",Sep-25,TANJONG KATONG ROAD,Resale,Strata,38,"18,105",-,Apartment,1,Freehold,15,Rest of Central Region,01 to 05
THE LINE @ TANJONG RHU,"2,738,000","1,065.64","2,569",Sep-25,TANJONG RHU ROAD,Resale,Strata,99,"27,657",-,Condominium,1,Freehold,15,Rest of Central Region,11 to 15
THE LINE @ TANJONG RHU,"1,400,000",581.26,"2,409",Sep-25,TANJONG RHU ROAD,Resale,Strata,54,"25,926",-,Condominium,1,Freehold,15,Rest of Central Region,16 to 20
FULCRUM,"1,139,999",473.62,"2,407",Sep-25,FORT ROAD,Resale,Strata,44,"25,909",-,Condominium,1,Freehold,15,Rest of Central Region,11 to 15
JUPITER 18,"1,100,000",624.31,"1,762",Sep-25,LORONG 102 CHANGI,Resale,Strata,58,"18,966",-,Apartment,1,Freehold,15,Rest of Central Region,01 to 05
EASTVILLE APARTMENTS,"1,700,000","1,001.05","1,698",Sep-25,JOO CHIAT LANE,Resale,Strata,93,"18,280",-,Apartment,1,Freehold,15,Rest of Central Region,01 to 05
SILVERSEA,"4,950,000","2,464.96","2,008",Sep-25,MARINE PARADE ROAD,Resale,Strata,229,"21,616",-,Condominium,1,99 yrs lease commencing from 2007,15,Rest of Central Region,16 to 20
MARINE BLUE,"1,800,000","1,270.15","1,417",Sep-25,MARINE PARADE ROAD,Resale,Strata,118,"15,254",-,Condominium,1,Freehold,15,Rest of Central Region,11 to 15
DUNMAN VIEW,"1,900,000","1,194.8","1,590",Sep-25,HAIG ROAD,Resale,Strata,111,"17,117",-,Condominium,1,99 yrs lease commencing from 1997,15,Rest of Central Region,06 to 10
ONE K GREENLANE,"1,400,000",882.65,"1,586",Sep-25,GREEN LANE,Resale,Strata,82,"17,073",-,Apartment,1,Freehold,15,Rest of Central Region,01 to 05
FLAMINGO VALLEY,"2,400,000","1,851.41","1,296",Sep-25,SIGLAP ROAD,Resale,Strata,172,"13,953",-,Condominium,1,Freehold,15,Outside Central Region,01 to 05
CAMELODGE,"1,455,000",990.29,"1,469",Sep-25,UPPER EAST COAST ROAD,Resale,Strata,92,"15,815",-,Apartment,1,Freehold,15,Outside Central Region,01 to 05
AMBER HOUSE,"3,884,620","1,237.86","3,138",Sep-25,AMBER GARDENS,New Sale,Strata,115,"33,779",-,Apartment,1,Freehold,15,Rest of Central Region,11 to 15
TEMBUSU GRAND,"4,088,000","1,711.48","2,389",Sep-25,JALAN TEMBUSU,New Sale,Strata,159,"25,711",-,Condominium,1,99 yrs lease commencing from 2022,15,Rest of Central Region,06 to 10
ARDOR RESIDENCE,"2,560,000","1,022.58","2,503",Sep-25,HAIG ROAD,New Sale,Strata,95,"26,947",-,Apartment,1,Freehold,15,Rest of Central Region,01 to 05
TEMBUSU GRAND,"4,064,000","1,711.48","2,375",Sep-25,JALAN TEMBUSU,New Sale,Strata,159,"25,560",-,Condominium,1,99 yrs lease commencing from 2022,15,Rest of Central Region,01 to 05
TEMBUSU GRAND,"4,172,000","1,711.48","2,438",Sep-25,JALAN TEMBUSU,New Sale,Strata,159,"26,239",-,Condominium,1,99 yrs lease commencing from 2022,15,Rest of Central Region,11 to 15
GRAND DUNMAN,"2,576,000","1,044.11","2,467",Sep-25,DUNMAN ROAD,New Sale,Strata,97,"26,557",-,Apartment,1,99 yrs lease commencing from 2022,15,Rest of Central Region,01 to 05
TEMBUSU GRAND,"4,184,000","1,711.48","2,445",Sep-25,JALAN TEMBUSU,New Sale,Strata,159,"26,314",-,Condominium,1,99 yrs lease commencing from 2022,15,Rest of Central Region,11 to 15
SEASIDE RESIDENCES,"1,180,000",559.73,"2,108",Sep-25,SIGLAP LINK,Resale,Strata,52,"22,692",-,Apartment,1,99 yrs lease commencing from 2016,15,Outside Central Region,06 to 10
THE SHORE RESIDENCES,"1,888,888",893.41,"2,114",Sep-25,AMBER ROAD,Resale,Strata,83,"22,758",-,Condominium,1,103 yrs lease commencing from 2009,15,Rest of Central Region,16 to 20
THE GERANIUM,"2,083,888","1,453.14","1,434",Sep-25,MANGIS ROAD,Resale,Strata,135,"15,436",-,Condominium,1,Freehold,15,Rest of Central Region,01 to 05
ESPIRA SUITES,"1,408,000","1,065.64","1,321",Sep-25,LORONG H TELOK KURAU,Resale,Strata,99,"14,222",-,Apartment,1,Freehold,15,Outside Central Region,01 to 05
BOON COURT,"2,100,000","1,496.2","1,404",Sep-25,STILL ROAD,Resale,Strata,139,"15,108",-,Apartment,1,Freehold,15,Rest of Central Region,01 to 05
THE CONTINUUM,"3,624,000","1,248.62","2,902",Sep-25,THIAM SIEW AVENUE,New Sale,Strata,116,"31,241",-,Apartment,1,Freehold,15,Rest of Central Region,06 to 10
GRAND DUNMAN,"4,438,000","1,926.76","2,303",Sep-25,DUNMAN ROAD,New Sale,Strata,179,"24,793",-,Apartment,1,99 yrs lease commencing from 2022,15,Rest of Central Region,11 to 15
THE SEAWIND,"1,200,000",656.6,"1,828",Sep-25,LORONG M TELOK KURAU,Resale,Strata,61,"19,672",-,Condominium,1,Freehold,15,Outside Central Region,01 to 05
CALLIDORA VILLE,"1,800,000","1,367.03","1,317",Sep-25,LORONG N TELOK KURAU,Resale,Strata,127,"14,173",-,Apartment,1,Freehold,15,Outside Central Region,01 to 05
MANDARIN GARDENS,"1,400,000","1,001.05","1,399",Sep-25,SIGLAP ROAD,Resale,Strata,93,"15,054",-,Condominium,1,99 yrs lease commencing from 1982,15,Outside Central Region,01 to 05
UNITED MANSION,"1,836,000","1,237.86","1,483",Sep-25,EAST COAST ROAD,Resale,Strata,115,"15,965",-,Apartment,1,Freehold,15,Outside Central Region,01 to 05
COTE D'AZUR,"2,940,000","1,539.25","1,910",Sep-25,MARINE PARADE ROAD,Resale,Strata,143,"20,559",-,Condominium,1,99 yrs lease commencing from 2001,15,Rest of Central Region,06 to 10
SILVERSEA,"3,370,000","1,571.54","2,144",Sep-25,MARINE PARADE ROAD,Resale,Strata,146,"23,082",-,Condominium,1,99 yrs lease commencing from 2007,15,Rest of Central Region,06 to 10
ARINA EAST RESIDENCES,"3,261,000","1,087.16","3,000",Sep-25,TANJONG RHU ROAD,New Sale,Strata,101,"32,287",-,Apartment,1,Freehold,15,Rest of Central Region,01 to 05
THE CONTINUUM,"3,034,000","1,130.22","2,684",Sep-25,THIAM SIEW AVENUE,New Sale,Strata,105,"28,895",-,Apartment,1,Freehold,15,Rest of Central Region,16 to 20
SEASIDE RESIDENCES,"1,200,000",559.73,"2,144",Sep-25,SIGLAP LINK,Resale,Strata,52,"23,077",-,Apartment,1,99 yrs lease commencing from 2016,15,Outside Central Region,06 to 10
VERTIS,"3,200,000","1,657.66","1,930",Sep-25,AMBER GARDENS,Resale,Strata,154,"20,779",-,Apartment,1,Freehold,15,Rest of Central Region,06 to 10
SPRING @ KATONG,"2,400,000","1,119.46","2,144",Sep-25,CEYLON ROAD,Resale,Strata,104,"23,077",-,Apartment,1,Freehold,15,Rest of Central Region,01 to 05
THE SEA VIEW,"3,423,700","1,216.33","2,815",Sep-25,AMBER ROAD,Resale,Strata,113,"30,298",-,Condominium,1,Freehold,15,Rest of Central Region,16 to 20
FORTUNE JADE,"2,200,000","1,140.98","1,928",Sep-25,DUNMAN ROAD,Resale,Strata,106,"20,755",-,Apartment,1,Freehold,15,Rest of Central Region,16 to 20
IDYLLIC RESIDENCES,"1,800,000","1,097.93","1,639",Sep-25,LORONG M TELOK KURAU,Resale,Strata,102,"17,647",-,Apartment,1,Freehold,15,Outside Central Region,01 to 05
SANCTUARY GREEN,"2,220,000","1,356.26","1,637",Sep-25,TANJONG RHU ROAD,Resale,Strata,126,"17,619",-,Condominium,1,99 yrs lease commencing from 1997,15,Rest of Central Region,06 to 10
LAGUNA PARK,"1,880,000","1,453.14","1,294",Sep-25,MARINE PARADE ROAD,Resale,Strata,135,"13,926",-,Apartment,1,99 yrs lease commencing from 1977,15,Outside Central Region,21 to 25
MEYER BLUE,"3,797,000","1,140.98","3,328",Sep-25,MEYER ROAD,New Sale,Strata,106,"35,821",-,Apartment,1,Freehold,15,Rest of Central Region,21 to 25
AMBER HOUSE,"1,950,824",635.08,"3,072",Sep-25,AMBER GARDENS,New Sale,Strata,59,"33,065",-,Apartment,1,Freehold,15,Rest of Central Region,01 to 05
BLU CORAL,"905,000",505.91,"1,789",Sep-25,LORONG L TELOK KURAU,Resale,Strata,47,"19,255",-,Condominium,1,Freehold,15,Outside Central Region,01 to 05
THE SEA VIEW,"3,860,000","1,410.08","2,737",Sep-25,AMBER ROAD,Resale,Strata,131,"29,466",-,Condominium,1,Freehold,15,Rest of Central Region,01 to 05
THE LINE @ TANJONG RHU,"2,780,000","1,216.33","2,286",Sep-25,TANJONG RHU ROAD,Resale,Strata,113,"24,602",-,Condominium,1,Freehold,15,Rest of Central Region,11 to 15
THE MEYERISE,"2,370,000",871.88,"2,718",Sep-25,MEYER ROAD,Resale,Strata,81,"29,259",-,Condominium,1,Freehold,15,Rest of Central Region,26 to 30
SEASIDE RESIDENCES,"2,060,000",785.77,"2,622",Sep-25,SIGLAP LINK,Resale,Strata,73,"28,219",-,Apartment,1,99 yrs lease commencing from 2016,15,Outside Central Region,21 to 25
FLAMINGO VALLEY,"1,600,000",861.12,"1,858",Sep-25,SIGLAP ROAD,Resale,Strata,80,"20,000",-,Condominium,1,Freehold,15,Outside Central Region,01 to 05
GRAND DUNMAN,"2,622,000","1,044.11","2,511",Sep-25,DUNMAN ROAD,New Sale,Strata,97,"27,031",-,Apartment,1,99 yrs lease commencing from 2022,15,Rest of Central Region,01 to 05
THE CONTINUUM,"3,901,000","1,270.15","3,071",Sep-25,THIAM SIEW AVENUE,New Sale,Strata,118,"33,059",-,Apartment,1,Freehold,15,Rest of Central Region,16 to 20
TEMBUSU GRAND,"4,124,000","1,711.48","2,410",Sep-25,JALAN TEMBUSU,New Sale,Strata,159,"25,937",-,Condominium,1,99 yrs lease commencing from 2022,15,Rest of Central Region,06 to 10
PEBBLE BAY,"5,750,000","2,626.42","2,189",Sep-25,TANJONG RHU ROAD,Resale,Strata,244,"23,566",-,Condominium,1,99 yrs lease commencing from 1994,15,Rest of Central Region,16 to 20
JUPITER 18,"1,138,000",785.77,"1,448",Sep-25,LORONG 102 CHANGI,Resale,Strata,73,"15,589",-,Apartment,1,Freehold,15,Rest of Central Region,01 to 05
TEMBUSU GRAND,"4,100,000","1,711.48","2,396",Sep-25,JALAN TEMBUSU,New Sale,Strata,159,"25,786",-,Condominium,1,99 yrs lease commencing from 2022,15,Rest of Central Region,06 to 10
TIVOLI GRANDE,"1,140,000",699.66,"1,629",Sep-25,KOON SENG ROAD,Resale,Strata,65,"17,538",-,Apartment,1,Freehold,15,Rest of Central Region,01 to 05
AMBER HOUSE,"3,854,606","1,237.86","3,114",Sep-25,AMBER GARDENS,New Sale,Strata,115,"33,518",-,Apartment,1,Freehold,15,Rest of Central Region,11 to 15
GRAND DUNMAN,"2,628,000","1,044.11","2,517",Sep-25,DUNMAN ROAD,New Sale,Strata,97,"27,093",-,Apartment,1,99 yrs lease commencing from 2022,15,Rest of Central Region,06 to 10
GRAND DUNMAN,"2,690,000","1,044.11","2,576",Sep-25,DUNMAN ROAD,New Sale,Strata,97,"27,732",-,Apartment,1,99 yrs lease commencing from 2022,15,Rest of Central Region,11 to 15
8M RESIDENCES,"1,975,000","1,334.74","1,480",Sep-25,MARGATE ROAD,Resale,Strata,124,"15,927",-,Apartment,1,Freehold,15,Rest of Central Region,16 to 20
TEMBUSU GRAND,"4,148,000","1,711.48","2,424",Sep-25,JALAN TEMBUSU,New Sale,Strata,159,"26,088",-,Condominium,1,99 yrs lease commencing from 2022,15,Rest of Central Region,11 to 15
TEMBUSU GRAND,"4,220,000","1,711.48","2,466",Sep-25,JALAN TEMBUSU,New Sale,Strata,159,"26,541",-,Condominium,1,99 yrs lease commencing from 2022,15,Rest of Central Region,16 to 20
SANTA FE MANSIONS,"2,100,000","1,162.51","1,806",Sep-25,MARGATE ROAD,Resale,Strata,108,"19,444",-,Apartment,1,Freehold,15,Rest of Central Region,01 to 05
GRAND DUNMAN,"3,594,000","1,431.61","2,510",Sep-25,DUNMAN ROAD,New Sale,Strata,133,"27,023",-,Apartment,1,99 yrs lease commencing from 2022,15,Rest of Central Region,01 to 05
EAST GALLERIA,"1,950,000",904.18,"2,157",Sep-25,SEA AVENUE,Resale,Strata,84,"23,214",-,Apartment,1,Freehold,15,Rest of Central Region,01 to 05
THE MAKENA,"2,510,000","1,151.75","2,179",Sep-25,MEYER ROAD,Resale,Strata,107,"23,458",-,Condominium,1,Freehold,15,Rest of Central Region,06 to 10
CRYSTAL RHU,"1,750,000","1,054.87","1,659",Sep-25,TANJONG RHU ROAD,Resale,Strata,98,"17,857",-,Apartment,1,Freehold,15,Rest of Central Region,01 to 05
PEBBLE BAY,"5,800,000","3,056.98","1,897",Sep-25,TANJONG RHU ROAD,Resale,Strata,284,"20,423",-,Condominium,1,99 yrs lease commencing from 1994,15,Rest of Central Region,01 to 05
38 I SUITES,"1,200,000",667.37,"1,798",Sep-25,IPOH LANE,Resale,Strata,62,"19,355",-,Apartment,1,Freehold,15,Rest of Central Region,11 to 15
VERSILIA ON HAIG,"2,730,000","1,313.21","2,079",Sep-25,IPOH LANE,Resale,Strata,122,"22,377",-,Condominium,1,Freehold,15,Rest of Central Region,06 to 10
GRAND DUNMAN,"2,684,000","1,044.11","2,571",Aug-25,DUNMAN ROAD,New Sale,Strata,97,"27,670",-,Apartment,1,99 yrs lease commencing from 2022,15,Rest of Central Region,11 to 15
GRAND DUNMAN,"2,696,000","1,044.11","2,582",Aug-25,DUNMAN ROAD,New Sale,Strata,97,"27,794",-,Apartment,1,99 yrs lease commencing from 2022,15,Rest of Central Region,11 to 15
TEMBUSU GRAND,"4,196,000","1,711.48","2,452",Aug-25,JALAN TEMBUSU,New Sale,Strata,159,"26,390",-,Condominium,1,99 yrs lease commencing from 2022,15,Rest of Central Region,11 to 15
HERITAGE RESIDENCES,"2,000,000","1,291.68","1,548",Aug-25,LORONG L TELOK KURAU,Resale,Strata,120,"16,667",-,Apartment,1,Freehold,15,Outside Central Region,01 to 05
THE CONTINUUM,"2,150,000",807.3,"2,663",Aug-25,THIAM SIEW AVENUE,New Sale,Strata,75,"28,667",-,Apartment,1,Freehold,15,Rest of Central Region,16 to 20
GRAND DUNMAN,"2,702,000","1,044.11","2,588",Aug-25,DUNMAN ROAD,New Sale,Strata,97,"27,856",-,Apartment,1,99 yrs lease commencing from 2022,15,Rest of Central Region,16 to 20
OLA RESIDENCES,"4,000,000","3,229.2","1,239",Aug-25,MOUNTBATTEN ROAD,Resale,Strata,300,"13,333",-,Condominium,1,Freehold,15,Rest of Central Region,01 to 05
TEMBUSU GRAND,"4,208,000","1,711.48","2,459",Aug-25,JALAN TEMBUSU,New Sale,Strata,159,"26,465",-,Condominium,1,99 yrs lease commencing from 2022,15,Rest of Central Region,16 to 20
TIERRA VUE,"3,500,000","1,915.99","1,827",Aug-25,ST. PATRICK'S ROAD,Resale,Strata,178,"19,663",-,Condominium,1,Freehold,15,Outside Central Region,01 to 05
THE ATRIA AT MEYER,"3,498,000","1,474.67","2,372",Aug-25,MEYER ROAD,Resale,Strata,137,"25,533",-,Condominium,1,Freehold,15,Rest of Central Region,16 to 20
PEBBLE BAY,"4,200,000","2,335.79","1,798",Aug-25,TANJONG RHU ROAD,Resale,Strata,217,"19,355",-,Condominium,1,99 yrs lease commencing from 1994,15,Rest of Central Region,06 to 10
HAIG COURT,"3,300,000","1,550.02","2,129",Aug-25,HAIG ROAD,Resale,Strata,144,"22,917",-,Condominium,1,Freehold,15,Rest of Central Region,01 to 05
AMBER HOUSE,"5,305,608","1,743.77","3,043",Aug-25,AMBER GARDENS,New Sale,Strata,162,"32,751",-,Apartment,1,Freehold,15,Rest of Central Region,11 to 15
MEYER BLUE,"3,658,000","1,140.98","3,206",Aug-25,MEYER ROAD,New Sale,Strata,106,"34,509",-,Apartment,1,Freehold,15,Rest of Central Region,11 to 15
TIERRA VUE,"3,630,000","1,915.99","1,895",Aug-25,ST. PATRICK'S ROAD,Resale,Strata,178,"20,393",-,Condominium,1,Freehold,15,Outside Central Region,01 to 05
THE GERANIUM,"2,300,000","1,582.31","1,454",Aug-25,MANGIS ROAD,Resale,Strata,147,"15,646",-,Condominium,1,Freehold,15,Rest of Central Region,01 to 05
GRAND DUNMAN,"3,714,000","1,474.67","2,519",Aug-25,DUNMAN ROAD,New Sale,Strata,137,"27,109",-,Apartment,1,99 yrs lease commencing from 2022,15,Rest of Central Region,01 to 05
FULCRUM,"1,820,000",828.83,"2,196",Aug-25,FORT ROAD,Resale,Strata,77,"23,636",-,Condominium,1,Freehold,15,Rest of Central Region,11 to 15
8M RESIDENCES,"1,560,000",645.84,"2,415",Aug-25,MARGATE ROAD,Resale,Strata,60,"26,000",-,Apartment,1,Freehold,15,Rest of Central Region,16 to 20
ONE AMBER,"3,638,888","1,657.66","2,195",Aug-25,AMBER GARDENS,Resale,Strata,154,"23,629",-,Condominium,1,Freehold,15,Rest of Central Region,01 to 05
THE LINE @ TANJONG RHU,"3,328,000","1,377.79","2,415",Aug-25,TANJONG RHU ROAD,Resale,Strata,128,"26,000",-,Condominium,1,Freehold,15,Rest of Central Region,16 to 20
MANDARIN GARDENS,"2,010,000","1,571.54","1,279",Aug-25,SIGLAP ROAD,Resale,Strata,146,"13,767",-,Condominium,1,99 yrs lease commencing from 1982,15,Outside Central Region,11 to 15
THE SEA VIEW,"4,428,000","1,646.89","2,689",Aug-25,AMBER ROAD,Resale,Strata,153,"28,941",-,Condominium,1,Freehold,15,Rest of Central Region,01 to 05
NYON,"2,110,000",818.06,"2,579",Aug-25,AMBER ROAD,Resale,Strata,76,"27,763",-,Apartment,1,Freehold,15,Rest of Central Region,16 to 20
WATER PLACE,"2,280,000","1,227.1","1,858",Aug-25,TANJONG RHU ROAD,Resale,Strata,114,"20,000",-,Condominium,1,99 yrs lease commencing from 1998,15,Rest of Central Region,06 to 10
CHIKU MANSIONS,"22,230,000","10,398.02","2,138",Aug-25,CHIKU ROAD,Resale,Strata,966,"23,012",-,Apartment,9,Freehold,15,Rest of Central Region,01 to 05
THE CONTINUUM,"3,165,000","1,087.16","2,911",Aug-25,THIAM SIEW AVENUE,New Sale,Strata,101,"31,337",-,Apartment,1,Freehold,15,Rest of Central Region,11 to 15
MANDARIN GARDENS,"980,000",731.95,"1,339",Aug-25,SIGLAP ROAD,Resale,Strata,68,"14,412",-,Condominium,1,99 yrs lease commencing from 1982,15,Outside Central Region,16 to 20
91 MARSHALL,"705,000",376.74,"1,871",Aug-25,MARSHALL ROAD,Resale,Strata,35,"20,143",-,Apartment,1,Freehold,15,Rest of Central Region,01 to 05
GRAND DUCHESS AT ST PATRICK'S,"3,118,888","1,356.26","2,300",Aug-25,ST. PATRICK'S ROAD,Resale,Strata,126,"24,753",-,Condominium,1,Freehold,15,Outside Central Region,01 to 05
8M RESIDENCES,"1,538,000",645.84,"2,381",Aug-25,MARGATE ROAD,Resale,Strata,60,"25,633",-,Apartment,1,Freehold,15,Rest of Central Region,06 to 10
GOODWILL COURT,"2,180,000","1,496.2","1,457",Aug-25,UPPER EAST COAST ROAD,Resale,Strata,139,"15,683",-,Apartment,1,Freehold,15,Outside Central Region,01 to 05
TEMBUSU GRAND,"4,184,000","1,711.48","2,445",Aug-25,JALAN TEMBUSU,New Sale,Strata,159,"26,314",-,Condominium,1,99 yrs lease commencing from 2022,15,Rest of Central Region,11 to 15
CASUARINA COVE,"2,400,000","1,496.2","1,604",Aug-25,TANJONG RHU ROAD,Resale,Strata,139,"17,266",-,Condominium,1,99 yrs lease commencing from 1993,15,Rest of Central Region,06 to 10
WATER PLACE,"2,380,000","1,216.33","1,957",Aug-25,TANJONG RHU ROAD,Resale,Strata,113,"21,062",-,Condominium,1,99 yrs lease commencing from 1998,15,Rest of Central Region,06 to 10
AMBER PARK,"2,120,000",753.48,"2,814",Aug-25,AMBER GARDENS,Resale,Strata,70,"30,286",-,Condominium,1,Freehold,15,Rest of Central Region,16 to 20
THE MEDLEY,"1,280,000",807.3,"1,586",Aug-25,LORONG G TELOK KURAU,Resale,Strata,75,"17,067",-,Apartment,1,Freehold,15,Outside Central Region,01 to 05
38 I SUITES,"1,080,000","1,087.16",993,Aug-25,IPOH LANE,Resale,Strata,101,"10,693",-,Apartment,1,Freehold,15,Rest of Central Region,16 to 20
GRAND DUNMAN,"4,869,000","2,152.8","2,262",Aug-25,DUNMAN ROAD,New Sale,Strata,200,"24,345",-,Apartment,1,99 yrs lease commencing from 2022,15,Rest of Central Region,16 to 20
AMBER HOUSE,"2,990,220",979.52,"3,053",Aug-25,AMBER GARDENS,New Sale,Strata,91,"32,860",-,Apartment,1,Freehold,15,Rest of Central Region,06 to 10
DUNMAN VIEW,"2,050,000","1,345.5","1,524",Aug-25,HAIG ROAD,Resale,Strata,125,"16,400",-,Condominium,1,99 yrs lease commencing from 1997,15,Rest of Central Region,16 to 20
WATER PLACE,"2,170,000","1,216.33","1,784",Aug-25,TANJONG RHU ROAD,Resale,Strata,113,"19,204",-,Condominium,1,99 yrs lease commencing from 1998,15,Rest of Central Region,01 to 05
THE SEAFRONT ON MEYER,"5,280,000","2,109.74","2,503",Aug-25,MEYER ROAD,Resale,Strata,196,"26,939",-,Condominium,1,Freehold,15,Rest of Central Region,16 to 20
HERITAGE EAST,"790,000",462.85,"1,707",Aug-25,EAST COAST ROAD,Resale,Strata,43,"18,372",-,Apartment,1,Freehold,15,Outside Central Region,01 to 05
ONE MEYER,"1,930,000",613.55,"3,146",Aug-25,MEYER PLACE,Resale,Strata,57,"33,860",-,Apartment,1,Freehold,15,Rest of Central Region,16 to 20
SILVERSEA,"3,000,000","1,517.72","1,977",Aug-25,MARINE PARADE ROAD,Resale,Strata,141,"21,277",-,Condominium,1,99 yrs lease commencing from 2007,15,Rest of Central Region,01 to 05
GRAND DUNMAN,"4,308,000","1,689.95","2,549",Aug-25,DUNMAN ROAD,New Sale,Strata,157,"27,439",-,Apartment,1,99 yrs lease commencing from 2022,15,Rest of Central Region,01 to 05
NEPTUNE COURT,"1,910,000","1,636.13","1,167",Aug-25,MARINE VISTA,Resale,Strata,152,"12,566",-,Apartment,1,99 yrs lease commencing from 1975,15,Outside Central Region,11 to 15
8M RESIDENCES,"1,570,000",645.84,"2,431",Aug-25,MARGATE ROAD,Resale,Strata,60,"26,167",-,Apartment,1,Freehold,15,Rest of Central Region,16 to 20
AMBER PARK,"3,788,888","1,302.44","2,909",Aug-25,AMBER GARDENS,Resale,Strata,121,"31,313",-,Condominium,1,Freehold,15,Rest of Central Region,16 to 20
THE TREELINE,"2,210,000","1,453.14","1,521",Aug-25,LORONG G TELOK KURAU,Resale,Strata,135,"16,370",-,Apartment,1,Freehold,15,Outside Central Region,01 to 05
THE BELVEDERE,"3,620,000","1,377.79","2,627",Aug-25,MEYER ROAD,Resale,Strata,128,"28,281",-,Condominium,1,Freehold,15,Rest of Central Region,16 to 20
SEVENTY SAINT PATRICK'S,"1,680,000",731.95,"2,295",Aug-25,ST. PATRICK'S ROAD,Resale,Strata,68,"24,706",-,Condominium,1,Freehold,15,Outside Central Region,01 to 05
BLU CORAL,"1,850,000","1,194.8","1,548",Aug-25,LORONG L TELOK KURAU,Resale,Strata,111,"16,667",-,Condominium,1,Freehold,15,Outside Central Region,01 to 05
COTE D'AZUR,"2,590,000","1,388.56","1,865",Aug-25,MARINE PARADE ROAD,Resale,Strata,129,"20,078",-,Condominium,1,99 yrs lease commencing from 2001,15,Rest of Central Region,06 to 10
ELLIOT AT THE EAST COAST,"5,025,000","2,830.93","1,775",Aug-25,ELLIOT ROAD,Resale,Strata,263,"19,106",-,Condominium,1,Freehold,15,Outside Central Region,01 to 05
THE SEA VIEW,"1,358,000",559.73,"2,426",Aug-25,AMBER ROAD,Resale,Strata,52,"26,115",-,Condominium,1,Freehold,15,Rest of Central Region,11 to 15
TAIPAN GRAND,"1,890,000","1,237.86","1,527",Aug-25,MARINE PARADE ROAD,Resale,Strata,115,"16,435",-,Apartment,1,Freehold,15,Outside Central Region,06 to 10
SIGLAP V,"1,320,000","1,044.11","1,264",Aug-25,FIRST STREET,Resale,Strata,97,"13,608",-,Apartment,1,Freehold,15,Outside Central Region,01 to 05
TEMBUSU GRAND,"4,136,000","1,711.48","2,417",Aug-25,JALAN TEMBUSU,New Sale,Strata,159,"26,013",-,Condominium,1,99 yrs lease commencing from 2022,15,Rest of Central Region,06 to 10
GRAND DUNMAN,"2,671,000","1,044.11","2,558",Aug-25,DUNMAN ROAD,New Sale,Strata,97,"27,536",-,Apartment,1,99 yrs lease commencing from 2022,15,Rest of Central Region,11 to 15
KATONG REGENCY,"1,145,000",548.96,"2,086",Aug-25,TANJONG KATONG ROAD,Resale,Strata,51,"22,451",-,Apartment,1,Freehold,15,Rest of Central Region,11 to 15
SANCTUARY GREEN,"2,225,000","1,399.32","1,590",Aug-25,TANJONG RHU ROAD,Resale,Strata,130,"17,115",-,Condominium,1,99 yrs lease commencing from 1997,15,Rest of Central Region,01 to 05
AMBER PARK,"3,580,000","1,302.44","2,749",Aug-25,AMBER GARDENS,Resale,Strata,121,"29,587",-,Condominium,1,Freehold,15,Rest of Central Region,06 to 10
GRAND DUNMAN,"4,144,000","1,819.12","2,278",Aug-25,DUNMAN ROAD,New Sale,Strata,169,"24,521",-,Apartment,1,99 yrs lease commencing from 2022,15,Rest of Central Region,16 to 20
THE SEA VIEW,"3,990,000","1,410.08","2,830",Aug-25,AMBER ROAD,Resale,Strata,131,"30,458",-,Condominium,1,Freehold,15,Rest of Central Region,16 to 20
THE SEAFRONT ON MEYER,"4,168,000","1,603.84","2,599",Aug-25,MEYER ROAD,Resale,Strata,149,"27,973",-,Condominium,1,Freehold,15,Rest of Central Region,06 to 10
COSTA RHU,"3,080,000","1,776.06","1,734",Aug-25,RHU CROSS,Resale,Strata,165,"18,667",-,Condominium,1,99 yrs lease commencing from 1994,15,Rest of Central Region,11 to 15
FLAMINGO VALLEY,"2,580,000","1,388.56","1,858",Aug-25,SIGLAP ROAD,Resale,Strata,129,"20,000",-,Condominium,1,Freehold,15,Outside Central Region,01 to 05
SYCAMORE TREE,"800,800",419.8,"1,908",Aug-25,FOWLIE ROAD,Resale,Strata,39,"20,533",-,Apartment,1,Freehold,15,Rest of Central Region,01 to 05
PARC BLEU,"1,160,000",699.66,"1,658",Aug-25,JOO CHIAT PLACE,Resale,Strata,65,"17,846",-,Apartment,1,Freehold,15,Outside Central Region,01 to 05
THE AMERY,"2,900,000","1,528.49","1,897",Aug-25,LORONG K TELOK KURAU,Resale,Strata,142,"20,423",-,Condominium,1,Freehold,15,Outside Central Region,01 to 05
THE SHORE RESIDENCES,"1,850,000",871.88,"2,122",Aug-25,AMBER ROAD,Resale,Strata,81,"22,840",-,Condominium,1,103 yrs lease commencing from 2009,15,Rest of Central Region,11 to 15
AMBER PARK,"2,090,000",699.66,"2,987",Aug-25,AMBER GARDENS,Resale,Strata,65,"32,154",-,Condominium,1,Freehold,15,Rest of Central Region,11 to 15
GRAND DUNMAN,"2,665,000","1,044.11","2,552",Aug-25,DUNMAN ROAD,New Sale,Strata,97,"27,474",-,Apartment,1,99 yrs lease commencing from 2022,15,Rest of Central Region,06 to 10
BLU CORAL,"1,750,000","1,140.98","1,534",Aug-25,LORONG L TELOK KURAU,Resale,Strata,106,"16,509",-,Condominium,1,Freehold,15,Outside Central Region,01 to 05
KATONG REGENCY,"1,060,000",559.73,"1,894",Aug-25,TANJONG KATONG ROAD,Resale,Strata,52,"20,385",-,Apartment,1,Freehold,15,Rest of Central Region,06 to 10
FLAMINGO VALLEY,"3,250,000","1,872.94","1,735",Aug-25,SIGLAP ROAD,Resale,Strata,174,"18,678",-,Condominium,1,Freehold,15,Outside Central Region,01 to 05
CELESTIA,"1,720,000","1,044.11","1,647",Aug-25,JOO CHIAT TERRACE,Resale,Strata,97,"17,732",-,Apartment,1,Freehold,15,Rest of Central Region,01 to 05
SANCTUARY GREEN,"2,500,000","1,356.26","1,843",Aug-25,TANJONG RHU ROAD,Resale,Strata,126,"19,841",-,Condominium,1,99 yrs lease commencing from 1997,15,Rest of Central Region,11 to 15
MEIER SUITES,"4,660,000","2,206.62","2,112",Aug-25,MARGATE ROAD,Resale,Strata,205,"22,732",-,Condominium,1,Freehold,15,Rest of Central Region,06 to 10
GRAND DUNMAN,"4,340,000","1,689.95","2,568",Aug-25,DUNMAN ROAD,New Sale,Strata,157,"27,643",-,Apartment,1,99 yrs lease commencing from 2022,15,Rest of Central Region,01 to 05
GRAND DUNMAN,"3,739,000","1,431.61","2,612",Aug-25,DUNMAN ROAD,New Sale,Strata,133,"28,113",-,Apartment,1,99 yrs lease commencing from 2022,15,Rest of Central Region,01 to 05
THE CONTINUUM,"3,710,000","1,237.86","2,997",Aug-25,THIAM SIEW AVENUE,New Sale,Strata,115,"32,261",-,Apartment,1,Freehold,15,Rest of Central Region,16 to 20
TEMBUSU GRAND,"4,052,000","1,711.48","2,368",Aug-25,JALAN TEMBUSU,New Sale,Strata,159,"25,484",-,Condominium,1,99 yrs lease commencing from 2022,15,Rest of Central Region,01 to 05
THE SOUND,"2,920,000","1,517.72","1,924",Aug-25,EAST COAST ROAD,Resale,Strata,141,"20,709",-,Condominium,1,Freehold,15,Outside Central Region,01 to 05
MEYER MANSION,"5,270,000","1,722.24","3,060",Aug-25,MEYER ROAD,Sub Sale,Strata,160,"32,938",-,Apartment,1,Freehold,15,Rest of Central Region,16 to 20
LIVINGSTON MANSIONS,"2,880,000","2,034.4","1,416",Aug-25,LORONG L TELOK KURAU,Resale,Strata,189,"15,238",-,Apartment,1,Freehold,15,Outside Central Region,01 to 05
MEYER RESIDENCE,"2,670,000","1,151.75","2,318",Aug-25,MEYER PLACE,Resale,Strata,107,"24,953",-,Apartment,1,Freehold,15,Rest of Central Region,16 to 20
SILVERSEA,"3,600,000","1,689.95","2,130",Aug-25,MARINE PARADE ROAD,Resale,Strata,157,"22,930",-,Condominium,1,99 yrs lease commencing from 2007,15,Rest of Central Region,11 to 15
FERNWOOD TOWERS,"2,080,000","1,194.8","1,741",Aug-25,FERNWOOD TERRACE,Resale,Strata,111,"18,739",-,Condominium,1,Freehold,15,Outside Central Region,01 to 05
WATER PLACE,"2,508,000","1,356.26","1,849",Aug-25,TANJONG RHU ROAD,Resale,Strata,126,"19,905",-,Condominium,1,99 yrs lease commencing from 1998,15,Rest of Central Region,06 to 10
SANTA FE MANSIONS,"1,850,000","1,076.4","1,719",Aug-25,MARGATE ROAD,Resale,Strata,100,"18,500",-,Apartment,1,Freehold,15,Rest of Central Region,01 to 05
TEMBUSU GRAND,"4,136,000","1,711.48","2,417",Aug-25,JALAN TEMBUSU,New Sale,Strata,159,"26,013",-,Condominium,1,99 yrs lease commencing from 2022,15,Rest of Central Region,06 to 10
GRAND DUNMAN,"2,677,000","1,044.11","2,564",Aug-25,DUNMAN ROAD,New Sale,Strata,97,"27,598",-,Apartment,1,99 yrs lease commencing from 2022,15,Rest of Central Region,11 to 15
ARINA EAST RESIDENCES,"2,561,475",861.12,"2,975",Aug-25,TANJONG RHU ROAD,New Sale,Strata,80,"32,018",-,Apartment,1,Freehold,15,Rest of Central Region,06 to 10
ROYAL HALLMARK,"2,850,000","1,291.68","2,206",Aug-25,HAIG LANE,Sub Sale,Strata,120,"23,750",-,Apartment,1,Freehold,15,Rest of Central Region,01 to 05
MODA,"1,560,000",764.24,"2,041",Aug-25,EAST COAST ROAD,Resale,Strata,71,"21,972",-,Apartment,1,Freehold,15,Rest of Central Region,11 to 15
FULCRUM,"1,880,000","1,173.28","1,602",Aug-25,FORT ROAD,Resale,Strata,109,"17,248",-,Condominium,1,Freehold,15,Rest of Central Region,16 to 20
SUNNY PALMS,"1,710,000","1,130.22","1,513",Aug-25,LORONG G TELOK KURAU,Resale,Strata,105,"16,286",-,Condominium,1,Freehold,15,Outside Central Region,01 to 05
SEVENTY SAINT PATRICK'S,"2,230,000",936.47,"2,381",Aug-25,ST. PATRICK'S ROAD,Resale,Strata,87,"25,632",-,Condominium,1,Freehold,15,Outside Central Region,01 to 05
SYCAMORE TREE,"768,888",387.5,"1,984",Aug-25,FOWLIE ROAD,Resale,Strata,36,"21,358",-,Apartment,1,Freehold,15,Rest of Central Region,01 to 05
D'ECOSIA,"945,000",505.91,"1,868",Aug-25,STILL ROAD SOUTH,Resale,Strata,47,"20,106",-,Condominium,1,Freehold,15,Outside Central Region,01 to 05
AMBER HOUSE,"3,014,042",979.52,"3,077",Aug-25,AMBER GARDENS,New Sale,Strata,91,"33,121",-,Apartment,1,Freehold,15,Rest of Central Region,06 to 10
AMBER HOUSE,"2,320,194",731.95,"3,170",Aug-25,AMBER GARDENS,New Sale,Strata,68,"34,121",-,Apartment,1,Freehold,15,Rest of Central Region,16 to 20
NATURALIS,"1,000,000",645.84,"1,548",Aug-25,LORONG M TELOK KURAU,Resale,Strata,60,"16,667",-,Apartment,1,Freehold,15,Outside Central Region,01 to 05
THE SEAFRONT ON MEYER,"2,610,000","1,065.64","2,449",Aug-25,MEYER ROAD,Resale,Strata,99,"26,364",-,Condominium,1,Freehold,15,Rest of Central Region,21 to 25
LIV @ MB,"2,118,000",828.83,"2,555",Aug-25,ARTHUR ROAD,Sub Sale,Strata,77,"27,506",-,Condominium,1,99 yrs lease commencing from 2021,15,Rest of Central Region,01 to 05
THE CONTINUUM,"3,584,000","1,291.68","2,775",Aug-25,THIAM SIEW AVENUE,New Sale,Strata,120,"29,867",-,Apartment,1,Freehold,15,Rest of Central Region,01 to 05
ARTHUR 118,"2,120,000",893.41,"2,373",Aug-25,ARTHUR ROAD,Resale,Strata,83,"25,542",-,Apartment,1,Freehold,15,Rest of Central Region,11 to 15
GRAND DUNMAN,"3,857,000","1,819.12","2,120",Aug-25,DUNMAN ROAD,New Sale,Strata,169,"22,822",-,Apartment,1,99 yrs lease commencing from 2022,15,Rest of Central Region,16 to 20
VERSILIA ON HAIG,"2,000,000","1,022.58","1,956",Aug-25,IPOH LANE,Resale,Strata,95,"21,053",-,Condominium,1,Freehold,15,Rest of Central Region,11 to 15
GRAND DUNMAN,"2,592,000","1,044.11","2,483",Aug-25,DUNMAN ROAD,New Sale,Strata,97,"26,722",-,Apartment,1,99 yrs lease commencing from 2022,15,Rest of Central Region,01 to 05
FINLAND GARDENS,"2,830,000","1,722.24","1,643",Aug-25,EAST COAST TERRACE,Resale,Strata,160,"17,688",-,Condominium,1,Freehold,15,Outside Central Region,01 to 05
LIV @ MB,"3,500,000","1,270.15","2,756",Aug-25,ARTHUR ROAD,Sub Sale,Strata,118,"29,661",-,Condominium,1,99 yrs lease commencing from 2021,15,Rest of Central Region,11 to 15
THE SHORE RESIDENCES,"1,968,000",893.41,"2,203",Aug-25,AMBER ROAD,Resale,Strata,83,"23,711",-,Condominium,1,103 yrs lease commencing from 2009,15,Rest of Central Region,16 to 20
GRAND DUNMAN,"4,346,000","1,689.95","2,572",Aug-25,DUNMAN ROAD,New Sale,Strata,157,"27,682",-,Apartment,1,99 yrs lease commencing from 2022,15,Rest of Central Region,06 to 10
ROSE VILLE,"1,880,000","1,205.57","1,559",Aug-25,ROSE LANE,Resale,Strata,112,"16,786",-,Apartment,1,Freehold,15,Rest of Central Region,01 to 05
THE CONTINUUM,"3,853,000","1,270.15","3,033",Aug-25,THIAM SIEW AVENUE,New Sale,Strata,118,"32,653",-,Apartment,1,Freehold,15,Rest of Central Region,11 to 15
GRAND DUNMAN,"4,015,000","1,689.95","2,376",Aug-25,DUNMAN ROAD,New Sale,Strata,157,"25,573",-,Apartment,1,99 yrs lease commencing from 2022,15,Rest of Central Region,01 to 05
TEMBUSU GRAND,"4,100,000","1,711.48","2,396",Aug-25,JALAN TEMBUSU,New Sale,Strata,159,"25,786",-,Condominium,1,99 yrs lease commencing from 2022,15,Rest of Central Region,06 to 10
CLAYDENCE,"3,075,300","1,205.57","2,551",Aug-25,STILL ROAD,New Sale,Strata,112,"27,458",-,Apartment,1,Freehold,15,Rest of Central Region,01 to 05
FLAMINGO VALLEY,"1,450,000",936.47,"1,548",Aug-25,SIGLAP ROAD,Resale,Strata,87,"16,667",-,Condominium,1,Freehold,15,Outside Central Region,01 to 05
SANCTUARY GREEN,"2,068,000","1,151.75","1,796",Aug-25,TANJONG RHU ROAD,Resale,Strata,107,"19,327",-,Condominium,1,99 yrs lease commencing from 1997,15,Rest of Central Region,06 to 10
AALTO,"4,182,000","1,528.49","2,736",Aug-25,MEYER ROAD,Resale,Strata,142,"29,451",-,Condominium,1,Freehold,15,Rest of Central Region,11 to 15
GRAND DUNMAN,"3,726,000","1,474.67","2,527",Aug-25,DUNMAN ROAD,New Sale,Strata,137,"27,197",-,Apartment,1,99 yrs lease commencing from 2022,15,Rest of Central Region,06 to 10
THE RED HOUSE,"1,100,000",764.24,"1,439",Aug-25,EAST COAST ROAD,Resale,Strata,71,"15,493",-,Apartment,1,99 yrs lease commencing from 2012,15,Rest of Central Region,01 to 05
TEMBUSU GRAND,"4,124,000","1,711.48","2,410",Aug-25,JALAN TEMBUSU,New Sale,Strata,159,"25,937",-,Condominium,1,99 yrs lease commencing from 2022,15,Rest of Central Region,06 to 10
CLAYDENCE,"2,220,000",871.88,"2,546",Aug-25,STILL ROAD,New Sale,Strata,81,"27,407",-,Apartment,1,Freehold,15,Rest of Central Region,01 to 05
RESIDENTIAL APARTMENTS,"15,800,000","6,051.52","2,611",Aug-25,JOO CHIAT ROAD,Resale,Strata,562.2,"28,104",-,Apartment,1,Freehold,15,Rest of Central Region,01 to 05
SEASIDE RESIDENCES,"2,580,000","1,022.58","2,523",Aug-25,SIGLAP LINK,Resale,Strata,95,"27,158",-,Apartment,1,99 yrs lease commencing from 2016,15,Outside Central Region,16 to 20
PARC ELEGANCE,"685,000",398.27,"1,720",Aug-25,TELOK KURAU ROAD,Resale,Strata,37,"18,514",-,Apartment,1,Freehold,15,Outside Central Region,01 to 05
SIGLAP V,"1,128,000",904.18,"1,248",Aug-25,FIRST STREET,Resale,Strata,84,"13,429",-,Apartment,1,Freehold,15,Outside Central Region,01 to 05
TEMBUSU GRAND,"4,124,000","1,711.48","2,410",Aug-25,JALAN TEMBUSU,New Sale,Strata,159,"25,937",-,Condominium,1,99 yrs lease commencing from 2022,15,Rest of Central Region,06 to 10
GRAND DUNMAN,"4,358,000","1,689.95","2,579",Aug-25,DUNMAN ROAD,New Sale,Strata,157,"27,758",-,Apartment,1,99 yrs lease commencing from 2022,15,Rest of Central Region,06 to 10
GRAND DUNMAN,"4,408,000","1,689.95","2,608",Aug-25,DUNMAN ROAD,New Sale,Strata,157,"28,076",-,Apartment,1,99 yrs lease commencing from 2022,15,Rest of Central Region,11 to 15
ARDOR RESIDENCE,"2,502,000","1,022.58","2,447",Aug-25,HAIG ROAD,New Sale,Strata,95,"26,337",-,Apartment,1,Freehold,15,Rest of Central Region,01 to 05
CASUARINA COVE,"2,480,000","1,528.49","1,623",Aug-25,TANJONG RHU ROAD,Resale,Strata,142,"17,465",-,Condominium,1,99 yrs lease commencing from 1993,15,Rest of Central Region,11 to 15
ARDOR RESIDENCE,"2,534,000","1,022.58","2,478",Aug-25,HAIG ROAD,New Sale,Strata,95,"26,674",-,Apartment,1,Freehold,15,Rest of Central Region,01 to 05
THE CONTINUUM,"3,562,000","1,237.86","2,878",Aug-25,THIAM SIEW AVENUE,New Sale,Strata,115,"30,974",-,Apartment,1,Freehold,15,Rest of Central Region,06 to 10
AMBER HOUSE,"2,342,726",753.48,"3,109",Aug-25,AMBER GARDENS,New Sale,Strata,70,"33,468",-,Apartment,1,Freehold,15,Rest of Central Region,16 to 20
GRAND DUNMAN,"2,634,000","1,044.11","2,523",Aug-25,DUNMAN ROAD,New Sale,Strata,97,"27,155",-,Apartment,1,99 yrs lease commencing from 2022,15,Rest of Central Region,06 to 10
ST PATRICK'S RESIDENCES,"4,045,000","2,561.83","1,579",Aug-25,ST. PATRICK'S ROAD,Resale,Strata,238,"16,996",-,Apartment,1,Freehold,15,Outside Central Region,01 to 05
VENTURA VIEW,"1,048,000",764.24,"1,371",Aug-25,RAMBUTAN ROAD,Resale,Strata,71,"14,761",-,Apartment,1,Freehold,15,Rest of Central Region,01 to 05
KING'S MANSION,"3,250,000","1,603.84","2,026",Aug-25,TANJONG KATONG ROAD,Resale,Strata,149,"21,812",-,Condominium,1,Freehold,15,Rest of Central Region,21 to 25
GRAND DUNMAN,"1,451,000",548.96,"2,643",Jul-25,DUNMAN ROAD,New Sale,Strata,51,"28,451",-,Apartment,1,99 yrs lease commencing from 2022,15,Rest of Central Region,01 to 05
AMBER HOUSE,"2,311,336",731.95,"3,158",Jul-25,AMBER GARDENS,New Sale,Strata,68,"33,990",-,Apartment,1,Freehold,15,Rest of Central Region,11 to 15
NEPTUNE COURT,"1,230,000","1,270.15",968,Jul-25,MARINE VISTA,Resale,Strata,118,"10,424",-,Apartment,1,99 yrs lease commencing from 1976,15,Outside Central Region,06 to 10
LIV @ MB,"1,880,000",678.13,"2,772",Jul-25,ARTHUR ROAD,Sub Sale,Strata,63,"29,841",-,Condominium,1,99 yrs lease commencing from 2021,15,Rest of Central Region,06 to 10
CASUARINA COVE,"2,200,000","1,463.9","1,503",Jul-25,TANJONG RHU ROAD,Resale,Strata,136,"16,176",-,Condominium,1,99 yrs lease commencing from 1993,15,Rest of Central Region,01 to 05
GRAND DUNMAN,"3,558,000","1,431.61","2,485",Jul-25,DUNMAN ROAD,New Sale,Strata,133,"26,752",-,Apartment,1,99 yrs lease commencing from 2022,15,Rest of Central Region,01 to 05
GRAND DUNMAN,"3,495,000","1,517.72","2,303",Jul-25,DUNMAN ROAD,New Sale,Strata,141,"24,787",-,Apartment,1,99 yrs lease commencing from 2022,15,Rest of Central Region,16 to 20
ARDOR RESIDENCE,"2,201,000",861.12,"2,556",Jul-25,HAIG ROAD,New Sale,Strata,80,"27,513",-,Apartment,1,Freehold,15,Rest of Central Region,01 to 05
GRAND DUNMAN,"4,021,000","1,689.95","2,379",Jul-25,DUNMAN ROAD,New Sale,Strata,157,"25,611",-,Apartment,1,99 yrs lease commencing from 2022,15,Rest of Central Region,01 to 05
THE CONTINUUM,"3,366,000","1,087.16","3,096",Jul-25,THIAM SIEW AVENUE,New Sale,Strata,101,"33,327",-,Apartment,1,Freehold,15,Rest of Central Region,11 to 15
SEASIDE RESIDENCES,"1,200,000",559.73,"2,144",Jul-25,SIGLAP LINK,Resale,Strata,52,"23,077",-,Apartment,1,99 yrs lease commencing from 2016,15,Outside Central Region,06 to 10
GRAND DUNMAN,"3,745,000","1,431.61","2,616",Jul-25,DUNMAN ROAD,New Sale,Strata,133,"28,158",-,Apartment,1,99 yrs lease commencing from 2022,15,Rest of Central Region,01 to 05
ARDOR RESIDENCE,"3,267,000","1,291.68","2,529",Jul-25,HAIG ROAD,New Sale,Strata,120,"27,225",-,Apartment,1,Freehold,15,Rest of Central Region,01 to 05
CORALIS,"3,500,000","2,669.47","1,311",Jul-25,JOO CHIAT ROAD,Resale,Strata,248,"14,113",-,Condominium,1,Freehold,15,Rest of Central Region,16 to 20
THE SERENNO,"2,000,000","1,270.15","1,575",Jul-25,HAIG ROAD,Resale,Strata,118,"16,949",-,Apartment,1,Freehold,15,Rest of Central Region,01 to 05
GRAND DUNMAN,"1,954,000",667.37,"2,928",Jul-25,DUNMAN ROAD,New Sale,Strata,62,"31,516",-,Apartment,1,99 yrs lease commencing from 2022,15,Rest of Central Region,11 to 15
GRAND DUNMAN,"3,427,000","1,474.67","2,324",Jul-25,DUNMAN ROAD,New Sale,Strata,137,"25,015",-,Apartment,1,99 yrs lease commencing from 2022,15,Rest of Central Region,01 to 05
LAGUNA PARK,"1,900,000","1,614.6","1,177",Jul-25,MARINE PARADE ROAD,Resale,Strata,150,"12,667",-,Apartment,1,99 yrs lease commencing from 1977,15,Outside Central Region,06 to 10
GRAND DUNMAN,"4,084,000","1,689.95","2,417",Jul-25,DUNMAN ROAD,New Sale,Strata,157,"26,013",-,Apartment,1,99 yrs lease commencing from 2022,15,Rest of Central Region,01 to 05
GRAND DUNMAN,"4,141,000","1,689.95","2,450",Jul-25,DUNMAN ROAD,New Sale,Strata,157,"26,376",-,Apartment,1,99 yrs lease commencing from 2022,15,Rest of Central Region,06 to 10
GRAND DUNMAN,"4,153,000","1,689.95","2,457",Jul-25,DUNMAN ROAD,New Sale,Strata,157,"26,452",-,Apartment,1,99 yrs lease commencing from 2022,15,Rest of Central Region,11 to 15
GRAND DUNMAN,"4,190,000","1,689.95","2,479",Jul-25,DUNMAN ROAD,New Sale,Strata,157,"26,688",-,Apartment,1,99 yrs lease commencing from 2022,15,Rest of Central Region,11 to 15
MEYER BLUE,"3,750,000","1,140.98","3,287",Jul-25,MEYER ROAD,New Sale,Strata,106,"35,377",-,Apartment,1,Freehold,15,Rest of Central Region,16 to 20
THE SOVEREIGN,"8,400,000","3,304.55","2,542",Jul-25,MEYER ROAD,Resale,Strata,307,"27,362",-,Condominium,1,Freehold,15,Rest of Central Region,21 to 25
THE BELVEDERE,"3,660,000","1,367.03","2,677",Jul-25,MEYER ROAD,Resale,Strata,127,"28,819",-,Condominium,1,Freehold,15,Rest of Central Region,16 to 20
WATER PLACE,"2,610,000","1,280.92","2,038",Jul-25,TANJONG RHU ROAD,Resale,Strata,119,"21,933",-,Condominium,1,99 yrs lease commencing from 1998,15,Rest of Central Region,16 to 20
GRAND DUNMAN,"3,432,000","1,474.67","2,327",Jul-25,DUNMAN ROAD,New Sale,Strata,137,"25,051",-,Apartment,1,99 yrs lease commencing from 2022,15,Rest of Central Region,01 to 05
GRAND DUNMAN,"4,097,000","1,689.95","2,424",Jul-25,DUNMAN ROAD,New Sale,Strata,157,"26,096",-,Apartment,1,99 yrs lease commencing from 2022,15,Rest of Central Region,06 to 10
GRAND DUNMAN,"4,178,000","1,689.95","2,472",Jul-25,DUNMAN ROAD,New Sale,Strata,157,"26,611",-,Apartment,1,99 yrs lease commencing from 2022,15,Rest of Central Region,11 to 15
GRAND DUNMAN,"4,434,000","1,689.95","2,624",Jul-25,DUNMAN ROAD,New Sale,Strata,157,"28,242",-,Apartment,1,99 yrs lease commencing from 2022,15,Rest of Central Region,11 to 15
AMBER HOUSE,"2,302,478",731.95,"3,146",Jul-25,AMBER GARDENS,New Sale,Strata,68,"33,860",-,Apartment,1,Freehold,15,Rest of Central Region,11 to 15
GRAND DUNMAN,"4,090,000","1,689.95","2,420",Jul-25,DUNMAN ROAD,New Sale,Strata,157,"26,051",-,Apartment,1,99 yrs lease commencing from 2022,15,Rest of Central Region,06 to 10
TEMBELING GROVE,"1,070,000",581.26,"1,841",Jul-25,TEMBELING ROAD,Resale,Strata,54,"19,815",-,Apartment,1,Freehold,15,Rest of Central Region,01 to 05
PALM GALLERIA,"3,030,000","2,529.54","1,198",Jul-25,LORONG K TELOK KURAU,Resale,Strata,235,"12,894",-,Apartment,1,Freehold,15,Outside Central Region,01 to 05
MEYER BLUE,"6,037,000","1,905.23","3,169",Jul-25,MEYER ROAD,New Sale,Strata,177,"34,107",-,Apartment,1,Freehold,15,Rest of Central Region,11 to 15
TEMBUSU GRAND,"4,076,000","1,711.48","2,382",Jul-25,JALAN TEMBUSU,New Sale,Strata,159,"25,635",-,Condominium,1,99 yrs lease commencing from 2022,15,Rest of Central Region,01 to 05
CASUARINA COVE,"2,725,000","1,625.36","1,677",Jul-25,TANJONG RHU ROAD,Resale,Strata,151,"18,046",-,Condominium,1,99 yrs lease commencing from 1993,15,Rest of Central Region,01 to 05
TEMBUSU GRAND,"1,472,000",527.44,"2,791",Jul-25,JALAN TEMBUSU,New Sale,Strata,49,"30,041",-,Condominium,1,99 yrs lease commencing from 2022,15,Rest of Central Region,16 to 20
THE SOVEREIGN,"6,500,000","2,637.18","2,465",Jul-25,MEYER ROAD,Resale,Strata,245,"26,531",-,Condominium,1,Freehold,15,Rest of Central Region,16 to 20
NEPTUNE COURT,"1,400,000","1,270.15","1,102",Jul-25,MARINE VISTA,Resale,Strata,118,"11,864",-,Apartment,1,99 yrs lease commencing from 1976,15,Outside Central Region,21 to 25
AMBER HOUSE,"2,209,856",731.95,"3,019",Jul-25,AMBER GARDENS,New Sale,Strata,68,"32,498",-,Apartment,1,Freehold,15,Rest of Central Region,01 to 05
MODA,"2,150,000",979.52,"2,195",Jul-25,EAST COAST ROAD,Resale,Strata,91,"23,626",-,Apartment,1,Freehold,15,Rest of Central Region,11 to 15
MANDARIN GARDENS,"2,288,000","1,571.54","1,456",Jul-25,SIGLAP ROAD,Resale,Strata,146,"15,671",-,Condominium,1,99 yrs lease commencing from 1982,15,Outside Central Region,21 to 25
GRAND DUNMAN,"4,104,000","1,689.95","2,428",Jul-25,DUNMAN ROAD,New Sale,Strata,157,"26,140",-,Apartment,1,99 yrs lease commencing from 2022,15,Rest of Central Region,06 to 10
IMPERIAL HEIGHTS,"755,000",452.09,"1,670",Jul-25,IPOH LANE,Resale,Strata,42,"17,976",-,Apartment,1,Freehold,15,Rest of Central Region,01 to 05
CORALIS,"1,080,000",495.14,"2,181",Jul-25,JOO CHIAT ROAD,Resale,Strata,46,"23,478",-,Condominium,1,Freehold,15,Rest of Central Region,01 to 05
ONAN SUITES,"1,413,000",839.59,"1,683",Jul-25,ONAN ROAD,Resale,Strata,78,"18,115",-,Apartment,1,Freehold,15,Rest of Central Region,01 to 05
GRAND DUNMAN,"1,520,000",548.96,"2,769",Jul-25,DUNMAN ROAD,New Sale,Strata,51,"29,804",-,Apartment,1,99 yrs lease commencing from 2022,15,Rest of Central Region,06 to 10
AMBER HOUSE,"2,243,556",753.48,"2,978",Jul-25,AMBER GARDENS,New Sale,Strata,70,"32,051",-,Apartment,1,Freehold,15,Rest of Central Region,11 to 15
AMBER HOUSE,"2,293,534",731.95,"3,133",Jul-25,AMBER GARDENS,New Sale,Strata,68,"33,728",-,Apartment,1,Freehold,15,Rest of Central Region,11 to 15
GRAND DUNMAN,"3,604,000","1,517.72","2,375",Jul-25,DUNMAN ROAD,New Sale,Strata,141,"25,560",-,Apartment,1,99 yrs lease commencing from 2022,15,Rest of Central Region,16 to 20
PINEHURST CONDOMINIUM,"1,630,000","1,302.44","1,251",Jul-25,LORONG L TELOK KURAU,Resale,Strata,121,"13,471",-,Condominium,1,Freehold,15,Outside Central Region,01 to 05
GRAND DUNMAN,"3,494,000","1,474.67","2,369",Jul-25,DUNMAN ROAD,New Sale,Strata,137,"25,504",-,Apartment,1,99 yrs lease commencing from 2022,15,Rest of Central Region,06 to 10
GRAND DUNMAN,"3,551,000","1,474.67","2,408",Jul-25,DUNMAN ROAD,New Sale,Strata,137,"25,920",-,Apartment,1,99 yrs lease commencing from 2022,15,Rest of Central Region,11 to 15
AMBER HOUSE,"2,324,408",753.48,"3,085",Jul-25,AMBER GARDENS,New Sale,Strata,70,"33,206",-,Apartment,1,Freehold,15,Rest of Central Region,11 to 15
VIBES @ EAST COAST,"770,000",419.8,"1,834",Jul-25,TELOK KURAU ROAD,Resale,Strata,39,"19,744",-,Apartment,1,Freehold,15,Outside Central Region,01 to 05
SERAYA BREEZE,"1,900,000","1,001.05","1,898",Jul-25,SERAYA ROAD,Resale,Strata,93,"20,430",-,Apartment,1,Freehold,15,Rest of Central Region,01 to 05
COSTA RHU,"1,790,000","1,345.5","1,330",Jul-25,RHU CROSS,Resale,Strata,125,"14,320",-,Condominium,1,99 yrs lease commencing from 1994,15,Rest of Central Region,01 to 05
THE CONTINUUM,"3,555,000","1,270.15","2,799",Jul-25,THIAM SIEW AVENUE,New Sale,Strata,118,"30,127",-,Apartment,1,Freehold,15,Rest of Central Region,01 to 05
MEYER BLUE,"6,106,000","1,905.23","3,205",Jul-25,MEYER ROAD,New Sale,Strata,177,"34,497",-,Apartment,1,Freehold,15,Rest of Central Region,11 to 15
GRAND DUNMAN,"3,500,000","1,474.67","2,373",Jul-25,DUNMAN ROAD,New Sale,Strata,137,"25,547",-,Apartment,1,99 yrs lease commencing from 2022,15,Rest of Central Region,06 to 10
FULCRUM,"1,030,000",473.62,"2,175",Jul-25,FORT ROAD,Resale,Strata,44,"23,409",-,Condominium,1,Freehold,15,Rest of Central Region,06 to 10
GRAND DUNMAN,"1,412,000",548.96,"2,572",Jul-25,DUNMAN ROAD,New Sale,Strata,51,"27,686",-,Apartment,1,99 yrs lease commencing from 2022,15,Rest of Central Region,01 to 05
8M RESIDENCES,"1,780,000",775.01,"2,297",Jul-25,MARGATE ROAD,Resale,Strata,72,"24,722",-,Apartment,1,Freehold,15,Rest of Central Region,11 to 15
GARDEN PARK RESIDENCES,"1,880,000","1,237.86","1,519",Jul-25,LORONG M TELOK KURAU,Resale,Strata,115,"16,348",-,Apartment,1,Freehold,15,Outside Central Region,01 to 05
LIV @ MB,"2,330,000",861.12,"2,706",Jul-25,ARTHUR ROAD,Sub Sale,Strata,80,"29,125",-,Condominium,1,99 yrs lease commencing from 2021,15,Rest of Central Region,11 to 15
GRAND DUNMAN,"4,216,000","1,689.95","2,495",Jul-25,DUNMAN ROAD,New Sale,Strata,157,"26,854",-,Apartment,1,99 yrs lease commencing from 2022,15,Rest of Central Region,16 to 20
THE SHORE RESIDENCES,"1,718,888",882.65,"1,947",Jul-25,AMBER ROAD,Resale,Strata,82,"20,962",-,Condominium,1,103 yrs lease commencing from 2009,15,Rest of Central Region,11 to 15
ONE AMBER,"2,901,000","1,194.8","2,428",Jul-25,AMBER GARDENS,Resale,Strata,111,"26,135",-,Condominium,1,Freehold,15,Rest of Central Region,21 to 25
SEASIDE RESIDENCES,"1,653,888",678.13,"2,439",Jul-25,SIGLAP LINK,Resale,Strata,63,"26,252",-,Apartment,1,99 yrs lease commencing from 2016,15,Outside Central Region,21 to 25
LEGENDA AT JOO CHIAT,"1,870,000","1,227.1","1,524",Jul-25,JOO CHIAT LANE,Resale,Strata,114,"16,404",-,Condominium,1,99 yrs lease commencing from 2001,15,Rest of Central Region,01 to 05
SPRING @ LANGSAT,"1,320,000",968.76,"1,363",Jul-25,LANGSAT ROAD,Resale,Strata,90,"14,667",-,Apartment,1,Freehold,15,Rest of Central Region,01 to 05
LIV @ MB,"2,280,000",861.12,"2,648",Jul-25,ARTHUR ROAD,Sub Sale,Strata,80,"28,500",-,Condominium,1,99 yrs lease commencing from 2021,15,Rest of Central Region,06 to 10
DUNMAN VIEW,"1,905,000","1,184.04","1,609",Jul-25,HAIG ROAD,Resale,Strata,110,"17,318",-,Condominium,1,99 yrs lease commencing from 1997,15,Rest of Central Region,06 to 10
HAIG COURT,"3,000,000","1,442.38","2,080",Jul-25,HAIG ROAD,Resale,Strata,134,"22,388",-,Condominium,1,Freehold,15,Rest of Central Region,11 to 15
THE CONTINUUM,"3,542,700","1,248.62","2,837",Jul-25,THIAM SIEW AVENUE,New Sale,Strata,116,"30,541",-,Apartment,1,Freehold,15,Rest of Central Region,01 to 05
AMBER HOUSE,"3,773,164","1,237.86","3,048",Jul-25,AMBER GARDENS,New Sale,Strata,115,"32,810",-,Apartment,1,Freehold,15,Rest of Central Region,06 to 10
AMBER HOUSE,"3,573,740","1,216.33","2,938",Jul-25,AMBER GARDENS,New Sale,Strata,113,"31,626",-,Apartment,1,Freehold,15,Rest of Central Region,06 to 10
PARK EAST,"3,530,000","2,023.63","1,744",Jul-25,JALAN TUA KONG,Resale,Strata,188,"18,777",-,Condominium,1,Freehold,15,Outside Central Region,06 to 10
GOODWILL COURT,"1,850,000","1,388.56","1,332",Jul-25,UPPER EAST COAST ROAD,Resale,Strata,129,"14,341",-,Apartment,1,Freehold,15,Outside Central Region,01 to 05
TEMBUSU GRAND,"1,412,000",527.44,"2,677",Jul-25,JALAN TEMBUSU,New Sale,Strata,49,"28,816",-,Condominium,1,99 yrs lease commencing from 2022,15,Rest of Central Region,16 to 20
THE ESTA,"3,187,800","1,313.21","2,427",Jul-25,AMBER GARDENS,Resale,Strata,122,"26,130",-,Condominium,1,Freehold,15,Rest of Central Region,01 to 05
THE SOVEREIGN,"6,150,000","2,637.18","2,332",Jul-25,MEYER ROAD,Resale,Strata,245,"25,102",-,Condominium,1,Freehold,15,Rest of Central Region,01 to 05
MANDARIN GARDENS,"2,069,000","1,571.54","1,317",Jul-25,SIGLAP ROAD,Resale,Strata,146,"14,171",-,Condominium,1,99 yrs lease commencing from 1982,15,Outside Central Region,16 to 20
CANDEVILLE,"1,800,000","1,216.33","1,480",Jul-25,LORONG M TELOK KURAU,Resale,Strata,113,"15,929",-,Apartment,1,Freehold,15,Outside Central Region,01 to 05
AMBER HOUSE,"3,758,200","1,237.86","3,036",Jul-25,AMBER GARDENS,New Sale,Strata,115,"32,680",-,Apartment,1,Freehold,15,Rest of Central Region,06 to 10
AMBER HOUSE,"3,617,515","1,216.33","2,974",Jul-25,AMBER GARDENS,New Sale,Strata,113,"32,013",-,Apartment,1,Freehold,15,Rest of Central Region,11 to 15
KATONG REGENCY,"1,958,888",936.47,"2,092",Jul-25,TANJONG KATONG ROAD,Resale,Strata,87,"22,516",-,Apartment,1,Freehold,15,Rest of Central Region,11 to 15
ST PATRICK'S COURT,"2,570,000","1,506.96","1,705",Jul-25,ST. PATRICK'S ROAD,Resale,Strata,140,"18,357",-,Apartment,1,Freehold,15,Outside Central Region,01 to 05
OCEAN PARK,"4,100,000","2,109.74","1,943",Jul-25,EAST COAST ROAD,Resale,Strata,196,"20,918",-,Condominium,1,Freehold,15,Outside Central Region,16 to 20
ARINA EAST RESIDENCES,"2,039,381",678.13,"3,007",Jul-25,TANJONG RHU ROAD,New Sale,Strata,63,"32,371",-,Apartment,1,Freehold,15,Rest of Central Region,06 to 10
THE MEYERISE,"3,380,000","1,313.21","2,574",Jul-25,MEYER ROAD,Resale,Strata,122,"27,705",-,Condominium,1,Freehold,15,Rest of Central Region,06 to 10
SIGLAP V,"855,000",516.67,"1,655",Jul-25,FIRST STREET,Resale,Strata,48,"17,813",-,Apartment,1,Freehold,15,Outside Central Region,01 to 05
SUNSHINE MANSIONS,"1,260,000",785.77,"1,604",Jul-25,JOO CHIAT PLACE,Resale,Strata,73,"17,260",-,Apartment,1,Freehold,15,Outside Central Region,01 to 05
THE BELVEDERE,"3,430,000","1,302.44","2,634",Jul-25,MEYER ROAD,Resale,Strata,121,"28,347",-,Condominium,1,Freehold,15,Rest of Central Region,16 to 20
SEASIDE RESIDENCES,"3,000,000","1,259.39","2,382",Jul-25,SIGLAP LINK,Resale,Strata,117,"25,641",-,Apartment,1,99 yrs lease commencing from 2016,15,Outside Central Region,11 to 15
KING'S MANSION,"4,690,000","2,734.06","1,715",Jul-25,AMBER ROAD,Resale,Strata,254,"18,465",-,Condominium,1,Freehold,15,Rest of Central Region,11 to 15
AMBER HOUSE,"2,201,755",731.95,"3,008",Jul-25,AMBER GARDENS,New Sale,Strata,68,"32,379",-,Apartment,1,Freehold,15,Rest of Central Region,06 to 10
EMERY POINT,"2,360,000","1,313.21","1,797",Jul-25,IPOH LANE,Resale,Strata,122,"19,344",-,Apartment,1,Freehold,15,Rest of Central Region,01 to 05
THE SUNNIDORA,"1,411,400",861.12,"1,639",Jul-25,LORONG G TELOK KURAU,Resale,Strata,80,"17,643",-,Apartment,1,Freehold,15,Outside Central Region,01 to 05
EASTVILLE APARTMENTS,"1,700,000","1,001.05","1,698",Jul-25,JOO CHIAT LANE,Resale,Strata,93,"18,280",-,Apartment,1,Freehold,15,Rest of Central Region,01 to 05
THE GRANDIFLORA,"1,250,000",796.54,"1,569",Jul-25,LORONG L TELOK KURAU,Resale,Strata,74,"16,892",-,Apartment,1,Freehold,15,Outside Central Region,01 to 05
ARDOR RESIDENCE,"2,584,000","1,022.58","2,527",Jul-25,HAIG ROAD,New Sale,Strata,95,"27,200",-,Apartment,1,Freehold,15,Rest of Central Region,01 to 05
AMBER HOUSE,"2,315,292",753.48,"3,073",Jul-25,AMBER GARDENS,New Sale,Strata,70,"33,076",-,Apartment,1,Freehold,15,Rest of Central Region,11 to 15
POH HENG COURT,"2,780,000","1,700.71","1,635",Jul-25,WOO MON CHEW ROAD,Resale,Strata,158,"17,595",-,Apartment,1,Freehold,15,Outside Central Region,01 to 05
THE BELVEDERE,"3,550,000","1,367.03","2,597",Jul-25,MEYER ROAD,Resale,Strata,127,"27,953",-,Condominium,1,Freehold,15,Rest of Central Region,11 to 15
G RESIDENCES,"1,130,000",785.77,"1,438",Jul-25,LORONG G TELOK KURAU,Resale,Strata,73,"15,479",-,Apartment,1,Freehold,15,Outside Central Region,01 to 05
AMBER HOUSE,"2,185,095",753.48,"2,900",Jul-25,AMBER GARDENS,New Sale,Strata,70,"31,216",-,Apartment,1,Freehold,15,Rest of Central Region,01 to 05
AMBER HOUSE,"1,905,275",635.08,"3,000",Jul-25,AMBER GARDENS,New Sale,Strata,59,"32,293",-,Apartment,1,Freehold,15,Rest of Central Region,01 to 05
AMBER HOUSE,"2,858,188",979.52,"2,918",Jul-25,AMBER GARDENS,New Sale,Strata,91,"31,409",-,Apartment,1,Freehold,15,Rest of Central Region,06 to 10
AMBER HOUSE,"2,333,610",753.48,"3,097",Jul-25,AMBER GARDENS,New Sale,Strata,70,"33,337",-,Apartment,1,Freehold,15,Rest of Central Region,11 to 15
CLAYDENCE,"1,473,600",613.55,"2,402",Jul-25,STILL ROAD,New Sale,Strata,57,"25,853",-,Apartment,1,Freehold,15,Rest of Central Region,01 to 05
SEASIDE RESIDENCES,"1,600,000",678.13,"2,359",Jul-25,SIGLAP LINK,Resale,Strata,63,"25,397",-,Apartment,1,99 yrs lease commencing from 2016,15,Outside Central Region,16 to 20
AMBER PARK,"2,140,000",742.72,"2,881",Jul-25,AMBER GARDENS,Resale,Strata,69,"31,014",-,Condominium,1,Freehold,15,Rest of Central Region,06 to 10
ST PATRICK'S LOFT,"2,705,999","1,506.96","1,796",Jul-25,ST. PATRICK'S ROAD,Resale,Strata,140,"19,329",-,Apartment,1,Freehold,15,Outside Central Region,01 to 05
HAIG COURT,"3,420,000","1,550.02","2,206",Jul-25,HAIG ROAD,Resale,Strata,144,"23,750",-,Condominium,1,Freehold,15,Rest of Central Region,11 to 15
PARADISE PALMS,"2,170,000","1,184.04","1,833",Jul-25,DUNMAN ROAD,Resale,Strata,110,"19,727",-,Apartment,1,Freehold,15,Rest of Central Region,01 to 05
ONE FORT,"2,068,000","1,033.34","2,001",Jul-25,FORT ROAD,Resale,Strata,96,"21,542",-,Condominium,1,Freehold,15,Rest of Central Region,16 to 20
GRAND DUNMAN,"2,566,000","1,054.87","2,433",Jul-25,DUNMAN ROAD,New Sale,Strata,98,"26,184",-,Apartment,1,99 yrs lease commencing from 2022,15,Rest of Central Region,01 to 05
AMBER HOUSE,"2,249,355",731.95,"3,073",Jul-25,AMBER GARDENS,New Sale,Strata,68,"33,079",-,Apartment,1,Freehold,15,Rest of Central Region,11 to 15
AMBER HOUSE,"2,306,176",753.48,"3,061",Jul-25,AMBER GARDENS,New Sale,Strata,70,"32,945",-,Apartment,1,Freehold,15,Rest of Central Region,11 to 15
AMBER HOUSE,"3,588,275","1,216.33","2,950",Jul-25,AMBER GARDENS,New Sale,Strata,113,"31,755",-,Apartment,1,Freehold,15,Rest of Central Region,06 to 10
SYCAMORE TREE,"793,000",409.03,"1,939",Jul-25,FOWLIE ROAD,Resale,Strata,38,"20,868",-,Apartment,1,Freehold,15,Rest of Central Region,01 to 05
AMBER HOUSE,"3,553,000","1,216.33","2,921",Jul-25,AMBER GARDENS,New Sale,Strata,113,"31,442",-,Apartment,1,Freehold,15,Rest of Central Region,06 to 10
AMBER HOUSE,"3,676,651","1,237.86","2,970",Jul-25,AMBER GARDENS,New Sale,Strata,115,"31,971",-,Apartment,1,Freehold,15,Rest of Central Region,06 to 10
RYMDEN 77,"1,950,000",979.52,"1,991",Jul-25,LORONG H TELOK KURAU,Resale,Strata,91,"21,429",-,Apartment,1,Freehold,15,Outside Central Region,01 to 05
GALAXY TOWERS,"1,520,000","1,065.64","1,426",Jul-25,ONAN ROAD,Resale,Strata,99,"15,354",-,Apartment,1,Freehold,15,Rest of Central Region,01 to 05
ARDOR RESIDENCE,"2,710,380","1,248.62","2,171",Jul-25,HAIG ROAD,New Sale,Strata,116,"23,365",-,Apartment,1,Freehold,15,Rest of Central Region,01 to 05
AMBER HOUSE,"2,203,200",753.48,"2,924",Jul-25,AMBER GARDENS,New Sale,Strata,70,"31,474",-,Apartment,1,Freehold,15,Rest of Central Region,01 to 05
AMBER HOUSE,"2,158,498",731.95,"2,949",Jul-25,AMBER GARDENS,New Sale,Strata,68,"31,743",-,Apartment,1,Freehold,15,Rest of Central Region,06 to 10
AMBER HOUSE,"2,223,005",731.95,"3,037",Jul-25,AMBER GARDENS,New Sale,Strata,68,"32,691",-,Apartment,1,Freehold,15,Rest of Central Region,06 to 10
AMBER HOUSE,"2,284,676",731.95,"3,121",Jul-25,AMBER GARDENS,New Sale,Strata,68,"33,598",-,Apartment,1,Freehold,15,Rest of Central Region,11 to 15
CLAYDENCE,"2,280,000",914.94,"2,492",Jul-25,STILL ROAD,New Sale,Strata,85,"26,824",-,Apartment,1,Freehold,15,Rest of Central Region,01 to 05
CHELSEA LODGE,"855,000",538.2,"1,589",Jul-25,TANJONG KATONG ROAD,Resale,Strata,50,"17,100",-,Apartment,1,Freehold,15,Rest of Central Region,01 to 05
MABELLE,"1,760,000","1,237.86","1,422",Jul-25,LORONG M TELOK KURAU,Resale,Strata,115,"15,304",-,Apartment,1,Freehold,15,Outside Central Region,01 to 05
GRAND DUNMAN,"3,532,000","1,474.67","2,395",Jul-25,DUNMAN ROAD,New Sale,Strata,137,"25,781",-,Apartment,1,99 yrs lease commencing from 2022,15,Rest of Central Region,11 to 15
GRAND DUNMAN,"3,544,000","1,474.67","2,403",Jul-25,DUNMAN ROAD,New Sale,Strata,137,"25,869",-,Apartment,1,99 yrs lease commencing from 2022,15,Rest of Central Region,11 to 15
AMBER HOUSE,"1,954,150",635.08,"3,077",Jul-25,AMBER GARDENS,New Sale,Strata,59,"33,121",-,Apartment,1,Freehold,15,Rest of Central Region,06 to 10
MEYER MANSION,"4,708,888","1,722.24","2,734",Jul-25,MEYER ROAD,Sub Sale,Strata,160,"29,431",-,Apartment,1,Freehold,15,Rest of Central Region,06 to 10
GRAND DUNMAN,"3,552,000","1,420.85","2,500",Jul-25,DUNMAN ROAD,New Sale,Strata,132,"26,909",-,Apartment,1,99 yrs lease commencing from 2022,15,Rest of Central Region,01 to 05
GRAND DUNMAN,"2,494,000",958,"2,603",Jul-25,DUNMAN ROAD,New Sale,Strata,89,"28,022",-,Apartment,1,99 yrs lease commencing from 2022,15,Rest of Central Region,11 to 15
LAVERNE'S LOFT,"780,000",473.62,"1,647",Jul-25,LORONG L TELOK KURAU,Resale,Strata,44,"17,727",-,Apartment,1,Freehold,15,Outside Central Region,01 to 05
FLAMINGO VALLEY,"2,930,000","1,485.43","1,972",Jul-25,SIGLAP ROAD,Resale,Strata,138,"21,232",-,Condominium,1,Freehold,15,Outside Central Region,01 to 05
MANDARIN GARDENS,"1,100,000",828.83,"1,327",Jul-25,SIGLAP ROAD,Resale,Strata,77,"14,286",-,Condominium,1,99 yrs lease commencing from 1982,15,Outside Central Region,16 to 20
8M RESIDENCES,"1,780,000",775.01,"2,297",Jul-25,MARGATE ROAD,Resale,Strata,72,"24,722",-,Apartment,1,Freehold,15,Rest of Central Region,06 to 10
SUITES @ EASTCOAST,"705,000",376.74,"1,871",Jul-25,UPPER EAST COAST ROAD,Resale,Strata,35,"20,143",-,Condominium,1,Freehold,15,Outside Central Region,01 to 05
SPRING @ KATONG,"2,900,000","1,550.02","1,871",Jul-25,CEYLON ROAD,Resale,Strata,144,"20,139",-,Apartment,1,Freehold,15,Rest of Central Region,01 to 05
SEASIDE RESIDENCES,"1,910,000",785.77,"2,431",Jun-25,SIGLAP LINK,Resale,Strata,73,"26,164",-,Apartment,1,99 yrs lease commencing from 2016,15,Outside Central Region,11 to 15
EASTERN LAGOON,"2,088,888","1,270.15","1,645",Jun-25,UPPER EAST COAST ROAD,Resale,Strata,118,"17,702",-,Condominium,1,Freehold,15,Outside Central Region,01 to 05
THE GLACIER,"2,200,000","1,345.5","1,635",Jun-25,JOO CHIAT PLACE,Resale,Strata,125,"17,600",-,Apartment,1,Freehold,15,Outside Central Region,01 to 05
AMBER HOUSE,"2,194,190",753.48,"2,912",Jun-25,AMBER GARDENS,New Sale,Strata,70,"31,346",-,Apartment,1,Freehold,15,Rest of Central Region,01 to 05
AMBER HOUSE,"2,990,725",979.52,"3,053",Jun-25,AMBER GARDENS,New Sale,Strata,91,"32,865",-,Apartment,1,Freehold,15,Rest of Central Region,11 to 15
COSTA RHU,"2,168,000","1,334.74","1,624",Jun-25,RHU CROSS,Resale,Strata,124,"17,484",-,Condominium,1,99 yrs lease commencing from 1994,15,Rest of Central Region,01 to 05
TAIPAN REGENCY,"2,800,000","3,519.83",795,Jun-25,HAIG ROAD,Resale,Strata,327,"8,563",-,Apartment,1,Freehold,15,Rest of Central Region,01 to 05
THE LINE @ TANJONG RHU,"2,788,000","1,216.33","2,292",Jun-25,TANJONG RHU ROAD,Resale,Strata,113,"24,673",-,Condominium,1,Freehold,15,Rest of Central Region,06 to 10
KING'S MANSION,"3,150,000","1,603.84","1,964",Jun-25,TANJONG KATONG ROAD,Resale,Strata,149,"21,141",-,Condominium,1,Freehold,15,Rest of Central Region,01 to 05
AMBER HOUSE,"1,912,925",635.08,"3,012",Jun-25,AMBER GARDENS,New Sale,Strata,59,"32,422",-,Apartment,1,Freehold,15,Rest of Central Region,01 to 05
AMBER HOUSE,"2,175,405",731.95,"2,972",Jun-25,AMBER GARDENS,New Sale,Strata,68,"31,991",-,Apartment,1,Freehold,15,Rest of Central Region,01 to 05
AMBER HOUSE,"2,177,837",753.48,"2,890",Jun-25,AMBER GARDENS,New Sale,Strata,70,"31,112",-,Apartment,1,Freehold,15,Rest of Central Region,06 to 10
AMBER HOUSE,"2,199,168",753.48,"2,919",Jun-25,AMBER GARDENS,New Sale,Strata,70,"31,417",-,Apartment,1,Freehold,15,Rest of Central Region,06 to 10
GRAND DUNMAN,"4,395,000","1,689.95","2,601",Jun-25,DUNMAN ROAD,New Sale,Strata,157,"27,994",-,Apartment,1,99 yrs lease commencing from 2022,15,Rest of Central Region,06 to 10
GRAND DUNMAN,"3,733,000","1,474.67","2,531",Jun-25,DUNMAN ROAD,New Sale,Strata,137,"27,248",-,Apartment,1,99 yrs lease commencing from 2022,15,Rest of Central Region,06 to 10
AMBER HOUSE,"3,699,625","1,237.86","2,989",Jun-25,AMBER GARDENS,New Sale,Strata,115,"32,171",-,Apartment,1,Freehold,15,Rest of Central Region,01 to 05
AMBER HOUSE,"3,750,370","1,237.86","3,030",Jun-25,AMBER GARDENS,New Sale,Strata,115,"32,612",-,Apartment,1,Freehold,15,Rest of Central Region,06 to 10
AMBER HOUSE,"2,261,255",753.48,"3,001",Jun-25,AMBER GARDENS,New Sale,Strata,70,"32,304",-,Apartment,1,Freehold,15,Rest of Central Region,06 to 10
AMBER HOUSE,"3,780,035","1,237.86","3,054",Jun-25,AMBER GARDENS,New Sale,Strata,115,"32,870",-,Apartment,1,Freehold,15,Rest of Central Region,06 to 10
ARDOR RESIDENCE,"2,158,000",861.12,"2,506",Jun-25,HAIG ROAD,New Sale,Strata,80,"26,975",-,Apartment,1,Freehold,15,Rest of Central Region,01 to 05
RESIDENTIAL APARTMENTS,"1,500,000","1,022.58","1,467",Jun-25,TANJONG KATONG ROAD,Resale,Strata,95,"15,789",-,Apartment,1,Freehold,15,Rest of Central Region,01 to 05
TEMBELING CENTRE,"3,100,000","2,152.8","1,440",Jun-25,TEMBELING ROAD,Resale,Strata,200,"15,500",-,Apartment,1,Freehold,15,Rest of Central Region,01 to 05
AMBER HOUSE,"2,179,248",731.95,"2,977",Jun-25,AMBER GARDENS,New Sale,Strata,68,"32,048",-,Apartment,1,Freehold,15,Rest of Central Region,06 to 10
THE MAKENA,"3,450,000","1,636.13","2,109",Jun-25,MEYER ROAD,Resale,Strata,152,"22,697",-,Condominium,1,Freehold,15,Rest of Central Region,11 to 15
PALM OASIS,"1,185,000",742.72,"1,595",Jun-25,LORONG H TELOK KURAU,Resale,Strata,69,"17,174",-,Apartment,1,Freehold,15,Outside Central Region,01 to 05
ROYAL HALLMARK,"2,828,000","1,291.68","2,189",Jun-25,HAIG LANE,Sub Sale,Strata,120,"23,567",-,Apartment,1,Freehold,15,Rest of Central Region,01 to 05
THE CONTINUUM,"1,544,000",559.73,"2,758",Jun-25,THIAM SIEW AVENUE,New Sale,Strata,52,"29,692",-,Apartment,1,Freehold,15,Rest of Central Region,06 to 10
AMBER HOUSE,"2,115,670",731.95,"2,890",Jun-25,AMBER GARDENS,New Sale,Strata,68,"31,113",-,Apartment,1,Freehold,15,Rest of Central Region,01 to 05
AMBER HOUSE,"2,212,295",753.48,"2,936",Jun-25,AMBER GARDENS,New Sale,Strata,70,"31,604",-,Apartment,1,Freehold,15,Rest of Central Region,01 to 05
AMBER HOUSE,"2,167,200",731.95,"2,961",Jun-25,AMBER GARDENS,New Sale,Strata,68,"31,871",-,Apartment,1,Freehold,15,Rest of Central Region,01 to 05
AMBER HOUSE,"2,221,305",753.48,"2,948",Jun-25,AMBER GARDENS,New Sale,Strata,70,"31,733",-,Apartment,1,Freehold,15,Rest of Central Region,06 to 10
AMBER HOUSE,"3,538,465","1,216.33","2,909",Jun-25,AMBER GARDENS,New Sale,Strata,113,"31,314",-,Apartment,1,Freehold,15,Rest of Central Region,06 to 10
AMBER HOUSE,"2,243,150",753.48,"2,977",Jun-25,AMBER GARDENS,New Sale,Strata,70,"32,045",-,Apartment,1,Freehold,15,Rest of Central Region,06 to 10
AMBER HOUSE,"2,240,515",731.95,"3,061",Jun-25,AMBER GARDENS,New Sale,Strata,68,"32,949",-,Apartment,1,Freehold,15,Rest of Central Region,06 to 10
AMBER HOUSE,"3,705,618","1,237.86","2,994",Jun-25,AMBER GARDENS,New Sale,Strata,115,"32,223",-,Apartment,1,Freehold,15,Rest of Central Region,11 to 15
COTE D'AZUR,"2,750,000","1,280.92","2,147",Jun-25,MARINE PARADE ROAD,Resale,Strata,119,"23,109",-,Condominium,1,99 yrs lease commencing from 2001,15,Rest of Central Region,16 to 20
TEMBUSU GRAND,"1,554,000",645.84,"2,406",Jun-25,JALAN TEMBUSU,New Sale,Strata,60,"25,900",-,Condominium,1,99 yrs lease commencing from 2022,15,Rest of Central Region,16 to 20
TREESCAPE,"1,600,000","1,022.58","1,565",Jun-25,LORONG N TELOK KURAU,Resale,Strata,95,"16,842",-,Apartment,1,Freehold,15,Outside Central Region,01 to 05
THE COTZ,"738,000",452.09,"1,632",Jun-25,TELOK KURAU ROAD,Resale,Strata,42,"17,571",-,Apartment,1,Freehold,15,Outside Central Region,01 to 05
CUBIK,"3,000,000","2,034.4","1,475",Jun-25,LORONG K TELOK KURAU,Resale,Strata,189,"15,873",-,Apartment,1,Freehold,15,Outside Central Region,01 to 05
EAST VIEW,"2,700,000","1,302.44","2,073",Jun-25,BROOKE ROAD,Resale,Strata,121,"22,314",-,Apartment,1,Freehold,15,Rest of Central Region,11 to 15
SEASIDE RESIDENCES,"3,180,000","1,205.57","2,638",Jun-25,SIGLAP LINK,Resale,Strata,112,"28,393",-,Apartment,1,99 yrs lease commencing from 2016,15,Outside Central Region,21 to 25
THE RED HOUSE,"785,000",473.62,"1,657",Jun-25,EAST COAST ROAD,Resale,Strata,44,"17,841",-,Apartment,1,99 yrs lease commencing from 2012,15,Rest of Central Region,01 to 05
TIERRA VUE,"2,905,888","1,259.39","2,307",Jun-25,ST. PATRICK'S ROAD,Resale,Strata,117,"24,837",-,Condominium,1,Freehold,15,Outside Central Region,01 to 05
TAIPAN REGENCY,"1,800,000","1,194.8","1,507",Jun-25,HAIG ROAD,Resale,Strata,111,"16,216",-,Apartment,1,Freehold,15,Rest of Central Region,01 to 05
AMBER 45,"3,352,500","1,270.15","2,639",Jun-25,AMBER ROAD,Resale,Strata,118,"28,411",-,Apartment,1,Freehold,15,Rest of Central Region,21 to 25
CRESCENDO PARK,"2,310,000","1,442.38","1,602",Jun-25,JALAN TUA KONG,Resale,Strata,134,"17,239",-,Condominium,1,Freehold,15,Outside Central Region,01 to 05
COSTA RHU,"3,330,000","2,055.92","1,620",Jun-25,RHU CROSS,Resale,Strata,191,"17,435",-,Condominium,1,99 yrs lease commencing from 1994,15,Rest of Central Region,01 to 05
AXIS @ SIGLAP,"2,280,000","1,786.82","1,276",Jun-25,EAST COAST TERRACE,Resale,Strata,166,"13,735",-,Apartment,1,Freehold,15,Outside Central Region,01 to 05
448@EAST COAST,"778,000",441.32,"1,763",Jun-25,EAST COAST ROAD,Resale,Strata,41,"18,976",-,Apartment,1,Freehold,15,Outside Central Region,01 to 05
AMBER PARK,"1,980,000",699.66,"2,830",Jun-25,AMBER GARDENS,Resale,Strata,65,"30,462",-,Condominium,1,Freehold,15,Rest of Central Region,11 to 15
THE AMBRA,"2,080,000","1,151.75","1,806",Jun-25,LORONG H TELOK KURAU,Resale,Strata,107,"19,439",-,Apartment,1,Freehold,15,Outside Central Region,01 to 05
SYCAMORE TREE,"800,000",419.8,"1,906",Jun-25,FOWLIE ROAD,Resale,Strata,39,"20,513",-,Apartment,1,Freehold,15,Rest of Central Region,01 to 05
ROYAL HALLMARK,"2,420,000","1,130.22","2,141",Jun-25,HAIG LANE,Sub Sale,Strata,105,"23,048",-,Apartment,1,Freehold,15,Rest of Central Region,01 to 05
THE CONTINUUM,"4,150,000","1,463.9","2,835",Jun-25,THIAM SIEW AVENUE,New Sale,Strata,136,"30,515",-,Apartment,1,Freehold,15,Rest of Central Region,16 to 20
THE CONTINUUM,"3,467,000","1,237.86","2,801",Jun-25,THIAM SIEW AVENUE,New Sale,Strata,115,"30,148",-,Apartment,1,Freehold,15,Rest of Central Region,06 to 10
GRAND DUNMAN,"3,284,000","1,291.68","2,542",Jun-25,DUNMAN ROAD,New Sale,Strata,120,"27,367",-,Apartment,1,99 yrs lease commencing from 2022,15,Rest of Central Region,01 to 05
GRAND DUNMAN,"2,587,000","1,044.11","2,478",Jun-25,DUNMAN ROAD,New Sale,Strata,97,"26,670",-,Apartment,1,99 yrs lease commencing from 2022,15,Rest of Central Region,01 to 05
THE CONTINUUM,"3,047,000","1,087.16","2,803",Jun-25,THIAM SIEW AVENUE,New Sale,Strata,101,"30,168",-,Apartment,1,Freehold,15,Rest of Central Region,01 to 05
EAST GROVE,"1,330,000",882.65,"1,507",Jun-25,EAST COAST ROAD,Resale,Strata,82,"16,220",-,Apartment,1,Freehold,15,Outside Central Region,01 to 05
MEYER BLUE,"3,041,000",990.29,"3,071",Jun-25,MEYER ROAD,New Sale,Strata,92,"33,054",-,Apartment,1,Freehold,15,Rest of Central Region,01 to 05
MARINE BLUE,"2,000,000","1,593.07","1,255",Jun-25,MARINE PARADE ROAD,Resale,Strata,148,"13,514",-,Condominium,1,Freehold,15,Rest of Central Region,01 to 05
THE AMARELLE,"1,750,000","1,001.05","1,748",Jun-25,LIM AH WOO ROAD,Resale,Strata,93,"18,817",-,Apartment,1,Freehold,15,Rest of Central Region,01 to 05
D' CASTILIA,"1,930,000","1,130.22","1,708",Jun-25,JOO CHIAT LANE,Resale,Strata,105,"18,381",-,Apartment,1,Freehold,15,Rest of Central Region,01 to 05
AMBER SKYE,"2,520,000","1,216.33","2,072",Jun-25,AMBER ROAD,Resale,Strata,113,"22,301",-,Apartment,1,Freehold,15,Rest of Central Region,01 to 05
THE BELVEDERE,"2,560,000","1,011.82","2,530",Jun-25,MEYER ROAD,Resale,Strata,94,"27,234",-,Condominium,1,Freehold,15,Rest of Central Region,11 to 15
PALM LOFT,"1,950,000","1,539.25","1,267",Jun-25,JOO CHIAT TERRACE,Resale,Strata,143,"13,636",-,Apartment,1,Freehold,15,Rest of Central Region,01 to 05
SANCTUARY GREEN,"1,968,000","1,119.46","1,758",Jun-25,TANJONG RHU ROAD,Resale,Strata,104,"18,923",-,Condominium,1,99 yrs lease commencing from 1997,15,Rest of Central Region,06 to 10
GRAND DUNMAN,"3,601,000","1,431.61","2,515",Jun-25,DUNMAN ROAD,New Sale,Strata,133,"27,075",-,Apartment,1,99 yrs lease commencing from 2022,15,Rest of Central Region,01 to 05
GRAND DUNMAN,"2,571,000","1,054.87","2,437",Jun-25,DUNMAN ROAD,New Sale,Strata,98,"26,235",-,Apartment,1,99 yrs lease commencing from 2022,15,Rest of Central Region,01 to 05
GRAND DUNMAN,"3,770,000","1,474.67","2,557",Jun-25,DUNMAN ROAD,New Sale,Strata,137,"27,518",-,Apartment,1,99 yrs lease commencing from 2022,15,Rest of Central Region,06 to 10
TEMBUSU GRAND,"4,148,000","1,711.48","2,424",Jun-25,JALAN TEMBUSU,New Sale,Strata,159,"26,088",-,Condominium,1,99 yrs lease commencing from 2022,15,Rest of Central Region,11 to 15
NEPTUNE COURT,"1,800,000","1,636.13","1,100",Jun-25,MARINE VISTA,Resale,Strata,152,"11,842",-,Apartment,1,99 yrs lease commencing from 1975,15,Outside Central Region,01 to 05
HOMEY GARDENS,"1,720,000","1,022.58","1,682",Jun-25,LORONG M TELOK KURAU,Resale,Strata,95,"18,105",-,Apartment,1,Freehold,15,Outside Central Region,01 to 05
LAGUNA PARK,"2,000,000","1,614.6","1,239",Jun-25,MARINE PARADE ROAD,Resale,Strata,150,"13,333",-,Apartment,1,99 yrs lease commencing from 1977,15,Outside Central Region,16 to 20
PEBBLE BAY,"3,340,000","1,894.46","1,763",Jun-25,TANJONG RHU ROAD,Resale,Strata,176,"18,977",-,Condominium,1,99 yrs lease commencing from 1994,15,Rest of Central Region,01 to 05
TREESCAPE,"1,098,888",624.31,"1,760",Jun-25,LORONG N TELOK KURAU,Resale,Strata,58,"18,946",-,Apartment,1,Freehold,15,Outside Central Region,01 to 05
THE ELEGANCE @ CHANGI,"2,388,000","2,012.87","1,186",Jun-25,LORONG 107 CHANGI,Resale,Strata,187,"12,770",-,Apartment,1,Freehold,15,Rest of Central Region,01 to 05
LAGUNA PARK,"2,110,000","1,614.6","1,307",Jun-25,MARINE PARADE ROAD,Resale,Strata,150,"14,067",-,Apartment,1,99 yrs lease commencing from 1977,15,Outside Central Region,11 to 15
MELROSE VILLE,"2,801,000","2,077.45","1,348",Jun-25,ROSE LANE,Resale,Strata,193,"14,513",-,Apartment,1,Freehold,15,Rest of Central Region,01 to 05
NEPTUNE COURT,"1,700,000","1,636.13","1,039",Jun-25,MARINE VISTA,Resale,Strata,152,"11,184",-,Apartment,1,99 yrs lease commencing from 1975,15,Outside Central Region,06 to 10
THE CONTINUUM,"3,098,000","1,065.64","2,907",Jun-25,THIAM SIEW AVENUE,New Sale,Strata,99,"31,293",-,Apartment,1,Freehold,15,Rest of Central Region,11 to 15
WATER PLACE,"2,250,888","1,216.33","1,851",Jun-25,TANJONG RHU ROAD,Resale,Strata,113,"19,919",-,Condominium,1,99 yrs lease commencing from 1998,15,Rest of Central Region,11 to 15
GRAND DUNMAN,"2,092,000",775.01,"2,699",Jun-25,DUNMAN ROAD,New Sale,Strata,72,"29,056",-,Apartment,1,99 yrs lease commencing from 2022,15,Rest of Central Region,01 to 05
THE MAKENA,"2,000,000",925.7,"2,161",Jun-25,MEYER ROAD,Resale,Strata,86,"23,256",-,Condominium,1,Freehold,15,Rest of Central Region,06 to 10
HAIG COURT,"2,988,888","1,442.38","2,072",Jun-25,HAIG ROAD,Resale,Strata,134,"22,305",-,Condominium,1,Freehold,15,Rest of Central Region,11 to 15
COASTLINE RESIDENCES,"1,980,000",710.42,"2,787",Jun-25,AMBER ROAD,Resale,Strata,66,"30,000",-,Apartment,1,Freehold,15,Rest of Central Region,11 to 15
NEPTUNE COURT,"1,270,000","1,270.15","1,000",Jun-25,MARINE VISTA,Resale,Strata,118,"10,763",-,Apartment,1,99 yrs lease commencing from 1976,15,Outside Central Region,06 to 10
TEMBUSU GRAND,"4,124,000","1,711.48","2,410",Jun-25,JALAN TEMBUSU,New Sale,Strata,159,"25,937",-,Condominium,1,99 yrs lease commencing from 2022,15,Rest of Central Region,06 to 10
SEASIDE RESIDENCES,"1,898,888",785.77,"2,417",Jun-25,SIGLAP LINK,Resale,Strata,73,"26,012",-,Apartment,1,99 yrs lease commencing from 2016,15,Outside Central Region,06 to 10
AMBER PARK,"2,630,000",947.23,"2,777",Jun-25,AMBER GARDENS,Resale,Strata,88,"29,886",-,Condominium,1,Freehold,15,Rest of Central Region,01 to 05
SPRING @ LANGSAT,"1,775,000","1,140.98","1,556",Jun-25,LANGSAT ROAD,Resale,Strata,106,"16,745",-,Apartment,1,Freehold,15,Rest of Central Region,01 to 05
THE ADARA,"2,100,000","1,119.46","1,876",Jun-25,CHAPEL ROAD,Resale,Strata,104,"20,192",-,Apartment,1,Freehold,15,Rest of Central Region,01 to 05
OCEAN PARK,"2,800,000","1,302.44","2,150",Jun-25,EAST COAST ROAD,Resale,Strata,121,"23,140",-,Condominium,1,Freehold,15,Outside Central Region,11 to 15
THE SEAWIND,"2,390,000","1,205.57","1,982",Jun-25,LORONG M TELOK KURAU,Resale,Strata,112,"21,339",-,Condominium,1,Freehold,15,Outside Central Region,01 to 05
VILLA MARINA,"1,800,000","1,130.22","1,593",Jun-25,JALAN SEMPADAN,Resale,Strata,105,"17,143",-,Condominium,1,99 yrs lease commencing from 1995,15,Outside Central Region,01 to 05
GRAND DUNMAN,"1,503,000",548.96,"2,738",Jun-25,DUNMAN ROAD,New Sale,Strata,51,"29,471",-,Apartment,1,99 yrs lease commencing from 2022,15,Rest of Central Region,06 to 10
DE CASALLE,"2,170,000","1,248.62","1,738",Jun-25,LORONG N TELOK KURAU,Resale,Strata,116,"18,707",-,Apartment,1,Freehold,15,Outside Central Region,01 to 05
DE CASALLE,"2,118,000","1,237.86","1,711",Jun-25,LORONG N TELOK KURAU,Resale,Strata,115,"18,417",-,Apartment,1,Freehold,15,Outside Central Region,01 to 05
MARINE BLUE,"1,675,000",731.95,"2,288",Jun-25,MARINE PARADE ROAD,Resale,Strata,68,"24,632",-,Condominium,1,Freehold,15,Rest of Central Region,06 to 10
ARDOR RESIDENCE,"2,785,000","1,248.62","2,230",Jun-25,HAIG ROAD,New Sale,Strata,116,"24,009",-,Apartment,1,Freehold,15,Rest of Central Region,01 to 05
THE SHORE RESIDENCES,"1,900,000",893.41,"2,127",Jun-25,AMBER ROAD,Resale,Strata,83,"22,892",-,Condominium,1,103 yrs lease commencing from 2009,15,Rest of Central Region,16 to 20
PEBBLE BAY,"4,330,000","2,335.79","1,854",Jun-25,TANJONG RHU ROAD,Resale,Strata,217,"19,954",-,Condominium,1,99 yrs lease commencing from 1994,15,Rest of Central Region,11 to 15
CAMELOT BY-THE-WATER,"5,000,000","3,293.78","1,518",Jun-25,TANJONG RHU ROAD,Resale,Strata,306,"16,340",-,Condominium,1,99 yrs lease commencing from 1996,15,Rest of Central Region,01 to 05
PARC BLEU,"1,100,000",699.66,"1,572",Jun-25,JOO CHIAT PLACE,Resale,Strata,65,"16,923",-,Apartment,1,Freehold,15,Outside Central Region,01 to 05
ARINA EAST RESIDENCES,"1,959,539",678.13,"2,890",Jun-25,TANJONG RHU ROAD,New Sale,Strata,63,"31,104",-,Apartment,1,Freehold,15,Rest of Central Region,01 to 05
ARINA EAST RESIDENCES,"2,327,342",796.54,"2,922",Jun-25,TANJONG RHU ROAD,New Sale,Strata,74,"31,451",-,Apartment,1,Freehold,15,Rest of Central Region,01 to 05
ARINA EAST RESIDENCES,"2,343,257",796.54,"2,942",Jun-25,TANJONG RHU ROAD,New Sale,Strata,74,"31,666",-,Apartment,1,Freehold,15,Rest of Central Region,01 to 05
ARINA EAST RESIDENCES,"2,505,634",861.12,"2,910",Jun-25,TANJONG RHU ROAD,New Sale,Strata,80,"31,320",-,Apartment,1,Freehold,15,Rest of Central Region,01 to 05
ARINA EAST RESIDENCES,"2,375,086",796.54,"2,982",Jun-25,TANJONG RHU ROAD,New Sale,Strata,74,"32,096",-,Apartment,1,Freehold,15,Rest of Central Region,06 to 10
ARINA EAST RESIDENCES,"2,074,615",678.13,"3,059",Jun-25,TANJONG RHU ROAD,New Sale,Strata,63,"32,930",-,Apartment,1,Freehold,15,Rest of Central Region,11 to 15
ARINA EAST RESIDENCES,"3,316,348","1,087.16","3,050",Jun-25,TANJONG RHU ROAD,New Sale,Strata,101,"32,835",-,Apartment,1,Freehold,15,Rest of Central Region,01 to 05
ARINA EAST RESIDENCES,"4,500,000","1,388.56","3,241",Jun-25,TANJONG RHU ROAD,New Sale,Strata,129,"34,884",-,Apartment,1,Freehold,15,Rest of Central Region,16 to 20
MEYER BLUE,"3,613,000","1,140.98","3,167",Jun-25,MEYER ROAD,New Sale,Strata,106,"34,085",-,Apartment,1,Freehold,15,Rest of Central Region,11 to 15
MABELLE,"1,300,000",807.3,"1,610",Jun-25,LORONG M TELOK KURAU,Resale,Strata,75,"17,333",-,Apartment,1,Freehold,15,Outside Central Region,01 to 05
AALTO,"4,000,000","1,550.02","2,581",Jun-25,MEYER ROAD,Resale,Strata,144,"27,778",-,Condominium,1,Freehold,15,Rest of Central Region,06 to 10
TEMBUSU GRAND,"4,088,000","1,711.48","2,389",Jun-25,JALAN TEMBUSU,New Sale,Strata,159,"25,711",-,Condominium,1,99 yrs lease commencing from 2022,15,Rest of Central Region,06 to 10
WATER PLACE,"2,650,000","1,453.14","1,824",Jun-25,TANJONG RHU ROAD,Resale,Strata,135,"19,630",-,Condominium,1,99 yrs lease commencing from 1998,15,Rest of Central Region,11 to 15
QUESTA @ DUNMAN,"940,000",527.44,"1,782",Jun-25,DUNMAN ROAD,Resale,Strata,49,"19,184",-,Apartment,1,Freehold,15,Rest of Central Region,06 to 10
NYON,"1,200,000",484.38,"2,477",Jun-25,AMBER ROAD,Resale,Strata,45,"26,667",-,Apartment,1,Freehold,15,Rest of Central Region,11 to 15
K SUITES,"2,038,888",871.88,"2,338",Jun-25,LORONG K TELOK KURAU,New Sale,Strata,81,"25,171",-,Apartment,1,Freehold,15,Outside Central Region,01 to 05
RESIDENTIAL APARTMENTS,"1,880,000","1,119.46","1,679",Jun-25,JOO CHIAT ROAD,Resale,Strata,104,"18,077",-,Apartment,1,Freehold,15,Rest of Central Region,01 to 05
OCEAN PARK,"4,200,000","2,109.74","1,991",Jun-25,EAST COAST ROAD,Resale,Strata,196,"21,429",-,Condominium,1,Freehold,15,Outside Central Region,11 to 15
AMBER POINT,"3,820,000","1,689.95","2,260",Jun-25,AMBER ROAD,Resale,Strata,157,"24,331",-,Condominium,1,Freehold,15,Rest of Central Region,16 to 20
EASTWIND MANSIONS,"2,020,000","1,270.15","1,590",Jun-25,JOO CHIAT TERRACE,Resale,Strata,118,"17,119",-,Apartment,1,Freehold,15,Rest of Central Region,01 to 05
AMBER PARK,"4,725,000","1,582.31","2,986",Jun-25,AMBER GARDENS,Resale,Strata,147,"32,143",-,Condominium,1,Freehold,15,Rest of Central Region,11 to 15
GRAND DUNMAN,"3,820,000","1,474.67","2,590",Jun-25,DUNMAN ROAD,New Sale,Strata,137,"27,883",-,Apartment,1,99 yrs lease commencing from 2022,15,Rest of Central Region,11 to 15
ELLIOT AT THE EAST COAST,"2,750,000","1,474.67","1,865",Jun-25,ELLIOT ROAD,Resale,Strata,137,"20,073",-,Condominium,1,Freehold,15,Outside Central Region,01 to 05
COSTA RHU,"2,825,000","1,646.89","1,715",Jun-25,RHU CROSS,Resale,Strata,153,"18,464",-,Condominium,1,99 yrs lease commencing from 1994,15,Rest of Central Region,06 to 10
LAGUNA PARK,"1,870,000","1,453.14","1,287",Jun-25,MARINE PARADE ROAD,Resale,Strata,135,"13,852",-,Apartment,1,99 yrs lease commencing from 1977,15,Outside Central Region,16 to 20
CRESCENDO PARK,"1,470,000",850.36,"1,729",Jun-25,JALAN TUA KONG,Resale,Strata,79,"18,608",-,Condominium,1,Freehold,15,Outside Central Region,01 to 05
TANJONG RIA CONDOMINIUM,"1,965,000","1,205.57","1,630",Jun-25,TANJONG RHU ROAD,Resale,Strata,112,"17,545",-,Condominium,1,99 yrs lease commencing from 1993,15,Rest of Central Region,06 to 10
THE SEAFRONT ON MEYER,"4,800,000","2,088.22","2,299",Jun-25,MEYER ROAD,Resale,Strata,194,"24,742",-,Condominium,1,Freehold,15,Rest of Central Region,06 to 10
SUITES @ EASTCOAST,"720,000",365.98,"1,967",Jun-25,UPPER EAST COAST ROAD,Resale,Strata,34,"21,176",-,Condominium,1,Freehold,15,Outside Central Region,01 to 05
WATER PLACE,"2,250,000","1,227.1","1,834",Jun-25,TANJONG RHU ROAD,Resale,Strata,114,"19,737",-,Condominium,1,99 yrs lease commencing from 1998,15,Rest of Central Region,11 to 15
GRAND DUNMAN,"3,808,000","1,474.67","2,582",Jun-25,DUNMAN ROAD,New Sale,Strata,137,"27,796",-,Apartment,1,99 yrs lease commencing from 2022,15,Rest of Central Region,11 to 15
GRAND DUNMAN,"3,557,000","1,474.67","2,412",Jun-25,DUNMAN ROAD,New Sale,Strata,137,"25,964",-,Apartment,1,99 yrs lease commencing from 2022,15,Rest of Central Region,11 to 15
FERNWOOD TOWERS,"2,150,000","1,194.8","1,799",Jun-25,FERNWOOD TERRACE,Resale,Strata,111,"19,369",-,Condominium,1,Freehold,15,Outside Central Region,01 to 05
LEVILLE ISUITES,"1,850,000","1,054.87","1,754",Jun-25,CEYLON ROAD,Resale,Strata,98,"18,878",-,Apartment,1,Freehold,15,Rest of Central Region,01 to 05
J@63,"2,360,888","1,334.74","1,769",Jun-25,LORONG J TELOK KURAU,Sub Sale,Strata,124,"19,039",-,Apartment,1,Freehold,15,Outside Central Region,01 to 05
GRAND DUNMAN,"2,882,000","1,237.86","2,328",May-25,DUNMAN ROAD,New Sale,Strata,115,"25,061",-,Apartment,1,99 yrs lease commencing from 2022,15,Rest of Central Region,16 to 20
SERAYA RESIDENCES,"2,145,000","1,130.22","1,898",May-25,SERAYA LANE,Resale,Strata,105,"20,429",-,Apartment,1,Freehold,15,Rest of Central Region,01 to 05
RESIDENTIAL APARTMENTS,"1,950,000",893.41,"2,183",May-25,CHAPEL CLOSE,Resale,Strata,83,"23,494",-,Apartment,1,Freehold,15,Rest of Central Region,01 to 05
COSTA RHU,"2,150,000","1,345.5","1,598",May-25,RHU CROSS,Resale,Strata,125,"17,200",-,Condominium,1,99 yrs lease commencing from 1994,15,Rest of Central Region,06 to 10
THE CAPE,"1,190,000",581.26,"2,047",May-25,AMBER ROAD,Resale,Strata,54,"22,037",-,Apartment,1,Freehold,15,Rest of Central Region,06 to 10
SPRING @ LANGSAT,"1,468,000",893.41,"1,643",May-25,LANGSAT ROAD,Resale,Strata,83,"17,687",-,Apartment,1,Freehold,15,Rest of Central Region,01 to 05
VILLA MARTIA,"2,480,000","1,377.79","1,800",May-25,MARTIA ROAD,Resale,Strata,128,"19,375",-,Condominium,1,Freehold,15,Outside Central Region,01 to 05
PARKSHORE,"4,840,000","2,325.02","2,082",May-25,TANJONG RHU ROAD,Resale,Strata,216,"22,407",-,Condominium,1,Freehold,15,Rest of Central Region,06 to 10
WATER PLACE,"2,128,000","1,216.33","1,750",May-25,TANJONG RHU ROAD,Resale,Strata,113,"18,832",-,Condominium,1,99 yrs lease commencing from 1998,15,Rest of Central Region,06 to 10
WATER PLACE,"2,150,000","1,216.33","1,768",May-25,TANJONG RHU ROAD,Resale,Strata,113,"19,027",-,Condominium,1,99 yrs lease commencing from 1998,15,Rest of Central Region,01 to 05
THE VIEW @ MEYER,"4,056,000","1,689.95","2,400",May-25,MEYER ROAD,Resale,Strata,157,"25,834",-,Apartment,1,Freehold,15,Rest of Central Region,16 to 20
TEMBUSU GRAND,"4,160,000","1,711.48","2,431",May-25,JALAN TEMBUSU,New Sale,Strata,159,"26,164",-,Condominium,1,99 yrs lease commencing from 2022,15,Rest of Central Region,11 to 15
MANDARIN GARDENS,"1,785,000","1,571.54","1,136",May-25,SIGLAP ROAD,Resale,Strata,146,"12,226",-,Condominium,1,99 yrs lease commencing from 1982,15,Outside Central Region,06 to 10
SIGLAP V,"850,000",516.67,"1,645",May-25,FIRST STREET,Resale,Strata,48,"17,708",-,Apartment,1,Freehold,15,Outside Central Region,01 to 05
TANJONG RIA CONDOMINIUM,"1,750,000","1,205.57","1,452",May-25,TANJONG RHU ROAD,Resale,Strata,112,"15,625",-,Condominium,1,99 yrs lease commencing from 1993,15,Rest of Central Region,01 to 05
SUITES @ EASTCOAST,"690,000",365.98,"1,885",May-25,UPPER EAST COAST ROAD,Resale,Strata,34,"20,294",-,Condominium,1,Freehold,15,Outside Central Region,01 to 05
GRAND DUNMAN,"1,992,000",667.37,"2,985",May-25,DUNMAN ROAD,New Sale,Strata,62,"32,129",-,Apartment,1,99 yrs lease commencing from 2022,15,Rest of Central Region,16 to 20
GRAND DUNMAN,"3,023,000","1,119.46","2,700",May-25,DUNMAN ROAD,New Sale,Strata,104,"29,067",-,Apartment,1,99 yrs lease commencing from 2022,15,Rest of Central Region,01 to 05
THE CONTINUUM,"3,560,000","1,248.62","2,851",May-25,THIAM SIEW AVENUE,New Sale,Strata,116,"30,690",-,Apartment,1,Freehold,15,Rest of Central Region,01 to 05
KOON SENG HOUSE,"2,387,000","1,033.34","2,310",May-25,KOON SENG ROAD,New Sale,Strata,96,"24,865",-,Apartment,1,Freehold,15,Rest of Central Region,01 to 05
CLAYDENCE,"2,539,360","1,076.4","2,359",May-25,STILL ROAD,New Sale,Strata,100,"25,394",-,Apartment,1,Freehold,15,Rest of Central Region,01 to 05
SIGLAP V,"1,050,000",678.13,"1,548",May-25,FIRST STREET,Resale,Strata,63,"16,667",-,Apartment,1,Freehold,15,Outside Central Region,01 to 05
THE HACIENDA,"2,500,000","1,689.95","1,479",May-25,HACIENDA GROVE,Resale,Strata,157,"15,924",-,Condominium,1,Freehold,15,Outside Central Region,01 to 05
FIVENINE,"1,905,000","1,054.87","1,806",May-25,LORONG K TELOK KURAU,Resale,Strata,98,"19,439",-,Apartment,1,Freehold,15,Outside Central Region,01 to 05
SPRINGVALE,"1,530,000",914.94,"1,672",May-25,EAST COAST ROAD,Resale,Strata,85,"18,000",-,Apartment,1,Freehold,15,Outside Central Region,01 to 05
PARC ELEGANCE,"2,200,000","1,571.54","1,400",May-25,TELOK KURAU ROAD,Resale,Strata,146,"15,068",-,Apartment,1,Freehold,15,Outside Central Region,01 to 05
WATER PLACE,"1,820,000",904.18,"2,013",May-25,TANJONG RHU ROAD,Resale,Strata,84,"21,667",-,Condominium,1,99 yrs lease commencing from 1998,15,Rest of Central Region,11 to 15
MANDARIN GARDENS,"1,180,000",828.83,"1,424",May-25,SIGLAP ROAD,Resale,Strata,77,"15,325",-,Condominium,1,99 yrs lease commencing from 1982,15,Outside Central Region,11 to 15
LAGOON VIEW,"1,880,000","1,646.89","1,142",May-25,MARINE PARADE ROAD,Resale,Strata,153,"12,288",-,Apartment,1,99 yrs lease commencing from 1977,15,Outside Central Region,06 to 10
HAIG COURT,"3,180,000","1,550.02","2,052",May-25,HAIG ROAD,Resale,Strata,144,"22,083",-,Condominium,1,Freehold,15,Rest of Central Region,01 to 05
GRAND DUNMAN,"2,934,000","1,119.46","2,621",May-25,DUNMAN ROAD,New Sale,Strata,104,"28,212",-,Apartment,1,99 yrs lease commencing from 2022,15,Rest of Central Region,01 to 05
GRAND DUNMAN,"2,092,000",775.01,"2,699",May-25,DUNMAN ROAD,New Sale,Strata,72,"29,056",-,Apartment,1,99 yrs lease commencing from 2022,15,Rest of Central Region,01 to 05
GRAND DUNMAN,"3,569,000","1,474.67","2,420",May-25,DUNMAN ROAD,New Sale,Strata,137,"26,051",-,Apartment,1,99 yrs lease commencing from 2022,15,Rest of Central Region,16 to 20
THE LUSH,"1,570,000",818.06,"1,919",May-25,DUKU ROAD,Resale,Strata,76,"20,658",-,Apartment,1,Freehold,15,Rest of Central Region,01 to 05
RESIDENCE TWENTY-TWO,"2,530,000","1,216.33","2,080",May-25,TELOK KURAU ROAD,Resale,Strata,113,"22,389",-,Apartment,1,Freehold,15,Outside Central Region,01 to 05
OCEAN PARK,"3,728,000","2,109.74","1,767",May-25,EAST COAST ROAD,Resale,Strata,196,"19,020",-,Condominium,1,Freehold,15,Outside Central Region,06 to 10
PEBBLE BAY,"4,595,500","2,626.42","1,750",May-25,TANJONG RHU ROAD,Resale,Strata,244,"18,834",-,Condominium,1,99 yrs lease commencing from 1994,15,Rest of Central Region,11 to 15
PALM GALLERIA,"1,516,000",990.29,"1,531",May-25,LORONG K TELOK KURAU,Resale,Strata,92,"16,478",-,Apartment,1,Freehold,15,Outside Central Region,01 to 05
KOON SENG HOUSE,"2,935,000","1,313.21","2,235",May-25,KOON SENG ROAD,New Sale,Strata,122,"24,057",-,Apartment,1,Freehold,15,Rest of Central Region,01 to 05
EASTERN LAGOON,"1,650,000","1,054.87","1,564",May-25,UPPER EAST COAST ROAD,Resale,Strata,98,"16,837",-,Condominium,1,Freehold,15,Outside Central Region,01 to 05
FULCRUM,"1,850,000",818.06,"2,261",May-25,FORT ROAD,Resale,Strata,76,"24,342",-,Condominium,1,Freehold,15,Rest of Central Region,06 to 10
LAVERNE'S LOFT,"750,000",398.27,"1,883",May-25,LORONG L TELOK KURAU,Resale,Strata,37,"20,270",-,Apartment,1,Freehold,15,Outside Central Region,01 to 05
TEMBUSU GRAND,"1,900,000",742.72,"2,558",May-25,JALAN TEMBUSU,Sub Sale,Strata,69,"27,536",-,Condominium,1,99 yrs lease commencing from 2022,15,Rest of Central Region,11 to 15
THE SOVEREIGN,"7,700,000","3,304.55","2,330",May-25,MEYER ROAD,Resale,Strata,307,"25,081",-,Condominium,1,Freehold,15,Rest of Central Region,01 to 05
SERAYA RESIDENCES,"2,018,888","1,044.11","1,934",May-25,SERAYA LANE,Resale,Strata,97,"20,813",-,Apartment,1,Freehold,15,Rest of Central Region,01 to 05
THE VANDERLINT,"1,370,000",807.3,"1,697",May-25,CEYLON ROAD,Resale,Strata,75,"18,267",-,Apartment,1,Freehold,15,Rest of Central Region,01 to 05
GALAXY TOWERS,"1,605,000","1,065.64","1,506",May-25,ONAN ROAD,Resale,Strata,99,"16,212",-,Apartment,1,Freehold,15,Rest of Central Region,11 to 15
SANCTUARY GREEN,"1,950,000","1,119.46","1,742",May-25,TANJONG RHU ROAD,Resale,Strata,104,"18,750",-,Condominium,1,99 yrs lease commencing from 1997,15,Rest of Central Region,06 to 10
EASTBAY,"968,000",581.26,"1,665",May-25,TAY LIAN TECK ROAD,Resale,Strata,54,"17,926",-,Apartment,1,Freehold,15,Outside Central Region,01 to 05
VERSAILLES,"2,430,000","1,506.96","1,613",May-25,HEMMANT ROAD,Resale,Strata,140,"17,357",-,Condominium,1,Freehold,15,Rest of Central Region,01 to 05
THE GERANIUM,"1,638,888",990.29,"1,655",May-25,MANGIS ROAD,Resale,Strata,92,"17,814",-,Condominium,1,Freehold,15,Rest of Central Region,01 to 05
MALVERN SPRINGS,"2,218,000",979.52,"2,264",May-25,ONAN ROAD,Resale,Strata,91,"24,374",-,Condominium,1,Freehold,15,Rest of Central Region,01 to 05
QUESTA @ DUNMAN,"1,330,000",753.48,"1,765",May-25,DUNMAN ROAD,Resale,Strata,70,"19,000",-,Apartment,1,Freehold,15,Rest of Central Region,06 to 10
HOMEY GARDENS,"1,710,000","1,033.34","1,655",May-25,LORONG M TELOK KURAU,Resale,Strata,96,"17,813",-,Apartment,1,Freehold,15,Outside Central Region,01 to 05
PEBBLE BAY,"5,500,000","2,626.42","2,094",May-25,TANJONG RHU ROAD,Resale,Strata,244,"22,541",-,Condominium,1,99 yrs lease commencing from 1994,15,Rest of Central Region,11 to 15
KATONG APARTMENTS,"2,045,000","1,485.43","1,377",May-25,MANGIS ROAD,Resale,Strata,138,"14,819",-,Apartment,1,Freehold,15,Rest of Central Region,01 to 05
GRAND DUNMAN,"3,374,000","1,291.68","2,612",May-25,DUNMAN ROAD,New Sale,Strata,120,"28,117",-,Apartment,1,99 yrs lease commencing from 2022,15,Rest of Central Region,11 to 15
THE CONTINUUM,"1,510,000",559.73,"2,698",May-25,THIAM SIEW AVENUE,New Sale,Strata,52,"29,038",-,Apartment,1,Freehold,15,Rest of Central Region,01 to 05
TANJONG RIA CONDOMINIUM,"870,000",613.55,"1,418",May-25,TANJONG RHU ROAD,Resale,Strata,57,"15,263",-,Condominium,1,99 yrs lease commencing from 1993,15,Rest of Central Region,01 to 05
PARKSHORE,"3,200,000","1,668.42","1,918",May-25,TANJONG RHU ROAD,Resale,Strata,155,"20,645",-,Condominium,1,Freehold,15,Rest of Central Region,01 to 05
FORTUNE JADE,"2,100,000","1,087.16","1,932",May-25,DUNMAN ROAD,Resale,Strata,101,"20,792",-,Apartment,1,Freehold,15,Rest of Central Region,11 to 15
GLAMOUR VILLE,"1,800,000","1,216.33","1,480",May-25,LORONG N TELOK KURAU,Resale,Strata,113,"15,929",-,Apartment,1,Freehold,15,Outside Central Region,01 to 05
HAIG COURT,"3,388,000","1,550.02","2,186",May-25,HAIG ROAD,Resale,Strata,144,"23,528",-,Condominium,1,Freehold,15,Rest of Central Region,11 to 15
VIBES @ EAST COAST,"733,000",387.5,"1,892",May-25,TELOK KURAU ROAD,Resale,Strata,36,"20,361",-,Apartment,1,Freehold,15,Outside Central Region,01 to 05
VILLA MARINA,"2,600,000","2,314.26","1,123",May-25,JALAN SEMPADAN,Resale,Strata,215,"12,093",-,Condominium,1,99 yrs lease commencing from 1995,15,Outside Central Region,01 to 05
BOWMONT CENTRE,"2,700,000","1,883.7","1,433",May-25,SIGLAP DRIVE,Resale,Strata,175,"15,429",-,Apartment,1,Freehold,15,Outside Central Region,01 to 05
SANCTUARY GREEN,"1,963,200","1,227.1","1,600",May-25,TANJONG RHU ROAD,Resale,Strata,114,"17,221",-,Condominium,1,99 yrs lease commencing from 1997,15,Rest of Central Region,01 to 05
FLAMINGO VALLEY,"3,558,000","2,120.51","1,678",May-25,SIGLAP ROAD,Resale,Strata,197,"18,061",-,Condominium,1,Freehold,15,Outside Central Region,01 to 05
THE SOUND,"1,630,000",807.3,"2,019",May-25,EAST COAST ROAD,Resale,Strata,75,"21,733",-,Condominium,1,Freehold,15,Outside Central Region,01 to 05
THE MAKENA,"2,758,000","1,291.68","2,135",May-25,MEYER ROAD,Resale,Strata,120,"22,983",-,Condominium,1,Freehold,15,Rest of Central Region,06 to 10
AMBER 45,"1,610,000",613.55,"2,624",May-25,AMBER ROAD,Resale,Strata,57,"28,246",-,Apartment,1,Freehold,15,Rest of Central Region,06 to 10
MAYFAIR RESIDENCES,"2,320,000","1,184.04","1,959",May-25,EAST COAST ROAD,Resale,Strata,110,"21,091",-,Apartment,1,Freehold,15,Outside Central Region,01 to 05
COSTA RHU,"2,900,000","1,646.89","1,761",May-25,RHU CROSS,Resale,Strata,153,"18,954",-,Condominium,1,99 yrs lease commencing from 1994,15,Rest of Central Region,06 to 10
ASPEN LOFT,"2,300,000","1,797.59","1,279",May-25,JOO CHIAT TERRACE,Resale,Strata,167,"13,772",-,Apartment,1,Freehold,15,Rest of Central Region,01 to 05
GRAND DUNMAN,"3,751,000","1,431.61","2,620",May-25,DUNMAN ROAD,New Sale,Strata,133,"28,203",-,Apartment,1,99 yrs lease commencing from 2022,15,Rest of Central Region,01 to 05
COTE D'AZUR,"2,050,000","1,140.98","1,797",May-25,MARINE PARADE ROAD,Resale,Strata,106,"19,340",-,Condominium,1,99 yrs lease commencing from 2001,15,Rest of Central Region,16 to 20
THE MEYERISE,"3,488,000","1,280.92","2,723",May-25,MEYER ROAD,Resale,Strata,119,"29,311",-,Condominium,1,Freehold,15,Rest of Central Region,16 to 20
ONE AMBER,"3,280,000","1,453.14","2,257",May-25,AMBER GARDENS,Resale,Strata,135,"24,296",-,Condominium,1,Freehold,15,Rest of Central Region,01 to 05
VILLA MARINA,"1,650,000","1,130.22","1,460",May-25,JALAN SEMPADAN,Resale,Strata,105,"15,714",-,Condominium,1,99 yrs lease commencing from 1995,15,Outside Central Region,01 to 05
RESIDENTIAL APARTMENTS,"1,260,000",861.12,"1,463",May-25,EAST COAST ROAD,Resale,Strata,80,"15,750",-,Apartment,1,Freehold,15,Outside Central Region,01 to 05
TEMBUSU GRAND,"3,743,000","1,603.84","2,334",May-25,JALAN TEMBUSU,New Sale,Strata,149,"25,121",-,Condominium,1,99 yrs lease commencing from 2022,15,Rest of Central Region,16 to 20
VILLA MARINA,"2,080,000","1,248.62","1,666",May-25,JALAN SEMPADAN,Resale,Strata,116,"17,931",-,Condominium,1,99 yrs lease commencing from 1995,15,Outside Central Region,01 to 05
SANDY EIGHT,"1,390,000",731.95,"1,899",May-25,SANDY LANE,Resale,Strata,68,"20,441",-,Apartment,1,Freehold,15,Rest of Central Region,01 to 05
GRAND DUNMAN,"3,613,000","1,431.61","2,524",May-25,DUNMAN ROAD,New Sale,Strata,133,"27,165",-,Apartment,1,99 yrs lease commencing from 2022,15,Rest of Central Region,01 to 05
HAIG APARTMENTS,"2,650,000","1,711.48","1,548",May-25,HAIG ROAD,Resale,Strata,159,"16,667",-,Apartment,1,Freehold,15,Rest of Central Region,01 to 05
MAYFAIR RESIDENCES,"2,450,000","1,184.04","2,069",May-25,EAST COAST ROAD,Resale,Strata,110,"22,273",-,Apartment,1,Freehold,15,Outside Central Region,01 to 05
NEPTUNE COURT,"1,270,000","1,270.15","1,000",May-25,MARINE VISTA,Resale,Strata,118,"10,763",-,Apartment,1,99 yrs lease commencing from 1976,15,Outside Central Region,06 to 10
EAST BAY GARDENS,"1,710,000","1,711.48",999,May-25,LORONG G TELOK KURAU,Resale,Strata,159,"10,755",-,Apartment,1,99 yrs lease commencing from 1995,15,Outside Central Region,01 to 05
COTE D'AZUR,"2,100,000","1,108.69","1,894",May-25,MARINE PARADE ROAD,Resale,Strata,103,"20,388",-,Condominium,1,99 yrs lease commencing from 2001,15,Rest of Central Region,16 to 20
AMBER RESIDENCES,"3,350,000","1,517.72","2,207",May-25,AMBER ROAD,Resale,Strata,141,"23,759",-,Condominium,1,Freehold,15,Rest of Central Region,06 to 10
RESIDENTIAL APARTMENTS,"1,250,000",861.12,"1,452",May-25,EAST COAST ROAD,Resale,Strata,80,"15,625",-,Apartment,1,Freehold,15,Outside Central Region,01 to 05
THE VESTA,"1,928,000","1,140.98","1,690",May-25,LORONG K TELOK KURAU,Resale,Strata,106,"18,189",-,Apartment,1,Freehold,15,Outside Central Region,01 to 05
ONE AMBER,"3,120,000","1,334.74","2,338",May-25,AMBER GARDENS,Resale,Strata,124,"25,161",-,Condominium,1,Freehold,15,Rest of Central Region,06 to 10
SEASIDE RESIDENCES,"1,255,000",592.02,"2,120",May-25,SIGLAP LINK,Resale,Strata,55,"22,818",-,Apartment,1,99 yrs lease commencing from 2016,15,Outside Central Region,06 to 10
CALLIDORA VILLE,"1,055,000",645.84,"1,634",May-25,LORONG N TELOK KURAU,Resale,Strata,60,"17,583",-,Apartment,1,Freehold,15,Outside Central Region,01 to 05
TG MANSION,"1,620,000","1,248.62","1,297",May-25,LORONG H TELOK KURAU,Resale,Strata,116,"13,966",-,Apartment,1,Freehold,15,Outside Central Region,01 to 05
MEYER MANSION,"4,718,888","1,496.2","3,154",May-25,MEYER ROAD,Sub Sale,Strata,139,"33,949",-,Apartment,1,Freehold,15,Rest of Central Region,11 to 15
VILLA MARINA,"2,100,000","1,506.96","1,394",May-25,JALAN SEMPADAN,Resale,Strata,140,"15,000",-,Condominium,1,99 yrs lease commencing from 1995,15,Outside Central Region,01 to 05
CRESCENDO PARK,"2,772,900","1,754.53","1,580",May-25,JALAN TUA KONG,Resale,Strata,163,"17,012",-,Condominium,1,Freehold,15,Outside Central Region,01 to 05
KING'S MANSION,"3,688,888","1,808.35","2,040",May-25,AMBER GARDENS,Resale,Strata,168,"21,958",-,Condominium,1,Freehold,15,Rest of Central Region,11 to 15
THE MEYERISE,"3,430,000","1,302.44","2,634",May-25,MEYER ROAD,Resale,Strata,121,"28,347",-,Condominium,1,Freehold,15,Rest of Central Region,11 to 15
38 I SUITES,"885,000",505.91,"1,749",May-25,IPOH LANE,Resale,Strata,47,"18,830",-,Apartment,1,Freehold,15,Rest of Central Region,06 to 10
SERAYA VILLE,"2,150,888","1,431.61","1,502",May-25,SERAYA LANE,Resale,Strata,133,"16,172",-,Apartment,1,Freehold,15,Rest of Central Region,01 to 05
VILLA MARINA,"2,010,000","1,377.79","1,459",May-25,JALAN SEMPADAN,Resale,Strata,128,"15,703",-,Condominium,1,99 yrs lease commencing from 1995,15,Outside Central Region,01 to 05
RIVEREDGE,"2,440,000","1,334.74","1,828",May-25,SAMPAN PLACE,Resale,Strata,124,"19,677",-,Condominium,1,99 yrs lease commencing from 2004,15,Rest of Central Region,01 to 05
GRAND DUNMAN,"2,576,000","1,054.87","2,442",May-25,DUNMAN ROAD,New Sale,Strata,98,"26,286",-,Apartment,1,99 yrs lease commencing from 2022,15,Rest of Central Region,01 to 05
GRAND DUNMAN,"2,756,000","1,162.51","2,371",May-25,DUNMAN ROAD,New Sale,Strata,108,"25,519",-,Apartment,1,99 yrs lease commencing from 2022,15,Rest of Central Region,16 to 20
TEMBUSU GRAND,"3,743,000","1,603.84","2,334",May-25,JALAN TEMBUSU,New Sale,Strata,149,"25,121",-,Condominium,1,99 yrs lease commencing from 2022,15,Rest of Central Region,16 to 20
THE CONTINUUM,"3,282,000","1,087.16","3,019",May-25,THIAM SIEW AVENUE,New Sale,Strata,101,"32,495",-,Apartment,1,Freehold,15,Rest of Central Region,11 to 15
PALM OASIS,"1,300,000",861.12,"1,510",May-25,LORONG H TELOK KURAU,Resale,Strata,80,"16,250",-,Apartment,1,Freehold,15,Outside Central Region,01 to 05
ONE MEYER,"2,738,000","1,033.34","2,650",May-25,MEYER PLACE,Resale,Strata,96,"28,521",-,Apartment,1,Freehold,15,Rest of Central Region,06 to 10
RESIDENTIAL APARTMENTS,"1,885,000","1,097.93","1,717",May-25,JOO CHIAT ROAD,Resale,Strata,102,"18,480",-,Apartment,1,Freehold,15,Rest of Central Region,01 to 05
SEVENTY SAINT PATRICK'S,"2,560,600","1,087.16","2,355",May-25,ST. PATRICK'S ROAD,Resale,Strata,101,"25,352",-,Condominium,1,Freehold,15,Outside Central Region,01 to 05
MANDARIN GARDENS,"1,080,000",828.83,"1,303",May-25,SIGLAP ROAD,Resale,Strata,77,"14,026",-,Condominium,1,99 yrs lease commencing from 1982,15,Outside Central Region,11 to 15
THE CONTINUUM,"3,353,000","1,087.16","3,084",May-25,THIAM SIEW AVENUE,New Sale,Strata,101,"33,198",-,Apartment,1,Freehold,15,Rest of Central Region,11 to 15
GRAND DUNMAN,"2,132,000",775.01,"2,751",May-25,DUNMAN ROAD,New Sale,Strata,72,"29,611",-,Apartment,1,99 yrs lease commencing from 2022,15,Rest of Central Region,16 to 20
MEYER BLUE,"3,781,000","1,140.98","3,314",May-25,MEYER ROAD,New Sale,Strata,106,"35,670",-,Apartment,1,Freehold,15,Rest of Central Region,21 to 25
HAIG COURT,"2,150,000","1,076.4","1,997",Apr-25,HAIG ROAD,Resale,Strata,100,"21,500",-,Condominium,1,Freehold,15,Rest of Central Region,11 to 15
THE WATERSIDE,"5,040,000","2,411.14","2,090",Apr-25,TANJONG RHU ROAD,Resale,Strata,224,"22,500",-,Condominium,1,Freehold,15,Rest of Central Region,06 to 10
CLAYDENCE,"1,847,100",785.77,"2,351",Apr-25,STILL ROAD,New Sale,Strata,73,"25,303",-,Apartment,1,Freehold,15,Rest of Central Region,01 to 05
LAGUNA PARK,"1,660,000","1,453.14","1,142",Apr-25,MARINE PARADE ROAD,Resale,Strata,135,"12,296",-,Apartment,1,99 yrs lease commencing from 1977,15,Outside Central Region,16 to 20
SERAYA 9,"1,295,000",775.01,"1,671",Apr-25,SERAYA LANE,Resale,Strata,72,"17,986",-,Apartment,1,Freehold,15,Rest of Central Region,01 to 05
SEASIDE RESIDENCES,"1,225,000",559.73,"2,189",Apr-25,SIGLAP LINK,Resale,Strata,52,"23,558",-,Apartment,1,99 yrs lease commencing from 2016,15,Outside Central Region,11 to 15
THE AMERY,"2,830,000","1,506.96","1,878",Apr-25,LORONG K TELOK KURAU,Resale,Strata,140,"20,214",-,Condominium,1,Freehold,15,Outside Central Region,01 to 05
AALTO,"3,780,000","1,442.38","2,621",Apr-25,MEYER ROAD,Resale,Strata,134,"28,209",-,Condominium,1,Freehold,15,Rest of Central Region,01 to 05
UNITED MANSION,"1,658,000","1,140.98","1,453",Apr-25,EAST COAST ROAD,Resale,Strata,106,"15,642",-,Apartment,1,Freehold,15,Outside Central Region,01 to 05
LAVERNE'S LOFT,"1,330,000","1,270.15","1,047",Apr-25,LORONG L TELOK KURAU,Resale,Strata,118,"11,271",-,Apartment,1,Freehold,15,Outside Central Region,01 to 05
PEBBLE BAY,"3,568,000","2,325.02","1,535",Apr-25,TANJONG RHU ROAD,Resale,Strata,216,"16,519",-,Condominium,1,99 yrs lease commencing from 1994,15,Rest of Central Region,01 to 05
SILVERSEA,"3,120,000","1,496.2","2,085",Apr-25,MARINE PARADE ROAD,Resale,Strata,139,"22,446",-,Condominium,1,99 yrs lease commencing from 2007,15,Rest of Central Region,06 to 10
NEPTUNE COURT,"1,200,000","1,270.15",945,Apr-25,MARINE VISTA,Resale,Strata,118,"10,169",-,Apartment,1,99 yrs lease commencing from 1976,15,Outside Central Region,01 to 05
DUNMAN VIEW,"1,930,000","1,323.97","1,458",Apr-25,HAIG ROAD,Resale,Strata,123,"15,691",-,Condominium,1,99 yrs lease commencing from 1997,15,Rest of Central Region,01 to 05
SANCTUARY GREEN,"1,460,000",839.59,"1,739",Apr-25,TANJONG RHU ROAD,Resale,Strata,78,"18,718",-,Condominium,1,99 yrs lease commencing from 1997,15,Rest of Central Region,01 to 05
PEACH GARDEN,"5,120,000","2,766.35","1,851",Apr-25,PEACH GARDEN,Resale,Strata,257,"19,922",-,Apartment,1,Freehold,15,Rest of Central Region,11 to 15
CASUARINA COVE,"2,380,000","1,528.49","1,557",Apr-25,TANJONG RHU ROAD,Resale,Strata,142,"16,761",-,Condominium,1,99 yrs lease commencing from 1993,15,Rest of Central Region,16 to 20
GRAND DUNMAN,"2,092,000",775.01,"2,699",Apr-25,DUNMAN ROAD,New Sale,Strata,72,"29,056",-,Apartment,1,99 yrs lease commencing from 2022,15,Rest of Central Region,01 to 05
THE CONTINUUM,"3,104,000","1,087.16","2,855",Apr-25,THIAM SIEW AVENUE,New Sale,Strata,101,"30,733",-,Apartment,1,Freehold,15,Rest of Central Region,01 to 05
GRAND DUNMAN,"2,644,000","1,054.87","2,506",Apr-25,DUNMAN ROAD,New Sale,Strata,98,"26,980",-,Apartment,1,99 yrs lease commencing from 2022,15,Rest of Central Region,01 to 05
CORALIS,"1,800,000",807.3,"2,230",Apr-25,JOO CHIAT ROAD,Resale,Strata,75,"24,000",-,Condominium,1,Freehold,15,Rest of Central Region,01 to 05
MARTIA RESIDENCE,"2,300,000","1,689.95","1,361",Apr-25,MARTIA ROAD,Resale,Strata,157,"14,650",-,Apartment,1,Freehold,15,Outside Central Region,01 to 05
THE WATERSIDE,"4,300,000","2,142.04","2,007",Apr-25,TANJONG RHU ROAD,Resale,Strata,199,"21,608",-,Condominium,1,Freehold,15,Rest of Central Region,16 to 20
ISUITES @ MARSHALL,"712,800",355.21,"2,007",Apr-25,MARSHALL ROAD,Resale,Strata,33,"21,600",-,Apartment,1,Freehold,15,Rest of Central Region,01 to 05
ONE AMBER,"3,200,000","1,377.79","2,323",Apr-25,AMBER GARDENS,Resale,Strata,128,"25,000",-,Condominium,1,Freehold,15,Rest of Central Region,06 to 10
HAIG 162,"718,000",365.98,"1,962",Apr-25,HAIG ROAD,Resale,Strata,34,"21,118",-,Apartment,1,Freehold,15,Rest of Central Region,11 to 15
THE WATERSIDE,"5,200,000","2,411.14","2,157",Apr-25,TANJONG RHU ROAD,Resale,Strata,224,"23,214",-,Condominium,1,Freehold,15,Rest of Central Region,11 to 15
ARDOR RESIDENCE,"3,809,520","1,517.72","2,510",Apr-25,HAIG ROAD,New Sale,Strata,141,"27,018",-,Apartment,1,Freehold,15,Rest of Central Region,01 to 05
SANCTUARY GREEN,"2,720,000","1,571.54","1,731",Apr-25,TANJONG RHU ROAD,Resale,Strata,146,"18,630",-,Condominium,1,99 yrs lease commencing from 1997,15,Rest of Central Region,11 to 15
RESIDENTIAL APARTMENTS,"1,950,000","1,011.82","1,927",Apr-25,STANGEE PLACE,Resale,Strata,94,"20,745",-,Apartment,1,Freehold,15,Rest of Central Region,01 to 05
FIVENINE,"2,180,000","1,302.44","1,674",Apr-25,LORONG K TELOK KURAU,Resale,Strata,121,"18,017",-,Apartment,1,Freehold,15,Outside Central Region,01 to 05
ONE AMBER,"2,818,800","1,259.39","2,238",Apr-25,AMBER GARDENS,Resale,Strata,117,"24,092",-,Condominium,1,Freehold,15,Rest of Central Region,01 to 05
AMBER RESIDENCES,"9,305,000","6,716.74","1,385",Apr-25,AMBER ROAD,Resale,Strata,624,"14,912",-,Condominium,1,Freehold,15,Rest of Central Region,21 to 25
THE CAPE,"1,210,000",581.26,"2,082",Apr-25,AMBER ROAD,Resale,Strata,54,"22,407",-,Apartment,1,Freehold,15,Rest of Central Region,06 to 10
SANCTUARY GREEN,"2,500,000","1,571.54","1,591",Apr-25,TANJONG RHU ROAD,Resale,Strata,146,"17,123",-,Condominium,1,99 yrs lease commencing from 1997,15,Rest of Central Region,01 to 05
ONE AMBER,"3,320,000","1,453.14","2,285",Apr-25,AMBER GARDENS,Resale,Strata,135,"24,593",-,Condominium,1,Freehold,15,Rest of Central Region,06 to 10
COSTA RHU,"2,200,000","1,334.74","1,648",Apr-25,RHU CROSS,Resale,Strata,124,"17,742",-,Condominium,1,99 yrs lease commencing from 1994,15,Rest of Central Region,06 to 10
THE ATRIA AT MEYER,"2,980,000","1,345.5","2,215",Apr-25,MEYER ROAD,Resale,Strata,125,"23,840",-,Condominium,1,Freehold,15,Rest of Central Region,01 to 05
THE MAKENA,"2,438,888","1,151.75","2,118",Apr-25,MEYER ROAD,Resale,Strata,107,"22,793",-,Condominium,1,Freehold,15,Rest of Central Region,16 to 20
EQUATORIAL APARTMENTS,"4,700,000","2,497.25","1,882",Apr-25,MEYER ROAD,Resale,Strata,232,"20,259",-,Apartment,1,Freehold,15,Rest of Central Region,01 to 05
HAWAII TOWER,"4,100,000","2,238.91","1,831",Apr-25,MEYER ROAD,Resale,Strata,208,"19,712",-,Condominium,1,Freehold,15,Rest of Central Region,06 to 10
MANDARIN GARDENS,"2,170,000","1,786.82","1,214",Apr-25,SIGLAP ROAD,Resale,Strata,166,"13,072",-,Condominium,1,99 yrs lease commencing from 1982,15,Outside Central Region,01 to 05
HERITAGE EAST,"1,780,000","1,280.92","1,390",Apr-25,EAST COAST ROAD,Resale,Strata,119,"14,958",-,Apartment,1,Freehold,15,Outside Central Region,01 to 05
GRAND DUNMAN,"3,783,000","1,431.61","2,642",Apr-25,DUNMAN ROAD,New Sale,Strata,133,"28,444",-,Apartment,1,99 yrs lease commencing from 2022,15,Rest of Central Region,01 to 05
GRAND DUNMAN,"3,384,000","1,291.68","2,620",Apr-25,DUNMAN ROAD,New Sale,Strata,120,"28,200",-,Apartment,1,99 yrs lease commencing from 2022,15,Rest of Central Region,11 to 15
GRAND DUNMAN,"2,107,000",775.01,"2,719",Apr-25,DUNMAN ROAD,New Sale,Strata,72,"29,264",-,Apartment,1,99 yrs lease commencing from 2022,15,Rest of Central Region,11 to 15
THE LUCENT,"809,000",473.62,"1,708",Apr-25,LORONG N TELOK KURAU,Resale,Strata,44,"18,386",-,Apartment,1,Freehold,15,Outside Central Region,01 to 05
TIVOLI GRANDE,"1,340,000",850.36,"1,576",Apr-25,KOON SENG ROAD,Resale,Strata,79,"16,962",-,Apartment,1,Freehold,15,Rest of Central Region,01 to 05
GRAND DUNMAN,"1,958,000",893.41,"2,192",Apr-25,DUNMAN ROAD,New Sale,Strata,83,"23,590",-,Apartment,1,99 yrs lease commencing from 2022,15,Rest of Central Region,16 to 20
THE WATERSIDE,"4,880,000","2,142.04","2,278",Apr-25,TANJONG RHU ROAD,Resale,Strata,199,"24,523",-,Condominium,1,Freehold,15,Rest of Central Region,06 to 10
SEASIDE RESIDENCES,"2,050,000",828.83,"2,473",Apr-25,SIGLAP LINK,Resale,Strata,77,"26,623",-,Apartment,1,99 yrs lease commencing from 2016,15,Outside Central Region,11 to 15
CASTLE LOFT,"1,760,000","1,173.28","1,500",Apr-25,LORONG K TELOK KURAU,Resale,Strata,109,"16,147",-,Apartment,1,Freehold,15,Outside Central Region,01 to 05
SEVENTY SAINT PATRICK'S,"1,600,000",731.95,"2,186",Apr-25,ST. PATRICK'S ROAD,Resale,Strata,68,"23,529",-,Condominium,1,Freehold,15,Outside Central Region,01 to 05
FLAMINGO VALLEY,"2,220,000","1,334.74","1,663",Apr-25,SIGLAP ROAD,Resale,Strata,124,"17,903",-,Condominium,1,Freehold,15,Outside Central Region,01 to 05
HERITAGE EAST,"758,000",441.32,"1,718",Apr-25,EAST COAST ROAD,Resale,Strata,41,"18,488",-,Apartment,1,Freehold,15,Outside Central Region,01 to 05
GRAND DUNMAN,"2,934,000","1,119.46","2,621",Apr-25,DUNMAN ROAD,New Sale,Strata,104,"28,212",-,Apartment,1,99 yrs lease commencing from 2022,15,Rest of Central Region,01 to 05
GRAND DUNMAN,"3,789,000","1,431.61","2,647",Apr-25,DUNMAN ROAD,New Sale,Strata,133,"28,489",-,Apartment,1,99 yrs lease commencing from 2022,15,Rest of Central Region,06 to 10
GALAXY TOWERS,"1,650,000","1,065.64","1,548",Apr-25,ONAN ROAD,Resale,Strata,99,"16,667",-,Apartment,1,Freehold,15,Rest of Central Region,16 to 20
LAGUNA PARK,"1,800,000","1,453.14","1,239",Apr-25,MARINE PARADE ROAD,Resale,Strata,135,"13,333",-,Apartment,1,99 yrs lease commencing from 1977,15,Outside Central Region,11 to 15
GRAND DUNMAN,"3,390,000","1,291.68","2,624",Apr-25,DUNMAN ROAD,New Sale,Strata,120,"28,250",-,Apartment,1,99 yrs lease commencing from 2022,15,Rest of Central Region,11 to 15
MARINE BLUE,"1,550,000",635.08,"2,441",Apr-25,MARINE PARADE ROAD,Resale,Strata,59,"26,271",-,Condominium,1,Freehold,15,Rest of Central Region,06 to 10
FERNWOOD TOWERS,"2,250,000","1,194.8","1,883",Apr-25,FERNWOOD TERRACE,Resale,Strata,111,"20,270",-,Condominium,1,Freehold,15,Outside Central Region,06 to 10
LA VIDA @ 130,"1,200,000",936.47,"1,281",Apr-25,LORONG K TELOK KURAU,Resale,Strata,87,"13,793",-,Apartment,1,Freehold,15,Outside Central Region,01 to 05
EAST PALM,"1,760,000","1,001.05","1,758",Apr-25,PALM ROAD,Resale,Strata,93,"18,925",-,Apartment,1,Freehold,15,Outside Central Region,01 to 05
STRAITS MANSIONS,"3,070,000","1,420.85","2,161",Apr-25,SEA AVENUE,Resale,Strata,132,"23,258",-,Apartment,1,Freehold,15,Rest of Central Region,01 to 05
AMBER 45,"1,900,000",731.95,"2,596",Apr-25,AMBER ROAD,Resale,Strata,68,"27,941",-,Apartment,1,Freehold,15,Rest of Central Region,11 to 15
MALVERN SPRINGS,"3,300,000","2,777.11","1,188",Apr-25,ONAN ROAD,Resale,Strata,258,"12,791",-,Condominium,1,Freehold,15,Rest of Central Region,01 to 05
THE MONTAGE,"1,143,000",635.08,"1,800",Apr-25,LORONG M TELOK KURAU,Resale,Strata,59,"19,373",-,Apartment,1,Freehold,15,Outside Central Region,01 to 05
NEPTUNE COURT,"1,520,000","1,636.13",929,Apr-25,MARINE VISTA,Resale,Strata,152,"10,000",-,Apartment,1,99 yrs lease commencing from 1975,15,Outside Central Region,01 to 05
MOUNTBATTEN SUITES,"908,888",699.66,"1,299",Apr-25,MOUNTBATTEN ROAD,Resale,Strata,65,"13,983",-,Apartment,1,Freehold,15,Rest of Central Region,B1 to B5
THE ESTA,"3,218,888","1,313.21","2,451",Apr-25,AMBER GARDENS,Resale,Strata,122,"26,384",-,Condominium,1,Freehold,15,Rest of Central Region,01 to 05
EMERALD EAST,"3,700,000","1,959.05","1,889",Apr-25,TANJONG RHU ROAD,Resale,Strata,182,"20,330",-,Apartment,1,Freehold,15,Rest of Central Region,11 to 15
THE CONTINUUM,"3,038,000","1,065.64","2,851",Apr-25,THIAM SIEW AVENUE,New Sale,Strata,99,"30,687",-,Apartment,1,Freehold,15,Rest of Central Region,06 to 10
THE CONTINUUM,"2,021,000",667.37,"3,028",Apr-25,THIAM SIEW AVENUE,New Sale,Strata,62,"32,597",-,Apartment,1,Freehold,15,Rest of Central Region,16 to 20
GRAND DUNMAN,"2,719,000","1,054.87","2,578",Apr-25,DUNMAN ROAD,New Sale,Strata,98,"27,745",-,Apartment,1,99 yrs lease commencing from 2022,15,Rest of Central Region,11 to 15
THE CONTINUUM,"3,524,000","1,270.15","2,774",Apr-25,THIAM SIEW AVENUE,New Sale,Strata,118,"29,864",-,Apartment,1,Freehold,15,Rest of Central Region,01 to 05
MANDARIN GARDENS,"1,128,888",828.83,"1,362",Apr-25,SIGLAP ROAD,Resale,Strata,77,"14,661",-,Condominium,1,99 yrs lease commencing from 1982,15,Outside Central Region,16 to 20
MAYFAIR RESIDENCES,"2,438,000","1,184.04","2,059",Apr-25,EAST COAST ROAD,Resale,Strata,110,"22,164",-,Apartment,1,Freehold,15,Outside Central Region,01 to 05
OLA RESIDENCES,"4,310,000","2,163.56","1,992",Apr-25,MOUNTBATTEN ROAD,Resale,Strata,201,"21,443",-,Condominium,1,Freehold,15,Rest of Central Region,01 to 05
COTE D'AZUR,"2,080,000","1,108.69","1,876",Apr-25,MARINE PARADE ROAD,Resale,Strata,103,"20,194",-,Condominium,1,99 yrs lease commencing from 2001,15,Rest of Central Region,16 to 20
COTE D'AZUR,"2,580,000","1,367.03","1,887",Apr-25,MARINE PARADE ROAD,Resale,Strata,127,"20,315",-,Condominium,1,99 yrs lease commencing from 2001,15,Rest of Central Region,01 to 05
SAPPHIRE COURT,"1,840,000","1,442.38","1,276",Apr-25,LORONG K TELOK KURAU,Resale,Strata,134,"13,731",-,Apartment,1,Freehold,15,Outside Central Region,01 to 05
SPRING @ KATONG,"2,088,888","1,097.93","1,903",Apr-25,CEYLON ROAD,Resale,Strata,102,"20,479",-,Apartment,1,Freehold,15,Rest of Central Region,01 to 05
91 MARSHALL,"688,000",376.74,"1,826",Apr-25,MARSHALL ROAD,Resale,Strata,35,"19,657",-,Apartment,1,Freehold,15,Rest of Central Region,01 to 05
THE ESTA,"3,260,000","1,313.21","2,482",Apr-25,AMBER GARDENS,Resale,Strata,122,"26,721",-,Condominium,1,Freehold,15,Rest of Central Region,16 to 20
COSTA RHU,"4,300,000","2,088.22","2,059",Apr-25,RHU CROSS,Resale,Strata,194,"22,165",-,Condominium,1,99 yrs lease commencing from 1994,15,Rest of Central Region,01 to 05
LAGUNA PARK,"1,898,000","1,453.14","1,306",Apr-25,MARINE PARADE ROAD,Resale,Strata,135,"14,059",-,Apartment,1,99 yrs lease commencing from 1977,15,Outside Central Region,21 to 25
CRYSTAL RHU,"2,800,000","1,280.92","2,186",Apr-25,TANJONG RHU ROAD,Resale,Strata,119,"23,529",-,Apartment,1,Freehold,15,Rest of Central Region,11 to 15
THE MAKENA,"3,250,000","1,636.13","1,986",Apr-25,MEYER ROAD,Resale,Strata,152,"21,382",-,Condominium,1,Freehold,15,Rest of Central Region,06 to 10
THE SEAFRONT ON MEYER,"4,208,000","1,603.84","2,624",Apr-25,MEYER ROAD,Resale,Strata,149,"28,242",-,Condominium,1,Freehold,15,Rest of Central Region,21 to 25
LAGUNA PARK,"1,900,000","1,614.6","1,177",Apr-25,MARINE PARADE ROAD,Resale,Strata,150,"12,667",-,Apartment,1,99 yrs lease commencing from 1977,15,Outside Central Region,16 to 20
PARADISE PALMS,"2,330,000","1,140.98","2,042",Apr-25,DUNMAN ROAD,Resale,Strata,106,"21,981",-,Apartment,1,Freehold,15,Rest of Central Region,06 to 10
JC RESIDENCE,"1,100,000",721.19,"1,525",Apr-25,JOO CHIAT LANE,Resale,Strata,67,"16,418",-,Apartment,1,Freehold,15,Rest of Central Region,01 to 05
NEPTUNE COURT,"1,340,000","1,270.15","1,055",Apr-25,MARINE VISTA,Resale,Strata,118,"11,356",-,Apartment,1,99 yrs lease commencing from 1976,15,Outside Central Region,11 to 15
EAST GALLERIA,"2,150,000","1,130.22","1,902",Apr-25,SEA AVENUE,Resale,Strata,105,"20,476",-,Apartment,1,Freehold,15,Rest of Central Region,01 to 05
THE MAKENA,"2,440,000","1,151.75","2,119",Apr-25,MEYER ROAD,Resale,Strata,107,"22,804",-,Condominium,1,Freehold,15,Rest of Central Region,16 to 20
EASTERN LAGOON,"2,180,800","1,377.79","1,583",Apr-25,UPPER EAST COAST ROAD,Resale,Strata,128,"17,038",-,Condominium,1,Freehold,15,Outside Central Region,06 to 10
POSHGROVE EAST,"1,238,000","1,130.22","1,095",Apr-25,EAST COAST ROAD,Resale,Strata,105,"11,790",-,Condominium,1,Freehold,15,Outside Central Region,01 to 05
AMBER RESIDENCES,"3,900,000","1,797.59","2,170",Apr-25,AMBER ROAD,Resale,Strata,167,"23,353",-,Condominium,1,Freehold,15,Rest of Central Region,11 to 15
TEMBUSU GRAND,"4,172,000","1,711.48","2,438",Apr-25,JALAN TEMBUSU,New Sale,Strata,159,"26,239",-,Condominium,1,99 yrs lease commencing from 2022,15,Rest of Central Region,11 to 15
MABELLE,"2,850,000","1,980.58","1,439",Apr-25,LORONG M TELOK KURAU,Resale,Strata,184,"15,489",-,Apartment,1,Freehold,15,Outside Central Region,01 to 05
THE CAPE,"1,238,000",613.55,"2,018",Apr-25,AMBER ROAD,Resale,Strata,57,"21,719",-,Apartment,1,Freehold,15,Rest of Central Region,06 to 10
TEMBELING COURT,"1,950,000","1,323.97","1,473",Apr-25,TEMBELING ROAD,Resale,Strata,123,"15,854",-,Apartment,1,Freehold,15,Rest of Central Region,01 to 05
MEIER SUITES,"3,800,000","1,797.59","2,114",Apr-25,MARGATE ROAD,Resale,Strata,167,"22,754",-,Condominium,1,Freehold,15,Rest of Central Region,11 to 15
PEBBLE BAY,"4,000,000","2,325.02","1,720",Apr-25,TANJONG RHU ROAD,Resale,Strata,216,"18,519",-,Condominium,1,99 yrs lease commencing from 1994,15,Rest of Central Region,01 to 05
THE CONTINUUM,"3,445,000","1,227.1","2,807",Apr-25,THIAM SIEW AVENUE,New Sale,Strata,114,"30,219",-,Apartment,1,Freehold,15,Rest of Central Region,06 to 10
NEPTUNE COURT,"1,725,000","1,636.13","1,054",Apr-25,MARINE VISTA,Resale,Strata,152,"11,349",-,Apartment,1,99 yrs lease commencing from 1975,15,Outside Central Region,11 to 15
TANJONG RIA CONDOMINIUM,"2,000,000","1,280.92","1,561",Apr-25,TANJONG RHU ROAD,Resale,Strata,119,"16,807",-,Condominium,1,99 yrs lease commencing from 1993,15,Rest of Central Region,06 to 10
THE SUNNIDORA,"1,420,000",871.88,"1,629",Apr-25,LORONG G TELOK KURAU,Resale,Strata,81,"17,531",-,Apartment,1,Freehold,15,Outside Central Region,01 to 05
THE SOUND,"2,260,000","1,065.64","2,121",Apr-25,EAST COAST ROAD,Resale,Strata,99,"22,828",-,Condominium,1,Freehold,15,Outside Central Region,01 to 05
AMBER PARK,"3,380,000","1,108.69","3,049",Apr-25,AMBER GARDENS,Resale,Strata,103,"32,816",-,Condominium,1,Freehold,15,Rest of Central Region,16 to 20
D' CASTILIA,"2,400,000","1,754.53","1,368",Apr-25,JOO CHIAT LANE,Resale,Strata,163,"14,724",-,Apartment,1,Freehold,15,Rest of Central Region,01 to 05
GRAND DUNMAN,"2,652,000","1,054.87","2,514",Apr-25,DUNMAN ROAD,New Sale,Strata,98,"27,061",-,Apartment,1,99 yrs lease commencing from 2022,15,Rest of Central Region,06 to 10
THE CONTINUUM,"3,828,000","1,270.15","3,014",Apr-25,THIAM SIEW AVENUE,New Sale,Strata,118,"32,441",-,Apartment,1,Freehold,15,Rest of Central Region,11 to 15
MEYER BLUE,"2,024,000",667.37,"3,033",Apr-25,MEYER ROAD,New Sale,Strata,62,"32,645",-,Apartment,1,Freehold,15,Rest of Central Region,01 to 05
GRAND DUNMAN,"3,532,000","1,474.67","2,395",Apr-25,DUNMAN ROAD,New Sale,Strata,137,"25,781",-,Apartment,1,99 yrs lease commencing from 2022,15,Rest of Central Region,11 to 15
THE CONTINUUM,"3,120,000","1,065.64","2,928",Apr-25,THIAM SIEW AVENUE,New Sale,Strata,99,"31,515",-,Apartment,1,Freehold,15,Rest of Central Region,11 to 15
AALTO,"3,638,000","1,550.02","2,347",Apr-25,MEYER ROAD,Resale,Strata,144,"25,264",-,Condominium,1,Freehold,15,Rest of Central Region,01 to 05
FORT GARDENS,"1,880,000",958,"1,962",Apr-25,FORT ROAD,Resale,Strata,89,"21,124",-,Condominium,1,Freehold,15,Rest of Central Region,01 to 05
CLAYDENCE,"3,085,000","1,313.21","2,349",Apr-25,STILL ROAD,New Sale,Strata,122,"25,287",-,Apartment,1,Freehold,15,Rest of Central Region,01 to 05
FINLAND GARDENS,"2,168,000","1,345.5","1,611",Apr-25,EAST COAST AVENUE,Resale,Strata,125,"17,344",-,Condominium,1,Freehold,15,Outside Central Region,01 to 05
SEASIDE RESIDENCES,"1,258,000",559.73,"2,248",Apr-25,SIGLAP LINK,Resale,Strata,52,"24,192",-,Apartment,1,99 yrs lease commencing from 2016,15,Outside Central Region,21 to 25
EIS RESIDENCES,"1,110,000",775.01,"1,432",Apr-25,HAIG AVENUE,Resale,Strata,72,"15,417",-,Apartment,1,Freehold,15,Rest of Central Region,01 to 05
THE CONTINUUM,"3,615,000","1,291.68","2,799",Apr-25,THIAM SIEW AVENUE,New Sale,Strata,120,"30,125",-,Apartment,1,Freehold,15,Rest of Central Region,01 to 05
PEBBLE BAY,"2,530,000","1,367.03","1,851",Apr-25,TANJONG RHU ROAD,Resale,Strata,127,"19,921",-,Condominium,1,99 yrs lease commencing from 1994,15,Rest of Central Region,01 to 05
PARADISE PALMS,"1,700,000",914.94,"1,858",Apr-25,DUNMAN ROAD,Resale,Strata,85,"20,000",-,Apartment,1,Freehold,15,Rest of Central Region,06 to 10
LAGUNA PARK,"1,900,000","1,614.6","1,177",Apr-25,MARINE PARADE ROAD,Resale,Strata,150,"12,667",-,Apartment,1,99 yrs lease commencing from 1977,15,Outside Central Region,01 to 05
WATER PLACE,"2,588,888","1,280.92","2,021",Apr-25,TANJONG RHU ROAD,Resale,Strata,119,"21,755",-,Condominium,1,99 yrs lease commencing from 1998,15,Rest of Central Region,11 to 15
THE WATERSIDE,"5,350,000","2,411.14","2,219",Apr-25,TANJONG RHU ROAD,Resale,Strata,224,"23,884",-,Condominium,1,Freehold,15,Rest of Central Region,06 to 10
EASTERN LAGOON,"2,280,000","1,377.79","1,655",Apr-25,UPPER EAST COAST ROAD,Resale,Strata,128,"17,813",-,Condominium,1,Freehold,15,Outside Central Region,16 to 20
THE SERENNO,"1,317,500",775.01,"1,700",Apr-25,HAIG ROAD,Resale,Strata,72,"18,299",-,Apartment,1,Freehold,15,Rest of Central Region,01 to 05
FORT GARDENS,"2,650,000","1,442.38","1,837",Apr-25,FORT ROAD,Resale,Strata,134,"19,776",-,Condominium,1,Freehold,15,Rest of Central Region,01 to 05
THE SEAFRONT ON MEYER,"5,520,000","2,314.26","2,385",Apr-25,MEYER ROAD,Resale,Strata,215,"25,674",-,Condominium,1,Freehold,15,Rest of Central Region,16 to 20
SEASIDE RESIDENCES,"1,255,000",559.73,"2,242",Apr-25,SIGLAP LINK,Resale,Strata,52,"24,135",-,Apartment,1,99 yrs lease commencing from 2016,15,Outside Central Region,01 to 05
CHAPEL LODGE,"2,600,000","1,528.49","1,701",Apr-25,LORONG STANGEE,Resale,Strata,142,"18,310",-,Condominium,1,Freehold,15,Rest of Central Region,-
LAGOON VIEW,"1,700,000","1,646.89","1,032",Apr-25,MARINE PARADE ROAD,Resale,Strata,153,"11,111",-,Apartment,1,99 yrs lease commencing from 1977,15,Outside Central Region,11 to 15
GRAND DUNMAN,"3,287,000","1,291.68","2,545",Apr-25,DUNMAN ROAD,New Sale,Strata,120,"27,392",-,Apartment,1,99 yrs lease commencing from 2022,15,Rest of Central Region,01 to 05
COSTA RHU,"4,725,017","2,217.38","2,131",Apr-25,RHU CROSS,Resale,Strata,206,"22,937",-,Condominium,1,99 yrs lease commencing from 1994,15,Rest of Central Region,11 to 15
COSTA RHU,"2,100,000","1,399.32","1,501",Apr-25,RHU CROSS,Resale,Strata,130,"16,154",-,Condominium,1,99 yrs lease commencing from 1994,15,Rest of Central Region,06 to 10
THE ESTA,"3,300,000","1,345.5","2,453",Apr-25,AMBER GARDENS,Resale,Strata,125,"26,400",-,Condominium,1,Freehold,15,Rest of Central Region,16 to 20
EASTERN LAGOON,"3,480,000","2,023.63","1,720",Apr-25,UPPER EAST COAST ROAD,Resale,Strata,188,"18,511",-,Condominium,1,Freehold,15,Outside Central Region,01 to 05
THE CONTINUUM,"3,153,000","1,087.16","2,900",Apr-25,THIAM SIEW AVENUE,New Sale,Strata,101,"31,218",-,Apartment,1,Freehold,15,Rest of Central Region,11 to 15
SEASIDE RESIDENCES,"1,980,000",785.77,"2,520",Apr-25,SIGLAP LINK,Resale,Strata,73,"27,123",-,Apartment,1,99 yrs lease commencing from 2016,15,Outside Central Region,11 to 15
THE CONTINUUM,"3,843,000","1,270.15","3,026",Apr-25,THIAM SIEW AVENUE,New Sale,Strata,118,"32,568",-,Apartment,1,Freehold,15,Rest of Central Region,16 to 20
THE CONTINUUM,"3,780,000","1,270.15","2,976",Apr-25,THIAM SIEW AVENUE,New Sale,Strata,118,"32,034",-,Apartment,1,Freehold,15,Rest of Central Region,11 to 15
DUNMAN VIEW,"2,180,000","1,334.74","1,633",Apr-25,HAIG ROAD,Resale,Strata,124,"17,581",-,Condominium,1,99 yrs lease commencing from 1997,15,Rest of Central Region,11 to 15
PALM VISTA,"1,468,000",861.12,"1,705",Apr-25,LORONG G TELOK KURAU,Resale,Strata,80,"18,350",-,Apartment,1,Freehold,15,Outside Central Region,01 to 05
SEASIDE RESIDENCES,"1,295,000",592.02,"2,187",Apr-25,SIGLAP LINK,Resale,Strata,55,"23,545",-,Apartment,1,99 yrs lease commencing from 2016,15,Outside Central Region,16 to 20
THE SEAWIND,"1,240,000",656.6,"1,889",Apr-25,LORONG M TELOK KURAU,Resale,Strata,61,"20,328",-,Condominium,1,Freehold,15,Outside Central Region,01 to 05
THE CONTINUUM,"3,796,000","1,270.15","2,989",Mar-25,THIAM SIEW AVENUE,New Sale,Strata,118,"32,169",-,Apartment,1,Freehold,15,Rest of Central Region,11 to 15
SANCTUARY GREEN,"2,300,000","1,485.43","1,548",Mar-25,TANJONG RHU ROAD,Resale,Strata,138,"16,667",-,Condominium,1,99 yrs lease commencing from 1997,15,Rest of Central Region,01 to 05
FULCRUM,"1,850,000",828.83,"2,232",Mar-25,FORT ROAD,Resale,Strata,77,"24,026",-,Condominium,1,Freehold,15,Rest of Central Region,16 to 20
SEASIDE RESIDENCES,"2,750,000","1,087.16","2,530",Mar-25,SIGLAP LINK,Resale,Strata,101,"27,228",-,Apartment,1,99 yrs lease commencing from 2016,15,Outside Central Region,16 to 20
HAIG COURT,"2,875,000","1,399.32","2,055",Mar-25,HAIG ROAD,Resale,Strata,130,"22,115",-,Condominium,1,Freehold,15,Rest of Central Region,01 to 05
HERITAGE EAST,"670,000",344.45,"1,945",Mar-25,EAST COAST ROAD,Resale,Strata,32,"20,938",-,Apartment,1,Freehold,15,Outside Central Region,01 to 05
CRESCENDO PARK,"2,308,000","1,442.38","1,600",Mar-25,JALAN TUA KONG,Resale,Strata,134,"17,224",-,Condominium,1,Freehold,15,Outside Central Region,01 to 05
KING'S MANSION,"4,830,000","2,734.06","1,767",Mar-25,AMBER ROAD,Resale,Strata,254,"19,016",-,Condominium,1,Freehold,15,Rest of Central Region,01 to 05
MARINE BLUE,"1,650,000",731.95,"2,254",Mar-25,MARINE PARADE ROAD,Resale,Strata,68,"24,265",-,Condominium,1,Freehold,15,Rest of Central Region,06 to 10
SEASIDE RESIDENCES,"2,416,000","1,022.58","2,363",Mar-25,SIGLAP LINK,Resale,Strata,95,"25,432",-,Apartment,1,99 yrs lease commencing from 2016,15,Outside Central Region,11 to 15
THE CONTINUUM,"3,804,000","1,291.68","2,945",Mar-25,THIAM SIEW AVENUE,New Sale,Strata,120,"31,700",-,Apartment,1,Freehold,15,Rest of Central Region,11 to 15
ARTHUR 118,"2,420,000","1,001.05","2,417",Mar-25,ARTHUR ROAD,Resale,Strata,93,"26,022",-,Apartment,1,Freehold,15,Rest of Central Region,11 to 15
MARGATE POINT,"2,550,000","1,280.92","1,991",Mar-25,MARGATE ROAD,Resale,Strata,119,"21,429",-,Apartment,1,Freehold,15,Rest of Central Region,01 to 05
THE CONTINUUM,"5,052,960","1,689.95","2,990",Mar-25,THIAM SIEW AVENUE,New Sale,Strata,157,"32,184",-,Apartment,1,Freehold,15,Rest of Central Region,11 to 15
AMBER SKYE,"2,450,000",990.29,"2,474",Mar-25,AMBER ROAD,Resale,Strata,92,"26,630",-,Apartment,1,Freehold,15,Rest of Central Region,06 to 10
833 M B RESIDENCES,"898,000",538.2,"1,669",Mar-25,MOUNTBATTEN ROAD,Resale,Strata,50,"17,960",-,Apartment,1,Freehold,15,Rest of Central Region,01 to 05
COTE D'AZUR,"2,150,000","1,151.75","1,867",Mar-25,MARINE PARADE ROAD,Resale,Strata,107,"20,093",-,Condominium,1,99 yrs lease commencing from 2001,15,Rest of Central Region,21 to 25
THE CONTINUUM,"3,024,000","1,065.64","2,838",Mar-25,THIAM SIEW AVENUE,New Sale,Strata,99,"30,545",-,Apartment,1,Freehold,15,Rest of Central Region,06 to 10
THE MAKENA,"3,910,000","1,743.77","2,242",Mar-25,MEYER ROAD,Resale,Strata,162,"24,136",-,Condominium,1,Freehold,15,Rest of Central Region,16 to 20
GRAND DUNMAN,"3,824,000","1,474.67","2,593",Mar-25,DUNMAN ROAD,New Sale,Strata,137,"27,912",-,Apartment,1,99 yrs lease commencing from 2022,15,Rest of Central Region,11 to 15
AMBER RESIDENCES,"2,620,000","1,162.51","2,254",Mar-25,AMBER ROAD,Resale,Strata,108,"24,259",-,Condominium,1,Freehold,15,Rest of Central Region,16 to 20
AMBER RESIDENCES,"2,670,000","1,248.62","2,138",Mar-25,AMBER ROAD,Resale,Strata,116,"23,017",-,Condominium,1,Freehold,15,Rest of Central Region,16 to 20
THE CONTINUUM,"2,012,000",667.37,"3,015",Mar-25,THIAM SIEW AVENUE,New Sale,Strata,62,"32,452",-,Apartment,1,Freehold,15,Rest of Central Region,16 to 20
FLAMINGO VALLEY,"3,080,000","1,636.13","1,882",Mar-25,SIGLAP ROAD,Resale,Strata,152,"20,263",-,Condominium,1,Freehold,15,Outside Central Region,01 to 05
MEYER BLUE,"4,786,000","1,528.49","3,131",Mar-25,MEYER ROAD,New Sale,Strata,142,"33,704",-,Apartment,1,Freehold,15,Rest of Central Region,11 to 15
CHELSEA LODGE,"1,908,000","1,237.86","1,541",Mar-25,TANJONG KATONG ROAD,Resale,Strata,115,"16,591",-,Apartment,1,Freehold,15,Rest of Central Region,01 to 05
MEYER RESIDENCE,"2,088,000",904.18,"2,309",Mar-25,MEYER PLACE,Resale,Strata,84,"24,857",-,Apartment,1,Freehold,15,Rest of Central Region,01 to 05
EAST SIGNATURE,"1,800,000","1,011.82","1,779",Mar-25,ELLIOT WALK,Resale,Strata,94,"19,149",-,Apartment,1,Freehold,15,Outside Central Region,01 to 05
MANDARIN GARDENS,"990,000",731.95,"1,353",Mar-25,SIGLAP ROAD,Resale,Strata,68,"14,559",-,Condominium,1,99 yrs lease commencing from 1982,15,Outside Central Region,16 to 20
THE DOMAIN,"2,280,000","1,399.32","1,629",Mar-25,EAST COAST ROAD,Resale,Strata,130,"17,538",-,Apartment,1,Freehold,15,Outside Central Region,01 to 05
AURA 83,"1,350,000",775.01,"1,742",Mar-25,DUKU ROAD,Resale,Strata,72,"18,750",-,Apartment,1,Freehold,15,Rest of Central Region,01 to 05
TEMBUSU GRAND,"4,244,000","1,711.48","2,480",Mar-25,JALAN TEMBUSU,New Sale,Strata,159,"26,692",-,Condominium,1,99 yrs lease commencing from 2022,15,Rest of Central Region,16 to 20
THE SEA VIEW,"3,180,000","1,216.33","2,614",Mar-25,AMBER ROAD,Resale,Strata,113,"28,142",-,Condominium,1,Freehold,15,Rest of Central Region,06 to 10
MANDARIN GARDENS,"1,048,000",828.83,"1,264",Mar-25,SIGLAP ROAD,Resale,Strata,77,"13,610",-,Condominium,1,99 yrs lease commencing from 1982,15,Outside Central Region,16 to 20
RIVEREDGE,"2,500,000","1,593.07","1,569",Mar-25,SAMPAN PLACE,Resale,Strata,148,"16,892",-,Condominium,1,99 yrs lease commencing from 2004,15,Rest of Central Region,06 to 10
COASTARINA,"1,820,000","1,011.82","1,799",Mar-25,EAST COAST ROAD,Resale,Strata,94,"19,362",-,Apartment,1,Freehold,15,Outside Central Region,01 to 05
SEASIDE RESIDENCES,"950,000",419.8,"2,263",Mar-25,SIGLAP LINK,Resale,Strata,39,"24,359",-,Apartment,1,99 yrs lease commencing from 2016,15,Outside Central Region,06 to 10
MARINE MEADOWS,"3,025,000","1,689.95","1,790",Mar-25,MARINE PARADE,Resale,Strata,157,"19,268",-,Apartment,1,Freehold,15,Rest of Central Region,01 to 05
SANCTUARY GREEN,"1,400,000",785.77,"1,782",Mar-25,TANJONG RHU ROAD,Resale,Strata,73,"19,178",-,Condominium,1,99 yrs lease commencing from 1997,15,Rest of Central Region,01 to 05
LAGOON VIEW,"1,970,000","1,646.89","1,196",Mar-25,MARINE PARADE ROAD,Resale,Strata,153,"12,876",-,Apartment,1,99 yrs lease commencing from 1977,15,Outside Central Region,21 to 25
THE ESPIRA,"1,700,000","1,054.87","1,612",Mar-25,LORONG L TELOK KURAU,Resale,Strata,98,"17,347",-,Apartment,1,Freehold,15,Outside Central Region,01 to 05
CENTRINA,"1,100,000",721.19,"1,525",Mar-25,EVERITT ROAD NORTH,Resale,Strata,67,"16,418",-,Apartment,1,Freehold,15,Rest of Central Region,01 to 05
PEBBLE BAY,"3,720,000","1,894.46","1,964",Mar-25,TANJONG RHU ROAD,Resale,Strata,176,"21,136",-,Condominium,1,99 yrs lease commencing from 1994,15,Rest of Central Region,11 to 15
NEPTUNE COURT,"1,480,000","1,270.15","1,165",Mar-25,MARINE VISTA,Resale,Strata,118,"12,542",-,Apartment,1,99 yrs lease commencing from 1976,15,Outside Central Region,16 to 20
CUBIK,"828,000",484.38,"1,709",Mar-25,LORONG K TELOK KURAU,Resale,Strata,45,"18,400",-,Apartment,1,Freehold,15,Outside Central Region,01 to 05
ARTHUR 118,"2,000,000","1,216.33","1,644",Mar-25,ARTHUR ROAD,Resale,Strata,113,"17,699",-,Apartment,1,Freehold,15,Rest of Central Region,01 to 05
ELLIOT AT THE EAST COAST,"1,870,000",990.29,"1,888",Mar-25,ELLIOT ROAD,Resale,Strata,92,"20,326",-,Condominium,1,Freehold,15,Outside Central Region,01 to 05
THE COTZ,"760,000",452.09,"1,681",Mar-25,TELOK KURAU ROAD,Resale,Strata,42,"18,095",-,Apartment,1,Freehold,15,Outside Central Region,01 to 05
COTE D'AZUR,"3,180,000","1,539.25","2,066",Mar-25,MARINE PARADE ROAD,Resale,Strata,143,"22,238",-,Condominium,1,99 yrs lease commencing from 2001,15,Rest of Central Region,11 to 15
MEYER BLUE,"3,014,000",990.29,"3,044",Mar-25,MEYER ROAD,New Sale,Strata,92,"32,761",-,Apartment,1,Freehold,15,Rest of Central Region,01 to 05
MEYER BLUE,"3,054,000",990.29,"3,084",Mar-25,MEYER ROAD,New Sale,Strata,92,"33,196",-,Apartment,1,Freehold,15,Rest of Central Region,06 to 10
ROYAL HALLMARK,"3,400,000","1,711.48","1,987",Mar-25,HAIG LANE,Sub Sale,Strata,159,"21,384",-,Apartment,1,Freehold,15,Rest of Central Region,01 to 05
EASTSIDE LOFT,"2,150,000","1,216.33","1,768",Mar-25,TANJONG KATONG ROAD,Resale,Strata,113,"19,027",-,Apartment,1,Freehold,15,Rest of Central Region,01 to 05
TIVOLI GRANDE,"2,110,000","1,528.49","1,380",Mar-25,KOON SENG ROAD,Resale,Strata,142,"14,859",-,Apartment,1,Freehold,15,Rest of Central Region,01 to 05
GRAND DUNMAN,"2,657,000","1,054.87","2,519",Mar-25,DUNMAN ROAD,New Sale,Strata,98,"27,112",-,Apartment,1,99 yrs lease commencing from 2022,15,Rest of Central Region,06 to 10
VERDOR RESIDENCES,"1,250,000",731.95,"1,708",Mar-25,JOO CHIAT TERRACE,Resale,Strata,68,"18,382",-,Apartment,1,Freehold,15,Rest of Central Region,01 to 05
THE ESTA,"3,460,000","1,474.67","2,346",Mar-25,AMBER GARDENS,Resale,Strata,137,"25,255",-,Condominium,1,Freehold,15,Rest of Central Region,16 to 20
THE CONTINUUM,"3,836,000","1,291.68","2,970",Mar-25,THIAM SIEW AVENUE,New Sale,Strata,120,"31,967",-,Apartment,1,Freehold,15,Rest of Central Region,16 to 20
MEYER BLUE,"2,014,000",667.37,"3,018",Mar-25,MEYER ROAD,New Sale,Strata,62,"32,484",-,Apartment,1,Freehold,15,Rest of Central Region,01 to 05
TANJONG RIA CONDOMINIUM,"2,335,000","1,377.79","1,695",Mar-25,TANJONG RHU ROAD,Resale,Strata,128,"18,242",-,Condominium,1,99 yrs lease commencing from 1993,15,Rest of Central Region,16 to 20
MANDARIN GARDENS,"2,200,000","1,786.82","1,231",Mar-25,SIGLAP ROAD,Resale,Strata,166,"13,253",-,Condominium,1,99 yrs lease commencing from 1982,15,Outside Central Region,06 to 10
LAGUNA PARK,"1,830,000","1,453.14","1,259",Mar-25,MARINE PARADE ROAD,Resale,Strata,135,"13,556",-,Apartment,1,99 yrs lease commencing from 1977,15,Outside Central Region,16 to 20
38 I SUITES,"910,000",505.91,"1,799",Mar-25,IPOH LANE,Resale,Strata,47,"19,362",-,Apartment,1,Freehold,15,Rest of Central Region,11 to 15
GRAND DUNMAN,"2,707,000","1,054.87","2,566",Mar-25,DUNMAN ROAD,New Sale,Strata,98,"27,622",-,Apartment,1,99 yrs lease commencing from 2022,15,Rest of Central Region,11 to 15
THE CONTINUUM,"1,954,000",645.84,"3,026",Mar-25,THIAM SIEW AVENUE,New Sale,Strata,60,"32,567",-,Apartment,1,Freehold,15,Rest of Central Region,16 to 20
ONE @ PULASAN,"1,830,000","1,302.44","1,405",Mar-25,PULASAN ROAD,Resale,Strata,121,"15,124",-,Apartment,1,Freehold,15,Rest of Central Region,01 to 05
THE SHORE RESIDENCES,"2,660,000","1,291.68","2,059",Mar-25,AMBER ROAD,Resale,Strata,120,"22,167",-,Condominium,1,103 yrs lease commencing from 2009,15,Rest of Central Region,01 to 05
THE WATERSIDE,"4,200,000","2,142.04","1,961",Mar-25,TANJONG RHU ROAD,Resale,Strata,199,"21,106",-,Condominium,1,Freehold,15,Rest of Central Region,01 to 05
THE MEYERISE,"2,310,000",871.88,"2,649",Mar-25,MEYER ROAD,Resale,Strata,81,"28,519",-,Condominium,1,Freehold,15,Rest of Central Region,06 to 10
CHELSEA LODGE,"1,500,000",958,"1,566",Mar-25,TANJONG KATONG ROAD,Resale,Strata,89,"16,854",-,Apartment,1,Freehold,15,Rest of Central Region,01 to 05
STUDIOS@TEMBELING,"1,160,000",656.6,"1,767",Mar-25,TEMBELING ROAD,Resale,Strata,61,"19,016",-,Apartment,1,Freehold,15,Rest of Central Region,01 to 05
HAWAII TOWER,"4,350,000","2,238.91","1,943",Mar-25,MEYER ROAD,Resale,Strata,208,"20,913",-,Condominium,1,Freehold,15,Rest of Central Region,16 to 20
THE GLACIER,"2,150,000","1,356.26","1,585",Mar-25,JOO CHIAT PLACE,Resale,Strata,126,"17,063",-,Apartment,1,Freehold,15,Outside Central Region,01 to 05
AMBER PARK,"2,180,000",742.72,"2,935",Mar-25,AMBER GARDENS,Resale,Strata,69,"31,594",-,Condominium,1,Freehold,15,Rest of Central Region,06 to 10
EAST MEWS,"1,800,000","1,108.69","1,624",Mar-25,MOUNTBATTEN ROAD,Resale,Strata,103,"17,476",-,Apartment,1,Freehold,15,Rest of Central Region,01 to 05
VENTURA VIEW,"1,660,000","1,205.57","1,377",Mar-25,RAMBUTAN ROAD,Resale,Strata,112,"14,821",-,Apartment,1,Freehold,15,Rest of Central Region,01 to 05
SYCAMORE TREE,"700,000",344.45,"2,032",Mar-25,FOWLIE ROAD,Resale,Strata,32,"21,875",-,Apartment,1,Freehold,15,Rest of Central Region,01 to 05
THE SHORE RESIDENCES,"1,070,000",592.02,"1,807",Mar-25,AMBER ROAD,Resale,Strata,55,"19,455",-,Condominium,1,103 yrs lease commencing from 2009,15,Rest of Central Region,06 to 10
PEBBLE BAY,"1,610,000",947.23,"1,700",Mar-25,TANJONG RHU ROAD,Resale,Strata,88,"18,295",-,Condominium,1,99 yrs lease commencing from 1994,15,Rest of Central Region,06 to 10
SUNSHINE LOFT,"662,000",365.98,"1,809",Mar-25,LORONG L TELOK KURAU,Resale,Strata,34,"19,471",-,Apartment,1,Freehold,15,Outside Central Region,01 to 05
THE CONTINUUM,"2,021,000",667.37,"3,028",Mar-25,THIAM SIEW AVENUE,New Sale,Strata,62,"32,597",-,Apartment,1,Freehold,15,Rest of Central Region,16 to 20
MEYER BLUE,"3,068,000",990.29,"3,098",Mar-25,MEYER ROAD,New Sale,Strata,92,"33,348",-,Apartment,1,Freehold,15,Rest of Central Region,06 to 10
MEYER BLUE,"4,883,000","1,528.49","3,195",Mar-25,MEYER ROAD,New Sale,Strata,142,"34,387",-,Apartment,1,Freehold,15,Rest of Central Region,11 to 15
EASTBAY,"1,120,000",624.31,"1,794",Mar-25,TAY LIAN TECK ROAD,Resale,Strata,58,"19,310",-,Apartment,1,Freehold,15,Outside Central Region,01 to 05
THE CONTINUUM,"2,542,000",947.23,"2,684",Mar-25,THIAM SIEW AVENUE,New Sale,Strata,88,"28,886",-,Apartment,1,Freehold,15,Rest of Central Region,01 to 05
THE CAPE,"2,100,000",968.76,"2,168",Mar-25,AMBER ROAD,Resale,Strata,90,"23,333",-,Apartment,1,Freehold,15,Rest of Central Region,11 to 15
THE SOUND,"2,260,000","1,140.98","1,981",Mar-25,EAST COAST ROAD,Resale,Strata,106,"21,321",-,Condominium,1,Freehold,15,Outside Central Region,01 to 05
THE MAKENA,"3,420,000","1,582.31","2,161",Mar-25,MEYER ROAD,Resale,Strata,147,"23,265",-,Condominium,1,Freehold,15,Rest of Central Region,11 to 15
COTE D'AZUR,"2,050,000","1,108.69","1,849",Mar-25,MARINE PARADE ROAD,Resale,Strata,103,"19,903",-,Condominium,1,99 yrs lease commencing from 2001,15,Rest of Central Region,01 to 05
K SUITES,"1,875,000",796.54,"2,354",Mar-25,LORONG K TELOK KURAU,New Sale,Strata,74,"25,338",-,Apartment,1,Freehold,15,Outside Central Region,01 to 05
THE SHORE RESIDENCES,"1,850,000",871.88,"2,122",Mar-25,AMBER ROAD,Resale,Strata,81,"22,840",-,Condominium,1,103 yrs lease commencing from 2009,15,Rest of Central Region,11 to 15
TEMBUSU GRAND,"4,196,000","1,711.48","2,452",Mar-25,JALAN TEMBUSU,New Sale,Strata,159,"26,390",-,Condominium,1,99 yrs lease commencing from 2022,15,Rest of Central Region,11 to 15
38 I SUITES,"1,240,000",688.9,"1,800",Mar-25,IPOH LANE,Resale,Strata,64,"19,375",-,Apartment,1,Freehold,15,Rest of Central Region,06 to 10
AMBER PARK,"1,300,000",462.85,"2,809",Mar-25,AMBER GARDENS,Resale,Strata,43,"30,233",-,Condominium,1,Freehold,15,Rest of Central Region,11 to 15
CASUARINA COVE,"2,460,000","1,593.07","1,544",Mar-25,TANJONG RHU ROAD,Resale,Strata,148,"16,622",-,Condominium,1,99 yrs lease commencing from 1993,15,Rest of Central Region,06 to 10
CORALIS,"2,688,888","1,227.1","2,191",Mar-25,JOO CHIAT ROAD,Resale,Strata,114,"23,587",-,Condominium,1,Freehold,15,Rest of Central Region,01 to 05
PARKSHORE,"2,900,000","1,367.03","2,121",Mar-25,TANJONG RHU ROAD,Resale,Strata,127,"22,835",-,Condominium,1,Freehold,15,Rest of Central Region,01 to 05
RIVEREDGE,"2,628,000","1,334.74","1,969",Mar-25,SAMPAN PLACE,Resale,Strata,124,"21,194",-,Condominium,1,99 yrs lease commencing from 2004,15,Rest of Central Region,11 to 15
THE CONTINUUM,"3,641,500","1,248.62","2,916",Mar-25,THIAM SIEW AVENUE,New Sale,Strata,116,"31,392",-,Apartment,1,Freehold,15,Rest of Central Region,06 to 10
THE CONTINUUM,"3,828,000","1,270.15","3,014",Mar-25,THIAM SIEW AVENUE,New Sale,Strata,118,"32,441",-,Apartment,1,Freehold,15,Rest of Central Region,11 to 15
MEYER BLUE,"3,080,000",990.29,"3,110",Mar-25,MEYER ROAD,New Sale,Strata,92,"33,478",-,Apartment,1,Freehold,15,Rest of Central Region,06 to 10
MEYER BLUE,"2,045,000",667.37,"3,064",Mar-25,MEYER ROAD,New Sale,Strata,62,"32,984",-,Apartment,1,Freehold,15,Rest of Central Region,01 to 05
GRAND DUNMAN,"2,738,000","1,162.51","2,355",Mar-25,DUNMAN ROAD,New Sale,Strata,108,"25,352",-,Apartment,1,99 yrs lease commencing from 2022,15,Rest of Central Region,16 to 20
THE ESTA,"2,770,000","1,173.28","2,361",Mar-25,AMBER GARDENS,Resale,Strata,109,"25,413",-,Condominium,1,Freehold,15,Rest of Central Region,06 to 10
LAGUNA PARK,"2,000,000","1,614.6","1,239",Mar-25,MARINE PARADE ROAD,Resale,Strata,150,"13,333",-,Apartment,1,99 yrs lease commencing from 1977,15,Outside Central Region,06 to 10
LAGUNA PARK,"1,730,000","1,614.6","1,071",Mar-25,MARINE PARADE ROAD,Resale,Strata,150,"11,533",-,Apartment,1,99 yrs lease commencing from 1977,15,Outside Central Region,01 to 05
THE MINT RESIDENCES,"2,638,000","1,926.76","1,369",Mar-25,JOO CHIAT TERRACE,Resale,Strata,179,"14,737",-,Apartment,1,Freehold,15,Rest of Central Region,01 to 05
WATER PLACE,"2,100,000","1,216.33","1,727",Mar-25,TANJONG RHU ROAD,Resale,Strata,113,"18,584",-,Condominium,1,99 yrs lease commencing from 1998,15,Rest of Central Region,01 to 05
RESIDENTIAL APARTMENTS,"2,102,000","1,227.1","1,713",Mar-25,JOO CHIAT ROAD,Resale,Strata,114,"18,439",-,Apartment,1,Freehold,15,Rest of Central Region,01 to 05
THE MAKENA,"2,800,000","1,668.42","1,678",Mar-25,MEYER ROAD,Resale,Strata,155,"18,065",-,Condominium,1,Freehold,15,Rest of Central Region,01 to 05
THE CONTINUUM,"3,388,000","1,227.1","2,761",Mar-25,THIAM SIEW AVENUE,New Sale,Strata,114,"29,719",-,Apartment,1,Freehold,15,Rest of Central Region,01 to 05
THE MEYERISE,"3,200,000","1,270.15","2,519",Mar-25,MEYER ROAD,Resale,Strata,118,"27,119",-,Condominium,1,Freehold,15,Rest of Central Region,26 to 30
SANCTUARY GREEN,"2,700,000","1,711.48","1,578",Mar-25,TANJONG RHU ROAD,Resale,Strata,159,"16,981",-,Condominium,1,99 yrs lease commencing from 1997,15,Rest of Central Region,01 to 05
NEPTUNE COURT,"1,310,000","1,270.15","1,031",Mar-25,MARINE VISTA,Resale,Strata,118,"11,102",-,Apartment,1,99 yrs lease commencing from 1976,15,Outside Central Region,06 to 10
MANDARIN GARDENS,"1,078,000",828.83,"1,301",Mar-25,SIGLAP ROAD,Resale,Strata,77,"14,000",-,Condominium,1,99 yrs lease commencing from 1982,15,Outside Central Region,21 to 25
COTE D'AZUR,"2,060,000","1,140.98","1,805",Mar-25,MARINE PARADE ROAD,Resale,Strata,106,"19,434",-,Condominium,1,99 yrs lease commencing from 2001,15,Rest of Central Region,11 to 15
AQUENE,"1,350,000",753.48,"1,792",Mar-25,LORONG BANDANG,Resale,Strata,70,"19,286",-,Apartment,1,Freehold,15,Outside Central Region,01 to 05
THE SEA VIEW,"3,822,000","1,410.08","2,710",Mar-25,AMBER ROAD,Resale,Strata,131,"29,176",-,Condominium,1,Freehold,15,Rest of Central Region,16 to 20
KOON SENG HOUSE,"2,847,690","1,216.33","2,341",Mar-25,KOON SENG ROAD,New Sale,Strata,113,"25,201",-,Apartment,1,Freehold,15,Rest of Central Region,01 to 05
VIBES @ EAST COAST,"710,000",398.27,"1,783",Mar-25,TELOK KURAU ROAD,Resale,Strata,37,"19,189",-,Apartment,1,Freehold,15,Outside Central Region,01 to 05
THE ESTA,"3,050,000","1,313.21","2,323",Mar-25,AMBER GARDENS,Resale,Strata,122,"25,000",-,Condominium,1,Freehold,15,Rest of Central Region,01 to 05
THE GERANIUM,"1,575,000",947.23,"1,663",Mar-25,MANGIS ROAD,Resale,Strata,88,"17,898",-,Condominium,1,Freehold,15,Rest of Central Region,01 to 05
ONE AMBER,"2,190,000",958,"2,286",Mar-25,AMBER GARDENS,Resale,Strata,89,"24,607",-,Condominium,1,Freehold,15,Rest of Central Region,06 to 10
PEBBLE BAY,"3,740,000","1,894.46","1,974",Mar-25,TANJONG RHU ROAD,Resale,Strata,176,"21,250",-,Condominium,1,99 yrs lease commencing from 1994,15,Rest of Central Region,06 to 10
POSHGROVE EAST,"2,500,000","1,485.43","1,683",Mar-25,EAST COAST ROAD,Resale,Strata,138,"18,116",-,Condominium,1,Freehold,15,Outside Central Region,01 to 05
THE SEAFRONT ON MEYER,"4,796,000","2,109.74","2,273",Mar-25,MEYER ROAD,Resale,Strata,196,"24,469",-,Condominium,1,Freehold,15,Rest of Central Region,06 to 10
THE ATRIA AT MEYER,"3,480,000","1,474.67","2,360",Mar-25,MEYER ROAD,Resale,Strata,137,"25,401",-,Condominium,1,Freehold,15,Rest of Central Region,21 to 25
THE SEAFRONT ON MEYER,"2,381,000","1,065.64","2,234",Mar-25,MEYER ROAD,Resale,Strata,99,"24,051",-,Condominium,1,Freehold,15,Rest of Central Region,01 to 05
LAGUNA PARK,"1,730,000","1,453.14","1,191",Mar-25,MARINE PARADE ROAD,Resale,Strata,135,"12,815",-,Apartment,1,99 yrs lease commencing from 1977,15,Outside Central Region,06 to 10
GRAND DUNMAN,"3,019,000","1,119.46","2,697",Mar-25,DUNMAN ROAD,New Sale,Strata,104,"29,029",-,Apartment,1,99 yrs lease commencing from 2022,15,Rest of Central Region,01 to 05
GRAND DUNMAN,"2,695,000","1,054.87","2,555",Feb-25,DUNMAN ROAD,New Sale,Strata,98,"27,500",-,Apartment,1,99 yrs lease commencing from 2022,15,Rest of Central Region,11 to 15
VILLA MARINA,"2,060,000","1,280.92","1,608",Feb-25,JALAN SEMPADAN,Resale,Strata,119,"17,311",-,Condominium,1,99 yrs lease commencing from 1995,15,Outside Central Region,01 to 05
THE ESTA,"3,618,888","1,560.78","2,319",Feb-25,AMBER GARDENS,Resale,Strata,145,"24,958",-,Condominium,1,Freehold,15,Rest of Central Region,16 to 20
PARC ELEGANCE,"755,000",441.32,"1,711",Feb-25,TELOK KURAU ROAD,Resale,Strata,41,"18,415",-,Apartment,1,Freehold,15,Outside Central Region,01 to 05
LEGENDA AT JOO CHIAT,"2,015,000","1,980.58","1,017",Feb-25,JOO CHIAT LANE,Resale,Strata,184,"10,951",-,Condominium,1,99 yrs lease commencing from 2001,15,Rest of Central Region,01 to 05
SANCTUARY GREEN,"1,830,000","1,140.98","1,604",Feb-25,TANJONG RHU ROAD,Resale,Strata,106,"17,264",-,Condominium,1,99 yrs lease commencing from 1997,15,Rest of Central Region,01 to 05
HAIG COURT,"2,838,800","1,442.38","1,968",Feb-25,HAIG ROAD,Resale,Strata,134,"21,185",-,Condominium,1,Freehold,15,Rest of Central Region,01 to 05
ASPEN LOFT,"1,610,000","1,130.22","1,425",Feb-25,JOO CHIAT TERRACE,Resale,Strata,105,"15,333",-,Apartment,1,Freehold,15,Rest of Central Region,01 to 05
SERAYA RESIDENCES,"2,360,000","1,248.62","1,890",Feb-25,SERAYA LANE,Resale,Strata,116,"20,345",-,Apartment,1,Freehold,15,Rest of Central Region,01 to 05
ARDOR RESIDENCE,"3,400,000","1,506.96","2,256",Feb-25,HAIG ROAD,New Sale,Strata,140,"24,286",-,Apartment,1,Freehold,15,Rest of Central Region,01 to 05
THE CONTINUUM,"3,133,000","1,065.64","2,940",Feb-25,THIAM SIEW AVENUE,New Sale,Strata,99,"31,646",-,Apartment,1,Freehold,15,Rest of Central Region,16 to 20
MEYER BLUE,"2,200,000",667.37,"3,297",Feb-25,MEYER ROAD,New Sale,Strata,62,"35,484",-,Apartment,1,Freehold,15,Rest of Central Region,16 to 20
THE ESTA,"2,380,000","1,001.05","2,377",Feb-25,AMBER GARDENS,Resale,Strata,93,"25,591",-,Condominium,1,Freehold,15,Rest of Central Region,06 to 10
EASTCOVE RESIDENCES,"1,270,000",904.18,"1,405",Feb-25,JOO CHIAT PLACE,Resale,Strata,84,"15,119",-,Apartment,1,Freehold,15,Outside Central Region,01 to 05
MEYER BLUE,"2,024,000",667.37,"3,033",Feb-25,MEYER ROAD,New Sale,Strata,62,"32,645",-,Apartment,1,Freehold,15,Rest of Central Region,01 to 05
MEYER BLUE,"6,249,000","1,905.23","3,280",Feb-25,MEYER ROAD,New Sale,Strata,177,"35,305",-,Apartment,1,Freehold,15,Rest of Central Region,16 to 20
MEYER BLUE,"5,263,000","1,528.49","3,443",Feb-25,MEYER ROAD,New Sale,Strata,142,"37,063",-,Apartment,1,Freehold,15,Rest of Central Region,21 to 25
PARK EAST,"1,680,000","1,001.05","1,678",Feb-25,JALAN TUA KONG,Resale,Strata,93,"18,065",-,Condominium,1,Freehold,15,Outside Central Region,01 to 05
SILVERSEA,"3,280,000","1,506.96","2,177",Feb-25,MARINE PARADE ROAD,Resale,Strata,140,"23,429",-,Condominium,1,99 yrs lease commencing from 2007,15,Rest of Central Region,01 to 05
PINEHURST CONDOMINIUM,"2,380,000","1,560.78","1,525",Feb-25,LORONG L TELOK KURAU,Resale,Strata,145,"16,414",-,Condominium,1,Freehold,15,Outside Central Region,01 to 05
STRAITS AT JOO CHIAT,"2,199,752","1,044.11","2,107",Feb-25,JOO CHIAT PLACE,New Sale,Strata,97,"22,678",-,Apartment,1,Freehold,15,Outside Central Region,01 to 05
TIERRA VUE,"2,700,000","1,227.1","2,200",Feb-25,ST. PATRICK'S ROAD,Resale,Strata,114,"23,684",-,Condominium,1,Freehold,15,Outside Central Region,01 to 05
LAGUNA PARK,"1,840,000","1,614.6","1,140",Feb-25,MARINE PARADE ROAD,Resale,Strata,150,"12,267",-,Apartment,1,99 yrs lease commencing from 1977,15,Outside Central Region,01 to 05
STRAITS AT JOO CHIAT,"2,552,160","1,227.1","2,080",Feb-25,JOO CHIAT PLACE,New Sale,Strata,114,"22,387",-,Apartment,1,Freehold,15,Outside Central Region,01 to 05
THE CONTINUUM,"1,935,000",645.84,"2,996",Feb-25,THIAM SIEW AVENUE,New Sale,Strata,60,"32,250",-,Apartment,1,Freehold,15,Rest of Central Region,11 to 15
GRAND DUNMAN,"3,297,000","1,291.68","2,552",Feb-25,DUNMAN ROAD,New Sale,Strata,120,"27,475",-,Apartment,1,99 yrs lease commencing from 2022,15,Rest of Central Region,01 to 05
VERSILIA ON HAIG,"2,610,000","1,313.21","1,987",Feb-25,IPOH LANE,Resale,Strata,122,"21,393",-,Condominium,1,Freehold,15,Rest of Central Region,01 to 05
GRAND DUNMAN,"2,471,000",979.52,"2,523",Feb-25,DUNMAN ROAD,New Sale,Strata,91,"27,154",-,Apartment,1,99 yrs lease commencing from 2022,15,Rest of Central Region,01 to 05
MEYER BLUE,"2,172,000",710.42,"3,057",Feb-25,MEYER ROAD,New Sale,Strata,66,"32,909",-,Apartment,1,Freehold,15,Rest of Central Region,01 to 05
TEMBUSU GRAND,"4,208,000","1,711.48","2,459",Feb-25,JALAN TEMBUSU,New Sale,Strata,159,"26,465",-,Condominium,1,99 yrs lease commencing from 2022,15,Rest of Central Region,16 to 20
MALVERN SPRINGS,"2,880,000","1,323.97","2,175",Feb-25,ONAN ROAD,Resale,Strata,123,"23,415",-,Condominium,1,Freehold,15,Rest of Central Region,01 to 05
LAGUNA PARK,"2,325,000","1,614.6","1,440",Feb-25,MARINE PARADE ROAD,Resale,Strata,150,"15,500",-,Apartment,1,99 yrs lease commencing from 1977,15,Outside Central Region,16 to 20
THE HACIENDA,"3,200,000","1,894.46","1,689",Feb-25,HACIENDA GROVE,Resale,Strata,176,"18,182",-,Condominium,1,Freehold,15,Outside Central Region,01 to 05
COTE D'AZUR,"1,910,000","1,140.98","1,674",Feb-25,MARINE PARADE ROAD,Resale,Strata,106,"18,019",-,Condominium,1,99 yrs lease commencing from 2001,15,Rest of Central Region,01 to 05
NEPTUNE COURT,"1,240,000","1,270.15",976,Feb-25,MARINE VISTA,Resale,Strata,118,"10,508",-,Apartment,1,99 yrs lease commencing from 1976,15,Outside Central Region,01 to 05
MANDARIN GARDENS,"950,000",828.83,"1,146",Feb-25,SIGLAP ROAD,Resale,Strata,77,"12,338",-,Condominium,1,99 yrs lease commencing from 1982,15,Outside Central Region,11 to 15
COSTA RHU,"2,388,000","1,334.74","1,789",Feb-25,RHU CROSS,Resale,Strata,124,"19,258",-,Condominium,1,99 yrs lease commencing from 1994,15,Rest of Central Region,11 to 15
HAIG COURT,"2,080,000","1,076.4","1,932",Feb-25,HAIG ROAD,Resale,Strata,100,"20,800",-,Condominium,1,Freehold,15,Rest of Central Region,01 to 05
SEASIDE RESIDENCES,"1,860,000",785.77,"2,367",Feb-25,SIGLAP LINK,Resale,Strata,73,"25,479",-,Apartment,1,99 yrs lease commencing from 2016,15,Outside Central Region,06 to 10
THE CONTINUUM,"3,011,000","1,065.64","2,826",Feb-25,THIAM SIEW AVENUE,New Sale,Strata,99,"30,414",-,Apartment,1,Freehold,15,Rest of Central Region,06 to 10
RESIDENTIAL APARTMENTS,"1,880,000","1,119.46","1,679",Feb-25,JOO CHIAT ROAD,Resale,Strata,104,"18,077",-,Apartment,1,Freehold,15,Rest of Central Region,01 to 05
THE RED HOUSE,"1,300,000",871.88,"1,491",Feb-25,EAST COAST ROAD,Resale,Strata,81,"16,049",-,Apartment,1,99 yrs lease commencing from 2012,15,Rest of Central Region,01 to 05
STRAITS AT JOO CHIAT,"2,221,520","1,044.11","2,128",Feb-25,JOO CHIAT PLACE,New Sale,Strata,97,"22,902",-,Apartment,1,Freehold,15,Outside Central Region,01 to 05
EASTBAY,"1,800,000","1,087.16","1,656",Feb-25,TAY LIAN TECK ROAD,Resale,Strata,101,"17,822",-,Apartment,1,Freehold,15,Outside Central Region,01 to 05
GRAND DUNMAN,"2,973,000","1,302.44","2,283",Feb-25,DUNMAN ROAD,New Sale,Strata,121,"24,570",-,Apartment,1,99 yrs lease commencing from 2022,15,Rest of Central Region,16 to 20
SEASIDE RESIDENCES,"1,290,000",592.02,"2,179",Feb-25,SIGLAP LINK,Resale,Strata,55,"23,455",-,Apartment,1,99 yrs lease commencing from 2016,15,Outside Central Region,11 to 15
THE MAKENA,"3,420,000","1,636.13","2,090",Feb-25,MEYER ROAD,Resale,Strata,152,"22,500",-,Condominium,1,Freehold,15,Rest of Central Region,21 to 25
SILVERSEA,"3,280,000","1,506.96","2,177",Feb-25,MARINE PARADE ROAD,Resale,Strata,140,"23,429",-,Condominium,1,99 yrs lease commencing from 2007,15,Rest of Central Region,01 to 05
EMERALD OF KATONG,"1,445,000",484.38,"2,983",Feb-25,JALAN TEMBUSU,New Sale,Strata,45,"32,111",-,Condominium,1,99 yrs lease commencing from 2023,15,Rest of Central Region,21 to 25
EMERALD OF KATONG,"1,408,000",484.38,"2,907",Feb-25,JALAN TEMBUSU,New Sale,Strata,45,"31,289",-,Condominium,1,99 yrs lease commencing from 2023,15,Rest of Central Region,21 to 25
E-SPACE,"1,548,888",990.29,"1,564",Feb-25,LORONG K TELOK KURAU,Resale,Strata,92,"16,836",-,Apartment,1,Freehold,15,Outside Central Region,01 to 05
THE CAPE,"1,250,000",592.02,"2,111",Feb-25,AMBER ROAD,Resale,Strata,55,"22,727",-,Apartment,1,Freehold,15,Rest of Central Region,06 to 10
8M RESIDENCES,"1,968,888",893.41,"2,204",Feb-25,MARGATE ROAD,Resale,Strata,83,"23,722",-,Apartment,1,Freehold,15,Rest of Central Region,06 to 10
AALTO,"4,060,000","1,442.38","2,815",Feb-25,MEYER ROAD,Resale,Strata,134,"30,299",-,Condominium,1,Freehold,15,Rest of Central Region,26 to 30
THE CONTINUUM,"3,246,000","1,087.16","2,986",Feb-25,THIAM SIEW AVENUE,New Sale,Strata,101,"32,139",-,Apartment,1,Freehold,15,Rest of Central Region,11 to 15
STRAITS AT JOO CHIAT,"2,196,520","1,044.11","2,104",Feb-25,JOO CHIAT PLACE,New Sale,Strata,97,"22,645",-,Apartment,1,Freehold,15,Outside Central Region,01 to 05
THE CONTINUUM,"3,105,000","1,065.64","2,914",Feb-25,THIAM SIEW AVENUE,New Sale,Strata,99,"31,364",-,Apartment,1,Freehold,15,Rest of Central Region,11 to 15
MADEIRA COURT,"1,968,000","1,431.61","1,375",Feb-25,LORONG M TELOK KURAU,Resale,Strata,133,"14,797",-,Apartment,1,Freehold,15,Outside Central Region,01 to 05
SEASIDE RESIDENCES,"2,838,888","1,087.16","2,611",Feb-25,SIGLAP LINK,Resale,Strata,101,"28,108",-,Apartment,1,99 yrs lease commencing from 2016,15,Outside Central Region,26 to 30
EIS RESIDENCES,"1,388,000","1,065.64","1,303",Feb-25,HAIG AVENUE,Resale,Strata,99,"14,020",-,Apartment,1,Freehold,15,Rest of Central Region,01 to 05
WHITESCAPE,"1,390,000",742.72,"1,872",Feb-25,LORONG N TELOK KURAU,Resale,Strata,69,"20,145",-,Apartment,1,Freehold,15,Outside Central Region,01 to 05
THE CRISTALLO,"1,180,000",645.84,"1,827",Feb-25,LORONG K TELOK KURAU,Resale,Strata,60,"19,667",-,Apartment,1,Freehold,15,Outside Central Region,01 to 05
SEASIDE RESIDENCES,"2,500,000","1,022.58","2,445",Feb-25,SIGLAP LINK,Resale,Strata,95,"26,316",-,Apartment,1,99 yrs lease commencing from 2016,15,Outside Central Region,26 to 30
AMBER PARK,"3,398,888","1,108.69","3,066",Feb-25,AMBER GARDENS,Resale,Strata,103,"32,999",-,Condominium,1,Freehold,15,Rest of Central Region,16 to 20
MANDARIN GARDENS,"1,700,000","1,528.49","1,112",Feb-25,SIGLAP ROAD,Resale,Strata,142,"11,972",-,Condominium,1,99 yrs lease commencing from 1982,15,Outside Central Region,06 to 10
VITRA,"1,888,888","1,097.93","1,720",Feb-25,TEMBELING ROAD,Resale,Strata,102,"18,519",-,Apartment,1,Freehold,15,Rest of Central Region,01 to 05
ONE AMBER,"2,900,000","1,259.39","2,303",Feb-25,AMBER GARDENS,Resale,Strata,117,"24,786",-,Condominium,1,Freehold,15,Rest of Central Region,11 to 15
COASTLINE RESIDENCES,"2,128,888",742.72,"2,866",Feb-25,AMBER ROAD,Resale,Strata,69,"30,853",-,Apartment,1,Freehold,15,Rest of Central Region,16 to 20
GRAND DUNMAN,"3,500,000","1,474.67","2,373",Feb-25,DUNMAN ROAD,New Sale,Strata,137,"25,547",-,Apartment,1,99 yrs lease commencing from 2022,15,Rest of Central Region,06 to 10
THE CONTINUUM,"3,163,000","1,087.16","2,909",Feb-25,THIAM SIEW AVENUE,New Sale,Strata,101,"31,317",-,Apartment,1,Freehold,15,Rest of Central Region,01 to 05
COSTA RHU,"3,290,000","2,055.92","1,600",Feb-25,RHU CROSS,Resale,Strata,191,"17,225",-,Condominium,1,99 yrs lease commencing from 1994,15,Rest of Central Region,06 to 10
ONE AMBER,"2,180,000",958,"2,276",Feb-25,AMBER GARDENS,Resale,Strata,89,"24,494",-,Condominium,1,Freehold,15,Rest of Central Region,01 to 05
THE MAKENA,"2,720,000","1,291.68","2,106",Feb-25,MEYER ROAD,Resale,Strata,120,"22,667",-,Condominium,1,Freehold,15,Rest of Central Region,06 to 10
RESIDENTIAL APARTMENTS,"2,180,000","1,367.03","1,595",Feb-25,CARPMAEL ROAD,Resale,Strata,127,"17,165",-,Apartment,1,Freehold,15,Rest of Central Region,01 to 05
FLAMINGO VALLEY,"2,260,000","1,205.57","1,875",Feb-25,SIGLAP ROAD,Resale,Strata,112,"20,179",-,Condominium,1,Freehold,15,Outside Central Region,01 to 05
THE SEAWIND,"1,980,000",936.47,"2,114",Feb-25,LORONG M TELOK KURAU,Resale,Strata,87,"22,759",-,Condominium,1,Freehold,15,Outside Central Region,01 to 05
THE ARIEL,"1,350,000",871.88,"1,548",Feb-25,LORONG 105 CHANGI,Resale,Strata,81,"16,667",-,Apartment,1,Freehold,15,Rest of Central Region,01 to 05
SEASIDE RESIDENCES,"1,160,000",505.91,"2,293",Feb-25,SIGLAP LINK,Resale,Strata,47,"24,681",-,Apartment,1,99 yrs lease commencing from 2016,15,Outside Central Region,16 to 20
GOLD LEAF MANSIONS,"1,480,000",958,"1,545",Feb-25,LORONG M TELOK KURAU,Resale,Strata,89,"16,629",-,Apartment,1,Freehold,15,Outside Central Region,01 to 05
MANDARIN GARDENS,"4,880,000","3,799.69","1,284",Feb-25,SIGLAP ROAD,Resale,Strata,353,"13,824",-,Condominium,1,99 yrs lease commencing from 1982,15,Outside Central Region,06 to 10
FLAMINGO VALLEY,"3,680,000","2,228.15","1,652",Feb-25,SIGLAP ROAD,Resale,Strata,207,"17,778",-,Condominium,1,Freehold,15,Outside Central Region,01 to 05
NEPTUNE COURT,"1,080,000","1,270.15",850,Feb-25,MARINE VISTA,Resale,Strata,118,"9,153",-,Apartment,1,99 yrs lease commencing from 1976,15,Outside Central Region,01 to 05
PEBBLE BAY,"2,293,000","1,280.92","1,790",Feb-25,TANJONG RHU ROAD,Resale,Strata,119,"19,269",-,Condominium,1,99 yrs lease commencing from 1994,15,Rest of Central Region,01 to 05
SYCAMORE TREE,"650,000",344.45,"1,887",Feb-25,FOWLIE ROAD,Resale,Strata,32,"20,313",-,Apartment,1,Freehold,15,Rest of Central Region,01 to 05
VIBES @ EAST COAST,"740,000",409.03,"1,809",Feb-25,TELOK KURAU ROAD,Resale,Strata,38,"19,474",-,Apartment,1,Freehold,15,Outside Central Region,01 to 05
ONE AMBER,"2,200,000",958,"2,296",Feb-25,AMBER GARDENS,Resale,Strata,89,"24,719",-,Condominium,1,Freehold,15,Rest of Central Region,06 to 10
GRAND DUNMAN,"3,638,000","1,431.61","2,541",Feb-25,DUNMAN ROAD,New Sale,Strata,133,"27,353",-,Apartment,1,99 yrs lease commencing from 2022,15,Rest of Central Region,01 to 05
STRAITS AT JOO CHIAT,"2,577,160","1,227.1","2,100",Feb-25,JOO CHIAT PLACE,New Sale,Strata,114,"22,607",-,Apartment,1,Freehold,15,Outside Central Region,01 to 05
EASTERN RESIDENCE,"1,680,888","1,173.28","1,433",Feb-25,JOO CHIAT PLACE,Resale,Strata,109,"15,421",-,Apartment,1,Freehold,15,Outside Central Region,01 to 05
THE ARIEL,"1,380,000",871.88,"1,583",Feb-25,LORONG 105 CHANGI,Resale,Strata,81,"17,037",-,Apartment,1,Freehold,15,Rest of Central Region,01 to 05
THE CONTINUUM,"3,092,000","1,065.64","2,902",Feb-25,THIAM SIEW AVENUE,New Sale,Strata,99,"31,232",-,Apartment,1,Freehold,15,Rest of Central Region,11 to 15
KOON SENG HOUSE,"2,441,000","1,033.34","2,362",Feb-25,KOON SENG ROAD,New Sale,Strata,96,"25,427",-,Apartment,1,Freehold,15,Rest of Central Region,01 to 05
ARDOR RESIDENCE,"3,790,000","1,517.72","2,497",Feb-25,HAIG ROAD,New Sale,Strata,141,"26,879",-,Apartment,1,Freehold,15,Rest of Central Region,01 to 05
SILVERSEA,"3,330,000","1,517.72","2,194",Feb-25,MARINE PARADE ROAD,Resale,Strata,141,"23,617",-,Condominium,1,99 yrs lease commencing from 2007,15,Rest of Central Region,06 to 10
THE CONTINUUM,"1,897,000",667.37,"2,843",Feb-25,THIAM SIEW AVENUE,New Sale,Strata,62,"30,597",-,Apartment,1,Freehold,15,Rest of Central Region,11 to 15
THE RED HOUSE,"1,250,000",753.48,"1,659",Feb-25,EAST COAST ROAD,Resale,Strata,70,"17,857",-,Apartment,1,99 yrs lease commencing from 2012,15,Rest of Central Region,01 to 05
RESIDENTIAL APARTMENTS,"1,950,000","1,130.22","1,725",Feb-25,JOO CHIAT ROAD,Resale,Strata,105,"18,571",-,Apartment,1,Freehold,15,Rest of Central Region,01 to 05
GREENLANE APARTMENT,"2,383,800","1,614.6","1,476",Feb-25,GREEN LANE,Resale,Strata,150,"15,892",-,Apartment,1,Freehold,15,Rest of Central Region,01 to 05
MARTIA RESIDENCE,"2,480,000","1,969.81","1,259",Feb-25,MARTIA ROAD,Resale,Strata,183,"13,552",-,Apartment,1,Freehold,15,Outside Central Region,01 to 05
SEVENTY SAINT PATRICK'S,"1,600,000",699.66,"2,287",Feb-25,ST. PATRICK'S ROAD,Resale,Strata,65,"24,615",-,Condominium,1,Freehold,15,Outside Central Region,01 to 05
SERENITY BREEZE,"1,600,000",925.7,"1,728",Feb-25,LORONG J TELOK KURAU,Resale,Strata,86,"18,605",-,Apartment,1,Freehold,15,Outside Central Region,01 to 05
THE CONTINUUM,"3,599,000","1,291.68","2,786",Feb-25,THIAM SIEW AVENUE,New Sale,Strata,120,"29,992",-,Apartment,1,Freehold,15,Rest of Central Region,01 to 05
THE BEACON EDGE,"1,310,000",678.13,"1,932",Feb-25,TEMBELING ROAD,Resale,Strata,63,"20,794",-,Apartment,1,Freehold,15,Rest of Central Region,01 to 05
MANDARIN GARDENS,"2,550,000","2,023.63","1,260",Feb-25,SIGLAP ROAD,Resale,Strata,188,"13,564",-,Condominium,1,99 yrs lease commencing from 1982,15,Outside Central Region,01 to 05
AMBER SKYE,"2,700,000","1,119.46","2,412",Feb-25,AMBER ROAD,Resale,Strata,104,"25,962",-,Apartment,1,Freehold,15,Rest of Central Region,16 to 20
EMPRADO SUITES,"968,000",592.02,"1,635",Feb-25,LORONG N TELOK KURAU,Resale,Strata,55,"17,600",-,Apartment,1,Freehold,15,Outside Central Region,01 to 05
CUBIK,"1,540,000","1,119.46","1,376",Feb-25,LORONG K TELOK KURAU,Resale,Strata,104,"14,808",-,Apartment,1,Freehold,15,Outside Central Region,01 to 05
HAIG TEN,"1,580,000","1,097.93","1,439",Feb-25,HAIGSVILLE DRIVE,Resale,Strata,102,"15,490",-,Apartment,1,Freehold,15,Rest of Central Region,01 to 05
FLAMINGO VALLEY,"3,050,000","1,593.07","1,915",Feb-25,SIGLAP ROAD,Resale,Strata,148,"20,608",-,Condominium,1,Freehold,15,Outside Central Region,01 to 05
THE CONTINUUM,"2,988,000","1,087.16","2,748",Feb-25,THIAM SIEW AVENUE,New Sale,Strata,101,"29,584",-,Apartment,1,Freehold,15,Rest of Central Region,01 to 05
AMBER SKYE,"2,950,000","1,528.49","1,930",Feb-25,AMBER ROAD,Resale,Strata,142,"20,775",-,Apartment,1,Freehold,15,Rest of Central Region,01 to 05
SILVERSEA,"3,200,000","1,528.49","2,094",Feb-25,MARINE PARADE ROAD,Resale,Strata,142,"22,535",-,Condominium,1,99 yrs lease commencing from 2007,15,Rest of Central Region,06 to 10
THE RED HOUSE,"972,000",710.42,"1,368",Feb-25,EAST COAST ROAD,Resale,Strata,66,"14,727",-,Apartment,1,99 yrs lease commencing from 2012,15,Rest of Central Region,01 to 05
ONE EIGHTIES RESIDENCES,"1,230,000",624.31,"1,970",Feb-25,JOO CHIAT TERRACE,Resale,Strata,58,"21,207",-,Apartment,1,Freehold,15,Rest of Central Region,01 to 05
AALTO,"3,800,000","1,528.49","2,486",Feb-25,MEYER ROAD,Resale,Strata,142,"26,761",-,Condominium,1,Freehold,15,Rest of Central Region,16 to 20
WATER PLACE,"2,100,000","1,216.33","1,727",Feb-25,TANJONG RHU ROAD,Resale,Strata,113,"18,584",-,Condominium,1,99 yrs lease commencing from 1998,15,Rest of Central Region,06 to 10
MARINE BLUE,"1,550,000",635.08,"2,441",Feb-25,MARINE PARADE ROAD,Resale,Strata,59,"26,271",-,Condominium,1,Freehold,15,Rest of Central Region,11 to 15
THE MINT RESIDENCES,"1,408,888",871.88,"1,616",Feb-25,JOO CHIAT TERRACE,Resale,Strata,81,"17,394",-,Apartment,1,Freehold,15,Rest of Central Region,01 to 05
THE RAMFORD,"3,150,000","1,700.71","1,852",Feb-25,RAMBAI ROAD,Resale,Strata,158,"19,937",-,Apartment,1,Freehold,15,Rest of Central Region,01 to 05
GRAND DUNMAN,"3,360,000","1,291.68","2,601",Feb-25,DUNMAN ROAD,New Sale,Strata,120,"28,000",-,Apartment,1,99 yrs lease commencing from 2022,15,Rest of Central Region,06 to 10
ONE AMBER,"2,235,000",958,"2,333",Feb-25,AMBER GARDENS,Resale,Strata,89,"25,112",-,Condominium,1,Freehold,15,Rest of Central Region,11 to 15
THE AMERY,"2,445,000","1,388.56","1,761",Feb-25,LORONG K TELOK KURAU,Resale,Strata,129,"18,953",-,Condominium,1,Freehold,15,Outside Central Region,01 to 05
FLAMINGO VALLEY,"2,230,000","1,205.57","1,850",Feb-25,SIGLAP ROAD,Resale,Strata,112,"19,911",-,Condominium,1,Freehold,15,Outside Central Region,01 to 05
8M RESIDENCES,"1,200,000",527.44,"2,275",Feb-25,MARGATE ROAD,Resale,Strata,49,"24,490",-,Apartment,1,Freehold,15,Rest of Central Region,11 to 15
TIVOLI GRANDE,"1,328,000",850.36,"1,562",Feb-25,KOON SENG ROAD,Resale,Strata,79,"16,810",-,Apartment,1,Freehold,15,Rest of Central Region,01 to 05
SANCTUARY GREEN,"2,238,000","1,399.32","1,599",Feb-25,TANJONG RHU ROAD,Resale,Strata,130,"17,215",-,Condominium,1,99 yrs lease commencing from 1997,15,Rest of Central Region,01 to 05
ONE AMBER,"2,088,000",958,"2,180",Feb-25,AMBER GARDENS,Resale,Strata,89,"23,461",-,Condominium,1,Freehold,15,Rest of Central Region,01 to 05
NEPTUNE COURT,"1,080,000","1,270.15",850,Feb-25,MARINE VISTA,Resale,Strata,118,"9,153",-,Apartment,1,99 yrs lease commencing from 1976,15,Outside Central Region,01 to 05
VERTIS,"2,350,000","1,205.57","1,949",Feb-25,AMBER GARDENS,Resale,Strata,112,"20,982",-,Apartment,1,Freehold,15,Rest of Central Region,01 to 05
8M RESIDENCES,"1,540,000",645.84,"2,384",Feb-25,MARGATE ROAD,Resale,Strata,60,"25,667",-,Apartment,1,Freehold,15,Rest of Central Region,11 to 15
WATER PLACE,"1,800,000",904.18,"1,991",Feb-25,TANJONG RHU ROAD,Resale,Strata,84,"21,429",-,Condominium,1,99 yrs lease commencing from 1998,15,Rest of Central Region,11 to 15
THE RAMFORD,"3,000,000","1,646.89","1,822",Jan-25,RAMBAI ROAD,Resale,Strata,153,"19,608",-,Apartment,1,Freehold,15,Rest of Central Region,01 to 05
11 AMBER ROAD,"3,680,000","1,506.96","2,442",Jan-25,AMBER ROAD,Resale,Strata,140,"26,286",-,Apartment,1,Freehold,15,Rest of Central Region,11 to 15
GRAND DUNMAN,"2,738,000","1,140.98","2,400",Jan-25,DUNMAN ROAD,New Sale,Strata,106,"25,830",-,Apartment,1,99 yrs lease commencing from 2022,15,Rest of Central Region,16 to 20
THE SHORE RESIDENCES,"2,700,000","1,291.68","2,090",Jan-25,AMBER ROAD,Resale,Strata,120,"22,500",-,Condominium,1,103 yrs lease commencing from 2009,15,Rest of Central Region,01 to 05
FERNWOOD TOWERS,"2,700,000","1,636.13","1,650",Jan-25,FERNWOOD TERRACE,Resale,Strata,152,"17,763",-,Condominium,1,Freehold,15,Outside Central Region,06 to 10
LA MARIPOSA,"2,300,000","1,130.22","2,035",Jan-25,MANGIS ROAD,Resale,Strata,105,"21,905",-,Apartment,1,Freehold,15,Rest of Central Region,01 to 05
WATER PLACE,"2,850,000","1,560.78","1,826",Jan-25,TANJONG RHU ROAD,Resale,Strata,145,"19,655",-,Condominium,1,99 yrs lease commencing from 1998,15,Rest of Central Region,11 to 15
PARC BLEU,"755,000",452.09,"1,670",Jan-25,JOO CHIAT PLACE,Resale,Strata,42,"17,976",-,Apartment,1,Freehold,15,Outside Central Region,01 to 05
MANDARIN GARDENS,"1,020,000",828.83,"1,231",Jan-25,SIGLAP ROAD,Resale,Strata,77,"13,247",-,Condominium,1,99 yrs lease commencing from 1982,15,Outside Central Region,01 to 05
THE CONTINUUM,"2,997,000","1,065.64","2,812",Jan-25,THIAM SIEW AVENUE,New Sale,Strata,99,"30,273",-,Apartment,1,Freehold,15,Rest of Central Region,06 to 10
THE CONTINUUM,"3,079,000","1,065.64","2,889",Jan-25,THIAM SIEW AVENUE,New Sale,Strata,99,"31,101",-,Apartment,1,Freehold,15,Rest of Central Region,11 to 15
EMERALD OF KATONG,"1,408,000",484.38,"2,907",Jan-25,JALAN TEMBUSU,New Sale,Strata,45,"31,289",-,Condominium,1,99 yrs lease commencing from 2023,15,Rest of Central Region,21 to 25
THE CONTINUUM,"3,654,000","1,270.15","2,877",Jan-25,THIAM SIEW AVENUE,New Sale,Strata,118,"30,966",-,Apartment,1,Freehold,15,Rest of Central Region,06 to 10
THE CONTINUUM,"3,631,000","1,291.68","2,811",Jan-25,THIAM SIEW AVENUE,New Sale,Strata,120,"30,258",-,Apartment,1,Freehold,15,Rest of Central Region,01 to 05
GRAND DUCHESS AT ST PATRICK'S,"3,030,000","1,453.14","2,085",Jan-25,ST. PATRICK'S ROAD,Resale,Strata,135,"22,444",-,Condominium,1,Freehold,15,Outside Central Region,01 to 05
THE WATERSIDE,"4,500,000","2,142.04","2,101",Jan-25,TANJONG RHU ROAD,Resale,Strata,199,"22,613",-,Condominium,1,Freehold,15,Rest of Central Region,06 to 10
TEMBELING RESIDENCE,"1,338,000",721.19,"1,855",Jan-25,TEMBELING ROAD,Resale,Strata,67,"19,970",-,Apartment,1,Freehold,15,Rest of Central Region,01 to 05
ST PATRICK'S GREEN,"2,230,000","1,097.93","2,031",Jan-25,ST. PATRICK'S ROAD,Resale,Strata,102,"21,863",-,Apartment,1,Freehold,15,Outside Central Region,01 to 05
MEYER MANSION,"3,500,000","1,108.69","3,157",Jan-25,MEYER ROAD,Sub Sale,Strata,103,"33,981",-,Apartment,1,Freehold,15,Rest of Central Region,11 to 15
THE SEA VIEW,"3,950,000","1,517.72","2,603",Jan-25,AMBER ROAD,Resale,Strata,141,"28,014",-,Condominium,1,Freehold,15,Rest of Central Region,01 to 05
AMBER RESIDENCES,"2,480,000","1,162.51","2,133",Jan-25,AMBER ROAD,Resale,Strata,108,"22,963",-,Condominium,1,Freehold,15,Rest of Central Region,01 to 05
THE CONTINUUM,"1,944,000",645.84,"3,010",Jan-25,THIAM SIEW AVENUE,New Sale,Strata,60,"32,400",-,Apartment,1,Freehold,15,Rest of Central Region,11 to 15
COTE D'AZUR,"3,100,000","1,679.18","1,846",Jan-25,MARINE PARADE ROAD,Resale,Strata,156,"19,872",-,Condominium,1,99 yrs lease commencing from 2001,15,Rest of Central Region,06 to 10
HAIG ELEVEN,"1,490,000",871.88,"1,709",Jan-25,HAIG AVENUE,Resale,Strata,81,"18,395",-,Apartment,1,Freehold,15,Rest of Central Region,01 to 05
GRAND DUNMAN,"1,477,000",548.96,"2,691",Jan-25,DUNMAN ROAD,New Sale,Strata,51,"28,961",-,Apartment,1,99 yrs lease commencing from 2022,15,Rest of Central Region,06 to 10
COTE D'AZUR,"2,590,000","1,388.56","1,865",Jan-25,MARINE PARADE ROAD,Resale,Strata,129,"20,078",-,Condominium,1,99 yrs lease commencing from 2001,15,Rest of Central Region,06 to 10
ISUITES @ MARSHALL,"1,050,000",613.55,"1,711",Jan-25,MARSHALL ROAD,Resale,Strata,57,"18,421",-,Apartment,1,Freehold,15,Rest of Central Region,01 to 05
PEBBLE BAY,"3,690,000","1,894.46","1,948",Jan-25,TANJONG RHU ROAD,Resale,Strata,176,"20,966",-,Condominium,1,99 yrs lease commencing from 1994,15,Rest of Central Region,06 to 10
GRAND DUNMAN,"3,019,000","1,119.46","2,697",Jan-25,DUNMAN ROAD,New Sale,Strata,104,"29,029",-,Apartment,1,99 yrs lease commencing from 2022,15,Rest of Central Region,01 to 05
RIVEREDGE,"1,600,000","1,065.64","1,501",Jan-25,SAMPAN PLACE,Resale,Strata,99,"16,162",-,Condominium,1,99 yrs lease commencing from 2004,15,Rest of Central Region,06 to 10
THE CONTINUUM,"2,721,000",871.88,"3,121",Jan-25,THIAM SIEW AVENUE,New Sale,Strata,81,"33,593",-,Apartment,1,Freehold,15,Rest of Central Region,16 to 20
EMERALD OF KATONG,"1,400,000",484.38,"2,890",Jan-25,JALAN TEMBUSU,New Sale,Strata,45,"31,111",-,Condominium,1,99 yrs lease commencing from 2023,15,Rest of Central Region,16 to 20
THE SHORE RESIDENCES,"1,875,000",893.41,"2,099",Jan-25,AMBER ROAD,Resale,Strata,83,"22,590",-,Condominium,1,103 yrs lease commencing from 2009,15,Rest of Central Region,16 to 20
EMERALD OF KATONG,"1,353,000",484.38,"2,793",Jan-25,JALAN TEMBUSU,New Sale,Strata,45,"30,067",-,Condominium,1,99 yrs lease commencing from 2023,15,Rest of Central Region,11 to 15
EMERALD OF KATONG,"1,904,000",688.9,"2,764",Jan-25,JALAN TEMBUSU,New Sale,Strata,64,"29,750",-,Condominium,1,99 yrs lease commencing from 2023,15,Rest of Central Region,11 to 15
EMERALD OF KATONG,"1,856,000",624.31,"2,973",Jan-25,JALAN TEMBUSU,New Sale,Strata,58,"32,000",-,Condominium,1,99 yrs lease commencing from 2023,15,Rest of Central Region,16 to 20
EMERALD OF KATONG,"1,400,000",484.38,"2,890",Jan-25,JALAN TEMBUSU,New Sale,Strata,45,"31,111",-,Condominium,1,99 yrs lease commencing from 2023,15,Rest of Central Region,16 to 20
EMERALD OF KATONG,"1,397,000",484.38,"2,884",Jan-25,JALAN TEMBUSU,New Sale,Strata,45,"31,044",-,Condominium,1,99 yrs lease commencing from 2023,15,Rest of Central Region,11 to 15
EMERALD OF KATONG,"1,969,000",688.9,"2,858",Jan-25,JALAN TEMBUSU,New Sale,Strata,64,"30,766",-,Condominium,1,99 yrs lease commencing from 2023,15,Rest of Central Region,21 to 25
PEBBLE BAY,"3,750,000","1,894.46","1,979",Jan-25,TANJONG RHU ROAD,Resale,Strata,176,"21,307",-,Condominium,1,99 yrs lease commencing from 1994,15,Rest of Central Region,06 to 10
DUNMAN PLACE,"2,600,000","1,323.97","1,964",Jan-25,DUNMAN ROAD,Resale,Strata,123,"21,138",-,Apartment,1,Freehold,15,Rest of Central Region,11 to 15
EMERALD OF KATONG,"2,808,000","1,022.58","2,746",Jan-25,JALAN TEMBUSU,New Sale,Strata,95,"29,558",-,Condominium,1,99 yrs lease commencing from 2023,15,Rest of Central Region,16 to 20
EMERALD OF KATONG,"3,105,000","1,259.39","2,465",Jan-25,JALAN TEMBUSU,New Sale,Strata,117,"26,538",-,Condominium,1,99 yrs lease commencing from 2023,15,Rest of Central Region,01 to 05
GRAND DUNMAN,"2,438,000",979.52,"2,489",Jan-25,DUNMAN ROAD,New Sale,Strata,91,"26,791",-,Apartment,1,99 yrs lease commencing from 2022,15,Rest of Central Region,01 to 05
HAIG COURT,"3,020,000","1,453.14","2,078",Jan-25,HAIG ROAD,Resale,Strata,135,"22,370",-,Condominium,1,Freehold,15,Rest of Central Region,06 to 10
ONE FORT,"2,550,000","1,227.1","2,078",Jan-25,FORT ROAD,Resale,Strata,114,"22,368",-,Condominium,1,Freehold,15,Rest of Central Region,11 to 15
RESIDENCE 66,"1,650,000","1,517.72","1,087",Jan-25,TELOK KURAU ROAD,Resale,Strata,141,"11,702",-,Apartment,1,Freehold,15,Outside Central Region,01 to 05
COSTA RHU,"3,000,000","1,765.3","1,699",Jan-25,RHU CROSS,Resale,Strata,164,"18,293",-,Condominium,1,99 yrs lease commencing from 1994,15,Rest of Central Region,11 to 15
THE HACIENDA,"2,235,000","1,205.57","1,854",Jan-25,HACIENDA GROVE,Resale,Strata,112,"19,955",-,Condominium,1,Freehold,15,Outside Central Region,01 to 05
THE CONTINUUM,"2,683,000",871.88,"3,077",Jan-25,THIAM SIEW AVENUE,New Sale,Strata,81,"33,123",-,Apartment,1,Freehold,15,Rest of Central Region,11 to 15
SEVENTY SAINT PATRICK'S,"2,850,000","1,345.5","2,118",Jan-25,ST. PATRICK'S ROAD,Resale,Strata,125,"22,800",-,Condominium,1,Freehold,15,Outside Central Region,01 to 05
TIERRA VUE,"4,000,000","2,260.44","1,770",Jan-25,ST. PATRICK'S ROAD,Resale,Strata,210,"19,048",-,Condominium,1,Freehold,15,Outside Central Region,01 to 05
CEYLON CREST,"2,100,000","1,205.57","1,742",Jan-25,CEYLON ROAD,Resale,Strata,112,"18,750",-,Apartment,1,Freehold,15,Rest of Central Region,01 to 05
STRAITS AT JOO CHIAT,"2,567,160","1,227.1","2,092",Jan-25,JOO CHIAT PLACE,New Sale,Strata,114,"22,519",-,Apartment,1,Freehold,15,Outside Central Region,01 to 05
THE CONTINUUM,"2,670,000",871.88,"3,062",Jan-25,THIAM SIEW AVENUE,New Sale,Strata,81,"32,963",-,Apartment,1,Freehold,15,Rest of Central Region,11 to 15
SEVENTY SAINT PATRICK'S,"3,158,000","1,302.44","2,425",Jan-25,ST. PATRICK'S ROAD,Resale,Strata,121,"26,099",-,Condominium,1,Freehold,15,Outside Central Region,01 to 05
TEMBUSU GRAND,"3,385,000","1,431.61","2,364",Jan-25,JALAN TEMBUSU,New Sale,Strata,133,"25,451",-,Condominium,1,99 yrs lease commencing from 2022,15,Rest of Central Region,01 to 05
TEMBUSU GRAND,"2,718,000","1,173.28","2,317",Jan-25,JALAN TEMBUSU,New Sale,Strata,109,"24,936",-,Condominium,1,99 yrs lease commencing from 2022,15,Rest of Central Region,01 to 05
THE ARIEL,"1,440,000",914.94,"1,574",Jan-25,LORONG 105 CHANGI,Resale,Strata,85,"16,941",-,Apartment,1,Freehold,15,Rest of Central Region,01 to 05
KATONG REGENCY,"1,250,000",710.42,"1,760",Jan-25,TANJONG KATONG ROAD,Resale,Strata,66,"18,939",-,Apartment,1,Freehold,15,Rest of Central Region,06 to 10
LEGENDA AT JOO CHIAT,"1,550,000","1,194.8","1,297",Jan-25,JOO CHIAT LANE,Resale,Strata,111,"13,964",-,Condominium,1,99 yrs lease commencing from 2001,15,Rest of Central Region,01 to 05
ONE AMBER,"1,200,000",570.49,"2,103",Jan-25,AMBER GARDENS,Resale,Strata,53,"22,642",-,Condominium,1,Freehold,15,Rest of Central Region,01 to 05
TIVOLI GRANDE,"1,386,000",796.54,"1,740",Jan-25,KOON SENG ROAD,Resale,Strata,74,"18,730",-,Apartment,1,Freehold,15,Rest of Central Region,01 to 05
HAIG ELEVEN,"1,500,000",871.88,"1,720",Jan-25,HAIG AVENUE,Resale,Strata,81,"18,519",-,Apartment,1,Freehold,15,Rest of Central Region,01 to 05
THE CONTINUUM,"3,733,000","1,270.15","2,939",Jan-25,THIAM SIEW AVENUE,New Sale,Strata,118,"31,636",-,Apartment,1,Freehold,15,Rest of Central Region,06 to 10
AMBER PARK,"3,300,000","1,108.69","2,976",Jan-25,AMBER GARDENS,Resale,Strata,103,"32,039",-,Condominium,1,Freehold,15,Rest of Central Region,06 to 10
THE SHORE RESIDENCES,"1,850,000",882.65,"2,096",Jan-25,AMBER ROAD,Resale,Strata,82,"22,561",-,Condominium,1,103 yrs lease commencing from 2009,15,Rest of Central Region,11 to 15
TEMBUSU GRAND,"3,042,000","1,399.32","2,174",Jan-25,JALAN TEMBUSU,New Sale,Strata,130,"23,400",-,Condominium,1,99 yrs lease commencing from 2022,15,Rest of Central Region,16 to 20
HAIG 162,"1,200,000",581.26,"2,064",Jan-25,HAIG ROAD,Resale,Strata,54,"22,222",-,Apartment,1,Freehold,15,Rest of Central Region,06 to 10
ARDOR RESIDENCE,"2,431,000",979.52,"2,482",Jan-25,HAIG ROAD,New Sale,Strata,91,"26,714",-,Apartment,1,Freehold,15,Rest of Central Region,01 to 05
THE CAPE,"3,000,000","1,313.21","2,284",Jan-25,AMBER ROAD,Resale,Strata,122,"24,590",-,Apartment,1,Freehold,15,Rest of Central Region,11 to 15
SUNSHINE MANSIONS,"1,318,000",818.06,"1,611",Jan-25,JOO CHIAT PLACE,Resale,Strata,76,"17,342",-,Apartment,1,Freehold,15,Outside Central Region,01 to 05
MEYER MANSION,"5,180,000","1,765.3","2,934",Jan-25,MEYER ROAD,Sub Sale,Strata,164,"31,585",-,Apartment,1,Freehold,15,Rest of Central Region,16 to 20
NEPTUNE COURT,"1,380,000","1,270.15","1,086",Jan-25,MARINE VISTA,Resale,Strata,118,"11,695",-,Apartment,1,99 yrs lease commencing from 1976,15,Outside Central Region,21 to 25
JOO CHIAT MANSIONS,"2,440,000","1,808.35","1,349",Jan-25,JOO CHIAT TERRACE,Resale,Strata,168,"14,524",-,Apartment,1,Freehold,15,Rest of Central Region,01 to 05
RESIDENTIAL APARTMENTS,"2,000,000","1,334.74","1,498",Jan-25,JOO CHIAT PLACE,Resale,Strata,124,"16,129",-,Apartment,1,Freehold,15,Rest of Central Region,01 to 05
NEPTUNE COURT,"1,380,000","1,270.15","1,086",Jan-25,MARINE VISTA,Resale,Strata,118,"11,695",-,Apartment,1,99 yrs lease commencing from 1976,15,Outside Central Region,21 to 25
PARC ELEGANCE,"800,000",473.62,"1,689",Jan-25,TELOK KURAU ROAD,Resale,Strata,44,"18,182",-,Apartment,1,Freehold,15,Outside Central Region,01 to 05
SCK VILLE,"1,550,000","1,001.05","1,548",Jan-25,HAIG AVENUE,Resale,Strata,93,"16,667",-,Apartment,1,Freehold,15,Rest of Central Region,01 to 05
FORT GARDENS,"1,850,000",958,"1,931",Jan-25,FORT ROAD,Resale,Strata,89,"20,787",-,Condominium,1,Freehold,15,Rest of Central Region,06 to 10
RIVEREDGE,"3,188,000","1,603.84","1,988",Jan-25,SAMPAN PLACE,Resale,Strata,149,"21,396",-,Condominium,1,99 yrs lease commencing from 2004,15,Rest of Central Region,11 to 15
PARQ BELLA,"2,540,000","1,076.4","2,360",Jan-25,TEMBELING ROAD,New Sale,Strata,100,"25,400",-,Apartment,1,Freehold,15,Rest of Central Region,01 to 05
THE CONTINUUM,"3,282,000","1,087.16","3,019",Jan-25,THIAM SIEW AVENUE,New Sale,Strata,101,"32,495",-,Apartment,1,Freehold,15,Rest of Central Region,11 to 15
NEPTUNE COURT,"1,600,000","1,636.13",978,Jan-25,MARINE VISTA,Resale,Strata,152,"10,526",-,Apartment,1,99 yrs lease commencing from 1975,15,Outside Central Region,11 to 15
SEA AVENUE RESIDENCES,"2,700,000","1,679.18","1,608",Jan-25,SEA AVENUE,Resale,Strata,156,"17,308",-,Apartment,1,Freehold,15,Rest of Central Region,01 to 05
RESIDENTIAL APARTMENTS,"1,968,000","1,011.82","1,945",Jan-25,STANGEE PLACE,Resale,Strata,94,"20,936",-,Apartment,1,Freehold,15,Rest of Central Region,01 to 05
THE CONTINUUM,"2,003,000",667.37,"3,001",Jan-25,THIAM SIEW AVENUE,New Sale,Strata,62,"32,306",-,Apartment,1,Freehold,15,Rest of Central Region,11 to 15
NEPTUNE COURT,"1,680,000","1,636.13","1,027",Jan-25,MARINE VISTA,Resale,Strata,152,"11,053",-,Apartment,1,99 yrs lease commencing from 1975,15,Outside Central Region,16 to 20
THE ATRIA AT MEYER,"3,088,000","1,345.5","2,295",Jan-25,MEYER ROAD,Resale,Strata,125,"24,704",-,Condominium,1,Freehold,15,Rest of Central Region,06 to 10
THE CONTINUUM,"2,012,000",667.37,"3,015",Jan-25,THIAM SIEW AVENUE,New Sale,Strata,62,"32,452",-,Apartment,1,Freehold,15,Rest of Central Region,16 to 20
TEMBUSU GRAND,"3,070,000","1,399.32","2,194",Jan-25,JALAN TEMBUSU,New Sale,Strata,130,"23,615",-,Condominium,1,99 yrs lease commencing from 2022,15,Rest of Central Region,16 to 20
LEGENDA AT JOO CHIAT,"1,560,000","1,054.87","1,479",Jan-25,JOO CHIAT LANE,Resale,Strata,98,"15,918",-,Condominium,1,99 yrs lease commencing from 2001,15,Rest of Central Region,01 to 05
WATER PLACE,"2,080,000","1,216.33","1,710",Jan-25,TANJONG RHU ROAD,Resale,Strata,113,"18,407",-,Condominium,1,99 yrs lease commencing from 1998,15,Rest of Central Region,06 to 10
MEYER BLUE,"3,766,000","1,140.98","3,301",Jan-25,MEYER ROAD,New Sale,Strata,106,"35,528",-,Apartment,1,Freehold,15,Rest of Central Region,21 to 25
NEPTUNE COURT,"1,300,000","1,270.15","1,023",Jan-25,MARINE VISTA,Resale,Strata,118,"11,017",-,Apartment,1,99 yrs lease commencing from 1976,15,Outside Central Region,16 to 20
EAST VIEW,"1,788,800",882.65,"2,027",Jan-25,BROOKE ROAD,Resale,Strata,82,"21,815",-,Apartment,1,Freehold,15,Rest of Central Region,06 to 10
LAGUNA PARK,"1,750,000","1,614.6","1,084",Jan-25,MARINE PARADE ROAD,Resale,Strata,150,"11,667",-,Apartment,1,99 yrs lease commencing from 1977,15,Outside Central Region,01 to 05
SIGLAP V,"872,000",516.67,"1,688",Jan-25,FIRST STREET,Resale,Strata,48,"18,167",-,Apartment,1,Freehold,15,Outside Central Region,01 to 05
VIBES @ EAST COAST,"668,000",365.98,"1,825",Jan-25,TELOK KURAU ROAD,Resale,Strata,34,"19,647",-,Apartment,1,Freehold,15,Outside Central Region,01 to 05
ROSE MAISON,"1,758,000","1,173.28","1,498",Jan-25,HAIG AVENUE,Resale,Strata,109,"16,128",-,Apartment,1,Freehold,15,Rest of Central Region,01 to 05
VILLA MARINA,"2,350,000","1,625.36","1,446",Jan-25,JALAN SEMPADAN,Resale,Strata,151,"15,563",-,Condominium,1,99 yrs lease commencing from 1995,15,Outside Central Region,01 to 05
SEASIDE RESIDENCES,"2,900,000","1,323.97","2,190",Jan-25,SIGLAP LINK,Resale,Strata,123,"23,577",-,Apartment,1,99 yrs lease commencing from 2016,15,Outside Central Region,01 to 05
PALM OASIS,"1,020,000",742.72,"1,373",Jan-25,LORONG H TELOK KURAU,Resale,Strata,69,"14,783",-,Apartment,1,Freehold,15,Outside Central Region,01 to 05
11 AMBER ROAD,"2,400,000","1,345.5","1,784",Jan-25,AMBER ROAD,Resale,Strata,125,"19,200",-,Apartment,1,Freehold,15,Rest of Central Region,06 to 10
SEASIDE RESIDENCES,"1,155,000",559.73,"2,064",Jan-25,SIGLAP LINK,Resale,Strata,52,"22,212",-,Apartment,1,99 yrs lease commencing from 2016,15,Outside Central Region,01 to 05
THE SERENNIA,"1,035,000",645.84,"1,603",Jan-25,PULASAN ROAD,Resale,Strata,60,"17,250",-,Apartment,1,Freehold,15,Rest of Central Region,01 to 05
GALAXY TOWERS,"1,628,000","1,065.64","1,528",Jan-25,ONAN ROAD,Resale,Strata,99,"16,444",-,Apartment,1,Freehold,15,Rest of Central Region,16 to 20
SUNNY PARC,"1,018,000",699.66,"1,455",Jan-25,LORONG K TELOK KURAU,Resale,Strata,65,"15,662",-,Apartment,1,Freehold,15,Outside Central Region,01 to 05
SEASIDE RESIDENCES,"1,053,000",505.91,"2,081",Jan-25,SIGLAP LINK,Resale,Strata,47,"22,404",-,Apartment,1,99 yrs lease commencing from 2016,15,Outside Central Region,06 to 10
LAGOON VIEW,"1,700,000","1,646.89","1,032",Jan-25,MARINE PARADE ROAD,Resale,Strata,153,"11,111",-,Apartment,1,99 yrs lease commencing from 1977,15,Outside Central Region,11 to 15
SANCTUARY GREEN,"2,740,000","1,808.35","1,515",Jan-25,TANJONG RHU ROAD,Resale,Strata,168,"16,310",-,Condominium,1,99 yrs lease commencing from 1997,15,Rest of Central Region,06 to 10
THE CONTINUUM,"1,886,000",667.37,"2,826",Jan-25,THIAM SIEW AVENUE,New Sale,Strata,62,"30,419",-,Apartment,1,Freehold,15,Rest of Central Region,01 to 05
11 AMBER ROAD,"4,880,000","2,841.7","1,717",Dec-24,AMBER ROAD,Resale,Strata,264,"18,485",-,Apartment,1,Freehold,15,Rest of Central Region,21 to 25
PARQ BELLA,"2,600,980","1,076.4","2,416",Dec-24,TEMBELING ROAD,New Sale,Strata,100,"26,010",-,Apartment,1,Freehold,15,Rest of Central Region,01 to 05
BUTTERWORTH 8,"2,600,000","1,313.21","1,980",Dec-24,BUTTERWORTH LANE,Resale,Strata,122,"21,311",-,Condominium,1,Freehold,15,Rest of Central Region,16 to 20
AALTO,"4,070,000","1,550.02","2,626",Dec-24,MEYER ROAD,Resale,Strata,144,"28,264",-,Condominium,1,Freehold,15,Rest of Central Region,21 to 25
GRAND DUNMAN,"2,667,000","1,162.51","2,294",Dec-24,DUNMAN ROAD,New Sale,Strata,108,"24,694",-,Apartment,1,99 yrs lease commencing from 2022,15,Rest of Central Region,16 to 20
MEYER BLUE,"4,834,000","1,528.49","3,163",Dec-24,MEYER ROAD,New Sale,Strata,142,"34,042",-,Apartment,1,Freehold,15,Rest of Central Region,11 to 15
MEYER BLUE,"5,331,000","1,528.49","3,488",Dec-24,MEYER ROAD,New Sale,Strata,142,"37,542",-,Apartment,1,Freehold,15,Rest of Central Region,21 to 25
GRAND DUNMAN,"3,393,000","1,291.68","2,627",Dec-24,DUNMAN ROAD,New Sale,Strata,120,"28,275",-,Apartment,1,99 yrs lease commencing from 2022,15,Rest of Central Region,11 to 15
GRAND DUNMAN,"2,666,000","1,130.22","2,359",Dec-24,DUNMAN ROAD,New Sale,Strata,105,"25,390",-,Apartment,1,99 yrs lease commencing from 2022,15,Rest of Central Region,16 to 20
MEYER BLUE,"2,045,000",667.37,"3,064",Dec-24,MEYER ROAD,New Sale,Strata,62,"32,984",-,Apartment,1,Freehold,15,Rest of Central Region,01 to 05
448@EAST COAST,"743,000",430.56,"1,726",Dec-24,EAST COAST ROAD,Resale,Strata,40,"18,575",-,Apartment,1,Freehold,15,Outside Central Region,01 to 05
THE SHORE RESIDENCES,"2,658,000","1,140.98","2,330",Dec-24,AMBER ROAD,Resale,Strata,106,"25,075",-,Condominium,1,103 yrs lease commencing from 2009,15,Rest of Central Region,11 to 15
LAGUNA PARK,"1,680,000","1,453.14","1,156",Dec-24,MARINE PARADE ROAD,Resale,Strata,135,"12,444",-,Apartment,1,99 yrs lease commencing from 1977,15,Outside Central Region,11 to 15
THE MEDLEY,"1,900,000","1,410.08","1,347",Dec-24,LORONG G TELOK KURAU,Resale,Strata,131,"14,504",-,Apartment,1,Freehold,15,Outside Central Region,01 to 05
ESTIQUE,"2,130,000","1,410.08","1,511",Dec-24,ROSE LANE,Resale,Strata,131,"16,260",-,Apartment,1,Freehold,15,Rest of Central Region,01 to 05
ONE EIGHTIES RESIDENCES,"1,500,000",785.77,"1,909",Dec-24,JOO CHIAT TERRACE,Resale,Strata,73,"20,548",-,Apartment,1,Freehold,15,Rest of Central Region,01 to 05
FORTUNE JADE,"1,990,000","1,097.93","1,813",Dec-24,DUNMAN ROAD,Resale,Strata,102,"19,510",-,Apartment,1,Freehold,15,Rest of Central Region,01 to 05
SANDY EIGHT,"1,830,000","1,044.11","1,753",Dec-24,SANDY LANE,Resale,Strata,97,"18,866",-,Apartment,1,Freehold,15,Rest of Central Region,01 to 05
38 I SUITES,"840,000",462.85,"1,815",Dec-24,IPOH LANE,Resale,Strata,43,"19,535",-,Apartment,1,Freehold,15,Rest of Central Region,11 to 15
THE RED HOUSE,"1,350,000",914.94,"1,476",Dec-24,EAST COAST ROAD,Resale,Strata,85,"15,882",-,Apartment,1,99 yrs lease commencing from 2012,15,Rest of Central Region,01 to 05
PEBBLE BAY,"2,450,000","1,367.03","1,792",Dec-24,TANJONG RHU ROAD,Resale,Strata,127,"19,291",-,Condominium,1,99 yrs lease commencing from 1994,15,Rest of Central Region,01 to 05
77 @ EAST COAST,"1,130,000",592.02,"1,909",Dec-24,UPPER EAST COAST ROAD,Resale,Strata,55,"20,545",-,Apartment,1,Freehold,15,Outside Central Region,01 to 05
JUPITER 18,"688,000",387.5,"1,775",Dec-24,LORONG 102 CHANGI,Resale,Strata,36,"19,111",-,Apartment,1,Freehold,15,Rest of Central Region,01 to 05
SILVERSEA,"2,700,000","1,582.31","1,706",Dec-24,MARINE PARADE ROAD,Resale,Strata,147,"18,367",-,Condominium,1,99 yrs lease commencing from 2007,15,Rest of Central Region,01 to 05
COSTA RHU,"4,210,000","2,217.38","1,899",Dec-24,RHU CROSS,Resale,Strata,206,"20,437",-,Condominium,1,99 yrs lease commencing from 1994,15,Rest of Central Region,01 to 05
ONE AMBER,"3,250,000","2,088.22","1,556",Dec-24,AMBER GARDENS,Resale,Strata,194,"16,753",-,Condominium,1,Freehold,15,Rest of Central Region,01 to 05
OLA RESIDENCES,"4,408,888","2,873.99","1,534",Dec-24,MOUNTBATTEN ROAD,Resale,Strata,267,"16,513",-,Condominium,1,Freehold,15,Rest of Central Region,01 to 05
THE CONTINUUM,"3,686,000","1,270.15","2,902",Dec-24,THIAM SIEW AVENUE,New Sale,Strata,118,"31,237",-,Apartment,1,Freehold,15,Rest of Central Region,06 to 10
PARQ BELLA,"2,543,000","1,076.4","2,363",Dec-24,TEMBELING ROAD,New Sale,Strata,100,"25,430",-,Apartment,1,Freehold,15,Rest of Central Region,01 to 05
THE CONTINUUM,"3,686,000","1,270.15","2,902",Dec-24,THIAM SIEW AVENUE,New Sale,Strata,118,"31,237",-,Apartment,1,Freehold,15,Rest of Central Region,06 to 10
AMBER PARK,"4,680,000","1,582.31","2,958",Dec-24,AMBER GARDENS,Resale,Strata,147,"31,837",-,Condominium,1,Freehold,15,Rest of Central Region,16 to 20
ST PATRICK'S LOFT,"2,270,000","1,323.97","1,715",Dec-24,ST. PATRICK'S ROAD,Resale,Strata,123,"18,455",-,Apartment,1,Freehold,15,Outside Central Region,01 to 05
SIGLAP LODGE,"1,850,000","1,291.68","1,432",Dec-24,UPPER EAST COAST ROAD,Resale,Strata,120,"15,417",-,Apartment,1,Freehold,15,Outside Central Region,01 to 05
LAGOON VIEW,"1,700,000","1,646.89","1,032",Dec-24,MARINE PARADE ROAD,Resale,Strata,153,"11,111",-,Apartment,1,99 yrs lease commencing from 1977,15,Outside Central Region,21 to 25
ROSE VILLE,"1,600,000","1,001.05","1,598",Dec-24,ROSE LANE,Resale,Strata,93,"17,204",-,Apartment,1,Freehold,15,Rest of Central Region,01 to 05
FLAMINGO VALLEY,"1,768,000",958,"1,846",Dec-24,SIGLAP ROAD,Resale,Strata,89,"19,865",-,Condominium,1,Freehold,15,Outside Central Region,01 to 05
MEYER BLUE,"5,977,000","1,905.23","3,137",Dec-24,MEYER ROAD,New Sale,Strata,177,"33,768",-,Apartment,1,Freehold,15,Rest of Central Region,11 to 15
THE MAKENA,"3,525,000","1,636.13","2,154",Dec-24,MEYER ROAD,Resale,Strata,152,"23,191",-,Condominium,1,Freehold,15,Rest of Central Region,21 to 25
HAIG COURT,"3,450,000","1,550.02","2,226",Dec-24,HAIG ROAD,Resale,Strata,144,"23,958",-,Condominium,1,Freehold,15,Rest of Central Region,11 to 15
SHEBA LODGE,"1,610,000","1,140.98","1,411",Dec-24,CARPMAEL ROAD,Resale,Strata,106,"15,189",-,Apartment,1,Freehold,15,Rest of Central Region,01 to 05
JUPITER 18,"985,888",581.26,"1,696",Dec-24,LORONG 102 CHANGI,Resale,Strata,54,"18,257",-,Apartment,1,Freehold,15,Rest of Central Region,01 to 05
SEVENTY SAINT PATRICK'S,"2,960,000","1,216.33","2,434",Dec-24,ST. PATRICK'S ROAD,Resale,Strata,113,"26,195",-,Condominium,1,Freehold,15,Outside Central Region,01 to 05
MANDARIN GARDENS,"3,300,000","2,034.4","1,622",Dec-24,SIGLAP ROAD,Resale,Strata,189,"17,460",-,Condominium,1,99 yrs lease commencing from 1982,15,Outside Central Region,16 to 20
THE CONTINUUM,"2,972,000","1,087.16","2,734",Dec-24,THIAM SIEW AVENUE,New Sale,Strata,101,"29,426",-,Apartment,1,Freehold,15,Rest of Central Region,01 to 05
PEACH GARDEN,"5,050,000","2,766.35","1,826",Dec-24,PEACH GARDEN,Resale,Strata,257,"19,650",-,Apartment,1,Freehold,15,Rest of Central Region,16 to 20
THE CONTINUUM,"2,003,000",667.37,"3,001",Dec-24,THIAM SIEW AVENUE,New Sale,Strata,62,"32,306",-,Apartment,1,Freehold,15,Rest of Central Region,11 to 15
CRESCENDO BUILDING,"1,730,000","1,302.44","1,328",Dec-24,UPPER EAST COAST ROAD,Resale,Strata,121,"14,298",-,Apartment,1,Freehold,15,Outside Central Region,01 to 05
NEPTUNE COURT,"1,318,000","1,270.15","1,038",Dec-24,MARINE VISTA,Resale,Strata,118,"11,169",-,Apartment,1,99 yrs lease commencing from 1976,15,Outside Central Region,11 to 15
SEASIDE RESIDENCES,"1,150,000",505.91,"2,273",Dec-24,SIGLAP LINK,Resale,Strata,47,"24,468",-,Apartment,1,99 yrs lease commencing from 2016,15,Outside Central Region,21 to 25
SPRING @ LANGSAT,"2,638,000","1,808.35","1,459",Dec-24,LANGSAT ROAD,Resale,Strata,168,"15,702",-,Apartment,1,Freehold,15,Rest of Central Region,01 to 05
GRAND DUNMAN,"3,645,000","1,431.61","2,546",Dec-24,DUNMAN ROAD,New Sale,Strata,133,"27,406",-,Apartment,1,99 yrs lease commencing from 2022,15,Rest of Central Region,06 to 10
LAGUNA PARK,"1,825,000","1,614.6","1,130",Dec-24,MARINE PARADE ROAD,Resale,Strata,150,"12,167",-,Apartment,1,99 yrs lease commencing from 1977,15,Outside Central Region,11 to 15
COASTLINE RESIDENCES,"1,260,000",452.09,"2,787",Dec-24,AMBER ROAD,Sub Sale,Strata,42,"30,000",-,Apartment,1,Freehold,15,Rest of Central Region,16 to 20
THE RAMFORD,"2,600,000","1,646.89","1,579",Dec-24,RAMBAI ROAD,Resale,Strata,153,"16,993",-,Apartment,1,Freehold,15,Rest of Central Region,01 to 05
IMPERIAL HEIGHTS,"1,480,999",775.01,"1,911",Dec-24,IPOH LANE,Resale,Strata,72,"20,569",-,Apartment,1,Freehold,15,Rest of Central Region,11 to 15
MARINE MEADOWS,"1,400,000",839.59,"1,667",Dec-24,MARINE PARADE,Resale,Strata,78,"17,949",-,Apartment,1,Freehold,15,Rest of Central Region,01 to 05
WATER PLACE,"2,450,000","1,356.26","1,806",Dec-24,TANJONG RHU ROAD,Resale,Strata,126,"19,444",-,Condominium,1,99 yrs lease commencing from 1998,15,Rest of Central Region,06 to 10
SIGLAP V,"1,435,888","1,162.51","1,235",Dec-24,FIRST STREET,Resale,Strata,108,"13,295",-,Apartment,1,Freehold,15,Outside Central Region,01 to 05
ST PATRICK'S RESIDENCES,"4,000,000","2,464.96","1,623",Dec-24,ST. PATRICK'S ROAD,Resale,Strata,229,"17,467",-,Apartment,1,Freehold,15,Outside Central Region,01 to 05
GRAND DUNMAN,"3,836,000","1,474.67","2,601",Dec-24,DUNMAN ROAD,New Sale,Strata,137,"28,000",-,Apartment,1,99 yrs lease commencing from 2022,15,Rest of Central Region,16 to 20
SIGLAP V,"1,000,000",828.83,"1,207",Dec-24,FIRST STREET,Resale,Strata,77,"12,987",-,Apartment,1,Freehold,15,Outside Central Region,01 to 05
THE LINE @ TANJONG RHU,"2,050,000",893.41,"2,295",Dec-24,TANJONG RHU ROAD,Resale,Strata,83,"24,699",-,Condominium,1,Freehold,15,Rest of Central Region,16 to 20
NEPTUNE COURT,"1,230,000","1,270.15",968,Dec-24,MARINE VISTA,Resale,Strata,118,"10,424",-,Apartment,1,99 yrs lease commencing from 1976,15,Outside Central Region,11 to 15
NEPTUNE COURT,"1,150,000","1,270.15",905,Dec-24,MARINE VISTA,Resale,Strata,118,"9,746",-,Apartment,1,99 yrs lease commencing from 1976,15,Outside Central Region,01 to 05
SEASIDE RESIDENCES,"1,610,000",678.13,"2,374",Dec-24,SIGLAP LINK,Resale,Strata,63,"25,556",-,Apartment,1,99 yrs lease commencing from 2016,15,Outside Central Region,16 to 20
COSTA RHU,"3,080,000","2,055.92","1,498",Dec-24,RHU CROSS,Resale,Strata,191,"16,126",-,Condominium,1,99 yrs lease commencing from 1994,15,Rest of Central Region,01 to 05
ONE AMBER,"2,873,500","1,259.39","2,282",Dec-24,AMBER GARDENS,Resale,Strata,117,"24,560",-,Condominium,1,Freehold,15,Rest of Central Region,11 to 15
TANJONG RIA CONDOMINIUM,"2,063,888","1,237.86","1,667",Dec-24,TANJONG RHU ROAD,Resale,Strata,115,"17,947",-,Condominium,1,99 yrs lease commencing from 1993,15,Rest of Central Region,16 to 20
SANCTUARY GREEN,"1,400,000",775.01,"1,806",Dec-24,TANJONG RHU ROAD,Resale,Strata,72,"19,444",-,Condominium,1,99 yrs lease commencing from 1997,15,Rest of Central Region,06 to 10
HOMEY GARDENS,"2,425,000","1,743.77","1,391",Dec-24,LORONG M TELOK KURAU,Resale,Strata,162,"14,969",-,Apartment,1,Freehold,15,Outside Central Region,01 to 05
THE CONTINUUM,"2,695,000",871.88,"3,091",Dec-24,THIAM SIEW AVENUE,New Sale,Strata,81,"33,272",-,Apartment,1,Freehold,15,Rest of Central Region,11 to 15
THE CONTINUUM,"2,940,000","1,065.64","2,759",Dec-24,THIAM SIEW AVENUE,New Sale,Strata,99,"29,697",-,Apartment,1,Freehold,15,Rest of Central Region,06 to 10
NEPTUNE COURT,"1,155,000","1,270.15",909,Dec-24,MARINE VISTA,Resale,Strata,118,"9,788",-,Apartment,1,99 yrs lease commencing from 1976,15,Outside Central Region,06 to 10
KOON SENG HOUSE,"2,398,000","1,033.34","2,321",Dec-24,KOON SENG ROAD,New Sale,Strata,96,"24,979",-,Apartment,1,Freehold,15,Rest of Central Region,01 to 05
TEMBUSU GRAND,"4,160,000","1,711.48","2,431",Dec-24,JALAN TEMBUSU,New Sale,Strata,159,"26,164",-,Condominium,1,99 yrs lease commencing from 2022,15,Rest of Central Region,11 to 15
THE ATRIA AT MEYER,"3,505,000","1,614.6","2,171",Dec-24,MEYER ROAD,Resale,Strata,150,"23,367",-,Condominium,1,Freehold,15,Rest of Central Region,11 to 15
MANDARIN GARDENS,"2,040,000","1,571.54","1,298",Dec-24,SIGLAP ROAD,Resale,Strata,146,"13,973",-,Condominium,1,99 yrs lease commencing from 1982,15,Outside Central Region,11 to 15
THE MAKENA,"2,300,000","1,151.75","1,997",Dec-24,MEYER ROAD,Resale,Strata,107,"21,495",-,Condominium,1,Freehold,15,Rest of Central Region,01 to 05
SUNNY PARC,"978,000",699.66,"1,398",Dec-24,LORONG K TELOK KURAU,Resale,Strata,65,"15,046",-,Apartment,1,Freehold,15,Outside Central Region,01 to 05
THE CONTINUUM,"1,962,000",645.84,"3,038",Dec-24,THIAM SIEW AVENUE,New Sale,Strata,60,"32,700",-,Apartment,1,Freehold,15,Rest of Central Region,11 to 15
TEMBUSU GRAND,"4,244,000","1,711.48","2,480",Dec-24,JALAN TEMBUSU,New Sale,Strata,159,"26,692",-,Condominium,1,99 yrs lease commencing from 2022,15,Rest of Central Region,16 to 20
SERAYA VILLE,"1,800,000","1,216.33","1,480",Dec-24,SERAYA LANE,Resale,Strata,113,"15,929",-,Apartment,1,Freehold,15,Rest of Central Region,01 to 05
SEVENTY SAINT PATRICK'S,"2,050,000",871.88,"2,351",Dec-24,ST. PATRICK'S ROAD,Resale,Strata,81,"25,309",-,Condominium,1,Freehold,15,Outside Central Region,01 to 05
VERSILIA ON HAIG,"2,180,000","1,130.22","1,929",Dec-24,IPOH LANE,Resale,Strata,105,"20,762",-,Condominium,1,Freehold,15,Rest of Central Region,11 to 15
QUESTA @ DUNMAN,"2,410,000","1,571.54","1,534",Dec-24,DUNMAN ROAD,Resale,Strata,146,"16,507",-,Apartment,1,Freehold,15,Rest of Central Region,11 to 15
38 I SUITES,"1,095,000",667.37,"1,641",Dec-24,IPOH LANE,Resale,Strata,62,"17,661",-,Apartment,1,Freehold,15,Rest of Central Region,06 to 10
EASTERN LAGOON,"1,650,000",893.41,"1,847",Dec-24,UPPER EAST COAST ROAD,Resale,Strata,83,"19,880",-,Condominium,1,Freehold,15,Outside Central Region,11 to 15
THE SEAFRONT ON MEYER,"3,830,000","1,603.84","2,388",Dec-24,MEYER ROAD,Resale,Strata,149,"25,705",-,Condominium,1,Freehold,15,Rest of Central Region,16 to 20
THE CONTINUUM,"3,539,000","1,270.15","2,786",Dec-24,THIAM SIEW AVENUE,New Sale,Strata,118,"29,992",-,Apartment,1,Freehold,15,Rest of Central Region,01 to 05
THE MAKENA,"2,465,000","1,151.75","2,140",Dec-24,MEYER ROAD,Resale,Strata,107,"23,037",-,Condominium,1,Freehold,15,Rest of Central Region,21 to 25
CHELSEA LODGE,"1,820,000","1,227.1","1,483",Dec-24,TANJONG KATONG ROAD,Resale,Strata,114,"15,965",-,Apartment,1,Freehold,15,Rest of Central Region,01 to 05
CRANE COURT,"1,420,000",968.76,"1,466",Dec-24,CRANE ROAD,Resale,Strata,90,"15,778",-,Apartment,1,Freehold,15,Rest of Central Region,01 to 05
THE CONTINUUM,"1,945,000",645.84,"3,012",Dec-24,THIAM SIEW AVENUE,New Sale,Strata,60,"32,417",-,Apartment,1,Freehold,15,Rest of Central Region,11 to 15
GRAND DUNMAN,"1,472,000",548.96,"2,681",Dec-24,DUNMAN ROAD,New Sale,Strata,51,"28,863",-,Apartment,1,99 yrs lease commencing from 2022,15,Rest of Central Region,06 to 10
THE WATERSIDE,"4,868,000","2,400.37","2,028",Dec-24,TANJONG RHU ROAD,Resale,Strata,223,"21,830",-,Condominium,1,Freehold,15,Rest of Central Region,01 to 05
THE MEYERISE,"3,520,000","1,270.15","2,771",Dec-24,MEYER ROAD,Resale,Strata,118,"29,831",-,Condominium,1,Freehold,15,Rest of Central Region,21 to 25
CLAYDENCE,"2,104,500",914.94,"2,300",Dec-24,STILL ROAD,New Sale,Strata,85,"24,759",-,Apartment,1,Freehold,15,Rest of Central Region,01 to 05
SEASIDE RESIDENCES,"1,100,000",505.91,"2,174",Dec-24,SIGLAP LINK,Resale,Strata,47,"23,404",-,Apartment,1,99 yrs lease commencing from 2016,15,Outside Central Region,21 to 25
NEPTUNE COURT,"1,550,000","1,636.13",947,Dec-24,MARINE VISTA,Resale,Strata,152,"10,197",-,Apartment,1,99 yrs lease commencing from 1975,15,Outside Central Region,06 to 10
SANCTUARY GREEN,"1,420,000",850.36,"1,670",Dec-24,TANJONG RHU ROAD,Resale,Strata,79,"17,975",-,Condominium,1,99 yrs lease commencing from 1997,15,Rest of Central Region,01 to 05
STILL MANSIONS,"1,650,000","1,140.98","1,446",Dec-24,STILL ROAD,Resale,Strata,106,"15,566",-,Apartment,1,Freehold,15,Outside Central Region,01 to 05
CASUARINA COVE,"2,680,000","1,625.36","1,649",Dec-24,TANJONG RHU ROAD,Resale,Strata,151,"17,748",-,Condominium,1,99 yrs lease commencing from 1993,15,Rest of Central Region,01 to 05
SEASIDE RESIDENCES,"1,100,000",559.73,"1,965",Dec-24,SIGLAP LINK,Resale,Strata,52,"21,154",-,Apartment,1,99 yrs lease commencing from 2016,15,Outside Central Region,01 to 05
THE MAKENA,"2,700,000","1,582.31","1,706",Dec-24,MEYER ROAD,Resale,Strata,147,"18,367",-,Condominium,1,Freehold,15,Rest of Central Region,01 to 05
SEVENTY SAINT PATRICK'S,"1,960,000",839.59,"2,334",Dec-24,ST. PATRICK'S ROAD,Resale,Strata,78,"25,128",-,Condominium,1,Freehold,15,Outside Central Region,01 to 05
CLAYDENCE,"2,773,800","1,205.57","2,301",Dec-24,STILL ROAD,New Sale,Strata,112,"24,766",-,Apartment,1,Freehold,15,Rest of Central Region,01 to 05
CLAYDENCE,"2,104,500",914.94,"2,300",Dec-24,STILL ROAD,New Sale,Strata,85,"24,759",-,Apartment,1,Freehold,15,Rest of Central Region,01 to 05
THE ODEON KATONG,"938,000",581.26,"1,614",Dec-24,EAST COAST ROAD,Resale,Strata,54,"17,370",-,Apartment,1,Freehold,15,Rest of Central Region,11 to 15
ONE EIGHTIES RESIDENCES,"1,240,000",635.08,"1,953",Dec-24,JOO CHIAT TERRACE,Resale,Strata,59,"21,017",-,Apartment,1,Freehold,15,Rest of Central Region,01 to 05
THE WATERSIDE,"4,518,000","2,142.04","2,109",Dec-24,TANJONG RHU ROAD,Resale,Strata,199,"22,704",-,Condominium,1,Freehold,15,Rest of Central Region,21 to 25
ONE AMBER,"2,200,000",958,"2,296",Dec-24,AMBER GARDENS,Resale,Strata,89,"24,719",-,Condominium,1,Freehold,15,Rest of Central Region,21 to 25
SIGLAP V,"780,000",516.67,"1,510",Dec-24,FIRST STREET,Resale,Strata,48,"16,250",-,Apartment,1,Freehold,15,Outside Central Region,01 to 05
BLU CORAL,"1,388,888","1,463.9",949,Dec-24,LORONG L TELOK KURAU,Resale,Strata,136,"10,212",-,Condominium,1,Freehold,15,Outside Central Region,01 to 05
ST PATRICK'S RESIDENCES,"3,101,688","1,517.72","2,044",Dec-24,ST. PATRICK'S ROAD,Resale,Strata,141,"21,998",-,Apartment,1,Freehold,15,Outside Central Region,01 to 05
THE CONTINUUM,"3,384,000","1,270.15","2,664",Dec-24,THIAM SIEW AVENUE,New Sale,Strata,118,"28,678",-,Apartment,1,Freehold,15,Rest of Central Region,01 to 05
MEYER BLUE,"3,108,000",990.29,"3,138",Dec-24,MEYER ROAD,New Sale,Strata,92,"33,783",-,Apartment,1,Freehold,15,Rest of Central Region,06 to 10
TREESCAPE,"1,588,000",871.88,"1,821",Dec-24,LORONG N TELOK KURAU,Resale,Strata,81,"19,605",-,Apartment,1,Freehold,15,Outside Central Region,01 to 05
BUTTERWORTH 8,"1,950,000","1,022.58","1,907",Dec-24,BUTTERWORTH LANE,Resale,Strata,95,"20,526",-,Condominium,1,Freehold,15,Rest of Central Region,06 to 10
SUITES @ EASTCOAST,"975,000",570.49,"1,709",Dec-24,UPPER EAST COAST ROAD,Resale,Strata,53,"18,396",-,Condominium,1,Freehold,15,Outside Central Region,01 to 05
COASTLINE RESIDENCES,"3,000,000","1,108.69","2,706",Dec-24,AMBER ROAD,Sub Sale,Strata,103,"29,126",-,Apartment,1,Freehold,15,Rest of Central Region,06 to 10
MAYA,"2,016,888","1,280.92","1,575",Dec-24,STILL ROAD,Resale,Strata,119,"16,949",-,Apartment,1,Freehold,15,Rest of Central Region,01 to 05
MEIER SUITES,"4,528,000","2,206.62","2,052",Dec-24,MARGATE ROAD,Resale,Strata,205,"22,088",-,Condominium,1,Freehold,15,Rest of Central Region,11 to 15
CRESCENDO BUILDING,"1,628,000","1,173.28","1,388",Dec-24,UPPER EAST COAST ROAD,Resale,Strata,109,"14,936",-,Apartment,1,Freehold,15,Outside Central Region,01 to 05
COSTA RHU,"3,280,000","2,055.92","1,595",Dec-24,RHU CROSS,Resale,Strata,191,"17,173",-,Condominium,1,99 yrs lease commencing from 1994,15,Rest of Central Region,06 to 10
AMBER PARK,"1,950,000",699.66,"2,787",Dec-24,AMBER GARDENS,Resale,Strata,65,"30,000",-,Condominium,1,Freehold,15,Rest of Central Region,06 to 10
38 I SUITES,"1,098,888","1,044.11","1,052",Dec-24,IPOH LANE,Resale,Strata,97,"11,329",-,Apartment,1,Freehold,15,Rest of Central Region,16 to 20
STRAITS RESIDENCES,"638,000",344.45,"1,852",Dec-24,JOO CHIAT PLACE,Resale,Strata,32,"19,938",-,Apartment,1,Freehold,15,Rest of Central Region,01 to 05
THE CONTINUUM,"2,860,000","1,065.64","2,684",Dec-24,THIAM SIEW AVENUE,New Sale,Strata,99,"28,889",-,Apartment,1,Freehold,15,Rest of Central Region,06 to 10
AMBER PARK,"1,880,000",678.13,"2,772",Dec-24,AMBER GARDENS,Resale,Strata,63,"29,841",-,Condominium,1,Freehold,15,Rest of Central Region,21 to 25
THE SEA VIEW,"1,330,000",559.73,"2,376",Dec-24,AMBER ROAD,Resale,Strata,52,"25,577",-,Condominium,1,Freehold,15,Rest of Central Region,06 to 10
MANDARIN GARDENS,"1,060,000",731.95,"1,448",Dec-24,SIGLAP ROAD,Resale,Strata,68,"15,588",-,Condominium,1,99 yrs lease commencing from 1982,15,Outside Central Region,11 to 15
THE SEAFRONT ON MEYER,"2,400,000","1,065.64","2,252",Dec-24,MEYER ROAD,Resale,Strata,99,"24,242",-,Condominium,1,Freehold,15,Rest of Central Region,01 to 05
FERNWOOD TOWERS,"2,500,000","1,636.13","1,528",Dec-24,FERNWOOD TERRACE,Resale,Strata,152,"16,447",-,Condominium,1,Freehold,15,Outside Central Region,01 to 05
THE CONTINUUM,"2,021,000",667.37,"3,028",Dec-24,THIAM SIEW AVENUE,New Sale,Strata,62,"32,597",-,Apartment,1,Freehold,15,Rest of Central Region,16 to 20
GRAND DUNMAN,"2,691,000","1,162.51","2,315",Dec-24,DUNMAN ROAD,New Sale,Strata,108,"24,917",-,Apartment,1,99 yrs lease commencing from 2022,15,Rest of Central Region,16 to 20
THE CONTINUUM,"3,028,000","1,065.64","2,841",Dec-24,THIAM SIEW AVENUE,New Sale,Strata,99,"30,586",-,Apartment,1,Freehold,15,Rest of Central Region,06 to 10
THE CONTINUUM,"3,052,000","1,065.64","2,864",Dec-24,THIAM SIEW AVENUE,New Sale,Strata,99,"30,828",-,Apartment,1,Freehold,15,Rest of Central Region,11 to 15
GRAND DUNMAN,"4,445,000","1,926.76","2,307",Nov-24,DUNMAN ROAD,New Sale,Strata,179,"24,832",-,Apartment,1,99 yrs lease commencing from 2022,15,Rest of Central Region,11 to 15
EMERALD OF KATONG,"1,787,000",624.31,"2,862",Nov-24,JALAN TEMBUSU,New Sale,Strata,58,"30,810",-,Condominium,1,99 yrs lease commencing from 2023,15,Rest of Central Region,11 to 15
EMERALD OF KATONG,"1,899,000",688.9,"2,757",Nov-24,JALAN TEMBUSU,New Sale,Strata,64,"29,672",-,Condominium,1,99 yrs lease commencing from 2023,15,Rest of Central Region,16 to 20
EMERALD OF KATONG,"2,348,000",968.76,"2,424",Nov-24,JALAN TEMBUSU,New Sale,Strata,90,"26,089",-,Condominium,1,99 yrs lease commencing from 2023,15,Rest of Central Region,01 to 05
EMERALD OF KATONG,"2,550,000",968.76,"2,632",Nov-24,JALAN TEMBUSU,New Sale,Strata,90,"28,333",-,Condominium,1,99 yrs lease commencing from 2023,15,Rest of Central Region,11 to 15
EMERALD OF KATONG,"1,871,000",678.13,"2,759",Nov-24,JALAN TEMBUSU,New Sale,Strata,63,"29,698",-,Condominium,1,99 yrs lease commencing from 2023,15,Rest of Central Region,16 to 20
EMERALD OF KATONG,"3,080,000","1,151.75","2,674",Nov-24,JALAN TEMBUSU,New Sale,Strata,107,"28,785",-,Condominium,1,99 yrs lease commencing from 2023,15,Rest of Central Region,16 to 20
EMERALD OF KATONG,"2,602,000","1,022.58","2,545",Nov-24,JALAN TEMBUSU,New Sale,Strata,95,"27,389",-,Condominium,1,99 yrs lease commencing from 2023,15,Rest of Central Region,01 to 05
EMERALD OF KATONG,"1,799,000",624.31,"2,882",Nov-24,JALAN TEMBUSU,New Sale,Strata,58,"31,017",-,Condominium,1,99 yrs lease commencing from 2023,15,Rest of Central Region,21 to 25
THE CONTINUUM,"3,691,000","1,270.15","2,906",Nov-24,THIAM SIEW AVENUE,New Sale,Strata,118,"31,280",-,Apartment,1,Freehold,15,Rest of Central Region,06 to 10
EMERALD OF KATONG,"3,061,000","1,259.39","2,431",Nov-24,JALAN TEMBUSU,New Sale,Strata,117,"26,162",-,Condominium,1,99 yrs lease commencing from 2023,15,Rest of Central Region,01 to 05
EMERALD OF KATONG,"3,354,000","1,259.39","2,663",Nov-24,JALAN TEMBUSU,New Sale,Strata,117,"28,667",-,Condominium,1,99 yrs lease commencing from 2023,15,Rest of Central Region,16 to 20
EMERALD OF KATONG,"2,673,000",990.29,"2,699",Nov-24,JALAN TEMBUSU,New Sale,Strata,92,"29,054",-,Condominium,1,99 yrs lease commencing from 2023,15,Rest of Central Region,21 to 25
THE CONTINUUM,"3,363,000","1,227.1","2,741",Nov-24,THIAM SIEW AVENUE,New Sale,Strata,114,"29,500",-,Apartment,1,Freehold,15,Rest of Central Region,01 to 05
CLAYDENCE,"2,474,800","1,076.4","2,299",Nov-24,STILL ROAD,New Sale,Strata,100,"24,748",-,Apartment,1,Freehold,15,Rest of Central Region,01 to 05
THE CAPE,"2,440,000","1,151.75","2,119",Nov-24,AMBER ROAD,Resale,Strata,107,"22,804",-,Apartment,1,Freehold,15,Rest of Central Region,11 to 15
THE LINE @ TANJONG RHU,"2,900,000","1,184.04","2,449",Nov-24,TANJONG RHU ROAD,Resale,Strata,110,"26,364",-,Condominium,1,Freehold,15,Rest of Central Region,11 to 15
KOON SENG HOUSE,"1,824,570",785.77,"2,322",Nov-24,KOON SENG ROAD,New Sale,Strata,73,"24,994",-,Apartment,1,Freehold,15,Rest of Central Region,01 to 05
ONE AMBER,"2,940,000","1,334.74","2,203",Nov-24,AMBER GARDENS,Resale,Strata,124,"23,710",-,Condominium,1,Freehold,15,Rest of Central Region,16 to 20
MAYFAIR RESIDENCES,"2,220,000","1,184.04","1,875",Nov-24,EAST COAST ROAD,Resale,Strata,110,"20,182",-,Apartment,1,Freehold,15,Outside Central Region,01 to 05
THE LINE @ TANJONG RHU,"2,460,000","1,054.87","2,332",Nov-24,TANJONG RHU ROAD,Resale,Strata,98,"25,102",-,Condominium,1,Freehold,15,Rest of Central Region,06 to 10
VERTIS,"2,380,000","1,205.57","1,974",Nov-24,AMBER GARDENS,Resale,Strata,112,"21,250",-,Apartment,1,Freehold,15,Rest of Central Region,01 to 05
THE CRISTALLO,"1,200,000",796.54,"1,507",Nov-24,LORONG K TELOK KURAU,Resale,Strata,74,"16,216",-,Apartment,1,Freehold,15,Outside Central Region,01 to 05
THE SEAFRONT ON MEYER,"5,600,000","2,314.26","2,420",Nov-24,MEYER ROAD,Resale,Strata,215,"26,047",-,Condominium,1,Freehold,15,Rest of Central Region,21 to 25
AMBER 45,"3,785,000","1,345.5","2,813",Nov-24,AMBER ROAD,Resale,Strata,125,"30,280",-,Apartment,1,Freehold,15,Rest of Central Region,16 to 20
FORT GARDENS,"1,900,000",958,"1,983",Nov-24,FORT ROAD,Resale,Strata,89,"21,348",-,Condominium,1,Freehold,15,Rest of Central Region,01 to 05
EMERALD OF KATONG,"1,437,000",484.38,"2,967",Nov-24,JALAN TEMBUSU,New Sale,Strata,45,"31,933",-,Condominium,1,99 yrs lease commencing from 2023,15,Rest of Central Region,16 to 20
COSTA RHU,"3,080,000","1,969.81","1,564",Nov-24,RHU CROSS,Resale,Strata,183,"16,831",-,Condominium,1,99 yrs lease commencing from 1994,15,Rest of Central Region,01 to 05
AMBER PARK,"1,850,000",699.66,"2,644",Nov-24,AMBER GARDENS,Resale,Strata,65,"28,462",-,Condominium,1,Freehold,15,Rest of Central Region,11 to 15
THE CONTINUUM,"1,932,000",645.84,"2,991",Nov-24,THIAM SIEW AVENUE,New Sale,Strata,60,"32,200",-,Apartment,1,Freehold,15,Rest of Central Region,16 to 20
THE RAMFORD,"2,300,000","1,194.8","1,925",Nov-24,RAMBAI ROAD,Resale,Strata,111,"20,721",-,Apartment,1,Freehold,15,Rest of Central Region,01 to 05
HAIG ELEVEN,"1,528,000",882.65,"1,731",Nov-24,HAIG AVENUE,Resale,Strata,82,"18,634",-,Apartment,1,Freehold,15,Rest of Central Region,01 to 05
THE CONTINUUM,"2,857,000","1,065.64","2,681",Nov-24,THIAM SIEW AVENUE,New Sale,Strata,99,"28,859",-,Apartment,1,Freehold,15,Rest of Central Region,01 to 05
THE CONTINUUM,"3,093,000","1,087.16","2,845",Nov-24,THIAM SIEW AVENUE,New Sale,Strata,101,"30,624",-,Apartment,1,Freehold,15,Rest of Central Region,06 to 10
THE CONTINUUM,"1,954,000",667.37,"2,928",Nov-24,THIAM SIEW AVENUE,New Sale,Strata,62,"31,516",-,Apartment,1,Freehold,15,Rest of Central Region,11 to 15
THE CONTINUUM,"3,745,000","1,291.68","2,899",Nov-24,THIAM SIEW AVENUE,New Sale,Strata,120,"31,208",-,Apartment,1,Freehold,15,Rest of Central Region,11 to 15
THE CONTINUUM,"2,611,000",871.88,"2,995",Nov-24,THIAM SIEW AVENUE,New Sale,Strata,81,"32,235",-,Apartment,1,Freehold,15,Rest of Central Region,16 to 20
THE CONTINUUM,"3,403,000","1,270.15","2,679",Nov-24,THIAM SIEW AVENUE,New Sale,Strata,118,"28,839",-,Apartment,1,Freehold,15,Rest of Central Region,01 to 05
THE CONTINUUM,"2,618,000",871.88,"3,003",Nov-24,THIAM SIEW AVENUE,New Sale,Strata,81,"32,321",-,Apartment,1,Freehold,15,Rest of Central Region,11 to 15
THE CONTINUUM,"1,981,000",667.37,"2,968",Nov-24,THIAM SIEW AVENUE,New Sale,Strata,62,"31,952",-,Apartment,1,Freehold,15,Rest of Central Region,16 to 20
MEYER BLUE,"2,035,000",667.37,"3,049",Nov-24,MEYER ROAD,New Sale,Strata,62,"32,823",-,Apartment,1,Freehold,15,Rest of Central Region,01 to 05
THE CONTINUUM,"2,928,000","1,087.16","2,693",Nov-24,THIAM SIEW AVENUE,New Sale,Strata,101,"28,990",-,Apartment,1,Freehold,15,Rest of Central Region,01 to 05
THE CONTINUUM,"3,321,000","1,227.1","2,706",Nov-24,THIAM SIEW AVENUE,New Sale,Strata,114,"29,132",-,Apartment,1,Freehold,15,Rest of Central Region,01 to 05
MEYER BLUE,"2,182,000",710.42,"3,071",Nov-24,MEYER ROAD,New Sale,Strata,66,"33,061",-,Apartment,1,Freehold,15,Rest of Central Region,01 to 05
SEASIDE RESIDENCES,"1,060,000",505.91,"2,095",Nov-24,SIGLAP LINK,Resale,Strata,47,"22,553",-,Apartment,1,99 yrs lease commencing from 2016,15,Outside Central Region,06 to 10
THE MINT RESIDENCES,"1,525,000",990.29,"1,540",Nov-24,JOO CHIAT TERRACE,Resale,Strata,92,"16,576",-,Apartment,1,Freehold,15,Rest of Central Region,01 to 05
VERTIS,"4,200,000","2,098.98","2,001",Nov-24,AMBER GARDENS,Resale,Strata,195,"21,538",-,Apartment,1,Freehold,15,Rest of Central Region,11 to 15
D'ECOSIA,"1,100,000","1,001.05","1,099",Nov-24,STILL ROAD SOUTH,Resale,Strata,93,"11,828",-,Condominium,1,Freehold,15,Outside Central Region,01 to 05
THE CONTINUUM,"2,857,000","1,065.64","2,681",Nov-24,THIAM SIEW AVENUE,New Sale,Strata,99,"28,859",-,Apartment,1,Freehold,15,Rest of Central Region,01 to 05
GRAND DUNMAN,"2,931,000","1,119.46","2,618",Nov-24,DUNMAN ROAD,New Sale,Strata,104,"28,183",-,Apartment,1,99 yrs lease commencing from 2022,15,Rest of Central Region,01 to 05
THE CONTINUUM,"2,154,000",807.3,"2,668",Nov-24,THIAM SIEW AVENUE,New Sale,Strata,75,"28,720",-,Apartment,1,Freehold,15,Rest of Central Region,16 to 20
VILLA MARINA,"1,940,000","1,248.62","1,554",Nov-24,JALAN SEMPADAN,Resale,Strata,116,"16,724",-,Condominium,1,99 yrs lease commencing from 1995,15,Outside Central Region,01 to 05
SUNSHINE MANSIONS,"1,240,000",785.77,"1,578",Nov-24,JOO CHIAT PLACE,Resale,Strata,73,"16,986",-,Apartment,1,Freehold,15,Outside Central Region,01 to 05
THE CONTINUUM,"2,857,000","1,065.64","2,681",Nov-24,THIAM SIEW AVENUE,New Sale,Strata,99,"28,859",-,Apartment,1,Freehold,15,Rest of Central Region,01 to 05
THE CONTINUUM,"1,584,000",559.73,"2,830",Nov-24,THIAM SIEW AVENUE,New Sale,Strata,52,"30,462",-,Apartment,1,Freehold,15,Rest of Central Region,06 to 10
THE CONTINUUM,"3,644,000","1,270.15","2,869",Nov-24,THIAM SIEW AVENUE,New Sale,Strata,118,"30,881",-,Apartment,1,Freehold,15,Rest of Central Region,06 to 10
THE CONTINUUM,"2,668,000",871.88,"3,060",Nov-24,THIAM SIEW AVENUE,New Sale,Strata,81,"32,938",-,Apartment,1,Freehold,15,Rest of Central Region,16 to 20
THE CONTINUUM,"3,073,000","1,065.64","2,884",Nov-24,THIAM SIEW AVENUE,New Sale,Strata,99,"31,040",-,Apartment,1,Freehold,15,Rest of Central Region,11 to 15
MEYER BLUE,"3,521,000","1,140.98","3,086",Nov-24,MEYER ROAD,New Sale,Strata,106,"33,217",-,Apartment,1,Freehold,15,Rest of Central Region,01 to 05
TEMBUSU GRAND,"2,675,000","1,184.04","2,259",Nov-24,JALAN TEMBUSU,New Sale,Strata,110,"24,318",-,Condominium,1,99 yrs lease commencing from 2022,15,Rest of Central Region,16 to 20
PEBBLE BAY,"4,300,000","2,281.97","1,884",Nov-24,TANJONG RHU ROAD,Resale,Strata,212,"20,283",-,Condominium,1,99 yrs lease commencing from 1994,15,Rest of Central Region,06 to 10
VILLA MARINA,"1,905,000","1,151.75","1,654",Nov-24,JALAN SEMPADAN,Resale,Strata,107,"17,804",-,Condominium,1,99 yrs lease commencing from 1995,15,Outside Central Region,01 to 05
THE RED HOUSE,"1,730,000","1,173.28","1,475",Nov-24,EAST COAST ROAD,Resale,Strata,109,"15,872",-,Apartment,1,99 yrs lease commencing from 2012,15,Rest of Central Region,01 to 05
THE CONTINUUM,"3,575,000","1,291.68","2,768",Nov-24,THIAM SIEW AVENUE,New Sale,Strata,120,"29,792",-,Apartment,1,Freehold,15,Rest of Central Region,06 to 10
THE CONTINUUM,"1,935,000",667.37,"2,899",Nov-24,THIAM SIEW AVENUE,New Sale,Strata,62,"31,210",-,Apartment,1,Freehold,15,Rest of Central Region,11 to 15
ONE AMBER,"3,088,000","1,388.56","2,224",Nov-24,AMBER GARDENS,Resale,Strata,129,"23,938",-,Condominium,1,Freehold,15,Rest of Central Region,11 to 15
THE CONTINUUM,"2,752,000",947.23,"2,905",Nov-24,THIAM SIEW AVENUE,New Sale,Strata,88,"31,273",-,Apartment,1,Freehold,15,Rest of Central Region,11 to 15
SERAYA RESIDENCES,"2,350,000","1,248.62","1,882",Nov-24,SERAYA LANE,Resale,Strata,116,"20,259",-,Apartment,1,Freehold,15,Rest of Central Region,01 to 05
THE CONTINUUM,"1,914,000",645.84,"2,964",Nov-24,THIAM SIEW AVENUE,New Sale,Strata,60,"31,900",-,Apartment,1,Freehold,15,Rest of Central Region,11 to 15
MANDARIN GARDENS,"2,530,000","2,012.87","1,257",Nov-24,SIGLAP ROAD,Resale,Strata,187,"13,529",-,Condominium,1,99 yrs lease commencing from 1982,15,Outside Central Region,01 to 05
THE CONTINUUM,"2,581,000",871.88,"2,960",Nov-24,THIAM SIEW AVENUE,New Sale,Strata,81,"31,864",-,Apartment,1,Freehold,15,Rest of Central Region,06 to 10
THE CONTINUUM,"2,594,000",871.88,"2,975",Nov-24,THIAM SIEW AVENUE,New Sale,Strata,81,"32,025",-,Apartment,1,Freehold,15,Rest of Central Region,11 to 15
EMERALD OF KATONG,"1,429,000",484.38,"2,950",Nov-24,JALAN TEMBUSU,New Sale,Strata,45,"31,756",-,Condominium,1,99 yrs lease commencing from 2023,15,Rest of Central Region,16 to 20
EMERALD OF KATONG,"3,590,000","1,474.67","2,434",Nov-24,JALAN TEMBUSU,New Sale,Strata,137,"26,204",-,Condominium,1,99 yrs lease commencing from 2023,15,Rest of Central Region,01 to 05
THE CONTINUUM,"3,644,000","1,270.15","2,869",Nov-24,THIAM SIEW AVENUE,New Sale,Strata,118,"30,881",-,Apartment,1,Freehold,15,Rest of Central Region,06 to 10
THE CONTINUUM,"1,954,000",667.37,"2,928",Nov-24,THIAM SIEW AVENUE,New Sale,Strata,62,"31,516",-,Apartment,1,Freehold,15,Rest of Central Region,11 to 15
THE CONTINUUM,"1,972,000",667.37,"2,955",Nov-24,THIAM SIEW AVENUE,New Sale,Strata,62,"31,806",-,Apartment,1,Freehold,15,Rest of Central Region,16 to 20
TEMBUSU GRAND,"2,698,000","1,173.28","2,300",Nov-24,JALAN TEMBUSU,New Sale,Strata,109,"24,752",-,Condominium,1,99 yrs lease commencing from 2022,15,Rest of Central Region,01 to 05
TEMBUSU GRAND,"2,708,000","1,173.28","2,308",Nov-24,JALAN TEMBUSU,New Sale,Strata,109,"24,844",-,Condominium,1,99 yrs lease commencing from 2022,15,Rest of Central Region,01 to 05
TEMBUSU GRAND,"2,698,000","1,173.28","2,300",Nov-24,JALAN TEMBUSU,New Sale,Strata,109,"24,752",-,Condominium,1,99 yrs lease commencing from 2022,15,Rest of Central Region,01 to 05
TEMBUSU GRAND,"2,728,000","1,173.28","2,325",Nov-24,JALAN TEMBUSU,New Sale,Strata,109,"25,028",-,Condominium,1,99 yrs lease commencing from 2022,15,Rest of Central Region,01 to 05
TEMBUSU GRAND,"3,083,000","1,399.32","2,203",Nov-24,JALAN TEMBUSU,New Sale,Strata,130,"23,715",-,Condominium,1,99 yrs lease commencing from 2022,15,Rest of Central Region,16 to 20
THE CONTINUUM,"2,871,000","1,065.64","2,694",Nov-24,THIAM SIEW AVENUE,New Sale,Strata,99,"29,000",-,Apartment,1,Freehold,15,Rest of Central Region,01 to 05
THE CONTINUUM,"3,053,000","1,087.16","2,808",Nov-24,THIAM SIEW AVENUE,New Sale,Strata,101,"30,228",-,Apartment,1,Freehold,15,Rest of Central Region,06 to 10
THE CONTINUUM,"3,080,000","1,087.16","2,833",Nov-24,THIAM SIEW AVENUE,New Sale,Strata,101,"30,495",-,Apartment,1,Freehold,15,Rest of Central Region,06 to 10
THE CONTINUUM,"3,714,000","1,291.68","2,875",Nov-24,THIAM SIEW AVENUE,New Sale,Strata,120,"30,950",-,Apartment,1,Freehold,15,Rest of Central Region,11 to 15
GRAND DUNMAN,"2,093,000",775.01,"2,701",Nov-24,DUNMAN ROAD,New Sale,Strata,72,"29,069",-,Apartment,1,99 yrs lease commencing from 2022,15,Rest of Central Region,01 to 05
THE CONTINUUM,"3,582,000","1,270.15","2,820",Nov-24,THIAM SIEW AVENUE,New Sale,Strata,118,"30,356",-,Apartment,1,Freehold,15,Rest of Central Region,06 to 10
THE CONTINUUM,"3,046,000","1,065.64","2,858",Nov-24,THIAM SIEW AVENUE,New Sale,Strata,99,"30,768",-,Apartment,1,Freehold,15,Rest of Central Region,11 to 15
THE CONTINUUM,"1,963,000",667.37,"2,941",Nov-24,THIAM SIEW AVENUE,New Sale,Strata,62,"31,661",-,Apartment,1,Freehold,15,Rest of Central Region,11 to 15
TEMBUSU GRAND,"2,752,000","1,173.28","2,346",Nov-24,JALAN TEMBUSU,New Sale,Strata,109,"25,248",-,Condominium,1,99 yrs lease commencing from 2022,15,Rest of Central Region,01 to 05
HERITAGE EAST,"785,000",462.85,"1,696",Nov-24,EAST COAST ROAD,Resale,Strata,43,"18,256",-,Apartment,1,Freehold,15,Outside Central Region,01 to 05
SILVERSEA,"9,200,000","4,563.94","2,016",Nov-24,MARINE PARADE ROAD,Resale,Strata,424,"21,698",-,Condominium,1,99 yrs lease commencing from 2007,15,Rest of Central Region,16 to 20
SUITES @ EASTCOAST,"660,000",365.98,"1,803",Nov-24,UPPER EAST COAST ROAD,Resale,Strata,34,"19,412",-,Condominium,1,Freehold,15,Outside Central Region,01 to 05
ONE AMBER,"2,968,000","1,259.39","2,357",Nov-24,AMBER GARDENS,Resale,Strata,117,"25,368",-,Condominium,1,Freehold,15,Rest of Central Region,16 to 20
THE CONTINUUM,"2,740,000",947.23,"2,893",Nov-24,THIAM SIEW AVENUE,New Sale,Strata,88,"31,136",-,Apartment,1,Freehold,15,Rest of Central Region,11 to 15
THE CONTINUUM,"1,963,000",667.37,"2,941",Nov-24,THIAM SIEW AVENUE,New Sale,Strata,62,"31,661",-,Apartment,1,Freehold,15,Rest of Central Region,11 to 15
THE CONTINUUM,"2,765,000",947.23,"2,919",Nov-24,THIAM SIEW AVENUE,New Sale,Strata,88,"31,420",-,Apartment,1,Freehold,15,Rest of Central Region,16 to 20
THE CONTINUUM,"1,972,000",667.37,"2,955",Nov-24,THIAM SIEW AVENUE,New Sale,Strata,62,"31,806",-,Apartment,1,Freehold,15,Rest of Central Region,16 to 20
RESIDENTIAL APARTMENTS,"2,450,000","1,334.74","1,836",Nov-24,CHAPEL CLOSE,Resale,Strata,124,"19,758",-,Apartment,1,Freehold,15,Rest of Central Region,01 to 05
GRAND DUNMAN,"3,025,000","1,119.46","2,702",Nov-24,DUNMAN ROAD,New Sale,Strata,104,"29,087",-,Apartment,1,99 yrs lease commencing from 2022,15,Rest of Central Region,01 to 05
GRAND DUNMAN,"3,064,000","1,119.46","2,737",Nov-24,DUNMAN ROAD,New Sale,Strata,104,"29,462",-,Apartment,1,99 yrs lease commencing from 2022,15,Rest of Central Region,01 to 05
THE CONTINUUM,"2,979,000","1,065.64","2,796",Nov-24,THIAM SIEW AVENUE,New Sale,Strata,99,"30,091",-,Apartment,1,Freehold,15,Rest of Central Region,06 to 10
THE CONTINUUM,"2,543,000",871.88,"2,917",Nov-24,THIAM SIEW AVENUE,New Sale,Strata,81,"31,395",-,Apartment,1,Freehold,15,Rest of Central Region,06 to 10
EMERALD OF KATONG,"1,240,000",484.38,"2,560",Nov-24,JALAN TEMBUSU,New Sale,Strata,45,"27,556",-,Condominium,1,99 yrs lease commencing from 2023,15,Rest of Central Region,01 to 05
EMERALD OF KATONG,"1,248,000",484.38,"2,576",Nov-24,JALAN TEMBUSU,New Sale,Strata,45,"27,733",-,Condominium,1,99 yrs lease commencing from 2023,15,Rest of Central Region,01 to 05
EMERALD OF KATONG,"3,099,000","1,270.15","2,440",Nov-24,JALAN TEMBUSU,New Sale,Strata,118,"26,263",-,Condominium,1,99 yrs lease commencing from 2023,15,Rest of Central Region,01 to 05
EMERALD OF KATONG,"1,759,000",688.9,"2,553",Nov-24,JALAN TEMBUSU,New Sale,Strata,64,"27,484",-,Condominium,1,99 yrs lease commencing from 2023,15,Rest of Central Region,01 to 05
EMERALD OF KATONG,"2,242,000",904.18,"2,480",Nov-24,JALAN TEMBUSU,New Sale,Strata,84,"26,690",-,Condominium,1,99 yrs lease commencing from 2023,15,Rest of Central Region,01 to 05
EMERALD OF KATONG,"1,305,000",484.38,"2,694",Nov-24,JALAN TEMBUSU,New Sale,Strata,45,"29,000",-,Condominium,1,99 yrs lease commencing from 2023,15,Rest of Central Region,06 to 10
EMERALD OF KATONG,"1,748,000",645.84,"2,707",Nov-24,JALAN TEMBUSU,New Sale,Strata,60,"29,133",-,Condominium,1,99 yrs lease commencing from 2023,15,Rest of Central Region,06 to 10
EMERALD OF KATONG,"1,337,000",484.38,"2,760",Nov-24,JALAN TEMBUSU,New Sale,Strata,45,"29,711",-,Condominium,1,99 yrs lease commencing from 2023,15,Rest of Central Region,06 to 10
EMERALD OF KATONG,"2,550,000",968.76,"2,632",Nov-24,JALAN TEMBUSU,New Sale,Strata,90,"28,333",-,Condominium,1,99 yrs lease commencing from 2023,15,Rest of Central Region,06 to 10
EMERALD OF KATONG,"1,768,000",645.84,"2,738",Nov-24,JALAN TEMBUSU,New Sale,Strata,60,"29,467",-,Condominium,1,99 yrs lease commencing from 2023,15,Rest of Central Region,06 to 10
EMERALD OF KATONG,"1,345,000",484.38,"2,777",Nov-24,JALAN TEMBUSU,New Sale,Strata,45,"29,889",-,Condominium,1,99 yrs lease commencing from 2023,15,Rest of Central Region,11 to 15
EMERALD OF KATONG,"1,849,000",688.9,"2,684",Nov-24,JALAN TEMBUSU,New Sale,Strata,64,"28,891",-,Condominium,1,99 yrs lease commencing from 2023,15,Rest of Central Region,11 to 15
EMERALD OF KATONG,"1,369,000",484.38,"2,826",Nov-24,JALAN TEMBUSU,New Sale,Strata,45,"30,422",-,Condominium,1,99 yrs lease commencing from 2023,15,Rest of Central Region,11 to 15
EMERALD OF KATONG,"2,598,000",968.76,"2,682",Nov-24,JALAN TEMBUSU,New Sale,Strata,90,"28,867",-,Condominium,1,99 yrs lease commencing from 2023,15,Rest of Central Region,11 to 15
EMERALD OF KATONG,"2,417,000",904.18,"2,673",Nov-24,JALAN TEMBUSU,New Sale,Strata,84,"28,774",-,Condominium,1,99 yrs lease commencing from 2023,15,Rest of Central Region,11 to 15
EMERALD OF KATONG,"2,440,000",904.18,"2,699",Nov-24,JALAN TEMBUSU,New Sale,Strata,84,"29,048",-,Condominium,1,99 yrs lease commencing from 2023,15,Rest of Central Region,11 to 15
EMERALD OF KATONG,"3,339,000","1,270.15","2,629",Nov-24,JALAN TEMBUSU,New Sale,Strata,118,"28,297",-,Condominium,1,99 yrs lease commencing from 2023,15,Rest of Central Region,16 to 20
EMERALD OF KATONG,"1,401,000",484.38,"2,892",Nov-24,JALAN TEMBUSU,New Sale,Strata,45,"31,133",-,Condominium,1,99 yrs lease commencing from 2023,15,Rest of Central Region,16 to 20
EMERALD OF KATONG,"2,645,000",968.76,"2,730",Nov-24,JALAN TEMBUSU,New Sale,Strata,90,"29,389",-,Condominium,1,99 yrs lease commencing from 2023,15,Rest of Central Region,16 to 20
EMERALD OF KATONG,"2,464,000",904.18,"2,725",Nov-24,JALAN TEMBUSU,New Sale,Strata,84,"29,333",-,Condominium,1,99 yrs lease commencing from 2023,15,Rest of Central Region,16 to 20
EMERALD OF KATONG,"1,848,000",645.84,"2,861",Nov-24,JALAN TEMBUSU,New Sale,Strata,60,"30,800",-,Condominium,1,99 yrs lease commencing from 2023,15,Rest of Central Region,16 to 20
EMERALD OF KATONG,"1,858,000",645.84,"2,877",Nov-24,JALAN TEMBUSU,New Sale,Strata,60,"30,967",-,Condominium,1,99 yrs lease commencing from 2023,15,Rest of Central Region,16 to 20
EMERALD OF KATONG,"1,417,000",484.38,"2,925",Nov-24,JALAN TEMBUSU,New Sale,Strata,45,"31,489",-,Condominium,1,99 yrs lease commencing from 2023,15,Rest of Central Region,16 to 20
EMERALD OF KATONG,"3,378,000","1,270.15","2,660",Nov-24,JALAN TEMBUSU,New Sale,Strata,118,"28,627",-,Condominium,1,99 yrs lease commencing from 2023,15,Rest of Central Region,16 to 20
EMERALD OF KATONG,"1,929,000",688.9,"2,800",Nov-24,JALAN TEMBUSU,New Sale,Strata,64,"30,141",-,Condominium,1,99 yrs lease commencing from 2023,15,Rest of Central Region,16 to 20
EMERALD OF KATONG,"2,488,000",904.18,"2,752",Nov-24,JALAN TEMBUSU,New Sale,Strata,84,"29,619",-,Condominium,1,99 yrs lease commencing from 2023,15,Rest of Central Region,16 to 20
EMERALD OF KATONG,"2,693,000",968.76,"2,780",Nov-24,JALAN TEMBUSU,New Sale,Strata,90,"29,922",-,Condominium,1,99 yrs lease commencing from 2023,15,Rest of Central Region,21 to 25
EMERALD OF KATONG,"2,764,000","1,151.75","2,400",Nov-24,JALAN TEMBUSU,New Sale,Strata,107,"25,832",-,Condominium,1,99 yrs lease commencing from 2023,15,Rest of Central Region,01 to 05
EMERALD OF KATONG,"1,781,000",678.13,"2,626",Nov-24,JALAN TEMBUSU,New Sale,Strata,63,"28,270",-,Condominium,1,99 yrs lease commencing from 2023,15,Rest of Central Region,06 to 10
EMERALD OF KATONG,"2,367,000",904.18,"2,618",Nov-24,JALAN TEMBUSU,New Sale,Strata,84,"28,179",-,Condominium,1,99 yrs lease commencing from 2023,15,Rest of Central Region,06 to 10
EMERALD OF KATONG,"1,801,000",678.13,"2,656",Nov-24,JALAN TEMBUSU,New Sale,Strata,63,"28,587",-,Condominium,1,99 yrs lease commencing from 2023,15,Rest of Central Region,06 to 10
EMERALD OF KATONG,"1,788,000",688.9,"2,595",Nov-24,JALAN TEMBUSU,New Sale,Strata,64,"27,938",-,Condominium,1,99 yrs lease commencing from 2023,15,Rest of Central Region,11 to 15
EMERALD OF KATONG,"2,879,000","1,151.75","2,500",Nov-24,JALAN TEMBUSU,New Sale,Strata,107,"26,907",-,Condominium,1,99 yrs lease commencing from 2023,15,Rest of Central Region,11 to 15
EMERALD OF KATONG,"3,015,000","1,151.75","2,618",Nov-24,JALAN TEMBUSU,New Sale,Strata,107,"28,178",-,Condominium,1,99 yrs lease commencing from 2023,15,Rest of Central Region,11 to 15
EMERALD OF KATONG,"2,944,000","1,151.75","2,556",Nov-24,JALAN TEMBUSU,New Sale,Strata,107,"27,514",-,Condominium,1,99 yrs lease commencing from 2023,15,Rest of Central Region,11 to 15
EMERALD OF KATONG,"2,591,000","1,022.58","2,534",Nov-24,JALAN TEMBUSU,New Sale,Strata,95,"27,274",-,Condominium,1,99 yrs lease commencing from 2023,15,Rest of Central Region,01 to 05
EMERALD OF KATONG,"2,578,000","1,022.58","2,521",Nov-24,JALAN TEMBUSU,New Sale,Strata,95,"27,137",-,Condominium,1,99 yrs lease commencing from 2023,15,Rest of Central Region,01 to 05
EMERALD OF KATONG,"2,254,000",904.18,"2,493",Nov-24,JALAN TEMBUSU,New Sale,Strata,84,"26,833",-,Condominium,1,99 yrs lease commencing from 2023,15,Rest of Central Region,01 to 05
EMERALD OF KATONG,"1,785,000",688.9,"2,591",Nov-24,JALAN TEMBUSU,New Sale,Strata,64,"27,891",-,Condominium,1,99 yrs lease commencing from 2023,15,Rest of Central Region,01 to 05
EMERALD OF KATONG,"2,614,000","1,022.58","2,556",Nov-24,JALAN TEMBUSU,New Sale,Strata,95,"27,516",-,Condominium,1,99 yrs lease commencing from 2023,15,Rest of Central Region,01 to 05
EMERALD OF KATONG,"1,685,000",645.84,"2,609",Nov-24,JALAN TEMBUSU,New Sale,Strata,60,"28,083",-,Condominium,1,99 yrs lease commencing from 2023,15,Rest of Central Region,06 to 10
EMERALD OF KATONG,"1,795,000",688.9,"2,606",Nov-24,JALAN TEMBUSU,New Sale,Strata,64,"28,047",-,Condominium,1,99 yrs lease commencing from 2023,15,Rest of Central Region,06 to 10
EMERALD OF KATONG,"1,695,000",645.84,"2,624",Nov-24,JALAN TEMBUSU,New Sale,Strata,60,"28,250",-,Condominium,1,99 yrs lease commencing from 2023,15,Rest of Central Region,06 to 10
EMERALD OF KATONG,"1,296,000",484.38,"2,676",Nov-24,JALAN TEMBUSU,New Sale,Strata,45,"28,800",-,Condominium,1,99 yrs lease commencing from 2023,15,Rest of Central Region,06 to 10
EMERALD OF KATONG,"2,673,000","1,022.58","2,614",Nov-24,JALAN TEMBUSU,New Sale,Strata,95,"28,137",-,Condominium,1,99 yrs lease commencing from 2023,15,Rest of Central Region,06 to 10
EMERALD OF KATONG,"1,735,000",645.84,"2,686",Nov-24,JALAN TEMBUSU,New Sale,Strata,60,"28,917",-,Condominium,1,99 yrs lease commencing from 2023,15,Rest of Central Region,06 to 10
EMERALD OF KATONG,"2,709,000","1,022.58","2,649",Nov-24,JALAN TEMBUSU,New Sale,Strata,95,"28,516",-,Condominium,1,99 yrs lease commencing from 2023,15,Rest of Central Region,11 to 15
EMERALD OF KATONG,"1,765,000",645.84,"2,733",Nov-24,JALAN TEMBUSU,New Sale,Strata,60,"29,417",-,Condominium,1,99 yrs lease commencing from 2023,15,Rest of Central Region,11 to 15
EMERALD OF KATONG,"2,396,000",904.18,"2,650",Nov-24,JALAN TEMBUSU,New Sale,Strata,84,"28,524",-,Condominium,1,99 yrs lease commencing from 2023,15,Rest of Central Region,11 to 15
EMERALD OF KATONG,"2,768,000","1,022.58","2,707",Nov-24,JALAN TEMBUSU,New Sale,Strata,95,"29,137",-,Condominium,1,99 yrs lease commencing from 2023,15,Rest of Central Region,16 to 20
EMERALD OF KATONG,"3,325,000","1,259.39","2,640",Nov-24,JALAN TEMBUSU,New Sale,Strata,117,"28,419",-,Condominium,1,99 yrs lease commencing from 2023,15,Rest of Central Region,16 to 20
EMERALD OF KATONG,"1,935,000",688.9,"2,809",Nov-24,JALAN TEMBUSU,New Sale,Strata,64,"30,234",-,Condominium,1,99 yrs lease commencing from 2023,15,Rest of Central Region,16 to 20
EMERALD OF KATONG,"2,637,000",990.29,"2,663",Nov-24,JALAN TEMBUSU,New Sale,Strata,92,"28,663",-,Condominium,1,99 yrs lease commencing from 2023,15,Rest of Central Region,16 to 20
EMERALD OF KATONG,"1,721,000",678.13,"2,538",Nov-24,JALAN TEMBUSU,New Sale,Strata,63,"27,317",-,Condominium,1,99 yrs lease commencing from 2023,15,Rest of Central Region,01 to 05
EMERALD OF KATONG,"1,599,000",624.31,"2,561",Nov-24,JALAN TEMBUSU,New Sale,Strata,58,"27,569",-,Condominium,1,99 yrs lease commencing from 2023,15,Rest of Central Region,01 to 05
EMERALD OF KATONG,"3,100,000","1,259.39","2,462",Nov-24,JALAN TEMBUSU,New Sale,Strata,117,"26,496",-,Condominium,1,99 yrs lease commencing from 2023,15,Rest of Central Region,01 to 05
EMERALD OF KATONG,"1,735,000",699.66,"2,480",Nov-24,JALAN TEMBUSU,New Sale,Strata,65,"26,692",-,Condominium,1,99 yrs lease commencing from 2023,15,Rest of Central Region,01 to 05
EMERALD OF KATONG,"1,609,000",624.31,"2,577",Nov-24,JALAN TEMBUSU,New Sale,Strata,58,"27,741",-,Condominium,1,99 yrs lease commencing from 2023,15,Rest of Central Region,01 to 05
EMERALD OF KATONG,"1,293,000",484.38,"2,669",Nov-24,JALAN TEMBUSU,New Sale,Strata,45,"28,733",-,Condominium,1,99 yrs lease commencing from 2023,15,Rest of Central Region,01 to 05
EMERALD OF KATONG,"2,540,000","1,022.58","2,484",Nov-24,JALAN TEMBUSU,New Sale,Strata,95,"26,737",-,Condominium,1,99 yrs lease commencing from 2023,15,Rest of Central Region,01 to 05
EMERALD OF KATONG,"3,178,000","1,259.39","2,523",Nov-24,JALAN TEMBUSU,New Sale,Strata,117,"27,162",-,Condominium,1,99 yrs lease commencing from 2023,15,Rest of Central Region,06 to 10
EMERALD OF KATONG,"1,805,000",699.66,"2,580",Nov-24,JALAN TEMBUSU,New Sale,Strata,65,"27,769",-,Condominium,1,99 yrs lease commencing from 2023,15,Rest of Central Region,06 to 10
EMERALD OF KATONG,"2,623,000","1,022.58","2,565",Nov-24,JALAN TEMBUSU,New Sale,Strata,95,"27,611",-,Condominium,1,99 yrs lease commencing from 2023,15,Rest of Central Region,11 to 15
EMERALD OF KATONG,"3,230,000","1,259.39","2,565",Nov-24,JALAN TEMBUSU,New Sale,Strata,117,"27,607",-,Condominium,1,99 yrs lease commencing from 2023,15,Rest of Central Region,11 to 15
EMERALD OF KATONG,"1,841,000",678.13,"2,715",Nov-24,JALAN TEMBUSU,New Sale,Strata,63,"29,222",-,Condominium,1,99 yrs lease commencing from 2023,15,Rest of Central Region,11 to 15
EMERALD OF KATONG,"2,345,000",882.65,"2,657",Nov-24,JALAN TEMBUSU,New Sale,Strata,82,"28,598",-,Condominium,1,99 yrs lease commencing from 2023,15,Rest of Central Region,11 to 15
EMERALD OF KATONG,"3,282,000","1,259.39","2,606",Nov-24,JALAN TEMBUSU,New Sale,Strata,117,"28,051",-,Condominium,1,99 yrs lease commencing from 2023,15,Rest of Central Region,16 to 20
EMERALD OF KATONG,"1,925,000",699.66,"2,751",Nov-24,JALAN TEMBUSU,New Sale,Strata,65,"29,615",-,Condominium,1,99 yrs lease commencing from 2023,15,Rest of Central Region,21 to 25
EMERALD OF KATONG,"3,881,000","1,560.78","2,487",Nov-24,JALAN TEMBUSU,New Sale,Strata,145,"26,766",-,Condominium,1,99 yrs lease commencing from 2023,15,Rest of Central Region,01 to 05
EMERALD OF KATONG,"3,684,000","1,474.67","2,498",Nov-24,JALAN TEMBUSU,New Sale,Strata,137,"26,891",-,Condominium,1,99 yrs lease commencing from 2023,15,Rest of Central Region,01 to 05
EMERALD OF KATONG,"3,740,000","1,474.67","2,536",Nov-24,JALAN TEMBUSU,New Sale,Strata,137,"27,299",-,Condominium,1,99 yrs lease commencing from 2023,15,Rest of Central Region,06 to 10
EMERALD OF KATONG,"3,810,000","1,474.67","2,584",Nov-24,JALAN TEMBUSU,New Sale,Strata,137,"27,810",-,Condominium,1,99 yrs lease commencing from 2023,15,Rest of Central Region,11 to 15
EMERALD OF KATONG,"3,824,000","1,474.67","2,593",Nov-24,JALAN TEMBUSU,New Sale,Strata,137,"27,912",-,Condominium,1,99 yrs lease commencing from 2023,15,Rest of Central Region,11 to 15
EMERALD OF KATONG,"3,362,000","1,313.21","2,560",Nov-24,JALAN TEMBUSU,New Sale,Strata,122,"27,557",-,Condominium,1,99 yrs lease commencing from 2023,15,Rest of Central Region,11 to 15
EMERALD OF KATONG,"3,928,000","1,474.67","2,664",Nov-24,JALAN TEMBUSU,New Sale,Strata,137,"28,672",-,Condominium,1,99 yrs lease commencing from 2023,15,Rest of Central Region,16 to 20
THE RED HOUSE,"999,000",731.95,"1,365",Nov-24,EAST COAST ROAD,Resale,Strata,68,"14,691",-,Apartment,1,99 yrs lease commencing from 2012,15,Rest of Central Region,01 to 05
EMERALD OF KATONG,"2,615,000","1,022.58","2,557",Nov-24,JALAN TEMBUSU,New Sale,Strata,95,"27,526",-,Condominium,1,99 yrs lease commencing from 2023,15,Rest of Central Region,01 to 05
EMERALD OF KATONG,"2,266,000",904.18,"2,506",Nov-24,JALAN TEMBUSU,New Sale,Strata,84,"26,976",-,Condominium,1,99 yrs lease commencing from 2023,15,Rest of Central Region,06 to 10
EMERALD OF KATONG,"3,224,000","1,259.39","2,560",Nov-24,JALAN TEMBUSU,New Sale,Strata,117,"27,556",-,Condominium,1,99 yrs lease commencing from 2023,15,Rest of Central Region,06 to 10
EMERALD OF KATONG,"3,237,000","1,259.39","2,570",Nov-24,JALAN TEMBUSU,New Sale,Strata,117,"27,667",-,Condominium,1,99 yrs lease commencing from 2023,15,Rest of Central Region,06 to 10
EMERALD OF KATONG,"2,566,000",990.29,"2,591",Nov-24,JALAN TEMBUSU,New Sale,Strata,92,"27,891",-,Condominium,1,99 yrs lease commencing from 2023,15,Rest of Central Region,11 to 15
EMERALD OF KATONG,"1,775,000",645.84,"2,748",Nov-24,JALAN TEMBUSU,New Sale,Strata,60,"29,583",-,Condominium,1,99 yrs lease commencing from 2023,15,Rest of Central Region,11 to 15
EMERALD OF KATONG,"1,360,000",484.38,"2,808",Nov-24,JALAN TEMBUSU,New Sale,Strata,45,"30,222",-,Condominium,1,99 yrs lease commencing from 2023,15,Rest of Central Region,11 to 15
EMERALD OF KATONG,"2,781,000","1,022.58","2,720",Nov-24,JALAN TEMBUSU,New Sale,Strata,95,"29,274",-,Condominium,1,99 yrs lease commencing from 2023,15,Rest of Central Region,11 to 15
EMERALD OF KATONG,"1,815,000",645.84,"2,810",Nov-24,JALAN TEMBUSU,New Sale,Strata,60,"30,250",-,Condominium,1,99 yrs lease commencing from 2023,15,Rest of Central Region,16 to 20
EMERALD OF KATONG,"2,432,000",904.18,"2,690",Nov-24,JALAN TEMBUSU,New Sale,Strata,84,"28,952",-,Condominium,1,99 yrs lease commencing from 2023,15,Rest of Central Region,16 to 20
TEMBUSU GRAND,"4,244,000","1,711.48","2,480",Nov-24,JALAN TEMBUSU,New Sale,Strata,159,"26,692",-,Condominium,1,99 yrs lease commencing from 2022,15,Rest of Central Region,16 to 20
THE RED HOUSE,"1,035,000",764.24,"1,354",Nov-24,EAST COAST ROAD,Resale,Strata,71,"14,577",-,Apartment,1,99 yrs lease commencing from 2012,15,Rest of Central Region,01 to 05
THE RED HOUSE,"1,035,000",764.24,"1,354",Nov-24,EAST COAST ROAD,Resale,Strata,71,"14,577",-,Apartment,1,99 yrs lease commencing from 2012,15,Rest of Central Region,01 to 05
PEBBLE BAY,"3,200,000","1,894.46","1,689",Nov-24,TANJONG RHU ROAD,Resale,Strata,176,"18,182",-,Condominium,1,99 yrs lease commencing from 1994,15,Rest of Central Region,01 to 05
THE COTZ,"705,000",452.09,"1,559",Nov-24,TELOK KURAU ROAD,Resale,Strata,42,"16,786",-,Apartment,1,Freehold,15,Outside Central Region,01 to 05
FIVENINE,"1,870,000","1,054.87","1,773",Nov-24,LORONG K TELOK KURAU,Resale,Strata,98,"19,082",-,Apartment,1,Freehold,15,Outside Central Region,01 to 05
THE CONTINUUM,"2,925,000","1,065.64","2,745",Nov-24,THIAM SIEW AVENUE,New Sale,Strata,99,"29,545",-,Apartment,1,Freehold,15,Rest of Central Region,06 to 10
THE CONTINUUM,"1,954,000",667.37,"2,928",Nov-24,THIAM SIEW AVENUE,New Sale,Strata,62,"31,516",-,Apartment,1,Freehold,15,Rest of Central Region,11 to 15
GRAND DUNMAN,"3,025,000","1,119.46","2,702",Nov-24,DUNMAN ROAD,New Sale,Strata,104,"29,087",-,Apartment,1,99 yrs lease commencing from 2022,15,Rest of Central Region,01 to 05
THE CONTINUUM,"2,586,000",871.88,"2,966",Nov-24,THIAM SIEW AVENUE,New Sale,Strata,81,"31,926",-,Apartment,1,Freehold,15,Rest of Central Region,11 to 15
THE CONTINUUM,"1,943,000",645.84,"3,008",Nov-24,THIAM SIEW AVENUE,New Sale,Strata,60,"32,383",-,Apartment,1,Freehold,15,Rest of Central Region,16 to 20
THE CONTINUUM,"2,034,000",721.19,"2,820",Nov-24,THIAM SIEW AVENUE,New Sale,Strata,67,"30,358",-,Apartment,1,Freehold,15,Rest of Central Region,01 to 05
THE CONTINUUM,"3,387,000","1,270.15","2,667",Nov-24,THIAM SIEW AVENUE,New Sale,Strata,118,"28,703",-,Apartment,1,Freehold,15,Rest of Central Region,01 to 05
THE CONTINUUM,"2,925,000","1,065.64","2,745",Nov-24,THIAM SIEW AVENUE,New Sale,Strata,99,"29,545",-,Apartment,1,Freehold,15,Rest of Central Region,06 to 10
THE CONTINUUM,"2,952,000","1,065.64","2,770",Nov-24,THIAM SIEW AVENUE,New Sale,Strata,99,"29,818",-,Apartment,1,Freehold,15,Rest of Central Region,06 to 10
THE CONTINUUM,"2,727,000",947.23,"2,879",Nov-24,THIAM SIEW AVENUE,New Sale,Strata,88,"30,989",-,Apartment,1,Freehold,15,Rest of Central Region,11 to 15
THE CONTINUUM,"1,954,000",667.37,"2,928",Nov-24,THIAM SIEW AVENUE,New Sale,Strata,62,"31,516",-,Apartment,1,Freehold,15,Rest of Central Region,11 to 15
THE CONTINUUM,"2,752,000",947.23,"2,905",Nov-24,THIAM SIEW AVENUE,New Sale,Strata,88,"31,273",-,Apartment,1,Freehold,15,Rest of Central Region,11 to 15
THE CONTINUUM,"1,972,000",667.37,"2,955",Nov-24,THIAM SIEW AVENUE,New Sale,Strata,62,"31,806",-,Apartment,1,Freehold,15,Rest of Central Region,16 to 20
THE CONTINUUM,"2,765,000",947.23,"2,919",Nov-24,THIAM SIEW AVENUE,New Sale,Strata,88,"31,420",-,Apartment,1,Freehold,15,Rest of Central Region,16 to 20
THE CONTINUUM,"1,981,000",667.37,"2,968",Nov-24,THIAM SIEW AVENUE,New Sale,Strata,62,"31,952",-,Apartment,1,Freehold,15,Rest of Central Region,16 to 20
THE CONTINUUM,"2,469,000",871.88,"2,832",Nov-24,THIAM SIEW AVENUE,New Sale,Strata,81,"30,481",-,Apartment,1,Freehold,15,Rest of Central Region,01 to 05
THE CONTINUUM,"2,494,000",871.88,"2,860",Nov-24,THIAM SIEW AVENUE,New Sale,Strata,81,"30,790",-,Apartment,1,Freehold,15,Rest of Central Region,01 to 05
THE CONTINUUM,"1,877,000",645.84,"2,906",Nov-24,THIAM SIEW AVENUE,New Sale,Strata,60,"31,283",-,Apartment,1,Freehold,15,Rest of Central Region,11 to 15
EMERALD OF KATONG,"1,245,000",484.38,"2,570",Nov-24,JALAN TEMBUSU,New Sale,Strata,45,"27,667",-,Condominium,1,99 yrs lease commencing from 2023,15,Rest of Central Region,01 to 05
EMERALD OF KATONG,"3,103,000","1,270.15","2,443",Nov-24,JALAN TEMBUSU,New Sale,Strata,118,"26,297",-,Condominium,1,99 yrs lease commencing from 2023,15,Rest of Central Region,01 to 05
EMERALD OF KATONG,"1,642,000",624.31,"2,630",Nov-24,JALAN TEMBUSU,New Sale,Strata,58,"28,310",-,Condominium,1,99 yrs lease commencing from 2023,15,Rest of Central Region,01 to 05
EMERALD OF KATONG,"1,745,000",688.9,"2,533",Nov-24,JALAN TEMBUSU,New Sale,Strata,64,"27,266",-,Condominium,1,99 yrs lease commencing from 2023,15,Rest of Central Region,01 to 05
EMERALD OF KATONG,"1,651,000",645.84,"2,556",Nov-24,JALAN TEMBUSU,New Sale,Strata,60,"27,517",-,Condominium,1,99 yrs lease commencing from 2023,15,Rest of Central Region,01 to 05
EMERALD OF KATONG,"2,387,000",990.29,"2,410",Nov-24,JALAN TEMBUSU,New Sale,Strata,92,"25,946",-,Condominium,1,99 yrs lease commencing from 2023,15,Rest of Central Region,01 to 05
EMERALD OF KATONG,"3,086,000","1,270.15","2,430",Nov-24,JALAN TEMBUSU,New Sale,Strata,118,"26,153",-,Condominium,1,99 yrs lease commencing from 2023,15,Rest of Central Region,01 to 05
EMERALD OF KATONG,"1,637,000",624.31,"2,622",Nov-24,JALAN TEMBUSU,New Sale,Strata,58,"28,224",-,Condominium,1,99 yrs lease commencing from 2023,15,Rest of Central Region,01 to 05
EMERALD OF KATONG,"1,739,000",688.9,"2,524",Nov-24,JALAN TEMBUSU,New Sale,Strata,64,"27,172",-,Condominium,1,99 yrs lease commencing from 2023,15,Rest of Central Region,01 to 05
EMERALD OF KATONG,"1,645,000",645.84,"2,547",Nov-24,JALAN TEMBUSU,New Sale,Strata,60,"27,417",-,Condominium,1,99 yrs lease commencing from 2023,15,Rest of Central Region,01 to 05
EMERALD OF KATONG,"2,399,000",990.29,"2,423",Nov-24,JALAN TEMBUSU,New Sale,Strata,92,"26,076",-,Condominium,1,99 yrs lease commencing from 2023,15,Rest of Central Region,01 to 05
EMERALD OF KATONG,"2,455,000",968.76,"2,534",Nov-24,JALAN TEMBUSU,New Sale,Strata,90,"27,278",-,Condominium,1,99 yrs lease commencing from 2023,15,Rest of Central Region,01 to 05
EMERALD OF KATONG,"2,230,000",904.18,"2,466",Nov-24,JALAN TEMBUSU,New Sale,Strata,84,"26,548",-,Condominium,1,99 yrs lease commencing from 2023,15,Rest of Central Region,01 to 05
EMERALD OF KATONG,"1,655,000",645.84,"2,563",Nov-24,JALAN TEMBUSU,New Sale,Strata,60,"27,583",-,Condominium,1,99 yrs lease commencing from 2023,15,Rest of Central Region,01 to 05
EMERALD OF KATONG,"1,256,000",484.38,"2,593",Nov-24,JALAN TEMBUSU,New Sale,Strata,45,"27,911",-,Condominium,1,99 yrs lease commencing from 2023,15,Rest of Central Region,01 to 05
EMERALD OF KATONG,"2,411,000",990.29,"2,435",Nov-24,JALAN TEMBUSU,New Sale,Strata,92,"26,207",-,Condominium,1,99 yrs lease commencing from 2023,15,Rest of Central Region,01 to 05
EMERALD OF KATONG,"3,112,000","1,270.15","2,450",Nov-24,JALAN TEMBUSU,New Sale,Strata,118,"26,373",-,Condominium,1,99 yrs lease commencing from 2023,15,Rest of Central Region,01 to 05
EMERALD OF KATONG,"1,657,000",624.31,"2,654",Nov-24,JALAN TEMBUSU,New Sale,Strata,58,"28,569",-,Condominium,1,99 yrs lease commencing from 2023,15,Rest of Central Region,01 to 05
EMERALD OF KATONG,"2,467,000",968.76,"2,547",Nov-24,JALAN TEMBUSU,New Sale,Strata,90,"27,411",-,Condominium,1,99 yrs lease commencing from 2023,15,Rest of Central Region,01 to 05
EMERALD OF KATONG,"1,264,000",484.38,"2,610",Nov-24,JALAN TEMBUSU,New Sale,Strata,45,"28,089",-,Condominium,1,99 yrs lease commencing from 2023,15,Rest of Central Region,01 to 05
EMERALD OF KATONG,"2,459,000",990.29,"2,483",Nov-24,JALAN TEMBUSU,New Sale,Strata,92,"26,728",-,Condominium,1,99 yrs lease commencing from 2023,15,Rest of Central Region,01 to 05
EMERALD OF KATONG,"1,297,000",484.38,"2,678",Nov-24,JALAN TEMBUSU,New Sale,Strata,45,"28,822",-,Condominium,1,99 yrs lease commencing from 2023,15,Rest of Central Region,06 to 10
EMERALD OF KATONG,"3,183,000","1,270.15","2,506",Nov-24,JALAN TEMBUSU,New Sale,Strata,118,"26,975",-,Condominium,1,99 yrs lease commencing from 2023,15,Rest of Central Region,06 to 10
EMERALD OF KATONG,"1,779,000",688.9,"2,582",Nov-24,JALAN TEMBUSU,New Sale,Strata,64,"27,797",-,Condominium,1,99 yrs lease commencing from 2023,15,Rest of Central Region,06 to 10
EMERALD OF KATONG,"2,491,000",968.76,"2,571",Nov-24,JALAN TEMBUSU,New Sale,Strata,90,"27,678",-,Condominium,1,99 yrs lease commencing from 2023,15,Rest of Central Region,06 to 10
EMERALD OF KATONG,"2,310,000",904.18,"2,555",Nov-24,JALAN TEMBUSU,New Sale,Strata,84,"27,500",-,Condominium,1,99 yrs lease commencing from 2023,15,Rest of Central Region,06 to 10
EMERALD OF KATONG,"1,718,000",645.84,"2,660",Nov-24,JALAN TEMBUSU,New Sale,Strata,60,"28,633",-,Condominium,1,99 yrs lease commencing from 2023,15,Rest of Central Region,06 to 10
EMERALD OF KATONG,"2,531,000",990.29,"2,556",Nov-24,JALAN TEMBUSU,New Sale,Strata,92,"27,511",-,Condominium,1,99 yrs lease commencing from 2023,15,Rest of Central Region,06 to 10
EMERALD OF KATONG,"1,687,000",624.31,"2,702",Nov-24,JALAN TEMBUSU,New Sale,Strata,58,"29,086",-,Condominium,1,99 yrs lease commencing from 2023,15,Rest of Central Region,06 to 10
EMERALD OF KATONG,"2,503,000",968.76,"2,584",Nov-24,JALAN TEMBUSU,New Sale,Strata,90,"27,811",-,Condominium,1,99 yrs lease commencing from 2023,15,Rest of Central Region,06 to 10
EMERALD OF KATONG,"2,322,000",904.18,"2,568",Nov-24,JALAN TEMBUSU,New Sale,Strata,84,"27,643",-,Condominium,1,99 yrs lease commencing from 2023,15,Rest of Central Region,06 to 10
EMERALD OF KATONG,"2,554,000",990.29,"2,579",Nov-24,JALAN TEMBUSU,New Sale,Strata,92,"27,761",-,Condominium,1,99 yrs lease commencing from 2023,15,Rest of Central Region,06 to 10
EMERALD OF KATONG,"3,222,000","1,270.15","2,537",Nov-24,JALAN TEMBUSU,New Sale,Strata,118,"27,305",-,Condominium,1,99 yrs lease commencing from 2023,15,Rest of Central Region,06 to 10
EMERALD OF KATONG,"1,809,000",688.9,"2,626",Nov-24,JALAN TEMBUSU,New Sale,Strata,64,"28,266",-,Condominium,1,99 yrs lease commencing from 2023,15,Rest of Central Region,06 to 10
EMERALD OF KATONG,"2,526,000",968.76,"2,607",Nov-24,JALAN TEMBUSU,New Sale,Strata,90,"28,067",-,Condominium,1,99 yrs lease commencing from 2023,15,Rest of Central Region,06 to 10
EMERALD OF KATONG,"2,345,000",904.18,"2,594",Nov-24,JALAN TEMBUSU,New Sale,Strata,84,"27,917",-,Condominium,1,99 yrs lease commencing from 2023,15,Rest of Central Region,06 to 10
EMERALD OF KATONG,"1,329,000",484.38,"2,744",Nov-24,JALAN TEMBUSU,New Sale,Strata,45,"29,533",-,Condominium,1,99 yrs lease commencing from 2023,15,Rest of Central Region,06 to 10
EMERALD OF KATONG,"2,566,000",990.29,"2,591",Nov-24,JALAN TEMBUSU,New Sale,Strata,92,"27,891",-,Condominium,1,99 yrs lease commencing from 2023,15,Rest of Central Region,06 to 10
EMERALD OF KATONG,"1,717,000",624.31,"2,750",Nov-24,JALAN TEMBUSU,New Sale,Strata,58,"29,603",-,Condominium,1,99 yrs lease commencing from 2023,15,Rest of Central Region,06 to 10
EMERALD OF KATONG,"2,357,000",904.18,"2,607",Nov-24,JALAN TEMBUSU,New Sale,Strata,84,"28,060",-,Condominium,1,99 yrs lease commencing from 2023,15,Rest of Central Region,06 to 10
EMERALD OF KATONG,"1,758,000",645.84,"2,722",Nov-24,JALAN TEMBUSU,New Sale,Strata,60,"29,300",-,Condominium,1,99 yrs lease commencing from 2023,15,Rest of Central Region,06 to 10
EMERALD OF KATONG,"2,578,000",990.29,"2,603",Nov-24,JALAN TEMBUSU,New Sale,Strata,92,"28,022",-,Condominium,1,99 yrs lease commencing from 2023,15,Rest of Central Region,06 to 10
EMERALD OF KATONG,"3,248,000","1,270.15","2,557",Nov-24,JALAN TEMBUSU,New Sale,Strata,118,"27,525",-,Condominium,1,99 yrs lease commencing from 2023,15,Rest of Central Region,06 to 10
EMERALD OF KATONG,"1,727,000",624.31,"2,766",Nov-24,JALAN TEMBUSU,New Sale,Strata,58,"29,776",-,Condominium,1,99 yrs lease commencing from 2023,15,Rest of Central Region,06 to 10
EMERALD OF KATONG,"2,590,000",990.29,"2,615",Nov-24,JALAN TEMBUSU,New Sale,Strata,92,"28,152",-,Condominium,1,99 yrs lease commencing from 2023,15,Rest of Central Region,11 to 15
EMERALD OF KATONG,"3,261,000","1,270.15","2,567",Nov-24,JALAN TEMBUSU,New Sale,Strata,118,"27,636",-,Condominium,1,99 yrs lease commencing from 2023,15,Rest of Central Region,11 to 15
EMERALD OF KATONG,"1,737,000",624.31,"2,782",Nov-24,JALAN TEMBUSU,New Sale,Strata,58,"29,948",-,Condominium,1,99 yrs lease commencing from 2023,15,Rest of Central Region,11 to 15
EMERALD OF KATONG,"1,839,000",688.9,"2,669",Nov-24,JALAN TEMBUSU,New Sale,Strata,64,"28,734",-,Condominium,1,99 yrs lease commencing from 2023,15,Rest of Central Region,11 to 15
EMERALD OF KATONG,"2,562,000",968.76,"2,645",Nov-24,JALAN TEMBUSU,New Sale,Strata,90,"28,467",-,Condominium,1,99 yrs lease commencing from 2023,15,Rest of Central Region,11 to 15
EMERALD OF KATONG,"2,393,000",904.18,"2,647",Nov-24,JALAN TEMBUSU,New Sale,Strata,84,"28,488",-,Condominium,1,99 yrs lease commencing from 2023,15,Rest of Central Region,11 to 15
EMERALD OF KATONG,"1,788,000",645.84,"2,768",Nov-24,JALAN TEMBUSU,New Sale,Strata,60,"29,800",-,Condominium,1,99 yrs lease commencing from 2023,15,Rest of Central Region,11 to 15
EMERALD OF KATONG,"1,361,000",484.38,"2,810",Nov-24,JALAN TEMBUSU,New Sale,Strata,45,"30,244",-,Condominium,1,99 yrs lease commencing from 2023,15,Rest of Central Region,11 to 15
EMERALD OF KATONG,"3,287,000","1,270.15","2,588",Nov-24,JALAN TEMBUSU,New Sale,Strata,118,"27,856",-,Condominium,1,99 yrs lease commencing from 2023,15,Rest of Central Region,11 to 15
EMERALD OF KATONG,"1,757,000",624.31,"2,814",Nov-24,JALAN TEMBUSU,New Sale,Strata,58,"30,293",-,Condominium,1,99 yrs lease commencing from 2023,15,Rest of Central Region,11 to 15
EMERALD OF KATONG,"2,586,000",968.76,"2,669",Nov-24,JALAN TEMBUSU,New Sale,Strata,90,"28,733",-,Condominium,1,99 yrs lease commencing from 2023,15,Rest of Central Region,11 to 15
EMERALD OF KATONG,"2,405,000",904.18,"2,660",Nov-24,JALAN TEMBUSU,New Sale,Strata,84,"28,631",-,Condominium,1,99 yrs lease commencing from 2023,15,Rest of Central Region,11 to 15
EMERALD OF KATONG,"1,798,000",645.84,"2,784",Nov-24,JALAN TEMBUSU,New Sale,Strata,60,"29,967",-,Condominium,1,99 yrs lease commencing from 2023,15,Rest of Central Region,11 to 15
EMERALD OF KATONG,"2,626,000",990.29,"2,652",Nov-24,JALAN TEMBUSU,New Sale,Strata,92,"28,543",-,Condominium,1,99 yrs lease commencing from 2023,15,Rest of Central Region,11 to 15
EMERALD OF KATONG,"3,300,000","1,270.15","2,598",Nov-24,JALAN TEMBUSU,New Sale,Strata,118,"27,966",-,Condominium,1,99 yrs lease commencing from 2023,15,Rest of Central Region,11 to 15
EMERALD OF KATONG,"1,767,000",624.31,"2,830",Nov-24,JALAN TEMBUSU,New Sale,Strata,58,"30,466",-,Condominium,1,99 yrs lease commencing from 2023,15,Rest of Central Region,11 to 15
EMERALD OF KATONG,"1,808,000",645.84,"2,799",Nov-24,JALAN TEMBUSU,New Sale,Strata,60,"30,133",-,Condominium,1,99 yrs lease commencing from 2023,15,Rest of Central Region,11 to 15
EMERALD OF KATONG,"1,385,000",484.38,"2,859",Nov-24,JALAN TEMBUSU,New Sale,Strata,45,"30,778",-,Condominium,1,99 yrs lease commencing from 2023,15,Rest of Central Region,11 to 15
EMERALD OF KATONG,"2,649,000",990.29,"2,675",Nov-24,JALAN TEMBUSU,New Sale,Strata,92,"28,793",-,Condominium,1,99 yrs lease commencing from 2023,15,Rest of Central Region,11 to 15
EMERALD OF KATONG,"1,889,000",688.9,"2,742",Nov-24,JALAN TEMBUSU,New Sale,Strata,64,"29,516",-,Condominium,1,99 yrs lease commencing from 2023,15,Rest of Central Region,11 to 15
EMERALD OF KATONG,"2,621,000",968.76,"2,706",Nov-24,JALAN TEMBUSU,New Sale,Strata,90,"29,122",-,Condominium,1,99 yrs lease commencing from 2023,15,Rest of Central Region,11 to 15
EMERALD OF KATONG,"1,393,000",484.38,"2,876",Nov-24,JALAN TEMBUSU,New Sale,Strata,45,"30,956",-,Condominium,1,99 yrs lease commencing from 2023,15,Rest of Central Region,16 to 20
EMERALD OF KATONG,"1,797,000",624.31,"2,878",Nov-24,JALAN TEMBUSU,New Sale,Strata,58,"30,983",-,Condominium,1,99 yrs lease commencing from 2023,15,Rest of Central Region,16 to 20
EMERALD OF KATONG,"2,633,000",968.76,"2,718",Nov-24,JALAN TEMBUSU,New Sale,Strata,90,"29,256",-,Condominium,1,99 yrs lease commencing from 2023,15,Rest of Central Region,16 to 20
EMERALD OF KATONG,"2,452,000",904.18,"2,712",Nov-24,JALAN TEMBUSU,New Sale,Strata,84,"29,190",-,Condominium,1,99 yrs lease commencing from 2023,15,Rest of Central Region,16 to 20
EMERALD OF KATONG,"1,838,000",645.84,"2,846",Nov-24,JALAN TEMBUSU,New Sale,Strata,60,"30,633",-,Condominium,1,99 yrs lease commencing from 2023,15,Rest of Central Region,16 to 20
EMERALD OF KATONG,"2,673,000",990.29,"2,699",Nov-24,JALAN TEMBUSU,New Sale,Strata,92,"29,054",-,Condominium,1,99 yrs lease commencing from 2023,15,Rest of Central Region,16 to 20
EMERALD OF KATONG,"3,352,000","1,270.15","2,639",Nov-24,JALAN TEMBUSU,New Sale,Strata,118,"28,407",-,Condominium,1,99 yrs lease commencing from 2023,15,Rest of Central Region,16 to 20
EMERALD OF KATONG,"1,807,000",624.31,"2,894",Nov-24,JALAN TEMBUSU,New Sale,Strata,58,"31,155",-,Condominium,1,99 yrs lease commencing from 2023,15,Rest of Central Region,16 to 20
EMERALD OF KATONG,"1,909,000",688.9,"2,771",Nov-24,JALAN TEMBUSU,New Sale,Strata,64,"29,828",-,Condominium,1,99 yrs lease commencing from 2023,15,Rest of Central Region,16 to 20
EMERALD OF KATONG,"1,409,000",484.38,"2,909",Nov-24,JALAN TEMBUSU,New Sale,Strata,45,"31,311",-,Condominium,1,99 yrs lease commencing from 2023,15,Rest of Central Region,16 to 20
EMERALD OF KATONG,"3,365,000","1,270.15","2,649",Nov-24,JALAN TEMBUSU,New Sale,Strata,118,"28,517",-,Condominium,1,99 yrs lease commencing from 2023,15,Rest of Central Region,16 to 20
EMERALD OF KATONG,"1,817,000",624.31,"2,910",Nov-24,JALAN TEMBUSU,New Sale,Strata,58,"31,328",-,Condominium,1,99 yrs lease commencing from 2023,15,Rest of Central Region,16 to 20
EMERALD OF KATONG,"2,657,000",968.76,"2,743",Nov-24,JALAN TEMBUSU,New Sale,Strata,90,"29,522",-,Condominium,1,99 yrs lease commencing from 2023,15,Rest of Central Region,16 to 20
EMERALD OF KATONG,"2,476,000",904.18,"2,738",Nov-24,JALAN TEMBUSU,New Sale,Strata,84,"29,476",-,Condominium,1,99 yrs lease commencing from 2023,15,Rest of Central Region,16 to 20
EMERALD OF KATONG,"2,697,000",990.29,"2,723",Nov-24,JALAN TEMBUSU,New Sale,Strata,92,"29,315",-,Condominium,1,99 yrs lease commencing from 2023,15,Rest of Central Region,16 to 20
EMERALD OF KATONG,"1,827,000",624.31,"2,926",Nov-24,JALAN TEMBUSU,New Sale,Strata,58,"31,500",-,Condominium,1,99 yrs lease commencing from 2023,15,Rest of Central Region,16 to 20
EMERALD OF KATONG,"2,669,000",968.76,"2,755",Nov-24,JALAN TEMBUSU,New Sale,Strata,90,"29,656",-,Condominium,1,99 yrs lease commencing from 2023,15,Rest of Central Region,16 to 20
EMERALD OF KATONG,"1,868,000",645.84,"2,892",Nov-24,JALAN TEMBUSU,New Sale,Strata,60,"31,133",-,Condominium,1,99 yrs lease commencing from 2023,15,Rest of Central Region,16 to 20
EMERALD OF KATONG,"1,425,000",484.38,"2,942",Nov-24,JALAN TEMBUSU,New Sale,Strata,45,"31,667",-,Condominium,1,99 yrs lease commencing from 2023,15,Rest of Central Region,16 to 20
EMERALD OF KATONG,"2,709,000",990.29,"2,736",Nov-24,JALAN TEMBUSU,New Sale,Strata,92,"29,446",-,Condominium,1,99 yrs lease commencing from 2023,15,Rest of Central Region,16 to 20
EMERALD OF KATONG,"3,391,000","1,270.15","2,670",Nov-24,JALAN TEMBUSU,New Sale,Strata,118,"28,737",-,Condominium,1,99 yrs lease commencing from 2023,15,Rest of Central Region,16 to 20
EMERALD OF KATONG,"1,837,000",624.31,"2,942",Nov-24,JALAN TEMBUSU,New Sale,Strata,58,"31,672",-,Condominium,1,99 yrs lease commencing from 2023,15,Rest of Central Region,16 to 20
EMERALD OF KATONG,"1,939,000",688.9,"2,815",Nov-24,JALAN TEMBUSU,New Sale,Strata,64,"30,297",-,Condominium,1,99 yrs lease commencing from 2023,15,Rest of Central Region,16 to 20
EMERALD OF KATONG,"2,681,000",968.76,"2,767",Nov-24,JALAN TEMBUSU,New Sale,Strata,90,"29,789",-,Condominium,1,99 yrs lease commencing from 2023,15,Rest of Central Region,16 to 20
EMERALD OF KATONG,"2,500,000",904.18,"2,765",Nov-24,JALAN TEMBUSU,New Sale,Strata,84,"29,762",-,Condominium,1,99 yrs lease commencing from 2023,15,Rest of Central Region,16 to 20
EMERALD OF KATONG,"1,878,000",645.84,"2,908",Nov-24,JALAN TEMBUSU,New Sale,Strata,60,"31,300",-,Condominium,1,99 yrs lease commencing from 2023,15,Rest of Central Region,16 to 20
EMERALD OF KATONG,"2,721,000",990.29,"2,748",Nov-24,JALAN TEMBUSU,New Sale,Strata,92,"29,576",-,Condominium,1,99 yrs lease commencing from 2023,15,Rest of Central Region,21 to 25
EMERALD OF KATONG,"3,404,000","1,270.15","2,680",Nov-24,JALAN TEMBUSU,New Sale,Strata,118,"28,847",-,Condominium,1,99 yrs lease commencing from 2023,15,Rest of Central Region,21 to 25
EMERALD OF KATONG,"1,847,000",624.31,"2,958",Nov-24,JALAN TEMBUSU,New Sale,Strata,58,"31,845",-,Condominium,1,99 yrs lease commencing from 2023,15,Rest of Central Region,21 to 25
EMERALD OF KATONG,"1,949,000",688.9,"2,829",Nov-24,JALAN TEMBUSU,New Sale,Strata,64,"30,453",-,Condominium,1,99 yrs lease commencing from 2023,15,Rest of Central Region,21 to 25
EMERALD OF KATONG,"2,512,000",904.18,"2,778",Nov-24,JALAN TEMBUSU,New Sale,Strata,84,"29,905",-,Condominium,1,99 yrs lease commencing from 2023,15,Rest of Central Region,21 to 25
EMERALD OF KATONG,"1,888,000",645.84,"2,923",Nov-24,JALAN TEMBUSU,New Sale,Strata,60,"31,467",-,Condominium,1,99 yrs lease commencing from 2023,15,Rest of Central Region,21 to 25
EMERALD OF KATONG,"1,717,000",678.13,"2,532",Nov-24,JALAN TEMBUSU,New Sale,Strata,63,"27,254",-,Condominium,1,99 yrs lease commencing from 2023,15,Rest of Central Region,01 to 05
EMERALD OF KATONG,"1,695,000",688.9,"2,460",Nov-24,JALAN TEMBUSU,New Sale,Strata,64,"26,484",-,Condominium,1,99 yrs lease commencing from 2023,15,Rest of Central Region,01 to 05
EMERALD OF KATONG,"2,846,000","1,151.75","2,471",Nov-24,JALAN TEMBUSU,New Sale,Strata,107,"26,598",-,Condominium,1,99 yrs lease commencing from 2023,15,Rest of Central Region,01 to 05
EMERALD OF KATONG,"2,337,000",968.76,"2,412",Nov-24,JALAN TEMBUSU,New Sale,Strata,90,"25,967",-,Condominium,1,99 yrs lease commencing from 2023,15,Rest of Central Region,01 to 05
EMERALD OF KATONG,"2,749,000","1,151.75","2,387",Nov-24,JALAN TEMBUSU,New Sale,Strata,107,"25,692",-,Condominium,1,99 yrs lease commencing from 2023,15,Rest of Central Region,01 to 05
EMERALD OF KATONG,"2,263,000",904.18,"2,503",Nov-24,JALAN TEMBUSU,New Sale,Strata,84,"26,940",-,Condominium,1,99 yrs lease commencing from 2023,15,Rest of Central Region,01 to 05
EMERALD OF KATONG,"1,698,000",688.9,"2,465",Nov-24,JALAN TEMBUSU,New Sale,Strata,64,"26,531",-,Condominium,1,99 yrs lease commencing from 2023,15,Rest of Central Region,01 to 05
EMERALD OF KATONG,"2,762,000","1,151.75","2,398",Nov-24,JALAN TEMBUSU,New Sale,Strata,107,"25,813",-,Condominium,1,99 yrs lease commencing from 2023,15,Rest of Central Region,01 to 05
EMERALD OF KATONG,"2,845,000","1,151.75","2,470",Nov-24,JALAN TEMBUSU,New Sale,Strata,107,"26,589",-,Condominium,1,99 yrs lease commencing from 2023,15,Rest of Central Region,01 to 05
EMERALD OF KATONG,"2,275,000",904.18,"2,516",Nov-24,JALAN TEMBUSU,New Sale,Strata,84,"27,083",-,Condominium,1,99 yrs lease commencing from 2023,15,Rest of Central Region,01 to 05
EMERALD OF KATONG,"2,361,000",968.76,"2,437",Nov-24,JALAN TEMBUSU,New Sale,Strata,90,"26,233",-,Condominium,1,99 yrs lease commencing from 2023,15,Rest of Central Region,01 to 05
EMERALD OF KATONG,"1,708,000",688.9,"2,479",Nov-24,JALAN TEMBUSU,New Sale,Strata,64,"26,688",-,Condominium,1,99 yrs lease commencing from 2023,15,Rest of Central Region,01 to 05
EMERALD OF KATONG,"2,775,000","1,151.75","2,409",Nov-24,JALAN TEMBUSU,New Sale,Strata,107,"25,935",-,Condominium,1,99 yrs lease commencing from 2023,15,Rest of Central Region,01 to 05
EMERALD OF KATONG,"2,885,000","1,151.75","2,505",Nov-24,JALAN TEMBUSU,New Sale,Strata,107,"26,963",-,Condominium,1,99 yrs lease commencing from 2023,15,Rest of Central Region,01 to 05
EMERALD OF KATONG,"2,898,000","1,151.75","2,516",Nov-24,JALAN TEMBUSU,New Sale,Strata,107,"27,084",-,Condominium,1,99 yrs lease commencing from 2023,15,Rest of Central Region,01 to 05
EMERALD OF KATONG,"1,751,000",678.13,"2,582",Nov-24,JALAN TEMBUSU,New Sale,Strata,63,"27,794",-,Condominium,1,99 yrs lease commencing from 2023,15,Rest of Central Region,06 to 10
EMERALD OF KATONG,"2,801,000","1,151.75","2,432",Nov-24,JALAN TEMBUSU,New Sale,Strata,107,"26,178",-,Condominium,1,99 yrs lease commencing from 2023,15,Rest of Central Region,06 to 10
EMERALD OF KATONG,"2,911,000","1,151.75","2,527",Nov-24,JALAN TEMBUSU,New Sale,Strata,107,"27,206",-,Condominium,1,99 yrs lease commencing from 2023,15,Rest of Central Region,06 to 10
EMERALD OF KATONG,"1,761,000",678.13,"2,597",Nov-24,JALAN TEMBUSU,New Sale,Strata,63,"27,952",-,Condominium,1,99 yrs lease commencing from 2023,15,Rest of Central Region,06 to 10
EMERALD OF KATONG,"2,344,000",904.18,"2,592",Nov-24,JALAN TEMBUSU,New Sale,Strata,84,"27,905",-,Condominium,1,99 yrs lease commencing from 2023,15,Rest of Central Region,06 to 10
EMERALD OF KATONG,"2,432,000",968.76,"2,510",Nov-24,JALAN TEMBUSU,New Sale,Strata,90,"27,022",-,Condominium,1,99 yrs lease commencing from 2023,15,Rest of Central Region,06 to 10
EMERALD OF KATONG,"1,738,000",688.9,"2,523",Nov-24,JALAN TEMBUSU,New Sale,Strata,64,"27,156",-,Condominium,1,99 yrs lease commencing from 2023,15,Rest of Central Region,06 to 10
EMERALD OF KATONG,"2,814,000","1,151.75","2,443",Nov-24,JALAN TEMBUSU,New Sale,Strata,107,"26,299",-,Condominium,1,99 yrs lease commencing from 2023,15,Rest of Central Region,06 to 10
EMERALD OF KATONG,"2,379,000",904.18,"2,631",Nov-24,JALAN TEMBUSU,New Sale,Strata,84,"28,321",-,Condominium,1,99 yrs lease commencing from 2023,15,Rest of Central Region,06 to 10
EMERALD OF KATONG,"2,467,000",968.76,"2,547",Nov-24,JALAN TEMBUSU,New Sale,Strata,90,"27,411",-,Condominium,1,99 yrs lease commencing from 2023,15,Rest of Central Region,06 to 10
EMERALD OF KATONG,"2,853,000","1,151.75","2,477",Nov-24,JALAN TEMBUSU,New Sale,Strata,107,"26,664",-,Condominium,1,99 yrs lease commencing from 2023,15,Rest of Central Region,06 to 10
EMERALD OF KATONG,"2,391,000",904.18,"2,644",Nov-24,JALAN TEMBUSU,New Sale,Strata,84,"28,464",-,Condominium,1,99 yrs lease commencing from 2023,15,Rest of Central Region,06 to 10
EMERALD OF KATONG,"1,778,000",688.9,"2,581",Nov-24,JALAN TEMBUSU,New Sale,Strata,64,"27,781",-,Condominium,1,99 yrs lease commencing from 2023,15,Rest of Central Region,06 to 10
EMERALD OF KATONG,"2,866,000","1,151.75","2,488",Nov-24,JALAN TEMBUSU,New Sale,Strata,107,"26,785",-,Condominium,1,99 yrs lease commencing from 2023,15,Rest of Central Region,06 to 10
EMERALD OF KATONG,"2,976,000","1,151.75","2,584",Nov-24,JALAN TEMBUSU,New Sale,Strata,107,"27,813",-,Condominium,1,99 yrs lease commencing from 2023,15,Rest of Central Region,06 to 10
EMERALD OF KATONG,"1,811,000",678.13,"2,671",Nov-24,JALAN TEMBUSU,New Sale,Strata,63,"28,746",-,Condominium,1,99 yrs lease commencing from 2023,15,Rest of Central Region,11 to 15
EMERALD OF KATONG,"2,403,000",904.18,"2,658",Nov-24,JALAN TEMBUSU,New Sale,Strata,84,"28,607",-,Condominium,1,99 yrs lease commencing from 2023,15,Rest of Central Region,11 to 15
EMERALD OF KATONG,"2,491,000",968.76,"2,571",Nov-24,JALAN TEMBUSU,New Sale,Strata,90,"27,678",-,Condominium,1,99 yrs lease commencing from 2023,15,Rest of Central Region,11 to 15
EMERALD OF KATONG,"2,415,000",904.18,"2,671",Nov-24,JALAN TEMBUSU,New Sale,Strata,84,"28,750",-,Condominium,1,99 yrs lease commencing from 2023,15,Rest of Central Region,11 to 15
EMERALD OF KATONG,"2,503,000",968.76,"2,584",Nov-24,JALAN TEMBUSU,New Sale,Strata,90,"27,811",-,Condominium,1,99 yrs lease commencing from 2023,15,Rest of Central Region,11 to 15
EMERALD OF KATONG,"2,892,000","1,151.75","2,511",Nov-24,JALAN TEMBUSU,New Sale,Strata,107,"27,028",-,Condominium,1,99 yrs lease commencing from 2023,15,Rest of Central Region,11 to 15
EMERALD OF KATONG,"3,002,000","1,151.75","2,606",Nov-24,JALAN TEMBUSU,New Sale,Strata,107,"28,056",-,Condominium,1,99 yrs lease commencing from 2023,15,Rest of Central Region,11 to 15
EMERALD OF KATONG,"1,831,000",678.13,"2,700",Nov-24,JALAN TEMBUSU,New Sale,Strata,63,"29,063",-,Condominium,1,99 yrs lease commencing from 2023,15,Rest of Central Region,11 to 15
EMERALD OF KATONG,"1,841,000",678.13,"2,715",Nov-24,JALAN TEMBUSU,New Sale,Strata,63,"29,222",-,Condominium,1,99 yrs lease commencing from 2023,15,Rest of Central Region,11 to 15
EMERALD OF KATONG,"2,527,000",968.76,"2,608",Nov-24,JALAN TEMBUSU,New Sale,Strata,90,"28,078",-,Condominium,1,99 yrs lease commencing from 2023,15,Rest of Central Region,11 to 15
EMERALD OF KATONG,"1,818,000",688.9,"2,639",Nov-24,JALAN TEMBUSU,New Sale,Strata,64,"28,406",-,Condominium,1,99 yrs lease commencing from 2023,15,Rest of Central Region,11 to 15
EMERALD OF KATONG,"1,861,000",678.13,"2,744",Nov-24,JALAN TEMBUSU,New Sale,Strata,63,"29,540",-,Condominium,1,99 yrs lease commencing from 2023,15,Rest of Central Region,11 to 15
EMERALD OF KATONG,"2,462,000",904.18,"2,723",Nov-24,JALAN TEMBUSU,New Sale,Strata,84,"29,310",-,Condominium,1,99 yrs lease commencing from 2023,15,Rest of Central Region,11 to 15
EMERALD OF KATONG,"1,838,000",688.9,"2,668",Nov-24,JALAN TEMBUSU,New Sale,Strata,64,"28,719",-,Condominium,1,99 yrs lease commencing from 2023,15,Rest of Central Region,11 to 15
EMERALD OF KATONG,"2,562,000",968.76,"2,645",Nov-24,JALAN TEMBUSU,New Sale,Strata,90,"28,467",-,Condominium,1,99 yrs lease commencing from 2023,15,Rest of Central Region,16 to 20
EMERALD OF KATONG,"1,848,000",688.9,"2,683",Nov-24,JALAN TEMBUSU,New Sale,Strata,64,"28,875",-,Condominium,1,99 yrs lease commencing from 2023,15,Rest of Central Region,16 to 20
EMERALD OF KATONG,"2,957,000","1,151.75","2,567",Nov-24,JALAN TEMBUSU,New Sale,Strata,107,"27,636",-,Condominium,1,99 yrs lease commencing from 2023,15,Rest of Central Region,16 to 20
EMERALD OF KATONG,"3,067,000","1,151.75","2,663",Nov-24,JALAN TEMBUSU,New Sale,Strata,107,"28,664",-,Condominium,1,99 yrs lease commencing from 2023,15,Rest of Central Region,16 to 20
EMERALD OF KATONG,"2,486,000",904.18,"2,749",Nov-24,JALAN TEMBUSU,New Sale,Strata,84,"29,595",-,Condominium,1,99 yrs lease commencing from 2023,15,Rest of Central Region,16 to 20
EMERALD OF KATONG,"2,574,000",968.76,"2,657",Nov-24,JALAN TEMBUSU,New Sale,Strata,90,"28,600",-,Condominium,1,99 yrs lease commencing from 2023,15,Rest of Central Region,16 to 20
EMERALD OF KATONG,"1,858,000",688.9,"2,697",Nov-24,JALAN TEMBUSU,New Sale,Strata,64,"29,031",-,Condominium,1,99 yrs lease commencing from 2023,15,Rest of Central Region,16 to 20
EMERALD OF KATONG,"2,970,000","1,151.75","2,579",Nov-24,JALAN TEMBUSU,New Sale,Strata,107,"27,757",-,Condominium,1,99 yrs lease commencing from 2023,15,Rest of Central Region,16 to 20
EMERALD OF KATONG,"1,891,000",678.13,"2,789",Nov-24,JALAN TEMBUSU,New Sale,Strata,63,"30,016",-,Condominium,1,99 yrs lease commencing from 2023,15,Rest of Central Region,16 to 20
EMERALD OF KATONG,"2,586,000",968.76,"2,669",Nov-24,JALAN TEMBUSU,New Sale,Strata,90,"28,733",-,Condominium,1,99 yrs lease commencing from 2023,15,Rest of Central Region,16 to 20
EMERALD OF KATONG,"1,868,000",688.9,"2,712",Nov-24,JALAN TEMBUSU,New Sale,Strata,64,"29,188",-,Condominium,1,99 yrs lease commencing from 2023,15,Rest of Central Region,16 to 20
EMERALD OF KATONG,"2,983,000","1,151.75","2,590",Nov-24,JALAN TEMBUSU,New Sale,Strata,107,"27,879",-,Condominium,1,99 yrs lease commencing from 2023,15,Rest of Central Region,16 to 20
EMERALD OF KATONG,"3,093,000","1,151.75","2,685",Nov-24,JALAN TEMBUSU,New Sale,Strata,107,"28,907",-,Condominium,1,99 yrs lease commencing from 2023,15,Rest of Central Region,16 to 20
EMERALD OF KATONG,"1,901,000",678.13,"2,803",Nov-24,JALAN TEMBUSU,New Sale,Strata,63,"30,175",-,Condominium,1,99 yrs lease commencing from 2023,15,Rest of Central Region,16 to 20
EMERALD OF KATONG,"2,510,000",904.18,"2,776",Nov-24,JALAN TEMBUSU,New Sale,Strata,84,"29,881",-,Condominium,1,99 yrs lease commencing from 2023,15,Rest of Central Region,16 to 20
EMERALD OF KATONG,"2,598,000",968.76,"2,682",Nov-24,JALAN TEMBUSU,New Sale,Strata,90,"28,867",-,Condominium,1,99 yrs lease commencing from 2023,15,Rest of Central Region,16 to 20
EMERALD OF KATONG,"1,878,000",688.9,"2,726",Nov-24,JALAN TEMBUSU,New Sale,Strata,64,"29,344",-,Condominium,1,99 yrs lease commencing from 2023,15,Rest of Central Region,16 to 20
EMERALD OF KATONG,"2,996,000","1,151.75","2,601",Nov-24,JALAN TEMBUSU,New Sale,Strata,107,"28,000",-,Condominium,1,99 yrs lease commencing from 2023,15,Rest of Central Region,16 to 20
EMERALD OF KATONG,"3,106,000","1,151.75","2,697",Nov-24,JALAN TEMBUSU,New Sale,Strata,107,"29,028",-,Condominium,1,99 yrs lease commencing from 2023,15,Rest of Central Region,16 to 20
EMERALD OF KATONG,"2,228,000",904.18,"2,464",Nov-24,JALAN TEMBUSU,New Sale,Strata,84,"26,524",-,Condominium,1,99 yrs lease commencing from 2023,15,Rest of Central Region,01 to 05
EMERALD OF KATONG,"3,120,000","1,259.39","2,477",Nov-24,JALAN TEMBUSU,New Sale,Strata,117,"26,667",-,Condominium,1,99 yrs lease commencing from 2023,15,Rest of Central Region,01 to 05
EMERALD OF KATONG,"1,642,000",624.31,"2,630",Nov-24,JALAN TEMBUSU,New Sale,Strata,58,"28,310",-,Condominium,1,99 yrs lease commencing from 2023,15,Rest of Central Region,01 to 05
EMERALD OF KATONG,"2,411,000",990.29,"2,435",Nov-24,JALAN TEMBUSU,New Sale,Strata,92,"26,207",-,Condominium,1,99 yrs lease commencing from 2023,15,Rest of Central Region,01 to 05
EMERALD OF KATONG,"1,245,000",484.38,"2,570",Nov-24,JALAN TEMBUSU,New Sale,Strata,45,"27,667",-,Condominium,1,99 yrs lease commencing from 2023,15,Rest of Central Region,01 to 05
EMERALD OF KATONG,"1,645,000",645.84,"2,547",Nov-24,JALAN TEMBUSU,New Sale,Strata,60,"27,417",-,Condominium,1,99 yrs lease commencing from 2023,15,Rest of Central Region,01 to 05
EMERALD OF KATONG,"2,218,000",904.18,"2,453",Nov-24,JALAN TEMBUSU,New Sale,Strata,84,"26,405",-,Condominium,1,99 yrs lease commencing from 2023,15,Rest of Central Region,01 to 05
EMERALD OF KATONG,"3,104,000","1,259.39","2,465",Nov-24,JALAN TEMBUSU,New Sale,Strata,117,"26,530",-,Condominium,1,99 yrs lease commencing from 2023,15,Rest of Central Region,01 to 05
EMERALD OF KATONG,"1,655,000",645.84,"2,563",Nov-24,JALAN TEMBUSU,New Sale,Strata,60,"27,583",-,Condominium,1,99 yrs lease commencing from 2023,15,Rest of Central Region,01 to 05
EMERALD OF KATONG,"2,230,000",904.18,"2,466",Nov-24,JALAN TEMBUSU,New Sale,Strata,84,"26,548",-,Condominium,1,99 yrs lease commencing from 2023,15,Rest of Central Region,01 to 05
EMERALD OF KATONG,"3,117,000","1,259.39","2,475",Nov-24,JALAN TEMBUSU,New Sale,Strata,117,"26,641",-,Condominium,1,99 yrs lease commencing from 2023,15,Rest of Central Region,01 to 05
EMERALD OF KATONG,"1,647,000",624.31,"2,638",Nov-24,JALAN TEMBUSU,New Sale,Strata,58,"28,397",-,Condominium,1,99 yrs lease commencing from 2023,15,Rest of Central Region,01 to 05
EMERALD OF KATONG,"2,590,000","1,022.58","2,533",Nov-24,JALAN TEMBUSU,New Sale,Strata,95,"27,263",-,Condominium,1,99 yrs lease commencing from 2023,15,Rest of Central Region,01 to 05
EMERALD OF KATONG,"1,248,000",484.38,"2,576",Nov-24,JALAN TEMBUSU,New Sale,Strata,45,"27,733",-,Condominium,1,99 yrs lease commencing from 2023,15,Rest of Central Region,01 to 05
EMERALD OF KATONG,"1,665,000",645.84,"2,578",Nov-24,JALAN TEMBUSU,New Sale,Strata,60,"27,750",-,Condominium,1,99 yrs lease commencing from 2023,15,Rest of Central Region,01 to 05
EMERALD OF KATONG,"2,242,000",904.18,"2,480",Nov-24,JALAN TEMBUSU,New Sale,Strata,84,"26,690",-,Condominium,1,99 yrs lease commencing from 2023,15,Rest of Central Region,01 to 05
EMERALD OF KATONG,"3,130,000","1,259.39","2,485",Nov-24,JALAN TEMBUSU,New Sale,Strata,117,"26,752",-,Condominium,1,99 yrs lease commencing from 2023,15,Rest of Central Region,01 to 05
EMERALD OF KATONG,"1,775,000",688.9,"2,577",Nov-24,JALAN TEMBUSU,New Sale,Strata,64,"27,734",-,Condominium,1,99 yrs lease commencing from 2023,15,Rest of Central Region,01 to 05
EMERALD OF KATONG,"1,657,000",624.31,"2,654",Nov-24,JALAN TEMBUSU,New Sale,Strata,58,"28,569",-,Condominium,1,99 yrs lease commencing from 2023,15,Rest of Central Region,01 to 05
EMERALD OF KATONG,"2,423,000",990.29,"2,447",Nov-24,JALAN TEMBUSU,New Sale,Strata,92,"26,337",-,Condominium,1,99 yrs lease commencing from 2023,15,Rest of Central Region,01 to 05
EMERALD OF KATONG,"1,256,000",484.38,"2,593",Nov-24,JALAN TEMBUSU,New Sale,Strata,45,"27,911",-,Condominium,1,99 yrs lease commencing from 2023,15,Rest of Central Region,01 to 05
EMERALD OF KATONG,"1,675,000",645.84,"2,594",Nov-24,JALAN TEMBUSU,New Sale,Strata,60,"27,917",-,Condominium,1,99 yrs lease commencing from 2023,15,Rest of Central Region,01 to 05
EMERALD OF KATONG,"1,667,000",624.31,"2,670",Nov-24,JALAN TEMBUSU,New Sale,Strata,58,"28,741",-,Condominium,1,99 yrs lease commencing from 2023,15,Rest of Central Region,01 to 05
EMERALD OF KATONG,"2,266,000",904.18,"2,506",Nov-24,JALAN TEMBUSU,New Sale,Strata,84,"26,976",-,Condominium,1,99 yrs lease commencing from 2023,15,Rest of Central Region,06 to 10
EMERALD OF KATONG,"3,156,000","1,259.39","2,506",Nov-24,JALAN TEMBUSU,New Sale,Strata,117,"26,974",-,Condominium,1,99 yrs lease commencing from 2023,15,Rest of Central Region,06 to 10
EMERALD OF KATONG,"2,626,000","1,022.58","2,568",Nov-24,JALAN TEMBUSU,New Sale,Strata,95,"27,642",-,Condominium,1,99 yrs lease commencing from 2023,15,Rest of Central Region,06 to 10
EMERALD OF KATONG,"2,447,000",990.29,"2,471",Nov-24,JALAN TEMBUSU,New Sale,Strata,92,"26,598",-,Condominium,1,99 yrs lease commencing from 2023,15,Rest of Central Region,06 to 10
EMERALD OF KATONG,"1,272,000",484.38,"2,626",Nov-24,JALAN TEMBUSU,New Sale,Strata,45,"28,267",-,Condominium,1,99 yrs lease commencing from 2023,15,Rest of Central Region,06 to 10
EMERALD OF KATONG,"3,169,000","1,259.39","2,516",Nov-24,JALAN TEMBUSU,New Sale,Strata,117,"27,085",-,Condominium,1,99 yrs lease commencing from 2023,15,Rest of Central Region,06 to 10
EMERALD OF KATONG,"1,805,000",688.9,"2,620",Nov-24,JALAN TEMBUSU,New Sale,Strata,64,"28,203",-,Condominium,1,99 yrs lease commencing from 2023,15,Rest of Central Region,06 to 10
EMERALD OF KATONG,"1,687,000",624.31,"2,702",Nov-24,JALAN TEMBUSU,New Sale,Strata,58,"29,086",-,Condominium,1,99 yrs lease commencing from 2023,15,Rest of Central Region,06 to 10
EMERALD OF KATONG,"2,459,000",990.29,"2,483",Nov-24,JALAN TEMBUSU,New Sale,Strata,92,"26,728",-,Condominium,1,99 yrs lease commencing from 2023,15,Rest of Central Region,06 to 10
EMERALD OF KATONG,"1,715,000",645.84,"2,655",Nov-24,JALAN TEMBUSU,New Sale,Strata,60,"28,583",-,Condominium,1,99 yrs lease commencing from 2023,15,Rest of Central Region,06 to 10
EMERALD OF KATONG,"3,195,000","1,259.39","2,537",Nov-24,JALAN TEMBUSU,New Sale,Strata,117,"27,308",-,Condominium,1,99 yrs lease commencing from 2023,15,Rest of Central Region,06 to 10
EMERALD OF KATONG,"2,661,000","1,022.58","2,602",Nov-24,JALAN TEMBUSU,New Sale,Strata,95,"28,011",-,Condominium,1,99 yrs lease commencing from 2023,15,Rest of Central Region,06 to 10
EMERALD OF KATONG,"2,482,000",990.29,"2,506",Nov-24,JALAN TEMBUSU,New Sale,Strata,92,"26,978",-,Condominium,1,99 yrs lease commencing from 2023,15,Rest of Central Region,06 to 10
EMERALD OF KATONG,"1,725,000",645.84,"2,671",Nov-24,JALAN TEMBUSU,New Sale,Strata,60,"28,750",-,Condominium,1,99 yrs lease commencing from 2023,15,Rest of Central Region,06 to 10
EMERALD OF KATONG,"2,313,000",904.18,"2,558",Nov-24,JALAN TEMBUSU,New Sale,Strata,84,"27,536",-,Condominium,1,99 yrs lease commencing from 2023,15,Rest of Central Region,06 to 10
EMERALD OF KATONG,"3,208,000","1,259.39","2,547",Nov-24,JALAN TEMBUSU,New Sale,Strata,117,"27,419",-,Condominium,1,99 yrs lease commencing from 2023,15,Rest of Central Region,06 to 10
EMERALD OF KATONG,"1,835,000",688.9,"2,664",Nov-24,JALAN TEMBUSU,New Sale,Strata,64,"28,672",-,Condominium,1,99 yrs lease commencing from 2023,15,Rest of Central Region,06 to 10
EMERALD OF KATONG,"1,717,000",624.31,"2,750",Nov-24,JALAN TEMBUSU,New Sale,Strata,58,"29,603",-,Condominium,1,99 yrs lease commencing from 2023,15,Rest of Central Region,06 to 10
EMERALD OF KATONG,"2,325,000",904.18,"2,571",Nov-24,JALAN TEMBUSU,New Sale,Strata,84,"27,679",-,Condominium,1,99 yrs lease commencing from 2023,15,Rest of Central Region,06 to 10
EMERALD OF KATONG,"1,727,000",624.31,"2,766",Nov-24,JALAN TEMBUSU,New Sale,Strata,58,"29,776",-,Condominium,1,99 yrs lease commencing from 2023,15,Rest of Central Region,06 to 10
EMERALD OF KATONG,"2,685,000","1,022.58","2,626",Nov-24,JALAN TEMBUSU,New Sale,Strata,95,"28,263",-,Condominium,1,99 yrs lease commencing from 2023,15,Rest of Central Region,06 to 10
EMERALD OF KATONG,"2,506,000",990.29,"2,531",Nov-24,JALAN TEMBUSU,New Sale,Strata,92,"27,239",-,Condominium,1,99 yrs lease commencing from 2023,15,Rest of Central Region,06 to 10
EMERALD OF KATONG,"1,312,000",484.38,"2,709",Nov-24,JALAN TEMBUSU,New Sale,Strata,45,"29,156",-,Condominium,1,99 yrs lease commencing from 2023,15,Rest of Central Region,06 to 10
EMERALD OF KATONG,"1,737,000",624.31,"2,782",Nov-24,JALAN TEMBUSU,New Sale,Strata,58,"29,948",-,Condominium,1,99 yrs lease commencing from 2023,15,Rest of Central Region,11 to 15
EMERALD OF KATONG,"2,697,000","1,022.58","2,637",Nov-24,JALAN TEMBUSU,New Sale,Strata,95,"28,389",-,Condominium,1,99 yrs lease commencing from 2023,15,Rest of Central Region,11 to 15
EMERALD OF KATONG,"2,518,000",990.29,"2,543",Nov-24,JALAN TEMBUSU,New Sale,Strata,92,"27,370",-,Condominium,1,99 yrs lease commencing from 2023,15,Rest of Central Region,11 to 15
EMERALD OF KATONG,"1,320,000",484.38,"2,725",Nov-24,JALAN TEMBUSU,New Sale,Strata,45,"29,333",-,Condominium,1,99 yrs lease commencing from 2023,15,Rest of Central Region,11 to 15
EMERALD OF KATONG,"1,755,000",645.84,"2,717",Nov-24,JALAN TEMBUSU,New Sale,Strata,60,"29,250",-,Condominium,1,99 yrs lease commencing from 2023,15,Rest of Central Region,11 to 15
EMERALD OF KATONG,"2,349,000",904.18,"2,598",Nov-24,JALAN TEMBUSU,New Sale,Strata,84,"27,964",-,Condominium,1,99 yrs lease commencing from 2023,15,Rest of Central Region,11 to 15
EMERALD OF KATONG,"1,328,000",484.38,"2,742",Nov-24,JALAN TEMBUSU,New Sale,Strata,45,"29,511",-,Condominium,1,99 yrs lease commencing from 2023,15,Rest of Central Region,11 to 15
EMERALD OF KATONG,"2,361,000",904.18,"2,611",Nov-24,JALAN TEMBUSU,New Sale,Strata,84,"28,107",-,Condominium,1,99 yrs lease commencing from 2023,15,Rest of Central Region,11 to 15
EMERALD OF KATONG,"1,875,000",688.9,"2,722",Nov-24,JALAN TEMBUSU,New Sale,Strata,64,"29,297",-,Condominium,1,99 yrs lease commencing from 2023,15,Rest of Central Region,11 to 15
EMERALD OF KATONG,"1,757,000",624.31,"2,814",Nov-24,JALAN TEMBUSU,New Sale,Strata,58,"30,293",-,Condominium,1,99 yrs lease commencing from 2023,15,Rest of Central Region,11 to 15
EMERALD OF KATONG,"2,721,000","1,022.58","2,661",Nov-24,JALAN TEMBUSU,New Sale,Strata,95,"28,642",-,Condominium,1,99 yrs lease commencing from 2023,15,Rest of Central Region,11 to 15
EMERALD OF KATONG,"1,336,000",484.38,"2,758",Nov-24,JALAN TEMBUSU,New Sale,Strata,45,"29,689",-,Condominium,1,99 yrs lease commencing from 2023,15,Rest of Central Region,11 to 15
EMERALD OF KATONG,"1,775,000",645.84,"2,748",Nov-24,JALAN TEMBUSU,New Sale,Strata,60,"29,583",-,Condominium,1,99 yrs lease commencing from 2023,15,Rest of Central Region,11 to 15
EMERALD OF KATONG,"2,373,000",904.18,"2,624",Nov-24,JALAN TEMBUSU,New Sale,Strata,84,"28,250",-,Condominium,1,99 yrs lease commencing from 2023,15,Rest of Central Region,11 to 15
EMERALD OF KATONG,"3,273,000","1,259.39","2,599",Nov-24,JALAN TEMBUSU,New Sale,Strata,117,"27,974",-,Condominium,1,99 yrs lease commencing from 2023,15,Rest of Central Region,11 to 15
EMERALD OF KATONG,"2,733,000","1,022.58","2,673",Nov-24,JALAN TEMBUSU,New Sale,Strata,95,"28,768",-,Condominium,1,99 yrs lease commencing from 2023,15,Rest of Central Region,11 to 15
EMERALD OF KATONG,"1,344,000",484.38,"2,775",Nov-24,JALAN TEMBUSU,New Sale,Strata,45,"29,867",-,Condominium,1,99 yrs lease commencing from 2023,15,Rest of Central Region,11 to 15
EMERALD OF KATONG,"1,795,000",645.84,"2,779",Nov-24,JALAN TEMBUSU,New Sale,Strata,60,"29,917",-,Condominium,1,99 yrs lease commencing from 2023,15,Rest of Central Region,11 to 15
EMERALD OF KATONG,"1,905,000",688.9,"2,765",Nov-24,JALAN TEMBUSU,New Sale,Strata,64,"29,766",-,Condominium,1,99 yrs lease commencing from 2023,15,Rest of Central Region,11 to 15
EMERALD OF KATONG,"1,787,000",624.31,"2,862",Nov-24,JALAN TEMBUSU,New Sale,Strata,58,"30,810",-,Condominium,1,99 yrs lease commencing from 2023,15,Rest of Central Region,11 to 15
EMERALD OF KATONG,"2,756,000","1,022.58","2,695",Nov-24,JALAN TEMBUSU,New Sale,Strata,95,"29,011",-,Condominium,1,99 yrs lease commencing from 2023,15,Rest of Central Region,11 to 15
EMERALD OF KATONG,"2,577,000",990.29,"2,602",Nov-24,JALAN TEMBUSU,New Sale,Strata,92,"28,011",-,Condominium,1,99 yrs lease commencing from 2023,15,Rest of Central Region,11 to 15
EMERALD OF KATONG,"1,360,000",484.38,"2,808",Nov-24,JALAN TEMBUSU,New Sale,Strata,45,"30,222",-,Condominium,1,99 yrs lease commencing from 2023,15,Rest of Central Region,11 to 15
EMERALD OF KATONG,"1,805,000",645.84,"2,795",Nov-24,JALAN TEMBUSU,New Sale,Strata,60,"30,083",-,Condominium,1,99 yrs lease commencing from 2023,15,Rest of Central Region,16 to 20
EMERALD OF KATONG,"2,408,000",904.18,"2,663",Nov-24,JALAN TEMBUSU,New Sale,Strata,84,"28,667",-,Condominium,1,99 yrs lease commencing from 2023,15,Rest of Central Region,16 to 20
EMERALD OF KATONG,"3,312,000","1,259.39","2,630",Nov-24,JALAN TEMBUSU,New Sale,Strata,117,"28,308",-,Condominium,1,99 yrs lease commencing from 2023,15,Rest of Central Region,16 to 20
EMERALD OF KATONG,"1,915,000",688.9,"2,780",Nov-24,JALAN TEMBUSU,New Sale,Strata,64,"29,922",-,Condominium,1,99 yrs lease commencing from 2023,15,Rest of Central Region,16 to 20
EMERALD OF KATONG,"1,797,000",624.31,"2,878",Nov-24,JALAN TEMBUSU,New Sale,Strata,58,"30,983",-,Condominium,1,99 yrs lease commencing from 2023,15,Rest of Central Region,16 to 20
EMERALD OF KATONG,"1,368,000",484.38,"2,824",Nov-24,JALAN TEMBUSU,New Sale,Strata,45,"30,400",-,Condominium,1,99 yrs lease commencing from 2023,15,Rest of Central Region,16 to 20
EMERALD OF KATONG,"1,815,000",645.84,"2,810",Nov-24,JALAN TEMBUSU,New Sale,Strata,60,"30,250",-,Condominium,1,99 yrs lease commencing from 2023,15,Rest of Central Region,16 to 20
EMERALD OF KATONG,"2,420,000",904.18,"2,676",Nov-24,JALAN TEMBUSU,New Sale,Strata,84,"28,810",-,Condominium,1,99 yrs lease commencing from 2023,15,Rest of Central Region,16 to 20
EMERALD OF KATONG,"1,925,000",688.9,"2,794",Nov-24,JALAN TEMBUSU,New Sale,Strata,64,"30,078",-,Condominium,1,99 yrs lease commencing from 2023,15,Rest of Central Region,16 to 20
EMERALD OF KATONG,"1,807,000",624.31,"2,894",Nov-24,JALAN TEMBUSU,New Sale,Strata,58,"31,155",-,Condominium,1,99 yrs lease commencing from 2023,15,Rest of Central Region,16 to 20
EMERALD OF KATONG,"2,601,000",990.29,"2,627",Nov-24,JALAN TEMBUSU,New Sale,Strata,92,"28,272",-,Condominium,1,99 yrs lease commencing from 2023,15,Rest of Central Region,16 to 20
EMERALD OF KATONG,"1,376,000",484.38,"2,841",Nov-24,JALAN TEMBUSU,New Sale,Strata,45,"30,578",-,Condominium,1,99 yrs lease commencing from 2023,15,Rest of Central Region,16 to 20
EMERALD OF KATONG,"1,825,000",645.84,"2,826",Nov-24,JALAN TEMBUSU,New Sale,Strata,60,"30,417",-,Condominium,1,99 yrs lease commencing from 2023,15,Rest of Central Region,16 to 20
EMERALD OF KATONG,"2,432,000",904.18,"2,690",Nov-24,JALAN TEMBUSU,New Sale,Strata,84,"28,952",-,Condominium,1,99 yrs lease commencing from 2023,15,Rest of Central Region,16 to 20
EMERALD OF KATONG,"3,338,000","1,259.39","2,650",Nov-24,JALAN TEMBUSU,New Sale,Strata,117,"28,530",-,Condominium,1,99 yrs lease commencing from 2023,15,Rest of Central Region,16 to 20
EMERALD OF KATONG,"1,817,000",624.31,"2,910",Nov-24,JALAN TEMBUSU,New Sale,Strata,58,"31,328",-,Condominium,1,99 yrs lease commencing from 2023,15,Rest of Central Region,16 to 20
EMERALD OF KATONG,"2,613,000",990.29,"2,639",Nov-24,JALAN TEMBUSU,New Sale,Strata,92,"28,402",-,Condominium,1,99 yrs lease commencing from 2023,15,Rest of Central Region,16 to 20
EMERALD OF KATONG,"1,384,000",484.38,"2,857",Nov-24,JALAN TEMBUSU,New Sale,Strata,45,"30,756",-,Condominium,1,99 yrs lease commencing from 2023,15,Rest of Central Region,16 to 20
EMERALD OF KATONG,"1,835,000",645.84,"2,841",Nov-24,JALAN TEMBUSU,New Sale,Strata,60,"30,583",-,Condominium,1,99 yrs lease commencing from 2023,15,Rest of Central Region,16 to 20
EMERALD OF KATONG,"2,444,000",904.18,"2,703",Nov-24,JALAN TEMBUSU,New Sale,Strata,84,"29,095",-,Condominium,1,99 yrs lease commencing from 2023,15,Rest of Central Region,16 to 20
EMERALD OF KATONG,"3,351,000","1,259.39","2,661",Nov-24,JALAN TEMBUSU,New Sale,Strata,117,"28,641",-,Condominium,1,99 yrs lease commencing from 2023,15,Rest of Central Region,16 to 20
EMERALD OF KATONG,"1,945,000",688.9,"2,823",Nov-24,JALAN TEMBUSU,New Sale,Strata,64,"30,391",-,Condominium,1,99 yrs lease commencing from 2023,15,Rest of Central Region,16 to 20
EMERALD OF KATONG,"1,827,000",624.31,"2,926",Nov-24,JALAN TEMBUSU,New Sale,Strata,58,"31,500",-,Condominium,1,99 yrs lease commencing from 2023,15,Rest of Central Region,16 to 20
EMERALD OF KATONG,"2,804,000","1,022.58","2,742",Nov-24,JALAN TEMBUSU,New Sale,Strata,95,"29,516",-,Condominium,1,99 yrs lease commencing from 2023,15,Rest of Central Region,16 to 20
EMERALD OF KATONG,"2,625,000",990.29,"2,651",Nov-24,JALAN TEMBUSU,New Sale,Strata,92,"28,533",-,Condominium,1,99 yrs lease commencing from 2023,15,Rest of Central Region,16 to 20
EMERALD OF KATONG,"1,392,000",484.38,"2,874",Nov-24,JALAN TEMBUSU,New Sale,Strata,45,"30,933",-,Condominium,1,99 yrs lease commencing from 2023,15,Rest of Central Region,16 to 20
EMERALD OF KATONG,"1,845,000",645.84,"2,857",Nov-24,JALAN TEMBUSU,New Sale,Strata,60,"30,750",-,Condominium,1,99 yrs lease commencing from 2023,15,Rest of Central Region,16 to 20
EMERALD OF KATONG,"2,456,000",904.18,"2,716",Nov-24,JALAN TEMBUSU,New Sale,Strata,84,"29,238",-,Condominium,1,99 yrs lease commencing from 2023,15,Rest of Central Region,16 to 20
EMERALD OF KATONG,"3,364,000","1,259.39","2,671",Nov-24,JALAN TEMBUSU,New Sale,Strata,117,"28,752",-,Condominium,1,99 yrs lease commencing from 2023,15,Rest of Central Region,16 to 20
EMERALD OF KATONG,"1,955,000",688.9,"2,838",Nov-24,JALAN TEMBUSU,New Sale,Strata,64,"30,547",-,Condominium,1,99 yrs lease commencing from 2023,15,Rest of Central Region,16 to 20
EMERALD OF KATONG,"1,855,000",645.84,"2,872",Nov-24,JALAN TEMBUSU,New Sale,Strata,60,"30,917",-,Condominium,1,99 yrs lease commencing from 2023,15,Rest of Central Region,21 to 25
EMERALD OF KATONG,"2,468,000",904.18,"2,730",Nov-24,JALAN TEMBUSU,New Sale,Strata,84,"29,381",-,Condominium,1,99 yrs lease commencing from 2023,15,Rest of Central Region,21 to 25
EMERALD OF KATONG,"3,377,000","1,259.39","2,681",Nov-24,JALAN TEMBUSU,New Sale,Strata,117,"28,863",-,Condominium,1,99 yrs lease commencing from 2023,15,Rest of Central Region,21 to 25
EMERALD OF KATONG,"1,965,000",688.9,"2,852",Nov-24,JALAN TEMBUSU,New Sale,Strata,64,"30,703",-,Condominium,1,99 yrs lease commencing from 2023,15,Rest of Central Region,21 to 25
EMERALD OF KATONG,"1,847,000",624.31,"2,958",Nov-24,JALAN TEMBUSU,New Sale,Strata,58,"31,845",-,Condominium,1,99 yrs lease commencing from 2023,15,Rest of Central Region,21 to 25
EMERALD OF KATONG,"2,828,000","1,022.58","2,766",Nov-24,JALAN TEMBUSU,New Sale,Strata,95,"29,768",-,Condominium,1,99 yrs lease commencing from 2023,15,Rest of Central Region,21 to 25
EMERALD OF KATONG,"2,649,000",990.29,"2,675",Nov-24,JALAN TEMBUSU,New Sale,Strata,92,"28,793",-,Condominium,1,99 yrs lease commencing from 2023,15,Rest of Central Region,21 to 25
EMERALD OF KATONG,"1,717,000",678.13,"2,532",Nov-24,JALAN TEMBUSU,New Sale,Strata,63,"27,254",-,Condominium,1,99 yrs lease commencing from 2023,15,Rest of Central Region,01 to 05
EMERALD OF KATONG,"1,595,000",624.31,"2,555",Nov-24,JALAN TEMBUSU,New Sale,Strata,58,"27,500",-,Condominium,1,99 yrs lease commencing from 2023,15,Rest of Central Region,01 to 05
EMERALD OF KATONG,"2,516,000","1,022.58","2,460",Nov-24,JALAN TEMBUSU,New Sale,Strata,95,"26,484",-,Condominium,1,99 yrs lease commencing from 2023,15,Rest of Central Region,01 to 05
EMERALD OF KATONG,"2,532,000",990.29,"2,557",Nov-24,JALAN TEMBUSU,New Sale,Strata,92,"27,522",-,Condominium,1,99 yrs lease commencing from 2023,15,Rest of Central Region,01 to 05
EMERALD OF KATONG,"1,282,000",484.38,"2,647",Nov-24,JALAN TEMBUSU,New Sale,Strata,45,"28,489",-,Condominium,1,99 yrs lease commencing from 2023,15,Rest of Central Region,01 to 05
EMERALD OF KATONG,"2,167,000",882.65,"2,455",Nov-24,JALAN TEMBUSU,New Sale,Strata,82,"26,427",-,Condominium,1,99 yrs lease commencing from 2023,15,Rest of Central Region,01 to 05
EMERALD OF KATONG,"1,715,000",699.66,"2,451",Nov-24,JALAN TEMBUSU,New Sale,Strata,65,"26,385",-,Condominium,1,99 yrs lease commencing from 2023,15,Rest of Central Region,01 to 05
EMERALD OF KATONG,"1,589,000",624.31,"2,545",Nov-24,JALAN TEMBUSU,New Sale,Strata,58,"27,397",-,Condominium,1,99 yrs lease commencing from 2023,15,Rest of Central Region,01 to 05
EMERALD OF KATONG,"2,504,000","1,022.58","2,449",Nov-24,JALAN TEMBUSU,New Sale,Strata,95,"26,358",-,Condominium,1,99 yrs lease commencing from 2023,15,Rest of Central Region,01 to 05
EMERALD OF KATONG,"1,277,000",484.38,"2,636",Nov-24,JALAN TEMBUSU,New Sale,Strata,45,"28,378",-,Condominium,1,99 yrs lease commencing from 2023,15,Rest of Central Region,01 to 05
EMERALD OF KATONG,"3,087,000","1,259.39","2,451",Nov-24,JALAN TEMBUSU,New Sale,Strata,117,"26,385",-,Condominium,1,99 yrs lease commencing from 2023,15,Rest of Central Region,01 to 05
EMERALD OF KATONG,"2,532,000",990.29,"2,557",Nov-24,JALAN TEMBUSU,New Sale,Strata,92,"27,522",-,Condominium,1,99 yrs lease commencing from 2023,15,Rest of Central Region,01 to 05
EMERALD OF KATONG,"1,731,000",678.13,"2,553",Nov-24,JALAN TEMBUSU,New Sale,Strata,63,"27,476",-,Condominium,1,99 yrs lease commencing from 2023,15,Rest of Central Region,01 to 05
EMERALD OF KATONG,"2,191,000",882.65,"2,482",Nov-24,JALAN TEMBUSU,New Sale,Strata,82,"26,720",-,Condominium,1,99 yrs lease commencing from 2023,15,Rest of Central Region,01 to 05
EMERALD OF KATONG,"2,528,000","1,022.58","2,472",Nov-24,JALAN TEMBUSU,New Sale,Strata,95,"26,611",-,Condominium,1,99 yrs lease commencing from 2023,15,Rest of Central Region,01 to 05
EMERALD OF KATONG,"2,544,000",990.29,"2,569",Nov-24,JALAN TEMBUSU,New Sale,Strata,92,"27,652",-,Condominium,1,99 yrs lease commencing from 2023,15,Rest of Central Region,01 to 05
EMERALD OF KATONG,"1,741,000",678.13,"2,567",Nov-24,JALAN TEMBUSU,New Sale,Strata,63,"27,635",-,Condominium,1,99 yrs lease commencing from 2023,15,Rest of Central Region,01 to 05
EMERALD OF KATONG,"3,113,000","1,259.39","2,472",Nov-24,JALAN TEMBUSU,New Sale,Strata,117,"26,607",-,Condominium,1,99 yrs lease commencing from 2023,15,Rest of Central Region,01 to 05
EMERALD OF KATONG,"2,203,000",882.65,"2,496",Nov-24,JALAN TEMBUSU,New Sale,Strata,82,"26,866",-,Condominium,1,99 yrs lease commencing from 2023,15,Rest of Central Region,01 to 05
EMERALD OF KATONG,"1,745,000",699.66,"2,494",Nov-24,JALAN TEMBUSU,New Sale,Strata,65,"26,846",-,Condominium,1,99 yrs lease commencing from 2023,15,Rest of Central Region,01 to 05
EMERALD OF KATONG,"1,301,000",484.38,"2,686",Nov-24,JALAN TEMBUSU,New Sale,Strata,45,"28,911",-,Condominium,1,99 yrs lease commencing from 2023,15,Rest of Central Region,01 to 05
EMERALD OF KATONG,"2,215,000",882.65,"2,509",Nov-24,JALAN TEMBUSU,New Sale,Strata,82,"27,012",-,Condominium,1,99 yrs lease commencing from 2023,15,Rest of Central Region,06 to 10
EMERALD OF KATONG,"1,309,000",484.38,"2,702",Nov-24,JALAN TEMBUSU,New Sale,Strata,45,"29,089",-,Condominium,1,99 yrs lease commencing from 2023,15,Rest of Central Region,06 to 10
EMERALD OF KATONG,"1,761,000",678.13,"2,597",Nov-24,JALAN TEMBUSU,New Sale,Strata,63,"27,952",-,Condominium,1,99 yrs lease commencing from 2023,15,Rest of Central Region,06 to 10
EMERALD OF KATONG,"3,139,000","1,259.39","2,492",Nov-24,JALAN TEMBUSU,New Sale,Strata,117,"26,829",-,Condominium,1,99 yrs lease commencing from 2023,15,Rest of Central Region,06 to 10
EMERALD OF KATONG,"2,227,000",882.65,"2,523",Nov-24,JALAN TEMBUSU,New Sale,Strata,82,"27,159",-,Condominium,1,99 yrs lease commencing from 2023,15,Rest of Central Region,06 to 10
EMERALD OF KATONG,"1,765,000",699.66,"2,523",Nov-24,JALAN TEMBUSU,New Sale,Strata,65,"27,154",-,Condominium,1,99 yrs lease commencing from 2023,15,Rest of Central Region,06 to 10
EMERALD OF KATONG,"1,639,000",624.31,"2,625",Nov-24,JALAN TEMBUSU,New Sale,Strata,58,"28,259",-,Condominium,1,99 yrs lease commencing from 2023,15,Rest of Central Region,06 to 10
EMERALD OF KATONG,"3,165,000","1,259.39","2,513",Nov-24,JALAN TEMBUSU,New Sale,Strata,117,"27,051",-,Condominium,1,99 yrs lease commencing from 2023,15,Rest of Central Region,06 to 10
EMERALD OF KATONG,"2,250,000",882.65,"2,549",Nov-24,JALAN TEMBUSU,New Sale,Strata,82,"27,439",-,Condominium,1,99 yrs lease commencing from 2023,15,Rest of Central Region,06 to 10
EMERALD OF KATONG,"2,603,000",990.29,"2,629",Nov-24,JALAN TEMBUSU,New Sale,Strata,92,"28,293",-,Condominium,1,99 yrs lease commencing from 2023,15,Rest of Central Region,06 to 10
EMERALD OF KATONG,"2,262,000",882.65,"2,563",Nov-24,JALAN TEMBUSU,New Sale,Strata,82,"27,585",-,Condominium,1,99 yrs lease commencing from 2023,15,Rest of Central Region,06 to 10
EMERALD OF KATONG,"1,669,000",624.31,"2,673",Nov-24,JALAN TEMBUSU,New Sale,Strata,58,"28,776",-,Condominium,1,99 yrs lease commencing from 2023,15,Rest of Central Region,06 to 10
EMERALD OF KATONG,"2,599,000","1,022.58","2,542",Nov-24,JALAN TEMBUSU,New Sale,Strata,95,"27,358",-,Condominium,1,99 yrs lease commencing from 2023,15,Rest of Central Region,06 to 10
EMERALD OF KATONG,"2,615,000",990.29,"2,641",Nov-24,JALAN TEMBUSU,New Sale,Strata,92,"28,424",-,Condominium,1,99 yrs lease commencing from 2023,15,Rest of Central Region,06 to 10
EMERALD OF KATONG,"1,341,000",484.38,"2,768",Nov-24,JALAN TEMBUSU,New Sale,Strata,45,"29,800",-,Condominium,1,99 yrs lease commencing from 2023,15,Rest of Central Region,06 to 10
EMERALD OF KATONG,"1,801,000",678.13,"2,656",Nov-24,JALAN TEMBUSU,New Sale,Strata,63,"28,587",-,Condominium,1,99 yrs lease commencing from 2023,15,Rest of Central Region,06 to 10
EMERALD OF KATONG,"1,679,000",624.31,"2,689",Nov-24,JALAN TEMBUSU,New Sale,Strata,58,"28,948",-,Condominium,1,99 yrs lease commencing from 2023,15,Rest of Central Region,06 to 10
EMERALD OF KATONG,"2,611,000","1,022.58","2,553",Nov-24,JALAN TEMBUSU,New Sale,Strata,95,"27,484",-,Condominium,1,99 yrs lease commencing from 2023,15,Rest of Central Region,06 to 10
EMERALD OF KATONG,"3,204,000","1,259.39","2,544",Nov-24,JALAN TEMBUSU,New Sale,Strata,117,"27,385",-,Condominium,1,99 yrs lease commencing from 2023,15,Rest of Central Region,11 to 15
EMERALD OF KATONG,"1,689,000",624.31,"2,705",Nov-24,JALAN TEMBUSU,New Sale,Strata,58,"29,121",-,Condominium,1,99 yrs lease commencing from 2023,15,Rest of Central Region,11 to 15
EMERALD OF KATONG,"3,217,000","1,259.39","2,554",Nov-24,JALAN TEMBUSU,New Sale,Strata,117,"27,496",-,Condominium,1,99 yrs lease commencing from 2023,15,Rest of Central Region,11 to 15
EMERALD OF KATONG,"2,298,000",882.65,"2,604",Nov-24,JALAN TEMBUSU,New Sale,Strata,82,"28,024",-,Condominium,1,99 yrs lease commencing from 2023,15,Rest of Central Region,11 to 15
EMERALD OF KATONG,"2,635,000","1,022.58","2,577",Nov-24,JALAN TEMBUSU,New Sale,Strata,95,"27,737",-,Condominium,1,99 yrs lease commencing from 2023,15,Rest of Central Region,11 to 15
EMERALD OF KATONG,"2,651,000",990.29,"2,677",Nov-24,JALAN TEMBUSU,New Sale,Strata,92,"28,815",-,Condominium,1,99 yrs lease commencing from 2023,15,Rest of Central Region,11 to 15
EMERALD OF KATONG,"1,365,000",484.38,"2,818",Nov-24,JALAN TEMBUSU,New Sale,Strata,45,"30,333",-,Condominium,1,99 yrs lease commencing from 2023,15,Rest of Central Region,11 to 15
EMERALD OF KATONG,"1,831,000",678.13,"2,700",Nov-24,JALAN TEMBUSU,New Sale,Strata,63,"29,063",-,Condominium,1,99 yrs lease commencing from 2023,15,Rest of Central Region,11 to 15
EMERALD OF KATONG,"2,310,000",882.65,"2,617",Nov-24,JALAN TEMBUSU,New Sale,Strata,82,"28,171",-,Condominium,1,99 yrs lease commencing from 2023,15,Rest of Central Region,11 to 15
EMERALD OF KATONG,"1,709,000",624.31,"2,737",Nov-24,JALAN TEMBUSU,New Sale,Strata,58,"29,466",-,Condominium,1,99 yrs lease commencing from 2023,15,Rest of Central Region,11 to 15
EMERALD OF KATONG,"2,647,000","1,022.58","2,589",Nov-24,JALAN TEMBUSU,New Sale,Strata,95,"27,863",-,Condominium,1,99 yrs lease commencing from 2023,15,Rest of Central Region,11 to 15
EMERALD OF KATONG,"1,373,000",484.38,"2,835",Nov-24,JALAN TEMBUSU,New Sale,Strata,45,"30,511",-,Condominium,1,99 yrs lease commencing from 2023,15,Rest of Central Region,11 to 15
EMERALD OF KATONG,"3,243,000","1,259.39","2,575",Nov-24,JALAN TEMBUSU,New Sale,Strata,117,"27,718",-,Condominium,1,99 yrs lease commencing from 2023,15,Rest of Central Region,11 to 15
EMERALD OF KATONG,"2,322,000",882.65,"2,631",Nov-24,JALAN TEMBUSU,New Sale,Strata,82,"28,317",-,Condominium,1,99 yrs lease commencing from 2023,15,Rest of Central Region,11 to 15
EMERALD OF KATONG,"1,845,000",699.66,"2,637",Nov-24,JALAN TEMBUSU,New Sale,Strata,65,"28,385",-,Condominium,1,99 yrs lease commencing from 2023,15,Rest of Central Region,11 to 15
EMERALD OF KATONG,"2,659,000","1,022.58","2,600",Nov-24,JALAN TEMBUSU,New Sale,Strata,95,"27,989",-,Condominium,1,99 yrs lease commencing from 2023,15,Rest of Central Region,11 to 15
EMERALD OF KATONG,"2,675,000",990.29,"2,701",Nov-24,JALAN TEMBUSU,New Sale,Strata,92,"29,076",-,Condominium,1,99 yrs lease commencing from 2023,15,Rest of Central Region,11 to 15
EMERALD OF KATONG,"1,381,000",484.38,"2,851",Nov-24,JALAN TEMBUSU,New Sale,Strata,45,"30,689",-,Condominium,1,99 yrs lease commencing from 2023,15,Rest of Central Region,11 to 15
EMERALD OF KATONG,"3,269,000","1,259.39","2,596",Nov-24,JALAN TEMBUSU,New Sale,Strata,117,"27,940",-,Condominium,1,99 yrs lease commencing from 2023,15,Rest of Central Region,11 to 15
EMERALD OF KATONG,"1,739,000",624.31,"2,785",Nov-24,JALAN TEMBUSU,New Sale,Strata,58,"29,983",-,Condominium,1,99 yrs lease commencing from 2023,15,Rest of Central Region,11 to 15
EMERALD OF KATONG,"2,682,000","1,022.58","2,623",Nov-24,JALAN TEMBUSU,New Sale,Strata,95,"28,232",-,Condominium,1,99 yrs lease commencing from 2023,15,Rest of Central Region,11 to 15
EMERALD OF KATONG,"2,698,000",990.29,"2,724",Nov-24,JALAN TEMBUSU,New Sale,Strata,92,"29,326",-,Condominium,1,99 yrs lease commencing from 2023,15,Rest of Central Region,11 to 15
EMERALD OF KATONG,"1,871,000",678.13,"2,759",Nov-24,JALAN TEMBUSU,New Sale,Strata,63,"29,698",-,Condominium,1,99 yrs lease commencing from 2023,15,Rest of Central Region,16 to 20
EMERALD OF KATONG,"2,357,000",882.65,"2,670",Nov-24,JALAN TEMBUSU,New Sale,Strata,82,"28,744",-,Condominium,1,99 yrs lease commencing from 2023,15,Rest of Central Region,16 to 20
EMERALD OF KATONG,"1,875,000",699.66,"2,680",Nov-24,JALAN TEMBUSU,New Sale,Strata,65,"28,846",-,Condominium,1,99 yrs lease commencing from 2023,15,Rest of Central Region,16 to 20
EMERALD OF KATONG,"1,749,000",624.31,"2,801",Nov-24,JALAN TEMBUSU,New Sale,Strata,58,"30,155",-,Condominium,1,99 yrs lease commencing from 2023,15,Rest of Central Region,16 to 20
EMERALD OF KATONG,"2,710,000",990.29,"2,737",Nov-24,JALAN TEMBUSU,New Sale,Strata,92,"29,457",-,Condominium,1,99 yrs lease commencing from 2023,15,Rest of Central Region,16 to 20
EMERALD OF KATONG,"1,405,000",484.38,"2,901",Nov-24,JALAN TEMBUSU,New Sale,Strata,45,"31,222",-,Condominium,1,99 yrs lease commencing from 2023,15,Rest of Central Region,16 to 20
EMERALD OF KATONG,"1,881,000",678.13,"2,774",Nov-24,JALAN TEMBUSU,New Sale,Strata,63,"29,857",-,Condominium,1,99 yrs lease commencing from 2023,15,Rest of Central Region,16 to 20
EMERALD OF KATONG,"3,295,000","1,259.39","2,616",Nov-24,JALAN TEMBUSU,New Sale,Strata,117,"28,162",-,Condominium,1,99 yrs lease commencing from 2023,15,Rest of Central Region,16 to 20
EMERALD OF KATONG,"2,369,000",882.65,"2,684",Nov-24,JALAN TEMBUSU,New Sale,Strata,82,"28,890",-,Condominium,1,99 yrs lease commencing from 2023,15,Rest of Central Region,16 to 20
EMERALD OF KATONG,"1,885,000",699.66,"2,694",Nov-24,JALAN TEMBUSU,New Sale,Strata,65,"29,000",-,Condominium,1,99 yrs lease commencing from 2023,15,Rest of Central Region,16 to 20
EMERALD OF KATONG,"1,759,000",624.31,"2,818",Nov-24,JALAN TEMBUSU,New Sale,Strata,58,"30,328",-,Condominium,1,99 yrs lease commencing from 2023,15,Rest of Central Region,16 to 20
EMERALD OF KATONG,"2,706,000","1,022.58","2,646",Nov-24,JALAN TEMBUSU,New Sale,Strata,95,"28,484",-,Condominium,1,99 yrs lease commencing from 2023,15,Rest of Central Region,16 to 20
EMERALD OF KATONG,"2,722,000",990.29,"2,749",Nov-24,JALAN TEMBUSU,New Sale,Strata,92,"29,587",-,Condominium,1,99 yrs lease commencing from 2023,15,Rest of Central Region,16 to 20
EMERALD OF KATONG,"1,413,000",484.38,"2,917",Nov-24,JALAN TEMBUSU,New Sale,Strata,45,"31,400",-,Condominium,1,99 yrs lease commencing from 2023,15,Rest of Central Region,16 to 20
EMERALD OF KATONG,"1,891,000",678.13,"2,789",Nov-24,JALAN TEMBUSU,New Sale,Strata,63,"30,016",-,Condominium,1,99 yrs lease commencing from 2023,15,Rest of Central Region,16 to 20
EMERALD OF KATONG,"3,308,000","1,259.39","2,627",Nov-24,JALAN TEMBUSU,New Sale,Strata,117,"28,274",-,Condominium,1,99 yrs lease commencing from 2023,15,Rest of Central Region,16 to 20
EMERALD OF KATONG,"1,895,000",699.66,"2,708",Nov-24,JALAN TEMBUSU,New Sale,Strata,65,"29,154",-,Condominium,1,99 yrs lease commencing from 2023,15,Rest of Central Region,16 to 20
EMERALD OF KATONG,"1,769,000",624.31,"2,834",Nov-24,JALAN TEMBUSU,New Sale,Strata,58,"30,500",-,Condominium,1,99 yrs lease commencing from 2023,15,Rest of Central Region,16 to 20
EMERALD OF KATONG,"2,718,000","1,022.58","2,658",Nov-24,JALAN TEMBUSU,New Sale,Strata,95,"28,611",-,Condominium,1,99 yrs lease commencing from 2023,15,Rest of Central Region,16 to 20
EMERALD OF KATONG,"2,734,000",990.29,"2,761",Nov-24,JALAN TEMBUSU,New Sale,Strata,92,"29,717",-,Condominium,1,99 yrs lease commencing from 2023,15,Rest of Central Region,16 to 20
EMERALD OF KATONG,"1,421,000",484.38,"2,934",Nov-24,JALAN TEMBUSU,New Sale,Strata,45,"31,578",-,Condominium,1,99 yrs lease commencing from 2023,15,Rest of Central Region,16 to 20
EMERALD OF KATONG,"1,901,000",678.13,"2,803",Nov-24,JALAN TEMBUSU,New Sale,Strata,63,"30,175",-,Condominium,1,99 yrs lease commencing from 2023,15,Rest of Central Region,16 to 20
EMERALD OF KATONG,"3,321,000","1,259.39","2,637",Nov-24,JALAN TEMBUSU,New Sale,Strata,117,"28,385",-,Condominium,1,99 yrs lease commencing from 2023,15,Rest of Central Region,16 to 20
EMERALD OF KATONG,"2,393,000",882.65,"2,711",Nov-24,JALAN TEMBUSU,New Sale,Strata,82,"29,183",-,Condominium,1,99 yrs lease commencing from 2023,15,Rest of Central Region,16 to 20
EMERALD OF KATONG,"1,905,000",699.66,"2,723",Nov-24,JALAN TEMBUSU,New Sale,Strata,65,"29,308",-,Condominium,1,99 yrs lease commencing from 2023,15,Rest of Central Region,16 to 20
EMERALD OF KATONG,"1,779,000",624.31,"2,850",Nov-24,JALAN TEMBUSU,New Sale,Strata,58,"30,672",-,Condominium,1,99 yrs lease commencing from 2023,15,Rest of Central Region,16 to 20
EMERALD OF KATONG,"2,730,000","1,022.58","2,670",Nov-24,JALAN TEMBUSU,New Sale,Strata,95,"28,737",-,Condominium,1,99 yrs lease commencing from 2023,15,Rest of Central Region,16 to 20
EMERALD OF KATONG,"2,746,000",990.29,"2,773",Nov-24,JALAN TEMBUSU,New Sale,Strata,92,"29,848",-,Condominium,1,99 yrs lease commencing from 2023,15,Rest of Central Region,16 to 20
EMERALD OF KATONG,"1,911,000",678.13,"2,818",Nov-24,JALAN TEMBUSU,New Sale,Strata,63,"30,333",-,Condominium,1,99 yrs lease commencing from 2023,15,Rest of Central Region,16 to 20
EMERALD OF KATONG,"3,334,000","1,259.39","2,647",Nov-24,JALAN TEMBUSU,New Sale,Strata,117,"28,496",-,Condominium,1,99 yrs lease commencing from 2023,15,Rest of Central Region,16 to 20
EMERALD OF KATONG,"2,405,000",882.65,"2,725",Nov-24,JALAN TEMBUSU,New Sale,Strata,82,"29,329",-,Condominium,1,99 yrs lease commencing from 2023,15,Rest of Central Region,16 to 20
EMERALD OF KATONG,"1,915,000",699.66,"2,737",Nov-24,JALAN TEMBUSU,New Sale,Strata,65,"29,462",-,Condominium,1,99 yrs lease commencing from 2023,15,Rest of Central Region,16 to 20
EMERALD OF KATONG,"1,789,000",624.31,"2,866",Nov-24,JALAN TEMBUSU,New Sale,Strata,58,"30,845",-,Condominium,1,99 yrs lease commencing from 2023,15,Rest of Central Region,16 to 20
EMERALD OF KATONG,"2,758,000",990.29,"2,785",Nov-24,JALAN TEMBUSU,New Sale,Strata,92,"29,978",-,Condominium,1,99 yrs lease commencing from 2023,15,Rest of Central Region,16 to 20
EMERALD OF KATONG,"1,921,000",678.13,"2,833",Nov-24,JALAN TEMBUSU,New Sale,Strata,63,"30,492",-,Condominium,1,99 yrs lease commencing from 2023,15,Rest of Central Region,21 to 25
EMERALD OF KATONG,"3,347,000","1,259.39","2,658",Nov-24,JALAN TEMBUSU,New Sale,Strata,117,"28,607",-,Condominium,1,99 yrs lease commencing from 2023,15,Rest of Central Region,21 to 25
EMERALD OF KATONG,"2,417,000",882.65,"2,738",Nov-24,JALAN TEMBUSU,New Sale,Strata,82,"29,476",-,Condominium,1,99 yrs lease commencing from 2023,15,Rest of Central Region,21 to 25
EMERALD OF KATONG,"2,754,000","1,022.58","2,693",Nov-24,JALAN TEMBUSU,New Sale,Strata,95,"28,989",-,Condominium,1,99 yrs lease commencing from 2023,15,Rest of Central Region,21 to 25
EMERALD OF KATONG,"2,770,000",990.29,"2,797",Nov-24,JALAN TEMBUSU,New Sale,Strata,92,"30,109",-,Condominium,1,99 yrs lease commencing from 2023,15,Rest of Central Region,21 to 25
EMERALD OF KATONG,"3,185,000","1,313.21","2,425",Nov-24,JALAN TEMBUSU,New Sale,Strata,122,"26,107",-,Condominium,1,99 yrs lease commencing from 2023,15,Rest of Central Region,01 to 05
EMERALD OF KATONG,"3,687,000","1,485.43","2,482",Nov-24,JALAN TEMBUSU,New Sale,Strata,138,"26,717",-,Condominium,1,99 yrs lease commencing from 2023,15,Rest of Central Region,01 to 05
EMERALD OF KATONG,"3,611,000","1,474.67","2,449",Nov-24,JALAN TEMBUSU,New Sale,Strata,137,"26,358",-,Condominium,1,99 yrs lease commencing from 2023,15,Rest of Central Region,01 to 05
EMERALD OF KATONG,"3,251,000","1,302.44","2,496",Nov-24,JALAN TEMBUSU,New Sale,Strata,121,"26,868",-,Condominium,1,99 yrs lease commencing from 2023,15,Rest of Central Region,01 to 05
EMERALD OF KATONG,"3,167,000","1,313.21","2,412",Nov-24,JALAN TEMBUSU,New Sale,Strata,122,"25,959",-,Condominium,1,99 yrs lease commencing from 2023,15,Rest of Central Region,01 to 05
EMERALD OF KATONG,"3,853,000","1,560.78","2,469",Nov-24,JALAN TEMBUSU,New Sale,Strata,145,"26,572",-,Condominium,1,99 yrs lease commencing from 2023,15,Rest of Central Region,01 to 05
EMERALD OF KATONG,"3,233,000","1,302.44","2,482",Nov-24,JALAN TEMBUSU,New Sale,Strata,121,"26,719",-,Condominium,1,99 yrs lease commencing from 2023,15,Rest of Central Region,01 to 05
EMERALD OF KATONG,"3,180,000","1,313.21","2,422",Nov-24,JALAN TEMBUSU,New Sale,Strata,122,"26,066",-,Condominium,1,99 yrs lease commencing from 2023,15,Rest of Central Region,01 to 05
EMERALD OF KATONG,"3,867,000","1,560.78","2,478",Nov-24,JALAN TEMBUSU,New Sale,Strata,145,"26,669",-,Condominium,1,99 yrs lease commencing from 2023,15,Rest of Central Region,01 to 05
EMERALD OF KATONG,"3,604,000","1,474.67","2,444",Nov-24,JALAN TEMBUSU,New Sale,Strata,137,"26,307",-,Condominium,1,99 yrs lease commencing from 2023,15,Rest of Central Region,01 to 05
EMERALD OF KATONG,"3,246,000","1,302.44","2,492",Nov-24,JALAN TEMBUSU,New Sale,Strata,121,"26,826",-,Condominium,1,99 yrs lease commencing from 2023,15,Rest of Central Region,01 to 05
EMERALD OF KATONG,"3,193,000","1,313.21","2,431",Nov-24,JALAN TEMBUSU,New Sale,Strata,122,"26,172",-,Condominium,1,99 yrs lease commencing from 2023,15,Rest of Central Region,01 to 05
EMERALD OF KATONG,"3,670,000","1,474.67","2,489",Nov-24,JALAN TEMBUSU,New Sale,Strata,137,"26,788",-,Condominium,1,99 yrs lease commencing from 2023,15,Rest of Central Region,01 to 05
EMERALD OF KATONG,"3,259,000","1,302.44","2,502",Nov-24,JALAN TEMBUSU,New Sale,Strata,121,"26,934",-,Condominium,1,99 yrs lease commencing from 2023,15,Rest of Central Region,01 to 05
EMERALD OF KATONG,"3,206,000","1,313.21","2,441",Nov-24,JALAN TEMBUSU,New Sale,Strata,122,"26,279",-,Condominium,1,99 yrs lease commencing from 2023,15,Rest of Central Region,01 to 05
EMERALD OF KATONG,"3,895,000","1,560.78","2,496",Nov-24,JALAN TEMBUSU,New Sale,Strata,145,"26,862",-,Condominium,1,99 yrs lease commencing from 2023,15,Rest of Central Region,01 to 05
EMERALD OF KATONG,"3,272,000","1,302.44","2,512",Nov-24,JALAN TEMBUSU,New Sale,Strata,121,"27,041",-,Condominium,1,99 yrs lease commencing from 2023,15,Rest of Central Region,01 to 05
EMERALD OF KATONG,"3,219,000","1,313.21","2,451",Nov-24,JALAN TEMBUSU,New Sale,Strata,122,"26,385",-,Condominium,1,99 yrs lease commencing from 2023,15,Rest of Central Region,06 to 10
EMERALD OF KATONG,"3,909,000","1,560.78","2,505",Nov-24,JALAN TEMBUSU,New Sale,Strata,145,"26,959",-,Condominium,1,99 yrs lease commencing from 2023,15,Rest of Central Region,06 to 10
EMERALD OF KATONG,"3,698,000","1,474.67","2,508",Nov-24,JALAN TEMBUSU,New Sale,Strata,137,"26,993",-,Condominium,1,99 yrs lease commencing from 2023,15,Rest of Central Region,06 to 10
EMERALD OF KATONG,"3,285,000","1,302.44","2,522",Nov-24,JALAN TEMBUSU,New Sale,Strata,121,"27,149",-,Condominium,1,99 yrs lease commencing from 2023,15,Rest of Central Region,06 to 10
EMERALD OF KATONG,"3,923,000","1,560.78","2,513",Nov-24,JALAN TEMBUSU,New Sale,Strata,145,"27,055",-,Condominium,1,99 yrs lease commencing from 2023,15,Rest of Central Region,06 to 10
EMERALD OF KATONG,"3,712,000","1,474.67","2,517",Nov-24,JALAN TEMBUSU,New Sale,Strata,137,"27,095",-,Condominium,1,99 yrs lease commencing from 2023,15,Rest of Central Region,06 to 10
EMERALD OF KATONG,"3,298,000","1,302.44","2,532",Nov-24,JALAN TEMBUSU,New Sale,Strata,121,"27,256",-,Condominium,1,99 yrs lease commencing from 2023,15,Rest of Central Region,06 to 10
EMERALD OF KATONG,"3,258,000","1,313.21","2,481",Nov-24,JALAN TEMBUSU,New Sale,Strata,122,"26,705",-,Condominium,1,99 yrs lease commencing from 2023,15,Rest of Central Region,06 to 10
EMERALD OF KATONG,"3,951,000","1,560.78","2,531",Nov-24,JALAN TEMBUSU,New Sale,Strata,145,"27,248",-,Condominium,1,99 yrs lease commencing from 2023,15,Rest of Central Region,06 to 10
EMERALD OF KATONG,"3,271,000","1,313.21","2,491",Nov-24,JALAN TEMBUSU,New Sale,Strata,122,"26,811",-,Condominium,1,99 yrs lease commencing from 2023,15,Rest of Central Region,06 to 10
EMERALD OF KATONG,"3,965,000","1,560.78","2,540",Nov-24,JALAN TEMBUSU,New Sale,Strata,145,"27,345",-,Condominium,1,99 yrs lease commencing from 2023,15,Rest of Central Region,06 to 10
EMERALD OF KATONG,"3,754,000","1,474.67","2,546",Nov-24,JALAN TEMBUSU,New Sale,Strata,137,"27,401",-,Condominium,1,99 yrs lease commencing from 2023,15,Rest of Central Region,06 to 10
EMERALD OF KATONG,"3,768,000","1,474.67","2,555",Nov-24,JALAN TEMBUSU,New Sale,Strata,137,"27,504",-,Condominium,1,99 yrs lease commencing from 2023,15,Rest of Central Region,06 to 10
EMERALD OF KATONG,"3,350,000","1,302.44","2,572",Nov-24,JALAN TEMBUSU,New Sale,Strata,121,"27,686",-,Condominium,1,99 yrs lease commencing from 2023,15,Rest of Central Region,06 to 10
EMERALD OF KATONG,"3,297,000","1,313.21","2,511",Nov-24,JALAN TEMBUSU,New Sale,Strata,122,"27,025",-,Condominium,1,99 yrs lease commencing from 2023,15,Rest of Central Region,11 to 15
EMERALD OF KATONG,"3,993,000","1,560.78","2,558",Nov-24,JALAN TEMBUSU,New Sale,Strata,145,"27,538",-,Condominium,1,99 yrs lease commencing from 2023,15,Rest of Central Region,11 to 15
EMERALD OF KATONG,"3,363,000","1,302.44","2,582",Nov-24,JALAN TEMBUSU,New Sale,Strata,121,"27,793",-,Condominium,1,99 yrs lease commencing from 2023,15,Rest of Central Region,11 to 15
EMERALD OF KATONG,"3,310,000","1,313.21","2,521",Nov-24,JALAN TEMBUSU,New Sale,Strata,122,"27,131",-,Condominium,1,99 yrs lease commencing from 2023,15,Rest of Central Region,11 to 15
EMERALD OF KATONG,"4,007,000","1,560.78","2,567",Nov-24,JALAN TEMBUSU,New Sale,Strata,145,"27,634",-,Condominium,1,99 yrs lease commencing from 2023,15,Rest of Central Region,11 to 15
EMERALD OF KATONG,"3,796,000","1,474.67","2,574",Nov-24,JALAN TEMBUSU,New Sale,Strata,137,"27,708",-,Condominium,1,99 yrs lease commencing from 2023,15,Rest of Central Region,11 to 15
EMERALD OF KATONG,"3,376,000","1,302.44","2,592",Nov-24,JALAN TEMBUSU,New Sale,Strata,121,"27,901",-,Condominium,1,99 yrs lease commencing from 2023,15,Rest of Central Region,11 to 15
EMERALD OF KATONG,"4,021,000","1,560.78","2,576",Nov-24,JALAN TEMBUSU,New Sale,Strata,145,"27,731",-,Condominium,1,99 yrs lease commencing from 2023,15,Rest of Central Region,11 to 15
EMERALD OF KATONG,"3,389,000","1,302.44","2,602",Nov-24,JALAN TEMBUSU,New Sale,Strata,121,"28,008",-,Condominium,1,99 yrs lease commencing from 2023,15,Rest of Central Region,11 to 15
EMERALD OF KATONG,"3,336,000","1,313.21","2,540",Nov-24,JALAN TEMBUSU,New Sale,Strata,122,"27,344",-,Condominium,1,99 yrs lease commencing from 2023,15,Rest of Central Region,11 to 15
EMERALD OF KATONG,"4,035,000","1,560.78","2,585",Nov-24,JALAN TEMBUSU,New Sale,Strata,145,"27,828",-,Condominium,1,99 yrs lease commencing from 2023,15,Rest of Central Region,11 to 15
EMERALD OF KATONG,"3,402,000","1,302.44","2,612",Nov-24,JALAN TEMBUSU,New Sale,Strata,121,"28,116",-,Condominium,1,99 yrs lease commencing from 2023,15,Rest of Central Region,11 to 15
EMERALD OF KATONG,"4,063,000","1,560.78","2,603",Nov-24,JALAN TEMBUSU,New Sale,Strata,145,"28,021",-,Condominium,1,99 yrs lease commencing from 2023,15,Rest of Central Region,11 to 15
EMERALD OF KATONG,"3,852,000","1,474.67","2,612",Nov-24,JALAN TEMBUSU,New Sale,Strata,137,"28,117",-,Condominium,1,99 yrs lease commencing from 2023,15,Rest of Central Region,11 to 15
EMERALD OF KATONG,"3,428,000","1,302.44","2,632",Nov-24,JALAN TEMBUSU,New Sale,Strata,121,"28,331",-,Condominium,1,99 yrs lease commencing from 2023,15,Rest of Central Region,11 to 15
EMERALD OF KATONG,"4,077,000","1,560.78","2,612",Nov-24,JALAN TEMBUSU,New Sale,Strata,145,"28,117",-,Condominium,1,99 yrs lease commencing from 2023,15,Rest of Central Region,16 to 20
EMERALD OF KATONG,"3,866,000","1,474.67","2,622",Nov-24,JALAN TEMBUSU,New Sale,Strata,137,"28,219",-,Condominium,1,99 yrs lease commencing from 2023,15,Rest of Central Region,16 to 20
EMERALD OF KATONG,"3,441,000","1,302.44","2,642",Nov-24,JALAN TEMBUSU,New Sale,Strata,121,"28,438",-,Condominium,1,99 yrs lease commencing from 2023,15,Rest of Central Region,16 to 20
EMERALD OF KATONG,"3,388,000","1,313.21","2,580",Nov-24,JALAN TEMBUSU,New Sale,Strata,122,"27,770",-,Condominium,1,99 yrs lease commencing from 2023,15,Rest of Central Region,16 to 20
EMERALD OF KATONG,"4,091,000","1,560.78","2,621",Nov-24,JALAN TEMBUSU,New Sale,Strata,145,"28,214",-,Condominium,1,99 yrs lease commencing from 2023,15,Rest of Central Region,16 to 20
EMERALD OF KATONG,"3,880,000","1,474.67","2,631",Nov-24,JALAN TEMBUSU,New Sale,Strata,137,"28,321",-,Condominium,1,99 yrs lease commencing from 2023,15,Rest of Central Region,16 to 20
EMERALD OF KATONG,"3,454,000","1,302.44","2,652",Nov-24,JALAN TEMBUSU,New Sale,Strata,121,"28,545",-,Condominium,1,99 yrs lease commencing from 2023,15,Rest of Central Region,16 to 20
EMERALD OF KATONG,"3,432,000","1,313.21","2,613",Nov-24,JALAN TEMBUSU,New Sale,Strata,122,"28,131",-,Condominium,1,99 yrs lease commencing from 2023,15,Rest of Central Region,16 to 20
EMERALD OF KATONG,"3,498,000","1,302.44","2,686",Nov-24,JALAN TEMBUSU,New Sale,Strata,121,"28,909",-,Condominium,1,99 yrs lease commencing from 2023,15,Rest of Central Region,16 to 20
THE CONTINUUM,"1,540,000",559.73,"2,751",Nov-24,THIAM SIEW AVENUE,New Sale,Strata,52,"29,615",-,Apartment,1,Freehold,15,Rest of Central Region,01 to 05
GRAND DUNMAN,"1,424,000",548.96,"2,594",Nov-24,DUNMAN ROAD,New Sale,Strata,51,"27,922",-,Apartment,1,99 yrs lease commencing from 2022,15,Rest of Central Region,01 to 05
THE CONTINUUM,"1,560,000",559.73,"2,787",Nov-24,THIAM SIEW AVENUE,New Sale,Strata,52,"30,000",-,Apartment,1,Freehold,15,Rest of Central Region,01 to 05
EMERALD OF KATONG,"1,745,000",688.9,"2,533",Nov-24,JALAN TEMBUSU,New Sale,Strata,64,"27,266",-,Condominium,1,99 yrs lease commencing from 2023,15,Rest of Central Region,01 to 05
EMERALD OF KATONG,"3,044,000","1,259.39","2,417",Nov-24,JALAN TEMBUSU,New Sale,Strata,117,"26,017",-,Condominium,1,99 yrs lease commencing from 2023,15,Rest of Central Region,01 to 05
EMERALD OF KATONG,"2,185,000",904.18,"2,417",Nov-24,JALAN TEMBUSU,New Sale,Strata,84,"26,012",-,Condominium,1,99 yrs lease commencing from 2023,15,Rest of Central Region,01 to 05
EMERALD OF KATONG,"1,645,000",645.84,"2,547",Nov-24,JALAN TEMBUSU,New Sale,Strata,60,"27,417",-,Condominium,1,99 yrs lease commencing from 2023,15,Rest of Central Region,01 to 05
EMERALD OF KATONG,"1,248,000",484.38,"2,576",Nov-24,JALAN TEMBUSU,New Sale,Strata,45,"27,733",-,Condominium,1,99 yrs lease commencing from 2023,15,Rest of Central Region,01 to 05
EMERALD OF KATONG,"2,435,000",990.29,"2,459",Nov-24,JALAN TEMBUSU,New Sale,Strata,92,"26,467",-,Condominium,1,99 yrs lease commencing from 2023,15,Rest of Central Region,01 to 05
EMERALD OF KATONG,"1,647,000",624.31,"2,638",Nov-24,JALAN TEMBUSU,New Sale,Strata,58,"28,397",-,Condominium,1,99 yrs lease commencing from 2023,15,Rest of Central Region,01 to 05
EMERALD OF KATONG,"1,749,000",688.9,"2,539",Nov-24,JALAN TEMBUSU,New Sale,Strata,64,"27,328",-,Condominium,1,99 yrs lease commencing from 2023,15,Rest of Central Region,01 to 05
EMERALD OF KATONG,"3,057,000","1,259.39","2,427",Nov-24,JALAN TEMBUSU,New Sale,Strata,117,"26,128",-,Condominium,1,99 yrs lease commencing from 2023,15,Rest of Central Region,01 to 05
EMERALD OF KATONG,"2,197,000",904.18,"2,430",Nov-24,JALAN TEMBUSU,New Sale,Strata,84,"26,155",-,Condominium,1,99 yrs lease commencing from 2023,15,Rest of Central Region,01 to 05
EMERALD OF KATONG,"1,655,000",645.84,"2,563",Nov-24,JALAN TEMBUSU,New Sale,Strata,60,"27,583",-,Condominium,1,99 yrs lease commencing from 2023,15,Rest of Central Region,01 to 05
EMERALD OF KATONG,"1,256,000",484.38,"2,593",Nov-24,JALAN TEMBUSU,New Sale,Strata,45,"27,911",-,Condominium,1,99 yrs lease commencing from 2023,15,Rest of Central Region,01 to 05
EMERALD OF KATONG,"2,447,000",990.29,"2,471",Nov-24,JALAN TEMBUSU,New Sale,Strata,92,"26,598",-,Condominium,1,99 yrs lease commencing from 2023,15,Rest of Central Region,01 to 05
EMERALD OF KATONG,"1,759,000",688.9,"2,553",Nov-24,JALAN TEMBUSU,New Sale,Strata,64,"27,484",-,Condominium,1,99 yrs lease commencing from 2023,15,Rest of Central Region,01 to 05
EMERALD OF KATONG,"3,115,000","1,259.39","2,473",Nov-24,JALAN TEMBUSU,New Sale,Strata,117,"26,624",-,Condominium,1,99 yrs lease commencing from 2023,15,Rest of Central Region,01 to 05
EMERALD OF KATONG,"2,209,000",904.18,"2,443",Nov-24,JALAN TEMBUSU,New Sale,Strata,84,"26,298",-,Condominium,1,99 yrs lease commencing from 2023,15,Rest of Central Region,01 to 05
EMERALD OF KATONG,"1,264,000",484.38,"2,610",Nov-24,JALAN TEMBUSU,New Sale,Strata,45,"28,089",-,Condominium,1,99 yrs lease commencing from 2023,15,Rest of Central Region,01 to 05
EMERALD OF KATONG,"2,459,000",990.29,"2,483",Nov-24,JALAN TEMBUSU,New Sale,Strata,92,"26,728",-,Condominium,1,99 yrs lease commencing from 2023,15,Rest of Central Region,01 to 05
EMERALD OF KATONG,"2,639,000","1,022.58","2,581",Nov-24,JALAN TEMBUSU,New Sale,Strata,95,"27,779",-,Condominium,1,99 yrs lease commencing from 2023,15,Rest of Central Region,01 to 05
EMERALD OF KATONG,"3,172,000","1,259.39","2,519",Nov-24,JALAN TEMBUSU,New Sale,Strata,117,"27,111",-,Condominium,1,99 yrs lease commencing from 2023,15,Rest of Central Region,01 to 05
EMERALD OF KATONG,"2,254,000",904.18,"2,493",Nov-24,JALAN TEMBUSU,New Sale,Strata,84,"26,833",-,Condominium,1,99 yrs lease commencing from 2023,15,Rest of Central Region,01 to 05
EMERALD OF KATONG,"1,272,000",484.38,"2,626",Nov-24,JALAN TEMBUSU,New Sale,Strata,45,"28,267",-,Condominium,1,99 yrs lease commencing from 2023,15,Rest of Central Region,06 to 10
EMERALD OF KATONG,"2,471,000",990.29,"2,495",Nov-24,JALAN TEMBUSU,New Sale,Strata,92,"26,859",-,Condominium,1,99 yrs lease commencing from 2023,15,Rest of Central Region,06 to 10
EMERALD OF KATONG,"3,185,000","1,259.39","2,529",Nov-24,JALAN TEMBUSU,New Sale,Strata,117,"27,222",-,Condominium,1,99 yrs lease commencing from 2023,15,Rest of Central Region,06 to 10
EMERALD OF KATONG,"1,685,000",645.84,"2,609",Nov-24,JALAN TEMBUSU,New Sale,Strata,60,"28,083",-,Condominium,1,99 yrs lease commencing from 2023,15,Rest of Central Region,06 to 10
EMERALD OF KATONG,"1,280,000",484.38,"2,643",Nov-24,JALAN TEMBUSU,New Sale,Strata,45,"28,444",-,Condominium,1,99 yrs lease commencing from 2023,15,Rest of Central Region,06 to 10
EMERALD OF KATONG,"2,663,000","1,022.58","2,604",Nov-24,JALAN TEMBUSU,New Sale,Strata,95,"28,032",-,Condominium,1,99 yrs lease commencing from 2023,15,Rest of Central Region,06 to 10
EMERALD OF KATONG,"1,687,000",624.31,"2,702",Nov-24,JALAN TEMBUSU,New Sale,Strata,58,"29,086",-,Condominium,1,99 yrs lease commencing from 2023,15,Rest of Central Region,06 to 10
EMERALD OF KATONG,"1,789,000",688.9,"2,597",Nov-24,JALAN TEMBUSU,New Sale,Strata,64,"27,953",-,Condominium,1,99 yrs lease commencing from 2023,15,Rest of Central Region,06 to 10
EMERALD OF KATONG,"3,198,000","1,259.39","2,539",Nov-24,JALAN TEMBUSU,New Sale,Strata,117,"27,333",-,Condominium,1,99 yrs lease commencing from 2023,15,Rest of Central Region,06 to 10
EMERALD OF KATONG,"2,278,000",904.18,"2,519",Nov-24,JALAN TEMBUSU,New Sale,Strata,84,"27,119",-,Condominium,1,99 yrs lease commencing from 2023,15,Rest of Central Region,06 to 10
EMERALD OF KATONG,"1,695,000",645.84,"2,624",Nov-24,JALAN TEMBUSU,New Sale,Strata,60,"28,250",-,Condominium,1,99 yrs lease commencing from 2023,15,Rest of Central Region,06 to 10
EMERALD OF KATONG,"1,296,000",484.38,"2,676",Nov-24,JALAN TEMBUSU,New Sale,Strata,45,"28,800",-,Condominium,1,99 yrs lease commencing from 2023,15,Rest of Central Region,06 to 10
EMERALD OF KATONG,"2,686,000","1,022.58","2,627",Nov-24,JALAN TEMBUSU,New Sale,Strata,95,"28,274",-,Condominium,1,99 yrs lease commencing from 2023,15,Rest of Central Region,06 to 10
EMERALD OF KATONG,"2,301,000",904.18,"2,545",Nov-24,JALAN TEMBUSU,New Sale,Strata,84,"27,393",-,Condominium,1,99 yrs lease commencing from 2023,15,Rest of Central Region,06 to 10
EMERALD OF KATONG,"1,304,000",484.38,"2,692",Nov-24,JALAN TEMBUSU,New Sale,Strata,45,"28,978",-,Condominium,1,99 yrs lease commencing from 2023,15,Rest of Central Region,06 to 10
EMERALD OF KATONG,"2,518,000",990.29,"2,543",Nov-24,JALAN TEMBUSU,New Sale,Strata,92,"27,370",-,Condominium,1,99 yrs lease commencing from 2023,15,Rest of Central Region,06 to 10
EMERALD OF KATONG,"2,698,000","1,022.58","2,638",Nov-24,JALAN TEMBUSU,New Sale,Strata,95,"28,400",-,Condominium,1,99 yrs lease commencing from 2023,15,Rest of Central Region,06 to 10
EMERALD OF KATONG,"1,717,000",624.31,"2,750",Nov-24,JALAN TEMBUSU,New Sale,Strata,58,"29,603",-,Condominium,1,99 yrs lease commencing from 2023,15,Rest of Central Region,06 to 10
EMERALD OF KATONG,"2,313,000",904.18,"2,558",Nov-24,JALAN TEMBUSU,New Sale,Strata,84,"27,536",-,Condominium,1,99 yrs lease commencing from 2023,15,Rest of Central Region,06 to 10
EMERALD OF KATONG,"1,725,000",645.84,"2,671",Nov-24,JALAN TEMBUSU,New Sale,Strata,60,"28,750",-,Condominium,1,99 yrs lease commencing from 2023,15,Rest of Central Region,06 to 10
EMERALD OF KATONG,"1,312,000",484.38,"2,709",Nov-24,JALAN TEMBUSU,New Sale,Strata,45,"29,156",-,Condominium,1,99 yrs lease commencing from 2023,15,Rest of Central Region,06 to 10
EMERALD OF KATONG,"2,710,000","1,022.58","2,650",Nov-24,JALAN TEMBUSU,New Sale,Strata,95,"28,526",-,Condominium,1,99 yrs lease commencing from 2023,15,Rest of Central Region,06 to 10
EMERALD OF KATONG,"2,325,000",904.18,"2,571",Nov-24,JALAN TEMBUSU,New Sale,Strata,84,"27,679",-,Condominium,1,99 yrs lease commencing from 2023,15,Rest of Central Region,06 to 10
EMERALD OF KATONG,"1,735,000",645.84,"2,686",Nov-24,JALAN TEMBUSU,New Sale,Strata,60,"28,917",-,Condominium,1,99 yrs lease commencing from 2023,15,Rest of Central Region,06 to 10
EMERALD OF KATONG,"1,320,000",484.38,"2,725",Nov-24,JALAN TEMBUSU,New Sale,Strata,45,"29,333",-,Condominium,1,99 yrs lease commencing from 2023,15,Rest of Central Region,11 to 15
EMERALD OF KATONG,"2,722,000","1,022.58","2,662",Nov-24,JALAN TEMBUSU,New Sale,Strata,95,"28,653",-,Condominium,1,99 yrs lease commencing from 2023,15,Rest of Central Region,11 to 15
EMERALD OF KATONG,"1,737,000",624.31,"2,782",Nov-24,JALAN TEMBUSU,New Sale,Strata,58,"29,948",-,Condominium,1,99 yrs lease commencing from 2023,15,Rest of Central Region,11 to 15
EMERALD OF KATONG,"3,263,000","1,259.39","2,591",Nov-24,JALAN TEMBUSU,New Sale,Strata,117,"27,889",-,Condominium,1,99 yrs lease commencing from 2023,15,Rest of Central Region,11 to 15
EMERALD OF KATONG,"2,337,000",904.18,"2,585",Nov-24,JALAN TEMBUSU,New Sale,Strata,84,"27,821",-,Condominium,1,99 yrs lease commencing from 2023,15,Rest of Central Region,11 to 15
EMERALD OF KATONG,"1,745,000",645.84,"2,702",Nov-24,JALAN TEMBUSU,New Sale,Strata,60,"29,083",-,Condominium,1,99 yrs lease commencing from 2023,15,Rest of Central Region,11 to 15
EMERALD OF KATONG,"1,328,000",484.38,"2,742",Nov-24,JALAN TEMBUSU,New Sale,Strata,45,"29,511",-,Condominium,1,99 yrs lease commencing from 2023,15,Rest of Central Region,11 to 15
EMERALD OF KATONG,"2,554,000",990.29,"2,579",Nov-24,JALAN TEMBUSU,New Sale,Strata,92,"27,761",-,Condominium,1,99 yrs lease commencing from 2023,15,Rest of Central Region,11 to 15
EMERALD OF KATONG,"1,747,000",624.31,"2,798",Nov-24,JALAN TEMBUSU,New Sale,Strata,58,"30,121",-,Condominium,1,99 yrs lease commencing from 2023,15,Rest of Central Region,11 to 15
EMERALD OF KATONG,"1,849,000",688.9,"2,684",Nov-24,JALAN TEMBUSU,New Sale,Strata,64,"28,891",-,Condominium,1,99 yrs lease commencing from 2023,15,Rest of Central Region,11 to 15
EMERALD OF KATONG,"2,349,000",904.18,"2,598",Nov-24,JALAN TEMBUSU,New Sale,Strata,84,"27,964",-,Condominium,1,99 yrs lease commencing from 2023,15,Rest of Central Region,11 to 15
EMERALD OF KATONG,"1,755,000",645.84,"2,717",Nov-24,JALAN TEMBUSU,New Sale,Strata,60,"29,250",-,Condominium,1,99 yrs lease commencing from 2023,15,Rest of Central Region,11 to 15
EMERALD OF KATONG,"1,336,000",484.38,"2,758",Nov-24,JALAN TEMBUSU,New Sale,Strata,45,"29,689",-,Condominium,1,99 yrs lease commencing from 2023,15,Rest of Central Region,11 to 15
EMERALD OF KATONG,"1,757,000",624.31,"2,814",Nov-24,JALAN TEMBUSU,New Sale,Strata,58,"30,293",-,Condominium,1,99 yrs lease commencing from 2023,15,Rest of Central Region,11 to 15
EMERALD OF KATONG,"1,859,000",688.9,"2,699",Nov-24,JALAN TEMBUSU,New Sale,Strata,64,"29,047",-,Condominium,1,99 yrs lease commencing from 2023,15,Rest of Central Region,11 to 15
EMERALD OF KATONG,"2,361,000",904.18,"2,611",Nov-24,JALAN TEMBUSU,New Sale,Strata,84,"28,107",-,Condominium,1,99 yrs lease commencing from 2023,15,Rest of Central Region,11 to 15
EMERALD OF KATONG,"1,344,000",484.38,"2,775",Nov-24,JALAN TEMBUSU,New Sale,Strata,45,"29,867",-,Condominium,1,99 yrs lease commencing from 2023,15,Rest of Central Region,11 to 15
EMERALD OF KATONG,"2,578,000",990.29,"2,603",Nov-24,JALAN TEMBUSU,New Sale,Strata,92,"28,022",-,Condominium,1,99 yrs lease commencing from 2023,15,Rest of Central Region,11 to 15
EMERALD OF KATONG,"2,758,000","1,022.58","2,697",Nov-24,JALAN TEMBUSU,New Sale,Strata,95,"29,032",-,Condominium,1,99 yrs lease commencing from 2023,15,Rest of Central Region,11 to 15
EMERALD OF KATONG,"3,302,000","1,259.39","2,622",Nov-24,JALAN TEMBUSU,New Sale,Strata,117,"28,222",-,Condominium,1,99 yrs lease commencing from 2023,15,Rest of Central Region,11 to 15
EMERALD OF KATONG,"2,373,000",904.18,"2,624",Nov-24,JALAN TEMBUSU,New Sale,Strata,84,"28,250",-,Condominium,1,99 yrs lease commencing from 2023,15,Rest of Central Region,11 to 15
EMERALD OF KATONG,"2,601,000",990.29,"2,627",Nov-24,JALAN TEMBUSU,New Sale,Strata,92,"28,272",-,Condominium,1,99 yrs lease commencing from 2023,15,Rest of Central Region,11 to 15
EMERALD OF KATONG,"1,787,000",624.31,"2,862",Nov-24,JALAN TEMBUSU,New Sale,Strata,58,"30,810",-,Condominium,1,99 yrs lease commencing from 2023,15,Rest of Central Region,11 to 15
EMERALD OF KATONG,"1,889,000",688.9,"2,742",Nov-24,JALAN TEMBUSU,New Sale,Strata,64,"29,516",-,Condominium,1,99 yrs lease commencing from 2023,15,Rest of Central Region,11 to 15
EMERALD OF KATONG,"2,396,000",904.18,"2,650",Nov-24,JALAN TEMBUSU,New Sale,Strata,84,"28,524",-,Condominium,1,99 yrs lease commencing from 2023,15,Rest of Central Region,11 to 15
EMERALD OF KATONG,"1,795,000",645.84,"2,779",Nov-24,JALAN TEMBUSU,New Sale,Strata,60,"29,917",-,Condominium,1,99 yrs lease commencing from 2023,15,Rest of Central Region,11 to 15
EMERALD OF KATONG,"1,368,000",484.38,"2,824",Nov-24,JALAN TEMBUSU,New Sale,Strata,45,"30,400",-,Condominium,1,99 yrs lease commencing from 2023,15,Rest of Central Region,16 to 20
EMERALD OF KATONG,"2,613,000",990.29,"2,639",Nov-24,JALAN TEMBUSU,New Sale,Strata,92,"28,402",-,Condominium,1,99 yrs lease commencing from 2023,15,Rest of Central Region,16 to 20
EMERALD OF KATONG,"2,793,000","1,022.58","2,731",Nov-24,JALAN TEMBUSU,New Sale,Strata,95,"29,400",-,Condominium,1,99 yrs lease commencing from 2023,15,Rest of Central Region,16 to 20
EMERALD OF KATONG,"2,408,000",904.18,"2,663",Nov-24,JALAN TEMBUSU,New Sale,Strata,84,"28,667",-,Condominium,1,99 yrs lease commencing from 2023,15,Rest of Central Region,16 to 20
EMERALD OF KATONG,"1,805,000",645.84,"2,795",Nov-24,JALAN TEMBUSU,New Sale,Strata,60,"30,083",-,Condominium,1,99 yrs lease commencing from 2023,15,Rest of Central Region,16 to 20
EMERALD OF KATONG,"1,376,000",484.38,"2,841",Nov-24,JALAN TEMBUSU,New Sale,Strata,45,"30,578",-,Condominium,1,99 yrs lease commencing from 2023,15,Rest of Central Region,16 to 20
EMERALD OF KATONG,"2,625,000",990.29,"2,651",Nov-24,JALAN TEMBUSU,New Sale,Strata,92,"28,533",-,Condominium,1,99 yrs lease commencing from 2023,15,Rest of Central Region,16 to 20
EMERALD OF KATONG,"2,805,000","1,022.58","2,743",Nov-24,JALAN TEMBUSU,New Sale,Strata,95,"29,526",-,Condominium,1,99 yrs lease commencing from 2023,15,Rest of Central Region,16 to 20
EMERALD OF KATONG,"1,384,000",484.38,"2,857",Nov-24,JALAN TEMBUSU,New Sale,Strata,45,"30,756",-,Condominium,1,99 yrs lease commencing from 2023,15,Rest of Central Region,16 to 20
EMERALD OF KATONG,"2,637,000",990.29,"2,663",Nov-24,JALAN TEMBUSU,New Sale,Strata,92,"28,663",-,Condominium,1,99 yrs lease commencing from 2023,15,Rest of Central Region,16 to 20
EMERALD OF KATONG,"2,817,000","1,022.58","2,755",Nov-24,JALAN TEMBUSU,New Sale,Strata,95,"29,653",-,Condominium,1,99 yrs lease commencing from 2023,15,Rest of Central Region,16 to 20
EMERALD OF KATONG,"1,817,000",624.31,"2,910",Nov-24,JALAN TEMBUSU,New Sale,Strata,58,"31,328",-,Condominium,1,99 yrs lease commencing from 2023,15,Rest of Central Region,16 to 20
EMERALD OF KATONG,"1,825,000",645.84,"2,826",Nov-24,JALAN TEMBUSU,New Sale,Strata,60,"30,417",-,Condominium,1,99 yrs lease commencing from 2023,15,Rest of Central Region,16 to 20
EMERALD OF KATONG,"1,392,000",484.38,"2,874",Nov-24,JALAN TEMBUSU,New Sale,Strata,45,"30,933",-,Condominium,1,99 yrs lease commencing from 2023,15,Rest of Central Region,16 to 20
EMERALD OF KATONG,"2,649,000",990.29,"2,675",Nov-24,JALAN TEMBUSU,New Sale,Strata,92,"28,793",-,Condominium,1,99 yrs lease commencing from 2023,15,Rest of Central Region,16 to 20
EMERALD OF KATONG,"2,829,000","1,022.58","2,767",Nov-24,JALAN TEMBUSU,New Sale,Strata,95,"29,779",-,Condominium,1,99 yrs lease commencing from 2023,15,Rest of Central Region,16 to 20
EMERALD OF KATONG,"1,827,000",624.31,"2,926",Nov-24,JALAN TEMBUSU,New Sale,Strata,58,"31,500",-,Condominium,1,99 yrs lease commencing from 2023,15,Rest of Central Region,16 to 20
EMERALD OF KATONG,"2,444,000",904.18,"2,703",Nov-24,JALAN TEMBUSU,New Sale,Strata,84,"29,095",-,Condominium,1,99 yrs lease commencing from 2023,15,Rest of Central Region,16 to 20
EMERALD OF KATONG,"1,835,000",645.84,"2,841",Nov-24,JALAN TEMBUSU,New Sale,Strata,60,"30,583",-,Condominium,1,99 yrs lease commencing from 2023,15,Rest of Central Region,16 to 20
EMERALD OF KATONG,"2,661,000",990.29,"2,687",Nov-24,JALAN TEMBUSU,New Sale,Strata,92,"28,924",-,Condominium,1,99 yrs lease commencing from 2023,15,Rest of Central Region,16 to 20
EMERALD OF KATONG,"2,841,000","1,022.58","2,778",Nov-24,JALAN TEMBUSU,New Sale,Strata,95,"29,905",-,Condominium,1,99 yrs lease commencing from 2023,15,Rest of Central Region,16 to 20
EMERALD OF KATONG,"1,837,000",624.31,"2,942",Nov-24,JALAN TEMBUSU,New Sale,Strata,58,"31,672",-,Condominium,1,99 yrs lease commencing from 2023,15,Rest of Central Region,16 to 20
EMERALD OF KATONG,"1,939,000",688.9,"2,815",Nov-24,JALAN TEMBUSU,New Sale,Strata,64,"30,297",-,Condominium,1,99 yrs lease commencing from 2023,15,Rest of Central Region,16 to 20
EMERALD OF KATONG,"2,456,000",904.18,"2,716",Nov-24,JALAN TEMBUSU,New Sale,Strata,84,"29,238",-,Condominium,1,99 yrs lease commencing from 2023,15,Rest of Central Region,16 to 20
EMERALD OF KATONG,"1,845,000",645.84,"2,857",Nov-24,JALAN TEMBUSU,New Sale,Strata,60,"30,750",-,Condominium,1,99 yrs lease commencing from 2023,15,Rest of Central Region,16 to 20
EMERALD OF KATONG,"2,853,000","1,022.58","2,790",Nov-24,JALAN TEMBUSU,New Sale,Strata,95,"30,032",-,Condominium,1,99 yrs lease commencing from 2023,15,Rest of Central Region,21 to 25
EMERALD OF KATONG,"1,847,000",624.31,"2,958",Nov-24,JALAN TEMBUSU,New Sale,Strata,58,"31,845",-,Condominium,1,99 yrs lease commencing from 2023,15,Rest of Central Region,21 to 25
EMERALD OF KATONG,"3,406,000","1,259.39","2,704",Nov-24,JALAN TEMBUSU,New Sale,Strata,117,"29,111",-,Condominium,1,99 yrs lease commencing from 2023,15,Rest of Central Region,21 to 25
EMERALD OF KATONG,"2,468,000",904.18,"2,730",Nov-24,JALAN TEMBUSU,New Sale,Strata,84,"29,381",-,Condominium,1,99 yrs lease commencing from 2023,15,Rest of Central Region,21 to 25
EMERALD OF KATONG,"1,855,000",645.84,"2,872",Nov-24,JALAN TEMBUSU,New Sale,Strata,60,"30,917",-,Condominium,1,99 yrs lease commencing from 2023,15,Rest of Central Region,21 to 25
THE CONTINUUM,"2,073,000",721.19,"2,874",Nov-24,THIAM SIEW AVENUE,New Sale,Strata,67,"30,940",-,Apartment,1,Freehold,15,Rest of Central Region,01 to 05
THE CONTINUUM,"3,337,000","1,227.1","2,719",Nov-24,THIAM SIEW AVENUE,New Sale,Strata,114,"29,272",-,Apartment,1,Freehold,15,Rest of Central Region,01 to 05
THE CONTINUUM,"3,398,000","1,227.1","2,769",Nov-24,THIAM SIEW AVENUE,New Sale,Strata,114,"29,807",-,Apartment,1,Freehold,15,Rest of Central Region,06 to 10
GRAND DUNMAN,"4,159,000","1,689.95","2,461",Nov-24,DUNMAN ROAD,New Sale,Strata,157,"26,490",-,Apartment,1,99 yrs lease commencing from 2022,15,Rest of Central Region,11 to 15
MEYER BLUE,"2,065,000",667.37,"3,094",Nov-24,MEYER ROAD,New Sale,Strata,62,"33,306",-,Apartment,1,Freehold,15,Rest of Central Region,06 to 10
MEYER BLUE,"2,075,000",667.37,"3,109",Nov-24,MEYER ROAD,New Sale,Strata,62,"33,468",-,Apartment,1,Freehold,15,Rest of Central Region,06 to 10
MEYER BLUE,"2,075,000",667.37,"3,109",Nov-24,MEYER ROAD,New Sale,Strata,62,"33,468",-,Apartment,1,Freehold,15,Rest of Central Region,06 to 10
TEMBUSU GRAND,"3,288,000","1,431.61","2,297",Nov-24,JALAN TEMBUSU,New Sale,Strata,133,"24,722",-,Condominium,1,99 yrs lease commencing from 2022,15,Rest of Central Region,01 to 05
TEMBUSU GRAND,"1,417,000",527.44,"2,687",Nov-24,JALAN TEMBUSU,New Sale,Strata,49,"28,918",-,Condominium,1,99 yrs lease commencing from 2022,15,Rest of Central Region,16 to 20
TEMBUSU GRAND,"3,126,000","1,399.32","2,234",Nov-24,JALAN TEMBUSU,New Sale,Strata,130,"24,046",-,Condominium,1,99 yrs lease commencing from 2022,15,Rest of Central Region,21 to 25
TEMBUSU GRAND,"2,130,000",882.65,"2,413",Nov-24,JALAN TEMBUSU,New Sale,Strata,82,"25,976",-,Condominium,1,99 yrs lease commencing from 2022,15,Rest of Central Region,16 to 20
TEMBUSU GRAND,"2,698,000","1,173.28","2,300",Nov-24,JALAN TEMBUSU,New Sale,Strata,109,"24,752",-,Condominium,1,99 yrs lease commencing from 2022,15,Rest of Central Region,01 to 05
TEMBUSU GRAND,"2,718,000","1,173.28","2,317",Nov-24,JALAN TEMBUSU,New Sale,Strata,109,"24,936",-,Condominium,1,99 yrs lease commencing from 2022,15,Rest of Central Region,01 to 05
TEMBUSU GRAND,"2,728,000","1,173.28","2,325",Nov-24,JALAN TEMBUSU,New Sale,Strata,109,"25,028",-,Condominium,1,99 yrs lease commencing from 2022,15,Rest of Central Region,01 to 05
TEMBUSU GRAND,"2,755,000","1,173.28","2,348",Nov-24,JALAN TEMBUSU,New Sale,Strata,109,"25,275",-,Condominium,1,99 yrs lease commencing from 2022,15,Rest of Central Region,01 to 05
TEMBUSU GRAND,"2,752,000","1,173.28","2,346",Nov-24,JALAN TEMBUSU,New Sale,Strata,109,"25,248",-,Condominium,1,99 yrs lease commencing from 2022,15,Rest of Central Region,01 to 05
TEMBUSU GRAND,"2,832,000","1,173.28","2,414",Nov-24,JALAN TEMBUSU,New Sale,Strata,109,"25,982",-,Condominium,1,99 yrs lease commencing from 2022,15,Rest of Central Region,11 to 15
TEMBUSU GRAND,"2,842,000","1,173.28","2,422",Nov-24,JALAN TEMBUSU,New Sale,Strata,109,"26,073",-,Condominium,1,99 yrs lease commencing from 2022,15,Rest of Central Region,11 to 15
TEMBUSU GRAND,"2,862,000","1,173.28","2,439",Nov-24,JALAN TEMBUSU,New Sale,Strata,109,"26,257",-,Condominium,1,99 yrs lease commencing from 2022,15,Rest of Central Region,16 to 20
TEMBUSU GRAND,"3,069,000","1,399.32","2,193",Nov-24,JALAN TEMBUSU,New Sale,Strata,130,"23,608",-,Condominium,1,99 yrs lease commencing from 2022,15,Rest of Central Region,16 to 20
TEMBUSU GRAND,"2,102,000",882.65,"2,381",Nov-24,JALAN TEMBUSU,New Sale,Strata,82,"25,634",-,Condominium,1,99 yrs lease commencing from 2022,15,Rest of Central Region,16 to 20
TEMBUSU GRAND,"2,749,000","1,173.28","2,343",Nov-24,JALAN TEMBUSU,New Sale,Strata,109,"25,220",-,Condominium,1,99 yrs lease commencing from 2022,15,Rest of Central Region,01 to 05
TEMBUSU GRAND,"2,708,000","1,173.28","2,308",Nov-24,JALAN TEMBUSU,New Sale,Strata,109,"24,844",-,Condominium,1,99 yrs lease commencing from 2022,15,Rest of Central Region,01 to 05
TEMBUSU GRAND,"2,738,000","1,173.28","2,334",Nov-24,JALAN TEMBUSU,New Sale,Strata,109,"25,119",-,Condominium,1,99 yrs lease commencing from 2022,15,Rest of Central Region,01 to 05
TEMBUSU GRAND,"2,748,000","1,173.28","2,342",Nov-24,JALAN TEMBUSU,New Sale,Strata,109,"25,211",-,Condominium,1,99 yrs lease commencing from 2022,15,Rest of Central Region,06 to 10
TEMBUSU GRAND,"1,409,000",527.44,"2,671",Nov-24,JALAN TEMBUSU,New Sale,Strata,49,"28,755",-,Condominium,1,99 yrs lease commencing from 2022,15,Rest of Central Region,16 to 20
TEMBUSU GRAND,"3,070,000","1,399.32","2,194",Nov-24,JALAN TEMBUSU,New Sale,Strata,130,"23,615",-,Condominium,1,99 yrs lease commencing from 2022,15,Rest of Central Region,16 to 20
THE CONTINUUM,"2,884,000","1,065.64","2,706",Nov-24,THIAM SIEW AVENUE,New Sale,Strata,99,"29,131",-,Apartment,1,Freehold,15,Rest of Central Region,01 to 05
THE CONTINUUM,"3,026,000","1,087.16","2,783",Nov-24,THIAM SIEW AVENUE,New Sale,Strata,101,"29,960",-,Apartment,1,Freehold,15,Rest of Central Region,06 to 10
THE CONTINUUM,"3,066,000","1,087.16","2,820",Nov-24,THIAM SIEW AVENUE,New Sale,Strata,101,"30,356",-,Apartment,1,Freehold,15,Rest of Central Region,06 to 10
THE CONTINUUM,"1,945,000",667.37,"2,914",Nov-24,THIAM SIEW AVENUE,New Sale,Strata,62,"31,371",-,Apartment,1,Freehold,15,Rest of Central Region,11 to 15
THE CONTINUUM,"1,945,000",667.37,"2,914",Nov-24,THIAM SIEW AVENUE,New Sale,Strata,62,"31,371",-,Apartment,1,Freehold,15,Rest of Central Region,11 to 15
GRAND DUNMAN,"2,931,000","1,119.46","2,618",Nov-24,DUNMAN ROAD,New Sale,Strata,104,"28,183",-,Apartment,1,99 yrs lease commencing from 2022,15,Rest of Central Region,01 to 05
GRAND DUNMAN,"2,689,000","1,097.93","2,449",Nov-24,DUNMAN ROAD,New Sale,Strata,102,"26,363",-,Apartment,1,99 yrs lease commencing from 2022,15,Rest of Central Region,01 to 05
GRAND DUNMAN,"2,694,000","1,097.93","2,454",Nov-24,DUNMAN ROAD,New Sale,Strata,102,"26,412",-,Apartment,1,99 yrs lease commencing from 2022,15,Rest of Central Region,01 to 05
GRAND DUNMAN,"2,699,000","1,097.93","2,458",Nov-24,DUNMAN ROAD,New Sale,Strata,102,"26,461",-,Apartment,1,99 yrs lease commencing from 2022,15,Rest of Central Region,01 to 05
GRAND DUNMAN,"2,663,000","1,054.87","2,524",Nov-24,DUNMAN ROAD,New Sale,Strata,98,"27,173",-,Apartment,1,99 yrs lease commencing from 2022,15,Rest of Central Region,06 to 10
GRAND DUNMAN,"3,032,000","1,119.46","2,708",Nov-24,DUNMAN ROAD,New Sale,Strata,104,"29,154",-,Apartment,1,99 yrs lease commencing from 2022,15,Rest of Central Region,01 to 05
THE CONTINUUM,"1,896,000",645.84,"2,936",Nov-24,THIAM SIEW AVENUE,New Sale,Strata,60,"31,600",-,Apartment,1,Freehold,15,Rest of Central Region,11 to 15
THE CONTINUUM,"2,548,000",871.88,"2,922",Nov-24,THIAM SIEW AVENUE,New Sale,Strata,81,"31,457",-,Apartment,1,Freehold,15,Rest of Central Region,11 to 15
THE CONTINUUM,"2,560,000",871.88,"2,936",Nov-24,THIAM SIEW AVENUE,New Sale,Strata,81,"31,605",-,Apartment,1,Freehold,15,Rest of Central Region,11 to 15
THE CONTINUUM,"2,574,000",871.88,"2,952",Nov-24,THIAM SIEW AVENUE,New Sale,Strata,81,"31,778",-,Apartment,1,Freehold,15,Rest of Central Region,11 to 15
PARQ BELLA,"3,120,000","1,367.03","2,282",Nov-24,TEMBELING ROAD,New Sale,Strata,127,"24,567",-,Apartment,1,Freehold,15,Rest of Central Region,01 to 05
THE CONTINUUM,"2,844,000","1,065.64","2,669",Nov-24,THIAM SIEW AVENUE,New Sale,Strata,99,"28,727",-,Apartment,1,Freehold,15,Rest of Central Region,01 to 05
THE CONTINUUM,"2,857,000","1,065.64","2,681",Nov-24,THIAM SIEW AVENUE,New Sale,Strata,99,"28,859",-,Apartment,1,Freehold,15,Rest of Central Region,01 to 05
THE CONTINUUM,"2,871,000","1,065.64","2,694",Nov-24,THIAM SIEW AVENUE,New Sale,Strata,99,"29,000",-,Apartment,1,Freehold,15,Rest of Central Region,01 to 05
THE CONTINUUM,"3,659,000","1,270.15","2,881",Nov-24,THIAM SIEW AVENUE,New Sale,Strata,118,"31,008",-,Apartment,1,Freehold,15,Rest of Central Region,06 to 10
THE CONTINUUM,"2,740,000",947.23,"2,893",Nov-24,THIAM SIEW AVENUE,New Sale,Strata,88,"31,136",-,Apartment,1,Freehold,15,Rest of Central Region,11 to 15
THE CONTINUUM,"1,954,000",667.37,"2,928",Nov-24,THIAM SIEW AVENUE,New Sale,Strata,62,"31,516",-,Apartment,1,Freehold,15,Rest of Central Region,11 to 15
THE CONTINUUM,"2,184,000",721.19,"3,028",Nov-24,THIAM SIEW AVENUE,New Sale,Strata,67,"32,597",-,Apartment,1,Freehold,15,Rest of Central Region,16 to 20
THE CONTINUUM,"1,981,000",667.37,"2,968",Nov-24,THIAM SIEW AVENUE,New Sale,Strata,62,"31,952",-,Apartment,1,Freehold,15,Rest of Central Region,16 to 20
THE CONTINUUM,"2,481,000",871.88,"2,846",Nov-24,THIAM SIEW AVENUE,New Sale,Strata,81,"30,630",-,Apartment,1,Freehold,15,Rest of Central Region,01 to 05
THE CONTINUUM,"2,481,000",871.88,"2,846",Nov-24,THIAM SIEW AVENUE,New Sale,Strata,81,"30,630",-,Apartment,1,Freehold,15,Rest of Central Region,01 to 05
THE CONTINUUM,"2,507,000",871.88,"2,875",Nov-24,THIAM SIEW AVENUE,New Sale,Strata,81,"30,951",-,Apartment,1,Freehold,15,Rest of Central Region,01 to 05
THE CONTINUUM,"2,519,000",871.88,"2,889",Nov-24,THIAM SIEW AVENUE,New Sale,Strata,81,"31,099",-,Apartment,1,Freehold,15,Rest of Central Region,06 to 10
THE CONTINUUM,"2,555,000",871.88,"2,930",Nov-24,THIAM SIEW AVENUE,New Sale,Strata,81,"31,543",-,Apartment,1,Freehold,15,Rest of Central Region,06 to 10
THE CONTINUUM,"2,568,000",871.88,"2,945",Nov-24,THIAM SIEW AVENUE,New Sale,Strata,81,"31,704",-,Apartment,1,Freehold,15,Rest of Central Region,06 to 10
THE CONTINUUM,"1,887,000",645.84,"2,922",Nov-24,THIAM SIEW AVENUE,New Sale,Strata,60,"31,450",-,Apartment,1,Freehold,15,Rest of Central Region,11 to 15
EMERALD OF KATONG,"2,399,000",990.29,"2,423",Nov-24,JALAN TEMBUSU,New Sale,Strata,92,"26,076",-,Condominium,1,99 yrs lease commencing from 2023,15,Rest of Central Region,01 to 05
EMERALD OF KATONG,"1,647,000",624.31,"2,638",Nov-24,JALAN TEMBUSU,New Sale,Strata,58,"28,397",-,Condominium,1,99 yrs lease commencing from 2023,15,Rest of Central Region,01 to 05
EMERALD OF KATONG,"1,749,000",688.9,"2,539",Nov-24,JALAN TEMBUSU,New Sale,Strata,64,"27,328",-,Condominium,1,99 yrs lease commencing from 2023,15,Rest of Central Region,01 to 05
EMERALD OF KATONG,"1,665,000",645.84,"2,578",Nov-24,JALAN TEMBUSU,New Sale,Strata,60,"27,750",-,Condominium,1,99 yrs lease commencing from 2023,15,Rest of Central Region,01 to 05
EMERALD OF KATONG,"3,170,000","1,270.15","2,496",Nov-24,JALAN TEMBUSU,New Sale,Strata,118,"26,864",-,Condominium,1,99 yrs lease commencing from 2023,15,Rest of Central Region,01 to 05
EMERALD OF KATONG,"2,254,000",904.18,"2,493",Nov-24,JALAN TEMBUSU,New Sale,Strata,84,"26,833",-,Condominium,1,99 yrs lease commencing from 2023,15,Rest of Central Region,01 to 05
EMERALD OF KATONG,"2,519,000",990.29,"2,544",Nov-24,JALAN TEMBUSU,New Sale,Strata,92,"27,380",-,Condominium,1,99 yrs lease commencing from 2023,15,Rest of Central Region,06 to 10
EMERALD OF KATONG,"3,196,000","1,270.15","2,516",Nov-24,JALAN TEMBUSU,New Sale,Strata,118,"27,085",-,Condominium,1,99 yrs lease commencing from 2023,15,Rest of Central Region,06 to 10
EMERALD OF KATONG,"1,789,000",688.9,"2,597",Nov-24,JALAN TEMBUSU,New Sale,Strata,64,"27,953",-,Condominium,1,99 yrs lease commencing from 2023,15,Rest of Central Region,06 to 10
EMERALD OF KATONG,"1,728,000",645.84,"2,676",Nov-24,JALAN TEMBUSU,New Sale,Strata,60,"28,800",-,Condominium,1,99 yrs lease commencing from 2023,15,Rest of Central Region,06 to 10
EMERALD OF KATONG,"1,321,000",484.38,"2,727",Nov-24,JALAN TEMBUSU,New Sale,Strata,45,"29,356",-,Condominium,1,99 yrs lease commencing from 2023,15,Rest of Central Region,06 to 10
EMERALD OF KATONG,"1,707,000",624.31,"2,734",Nov-24,JALAN TEMBUSU,New Sale,Strata,58,"29,431",-,Condominium,1,99 yrs lease commencing from 2023,15,Rest of Central Region,06 to 10
EMERALD OF KATONG,"3,235,000","1,270.15","2,547",Nov-24,JALAN TEMBUSU,New Sale,Strata,118,"27,415",-,Condominium,1,99 yrs lease commencing from 2023,15,Rest of Central Region,06 to 10
EMERALD OF KATONG,"1,819,000",688.9,"2,640",Nov-24,JALAN TEMBUSU,New Sale,Strata,64,"28,422",-,Condominium,1,99 yrs lease commencing from 2023,15,Rest of Central Region,06 to 10
EMERALD OF KATONG,"2,538,000",968.76,"2,620",Nov-24,JALAN TEMBUSU,New Sale,Strata,90,"28,200",-,Condominium,1,99 yrs lease commencing from 2023,15,Rest of Central Region,06 to 10
EMERALD OF KATONG,"1,829,000",688.9,"2,655",Nov-24,JALAN TEMBUSU,New Sale,Strata,64,"28,578",-,Condominium,1,99 yrs lease commencing from 2023,15,Rest of Central Region,06 to 10
EMERALD OF KATONG,"2,369,000",904.18,"2,620",Nov-24,JALAN TEMBUSU,New Sale,Strata,84,"28,202",-,Condominium,1,99 yrs lease commencing from 2023,15,Rest of Central Region,06 to 10
EMERALD OF KATONG,"2,381,000",904.18,"2,633",Nov-24,JALAN TEMBUSU,New Sale,Strata,84,"28,345",-,Condominium,1,99 yrs lease commencing from 2023,15,Rest of Central Region,11 to 15
EMERALD OF KATONG,"1,778,000",645.84,"2,753",Nov-24,JALAN TEMBUSU,New Sale,Strata,60,"29,633",-,Condominium,1,99 yrs lease commencing from 2023,15,Rest of Central Region,11 to 15
EMERALD OF KATONG,"2,602,000",990.29,"2,628",Nov-24,JALAN TEMBUSU,New Sale,Strata,92,"28,283",-,Condominium,1,99 yrs lease commencing from 2023,15,Rest of Central Region,11 to 15
EMERALD OF KATONG,"3,274,000","1,270.15","2,578",Nov-24,JALAN TEMBUSU,New Sale,Strata,118,"27,746",-,Condominium,1,99 yrs lease commencing from 2023,15,Rest of Central Region,11 to 15
EMERALD OF KATONG,"1,747,000",624.31,"2,798",Nov-24,JALAN TEMBUSU,New Sale,Strata,58,"30,121",-,Condominium,1,99 yrs lease commencing from 2023,15,Rest of Central Region,11 to 15
EMERALD OF KATONG,"2,574,000",968.76,"2,657",Nov-24,JALAN TEMBUSU,New Sale,Strata,90,"28,600",-,Condominium,1,99 yrs lease commencing from 2023,15,Rest of Central Region,11 to 15
EMERALD OF KATONG,"2,614,000",990.29,"2,640",Nov-24,JALAN TEMBUSU,New Sale,Strata,92,"28,413",-,Condominium,1,99 yrs lease commencing from 2023,15,Rest of Central Region,11 to 15
EMERALD OF KATONG,"1,859,000",688.9,"2,699",Nov-24,JALAN TEMBUSU,New Sale,Strata,64,"29,047",-,Condominium,1,99 yrs lease commencing from 2023,15,Rest of Central Region,11 to 15
EMERALD OF KATONG,"1,869,000",688.9,"2,713",Nov-24,JALAN TEMBUSU,New Sale,Strata,64,"29,203",-,Condominium,1,99 yrs lease commencing from 2023,15,Rest of Central Region,11 to 15
EMERALD OF KATONG,"3,326,000","1,270.15","2,619",Nov-24,JALAN TEMBUSU,New Sale,Strata,118,"28,186",-,Condominium,1,99 yrs lease commencing from 2023,15,Rest of Central Region,11 to 15
EMERALD OF KATONG,"1,828,000",645.84,"2,830",Nov-24,JALAN TEMBUSU,New Sale,Strata,60,"30,467",-,Condominium,1,99 yrs lease commencing from 2023,15,Rest of Central Region,11 to 15
EMERALD OF KATONG,"2,661,000",990.29,"2,687",Nov-24,JALAN TEMBUSU,New Sale,Strata,92,"28,924",-,Condominium,1,99 yrs lease commencing from 2023,15,Rest of Central Region,16 to 20
EMERALD OF KATONG,"2,685,000",990.29,"2,711",Nov-24,JALAN TEMBUSU,New Sale,Strata,92,"29,185",-,Condominium,1,99 yrs lease commencing from 2023,15,Rest of Central Region,16 to 20
EMERALD OF KATONG,"1,919,000",688.9,"2,786",Nov-24,JALAN TEMBUSU,New Sale,Strata,64,"29,984",-,Condominium,1,99 yrs lease commencing from 2023,15,Rest of Central Region,16 to 20
EMERALD OF KATONG,"2,261,000",904.18,"2,501",Nov-24,JALAN TEMBUSU,New Sale,Strata,84,"26,917",-,Condominium,1,99 yrs lease commencing from 2023,15,Rest of Central Region,01 to 05
EMERALD OF KATONG,"1,711,000",678.13,"2,523",Nov-24,JALAN TEMBUSU,New Sale,Strata,63,"27,159",-,Condominium,1,99 yrs lease commencing from 2023,15,Rest of Central Region,01 to 05
EMERALD OF KATONG,"2,251,000",904.18,"2,490",Nov-24,JALAN TEMBUSU,New Sale,Strata,84,"26,798",-,Condominium,1,99 yrs lease commencing from 2023,15,Rest of Central Region,01 to 05
EMERALD OF KATONG,"1,688,000",688.9,"2,450",Nov-24,JALAN TEMBUSU,New Sale,Strata,64,"26,375",-,Condominium,1,99 yrs lease commencing from 2023,15,Rest of Central Region,01 to 05
EMERALD OF KATONG,"2,832,000","1,151.75","2,459",Nov-24,JALAN TEMBUSU,New Sale,Strata,107,"26,467",-,Condominium,1,99 yrs lease commencing from 2023,15,Rest of Central Region,01 to 05
EMERALD OF KATONG,"1,721,000",678.13,"2,538",Nov-24,JALAN TEMBUSU,New Sale,Strata,63,"27,317",-,Condominium,1,99 yrs lease commencing from 2023,15,Rest of Central Region,01 to 05
EMERALD OF KATONG,"2,349,000",968.76,"2,425",Nov-24,JALAN TEMBUSU,New Sale,Strata,90,"26,100",-,Condominium,1,99 yrs lease commencing from 2023,15,Rest of Central Region,01 to 05
EMERALD OF KATONG,"1,731,000",678.13,"2,553",Nov-24,JALAN TEMBUSU,New Sale,Strata,63,"27,476",-,Condominium,1,99 yrs lease commencing from 2023,15,Rest of Central Region,01 to 05
EMERALD OF KATONG,"2,320,000",904.18,"2,566",Nov-24,JALAN TEMBUSU,New Sale,Strata,84,"27,619",-,Condominium,1,99 yrs lease commencing from 2023,15,Rest of Central Region,01 to 05
EMERALD OF KATONG,"2,408,000",968.76,"2,486",Nov-24,JALAN TEMBUSU,New Sale,Strata,90,"26,756",-,Condominium,1,99 yrs lease commencing from 2023,15,Rest of Central Region,01 to 05
EMERALD OF KATONG,"1,718,000",688.9,"2,494",Nov-24,JALAN TEMBUSU,New Sale,Strata,64,"26,844",-,Condominium,1,99 yrs lease commencing from 2023,15,Rest of Central Region,01 to 05
EMERALD OF KATONG,"2,332,000",904.18,"2,579",Nov-24,JALAN TEMBUSU,New Sale,Strata,84,"27,762",-,Condominium,1,99 yrs lease commencing from 2023,15,Rest of Central Region,06 to 10
EMERALD OF KATONG,"2,420,000",968.76,"2,498",Nov-24,JALAN TEMBUSU,New Sale,Strata,90,"26,889",-,Condominium,1,99 yrs lease commencing from 2023,15,Rest of Central Region,06 to 10
EMERALD OF KATONG,"1,728,000",688.9,"2,508",Nov-24,JALAN TEMBUSU,New Sale,Strata,64,"27,000",-,Condominium,1,99 yrs lease commencing from 2023,15,Rest of Central Region,06 to 10
EMERALD OF KATONG,"2,950,000","1,151.75","2,561",Nov-24,JALAN TEMBUSU,New Sale,Strata,107,"27,570",-,Condominium,1,99 yrs lease commencing from 2023,15,Rest of Central Region,06 to 10
EMERALD OF KATONG,"1,791,000",678.13,"2,641",Nov-24,JALAN TEMBUSU,New Sale,Strata,63,"28,429",-,Condominium,1,99 yrs lease commencing from 2023,15,Rest of Central Region,06 to 10
EMERALD OF KATONG,"2,479,000",968.76,"2,559",Nov-24,JALAN TEMBUSU,New Sale,Strata,90,"27,544",-,Condominium,1,99 yrs lease commencing from 2023,15,Rest of Central Region,06 to 10
EMERALD OF KATONG,"2,989,000","1,151.75","2,595",Nov-24,JALAN TEMBUSU,New Sale,Strata,107,"27,935",-,Condominium,1,99 yrs lease commencing from 2023,15,Rest of Central Region,11 to 15
EMERALD OF KATONG,"1,821,000",678.13,"2,685",Nov-24,JALAN TEMBUSU,New Sale,Strata,63,"28,905",-,Condominium,1,99 yrs lease commencing from 2023,15,Rest of Central Region,11 to 15
EMERALD OF KATONG,"1,798,000",688.9,"2,610",Nov-24,JALAN TEMBUSU,New Sale,Strata,64,"28,094",-,Condominium,1,99 yrs lease commencing from 2023,15,Rest of Central Region,11 to 15
EMERALD OF KATONG,"2,427,000",904.18,"2,684",Nov-24,JALAN TEMBUSU,New Sale,Strata,84,"28,893",-,Condominium,1,99 yrs lease commencing from 2023,15,Rest of Central Region,11 to 15
EMERALD OF KATONG,"2,515,000",968.76,"2,596",Nov-24,JALAN TEMBUSU,New Sale,Strata,90,"27,944",-,Condominium,1,99 yrs lease commencing from 2023,15,Rest of Central Region,11 to 15
EMERALD OF KATONG,"1,808,000",688.9,"2,624",Nov-24,JALAN TEMBUSU,New Sale,Strata,64,"28,250",-,Condominium,1,99 yrs lease commencing from 2023,15,Rest of Central Region,11 to 15
EMERALD OF KATONG,"2,905,000","1,151.75","2,522",Nov-24,JALAN TEMBUSU,New Sale,Strata,107,"27,150",-,Condominium,1,99 yrs lease commencing from 2023,15,Rest of Central Region,11 to 15
EMERALD OF KATONG,"2,439,000",904.18,"2,697",Nov-24,JALAN TEMBUSU,New Sale,Strata,84,"29,036",-,Condominium,1,99 yrs lease commencing from 2023,15,Rest of Central Region,11 to 15
EMERALD OF KATONG,"2,918,000","1,151.75","2,534",Nov-24,JALAN TEMBUSU,New Sale,Strata,107,"27,271",-,Condominium,1,99 yrs lease commencing from 2023,15,Rest of Central Region,11 to 15
EMERALD OF KATONG,"3,028,000","1,151.75","2,629",Nov-24,JALAN TEMBUSU,New Sale,Strata,107,"28,299",-,Condominium,1,99 yrs lease commencing from 2023,15,Rest of Central Region,11 to 15
EMERALD OF KATONG,"3,054,000","1,151.75","2,652",Nov-24,JALAN TEMBUSU,New Sale,Strata,107,"28,542",-,Condominium,1,99 yrs lease commencing from 2023,15,Rest of Central Region,11 to 15
EMERALD OF KATONG,"2,474,000",904.18,"2,736",Nov-24,JALAN TEMBUSU,New Sale,Strata,84,"29,452",-,Condominium,1,99 yrs lease commencing from 2023,15,Rest of Central Region,16 to 20
EMERALD OF KATONG,"1,881,000",678.13,"2,774",Nov-24,JALAN TEMBUSU,New Sale,Strata,63,"29,857",-,Condominium,1,99 yrs lease commencing from 2023,15,Rest of Central Region,16 to 20
EMERALD OF KATONG,"2,498,000",904.18,"2,763",Nov-24,JALAN TEMBUSU,New Sale,Strata,84,"29,738",-,Condominium,1,99 yrs lease commencing from 2023,15,Rest of Central Region,16 to 20
EMERALD OF KATONG,"1,651,000",645.84,"2,556",Nov-24,JALAN TEMBUSU,New Sale,Strata,60,"27,517",-,Condominium,1,99 yrs lease commencing from 2023,15,Rest of Central Region,01 to 05
EMERALD OF KATONG,"1,762,000",688.9,"2,558",Nov-24,JALAN TEMBUSU,New Sale,Strata,64,"27,531",-,Condominium,1,99 yrs lease commencing from 2023,15,Rest of Central Region,01 to 05
EMERALD OF KATONG,"1,755,000",688.9,"2,548",Nov-24,JALAN TEMBUSU,New Sale,Strata,64,"27,422",-,Condominium,1,99 yrs lease commencing from 2023,15,Rest of Central Region,01 to 05
EMERALD OF KATONG,"1,637,000",624.31,"2,622",Nov-24,JALAN TEMBUSU,New Sale,Strata,58,"28,224",-,Condominium,1,99 yrs lease commencing from 2023,15,Rest of Central Region,01 to 05
EMERALD OF KATONG,"2,399,000",990.29,"2,423",Nov-24,JALAN TEMBUSU,New Sale,Strata,92,"26,076",-,Condominium,1,99 yrs lease commencing from 2023,15,Rest of Central Region,01 to 05
EMERALD OF KATONG,"1,240,000",484.38,"2,560",Nov-24,JALAN TEMBUSU,New Sale,Strata,45,"27,556",-,Condominium,1,99 yrs lease commencing from 2023,15,Rest of Central Region,01 to 05
EMERALD OF KATONG,"1,765,000",688.9,"2,562",Nov-24,JALAN TEMBUSU,New Sale,Strata,64,"27,578",-,Condominium,1,99 yrs lease commencing from 2023,15,Rest of Central Region,01 to 05
EMERALD OF KATONG,"2,411,000",990.29,"2,435",Nov-24,JALAN TEMBUSU,New Sale,Strata,92,"26,207",-,Condominium,1,99 yrs lease commencing from 2023,15,Rest of Central Region,01 to 05
EMERALD OF KATONG,"3,143,000","1,259.39","2,496",Nov-24,JALAN TEMBUSU,New Sale,Strata,117,"26,863",-,Condominium,1,99 yrs lease commencing from 2023,15,Rest of Central Region,01 to 05
EMERALD OF KATONG,"2,435,000",990.29,"2,459",Nov-24,JALAN TEMBUSU,New Sale,Strata,92,"26,467",-,Condominium,1,99 yrs lease commencing from 2023,15,Rest of Central Region,01 to 05
EMERALD OF KATONG,"1,264,000",484.38,"2,610",Nov-24,JALAN TEMBUSU,New Sale,Strata,45,"28,089",-,Condominium,1,99 yrs lease commencing from 2023,15,Rest of Central Region,01 to 05
EMERALD OF KATONG,"1,677,000",624.31,"2,686",Nov-24,JALAN TEMBUSU,New Sale,Strata,58,"28,914",-,Condominium,1,99 yrs lease commencing from 2023,15,Rest of Central Region,06 to 10
EMERALD OF KATONG,"2,278,000",904.18,"2,519",Nov-24,JALAN TEMBUSU,New Sale,Strata,84,"27,119",-,Condominium,1,99 yrs lease commencing from 2023,15,Rest of Central Region,06 to 10
EMERALD OF KATONG,"1,280,000",484.38,"2,643",Nov-24,JALAN TEMBUSU,New Sale,Strata,45,"28,444",-,Condominium,1,99 yrs lease commencing from 2023,15,Rest of Central Region,06 to 10
EMERALD OF KATONG,"1,825,000",688.9,"2,649",Nov-24,JALAN TEMBUSU,New Sale,Strata,64,"28,516",-,Condominium,1,99 yrs lease commencing from 2023,15,Rest of Central Region,06 to 10
EMERALD OF KATONG,"1,707,000",624.31,"2,734",Nov-24,JALAN TEMBUSU,New Sale,Strata,58,"29,431",-,Condominium,1,99 yrs lease commencing from 2023,15,Rest of Central Region,06 to 10
EMERALD OF KATONG,"2,494,000",990.29,"2,518",Nov-24,JALAN TEMBUSU,New Sale,Strata,92,"27,109",-,Condominium,1,99 yrs lease commencing from 2023,15,Rest of Central Region,06 to 10
EMERALD OF KATONG,"1,304,000",484.38,"2,692",Nov-24,JALAN TEMBUSU,New Sale,Strata,45,"28,978",-,Condominium,1,99 yrs lease commencing from 2023,15,Rest of Central Region,06 to 10
EMERALD OF KATONG,"3,221,000","1,259.39","2,558",Nov-24,JALAN TEMBUSU,New Sale,Strata,117,"27,530",-,Condominium,1,99 yrs lease commencing from 2023,15,Rest of Central Region,06 to 10
EMERALD OF KATONG,"1,845,000",688.9,"2,678",Nov-24,JALAN TEMBUSU,New Sale,Strata,64,"28,828",-,Condominium,1,99 yrs lease commencing from 2023,15,Rest of Central Region,06 to 10
EMERALD OF KATONG,"1,745,000",645.84,"2,702",Nov-24,JALAN TEMBUSU,New Sale,Strata,60,"29,083",-,Condominium,1,99 yrs lease commencing from 2023,15,Rest of Central Region,11 to 15
EMERALD OF KATONG,"2,337,000",904.18,"2,585",Nov-24,JALAN TEMBUSU,New Sale,Strata,84,"27,821",-,Condominium,1,99 yrs lease commencing from 2023,15,Rest of Central Region,11 to 15
EMERALD OF KATONG,"3,234,000","1,259.39","2,568",Nov-24,JALAN TEMBUSU,New Sale,Strata,117,"27,641",-,Condominium,1,99 yrs lease commencing from 2023,15,Rest of Central Region,11 to 15
EMERALD OF KATONG,"1,855,000",688.9,"2,693",Nov-24,JALAN TEMBUSU,New Sale,Strata,64,"28,984",-,Condominium,1,99 yrs lease commencing from 2023,15,Rest of Central Region,11 to 15
EMERALD OF KATONG,"3,247,000","1,259.39","2,578",Nov-24,JALAN TEMBUSU,New Sale,Strata,117,"27,752",-,Condominium,1,99 yrs lease commencing from 2023,15,Rest of Central Region,11 to 15
EMERALD OF KATONG,"1,865,000",688.9,"2,707",Nov-24,JALAN TEMBUSU,New Sale,Strata,64,"29,141",-,Condominium,1,99 yrs lease commencing from 2023,15,Rest of Central Region,11 to 15
EMERALD OF KATONG,"1,747,000",624.31,"2,798",Nov-24,JALAN TEMBUSU,New Sale,Strata,58,"30,121",-,Condominium,1,99 yrs lease commencing from 2023,15,Rest of Central Region,11 to 15
EMERALD OF KATONG,"2,530,000",990.29,"2,555",Nov-24,JALAN TEMBUSU,New Sale,Strata,92,"27,500",-,Condominium,1,99 yrs lease commencing from 2023,15,Rest of Central Region,11 to 15
EMERALD OF KATONG,"3,260,000","1,259.39","2,589",Nov-24,JALAN TEMBUSU,New Sale,Strata,117,"27,863",-,Condominium,1,99 yrs lease commencing from 2023,15,Rest of Central Region,11 to 15
EMERALD OF KATONG,"2,542,000",990.29,"2,567",Nov-24,JALAN TEMBUSU,New Sale,Strata,92,"27,630",-,Condominium,1,99 yrs lease commencing from 2023,15,Rest of Central Region,11 to 15
EMERALD OF KATONG,"1,767,000",624.31,"2,830",Nov-24,JALAN TEMBUSU,New Sale,Strata,58,"30,466",-,Condominium,1,99 yrs lease commencing from 2023,15,Rest of Central Region,11 to 15
EMERALD OF KATONG,"2,554,000",990.29,"2,579",Nov-24,JALAN TEMBUSU,New Sale,Strata,92,"27,761",-,Condominium,1,99 yrs lease commencing from 2023,15,Rest of Central Region,11 to 15
EMERALD OF KATONG,"3,299,000","1,259.39","2,620",Nov-24,JALAN TEMBUSU,New Sale,Strata,117,"28,197",-,Condominium,1,99 yrs lease commencing from 2023,15,Rest of Central Region,11 to 15
EMERALD OF KATONG,"2,589,000",990.29,"2,614",Nov-24,JALAN TEMBUSU,New Sale,Strata,92,"28,141",-,Condominium,1,99 yrs lease commencing from 2023,15,Rest of Central Region,16 to 20
EMERALD OF KATONG,"2,816,000","1,022.58","2,754",Nov-24,JALAN TEMBUSU,New Sale,Strata,95,"29,642",-,Condominium,1,99 yrs lease commencing from 2023,15,Rest of Central Region,16 to 20
EMERALD OF KATONG,"2,177,000",882.65,"2,466",Nov-24,JALAN TEMBUSU,New Sale,Strata,82,"26,549",-,Condominium,1,99 yrs lease commencing from 2023,15,Rest of Central Region,01 to 05
EMERALD OF KATONG,"1,722,000",699.66,"2,461",Nov-24,JALAN TEMBUSU,New Sale,Strata,65,"26,492",-,Condominium,1,99 yrs lease commencing from 2023,15,Rest of Central Region,01 to 05
EMERALD OF KATONG,"1,711,000",678.13,"2,523",Nov-24,JALAN TEMBUSU,New Sale,Strata,63,"27,159",-,Condominium,1,99 yrs lease commencing from 2023,15,Rest of Central Region,01 to 05
EMERALD OF KATONG,"2,520,000",990.29,"2,545",Nov-24,JALAN TEMBUSU,New Sale,Strata,92,"27,391",-,Condominium,1,99 yrs lease commencing from 2023,15,Rest of Central Region,01 to 05
EMERALD OF KATONG,"2,179,000",882.65,"2,469",Nov-24,JALAN TEMBUSU,New Sale,Strata,82,"26,573",-,Condominium,1,99 yrs lease commencing from 2023,15,Rest of Central Region,01 to 05
EMERALD OF KATONG,"2,516,000","1,022.58","2,460",Nov-24,JALAN TEMBUSU,New Sale,Strata,95,"26,484",-,Condominium,1,99 yrs lease commencing from 2023,15,Rest of Central Region,01 to 05
EMERALD OF KATONG,"1,619,000",624.31,"2,593",Nov-24,JALAN TEMBUSU,New Sale,Strata,58,"27,914",-,Condominium,1,99 yrs lease commencing from 2023,15,Rest of Central Region,01 to 05
EMERALD OF KATONG,"3,126,000","1,259.39","2,482",Nov-24,JALAN TEMBUSU,New Sale,Strata,117,"26,718",-,Condominium,1,99 yrs lease commencing from 2023,15,Rest of Central Region,06 to 10
EMERALD OF KATONG,"1,629,000",624.31,"2,609",Nov-24,JALAN TEMBUSU,New Sale,Strata,58,"28,086",-,Condominium,1,99 yrs lease commencing from 2023,15,Rest of Central Region,06 to 10
EMERALD OF KATONG,"2,552,000","1,022.58","2,496",Nov-24,JALAN TEMBUSU,New Sale,Strata,95,"26,863",-,Condominium,1,99 yrs lease commencing from 2023,15,Rest of Central Region,06 to 10
EMERALD OF KATONG,"1,317,000",484.38,"2,719",Nov-24,JALAN TEMBUSU,New Sale,Strata,45,"29,267",-,Condominium,1,99 yrs lease commencing from 2023,15,Rest of Central Region,06 to 10
EMERALD OF KATONG,"1,781,000",678.13,"2,626",Nov-24,JALAN TEMBUSU,New Sale,Strata,63,"28,270",-,Condominium,1,99 yrs lease commencing from 2023,15,Rest of Central Region,06 to 10
EMERALD OF KATONG,"1,659,000",624.31,"2,657",Nov-24,JALAN TEMBUSU,New Sale,Strata,58,"28,603",-,Condominium,1,99 yrs lease commencing from 2023,15,Rest of Central Region,06 to 10
EMERALD OF KATONG,"1,333,000",484.38,"2,752",Nov-24,JALAN TEMBUSU,New Sale,Strata,45,"29,622",-,Condominium,1,99 yrs lease commencing from 2023,15,Rest of Central Region,06 to 10
EMERALD OF KATONG,"1,791,000",678.13,"2,641",Nov-24,JALAN TEMBUSU,New Sale,Strata,63,"28,429",-,Condominium,1,99 yrs lease commencing from 2023,15,Rest of Central Region,06 to 10
EMERALD OF KATONG,"1,795,000",699.66,"2,566",Nov-24,JALAN TEMBUSU,New Sale,Strata,65,"27,615",-,Condominium,1,99 yrs lease commencing from 2023,15,Rest of Central Region,06 to 10
EMERALD OF KATONG,"3,191,000","1,259.39","2,534",Nov-24,JALAN TEMBUSU,New Sale,Strata,117,"27,274",-,Condominium,1,99 yrs lease commencing from 2023,15,Rest of Central Region,06 to 10
EMERALD OF KATONG,"2,274,000",882.65,"2,576",Nov-24,JALAN TEMBUSU,New Sale,Strata,82,"27,732",-,Condominium,1,99 yrs lease commencing from 2023,15,Rest of Central Region,06 to 10
EMERALD OF KATONG,"1,349,000",484.38,"2,785",Nov-24,JALAN TEMBUSU,New Sale,Strata,45,"29,978",-,Condominium,1,99 yrs lease commencing from 2023,15,Rest of Central Region,06 to 10
EMERALD OF KATONG,"1,811,000",678.13,"2,671",Nov-24,JALAN TEMBUSU,New Sale,Strata,63,"28,746",-,Condominium,1,99 yrs lease commencing from 2023,15,Rest of Central Region,11 to 15
EMERALD OF KATONG,"2,286,000",882.65,"2,590",Nov-24,JALAN TEMBUSU,New Sale,Strata,82,"27,878",-,Condominium,1,99 yrs lease commencing from 2023,15,Rest of Central Region,11 to 15
EMERALD OF KATONG,"1,815,000",699.66,"2,594",Nov-24,JALAN TEMBUSU,New Sale,Strata,65,"27,923",-,Condominium,1,99 yrs lease commencing from 2023,15,Rest of Central Region,11 to 15
EMERALD OF KATONG,"1,357,000",484.38,"2,802",Nov-24,JALAN TEMBUSU,New Sale,Strata,45,"30,156",-,Condominium,1,99 yrs lease commencing from 2023,15,Rest of Central Region,11 to 15
EMERALD OF KATONG,"1,821,000",678.13,"2,685",Nov-24,JALAN TEMBUSU,New Sale,Strata,63,"28,905",-,Condominium,1,99 yrs lease commencing from 2023,15,Rest of Central Region,11 to 15
EMERALD OF KATONG,"1,825,000",699.66,"2,608",Nov-24,JALAN TEMBUSU,New Sale,Strata,65,"28,077",-,Condominium,1,99 yrs lease commencing from 2023,15,Rest of Central Region,11 to 15
EMERALD OF KATONG,"1,699,000",624.31,"2,721",Nov-24,JALAN TEMBUSU,New Sale,Strata,58,"29,293",-,Condominium,1,99 yrs lease commencing from 2023,15,Rest of Central Region,11 to 15
EMERALD OF KATONG,"1,835,000",699.66,"2,623",Nov-24,JALAN TEMBUSU,New Sale,Strata,65,"28,231",-,Condominium,1,99 yrs lease commencing from 2023,15,Rest of Central Region,11 to 15
EMERALD OF KATONG,"2,663,000",990.29,"2,689",Nov-24,JALAN TEMBUSU,New Sale,Strata,92,"28,946",-,Condominium,1,99 yrs lease commencing from 2023,15,Rest of Central Region,11 to 15
EMERALD OF KATONG,"1,719,000",624.31,"2,753",Nov-24,JALAN TEMBUSU,New Sale,Strata,58,"29,638",-,Condominium,1,99 yrs lease commencing from 2023,15,Rest of Central Region,11 to 15
EMERALD OF KATONG,"1,861,000",678.13,"2,744",Nov-24,JALAN TEMBUSU,New Sale,Strata,63,"29,540",-,Condominium,1,99 yrs lease commencing from 2023,15,Rest of Central Region,11 to 15
EMERALD OF KATONG,"1,865,000",699.66,"2,666",Nov-24,JALAN TEMBUSU,New Sale,Strata,65,"28,692",-,Condominium,1,99 yrs lease commencing from 2023,15,Rest of Central Region,11 to 15
EMERALD OF KATONG,"2,694,000","1,022.58","2,635",Nov-24,JALAN TEMBUSU,New Sale,Strata,95,"28,358",-,Condominium,1,99 yrs lease commencing from 2023,15,Rest of Central Region,16 to 20
EMERALD OF KATONG,"2,381,000",882.65,"2,698",Nov-24,JALAN TEMBUSU,New Sale,Strata,82,"29,037",-,Condominium,1,99 yrs lease commencing from 2023,15,Rest of Central Region,16 to 20
EMERALD OF KATONG,"2,742,000","1,022.58","2,681",Nov-24,JALAN TEMBUSU,New Sale,Strata,95,"28,863",-,Condominium,1,99 yrs lease commencing from 2023,15,Rest of Central Region,16 to 20
EMERALD OF KATONG,"3,324,000","1,302.44","2,552",Nov-24,JALAN TEMBUSU,New Sale,Strata,121,"27,471",-,Condominium,1,99 yrs lease commencing from 2023,15,Rest of Central Region,06 to 10
EMERALD OF KATONG,"3,337,000","1,302.44","2,562",Nov-24,JALAN TEMBUSU,New Sale,Strata,121,"27,579",-,Condominium,1,99 yrs lease commencing from 2023,15,Rest of Central Region,06 to 10
EMERALD OF KATONG,"3,284,000","1,313.21","2,501",Nov-24,JALAN TEMBUSU,New Sale,Strata,122,"26,918",-,Condominium,1,99 yrs lease commencing from 2023,15,Rest of Central Region,06 to 10
EMERALD OF KATONG,"3,323,000","1,313.21","2,530",Nov-24,JALAN TEMBUSU,New Sale,Strata,122,"27,238",-,Condominium,1,99 yrs lease commencing from 2023,15,Rest of Central Region,11 to 15
EMERALD OF KATONG,"3,375,000","1,313.21","2,570",Nov-24,JALAN TEMBUSU,New Sale,Strata,122,"27,664",-,Condominium,1,99 yrs lease commencing from 2023,15,Rest of Central Region,16 to 20
EMERALD OF KATONG,"4,142,000","1,560.78","2,654",Nov-24,JALAN TEMBUSU,New Sale,Strata,145,"28,566",-,Condominium,1,99 yrs lease commencing from 2023,15,Rest of Central Region,16 to 20
GRAND DUNMAN,"3,318,000","1,291.68","2,569",Nov-24,DUNMAN ROAD,New Sale,Strata,120,"27,650",-,Apartment,1,99 yrs lease commencing from 2022,15,Rest of Central Region,01 to 05
THE CONTINUUM,"2,979,000","1,065.64","2,796",Nov-24,THIAM SIEW AVENUE,New Sale,Strata,99,"30,091",-,Apartment,1,Freehold,15,Rest of Central Region,06 to 10
THE CONTINUUM,"3,006,000","1,065.64","2,821",Nov-24,THIAM SIEW AVENUE,New Sale,Strata,99,"30,364",-,Apartment,1,Freehold,15,Rest of Central Region,11 to 15
THE CONTINUUM,"3,033,000","1,065.64","2,846",Nov-24,THIAM SIEW AVENUE,New Sale,Strata,99,"30,636",-,Apartment,1,Freehold,15,Rest of Central Region,11 to 15
THE CONTINUUM,"1,954,000",667.37,"2,928",Nov-24,THIAM SIEW AVENUE,New Sale,Strata,62,"31,516",-,Apartment,1,Freehold,15,Rest of Central Region,11 to 15
EMERALD OF KATONG,"2,195,000",904.18,"2,428",Nov-24,JALAN TEMBUSU,New Sale,Strata,84,"26,131",-,Condominium,1,99 yrs lease commencing from 2023,15,Rest of Central Region,01 to 05
EMERALD OF KATONG,"1,651,000",645.84,"2,556",Nov-24,JALAN TEMBUSU,New Sale,Strata,60,"27,517",-,Condominium,1,99 yrs lease commencing from 2023,15,Rest of Central Region,01 to 05
EMERALD OF KATONG,"1,739,000",688.9,"2,524",Nov-24,JALAN TEMBUSU,New Sale,Strata,64,"27,172",-,Condominium,1,99 yrs lease commencing from 2023,15,Rest of Central Region,01 to 05
EMERALD OF KATONG,"2,627,000","1,022.58","2,569",Nov-24,JALAN TEMBUSU,New Sale,Strata,95,"27,653",-,Condominium,1,99 yrs lease commencing from 2023,15,Rest of Central Region,01 to 05
EMERALD OF KATONG,"1,657,000",624.31,"2,654",Nov-24,JALAN TEMBUSU,New Sale,Strata,58,"28,569",-,Condominium,1,99 yrs lease commencing from 2023,15,Rest of Central Region,01 to 05
EMERALD OF KATONG,"1,665,000",645.84,"2,578",Nov-24,JALAN TEMBUSU,New Sale,Strata,60,"27,750",-,Condominium,1,99 yrs lease commencing from 2023,15,Rest of Central Region,01 to 05
EMERALD OF KATONG,"1,675,000",645.84,"2,594",Nov-24,JALAN TEMBUSU,New Sale,Strata,60,"27,917",-,Condominium,1,99 yrs lease commencing from 2023,15,Rest of Central Region,01 to 05
EMERALD OF KATONG,"2,651,000","1,022.58","2,592",Nov-24,JALAN TEMBUSU,New Sale,Strata,95,"27,905",-,Condominium,1,99 yrs lease commencing from 2023,15,Rest of Central Region,06 to 10
EMERALD OF KATONG,"1,677,000",624.31,"2,686",Nov-24,JALAN TEMBUSU,New Sale,Strata,58,"28,914",-,Condominium,1,99 yrs lease commencing from 2023,15,Rest of Central Region,06 to 10
EMERALD OF KATONG,"2,506,000",990.29,"2,531",Nov-24,JALAN TEMBUSU,New Sale,Strata,92,"27,239",-,Condominium,1,99 yrs lease commencing from 2023,15,Rest of Central Region,06 to 10
EMERALD OF KATONG,"1,707,000",624.31,"2,734",Nov-24,JALAN TEMBUSU,New Sale,Strata,58,"29,431",-,Condominium,1,99 yrs lease commencing from 2023,15,Rest of Central Region,06 to 10
EMERALD OF KATONG,"1,809,000",688.9,"2,626",Nov-24,JALAN TEMBUSU,New Sale,Strata,64,"28,266",-,Condominium,1,99 yrs lease commencing from 2023,15,Rest of Central Region,06 to 10
EMERALD OF KATONG,"1,715,000",645.84,"2,655",Nov-24,JALAN TEMBUSU,New Sale,Strata,60,"28,583",-,Condominium,1,99 yrs lease commencing from 2023,15,Rest of Central Region,06 to 10
EMERALD OF KATONG,"2,530,000",990.29,"2,555",Nov-24,JALAN TEMBUSU,New Sale,Strata,92,"27,500",-,Condominium,1,99 yrs lease commencing from 2023,15,Rest of Central Region,06 to 10
EMERALD OF KATONG,"3,250,000","1,259.39","2,581",Nov-24,JALAN TEMBUSU,New Sale,Strata,117,"27,778",-,Condominium,1,99 yrs lease commencing from 2023,15,Rest of Central Region,06 to 10
EMERALD OF KATONG,"2,542,000",990.29,"2,567",Nov-24,JALAN TEMBUSU,New Sale,Strata,92,"27,630",-,Condominium,1,99 yrs lease commencing from 2023,15,Rest of Central Region,11 to 15
EMERALD OF KATONG,"1,839,000",688.9,"2,669",Nov-24,JALAN TEMBUSU,New Sale,Strata,64,"28,734",-,Condominium,1,99 yrs lease commencing from 2023,15,Rest of Central Region,11 to 15
EMERALD OF KATONG,"3,276,000","1,259.39","2,601",Nov-24,JALAN TEMBUSU,New Sale,Strata,117,"28,000",-,Condominium,1,99 yrs lease commencing from 2023,15,Rest of Central Region,11 to 15
EMERALD OF KATONG,"3,289,000","1,259.39","2,612",Nov-24,JALAN TEMBUSU,New Sale,Strata,117,"28,111",-,Condominium,1,99 yrs lease commencing from 2023,15,Rest of Central Region,11 to 15
EMERALD OF KATONG,"1,765,000",645.84,"2,733",Nov-24,JALAN TEMBUSU,New Sale,Strata,60,"29,417",-,Condominium,1,99 yrs lease commencing from 2023,15,Rest of Central Region,11 to 15
EMERALD OF KATONG,"1,767,000",624.31,"2,830",Nov-24,JALAN TEMBUSU,New Sale,Strata,58,"30,466",-,Condominium,1,99 yrs lease commencing from 2023,15,Rest of Central Region,11 to 15
EMERALD OF KATONG,"1,869,000",688.9,"2,713",Nov-24,JALAN TEMBUSU,New Sale,Strata,64,"29,203",-,Condominium,1,99 yrs lease commencing from 2023,15,Rest of Central Region,11 to 15
EMERALD OF KATONG,"3,328,000","1,259.39","2,643",Nov-24,JALAN TEMBUSU,New Sale,Strata,117,"28,444",-,Condominium,1,99 yrs lease commencing from 2023,15,Rest of Central Region,11 to 15
EMERALD OF KATONG,"1,797,000",624.31,"2,878",Nov-24,JALAN TEMBUSU,New Sale,Strata,58,"30,983",-,Condominium,1,99 yrs lease commencing from 2023,15,Rest of Central Region,16 to 20
EMERALD OF KATONG,"1,807,000",624.31,"2,894",Nov-24,JALAN TEMBUSU,New Sale,Strata,58,"31,155",-,Condominium,1,99 yrs lease commencing from 2023,15,Rest of Central Region,16 to 20
EMERALD OF KATONG,"1,909,000",688.9,"2,771",Nov-24,JALAN TEMBUSU,New Sale,Strata,64,"29,828",-,Condominium,1,99 yrs lease commencing from 2023,15,Rest of Central Region,16 to 20
EMERALD OF KATONG,"2,420,000",904.18,"2,676",Nov-24,JALAN TEMBUSU,New Sale,Strata,84,"28,810",-,Condominium,1,99 yrs lease commencing from 2023,15,Rest of Central Region,16 to 20
EMERALD OF KATONG,"1,919,000",688.9,"2,786",Nov-24,JALAN TEMBUSU,New Sale,Strata,64,"29,984",-,Condominium,1,99 yrs lease commencing from 2023,15,Rest of Central Region,16 to 20
EMERALD OF KATONG,"1,929,000",688.9,"2,800",Nov-24,JALAN TEMBUSU,New Sale,Strata,64,"30,141",-,Condominium,1,99 yrs lease commencing from 2023,15,Rest of Central Region,16 to 20
THE CONTINUUM,"2,073,000",721.19,"2,874",Nov-24,THIAM SIEW AVENUE,New Sale,Strata,67,"30,940",-,Apartment,1,Freehold,15,Rest of Central Region,01 to 05
THE CONTINUUM,"3,352,000","1,227.1","2,732",Nov-24,THIAM SIEW AVENUE,New Sale,Strata,114,"29,404",-,Apartment,1,Freehold,15,Rest of Central Region,01 to 05
THE CONTINUUM,"3,429,000","1,227.1","2,794",Nov-24,THIAM SIEW AVENUE,New Sale,Strata,114,"30,079",-,Apartment,1,Freehold,15,Rest of Central Region,06 to 10
THE CONTINUUM,"2,176,000",721.19,"3,017",Nov-24,THIAM SIEW AVENUE,New Sale,Strata,67,"32,478",-,Apartment,1,Freehold,15,Rest of Central Region,11 to 15
THE CONTINUUM,"2,185,000",721.19,"3,030",Nov-24,THIAM SIEW AVENUE,New Sale,Strata,67,"32,612",-,Apartment,1,Freehold,15,Rest of Central Region,11 to 15
THE CONTINUUM,"2,195,000",721.19,"3,044",Nov-24,THIAM SIEW AVENUE,New Sale,Strata,67,"32,761",-,Apartment,1,Freehold,15,Rest of Central Region,11 to 15
THE CONTINUUM,"2,224,000",721.19,"3,084",Nov-24,THIAM SIEW AVENUE,New Sale,Strata,67,"33,194",-,Apartment,1,Freehold,15,Rest of Central Region,16 to 20
TEMBUSU GRAND,"2,708,000","1,173.28","2,308",Nov-24,JALAN TEMBUSU,New Sale,Strata,109,"24,844",-,Condominium,1,99 yrs lease commencing from 2022,15,Rest of Central Region,01 to 05
TEMBUSU GRAND,"2,732,000","1,173.28","2,329",Nov-24,JALAN TEMBUSU,New Sale,Strata,109,"25,064",-,Condominium,1,99 yrs lease commencing from 2022,15,Rest of Central Region,01 to 05
TEMBUSU GRAND,"2,742,000","1,173.28","2,337",Nov-24,JALAN TEMBUSU,New Sale,Strata,109,"25,156",-,Condominium,1,99 yrs lease commencing from 2022,15,Rest of Central Region,01 to 05
TEMBUSU GRAND,"2,772,000","1,173.28","2,363",Nov-24,JALAN TEMBUSU,New Sale,Strata,109,"25,431",-,Condominium,1,99 yrs lease commencing from 2022,15,Rest of Central Region,06 to 10
TEMBUSU GRAND,"2,852,000","1,173.28","2,431",Nov-24,JALAN TEMBUSU,New Sale,Strata,109,"26,165",-,Condominium,1,99 yrs lease commencing from 2022,15,Rest of Central Region,11 to 15
TEMBUSU GRAND,"2,735,000","1,173.28","2,331",Nov-24,JALAN TEMBUSU,New Sale,Strata,109,"25,092",-,Condominium,1,99 yrs lease commencing from 2022,15,Rest of Central Region,01 to 05
TEMBUSU GRAND,"2,779,000","1,173.28","2,369",Nov-24,JALAN TEMBUSU,New Sale,Strata,109,"25,495",-,Condominium,1,99 yrs lease commencing from 2022,15,Rest of Central Region,01 to 05
TEMBUSU GRAND,"2,762,000","1,173.28","2,354",Nov-24,JALAN TEMBUSU,New Sale,Strata,109,"25,339",-,Condominium,1,99 yrs lease commencing from 2022,15,Rest of Central Region,06 to 10
TEMBUSU GRAND,"2,772,000","1,173.28","2,363",Nov-24,JALAN TEMBUSU,New Sale,Strata,109,"25,431",-,Condominium,1,99 yrs lease commencing from 2022,15,Rest of Central Region,06 to 10
TEMBUSU GRAND,"2,822,000","1,173.28","2,405",Nov-24,JALAN TEMBUSU,New Sale,Strata,109,"25,890",-,Condominium,1,99 yrs lease commencing from 2022,15,Rest of Central Region,11 to 15
TEMBUSU GRAND,"2,872,000","1,173.28","2,448",Nov-24,JALAN TEMBUSU,New Sale,Strata,109,"26,349",-,Condominium,1,99 yrs lease commencing from 2022,15,Rest of Central Region,16 to 20
TEMBUSU GRAND,"1,409,000",527.44,"2,671",Nov-24,JALAN TEMBUSU,New Sale,Strata,49,"28,755",-,Condominium,1,99 yrs lease commencing from 2022,15,Rest of Central Region,16 to 20
TEMBUSU GRAND,"2,648,000","1,184.04","2,236",Nov-24,JALAN TEMBUSU,New Sale,Strata,110,"24,073",-,Condominium,1,99 yrs lease commencing from 2022,15,Rest of Central Region,16 to 20
TEMBUSU GRAND,"2,759,000","1,173.28","2,352",Nov-24,JALAN TEMBUSU,New Sale,Strata,109,"25,312",-,Condominium,1,99 yrs lease commencing from 2022,15,Rest of Central Region,01 to 05
TEMBUSU GRAND,"2,769,000","1,173.28","2,360",Nov-24,JALAN TEMBUSU,New Sale,Strata,109,"25,404",-,Condominium,1,99 yrs lease commencing from 2022,15,Rest of Central Region,01 to 05
TEMBUSU GRAND,"2,117,000",882.65,"2,398",Nov-24,JALAN TEMBUSU,New Sale,Strata,82,"25,817",-,Condominium,1,99 yrs lease commencing from 2022,15,Rest of Central Region,16 to 20
THE CONTINUUM,"1,898,000",667.37,"2,844",Nov-24,THIAM SIEW AVENUE,New Sale,Strata,62,"30,613",-,Apartment,1,Freehold,15,Rest of Central Region,06 to 10
THE CONTINUUM,"1,916,000",667.37,"2,871",Nov-24,THIAM SIEW AVENUE,New Sale,Strata,62,"30,903",-,Apartment,1,Freehold,15,Rest of Central Region,11 to 15
THE CONTINUUM,"2,691,000",947.23,"2,841",Nov-24,THIAM SIEW AVENUE,New Sale,Strata,88,"30,580",-,Apartment,1,Freehold,15,Rest of Central Region,11 to 15
THE CONTINUUM,"2,715,000",947.23,"2,866",Nov-24,THIAM SIEW AVENUE,New Sale,Strata,88,"30,852",-,Apartment,1,Freehold,15,Rest of Central Region,11 to 15
THE CONTINUUM,"2,727,000",947.23,"2,879",Nov-24,THIAM SIEW AVENUE,New Sale,Strata,88,"30,989",-,Apartment,1,Freehold,15,Rest of Central Region,11 to 15
THE CONTINUUM,"2,524,000",871.88,"2,895",Nov-24,THIAM SIEW AVENUE,New Sale,Strata,81,"31,160",-,Apartment,1,Freehold,15,Rest of Central Region,11 to 15
THE CONTINUUM,"2,884,000","1,065.64","2,706",Nov-24,THIAM SIEW AVENUE,New Sale,Strata,99,"29,131",-,Apartment,1,Freehold,15,Rest of Central Region,01 to 05
THE CONTINUUM,"1,945,000",667.37,"2,914",Nov-24,THIAM SIEW AVENUE,New Sale,Strata,62,"31,371",-,Apartment,1,Freehold,15,Rest of Central Region,11 to 15
THE CONTINUUM,"2,157,000",721.19,"2,991",Nov-24,THIAM SIEW AVENUE,New Sale,Strata,67,"32,194",-,Apartment,1,Freehold,15,Rest of Central Region,11 to 15
EMERALD OF KATONG,"1,667,000",624.31,"2,670",Nov-24,JALAN TEMBUSU,New Sale,Strata,58,"28,741",-,Condominium,1,99 yrs lease commencing from 2023,15,Rest of Central Region,01 to 05
EMERALD OF KATONG,"1,769,000",688.9,"2,568",Nov-24,JALAN TEMBUSU,New Sale,Strata,64,"27,641",-,Condominium,1,99 yrs lease commencing from 2023,15,Rest of Central Region,01 to 05
EMERALD OF KATONG,"2,479,000",968.76,"2,559",Nov-24,JALAN TEMBUSU,New Sale,Strata,90,"27,544",-,Condominium,1,99 yrs lease commencing from 2023,15,Rest of Central Region,01 to 05
EMERALD OF KATONG,"1,675,000",645.84,"2,594",Nov-24,JALAN TEMBUSU,New Sale,Strata,60,"27,917",-,Condominium,1,99 yrs lease commencing from 2023,15,Rest of Central Region,01 to 05
EMERALD OF KATONG,"1,677,000",624.31,"2,686",Nov-24,JALAN TEMBUSU,New Sale,Strata,58,"28,914",-,Condominium,1,99 yrs lease commencing from 2023,15,Rest of Central Region,06 to 10
EMERALD OF KATONG,"1,741,000",678.13,"2,567",Nov-24,JALAN TEMBUSU,New Sale,Strata,63,"27,635",-,Condominium,1,99 yrs lease commencing from 2023,15,Rest of Central Region,01 to 05
EMERALD OF KATONG,"2,924,000","1,151.75","2,539",Nov-24,JALAN TEMBUSU,New Sale,Strata,107,"27,327",-,Condominium,1,99 yrs lease commencing from 2023,15,Rest of Central Region,06 to 10
EMERALD OF KATONG,"2,455,000",968.76,"2,534",Nov-24,JALAN TEMBUSU,New Sale,Strata,90,"27,278",-,Condominium,1,99 yrs lease commencing from 2023,15,Rest of Central Region,06 to 10
EMERALD OF KATONG,"1,758,000",688.9,"2,552",Nov-24,JALAN TEMBUSU,New Sale,Strata,64,"27,469",-,Condominium,1,99 yrs lease commencing from 2023,15,Rest of Central Region,06 to 10
EMERALD OF KATONG,"2,840,000","1,151.75","2,466",Nov-24,JALAN TEMBUSU,New Sale,Strata,107,"26,542",-,Condominium,1,99 yrs lease commencing from 2023,15,Rest of Central Region,06 to 10
EMERALD OF KATONG,"1,768,000",688.9,"2,566",Nov-24,JALAN TEMBUSU,New Sale,Strata,64,"27,625",-,Condominium,1,99 yrs lease commencing from 2023,15,Rest of Central Region,06 to 10
EMERALD OF KATONG,"2,963,000","1,151.75","2,573",Nov-24,JALAN TEMBUSU,New Sale,Strata,107,"27,692",-,Condominium,1,99 yrs lease commencing from 2023,15,Rest of Central Region,06 to 10
EMERALD OF KATONG,"2,638,000","1,022.58","2,580",Nov-24,JALAN TEMBUSU,New Sale,Strata,95,"27,768",-,Condominium,1,99 yrs lease commencing from 2023,15,Rest of Central Region,06 to 10
EMERALD OF KATONG,"2,301,000",904.18,"2,545",Nov-24,JALAN TEMBUSU,New Sale,Strata,84,"27,393",-,Condominium,1,99 yrs lease commencing from 2023,15,Rest of Central Region,06 to 10
EMERALD OF KATONG,"2,792,000","1,022.58","2,730",Nov-24,JALAN TEMBUSU,New Sale,Strata,95,"29,389",-,Condominium,1,99 yrs lease commencing from 2023,15,Rest of Central Region,16 to 20
EMERALD OF KATONG,"1,725,000",699.66,"2,465",Nov-24,JALAN TEMBUSU,New Sale,Strata,65,"26,538",-,Condominium,1,99 yrs lease commencing from 2023,15,Rest of Central Region,01 to 05
EMERALD OF KATONG,"1,285,000",484.38,"2,653",Nov-24,JALAN TEMBUSU,New Sale,Strata,45,"28,556",-,Condominium,1,99 yrs lease commencing from 2023,15,Rest of Central Region,01 to 05
EMERALD OF KATONG,"2,556,000",990.29,"2,581",Nov-24,JALAN TEMBUSU,New Sale,Strata,92,"27,783",-,Condominium,1,99 yrs lease commencing from 2023,15,Rest of Central Region,01 to 05
EMERALD OF KATONG,"1,751,000",678.13,"2,582",Nov-24,JALAN TEMBUSU,New Sale,Strata,63,"27,794",-,Condominium,1,99 yrs lease commencing from 2023,15,Rest of Central Region,06 to 10
EMERALD OF KATONG,"1,755,000",699.66,"2,508",Nov-24,JALAN TEMBUSU,New Sale,Strata,65,"27,000",-,Condominium,1,99 yrs lease commencing from 2023,15,Rest of Central Region,06 to 10
EMERALD OF KATONG,"2,568,000",990.29,"2,593",Nov-24,JALAN TEMBUSU,New Sale,Strata,92,"27,913",-,Condominium,1,99 yrs lease commencing from 2023,15,Rest of Central Region,06 to 10
EMERALD OF KATONG,"2,564,000","1,022.58","2,507",Nov-24,JALAN TEMBUSU,New Sale,Strata,95,"26,989",-,Condominium,1,99 yrs lease commencing from 2023,15,Rest of Central Region,06 to 10
EMERALD OF KATONG,"2,580,000",990.29,"2,605",Nov-24,JALAN TEMBUSU,New Sale,Strata,92,"28,043",-,Condominium,1,99 yrs lease commencing from 2023,15,Rest of Central Region,06 to 10
EMERALD OF KATONG,"1,785,000",699.66,"2,551",Nov-24,JALAN TEMBUSU,New Sale,Strata,65,"27,462",-,Condominium,1,99 yrs lease commencing from 2023,15,Rest of Central Region,06 to 10
EMERALD OF KATONG,"2,587,000","1,022.58","2,530",Nov-24,JALAN TEMBUSU,New Sale,Strata,95,"27,232",-,Condominium,1,99 yrs lease commencing from 2023,15,Rest of Central Region,06 to 10
EMERALD OF KATONG,"2,627,000",990.29,"2,653",Nov-24,JALAN TEMBUSU,New Sale,Strata,92,"28,554",-,Condominium,1,99 yrs lease commencing from 2023,15,Rest of Central Region,06 to 10
EMERALD OF KATONG,"2,639,000",990.29,"2,665",Nov-24,JALAN TEMBUSU,New Sale,Strata,92,"28,685",-,Condominium,1,99 yrs lease commencing from 2023,15,Rest of Central Region,11 to 15
EMERALD OF KATONG,"3,232,000","1,313.21","2,461",Nov-24,JALAN TEMBUSU,New Sale,Strata,122,"26,492",-,Condominium,1,99 yrs lease commencing from 2023,15,Rest of Central Region,06 to 10
EMERALD OF KATONG,"3,979,000","1,560.78","2,549",Nov-24,JALAN TEMBUSU,New Sale,Strata,145,"27,441",-,Condominium,1,99 yrs lease commencing from 2023,15,Rest of Central Region,06 to 10
THE CONTINUUM,"2,844,000","1,065.64","2,669",Nov-24,THIAM SIEW AVENUE,New Sale,Strata,99,"28,727",-,Apartment,1,Freehold,15,Rest of Central Region,01 to 05
EMERALD OF KATONG,"1,667,000",624.31,"2,670",Nov-24,JALAN TEMBUSU,New Sale,Strata,58,"28,741",-,Condominium,1,99 yrs lease commencing from 2023,15,Rest of Central Region,01 to 05
EMERALD OF KATONG,"1,769,000",688.9,"2,568",Nov-24,JALAN TEMBUSU,New Sale,Strata,64,"27,641",-,Condominium,1,99 yrs lease commencing from 2023,15,Rest of Central Region,01 to 05
EMERALD OF KATONG,"1,779,000",688.9,"2,582",Nov-24,JALAN TEMBUSU,New Sale,Strata,64,"27,797",-,Condominium,1,99 yrs lease commencing from 2023,15,Rest of Central Region,06 to 10
EMERALD OF KATONG,"2,483,000",990.29,"2,507",Nov-24,JALAN TEMBUSU,New Sale,Strata,92,"26,989",-,Condominium,1,99 yrs lease commencing from 2023,15,Rest of Central Region,06 to 10
EMERALD OF KATONG,"1,819,000",688.9,"2,640",Nov-24,JALAN TEMBUSU,New Sale,Strata,64,"28,422",-,Condominium,1,99 yrs lease commencing from 2023,15,Rest of Central Region,06 to 10
EMERALD OF KATONG,"1,727,000",624.31,"2,766",Nov-24,JALAN TEMBUSU,New Sale,Strata,58,"29,776",-,Condominium,1,99 yrs lease commencing from 2023,15,Rest of Central Region,06 to 10
EMERALD OF KATONG,"1,829,000",688.9,"2,655",Nov-24,JALAN TEMBUSU,New Sale,Strata,64,"28,578",-,Condominium,1,99 yrs lease commencing from 2023,15,Rest of Central Region,06 to 10
EMERALD OF KATONG,"2,734,000","1,022.58","2,674",Nov-24,JALAN TEMBUSU,New Sale,Strata,95,"28,779",-,Condominium,1,99 yrs lease commencing from 2023,15,Rest of Central Region,11 to 15
EMERALD OF KATONG,"2,746,000","1,022.58","2,685",Nov-24,JALAN TEMBUSU,New Sale,Strata,95,"28,905",-,Condominium,1,99 yrs lease commencing from 2023,15,Rest of Central Region,11 to 15
EMERALD OF KATONG,"1,899,000",688.9,"2,757",Nov-24,JALAN TEMBUSU,New Sale,Strata,64,"29,672",-,Condominium,1,99 yrs lease commencing from 2023,15,Rest of Central Region,16 to 20
EMERALD OF KATONG,"3,341,000","1,259.39","2,653",Nov-24,JALAN TEMBUSU,New Sale,Strata,117,"28,556",-,Condominium,1,99 yrs lease commencing from 2023,15,Rest of Central Region,16 to 20
EMERALD OF KATONG,"3,367,000","1,259.39","2,674",Nov-24,JALAN TEMBUSU,New Sale,Strata,117,"28,778",-,Condominium,1,99 yrs lease commencing from 2023,15,Rest of Central Region,16 to 20
EMERALD OF KATONG,"3,380,000","1,259.39","2,684",Nov-24,JALAN TEMBUSU,New Sale,Strata,117,"28,889",-,Condominium,1,99 yrs lease commencing from 2023,15,Rest of Central Region,16 to 20
EMERALD OF KATONG,"3,393,000","1,259.39","2,694",Nov-24,JALAN TEMBUSU,New Sale,Strata,117,"29,000",-,Condominium,1,99 yrs lease commencing from 2023,15,Rest of Central Region,16 to 20
THE CONTINUUM,"2,205,000",721.19,"3,057",Nov-24,THIAM SIEW AVENUE,New Sale,Strata,67,"32,910",-,Apartment,1,Freehold,15,Rest of Central Region,11 to 15
THE CONTINUUM,"2,215,000",721.19,"3,071",Nov-24,THIAM SIEW AVENUE,New Sale,Strata,67,"33,060",-,Apartment,1,Freehold,15,Rest of Central Region,16 to 20
TEMBUSU GRAND,"2,161,000",882.65,"2,448",Nov-24,JALAN TEMBUSU,New Sale,Strata,82,"26,354",-,Condominium,1,99 yrs lease commencing from 2022,15,Rest of Central Region,21 to 25
TEMBUSU GRAND,"2,792,000","1,173.28","2,380",Nov-24,JALAN TEMBUSU,New Sale,Strata,109,"25,615",-,Condominium,1,99 yrs lease commencing from 2022,15,Rest of Central Region,06 to 10
TEMBUSU GRAND,"2,792,000","1,173.28","2,380",Nov-24,JALAN TEMBUSU,New Sale,Strata,109,"25,615",-,Condominium,1,99 yrs lease commencing from 2022,15,Rest of Central Region,06 to 10
TEMBUSU GRAND,"2,852,000","1,173.28","2,431",Nov-24,JALAN TEMBUSU,New Sale,Strata,109,"26,165",-,Condominium,1,99 yrs lease commencing from 2022,15,Rest of Central Region,11 to 15
AMBER PARK,"2,015,000",699.66,"2,880",Nov-24,AMBER GARDENS,Resale,Strata,65,"31,000",-,Condominium,1,Freehold,15,Rest of Central Region,21 to 25
SILVERSEA,"3,310,000","1,496.2","2,212",Nov-24,MARINE PARADE ROAD,Resale,Strata,139,"23,813",-,Condominium,1,99 yrs lease commencing from 2007,15,Rest of Central Region,06 to 10
THE SEAFRONT ON MEYER,"4,050,000","1,603.84","2,525",Nov-24,MEYER ROAD,Resale,Strata,149,"27,181",-,Condominium,1,Freehold,15,Rest of Central Region,11 to 15
ONE AMBER,"2,180,000",958,"2,276",Nov-24,AMBER GARDENS,Resale,Strata,89,"24,494",-,Condominium,1,Freehold,15,Rest of Central Region,06 to 10
THE CONTINUUM,"2,678,000",947.23,"2,827",Nov-24,THIAM SIEW AVENUE,New Sale,Strata,88,"30,432",-,Apartment,1,Freehold,15,Rest of Central Region,06 to 10
GRAND DUNMAN,"1,990,000",721.19,"2,759",Nov-24,DUNMAN ROAD,New Sale,Strata,67,"29,701",-,Apartment,1,99 yrs lease commencing from 2022,15,Rest of Central Region,16 to 20
THE CONTINUUM,"2,166,000",721.19,"3,003",Nov-24,THIAM SIEW AVENUE,New Sale,Strata,67,"32,328",-,Apartment,1,Freehold,15,Rest of Central Region,11 to 15
THE CONTINUUM,"2,542,000",947.23,"2,684",Nov-24,THIAM SIEW AVENUE,New Sale,Strata,88,"28,886",-,Apartment,1,Freehold,15,Rest of Central Region,01 to 05
TEMBUSU GRAND,"2,802,000","1,173.28","2,388",Nov-24,JALAN TEMBUSU,New Sale,Strata,109,"25,706",-,Condominium,1,99 yrs lease commencing from 2022,15,Rest of Central Region,06 to 10
EAST PALM,"1,860,000","1,151.75","1,615",Nov-24,PALM ROAD,Resale,Strata,107,"17,383",-,Apartment,1,Freehold,15,Outside Central Region,01 to 05
SEASIDE RESIDENCES,"1,328,888",592.02,"2,245",Nov-24,SIGLAP LINK,Resale,Strata,55,"24,162",-,Apartment,1,99 yrs lease commencing from 2016,15,Outside Central Region,11 to 15
KING'S MANSION,"4,780,000","2,734.06","1,748",Nov-24,AMBER ROAD,Resale,Strata,254,"18,819",-,Condominium,1,Freehold,15,Rest of Central Region,01 to 05
CRESCENDO PARK,"2,288,888","1,431.61","1,599",Nov-24,JALAN TUA KONG,Resale,Strata,133,"17,210",-,Condominium,1,Freehold,15,Outside Central Region,01 to 05
GRAND DUNMAN,"2,767,000","1,097.93","2,520",Nov-24,DUNMAN ROAD,New Sale,Strata,102,"27,127",-,Apartment,1,99 yrs lease commencing from 2022,15,Rest of Central Region,11 to 15
GRAND DUNMAN,"1,987,000",667.37,"2,977",Nov-24,DUNMAN ROAD,New Sale,Strata,62,"32,048",-,Apartment,1,99 yrs lease commencing from 2022,15,Rest of Central Region,16 to 20
ONE EIGHTIES RESIDENCES,"950,000",635.08,"1,496",Nov-24,JOO CHIAT TERRACE,Resale,Strata,59,"16,102",-,Apartment,1,Freehold,15,Rest of Central Region,01 to 05
THE CONTINUUM,"2,727,000",947.23,"2,879",Nov-24,THIAM SIEW AVENUE,New Sale,Strata,88,"30,989",-,Apartment,1,Freehold,15,Rest of Central Region,11 to 15
THE CONTINUUM,"3,522,000","1,227.1","2,870",Nov-24,THIAM SIEW AVENUE,New Sale,Strata,114,"30,895",-,Apartment,1,Freehold,15,Rest of Central Region,11 to 15
TEMBUSU GRAND,"3,385,000","1,431.61","2,364",Nov-24,JALAN TEMBUSU,New Sale,Strata,133,"25,451",-,Condominium,1,99 yrs lease commencing from 2022,15,Rest of Central Region,01 to 05
TEMBUSU GRAND,"3,319,000","1,431.61","2,318",Nov-24,JALAN TEMBUSU,New Sale,Strata,133,"24,955",-,Condominium,1,99 yrs lease commencing from 2022,15,Rest of Central Region,01 to 05
THE BELVEDERE,"3,288,888","1,302.44","2,525",Nov-24,MEYER ROAD,Resale,Strata,121,"27,181",-,Condominium,1,Freehold,15,Rest of Central Region,11 to 15
COSTA RHU,"2,850,000","2,152.8","1,324",Nov-24,RHU CROSS,Resale,Strata,200,"14,250",-,Condominium,1,99 yrs lease commencing from 1994,15,Rest of Central Region,01 to 05
THE CONTINUUM,"2,555,000",947.23,"2,697",Nov-24,THIAM SIEW AVENUE,New Sale,Strata,88,"29,034",-,Apartment,1,Freehold,15,Rest of Central Region,01 to 05
THE CONTINUUM,"1,963,000",667.37,"2,941",Nov-24,THIAM SIEW AVENUE,New Sale,Strata,62,"31,661",-,Apartment,1,Freehold,15,Rest of Central Region,11 to 15
THE ESPIRA,"2,380,000","2,217.38","1,073",Nov-24,LORONG L TELOK KURAU,Resale,Strata,206,"11,553",-,Apartment,1,Freehold,15,Outside Central Region,01 to 05
FERNWOOD TOWERS,"1,538,888",807.3,"1,906",Nov-24,FERNWOOD TERRACE,Resale,Strata,75,"20,519",-,Condominium,1,Freehold,15,Outside Central Region,01 to 05
LAGOON VIEW,"2,080,000","1,646.89","1,263",Nov-24,MARINE PARADE ROAD,Resale,Strata,153,"13,595",-,Apartment,1,99 yrs lease commencing from 1977,15,Outside Central Region,11 to 15
SEVENTY SAINT PATRICK'S,"2,016,000",839.59,"2,401",Nov-24,ST. PATRICK'S ROAD,Resale,Strata,78,"25,846",-,Condominium,1,Freehold,15,Outside Central Region,01 to 05
NEPTUNE COURT,"1,250,000","1,270.15",984,Nov-24,MARINE VISTA,Resale,Strata,118,"10,593",-,Apartment,1,99 yrs lease commencing from 1976,15,Outside Central Region,06 to 10
RESIDENTIAL APARTMENTS,"1,400,000","1,087.16","1,288",Nov-24,JOO CHIAT ROAD,Resale,Strata,101,"13,861",-,Apartment,1,Freehold,15,Rest of Central Region,01 to 05
THE RED HOUSE,"846,000",645.84,"1,310",Nov-24,EAST COAST ROAD,Resale,Strata,60,"14,100",-,Apartment,1,99 yrs lease commencing from 2012,15,Rest of Central Region,01 to 05
THE CONTINUUM,"2,567,000",947.23,"2,710",Nov-24,THIAM SIEW AVENUE,New Sale,Strata,88,"29,170",-,Apartment,1,Freehold,15,Rest of Central Region,01 to 05
GRAND DUNMAN,"2,089,000",775.01,"2,695",Nov-24,DUNMAN ROAD,New Sale,Strata,72,"29,014",-,Apartment,1,99 yrs lease commencing from 2022,15,Rest of Central Region,11 to 15
THE CONTINUUM,"3,507,000","1,227.1","2,858",Nov-24,THIAM SIEW AVENUE,New Sale,Strata,114,"30,763",-,Apartment,1,Freehold,15,Rest of Central Region,11 to 15
DE CASALLE,"2,150,000","1,248.62","1,722",Nov-24,LORONG N TELOK KURAU,Resale,Strata,116,"18,534",-,Apartment,1,Freehold,15,Outside Central Region,01 to 05
KATONG REGENCY,"1,110,000",581.26,"1,910",Nov-24,TANJONG KATONG ROAD,Resale,Strata,54,"20,556",-,Apartment,1,Freehold,15,Rest of Central Region,11 to 15
THE CONTINUUM,"2,499,000",871.88,"2,866",Nov-24,THIAM SIEW AVENUE,New Sale,Strata,81,"30,852",-,Apartment,1,Freehold,15,Rest of Central Region,06 to 10
THE CONTINUUM,"2,765,000",947.23,"2,919",Nov-24,THIAM SIEW AVENUE,New Sale,Strata,88,"31,420",-,Apartment,1,Freehold,15,Rest of Central Region,16 to 20
THE CONTINUUM,"2,063,000",721.19,"2,861",Nov-24,THIAM SIEW AVENUE,New Sale,Strata,67,"30,791",-,Apartment,1,Freehold,15,Rest of Central Region,01 to 05
TEMBUSU GRAND,"2,892,000","1,173.28","2,465",Nov-24,JALAN TEMBUSU,New Sale,Strata,109,"26,532",-,Condominium,1,99 yrs lease commencing from 2022,15,Rest of Central Region,16 to 20
THE AMARELLE,"1,460,000",914.94,"1,596",Nov-24,LIM AH WOO ROAD,Resale,Strata,85,"17,176",-,Apartment,1,Freehold,15,Rest of Central Region,01 to 05
IVORY,"1,070,000",656.6,"1,630",Nov-24,CEYLON LANE,Resale,Strata,61,"17,541",-,Apartment,1,Freehold,15,Rest of Central Region,01 to 05
AMBER PARK,"4,180,000","1,582.31","2,642",Nov-24,AMBER GARDENS,Resale,Strata,147,"28,435",-,Condominium,1,Freehold,15,Rest of Central Region,06 to 10
FLAMINGO VALLEY,"1,760,000",958,"1,837",Nov-24,SIGLAP ROAD,Resale,Strata,89,"19,775",-,Condominium,1,Freehold,15,Outside Central Region,01 to 05
SUITES @ GUILLEMARD,"788,488",527.44,"1,495",Nov-24,LIM AH WOO ROAD,Resale,Strata,49,"16,092",-,Apartment,1,Freehold,15,Rest of Central Region,01 to 05
OCEAN PARK,"4,150,000","2,109.74","1,967",Nov-24,EAST COAST ROAD,Resale,Strata,196,"21,173",-,Condominium,1,Freehold,15,Outside Central Region,16 to 20
LEGENDA AT JOO CHIAT,"1,727,500","1,216.33","1,420",Nov-24,JOO CHIAT LANE,Resale,Strata,113,"15,288",-,Condominium,1,99 yrs lease commencing from 2001,15,Rest of Central Region,01 to 05
CADENCE LIGHT,"1,020,000",678.13,"1,504",Nov-24,TELOK KURAU ROAD,Resale,Strata,63,"16,190",-,Apartment,1,Freehold,15,Outside Central Region,01 to 05
THE ARISTO @ AMBER,"1,105,000",624.31,"1,770",Nov-24,AMBER ROAD,Resale,Strata,58,"19,052",-,Apartment,1,Freehold,15,Rest of Central Region,06 to 10
THE SHORE RESIDENCES,"1,845,000",871.88,"2,116",Nov-24,AMBER ROAD,Resale,Strata,81,"22,778",-,Condominium,1,103 yrs lease commencing from 2009,15,Rest of Central Region,11 to 15
GRAND DUCHESS AT ST PATRICK'S,"3,880,000","1,915.99","2,025",Nov-24,ST. PATRICK'S ROAD,Resale,Strata,178,"21,798",-,Condominium,1,Freehold,15,Outside Central Region,01 to 05
K SUITES,"2,130,000",871.88,"2,443",Nov-24,LORONG K TELOK KURAU,New Sale,Strata,81,"26,296",-,Apartment,1,Freehold,15,Outside Central Region,01 to 05
MANDARIN GARDENS,"2,145,000","1,571.54","1,365",Nov-24,SIGLAP ROAD,Resale,Strata,146,"14,692",-,Condominium,1,99 yrs lease commencing from 1982,15,Outside Central Region,16 to 20
THE NCLAVE,"1,730,000","1,044.11","1,657",Nov-24,LORONG N TELOK KURAU,Resale,Strata,97,"17,835",-,Apartment,1,Freehold,15,Outside Central Region,01 to 05
CRESCENDO PARK,"1,280,000",850.36,"1,505",Nov-24,JALAN TUA KONG,Resale,Strata,79,"16,203",-,Condominium,1,Freehold,15,Outside Central Region,01 to 05
VIBES @ EAST COAST,"718,000",376.74,"1,906",Nov-24,TELOK KURAU ROAD,Resale,Strata,35,"20,514",-,Apartment,1,Freehold,15,Outside Central Region,01 to 05
LAGUNA PARK,"2,960,000","2,895.52","1,022",Nov-24,MARINE PARADE ROAD,Resale,Strata,269,"11,004",-,Apartment,1,99 yrs lease commencing from 1977,15,Outside Central Region,21 to 25
THE ELEGANCE @ CHANGI,"2,438,000","2,012.87","1,211",Nov-24,LORONG 107 CHANGI,Resale,Strata,187,"13,037",-,Apartment,1,Freehold,15,Rest of Central Region,01 to 05
TANJONG RIA CONDOMINIUM,"1,855,000","1,205.57","1,539",Nov-24,TANJONG RHU ROAD,Resale,Strata,112,"16,563",-,Condominium,1,99 yrs lease commencing from 1993,15,Rest of Central Region,06 to 10
THE CONTINUUM,"1,972,000",667.37,"2,955",Nov-24,THIAM SIEW AVENUE,New Sale,Strata,62,"31,806",-,Apartment,1,Freehold,15,Rest of Central Region,16 to 20
SEASIDE RESIDENCES,"2,400,000","1,022.58","2,347",Nov-24,SIGLAP LINK,Resale,Strata,95,"25,263",-,Apartment,1,99 yrs lease commencing from 2016,15,Outside Central Region,16 to 20
ST PATRICK'S RESIDENCES,"3,500,000","2,260.44","1,548",Nov-24,ST. PATRICK'S ROAD,Resale,Strata,210,"16,667",-,Apartment,1,Freehold,15,Outside Central Region,B1 to B5
THE CONTINUUM,"2,157,000",721.19,"2,991",Nov-24,THIAM SIEW AVENUE,New Sale,Strata,67,"32,194",-,Apartment,1,Freehold,15,Rest of Central Region,11 to 15
MEYER BLUE,"6,460,000","1,905.23","3,391",Nov-24,MEYER ROAD,New Sale,Strata,177,"36,497",-,Apartment,1,Freehold,15,Rest of Central Region,21 to 25
THE ATRIA AT MEYER,"2,450,000","1,044.11","2,347",Nov-24,MEYER ROAD,Resale,Strata,97,"25,258",-,Condominium,1,Freehold,15,Rest of Central Region,16 to 20
FLAMINGO VALLEY,"1,850,000","1,840.64","1,005",Nov-24,SIGLAP ROAD,Resale,Strata,171,"10,819",-,Condominium,1,Freehold,15,Outside Central Region,01 to 05
GRAND DUNMAN,"3,787,000","1,474.67","2,568",Oct-24,DUNMAN ROAD,New Sale,Strata,137,"27,642",-,Apartment,1,99 yrs lease commencing from 2022,15,Rest of Central Region,11 to 15
MEYER BLUE,"2,162,000",710.42,"3,043",Oct-24,MEYER ROAD,New Sale,Strata,66,"32,758",-,Apartment,1,Freehold,15,Rest of Central Region,01 to 05
TEMBUSU GRAND,"3,396,000","1,431.61","2,372",Oct-24,JALAN TEMBUSU,New Sale,Strata,133,"25,534",-,Condominium,1,99 yrs lease commencing from 2022,15,Rest of Central Region,01 to 05
TEMBUSU GRAND,"3,299,000","1,431.61","2,304",Oct-24,JALAN TEMBUSU,New Sale,Strata,133,"24,805",-,Condominium,1,99 yrs lease commencing from 2022,15,Rest of Central Region,01 to 05
THE CONTINUUM,"2,377,000",871.88,"2,726",Oct-24,THIAM SIEW AVENUE,New Sale,Strata,81,"29,346",-,Apartment,1,Freehold,15,Rest of Central Region,01 to 05
GRAND DUNMAN,"5,283,000","2,131.27","2,479",Oct-24,DUNMAN ROAD,New Sale,Strata,198,"26,682",-,Apartment,1,99 yrs lease commencing from 2022,15,Rest of Central Region,11 to 15
PRESTIGE LOFT,"1,788,000","1,506.96","1,186",Oct-24,TELOK KURAU ROAD,Resale,Strata,140,"12,771",-,Apartment,1,Freehold,15,Outside Central Region,01 to 05
KING'S MANSION,"3,450,000","1,603.84","2,151",Oct-24,TANJONG KATONG ROAD,Resale,Strata,149,"23,154",-,Condominium,1,Freehold,15,Rest of Central Region,21 to 25
SILVERSEA,"5,150,000","2,529.54","2,036",Oct-24,MARINE PARADE ROAD,Resale,Strata,235,"21,915",-,Condominium,1,99 yrs lease commencing from 2007,15,Rest of Central Region,16 to 20
SEVENTY SAINT PATRICK'S,"2,050,000",839.59,"2,442",Oct-24,ST. PATRICK'S ROAD,Resale,Strata,78,"26,282",-,Condominium,1,Freehold,15,Outside Central Region,01 to 05
THE SEAWIND,"1,900,000",914.94,"2,077",Oct-24,LORONG M TELOK KURAU,Resale,Strata,85,"22,353",-,Condominium,1,Freehold,15,Outside Central Region,01 to 05
LAGUNA PARK,"1,720,000","1,614.6","1,065",Oct-24,MARINE PARADE ROAD,Resale,Strata,150,"11,467",-,Apartment,1,99 yrs lease commencing from 1977,15,Outside Central Region,01 to 05
16 @ AMBER,"860,000",419.8,"2,049",Oct-24,AMBER ROAD,Resale,Strata,39,"22,051",-,Apartment,1,Freehold,15,Rest of Central Region,06 to 10
ISUITES @ MARSHALL,"1,000,000",592.02,"1,689",Oct-24,MARSHALL ROAD,Resale,Strata,55,"18,182",-,Apartment,1,Freehold,15,Rest of Central Region,01 to 05
THE LUSH,"1,875,000","1,270.15","1,476",Oct-24,DUKU ROAD,Resale,Strata,118,"15,890",-,Apartment,1,Freehold,15,Rest of Central Region,01 to 05
DUNMAN VIEW,"1,500,000",850.36,"1,764",Oct-24,HAIG ROAD,Resale,Strata,79,"18,987",-,Condominium,1,99 yrs lease commencing from 1997,15,Rest of Central Region,06 to 10
THE SOVEREIGN,"8,600,000","3,304.55","2,602",Oct-24,MEYER ROAD,Resale,Strata,307,"28,013",-,Condominium,1,Freehold,15,Rest of Central Region,21 to 25
CARPMAEL THIRTY-EIGHT,"2,180,000","1,173.28","1,858",Oct-24,CARPMAEL ROAD,Resale,Strata,109,"20,000",-,Apartment,1,Freehold,15,Rest of Central Region,01 to 05
MEYER BLUE,"2,095,000",667.37,"3,139",Oct-24,MEYER ROAD,New Sale,Strata,62,"33,790",-,Apartment,1,Freehold,15,Rest of Central Region,06 to 10
NEPTUNE COURT,"1,070,000","1,270.15",842,Oct-24,MARINE VISTA,Resale,Strata,118,"9,068",-,Apartment,1,99 yrs lease commencing from 1976,15,Outside Central Region,01 to 05
PARC SEABREEZE,"3,100,000","1,291.68","2,400",Oct-24,JOO CHIAT ROAD,Resale,Strata,120,"25,833",-,Apartment,1,Freehold,15,Rest of Central Region,06 to 10
SEASIDE RESIDENCES,"1,800,000",764.24,"2,355",Oct-24,SIGLAP LINK,Resale,Strata,71,"25,352",-,Apartment,1,99 yrs lease commencing from 2016,15,Outside Central Region,06 to 10
TEMBUSU GRAND,"1,399,000",527.44,"2,652",Oct-24,JALAN TEMBUSU,New Sale,Strata,49,"28,551",-,Condominium,1,99 yrs lease commencing from 2022,15,Rest of Central Region,16 to 20
ONE AMBER,"1,310,000",570.49,"2,296",Oct-24,AMBER GARDENS,Resale,Strata,53,"24,717",-,Condominium,1,Freehold,15,Rest of Central Region,11 to 15
ST PATRICK'S RESIDENCES,"3,638,000","2,464.96","1,476",Oct-24,ST. PATRICK'S ROAD,Resale,Strata,229,"15,886",-,Apartment,1,Freehold,15,Outside Central Region,01 to 05
TEMBUSU GRAND,"2,745,000","1,173.28","2,340",Oct-24,JALAN TEMBUSU,New Sale,Strata,109,"25,183",-,Condominium,1,99 yrs lease commencing from 2022,15,Rest of Central Region,01 to 05
COSTA RHU,"1,980,000","1,442.38","1,373",Oct-24,RHU CROSS,Resale,Strata,134,"14,776",-,Condominium,1,99 yrs lease commencing from 1994,15,Rest of Central Region,01 to 05
MANDARIN GARDENS,"1,080,000",828.83,"1,303",Oct-24,SIGLAP ROAD,Resale,Strata,77,"14,026",-,Condominium,1,99 yrs lease commencing from 1982,15,Outside Central Region,21 to 25
THE LUSH,"1,560,000",818.06,"1,907",Oct-24,DUKU ROAD,Resale,Strata,76,"20,526",-,Apartment,1,Freehold,15,Rest of Central Region,01 to 05
PROSPERO VILLE,"1,560,000","1,033.34","1,510",Oct-24,LORONG K TELOK KURAU,Resale,Strata,96,"16,250",-,Apartment,1,Freehold,15,Outside Central Region,01 to 05
PARK EAST,"2,330,000","1,334.74","1,746",Oct-24,JALAN TUA KONG,Resale,Strata,124,"18,790",-,Condominium,1,Freehold,15,Outside Central Region,01 to 05
AURA 83,"808,000",484.38,"1,668",Oct-24,DUKU ROAD,Resale,Strata,45,"17,956",-,Apartment,1,Freehold,15,Rest of Central Region,01 to 05
BERKELEY RESIDENCES,"1,502,800",882.65,"1,703",Oct-24,LORONG N TELOK KURAU,Resale,Strata,82,"18,327",-,Apartment,1,Freehold,15,Outside Central Region,01 to 05
NEPTUNE COURT,"1,900,000","1,636.13","1,161",Oct-24,MARINE VISTA,Resale,Strata,152,"12,500",-,Apartment,1,99 yrs lease commencing from 1975,15,Outside Central Region,16 to 20
THE CARPMAELINA,"2,200,000","1,291.68","1,703",Oct-24,CARPMAEL ROAD,Resale,Strata,120,"18,333",-,Condominium,1,Freehold,15,Rest of Central Region,01 to 05
WATER PLACE,"2,458,000","1,356.26","1,812",Oct-24,TANJONG RHU ROAD,Resale,Strata,126,"19,508",-,Condominium,1,99 yrs lease commencing from 1998,15,Rest of Central Region,01 to 05
NEPTUNE COURT,"1,680,000","1,636.13","1,027",Oct-24,MARINE VISTA,Resale,Strata,152,"11,053",-,Apartment,1,99 yrs lease commencing from 1975,15,Outside Central Region,16 to 20
TEMBUSU GRAND,"2,688,000","1,184.04","2,270",Oct-24,JALAN TEMBUSU,New Sale,Strata,110,"24,436",-,Condominium,1,99 yrs lease commencing from 2022,15,Rest of Central Region,16 to 20
TEMBUSU GRAND,"2,739,000","1,173.28","2,334",Oct-24,JALAN TEMBUSU,New Sale,Strata,109,"25,128",-,Condominium,1,99 yrs lease commencing from 2022,15,Rest of Central Region,01 to 05
TEMBUSU GRAND,"2,933,000","1,173.28","2,500",Oct-24,JALAN TEMBUSU,New Sale,Strata,109,"26,908",-,Condominium,1,99 yrs lease commencing from 2022,15,Rest of Central Region,16 to 20
KATONG REGENCY,"1,300,000",839.59,"1,548",Oct-24,TANJONG KATONG ROAD,Resale,Strata,78,"16,667",-,Apartment,1,Freehold,15,Rest of Central Region,11 to 15
AMBER 45,"1,930,000",731.95,"2,637",Oct-24,AMBER ROAD,Resale,Strata,68,"28,382",-,Apartment,1,Freehold,15,Rest of Central Region,11 to 15
GRAND DUNMAN,"2,944,000","1,119.46","2,630",Oct-24,DUNMAN ROAD,New Sale,Strata,104,"28,308",-,Apartment,1,99 yrs lease commencing from 2022,15,Rest of Central Region,01 to 05
STUDIOS@TEMBELING,"820,000",462.85,"1,772",Oct-24,TEMBELING ROAD,Resale,Strata,43,"19,070",-,Apartment,1,Freehold,15,Rest of Central Region,01 to 05
THE ESTA,"2,200,000","1,140.98","1,928",Oct-24,AMBER GARDENS,Resale,Strata,106,"20,755",-,Condominium,1,Freehold,15,Rest of Central Region,01 to 05
ENVIO,"1,730,000","1,033.34","1,674",Oct-24,JOO CHIAT PLACE,Resale,Strata,96,"18,021",-,Apartment,1,Freehold,15,Outside Central Region,01 to 05
FULCRUM,"1,080,000",473.62,"2,280",Oct-24,FORT ROAD,Resale,Strata,44,"24,545",-,Condominium,1,Freehold,15,Rest of Central Region,11 to 15
SEASIDE RESIDENCES,"1,220,000",559.73,"2,180",Oct-24,SIGLAP LINK,Resale,Strata,52,"23,462",-,Apartment,1,99 yrs lease commencing from 2016,15,Outside Central Region,06 to 10
GRAND DUNMAN,"2,944,000","1,119.46","2,630",Oct-24,DUNMAN ROAD,New Sale,Strata,104,"28,308",-,Apartment,1,99 yrs lease commencing from 2022,15,Rest of Central Region,01 to 05
GRAND DUNMAN,"2,760,000","1,097.93","2,514",Oct-24,DUNMAN ROAD,New Sale,Strata,102,"27,059",-,Apartment,1,99 yrs lease commencing from 2022,15,Rest of Central Region,06 to 10
LAGUNA PARK,"1,950,000","1,614.6","1,208",Oct-24,MARINE PARADE ROAD,Resale,Strata,150,"13,000",-,Apartment,1,99 yrs lease commencing from 1977,15,Outside Central Region,06 to 10
MEYER BLUE,"6,285,000","1,905.23","3,299",Oct-24,MEYER ROAD,New Sale,Strata,177,"35,508",-,Apartment,1,Freehold,15,Rest of Central Region,16 to 20
GRAND DUNMAN,"3,032,000","1,119.46","2,708",Oct-24,DUNMAN ROAD,New Sale,Strata,104,"29,154",-,Apartment,1,99 yrs lease commencing from 2022,15,Rest of Central Region,01 to 05
TEMBUSU GRAND,"2,725,000","1,173.28","2,323",Oct-24,JALAN TEMBUSU,New Sale,Strata,109,"25,000",-,Condominium,1,99 yrs lease commencing from 2022,15,Rest of Central Region,01 to 05
MEYER BLUE,"4,858,000","1,528.49","3,178",Oct-24,MEYER ROAD,New Sale,Strata,142,"34,211",-,Apartment,1,Freehold,15,Rest of Central Region,11 to 15
TEMBUSU GRAND,"3,583,000","1,431.61","2,503",Oct-24,JALAN TEMBUSU,New Sale,Strata,133,"26,940",-,Condominium,1,99 yrs lease commencing from 2022,15,Rest of Central Region,16 to 20
THE MAKENA,"1,860,000","1,022.58","1,819",Oct-24,MEYER ROAD,Resale,Strata,95,"19,579",-,Condominium,1,Freehold,15,Rest of Central Region,01 to 05
SEASIDE RESIDENCES,"1,260,000",559.73,"2,251",Oct-24,SIGLAP LINK,Resale,Strata,52,"24,231",-,Apartment,1,99 yrs lease commencing from 2016,15,Outside Central Region,16 to 20
MODA,"2,100,000",968.76,"2,168",Oct-24,EAST COAST ROAD,Resale,Strata,90,"23,333",-,Apartment,1,Freehold,15,Rest of Central Region,11 to 15
THE CONTINUUM,"1,840,000",645.84,"2,849",Oct-24,THIAM SIEW AVENUE,New Sale,Strata,60,"30,667",-,Apartment,1,Freehold,15,Rest of Central Region,06 to 10
THE BALE,"1,618,000","1,054.87","1,534",Oct-24,LORONG H TELOK KURAU,Resale,Strata,98,"16,510",-,Apartment,1,Freehold,15,Outside Central Region,01 to 05
TEMBUSU GRAND,"2,792,000","1,173.28","2,380",Oct-24,JALAN TEMBUSU,New Sale,Strata,109,"25,615",-,Condominium,1,99 yrs lease commencing from 2022,15,Rest of Central Region,06 to 10
SEASIDE RESIDENCES,"1,740,000",785.77,"2,214",Oct-24,SIGLAP LINK,Resale,Strata,73,"23,836",-,Apartment,1,99 yrs lease commencing from 2016,15,Outside Central Region,01 to 05
DUNMAN VIEW,"1,910,000","1,216.33","1,570",Oct-24,HAIG ROAD,Resale,Strata,113,"16,903",-,Condominium,1,99 yrs lease commencing from 1997,15,Rest of Central Region,11 to 15
FERNWOOD TOWERS,"2,680,000","1,636.13","1,638",Oct-24,FERNWOOD TERRACE,Resale,Strata,152,"17,632",-,Condominium,1,Freehold,15,Outside Central Region,06 to 10
TEMBUSU GRAND,"2,913,000","1,173.28","2,483",Oct-24,JALAN TEMBUSU,New Sale,Strata,109,"26,725",-,Condominium,1,99 yrs lease commencing from 2022,15,Rest of Central Region,16 to 20
AMBER 45,"1,780,000",764.24,"2,329",Oct-24,AMBER ROAD,Resale,Strata,71,"25,070",-,Apartment,1,Freehold,15,Rest of Central Region,21 to 25
TEMBUSU GRAND,"2,920,000","1,173.28","2,489",Oct-24,JALAN TEMBUSU,New Sale,Strata,109,"26,789",-,Condominium,1,99 yrs lease commencing from 2022,15,Rest of Central Region,16 to 20
CHAPEL LODGE,"1,848,888","1,119.46","1,652",Oct-24,LORONG STANGEE,Resale,Strata,104,"17,778",-,Condominium,1,Freehold,15,Rest of Central Region,-
MANDARIN GARDENS,"1,578,888","1,001.05","1,577",Oct-24,SIGLAP ROAD,Resale,Strata,93,"16,977",-,Condominium,1,99 yrs lease commencing from 1982,15,Outside Central Region,11 to 15
MODA,"2,050,000",968.76,"2,116",Oct-24,EAST COAST ROAD,Resale,Strata,90,"22,778",-,Apartment,1,Freehold,15,Rest of Central Region,11 to 15
FLAMINGO VALLEY,"4,180,000","2,572.6","1,625",Oct-24,SIGLAP ROAD,Resale,Strata,239,"17,490",-,Condominium,1,Freehold,15,Outside Central Region,01 to 05
SILVERSEA,"3,188,000","1,517.72","2,101",Oct-24,MARINE PARADE ROAD,Resale,Strata,141,"22,610",-,Condominium,1,99 yrs lease commencing from 2007,15,Rest of Central Region,01 to 05
THE RED HOUSE,"1,250,000",753.48,"1,659",Oct-24,EAST COAST ROAD,Resale,Strata,70,"17,857",-,Apartment,1,99 yrs lease commencing from 2012,15,Rest of Central Region,01 to 05
MEYER BLUE,"4,980,000","1,528.49","3,258",Oct-24,MEYER ROAD,New Sale,Strata,142,"35,070",-,Apartment,1,Freehold,15,Rest of Central Region,16 to 20
AMBER SKYE,"6,750,000","4,628.52","1,458",Oct-24,AMBER ROAD,Resale,Strata,430,"15,698",-,Apartment,1,Freehold,15,Rest of Central Region,01 to 05
IDYLLIC RESIDENCES,"2,750,000","2,088.22","1,317",Oct-24,LORONG M TELOK KURAU,Resale,Strata,194,"14,175",-,Apartment,1,Freehold,15,Outside Central Region,01 to 05
THE SEAFRONT ON MEYER,"4,750,000","2,088.22","2,275",Oct-24,MEYER ROAD,Resale,Strata,194,"24,485",-,Condominium,1,Freehold,15,Rest of Central Region,06 to 10
LE CONNEY PARK,"1,775,000","1,227.1","1,447",Oct-24,LORONG L TELOK KURAU,Resale,Strata,114,"15,570",-,Apartment,1,Freehold,15,Outside Central Region,01 to 05
THE WATERSIDE,"5,288,888","2,400.37","2,203",Oct-24,TANJONG RHU ROAD,Resale,Strata,223,"23,717",-,Condominium,1,Freehold,15,Rest of Central Region,11 to 15
TEMBUSU GRAND,"2,762,000","1,173.28","2,354",Oct-24,JALAN TEMBUSU,New Sale,Strata,109,"25,339",-,Condominium,1,99 yrs lease commencing from 2022,15,Rest of Central Region,06 to 10
AMBER PARK,"1,915,000",699.66,"2,737",Oct-24,AMBER GARDENS,Resale,Strata,65,"29,462",-,Condominium,1,Freehold,15,Rest of Central Region,06 to 10
CAMELOT BY-THE-WATER,"4,166,000","2,723.29","1,530",Oct-24,TANJONG RHU ROAD,Resale,Strata,253,"16,466",-,Condominium,1,99 yrs lease commencing from 1996,15,Rest of Central Region,01 to 05
MEYER BLUE,"3,551,000","1,140.98","3,112",Oct-24,MEYER ROAD,New Sale,Strata,106,"33,500",-,Apartment,1,Freehold,15,Rest of Central Region,06 to 10
TEMBUSU GRAND,"2,816,000","1,173.28","2,400",Oct-24,JALAN TEMBUSU,New Sale,Strata,109,"25,835",-,Condominium,1,99 yrs lease commencing from 2022,15,Rest of Central Region,11 to 15
MEYER BLUE,"2,055,000",667.37,"3,079",Oct-24,MEYER ROAD,New Sale,Strata,62,"33,145",-,Apartment,1,Freehold,15,Rest of Central Region,01 to 05
TEMBUSU GRAND,"2,892,000","1,173.28","2,465",Oct-24,JALAN TEMBUSU,New Sale,Strata,109,"26,532",-,Condominium,1,99 yrs lease commencing from 2022,15,Rest of Central Region,16 to 20
ARDOR RESIDENCE,"2,556,820","1,044.11","2,449",Oct-24,HAIG ROAD,New Sale,Strata,97,"26,359",-,Apartment,1,Freehold,15,Rest of Central Region,01 to 05
ONE MEYER,"1,750,000",613.55,"2,852",Oct-24,MEYER PLACE,Resale,Strata,57,"30,702",-,Apartment,1,Freehold,15,Rest of Central Region,06 to 10
COTE D'AZUR,"2,850,000","1,302.44","2,188",Oct-24,MARINE PARADE ROAD,Resale,Strata,121,"23,554",-,Condominium,1,99 yrs lease commencing from 2001,15,Rest of Central Region,16 to 20
J@63,"2,040,000","1,076.4","1,895",Oct-24,LORONG J TELOK KURAU,Sub Sale,Strata,100,"20,400",-,Apartment,1,Freehold,15,Outside Central Region,01 to 05
SYCAMORE TREE,"735,000",387.5,"1,897",Oct-24,FOWLIE ROAD,Sub Sale,Strata,36,"20,417",-,Apartment,1,Freehold,15,Rest of Central Region,01 to 05
MOUNTBATTEN SUITES,"1,880,000","1,108.69","1,696",Oct-24,MOUNTBATTEN ROAD,Resale,Strata,103,"18,252",-,Apartment,1,Freehold,15,Rest of Central Region,01 to 05
VIBES @ EAST COAST,"640,000",462.85,"1,383",Oct-24,TELOK KURAU ROAD,Resale,Strata,43,"14,884",-,Apartment,1,Freehold,15,Outside Central Region,01 to 05
THE MAKENA,"3,322,815","1,582.31","2,100",Oct-24,MEYER ROAD,Resale,Strata,147,"22,604",-,Condominium,1,Freehold,15,Rest of Central Region,16 to 20
RISING COURT,"2,280,000","1,420.85","1,605",Oct-24,JOO CHIAT ROAD,Resale,Strata,132,"17,273",-,Apartment,1,Freehold,15,Rest of Central Region,01 to 05
AMBER PARK,"1,320,000",462.85,"2,852",Oct-24,AMBER GARDENS,Resale,Strata,43,"30,698",-,Condominium,1,Freehold,15,Rest of Central Region,06 to 10
DUNMAN VIEW,"1,950,000","1,184.04","1,647",Oct-24,HAIG ROAD,Resale,Strata,110,"17,727",-,Condominium,1,99 yrs lease commencing from 1997,15,Rest of Central Region,16 to 20
NATURALIS,"845,000",516.67,"1,635",Oct-24,LORONG M TELOK KURAU,Resale,Strata,48,"17,604",-,Apartment,1,Freehold,15,Outside Central Region,01 to 05
THE SHORE RESIDENCES,"1,070,000",592.02,"1,807",Oct-24,AMBER ROAD,Resale,Strata,55,"19,455",-,Condominium,1,103 yrs lease commencing from 2009,15,Rest of Central Region,06 to 10
TEMBUSU GRAND,"3,583,000","1,431.61","2,503",Oct-24,JALAN TEMBUSU,New Sale,Strata,133,"26,940",-,Condominium,1,99 yrs lease commencing from 2022,15,Rest of Central Region,16 to 20
AMBER SKYE,"2,338,000",990.29,"2,361",Oct-24,AMBER ROAD,Resale,Strata,92,"25,413",-,Apartment,1,Freehold,15,Rest of Central Region,06 to 10
SUNSHINE LOFT,"1,110,000",721.19,"1,539",Oct-24,LORONG L TELOK KURAU,Resale,Strata,67,"16,567",-,Apartment,1,Freehold,15,Outside Central Region,01 to 05
THE CONTINUUM,"1,945,000",667.37,"2,914",Oct-24,THIAM SIEW AVENUE,New Sale,Strata,62,"31,371",-,Apartment,1,Freehold,15,Rest of Central Region,11 to 15
TEMBUSU GRAND,"2,744,000","1,184.04","2,317",Oct-24,JALAN TEMBUSU,New Sale,Strata,110,"24,945",-,Condominium,1,99 yrs lease commencing from 2022,15,Rest of Central Region,21 to 25
TEMBUSU GRAND,"2,802,000","1,173.28","2,388",Oct-24,JALAN TEMBUSU,New Sale,Strata,109,"25,706",-,Condominium,1,99 yrs lease commencing from 2022,15,Rest of Central Region,06 to 10
THE SHORE RESIDENCES,"3,000,000","1,377.79","2,177",Oct-24,AMBER ROAD,Resale,Strata,128,"23,438",-,Condominium,1,103 yrs lease commencing from 2009,15,Rest of Central Region,11 to 15
THE SHORE RESIDENCES,"3,140,000","1,377.79","2,279",Oct-24,AMBER ROAD,Resale,Strata,128,"24,531",-,Condominium,1,103 yrs lease commencing from 2009,15,Rest of Central Region,11 to 15
MODA,"1,400,000",645.84,"2,168",Oct-24,EAST COAST ROAD,Resale,Strata,60,"23,333",-,Apartment,1,Freehold,15,Rest of Central Region,11 to 15
MEYER MANSION,"3,508,000","1,108.69","3,164",Oct-24,MEYER ROAD,Sub Sale,Strata,103,"34,058",-,Apartment,1,Freehold,15,Rest of Central Region,16 to 20
MEYER BLUE,"2,188,000",710.42,"3,080",Oct-24,MEYER ROAD,New Sale,Strata,66,"33,152",-,Apartment,1,Freehold,15,Rest of Central Region,06 to 10
MEYER BLUE,"3,120,000",990.29,"3,151",Oct-24,MEYER ROAD,New Sale,Strata,92,"33,913",-,Apartment,1,Freehold,15,Rest of Central Region,11 to 15
MEYER BLUE,"2,293,000",710.42,"3,228",Oct-24,MEYER ROAD,New Sale,Strata,66,"34,742",-,Apartment,1,Freehold,15,Rest of Central Region,11 to 15
MEYER BLUE,"2,212,000",667.37,"3,315",Oct-24,MEYER ROAD,New Sale,Strata,62,"35,677",-,Apartment,1,Freehold,15,Rest of Central Region,16 to 20
MEYER BLUE,"2,301,000",667.37,"3,448",Oct-24,MEYER ROAD,New Sale,Strata,62,"37,113",-,Apartment,1,Freehold,15,Rest of Central Region,21 to 25
MEYER BLUE,"2,333,000",667.37,"3,496",Oct-24,MEYER ROAD,New Sale,Strata,62,"37,629",-,Apartment,1,Freehold,15,Rest of Central Region,21 to 25
THE MEYERISE,"2,288,000",882.65,"2,592",Oct-24,MEYER ROAD,Resale,Strata,82,"27,902",-,Condominium,1,Freehold,15,Rest of Central Region,21 to 25
TIVOLI GRANDE,"1,280,000",850.36,"1,505",Oct-24,KOON SENG ROAD,Resale,Strata,79,"16,203",-,Apartment,1,Freehold,15,Rest of Central Region,01 to 05
PARKSHORE,"3,320,000","1,646.89","2,016",Oct-24,TANJONG RHU ROAD,Resale,Strata,153,"21,699",-,Condominium,1,Freehold,15,Rest of Central Region,01 to 05
COTE D'AZUR,"3,200,000","2,357.32","1,357",Oct-24,MARINE PARADE ROAD,Resale,Strata,219,"14,612",-,Condominium,1,99 yrs lease commencing from 2001,15,Rest of Central Region,21 to 25
THE MEYERISE,"4,500,000","2,055.92","2,189",Oct-24,MEYER ROAD,Resale,Strata,191,"23,560",-,Condominium,1,Freehold,15,Rest of Central Region,06 to 10
CELESTIA,"1,920,000","1,388.56","1,383",Oct-24,JOO CHIAT TERRACE,Resale,Strata,129,"14,884",-,Apartment,1,Freehold,15,Rest of Central Region,01 to 05
THE CONTINUUM,"3,675,000","1,270.15","2,893",Oct-24,THIAM SIEW AVENUE,New Sale,Strata,118,"31,144",-,Apartment,1,Freehold,15,Rest of Central Region,11 to 15
MEYER BLUE,"2,404,000",710.42,"3,384",Oct-24,MEYER ROAD,New Sale,Strata,66,"36,424",-,Apartment,1,Freehold,15,Rest of Central Region,21 to 25
TEMBUSU GRAND,"2,010,000",742.72,"2,706",Oct-24,JALAN TEMBUSU,New Sale,Strata,69,"29,130",-,Condominium,1,99 yrs lease commencing from 2022,15,Rest of Central Region,16 to 20
TEMBUSU GRAND,"3,528,000","1,431.61","2,464",Oct-24,JALAN TEMBUSU,New Sale,Strata,133,"26,526",-,Condominium,1,99 yrs lease commencing from 2022,15,Rest of Central Region,11 to 15
MEYER BLUE,"2,955,000",990.29,"2,984",Oct-24,MEYER ROAD,New Sale,Strata,92,"32,120",-,Apartment,1,Freehold,15,Rest of Central Region,01 to 05
MEYER BLUE,"2,014,000",667.37,"3,018",Oct-24,MEYER ROAD,New Sale,Strata,62,"32,484",-,Apartment,1,Freehold,15,Rest of Central Region,01 to 05
MEYER BLUE,"2,035,000",667.37,"3,049",Oct-24,MEYER ROAD,New Sale,Strata,62,"32,823",-,Apartment,1,Freehold,15,Rest of Central Region,01 to 05
MEYER BLUE,"2,192,000",710.42,"3,085",Oct-24,MEYER ROAD,New Sale,Strata,66,"33,212",-,Apartment,1,Freehold,15,Rest of Central Region,01 to 05
MEYER BLUE,"2,055,000",667.37,"3,079",Oct-24,MEYER ROAD,New Sale,Strata,62,"33,145",-,Apartment,1,Freehold,15,Rest of Central Region,01 to 05
MEYER BLUE,"2,202,000",710.42,"3,100",Oct-24,MEYER ROAD,New Sale,Strata,66,"33,364",-,Apartment,1,Freehold,15,Rest of Central Region,01 to 05
MEYER BLUE,"2,065,000",667.37,"3,094",Oct-24,MEYER ROAD,New Sale,Strata,62,"33,306",-,Apartment,1,Freehold,15,Rest of Central Region,06 to 10
MEYER BLUE,"5,297,000","1,733","3,057",Oct-24,MEYER ROAD,New Sale,Strata,161,"32,901",-,Apartment,1,Freehold,15,Rest of Central Region,06 to 10
MEYER BLUE,"2,222,000",710.42,"3,128",Oct-24,MEYER ROAD,New Sale,Strata,66,"33,667",-,Apartment,1,Freehold,15,Rest of Central Region,06 to 10
MEYER BLUE,"2,085,000",667.37,"3,124",Oct-24,MEYER ROAD,New Sale,Strata,62,"33,629",-,Apartment,1,Freehold,15,Rest of Central Region,06 to 10
MEYER BLUE,"2,085,000",667.37,"3,124",Oct-24,MEYER ROAD,New Sale,Strata,62,"33,629",-,Apartment,1,Freehold,15,Rest of Central Region,06 to 10
MEYER BLUE,"3,527,000","1,140.98","3,091",Oct-24,MEYER ROAD,New Sale,Strata,106,"33,274",-,Apartment,1,Freehold,15,Rest of Central Region,06 to 10
MEYER BLUE,"4,693,000","1,528.49","3,070",Oct-24,MEYER ROAD,New Sale,Strata,142,"33,049",-,Apartment,1,Freehold,15,Rest of Central Region,06 to 10
MEYER BLUE,"3,060,000",990.29,"3,090",Oct-24,MEYER ROAD,New Sale,Strata,92,"33,261",-,Apartment,1,Freehold,15,Rest of Central Region,06 to 10
MEYER BLUE,"2,095,000",667.37,"3,139",Oct-24,MEYER ROAD,New Sale,Strata,62,"33,790",-,Apartment,1,Freehold,15,Rest of Central Region,06 to 10
MEYER BLUE,"2,242,000",710.42,"3,156",Oct-24,MEYER ROAD,New Sale,Strata,66,"33,970",-,Apartment,1,Freehold,15,Rest of Central Region,06 to 10
MEYER BLUE,"3,542,000","1,140.98","3,104",Oct-24,MEYER ROAD,New Sale,Strata,106,"33,415",-,Apartment,1,Freehold,15,Rest of Central Region,06 to 10
MEYER BLUE,"4,713,000","1,528.49","3,083",Oct-24,MEYER ROAD,New Sale,Strata,142,"33,190",-,Apartment,1,Freehold,15,Rest of Central Region,06 to 10
MEYER BLUE,"2,105,000",667.37,"3,154",Oct-24,MEYER ROAD,New Sale,Strata,62,"33,952",-,Apartment,1,Freehold,15,Rest of Central Region,06 to 10
MEYER BLUE,"2,105,000",667.37,"3,154",Oct-24,MEYER ROAD,New Sale,Strata,62,"33,952",-,Apartment,1,Freehold,15,Rest of Central Region,06 to 10
MEYER BLUE,"2,253,000",710.42,"3,171",Oct-24,MEYER ROAD,New Sale,Strata,66,"34,136",-,Apartment,1,Freehold,15,Rest of Central Region,06 to 10
MEYER BLUE,"3,558,000","1,140.98","3,118",Oct-24,MEYER ROAD,New Sale,Strata,106,"33,566",-,Apartment,1,Freehold,15,Rest of Central Region,06 to 10
MEYER BLUE,"5,385,000","1,733","3,107",Oct-24,MEYER ROAD,New Sale,Strata,161,"33,447",-,Apartment,1,Freehold,15,Rest of Central Region,11 to 15
MEYER BLUE,"2,115,000",667.37,"3,169",Oct-24,MEYER ROAD,New Sale,Strata,62,"34,113",-,Apartment,1,Freehold,15,Rest of Central Region,11 to 15
MEYER BLUE,"2,115,000",667.37,"3,169",Oct-24,MEYER ROAD,New Sale,Strata,62,"34,113",-,Apartment,1,Freehold,15,Rest of Central Region,11 to 15
MEYER BLUE,"2,263,000",710.42,"3,185",Oct-24,MEYER ROAD,New Sale,Strata,66,"34,288",-,Apartment,1,Freehold,15,Rest of Central Region,11 to 15
MEYER BLUE,"3,119,000",990.29,"3,150",Oct-24,MEYER ROAD,New Sale,Strata,92,"33,902",-,Apartment,1,Freehold,15,Rest of Central Region,11 to 15
MEYER BLUE,"2,273,000",710.42,"3,199",Oct-24,MEYER ROAD,New Sale,Strata,66,"34,439",-,Apartment,1,Freehold,15,Rest of Central Region,11 to 15
MEYER BLUE,"3,588,000","1,140.98","3,145",Oct-24,MEYER ROAD,New Sale,Strata,106,"33,849",-,Apartment,1,Freehold,15,Rest of Central Region,11 to 15
MEYER BLUE,"3,135,000",990.29,"3,166",Oct-24,MEYER ROAD,New Sale,Strata,92,"34,076",-,Apartment,1,Freehold,15,Rest of Central Region,11 to 15
MEYER BLUE,"2,151,000",667.37,"3,223",Oct-24,MEYER ROAD,New Sale,Strata,62,"34,694",-,Apartment,1,Freehold,15,Rest of Central Region,11 to 15
MEYER BLUE,"2,151,000",667.37,"3,223",Oct-24,MEYER ROAD,New Sale,Strata,62,"34,694",-,Apartment,1,Freehold,15,Rest of Central Region,11 to 15
MEYER BLUE,"2,283,000",710.42,"3,214",Oct-24,MEYER ROAD,New Sale,Strata,66,"34,591",-,Apartment,1,Freehold,15,Rest of Central Region,11 to 15
MEYER BLUE,"3,603,000","1,140.98","3,158",Oct-24,MEYER ROAD,New Sale,Strata,106,"33,991",-,Apartment,1,Freehold,15,Rest of Central Region,11 to 15
MEYER BLUE,"3,151,000",990.29,"3,182",Oct-24,MEYER ROAD,New Sale,Strata,92,"34,250",-,Apartment,1,Freehold,15,Rest of Central Region,11 to 15
MEYER BLUE,"2,164,000",667.37,"3,243",Oct-24,MEYER ROAD,New Sale,Strata,62,"34,903",-,Apartment,1,Freehold,15,Rest of Central Region,11 to 15
MEYER BLUE,"2,164,000",667.37,"3,243",Oct-24,MEYER ROAD,New Sale,Strata,62,"34,903",-,Apartment,1,Freehold,15,Rest of Central Region,11 to 15
MEYER BLUE,"5,473,000","1,733","3,158",Oct-24,MEYER ROAD,New Sale,Strata,161,"33,994",-,Apartment,1,Freehold,15,Rest of Central Region,11 to 15
MEYER BLUE,"4,877,000","1,528.49","3,191",Oct-24,MEYER ROAD,New Sale,Strata,142,"34,345",-,Apartment,1,Freehold,15,Rest of Central Region,11 to 15
MEYER BLUE,"3,183,000",990.29,"3,214",Oct-24,MEYER ROAD,New Sale,Strata,92,"34,598",-,Apartment,1,Freehold,15,Rest of Central Region,11 to 15
MEYER BLUE,"2,188,000",667.37,"3,279",Oct-24,MEYER ROAD,New Sale,Strata,62,"35,290",-,Apartment,1,Freehold,15,Rest of Central Region,11 to 15
MEYER BLUE,"2,188,000",667.37,"3,279",Oct-24,MEYER ROAD,New Sale,Strata,62,"35,290",-,Apartment,1,Freehold,15,Rest of Central Region,11 to 15
MEYER BLUE,"2,303,000",710.42,"3,242",Oct-24,MEYER ROAD,New Sale,Strata,66,"34,894",-,Apartment,1,Freehold,15,Rest of Central Region,11 to 15
MEYER BLUE,"3,633,000","1,140.98","3,184",Oct-24,MEYER ROAD,New Sale,Strata,106,"34,274",-,Apartment,1,Freehold,15,Rest of Central Region,11 to 15
MEYER BLUE,"5,495,000","1,733","3,171",Oct-24,MEYER ROAD,New Sale,Strata,161,"34,130",-,Apartment,1,Freehold,15,Rest of Central Region,16 to 20
MEYER BLUE,"4,901,000","1,528.49","3,206",Oct-24,MEYER ROAD,New Sale,Strata,142,"34,514",-,Apartment,1,Freehold,15,Rest of Central Region,16 to 20
MEYER BLUE,"3,200,000",990.29,"3,231",Oct-24,MEYER ROAD,New Sale,Strata,92,"34,783",-,Apartment,1,Freehold,15,Rest of Central Region,16 to 20
MEYER BLUE,"2,200,000",667.37,"3,297",Oct-24,MEYER ROAD,New Sale,Strata,62,"35,484",-,Apartment,1,Freehold,15,Rest of Central Region,16 to 20
MEYER BLUE,"6,069,000","1,905.23","3,185",Oct-24,MEYER ROAD,New Sale,Strata,177,"34,288",-,Apartment,1,Freehold,15,Rest of Central Region,16 to 20
MEYER BLUE,"2,313,000",710.42,"3,256",Oct-24,MEYER ROAD,New Sale,Strata,66,"35,045",-,Apartment,1,Freehold,15,Rest of Central Region,16 to 20
MEYER BLUE,"3,649,000","1,140.98","3,198",Oct-24,MEYER ROAD,New Sale,Strata,106,"34,425",-,Apartment,1,Freehold,15,Rest of Central Region,16 to 20
MEYER BLUE,"3,216,000",990.29,"3,248",Oct-24,MEYER ROAD,New Sale,Strata,92,"34,957",-,Apartment,1,Freehold,15,Rest of Central Region,16 to 20
MEYER BLUE,"2,212,000",667.37,"3,315",Oct-24,MEYER ROAD,New Sale,Strata,62,"35,677",-,Apartment,1,Freehold,15,Rest of Central Region,16 to 20
MEYER BLUE,"6,099,000","1,905.23","3,201",Oct-24,MEYER ROAD,New Sale,Strata,177,"34,458",-,Apartment,1,Freehold,15,Rest of Central Region,16 to 20
MEYER BLUE,"2,323,000",710.42,"3,270",Oct-24,MEYER ROAD,New Sale,Strata,66,"35,197",-,Apartment,1,Freehold,15,Rest of Central Region,16 to 20
MEYER BLUE,"3,664,000","1,140.98","3,211",Oct-24,MEYER ROAD,New Sale,Strata,106,"34,566",-,Apartment,1,Freehold,15,Rest of Central Region,16 to 20
MEYER BLUE,"4,983,000","1,528.49","3,260",Oct-24,MEYER ROAD,New Sale,Strata,142,"35,092",-,Apartment,1,Freehold,15,Rest of Central Region,16 to 20
MEYER BLUE,"3,254,000",990.29,"3,286",Oct-24,MEYER ROAD,New Sale,Strata,92,"35,370",-,Apartment,1,Freehold,15,Rest of Central Region,16 to 20
MEYER BLUE,"2,333,000",710.42,"3,284",Oct-24,MEYER ROAD,New Sale,Strata,66,"35,348",-,Apartment,1,Freehold,15,Rest of Central Region,16 to 20
MEYER BLUE,"3,679,000","1,140.98","3,224",Oct-24,MEYER ROAD,New Sale,Strata,106,"34,708",-,Apartment,1,Freehold,15,Rest of Central Region,16 to 20
MEYER BLUE,"5,012,000","1,528.49","3,279",Oct-24,MEYER ROAD,New Sale,Strata,142,"35,296",-,Apartment,1,Freehold,15,Rest of Central Region,16 to 20
MEYER BLUE,"3,273,000",990.29,"3,305",Oct-24,MEYER ROAD,New Sale,Strata,92,"35,576",-,Apartment,1,Freehold,15,Rest of Central Region,16 to 20
MEYER BLUE,"2,255,000",667.37,"3,379",Oct-24,MEYER ROAD,New Sale,Strata,62,"36,371",-,Apartment,1,Freehold,15,Rest of Central Region,16 to 20
MEYER BLUE,"2,255,000",667.37,"3,379",Oct-24,MEYER ROAD,New Sale,Strata,62,"36,371",-,Apartment,1,Freehold,15,Rest of Central Region,16 to 20
MEYER BLUE,"2,344,000",710.42,"3,299",Oct-24,MEYER ROAD,New Sale,Strata,66,"35,515",-,Apartment,1,Freehold,15,Rest of Central Region,16 to 20
MEYER BLUE,"3,694,000","1,140.98","3,238",Oct-24,MEYER ROAD,New Sale,Strata,106,"34,849",-,Apartment,1,Freehold,15,Rest of Central Region,16 to 20
MEYER BLUE,"5,041,000","1,528.49","3,298",Oct-24,MEYER ROAD,New Sale,Strata,142,"35,500",-,Apartment,1,Freehold,15,Rest of Central Region,16 to 20
MEYER BLUE,"3,292,000",990.29,"3,324",Oct-24,MEYER ROAD,New Sale,Strata,92,"35,783",-,Apartment,1,Freehold,15,Rest of Central Region,16 to 20
MEYER BLUE,"2,269,000",667.37,"3,400",Oct-24,MEYER ROAD,New Sale,Strata,62,"36,597",-,Apartment,1,Freehold,15,Rest of Central Region,16 to 20
MEYER BLUE,"2,354,000",710.42,"3,314",Oct-24,MEYER ROAD,New Sale,Strata,66,"35,667",-,Apartment,1,Freehold,15,Rest of Central Region,16 to 20
MEYER BLUE,"5,605,000","1,733","3,234",Oct-24,MEYER ROAD,New Sale,Strata,161,"34,814",-,Apartment,1,Freehold,15,Rest of Central Region,21 to 25
MEYER BLUE,"5,107,000","1,528.49","3,341",Oct-24,MEYER ROAD,New Sale,Strata,142,"35,965",-,Apartment,1,Freehold,15,Rest of Central Region,21 to 25
MEYER BLUE,"3,337,000",990.29,"3,370",Oct-24,MEYER ROAD,New Sale,Strata,92,"36,272",-,Apartment,1,Freehold,15,Rest of Central Region,21 to 25
MEYER BLUE,"2,301,000",667.37,"3,448",Oct-24,MEYER ROAD,New Sale,Strata,62,"37,113",-,Apartment,1,Freehold,15,Rest of Central Region,21 to 25
MEYER BLUE,"6,347,000","1,905.23","3,331",Oct-24,MEYER ROAD,New Sale,Strata,177,"35,859",-,Apartment,1,Freehold,15,Rest of Central Region,21 to 25
MEYER BLUE,"2,364,000",710.42,"3,328",Oct-24,MEYER ROAD,New Sale,Strata,66,"35,818",-,Apartment,1,Freehold,15,Rest of Central Region,21 to 25
MEYER BLUE,"5,140,000","1,528.49","3,363",Oct-24,MEYER ROAD,New Sale,Strata,142,"36,197",-,Apartment,1,Freehold,15,Rest of Central Region,21 to 25
MEYER BLUE,"3,360,000",990.29,"3,393",Oct-24,MEYER ROAD,New Sale,Strata,92,"36,522",-,Apartment,1,Freehold,15,Rest of Central Region,21 to 25
MEYER BLUE,"2,292,000",667.37,"3,434",Oct-24,MEYER ROAD,New Sale,Strata,62,"36,968",-,Apartment,1,Freehold,15,Rest of Central Region,21 to 25
MEYER BLUE,"2,318,000",667.37,"3,473",Oct-24,MEYER ROAD,New Sale,Strata,62,"37,387",-,Apartment,1,Freehold,15,Rest of Central Region,21 to 25
MEYER BLUE,"2,374,000",710.42,"3,342",Oct-24,MEYER ROAD,New Sale,Strata,66,"35,970",-,Apartment,1,Freehold,15,Rest of Central Region,21 to 25
MEYER BLUE,"5,173,000","1,528.49","3,384",Oct-24,MEYER ROAD,New Sale,Strata,142,"36,430",-,Apartment,1,Freehold,15,Rest of Central Region,21 to 25
MEYER BLUE,"3,381,000",990.29,"3,414",Oct-24,MEYER ROAD,New Sale,Strata,92,"36,750",-,Apartment,1,Freehold,15,Rest of Central Region,21 to 25
MEYER BLUE,"2,308,000",667.37,"3,458",Oct-24,MEYER ROAD,New Sale,Strata,62,"37,226",-,Apartment,1,Freehold,15,Rest of Central Region,21 to 25
MEYER BLUE,"6,431,000","1,905.23","3,375",Oct-24,MEYER ROAD,New Sale,Strata,177,"36,333",-,Apartment,1,Freehold,15,Rest of Central Region,21 to 25
MEYER BLUE,"2,384,000",710.42,"3,356",Oct-24,MEYER ROAD,New Sale,Strata,66,"36,121",-,Apartment,1,Freehold,15,Rest of Central Region,21 to 25
MEYER BLUE,"2,350,000",667.37,"3,521",Oct-24,MEYER ROAD,New Sale,Strata,62,"37,903",-,Apartment,1,Freehold,15,Rest of Central Region,21 to 25
MEYER BLUE,"2,350,000",667.37,"3,521",Oct-24,MEYER ROAD,New Sale,Strata,62,"37,903",-,Apartment,1,Freehold,15,Rest of Central Region,21 to 25
MEYER BLUE,"6,473,000","1,905.23","3,397",Oct-24,MEYER ROAD,New Sale,Strata,177,"36,571",-,Apartment,1,Freehold,15,Rest of Central Region,21 to 25
MEYER BLUE,"2,394,000",710.42,"3,370",Oct-24,MEYER ROAD,New Sale,Strata,66,"36,273",-,Apartment,1,Freehold,15,Rest of Central Region,21 to 25
MEYER BLUE,"5,693,000","1,733","3,285",Oct-24,MEYER ROAD,New Sale,Strata,161,"35,360",-,Apartment,1,Freehold,15,Rest of Central Region,21 to 25
MEYER BLUE,"2,382,000",667.37,"3,569",Oct-24,MEYER ROAD,New Sale,Strata,62,"38,419",-,Apartment,1,Freehold,15,Rest of Central Region,21 to 25
MEYER BLUE,"2,382,000",667.37,"3,569",Oct-24,MEYER ROAD,New Sale,Strata,62,"38,419",-,Apartment,1,Freehold,15,Rest of Central Region,21 to 25
MEYER BLUE,"3,785,000","1,140.98","3,317",Oct-24,MEYER ROAD,New Sale,Strata,106,"35,708",-,Apartment,1,Freehold,15,Rest of Central Region,21 to 25
TEMBUSU GRAND,"3,418,000","1,431.61","2,388",Oct-24,JALAN TEMBUSU,New Sale,Strata,133,"25,699",-,Condominium,1,99 yrs lease commencing from 2022,15,Rest of Central Region,01 to 05
TEMBUSU GRAND,"3,550,000","1,431.61","2,480",Oct-24,JALAN TEMBUSU,New Sale,Strata,133,"26,692",-,Condominium,1,99 yrs lease commencing from 2022,15,Rest of Central Region,16 to 20
MEYER BLUE,"3,458,000","1,140.98","3,031",Oct-24,MEYER ROAD,New Sale,Strata,106,"32,623",-,Apartment,1,Freehold,15,Rest of Central Region,06 to 10
MEYER BLUE,"2,208,000",710.42,"3,108",Oct-24,MEYER ROAD,New Sale,Strata,66,"33,455",-,Apartment,1,Freehold,15,Rest of Central Region,06 to 10
MEYER BLUE,"2,116,000",667.37,"3,171",Oct-24,MEYER ROAD,New Sale,Strata,62,"34,129",-,Apartment,1,Freehold,15,Rest of Central Region,11 to 15
MEYER BLUE,"2,116,000",667.37,"3,171",Oct-24,MEYER ROAD,New Sale,Strata,62,"34,129",-,Apartment,1,Freehold,15,Rest of Central Region,11 to 15
MEYER BLUE,"2,216,000",667.37,"3,321",Oct-24,MEYER ROAD,New Sale,Strata,62,"35,742",-,Apartment,1,Freehold,15,Rest of Central Region,16 to 20
MEYER BLUE,"2,216,000",667.37,"3,321",Oct-24,MEYER ROAD,New Sale,Strata,62,"35,742",-,Apartment,1,Freehold,15,Rest of Central Region,16 to 20
MEYER BLUE,"2,244,000",667.37,"3,362",Oct-24,MEYER ROAD,New Sale,Strata,62,"36,194",-,Apartment,1,Freehold,15,Rest of Central Region,16 to 20
MEYER BLUE,"6,252,000","1,905.23","3,281",Oct-24,MEYER ROAD,New Sale,Strata,177,"35,322",-,Apartment,1,Freehold,15,Rest of Central Region,16 to 20
MEYER BLUE,"3,366,000",990.29,"3,399",Oct-24,MEYER ROAD,New Sale,Strata,92,"36,587",-,Apartment,1,Freehold,15,Rest of Central Region,21 to 25
MEYER BLUE,"3,410,000",990.29,"3,443",Oct-24,MEYER ROAD,New Sale,Strata,92,"37,065",-,Apartment,1,Freehold,15,Rest of Central Region,21 to 25
MEYER BLUE,"6,568,000","1,905.23","3,447",Oct-24,MEYER ROAD,New Sale,Strata,177,"37,107",-,Apartment,1,Freehold,15,Rest of Central Region,21 to 25
MEYER BLUE,"10,080,000","2,949.34","3,418",Oct-24,MEYER ROAD,New Sale,Strata,274,"36,788",-,Apartment,1,Freehold,15,Rest of Central Region,26 to 30
MEYER BLUE,"10,280,000","2,992.39","3,435",Oct-24,MEYER ROAD,New Sale,Strata,278,"36,978",-,Apartment,1,Freehold,15,Rest of Central Region,26 to 30
TEMBUSU GRAND,"3,561,000","1,431.61","2,487",Oct-24,JALAN TEMBUSU,New Sale,Strata,133,"26,774",-,Condominium,1,99 yrs lease commencing from 2022,15,Rest of Central Region,16 to 20
MANDARIN GARDENS,"1,530,000","1,001.05","1,528",Oct-24,SIGLAP ROAD,Resale,Strata,93,"16,452",-,Condominium,1,99 yrs lease commencing from 1982,15,Outside Central Region,11 to 15
GRAND DUNMAN,"3,064,000","1,119.46","2,737",Oct-24,DUNMAN ROAD,New Sale,Strata,104,"29,462",-,Apartment,1,99 yrs lease commencing from 2022,15,Rest of Central Region,01 to 05
LAGUNA PARK,"1,690,000","1,453.14","1,163",Oct-24,MARINE PARADE ROAD,Resale,Strata,135,"12,519",-,Apartment,1,99 yrs lease commencing from 1977,15,Outside Central Region,06 to 10
THE ESTA,"3,628,000","1,593.07","2,277",Oct-24,AMBER GARDENS,Resale,Strata,148,"24,514",-,Condominium,1,Freehold,15,Rest of Central Region,06 to 10
THE CONTINUUM,"1,486,000",559.73,"2,655",Oct-24,THIAM SIEW AVENUE,New Sale,Strata,52,"28,577",-,Apartment,1,Freehold,15,Rest of Central Region,01 to 05
SEASIDE RESIDENCES,"2,670,000","1,087.16","2,456",Oct-24,SIGLAP LINK,Resale,Strata,101,"26,436",-,Apartment,1,99 yrs lease commencing from 2016,15,Outside Central Region,21 to 25
PALM VISTA,"2,980,000","1,926.76","1,547",Oct-24,LORONG G TELOK KURAU,Resale,Strata,179,"16,648",-,Apartment,1,Freehold,15,Outside Central Region,01 to 05
TEMBUSU GRAND,"3,325,000","1,431.61","2,323",Oct-24,JALAN TEMBUSU,New Sale,Strata,133,"25,000",-,Condominium,1,99 yrs lease commencing from 2022,15,Rest of Central Region,01 to 05
TEMBUSU GRAND,"2,772,000","1,173.28","2,363",Oct-24,JALAN TEMBUSU,New Sale,Strata,109,"25,431",-,Condominium,1,99 yrs lease commencing from 2022,15,Rest of Central Region,06 to 10
THE CONTINUUM,"2,635,000",947.23,"2,782",Oct-24,THIAM SIEW AVENUE,New Sale,Strata,88,"29,943",-,Apartment,1,Freehold,15,Rest of Central Region,06 to 10
THE CONTINUUM,"3,646,000","1,237.86","2,945",Oct-24,THIAM SIEW AVENUE,New Sale,Strata,115,"31,704",-,Apartment,1,Freehold,15,Rest of Central Region,11 to 15
FERNWOOD TOWERS,"2,850,000","1,636.13","1,742",Oct-24,FERNWOOD TERRACE,Resale,Strata,152,"18,750",-,Condominium,1,Freehold,15,Outside Central Region,11 to 15
THE SHORE RESIDENCES,"1,820,000",893.41,"2,037",Oct-24,AMBER ROAD,Resale,Strata,83,"21,928",-,Condominium,1,103 yrs lease commencing from 2009,15,Rest of Central Region,16 to 20
TEMBUSU GRAND,"2,792,000","1,173.28","2,380",Oct-24,JALAN TEMBUSU,New Sale,Strata,109,"25,615",-,Condominium,1,99 yrs lease commencing from 2022,15,Rest of Central Region,06 to 10
THE ARISTO @ AMBER,"1,280,000",624.31,"2,050",Oct-24,AMBER ROAD,Resale,Strata,58,"22,069",-,Apartment,1,Freehold,15,Rest of Central Region,16 to 20
DUNMAN VIEW,"1,850,000","1,216.33","1,521",Oct-24,HAIG ROAD,Resale,Strata,113,"16,372",-,Condominium,1,99 yrs lease commencing from 1997,15,Rest of Central Region,06 to 10
FORT GARDENS,"1,820,000",958,"1,900",Oct-24,FORT ROAD,Resale,Strata,89,"20,449",-,Condominium,1,Freehold,15,Rest of Central Region,06 to 10
AMBER PARK,"1,388,000",462.85,"2,999",Oct-24,AMBER GARDENS,Resale,Strata,43,"32,279",-,Condominium,1,Freehold,15,Rest of Central Region,16 to 20
THE MEYERISE,"3,012,688","1,270.15","2,372",Oct-24,MEYER ROAD,Resale,Strata,118,"25,531",-,Condominium,1,Freehold,15,Rest of Central Region,01 to 05
THE CONTINUUM,"2,616,000",947.23,"2,762",Sep-24,THIAM SIEW AVENUE,New Sale,Strata,88,"29,727",-,Apartment,1,Freehold,15,Rest of Central Region,06 to 10
ARDOR RESIDENCE,"2,479,950","1,044.11","2,375",Sep-24,HAIG ROAD,New Sale,Strata,97,"25,566",-,Apartment,1,Freehold,15,Rest of Central Region,01 to 05
TEMBUSU GRAND,"2,698,000","1,173.28","2,300",Sep-24,JALAN TEMBUSU,New Sale,Strata,109,"24,752",-,Condominium,1,99 yrs lease commencing from 2022,15,Rest of Central Region,01 to 05
TEMBUSU GRAND,"2,812,000","1,173.28","2,397",Sep-24,JALAN TEMBUSU,New Sale,Strata,109,"25,798",-,Condominium,1,99 yrs lease commencing from 2022,15,Rest of Central Region,11 to 15
SEASIDE RESIDENCES,"1,245,000",505.91,"2,461",Sep-24,SIGLAP LINK,Resale,Strata,47,"26,489",-,Apartment,1,99 yrs lease commencing from 2016,15,Outside Central Region,21 to 25
CASUARINA COVE,"1,350,000",807.3,"1,672",Sep-24,TANJONG RHU ROAD,Resale,Strata,75,"18,000",-,Condominium,1,99 yrs lease commencing from 1993,15,Rest of Central Region,06 to 10
GRAND DUNMAN,"3,070,000","1,119.46","2,742",Sep-24,DUNMAN ROAD,New Sale,Strata,104,"29,519",-,Apartment,1,99 yrs lease commencing from 2022,15,Rest of Central Region,06 to 10
GRAND DUNMAN,"3,076,000","1,119.46","2,748",Sep-24,DUNMAN ROAD,New Sale,Strata,104,"29,577",-,Apartment,1,99 yrs lease commencing from 2022,15,Rest of Central Region,06 to 10
TEMBUSU GRAND,"2,020,000",742.72,"2,720",Sep-24,JALAN TEMBUSU,New Sale,Strata,69,"29,275",-,Condominium,1,99 yrs lease commencing from 2022,15,Rest of Central Region,16 to 20
TEMBUSU GRAND,"1,392,000",527.44,"2,639",Sep-24,JALAN TEMBUSU,New Sale,Strata,49,"28,408",-,Condominium,1,99 yrs lease commencing from 2022,15,Rest of Central Region,16 to 20
TEMBUSU GRAND,"2,840,000","1,173.28","2,421",Sep-24,JALAN TEMBUSU,New Sale,Strata,109,"26,055",-,Condominium,1,99 yrs lease commencing from 2022,15,Rest of Central Region,11 to 15
TEMBUSU GRAND,"2,752,000","1,173.28","2,346",Sep-24,JALAN TEMBUSU,New Sale,Strata,109,"25,248",-,Condominium,1,99 yrs lease commencing from 2022,15,Rest of Central Region,01 to 05
TEMBUSU GRAND,"3,539,000","1,431.61","2,472",Sep-24,JALAN TEMBUSU,New Sale,Strata,133,"26,609",-,Condominium,1,99 yrs lease commencing from 2022,15,Rest of Central Region,11 to 15
PEBBLE BAY,"3,390,000","1,894.46","1,789",Sep-24,TANJONG RHU ROAD,Resale,Strata,176,"19,261",-,Condominium,1,99 yrs lease commencing from 1994,15,Rest of Central Region,06 to 10
THE CONTINUUM,"3,119,000","1,087.16","2,869",Sep-24,THIAM SIEW AVENUE,New Sale,Strata,101,"30,881",-,Apartment,1,Freehold,15,Rest of Central Region,01 to 05
TEMBUSU GRAND,"1,992,000",742.72,"2,682",Sep-24,JALAN TEMBUSU,New Sale,Strata,69,"28,870",-,Condominium,1,99 yrs lease commencing from 2022,15,Rest of Central Region,16 to 20
GRAND DUNMAN,"2,724,000","1,097.93","2,481",Sep-24,DUNMAN ROAD,New Sale,Strata,102,"26,706",-,Apartment,1,99 yrs lease commencing from 2022,15,Rest of Central Region,06 to 10
BLU CORAL,"2,200,000","1,851.41","1,188",Sep-24,LORONG L TELOK KURAU,Resale,Strata,172,"12,791",-,Condominium,1,Freehold,15,Outside Central Region,01 to 05
D' CASTILIA,"1,500,000",893.41,"1,679",Sep-24,JOO CHIAT LANE,Resale,Strata,83,"18,072",-,Apartment,1,Freehold,15,Rest of Central Region,01 to 05
SILVERSEA,"2,368,000","1,065.64","2,222",Sep-24,MARINE PARADE ROAD,Resale,Strata,99,"23,919",-,Condominium,1,99 yrs lease commencing from 2007,15,Rest of Central Region,11 to 15
PEBBLE BAY,"2,350,000","1,302.44","1,804",Sep-24,TANJONG RHU ROAD,Resale,Strata,121,"19,421",-,Condominium,1,99 yrs lease commencing from 1994,15,Rest of Central Region,01 to 05
RESIDENCE TWENTY-TWO,"2,430,000","1,194.8","2,034",Sep-24,TELOK KURAU ROAD,Resale,Strata,111,"21,892",-,Apartment,1,Freehold,15,Outside Central Region,01 to 05
SANCTUARY GREEN,"1,335,000",785.77,"1,699",Sep-24,TANJONG RHU ROAD,Resale,Strata,73,"18,288",-,Condominium,1,99 yrs lease commencing from 1997,15,Rest of Central Region,01 to 05
THE SEAWIND,"1,203,000",645.84,"1,863",Sep-24,LORONG M TELOK KURAU,Resale,Strata,60,"20,050",-,Condominium,1,Freehold,15,Outside Central Region,01 to 05
ARDOR RESIDENCE,"2,539,350","1,044.11","2,432",Sep-24,HAIG ROAD,New Sale,Strata,97,"26,179",-,Apartment,1,Freehold,15,Rest of Central Region,01 to 05
TEMBUSU GRAND,"2,920,000","1,173.28","2,489",Sep-24,JALAN TEMBUSU,New Sale,Strata,109,"26,789",-,Condominium,1,99 yrs lease commencing from 2022,15,Rest of Central Region,16 to 20
COTE D'AZUR,"2,780,000","1,313.21","2,117",Sep-24,MARINE PARADE ROAD,Resale,Strata,122,"22,787",-,Condominium,1,99 yrs lease commencing from 2001,15,Rest of Central Region,16 to 20
AMBER PARK,"2,920,000",947.23,"3,083",Sep-24,AMBER GARDENS,Resale,Strata,88,"33,182",-,Condominium,1,Freehold,15,Rest of Central Region,16 to 20
LAGUNA PARK,"1,820,000","1,453.14","1,252",Sep-24,MARINE PARADE ROAD,Resale,Strata,135,"13,481",-,Apartment,1,99 yrs lease commencing from 1977,15,Outside Central Region,16 to 20
TEMBUSU GRAND,"2,728,000","1,173.28","2,325",Sep-24,JALAN TEMBUSU,New Sale,Strata,109,"25,028",-,Condominium,1,99 yrs lease commencing from 2022,15,Rest of Central Region,01 to 05
TEMBUSU GRAND,"2,828,000","1,173.28","2,410",Sep-24,JALAN TEMBUSU,New Sale,Strata,109,"25,945",-,Condominium,1,99 yrs lease commencing from 2022,15,Rest of Central Region,11 to 15
PEBBLE BAY,"2,408,000","1,367.03","1,761",Sep-24,TANJONG RHU ROAD,Resale,Strata,127,"18,961",-,Condominium,1,99 yrs lease commencing from 1994,15,Rest of Central Region,06 to 10
THE SEA VIEW,"3,575,000","1,410.08","2,535",Sep-24,AMBER ROAD,Resale,Strata,131,"27,290",-,Condominium,1,Freehold,15,Rest of Central Region,01 to 05
38 I SUITES,"880,000",505.91,"1,739",Sep-24,IPOH LANE,Resale,Strata,47,"18,723",-,Apartment,1,Freehold,15,Rest of Central Region,06 to 10
THE BELVEDERE,"3,088,000","1,302.44","2,371",Sep-24,MEYER ROAD,Resale,Strata,121,"25,521",-,Condominium,1,Freehold,15,Rest of Central Region,06 to 10
WATER PLACE,"2,215,000","1,453.14","1,524",Sep-24,TANJONG RHU ROAD,Resale,Strata,135,"16,407",-,Condominium,1,99 yrs lease commencing from 1998,15,Rest of Central Region,01 to 05
MANDARIN GARDENS,"2,665,000","2,034.4","1,310",Sep-24,SIGLAP ROAD,Resale,Strata,189,"14,101",-,Condominium,1,99 yrs lease commencing from 1982,15,Outside Central Region,11 to 15
TEMBUSU GRAND,"2,792,000","1,173.28","2,380",Sep-24,JALAN TEMBUSU,New Sale,Strata,109,"25,615",-,Condominium,1,99 yrs lease commencing from 2022,15,Rest of Central Region,06 to 10
TEMBUSU GRAND,"2,892,000","1,173.28","2,465",Sep-24,JALAN TEMBUSU,New Sale,Strata,109,"26,532",-,Condominium,1,99 yrs lease commencing from 2022,15,Rest of Central Region,16 to 20
TEMBUSU GRAND,"2,833,000","1,173.28","2,415",Sep-24,JALAN TEMBUSU,New Sale,Strata,109,"25,991",-,Condominium,1,99 yrs lease commencing from 2022,15,Rest of Central Region,06 to 10
RIVEREDGE,"3,150,000","1,603.84","1,964",Sep-24,SAMPAN PLACE,Resale,Strata,149,"21,141",-,Condominium,1,99 yrs lease commencing from 2004,15,Rest of Central Region,06 to 10
VENTURA VIEW,"1,080,000",753.48,"1,433",Sep-24,RAMBUTAN ROAD,Resale,Strata,70,"15,429",-,Apartment,1,Freehold,15,Rest of Central Region,01 to 05
PEBBLE BAY,"1,510,000",850.36,"1,776",Sep-24,TANJONG RHU ROAD,Resale,Strata,79,"19,114",-,Condominium,1,99 yrs lease commencing from 1994,15,Rest of Central Region,06 to 10
THE SHORE RESIDENCES,"1,860,000",893.41,"2,082",Sep-24,AMBER ROAD,Resale,Strata,83,"22,410",-,Condominium,1,103 yrs lease commencing from 2009,15,Rest of Central Region,16 to 20
THE CONTINUUM,"3,250,000","1,087.16","2,989",Sep-24,THIAM SIEW AVENUE,New Sale,Strata,101,"32,178",-,Apartment,1,Freehold,15,Rest of Central Region,11 to 15
TEMBUSU GRAND,"2,864,000","1,173.28","2,441",Sep-24,JALAN TEMBUSU,New Sale,Strata,109,"26,275",-,Condominium,1,99 yrs lease commencing from 2022,15,Rest of Central Region,11 to 15
TEMBUSU GRAND,"2,920,000","1,173.28","2,489",Sep-24,JALAN TEMBUSU,New Sale,Strata,109,"26,789",-,Condominium,1,99 yrs lease commencing from 2022,15,Rest of Central Region,16 to 20
THE CONTINUUM,"2,000,000",667.37,"2,997",Sep-24,THIAM SIEW AVENUE,New Sale,Strata,62,"32,258",-,Apartment,1,Freehold,15,Rest of Central Region,16 to 20
SERAYA RESIDENCES,"1,710,000",968.76,"1,765",Sep-24,SERAYA LANE,Resale,Strata,90,"19,000",-,Apartment,1,Freehold,15,Rest of Central Region,01 to 05
THE MAKENA,"2,625,000","1,291.68","2,032",Sep-24,MEYER ROAD,Resale,Strata,120,"21,875",-,Condominium,1,Freehold,15,Rest of Central Region,06 to 10
PARKSHORE,"3,450,000","1,722.24","2,003",Sep-24,TANJONG RHU ROAD,Resale,Strata,160,"21,563",-,Condominium,1,Freehold,15,Rest of Central Region,01 to 05
MANDARIN GARDENS,"1,800,000","1,786.82","1,007",Sep-24,SIGLAP ROAD,Resale,Strata,166,"10,843",-,Condominium,1,99 yrs lease commencing from 1982,15,Outside Central Region,01 to 05
SEASIDE RESIDENCES,"2,800,000","1,130.22","2,477",Sep-24,SIGLAP LINK,Resale,Strata,105,"26,667",-,Apartment,1,99 yrs lease commencing from 2016,15,Outside Central Region,11 to 15
SEASIDE RESIDENCES,"1,215,000",592.02,"2,052",Sep-24,SIGLAP LINK,Resale,Strata,55,"22,091",-,Apartment,1,99 yrs lease commencing from 2016,15,Outside Central Region,01 to 05
GRAND DUCHESS AT ST PATRICK'S,"3,050,000","1,377.79","2,214",Sep-24,ST. PATRICK'S ROAD,Resale,Strata,128,"23,828",-,Condominium,1,Freehold,15,Outside Central Region,01 to 05
STUDIOS@TEMBELING,"1,800,000","1,334.74","1,349",Sep-24,TEMBELING ROAD,Resale,Strata,124,"14,516",-,Apartment,1,Freehold,15,Rest of Central Region,01 to 05
MEIER SUITES,"4,500,000","2,228.15","2,020",Sep-24,MARGATE ROAD,Resale,Strata,207,"21,739",-,Condominium,1,Freehold,15,Rest of Central Region,06 to 10
THE BELVEDERE,"2,490,000","1,011.82","2,461",Sep-24,MEYER ROAD,Resale,Strata,94,"26,489",-,Condominium,1,Freehold,15,Rest of Central Region,16 to 20
THE MAKENA,"2,230,000","1,151.75","1,936",Sep-24,MEYER ROAD,Resale,Strata,107,"20,841",-,Condominium,1,Freehold,15,Rest of Central Region,11 to 15
OCEAN PARK,"4,025,000","2,109.74","1,908",Sep-24,EAST COAST ROAD,Resale,Strata,196,"20,536",-,Condominium,1,Freehold,15,Outside Central Region,16 to 20
TEMBUSU GRAND,"2,010,000",742.72,"2,706",Sep-24,JALAN TEMBUSU,New Sale,Strata,69,"29,130",-,Condominium,1,99 yrs lease commencing from 2022,15,Rest of Central Region,16 to 20
TEMBUSU GRAND,"2,789,000","1,173.28","2,377",Sep-24,JALAN TEMBUSU,New Sale,Strata,109,"25,587",-,Condominium,1,99 yrs lease commencing from 2022,15,Rest of Central Region,06 to 10
AMBER PARK,"2,710,000",947.23,"2,861",Sep-24,AMBER GARDENS,Resale,Strata,88,"30,795",-,Condominium,1,Freehold,15,Rest of Central Region,21 to 25
THE LUCENT,"808,000",473.62,"1,706",Sep-24,LORONG N TELOK KURAU,Resale,Strata,44,"18,364",-,Apartment,1,Freehold,15,Outside Central Region,01 to 05
AMBER RESIDENCES,"2,520,000","1,162.51","2,168",Sep-24,AMBER ROAD,Resale,Strata,108,"23,333",-,Condominium,1,Freehold,15,Rest of Central Region,06 to 10
COTE D'AZUR,"2,088,000","1,140.98","1,830",Sep-24,MARINE PARADE ROAD,Resale,Strata,106,"19,698",-,Condominium,1,99 yrs lease commencing from 2001,15,Rest of Central Region,21 to 25
ONE AMBER,"3,255,000","1,453.14","2,240",Sep-24,AMBER GARDENS,Resale,Strata,135,"24,111",-,Condominium,1,Freehold,15,Rest of Central Region,01 to 05
MANDARIN GARDENS,"1,888,000","1,571.54","1,201",Sep-24,SIGLAP ROAD,Resale,Strata,146,"12,932",-,Condominium,1,99 yrs lease commencing from 1982,15,Outside Central Region,11 to 15
SIGLAP V,"1,345,000",958,"1,404",Sep-24,FIRST STREET,Resale,Strata,89,"15,112",-,Apartment,1,Freehold,15,Outside Central Region,01 to 05
THE ESPIRA,"1,672,000","1,054.87","1,585",Sep-24,LORONG L TELOK KURAU,Resale,Strata,98,"17,061",-,Apartment,1,Freehold,15,Outside Central Region,01 to 05
HAIG COURT,"2,816,888","1,399.32","2,013",Sep-24,HAIG ROAD,Resale,Strata,130,"21,668",-,Condominium,1,Freehold,15,Rest of Central Region,06 to 10
THE LUSH,"955,000",516.67,"1,848",Sep-24,DUKU ROAD,Resale,Strata,48,"19,896",-,Apartment,1,Freehold,15,Rest of Central Region,01 to 05
TEMBUSU GRAND,"3,583,000","1,431.61","2,503",Sep-24,JALAN TEMBUSU,New Sale,Strata,133,"26,940",-,Condominium,1,99 yrs lease commencing from 2022,15,Rest of Central Region,16 to 20
TEMBUSU GRAND,"2,873,000","1,173.28","2,449",Sep-24,JALAN TEMBUSU,New Sale,Strata,109,"26,358",-,Condominium,1,99 yrs lease commencing from 2022,15,Rest of Central Region,11 to 15
MAYFAIR RESIDENCES,"2,335,000","1,194.8","1,954",Sep-24,EAST COAST ROAD,Resale,Strata,111,"21,036",-,Apartment,1,Freehold,15,Outside Central Region,01 to 05
ARTHUR MANSIONS,"3,300,000","1,614.6","2,044",Sep-24,ARTHUR ROAD,Resale,Strata,150,"22,000",-,Condominium,1,Freehold,15,Rest of Central Region,06 to 10
GRAND DUNMAN,"2,093,000",775.01,"2,701",Sep-24,DUNMAN ROAD,New Sale,Strata,72,"29,069",-,Apartment,1,99 yrs lease commencing from 2022,15,Rest of Central Region,01 to 05
TEMBUSU GRAND,"2,792,000","1,173.28","2,380",Sep-24,JALAN TEMBUSU,New Sale,Strata,109,"25,615",-,Condominium,1,99 yrs lease commencing from 2022,15,Rest of Central Region,06 to 10
SANCTUARY GREEN,"1,680,000",914.94,"1,836",Sep-24,TANJONG RHU ROAD,Resale,Strata,85,"19,765",-,Condominium,1,99 yrs lease commencing from 1997,15,Rest of Central Region,11 to 15
ONE AMBER,"3,405,000","1,614.6","2,109",Sep-24,AMBER GARDENS,Resale,Strata,150,"22,700",-,Condominium,1,Freehold,15,Rest of Central Region,06 to 10
AALTO,"4,060,000","1,442.38","2,815",Sep-24,MEYER ROAD,Resale,Strata,134,"30,299",-,Condominium,1,Freehold,15,Rest of Central Region,21 to 25
AMBER PARK,"1,350,000",462.85,"2,917",Sep-24,AMBER GARDENS,Resale,Strata,43,"31,395",-,Condominium,1,Freehold,15,Rest of Central Region,06 to 10
8M RESIDENCES,"1,150,000",516.67,"2,226",Sep-24,MARGATE ROAD,Resale,Strata,48,"23,958",-,Apartment,1,Freehold,15,Rest of Central Region,01 to 05
AMBER PARK,"5,000,000","1,797.59","2,782",Sep-24,AMBER GARDENS,Resale,Strata,167,"29,940",-,Condominium,1,Freehold,15,Rest of Central Region,11 to 15
AURALIS,"1,330,000",753.48,"1,765",Sep-24,EAST COAST ROAD,Resale,Strata,70,"19,000",-,Apartment,1,Freehold,15,Outside Central Region,01 to 05
TEMBUSU GRAND,"2,802,000","1,173.28","2,388",Sep-24,JALAN TEMBUSU,New Sale,Strata,109,"25,706",-,Condominium,1,99 yrs lease commencing from 2022,15,Rest of Central Region,06 to 10
TEMBUSU GRAND,"1,437,000",527.44,"2,725",Sep-24,JALAN TEMBUSU,New Sale,Strata,49,"29,327",-,Condominium,1,99 yrs lease commencing from 2022,15,Rest of Central Region,16 to 20
TEMBUSU GRAND,"1,975,000",742.72,"2,659",Sep-24,JALAN TEMBUSU,New Sale,Strata,69,"28,623",-,Condominium,1,99 yrs lease commencing from 2022,15,Rest of Central Region,16 to 20
TEMBUSU GRAND,"3,330,000","1,431.61","2,326",Sep-24,JALAN TEMBUSU,New Sale,Strata,133,"25,038",-,Condominium,1,99 yrs lease commencing from 2022,15,Rest of Central Region,01 to 05
CLAYDENCE,"2,104,500",914.94,"2,300",Sep-24,STILL ROAD,New Sale,Strata,85,"24,759",-,Apartment,1,Freehold,15,Rest of Central Region,01 to 05
LE CONNEY PARK,"1,698,000","1,237.86","1,372",Sep-24,LORONG L TELOK KURAU,Resale,Strata,115,"14,765",-,Apartment,1,Freehold,15,Outside Central Region,01 to 05
SUITES @ EASTCOAST,"960,000",570.49,"1,683",Sep-24,UPPER EAST COAST ROAD,Resale,Strata,53,"18,113",-,Condominium,1,Freehold,15,Outside Central Region,01 to 05
JUPITER 18,"710,000",419.8,"1,691",Sep-24,LORONG 102 CHANGI,Resale,Strata,39,"18,205",-,Apartment,1,Freehold,15,Rest of Central Region,01 to 05
AMBER PARK,"4,430,000","1,582.31","2,800",Sep-24,AMBER GARDENS,Resale,Strata,147,"30,136",-,Condominium,1,Freehold,15,Rest of Central Region,16 to 20
HAIG COURT,"3,300,000","1,550.02","2,129",Sep-24,HAIG ROAD,Resale,Strata,144,"22,917",-,Condominium,1,Freehold,15,Rest of Central Region,06 to 10
VIBES @ EAST COAST,"732,000",409.03,"1,790",Sep-24,TELOK KURAU ROAD,Resale,Strata,38,"19,263",-,Apartment,1,Freehold,15,Outside Central Region,01 to 05
THE BELVEDERE,"3,238,000","1,302.44","2,486",Sep-24,MEYER ROAD,Resale,Strata,121,"26,760",-,Condominium,1,Freehold,15,Rest of Central Region,16 to 20
TEMBUSU GRAND,"1,988,000",742.72,"2,677",Sep-24,JALAN TEMBUSU,New Sale,Strata,69,"28,812",-,Condominium,1,99 yrs lease commencing from 2022,15,Rest of Central Region,16 to 20
TANJONG RIA CONDOMINIUM,"1,320,000",807.3,"1,635",Sep-24,TANJONG RHU ROAD,Resale,Strata,75,"17,600",-,Condominium,1,99 yrs lease commencing from 1993,15,Rest of Central Region,01 to 05
ARDOR RESIDENCE,"2,494,800","1,044.11","2,389",Sep-24,HAIG ROAD,New Sale,Strata,97,"25,720",-,Apartment,1,Freehold,15,Rest of Central Region,01 to 05
THE SOVEREIGN,"6,200,000","2,637.18","2,351",Sep-24,MEYER ROAD,Resale,Strata,245,"25,306",-,Condominium,1,Freehold,15,Rest of Central Region,06 to 10
GRAND DUNMAN,"2,729,000","1,097.93","2,486",Sep-24,DUNMAN ROAD,New Sale,Strata,102,"26,755",-,Apartment,1,99 yrs lease commencing from 2022,15,Rest of Central Region,06 to 10
SEASIDE RESIDENCES,"2,460,888","1,087.16","2,264",Sep-24,SIGLAP LINK,Resale,Strata,101,"24,365",-,Apartment,1,99 yrs lease commencing from 2016,15,Outside Central Region,06 to 10
K SUITES,"3,528,000","1,679.18","2,101",Sep-24,LORONG K TELOK KURAU,New Sale,Strata,156,"22,615",-,Apartment,1,Freehold,15,Outside Central Region,01 to 05
MERLOT VILLE,"2,350,000","1,743.77","1,348",Sep-24,TELOK KURAU ROAD,Resale,Strata,162,"14,506",-,Apartment,1,Freehold,15,Outside Central Region,01 to 05
SILVERSEA,"3,800,000","1,646.89","2,307",Sep-24,MARINE PARADE ROAD,Resale,Strata,153,"24,837",-,Condominium,1,99 yrs lease commencing from 2007,15,Rest of Central Region,11 to 15
THE SHORE RESIDENCES,"1,785,000",893.41,"1,998",Sep-24,AMBER ROAD,Resale,Strata,83,"21,506",-,Condominium,1,103 yrs lease commencing from 2009,15,Rest of Central Region,16 to 20
PEBBLE BAY,"3,575,000","2,335.79","1,531",Sep-24,TANJONG RHU ROAD,Resale,Strata,217,"16,475",-,Condominium,1,99 yrs lease commencing from 1994,15,Rest of Central Region,01 to 05
FLAMINGO VALLEY,"1,662,888","1,700.71",978,Sep-24,SIGLAP ROAD,Resale,Strata,158,"10,525",-,Condominium,1,Freehold,15,Outside Central Region,01 to 05
TANJONG RIA CONDOMINIUM,"940,000",613.55,"1,532",Sep-24,TANJONG RHU ROAD,Resale,Strata,57,"16,491",-,Condominium,1,99 yrs lease commencing from 1993,15,Rest of Central Region,01 to 05
GARDEN PARK RESIDENCES,"1,470,000",882.65,"1,665",Sep-24,LORONG M TELOK KURAU,Resale,Strata,82,"17,927",-,Apartment,1,Freehold,15,Outside Central Region,01 to 05
SEA AVENUE MANSIONS,"2,300,000","1,205.57","1,908",Sep-24,SEA AVENUE,Resale,Strata,112,"20,536",-,Apartment,1,Freehold,15,Rest of Central Region,01 to 05
TEMBUSU GRAND,"2,828,000","1,173.28","2,410",Sep-24,JALAN TEMBUSU,New Sale,Strata,109,"25,945",-,Condominium,1,99 yrs lease commencing from 2022,15,Rest of Central Region,11 to 15
THE CONTINUUM,"2,106,000",721.19,"2,920",Sep-24,THIAM SIEW AVENUE,New Sale,Strata,67,"31,433",-,Apartment,1,Freehold,15,Rest of Central Region,06 to 10
THE BELVEDERE,"2,900,000","1,367.03","2,121",Sep-24,MEYER ROAD,Resale,Strata,127,"22,835",-,Condominium,1,Freehold,15,Rest of Central Region,01 to 05
UNITED MANSION,"1,630,000","1,140.98","1,429",Sep-24,EAST COAST ROAD,Resale,Strata,106,"15,377",-,Apartment,1,Freehold,15,Outside Central Region,01 to 05
THE SEA VIEW,"4,321,888","1,646.89","2,624",Sep-24,AMBER ROAD,Resale,Strata,153,"28,248",-,Condominium,1,Freehold,15,Rest of Central Region,16 to 20
THE SEAWIND,"1,250,000",688.9,"1,814",Sep-24,LORONG M TELOK KURAU,Resale,Strata,64,"19,531",-,Condominium,1,Freehold,15,Outside Central Region,01 to 05
SUITES@ KATONG,"660,000",376.74,"1,752",Sep-24,TANJONG KATONG ROAD,Resale,Strata,35,"18,857",-,Apartment,1,Freehold,15,Rest of Central Region,01 to 05
HAIG 162,"695,000",365.98,"1,899",Sep-24,HAIG ROAD,Resale,Strata,34,"20,441",-,Apartment,1,Freehold,15,Rest of Central Region,06 to 10
ESPIRA SPRING,"1,350,000",893.41,"1,511",Sep-24,LORONG G TELOK KURAU,Resale,Strata,83,"16,265",-,Apartment,1,Freehold,15,Outside Central Region,01 to 05
TEMBUSU GRAND,"3,336,000","1,431.61","2,330",Sep-24,JALAN TEMBUSU,New Sale,Strata,133,"25,083",-,Condominium,1,99 yrs lease commencing from 2022,15,Rest of Central Region,01 to 05
TEMBUSU GRAND,"3,517,000","1,431.61","2,457",Sep-24,JALAN TEMBUSU,New Sale,Strata,133,"26,444",-,Condominium,1,99 yrs lease commencing from 2022,15,Rest of Central Region,11 to 15
NEPTUNE COURT,"1,653,333","1,636.13","1,011",Sep-24,MARINE VISTA,Resale,Strata,152,"10,877",-,Apartment,1,99 yrs lease commencing from 1975,15,Outside Central Region,06 to 10
HAIG 162,"1,150,000",581.26,"1,978",Sep-24,HAIG ROAD,Resale,Strata,54,"21,296",-,Apartment,1,Freehold,15,Rest of Central Region,06 to 10
TESSA LODGE,"2,000,000","1,227.1","1,630",Sep-24,MOUNTBATTEN ROAD,Resale,Strata,114,"17,544",-,Apartment,1,Freehold,15,Rest of Central Region,01 to 05
THE AMARELLE,"2,500,000","1,442.38","1,733",Sep-24,LIM AH WOO ROAD,Resale,Strata,134,"18,657",-,Apartment,1,Freehold,15,Rest of Central Region,01 to 05
PARK EAST,"2,900,000","2,077.45","1,396",Sep-24,JALAN TUA KONG,Resale,Strata,193,"15,026",-,Condominium,1,Freehold,15,Outside Central Region,01 to 05
THE SEAFRONT ON MEYER,"3,800,000","1,603.84","2,369",Sep-24,MEYER ROAD,Resale,Strata,149,"25,503",-,Condominium,1,Freehold,15,Rest of Central Region,06 to 10
ONE AMBER,"1,190,000",570.49,"2,086",Sep-24,AMBER GARDENS,Resale,Strata,53,"22,453",-,Condominium,1,Freehold,15,Rest of Central Region,06 to 10
THE CONTINUUM,"1,869,000",667.37,"2,801",Sep-24,THIAM SIEW AVENUE,New Sale,Strata,62,"30,145",-,Apartment,1,Freehold,15,Rest of Central Region,06 to 10
EAST VIEW,"2,180,000","1,097.93","1,986",Sep-24,BROOKE ROAD,Resale,Strata,102,"21,373",-,Apartment,1,Freehold,15,Rest of Central Region,01 to 05
NYON,"1,900,000",914.94,"2,077",Sep-24,AMBER ROAD,Resale,Strata,85,"22,353",-,Apartment,1,Freehold,15,Rest of Central Region,01 to 05
IMPERIAL HEIGHTS,"993,000",581.26,"1,708",Sep-24,IPOH LANE,Resale,Strata,54,"18,389",-,Apartment,1,Freehold,15,Rest of Central Region,01 to 05
SYCAMORE TREE,"802,000",441.32,"1,817",Sep-24,FOWLIE ROAD,Sub Sale,Strata,41,"19,561",-,Apartment,1,Freehold,15,Rest of Central Region,01 to 05
TEMBUSU GRAND,"3,347,000","1,431.61","2,338",Sep-24,JALAN TEMBUSU,New Sale,Strata,133,"25,165",-,Condominium,1,99 yrs lease commencing from 2022,15,Rest of Central Region,01 to 05
TEMBUSU GRAND,"3,391,000","1,431.61","2,369",Sep-24,JALAN TEMBUSU,New Sale,Strata,133,"25,496",-,Condominium,1,99 yrs lease commencing from 2022,15,Rest of Central Region,06 to 10
THE BALE,"1,555,000","1,065.64","1,459",Sep-24,LORONG H TELOK KURAU,Resale,Strata,99,"15,707",-,Apartment,1,Freehold,15,Outside Central Region,01 to 05
SANCTUARY GREEN,"1,588,000",828.83,"1,916",Sep-24,TANJONG RHU ROAD,Resale,Strata,77,"20,623",-,Condominium,1,99 yrs lease commencing from 1997,15,Rest of Central Region,06 to 10
COASTLINE RESIDENCES,"2,858,000","1,108.69","2,578",Sep-24,AMBER ROAD,Sub Sale,Strata,103,"27,748",-,Apartment,1,Freehold,15,Rest of Central Region,11 to 15
GRAND DUNMAN,"2,785,000","1,097.93","2,537",Sep-24,DUNMAN ROAD,New Sale,Strata,102,"27,304",-,Apartment,1,99 yrs lease commencing from 2022,15,Rest of Central Region,11 to 15
SEASIDE RESIDENCES,"988,000",419.8,"2,354",Sep-24,SIGLAP LINK,Resale,Strata,39,"25,333",-,Apartment,1,99 yrs lease commencing from 2016,15,Outside Central Region,21 to 25
AMBER 45,"1,650,000",613.55,"2,689",Sep-24,AMBER ROAD,Resale,Strata,57,"28,947",-,Apartment,1,Freehold,15,Rest of Central Region,06 to 10
COSTA RHU,"3,140,000","2,055.92","1,527",Sep-24,RHU CROSS,Resale,Strata,191,"16,440",-,Condominium,1,99 yrs lease commencing from 1994,15,Rest of Central Region,01 to 05
AMBER PARK,"6,500,000","2,335.79","2,783",Sep-24,AMBER GARDENS,Resale,Strata,217,"29,954",-,Condominium,1,Freehold,15,Rest of Central Region,11 to 15
THE CONTINUUM,"2,832,000","1,065.64","2,658",Sep-24,THIAM SIEW AVENUE,New Sale,Strata,99,"28,606",-,Apartment,1,Freehold,15,Rest of Central Region,01 to 05
NEPTUNE COURT,"1,150,000","1,270.15",905,Sep-24,MARINE VISTA,Resale,Strata,118,"9,746",-,Apartment,1,99 yrs lease commencing from 1976,15,Outside Central Region,06 to 10
THE CONTINUUM,"3,227,000","1,087.16","2,968",Sep-24,THIAM SIEW AVENUE,New Sale,Strata,101,"31,950",-,Apartment,1,Freehold,15,Rest of Central Region,11 to 15
TEMBUSU GRAND,"1,983,000",742.72,"2,670",Sep-24,JALAN TEMBUSU,New Sale,Strata,69,"28,739",-,Condominium,1,99 yrs lease commencing from 2022,15,Rest of Central Region,16 to 20
DUNMAN VIEW,"1,950,000","1,323.97","1,473",Sep-24,HAIG ROAD,Resale,Strata,123,"15,854",-,Condominium,1,99 yrs lease commencing from 1997,15,Rest of Central Region,06 to 10
PEBBLE BAY,"3,450,000","1,894.46","1,821",Sep-24,TANJONG RHU ROAD,Resale,Strata,176,"19,602",-,Condominium,1,99 yrs lease commencing from 1994,15,Rest of Central Region,06 to 10
VILLA MARINA,"2,580,000","2,023.63","1,275",Sep-24,JALAN SEMPADAN,Resale,Strata,188,"13,723",-,Condominium,1,99 yrs lease commencing from 1995,15,Outside Central Region,01 to 05
AMBER 45,"3,350,000","1,184.04","2,829",Sep-24,AMBER ROAD,Resale,Strata,110,"30,455",-,Apartment,1,Freehold,15,Rest of Central Region,06 to 10
ST PATRICK'S RESIDENCES,"2,508,888","1,205.57","2,081",Sep-24,ST. PATRICK'S ROAD,Resale,Strata,112,"22,401",-,Apartment,1,Freehold,15,Outside Central Region,01 to 05
AQUENE,"1,190,000",753.48,"1,579",Sep-24,LORONG BANDANG,Resale,Strata,70,"17,000",-,Apartment,1,Freehold,15,Outside Central Region,01 to 05
THE CONTINUUM,"1,769,000",667.37,"2,651",Sep-24,THIAM SIEW AVENUE,New Sale,Strata,62,"28,532",-,Apartment,1,Freehold,15,Rest of Central Region,01 to 05
THE CONTINUUM,"3,509,000","1,248.62","2,810",Aug-24,THIAM SIEW AVENUE,New Sale,Strata,116,"30,250",-,Apartment,1,Freehold,15,Rest of Central Region,01 to 05
THE CONTINUUM,"1,960,000",667.37,"2,937",Aug-24,THIAM SIEW AVENUE,New Sale,Strata,62,"31,613",-,Apartment,1,Freehold,15,Rest of Central Region,16 to 20
TEMBUSU GRAND,"2,878,000","1,173.28","2,453",Aug-24,JALAN TEMBUSU,New Sale,Strata,109,"26,404",-,Condominium,1,99 yrs lease commencing from 2022,15,Rest of Central Region,16 to 20
PEBBLE BAY,"3,589,000","1,894.46","1,894",Aug-24,TANJONG RHU ROAD,Resale,Strata,176,"20,392",-,Condominium,1,99 yrs lease commencing from 1994,15,Rest of Central Region,11 to 15
SIGLAP V,"1,290,000",968.76,"1,332",Aug-24,FIRST STREET,Resale,Strata,90,"14,333",-,Apartment,1,Freehold,15,Outside Central Region,01 to 05
JOO CHIAT VERBENA,"1,700,000","1,162.51","1,462",Aug-24,JOO CHIAT PLACE,Resale,Strata,108,"15,741",-,Apartment,1,Freehold,15,Outside Central Region,01 to 05
PEBBLE BAY,"1,470,000",947.23,"1,552",Aug-24,TANJONG RHU ROAD,Resale,Strata,88,"16,705",-,Condominium,1,99 yrs lease commencing from 1994,15,Rest of Central Region,01 to 05
THE BECCAGAYLE,"2,000,000","1,356.26","1,475",Aug-24,LORONG N TELOK KURAU,Resale,Strata,126,"15,873",-,Apartment,1,Freehold,15,Outside Central Region,01 to 05
THE BALE,"1,551,000","1,022.58","1,517",Aug-24,LORONG H TELOK KURAU,Resale,Strata,95,"16,326",-,Apartment,1,Freehold,15,Outside Central Region,01 to 05
THE ARISTO @ AMBER,"2,910,000","1,614.6","1,802",Aug-24,AMBER ROAD,Resale,Strata,150,"19,400",-,Apartment,1,Freehold,15,Rest of Central Region,16 to 20
THE ESTA,"2,300,000","1,001.05","2,298",Aug-24,AMBER GARDENS,Resale,Strata,93,"24,731",-,Condominium,1,Freehold,15,Rest of Central Region,01 to 05
THE CRISTALLO,"980,000",796.54,"1,230",Aug-24,LORONG K TELOK KURAU,Resale,Strata,74,"13,243",-,Apartment,1,Freehold,15,Outside Central Region,01 to 05
TEMBUSU GRAND,"2,792,000","1,173.28","2,380",Aug-24,JALAN TEMBUSU,New Sale,Strata,109,"25,615",-,Condominium,1,99 yrs lease commencing from 2022,15,Rest of Central Region,06 to 10
TEMBUSU GRAND,"2,816,000","1,173.28","2,400",Aug-24,JALAN TEMBUSU,New Sale,Strata,109,"25,835",-,Condominium,1,99 yrs lease commencing from 2022,15,Rest of Central Region,11 to 15
PEBBLE BAY,"2,460,000","1,377.79","1,785",Aug-24,TANJONG RHU ROAD,Resale,Strata,128,"19,219",-,Condominium,1,99 yrs lease commencing from 1994,15,Rest of Central Region,06 to 10
COSTA RHU,"2,750,000","1,776.06","1,548",Aug-24,RHU CROSS,Resale,Strata,165,"16,667",-,Condominium,1,99 yrs lease commencing from 1994,15,Rest of Central Region,01 to 05
AALTO,"5,200,000","1,959.05","2,654",Aug-24,MEYER ROAD,Resale,Strata,182,"28,571",-,Condominium,1,Freehold,15,Rest of Central Region,16 to 20
THE CONTINUUM,"5,470,000","1,905.23","2,871",Aug-24,THIAM SIEW AVENUE,New Sale,Strata,177,"30,904",-,Apartment,1,Freehold,15,Rest of Central Region,01 to 05
STRAITS AT JOO CHIAT,"2,150,000","1,044.11","2,059",Aug-24,JOO CHIAT PLACE,New Sale,Strata,97,"22,165",-,Apartment,1,Freehold,15,Outside Central Region,01 to 05
THE CONTINUUM,"2,818,000","1,065.64","2,644",Aug-24,THIAM SIEW AVENUE,New Sale,Strata,99,"28,465",-,Apartment,1,Freehold,15,Rest of Central Region,01 to 05
THE CONTINUUM,"3,162,000","1,087.16","2,908",Aug-24,THIAM SIEW AVENUE,New Sale,Strata,101,"31,307",-,Apartment,1,Freehold,15,Rest of Central Region,11 to 15
HAIG 162,"688,000",365.98,"1,880",Aug-24,HAIG ROAD,Resale,Strata,34,"20,235",-,Apartment,1,Freehold,15,Rest of Central Region,11 to 15
AALTO,"4,900,000","1,959.05","2,501",Aug-24,MEYER ROAD,Resale,Strata,182,"26,923",-,Condominium,1,Freehold,15,Rest of Central Region,21 to 25
EASTERN LAGOON,"1,393,000",753.48,"1,849",Aug-24,UPPER EAST COAST ROAD,Resale,Strata,70,"19,900",-,Condominium,1,Freehold,15,Outside Central Region,06 to 10
VILLA MARINA,"1,880,000","1,248.62","1,506",Aug-24,JALAN SEMPADAN,Resale,Strata,116,"16,207",-,Condominium,1,99 yrs lease commencing from 1995,15,Outside Central Region,01 to 05
UNITED MANSION,"1,950,000","1,367.03","1,426",Aug-24,EAST COAST ROAD,Resale,Strata,127,"15,354",-,Apartment,1,Freehold,15,Outside Central Region,01 to 05
THE ATRIA AT MEYER,"3,458,000","1,614.6","2,142",Aug-24,MEYER ROAD,Resale,Strata,150,"23,053",-,Condominium,1,Freehold,15,Rest of Central Region,16 to 20
AURALIS,"1,850,000","1,011.82","1,828",Aug-24,EAST COAST ROAD,Resale,Strata,94,"19,681",-,Apartment,1,Freehold,15,Outside Central Region,01 to 05
SUNNY PARC,"1,400,000",979.52,"1,429",Aug-24,LORONG K TELOK KURAU,Resale,Strata,91,"15,385",-,Apartment,1,Freehold,15,Outside Central Region,01 to 05
THE CONTINUUM,"2,714,000",947.23,"2,865",Aug-24,THIAM SIEW AVENUE,New Sale,Strata,88,"30,841",-,Apartment,1,Freehold,15,Rest of Central Region,11 to 15
NYON,"2,868,000","1,216.33","2,358",Aug-24,AMBER ROAD,Resale,Strata,113,"25,381",-,Apartment,1,Freehold,15,Rest of Central Region,06 to 10
SILVERSEA,"3,950,000","1,668.42","2,368",Aug-24,MARINE PARADE ROAD,Resale,Strata,155,"25,484",-,Condominium,1,99 yrs lease commencing from 2007,15,Rest of Central Region,11 to 15
FLAMINGO VALLEY,"1,838,000","1,173.28","1,567",Aug-24,SIGLAP ROAD,Resale,Strata,109,"16,862",-,Condominium,1,Freehold,15,Outside Central Region,01 to 05
TEMBUSU GRAND,"3,424,000","1,431.61","2,392",Aug-24,JALAN TEMBUSU,New Sale,Strata,133,"25,744",-,Condominium,1,99 yrs lease commencing from 2022,15,Rest of Central Region,11 to 15
TEMBUSU GRAND,"3,528,000","1,431.61","2,464",Aug-24,JALAN TEMBUSU,New Sale,Strata,133,"26,526",-,Condominium,1,99 yrs lease commencing from 2022,15,Rest of Central Region,11 to 15
TEMBUSU GRAND,"2,792,000","1,173.28","2,380",Aug-24,JALAN TEMBUSU,New Sale,Strata,109,"25,615",-,Condominium,1,99 yrs lease commencing from 2022,15,Rest of Central Region,06 to 10
TEMBUSU GRAND,"2,864,000","1,173.28","2,441",Aug-24,JALAN TEMBUSU,New Sale,Strata,109,"26,275",-,Condominium,1,99 yrs lease commencing from 2022,15,Rest of Central Region,11 to 15
LA VIDA @ 130,"1,735,000","1,323.97","1,310",Aug-24,LORONG K TELOK KURAU,Resale,Strata,123,"14,106",-,Apartment,1,Freehold,15,Outside Central Region,01 to 05
MARGATE POINT,"2,400,000","1,280.92","1,874",Aug-24,MARGATE ROAD,Resale,Strata,119,"20,168",-,Apartment,1,Freehold,15,Rest of Central Region,01 to 05
THE CONTINUUM,"1,951,000",667.37,"2,923",Aug-24,THIAM SIEW AVENUE,New Sale,Strata,62,"31,468",-,Apartment,1,Freehold,15,Rest of Central Region,16 to 20
TEMBUSU GRAND,"3,517,000","1,431.61","2,457",Aug-24,JALAN TEMBUSU,New Sale,Strata,133,"26,444",-,Condominium,1,99 yrs lease commencing from 2022,15,Rest of Central Region,11 to 15
D'ECOSIA,"880,888",484.38,"1,819",Aug-24,STILL ROAD SOUTH,Resale,Strata,45,"19,575",-,Condominium,1,Freehold,15,Outside Central Region,01 to 05
KATONG REGENCY,"1,160,000",581.26,"1,996",Aug-24,TANJONG KATONG ROAD,Resale,Strata,54,"21,481",-,Apartment,1,Freehold,15,Rest of Central Region,11 to 15
ONE AMBER,"2,930,000","1,270.15","2,307",Aug-24,AMBER GARDENS,Resale,Strata,118,"24,831",-,Condominium,1,Freehold,15,Rest of Central Region,16 to 20
STRAITS AT JOO CHIAT,"3,051,300","1,453.14","2,100",Aug-24,JOO CHIAT PLACE,New Sale,Strata,135,"22,602",-,Apartment,1,Freehold,15,Outside Central Region,01 to 05
NEPTUNE COURT,"1,920,000","1,636.13","1,174",Aug-24,MARINE VISTA,Resale,Strata,152,"12,632",-,Apartment,1,99 yrs lease commencing from 1975,15,Outside Central Region,11 to 15
THE CONTINUUM,"2,085,000",721.19,"2,891",Aug-24,THIAM SIEW AVENUE,New Sale,Strata,67,"31,119",-,Apartment,1,Freehold,15,Rest of Central Region,16 to 20
COSTA RHU,"1,438,000",990.29,"1,452",Aug-24,RHU CROSS,Resale,Strata,92,"15,630",-,Condominium,1,99 yrs lease commencing from 1994,15,Rest of Central Region,06 to 10
COASTLINE RESIDENCES,"2,390,000",721.19,"3,314",Aug-24,AMBER ROAD,Sub Sale,Strata,67,"35,672",-,Apartment,1,Freehold,15,Rest of Central Region,16 to 20
SANCTUARY GREEN,"2,950,000","1,808.35","1,631",Aug-24,TANJONG RHU ROAD,Resale,Strata,168,"17,560",-,Condominium,1,99 yrs lease commencing from 1997,15,Rest of Central Region,06 to 10
THE CONTINUUM,"3,098,000","1,087.16","2,850",Aug-24,THIAM SIEW AVENUE,New Sale,Strata,101,"30,673",-,Apartment,1,Freehold,15,Rest of Central Region,01 to 05
SILVERSEA,"5,050,000","2,518.78","2,005",Aug-24,MARINE PARADE ROAD,Resale,Strata,234,"21,581",-,Condominium,1,99 yrs lease commencing from 2007,15,Rest of Central Region,11 to 15
TEMBUSU GRAND,"4,244,000","1,711.48","2,480",Aug-24,JALAN TEMBUSU,New Sale,Strata,159,"26,692",-,Condominium,1,99 yrs lease commencing from 2022,15,Rest of Central Region,16 to 20
FLAMINGO VALLEY,"2,700,000","2,292.73","1,178",Aug-24,SIGLAP ROAD,Resale,Strata,213,"12,676",-,Condominium,1,Freehold,15,Outside Central Region,01 to 05
SANCTUARY GREEN,"1,960,000","1,237.86","1,583",Aug-24,TANJONG RHU ROAD,Resale,Strata,115,"17,043",-,Condominium,1,99 yrs lease commencing from 1997,15,Rest of Central Region,06 to 10
THE CONTINUUM,"2,506,000",947.23,"2,646",Aug-24,THIAM SIEW AVENUE,New Sale,Strata,88,"28,477",-,Apartment,1,Freehold,15,Rest of Central Region,01 to 05
THE ESTA,"3,060,000","1,345.5","2,274",Aug-24,AMBER GARDENS,Resale,Strata,125,"24,480",-,Condominium,1,Freehold,15,Rest of Central Region,01 to 05
THE SEA VIEW,"1,390,000",559.73,"2,483",Aug-24,AMBER ROAD,Resale,Strata,52,"26,731",-,Condominium,1,Freehold,15,Rest of Central Region,11 to 15
UNITED MANSION,"2,068,000","1,356.26","1,525",Aug-24,EAST COAST ROAD,Resale,Strata,126,"16,413",-,Apartment,1,Freehold,15,Outside Central Region,01 to 05
TEMBUSU GRAND,"1,975,000",742.72,"2,659",Aug-24,JALAN TEMBUSU,New Sale,Strata,69,"28,623",-,Condominium,1,99 yrs lease commencing from 2022,15,Rest of Central Region,16 to 20
MANDARIN GARDENS,"2,430,000","2,023.63","1,201",Aug-24,SIGLAP ROAD,Resale,Strata,188,"12,926",-,Condominium,1,99 yrs lease commencing from 1982,15,Outside Central Region,01 to 05
VILLA MARINA,"2,450,000","2,012.87","1,217",Aug-24,JALAN SEMPADAN,Resale,Strata,187,"13,102",-,Condominium,1,99 yrs lease commencing from 1995,15,Outside Central Region,01 to 05
ST PATRICK'S RESIDENCES,"3,668,000","2,561.83","1,432",Aug-24,ST. PATRICK'S ROAD,Resale,Strata,238,"15,412",-,Apartment,1,Freehold,15,Outside Central Region,01 to 05
THE SEAWIND,"1,150,000",678.13,"1,696",Aug-24,LORONG M TELOK KURAU,Resale,Strata,63,"18,254",-,Condominium,1,Freehold,15,Outside Central Region,01 to 05
TEMBUSU GRAND,"1,437,000",527.44,"2,725",Aug-24,JALAN TEMBUSU,New Sale,Strata,49,"29,327",-,Condominium,1,99 yrs lease commencing from 2022,15,Rest of Central Region,16 to 20
TEMBUSU GRAND,"3,583,000","1,431.61","2,503",Aug-24,JALAN TEMBUSU,New Sale,Strata,133,"26,940",-,Condominium,1,99 yrs lease commencing from 2022,15,Rest of Central Region,16 to 20
AALTO,"4,088,888","1,528.49","2,675",Aug-24,MEYER ROAD,Resale,Strata,142,"28,795",-,Condominium,1,Freehold,15,Rest of Central Region,26 to 30
TEMBUSU GRAND,"3,435,000","1,431.61","2,399",Aug-24,JALAN TEMBUSU,New Sale,Strata,133,"25,827",-,Condominium,1,99 yrs lease commencing from 2022,15,Rest of Central Region,11 to 15
TEMBUSU GRAND,"3,446,000","1,431.61","2,407",Aug-24,JALAN TEMBUSU,New Sale,Strata,133,"25,910",-,Condominium,1,99 yrs lease commencing from 2022,15,Rest of Central Region,11 to 15
AMBER PARK,"2,150,000",742.72,"2,895",Aug-24,AMBER GARDENS,Sub Sale,Strata,69,"31,159",-,Condominium,1,Freehold,15,Rest of Central Region,11 to 15
VILLA MARINA,"1,550,000","1,130.22","1,371",Aug-24,JALAN SEMPADAN,Resale,Strata,105,"14,762",-,Condominium,1,99 yrs lease commencing from 1995,15,Outside Central Region,01 to 05
THE ARIEL,"2,338,888","1,593.07","1,468",Aug-24,LORONG 105 CHANGI,Resale,Strata,148,"15,803",-,Apartment,1,Freehold,15,Rest of Central Region,01 to 05
THE SOUND,"2,650,000","1,377.79","1,923",Aug-24,EAST COAST ROAD,Resale,Strata,128,"20,703",-,Condominium,1,Freehold,15,Outside Central Region,01 to 05
SEASIDE RESIDENCES,"1,263,888",559.73,"2,258",Aug-24,SIGLAP LINK,Resale,Strata,52,"24,306",-,Apartment,1,99 yrs lease commencing from 2016,15,Outside Central Region,11 to 15
JI XIANG COURT,"1,760,000","1,216.33","1,447",Aug-24,TELOK KURAU ROAD,Resale,Strata,113,"15,575",-,Apartment,1,Freehold,15,Outside Central Region,01 to 05
EMERALD EAST,"2,188,888","1,194.8","1,832",Aug-24,TANJONG RHU ROAD,Resale,Strata,111,"19,720",-,Apartment,1,Freehold,15,Rest of Central Region,06 to 10
THE TREELINE,"1,260,000",796.54,"1,582",Aug-24,LORONG G TELOK KURAU,Resale,Strata,74,"17,027",-,Apartment,1,Freehold,15,Outside Central Region,01 to 05
GRAND DUNMAN,"2,108,000",775.01,"2,720",Aug-24,DUNMAN ROAD,New Sale,Strata,72,"29,278",-,Apartment,1,99 yrs lease commencing from 2022,15,Rest of Central Region,01 to 05
SYCAMORE TREE,"800,000",419.8,"1,906",Aug-24,FOWLIE ROAD,Resale,Strata,39,"20,513",-,Apartment,1,Freehold,15,Rest of Central Region,01 to 05
MANDARIN GARDENS,"2,050,000","1,786.82","1,147",Aug-24,SIGLAP ROAD,Resale,Strata,166,"12,349",-,Condominium,1,99 yrs lease commencing from 1982,15,Outside Central Region,06 to 10
SILVERSEA,"2,060,000",979.52,"2,103",Aug-24,MARINE PARADE ROAD,Resale,Strata,91,"22,637",-,Condominium,1,99 yrs lease commencing from 2007,15,Rest of Central Region,01 to 05
MANDARIN GARDENS,"2,455,000","2,023.63","1,213",Aug-24,SIGLAP ROAD,Resale,Strata,188,"13,059",-,Condominium,1,99 yrs lease commencing from 1982,15,Outside Central Region,06 to 10
OCEAN PARK,"5,600,000","3,261.49","1,717",Aug-24,EAST COAST ROAD,Resale,Strata,303,"18,482",-,Condominium,1,Freehold,15,Outside Central Region,16 to 20
THE LUCENT,"808,000",473.62,"1,706",Aug-24,LORONG N TELOK KURAU,Resale,Strata,44,"18,364",-,Apartment,1,Freehold,15,Outside Central Region,01 to 05
VILLA MARTIA,"2,480,000","1,280.92","1,936",Aug-24,MARTIA ROAD,Resale,Strata,119,"20,840",-,Condominium,1,Freehold,15,Outside Central Region,01 to 05
TEMBUSU GRAND,"1,384,000",527.44,"2,624",Aug-24,JALAN TEMBUSU,New Sale,Strata,49,"28,245",-,Condominium,1,99 yrs lease commencing from 2022,15,Rest of Central Region,16 to 20
HAIG COURT,"3,000,000","1,550.02","1,935",Aug-24,HAIG ROAD,Resale,Strata,144,"20,833",-,Condominium,1,Freehold,15,Rest of Central Region,06 to 10
THE SEA VIEW,"3,750,000","1,517.72","2,471",Aug-24,AMBER ROAD,Resale,Strata,141,"26,596",-,Condominium,1,Freehold,15,Rest of Central Region,11 to 15
VENTURA VIEW,"735,000",581.26,"1,265",Aug-24,RAMBUTAN ROAD,Resale,Strata,54,"13,611",-,Apartment,1,Freehold,15,Rest of Central Region,01 to 05
AMBER PARK,"4,800,000","1,582.31","3,034",Aug-24,AMBER GARDENS,Sub Sale,Strata,147,"32,653",-,Condominium,1,Freehold,15,Rest of Central Region,11 to 15
THE ARISTO @ AMBER,"1,491,000",710.42,"2,099",Aug-24,AMBER ROAD,Resale,Strata,66,"22,591",-,Apartment,1,Freehold,15,Rest of Central Region,06 to 10
AMBER 45,"1,645,000",613.55,"2,681",Aug-24,AMBER ROAD,Resale,Strata,57,"28,860",-,Apartment,1,Freehold,15,Rest of Central Region,16 to 20
JERSEY LODGE,"1,588,000","1,162.51","1,366",Aug-24,LORONG J TELOK KURAU,Resale,Strata,108,"14,704",-,Apartment,1,Freehold,15,Outside Central Region,01 to 05
SYCAMORE TREE,"850,000",473.62,"1,795",Aug-24,FOWLIE ROAD,Resale,Strata,44,"19,318",-,Apartment,1,Freehold,15,Rest of Central Region,01 to 05
CALLIDORA VILLE,"2,020,000","1,291.68","1,564",Aug-24,LORONG N TELOK KURAU,Resale,Strata,120,"16,833",-,Apartment,1,Freehold,15,Outside Central Region,01 to 05
91 MARSHALL,"1,280,000",731.95,"1,749",Aug-24,MARSHALL ROAD,Resale,Strata,68,"18,824",-,Apartment,1,Freehold,15,Rest of Central Region,01 to 05
MARINE BLUE,"1,535,000",635.08,"2,417",Aug-24,MARINE PARADE ROAD,Resale,Strata,59,"26,017",-,Condominium,1,Freehold,15,Rest of Central Region,11 to 15
KOON SENG HOUSE,"2,370,000","1,033.34","2,294",Aug-24,KOON SENG ROAD,New Sale,Strata,96,"24,688",-,Apartment,1,Freehold,15,Rest of Central Region,01 to 05
TEMBUSU GRAND,"1,387,000",527.44,"2,630",Aug-24,JALAN TEMBUSU,New Sale,Strata,49,"28,306",-,Condominium,1,99 yrs lease commencing from 2022,15,Rest of Central Region,11 to 15
THE MAKENA,"7,000,000","3,153.85","2,220",Aug-24,MEYER ROAD,Resale,Strata,293,"23,891",-,Condominium,1,Freehold,15,Rest of Central Region,26 to 30
THE MEYERISE,"3,088,000","1,302.44","2,371",Aug-24,MEYER ROAD,Resale,Strata,121,"25,521",-,Condominium,1,Freehold,15,Rest of Central Region,01 to 05
RESIDENTIAL APARTMENTS,"2,600,000","1,668.42","1,558",Aug-24,LORONG K TELOK KURAU,Resale,Strata,155,"16,774",-,Apartment,1,Freehold,15,Outside Central Region,01 to 05
EAST PALM,"1,870,000","1,194.8","1,565",Aug-24,PALM ROAD,Resale,Strata,111,"16,847",-,Apartment,1,Freehold,15,Outside Central Region,01 to 05
THE NCLAVE,"1,680,000","1,044.11","1,609",Aug-24,LORONG N TELOK KURAU,Resale,Strata,97,"17,320",-,Apartment,1,Freehold,15,Outside Central Region,01 to 05
WATER PLACE,"2,538,000","1,356.26","1,871",Aug-24,TANJONG RHU ROAD,Resale,Strata,126,"20,143",-,Condominium,1,99 yrs lease commencing from 1998,15,Rest of Central Region,11 to 15
SYCAMORE TREE,"760,000",398.27,"1,908",Aug-24,FOWLIE ROAD,Resale,Strata,37,"20,541",-,Apartment,1,Freehold,15,Rest of Central Region,01 to 05
TEMBUSU GRAND,"3,550,000","1,431.61","2,480",Aug-24,JALAN TEMBUSU,New Sale,Strata,133,"26,692",-,Condominium,1,99 yrs lease commencing from 2022,15,Rest of Central Region,16 to 20
TEMBUSU GRAND,"3,561,000","1,431.61","2,487",Aug-24,JALAN TEMBUSU,New Sale,Strata,133,"26,774",-,Condominium,1,99 yrs lease commencing from 2022,15,Rest of Central Region,16 to 20
TEMBUSU GRAND,"2,878,000","1,173.28","2,453",Aug-24,JALAN TEMBUSU,New Sale,Strata,109,"26,404",-,Condominium,1,99 yrs lease commencing from 2022,15,Rest of Central Region,16 to 20
TEMBUSU GRAND,"2,920,000","1,173.28","2,489",Aug-24,JALAN TEMBUSU,New Sale,Strata,109,"26,789",-,Condominium,1,99 yrs lease commencing from 2022,15,Rest of Central Region,16 to 20
TEMBUSU GRAND,"3,539,000","1,431.61","2,472",Aug-24,JALAN TEMBUSU,New Sale,Strata,133,"26,609",-,Condominium,1,99 yrs lease commencing from 2022,15,Rest of Central Region,11 to 15
TEMBUSU GRAND,"1,975,000",742.72,"2,659",Aug-24,JALAN TEMBUSU,New Sale,Strata,69,"28,623",-,Condominium,1,99 yrs lease commencing from 2022,15,Rest of Central Region,16 to 20
TEMBUSU GRAND,"2,893,000","1,173.28","2,466",Aug-24,JALAN TEMBUSU,New Sale,Strata,109,"26,541",-,Condominium,1,99 yrs lease commencing from 2022,15,Rest of Central Region,11 to 15
THE BALE,"1,565,000","1,065.64","1,469",Aug-24,LORONG H TELOK KURAU,Resale,Strata,99,"15,808",-,Apartment,1,Freehold,15,Outside Central Region,01 to 05
SUITES @ GUILLEMARD,"635,000",322.92,"1,966",Aug-24,LIM AH WOO ROAD,Resale,Strata,30,"21,167",-,Apartment,1,Freehold,15,Rest of Central Region,01 to 05
KINGS APARTMENTS,"1,620,000","1,173.28","1,381",Aug-24,LORONG K TELOK KURAU,Resale,Strata,109,"14,862",-,Apartment,1,Freehold,15,Outside Central Region,01 to 05
PARK EAST,"2,188,000","1,345.5","1,626",Aug-24,JALAN TUA KONG,Resale,Strata,125,"17,504",-,Condominium,1,Freehold,15,Outside Central Region,01 to 05
SILAHIS APARTMENTS,"1,800,000","1,291.68","1,394",Aug-24,LORONG K TELOK KURAU,Resale,Strata,120,"15,000",-,Apartment,1,Freehold,15,Outside Central Region,01 to 05
LAGOON VIEW,"2,000,000","1,646.89","1,214",Aug-24,MARINE PARADE ROAD,Resale,Strata,153,"13,072",-,Apartment,1,99 yrs lease commencing from 1977,15,Outside Central Region,16 to 20
BUTTERWORTH VIEW,"1,920,000","1,216.33","1,579",Aug-24,BUTTERWORTH LANE,Resale,Strata,113,"16,991",-,Apartment,1,Freehold,15,Rest of Central Region,11 to 15
AMBER PARK,"1,875,000",678.13,"2,765",Aug-24,AMBER GARDENS,Sub Sale,Strata,63,"29,762",-,Condominium,1,Freehold,15,Rest of Central Region,06 to 10
EAST PALM,"1,900,000","1,184.04","1,605",Aug-24,PALM ROAD,Resale,Strata,110,"17,273",-,Apartment,1,Freehold,15,Outside Central Region,01 to 05
LAGUNA PARK,"1,950,000","1,614.6","1,208",Aug-24,MARINE PARADE ROAD,Resale,Strata,150,"13,000",-,Apartment,1,99 yrs lease commencing from 1977,15,Outside Central Region,21 to 25
SEASIDE RESIDENCES,"2,012,000",785.77,"2,561",Aug-24,SIGLAP LINK,Resale,Strata,73,"27,562",-,Apartment,1,99 yrs lease commencing from 2016,15,Outside Central Region,21 to 25
WATER PLACE,"2,450,000","1,280.92","1,913",Aug-24,TANJONG RHU ROAD,Resale,Strata,119,"20,588",-,Condominium,1,99 yrs lease commencing from 1998,15,Rest of Central Region,06 to 10
MODA,"2,090,000",968.76,"2,157",Aug-24,EAST COAST ROAD,Resale,Strata,90,"23,222",-,Apartment,1,Freehold,15,Rest of Central Region,11 to 15
THE SOUND,"1,680,000",828.83,"2,027",Aug-24,EAST COAST ROAD,Resale,Strata,77,"21,818",-,Condominium,1,Freehold,15,Outside Central Region,01 to 05
TEMBUSU GRAND,"3,495,000","1,431.61","2,441",Aug-24,JALAN TEMBUSU,New Sale,Strata,133,"26,278",-,Condominium,1,99 yrs lease commencing from 2022,15,Rest of Central Region,11 to 15
THE MEYERISE,"3,400,000","1,270.15","2,677",Aug-24,MEYER ROAD,Resale,Strata,118,"28,814",-,Condominium,1,Freehold,15,Rest of Central Region,26 to 30
SEASIDE RESIDENCES,"1,050,000",505.91,"2,075",Aug-24,SIGLAP LINK,Resale,Strata,47,"22,340",-,Apartment,1,99 yrs lease commencing from 2016,15,Outside Central Region,06 to 10
TEMBUSU GRAND,"2,858,000","1,173.28","2,436",Aug-24,JALAN TEMBUSU,New Sale,Strata,109,"26,220",-,Condominium,1,99 yrs lease commencing from 2022,15,Rest of Central Region,11 to 15
TEMBUSU GRAND,"2,708,000","1,173.28","2,308",Aug-24,JALAN TEMBUSU,New Sale,Strata,109,"24,844",-,Condominium,1,99 yrs lease commencing from 2022,15,Rest of Central Region,01 to 05
TEMBUSU GRAND,"1,412,000",527.44,"2,677",Aug-24,JALAN TEMBUSU,New Sale,Strata,49,"28,816",-,Condominium,1,99 yrs lease commencing from 2022,15,Rest of Central Region,16 to 20
TEMBUSU GRAND,"3,457,000","1,431.61","2,415",Aug-24,JALAN TEMBUSU,New Sale,Strata,133,"25,992",-,Condominium,1,99 yrs lease commencing from 2022,15,Rest of Central Region,11 to 15
PARK EAST,"3,400,000","2,023.63","1,680",Aug-24,JALAN TUA KONG,Resale,Strata,188,"18,085",-,Condominium,1,Freehold,15,Outside Central Region,06 to 10
SIGLAP V,"800,000",516.67,"1,548",Aug-24,FIRST STREET,Resale,Strata,48,"16,667",-,Apartment,1,Freehold,15,Outside Central Region,01 to 05
HAIG COURT,"3,000,000","1,442.38","2,080",Aug-24,HAIG ROAD,Resale,Strata,134,"22,388",-,Condominium,1,Freehold,15,Rest of Central Region,06 to 10
SILVERSEA,"2,100,000",968.76,"2,168",Aug-24,MARINE PARADE ROAD,Resale,Strata,90,"23,333",-,Condominium,1,99 yrs lease commencing from 2007,15,Rest of Central Region,01 to 05
EASTERN LAGOON,"2,200,000","1,377.79","1,597",Aug-24,UPPER EAST COAST ROAD,Resale,Strata,128,"17,188",-,Condominium,1,Freehold,15,Outside Central Region,11 to 15
NYON,"1,850,000",721.19,"2,565",Aug-24,AMBER ROAD,Resale,Strata,67,"27,612",-,Apartment,1,Freehold,15,Rest of Central Region,06 to 10
J@63,"2,360,000","1,270.15","1,858",Aug-24,LORONG J TELOK KURAU,Sub Sale,Strata,118,"20,000",-,Apartment,1,Freehold,15,Outside Central Region,01 to 05
TEMBUSU GRAND,"3,358,000","1,431.61","2,346",Aug-24,JALAN TEMBUSU,New Sale,Strata,133,"25,248",-,Condominium,1,99 yrs lease commencing from 2022,15,Rest of Central Region,06 to 10
TEMBUSU GRAND,"3,391,000","1,431.61","2,369",Aug-24,JALAN TEMBUSU,New Sale,Strata,133,"25,496",-,Condominium,1,99 yrs lease commencing from 2022,15,Rest of Central Region,06 to 10
NEPTUNE COURT,"1,650,000","1,636.13","1,008",Aug-24,MARINE VISTA,Resale,Strata,152,"10,855",-,Apartment,1,99 yrs lease commencing from 1975,15,Outside Central Region,01 to 05
THE ATRIA AT MEYER,"3,380,000","1,474.67","2,292",Aug-24,MEYER ROAD,Resale,Strata,137,"24,672",-,Condominium,1,Freehold,15,Rest of Central Region,11 to 15
LAGUNA PARK,"1,850,000","1,614.6","1,146",Aug-24,MARINE PARADE ROAD,Resale,Strata,150,"12,333",-,Apartment,1,99 yrs lease commencing from 1977,15,Outside Central Region,01 to 05
SERAYA 9,"1,240,000",796.54,"1,557",Aug-24,SERAYA LANE,Resale,Strata,74,"16,757",-,Apartment,1,Freehold,15,Rest of Central Region,01 to 05
MANDARIN GARDENS,"2,060,000","1,786.82","1,153",Jul-24,SIGLAP ROAD,Resale,Strata,166,"12,410",-,Condominium,1,99 yrs lease commencing from 1982,15,Outside Central Region,01 to 05
GRAND DUNMAN,"2,899,000","1,119.46","2,590",Jul-24,DUNMAN ROAD,New Sale,Strata,104,"27,875",-,Apartment,1,99 yrs lease commencing from 2022,15,Rest of Central Region,01 to 05
GRAND DUNMAN,"2,744,000","1,097.93","2,499",Jul-24,DUNMAN ROAD,New Sale,Strata,102,"26,902",-,Apartment,1,99 yrs lease commencing from 2022,15,Rest of Central Region,11 to 15
GRAND DUNMAN,"1,959,000",721.19,"2,716",Jul-24,DUNMAN ROAD,New Sale,Strata,67,"29,239",-,Apartment,1,99 yrs lease commencing from 2022,15,Rest of Central Region,16 to 20
GRAND DUNMAN,"2,762,000","1,097.93","2,516",Jul-24,DUNMAN ROAD,New Sale,Strata,102,"27,078",-,Apartment,1,99 yrs lease commencing from 2022,15,Rest of Central Region,16 to 20
GRAND DUNMAN,"2,768,000","1,097.93","2,521",Jul-24,DUNMAN ROAD,New Sale,Strata,102,"27,137",-,Apartment,1,99 yrs lease commencing from 2022,15,Rest of Central Region,16 to 20
GRAND DUNMAN,"3,523,000","1,431.61","2,461",Jul-24,DUNMAN ROAD,New Sale,Strata,133,"26,489",-,Apartment,1,99 yrs lease commencing from 2022,15,Rest of Central Region,01 to 05
GRAND DUNMAN,"3,742,000","1,431.61","2,614",Jul-24,DUNMAN ROAD,New Sale,Strata,133,"28,135",-,Apartment,1,99 yrs lease commencing from 2022,15,Rest of Central Region,06 to 10
GRAND DUNMAN,"3,128,000","1,119.46","2,794",Jul-24,DUNMAN ROAD,New Sale,Strata,104,"30,077",-,Apartment,1,99 yrs lease commencing from 2022,15,Rest of Central Region,11 to 15
THE MINT RESIDENCES,"1,460,000",990.29,"1,474",Jul-24,JOO CHIAT TERRACE,Resale,Strata,92,"15,870",-,Apartment,1,Freehold,15,Rest of Central Region,01 to 05
GRAND DUNMAN,"3,516,000","1,474.67","2,384",Jul-24,DUNMAN ROAD,New Sale,Strata,137,"25,664",-,Apartment,1,99 yrs lease commencing from 2022,15,Rest of Central Region,16 to 20
THE CONTINUUM,"2,132,000",721.19,"2,956",Jul-24,THIAM SIEW AVENUE,New Sale,Strata,67,"31,821",-,Apartment,1,Freehold,15,Rest of Central Region,16 to 20
D' CASTILIA,"972,000",613.55,"1,584",Jul-24,JOO CHIAT LANE,Resale,Strata,57,"17,053",-,Apartment,1,Freehold,15,Rest of Central Region,01 to 05
LA MEYER,"2,080,000","1,151.75","1,806",Jul-24,MEYER ROAD,Resale,Strata,107,"19,439",-,Condominium,1,Freehold,15,Rest of Central Region,01 to 05
COASTLINE RESIDENCES,"3,420,000","1,130.22","3,026",Jul-24,AMBER ROAD,Sub Sale,Strata,105,"32,571",-,Apartment,1,Freehold,15,Rest of Central Region,16 to 20
SANCTUARY GREEN,"1,460,000",828.83,"1,762",Jul-24,TANJONG RHU ROAD,Resale,Strata,77,"18,961",-,Condominium,1,99 yrs lease commencing from 1997,15,Rest of Central Region,06 to 10
AMBER PARK,"1,950,000",699.66,"2,787",Jul-24,AMBER GARDENS,Sub Sale,Strata,65,"30,000",-,Condominium,1,Freehold,15,Rest of Central Region,01 to 05
THE CONTINUUM,"2,049,000",721.19,"2,841",Jul-24,THIAM SIEW AVENUE,New Sale,Strata,67,"30,582",-,Apartment,1,Freehold,15,Rest of Central Region,11 to 15
SEASIDE RESIDENCES,"1,118,000",559.73,"1,997",Jul-24,SIGLAP LINK,Resale,Strata,52,"21,500",-,Apartment,1,99 yrs lease commencing from 2016,15,Outside Central Region,01 to 05
THE MAKENA,"3,220,000","1,636.13","1,968",Jul-24,MEYER ROAD,Resale,Strata,152,"21,184",-,Condominium,1,Freehold,15,Rest of Central Region,16 to 20
EAST PALM,"1,900,000","1,216.33","1,562",Jul-24,PALM ROAD,Resale,Strata,113,"16,814",-,Apartment,1,Freehold,15,Outside Central Region,01 to 05
GRAND DUNMAN,"2,738,000","1,097.93","2,494",Jul-24,DUNMAN ROAD,New Sale,Strata,102,"26,843",-,Apartment,1,99 yrs lease commencing from 2022,15,Rest of Central Region,11 to 15
SYCAMORE TREE,"1,150,000",721.19,"1,595",Jul-24,FOWLIE ROAD,Sub Sale,Strata,67,"17,164",-,Apartment,1,Freehold,15,Rest of Central Region,01 to 05
THE CONTINUUM,"1,795,000",667.37,"2,690",Jul-24,THIAM SIEW AVENUE,New Sale,Strata,62,"28,952",-,Apartment,1,Freehold,15,Rest of Central Region,01 to 05
THE SEAFRONT ON MEYER,"3,770,000","1,603.84","2,351",Jul-24,MEYER ROAD,Resale,Strata,149,"25,302",-,Condominium,1,Freehold,15,Rest of Central Region,06 to 10
TEMBUSU GRAND,"1,376,000",527.44,"2,609",Jul-24,JALAN TEMBUSU,New Sale,Strata,49,"28,082",-,Condominium,1,99 yrs lease commencing from 2022,15,Rest of Central Region,11 to 15
PALM OASIS,"1,965,000","1,463.9","1,342",Jul-24,LORONG H TELOK KURAU,Resale,Strata,136,"14,449",-,Apartment,1,Freehold,15,Outside Central Region,01 to 05
LE MERRITT,"1,708,000",990.29,"1,725",Jul-24,LORONG M TELOK KURAU,Resale,Strata,92,"18,565",-,Apartment,1,Freehold,15,Outside Central Region,01 to 05
38 I SUITES,"1,250,000",667.37,"1,873",Jul-24,IPOH LANE,Resale,Strata,62,"20,161",-,Apartment,1,Freehold,15,Rest of Central Region,11 to 15
GRAND DUNMAN,"2,756,000","1,097.93","2,510",Jul-24,DUNMAN ROAD,New Sale,Strata,102,"27,020",-,Apartment,1,99 yrs lease commencing from 2022,15,Rest of Central Region,11 to 15
GRAND DUNMAN,"1,937,000",667.37,"2,902",Jul-24,DUNMAN ROAD,New Sale,Strata,62,"31,242",-,Apartment,1,99 yrs lease commencing from 2022,15,Rest of Central Region,11 to 15
TEMBUSU GRAND,"3,451,000","1,431.61","2,411",Jul-24,JALAN TEMBUSU,New Sale,Strata,133,"25,947",-,Condominium,1,99 yrs lease commencing from 2022,15,Rest of Central Region,06 to 10
TEMBUSU GRAND,"3,413,000","1,431.61","2,384",Jul-24,JALAN TEMBUSU,New Sale,Strata,133,"25,662",-,Condominium,1,99 yrs lease commencing from 2022,15,Rest of Central Region,11 to 15
TEMBUSU GRAND,"3,440,000","1,431.61","2,403",Jul-24,JALAN TEMBUSU,New Sale,Strata,133,"25,865",-,Condominium,1,99 yrs lease commencing from 2022,15,Rest of Central Region,06 to 10
TEMBUSU GRAND,"3,506,000","1,431.61","2,449",Jul-24,JALAN TEMBUSU,New Sale,Strata,133,"26,361",-,Condominium,1,99 yrs lease commencing from 2022,15,Rest of Central Region,11 to 15
TEMBUSU GRAND,"3,501,000","1,431.61","2,445",Jul-24,JALAN TEMBUSU,New Sale,Strata,133,"26,323",-,Condominium,1,99 yrs lease commencing from 2022,15,Rest of Central Region,16 to 20
GRAND DUNMAN,"1,952,000",721.19,"2,707",Jul-24,DUNMAN ROAD,New Sale,Strata,67,"29,134",-,Apartment,1,99 yrs lease commencing from 2022,15,Rest of Central Region,11 to 15
GRAND DUNMAN,"4,359,000","1,689.95","2,579",Jul-24,DUNMAN ROAD,New Sale,Strata,157,"27,764",-,Apartment,1,99 yrs lease commencing from 2022,15,Rest of Central Region,11 to 15
GRAND DUNMAN,"3,128,000","1,119.46","2,794",Jul-24,DUNMAN ROAD,New Sale,Strata,104,"30,077",-,Apartment,1,99 yrs lease commencing from 2022,15,Rest of Central Region,11 to 15
GRAND DUNMAN,"4,477,000","1,786.82","2,506",Jul-24,DUNMAN ROAD,New Sale,Strata,166,"26,970",-,Apartment,1,99 yrs lease commencing from 2022,15,Rest of Central Region,11 to 15
ISUITES @ MARSHALL,"1,570,000","1,097.93","1,430",Jul-24,MARSHALL ROAD,Resale,Strata,102,"15,392",-,Apartment,1,Freehold,15,Rest of Central Region,01 to 05
CRYSTAL RHU,"1,960,000","1,054.87","1,858",Jul-24,TANJONG RHU ROAD,Resale,Strata,98,"20,000",-,Apartment,1,Freehold,15,Rest of Central Region,06 to 10
OCEAN PARK,"5,680,000","3,261.49","1,742",Jul-24,EAST COAST ROAD,Resale,Strata,303,"18,746",-,Condominium,1,Freehold,15,Outside Central Region,16 to 20
STILLZ RESIDENCE,"2,088,000","1,528.49","1,366",Jul-24,LORONG 108 CHANGI,Resale,Strata,142,"14,704",-,Apartment,1,Freehold,15,Rest of Central Region,01 to 05
SUITES TWENTY-TWO,"1,600,000","1,011.82","1,581",Jul-24,LORONG G TELOK KURAU,Resale,Strata,94,"17,021",-,Apartment,1,Freehold,15,Outside Central Region,01 to 05
CHELSEA LODGE,"1,768,000","1,227.1","1,441",Jul-24,TANJONG KATONG ROAD,Resale,Strata,114,"15,509",-,Apartment,1,Freehold,15,Rest of Central Region,01 to 05
ST PATRICK'S RESIDENCES,"3,100,000","1,517.72","2,043",Jul-24,ST. PATRICK'S ROAD,Resale,Strata,141,"21,986",-,Apartment,1,Freehold,15,Outside Central Region,01 to 05
GRAND DUNMAN,"2,214,000",775.01,"2,857",Jul-24,DUNMAN ROAD,New Sale,Strata,72,"30,750",-,Apartment,1,99 yrs lease commencing from 2022,15,Rest of Central Region,11 to 15
GRAND DUNMAN,"4,403,000","1,926.76","2,285",Jul-24,DUNMAN ROAD,New Sale,Strata,179,"24,598",-,Apartment,1,99 yrs lease commencing from 2022,15,Rest of Central Region,16 to 20
EAST GROVE,"1,500,000","1,054.87","1,422",Jul-24,EAST COAST ROAD,Resale,Strata,98,"15,306",-,Apartment,1,Freehold,15,Outside Central Region,01 to 05
SUITES @ EASTCOAST,"642,000",365.98,"1,754",Jul-24,UPPER EAST COAST ROAD,Resale,Strata,34,"18,882",-,Condominium,1,Freehold,15,Outside Central Region,01 to 05
WATER PLACE,"2,720,000","1,560.78","1,743",Jul-24,TANJONG RHU ROAD,Resale,Strata,145,"18,759",-,Condominium,1,99 yrs lease commencing from 1998,15,Rest of Central Region,16 to 20
THE PALLADIUM,"1,965,000",882.65,"2,226",Jul-24,BROOKE ROAD,Resale,Strata,82,"23,963",-,Apartment,1,Freehold,15,Rest of Central Region,11 to 15
AMBER POINT,"3,880,000","1,689.95","2,296",Jul-24,AMBER ROAD,Resale,Strata,157,"24,713",-,Condominium,1,Freehold,15,Rest of Central Region,26 to 30
HERITAGE RESIDENCES,"1,600,000","1,108.69","1,443",Jul-24,LORONG L TELOK KURAU,Resale,Strata,103,"15,534",-,Apartment,1,Freehold,15,Outside Central Region,01 to 05
GRAND DUNMAN,"1,494,000",548.96,"2,721",Jul-24,DUNMAN ROAD,New Sale,Strata,51,"29,294",-,Apartment,1,99 yrs lease commencing from 2022,15,Rest of Central Region,06 to 10
TEMBUSU GRAND,"1,974,000",742.72,"2,658",Jul-24,JALAN TEMBUSU,New Sale,Strata,69,"28,609",-,Condominium,1,99 yrs lease commencing from 2022,15,Rest of Central Region,11 to 15
OLA RESIDENCES,"2,960,000","1,550.02","1,910",Jul-24,MOUNTBATTEN ROAD,Resale,Strata,144,"20,556",-,Condominium,1,Freehold,15,Rest of Central Region,01 to 05
GRAND DUNMAN,"3,596,000","1,431.61","2,512",Jul-24,DUNMAN ROAD,New Sale,Strata,133,"27,038",-,Apartment,1,99 yrs lease commencing from 2022,15,Rest of Central Region,01 to 05
WATER PLACE,"2,540,000","1,280.92","1,983",Jul-24,TANJONG RHU ROAD,Resale,Strata,119,"21,345",-,Condominium,1,99 yrs lease commencing from 1998,15,Rest of Central Region,16 to 20
STRAITS AT JOO CHIAT,"2,588,160","1,227.1","2,109",Jul-24,JOO CHIAT PLACE,New Sale,Strata,114,"22,703",-,Apartment,1,Freehold,15,Outside Central Region,01 to 05
SILVERSEA,"3,250,000","1,485.43","2,188",Jul-24,MARINE PARADE ROAD,Resale,Strata,138,"23,551",-,Condominium,1,99 yrs lease commencing from 2007,15,Rest of Central Region,01 to 05
TEMBUSU GRAND,"2,958,000","1,173.28","2,521",Jul-24,JALAN TEMBUSU,New Sale,Strata,109,"27,138",-,Condominium,1,99 yrs lease commencing from 2022,15,Rest of Central Region,16 to 20
VILLA MARINA,"1,888,000","1,248.62","1,512",Jul-24,JALAN SEMPADAN,Resale,Strata,116,"16,276",-,Condominium,1,99 yrs lease commencing from 1995,15,Outside Central Region,01 to 05
DUNMAN VIEW,"2,180,000","1,334.74","1,633",Jul-24,HAIG ROAD,Resale,Strata,124,"17,581",-,Condominium,1,99 yrs lease commencing from 1997,15,Rest of Central Region,06 to 10
VENTURA VIEW,"1,500,000","1,205.57","1,244",Jul-24,RAMBUTAN ROAD,Resale,Strata,112,"13,393",-,Apartment,1,Freehold,15,Rest of Central Region,01 to 05
SILVERSEA,"3,380,000","1,485.43","2,275",Jul-24,MARINE PARADE ROAD,Resale,Strata,138,"24,493",-,Condominium,1,99 yrs lease commencing from 2007,15,Rest of Central Region,06 to 10
COTE D'AZUR,"2,720,000","1,313.21","2,071",Jul-24,MARINE PARADE ROAD,Resale,Strata,122,"22,295",-,Condominium,1,99 yrs lease commencing from 2001,15,Rest of Central Region,16 to 20
VILLA MARINA,"2,200,000","1,754.53","1,254",Jul-24,JALAN SEMPADAN,Resale,Strata,163,"13,497",-,Condominium,1,99 yrs lease commencing from 1995,15,Outside Central Region,01 to 05
TEMBUSU GRAND,"1,965,000",742.72,"2,646",Jul-24,JALAN TEMBUSU,New Sale,Strata,69,"28,478",-,Condominium,1,99 yrs lease commencing from 2022,15,Rest of Central Region,11 to 15
TEMBUSU GRAND,"2,844,000","1,173.28","2,424",Jul-24,JALAN TEMBUSU,New Sale,Strata,109,"26,092",-,Condominium,1,99 yrs lease commencing from 2022,15,Rest of Central Region,11 to 15
TEMBUSU GRAND,"2,872,000","1,173.28","2,448",Jul-24,JALAN TEMBUSU,New Sale,Strata,109,"26,349",-,Condominium,1,99 yrs lease commencing from 2022,15,Rest of Central Region,11 to 15
TEMBUSU GRAND,"1,970,000",742.72,"2,652",Jul-24,JALAN TEMBUSU,New Sale,Strata,69,"28,551",-,Condominium,1,99 yrs lease commencing from 2022,15,Rest of Central Region,16 to 20
TEMBUSU GRAND,"3,396,000","1,431.61","2,372",Jul-24,JALAN TEMBUSU,New Sale,Strata,133,"25,534",-,Condominium,1,99 yrs lease commencing from 2022,15,Rest of Central Region,01 to 05
VILLA MARINA,"1,528,000","1,130.22","1,352",Jul-24,JALAN SEMPADAN,Resale,Strata,105,"14,552",-,Condominium,1,99 yrs lease commencing from 1995,15,Outside Central Region,01 to 05
D'ECOSIA,"1,038,000",678.13,"1,531",Jul-24,STILL ROAD SOUTH,Resale,Strata,63,"16,476",-,Condominium,1,Freehold,15,Outside Central Region,01 to 05
8M RESIDENCES,"2,000,000",893.41,"2,239",Jul-24,MARGATE ROAD,Resale,Strata,83,"24,096",-,Apartment,1,Freehold,15,Rest of Central Region,16 to 20
TEMBUSU GRAND,"2,840,000","1,173.28","2,421",Jul-24,JALAN TEMBUSU,New Sale,Strata,109,"26,055",-,Condominium,1,99 yrs lease commencing from 2022,15,Rest of Central Region,11 to 15
ESPIRA SUITES,"800,000",484.38,"1,652",Jul-24,LORONG H TELOK KURAU,Resale,Strata,45,"17,778",-,Apartment,1,Freehold,15,Outside Central Region,01 to 05
STILLZ RESIDENCE,"2,228,000","2,066.69","1,078",Jul-24,LORONG 108 CHANGI,Resale,Strata,192,"11,604",-,Apartment,1,Freehold,15,Rest of Central Region,01 to 05
SUITES@ KATONG,"660,000",376.74,"1,752",Jul-24,TANJONG KATONG ROAD,Resale,Strata,35,"18,857",-,Apartment,1,Freehold,15,Rest of Central Region,01 to 05
THE SEAFRONT ON MEYER,"5,300,000","2,292.73","2,312",Jul-24,MEYER ROAD,Resale,Strata,213,"24,883",-,Condominium,1,Freehold,15,Rest of Central Region,16 to 20
GRAND DUNMAN,"3,609,000","1,431.61","2,521",Jul-24,DUNMAN ROAD,New Sale,Strata,133,"27,135",-,Apartment,1,99 yrs lease commencing from 2022,15,Rest of Central Region,06 to 10
LAGOON VIEW,"1,950,000","1,646.89","1,184",Jul-24,MARINE PARADE ROAD,Resale,Strata,153,"12,745",-,Apartment,1,99 yrs lease commencing from 1977,15,Outside Central Region,16 to 20
EAST PALM,"1,880,000","1,184.04","1,588",Jul-24,PALM ROAD,Resale,Strata,110,"17,091",-,Apartment,1,Freehold,15,Outside Central Region,01 to 05
DUNMAN PLACE,"2,750,000","1,442.38","1,907",Jul-24,DUNMAN ROAD,Resale,Strata,134,"20,522",-,Apartment,1,Freehold,15,Rest of Central Region,01 to 05
TANJONG RIA CONDOMINIUM,"990,000",613.55,"1,614",Jul-24,TANJONG RHU ROAD,Resale,Strata,57,"17,368",-,Condominium,1,99 yrs lease commencing from 1993,15,Rest of Central Region,01 to 05
RISING COURT,"2,075,000","1,506.96","1,377",Jul-24,JOO CHIAT ROAD,Resale,Strata,140,"14,821",-,Apartment,1,Freehold,15,Rest of Central Region,01 to 05
THE CONTINUUM,"1,906,000",667.37,"2,856",Jul-24,THIAM SIEW AVENUE,New Sale,Strata,62,"30,742",-,Apartment,1,Freehold,15,Rest of Central Region,11 to 15
TEMBUSU GRAND,"3,369,000","1,431.61","2,353",Jul-24,JALAN TEMBUSU,New Sale,Strata,133,"25,331",-,Condominium,1,99 yrs lease commencing from 2022,15,Rest of Central Region,06 to 10
VILLA MARINA,"2,300,000","1,915.99","1,200",Jul-24,JALAN SEMPADAN,Resale,Strata,178,"12,921",-,Condominium,1,99 yrs lease commencing from 1995,15,Outside Central Region,01 to 05
THE CONTINUUM,"1,878,000",667.37,"2,814",Jul-24,THIAM SIEW AVENUE,New Sale,Strata,62,"30,290",-,Apartment,1,Freehold,15,Rest of Central Region,11 to 15
ONE EIGHTIES RESIDENCES,"1,145,000",645.84,"1,773",Jul-24,JOO CHIAT TERRACE,Resale,Strata,60,"19,083",-,Apartment,1,Freehold,15,Rest of Central Region,01 to 05
TEMBUSU GRAND,"1,368,000",527.44,"2,594",Jul-24,JALAN TEMBUSU,New Sale,Strata,49,"27,918",-,Condominium,1,99 yrs lease commencing from 2022,15,Rest of Central Region,11 to 15
WATER PLACE,"2,050,000","1,216.33","1,685",Jul-24,TANJONG RHU ROAD,Resale,Strata,113,"18,142",-,Condominium,1,99 yrs lease commencing from 1998,15,Rest of Central Region,01 to 05
SILVERSEA,"2,080,000",979.52,"2,123",Jul-24,MARINE PARADE ROAD,Resale,Strata,91,"22,857",-,Condominium,1,99 yrs lease commencing from 2007,15,Rest of Central Region,01 to 05
AQUARINE GARDENS,"1,220,000",731.95,"1,667",Jul-24,UPPER EAST COAST ROAD,Resale,Strata,68,"17,941",-,Apartment,1,Freehold,15,Outside Central Region,01 to 05
PARC SEABREEZE,"2,950,000","1,291.68","2,284",Jul-24,JOO CHIAT ROAD,Resale,Strata,120,"24,583",-,Apartment,1,Freehold,15,Rest of Central Region,01 to 05
FLAMINGO VALLEY,"2,208,000","1,205.57","1,832",Jul-24,SIGLAP ROAD,Resale,Strata,112,"19,714",-,Condominium,1,Freehold,15,Outside Central Region,01 to 05
GRAND DUNMAN,"2,066,000",775.01,"2,666",Jul-24,DUNMAN ROAD,New Sale,Strata,72,"28,694",-,Apartment,1,99 yrs lease commencing from 2022,15,Rest of Central Region,01 to 05
TEMBUSU GRAND,"3,484,000","1,431.61","2,434",Jul-24,JALAN TEMBUSU,New Sale,Strata,133,"26,195",-,Condominium,1,99 yrs lease commencing from 2022,15,Rest of Central Region,06 to 10
TEMBUSU GRAND,"3,402,000","1,431.61","2,376",Jul-24,JALAN TEMBUSU,New Sale,Strata,133,"25,579",-,Condominium,1,99 yrs lease commencing from 2022,15,Rest of Central Region,06 to 10
THE CONTINUUM,"1,756,000",645.84,"2,719",Jul-24,THIAM SIEW AVENUE,New Sale,Strata,60,"29,267",-,Apartment,1,Freehold,15,Rest of Central Region,01 to 05
COSTA RHU,"2,750,000","1,765.3","1,558",Jul-24,RHU CROSS,Resale,Strata,164,"16,768",-,Condominium,1,99 yrs lease commencing from 1994,15,Rest of Central Region,11 to 15
AALTO,"6,150,000","2,443.43","2,517",Jul-24,MEYER ROAD,Resale,Strata,227,"27,093",-,Condominium,1,Freehold,15,Rest of Central Region,06 to 10
THE CONTINUUM,"3,039,000","1,087.16","2,795",Jul-24,THIAM SIEW AVENUE,New Sale,Strata,101,"30,089",-,Apartment,1,Freehold,15,Rest of Central Region,01 to 05
THE SEAFRONT ON MEYER,"4,700,000","2,098.98","2,239",Jul-24,MEYER ROAD,Resale,Strata,195,"24,103",-,Condominium,1,Freehold,15,Rest of Central Region,11 to 15
COTE D'AZUR,"2,120,000","1,356.26","1,563",Jul-24,MARINE PARADE ROAD,Resale,Strata,126,"16,825",-,Condominium,1,99 yrs lease commencing from 2001,15,Rest of Central Region,01 to 05
NEPTUNE COURT,"1,300,000","1,270.15","1,023",Jul-24,MARINE VISTA,Resale,Strata,118,"11,017",-,Apartment,1,99 yrs lease commencing from 1976,15,Outside Central Region,06 to 10
SUITES @ GUILLEMARD,"1,150,000",796.54,"1,444",Jul-24,LIM AH WOO ROAD,Resale,Strata,74,"15,541",-,Apartment,1,Freehold,15,Rest of Central Region,01 to 05
THE WATERSIDE,"3,920,000","2,142.04","1,830",Jul-24,TANJONG RHU ROAD,Resale,Strata,199,"19,698",-,Condominium,1,Freehold,15,Rest of Central Region,01 to 05
SEASIDE RESIDENCES,"1,280,000",592.02,"2,162",Jul-24,SIGLAP LINK,Resale,Strata,55,"23,273",-,Apartment,1,99 yrs lease commencing from 2016,15,Outside Central Region,06 to 10
JC RESIDENCE,"1,088,888",721.19,"1,510",Jul-24,JOO CHIAT LANE,Resale,Strata,67,"16,252",-,Apartment,1,Freehold,15,Rest of Central Region,01 to 05
BERKELEY RESIDENCES,"1,479,000",882.65,"1,676",Jul-24,LORONG N TELOK KURAU,Resale,Strata,82,"18,037",-,Apartment,1,Freehold,15,Outside Central Region,01 to 05
SILVERSEA,"3,780,000","1,700.71","2,223",Jul-24,MARINE PARADE ROAD,Resale,Strata,158,"23,924",-,Condominium,1,99 yrs lease commencing from 2007,15,Rest of Central Region,11 to 15
TEMBUSU GRAND,"1,360,000",527.44,"2,579",Jul-24,JALAN TEMBUSU,New Sale,Strata,49,"27,755",-,Condominium,1,99 yrs lease commencing from 2022,15,Rest of Central Region,11 to 15
VERANDA,"1,880,000","1,248.62","1,506",Jul-24,LORONG K TELOK KURAU,Resale,Strata,116,"16,207",-,Apartment,1,Freehold,15,Outside Central Region,01 to 05
SEASIDE RESIDENCES,"1,260,000",559.73,"2,251",Jul-24,SIGLAP LINK,Resale,Strata,52,"24,231",-,Apartment,1,99 yrs lease commencing from 2016,15,Outside Central Region,11 to 15
SIGLAP V,"1,190,000",731.95,"1,626",Jul-24,FIRST STREET,Resale,Strata,68,"17,500",-,Apartment,1,Freehold,15,Outside Central Region,01 to 05
THE CONTINUUM,"3,182,010","1,087.16","2,927",Jul-24,THIAM SIEW AVENUE,New Sale,Strata,101,"31,505",-,Apartment,1,Freehold,15,Rest of Central Region,11 to 15
TEMBUSU GRAND,"3,506,000","1,431.61","2,449",Jul-24,JALAN TEMBUSU,New Sale,Strata,133,"26,361",-,Condominium,1,99 yrs lease commencing from 2022,15,Rest of Central Region,11 to 15
BERKELEY RESIDENCES,"1,580,000",958,"1,649",Jul-24,LORONG N TELOK KURAU,Resale,Strata,89,"17,753",-,Apartment,1,Freehold,15,Outside Central Region,01 to 05
AMBER PARK,"3,250,000","1,108.69","2,931",Jul-24,AMBER GARDENS,Sub Sale,Strata,103,"31,553",-,Condominium,1,Freehold,15,Rest of Central Region,01 to 05
LAGUNA PARK,"1,720,000","1,614.6","1,065",Jul-24,MARINE PARADE ROAD,Resale,Strata,150,"11,467",-,Apartment,1,99 yrs lease commencing from 1977,15,Outside Central Region,01 to 05
THE SEAFRONT ON MEYER,"3,750,000","1,603.84","2,338",Jul-24,MEYER ROAD,Resale,Strata,149,"25,168",-,Condominium,1,Freehold,15,Rest of Central Region,11 to 15
SPRING GARDENS,"1,520,000","1,119.46","1,358",Jul-24,HAIG ROAD,Resale,Strata,104,"14,615",-,Apartment,1,Freehold,15,Rest of Central Region,01 to 05
D'ECOSIA,"1,200,888",764.24,"1,571",Jul-24,STILL ROAD SOUTH,Resale,Strata,71,"16,914",-,Condominium,1,Freehold,15,Outside Central Region,01 to 05
GOLD LEAF MANSIONS,"2,168,888","1,474.67","1,471",Jul-24,LORONG M TELOK KURAU,Resale,Strata,137,"15,831",-,Apartment,1,Freehold,15,Outside Central Region,01 to 05
THE WATERSIDE,"3,965,000","2,142.04","1,851",Jul-24,TANJONG RHU ROAD,Resale,Strata,199,"19,925",-,Condominium,1,Freehold,15,Rest of Central Region,01 to 05
THE LINE @ TANJONG RHU,"1,370,000",570.49,"2,401",Jul-24,TANJONG RHU ROAD,Resale,Strata,53,"25,849",-,Condominium,1,Freehold,15,Rest of Central Region,11 to 15
CASTLE LOFT,"1,675,000","1,173.28","1,428",Jul-24,LORONG K TELOK KURAU,Resale,Strata,109,"15,367",-,Apartment,1,Freehold,15,Outside Central Region,01 to 05
THE CONTINUUM,"3,572,000","1,248.62","2,861",Jul-24,THIAM SIEW AVENUE,New Sale,Strata,116,"30,793",-,Apartment,1,Freehold,15,Rest of Central Region,06 to 10
THE CONTINUUM,"2,115,000",721.19,"2,933",Jul-24,THIAM SIEW AVENUE,New Sale,Strata,67,"31,567",-,Apartment,1,Freehold,15,Rest of Central Region,11 to 15
HAIG COURT,"3,050,000","1,550.02","1,968",Jul-24,HAIG ROAD,Resale,Strata,144,"21,181",-,Condominium,1,Freehold,15,Rest of Central Region,06 to 10
THE BEACON EDGE,"2,360,000","1,539.25","1,533",Jul-24,TEMBELING ROAD,Resale,Strata,143,"16,503",-,Apartment,1,Freehold,15,Rest of Central Region,01 to 05
SEASIDE RESIDENCES,"1,950,000",807.3,"2,415",Jul-24,SIGLAP LINK,Resale,Strata,75,"26,000",-,Apartment,1,99 yrs lease commencing from 2016,15,Outside Central Region,21 to 25
SUITES@ KATONG,"680,000",387.5,"1,755",Jul-24,TANJONG KATONG ROAD,Resale,Strata,36,"18,889",-,Apartment,1,Freehold,15,Rest of Central Region,01 to 05
SILVERSEA,"2,350,000","1,065.64","2,205",Jul-24,MARINE PARADE ROAD,Resale,Strata,99,"23,737",-,Condominium,1,99 yrs lease commencing from 2007,15,Rest of Central Region,11 to 15
WATER PLACE,"2,150,000","1,227.1","1,752",Jul-24,TANJONG RHU ROAD,Resale,Strata,114,"18,860",-,Condominium,1,99 yrs lease commencing from 1998,15,Rest of Central Region,06 to 10
PARKSHORE,"3,500,000","1,722.24","2,032",Jul-24,TANJONG RHU ROAD,Resale,Strata,160,"21,875",-,Condominium,1,Freehold,15,Rest of Central Region,06 to 10
GRAND DUNMAN,"3,035,000","1,119.46","2,711",Jul-24,DUNMAN ROAD,New Sale,Strata,104,"29,183",-,Apartment,1,99 yrs lease commencing from 2022,15,Rest of Central Region,06 to 10
GRAND DUNMAN,"3,115,000","1,119.46","2,783",Jul-24,DUNMAN ROAD,New Sale,Strata,104,"29,952",-,Apartment,1,99 yrs lease commencing from 2022,15,Rest of Central Region,11 to 15
THE CONTINUUM,"2,698,440",947.23,"2,849",Jul-24,THIAM SIEW AVENUE,New Sale,Strata,88,"30,664",-,Apartment,1,Freehold,15,Rest of Central Region,11 to 15
THE CONTINUUM,"3,050,000","1,087.16","2,805",Jul-24,THIAM SIEW AVENUE,New Sale,Strata,101,"30,198",-,Apartment,1,Freehold,15,Rest of Central Region,06 to 10
THE CONTINUUM,"2,525,000",947.23,"2,666",Jul-24,THIAM SIEW AVENUE,New Sale,Strata,88,"28,693",-,Apartment,1,Freehold,15,Rest of Central Region,01 to 05
THE CONTINUUM,"1,869,000",667.37,"2,801",Jul-24,THIAM SIEW AVENUE,New Sale,Strata,62,"30,145",-,Apartment,1,Freehold,15,Rest of Central Region,06 to 10
GRAND DUNMAN,"3,702,000","1,431.61","2,586",Jul-24,DUNMAN ROAD,New Sale,Strata,133,"27,835",-,Apartment,1,99 yrs lease commencing from 2022,15,Rest of Central Region,11 to 15
SEASIDE RESIDENCES,"1,400,000",678.13,"2,064",Jul-24,SIGLAP LINK,Resale,Strata,63,"22,222",-,Apartment,1,99 yrs lease commencing from 2016,15,Outside Central Region,16 to 20
MANDARIN GARDENS,"1,880,000","1,528.49","1,230",Jul-24,SIGLAP ROAD,Resale,Strata,142,"13,239",-,Condominium,1,99 yrs lease commencing from 1982,15,Outside Central Region,11 to 15
THE CRISTALLO,"1,488,888","1,065.64","1,397",Jul-24,LORONG K TELOK KURAU,Resale,Strata,99,"15,039",-,Apartment,1,Freehold,15,Outside Central Region,01 to 05
TEMBUSU GRAND,"2,718,000","1,173.28","2,317",Jul-24,JALAN TEMBUSU,New Sale,Strata,109,"24,936",-,Condominium,1,99 yrs lease commencing from 2022,15,Rest of Central Region,01 to 05
JUPITER 18,"700,000",409.03,"1,711",Jul-24,LORONG 102 CHANGI,Resale,Strata,38,"18,421",-,Apartment,1,Freehold,15,Rest of Central Region,01 to 05
SANCTUARY GREEN,"2,350,000","1,399.32","1,679",Jul-24,TANJONG RHU ROAD,Resale,Strata,130,"18,077",-,Condominium,1,99 yrs lease commencing from 1997,15,Rest of Central Region,06 to 10
HERITAGE EAST,"800,000",441.32,"1,813",Jul-24,EAST COAST ROAD,Resale,Strata,41,"19,512",-,Apartment,1,Freehold,15,Outside Central Region,01 to 05
COTE D'AZUR,"1,288,000",904.18,"1,425",Jul-24,MARINE PARADE ROAD,Resale,Strata,84,"15,333",-,Condominium,1,99 yrs lease commencing from 2001,15,Rest of Central Region,06 to 10
SEASIDE RESIDENCES,"2,340,000","1,022.58","2,288",Jul-24,SIGLAP LINK,Resale,Strata,95,"24,632",-,Apartment,1,99 yrs lease commencing from 2016,15,Outside Central Region,06 to 10
THE ODEON KATONG,"980,000",602.78,"1,626",Jul-24,EAST COAST ROAD,Resale,Strata,56,"17,500",-,Apartment,1,Freehold,15,Rest of Central Region,06 to 10
PEBBLE BAY,"3,500,000","2,335.79","1,498",Jul-24,TANJONG RHU ROAD,Resale,Strata,217,"16,129",-,Condominium,1,99 yrs lease commencing from 1994,15,Rest of Central Region,01 to 05
SEASIDE RESIDENCES,"3,250,000","1,259.39","2,581",Jul-24,SIGLAP LINK,Resale,Strata,117,"27,778",-,Apartment,1,99 yrs lease commencing from 2016,15,Outside Central Region,16 to 20
TEMBUSU GRAND,"3,418,000","1,431.61","2,388",Jul-24,JALAN TEMBUSU,New Sale,Strata,133,"25,699",-,Condominium,1,99 yrs lease commencing from 2022,15,Rest of Central Region,01 to 05
38 I SUITES,"1,220,000",667.37,"1,828",Jul-24,IPOH LANE,Resale,Strata,62,"19,677",-,Apartment,1,Freehold,15,Rest of Central Region,11 to 15
AMBER PARK,"2,730,000",947.23,"2,882",Jul-24,AMBER GARDENS,Sub Sale,Strata,88,"31,023",-,Condominium,1,Freehold,15,Rest of Central Region,06 to 10
FERNWOOD TOWERS,"2,680,000","1,636.13","1,638",Jul-24,FERNWOOD TERRACE,Resale,Strata,152,"17,632",-,Condominium,1,Freehold,15,Outside Central Region,11 to 15
STRAITS AT JOO CHIAT,"2,149,200",990.29,"2,170",Jul-24,JOO CHIAT PLACE,New Sale,Strata,92,"23,361",-,Apartment,1,Freehold,15,Outside Central Region,01 to 05
TANJONG RIA CONDOMINIUM,"1,680,000","1,205.57","1,394",Jul-24,TANJONG RHU ROAD,Resale,Strata,112,"15,000",-,Condominium,1,99 yrs lease commencing from 1993,15,Rest of Central Region,06 to 10
MARINE BLUE,"1,430,000",635.08,"2,252",Jul-24,MARINE PARADE ROAD,Resale,Strata,59,"24,237",-,Condominium,1,Freehold,15,Rest of Central Region,06 to 10
PEBBLE BAY,"3,430,000","1,894.46","1,811",Jul-24,TANJONG RHU ROAD,Resale,Strata,176,"19,489",-,Condominium,1,99 yrs lease commencing from 1994,15,Rest of Central Region,06 to 10
SANCTUARY GREEN,"2,350,000","1,593.07","1,475",Jul-24,TANJONG RHU ROAD,Resale,Strata,148,"15,878",-,Condominium,1,99 yrs lease commencing from 1997,15,Rest of Central Region,01 to 05
STRAITS AT JOO CHIAT,"2,084,200",990.29,"2,105",Jul-24,JOO CHIAT PLACE,New Sale,Strata,92,"22,654",-,Apartment,1,Freehold,15,Outside Central Region,01 to 05
TEMBUSU GRAND,"3,512,000","1,431.61","2,453",Jul-24,JALAN TEMBUSU,New Sale,Strata,133,"26,406",-,Condominium,1,99 yrs lease commencing from 2022,15,Rest of Central Region,16 to 20
EAST PALM,"1,900,000","1,194.8","1,590",Jul-24,PALM ROAD,Resale,Strata,111,"17,117",-,Apartment,1,Freehold,15,Outside Central Region,01 to 05
D'ECOSIA,"1,080,000",678.13,"1,593",Jul-24,STILL ROAD SOUTH,Resale,Strata,63,"17,143",-,Condominium,1,Freehold,15,Outside Central Region,01 to 05
LEGENDA AT JOO CHIAT,"2,150,000","1,948.28","1,104",Jul-24,JOO CHIAT LANE,Resale,Strata,181,"11,878",-,Condominium,1,99 yrs lease commencing from 2001,15,Rest of Central Region,01 to 05
SEVENTY SAINT PATRICK'S,"2,840,000","1,216.33","2,335",Jul-24,ST. PATRICK'S ROAD,Resale,Strata,113,"25,133",-,Condominium,1,Freehold,15,Outside Central Region,01 to 05
THE CONTINUUM,"3,108,000","1,087.16","2,859",Jun-24,THIAM SIEW AVENUE,New Sale,Strata,101,"30,772",-,Apartment,1,Freehold,15,Rest of Central Region,06 to 10
TEMBUSU GRAND,"3,407,000","1,431.61","2,380",Jun-24,JALAN TEMBUSU,New Sale,Strata,133,"25,617",-,Condominium,1,99 yrs lease commencing from 2022,15,Rest of Central Region,01 to 05
TEMBUSU GRAND,"1,957,000",742.72,"2,635",Jun-24,JALAN TEMBUSU,New Sale,Strata,69,"28,362",-,Condominium,1,99 yrs lease commencing from 2022,15,Rest of Central Region,16 to 20
THE CONTINUUM,"1,795,000",667.37,"2,690",Jun-24,THIAM SIEW AVENUE,New Sale,Strata,62,"28,952",-,Apartment,1,Freehold,15,Rest of Central Region,01 to 05
EVERITT EDGE,"1,200,000",753.48,"1,593",Jun-24,JOO CHIAT PLACE,Resale,Strata,70,"17,143",-,Apartment,1,Freehold,15,Rest of Central Region,01 to 05
TEMBUSU GRAND,"2,852,000","1,173.28","2,431",Jun-24,JALAN TEMBUSU,New Sale,Strata,109,"26,165",-,Condominium,1,99 yrs lease commencing from 2022,15,Rest of Central Region,11 to 15
AURALIS,"1,680,000","1,001.05","1,678",Jun-24,EAST COAST ROAD,Resale,Strata,93,"18,065",-,Apartment,1,Freehold,15,Outside Central Region,01 to 05
BELLA CASITA,"850,000",516.67,"1,645",Jun-24,IPOH LANE,Resale,Strata,48,"17,708",-,Apartment,1,Freehold,15,Rest of Central Region,11 to 15
THE CONTINUUM,"2,114,000",721.19,"2,931",Jun-24,THIAM SIEW AVENUE,New Sale,Strata,67,"31,552",-,Apartment,1,Freehold,15,Rest of Central Region,11 to 15
TEMBUSU GRAND,"3,473,000","1,431.61","2,426",Jun-24,JALAN TEMBUSU,New Sale,Strata,133,"26,113",-,Condominium,1,99 yrs lease commencing from 2022,15,Rest of Central Region,06 to 10
SEASIDE RESIDENCES,"1,085,000",559.73,"1,938",Jun-24,SIGLAP LINK,Resale,Strata,52,"20,865",-,Apartment,1,99 yrs lease commencing from 2016,15,Outside Central Region,01 to 05
PARQ BELLA,"2,590,000","1,097.93","2,359",Jun-24,TEMBELING ROAD,New Sale,Strata,102,"25,392",-,Apartment,1,Freehold,15,Rest of Central Region,01 to 05
GRAND DUNMAN,"2,092,000",775.01,"2,699",Jun-24,DUNMAN ROAD,New Sale,Strata,72,"29,056",-,Apartment,1,99 yrs lease commencing from 2022,15,Rest of Central Region,16 to 20
TEMBUSU GRAND,"1,975,000",742.72,"2,659",Jun-24,JALAN TEMBUSU,New Sale,Strata,69,"28,623",-,Condominium,1,99 yrs lease commencing from 2022,15,Rest of Central Region,16 to 20
TEMBUSU GRAND,"3,473,000","1,431.61","2,426",Jun-24,JALAN TEMBUSU,New Sale,Strata,133,"26,113",-,Condominium,1,99 yrs lease commencing from 2022,15,Rest of Central Region,06 to 10
ONE FORT,"2,450,000","1,205.57","2,032",Jun-24,FORT ROAD,Resale,Strata,112,"21,875",-,Condominium,1,Freehold,15,Rest of Central Region,06 to 10
SIGLAP V,"1,160,000",731.95,"1,585",Jun-24,FIRST STREET,Resale,Strata,68,"17,059",-,Apartment,1,Freehold,15,Outside Central Region,01 to 05
SEVENTY SAINT PATRICK'S,"2,730,000","1,184.04","2,306",Jun-24,ST. PATRICK'S ROAD,Resale,Strata,110,"24,818",-,Condominium,1,Freehold,15,Outside Central Region,01 to 05
TEMBUSU GRAND,"1,957,000",742.72,"2,635",Jun-24,JALAN TEMBUSU,New Sale,Strata,69,"28,362",-,Condominium,1,99 yrs lease commencing from 2022,15,Rest of Central Region,16 to 20
SUITES@ KATONG,"725,000",430.56,"1,684",Jun-24,TANJONG KATONG ROAD,Resale,Strata,40,"18,125",-,Apartment,1,Freehold,15,Rest of Central Region,01 to 05
LE MERRITT,"2,300,000","1,399.32","1,644",Jun-24,LORONG M TELOK KURAU,Resale,Strata,130,"17,692",-,Apartment,1,Freehold,15,Outside Central Region,01 to 05
MARINE BLUE,"1,465,000",635.08,"2,307",Jun-24,MARINE PARADE ROAD,Resale,Strata,59,"24,831",-,Condominium,1,Freehold,15,Rest of Central Region,11 to 15
SEASIDE RESIDENCES,"1,438,888",678.13,"2,122",Jun-24,SIGLAP LINK,Resale,Strata,63,"22,839",-,Apartment,1,99 yrs lease commencing from 2016,15,Outside Central Region,16 to 20
TEMBUSU GRAND,"1,948,000",742.72,"2,623",Jun-24,JALAN TEMBUSU,New Sale,Strata,69,"28,232",-,Condominium,1,99 yrs lease commencing from 2022,15,Rest of Central Region,16 to 20
SUITES @ GUILLEMARD,"801,000",527.44,"1,519",Jun-24,LIM AH WOO ROAD,Resale,Strata,49,"16,347",-,Apartment,1,Freehold,15,Rest of Central Region,01 to 05
ROSE MAISON,"2,325,000","2,271.2","1,024",Jun-24,HAIG AVENUE,Resale,Strata,211,"11,019",-,Apartment,1,Freehold,15,Rest of Central Region,01 to 05
TEMBUSU GRAND,"1,352,000",527.44,"2,563",Jun-24,JALAN TEMBUSU,New Sale,Strata,49,"27,592",-,Condominium,1,99 yrs lease commencing from 2022,15,Rest of Central Region,11 to 15
TEMBUSU GRAND,"3,468,000","1,431.61","2,422",Jun-24,JALAN TEMBUSU,New Sale,Strata,133,"26,075",-,Condominium,1,99 yrs lease commencing from 2022,15,Rest of Central Region,16 to 20
PARC SEABREEZE,"3,300,000","1,593.07","2,071",Jun-24,JOO CHIAT ROAD,Resale,Strata,148,"22,297",-,Apartment,1,Freehold,15,Rest of Central Region,01 to 05
THE CAPE,"2,488,888","1,184.04","2,102",Jun-24,AMBER ROAD,Resale,Strata,110,"22,626",-,Apartment,1,Freehold,15,Rest of Central Region,11 to 15
HAIG TEN,"2,520,000","1,474.67","1,709",Jun-24,HAIGSVILLE DRIVE,Resale,Strata,137,"18,394",-,Apartment,1,Freehold,15,Rest of Central Region,01 to 05
SEASIDE RESIDENCES,"1,930,000",764.24,"2,525",Jun-24,SIGLAP LINK,Resale,Strata,71,"27,183",-,Apartment,1,99 yrs lease commencing from 2016,15,Outside Central Region,16 to 20
PARC ELEGANCE,"1,388,888",947.23,"1,466",Jun-24,TELOK KURAU ROAD,Resale,Strata,88,"15,783",-,Apartment,1,Freehold,15,Outside Central Region,01 to 05
THE SOVEREIGN,"8,600,000","3,304.55","2,602",Jun-24,MEYER ROAD,Resale,Strata,307,"28,013",-,Condominium,1,Freehold,15,Rest of Central Region,11 to 15
HAIG TEN,"2,638,000","1,474.67","1,789",Jun-24,HAIGSVILLE DRIVE,Resale,Strata,137,"19,255",-,Apartment,1,Freehold,15,Rest of Central Region,01 to 05
SEASIDE RESIDENCES,"2,400,000","1,087.16","2,208",Jun-24,SIGLAP LINK,Resale,Strata,101,"23,762",-,Apartment,1,99 yrs lease commencing from 2016,15,Outside Central Region,06 to 10
AMBER SKYE,"2,315,000",990.29,"2,338",Jun-24,AMBER ROAD,Resale,Strata,92,"25,163",-,Apartment,1,Freehold,15,Rest of Central Region,11 to 15
THE CONTINUUM,"2,474,000",871.88,"2,838",Jun-24,THIAM SIEW AVENUE,New Sale,Strata,81,"30,543",-,Apartment,1,Freehold,15,Rest of Central Region,06 to 10
D'ECOSIA,"2,420,000","1,227.1","1,972",Jun-24,STILL ROAD SOUTH,Resale,Strata,114,"21,228",-,Condominium,1,Freehold,15,Outside Central Region,01 to 05
STRAITS AT JOO CHIAT,"2,083,200",990.29,"2,104",Jun-24,JOO CHIAT PLACE,New Sale,Strata,92,"22,643",-,Apartment,1,Freehold,15,Outside Central Region,01 to 05
D'ECOSIA,"958,000",505.91,"1,894",Jun-24,STILL ROAD SOUTH,Resale,Strata,47,"20,383",-,Condominium,1,Freehold,15,Outside Central Region,01 to 05
EIS RESIDENCES,"1,430,000","1,065.64","1,342",Jun-24,HAIG AVENUE,Resale,Strata,99,"14,444",-,Apartment,1,Freehold,15,Rest of Central Region,01 to 05
THE SEAFRONT ON MEYER,"3,930,000","1,603.84","2,450",Jun-24,MEYER ROAD,Resale,Strata,149,"26,376",-,Condominium,1,Freehold,15,Rest of Central Region,16 to 20
THE SHORE RESIDENCES,"1,780,000",925.7,"1,923",Jun-24,AMBER ROAD,Resale,Strata,86,"20,698",-,Condominium,1,103 yrs lease commencing from 2009,15,Rest of Central Region,01 to 05
BLU CORAL,"1,668,000","1,087.16","1,534",Jun-24,LORONG L TELOK KURAU,Resale,Strata,101,"16,515",-,Condominium,1,Freehold,15,Outside Central Region,01 to 05
NEPTUNE COURT,"1,680,000","1,636.13","1,027",Jun-24,MARINE VISTA,Resale,Strata,152,"11,053",-,Apartment,1,99 yrs lease commencing from 1975,15,Outside Central Region,06 to 10
TEMBUSU GRAND,"1,988,000",742.72,"2,677",Jun-24,JALAN TEMBUSU,New Sale,Strata,69,"28,812",-,Condominium,1,99 yrs lease commencing from 2022,15,Rest of Central Region,16 to 20
GRAND DUNMAN,"2,697,000","1,054.87","2,557",Jun-24,DUNMAN ROAD,New Sale,Strata,98,"27,520",-,Apartment,1,99 yrs lease commencing from 2022,15,Rest of Central Region,16 to 20
TEMBUSU GRAND,"1,956,000",742.72,"2,634",Jun-24,JALAN TEMBUSU,New Sale,Strata,69,"28,348",-,Condominium,1,99 yrs lease commencing from 2022,15,Rest of Central Region,11 to 15
TEMBUSU GRAND,"2,933,000","1,173.28","2,500",Jun-24,JALAN TEMBUSU,New Sale,Strata,109,"26,908",-,Condominium,1,99 yrs lease commencing from 2022,15,Rest of Central Region,16 to 20
AMBER PARK,"2,080,000",742.72,"2,801",Jun-24,AMBER GARDENS,Sub Sale,Strata,69,"30,145",-,Condominium,1,Freehold,15,Rest of Central Region,01 to 05
VILLA MARINA,"1,960,000","1,248.62","1,570",Jun-24,JALAN SEMPADAN,Resale,Strata,116,"16,897",-,Condominium,1,99 yrs lease commencing from 1995,15,Outside Central Region,01 to 05
SILVERSEA,"5,000,000","2,529.54","1,977",Jun-24,MARINE PARADE ROAD,Resale,Strata,235,"21,277",-,Condominium,1,99 yrs lease commencing from 2007,15,Rest of Central Region,16 to 20
THE CONTINUUM,"3,145,000","1,087.16","2,893",Jun-24,THIAM SIEW AVENUE,New Sale,Strata,101,"31,139",-,Apartment,1,Freehold,15,Rest of Central Region,11 to 15
TEMBUSU GRAND,"1,948,000",742.72,"2,623",Jun-24,JALAN TEMBUSU,New Sale,Strata,69,"28,232",-,Condominium,1,99 yrs lease commencing from 2022,15,Rest of Central Region,16 to 20
COSTA RHU,"4,250,000","2,551.07","1,666",Jun-24,RHU CROSS,Resale,Strata,237,"17,932",-,Condominium,1,99 yrs lease commencing from 1994,15,Rest of Central Region,01 to 05
AMBER SKYE,"2,290,000",990.29,"2,312",Jun-24,AMBER ROAD,Resale,Strata,92,"24,891",-,Apartment,1,Freehold,15,Rest of Central Region,06 to 10
TAIPAN GRAND,"1,888,888","1,237.86","1,526",Jun-24,MARINE PARADE ROAD,Resale,Strata,115,"16,425",-,Apartment,1,Freehold,15,Outside Central Region,01 to 05
TIERRA VUE,"2,700,000","1,270.15","2,126",Jun-24,ST. PATRICK'S ROAD,Resale,Strata,118,"22,881",-,Condominium,1,Freehold,15,Outside Central Region,01 to 05
DUNMAN REGENCY,"1,430,000",796.54,"1,795",Jun-24,DUNMAN ROAD,Resale,Strata,74,"19,324",-,Apartment,1,Freehold,15,Rest of Central Region,01 to 05
AMBER PARK,"2,250,000",742.72,"3,029",Jun-24,AMBER GARDENS,Sub Sale,Strata,69,"32,609",-,Condominium,1,Freehold,15,Rest of Central Region,21 to 25
AMBER PARK,"2,050,000",753.48,"2,721",Jun-24,AMBER GARDENS,Sub Sale,Strata,70,"29,286",-,Condominium,1,Freehold,15,Rest of Central Region,01 to 05
THE CONTINUUM,"3,148,000","1,087.16","2,896",Jun-24,THIAM SIEW AVENUE,New Sale,Strata,101,"31,168",-,Apartment,1,Freehold,15,Rest of Central Region,06 to 10
COSTA RHU,"2,005,000","1,399.32","1,433",Jun-24,RHU CROSS,Resale,Strata,130,"15,423",-,Condominium,1,99 yrs lease commencing from 1994,15,Rest of Central Region,11 to 15
DE CENTURION,"980,000",570.49,"1,718",Jun-24,TANJONG RHU ROAD,Resale,Strata,53,"18,491",-,Apartment,1,Freehold,15,Rest of Central Region,06 to 10
FORTUNE JADE,"2,020,000","1,097.93","1,840",Jun-24,DUNMAN ROAD,Resale,Strata,102,"19,804",-,Apartment,1,Freehold,15,Rest of Central Region,06 to 10
THE LINE @ TANJONG RHU,"2,700,000","1,184.04","2,280",Jun-24,TANJONG RHU ROAD,Resale,Strata,110,"24,545",-,Condominium,1,Freehold,15,Rest of Central Region,06 to 10
PARC BLEU,"750,000",462.85,"1,620",Jun-24,JOO CHIAT PLACE,Resale,Strata,43,"17,442",-,Apartment,1,Freehold,15,Outside Central Region,01 to 05
FULCRUM,"2,130,000","1,173.28","1,815",Jun-24,FORT ROAD,Resale,Strata,109,"19,541",-,Condominium,1,Freehold,15,Rest of Central Region,21 to 25
THE NCLAVE,"1,670,000","1,044.11","1,599",Jun-24,LORONG N TELOK KURAU,Resale,Strata,97,"17,216",-,Apartment,1,Freehold,15,Outside Central Region,01 to 05
TEMBUSU GRAND,"1,939,000",742.72,"2,611",Jun-24,JALAN TEMBUSU,New Sale,Strata,69,"28,101",-,Condominium,1,99 yrs lease commencing from 2022,15,Rest of Central Region,11 to 15
THE VIEW @ MEYER,"4,058,000","1,797.59","2,257",Jun-24,MEYER ROAD,Resale,Strata,167,"24,299",-,Apartment,1,Freehold,15,Rest of Central Region,06 to 10
CUBIK,"2,480,000","2,120.51","1,170",Jun-24,LORONG K TELOK KURAU,Resale,Strata,197,"12,589",-,Apartment,1,Freehold,15,Outside Central Region,01 to 05
TANJONG RIA CONDOMINIUM,"1,850,000","1,205.57","1,535",Jun-24,TANJONG RHU ROAD,Resale,Strata,112,"16,518",-,Condominium,1,99 yrs lease commencing from 1993,15,Rest of Central Region,01 to 05
THE CONTINUUM,"1,974,000",699.66,"2,821",Jun-24,THIAM SIEW AVENUE,New Sale,Strata,65,"30,369",-,Apartment,1,Freehold,15,Rest of Central Region,01 to 05
THE CONTINUUM,"3,175,000","1,087.16","2,920",Jun-24,THIAM SIEW AVENUE,New Sale,Strata,101,"31,436",-,Apartment,1,Freehold,15,Rest of Central Region,06 to 10
ESPIRA RESIDENCE,"1,703,800","1,431.61","1,190",Jun-24,LORONG K TELOK KURAU,Resale,Strata,133,"12,811",-,Apartment,1,Freehold,15,Outside Central Region,01 to 05
91 MARSHALL,"1,040,000",559.73,"1,858",Jun-24,MARSHALL ROAD,Resale,Strata,52,"20,000",-,Apartment,1,Freehold,15,Rest of Central Region,01 to 05
THE VANDERLINT,"939,000",581.26,"1,615",Jun-24,CEYLON ROAD,Resale,Strata,54,"17,389",-,Apartment,1,Freehold,15,Rest of Central Region,01 to 05
FORT GARDENS,"2,690,000","1,442.38","1,865",Jun-24,FORT ROAD,Resale,Strata,134,"20,075",-,Condominium,1,Freehold,15,Rest of Central Region,06 to 10
SANCTUARY GREEN,"1,430,000",850.36,"1,682",Jun-24,TANJONG RHU ROAD,Resale,Strata,79,"18,101",-,Condominium,1,99 yrs lease commencing from 1997,15,Rest of Central Region,01 to 05
VILLA MARINA,"1,935,000","1,248.62","1,550",Jun-24,JALAN SEMPADAN,Resale,Strata,116,"16,681",-,Condominium,1,99 yrs lease commencing from 1995,15,Outside Central Region,01 to 05
SILVERSEA,"3,740,000","1,689.95","2,213",Jun-24,MARINE PARADE ROAD,Resale,Strata,157,"23,822",-,Condominium,1,99 yrs lease commencing from 2007,15,Rest of Central Region,11 to 15
TEMBUSU GRAND,"2,976,000","1,173.28","2,536",Jun-24,JALAN TEMBUSU,New Sale,Strata,109,"27,303",-,Condominium,1,99 yrs lease commencing from 2022,15,Rest of Central Region,16 to 20
TEMBUSU GRAND,"2,892,000","1,173.28","2,465",Jun-24,JALAN TEMBUSU,New Sale,Strata,109,"26,532",-,Condominium,1,99 yrs lease commencing from 2022,15,Rest of Central Region,16 to 20
VERANDA,"2,880,000","2,389.61","1,205",Jun-24,LORONG K TELOK KURAU,Resale,Strata,222,"12,973",-,Apartment,1,Freehold,15,Outside Central Region,01 to 05
THE WATERSIDE,"4,025,800","2,142.04","1,879",Jun-24,TANJONG RHU ROAD,Resale,Strata,199,"20,230",-,Condominium,1,Freehold,15,Rest of Central Region,01 to 05
NEPTUNE COURT,"1,678,000","1,636.13","1,026",Jun-24,MARINE VISTA,Resale,Strata,152,"11,039",-,Apartment,1,99 yrs lease commencing from 1975,15,Outside Central Region,11 to 15
MANDARIN GARDENS,"2,108,000","1,571.54","1,341",Jun-24,SIGLAP ROAD,Resale,Strata,146,"14,438",-,Condominium,1,99 yrs lease commencing from 1982,15,Outside Central Region,11 to 15
SILAHIS APARTMENTS,"1,780,000","1,302.44","1,367",Jun-24,LORONG K TELOK KURAU,Resale,Strata,121,"14,711",-,Apartment,1,Freehold,15,Outside Central Region,01 to 05
ROYAL HALLMARK,"2,108,160",914.94,"2,304",Jun-24,HAIG LANE,New Sale,Strata,85,"24,802",-,Apartment,1,Freehold,15,Rest of Central Region,01 to 05
CHELSEA LODGE,"1,240,000",775.01,"1,600",Jun-24,TANJONG KATONG ROAD,Resale,Strata,72,"17,222",-,Apartment,1,Freehold,15,Rest of Central Region,01 to 05
SEASIDE RESIDENCES,"1,310,000",592.02,"2,213",Jun-24,SIGLAP LINK,Resale,Strata,55,"23,818",-,Apartment,1,99 yrs lease commencing from 2016,15,Outside Central Region,21 to 25
SUNSHINE REGENCY,"2,040,000","1,496.2","1,363",Jun-24,RAMBAI ROAD,Resale,Strata,139,"14,676",-,Apartment,1,Freehold,15,Rest of Central Region,01 to 05
SANDY EIGHT,"1,280,000",678.13,"1,888",Jun-24,SANDY LANE,Resale,Strata,63,"20,317",-,Apartment,1,Freehold,15,Rest of Central Region,01 to 05
THE CONTINUUM,"2,554,000",947.23,"2,696",Jun-24,THIAM SIEW AVENUE,New Sale,Strata,88,"29,023",-,Apartment,1,Freehold,15,Rest of Central Region,01 to 05
ONE AMBER,"3,350,000","1,657.66","2,021",Jun-24,AMBER GARDENS,Resale,Strata,154,"21,753",-,Condominium,1,Freehold,15,Rest of Central Region,16 to 20
TEMBUSU GRAND,"1,344,000",527.44,"2,548",Jun-24,JALAN TEMBUSU,New Sale,Strata,49,"27,429",-,Condominium,1,99 yrs lease commencing from 2022,15,Rest of Central Region,11 to 15
COASTLINE RESIDENCES,"1,200,000",452.09,"2,654",Jun-24,AMBER ROAD,Sub Sale,Strata,42,"28,571",-,Apartment,1,Freehold,15,Rest of Central Region,01 to 05
JUPITER 18,"1,220,000",828.83,"1,472",Jun-24,LORONG 102 CHANGI,Resale,Strata,77,"15,844",-,Apartment,1,Freehold,15,Rest of Central Region,01 to 05
PARKSHORE,"2,800,000","1,323.97","2,115",Jun-24,TANJONG RHU ROAD,Resale,Strata,123,"22,764",-,Condominium,1,Freehold,15,Rest of Central Region,01 to 05
MANDARIN GARDENS,"1,320,000","1,001.05","1,319",Jun-24,SIGLAP ROAD,Resale,Strata,93,"14,194",-,Condominium,1,99 yrs lease commencing from 1982,15,Outside Central Region,01 to 05
TEMBUSU GRAND,"2,883,000","1,173.28","2,457",Jun-24,JALAN TEMBUSU,New Sale,Strata,109,"26,450",-,Condominium,1,99 yrs lease commencing from 2022,15,Rest of Central Region,11 to 15
SILVERSEA,"3,820,000","1,700.71","2,246",Jun-24,MARINE PARADE ROAD,Resale,Strata,158,"24,177",-,Condominium,1,99 yrs lease commencing from 2007,15,Rest of Central Region,11 to 15
THE LINE @ TANJONG RHU,"3,200,000","1,377.79","2,323",Jun-24,TANJONG RHU ROAD,Resale,Strata,128,"25,000",-,Condominium,1,Freehold,15,Rest of Central Region,16 to 20
FORT GARDENS,"2,628,888","1,345.5","1,954",Jun-24,FORT ROAD,Resale,Strata,125,"21,031",-,Condominium,1,Freehold,15,Rest of Central Region,11 to 15
THE CONTINUUM,"1,544,000",559.73,"2,758",Jun-24,THIAM SIEW AVENUE,New Sale,Strata,52,"29,692",-,Apartment,1,Freehold,15,Rest of Central Region,01 to 05
STRAITS AT JOO CHIAT,"2,059,200",990.29,"2,079",Jun-24,JOO CHIAT PLACE,New Sale,Strata,92,"22,383",-,Apartment,1,Freehold,15,Outside Central Region,01 to 05
THE HACIENDA,"2,068,000","1,205.57","1,715",Jun-24,HACIENDA GROVE,Resale,Strata,112,"18,464",-,Condominium,1,Freehold,15,Outside Central Region,01 to 05
ESPIRA SUITES,"718,888",441.32,"1,629",Jun-24,LORONG G TELOK KURAU,Resale,Strata,41,"17,534",-,Apartment,1,Freehold,15,Outside Central Region,01 to 05
HAIG 162,"701,000",365.98,"1,915",Jun-24,HAIG ROAD,Resale,Strata,34,"20,618",-,Apartment,1,Freehold,15,Rest of Central Region,11 to 15
GRAND DUNMAN,"3,665,000","1,431.61","2,560",Jun-24,DUNMAN ROAD,New Sale,Strata,133,"27,556",-,Apartment,1,99 yrs lease commencing from 2022,15,Rest of Central Region,11 to 15
TEMBUSU GRAND,"3,352,000","1,431.61","2,341",Jun-24,JALAN TEMBUSU,New Sale,Strata,133,"25,203",-,Condominium,1,99 yrs lease commencing from 2022,15,Rest of Central Region,01 to 05
THE CONTINUUM,"2,560,000",871.88,"2,936",Jun-24,THIAM SIEW AVENUE,New Sale,Strata,81,"31,605",-,Apartment,1,Freehold,15,Rest of Central Region,16 to 20
THE CONTINUUM,"2,370,000",871.88,"2,718",May-24,THIAM SIEW AVENUE,New Sale,Strata,81,"29,259",-,Apartment,1,Freehold,15,Rest of Central Region,01 to 05
THE CONTINUUM,"3,121,000","1,087.16","2,871",May-24,THIAM SIEW AVENUE,New Sale,Strata,101,"30,901",-,Apartment,1,Freehold,15,Rest of Central Region,06 to 10
NEPTUNE COURT,"1,375,000","1,270.15","1,083",May-24,MARINE VISTA,Resale,Strata,118,"11,653",-,Apartment,1,99 yrs lease commencing from 1976,15,Outside Central Region,21 to 25
AMBER RESIDENCES,"3,960,000","1,797.59","2,203",May-24,AMBER ROAD,Resale,Strata,167,"23,713",-,Condominium,1,Freehold,15,Rest of Central Region,16 to 20
THE ARISTO @ AMBER,"1,230,000",645.84,"1,904",May-24,AMBER ROAD,Resale,Strata,60,"20,500",-,Apartment,1,Freehold,15,Rest of Central Region,06 to 10
VILLA MARINA,"2,380,000","2,023.63","1,176",May-24,JALAN SEMPADAN,Resale,Strata,188,"12,660",-,Condominium,1,99 yrs lease commencing from 1995,15,Outside Central Region,01 to 05
EAST BAY GARDENS,"1,355,000","1,399.32",968,May-24,LORONG G TELOK KURAU,Resale,Strata,130,"10,423",-,Apartment,1,99 yrs lease commencing from 1995,15,Outside Central Region,01 to 05
NEPTUNE COURT,"1,300,000","1,270.15","1,023",May-24,MARINE VISTA,Resale,Strata,118,"11,017",-,Apartment,1,99 yrs lease commencing from 1976,15,Outside Central Region,11 to 15
CHELSEA LODGE,"1,810,000","1,227.1","1,475",May-24,TANJONG KATONG ROAD,Resale,Strata,114,"15,877",-,Apartment,1,Freehold,15,Rest of Central Region,01 to 05
THE HACIENDA,"3,700,000","2,120.51","1,745",May-24,HACIENDA GROVE,Resale,Strata,197,"18,782",-,Condominium,1,Freehold,15,Outside Central Region,01 to 05
EASTWIND MANSIONS,"2,000,000","1,345.5","1,486",May-24,JOO CHIAT TERRACE,Resale,Strata,125,"16,000",-,Apartment,1,Freehold,15,Rest of Central Region,01 to 05
SANCTUARY GREEN,"2,260,000","1,356.26","1,666",May-24,TANJONG RHU ROAD,Resale,Strata,126,"17,937",-,Condominium,1,99 yrs lease commencing from 1997,15,Rest of Central Region,11 to 15
FERNWOOD TOWERS,"2,500,000","1,636.13","1,528",May-24,FERNWOOD TERRACE,Resale,Strata,152,"16,447",-,Condominium,1,Freehold,15,Outside Central Region,01 to 05
COSTA RHU,"2,045,000","1,399.32","1,461",May-24,RHU CROSS,Resale,Strata,130,"15,731",-,Condominium,1,99 yrs lease commencing from 1994,15,Rest of Central Region,11 to 15
SEASIDE RESIDENCES,"2,548,000","1,087.16","2,344",May-24,SIGLAP LINK,Resale,Strata,101,"25,228",-,Apartment,1,99 yrs lease commencing from 2016,15,Outside Central Region,16 to 20
THE SERENNO,"835,000",484.38,"1,724",May-24,HAIG ROAD,Resale,Strata,45,"18,556",-,Apartment,1,Freehold,15,Rest of Central Region,01 to 05
ESPIRA SUITES,"745,000",441.32,"1,688",May-24,LORONG G TELOK KURAU,Resale,Strata,41,"18,171",-,Apartment,1,Freehold,15,Outside Central Region,01 to 05
SILVERSEA,"1,980,000","1,065.64","1,858",May-24,MARINE PARADE ROAD,Resale,Strata,99,"20,000",-,Condominium,1,99 yrs lease commencing from 2007,15,Rest of Central Region,01 to 05
SEASIDE RESIDENCES,"2,400,000","1,022.58","2,347",May-24,SIGLAP LINK,Resale,Strata,95,"25,263",-,Apartment,1,99 yrs lease commencing from 2016,15,Outside Central Region,21 to 25
COTE D'AZUR,"2,510,000","1,302.44","1,927",May-24,MARINE PARADE ROAD,Resale,Strata,121,"20,744",-,Condominium,1,99 yrs lease commencing from 2001,15,Rest of Central Region,11 to 15
SEASIDE RESIDENCES,"2,000,000",785.77,"2,545",May-24,SIGLAP LINK,Resale,Strata,73,"27,397",-,Apartment,1,99 yrs lease commencing from 2016,15,Outside Central Region,11 to 15
KNOX VIEW,"1,800,000","1,108.69","1,624",May-24,LORONG M TELOK KURAU,Resale,Strata,103,"17,476",-,Apartment,1,Freehold,15,Outside Central Region,01 to 05
LEGENDA AT JOO CHIAT,"1,760,000","1,216.33","1,447",May-24,JOO CHIAT LANE,Resale,Strata,113,"15,575",-,Condominium,1,99 yrs lease commencing from 2001,15,Rest of Central Region,01 to 05
D' CASTILIA,"982,800",613.55,"1,602",May-24,JOO CHIAT LANE,Resale,Strata,57,"17,242",-,Apartment,1,Freehold,15,Rest of Central Region,01 to 05
NYON,"1,260,000",484.38,"2,601",May-24,AMBER ROAD,Resale,Strata,45,"28,000",-,Apartment,1,Freehold,15,Rest of Central Region,06 to 10
NEPTUNE COURT,"2,080,000","1,636.13","1,271",May-24,MARINE VISTA,Resale,Strata,152,"13,684",-,Apartment,1,99 yrs lease commencing from 1975,15,Outside Central Region,11 to 15
KATONG GARDENS,"3,350,000","1,948.28","1,719",May-24,TEMBELING ROAD,Resale,Strata,181,"18,508",-,Condominium,1,Freehold,15,Rest of Central Region,01 to 05
SANCTUARY GREEN,"1,450,000",850.36,"1,705",May-24,TANJONG RHU ROAD,Resale,Strata,79,"18,354",-,Condominium,1,99 yrs lease commencing from 1997,15,Rest of Central Region,01 to 05
COTE D'AZUR,"2,610,000","1,388.56","1,880",May-24,MARINE PARADE ROAD,Resale,Strata,129,"20,233",-,Condominium,1,99 yrs lease commencing from 2001,15,Rest of Central Region,06 to 10
TIERRA VUE,"2,750,000","1,550.02","1,774",May-24,ST. PATRICK'S ROAD,Resale,Strata,144,"19,097",-,Condominium,1,Freehold,15,Outside Central Region,01 to 05
SIGLAP V,"888,888",581.26,"1,529",May-24,FIRST STREET,Resale,Strata,54,"16,461",-,Apartment,1,Freehold,15,Outside Central Region,01 to 05
COSTA RHU,"3,350,000","2,055.92","1,629",May-24,RHU CROSS,Resale,Strata,191,"17,539",-,Condominium,1,99 yrs lease commencing from 1994,15,Rest of Central Region,11 to 15
KING'S MANSION,"3,350,000","1,808.35","1,853",May-24,AMBER GARDENS,Resale,Strata,168,"19,940",-,Condominium,1,Freehold,15,Rest of Central Region,01 to 05
SEASIDE RESIDENCES,"1,388,888",678.13,"2,048",May-24,SIGLAP LINK,Resale,Strata,63,"22,046",-,Apartment,1,99 yrs lease commencing from 2016,15,Outside Central Region,16 to 20
SANCTUARY GREEN,"1,888,888","1,119.46","1,687",May-24,TANJONG RHU ROAD,Resale,Strata,104,"18,162",-,Condominium,1,99 yrs lease commencing from 1997,15,Rest of Central Region,06 to 10
THE CONTINUUM,"2,022,000",721.19,"2,804",May-24,THIAM SIEW AVENUE,New Sale,Strata,67,"30,179",-,Apartment,1,Freehold,15,Rest of Central Region,01 to 05
HAIG COURT,"2,868,000","1,453.14","1,974",May-24,HAIG ROAD,Resale,Strata,135,"21,244",-,Condominium,1,Freehold,15,Rest of Central Region,06 to 10
THE SHORE RESIDENCES,"2,550,000","1,140.98","2,235",May-24,AMBER ROAD,Resale,Strata,106,"24,057",-,Condominium,1,103 yrs lease commencing from 2009,15,Rest of Central Region,16 to 20
WATER PLACE,"2,577,000","1,280.92","2,012",May-24,TANJONG RHU ROAD,Resale,Strata,119,"21,655",-,Condominium,1,99 yrs lease commencing from 1998,15,Rest of Central Region,16 to 20
MANDARIN GARDENS,"2,820,000","2,034.4","1,386",May-24,SIGLAP ROAD,Resale,Strata,189,"14,921",-,Condominium,1,99 yrs lease commencing from 1982,15,Outside Central Region,16 to 20
EMERY POINT,"2,390,000","1,302.44","1,835",May-24,IPOH LANE,Resale,Strata,121,"19,752",-,Apartment,1,Freehold,15,Rest of Central Region,11 to 15
SUITES @ EASTCOAST,"1,025,000",721.19,"1,421",May-24,UPPER EAST COAST ROAD,Resale,Strata,67,"15,299",-,Condominium,1,Freehold,15,Outside Central Region,01 to 05
VILLA MARINA,"1,780,000","1,280.92","1,390",May-24,JALAN SEMPADAN,Resale,Strata,119,"14,958",-,Condominium,1,99 yrs lease commencing from 1995,15,Outside Central Region,01 to 05
EVERITT EDGE,"750,000",430.56,"1,742",May-24,JOO CHIAT PLACE,Resale,Strata,40,"18,750",-,Apartment,1,Freehold,15,Rest of Central Region,01 to 05
AMBER PARK,"1,978,000",699.66,"2,827",May-24,AMBER GARDENS,Sub Sale,Strata,65,"30,431",-,Condominium,1,Freehold,15,Rest of Central Region,16 to 20
COTE D'AZUR,"2,630,000","1,388.56","1,894",May-24,MARINE PARADE ROAD,Resale,Strata,129,"20,388",-,Condominium,1,99 yrs lease commencing from 2001,15,Rest of Central Region,06 to 10
AMBER PARK,"2,222,222",742.72,"2,992",May-24,AMBER GARDENS,Sub Sale,Strata,69,"32,206",-,Condominium,1,Freehold,15,Rest of Central Region,16 to 20
AMBER PARK,"2,210,000",742.72,"2,976",May-24,AMBER GARDENS,Sub Sale,Strata,69,"32,029",-,Condominium,1,Freehold,15,Rest of Central Region,16 to 20
16 @ AMBER,"858,000",419.8,"2,044",May-24,AMBER ROAD,Resale,Strata,39,"22,000",-,Apartment,1,Freehold,15,Rest of Central Region,06 to 10
GRAND DUCHESS AT ST PATRICK'S,"5,530,000","3,218.44","1,718",May-24,ST. PATRICK'S ROAD,Resale,Strata,299,"18,495",-,Condominium,1,Freehold,15,Outside Central Region,01 to 05
TANJONG RIA CONDOMINIUM,"1,567,000",968.76,"1,618",May-24,TANJONG RHU ROAD,Resale,Strata,90,"17,411",-,Condominium,1,99 yrs lease commencing from 1993,15,Rest of Central Region,01 to 05
LAGUNA PARK,"2,000,000","1,614.6","1,239",May-24,MARINE PARADE ROAD,Resale,Strata,150,"13,333",-,Apartment,1,99 yrs lease commencing from 1977,15,Outside Central Region,06 to 10
THE BALE,"1,580,000","1,216.33","1,299",May-24,LORONG H TELOK KURAU,Resale,Strata,113,"13,982",-,Apartment,1,Freehold,15,Outside Central Region,01 to 05
SEASIDE RESIDENCES,"2,788,888","1,259.39","2,214",May-24,SIGLAP LINK,Resale,Strata,117,"23,837",-,Apartment,1,99 yrs lease commencing from 2016,15,Outside Central Region,06 to 10
AMBER RESIDENCES,"3,400,000","1,517.72","2,240",May-24,AMBER ROAD,Resale,Strata,141,"24,113",-,Condominium,1,Freehold,15,Rest of Central Region,11 to 15
AMBER PARK,"2,200,000",742.72,"2,962",May-24,AMBER GARDENS,Sub Sale,Strata,69,"31,884",-,Condominium,1,Freehold,15,Rest of Central Region,11 to 15
BLU CORAL,"1,338,000",871.88,"1,535",May-24,LORONG L TELOK KURAU,Resale,Strata,81,"16,519",-,Condominium,1,Freehold,15,Outside Central Region,01 to 05
SPRING @ KATONG,"2,250,000","1,054.87","2,133",May-24,CEYLON ROAD,Resale,Strata,98,"22,959",-,Apartment,1,Freehold,15,Rest of Central Region,01 to 05
PEBBLE BAY,"3,750,000","2,335.79","1,605",May-24,TANJONG RHU ROAD,Resale,Strata,217,"17,281",-,Condominium,1,99 yrs lease commencing from 1994,15,Rest of Central Region,01 to 05
FERNWOOD TOWERS,"2,550,000","1,636.13","1,559",May-24,FERNWOOD TERRACE,Resale,Strata,152,"16,776",-,Condominium,1,Freehold,15,Outside Central Region,06 to 10
SERAYA VILLE,"2,500,000","1,915.99","1,305",May-24,SERAYA LANE,Resale,Strata,178,"14,045",-,Apartment,1,Freehold,15,Rest of Central Region,01 to 05
GALAXY TOWERS,"1,560,000","1,065.64","1,464",May-24,ONAN ROAD,Resale,Strata,99,"15,758",-,Apartment,1,Freehold,15,Rest of Central Region,11 to 15
AMBER 45,"4,260,000","1,593.07","2,674",May-24,AMBER ROAD,Resale,Strata,148,"28,784",-,Apartment,1,Freehold,15,Rest of Central Region,11 to 15
NEPTUNE COURT,"1,630,000","1,636.13",996,May-24,MARINE VISTA,Resale,Strata,152,"10,724",-,Apartment,1,99 yrs lease commencing from 1975,15,Outside Central Region,06 to 10
THE CONTINUUM,"2,105,000",721.19,"2,919",May-24,THIAM SIEW AVENUE,New Sale,Strata,67,"31,418",-,Apartment,1,Freehold,15,Rest of Central Region,11 to 15
GRAND DUNMAN,"1,390,000",548.96,"2,532",May-24,DUNMAN ROAD,New Sale,Strata,51,"27,255",-,Apartment,1,99 yrs lease commencing from 2022,15,Rest of Central Region,01 to 05
THE CONTINUUM,"2,041,000",721.19,"2,830",May-24,THIAM SIEW AVENUE,New Sale,Strata,67,"30,463",-,Apartment,1,Freehold,15,Rest of Central Region,01 to 05
TEMBUSU GRAND,"1,930,000",742.72,"2,599",May-24,JALAN TEMBUSU,New Sale,Strata,69,"27,971",-,Condominium,1,99 yrs lease commencing from 2022,15,Rest of Central Region,11 to 15
MODA,"2,076,888",968.76,"2,144",May-24,EAST COAST ROAD,Resale,Strata,90,"23,077",-,Apartment,1,Freehold,15,Rest of Central Region,11 to 15
SUNNY PALMS,"1,500,000","1,044.11","1,437",May-24,LORONG G TELOK KURAU,Resale,Strata,97,"15,464",-,Condominium,1,Freehold,15,Outside Central Region,01 to 05
COSTA RHU,"2,770,000","1,776.06","1,560",May-24,RHU CROSS,Resale,Strata,165,"16,788",-,Condominium,1,99 yrs lease commencing from 1994,15,Rest of Central Region,06 to 10
ONE AMBER,"2,180,000",958,"2,276",May-24,AMBER GARDENS,Resale,Strata,89,"24,494",-,Condominium,1,Freehold,15,Rest of Central Region,01 to 05
THE CONTINUUM,"1,851,000",667.37,"2,774",May-24,THIAM SIEW AVENUE,New Sale,Strata,62,"29,855",-,Apartment,1,Freehold,15,Rest of Central Region,06 to 10
TIVOLI GRANDE,"1,125,000",699.66,"1,608",May-24,KOON SENG ROAD,Resale,Strata,65,"17,308",-,Apartment,1,Freehold,15,Rest of Central Region,01 to 05
QUESTA @ DUNMAN,"1,320,000",753.48,"1,752",May-24,DUNMAN ROAD,Resale,Strata,70,"18,857",-,Apartment,1,Freehold,15,Rest of Central Region,11 to 15
NEPTUNE COURT,"1,650,000","1,636.13","1,008",May-24,MARINE VISTA,Resale,Strata,152,"10,855",-,Apartment,1,99 yrs lease commencing from 1975,15,Outside Central Region,16 to 20
NEPTUNE COURT,"1,550,000","1,636.13",947,May-24,MARINE VISTA,Resale,Strata,152,"10,197",-,Apartment,1,99 yrs lease commencing from 1975,15,Outside Central Region,16 to 20
THE CONTINUUM,"1,897,000",667.37,"2,843",May-24,THIAM SIEW AVENUE,New Sale,Strata,62,"30,597",-,Apartment,1,Freehold,15,Rest of Central Region,11 to 15
ONE AMBER,"2,169,000",958,"2,264",May-24,AMBER GARDENS,Resale,Strata,89,"24,371",-,Condominium,1,Freehold,15,Rest of Central Region,16 to 20
KING'S MANSION,"3,300,000","1,603.84","2,058",May-24,TANJONG KATONG ROAD,Resale,Strata,149,"22,148",-,Condominium,1,Freehold,15,Rest of Central Region,21 to 25
OCEAN PARK,"3,920,000","2,109.74","1,858",May-24,EAST COAST ROAD,Resale,Strata,196,"20,000",-,Condominium,1,Freehold,15,Outside Central Region,11 to 15
SANDY EIGHT,"1,320,000",721.19,"1,830",May-24,SANDY LANE,Resale,Strata,67,"19,701",-,Apartment,1,Freehold,15,Rest of Central Region,01 to 05
TEMBUSU GRAND,"1,399,000",527.44,"2,652",May-24,JALAN TEMBUSU,New Sale,Strata,49,"28,551",-,Condominium,1,99 yrs lease commencing from 2022,15,Rest of Central Region,16 to 20
GRAND DUNMAN,"3,361,000","1,291.68","2,602",May-24,DUNMAN ROAD,New Sale,Strata,120,"28,008",-,Apartment,1,99 yrs lease commencing from 2022,15,Rest of Central Region,16 to 20
GRAND DUNMAN,"2,705,000","1,097.93","2,464",May-24,DUNMAN ROAD,New Sale,Strata,102,"26,520",-,Apartment,1,99 yrs lease commencing from 2022,15,Rest of Central Region,06 to 10
GRAND DUCHESS AT ST PATRICK'S,"3,000,000","1,377.79","2,177",May-24,ST. PATRICK'S ROAD,Resale,Strata,128,"23,438",-,Condominium,1,Freehold,15,Outside Central Region,06 to 10
SIGLAP V,"838,000",516.67,"1,622",May-24,FIRST STREET,Resale,Strata,48,"17,458",-,Apartment,1,Freehold,15,Outside Central Region,01 to 05
VERANDA,"1,740,000","1,087.16","1,600",May-24,LORONG K TELOK KURAU,Resale,Strata,101,"17,228",-,Apartment,1,Freehold,15,Outside Central Region,01 to 05
BUTTERWORTH 8,"2,742,899","1,345.5","2,039",May-24,BUTTERWORTH LANE,Resale,Strata,125,"21,943",-,Condominium,1,Freehold,15,Rest of Central Region,06 to 10
THE MEYERISE,"4,300,000","2,055.92","2,092",May-24,MEYER ROAD,Resale,Strata,191,"22,513",-,Condominium,1,Freehold,15,Rest of Central Region,01 to 05
QUESTA @ DUNMAN,"810,000",430.56,"1,881",May-24,DUNMAN ROAD,Resale,Strata,40,"20,250",-,Apartment,1,Freehold,15,Rest of Central Region,11 to 15
FLAMINGO VALLEY,"1,500,000",839.59,"1,787",May-24,SIGLAP ROAD,Resale,Strata,78,"19,231",-,Condominium,1,Freehold,15,Outside Central Region,01 to 05
SANCTUARY GREEN,"3,800,800","2,486.48","1,529",May-24,TANJONG RHU ROAD,Resale,Strata,231,"16,454",-,Condominium,1,99 yrs lease commencing from 1997,15,Rest of Central Region,11 to 15
AMBER PARK,"1,268,000",462.85,"2,740",May-24,AMBER GARDENS,Sub Sale,Strata,43,"29,488",-,Condominium,1,Freehold,15,Rest of Central Region,01 to 05
FLAMINGO VALLEY,"1,900,000","1,194.8","1,590",May-24,SIGLAP ROAD,Resale,Strata,111,"17,117",-,Condominium,1,Freehold,15,Outside Central Region,01 to 05
PEBBLE BAY,"3,675,000","1,894.46","1,940",May-24,TANJONG RHU ROAD,Resale,Strata,176,"20,881",-,Condominium,1,99 yrs lease commencing from 1994,15,Rest of Central Region,11 to 15
ESPIRA SUITES,"740,000",430.56,"1,719",May-24,LORONG G TELOK KURAU,Resale,Strata,40,"18,500",-,Apartment,1,Freehold,15,Outside Central Region,01 to 05
SYCAMORE TREE,"665,000",355.21,"1,872",May-24,FOWLIE ROAD,Resale,Strata,33,"20,152",-,Apartment,1,Freehold,15,Rest of Central Region,01 to 05
FERNWOOD TOWERS,"2,868,000","1,636.13","1,753",May-24,FERNWOOD TERRACE,Resale,Strata,152,"18,868",-,Condominium,1,Freehold,15,Outside Central Region,16 to 20
GRAND DUNMAN,"2,667,000","1,054.87","2,528",May-24,DUNMAN ROAD,New Sale,Strata,98,"27,214",-,Apartment,1,99 yrs lease commencing from 2022,15,Rest of Central Region,11 to 15
CASUARINA COVE,"1,850,000","1,087.16","1,702",May-24,TANJONG RHU ROAD,Resale,Strata,101,"18,317",-,Condominium,1,99 yrs lease commencing from 1993,15,Rest of Central Region,06 to 10
SILVERSEA,"2,040,000","1,140.98","1,788",May-24,MARINE PARADE ROAD,Resale,Strata,106,"19,245",-,Condominium,1,99 yrs lease commencing from 2007,15,Rest of Central Region,01 to 05
COSTA RHU,"3,950,000","2,217.38","1,781",May-24,RHU CROSS,Resale,Strata,206,"19,175",-,Condominium,1,99 yrs lease commencing from 1994,15,Rest of Central Region,01 to 05
AALTO,"3,880,000","1,550.02","2,503",May-24,MEYER ROAD,Resale,Strata,144,"26,944",-,Condominium,1,Freehold,15,Rest of Central Region,21 to 25
THE BELVEDERE,"3,088,000","1,259.39","2,452",May-24,MEYER ROAD,Resale,Strata,117,"26,393",-,Condominium,1,Freehold,15,Rest of Central Region,21 to 25
TEMBUSU GRAND,"1,961,000",742.72,"2,640",May-24,JALAN TEMBUSU,New Sale,Strata,69,"28,420",-,Condominium,1,99 yrs lease commencing from 2022,15,Rest of Central Region,16 to 20
VIBES @ EAST COAST,"980,000",624.31,"1,570",May-24,TELOK KURAU ROAD,Resale,Strata,58,"16,897",-,Apartment,1,Freehold,15,Outside Central Region,01 to 05
THE SEAWIND,"2,580,000","1,399.32","1,844",May-24,LORONG M TELOK KURAU,Resale,Strata,130,"19,846",-,Condominium,1,Freehold,15,Outside Central Region,01 to 05
LAGUNA PARK,"1,750,000","1,453.14","1,204",May-24,MARINE PARADE ROAD,Resale,Strata,135,"12,963",-,Apartment,1,99 yrs lease commencing from 1977,15,Outside Central Region,16 to 20
SEASIDE RESIDENCES,"1,688,888",764.24,"2,210",May-24,SIGLAP LINK,Resale,Strata,71,"23,787",-,Apartment,1,99 yrs lease commencing from 2016,15,Outside Central Region,01 to 05
COASTARINA,"2,250,000","1,388.56","1,620",May-24,EAST COAST ROAD,Resale,Strata,129,"17,442",-,Apartment,1,Freehold,15,Outside Central Region,01 to 05
NEPTUNE COURT,"1,880,000","1,636.13","1,149",May-24,MARINE VISTA,Resale,Strata,152,"12,368",-,Apartment,1,99 yrs lease commencing from 1975,15,Outside Central Region,06 to 10
THE CONTINUUM,"2,180,000",721.19,"3,023",May-24,THIAM SIEW AVENUE,New Sale,Strata,67,"32,537",-,Apartment,1,Freehold,15,Rest of Central Region,16 to 20
GRAND DUNMAN,"3,653,000","1,431.61","2,552",May-24,DUNMAN ROAD,New Sale,Strata,133,"27,466",-,Apartment,1,99 yrs lease commencing from 2022,15,Rest of Central Region,06 to 10
TEMBUSU GRAND,"2,853,000","1,173.28","2,432",May-24,JALAN TEMBUSU,New Sale,Strata,109,"26,174",-,Condominium,1,99 yrs lease commencing from 2022,15,Rest of Central Region,11 to 15
SANCTUARY GREEN,"1,368,000",785.77,"1,741",May-24,TANJONG RHU ROAD,Resale,Strata,73,"18,740",-,Condominium,1,99 yrs lease commencing from 1997,15,Rest of Central Region,06 to 10
GRAND DUNMAN,"3,764,000","1,474.67","2,552",May-24,DUNMAN ROAD,New Sale,Strata,137,"27,474",-,Apartment,1,99 yrs lease commencing from 2022,15,Rest of Central Region,16 to 20
FERNWOOD TOWERS,"2,080,000","1,194.8","1,741",May-24,FERNWOOD TERRACE,Resale,Strata,111,"18,739",-,Condominium,1,Freehold,15,Outside Central Region,06 to 10
THE WATERSIDE,"4,960,000","2,411.14","2,057",May-24,TANJONG RHU ROAD,Resale,Strata,224,"22,143",-,Condominium,1,Freehold,15,Rest of Central Region,06 to 10
SEASIDE RESIDENCES,"1,150,000",559.73,"2,055",May-24,SIGLAP LINK,Resale,Strata,52,"22,115",-,Apartment,1,99 yrs lease commencing from 2016,15,Outside Central Region,06 to 10
RIVEREDGE,"1,630,000",979.52,"1,664",May-24,SAMPAN PLACE,Resale,Strata,91,"17,912",-,Condominium,1,99 yrs lease commencing from 2004,15,Rest of Central Region,06 to 10
SANCTUARY GREEN,"3,200,000","2,206.62","1,450",May-24,TANJONG RHU ROAD,Resale,Strata,205,"15,610",-,Condominium,1,99 yrs lease commencing from 1997,15,Rest of Central Region,11 to 15
GRAND DUNMAN,"1,937,000",667.37,"2,902",May-24,DUNMAN ROAD,New Sale,Strata,62,"31,242",-,Apartment,1,99 yrs lease commencing from 2022,15,Rest of Central Region,11 to 15
ATLASSIA,"2,402,424","1,097.93","2,188",May-24,JOO CHIAT PLACE,New Sale,Strata,102,"23,553",-,Apartment,1,Freehold,15,Rest of Central Region,01 to 05
THE CONTINUUM,"2,151,000",721.19,"2,983",May-24,THIAM SIEW AVENUE,New Sale,Strata,67,"32,104",-,Apartment,1,Freehold,15,Rest of Central Region,11 to 15
FERNWOOD TOWERS,"2,580,000","1,636.13","1,577",May-24,FERNWOOD TERRACE,Resale,Strata,152,"16,974",-,Condominium,1,Freehold,15,Outside Central Region,01 to 05
38 I SUITES,"1,150,000",688.9,"1,669",May-24,IPOH LANE,Resale,Strata,64,"17,969",-,Apartment,1,Freehold,15,Rest of Central Region,11 to 15
DE CENTURION,"1,500,000",775.01,"1,935",May-24,TANJONG RHU ROAD,Resale,Strata,72,"20,833",-,Apartment,1,Freehold,15,Rest of Central Region,11 to 15
RESIDENCE 66,"2,200,000","1,851.41","1,188",May-24,TELOK KURAU ROAD,Resale,Strata,172,"12,791",-,Apartment,1,Freehold,15,Outside Central Region,01 to 05
FORTUNE JADE,"2,628,000","1,862.17","1,411",May-24,DUNMAN ROAD,Resale,Strata,173,"15,191",-,Apartment,1,Freehold,15,Rest of Central Region,16 to 20
GRAND DUNMAN,"2,214,000",775.01,"2,857",May-24,DUNMAN ROAD,New Sale,Strata,72,"30,750",-,Apartment,1,99 yrs lease commencing from 2022,15,Rest of Central Region,11 to 15
THE CONTINUUM,"1,592,000",559.73,"2,844",May-24,THIAM SIEW AVENUE,New Sale,Strata,52,"30,615",-,Apartment,1,Freehold,15,Rest of Central Region,06 to 10
SEASIDE RESIDENCES,"3,020,000","1,259.39","2,398",Apr-24,SIGLAP LINK,Resale,Strata,117,"25,812",-,Apartment,1,99 yrs lease commencing from 2016,15,Outside Central Region,06 to 10
VERANDA,"2,880,000","2,486.48","1,158",Apr-24,LORONG K TELOK KURAU,Resale,Strata,231,"12,468",-,Apartment,1,Freehold,15,Outside Central Region,01 to 05
SILVERSEA,"3,850,000","1,657.66","2,323",Apr-24,MARINE PARADE ROAD,Resale,Strata,154,"25,000",-,Condominium,1,99 yrs lease commencing from 2007,15,Rest of Central Region,16 to 20
LE CONNEY PARK,"1,738,000","1,194.8","1,455",Apr-24,LORONG L TELOK KURAU,Resale,Strata,111,"15,658",-,Apartment,1,Freehold,15,Outside Central Region,01 to 05
FLAMINGO VALLEY,"1,700,000",958,"1,775",Apr-24,SIGLAP ROAD,Resale,Strata,89,"19,101",-,Condominium,1,Freehold,15,Outside Central Region,01 to 05
IVORY,"2,000,000","1,862.17","1,074",Apr-24,CEYLON LANE,Resale,Strata,173,"11,561",-,Apartment,1,Freehold,15,Rest of Central Region,01 to 05
448@EAST COAST,"742,000",430.56,"1,723",Apr-24,EAST COAST ROAD,Resale,Strata,40,"18,550",-,Apartment,1,Freehold,15,Outside Central Region,01 to 05
VILLA MARTIA,"2,218,000","1,248.62","1,776",Apr-24,MARTIA ROAD,Resale,Strata,116,"19,121",-,Condominium,1,Freehold,15,Outside Central Region,01 to 05
SYCAMORE TREE,"1,190,000",753.48,"1,579",Apr-24,FOWLIE ROAD,Resale,Strata,70,"17,000",-,Apartment,1,Freehold,15,Rest of Central Region,01 to 05
PEBBLE BAY,"5,850,000","2,809.4","2,082",Apr-24,TANJONG RHU ROAD,Resale,Strata,261,"22,414",-,Condominium,1,99 yrs lease commencing from 1994,15,Rest of Central Region,06 to 10
GRAND DUNMAN,"2,078,000",775.01,"2,681",Apr-24,DUNMAN ROAD,New Sale,Strata,72,"28,861",-,Apartment,1,99 yrs lease commencing from 2022,15,Rest of Central Region,01 to 05
FLAMINGO VALLEY,"2,200,000","1,205.57","1,825",Apr-24,SIGLAP ROAD,Resale,Strata,112,"19,643",-,Condominium,1,Freehold,15,Outside Central Region,01 to 05
SANCTUARY GREEN,"2,480,000","1,571.54","1,578",Apr-24,TANJONG RHU ROAD,Resale,Strata,146,"16,986",-,Condominium,1,99 yrs lease commencing from 1997,15,Rest of Central Region,06 to 10
THE BELVEDERE,"3,220,000","1,367.03","2,355",Apr-24,MEYER ROAD,Resale,Strata,127,"25,354",-,Condominium,1,Freehold,15,Rest of Central Region,21 to 25
MARINE BLUE,"1,760,000","1,270.15","1,386",Apr-24,MARINE PARADE ROAD,Resale,Strata,118,"14,915",-,Condominium,1,Freehold,15,Rest of Central Region,11 to 15
PEBBLE BAY,"4,129,800","2,088.22","1,978",Apr-24,TANJONG RHU ROAD,Resale,Strata,194,"21,288",-,Condominium,1,99 yrs lease commencing from 1994,15,Rest of Central Region,06 to 10
FLAMINGO VALLEY,"1,585,000",861.12,"1,841",Apr-24,SIGLAP ROAD,Resale,Strata,80,"19,813",-,Condominium,1,Freehold,15,Outside Central Region,01 to 05
SAPPHIRE COURT,"1,700,000","1,431.61","1,187",Apr-24,LORONG K TELOK KURAU,Resale,Strata,133,"12,782",-,Apartment,1,Freehold,15,Outside Central Region,01 to 05
VILLA MARINA,"1,730,000","1,151.75","1,502",Apr-24,JALAN SEMPADAN,Resale,Strata,107,"16,168",-,Condominium,1,99 yrs lease commencing from 1995,15,Outside Central Region,01 to 05
THE BALE,"1,868,000","1,237.86","1,509",Apr-24,LORONG H TELOK KURAU,Resale,Strata,115,"16,243",-,Apartment,1,Freehold,15,Outside Central Region,01 to 05
GRAND DUNMAN,"2,700,000","1,097.93","2,459",Apr-24,DUNMAN ROAD,New Sale,Strata,102,"26,471",-,Apartment,1,99 yrs lease commencing from 2022,15,Rest of Central Region,06 to 10
HAIG RESIDENCES,"2,100,000","1,248.62","1,682",Apr-24,HAIG ROAD,Resale,Strata,116,"18,103",-,Apartment,1,Freehold,15,Rest of Central Region,01 to 05
MEYER RESIDENCE,"2,451,800","1,065.64","2,301",Apr-24,MEYER PLACE,Resale,Strata,99,"24,766",-,Apartment,1,Freehold,15,Rest of Central Region,11 to 15
GRAND DUNMAN,"3,256,000","1,291.68","2,521",Apr-24,DUNMAN ROAD,New Sale,Strata,120,"27,133",-,Apartment,1,99 yrs lease commencing from 2022,15,Rest of Central Region,01 to 05
THE ELEGANCE @ CHANGI,"2,195,000","1,948.28","1,127",Apr-24,LORONG 107 CHANGI,Resale,Strata,181,"12,127",-,Apartment,1,Freehold,15,Rest of Central Region,01 to 05
IDYLLIC RESIDENCES,"2,380,000","1,808.35","1,316",Apr-24,LORONG M TELOK KURAU,Resale,Strata,168,"14,167",-,Apartment,1,Freehold,15,Outside Central Region,01 to 05
AMBER SKYE,"2,630,000","1,119.46","2,349",Apr-24,AMBER ROAD,Resale,Strata,104,"25,288",-,Apartment,1,Freehold,15,Rest of Central Region,06 to 10
DUNMAN VIEW,"1,800,000","1,173.28","1,534",Apr-24,HAIG ROAD,Resale,Strata,109,"16,514",-,Condominium,1,99 yrs lease commencing from 1997,15,Rest of Central Region,06 to 10
38 I SUITES,"880,000",495.14,"1,777",Apr-24,IPOH LANE,Resale,Strata,46,"19,130",-,Apartment,1,Freehold,15,Rest of Central Region,06 to 10
FULCRUM,"1,070,000",473.62,"2,259",Apr-24,FORT ROAD,Resale,Strata,44,"24,318",-,Condominium,1,Freehold,15,Rest of Central Region,01 to 05
PALM VISTA,"2,080,000","1,410.08","1,475",Apr-24,LORONG G TELOK KURAU,Resale,Strata,131,"15,878",-,Apartment,1,Freehold,15,Outside Central Region,01 to 05
VERSILIA ON HAIG,"3,400,000","2,217.38","1,533",Apr-24,IPOH LANE,Resale,Strata,206,"16,505",-,Condominium,1,Freehold,15,Rest of Central Region,16 to 20
SYCAMORE TREE,"700,000",344.45,"2,032",Apr-24,FOWLIE ROAD,Resale,Strata,32,"21,875",-,Apartment,1,Freehold,15,Rest of Central Region,01 to 05
THE MEYERISE,"3,300,000","1,302.44","2,534",Apr-24,MEYER ROAD,Resale,Strata,121,"27,273",-,Condominium,1,Freehold,15,Rest of Central Region,11 to 15
FERNWOOD TOWERS,"2,620,000","1,636.13","1,601",Apr-24,FERNWOOD TERRACE,Resale,Strata,152,"17,237",-,Condominium,1,Freehold,15,Outside Central Region,11 to 15
COTE D'AZUR,"2,638,000","1,388.56","1,900",Apr-24,MARINE PARADE ROAD,Resale,Strata,129,"20,450",-,Condominium,1,99 yrs lease commencing from 2001,15,Rest of Central Region,16 to 20
PEBBLE BAY,"1,470,000",947.23,"1,552",Apr-24,TANJONG RHU ROAD,Resale,Strata,88,"16,705",-,Condominium,1,99 yrs lease commencing from 1994,15,Rest of Central Region,01 to 05
THE CONTINUUM,"2,828,000","1,065.64","2,654",Apr-24,THIAM SIEW AVENUE,New Sale,Strata,99,"28,566",-,Apartment,1,Freehold,15,Rest of Central Region,01 to 05
TEMBUSU GRAND,"3,363,000","1,431.61","2,349",Apr-24,JALAN TEMBUSU,New Sale,Strata,133,"25,286",-,Condominium,1,99 yrs lease commencing from 2022,15,Rest of Central Region,01 to 05
ONE AMBER,"3,000,000","1,323.97","2,266",Apr-24,AMBER GARDENS,Resale,Strata,123,"24,390",-,Condominium,1,Freehold,15,Rest of Central Region,21 to 25
PEBBLE BAY,"4,200,000","2,174.33","1,932",Apr-24,TANJONG RHU ROAD,Resale,Strata,202,"20,792",-,Condominium,1,99 yrs lease commencing from 1994,15,Rest of Central Region,06 to 10
CELESTIA,"1,430,000",850.36,"1,682",Apr-24,JOO CHIAT TERRACE,Resale,Strata,79,"18,101",-,Apartment,1,Freehold,15,Rest of Central Region,01 to 05
AALTO,"5,820,000","2,443.43","2,382",Apr-24,MEYER ROAD,Resale,Strata,227,"25,639",-,Condominium,1,Freehold,15,Rest of Central Region,06 to 10
PALM GALLERIA,"2,200,000","1,614.6","1,363",Apr-24,LORONG K TELOK KURAU,Resale,Strata,150,"14,667",-,Apartment,1,Freehold,15,Outside Central Region,01 to 05
KOON SENG HOUSE,"3,000,000","1,313.21","2,284",Apr-24,KOON SENG ROAD,New Sale,Strata,122,"24,590",-,Apartment,1,Freehold,15,Rest of Central Region,01 to 05
COSTA RHU,"1,970,000","1,399.32","1,408",Apr-24,RHU CROSS,Resale,Strata,130,"15,154",-,Condominium,1,99 yrs lease commencing from 1994,15,Rest of Central Region,06 to 10
ENVIO,"1,660,000","1,033.34","1,606",Apr-24,JOO CHIAT PLACE,Resale,Strata,96,"17,292",-,Apartment,1,Freehold,15,Outside Central Region,01 to 05
GRAND DUNMAN,"3,090,000","1,119.46","2,760",Apr-24,DUNMAN ROAD,New Sale,Strata,104,"29,712",-,Apartment,1,99 yrs lease commencing from 2022,15,Rest of Central Region,11 to 15
THE CONTINUUM,"3,320,000","1,227.1","2,706",Apr-24,THIAM SIEW AVENUE,New Sale,Strata,114,"29,123",-,Apartment,1,Freehold,15,Rest of Central Region,06 to 10
THE CONTINUUM,"2,141,000",721.19,"2,969",Apr-24,THIAM SIEW AVENUE,New Sale,Strata,67,"31,955",-,Apartment,1,Freehold,15,Rest of Central Region,16 to 20
ATLASSIA,"2,866,878","1,280.92","2,238",Apr-24,JOO CHIAT PLACE,New Sale,Strata,119,"24,091",-,Apartment,1,Freehold,15,Rest of Central Region,01 to 05
JUPITER 18,"730,000",452.09,"1,615",Apr-24,LORONG 102 CHANGI,Resale,Strata,42,"17,381",-,Apartment,1,Freehold,15,Rest of Central Region,01 to 05
AMBER PARK,"1,265,000",462.85,"2,733",Apr-24,AMBER GARDENS,Sub Sale,Strata,43,"29,419",-,Condominium,1,Freehold,15,Rest of Central Region,11 to 15
SERAYA VILLE,"2,000,000","1,248.62","1,602",Apr-24,SERAYA LANE,Resale,Strata,116,"17,241",-,Apartment,1,Freehold,15,Rest of Central Region,01 to 05
MANDARIN GARDENS,"2,850,000","2,034.4","1,401",Apr-24,SIGLAP ROAD,Resale,Strata,189,"15,079",-,Condominium,1,99 yrs lease commencing from 1982,15,Outside Central Region,16 to 20
THE CONTINUUM,"2,096,000",721.19,"2,906",Apr-24,THIAM SIEW AVENUE,New Sale,Strata,67,"31,284",-,Apartment,1,Freehold,15,Rest of Central Region,06 to 10
TEMBUSU GRAND,"3,501,000","1,431.61","2,445",Apr-24,JALAN TEMBUSU,New Sale,Strata,133,"26,323",-,Condominium,1,99 yrs lease commencing from 2022,15,Rest of Central Region,16 to 20
AMBER PARK,"2,100,000",742.72,"2,827",Apr-24,AMBER GARDENS,Sub Sale,Strata,69,"30,435",-,Condominium,1,Freehold,15,Rest of Central Region,06 to 10
LAGOON VIEW,"1,770,000","1,646.89","1,075",Apr-24,MARINE PARADE ROAD,Resale,Strata,153,"11,569",-,Apartment,1,99 yrs lease commencing from 1977,15,Outside Central Region,01 to 05
TEMBUSU GRAND,"2,496,000",990.29,"2,520",Apr-24,JALAN TEMBUSU,New Sale,Strata,92,"27,130",-,Condominium,1,99 yrs lease commencing from 2022,15,Rest of Central Region,16 to 20
SANCTUARY GREEN,"2,580,000","1,571.54","1,642",Apr-24,TANJONG RHU ROAD,Resale,Strata,146,"17,671",-,Condominium,1,99 yrs lease commencing from 1997,15,Rest of Central Region,11 to 15
PARKSHORE,"2,150,000","1,001.05","2,148",Apr-24,TANJONG RHU ROAD,Resale,Strata,93,"23,118",-,Condominium,1,Freehold,15,Rest of Central Region,11 to 15
RITZ REGENCY,"2,130,000","1,194.8","1,783",Apr-24,IPOH LANE,Resale,Strata,111,"19,189",-,Apartment,1,Freehold,15,Rest of Central Region,11 to 15
LE CONNEY PARK,"1,710,000","1,194.8","1,431",Apr-24,LORONG L TELOK KURAU,Resale,Strata,111,"15,405",-,Apartment,1,Freehold,15,Outside Central Region,01 to 05
ONE K GREENLANE,"2,420,000","1,786.82","1,354",Apr-24,GREEN LANE,Resale,Strata,166,"14,578",-,Apartment,1,Freehold,15,Rest of Central Region,01 to 05
THE CONTINUUM,"1,839,000",645.84,"2,847",Apr-24,THIAM SIEW AVENUE,New Sale,Strata,60,"30,650",-,Apartment,1,Freehold,15,Rest of Central Region,11 to 15
SILVERSEA,"4,920,000","2,497.25","1,970",Apr-24,MARINE PARADE ROAD,Resale,Strata,232,"21,207",-,Condominium,1,99 yrs lease commencing from 2007,15,Rest of Central Region,11 to 15
TEMBUSU GRAND,"3,672,000","1,603.84","2,290",Apr-24,JALAN TEMBUSU,New Sale,Strata,149,"24,644",-,Condominium,1,99 yrs lease commencing from 2022,15,Rest of Central Region,21 to 25
IMPERIAL HEIGHTS,"800,000",452.09,"1,770",Apr-24,IPOH LANE,Resale,Strata,42,"19,048",-,Apartment,1,Freehold,15,Rest of Central Region,11 to 15
THE SHORE RESIDENCES,"1,175,000",592.02,"1,985",Apr-24,AMBER ROAD,Resale,Strata,55,"21,364",-,Condominium,1,103 yrs lease commencing from 2009,15,Rest of Central Region,06 to 10
LAGUNA PARK,"2,180,000","1,614.6","1,350",Apr-24,MARINE PARADE ROAD,Resale,Strata,150,"14,533",-,Apartment,1,99 yrs lease commencing from 1977,15,Outside Central Region,21 to 25
GRAND DUNMAN,"2,078,000",775.01,"2,681",Apr-24,DUNMAN ROAD,New Sale,Strata,72,"28,861",-,Apartment,1,99 yrs lease commencing from 2022,15,Rest of Central Region,01 to 05
SEASIDE RESIDENCES,"1,288,888",592.02,"2,177",Apr-24,SIGLAP LINK,Resale,Strata,55,"23,434",-,Apartment,1,99 yrs lease commencing from 2016,15,Outside Central Region,16 to 20
GRAND DUNMAN,"3,329,000","1,291.68","2,577",Apr-24,DUNMAN ROAD,New Sale,Strata,120,"27,742",-,Apartment,1,99 yrs lease commencing from 2022,15,Rest of Central Region,11 to 15
TIVOLI GRANDE,"1,350,000",796.54,"1,695",Apr-24,KOON SENG ROAD,Resale,Strata,74,"18,243",-,Apartment,1,Freehold,15,Rest of Central Region,01 to 05
SEASIDE RESIDENCES,"4,220,000","1,733","2,435",Apr-24,SIGLAP LINK,Resale,Strata,161,"26,211",-,Apartment,1,99 yrs lease commencing from 2016,15,Outside Central Region,16 to 20
MANDARIN GARDENS,"2,100,000","1,571.54","1,336",Apr-24,SIGLAP ROAD,Resale,Strata,146,"14,384",-,Condominium,1,99 yrs lease commencing from 1982,15,Outside Central Region,16 to 20
AMBER SKYE,"2,315,000",990.29,"2,338",Apr-24,AMBER ROAD,Resale,Strata,92,"25,163",-,Apartment,1,Freehold,15,Rest of Central Region,16 to 20
LE CONNEY PARK,"1,810,000","1,291.68","1,401",Apr-24,LORONG L TELOK KURAU,Resale,Strata,120,"15,083",-,Apartment,1,Freehold,15,Outside Central Region,01 to 05
KOON SENG HOUSE,"1,894,000",785.77,"2,410",Apr-24,KOON SENG ROAD,New Sale,Strata,73,"25,945",-,Apartment,1,Freehold,15,Rest of Central Region,01 to 05
SUITES@ KATONG,"640,000",387.5,"1,652",Apr-24,TANJONG KATONG ROAD,Resale,Strata,36,"17,778",-,Apartment,1,Freehold,15,Rest of Central Region,01 to 05
FERNWOOD TOWERS,"2,688,888","1,646.89","1,633",Apr-24,FERNWOOD TERRACE,Resale,Strata,153,"17,574",-,Condominium,1,Freehold,15,Outside Central Region,06 to 10
THE ESTA,"3,110,000","1,345.5","2,311",Apr-24,AMBER GARDENS,Resale,Strata,125,"24,880",-,Condominium,1,Freehold,15,Rest of Central Region,11 to 15
SUNNY PALMS,"1,580,000","1,184.04","1,334",Apr-24,LORONG G TELOK KURAU,Resale,Strata,110,"14,364",-,Condominium,1,Freehold,15,Outside Central Region,01 to 05
THE ESTA,"3,600,000","1,593.07","2,260",Apr-24,AMBER GARDENS,Resale,Strata,148,"24,324",-,Condominium,1,Freehold,15,Rest of Central Region,06 to 10
STILLZ RESIDENCE,"2,020,000","2,088.22",967,Apr-24,LORONG 108 CHANGI,Resale,Strata,194,"10,412",-,Apartment,1,Freehold,15,Rest of Central Region,01 to 05
MANDARIN GARDENS,"2,150,000","1,571.54","1,368",Apr-24,SIGLAP ROAD,Resale,Strata,146,"14,726",-,Condominium,1,99 yrs lease commencing from 1982,15,Outside Central Region,16 to 20
RADIX,"1,150,000",764.24,"1,505",Apr-24,JALAN WAKAFF,Resale,Strata,71,"16,197",-,Apartment,1,Freehold,15,Outside Central Region,01 to 05
GREENLANE APARTMENT,"2,430,000","1,614.6","1,505",Apr-24,GREEN LANE,Resale,Strata,150,"16,200",-,Apartment,1,Freehold,15,Rest of Central Region,01 to 05
ONE AMBER,"3,200,000","1,453.14","2,202",Apr-24,AMBER GARDENS,Resale,Strata,135,"23,704",-,Condominium,1,Freehold,15,Rest of Central Region,11 to 15
MANDARIN GARDENS,"2,220,000","1,571.54","1,413",Apr-24,SIGLAP ROAD,Resale,Strata,146,"15,205",-,Condominium,1,99 yrs lease commencing from 1982,15,Outside Central Region,06 to 10
MOUNTBATTEN SUITES,"1,920,000","1,151.75","1,667",Apr-24,MOUNTBATTEN ROAD,Resale,Strata,107,"17,944",-,Apartment,1,Freehold,15,Rest of Central Region,01 to 05
MANDARIN GARDENS,"2,070,000","1,571.54","1,317",Apr-24,SIGLAP ROAD,Resale,Strata,146,"14,178",-,Condominium,1,99 yrs lease commencing from 1982,15,Outside Central Region,21 to 25
THE CONTINUUM,"2,086,000",721.19,"2,892",Apr-24,THIAM SIEW AVENUE,New Sale,Strata,67,"31,134",-,Apartment,1,Freehold,15,Rest of Central Region,16 to 20
THE RED HOUSE,"1,200,000",721.19,"1,664",Apr-24,EAST COAST ROAD,Resale,Strata,67,"17,910",-,Apartment,1,99 yrs lease commencing from 2012,15,Rest of Central Region,01 to 05
PARC BLEU,"1,470,000","1,140.98","1,288",Apr-24,JOO CHIAT PLACE,Resale,Strata,106,"13,868",-,Apartment,1,Freehold,15,Outside Central Region,01 to 05
LE MERRITT,"1,590,000",947.23,"1,679",Apr-24,LORONG M TELOK KURAU,Resale,Strata,88,"18,068",-,Apartment,1,Freehold,15,Outside Central Region,01 to 05
THE BALE,"2,188,000","1,700.71","1,287",Apr-24,LORONG H TELOK KURAU,Resale,Strata,158,"13,848",-,Apartment,1,Freehold,15,Outside Central Region,01 to 05
GALLERY 8,"2,010,000","1,270.15","1,582",Apr-24,PULASAN ROAD,Resale,Strata,118,"17,034",-,Apartment,1,Freehold,15,Rest of Central Region,01 to 05
PALMERA RESIDENCE,"2,450,000","1,862.17","1,316",Apr-24,LORONG N TELOK KURAU,Resale,Strata,173,"14,162",-,Apartment,1,Freehold,15,Outside Central Region,01 to 05
THE CONTINUUM,"2,086,000",721.19,"2,892",Apr-24,THIAM SIEW AVENUE,New Sale,Strata,67,"31,134",-,Apartment,1,Freehold,15,Rest of Central Region,16 to 20
GRAND DUNMAN,"1,925,000",667.37,"2,884",Apr-24,DUNMAN ROAD,New Sale,Strata,62,"31,048",-,Apartment,1,99 yrs lease commencing from 2022,15,Rest of Central Region,11 to 15
TIVOLI GRANDE,"1,780,000","1,388.56","1,282",Apr-24,KOON SENG ROAD,Resale,Strata,129,"13,798",-,Apartment,1,Freehold,15,Rest of Central Region,01 to 05
THE MEYER PLACE,"2,550,000","1,367.03","1,865",Apr-24,MEYER PLACE,Resale,Strata,127,"20,079",-,Apartment,1,Freehold,15,Rest of Central Region,06 to 10
GREENLANE APARTMENT,"2,100,000","1,474.67","1,424",Apr-24,GREEN LANE,Resale,Strata,137,"15,328",-,Apartment,1,Freehold,15,Rest of Central Region,01 to 05
THE MEYERISE,"2,155,000",882.65,"2,442",Apr-24,MEYER ROAD,Resale,Strata,82,"26,280",-,Condominium,1,Freehold,15,Rest of Central Region,11 to 15
CRESCENDO BUILDING,"1,668,000","1,302.44","1,281",Apr-24,UPPER EAST COAST ROAD,Resale,Strata,121,"13,785",-,Apartment,1,Freehold,15,Outside Central Region,01 to 05
38 I SUITES,"818,000",452.09,"1,809",Apr-24,IPOH LANE,Resale,Strata,42,"19,476",-,Apartment,1,Freehold,15,Rest of Central Region,06 to 10
THE LINE @ TANJONG RHU,"2,800,000","1,184.04","2,365",Apr-24,TANJONG RHU ROAD,Resale,Strata,110,"25,455",-,Condominium,1,Freehold,15,Rest of Central Region,06 to 10
THE CONTINUUM,"2,078,000",721.19,"2,881",Apr-24,THIAM SIEW AVENUE,New Sale,Strata,67,"31,015",-,Apartment,1,Freehold,15,Rest of Central Region,06 to 10
THE GERANIUM,"1,018,000",635.08,"1,603",Apr-24,MANGIS ROAD,Resale,Strata,59,"17,254",-,Condominium,1,Freehold,15,Rest of Central Region,01 to 05
COSTA RHU,"1,850,000","1,399.32","1,322",Apr-24,RHU CROSS,Resale,Strata,130,"14,231",-,Condominium,1,99 yrs lease commencing from 1994,15,Rest of Central Region,01 to 05
IMPERIAL HEIGHTS,"800,000",452.09,"1,770",Apr-24,IPOH LANE,Resale,Strata,42,"19,048",-,Apartment,1,Freehold,15,Rest of Central Region,06 to 10
PARQ BELLA,"2,561,000","1,097.93","2,333",Apr-24,TEMBELING ROAD,New Sale,Strata,102,"25,108",-,Apartment,1,Freehold,15,Rest of Central Region,01 to 05
VERSILIA ON HAIG,"2,180,000","1,130.22","1,929",Apr-24,IPOH LANE,Resale,Strata,105,"20,762",-,Condominium,1,Freehold,15,Rest of Central Region,16 to 20
THE VANDERLINT,"850,000",527.44,"1,612",Apr-24,CEYLON ROAD,Resale,Strata,49,"17,347",-,Apartment,1,Freehold,15,Rest of Central Region,01 to 05
THE COTZ,"640,000",409.03,"1,565",Apr-24,TELOK KURAU ROAD,Resale,Strata,38,"16,842",-,Apartment,1,Freehold,15,Outside Central Region,01 to 05
CORALIS,"1,880,000",861.12,"2,183",Apr-24,JOO CHIAT ROAD,Resale,Strata,80,"23,500",-,Condominium,1,Freehold,15,Rest of Central Region,06 to 10
THE CONTINUUM,"2,142,000",721.19,"2,970",Apr-24,THIAM SIEW AVENUE,New Sale,Strata,67,"31,970",-,Apartment,1,Freehold,15,Rest of Central Region,11 to 15
THE ATRIA AT MEYER,"3,468,888","1,614.6","2,148",Apr-24,MEYER ROAD,Resale,Strata,150,"23,126",-,Condominium,1,Freehold,15,Rest of Central Region,21 to 25
GRAND DUNMAN,"2,655,000","1,054.87","2,517",Apr-24,DUNMAN ROAD,New Sale,Strata,98,"27,092",-,Apartment,1,99 yrs lease commencing from 2022,15,Rest of Central Region,06 to 10
GRAND DUNMAN,"3,041,000","1,119.46","2,716",Apr-24,DUNMAN ROAD,New Sale,Strata,104,"29,240",-,Apartment,1,99 yrs lease commencing from 2022,15,Rest of Central Region,11 to 15
VIBES @ EAST COAST,"708,000",419.8,"1,687",Apr-24,TELOK KURAU ROAD,Resale,Strata,39,"18,154",-,Apartment,1,Freehold,15,Outside Central Region,01 to 05
THE MEDLEY,"1,980,000","1,302.44","1,520",Apr-24,LORONG G TELOK KURAU,Resale,Strata,121,"16,364",-,Apartment,1,Freehold,15,Outside Central Region,01 to 05
SILVERSEA,"1,975,000",968.76,"2,039",Apr-24,MARINE PARADE ROAD,Resale,Strata,90,"21,944",-,Condominium,1,99 yrs lease commencing from 2007,15,Rest of Central Region,01 to 05
LA MEYER,"2,265,000","1,280.92","1,768",Apr-24,MEYER ROAD,Resale,Strata,119,"19,034",-,Condominium,1,Freehold,15,Rest of Central Region,01 to 05
THE COTZ,"668,000",398.27,"1,677",Apr-24,TELOK KURAU ROAD,Resale,Strata,37,"18,054",-,Apartment,1,Freehold,15,Outside Central Region,01 to 05
PARC SEABREEZE,"3,360,000","1,593.07","2,109",Apr-24,JOO CHIAT ROAD,Resale,Strata,148,"22,703",-,Apartment,1,Freehold,15,Rest of Central Region,01 to 05
NYON,"1,808,000",721.19,"2,507",Apr-24,AMBER ROAD,Resale,Strata,67,"26,985",-,Apartment,1,Freehold,15,Rest of Central Region,01 to 05
THE CONTINUUM,"1,860,000",667.37,"2,787",Mar-24,THIAM SIEW AVENUE,New Sale,Strata,62,"30,000",-,Apartment,1,Freehold,15,Rest of Central Region,06 to 10
THE CONTINUUM,"2,095,000",721.19,"2,905",Mar-24,THIAM SIEW AVENUE,New Sale,Strata,67,"31,269",-,Apartment,1,Freehold,15,Rest of Central Region,11 to 15
THE CONTINUUM,"1,936,000",699.66,"2,767",Mar-24,THIAM SIEW AVENUE,New Sale,Strata,65,"29,785",-,Apartment,1,Freehold,15,Rest of Central Region,01 to 05
TEMBUSU GRAND,"2,476,000",990.29,"2,500",Mar-24,JALAN TEMBUSU,New Sale,Strata,92,"26,913",-,Condominium,1,99 yrs lease commencing from 2022,15,Rest of Central Region,16 to 20
TEMBUSU GRAND,"3,407,000","1,431.61","2,380",Mar-24,JALAN TEMBUSU,New Sale,Strata,133,"25,617",-,Condominium,1,99 yrs lease commencing from 2022,15,Rest of Central Region,01 to 05
TEMBUSU GRAND,"2,843,000","1,173.28","2,423",Mar-24,JALAN TEMBUSU,New Sale,Strata,109,"26,083",-,Condominium,1,99 yrs lease commencing from 2022,15,Rest of Central Region,06 to 10
TEMBUSU GRAND,"1,942,000",742.72,"2,615",Mar-24,JALAN TEMBUSU,New Sale,Strata,69,"28,145",-,Condominium,1,99 yrs lease commencing from 2022,15,Rest of Central Region,16 to 20
DAWN VILLE,"1,870,000","1,205.57","1,551",Mar-24,BUTTERWORTH LANE,Resale,Strata,112,"16,696",-,Apartment,1,Freehold,15,Rest of Central Region,06 to 10
THE CONTINUUM,"1,985,000",721.19,"2,752",Mar-24,THIAM SIEW AVENUE,New Sale,Strata,67,"29,627",-,Apartment,1,Freehold,15,Rest of Central Region,01 to 05
LAGUNA PARK,"1,850,000","1,614.6","1,146",Mar-24,MARINE PARADE ROAD,Resale,Strata,150,"12,333",-,Apartment,1,99 yrs lease commencing from 1977,15,Outside Central Region,01 to 05
LAGOON VIEW,"1,928,000","1,646.89","1,171",Mar-24,MARINE PARADE ROAD,Resale,Strata,153,"12,601",-,Apartment,1,99 yrs lease commencing from 1977,15,Outside Central Region,11 to 15
QUESTA @ DUNMAN,"808,000",430.56,"1,877",Mar-24,DUNMAN ROAD,Resale,Strata,40,"20,200",-,Apartment,1,Freehold,15,Rest of Central Region,01 to 05
THE CONTINUUM,"2,141,000",721.19,"2,969",Mar-24,THIAM SIEW AVENUE,New Sale,Strata,67,"31,955",-,Apartment,1,Freehold,15,Rest of Central Region,16 to 20
SERAYA 9,"1,290,000",818.06,"1,577",Mar-24,SERAYA LANE,Resale,Strata,76,"16,974",-,Apartment,1,Freehold,15,Rest of Central Region,01 to 05
IVORY,"2,218,000","1,743.77","1,272",Mar-24,CEYLON LANE,Resale,Strata,162,"13,691",-,Apartment,1,Freehold,15,Rest of Central Region,01 to 05
VILLA MARINA,"1,870,000","1,280.92","1,460",Mar-24,JALAN SEMPADAN,Resale,Strata,119,"15,714",-,Condominium,1,99 yrs lease commencing from 1995,15,Outside Central Region,01 to 05
AMBER SKYE,"3,100,000","1,334.74","2,323",Mar-24,AMBER ROAD,Resale,Strata,124,"25,000",-,Apartment,1,Freehold,15,Rest of Central Region,16 to 20
SEASIDE RESIDENCES,"3,410,000","1,485.43","2,296",Mar-24,SIGLAP LINK,Resale,Strata,138,"24,710",-,Apartment,1,99 yrs lease commencing from 2016,15,Outside Central Region,16 to 20
CASUARINA COVE,"1,135,000",753.48,"1,506",Mar-24,TANJONG RHU ROAD,Resale,Strata,70,"16,214",-,Condominium,1,99 yrs lease commencing from 1993,15,Rest of Central Region,01 to 05
VERSAILLES,"2,310,000","1,496.2","1,544",Mar-24,HEMMANT ROAD,Resale,Strata,139,"16,619",-,Condominium,1,Freehold,15,Rest of Central Region,01 to 05
LEGENDA AT JOO CHIAT,"1,520,000","1,033.34","1,471",Mar-24,JOO CHIAT LANE,Resale,Strata,96,"15,833",-,Condominium,1,99 yrs lease commencing from 2001,15,Rest of Central Region,01 to 05
THE CONTINUUM,"1,932,000",667.37,"2,895",Mar-24,THIAM SIEW AVENUE,New Sale,Strata,62,"31,161",-,Apartment,1,Freehold,15,Rest of Central Region,11 to 15
COTE D'AZUR,"2,550,000","1,270.15","2,008",Mar-24,MARINE PARADE ROAD,Resale,Strata,118,"21,610",-,Condominium,1,99 yrs lease commencing from 2001,15,Rest of Central Region,01 to 05
ONE AMBER,"3,000,000","1,334.74","2,248",Mar-24,AMBER GARDENS,Resale,Strata,124,"24,194",-,Condominium,1,Freehold,15,Rest of Central Region,21 to 25
WATER PLACE,"2,350,000","1,356.26","1,733",Mar-24,TANJONG RHU ROAD,Resale,Strata,126,"18,651",-,Condominium,1,99 yrs lease commencing from 1998,15,Rest of Central Region,01 to 05
KATONG REGENCY,"2,900,000","1,388.56","2,089",Mar-24,TANJONG KATONG ROAD,Resale,Strata,129,"22,481",-,Apartment,1,Freehold,15,Rest of Central Region,06 to 10
THE CONTINUUM,"3,355,000","1,270.15","2,641",Mar-24,THIAM SIEW AVENUE,New Sale,Strata,118,"28,432",-,Apartment,1,Freehold,15,Rest of Central Region,01 to 05
77 @ EAST COAST,"860,000",409.03,"2,103",Mar-24,UPPER EAST COAST ROAD,Resale,Strata,38,"22,632",-,Apartment,1,Freehold,15,Outside Central Region,01 to 05
COSTA RHU,"1,950,000","1,399.32","1,394",Mar-24,RHU CROSS,Resale,Strata,130,"15,000",-,Condominium,1,99 yrs lease commencing from 1994,15,Rest of Central Region,11 to 15
PALMERA RESIDENCE,"1,650,000",882.65,"1,869",Mar-24,LORONG N TELOK KURAU,Resale,Strata,82,"20,122",-,Apartment,1,Freehold,15,Outside Central Region,01 to 05
THE CONTINUUM,"2,059,000",721.19,"2,855",Mar-24,THIAM SIEW AVENUE,New Sale,Strata,67,"30,731",-,Apartment,1,Freehold,15,Rest of Central Region,11 to 15
GRAND DUNMAN,"3,414,000","1,431.61","2,385",Mar-24,DUNMAN ROAD,New Sale,Strata,133,"25,669",-,Apartment,1,99 yrs lease commencing from 2022,15,Rest of Central Region,01 to 05
GRAND DUNMAN,"3,058,000","1,291.68","2,367",Mar-24,DUNMAN ROAD,New Sale,Strata,120,"25,483",-,Apartment,1,99 yrs lease commencing from 2022,15,Rest of Central Region,01 to 05
GRAND DUNMAN,"3,063,000","1,291.68","2,371",Mar-24,DUNMAN ROAD,New Sale,Strata,120,"25,525",-,Apartment,1,99 yrs lease commencing from 2022,15,Rest of Central Region,01 to 05
GRAND DUNMAN,"3,068,000","1,291.68","2,375",Mar-24,DUNMAN ROAD,New Sale,Strata,120,"25,567",-,Apartment,1,99 yrs lease commencing from 2022,15,Rest of Central Region,01 to 05
GRAND DUNMAN,"3,712,000","1,431.61","2,593",Mar-24,DUNMAN ROAD,New Sale,Strata,133,"27,910",-,Apartment,1,99 yrs lease commencing from 2022,15,Rest of Central Region,11 to 15
LAGOON VIEW,"1,760,000","1,646.89","1,069",Mar-24,MARINE PARADE ROAD,Resale,Strata,153,"11,503",-,Apartment,1,99 yrs lease commencing from 1977,15,Outside Central Region,06 to 10
GRAND DUNMAN,"3,196,000","1,291.68","2,474",Mar-24,DUNMAN ROAD,New Sale,Strata,120,"26,633",-,Apartment,1,99 yrs lease commencing from 2022,15,Rest of Central Region,06 to 10
AALTO,"4,900,000","1,959.05","2,501",Mar-24,MEYER ROAD,Resale,Strata,182,"26,923",-,Condominium,1,Freehold,15,Rest of Central Region,16 to 20
BUTTERWORTH 8,"2,050,000","1,022.58","2,005",Mar-24,BUTTERWORTH LANE,Resale,Strata,95,"21,579",-,Condominium,1,Freehold,15,Rest of Central Region,06 to 10
GRAND DUNMAN,"3,570,000","1,431.61","2,494",Mar-24,DUNMAN ROAD,New Sale,Strata,133,"26,842",-,Apartment,1,99 yrs lease commencing from 2022,15,Rest of Central Region,11 to 15
GRAND DUNMAN,"3,053,000","1,291.68","2,364",Mar-24,DUNMAN ROAD,New Sale,Strata,120,"25,442",-,Apartment,1,99 yrs lease commencing from 2022,15,Rest of Central Region,01 to 05
GRAND DUNMAN,"3,147,000","1,291.68","2,436",Mar-24,DUNMAN ROAD,New Sale,Strata,120,"26,225",-,Apartment,1,99 yrs lease commencing from 2022,15,Rest of Central Region,11 to 15
GRAND DUNMAN,"3,153,000","1,291.68","2,441",Mar-24,DUNMAN ROAD,New Sale,Strata,120,"26,275",-,Apartment,1,99 yrs lease commencing from 2022,15,Rest of Central Region,11 to 15
GRAND DUNMAN,"3,165,000","1,291.68","2,450",Mar-24,DUNMAN ROAD,New Sale,Strata,120,"26,375",-,Apartment,1,99 yrs lease commencing from 2022,15,Rest of Central Region,16 to 20
GRAND DUNMAN,"3,171,000","1,291.68","2,455",Mar-24,DUNMAN ROAD,New Sale,Strata,120,"26,425",-,Apartment,1,99 yrs lease commencing from 2022,15,Rest of Central Region,16 to 20
GRAND DUNMAN,"2,214,000",775.01,"2,857",Mar-24,DUNMAN ROAD,New Sale,Strata,72,"30,750",-,Apartment,1,99 yrs lease commencing from 2022,15,Rest of Central Region,11 to 15
GRAND DUNMAN,"3,676,000","1,431.61","2,568",Mar-24,DUNMAN ROAD,New Sale,Strata,133,"27,639",-,Apartment,1,99 yrs lease commencing from 2022,15,Rest of Central Region,06 to 10
LAGUNA PARK,"2,100,000","1,614.6","1,301",Mar-24,MARINE PARADE ROAD,Resale,Strata,150,"14,000",-,Apartment,1,99 yrs lease commencing from 1977,15,Outside Central Region,11 to 15
THE ATRIA AT MEYER,"3,450,000","1,614.6","2,137",Mar-24,MEYER ROAD,Resale,Strata,150,"23,000",-,Condominium,1,Freehold,15,Rest of Central Region,16 to 20
TEMBUSU GRAND,"2,833,000","1,173.28","2,415",Mar-24,JALAN TEMBUSU,New Sale,Strata,109,"25,991",-,Condominium,1,99 yrs lease commencing from 2022,15,Rest of Central Region,06 to 10
RESIDENTIAL APARTMENTS,"1,430,000",979.52,"1,460",Mar-24,JOO CHIAT PLACE,Resale,Strata,91,"15,714",-,Apartment,1,Freehold,15,Rest of Central Region,01 to 05
EAST GALLERIA,"1,700,000",893.41,"1,903",Mar-24,SEA AVENUE,Resale,Strata,83,"20,482",-,Apartment,1,Freehold,15,Rest of Central Region,01 to 05
SPRING @ LANGSAT,"1,430,000",893.41,"1,601",Mar-24,LANGSAT ROAD,Resale,Strata,83,"17,229",-,Apartment,1,Freehold,15,Rest of Central Region,01 to 05
TIVOLI GRANDE,"1,950,000","1,528.49","1,276",Mar-24,KOON SENG ROAD,Resale,Strata,142,"13,732",-,Apartment,1,Freehold,15,Rest of Central Region,01 to 05
ST PATRICK'S LOFT,"2,050,000","1,227.1","1,671",Mar-24,ST. PATRICK'S ROAD,Resale,Strata,114,"17,982",-,Apartment,1,Freehold,15,Outside Central Region,01 to 05
EASTWIND MANSIONS,"2,000,888","1,345.5","1,487",Mar-24,JOO CHIAT TERRACE,Resale,Strata,125,"16,007",-,Apartment,1,Freehold,15,Rest of Central Region,01 to 05
GRAND DUNMAN,"3,159,000","1,291.68","2,446",Mar-24,DUNMAN ROAD,New Sale,Strata,120,"26,325",-,Apartment,1,99 yrs lease commencing from 2022,15,Rest of Central Region,11 to 15
GRAND DUNMAN,"3,088,000","1,291.68","2,391",Mar-24,DUNMAN ROAD,New Sale,Strata,120,"25,733",-,Apartment,1,99 yrs lease commencing from 2022,15,Rest of Central Region,01 to 05
THE CRISTALLO,"880,000",570.49,"1,543",Mar-24,LORONG K TELOK KURAU,Resale,Strata,53,"16,604",-,Apartment,1,Freehold,15,Outside Central Region,01 to 05
PARK EAST,"2,670,000","1,722.24","1,550",Mar-24,JALAN TUA KONG,Resale,Strata,160,"16,688",-,Condominium,1,Freehold,15,Outside Central Region,01 to 05
SILVERSEA,"1,933,888",979.52,"1,974",Mar-24,MARINE PARADE ROAD,Resale,Strata,91,"21,252",-,Condominium,1,99 yrs lease commencing from 2007,15,Rest of Central Region,01 to 05
STILL 123,"2,430,000","1,948.28","1,247",Mar-24,LANGSAT ROAD,Resale,Strata,181,"13,425",-,Apartment,1,Freehold,15,Rest of Central Region,01 to 05
WATER PLACE,"2,220,000","1,463.9","1,516",Mar-24,TANJONG RHU ROAD,Resale,Strata,136,"16,324",-,Condominium,1,99 yrs lease commencing from 1998,15,Rest of Central Region,01 to 05
SEASIDE RESIDENCES,"1,235,000",592.02,"2,086",Mar-24,SIGLAP LINK,Resale,Strata,55,"22,455",-,Apartment,1,99 yrs lease commencing from 2016,15,Outside Central Region,06 to 10
RESIDENTIAL APARTMENTS,"1,650,000","1,837.41",898,Mar-24,EVERITT ROAD,Resale,Land,170.7,"9,666",-,Apartment,1,Freehold,15,Rest of Central Region,01 to 05
HAIG 162,"710,000",355.21,"1,999",Mar-24,HAIG ROAD,Resale,Strata,33,"21,515",-,Apartment,1,Freehold,15,Rest of Central Region,11 to 15
GRAND DUNMAN,"2,072,000",775.01,"2,674",Mar-24,DUNMAN ROAD,New Sale,Strata,72,"28,778",-,Apartment,1,99 yrs lease commencing from 2022,15,Rest of Central Region,01 to 05
GRAND DUNMAN,"3,640,000","1,431.61","2,543",Mar-24,DUNMAN ROAD,New Sale,Strata,133,"27,368",-,Apartment,1,99 yrs lease commencing from 2022,15,Rest of Central Region,06 to 10
COSTA ESTE,"1,780,000","1,431.61","1,243",Mar-24,LORONG K TELOK KURAU,Resale,Strata,133,"13,383",-,Apartment,1,Freehold,15,Outside Central Region,01 to 05
KING'S MANSION,"3,060,000","1,603.84","1,908",Mar-24,TANJONG KATONG ROAD,Resale,Strata,149,"20,537",-,Condominium,1,Freehold,15,Rest of Central Region,16 to 20
ESPIRA SPRING,"1,500,000","1,194.8","1,255",Mar-24,LORONG G TELOK KURAU,Resale,Strata,111,"13,514",-,Apartment,1,Freehold,15,Outside Central Region,01 to 05
THE NCLAVE,"1,808,000","1,302.44","1,388",Mar-24,LORONG N TELOK KURAU,Resale,Strata,121,"14,942",-,Apartment,1,Freehold,15,Outside Central Region,01 to 05
PEBBLE BAY,"2,458,000","1,377.79","1,784",Mar-24,TANJONG RHU ROAD,Resale,Strata,128,"19,203",-,Condominium,1,99 yrs lease commencing from 1994,15,Rest of Central Region,01 to 05
PARK EAST,"3,160,000","2,023.63","1,562",Mar-24,JALAN TUA KONG,Resale,Strata,188,"16,809",-,Condominium,1,Freehold,15,Outside Central Region,01 to 05
AMBER PARK,"1,899,000",678.13,"2,800",Mar-24,AMBER GARDENS,Sub Sale,Strata,63,"30,143",-,Condominium,1,Freehold,15,Rest of Central Region,06 to 10
D'SAVILLE,"1,950,000","1,162.51","1,677",Mar-24,JALAN TENGGIRI,Resale,Strata,108,"18,056",-,Apartment,1,Freehold,15,Outside Central Region,01 to 05
RESIDENTIAL APARTMENTS,"1,400,000","1,044.11","1,341",Mar-24,EAST COAST ROAD,Resale,Strata,97,"14,433",-,Apartment,1,Freehold,15,Outside Central Region,01 to 05
THE ATRIA AT MEYER,"3,050,000","1,345.5","2,267",Mar-24,MEYER ROAD,Resale,Strata,125,"24,400",-,Condominium,1,Freehold,15,Rest of Central Region,21 to 25
SEASIDE RESIDENCES,"1,410,000",678.13,"2,079",Mar-24,SIGLAP LINK,Resale,Strata,63,"22,381",-,Apartment,1,99 yrs lease commencing from 2016,15,Outside Central Region,11 to 15
AQUENE,"1,488,888","1,119.46","1,330",Mar-24,LORONG BANDANG,Resale,Strata,104,"14,316",-,Apartment,1,Freehold,15,Outside Central Region,01 to 05
GRAND DUNMAN,"1,937,000",667.37,"2,902",Mar-24,DUNMAN ROAD,New Sale,Strata,62,"31,242",-,Apartment,1,99 yrs lease commencing from 2022,15,Rest of Central Region,11 to 15
THE SEA VIEW,"3,690,000","1,410.08","2,617",Mar-24,AMBER ROAD,Resale,Strata,131,"28,168",-,Condominium,1,Freehold,15,Rest of Central Region,21 to 25
NEPTUNE COURT,"1,250,000","1,270.15",984,Mar-24,MARINE VISTA,Resale,Strata,118,"10,593",-,Apartment,1,99 yrs lease commencing from 1976,15,Outside Central Region,06 to 10
THE AMBRA,"1,278,000",818.06,"1,562",Mar-24,LORONG H TELOK KURAU,Resale,Strata,76,"16,816",-,Apartment,1,Freehold,15,Outside Central Region,01 to 05
ONE AMBER,"2,880,000","1,302.44","2,211",Mar-24,AMBER GARDENS,Resale,Strata,121,"23,802",-,Condominium,1,Freehold,15,Rest of Central Region,01 to 05
THE SHORE RESIDENCES,"1,750,000",893.41,"1,959",Mar-24,AMBER ROAD,Resale,Strata,83,"21,084",-,Condominium,1,103 yrs lease commencing from 2009,15,Rest of Central Region,16 to 20
ISUITES @ MARSHALL,"1,000,000",613.55,"1,630",Mar-24,MARSHALL ROAD,Resale,Strata,57,"17,544",-,Apartment,1,Freehold,15,Rest of Central Region,01 to 05
DUNMAN VIEW,"1,830,000","1,173.28","1,560",Mar-24,HAIG ROAD,Resale,Strata,109,"16,789",-,Condominium,1,99 yrs lease commencing from 1997,15,Rest of Central Region,16 to 20
K SUITES,"3,400,000","1,646.89","2,064",Mar-24,LORONG K TELOK KURAU,New Sale,Strata,153,"22,222",-,Apartment,1,Freehold,15,Outside Central Region,01 to 05
TEMBUSU GRAND,"2,772,000","1,173.28","2,363",Mar-24,JALAN TEMBUSU,New Sale,Strata,109,"25,431",-,Condominium,1,99 yrs lease commencing from 2022,15,Rest of Central Region,06 to 10
TIERRA VUE,"3,450,000","1,915.99","1,801",Mar-24,ST. PATRICK'S ROAD,Resale,Strata,178,"19,382",-,Condominium,1,Freehold,15,Outside Central Region,01 to 05
GRAND DUNMAN,"4,172,000","1,689.95","2,469",Mar-24,DUNMAN ROAD,New Sale,Strata,157,"26,573",-,Apartment,1,99 yrs lease commencing from 2022,15,Rest of Central Region,16 to 20
THE BEACON EDGE,"1,270,000",678.13,"1,873",Mar-24,TEMBELING ROAD,Resale,Strata,63,"20,159",-,Apartment,1,Freehold,15,Rest of Central Region,01 to 05
WATER PLACE,"1,650,000",904.18,"1,825",Mar-24,TANJONG RHU ROAD,Resale,Strata,84,"19,643",-,Condominium,1,99 yrs lease commencing from 1998,15,Rest of Central Region,06 to 10
THE CONTINUUM,"2,639,000",947.23,"2,786",Mar-24,THIAM SIEW AVENUE,New Sale,Strata,88,"29,989",-,Apartment,1,Freehold,15,Rest of Central Region,06 to 10
LAGUNA PARK,"1,820,000","1,614.6","1,127",Mar-24,MARINE PARADE ROAD,Resale,Strata,150,"12,133",-,Apartment,1,99 yrs lease commencing from 1977,15,Outside Central Region,01 to 05
NATURE MANSIONS,"1,860,000","1,194.8","1,557",Mar-24,LORONG K TELOK KURAU,Resale,Strata,111,"16,757",-,Apartment,1,Freehold,15,Outside Central Region,01 to 05
GRAND DUNMAN,"1,411,000",548.96,"2,570",Mar-24,DUNMAN ROAD,New Sale,Strata,51,"27,667",-,Apartment,1,99 yrs lease commencing from 2022,15,Rest of Central Region,01 to 05
SHIRO,"1,308,000",990.29,"1,321",Mar-24,LORONG H TELOK KURAU,Resale,Strata,92,"14,217",-,Apartment,1,Freehold,15,Outside Central Region,01 to 05
TIERRA VUE,"2,300,000","1,227.1","1,874",Mar-24,ST. PATRICK'S ROAD,Resale,Strata,114,"20,175",-,Condominium,1,Freehold,15,Outside Central Region,01 to 05
SILVERSEA,"3,300,000","1,528.49","2,159",Mar-24,MARINE PARADE ROAD,Resale,Strata,142,"23,239",-,Condominium,1,99 yrs lease commencing from 2007,15,Rest of Central Region,06 to 10
THE SEAFRONT ON MEYER,"2,450,000","1,065.64","2,299",Mar-24,MEYER ROAD,Resale,Strata,99,"24,747",-,Condominium,1,Freehold,15,Rest of Central Region,16 to 20
HAIG ELEVEN,"2,400,000","1,442.38","1,664",Mar-24,HAIG AVENUE,Resale,Strata,134,"17,910",-,Apartment,1,Freehold,15,Rest of Central Region,01 to 05
COTE D'AZUR,"1,900,000","1,108.69","1,714",Mar-24,MARINE PARADE ROAD,Resale,Strata,103,"18,447",-,Condominium,1,99 yrs lease commencing from 2001,15,Rest of Central Region,01 to 05
TIVOLI GRANDE,"2,020,000","1,539.25","1,312",Mar-24,KOON SENG ROAD,Resale,Strata,143,"14,126",-,Apartment,1,Freehold,15,Rest of Central Region,01 to 05
CLAYDENCE,"1,768,500",785.77,"2,251",Mar-24,STILL ROAD,New Sale,Strata,73,"24,226",-,Apartment,1,Freehold,15,Rest of Central Region,01 to 05
THE CONTINUUM,"2,626,000",947.23,"2,772",Mar-24,THIAM SIEW AVENUE,New Sale,Strata,88,"29,841",-,Apartment,1,Freehold,15,Rest of Central Region,06 to 10
THE CONTINUUM,"2,896,000","1,065.64","2,718",Mar-24,THIAM SIEW AVENUE,New Sale,Strata,99,"29,253",-,Apartment,1,Freehold,15,Rest of Central Region,06 to 10
THE AZZURO,"2,300,000","1,829.88","1,257",Mar-24,LORONG H TELOK KURAU,Resale,Strata,170,"13,529",-,Apartment,1,Freehold,15,Outside Central Region,01 to 05
PEBBLE BAY,"3,620,000","1,894.46","1,911",Mar-24,TANJONG RHU ROAD,Resale,Strata,176,"20,568",-,Condominium,1,99 yrs lease commencing from 1994,15,Rest of Central Region,11 to 15
WATER PLACE,"2,200,000","1,216.33","1,809",Mar-24,TANJONG RHU ROAD,Resale,Strata,113,"19,469",-,Condominium,1,99 yrs lease commencing from 1998,15,Rest of Central Region,11 to 15
SANCTUARY GREEN,"2,800,000","2,723.29","1,028",Mar-24,TANJONG RHU ROAD,Resale,Strata,253,"11,067",-,Condominium,1,99 yrs lease commencing from 1997,15,Rest of Central Region,06 to 10
THE SHORE RESIDENCES,"2,680,000","1,291.68","2,075",Mar-24,AMBER ROAD,Resale,Strata,120,"22,333",-,Condominium,1,103 yrs lease commencing from 2009,15,Rest of Central Region,06 to 10
GRAND DUNMAN,"3,509,000","1,431.61","2,451",Mar-24,DUNMAN ROAD,New Sale,Strata,133,"26,383",-,Apartment,1,99 yrs lease commencing from 2022,15,Rest of Central Region,06 to 10
THE MAKENA,"2,388,888","1,291.68","1,849",Mar-24,MEYER ROAD,Resale,Strata,120,"19,907",-,Condominium,1,Freehold,15,Rest of Central Region,01 to 05
PARKSHORE,"2,000,000","1,001.05","1,998",Mar-24,TANJONG RHU ROAD,Resale,Strata,93,"21,505",-,Condominium,1,Freehold,15,Rest of Central Region,06 to 10
PARK EAST,"3,380,000","1,969.81","1,716",Mar-24,JALAN TUA KONG,Resale,Strata,183,"18,470",-,Condominium,1,Freehold,15,Outside Central Region,06 to 10
GRAND DUNMAN,"2,035,000",775.01,"2,626",Mar-24,DUNMAN ROAD,New Sale,Strata,72,"28,264",-,Apartment,1,99 yrs lease commencing from 2022,15,Rest of Central Region,06 to 10
SILVERSEA,"1,838,000",979.52,"1,876",Mar-24,MARINE PARADE ROAD,Resale,Strata,91,"20,198",-,Condominium,1,99 yrs lease commencing from 2007,15,Rest of Central Region,06 to 10
SEVENTY SAINT PATRICK'S,"2,060,000",936.47,"2,200",Mar-24,ST. PATRICK'S ROAD,Resale,Strata,87,"23,678",-,Condominium,1,Freehold,15,Outside Central Region,01 to 05
GRAND DUNMAN,"3,041,000","1,119.46","2,716",Mar-24,DUNMAN ROAD,New Sale,Strata,104,"29,240",-,Apartment,1,99 yrs lease commencing from 2022,15,Rest of Central Region,06 to 10
ARDOR RESIDENCE,"2,415,000",979.52,"2,465",Mar-24,HAIG ROAD,New Sale,Strata,91,"26,538",-,Apartment,1,Freehold,15,Rest of Central Region,01 to 05
THE BELVEDERE,"3,000,000","1,302.44","2,303",Mar-24,MEYER ROAD,Resale,Strata,121,"24,793",-,Condominium,1,Freehold,15,Rest of Central Region,06 to 10
ONE MEYER,"1,800,000",613.55,"2,934",Mar-24,MEYER PLACE,Sub Sale,Strata,57,"31,579",-,Apartment,1,Freehold,15,Rest of Central Region,11 to 15
THE AMBROSIA,"2,450,000","1,474.67","1,661",Mar-24,LORONG N TELOK KURAU,Resale,Strata,137,"17,883",-,Apartment,1,Freehold,15,Outside Central Region,01 to 05
TEMBUSU GRAND,"2,903,000","1,173.28","2,474",Mar-24,JALAN TEMBUSU,New Sale,Strata,109,"26,633",-,Condominium,1,99 yrs lease commencing from 2022,15,Rest of Central Region,16 to 20
TEMBELING CENTRE,"3,000,000","2,152.8","1,394",Mar-24,TEMBELING ROAD,Resale,Strata,200,"15,000",-,Apartment,1,Freehold,15,Rest of Central Region,01 to 05
SEASIDE RESIDENCES,"1,190,000",505.91,"2,352",Mar-24,SIGLAP LINK,Resale,Strata,47,"25,319",-,Apartment,1,99 yrs lease commencing from 2016,15,Outside Central Region,21 to 25
GRAND DUNMAN,"2,078,000",775.01,"2,681",Mar-24,DUNMAN ROAD,New Sale,Strata,72,"28,861",-,Apartment,1,99 yrs lease commencing from 2022,15,Rest of Central Region,01 to 05
GRAND DUNMAN,"2,251,000",775.01,"2,904",Mar-24,DUNMAN ROAD,New Sale,Strata,72,"31,264",-,Apartment,1,99 yrs lease commencing from 2022,15,Rest of Central Region,16 to 20
TEMBUSU GRAND,"2,456,000",990.29,"2,480",Mar-24,JALAN TEMBUSU,New Sale,Strata,92,"26,696",-,Condominium,1,99 yrs lease commencing from 2022,15,Rest of Central Region,11 to 15
KOON SENG HOUSE,"1,810,000",785.77,"2,303",Mar-24,KOON SENG ROAD,New Sale,Strata,73,"24,795",-,Apartment,1,Freehold,15,Rest of Central Region,01 to 05
GRAND DUNMAN,"3,515,000","1,431.61","2,455",Feb-24,DUNMAN ROAD,New Sale,Strata,133,"26,429",-,Apartment,1,99 yrs lease commencing from 2022,15,Rest of Central Region,06 to 10
JC COURT,"1,710,000","1,431.61","1,194",Feb-24,JOO CHIAT PLACE,Resale,Strata,133,"12,857",-,Apartment,1,Freehold,15,Rest of Central Region,01 to 05
THE CONTINUUM,"3,405,000","1,227.1","2,775",Feb-24,THIAM SIEW AVENUE,New Sale,Strata,114,"29,868",-,Apartment,1,Freehold,15,Rest of Central Region,11 to 15
CASUARINA COVE,"2,050,000","1,388.56","1,476",Feb-24,TANJONG RHU ROAD,Resale,Strata,129,"15,891",-,Condominium,1,99 yrs lease commencing from 1993,15,Rest of Central Region,01 to 05
VERDOR RESIDENCES,"2,418,888","1,356.26","1,783",Feb-24,JOO CHIAT TERRACE,Resale,Strata,126,"19,198",-,Apartment,1,Freehold,15,Rest of Central Region,01 to 05
GRAND DUNMAN,"3,098,000","1,291.68","2,398",Feb-24,DUNMAN ROAD,New Sale,Strata,120,"25,817",-,Apartment,1,99 yrs lease commencing from 2022,15,Rest of Central Region,06 to 10
PARADISE PALMS,"2,000,000","1,151.75","1,736",Feb-24,DUNMAN ROAD,Resale,Strata,107,"18,692",-,Apartment,1,Freehold,15,Rest of Central Region,06 to 10
BUTTERWORTH 8,"2,500,000","1,496.2","1,671",Feb-24,BUTTERWORTH LANE,Resale,Strata,139,"17,986",-,Condominium,1,Freehold,15,Rest of Central Region,01 to 05
THE CONTINUUM,"2,059,000",721.19,"2,855",Feb-24,THIAM SIEW AVENUE,New Sale,Strata,67,"30,731",-,Apartment,1,Freehold,15,Rest of Central Region,11 to 15
GRAND DUNMAN,"1,405,000",548.96,"2,559",Feb-24,DUNMAN ROAD,New Sale,Strata,51,"27,549",-,Apartment,1,99 yrs lease commencing from 2022,15,Rest of Central Region,01 to 05
COTE D'AZUR,"2,500,000","1,323.97","1,888",Feb-24,MARINE PARADE ROAD,Resale,Strata,123,"20,325",-,Condominium,1,99 yrs lease commencing from 2001,15,Rest of Central Region,06 to 10
THE SEA VIEW,"3,600,000","1,410.08","2,553",Feb-24,AMBER ROAD,Resale,Strata,131,"27,481",-,Condominium,1,Freehold,15,Rest of Central Region,11 to 15
COASTLINE RESIDENCES,"2,000,000",721.19,"2,773",Feb-24,AMBER ROAD,Sub Sale,Strata,67,"29,851",-,Apartment,1,Freehold,15,Rest of Central Region,01 to 05
SANCTUARY GREEN,"1,850,000","1,140.98","1,621",Feb-24,TANJONG RHU ROAD,Resale,Strata,106,"17,453",-,Condominium,1,99 yrs lease commencing from 1997,15,Rest of Central Region,01 to 05
THE GERANIUM,"1,528,000",925.7,"1,651",Feb-24,MANGIS ROAD,Resale,Strata,86,"17,767",-,Condominium,1,Freehold,15,Rest of Central Region,01 to 05
THE SEA VIEW,"3,150,000","1,216.33","2,590",Feb-24,AMBER ROAD,Resale,Strata,113,"27,876",-,Condominium,1,Freehold,15,Rest of Central Region,16 to 20
ATLASSIA,"2,721,408","1,216.33","2,237",Feb-24,JOO CHIAT PLACE,New Sale,Strata,113,"24,083",-,Apartment,1,Freehold,15,Rest of Central Region,01 to 05
TEMBUSU GRAND,"2,466,000",990.29,"2,490",Feb-24,JALAN TEMBUSU,New Sale,Strata,92,"26,804",-,Condominium,1,99 yrs lease commencing from 2022,15,Rest of Central Region,16 to 20
THE SEA VIEW,"2,948,000","1,216.33","2,424",Feb-24,AMBER ROAD,Resale,Strata,113,"26,088",-,Condominium,1,Freehold,15,Rest of Central Region,06 to 10
RESIDENCE 66,"1,090,000",753.48,"1,447",Feb-24,TELOK KURAU ROAD,Resale,Strata,70,"15,571",-,Apartment,1,Freehold,15,Outside Central Region,01 to 05
KING'S MANSION,"3,195,000","1,808.35","1,767",Feb-24,AMBER GARDENS,Resale,Strata,168,"19,018",-,Condominium,1,Freehold,15,Rest of Central Region,01 to 05
NEPTUNE COURT,"1,660,000","1,636.13","1,015",Feb-24,MARINE VISTA,Resale,Strata,152,"10,921",-,Apartment,1,99 yrs lease commencing from 1975,15,Outside Central Region,06 to 10
FLAMINGO VALLEY,"1,530,000",839.59,"1,822",Feb-24,SIGLAP ROAD,Resale,Strata,78,"19,615",-,Condominium,1,Freehold,15,Outside Central Region,01 to 05
AMBER PARK,"2,680,000",947.23,"2,829",Feb-24,AMBER GARDENS,Sub Sale,Strata,88,"30,455",-,Condominium,1,Freehold,15,Rest of Central Region,16 to 20
PEBBLE BAY,"4,217,560","2,174.33","1,940",Feb-24,TANJONG RHU ROAD,Resale,Strata,202,"20,879",-,Condominium,1,99 yrs lease commencing from 1994,15,Rest of Central Region,01 to 05
MEYER MANSION,"5,000,000","1,765.3","2,832",Feb-24,MEYER ROAD,Sub Sale,Strata,164,"30,488",-,Apartment,1,Freehold,15,Rest of Central Region,21 to 25
CANNAVILLE,"1,720,000","1,205.57","1,427",Feb-24,DUKU ROAD,Resale,Strata,112,"15,357",-,Apartment,1,Freehold,15,Rest of Central Region,01 to 05
GRAND DUNMAN,"1,819,000",667.37,"2,726",Feb-24,DUNMAN ROAD,New Sale,Strata,62,"29,339",-,Apartment,1,99 yrs lease commencing from 2022,15,Rest of Central Region,01 to 05
GRAND DUNMAN,"2,078,000",775.01,"2,681",Feb-24,DUNMAN ROAD,New Sale,Strata,72,"28,861",-,Apartment,1,99 yrs lease commencing from 2022,15,Rest of Central Region,01 to 05
MEYER MANSION,"2,000,000",688.9,"2,903",Feb-24,MEYER ROAD,New Sale,Strata,64,"31,250",-,Apartment,1,Freehold,15,Rest of Central Region,01 to 05
THE MAKENA,"2,630,000","1,474.67","1,783",Feb-24,MEYER ROAD,Resale,Strata,137,"19,197",-,Condominium,1,Freehold,15,Rest of Central Region,01 to 05
SANCTUARY GREEN,"1,350,000",850.36,"1,588",Feb-24,TANJONG RHU ROAD,Resale,Strata,79,"17,089",-,Condominium,1,99 yrs lease commencing from 1997,15,Rest of Central Region,01 to 05
PEACH GARDEN,"5,100,000","2,766.35","1,844",Feb-24,PEACH GARDEN,Resale,Strata,257,"19,844",-,Apartment,1,Freehold,15,Rest of Central Region,06 to 10
COASTARINA,"1,228,888",678.13,"1,812",Feb-24,EAST COAST ROAD,Resale,Strata,63,"19,506",-,Apartment,1,Freehold,15,Outside Central Region,01 to 05
PARC ELEGANCE,"1,080,000",721.19,"1,498",Feb-24,TELOK KURAU ROAD,Resale,Strata,67,"16,119",-,Apartment,1,Freehold,15,Outside Central Region,01 to 05
COTE D'AZUR,"2,000,000","1,108.69","1,804",Feb-24,MARINE PARADE ROAD,Resale,Strata,103,"19,417",-,Condominium,1,99 yrs lease commencing from 2001,15,Rest of Central Region,11 to 15
EASTERN RESIDENCE,"1,400,000","1,054.87","1,327",Feb-24,JOO CHIAT PLACE,Resale,Strata,98,"14,286",-,Apartment,1,Freehold,15,Outside Central Region,01 to 05
THE ARISTO @ AMBER,"1,180,000",624.31,"1,890",Feb-24,AMBER ROAD,Resale,Strata,58,"20,345",-,Apartment,1,Freehold,15,Rest of Central Region,06 to 10
SUITES@ KATONG,"688,000",387.5,"1,775",Feb-24,TANJONG KATONG ROAD,Resale,Strata,36,"19,111",-,Apartment,1,Freehold,15,Rest of Central Region,01 to 05
THE WATERSIDE,"3,780,000","2,142.04","1,765",Feb-24,TANJONG RHU ROAD,Resale,Strata,199,"18,995",-,Condominium,1,Freehold,15,Rest of Central Region,01 to 05
MARGATE POINT,"2,260,000","1,280.92","1,764",Feb-24,MARGATE ROAD,Resale,Strata,119,"18,992",-,Apartment,1,Freehold,15,Rest of Central Region,06 to 10
GRAND DUNMAN,"3,646,000","1,431.61","2,547",Feb-24,DUNMAN ROAD,New Sale,Strata,133,"27,414",-,Apartment,1,99 yrs lease commencing from 2022,15,Rest of Central Region,06 to 10
EAST PALM,"2,180,000","1,743.77","1,250",Feb-24,PALM ROAD,Resale,Strata,162,"13,457",-,Apartment,1,Freehold,15,Outside Central Region,01 to 05
SIGLAP V,"710,000",452.09,"1,570",Feb-24,FIRST STREET,Resale,Strata,42,"16,905",-,Apartment,1,Freehold,15,Outside Central Region,01 to 05
BUTTERWORTH VIEW,"1,850,000","1,216.33","1,521",Feb-24,BUTTERWORTH LANE,Resale,Strata,113,"16,372",-,Apartment,1,Freehold,15,Rest of Central Region,01 to 05
PARK EAST,"3,200,000","1,969.81","1,625",Feb-24,JALAN TUA KONG,Resale,Strata,183,"17,486",-,Condominium,1,Freehold,15,Outside Central Region,01 to 05
GRAND DUNMAN,"3,606,000","1,431.61","2,519",Feb-24,DUNMAN ROAD,New Sale,Strata,133,"27,113",-,Apartment,1,99 yrs lease commencing from 2022,15,Rest of Central Region,11 to 15
GRAND DUNMAN,"3,630,000","1,431.61","2,536",Feb-24,DUNMAN ROAD,New Sale,Strata,133,"27,293",-,Apartment,1,99 yrs lease commencing from 2022,15,Rest of Central Region,16 to 20
TEMBUSU GRAND,"2,324,000",990.29,"2,347",Feb-24,JALAN TEMBUSU,New Sale,Strata,92,"25,261",-,Condominium,1,99 yrs lease commencing from 2022,15,Rest of Central Region,01 to 05
GRAND DUNMAN,"3,618,000","1,431.61","2,527",Feb-24,DUNMAN ROAD,New Sale,Strata,133,"27,203",-,Apartment,1,99 yrs lease commencing from 2022,15,Rest of Central Region,16 to 20
GRAND DUNMAN,"3,103,000","1,291.68","2,402",Feb-24,DUNMAN ROAD,New Sale,Strata,120,"25,858",-,Apartment,1,99 yrs lease commencing from 2022,15,Rest of Central Region,06 to 10
THE VIEW @ MEYER,"2,375,000","1,065.64","2,229",Feb-24,MEYER ROAD,Resale,Strata,99,"23,990",-,Apartment,1,Freehold,15,Rest of Central Region,01 to 05
SILVERSEA,"2,138,000",968.76,"2,207",Feb-24,MARINE PARADE ROAD,Resale,Strata,90,"23,756",-,Condominium,1,99 yrs lease commencing from 2007,15,Rest of Central Region,01 to 05
PARK EAST,"2,700,000","1,754.53","1,539",Feb-24,JALAN TUA KONG,Resale,Strata,163,"16,564",-,Condominium,1,Freehold,15,Outside Central Region,01 to 05
THE SEAFRONT ON MEYER,"2,400,000","1,065.64","2,252",Feb-24,MEYER ROAD,Resale,Strata,99,"24,242",-,Condominium,1,Freehold,15,Rest of Central Region,11 to 15
THE LINE @ TANJONG RHU,"1,370,000",570.49,"2,401",Feb-24,TANJONG RHU ROAD,Resale,Strata,53,"25,849",-,Condominium,1,Freehold,15,Rest of Central Region,11 to 15
RADIX,"2,760,000","1,991.34","1,386",Feb-24,JALAN WAKAFF,Resale,Strata,185,"14,919",-,Apartment,1,Freehold,15,Outside Central Region,01 to 05
LAGOON VIEW,"1,960,000","1,646.89","1,190",Feb-24,MARINE PARADE ROAD,Resale,Strata,153,"12,810",-,Apartment,1,99 yrs lease commencing from 1977,15,Outside Central Region,06 to 10
FLORA EAST,"1,880,000","1,453.14","1,294",Feb-24,JOO CHIAT PLACE,Resale,Strata,135,"13,926",-,Apartment,1,Freehold,15,Rest of Central Region,01 to 05
SILVERSEA,"2,050,000","1,065.64","1,924",Feb-24,MARINE PARADE ROAD,Resale,Strata,99,"20,707",-,Condominium,1,99 yrs lease commencing from 2007,15,Rest of Central Region,06 to 10
THE SEAFRONT ON MEYER,"4,828,000","2,088.22","2,312",Feb-24,MEYER ROAD,Resale,Strata,194,"24,887",-,Condominium,1,Freehold,15,Rest of Central Region,16 to 20
CHAPEL LODGE,"2,500,000","1,593.07","1,569",Feb-24,LORONG STANGEE,Resale,Strata,148,"16,892",-,Condominium,1,Freehold,15,Rest of Central Region,-
THE SEA VIEW,"3,500,000","1,410.08","2,482",Feb-24,AMBER ROAD,Resale,Strata,131,"26,718",-,Condominium,1,Freehold,15,Rest of Central Region,11 to 15
PEBBLE BAY,"3,125,000","1,894.46","1,650",Feb-24,TANJONG RHU ROAD,Resale,Strata,176,"17,756",-,Condominium,1,99 yrs lease commencing from 1994,15,Rest of Central Region,01 to 05
EAST SIGNATURE,"2,380,000","1,926.76","1,235",Feb-24,ELLIOT WALK,Resale,Strata,179,"13,296",-,Apartment,1,Freehold,15,Outside Central Region,01 to 05
MODA,"1,528,000",764.24,"1,999",Feb-24,EAST COAST ROAD,Resale,Strata,71,"21,521",-,Apartment,1,Freehold,15,Rest of Central Region,11 to 15
LE MERRITT,"1,700,000",990.29,"1,717",Feb-24,LORONG M TELOK KURAU,Resale,Strata,92,"18,478",-,Apartment,1,Freehold,15,Outside Central Region,01 to 05
NEPTUNE COURT,"1,320,000","1,270.15","1,039",Feb-24,MARINE VISTA,Resale,Strata,118,"11,186",-,Apartment,1,99 yrs lease commencing from 1976,15,Outside Central Region,16 to 20
KATONG REGENCY,"1,130,000",570.49,"1,981",Feb-24,TANJONG KATONG ROAD,Resale,Strata,53,"21,321",-,Apartment,1,Freehold,15,Rest of Central Region,06 to 10
RIVEREDGE,"2,388,000","1,334.74","1,789",Feb-24,SAMPAN PLACE,Resale,Strata,124,"19,258",-,Condominium,1,99 yrs lease commencing from 2004,15,Rest of Central Region,06 to 10
AMBER POINT,"3,000,000","1,689.95","1,775",Feb-24,AMBER ROAD,Resale,Strata,157,"19,108",-,Condominium,1,Freehold,15,Rest of Central Region,01 to 05
CORALIS,"1,920,000",904.18,"2,123",Feb-24,JOO CHIAT ROAD,Resale,Strata,84,"22,857",-,Condominium,1,Freehold,15,Rest of Central Region,16 to 20
AALTO,"5,000,000","1,959.05","2,552",Feb-24,MEYER ROAD,Resale,Strata,182,"27,473",-,Condominium,1,Freehold,15,Rest of Central Region,21 to 25
MANDARIN GARDENS,"1,000,000",731.95,"1,366",Feb-24,SIGLAP ROAD,Resale,Strata,68,"14,706",-,Condominium,1,99 yrs lease commencing from 1982,15,Outside Central Region,06 to 10
COSTA RHU,"2,800,000","1,646.89","1,700",Feb-24,RHU CROSS,Resale,Strata,153,"18,301",-,Condominium,1,99 yrs lease commencing from 1994,15,Rest of Central Region,11 to 15
VIBES @ EAST COAST,"728,000",419.8,"1,734",Feb-24,TELOK KURAU ROAD,Resale,Strata,39,"18,667",-,Apartment,1,Freehold,15,Outside Central Region,01 to 05
MODA,"3,400,000","1,840.64","1,847",Feb-24,EAST COAST ROAD,Resale,Strata,171,"19,883",-,Apartment,1,Freehold,15,Rest of Central Region,16 to 20
THE SHORE RESIDENCES,"1,700,000",893.41,"1,903",Feb-24,AMBER ROAD,Resale,Strata,83,"20,482",-,Condominium,1,103 yrs lease commencing from 2009,15,Rest of Central Region,16 to 20
PALM OASIS,"1,100,000",861.12,"1,277",Feb-24,LORONG H TELOK KURAU,Resale,Strata,80,"13,750",-,Apartment,1,Freehold,15,Outside Central Region,01 to 05
PARC SEABREEZE,"3,080,000","1,356.26","2,271",Feb-24,JOO CHIAT ROAD,Resale,Strata,126,"24,444",-,Apartment,1,Freehold,15,Rest of Central Region,06 to 10
QUESTA @ DUNMAN,"800,000",430.56,"1,858",Feb-24,DUNMAN ROAD,Resale,Strata,40,"20,000",-,Apartment,1,Freehold,15,Rest of Central Region,11 to 15
KING'S MANSION,"3,200,000","1,603.84","1,995",Feb-24,TANJONG KATONG ROAD,Resale,Strata,149,"21,477",-,Condominium,1,Freehold,15,Rest of Central Region,16 to 20
ONE @ PULASAN,"1,360,000",871.88,"1,560",Feb-24,PULASAN ROAD,Resale,Strata,81,"16,790",-,Apartment,1,Freehold,15,Rest of Central Region,01 to 05
TEMBUSU GRAND,"1,943,000",742.72,"2,616",Feb-24,JALAN TEMBUSU,New Sale,Strata,69,"28,159",-,Condominium,1,99 yrs lease commencing from 2022,15,Rest of Central Region,11 to 15
THE CONTINUUM,"1,822,000",667.37,"2,730",Feb-24,THIAM SIEW AVENUE,New Sale,Strata,62,"29,387",-,Apartment,1,Freehold,15,Rest of Central Region,06 to 10
PEBBLE BAY,"3,750,000","2,335.79","1,605",Feb-24,TANJONG RHU ROAD,Resale,Strata,217,"17,281",-,Condominium,1,99 yrs lease commencing from 1994,15,Rest of Central Region,06 to 10
D'ECOSIA,"2,400,000","1,227.1","1,956",Feb-24,STILL ROAD SOUTH,Resale,Strata,114,"21,053",-,Condominium,1,Freehold,15,Outside Central Region,01 to 05
COSTA RHU,"2,500,000","1,646.89","1,518",Feb-24,RHU CROSS,Resale,Strata,153,"16,340",-,Condominium,1,99 yrs lease commencing from 1994,15,Rest of Central Region,06 to 10
SUNNY PALMS,"1,568,888","1,130.22","1,388",Feb-24,LORONG G TELOK KURAU,Resale,Strata,105,"14,942",-,Condominium,1,Freehold,15,Outside Central Region,01 to 05
HAWAII TOWER,"4,000,000","2,238.91","1,787",Feb-24,MEYER ROAD,Resale,Strata,208,"19,231",-,Condominium,1,Freehold,15,Rest of Central Region,06 to 10
AMBER SKYE,"3,200,000","1,334.74","2,397",Feb-24,AMBER ROAD,Resale,Strata,124,"25,806",-,Apartment,1,Freehold,15,Rest of Central Region,16 to 20
BUTTERWORTH 8,"2,670,000","1,345.5","1,984",Feb-24,BUTTERWORTH LANE,Resale,Strata,125,"21,360",-,Condominium,1,Freehold,15,Rest of Central Region,11 to 15
MANDARIN GARDENS,"2,180,000","1,571.54","1,387",Feb-24,SIGLAP ROAD,Resale,Strata,146,"14,932",-,Condominium,1,99 yrs lease commencing from 1982,15,Outside Central Region,16 to 20
THE MONTAGE,"1,000,000",656.6,"1,523",Feb-24,LORONG M TELOK KURAU,Resale,Strata,61,"16,393",-,Apartment,1,Freehold,15,Outside Central Region,01 to 05
ONE FORT,"2,500,000","1,205.57","2,074",Jan-24,FORT ROAD,Resale,Strata,112,"22,321",-,Condominium,1,Freehold,15,Rest of Central Region,11 to 15
MABELLE,"1,428,888",882.65,"1,619",Jan-24,LORONG M TELOK KURAU,Resale,Strata,82,"17,425",-,Apartment,1,Freehold,15,Outside Central Region,01 to 05
MAYFAIR RESIDENCES,"2,280,000","1,194.8","1,908",Jan-24,EAST COAST ROAD,Resale,Strata,111,"20,541",-,Apartment,1,Freehold,15,Outside Central Region,01 to 05
THE CONTINUUM,"1,875,000",667.37,"2,810",Jan-24,THIAM SIEW AVENUE,New Sale,Strata,62,"30,242",-,Apartment,1,Freehold,15,Rest of Central Region,11 to 15
THE SHORE RESIDENCES,"1,788,888",914.94,"1,955",Jan-24,AMBER ROAD,Resale,Strata,85,"21,046",-,Condominium,1,103 yrs lease commencing from 2009,15,Rest of Central Region,06 to 10
DUNMAN VIEW,"1,750,000","1,173.28","1,492",Jan-24,HAIG ROAD,Resale,Strata,109,"16,055",-,Condominium,1,99 yrs lease commencing from 1997,15,Rest of Central Region,06 to 10
THE ESTA,"3,118,000","1,345.5","2,317",Jan-24,AMBER GARDENS,Resale,Strata,125,"24,944",-,Condominium,1,Freehold,15,Rest of Central Region,11 to 15
VERSILIA ON HAIG,"1,900,000","1,022.58","1,858",Jan-24,IPOH LANE,Resale,Strata,95,"20,000",-,Condominium,1,Freehold,15,Rest of Central Region,16 to 20
HERITAGE EAST,"725,000",409.03,"1,772",Jan-24,EAST COAST ROAD,Resale,Strata,38,"19,079",-,Apartment,1,Freehold,15,Outside Central Region,01 to 05
GRAND DUNMAN,"2,055,000",775.01,"2,652",Jan-24,DUNMAN ROAD,New Sale,Strata,72,"28,542",-,Apartment,1,99 yrs lease commencing from 2022,15,Rest of Central Region,06 to 10
THE CONTINUUM,"2,115,000",721.19,"2,933",Jan-24,THIAM SIEW AVENUE,New Sale,Strata,67,"31,567",-,Apartment,1,Freehold,15,Rest of Central Region,11 to 15
SANCTUARY GREEN,"2,540,000","1,571.54","1,616",Jan-24,TANJONG RHU ROAD,Resale,Strata,146,"17,397",-,Condominium,1,99 yrs lease commencing from 1997,15,Rest of Central Region,06 to 10
GRAND DUNMAN,"1,880,000",721.19,"2,607",Jan-24,DUNMAN ROAD,New Sale,Strata,67,"28,060",-,Apartment,1,99 yrs lease commencing from 2022,15,Rest of Central Region,01 to 05
GRAND DUNMAN,"4,395,000","1,786.82","2,460",Jan-24,DUNMAN ROAD,New Sale,Strata,166,"26,476",-,Apartment,1,99 yrs lease commencing from 2022,15,Rest of Central Region,06 to 10
NEPTUNE COURT,"1,700,000","1,636.13","1,039",Jan-24,MARINE VISTA,Resale,Strata,152,"11,184",-,Apartment,1,99 yrs lease commencing from 1975,15,Outside Central Region,21 to 25
EMPRADO SUITES,"1,680,000","1,054.87","1,593",Jan-24,LORONG N TELOK KURAU,Resale,Strata,98,"17,143",-,Apartment,1,Freehold,15,Outside Central Region,01 to 05
TANJONG RIA CONDOMINIUM,"948,000",613.55,"1,545",Jan-24,TANJONG RHU ROAD,Resale,Strata,57,"16,632",-,Condominium,1,99 yrs lease commencing from 1993,15,Rest of Central Region,01 to 05
SPRING @ KATONG,"2,920,000","1,679.18","1,739",Jan-24,CEYLON ROAD,Resale,Strata,156,"18,718",-,Apartment,1,Freehold,15,Rest of Central Region,01 to 05
LAGOON VIEW,"1,900,000","1,646.89","1,154",Jan-24,MARINE PARADE ROAD,Resale,Strata,153,"12,418",-,Apartment,1,99 yrs lease commencing from 1977,15,Outside Central Region,11 to 15
SUITES @ EASTCOAST,"750,000",419.8,"1,787",Jan-24,UPPER EAST COAST ROAD,Resale,Strata,39,"19,231",-,Condominium,1,Freehold,15,Outside Central Region,01 to 05
CASUARINA COVE,"2,260,000","1,388.56","1,628",Jan-24,TANJONG RHU ROAD,Resale,Strata,129,"17,519",-,Condominium,1,99 yrs lease commencing from 1993,15,Rest of Central Region,11 to 15
PARC ELEGANCE,"968,000",602.78,"1,606",Jan-24,TELOK KURAU ROAD,Resale,Strata,56,"17,286",-,Apartment,1,Freehold,15,Outside Central Region,01 to 05
VILLA MARINA,"1,530,000","1,130.22","1,354",Jan-24,JALAN SEMPADAN,Resale,Strata,105,"14,571",-,Condominium,1,99 yrs lease commencing from 1995,15,Outside Central Region,01 to 05
THE ESTA,"3,680,000","1,593.07","2,310",Jan-24,AMBER GARDENS,Resale,Strata,148,"24,865",-,Condominium,1,Freehold,15,Rest of Central Region,11 to 15
THE CONTINUUM,"2,893,000","1,065.64","2,715",Jan-24,THIAM SIEW AVENUE,New Sale,Strata,99,"29,222",-,Apartment,1,Freehold,15,Rest of Central Region,06 to 10
EMERY POINT,"2,400,000","1,323.97","1,813",Jan-24,IPOH LANE,Resale,Strata,123,"19,512",-,Apartment,1,Freehold,15,Rest of Central Region,11 to 15
THE CONTINUUM,"2,515,000",947.23,"2,655",Jan-24,THIAM SIEW AVENUE,New Sale,Strata,88,"28,580",-,Apartment,1,Freehold,15,Rest of Central Region,01 to 05
MEYERHOUSE,"9,280,000","2,970.86","3,124",Jan-24,MEYER ROAD,Resale,Strata,276,"33,623",-,Condominium,1,Freehold,15,Rest of Central Region,01 to 05
SEASIDE RESIDENCES,"1,100,000",505.91,"2,174",Jan-24,SIGLAP LINK,Resale,Strata,47,"23,404",-,Apartment,1,99 yrs lease commencing from 2016,15,Outside Central Region,06 to 10
THE RAMFORD,"2,180,000","1,194.8","1,825",Jan-24,RAMBAI ROAD,Resale,Strata,111,"19,640",-,Apartment,1,Freehold,15,Rest of Central Region,01 to 05
EQUATORIAL APARTMENTS,"4,330,000","2,497.25","1,734",Jan-24,MEYER ROAD,Resale,Strata,232,"18,664",-,Apartment,1,Freehold,15,Rest of Central Region,06 to 10
VENTURA VIEW,"2,080,000","1,959.05","1,062",Jan-24,RAMBUTAN ROAD,Resale,Strata,182,"11,429",-,Apartment,1,Freehold,15,Rest of Central Region,01 to 05
PALM LOFT,"2,128,000","1,679.18","1,267",Jan-24,JOO CHIAT TERRACE,Resale,Strata,156,"13,641",-,Apartment,1,Freehold,15,Rest of Central Region,01 to 05
SILVERSEA,"3,200,000","1,485.43","2,154",Jan-24,MARINE PARADE ROAD,Resale,Strata,138,"23,188",-,Condominium,1,99 yrs lease commencing from 2007,15,Rest of Central Region,06 to 10
FINLAND GARDENS,"2,700,000","1,722.24","1,568",Jan-24,EAST COAST TERRACE,Resale,Strata,160,"16,875",-,Condominium,1,Freehold,15,Outside Central Region,01 to 05
LAGUNA PARK,"3,600,000","3,369.13","1,069",Jan-24,MARINE PARADE ROAD,Resale,Strata,313,"11,502",-,Apartment,1,99 yrs lease commencing from 1977,15,Outside Central Region,21 to 25
THE CONTINUUM,"1,795,000",667.37,"2,690",Jan-24,THIAM SIEW AVENUE,New Sale,Strata,62,"28,952",-,Apartment,1,Freehold,15,Rest of Central Region,01 to 05
ATLASSIA,"2,741,026","1,227.1","2,234",Jan-24,JOO CHIAT PLACE,New Sale,Strata,114,"24,044",-,Apartment,1,Freehold,15,Rest of Central Region,01 to 05
D'ECOSIA,"920,000",505.91,"1,819",Jan-24,STILL ROAD SOUTH,Resale,Strata,47,"19,574",-,Condominium,1,Freehold,15,Outside Central Region,01 to 05
LAGUNA PARK,"1,878,000","1,453.14","1,292",Jan-24,MARINE PARADE ROAD,Resale,Strata,135,"13,911",-,Apartment,1,99 yrs lease commencing from 1977,15,Outside Central Region,06 to 10
HAIG COURT,"1,850,000","1,076.4","1,719",Jan-24,HAIG ROAD,Resale,Strata,100,"18,500",-,Condominium,1,Freehold,15,Rest of Central Region,06 to 10
LA VIDA @ 130,"1,120,000",775.01,"1,445",Jan-24,LORONG K TELOK KURAU,Resale,Strata,72,"15,556",-,Apartment,1,Freehold,15,Outside Central Region,01 to 05
RESIDENTIAL APARTMENTS,"1,900,000","1,388.56","1,368",Jan-24,JOO CHIAT PLACE,Resale,Strata,129,"14,729",-,Apartment,1,Freehold,15,Rest of Central Region,01 to 05
AMBER PARK,"2,153,000",742.72,"2,899",Jan-24,AMBER GARDENS,Sub Sale,Strata,69,"31,203",-,Condominium,1,Freehold,15,Rest of Central Region,11 to 15
TEMBUSU GRAND,"1,970,000",742.72,"2,652",Jan-24,JALAN TEMBUSU,New Sale,Strata,69,"28,551",-,Condominium,1,99 yrs lease commencing from 2022,15,Rest of Central Region,16 to 20
THE BALE,"1,800,000","1,205.57","1,493",Jan-24,LORONG H TELOK KURAU,Resale,Strata,112,"16,071",-,Apartment,1,Freehold,15,Outside Central Region,01 to 05
PEBBLE BAY,"4,210,000","2,766.35","1,522",Jan-24,TANJONG RHU ROAD,Resale,Strata,257,"16,381",-,Condominium,1,99 yrs lease commencing from 1994,15,Rest of Central Region,01 to 05
THE ESTA,"3,150,000","1,399.32","2,251",Jan-24,AMBER GARDENS,Resale,Strata,130,"24,231",-,Condominium,1,Freehold,15,Rest of Central Region,11 to 15
THE CONTINUUM,"2,688,000",947.23,"2,838",Jan-24,THIAM SIEW AVENUE,New Sale,Strata,88,"30,545",-,Apartment,1,Freehold,15,Rest of Central Region,11 to 15
THE CAPE,"1,850,000",850.36,"2,176",Jan-24,AMBER ROAD,Resale,Strata,79,"23,418",-,Apartment,1,Freehold,15,Rest of Central Region,06 to 10
PARC BLEU,"1,435,000","1,119.46","1,282",Jan-24,JOO CHIAT PLACE,Resale,Strata,104,"13,798",-,Apartment,1,Freehold,15,Outside Central Region,01 to 05
ESTIQUE,"1,850,000","1,302.44","1,420",Jan-24,ROSE LANE,Resale,Strata,121,"15,289",-,Apartment,1,Freehold,15,Rest of Central Region,01 to 05
LAGUNA PARK,"1,928,000","1,614.6","1,194",Jan-24,MARINE PARADE ROAD,Resale,Strata,150,"12,853",-,Apartment,1,99 yrs lease commencing from 1977,15,Outside Central Region,06 to 10
AMBER PARK,"3,200,000","1,108.69","2,886",Jan-24,AMBER GARDENS,Sub Sale,Strata,103,"31,068",-,Condominium,1,Freehold,15,Rest of Central Region,11 to 15
PALM OASIS,"1,090,000",742.72,"1,468",Jan-24,LORONG H TELOK KURAU,Resale,Strata,69,"15,797",-,Apartment,1,Freehold,15,Outside Central Region,01 to 05
LE CONNEY PARK,"1,700,000","1,205.57","1,410",Jan-24,LORONG L TELOK KURAU,Resale,Strata,112,"15,179",-,Apartment,1,Freehold,15,Outside Central Region,01 to 05
EAST PALM,"1,700,000","1,054.87","1,612",Jan-24,PALM ROAD,Resale,Strata,98,"17,347",-,Apartment,1,Freehold,15,Outside Central Region,01 to 05
TG MANSION,"1,600,000","1,248.62","1,281",Jan-24,LORONG H TELOK KURAU,Resale,Strata,116,"13,793",-,Apartment,1,Freehold,15,Outside Central Region,01 to 05
THE CONTINUUM,"2,077,000",721.19,"2,880",Jan-24,THIAM SIEW AVENUE,New Sale,Strata,67,"31,000",-,Apartment,1,Freehold,15,Rest of Central Region,16 to 20
KNOX VIEW,"1,900,000","1,184.04","1,605",Jan-24,LORONG M TELOK KURAU,Resale,Strata,110,"17,273",-,Apartment,1,Freehold,15,Outside Central Region,01 to 05
THE CONTINUUM,"2,101,000",721.19,"2,913",Jan-24,THIAM SIEW AVENUE,New Sale,Strata,67,"31,358",-,Apartment,1,Freehold,15,Rest of Central Region,11 to 15
THE CONTINUUM,"2,129,000",721.19,"2,952",Jan-24,THIAM SIEW AVENUE,New Sale,Strata,67,"31,776",-,Apartment,1,Freehold,15,Rest of Central Region,11 to 15
VENTURA VIEW,"700,000",441.32,"1,586",Jan-24,RAMBUTAN ROAD,Resale,Strata,41,"17,073",-,Apartment,1,Freehold,15,Rest of Central Region,01 to 05
FULCRUM,"1,510,000",678.13,"2,227",Jan-24,FORT ROAD,Resale,Strata,63,"23,968",-,Condominium,1,Freehold,15,Rest of Central Region,01 to 05
EAST PALM,"1,855,000","1,194.8","1,553",Jan-24,PALM ROAD,Resale,Strata,111,"16,712",-,Apartment,1,Freehold,15,Outside Central Region,01 to 05
SANDY EIGHT,"1,300,000",678.13,"1,917",Jan-24,SANDY LANE,Resale,Strata,63,"20,635",-,Apartment,1,Freehold,15,Rest of Central Region,01 to 05
THE MAKENA,"2,360,000","1,291.68","1,827",Jan-24,MEYER ROAD,Resale,Strata,120,"19,667",-,Condominium,1,Freehold,15,Rest of Central Region,01 to 05
THE CONTINUUM,"2,037,000",721.19,"2,825",Jan-24,THIAM SIEW AVENUE,New Sale,Strata,67,"30,403",-,Apartment,1,Freehold,15,Rest of Central Region,11 to 15
K SUITES,"2,850,000","1,388.56","2,052",Jan-24,LORONG K TELOK KURAU,New Sale,Strata,129,"22,093",-,Apartment,1,Freehold,15,Outside Central Region,01 to 05
THE CONTINUUM,"3,140,000","1,087.16","2,888",Jan-24,THIAM SIEW AVENUE,New Sale,Strata,101,"31,089",-,Apartment,1,Freehold,15,Rest of Central Region,11 to 15
FERNWOOD TOWERS,"2,550,000","1,646.89","1,548",Jan-24,FERNWOOD TERRACE,Resale,Strata,153,"16,667",-,Condominium,1,Freehold,15,Outside Central Region,11 to 15
CAMELOT BY-THE-WATER,"5,400,000","3,530.59","1,529",Jan-24,TANJONG RHU ROAD,Resale,Strata,328,"16,463",-,Condominium,1,99 yrs lease commencing from 1996,15,Rest of Central Region,01 to 05
THE VERTE,"1,858,000","1,108.69","1,676",Jan-24,LORONG H TELOK KURAU,Resale,Strata,103,"18,039",-,Apartment,1,Freehold,15,Outside Central Region,01 to 05
THE LINE @ TANJONG RHU,"1,038,000",419.8,"2,473",Jan-24,TANJONG RHU ROAD,Resale,Strata,39,"26,615",-,Condominium,1,Freehold,15,Rest of Central Region,06 to 10
RICCHEZZA,"1,560,000","1,259.39","1,239",Jan-24,LORONG M TELOK KURAU,Resale,Strata,117,"13,333",-,Apartment,1,Freehold,15,Outside Central Region,01 to 05
WATER PLACE,"1,955,000","1,216.33","1,607",Jan-24,TANJONG RHU ROAD,Resale,Strata,113,"17,301",-,Condominium,1,99 yrs lease commencing from 1998,15,Rest of Central Region,11 to 15
GRAND DUCHESS AT ST PATRICK'S,"3,900,000","2,572.6","1,516",Jan-24,ST. PATRICK'S ROAD,Resale,Strata,239,"16,318",-,Condominium,1,Freehold,15,Outside Central Region,01 to 05
ESTIQUE,"1,408,888",882.65,"1,596",Jan-24,ROSE LANE,Resale,Strata,82,"17,182",-,Apartment,1,Freehold,15,Rest of Central Region,01 to 05
CANTIZ @ RAMBAI,"1,760,000","1,496.2","1,176",Jan-24,RAMBAI ROAD,Resale,Strata,139,"12,662",-,Apartment,1,Freehold,15,Rest of Central Region,01 to 05
THE HACIENDA,"3,665,000","2,195.86","1,669",Jan-24,HACIENDA GROVE,Resale,Strata,204,"17,966",-,Condominium,1,Freehold,15,Outside Central Region,01 to 05
CANTIZ @ RAMBAI,"1,440,000",871.88,"1,652",Jan-24,RAMBAI ROAD,Resale,Strata,81,"17,778",-,Apartment,1,Freehold,15,Rest of Central Region,01 to 05
GRAND DUNMAN,"1,627,000",667.37,"2,438",Jan-24,DUNMAN ROAD,New Sale,Strata,62,"26,242",-,Apartment,1,99 yrs lease commencing from 2022,15,Rest of Central Region,01 to 05
THE COTZ,"720,000",452.09,"1,593",Jan-24,TELOK KURAU ROAD,Resale,Strata,42,"17,143",-,Apartment,1,Freehold,15,Outside Central Region,01 to 05
DUNMAN VIEW,"1,800,000","1,216.33","1,480",Jan-24,HAIG ROAD,Resale,Strata,113,"15,929",-,Condominium,1,99 yrs lease commencing from 1997,15,Rest of Central Region,06 to 10
