Project,planning_area,Postal District,Date of Sale,Address,Street,Bedrooms,Unit Price ($psf),Price ($),Type,Tenure,Sale Type,Area (sqft),Area (sqm),Type of Area,Purchaser Address,Source,source_quality,source_url,source_slug
BALLOTA PARK CONDOMINIUM,PASIR RIS,17,27 Apr 2026,156 MARIAM WAY #05-XX,156 MARIAM WAY,2,1197,1185000,Condominium,Freehold,Resale,990,91.974,Strata,Private,URA,not_clean,https://www.edgeprop.sg/condo-apartment/ballota-park-condominium,ballota-park-condominium
BALLOTA PARK CONDOMINIUM,PASIR RIS,17,6 Apr 2026,156 MARIAM WAY #03-XX,156 MARIAM WAY,2,1161,1650000,Condominium,Freehold,Resale,1421,132.015,Strata,Private,URA,not_clean,https://www.edgeprop.sg/condo-apartment/ballota-park-condominium,ballota-park-condominium
BALLOTA PARK CONDOMINIUM,PASIR RIS,17,27 Mar 2026,156 MARIAM WAY #04-XX,156 MARIAM WAY,3,1171,1500000,Condominium,Freehold,Resale,1281,119.009,Strata,HDB,URA,not_clean,https://www.edgeprop.sg/condo-apartment/ballota-park-condominium,ballota-park-condominium
BALLOTA PARK CONDOMINIUM,PASIR RIS,17,16 Mar 2026,156 MARIAM WAY #04-XX,156 MARIAM WAY,2,1126,1600000,Condominium,Freehold,Resale,1421,132.015,Strata,Private,URA,not_clean,https://www.edgeprop.sg/condo-apartment/ballota-park-condominium,ballota-park-condominium
BALLOTA PARK CONDOMINIUM,PASIR RIS,17,6 Oct 2025,150 MARIAM WAY #06-XX,150 MARIAM WAY,2,1126,1600000,Condominium,Freehold,Resale,1421,132.015,Strata,Private,URA,not_clean,https://www.edgeprop.sg/condo-apartment/ballota-park-condominium,ballota-park-condominium
BALLOTA PARK CONDOMINIUM,PASIR RIS,17,2 Oct 2025,162 MARIAM WAY #03-XX,162 MARIAM WAY,3,1109,1635000,Condominium,Freehold,Resale,1475,137.032,Strata,HDB,URA,not_clean,https://www.edgeprop.sg/condo-apartment/ballota-park-condominium,ballota-park-condominium
BALLOTA PARK CONDOMINIUM,PASIR RIS,17,30 Sep 2025,162 MARIAM WAY #07-XX,162 MARIAM WAY,4,1114,1895000,Condominium,Freehold,Resale,1701,158.028,Strata,HDB,URA,not_clean,https://www.edgeprop.sg/condo-apartment/ballota-park-condominium,ballota-park-condominium
BALLOTA PARK CONDOMINIUM,PASIR RIS,17,10 Sep 2025,164 MARIAM WAY #04-XX,164 MARIAM WAY,3,1177,1735000,Condominium,Freehold,Resale,1475,137.032,Strata,Private,URA,not_clean,https://www.edgeprop.sg/condo-apartment/ballota-park-condominium,ballota-park-condominium
BALLOTA PARK CONDOMINIUM,PASIR RIS,17,8 Aug 2025,156 Mariam Way #05-XX,156 Mariam Way,2,1144,1626000,Condominium,Freehold,Resale,1421,132.015,Strata,Private,URA,not_clean,https://www.edgeprop.sg/condo-apartment/ballota-park-condominium,ballota-park-condominium
BALLOTA PARK CONDOMINIUM,PASIR RIS,17,14 Jul 2025,162 Mariam Way #03-XX,162 Mariam Way,3,1123,1620000,Condominium,Freehold,Resale,1442,133.966,Strata,Private,URA,not_clean,https://www.edgeprop.sg/condo-apartment/ballota-park-condominium,ballota-park-condominium
BALLOTA PARK CONDOMINIUM,PASIR RIS,17,2 Jul 2025,162 Mariam Way #06-XX,162 Mariam Way,3,1061,1530000,Condominium,Freehold,Resale,1442,133.966,Strata,HDB,URA,not_clean,https://www.edgeprop.sg/condo-apartment/ballota-park-condominium,ballota-park-condominium
BALLOTA PARK CONDOMINIUM,PASIR RIS,17,26 May 2025,150 Mariam Way #03-XX,150 Mariam Way,2,1033,1101000,Condominium,Freehold,Resale,1066,99.035,Strata,Private,URA,not_clean,https://www.edgeprop.sg/condo-apartment/ballota-park-condominium,ballota-park-condominium
BALLOTA PARK CONDOMINIUM,PASIR RIS,17,26 May 2025,150 Mariam Way #05-XX,150 Mariam Way,3,1069,1530000,Condominium,Freehold,Resale,1432,133.037,Strata,HDB,URA,not_clean,https://www.edgeprop.sg/condo-apartment/ballota-park-condominium,ballota-park-condominium
BALLOTA PARK CONDOMINIUM,PASIR RIS,17,21 May 2025,152 Mariam Way #06-XX,152 Mariam Way,2,1048,1060000,Condominium,Freehold,Resale,1012,94.018,Strata,HDB,URA,not_clean,https://www.edgeprop.sg/condo-apartment/ballota-park-condominium,ballota-park-condominium
BALLOTA PARK CONDOMINIUM,PASIR RIS,17,16 May 2025,150 Mariam Way #06-XX,150 Mariam Way,2,1079,1150000,Condominium,Freehold,Resale,1066,99.035,Strata,Private,URA,not_clean,https://www.edgeprop.sg/condo-apartment/ballota-park-condominium,ballota-park-condominium
BALLOTA PARK CONDOMINIUM,PASIR RIS,17,28 Mar 2025,150 Mariam Way #03-XX,150 Mariam Way,2,1063,1510000,Condominium,Freehold,Resale,1421,132.015,Strata,Private,URA,not_clean,https://www.edgeprop.sg/condo-apartment/ballota-park-condominium,ballota-park-condominium
BALLOTA PARK CONDOMINIUM,PASIR RIS,17,24 Mar 2025,156 Mariam Way #01-XX,156 Mariam Way,3,987,1690000,Condominium,Freehold,Resale,1711,158.957,Strata,HDB,URA,not_clean,https://www.edgeprop.sg/condo-apartment/ballota-park-condominium,ballota-park-condominium
BALLOTA PARK CONDOMINIUM,PASIR RIS,17,10 Feb 2025,152 Mariam Way #01-XX,152 Mariam Way,2,969,1356000,Condominium,Freehold,Resale,1399,129.971,Strata,Private,URA,not_clean,https://www.edgeprop.sg/condo-apartment/ballota-park-condominium,ballota-park-condominium
BALLOTA PARK CONDOMINIUM,PASIR RIS,17,17 Dec 2024,152 Mariam Way #06-XX,152 Mariam Way,2,1038,1050000,Condominium,Freehold,Resale,1012,94.018,Strata,Private,URA,not_clean,https://www.edgeprop.sg/condo-apartment/ballota-park-condominium,ballota-park-condominium
BALLOTA PARK CONDOMINIUM,PASIR RIS,17,28 Nov 2024,152 Mariam Way #06-XX,152 Mariam Way,3,1073,1340000,Condominium,Freehold,Resale,1249,116.036,Strata,HDB,URA,not_clean,https://www.edgeprop.sg/condo-apartment/ballota-park-condominium,ballota-park-condominium
BALLOTA PARK CONDOMINIUM,PASIR RIS,17,13 Sep 2024,150 Mariam Way #03-XX,150 Mariam Way,2,1060,1130000,Condominium,Freehold,Resale,1066,99.035,Strata,Private,URA,not_clean,https://www.edgeprop.sg/condo-apartment/ballota-park-condominium,ballota-park-condominium
BALLOTA PARK CONDOMINIUM,PASIR RIS,17,10 Sep 2024,156 Mariam Way #01-XX,156 Mariam Way,2,897,1313000,Condominium,Freehold,Resale,1464,136.01,Strata,HDB,URA,not_clean,https://www.edgeprop.sg/condo-apartment/ballota-park-condominium,ballota-park-condominium
BALLOTA PARK CONDOMINIUM,PASIR RIS,17,13 Aug 2024,162 Mariam Way #02-XX,162 Mariam Way,3,993,1475000,Condominium,Freehold,Resale,1485,137.961,Strata,Private,URA,not_clean,https://www.edgeprop.sg/condo-apartment/ballota-park-condominium,ballota-park-condominium
BALLOTA PARK CONDOMINIUM,PASIR RIS,17,5 Aug 2024,156 Mariam Way #02-XX,156 Mariam Way,3,1085,1390000,Condominium,Freehold,Resale,1281,119.009,Strata,Private,URA,not_clean,https://www.edgeprop.sg/condo-apartment/ballota-park-condominium,ballota-park-condominium
BALLOTA PARK CONDOMINIUM,PASIR RIS,17,2 Aug 2024,150 Mariam Way #04-XX,150 Mariam Way,2,1070,1140000,Condominium,Freehold,Resale,1066,99.035,Strata,HDB,URA,not_clean,https://www.edgeprop.sg/condo-apartment/ballota-park-condominium,ballota-park-condominium
BALLOTA PARK CONDOMINIUM,PASIR RIS,17,23 Jul 2024,154 Mariam Way #05-XX,154 Mariam Way,2,1017,1028888,Condominium,Freehold,Resale,1012,94.018,Strata,Private,URA,not_clean,https://www.edgeprop.sg/condo-apartment/ballota-park-condominium,ballota-park-condominium
BALLOTA PARK CONDOMINIUM,PASIR RIS,17,2 Apr 2024,158 Mariam Way #02-XX,158 Mariam Way,4,876,1500000,Condominium,Freehold,Resale,1711,158.957,Strata,Private,URA,not_clean,https://www.edgeprop.sg/condo-apartment/ballota-park-condominium,ballota-park-condominium
BALLOTA PARK CONDOMINIUM,PASIR RIS,17,21 Mar 2024,162 Mariam Way #02-XX,162 Mariam Way,3,1101,1600000,Condominium,Freehold,Resale,1453,134.988,Strata,Private,URA,not_clean,https://www.edgeprop.sg/condo-apartment/ballota-park-condominium,ballota-park-condominium
BALLOTA PARK CONDOMINIUM,PASIR RIS,17,12 Jan 2024,152 Mariam Way #04-XX,152 Mariam Way,2,978,990000,Condominium,Freehold,Resale,1012,94.018,Strata,Private,URA,not_clean,https://www.edgeprop.sg/condo-apartment/ballota-park-condominium,ballota-park-condominium
BALLOTA PARK CONDOMINIUM,PASIR RIS,17,6 Dec 2023,150 Mariam Way #01-XX,150 Mariam Way,3,928,1698888,Condominium,Freehold,Resale,1830,170.013,Strata,Private,URA,not_clean,https://www.edgeprop.sg/condo-apartment/ballota-park-condominium,ballota-park-condominium
BALLOTA PARK CONDOMINIUM,PASIR RIS,17,31 Oct 2023,156 Mariam Way #02-XX,156 Mariam Way,2,992,1420000,Condominium,Freehold,Resale,1432,133.037,Strata,Private,URA,not_clean,https://www.edgeprop.sg/condo-apartment/ballota-park-condominium,ballota-park-condominium
BALLOTA PARK CONDOMINIUM,PASIR RIS,17,27 Oct 2023,150 Mariam Way #04-XX,150 Mariam Way,3,1051,1380000,Condominium,Freehold,Resale,1313,121.982,Strata,HDB,URA,not_clean,https://www.edgeprop.sg/condo-apartment/ballota-park-condominium,ballota-park-condominium
BALLOTA PARK CONDOMINIUM,PASIR RIS,17,3 Oct 2023,150 Mariam Way #04-XX,150 Mariam Way,2,1042,1480000,Condominium,Freehold,Resale,1421,132.015,Strata,Private,URA,not_clean,https://www.edgeprop.sg/condo-apartment/ballota-park-condominium,ballota-park-condominium
BALLOTA PARK CONDOMINIUM,PASIR RIS,17,29 Aug 2023,156 Mariam Way #05-XX,156 Mariam Way,3,1015,1300000,Condominium,Freehold,Resale,1281,119.009,Strata,Private,URA,not_clean,https://www.edgeprop.sg/condo-apartment/ballota-park-condominium,ballota-park-condominium
BALLOTA PARK CONDOMINIUM,PASIR RIS,17,21 Aug 2023,150 Mariam Way #07-XX,150 Mariam Way,2,1079,1150000,Condominium,Freehold,Resale,1066,99.035,Strata,HDB,URA,not_clean,https://www.edgeprop.sg/condo-apartment/ballota-park-condominium,ballota-park-condominium
BALLOTA PARK CONDOMINIUM,PASIR RIS,17,8 Aug 2023,152 Mariam Way #02-XX,152 Mariam Way,2,990,980000,Condominium,Freehold,Resale,990,91.974,Strata,Private,URA,not_clean,https://www.edgeprop.sg/condo-apartment/ballota-park-condominium,ballota-park-condominium
BALLOTA PARK CONDOMINIUM,PASIR RIS,17,28 Jul 2023,152 Mariam Way #06-XX,152 Mariam Way,3,1081,1350000,Condominium,Freehold,Resale,1249,116.036,Strata,Private,URA,not_clean,https://www.edgeprop.sg/condo-apartment/ballota-park-condominium,ballota-park-condominium
BALLOTA PARK CONDOMINIUM,PASIR RIS,17,10 Jul 2023,160 Mariam Way #02-XX,160 Mariam Way,3,977,1420000,Condominium,Freehold,Resale,1453,134.988,Strata,Private,URA,not_clean,https://www.edgeprop.sg/condo-apartment/ballota-park-condominium,ballota-park-condominium
BALLOTA PARK CONDOMINIUM,PASIR RIS,17,23 Jun 2023,152 Mariam Way #04-XX,152 Mariam Way,2,1028,1040000,Condominium,Freehold,Resale,1012,94.018,Strata,HDB,URA,not_clean,https://www.edgeprop.sg/condo-apartment/ballota-park-condominium,ballota-park-condominium
BALLOTA PARK CONDOMINIUM,PASIR RIS,17,19 Jun 2023,150 Mariam Way #05-XX,150 Mariam Way,2,1035,1470000,Condominium,Freehold,Resale,1421,132.015,Strata,Private,URA,not_clean,https://www.edgeprop.sg/condo-apartment/ballota-park-condominium,ballota-park-condominium
BALLOTA PARK CONDOMINIUM,PASIR RIS,17,5 May 2023,160 Mariam Way #06-XX,160 Mariam Way,3,974,1310000,Condominium,Freehold,Resale,1346,125.047,Strata,HDB,URA,not_clean,https://www.edgeprop.sg/condo-apartment/ballota-park-condominium,ballota-park-condominium
BALLOTA PARK CONDOMINIUM,PASIR RIS,17,28 Feb 2023,150 Mariam Way #04-XX,150 Mariam Way,3,914,1200000,Condominium,Freehold,Resale,1313,121.982,Strata,HDB,URA,not_clean,https://www.edgeprop.sg/condo-apartment/ballota-park-condominium,ballota-park-condominium
BALLOTA PARK CONDOMINIUM,PASIR RIS,17,12 Jan 2023,160 Mariam Way #06-XX,160 Mariam Way,4,988,1680000,Condominium,Freehold,Resale,1701,158.028,Strata,Private,URA,not_clean,https://www.edgeprop.sg/condo-apartment/ballota-park-condominium,ballota-park-condominium
BALLOTA PARK CONDOMINIUM,PASIR RIS,17,8 Dec 2022,150 Mariam Way #06-XX,150 Mariam Way,2,901,1280000,Condominium,Freehold,Resale,1421,132.015,Strata,Private,URA,not_clean,https://www.edgeprop.sg/condo-apartment/ballota-park-condominium,ballota-park-condominium
BALLOTA PARK CONDOMINIUM,PASIR RIS,17,28 Oct 2022,158 MARIAM WAY #02-XX,158 MARIAM WAY,3,970,1315000,Condominium,Freehold,Resale,1356,125.977,Strata,HDB,URA,not_clean,https://www.edgeprop.sg/condo-apartment/ballota-park-condominium,ballota-park-condominium
BALLOTA PARK CONDOMINIUM,PASIR RIS,17,9 Sep 2022,150 Mariam Way #05-XX,150 Mariam Way,2,957,1020000,Condominium,Freehold,Resale,1066,99.035,Strata,HDB,URA,not_clean,https://www.edgeprop.sg/condo-apartment/ballota-park-condominium,ballota-park-condominium
BALLOTA PARK CONDOMINIUM,PASIR RIS,17,26 Aug 2022,150 Mariam Way #04-XX,150 Mariam Way,3,992,1420000,Condominium,Freehold,Resale,1432,133.037,Strata,Private,URA,not_clean,https://www.edgeprop.sg/condo-apartment/ballota-park-condominium,ballota-park-condominium
BALLOTA PARK CONDOMINIUM,PASIR RIS,17,27 Jun 2022,150 Mariam Way #01-XX,150 Mariam Way,2,891,1658888,Condominium,Freehold,Resale,1862,172.985,Strata,Private,URA,not_clean,https://www.edgeprop.sg/condo-apartment/ballota-park-condominium,ballota-park-condominium
BALLOTA PARK CONDOMINIUM,PASIR RIS,17,17 Jun 2022,150 Mariam Way #06-XX,150 Mariam Way,2,985,1400000,Condominium,Freehold,Resale,1421,132.015,Strata,Private,URA,not_clean,https://www.edgeprop.sg/condo-apartment/ballota-park-condominium,ballota-park-condominium
BALLOTA PARK CONDOMINIUM,PASIR RIS,17,7 Jun 2022,156 Mariam Way #03-XX,156 Mariam Way,3,921,1180000,Condominium,Freehold,Resale,1281,119.009,Strata,HDB,URA,not_clean,https://www.edgeprop.sg/condo-apartment/ballota-park-condominium,ballota-park-condominium
BALLOTA PARK CONDOMINIUM,PASIR RIS,17,3 Jun 2022,156 Mariam Way #07-XX,156 Mariam Way,3,967,1238888,Condominium,Freehold,Resale,1281,119.009,Strata,HDB,URA,not_clean,https://www.edgeprop.sg/condo-apartment/ballota-park-condominium,ballota-park-condominium
BALLOTA PARK CONDOMINIUM,PASIR RIS,17,12 May 2022,150 Mariam Way #06-XX,150 Mariam Way,3,967,1270000,Condominium,Freehold,Resale,1313,121.982,Strata,HDB,URA,not_clean,https://www.edgeprop.sg/condo-apartment/ballota-park-condominium,ballota-park-condominium
BALLOTA PARK CONDOMINIUM,PASIR RIS,17,8 Apr 2022,156 Mariam Way #05-XX,156 Mariam Way,3,859,1100000,Condominium,Freehold,Resale,1281,119.009,Strata,HDB,URA,not_clean,https://www.edgeprop.sg/condo-apartment/ballota-park-condominium,ballota-park-condominium
BALLOTA PARK CONDOMINIUM,PASIR RIS,17,14 Mar 2022,164 Mariam Way #02-XX,164 Mariam Way,3,887,1288800,Condominium,Freehold,Resale,1453,134.988,Strata,Private,URA,not_clean,https://www.edgeprop.sg/condo-apartment/ballota-park-condominium,ballota-park-condominium
BALLOTA PARK CONDOMINIUM,PASIR RIS,17,14 Mar 2022,156 Mariam Way #07-XX,156 Mariam Way,2,858,850000,Condominium,Freehold,Resale,990,91.974,Strata,Private,URA,not_clean,https://www.edgeprop.sg/condo-apartment/ballota-park-condominium,ballota-park-condominium
BALLOTA PARK CONDOMINIUM,PASIR RIS,17,11 Mar 2022,156 Mariam Way #07-XX,156 Mariam Way,2,858,850000,Condominium,Freehold,Resale,990,91.974,Strata,Private,URA,not_clean,https://www.edgeprop.sg/condo-apartment/ballota-park-condominium,ballota-park-condominium
BALLOTA PARK CONDOMINIUM,PASIR RIS,17,7 Feb 2022,154 Mariam Way #01-XX,154 Mariam Way,3,851,1429000,Condominium,Freehold,Resale,1679,155.984,Strata,Private,URA,not_clean,https://www.edgeprop.sg/condo-apartment/ballota-park-condominium,ballota-park-condominium
BALLOTA PARK CONDOMINIUM,PASIR RIS,17,11 Jan 2022,152 Mariam Way #01-XX,152 Mariam Way,2,742,1038888,Condominium,Freehold,Resale,1399,129.971,Strata,HDB,URA,not_clean,https://www.edgeprop.sg/condo-apartment/ballota-park-condominium,ballota-park-condominium
BALLOTA PARK CONDOMINIUM,PASIR RIS,17,7 Jan 2022,160 Mariam Way #05-XX,160 Mariam Way,3,870,1170000,Condominium,Freehold,Resale,1346,125.047,Strata,Private,URA,not_clean,https://www.edgeprop.sg/condo-apartment/ballota-park-condominium,ballota-park-condominium
BALLOTA PARK CONDOMINIUM,PASIR RIS,17,5 Jan 2022,152 Mariam Way #07-XX,152 Mariam Way,2,889,900000,Condominium,Freehold,Resale,1012,94.018,Strata,HDB,URA,not_clean,https://www.edgeprop.sg/condo-apartment/ballota-park-condominium,ballota-park-condominium
BALLOTA PARK CONDOMINIUM,PASIR RIS,17,27 Dec 2021,156 Mariam Way #03-XX,156 Mariam Way,2,838,830000,Condominium,Freehold,Resale,990,91.974,Strata,HDB,URA,not_clean,https://www.edgeprop.sg/condo-apartment/ballota-park-condominium,ballota-park-condominium
BALLOTA PARK CONDOMINIUM,PASIR RIS,17,30 Nov 2021,164 MARIAM WAY #04-XX,164 MARIAM WAY,3,894,1318000,Condominium,Freehold,Resale,1475,137.032,Strata,Private,URA,not_clean,https://www.edgeprop.sg/condo-apartment/ballota-park-condominium,ballota-park-condominium
BALLOTA PARK CONDOMINIUM,PASIR RIS,17,12 Nov 2021,156 Mariam Way #08-XX,156 Mariam Way,2,843,835000,Condominium,Freehold,Resale,990,91.974,Strata,HDB,URA,not_clean,https://www.edgeprop.sg/condo-apartment/ballota-park-condominium,ballota-park-condominium
BALLOTA PARK CONDOMINIUM,PASIR RIS,17,28 Oct 2021,156 Mariam Way #05-XX,156 Mariam Way,2,819,855000,Condominium,Freehold,Resale,1044,96.991,Strata,HDB,URA,not_clean,https://www.edgeprop.sg/condo-apartment/ballota-park-condominium,ballota-park-condominium
BALLOTA PARK CONDOMINIUM,PASIR RIS,17,15 Oct 2021,150 Mariam Way #05-XX,150 Mariam Way,3,936,1340000,Condominium,Freehold,Resale,1432,133.037,Strata,HDB,URA,not_clean,https://www.edgeprop.sg/condo-apartment/ballota-park-condominium,ballota-park-condominium
BALLOTA PARK CONDOMINIUM,PASIR RIS,17,8 Oct 2021,150 Mariam Way #01-XX,150 Mariam Way,2,846,1575000,Condominium,Freehold,Resale,1862,172.985,Strata,Private,URA,not_clean,https://www.edgeprop.sg/condo-apartment/ballota-park-condominium,ballota-park-condominium
BALLOTA PARK CONDOMINIUM,PASIR RIS,17,26 Aug 2021,152 Mariam Way #02-XX,152 Mariam Way,3,648,830000,Condominium,Freehold,Resale,1281,119.009,Strata,Private,URA,not_clean,https://www.edgeprop.sg/condo-apartment/ballota-park-condominium,ballota-park-condominium
BALLOTA PARK CONDOMINIUM,PASIR RIS,17,26 Aug 2021,152 Mariam Way #06-XX,152 Mariam Way,2,825,835000,Condominium,Freehold,Resale,1012,94.018,Strata,Private,URA,not_clean,https://www.edgeprop.sg/condo-apartment/ballota-park-condominium,ballota-park-condominium
BALLOTA PARK CONDOMINIUM,PASIR RIS,17,23 Aug 2021,154 Mariam Way #04-XX,154 Mariam Way,3,793,990000,Condominium,Freehold,Resale,1249,116.036,Strata,Private,URA,not_clean,https://www.edgeprop.sg/condo-apartment/ballota-park-condominium,ballota-park-condominium
BALLOTA PARK CONDOMINIUM,PASIR RIS,17,10 Aug 2021,150 Mariam Way #01-XX,150 Mariam Way,3,760,1390000,Condominium,Freehold,Resale,1830,170.013,Strata,HDB,URA,not_clean,https://www.edgeprop.sg/condo-apartment/ballota-park-condominium,ballota-park-condominium
CARISSA PARK CONDOMINIUM,PASIR RIS,17,16 Jun 2026,4 FLORA DRIVE #03-XX,4 FLORA DRIVE,1,1313,820000,Condominium,Freehold,Resale,624,57.971,Strata,Private,URA,not_clean,https://www.edgeprop.sg/condo-apartment/carissa-park-condominium,carissa-park-condominium
CARISSA PARK CONDOMINIUM,PASIR RIS,17,20 May 2026,2 FLORA DRIVE #05-XX,2 FLORA DRIVE,4,1277,1910000,Condominium,Freehold,Resale,1496,138.983,Strata,Private,URA,not_clean,https://www.edgeprop.sg/condo-apartment/carissa-park-condominium,carissa-park-condominium
CARISSA PARK CONDOMINIUM,PASIR RIS,17,8 Apr 2026,2 FLORA DRIVE #05-XX,2 FLORA DRIVE,3,1246,1650000,Condominium,Freehold,Resale,1324,123.004,Strata,Private,URA,not_clean,https://www.edgeprop.sg/condo-apartment/carissa-park-condominium,carissa-park-condominium
CARISSA PARK CONDOMINIUM,PASIR RIS,17,1 Apr 2026,2 FLORA DRIVE #03-XX,2 FLORA DRIVE,2,1246,1180000,Condominium,Freehold,Resale,947,87.979,Strata,Private,URA,not_clean,https://www.edgeprop.sg/condo-apartment/carissa-park-condominium,carissa-park-condominium
CARISSA PARK CONDOMINIUM,PASIR RIS,17,5 Mar 2026,2 FLORA DRIVE #06-XX,2 FLORA DRIVE,3,1276,1690000,Condominium,Freehold,Resale,1324,123.004,Strata,HDB,URA,not_clean,https://www.edgeprop.sg/condo-apartment/carissa-park-condominium,carissa-park-condominium
CARISSA PARK CONDOMINIUM,PASIR RIS,17,4 Mar 2026,2 FLORA DRIVE #05-XX,2 FLORA DRIVE,3,1276,1690000,Condominium,Freehold,Resale,1324,123.004,Strata,HDB,URA,not_clean,https://www.edgeprop.sg/condo-apartment/carissa-park-condominium,carissa-park-condominium
CARISSA PARK CONDOMINIUM,PASIR RIS,17,24 Feb 2026,2 FLORA DRIVE #03-XX,2 FLORA DRIVE,2,1242,1150000,Condominium,Freehold,Resale,926,86.028,Strata,HDB,URA,not_clean,https://www.edgeprop.sg/condo-apartment/carissa-park-condominium,carissa-park-condominium
CARISSA PARK CONDOMINIUM,PASIR RIS,17,5 Feb 2026,2 FLORA DRIVE #06-XX,2 FLORA DRIVE,2,1214,1150000,Condominium,Freehold,Resale,947,87.979,Strata,Private,URA,not_clean,https://www.edgeprop.sg/condo-apartment/carissa-park-condominium,carissa-park-condominium
CARISSA PARK CONDOMINIUM,PASIR RIS,17,4 Feb 2026,6 FLORA DRIVE #02-XX,6 FLORA DRIVE,3,1261,1670000,Condominium,Freehold,Resale,1324,123.004,Strata,Private,URA,not_clean,https://www.edgeprop.sg/condo-apartment/carissa-park-condominium,carissa-park-condominium
CARISSA PARK CONDOMINIUM,PASIR RIS,17,2 Feb 2026,2 FLORA DRIVE #06-XX,2 FLORA DRIVE,2,1254,1188000,Condominium,Freehold,Resale,947,87.979,Strata,Private,URA,not_clean,https://www.edgeprop.sg/condo-apartment/carissa-park-condominium,carissa-park-condominium
CARISSA PARK CONDOMINIUM,PASIR RIS,17,14 Jan 2026,2 FLORA DRIVE #04-XX,2 FLORA DRIVE,2,1274,1206888,Condominium,Freehold,Resale,947,87.979,Strata,Private,URA,not_clean,https://www.edgeprop.sg/condo-apartment/carissa-park-condominium,carissa-park-condominium
CARISSA PARK CONDOMINIUM,PASIR RIS,17,9 Jan 2026,4 FLORA DRIVE #04-XX,4 FLORA DRIVE,1,1289,805000,Condominium,Freehold,Resale,624,57.971,Strata,Private,URA,not_clean,https://www.edgeprop.sg/condo-apartment/carissa-park-condominium,carissa-park-condominium
CARISSA PARK CONDOMINIUM,PASIR RIS,17,31 Dec 2025,4 FLORA DRIVE #06-XX,4 FLORA DRIVE,2,1169,1207500,Condominium,Freehold,Resale,1033,95.969,Strata,Private,URA,not_clean,https://www.edgeprop.sg/condo-apartment/carissa-park-condominium,carissa-park-condominium
CARISSA PARK CONDOMINIUM,PASIR RIS,17,12 Dec 2025,4 FLORA DRIVE #03-XX,4 FLORA DRIVE,3,1261,1670000,Condominium,Freehold,Resale,1324,123.004,Strata,HDB,URA,not_clean,https://www.edgeprop.sg/condo-apartment/carissa-park-condominium,carissa-park-condominium
CARISSA PARK CONDOMINIUM,PASIR RIS,17,21 Nov 2025,2 FLORA DRIVE #08-XX,2 FLORA DRIVE,2,1277,1210000,Condominium,Freehold,Resale,947,87.979,Strata,Private,URA,not_clean,https://www.edgeprop.sg/condo-apartment/carissa-park-condominium,carissa-park-condominium
CARISSA PARK CONDOMINIUM,PASIR RIS,17,14 Nov 2025,2 FLORA DRIVE #07-XX,2 FLORA DRIVE,3,1224,1620000,Condominium,Freehold,Resale,1324,123.004,Strata,Private,URA,not_clean,https://www.edgeprop.sg/condo-apartment/carissa-park-condominium,carissa-park-condominium
CARISSA PARK CONDOMINIUM,PASIR RIS,17,24 Oct 2025,2 FLORA DRIVE #03-XX,2 FLORA DRIVE,2,1202,1112888,Condominium,Freehold,Resale,926,86.028,Strata,HDB,URA,not_clean,https://www.edgeprop.sg/condo-apartment/carissa-park-condominium,carissa-park-condominium
CARISSA PARK CONDOMINIUM,PASIR RIS,17,23 Oct 2025,6 FLORA DRIVE #05-XX,6 FLORA DRIVE,3,1251,1185000,Condominium,Freehold,Resale,947,87.979,Strata,HDB,URA,not_clean,https://www.edgeprop.sg/condo-apartment/carissa-park-condominium,carissa-park-condominium
CARISSA PARK CONDOMINIUM,PASIR RIS,17,5 Sep 2025,2 FLORA DRIVE #06-XX,2 FLORA DRIVE,3,1269,1680000,Condominium,Freehold,Resale,1324,123.004,Strata,Private,URA,not_clean,https://www.edgeprop.sg/condo-apartment/carissa-park-condominium,carissa-park-condominium
CARISSA PARK CONDOMINIUM,PASIR RIS,17,22 Aug 2025,6 FLORA DRIVE #05-XX,6 FLORA DRIVE,2,1296,1200000,Condominium,Freehold,Resale,926,86.028,Strata,Private,URA,not_clean,https://www.edgeprop.sg/condo-apartment/carissa-park-condominium,carissa-park-condominium
CARISSA PARK CONDOMINIUM,PASIR RIS,17,13 Aug 2025,2 Flora Drive #06-XX,2 Flora Drive,2,1110,1075000,Condominium,Freehold,Resale,969,90.023,Strata,Private,URA,not_clean,https://www.edgeprop.sg/condo-apartment/carissa-park-condominium,carissa-park-condominium
CARISSA PARK CONDOMINIUM,PASIR RIS,17,6 Aug 2025,4 Flora Drive #03-XX,4 Flora Drive,2,1094,1130000,Condominium,Freehold,Resale,1033,95.969,Strata,Private,URA,not_clean,https://www.edgeprop.sg/condo-apartment/carissa-park-condominium,carissa-park-condominium
CARISSA PARK CONDOMINIUM,PASIR RIS,17,6 Jun 2025,4 Flora Drive #07-XX,4 Flora Drive,1,1219,760888,Condominium,Freehold,Resale,624,57.971,Strata,HDB,URA,not_clean,https://www.edgeprop.sg/condo-apartment/carissa-park-condominium,carissa-park-condominium
CARISSA PARK CONDOMINIUM,PASIR RIS,17,28 Mar 2025,2 Flora Drive #04-XX,2 Flora Drive,3,1269,1680000,Condominium,Freehold,Resale,1324,123.004,Strata,Private,URA,not_clean,https://www.edgeprop.sg/condo-apartment/carissa-park-condominium,carissa-park-condominium
CARISSA PARK CONDOMINIUM,PASIR RIS,17,25 Mar 2025,2 Flora Drive #01-XX,2 Flora Drive,1,936,1048000,Condominium,Freehold,Resale,1119,103.959,Strata,Private,URA,not_clean,https://www.edgeprop.sg/condo-apartment/carissa-park-condominium,carissa-park-condominium
CARISSA PARK CONDOMINIUM,PASIR RIS,17,3 Mar 2025,2 Flora Drive #05-XX,2 Flora Drive,2,1267,1200000,Condominium,Freehold,Resale,947,87.979,Strata,HDB,URA,not_clean,https://www.edgeprop.sg/condo-apartment/carissa-park-condominium,carissa-park-condominium
CARISSA PARK CONDOMINIUM,PASIR RIS,17,27 Jan 2025,2 Flora Drive #02-XX,2 Flora Drive,3,1155,1480000,Condominium,Freehold,Resale,1281,119.009,Strata,Private,URA,not_clean,https://www.edgeprop.sg/condo-apartment/carissa-park-condominium,carissa-park-condominium
CARISSA PARK CONDOMINIUM,PASIR RIS,17,20 Jan 2025,2 Flora Drive #08-XX,2 Flora Drive,2,1188,1100000,Condominium,Freehold,Resale,926,86.028,Strata,HDB,URA,not_clean,https://www.edgeprop.sg/condo-apartment/carissa-park-condominium,carissa-park-condominium
CARISSA PARK CONDOMINIUM,PASIR RIS,17,20 Jan 2025,2 Flora Drive #06-XX,2 Flora Drive,2,1259,1165000,Condominium,Freehold,Resale,926,86.028,Strata,Private,URA,not_clean,https://www.edgeprop.sg/condo-apartment/carissa-park-condominium,carissa-park-condominium
CARISSA PARK CONDOMINIUM,PASIR RIS,17,13 Jan 2025,6 Flora Drive #03-XX,6 Flora Drive,2,1140,1080000,Condominium,Freehold,Resale,947,87.979,Strata,Private,URA,not_clean,https://www.edgeprop.sg/condo-apartment/carissa-park-condominium,carissa-park-condominium
CARISSA PARK CONDOMINIUM,PASIR RIS,17,26 Nov 2024,4 Flora Drive #06-XX,4 Flora Drive,3,1186,1570000,Condominium,Freehold,Resale,1324,123.004,Strata,HDB,URA,not_clean,https://www.edgeprop.sg/condo-apartment/carissa-park-condominium,carissa-park-condominium
CARISSA PARK CONDOMINIUM,PASIR RIS,17,14 Nov 2024,4 Flora Drive #06-XX,4 Flora Drive,2,1161,1200000,Condominium,Freehold,Resale,1033,95.969,Strata,HDB,URA,not_clean,https://www.edgeprop.sg/condo-apartment/carissa-park-condominium,carissa-park-condominium
CARISSA PARK CONDOMINIUM,PASIR RIS,17,8 Nov 2024,4 Flora Drive #03-XX,4 Flora Drive,3,1118,1480000,Condominium,Freehold,Resale,1324,123.004,Strata,HDB,URA,not_clean,https://www.edgeprop.sg/condo-apartment/carissa-park-condominium,carissa-park-condominium
CARISSA PARK CONDOMINIUM,PASIR RIS,17,23 Oct 2024,2 Flora Drive #05-XX,2 Flora Drive,3,1133,1500000,Condominium,Freehold,Resale,1324,123.004,Strata,HDB,URA,not_clean,https://www.edgeprop.sg/condo-apartment/carissa-park-condominium,carissa-park-condominium
CARISSA PARK CONDOMINIUM,PASIR RIS,17,17 Sep 2024,2 Flora Drive #05-XX,2 Flora Drive,2,1296,1200000,Condominium,Freehold,Resale,926,86.028,Strata,HDB,URA,not_clean,https://www.edgeprop.sg/condo-apartment/carissa-park-condominium,carissa-park-condominium
CARISSA PARK CONDOMINIUM,PASIR RIS,17,28 Aug 2024,6 Flora Drive #07-XX,6 Flora Drive,3,1161,2450000,Condominium,Freehold,Resale,2110,196.025,Strata,Private,URA,not_clean,https://www.edgeprop.sg/condo-apartment/carissa-park-condominium,carissa-park-condominium
CARISSA PARK CONDOMINIUM,PASIR RIS,17,23 Aug 2024,2 Flora Drive #02-XX,2 Flora Drive,3,1148,1520000,Condominium,Freehold,Resale,1324,123.004,Strata,HDB,URA,not_clean,https://www.edgeprop.sg/condo-apartment/carissa-park-condominium,carissa-park-condominium
CARISSA PARK CONDOMINIUM,PASIR RIS,17,16 Aug 2024,2 Flora Drive #04-XX,2 Flora Drive,3,1171,1550000,Condominium,Freehold,Resale,1324,123.004,Strata,HDB,URA,not_clean,https://www.edgeprop.sg/condo-apartment/carissa-park-condominium,carissa-park-condominium
CARISSA PARK CONDOMINIUM,PASIR RIS,17,21 Jun 2024,6 Flora Drive #04-XX,6 Flora Drive,2,1199,1110000,Condominium,Freehold,Resale,926,86.028,Strata,HDB,URA,not_clean,https://www.edgeprop.sg/condo-apartment/carissa-park-condominium,carissa-park-condominium
CARISSA PARK CONDOMINIUM,PASIR RIS,17,11 Jun 2024,2 Flora Drive #02-XX,2 Flora Drive,3,1133,1500000,Condominium,Freehold,Resale,1324,123.004,Strata,Private,URA,not_clean,https://www.edgeprop.sg/condo-apartment/carissa-park-condominium,carissa-park-condominium
CARISSA PARK CONDOMINIUM,PASIR RIS,17,30 May 2024,4 Flora Drive #02-XX,4 Flora Drive,2,1139,1140000,Condominium,Freehold,Resale,1001,92.996,Strata,HDB,URA,not_clean,https://www.edgeprop.sg/condo-apartment/carissa-park-condominium,carissa-park-condominium
CARISSA PARK CONDOMINIUM,PASIR RIS,17,15 May 2024,6 Flora Drive #06-XX,6 Flora Drive,2,1175,1088000,Condominium,Freehold,Resale,926,86.028,Strata,Private,URA,not_clean,https://www.edgeprop.sg/condo-apartment/carissa-park-condominium,carissa-park-condominium
CARISSA PARK CONDOMINIUM,PASIR RIS,17,8 Apr 2024,2 Flora Drive #02-XX,2 Flora Drive,3,1103,1460000,Condominium,Freehold,Resale,1324,123.004,Strata,Private,URA,not_clean,https://www.edgeprop.sg/condo-apartment/carissa-park-condominium,carissa-park-condominium
CARISSA PARK CONDOMINIUM,PASIR RIS,17,5 Apr 2024,2 Flora Drive #05-XX,2 Flora Drive,2,1115,1080000,Condominium,Freehold,Resale,969,90.023,Strata,Private,URA,not_clean,https://www.edgeprop.sg/condo-apartment/carissa-park-condominium,carissa-park-condominium
CARISSA PARK CONDOMINIUM,PASIR RIS,17,26 Mar 2024,4 Flora Drive #05-XX,4 Flora Drive,2,1159,1160000,Condominium,Freehold,Resale,1001,92.996,Strata,Private,URA,not_clean,https://www.edgeprop.sg/condo-apartment/carissa-park-condominium,carissa-park-condominium
CARISSA PARK CONDOMINIUM,PASIR RIS,17,18 Mar 2024,6 Flora Drive #04-XX,6 Flora Drive,2,1098,1040000,Condominium,Freehold,Resale,947,87.979,Strata,Private,URA,not_clean,https://www.edgeprop.sg/condo-apartment/carissa-park-condominium,carissa-park-condominium
CARISSA PARK CONDOMINIUM,PASIR RIS,17,7 Mar 2024,4 Flora Drive #05-XX,4 Flora Drive,3,1186,1570000,Condominium,Freehold,Resale,1324,123.004,Strata,Private,URA,not_clean,https://www.edgeprop.sg/condo-apartment/carissa-park-condominium,carissa-park-condominium
CARISSA PARK CONDOMINIUM,PASIR RIS,17,15 Feb 2024,2 Flora Drive #06-XX,2 Flora Drive,2,1111,1028000,Condominium,Freehold,Resale,926,86.028,Strata,HDB,URA,not_clean,https://www.edgeprop.sg/condo-apartment/carissa-park-condominium,carissa-park-condominium
CARISSA PARK CONDOMINIUM,PASIR RIS,17,30 Jan 2024,4 Flora Drive #02-XX,4 Flora Drive,1,1220,788000,Condominium,Freehold,Resale,646,60.015,Strata,Private,URA,not_clean,https://www.edgeprop.sg/condo-apartment/carissa-park-condominium,carissa-park-condominium
CARISSA PARK CONDOMINIUM,PASIR RIS,17,30 Jan 2024,2 Flora Drive #07-XX,2 Flora Drive,3,1148,1520000,Condominium,Freehold,Resale,1324,123.004,Strata,Private,URA,not_clean,https://www.edgeprop.sg/condo-apartment/carissa-park-condominium,carissa-park-condominium
CARISSA PARK CONDOMINIUM,PASIR RIS,17,10 Nov 2023,4 Flora Drive #07-XX,4 Flora Drive,3,1179,1180000,Condominium,Freehold,Resale,1001,92.996,Strata,Private,URA,not_clean,https://www.edgeprop.sg/condo-apartment/carissa-park-condominium,carissa-park-condominium
CARISSA PARK CONDOMINIUM,PASIR RIS,17,1 Nov 2023,2 Flora Drive #01-XX,2 Flora Drive,3,1002,1650000,Condominium,Freehold,Resale,1647,153.011,Strata,Private,URA,not_clean,https://www.edgeprop.sg/condo-apartment/carissa-park-condominium,carissa-park-condominium
CARISSA PARK CONDOMINIUM,PASIR RIS,17,25 Oct 2023,2 Flora Drive #03-XX,2 Flora Drive,3,1096,1428000,Condominium,Freehold,Resale,1302,120.96,Strata,HDB,URA,not_clean,https://www.edgeprop.sg/condo-apartment/carissa-park-condominium,carissa-park-condominium
CARISSA PARK CONDOMINIUM,PASIR RIS,17,21 Aug 2023,4 Flora Drive #06-XX,4 Flora Drive,3,1107,1108000,Condominium,Freehold,Resale,1001,92.996,Strata,Private,URA,not_clean,https://www.edgeprop.sg/condo-apartment/carissa-park-condominium,carissa-park-condominium
CARISSA PARK CONDOMINIUM,PASIR RIS,17,6 Apr 2023,2 Flora Drive #05-XX,2 Flora Drive,3,1118,1480000,Condominium,Freehold,Resale,1324,123.004,Strata,HDB,URA,not_clean,https://www.edgeprop.sg/condo-apartment/carissa-park-condominium,carissa-park-condominium
CARISSA PARK CONDOMINIUM,PASIR RIS,17,3 Apr 2023,2 Flora Drive #08-XX,2 Flora Drive,2,1043,1010000,Condominium,Freehold,Resale,969,90.023,Strata,Private,URA,not_clean,https://www.edgeprop.sg/condo-apartment/carissa-park-condominium,carissa-park-condominium
CARISSA PARK CONDOMINIUM,PASIR RIS,17,20 Mar 2023,4 Flora Drive #07-XX,4 Flora Drive,2,903,933000,Condominium,Freehold,Resale,1033,95.969,Strata,Private,URA,not_clean,https://www.edgeprop.sg/condo-apartment/carissa-park-condominium,carissa-park-condominium
CARISSA PARK CONDOMINIUM,PASIR RIS,17,6 Mar 2023,2 Flora Drive #08-XX,2 Flora Drive,3,1018,1260000,Condominium,Freehold,Resale,1238,115.014,Strata,Private,URA,not_clean,https://www.edgeprop.sg/condo-apartment/carissa-park-condominium,carissa-park-condominium
CARISSA PARK CONDOMINIUM,PASIR RIS,17,22 Dec 2022,2 Flora Drive #01-XX,2 Flora Drive,3,1099,1810000,Condominium,Freehold,Resale,1647,153.011,Strata,Private,URA,not_clean,https://www.edgeprop.sg/condo-apartment/carissa-park-condominium,carissa-park-condominium
CARISSA PARK CONDOMINIUM,PASIR RIS,17,17 Nov 2022,2 FLORA DRIVE #06-XX,2 FLORA DRIVE,3,1110,1470000,Condominium,Freehold,Resale,1324,123.004,Strata,Private,URA,not_clean,https://www.edgeprop.sg/condo-apartment/carissa-park-condominium,carissa-park-condominium
CARISSA PARK CONDOMINIUM,PASIR RIS,17,14 Oct 2022,4 Flora Drive #04-XX,4 Flora Drive,1,1262,788000,Condominium,Freehold,Resale,624,57.971,Strata,Private,URA,not_clean,https://www.edgeprop.sg/condo-apartment/carissa-park-condominium,carissa-park-condominium
CARISSA PARK CONDOMINIUM,PASIR RIS,17,12 Oct 2022,2 Flora Drive #07-XX,2 Flora Drive,4,879,2650000,Condominium,Freehold,Resale,3014,280.01,Strata,Private,URA,not_clean,https://www.edgeprop.sg/condo-apartment/carissa-park-condominium,carissa-park-condominium
CARISSA PARK CONDOMINIUM,PASIR RIS,17,14 Sep 2022,6 Flora Drive #03-XX,6 Flora Drive,2,1059,980000,Condominium,Freehold,Resale,926,86.028,Strata,HDB,URA,not_clean,https://www.edgeprop.sg/condo-apartment/carissa-park-condominium,carissa-park-condominium
CARISSA PARK CONDOMINIUM,PASIR RIS,17,9 Sep 2022,6 Flora Drive #01-XX,6 Flora Drive,3,1126,1660000,Condominium,Freehold,Resale,1475,137.032,Strata,Private,URA,not_clean,https://www.edgeprop.sg/condo-apartment/carissa-park-condominium,carissa-park-condominium
CARISSA PARK CONDOMINIUM,PASIR RIS,17,10 Aug 2022,2 Flora Drive #07-XX,2 Flora Drive,2,992,940000,Condominium,Freehold,Resale,947,87.979,Strata,HDB,URA,not_clean,https://www.edgeprop.sg/condo-apartment/carissa-park-condominium,carissa-park-condominium
CARISSA PARK CONDOMINIUM,PASIR RIS,17,14 Jul 2022,2 Flora Drive #06-XX,2 Flora Drive,3,1087,1438888,Condominium,Freehold,Resale,1324,123.004,Strata,HDB,URA,not_clean,https://www.edgeprop.sg/condo-apartment/carissa-park-condominium,carissa-park-condominium
CARISSA PARK CONDOMINIUM,PASIR RIS,17,1 Jul 2022,6 Flora Drive #01-XX,6 Flora Drive,3,1032,1700000,Condominium,Freehold,Resale,1647,153.011,Strata,Private,URA,not_clean,https://www.edgeprop.sg/condo-apartment/carissa-park-condominium,carissa-park-condominium
CARISSA PARK CONDOMINIUM,PASIR RIS,17,21 Jun 2022,6 Flora Drive #05-XX,6 Flora Drive,3,1045,990000,Condominium,Freehold,Resale,947,87.979,Strata,Private,URA,not_clean,https://www.edgeprop.sg/condo-apartment/carissa-park-condominium,carissa-park-condominium
CARISSA PARK CONDOMINIUM,PASIR RIS,17,29 Apr 2022,2 Flora Drive #04-XX,2 Flora Drive,2,937,888000,Condominium,Freehold,Resale,947,87.979,Strata,HDB,URA,not_clean,https://www.edgeprop.sg/condo-apartment/carissa-park-condominium,carissa-park-condominium
CARISSA PARK CONDOMINIUM,PASIR RIS,17,7 Apr 2022,2 Flora Drive #08-XX,2 Flora Drive,3,986,2080000,Condominium,Freehold,Resale,2110,196.025,Strata,Private,URA,not_clean,https://www.edgeprop.sg/condo-apartment/carissa-park-condominium,carissa-park-condominium
CARISSA PARK CONDOMINIUM,PASIR RIS,17,4 Apr 2022,2 Flora Drive #08-XX,2 Flora Drive,3,966,1258000,Condominium,Freehold,Resale,1302,120.96,Strata,Private,URA,not_clean,https://www.edgeprop.sg/condo-apartment/carissa-park-condominium,carissa-park-condominium
CARISSA PARK CONDOMINIUM,PASIR RIS,17,21 Mar 2022,4 Flora Drive #04-XX,4 Flora Drive,2,948,980000,Condominium,Freehold,Resale,1033,95.969,Strata,Private,URA,not_clean,https://www.edgeprop.sg/condo-apartment/carissa-park-condominium,carissa-park-condominium
CARISSA PARK CONDOMINIUM,PASIR RIS,17,15 Mar 2022,2 Flora Drive #08-XX,2 Flora Drive,3,1095,1425888,Condominium,Freehold,Resale,1302,120.96,Strata,HDB,URA,not_clean,https://www.edgeprop.sg/condo-apartment/carissa-park-condominium,carissa-park-condominium
CARISSA PARK CONDOMINIUM,PASIR RIS,17,8 Feb 2022,2 Flora Drive #02-XX,2 Flora Drive,3,967,1260000,Condominium,Freehold,Resale,1302,120.96,Strata,HDB,URA,not_clean,https://www.edgeprop.sg/condo-apartment/carissa-park-condominium,carissa-park-condominium
CARISSA PARK CONDOMINIUM,PASIR RIS,17,8 Feb 2022,2 Flora Drive #03-XX,2 Flora Drive,3,1095,1450000,Condominium,Freehold,Resale,1324,123.004,Strata,HDB,URA,not_clean,https://www.edgeprop.sg/condo-apartment/carissa-park-condominium,carissa-park-condominium
CARISSA PARK CONDOMINIUM,PASIR RIS,17,23 Dec 2021,2 Flora Drive #02-XX,2 Flora Drive,3,990,1288888,Condominium,Freehold,Resale,1302,120.96,Strata,Private,URA,not_clean,https://www.edgeprop.sg/condo-apartment/carissa-park-condominium,carissa-park-condominium
CARISSA PARK CONDOMINIUM,PASIR RIS,17,20 Dec 2021,2 Flora Drive #07-XX,2 Flora Drive,2,934,885000,Condominium,Freehold,Resale,947,87.979,Strata,HDB,URA,not_clean,https://www.edgeprop.sg/condo-apartment/carissa-park-condominium,carissa-park-condominium
CARISSA PARK CONDOMINIUM,PASIR RIS,17,8 Nov 2021,2 Flora Drive #04-XX,2 Flora Drive,2,934,865000,Condominium,Freehold,Resale,926,86.028,Strata,Private,URA,not_clean,https://www.edgeprop.sg/condo-apartment/carissa-park-condominium,carissa-park-condominium
CARISSA PARK CONDOMINIUM,PASIR RIS,17,15 Oct 2021,2 Flora Drive #04-XX,2 Flora Drive,3,929,1210000,Condominium,Freehold,Resale,1302,120.96,Strata,HDB,URA,not_clean,https://www.edgeprop.sg/condo-apartment/carissa-park-condominium,carissa-park-condominium
CARISSA PARK CONDOMINIUM,PASIR RIS,17,11 Oct 2021,4 Flora Drive #02-XX,4 Flora Drive,2,894,895000,Condominium,Freehold,Resale,1001,92.996,Strata,HDB,URA,not_clean,https://www.edgeprop.sg/condo-apartment/carissa-park-condominium,carissa-park-condominium
CARISSA PARK CONDOMINIUM,PASIR RIS,17,1 Oct 2021,2 Flora Drive #05-XX,2 Flora Drive,3,960,1250000,Condominium,Freehold,Resale,1302,120.96,Strata,HDB,URA,not_clean,https://www.edgeprop.sg/condo-apartment/carissa-park-condominium,carissa-park-condominium
CARISSA PARK CONDOMINIUM,PASIR RIS,17,28 Sep 2021,4 Flora Drive #02-XX,4 Flora Drive,3,997,1320000,Condominium,Freehold,Resale,1324,123.004,Strata,HDB,URA,not_clean,https://www.edgeprop.sg/condo-apartment/carissa-park-condominium,carissa-park-condominium
CARISSA PARK CONDOMINIUM,PASIR RIS,17,31 Aug 2021,2 Flora Drive #07-XX,2 Flora Drive,4,723,2180000,Condominium,Freehold,Resale,3014,280.01,Strata,Private,URA,not_clean,https://www.edgeprop.sg/condo-apartment/carissa-park-condominium,carissa-park-condominium
CARISSA PARK CONDOMINIUM,PASIR RIS,17,16 Aug 2021,2 Flora Drive #04-XX,2 Flora Drive,3,929,1150000,Condominium,Freehold,Resale,1238,115.014,Strata,Private,URA,not_clean,https://www.edgeprop.sg/condo-apartment/carissa-park-condominium,carissa-park-condominium
CARISSA PARK CONDOMINIUM,PASIR RIS,17,13 Aug 2021,6 Flora Drive #02-XX,6 Flora Drive,2,866,820000,Condominium,Freehold,Resale,947,87.979,Strata,HDB,URA,not_clean,https://www.edgeprop.sg/condo-apartment/carissa-park-condominium,carissa-park-condominium
CARISSA PARK CONDOMINIUM,PASIR RIS,17,11 Aug 2021,4 Flora Drive #01-XX,4 Flora Drive,3,942,1420000,Condominium,Freehold,Resale,1507,140.005,Strata,Private,URA,not_clean,https://www.edgeprop.sg/condo-apartment/carissa-park-condominium,carissa-park-condominium
CARISSA PARK CONDOMINIUM,PASIR RIS,17,29 Jul 2021,2 Flora Drive #07-XX,2 Flora Drive,3,952,1220000,Condominium,Freehold,Resale,1281,119.009,Strata,HDB,URA,not_clean,https://www.edgeprop.sg/condo-apartment/carissa-park-condominium,carissa-park-condominium
CARISSA PARK CONDOMINIUM,PASIR RIS,17,9 Jul 2021,4 Flora Drive #01-XX,4 Flora Drive,3,972,1600000,Condominium,Freehold,Resale,1647,153.011,Strata,Private,URA,not_clean,https://www.edgeprop.sg/condo-apartment/carissa-park-condominium,carissa-park-condominium
CASA PASIR RIS,PASIR RIS,17,27 Mar 2025,201 Jalan Loyang Besar #02-XX,201 Jalan Loyang Besar,3,1133,1280000,Condominium,946 Yrs From 01/01/1938,Resale,1130,104.98,Strata,Private,URA,not_clean,https://www.edgeprop.sg/condo-apartment/casa-pasir-ris,casa-pasir-ris
CASA PASIR RIS,PASIR RIS,17,5 Feb 2025,201 Jalan Loyang Besar #01-XX,201 Jalan Loyang Besar,3,1192,1655000,Condominium,946 Yrs From 01/01/1938,Resale,1389,129.042,Strata,Private,URA,not_clean,https://www.edgeprop.sg/condo-apartment/casa-pasir-ris,casa-pasir-ris
CASA PASIR RIS,PASIR RIS,17,8 Aug 2024,201 Jalan Loyang Besar #02-XX,201 Jalan Loyang Besar,3,1167,1420000,Condominium,946 Yrs From 01/01/1938,Resale,1216,112.97,Strata,Private,URA,not_clean,https://www.edgeprop.sg/condo-apartment/casa-pasir-ris,casa-pasir-ris
CASA PASIR RIS,PASIR RIS,17,26 Dec 2023,201 Jalan Loyang Besar #02-XX,201 Jalan Loyang Besar,3,1099,1230000,Condominium,946 Yrs From 01/01/1938,Resale,1119,103.959,Strata,HDB,URA,not_clean,https://www.edgeprop.sg/condo-apartment/casa-pasir-ris,casa-pasir-ris
CASA PASIR RIS,PASIR RIS,17,22 Nov 2023,201 Jalan Loyang Besar #01-XX,201 Jalan Loyang Besar,1,1253,715000,Condominium,946 Yrs From 01/01/1938,Resale,570,52.955,Strata,HDB,URA,not_clean,https://www.edgeprop.sg/condo-apartment/casa-pasir-ris,casa-pasir-ris
CASA PASIR RIS,PASIR RIS,17,22 Nov 2023,201 Jalan Loyang Besar #01-XX,201 Jalan Loyang Besar,3,1053,1440000,Condominium,946 Yrs From 01/01/1938,Resale,1367,126.998,Strata,Private,URA,not_clean,https://www.edgeprop.sg/condo-apartment/casa-pasir-ris,casa-pasir-ris
CASA PASIR RIS,PASIR RIS,17,7 Aug 2023,201 Jalan Loyang Besar #02-XX,201 Jalan Loyang Besar,3,1069,1288800,Condominium,946 Yrs From 01/01/1938,Resale,1206,112.041,Strata,Private,URA,not_clean,https://www.edgeprop.sg/condo-apartment/casa-pasir-ris,casa-pasir-ris
CASA PASIR RIS,PASIR RIS,17,14 Jul 2023,201 Jalan Loyang Besar #01-XX,201 Jalan Loyang Besar,3,1014,1408000,Condominium,946 Yrs From 01/01/1938,Resale,1389,129.042,Strata,Private,URA,not_clean,https://www.edgeprop.sg/condo-apartment/casa-pasir-ris,casa-pasir-ris
CASA PASIR RIS,PASIR RIS,17,1 Jun 2023,201 Jalan Loyang Besar #02-XX,201 Jalan Loyang Besar,3,1064,1168000,Condominium,946 Yrs From 01/01/1938,Resale,1098,102.008,Strata,Private,URA,not_clean,https://www.edgeprop.sg/condo-apartment/casa-pasir-ris,casa-pasir-ris
CASA PASIR RIS,PASIR RIS,17,15 Mar 2023,201 Jalan Loyang Besar #01-XX,201 Jalan Loyang Besar,3,1013,1320000,Condominium,946 Yrs From 01/01/1938,Resale,1302,120.96,Strata,HDB,URA,not_clean,https://www.edgeprop.sg/condo-apartment/casa-pasir-ris,casa-pasir-ris
CASA PASIR RIS,PASIR RIS,17,13 Jan 2023,201 Jalan Loyang Besar #03-XX,201 Jalan Loyang Besar,3,799,1935000,Condominium,946 Yrs From 01/01/1938,Resale,2422,225.011,Strata,Private,URA,not_clean,https://www.edgeprop.sg/condo-apartment/casa-pasir-ris,casa-pasir-ris
CASA PASIR RIS,PASIR RIS,17,8 Jun 2022,201 Jalan Loyang Besar #03-XX,201 Jalan Loyang Besar,3,785,1800000,Condominium,946 Yrs From 01/01/1938,Resale,2293,213.027,Strata,Private,URA,not_clean,https://www.edgeprop.sg/condo-apartment/casa-pasir-ris,casa-pasir-ris
CASA PASIR RIS,PASIR RIS,17,10 May 2022,201 Jalan Loyang Besar #01-XX,201 Jalan Loyang Besar,3,976,1450000,Condominium,946 Yrs From 01/01/1938,Resale,1485,137.961,Strata,HDB,URA,not_clean,https://www.edgeprop.sg/condo-apartment/casa-pasir-ris,casa-pasir-ris
CASA PASIR RIS,PASIR RIS,17,16 Mar 2022,201 Jalan Loyang Besar #02-XX,201 Jalan Loyang Besar,3,910,1028888,Condominium,946 Yrs From 01/01/1938,Resale,1130,104.98,Strata,HDB,URA,not_clean,https://www.edgeprop.sg/condo-apartment/casa-pasir-ris,casa-pasir-ris
CASA PASIR RIS,PASIR RIS,17,7 Feb 2022,201 Jalan Loyang Besar #01-XX,201 Jalan Loyang Besar,3,1007,1225000,Condominium,946 Yrs From 01/01/1938,Resale,1216,112.97,Strata,Private,URA,not_clean,https://www.edgeprop.sg/condo-apartment/casa-pasir-ris,casa-pasir-ris
CASA PASIR RIS,PASIR RIS,17,29 Jul 2021,201 Jalan Loyang Besar #02-XX,201 Jalan Loyang Besar,3,921,1120000,Condominium,946 Yrs From 01/01/1938,Resale,1216,112.97,Strata,Private,URA,not_clean,https://www.edgeprop.sg/condo-apartment/casa-pasir-ris,casa-pasir-ris
CASA PASIR RIS,PASIR RIS,17,18 May 2021,201 Jalan Loyang Besar #01-XX,201 Jalan Loyang Besar,3,899,1200000,Condominium,946 Yrs From 01/01/1938,Resale,1335,124.026,Strata,Private,URA,not_clean,https://www.edgeprop.sg/condo-apartment/casa-pasir-ris,casa-pasir-ris
CASA PASIR RIS,PASIR RIS,17,15 Apr 2021,201 Jalan Loyang Besar #01-XX,201 Jalan Loyang Besar,2,947,1080000,Condominium,946 Yrs From 01/01/1938,Resale,1141,106.002,Strata,Private,URA,not_clean,https://www.edgeprop.sg/condo-apartment/casa-pasir-ris,casa-pasir-ris
CASA PASIR RIS,PASIR RIS,17,27 Dec 2019,201 Jalan Loyang Besar #01-XX,201 Jalan Loyang Besar,3,835,1160000,Condominium,946 Yrs From 01/01/1938,Resale,1389,129.042,Strata,Private,URA,not_clean,https://www.edgeprop.sg/condo-apartment/casa-pasir-ris,casa-pasir-ris
DAHLIA PARK CONDOMINIUM,PASIR RIS,17,16 Apr 2026,7 FLORA DRIVE #07-XX,7 FLORA DRIVE,3,1228,1560000,Condominium,Freehold,Resale,1270,117.987,Strata,Private,URA,not_clean,https://www.edgeprop.sg/condo-apartment/dahlia-park-condominium,dahlia-park-condominium
DAHLIA PARK CONDOMINIUM,PASIR RIS,17,24 Mar 2026,5 FLORA DRIVE #01-XX,5 FLORA DRIVE,4,1068,2150000,Condominium,Freehold,Resale,2013,187.014,Strata,Private,URA,not_clean,https://www.edgeprop.sg/condo-apartment/dahlia-park-condominium,dahlia-park-condominium
DAHLIA PARK CONDOMINIUM,PASIR RIS,17,5 Jan 2026,5 FLORA DRIVE #02-XX,5 FLORA DRIVE,2,1211,1330000,Condominium,Freehold,Resale,1098,102.008,Strata,HDB,URA,not_clean,https://www.edgeprop.sg/condo-apartment/dahlia-park-condominium,dahlia-park-condominium
DAHLIA PARK CONDOMINIUM,PASIR RIS,17,12 Sep 2025,5 FLORA DRIVE #06-XX,5 FLORA DRIVE,3,1218,1560000,Condominium,Freehold,Resale,1281,119.009,Strata,Private,URA,not_clean,https://www.edgeprop.sg/condo-apartment/dahlia-park-condominium,dahlia-park-condominium
DAHLIA PARK CONDOMINIUM,PASIR RIS,17,20 Aug 2025,1 FLORA DRIVE #04-XX,1 FLORA DRIVE,3,1157,1470000,Condominium,Freehold,Resale,1270,117.987,Strata,Private,URA,not_clean,https://www.edgeprop.sg/condo-apartment/dahlia-park-condominium,dahlia-park-condominium
DAHLIA PARK CONDOMINIUM,PASIR RIS,17,4 Jul 2025,7 Flora Drive #02-XX,7 Flora Drive,3,1142,1450000,Condominium,Freehold,Resale,1270,117.987,Strata,Private,URA,not_clean,https://www.edgeprop.sg/condo-apartment/dahlia-park-condominium,dahlia-park-condominium
DAHLIA PARK CONDOMINIUM,PASIR RIS,17,6 Jun 2025,5 Flora Drive #01-XX,5 Flora Drive,2,1182,1400000,Condominium,Freehold,Resale,1184,109.997,Strata,HDB,URA,not_clean,https://www.edgeprop.sg/condo-apartment/dahlia-park-condominium,dahlia-park-condominium
DAHLIA PARK CONDOMINIUM,PASIR RIS,17,19 May 2025,1 Flora Drive #08-XX,1 Flora Drive,3,1125,1428888,Condominium,Freehold,Resale,1270,117.987,Strata,Private,URA,not_clean,https://www.edgeprop.sg/condo-apartment/dahlia-park-condominium,dahlia-park-condominium
DAHLIA PARK CONDOMINIUM,PASIR RIS,17,28 Feb 2025,1 Flora Drive #02-XX,1 Flora Drive,2,1184,1300000,Condominium,Freehold,Resale,1098,102.008,Strata,HDB,URA,not_clean,https://www.edgeprop.sg/condo-apartment/dahlia-park-condominium,dahlia-park-condominium
DAHLIA PARK CONDOMINIUM,PASIR RIS,17,12 Feb 2025,3 Flora Drive #08-XX,3 Flora Drive,3,1055,1635000,Condominium,Freehold,Resale,1550,144.0,Strata,Private,URA,not_clean,https://www.edgeprop.sg/condo-apartment/dahlia-park-condominium,dahlia-park-condominium
DAHLIA PARK CONDOMINIUM,PASIR RIS,17,15 Jan 2025,9 Flora Drive #02-XX,9 Flora Drive,2,975,1050000,Condominium,Freehold,Resale,1076,99.964,Strata,HDB,URA,not_clean,https://www.edgeprop.sg/condo-apartment/dahlia-park-condominium,dahlia-park-condominium
DAHLIA PARK CONDOMINIUM,PASIR RIS,17,8 Nov 2024,5 Flora Drive #06-XX,5 Flora Drive,3,1149,1460000,Condominium,Freehold,Resale,1270,117.987,Strata,Private,URA,not_clean,https://www.edgeprop.sg/condo-apartment/dahlia-park-condominium,dahlia-park-condominium
DAHLIA PARK CONDOMINIUM,PASIR RIS,17,14 Aug 2024,7 Flora Drive #05-XX,7 Flora Drive,2,1157,1270000,Condominium,Freehold,Resale,1098,102.008,Strata,Private,URA,not_clean,https://www.edgeprop.sg/condo-apartment/dahlia-park-condominium,dahlia-park-condominium
DAHLIA PARK CONDOMINIUM,PASIR RIS,17,27 Jun 2024,5 Flora Drive #01-XX,5 Flora Drive,3,1153,1750000,Condominium,Freehold,Resale,1518,141.027,Strata,Private,URA,not_clean,https://www.edgeprop.sg/condo-apartment/dahlia-park-condominium,dahlia-park-condominium
DAHLIA PARK CONDOMINIUM,PASIR RIS,17,18 Jun 2024,3 Flora Drive #06-XX,3 Flora Drive,3,1210,1550000,Condominium,Freehold,Resale,1281,119.009,Strata,Private,URA,not_clean,https://www.edgeprop.sg/condo-apartment/dahlia-park-condominium,dahlia-park-condominium
DAHLIA PARK CONDOMINIUM,PASIR RIS,17,10 Jun 2024,5 Flora Drive #03-XX,5 Flora Drive,3,1194,1530000,Condominium,Freehold,Resale,1281,119.009,Strata,HDB,URA,not_clean,https://www.edgeprop.sg/condo-apartment/dahlia-park-condominium,dahlia-park-condominium
DAHLIA PARK CONDOMINIUM,PASIR RIS,17,21 May 2024,1 Flora Drive #01-XX,1 Flora Drive,3,1091,1468000,Condominium,Freehold,Resale,1346,125.047,Strata,HDB,URA,not_clean,https://www.edgeprop.sg/condo-apartment/dahlia-park-condominium,dahlia-park-condominium
DAHLIA PARK CONDOMINIUM,PASIR RIS,17,16 May 2024,9 Flora Drive #04-XX,9 Flora Drive,3,1192,1540000,Condominium,Freehold,Resale,1292,120.031,Strata,Private,URA,not_clean,https://www.edgeprop.sg/condo-apartment/dahlia-park-condominium,dahlia-park-condominium
DAHLIA PARK CONDOMINIUM,PASIR RIS,17,7 May 2024,5 Flora Drive #06-XX,5 Flora Drive,3,1185,1530000,Condominium,Freehold,Resale,1292,120.031,Strata,Private,URA,not_clean,https://www.edgeprop.sg/condo-apartment/dahlia-park-condominium,dahlia-park-condominium
DAHLIA PARK CONDOMINIUM,PASIR RIS,17,16 Feb 2024,5 Flora Drive #03-XX,5 Flora Drive,2,1166,1280000,Condominium,Freehold,Resale,1098,102.008,Strata,Private,URA,not_clean,https://www.edgeprop.sg/condo-apartment/dahlia-park-condominium,dahlia-park-condominium
DAHLIA PARK CONDOMINIUM,PASIR RIS,17,14 Feb 2024,5 Flora Drive #05-XX,5 Flora Drive,4,1094,1648000,Condominium,Freehold,Resale,1507,140.005,Strata,Private,URA,not_clean,https://www.edgeprop.sg/condo-apartment/dahlia-park-condominium,dahlia-park-condominium
DAHLIA PARK CONDOMINIUM,PASIR RIS,17,23 Jan 2024,5 Flora Drive #05-XX,5 Flora Drive,3,1165,1480000,Condominium,Freehold,Resale,1270,117.987,Strata,HDB,URA,not_clean,https://www.edgeprop.sg/condo-apartment/dahlia-park-condominium,dahlia-park-condominium
DAHLIA PARK CONDOMINIUM,PASIR RIS,17,22 Jan 2024,7 Flora Drive #04-XX,7 Flora Drive,2,1081,1140000,Condominium,Freehold,Resale,1055,98.013,Strata,Private,URA,not_clean,https://www.edgeprop.sg/condo-apartment/dahlia-park-condominium,dahlia-park-condominium
DAHLIA PARK CONDOMINIUM,PASIR RIS,17,30 Oct 2023,3 Flora Drive #01-XX,3 Flora Drive,3,1023,1828000,Condominium,Freehold,Resale,1787,166.018,Strata,Private,URA,not_clean,https://www.edgeprop.sg/condo-apartment/dahlia-park-condominium,dahlia-park-condominium
DAHLIA PARK CONDOMINIUM,PASIR RIS,17,24 Jul 2023,7 Flora Drive #06-XX,7 Flora Drive,2,1093,1200000,Condominium,Freehold,Resale,1098,102.008,Strata,Private,URA,not_clean,https://www.edgeprop.sg/condo-apartment/dahlia-park-condominium,dahlia-park-condominium
DAHLIA PARK CONDOMINIUM,PASIR RIS,17,17 May 2023,7 Flora Drive #08-XX,7 Flora Drive,2,1154,1230000,Condominium,Freehold,Resale,1066,99.035,Strata,Private,URA,not_clean,https://www.edgeprop.sg/condo-apartment/dahlia-park-condominium,dahlia-park-condominium
DAHLIA PARK CONDOMINIUM,PASIR RIS,17,5 May 2023,5 Flora Drive #06-XX,5 Flora Drive,2,1107,1168000,Condominium,Freehold,Resale,1055,98.013,Strata,HDB,URA,not_clean,https://www.edgeprop.sg/condo-apartment/dahlia-park-condominium,dahlia-park-condominium
DAHLIA PARK CONDOMINIUM,PASIR RIS,17,22 Mar 2023,3 Flora Drive #06-XX,3 Flora Drive,3,1132,1450000,Condominium,Freehold,Resale,1281,119.009,Strata,Private,URA,not_clean,https://www.edgeprop.sg/condo-apartment/dahlia-park-condominium,dahlia-park-condominium
DAHLIA PARK CONDOMINIUM,PASIR RIS,17,17 Mar 2023,1 Flora Drive #02-XX,1 Flora Drive,3,1068,1368000,Condominium,Freehold,Resale,1281,119.009,Strata,HDB,URA,not_clean,https://www.edgeprop.sg/condo-apartment/dahlia-park-condominium,dahlia-park-condominium
DAHLIA PARK CONDOMINIUM,PASIR RIS,17,16 Mar 2023,1 Flora Drive #08-XX,1 Flora Drive,3,916,1420000,Condominium,Freehold,Resale,1550,144.0,Strata,HDB,URA,not_clean,https://www.edgeprop.sg/condo-apartment/dahlia-park-condominium,dahlia-park-condominium
DAHLIA PARK CONDOMINIUM,PASIR RIS,17,9 Mar 2023,5 Flora Drive #05-XX,5 Flora Drive,3,1070,1370000,Condominium,Freehold,Resale,1281,119.009,Strata,Private,URA,not_clean,https://www.edgeprop.sg/condo-apartment/dahlia-park-condominium,dahlia-park-condominium
DAHLIA PARK CONDOMINIUM,PASIR RIS,17,9 Mar 2023,7 Flora Drive #07-XX,7 Flora Drive,3,1061,1348000,Condominium,Freehold,Resale,1270,117.987,Strata,Private,URA,not_clean,https://www.edgeprop.sg/condo-apartment/dahlia-park-condominium,dahlia-park-condominium
DAHLIA PARK CONDOMINIUM,PASIR RIS,17,4 Jan 2023,3 Flora Drive #03-XX,3 Flora Drive,2,1009,1108000,Condominium,Freehold,Resale,1098,102.008,Strata,HDB,URA,not_clean,https://www.edgeprop.sg/condo-apartment/dahlia-park-condominium,dahlia-park-condominium
DAHLIA PARK CONDOMINIUM,PASIR RIS,17,23 Dec 2022,7 Flora Drive #08-XX,7 Flora Drive,3,974,1500000,Condominium,Freehold,Resale,1539,142.978,Strata,Private,URA,not_clean,https://www.edgeprop.sg/condo-apartment/dahlia-park-condominium,dahlia-park-condominium
DAHLIA PARK CONDOMINIUM,PASIR RIS,17,5 Dec 2022,5 FLORA DRIVE #08-XX,5 FLORA DRIVE,3,1053,1338000,Condominium,Freehold,Resale,1270,117.987,Strata,HDB,URA,not_clean,https://www.edgeprop.sg/condo-apartment/dahlia-park-condominium,dahlia-park-condominium
DAHLIA PARK CONDOMINIUM,PASIR RIS,17,4 Nov 2022,3 Flora Drive #08-XX,3 Flora Drive,2,984,1080000,Condominium,Freehold,Resale,1098,102.008,Strata,Private,URA,not_clean,https://www.edgeprop.sg/condo-apartment/dahlia-park-condominium,dahlia-park-condominium
DAHLIA PARK CONDOMINIUM,PASIR RIS,17,21 Oct 2022,7 Flora Drive #01-XX,7 Flora Drive,3,966,1300000,Condominium,Freehold,Resale,1346,125.047,Strata,Private,URA,not_clean,https://www.edgeprop.sg/condo-apartment/dahlia-park-condominium,dahlia-park-condominium
DAHLIA PARK CONDOMINIUM,PASIR RIS,17,15 Sep 2022,3 Flora Drive #04-XX,3 Flora Drive,3,999,1280000,Condominium,Freehold,Resale,1281,119.009,Strata,Private,URA,not_clean,https://www.edgeprop.sg/condo-apartment/dahlia-park-condominium,dahlia-park-condominium
DAHLIA PARK CONDOMINIUM,PASIR RIS,17,15 Sep 2022,9 Flora Drive #04-XX,9 Flora Drive,2,938,1050000,Condominium,Freehold,Resale,1119,103.959,Strata,Private,URA,not_clean,https://www.edgeprop.sg/condo-apartment/dahlia-park-condominium,dahlia-park-condominium
DAHLIA PARK CONDOMINIUM,PASIR RIS,17,12 Sep 2022,1 Flora Drive #06-XX,1 Flora Drive,3,1044,1348888,Condominium,Freehold,Resale,1292,120.031,Strata,HDB,URA,not_clean,https://www.edgeprop.sg/condo-apartment/dahlia-park-condominium,dahlia-park-condominium
DAHLIA PARK CONDOMINIUM,PASIR RIS,17,22 Aug 2022,5 Flora Drive #02-XX,5 Flora Drive,2,920,980000,Condominium,Freehold,Resale,1066,99.035,Strata,Private,URA,not_clean,https://www.edgeprop.sg/condo-apartment/dahlia-park-condominium,dahlia-park-condominium
DAHLIA PARK CONDOMINIUM,PASIR RIS,17,2 Jun 2022,5 Flora Drive #01-XX,5 Flora Drive,2,946,1120000,Condominium,Freehold,Resale,1184,109.997,Strata,Private,URA,not_clean,https://www.edgeprop.sg/condo-apartment/dahlia-park-condominium,dahlia-park-condominium
DAHLIA PARK CONDOMINIUM,PASIR RIS,17,5 May 2022,5 Flora Drive #04-XX,5 Flora Drive,3,1006,1288888,Condominium,Freehold,Resale,1281,119.009,Strata,HDB,URA,not_clean,https://www.edgeprop.sg/condo-apartment/dahlia-park-condominium,dahlia-park-condominium
DAHLIA PARK CONDOMINIUM,PASIR RIS,17,26 Apr 2022,7 Flora Drive #08-XX,7 Flora Drive,2,927,1018000,Condominium,Freehold,Resale,1098,102.008,Strata,Private,URA,not_clean,https://www.edgeprop.sg/condo-apartment/dahlia-park-condominium,dahlia-park-condominium
DAHLIA PARK CONDOMINIUM,PASIR RIS,17,8 Mar 2022,3 Flora Drive #02-XX,3 Flora Drive,3,1006,1288000,Condominium,Freehold,Resale,1281,119.009,Strata,HDB,URA,not_clean,https://www.edgeprop.sg/condo-apartment/dahlia-park-condominium,dahlia-park-condominium
DAHLIA PARK CONDOMINIUM,PASIR RIS,17,4 Feb 2022,9 Flora Drive #04-XX,9 Flora Drive,2,918,988000,Condominium,Freehold,Resale,1076,99.964,Strata,HDB,URA,not_clean,https://www.edgeprop.sg/condo-apartment/dahlia-park-condominium,dahlia-park-condominium
DAHLIA PARK CONDOMINIUM,PASIR RIS,17,13 Dec 2021,5 Flora Drive #01-XX,5 Flora Drive,3,870,1330000,Condominium,Freehold,Resale,1528,141.956,Strata,Private,URA,not_clean,https://www.edgeprop.sg/condo-apartment/dahlia-park-condominium,dahlia-park-condominium
DAHLIA PARK CONDOMINIUM,PASIR RIS,17,22 Nov 2021,5 Flora Drive #06-XX,5 Flora Drive,3,919,1167000,Condominium,Freehold,Resale,1270,117.987,Strata,Private,URA,not_clean,https://www.edgeprop.sg/condo-apartment/dahlia-park-condominium,dahlia-park-condominium
DAHLIA PARK CONDOMINIUM,PASIR RIS,17,19 Oct 2021,7 Flora Drive #03-XX,7 Flora Drive,3,867,1120000,Condominium,Freehold,Resale,1292,120.031,Strata,Private,URA,not_clean,https://www.edgeprop.sg/condo-apartment/dahlia-park-condominium,dahlia-park-condominium
DAHLIA PARK CONDOMINIUM,PASIR RIS,17,10 Sep 2021,7 Flora Drive #04-XX,7 Flora Drive,3,859,1110000,Condominium,Freehold,Resale,1292,120.031,Strata,Private,URA,not_clean,https://www.edgeprop.sg/condo-apartment/dahlia-park-condominium,dahlia-park-condominium
DAHLIA PARK CONDOMINIUM,PASIR RIS,17,6 Sep 2021,7 Flora Drive #04-XX,7 Flora Drive,3,842,1088000,Condominium,Freehold,Resale,1292,120.031,Strata,HDB,URA,not_clean,https://www.edgeprop.sg/condo-apartment/dahlia-park-condominium,dahlia-park-condominium
DAHLIA PARK CONDOMINIUM,PASIR RIS,17,3 Sep 2021,7 Flora Drive #06-XX,7 Flora Drive,3,898,1150000,Condominium,Freehold,Resale,1281,119.009,Strata,Private,URA,not_clean,https://www.edgeprop.sg/condo-apartment/dahlia-park-condominium,dahlia-park-condominium
DAHLIA PARK CONDOMINIUM,PASIR RIS,17,28 Jul 2021,5 Flora Drive #04-XX,5 Flora Drive,4,900,1356000,Condominium,Freehold,Resale,1507,140.005,Strata,Private,URA,not_clean,https://www.edgeprop.sg/condo-apartment/dahlia-park-condominium,dahlia-park-condominium
DAHLIA PARK CONDOMINIUM,PASIR RIS,17,3 Jun 2021,9 Flora Drive #08-XX,9 Flora Drive,3,807,1190000,Condominium,Freehold,Resale,1475,137.032,Strata,Private,URA,not_clean,https://www.edgeprop.sg/condo-apartment/dahlia-park-condominium,dahlia-park-condominium
DAHLIA PARK CONDOMINIUM,PASIR RIS,17,7 May 2021,1 Flora Drive #03-XX,1 Flora Drive,3,804,1039000,Condominium,Freehold,Resale,1292,120.031,Strata,HDB,URA,not_clean,https://www.edgeprop.sg/condo-apartment/dahlia-park-condominium,dahlia-park-condominium
DAHLIA PARK CONDOMINIUM,PASIR RIS,17,5 May 2021,7 Flora Drive #06-XX,7 Flora Drive,2,857,903888,Condominium,Freehold,Resale,1055,98.013,Strata,Private,URA,not_clean,https://www.edgeprop.sg/condo-apartment/dahlia-park-condominium,dahlia-park-condominium
DAHLIA PARK CONDOMINIUM,PASIR RIS,17,30 Apr 2021,3 Flora Drive #01-XX,3 Flora Drive,3,804,1350000,Condominium,Freehold,Resale,1679,155.984,Strata,HDB,URA,not_clean,https://www.edgeprop.sg/condo-apartment/dahlia-park-condominium,dahlia-park-condominium
DAHLIA PARK CONDOMINIUM,PASIR RIS,17,31 Mar 2021,5 Flora Drive #03-XX,5 Flora Drive,2,816,870000,Condominium,Freehold,Resale,1066,99.035,Strata,Private,URA,not_clean,https://www.edgeprop.sg/condo-apartment/dahlia-park-condominium,dahlia-park-condominium
DAHLIA PARK CONDOMINIUM,PASIR RIS,17,26 Mar 2021,7 Flora Drive #03-XX,7 Flora Drive,2,818,898000,Condominium,Freehold,Resale,1098,102.008,Strata,Private,URA,not_clean,https://www.edgeprop.sg/condo-apartment/dahlia-park-condominium,dahlia-park-condominium
DAHLIA PARK CONDOMINIUM,PASIR RIS,17,17 Feb 2021,7 Flora Drive #03-XX,7 Flora Drive,3,902,1165000,Condominium,Freehold,Resale,1292,120.031,Strata,Private,URA,not_clean,https://www.edgeprop.sg/condo-apartment/dahlia-park-condominium,dahlia-park-condominium
DAHLIA PARK CONDOMINIUM,PASIR RIS,17,4 Jan 2021,1 Flora Drive #02-XX,1 Flora Drive,3,827,1050000,Condominium,Freehold,Resale,1270,117.987,Strata,HDB,URA,not_clean,https://www.edgeprop.sg/condo-apartment/dahlia-park-condominium,dahlia-park-condominium
DAHLIA PARK CONDOMINIUM,PASIR RIS,17,30 Dec 2020,3 Flora Drive #08-XX,3 Flora Drive,3,835,1060000,Condominium,Freehold,Resale,1270,117.987,Strata,Private,URA,not_clean,https://www.edgeprop.sg/condo-apartment/dahlia-park-condominium,dahlia-park-condominium
DAHLIA PARK CONDOMINIUM,PASIR RIS,17,18 Nov 2020,5 Flora Drive #06-XX,5 Flora Drive,3,813,1050000,Condominium,Freehold,Resale,1292,120.031,Strata,HDB,URA,not_clean,https://www.edgeprop.sg/condo-apartment/dahlia-park-condominium,dahlia-park-condominium
DAHLIA PARK CONDOMINIUM,PASIR RIS,17,13 Nov 2020,1 Flora Drive #03-XX,1 Flora Drive,3,764,970000,Condominium,Freehold,Resale,1270,117.987,Strata,Private,URA,not_clean,https://www.edgeprop.sg/condo-apartment/dahlia-park-condominium,dahlia-park-condominium
DAHLIA PARK CONDOMINIUM,PASIR RIS,17,17 Aug 2020,7 Flora Drive #05-XX,7 Flora Drive,2,797,875000,Condominium,Freehold,Resale,1098,102.008,Strata,HDB,URA,not_clean,https://www.edgeprop.sg/condo-apartment/dahlia-park-condominium,dahlia-park-condominium
DAHLIA PARK CONDOMINIUM,PASIR RIS,17,20 Jul 2020,7 Flora Drive #06-XX,7 Flora Drive,2,747,820000,Condominium,Freehold,Resale,1098,102.008,Strata,Private,URA,not_clean,https://www.edgeprop.sg/condo-apartment/dahlia-park-condominium,dahlia-park-condominium
DAHLIA PARK CONDOMINIUM,PASIR RIS,17,13 Jul 2020,3 Flora Drive #07-XX,3 Flora Drive,3,819,1040000,Condominium,Freehold,Resale,1270,117.987,Strata,Private,URA,not_clean,https://www.edgeprop.sg/condo-apartment/dahlia-park-condominium,dahlia-park-condominium
DAHLIA PARK CONDOMINIUM,PASIR RIS,17,4 May 2020,3 Flora Drive #07-XX,3 Flora Drive,3,735,950000,Condominium,Freehold,Resale,1292,120.031,Strata,HDB,URA,not_clean,https://www.edgeprop.sg/condo-apartment/dahlia-park-condominium,dahlia-park-condominium
DAHLIA PARK CONDOMINIUM,PASIR RIS,17,15 Nov 2019,5 Flora Drive #02-XX,5 Flora Drive,3,732,930000,Condominium,Freehold,Resale,1270,117.987,Strata,Private,URA,not_clean,https://www.edgeprop.sg/condo-apartment/dahlia-park-condominium,dahlia-park-condominium
DAHLIA PARK CONDOMINIUM,PASIR RIS,17,17 Oct 2019,1 Flora Drive #07-XX,1 Flora Drive,2,802,880000,Condominium,Freehold,Resale,1098,102.008,Strata,HDB,URA,not_clean,https://www.edgeprop.sg/condo-apartment/dahlia-park-condominium,dahlia-park-condominium
DAHLIA PARK CONDOMINIUM,PASIR RIS,17,7 Oct 2019,7 Flora Drive #08-XX,7 Flora Drive,2,882,940000,Condominium,Freehold,Resale,1066,99.035,Strata,HDB,URA,not_clean,https://www.edgeprop.sg/condo-apartment/dahlia-park-condominium,dahlia-park-condominium
DAHLIA PARK CONDOMINIUM,PASIR RIS,17,9 Jul 2019,5 Flora Drive #02-XX,5 Flora Drive,2,806,885000,Condominium,Freehold,Resale,1098,102.008,Strata,HDB,URA,not_clean,https://www.edgeprop.sg/condo-apartment/dahlia-park-condominium,dahlia-park-condominium
DAHLIA PARK CONDOMINIUM,PASIR RIS,17,17 Jun 2019,5 Flora Drive #04-XX,5 Flora Drive,2,820,900000,Condominium,Freehold,Resale,1098,102.008,Strata,HDB,URA,not_clean,https://www.edgeprop.sg/condo-apartment/dahlia-park-condominium,dahlia-park-condominium
DAHLIA PARK CONDOMINIUM,PASIR RIS,17,23 Apr 2019,7 Flora Drive #02-XX,7 Flora Drive,4,863,1300000,Condominium,Freehold,Resale,1507,140.005,Strata,HDB,URA,not_clean,https://www.edgeprop.sg/condo-apartment/dahlia-park-condominium,dahlia-park-condominium
DAHLIA PARK CONDOMINIUM,PASIR RIS,17,12 Feb 2019,1 Flora Drive #07-XX,1 Flora Drive,3,811,1030000,Condominium,Freehold,Resale,1270,117.987,Strata,Private,URA,not_clean,https://www.edgeprop.sg/condo-apartment/dahlia-park-condominium,dahlia-park-condominium
DAHLIA PARK CONDOMINIUM,PASIR RIS,17,4 Jan 2019,3 Flora Drive #06-XX,3 Flora Drive,3,836,1080000,Condominium,Freehold,Resale,1292,120.031,Strata,Private,URA,not_clean,https://www.edgeprop.sg/condo-apartment/dahlia-park-condominium,dahlia-park-condominium
EDELWEISS PARK CONDOMINIUM,PASIR RIS,17,3 Jun 2026,96 FLORA ROAD #02-XX,96 FLORA ROAD,3,1376,2000000,Condominium,Freehold,Resale,1453,134.988,Strata,HDB,URA,not_clean,https://www.edgeprop.sg/condo-apartment/edelweiss-park-condominium,edelweiss-park-condominium
EDELWEISS PARK CONDOMINIUM,PASIR RIS,17,21 May 2026,100 FLORA ROAD #01-XX,100 FLORA ROAD,1,1086,900000,Condominium,Freehold,Resale,829,77.017,Strata,HDB,URA,not_clean,https://www.edgeprop.sg/condo-apartment/edelweiss-park-condominium,edelweiss-park-condominium
EDELWEISS PARK CONDOMINIUM,PASIR RIS,17,17 Mar 2026,80 FLORA ROAD #07-XX,80 FLORA ROAD,2,1214,1150000,Condominium,Freehold,Resale,947,87.979,Strata,Private,URA,not_clean,https://www.edgeprop.sg/condo-apartment/edelweiss-park-condominium,edelweiss-park-condominium
EDELWEISS PARK CONDOMINIUM,PASIR RIS,17,13 Feb 2026,96 FLORA ROAD #01-XX,96 FLORA ROAD,1,1101,782500,Condominium,Freehold,Resale,710,65.961,Strata,Private,URA,not_clean,https://www.edgeprop.sg/condo-apartment/edelweiss-park-condominium,edelweiss-park-condominium
EDELWEISS PARK CONDOMINIUM,PASIR RIS,17,13 Feb 2026,80 FLORA ROAD #06-XX,80 FLORA ROAD,3,1304,1740000,Condominium,Freehold,Resale,1335,124.026,Strata,Private,URA,not_clean,https://www.edgeprop.sg/condo-apartment/edelweiss-park-condominium,edelweiss-park-condominium
EDELWEISS PARK CONDOMINIUM,PASIR RIS,17,5 Feb 2026,92 FLORA ROAD #02-XX,92 FLORA ROAD,3,1199,1600000,Condominium,Freehold,Resale,1335,124.026,Strata,HDB,URA,not_clean,https://www.edgeprop.sg/condo-apartment/edelweiss-park-condominium,edelweiss-park-condominium
EDELWEISS PARK CONDOMINIUM,PASIR RIS,17,22 Jan 2026,94 FLORA ROAD #04-XX,94 FLORA ROAD,2,1124,1065000,Condominium,Freehold,Resale,947,87.979,Strata,Private,URA,not_clean,https://www.edgeprop.sg/condo-apartment/edelweiss-park-condominium,edelweiss-park-condominium
EDELWEISS PARK CONDOMINIUM,PASIR RIS,17,19 Jan 2026,92 FLORA ROAD #04-XX,92 FLORA ROAD,2,1098,1040000,Condominium,Freehold,Resale,947,87.979,Strata,HDB,URA,not_clean,https://www.edgeprop.sg/condo-apartment/edelweiss-park-condominium,edelweiss-park-condominium
EDELWEISS PARK CONDOMINIUM,PASIR RIS,17,16 Jan 2026,92 FLORA ROAD #06-XX,92 FLORA ROAD,3,1250,1668000,Condominium,Freehold,Resale,1335,124.026,Strata,Private,URA,not_clean,https://www.edgeprop.sg/condo-apartment/edelweiss-park-condominium,edelweiss-park-condominium
EDELWEISS PARK CONDOMINIUM,PASIR RIS,17,17 Dec 2025,102 FLORA ROAD #01-XX,102 FLORA ROAD,3,1215,1700000,Condominium,Freehold,Resale,1399,129.971,Strata,Private,URA,not_clean,https://www.edgeprop.sg/condo-apartment/edelweiss-park-condominium,edelweiss-park-condominium
EDELWEISS PARK CONDOMINIUM,PASIR RIS,17,16 Dec 2025,90 FLORA ROAD #04-XX,90 FLORA ROAD,2,1144,1170000,Condominium,Freehold,Resale,1023,95.04,Strata,Private,URA,not_clean,https://www.edgeprop.sg/condo-apartment/edelweiss-park-condominium,edelweiss-park-condominium
EDELWEISS PARK CONDOMINIUM,PASIR RIS,17,28 Nov 2025,86 FLORA ROAD #08-XX,86 FLORA ROAD,4,835,2670000,Condominium,Freehold,Resale,3197,297.011,Strata,Private,URA,not_clean,https://www.edgeprop.sg/condo-apartment/edelweiss-park-condominium,edelweiss-park-condominium
EDELWEISS PARK CONDOMINIUM,PASIR RIS,17,25 Aug 2025,88 FLORA ROAD #04-XX,88 FLORA ROAD,1,1118,770000,Condominium,Freehold,Resale,689,64.01,Strata,Private,URA,not_clean,https://www.edgeprop.sg/condo-apartment/edelweiss-park-condominium,edelweiss-park-condominium
EDELWEISS PARK CONDOMINIUM,PASIR RIS,17,31 Jul 2025,102 Flora Road #03-XX,102 Flora Road,2,1128,1190000,Condominium,Freehold,Resale,1055,98.013,Strata,Private,URA,not_clean,https://www.edgeprop.sg/condo-apartment/edelweiss-park-condominium,edelweiss-park-condominium
EDELWEISS PARK CONDOMINIUM,PASIR RIS,17,2 Jul 2025,92 Flora Road #03-XX,92 Flora Road,2,1126,1030000,Condominium,Freehold,Resale,915,85.006,Strata,HDB,URA,not_clean,https://www.edgeprop.sg/condo-apartment/edelweiss-park-condominium,edelweiss-park-condominium
EDELWEISS PARK CONDOMINIUM,PASIR RIS,17,16 Jun 2025,80 Flora Road #01-XX,80 Flora Road,3,1170,1700000,Condominium,Freehold,Resale,1453,134.988,Strata,HDB,URA,not_clean,https://www.edgeprop.sg/condo-apartment/edelweiss-park-condominium,edelweiss-park-condominium
EDELWEISS PARK CONDOMINIUM,PASIR RIS,17,6 Jun 2025,98 Flora Road #03-XX,98 Flora Road,2,1087,1030000,Condominium,Freehold,Resale,947,87.979,Strata,Private,URA,not_clean,https://www.edgeprop.sg/condo-apartment/edelweiss-park-condominium,edelweiss-park-condominium
EDELWEISS PARK CONDOMINIUM,PASIR RIS,17,29 May 2025,102 Flora Road #04-XX,102 Flora Road,2,1155,1218000,Condominium,Freehold,Resale,1055,98.013,Strata,Private,URA,not_clean,https://www.edgeprop.sg/condo-apartment/edelweiss-park-condominium,edelweiss-park-condominium
EDELWEISS PARK CONDOMINIUM,PASIR RIS,17,28 May 2025,84 Flora Road #06-XX,84 Flora Road,3,1265,1620000,Condominium,Freehold,Resale,1281,119.009,Strata,Private,URA,not_clean,https://www.edgeprop.sg/condo-apartment/edelweiss-park-condominium,edelweiss-park-condominium
EDELWEISS PARK CONDOMINIUM,PASIR RIS,17,27 May 2025,98 Flora Road #05-XX,98 Flora Road,2,1117,1058000,Condominium,Freehold,Resale,947,87.979,Strata,HDB,URA,not_clean,https://www.edgeprop.sg/condo-apartment/edelweiss-park-condominium,edelweiss-park-condominium
EDELWEISS PARK CONDOMINIUM,PASIR RIS,17,5 May 2025,82 Flora Road #02-XX,82 Flora Road,3,1265,1688000,Condominium,Freehold,Resale,1335,124.026,Strata,Private,URA,not_clean,https://www.edgeprop.sg/condo-apartment/edelweiss-park-condominium,edelweiss-park-condominium
EDELWEISS PARK CONDOMINIUM,PASIR RIS,17,28 Apr 2025,84 Flora Road #08-XX,84 Flora Road,2,1119,1180000,Condominium,Freehold,Resale,1055,98.013,Strata,Private,URA,not_clean,https://www.edgeprop.sg/condo-apartment/edelweiss-park-condominium,edelweiss-park-condominium
EDELWEISS PARK CONDOMINIUM,PASIR RIS,17,21 Apr 2025,86 Flora Road #01-XX,86 Flora Road,1,1020,845000,Condominium,Freehold,Resale,829,77.017,Strata,Private,URA,not_clean,https://www.edgeprop.sg/condo-apartment/edelweiss-park-condominium,edelweiss-park-condominium
EDELWEISS PARK CONDOMINIUM,PASIR RIS,17,3 Apr 2025,86 Flora Road #02-XX,86 Flora Road,2,1134,1160000,Condominium,Freehold,Resale,1023,95.04,Strata,Private,URA,not_clean,https://www.edgeprop.sg/condo-apartment/edelweiss-park-condominium,edelweiss-park-condominium
EDELWEISS PARK CONDOMINIUM,PASIR RIS,17,5 Mar 2025,98 Flora Road #08-XX,98 Flora Road,3,969,2388000,Condominium,Freehold,Resale,2465,229.006,Strata,Private,URA,not_clean,https://www.edgeprop.sg/condo-apartment/edelweiss-park-condominium,edelweiss-park-condominium
EDELWEISS PARK CONDOMINIUM,PASIR RIS,17,31 Jan 2025,98 Flora Road #08-XX,98 Flora Road,4,829,2650000,Condominium,Freehold,Resale,3197,297.011,Strata,Private,URA,not_clean,https://www.edgeprop.sg/condo-apartment/edelweiss-park-condominium,edelweiss-park-condominium
EDELWEISS PARK CONDOMINIUM,PASIR RIS,17,18 Dec 2024,100 Flora Road #05-XX,100 Flora Road,3,1197,1520000,Condominium,Freehold,Resale,1270,117.987,Strata,HDB,URA,not_clean,https://www.edgeprop.sg/condo-apartment/edelweiss-park-condominium,edelweiss-park-condominium
EDELWEISS PARK CONDOMINIUM,PASIR RIS,17,5 Dec 2024,88 Flora Road #03-XX,88 Flora Road,3,1154,1540000,Condominium,Freehold,Resale,1335,124.026,Strata,Private,URA,not_clean,https://www.edgeprop.sg/condo-apartment/edelweiss-park-condominium,edelweiss-park-condominium
EDELWEISS PARK CONDOMINIUM,PASIR RIS,17,17 Oct 2024,94 Flora Road #04-XX,94 Flora Road,2,1140,1080000,Condominium,Freehold,Resale,947,87.979,Strata,Private,URA,not_clean,https://www.edgeprop.sg/condo-apartment/edelweiss-park-condominium,edelweiss-park-condominium
EDELWEISS PARK CONDOMINIUM,PASIR RIS,17,16 Sep 2024,80 Flora Road #02-XX,80 Flora Road,2,1080,988000,Condominium,Freehold,Resale,915,85.006,Strata,Private,URA,not_clean,https://www.edgeprop.sg/condo-apartment/edelweiss-park-condominium,edelweiss-park-condominium
EDELWEISS PARK CONDOMINIUM,PASIR RIS,17,3 Sep 2024,102 Flora Road #07-XX,102 Flora Road,3,1007,1290000,Condominium,Freehold,Resale,1281,119.009,Strata,Private,URA,not_clean,https://www.edgeprop.sg/condo-apartment/edelweiss-park-condominium,edelweiss-park-condominium
EDELWEISS PARK CONDOMINIUM,PASIR RIS,17,22 Aug 2024,94 Flora Road #06-XX,94 Flora Road,3,1199,1600000,Condominium,Freehold,Resale,1335,124.026,Strata,HDB,URA,not_clean,https://www.edgeprop.sg/condo-apartment/edelweiss-park-condominium,edelweiss-park-condominium
EDELWEISS PARK CONDOMINIUM,PASIR RIS,17,15 Aug 2024,84 Flora Road #01-XX,84 Flora Road,1,1038,860000,Condominium,Freehold,Resale,829,77.017,Strata,Private,URA,not_clean,https://www.edgeprop.sg/condo-apartment/edelweiss-park-condominium,edelweiss-park-condominium
EDELWEISS PARK CONDOMINIUM,PASIR RIS,17,2 Aug 2024,86 Flora Road #01-XX,86 Flora Road,3,1101,1540000,Condominium,Freehold,Resale,1399,129.971,Strata,HDB,URA,not_clean,https://www.edgeprop.sg/condo-apartment/edelweiss-park-condominium,edelweiss-park-condominium
EDELWEISS PARK CONDOMINIUM,PASIR RIS,17,26 Jul 2024,84 Flora Road #04-XX,84 Flora Road,3,1101,1470000,Condominium,Freehold,Resale,1335,124.026,Strata,HDB,URA,not_clean,https://www.edgeprop.sg/condo-apartment/edelweiss-park-condominium,edelweiss-park-condominium
EDELWEISS PARK CONDOMINIUM,PASIR RIS,17,19 Jun 2024,98 Flora Road #04-XX,98 Flora Road,2,1056,1000000,Condominium,Freehold,Resale,947,87.979,Strata,Private,URA,not_clean,https://www.edgeprop.sg/condo-apartment/edelweiss-park-condominium,edelweiss-park-condominium
EDELWEISS PARK CONDOMINIUM,PASIR RIS,17,13 Jun 2024,86 Flora Road #08-XX,86 Flora Road,2,1043,1100000,Condominium,Freehold,Resale,1055,98.013,Strata,Private,URA,not_clean,https://www.edgeprop.sg/condo-apartment/edelweiss-park-condominium,edelweiss-park-condominium
EDELWEISS PARK CONDOMINIUM,PASIR RIS,17,23 May 2024,92 Flora Road #05-XX,92 Flora Road,2,1108,1050000,Condominium,Freehold,Resale,947,87.979,Strata,Private,URA,not_clean,https://www.edgeprop.sg/condo-apartment/edelweiss-park-condominium,edelweiss-park-condominium
EDELWEISS PARK CONDOMINIUM,PASIR RIS,17,25 Apr 2024,98 Flora Road #04-XX,98 Flora Road,4,1107,1800000,Condominium,Freehold,Resale,1625,150.967,Strata,HDB,URA,not_clean,https://www.edgeprop.sg/condo-apartment/edelweiss-park-condominium,edelweiss-park-condominium
EDELWEISS PARK CONDOMINIUM,PASIR RIS,17,19 Apr 2024,84 Flora Road #08-XX,84 Flora Road,2,1108,1050000,Condominium,Freehold,Resale,947,87.979,Strata,HDB,URA,not_clean,https://www.edgeprop.sg/condo-apartment/edelweiss-park-condominium,edelweiss-park-condominium
EDELWEISS PARK CONDOMINIUM,PASIR RIS,17,5 Apr 2024,82 Flora Road #01-XX,82 Flora Road,1,1116,925000,Condominium,Freehold,Resale,829,77.017,Strata,Private,URA,not_clean,https://www.edgeprop.sg/condo-apartment/edelweiss-park-condominium,edelweiss-park-condominium
EDELWEISS PARK CONDOMINIUM,PASIR RIS,17,3 Apr 2024,94 Flora Road #05-XX,94 Flora Road,3,1184,1580000,Condominium,Freehold,Resale,1335,124.026,Strata,Private,URA,not_clean,https://www.edgeprop.sg/condo-apartment/edelweiss-park-condominium,edelweiss-park-condominium
EDELWEISS PARK CONDOMINIUM,PASIR RIS,17,29 Feb 2024,100 Flora Road #08-XX,100 Flora Road,3,867,2138000,Condominium,Freehold,Resale,2465,229.006,Strata,HDB,URA,not_clean,https://www.edgeprop.sg/condo-apartment/edelweiss-park-condominium,edelweiss-park-condominium
EDELWEISS PARK CONDOMINIUM,PASIR RIS,17,7 Feb 2024,98 Flora Road #08-XX,98 Flora Road,2,1056,1000000,Condominium,Freehold,Resale,947,87.979,Strata,Private,URA,not_clean,https://www.edgeprop.sg/condo-apartment/edelweiss-park-condominium,edelweiss-park-condominium
EDELWEISS PARK CONDOMINIUM,PASIR RIS,17,23 Jan 2024,80 Flora Road #03-XX,80 Flora Road,2,1045,990000,Condominium,Freehold,Resale,947,87.979,Strata,Private,URA,not_clean,https://www.edgeprop.sg/condo-apartment/edelweiss-park-condominium,edelweiss-park-condominium
EDELWEISS PARK CONDOMINIUM,PASIR RIS,17,22 Jan 2024,90 Flora Road #07-XX,90 Flora Road,4,895,2860000,Condominium,Freehold,Resale,3197,297.011,Strata,Private,URA,not_clean,https://www.edgeprop.sg/condo-apartment/edelweiss-park-condominium,edelweiss-park-condominium
EDELWEISS PARK CONDOMINIUM,PASIR RIS,17,11 Jan 2024,100 Flora Road #02-XX,100 Flora Road,3,905,1150000,Condominium,Freehold,Resale,1270,117.987,Strata,Private,URA,not_clean,https://www.edgeprop.sg/condo-apartment/edelweiss-park-condominium,edelweiss-park-condominium
EDELWEISS PARK CONDOMINIUM,PASIR RIS,17,16 Oct 2023,100 Flora Road #04-XX,100 Flora Road,3,1070,1370000,Condominium,Freehold,Resale,1281,119.009,Strata,Private,URA,not_clean,https://www.edgeprop.sg/condo-apartment/edelweiss-park-condominium,edelweiss-park-condominium
EDELWEISS PARK CONDOMINIUM,PASIR RIS,17,31 Aug 2023,82 Flora Road #02-XX,82 Flora Road,2,1044,954888,Condominium,Freehold,Resale,915,85.006,Strata,HDB,URA,not_clean,https://www.edgeprop.sg/condo-apartment/edelweiss-park-condominium,edelweiss-park-condominium
EDELWEISS PARK CONDOMINIUM,PASIR RIS,17,15 Aug 2023,88 Flora Road #02-XX,88 Flora Road,2,1127,1165000,Condominium,Freehold,Resale,1033,95.969,Strata,Private,URA,not_clean,https://www.edgeprop.sg/condo-apartment/edelweiss-park-condominium,edelweiss-park-condominium
EDELWEISS PARK CONDOMINIUM,PASIR RIS,17,8 Aug 2023,86 Flora Road #06-XX,86 Flora Road,3,1038,1330000,Condominium,Freehold,Resale,1281,119.009,Strata,Private,URA,not_clean,https://www.edgeprop.sg/condo-apartment/edelweiss-park-condominium,edelweiss-park-condominium
EDELWEISS PARK CONDOMINIUM,PASIR RIS,17,4 Aug 2023,84 Flora Road #03-XX,84 Flora Road,2,1043,1100000,Condominium,Freehold,Resale,1055,98.013,Strata,Private,URA,not_clean,https://www.edgeprop.sg/condo-apartment/edelweiss-park-condominium,edelweiss-park-condominium
EDELWEISS PARK CONDOMINIUM,PASIR RIS,17,1 Aug 2023,82 Flora Road #07-XX,82 Flora Road,2,1204,1270000,Condominium,Freehold,Resale,1055,98.013,Strata,HDB,URA,not_clean,https://www.edgeprop.sg/condo-apartment/edelweiss-park-condominium,edelweiss-park-condominium
EDELWEISS PARK CONDOMINIUM,PASIR RIS,17,28 Jul 2023,88 Flora Road #05-XX,88 Flora Road,1,1098,780000,Condominium,Freehold,Resale,710,65.961,Strata,HDB,URA,not_clean,https://www.edgeprop.sg/condo-apartment/edelweiss-park-condominium,edelweiss-park-condominium
EDELWEISS PARK CONDOMINIUM,PASIR RIS,17,20 Jul 2023,94 Flora Road #02-XX,94 Flora Road,3,1034,1380000,Condominium,Freehold,Resale,1335,124.026,Strata,Private,URA,not_clean,https://www.edgeprop.sg/condo-apartment/edelweiss-park-condominium,edelweiss-park-condominium
EDELWEISS PARK CONDOMINIUM,PASIR RIS,17,26 May 2023,90 Flora Road #04-XX,90 Flora Road,3,1062,1360000,Condominium,Freehold,Resale,1281,119.009,Strata,Private,URA,not_clean,https://www.edgeprop.sg/condo-apartment/edelweiss-park-condominium,edelweiss-park-condominium
EDELWEISS PARK CONDOMINIUM,PASIR RIS,17,27 Apr 2023,100 Flora Road #05-XX,100 Flora Road,3,1116,1490000,Condominium,Freehold,Resale,1335,124.026,Strata,Private,URA,not_clean,https://www.edgeprop.sg/condo-apartment/edelweiss-park-condominium,edelweiss-park-condominium
EDELWEISS PARK CONDOMINIUM,PASIR RIS,17,16 Mar 2023,80 Flora Road #07-XX,80 Flora Road,2,1119,1060000,Condominium,Freehold,Resale,947,87.979,Strata,HDB,URA,not_clean,https://www.edgeprop.sg/condo-apartment/edelweiss-park-condominium,edelweiss-park-condominium
EDELWEISS PARK CONDOMINIUM,PASIR RIS,17,30 Dec 2022,102 Flora Road #02-XX,102 Flora Road,3,1038,1330000,Condominium,Freehold,Resale,1281,119.009,Strata,Private,URA,not_clean,https://www.edgeprop.sg/condo-apartment/edelweiss-park-condominium,edelweiss-park-condominium
EDELWEISS PARK CONDOMINIUM,PASIR RIS,17,22 Dec 2022,86 Flora Road #01-XX,86 Flora Road,1,989,820000,Condominium,Freehold,Resale,829,77.017,Strata,HDB,URA,not_clean,https://www.edgeprop.sg/condo-apartment/edelweiss-park-condominium,edelweiss-park-condominium
EDELWEISS PARK CONDOMINIUM,PASIR RIS,17,1 Dec 2022,102 FLORA ROAD #01-XX,102 FLORA ROAD,1,989,820000,Condominium,Freehold,Resale,829,77.017,Strata,Private,URA,not_clean,https://www.edgeprop.sg/condo-apartment/edelweiss-park-condominium,edelweiss-park-condominium
EDELWEISS PARK CONDOMINIUM,PASIR RIS,17,27 Sep 2022,100 Flora Road #01-XX,100 Flora Road,1,995,825000,Condominium,Freehold,Resale,829,77.017,Strata,Private,URA,not_clean,https://www.edgeprop.sg/condo-apartment/edelweiss-park-condominium,edelweiss-park-condominium
EDELWEISS PARK CONDOMINIUM,PASIR RIS,17,20 Sep 2022,90 Flora Road #01-XX,90 Flora Road,3,965,1350000,Condominium,Freehold,Resale,1399,129.971,Strata,HDB,URA,not_clean,https://www.edgeprop.sg/condo-apartment/edelweiss-park-condominium,edelweiss-park-condominium
EDELWEISS PARK CONDOMINIUM,PASIR RIS,17,9 Sep 2022,96 Flora Road #01-XX,96 Flora Road,1,1035,735000,Condominium,Freehold,Resale,710,65.961,Strata,HDB,URA,not_clean,https://www.edgeprop.sg/condo-apartment/edelweiss-park-condominium,edelweiss-park-condominium
EDELWEISS PARK CONDOMINIUM,PASIR RIS,17,5 Sep 2022,96 Flora Road #04-XX,96 Flora Road,3,1034,1380000,Condominium,Freehold,Resale,1335,124.026,Strata,Private,URA,not_clean,https://www.edgeprop.sg/condo-apartment/edelweiss-park-condominium,edelweiss-park-condominium
EDELWEISS PARK CONDOMINIUM,PASIR RIS,17,22 Aug 2022,82 Flora Road #07-XX,82 Flora Road,2,1013,960000,Condominium,Freehold,Resale,947,87.979,Strata,HDB,URA,not_clean,https://www.edgeprop.sg/condo-apartment/edelweiss-park-condominium,edelweiss-park-condominium
EDELWEISS PARK CONDOMINIUM,PASIR RIS,17,5 Aug 2022,96 Flora Road #05-XX,96 Flora Road,2,1024,970000,Condominium,Freehold,Resale,947,87.979,Strata,Private,URA,not_clean,https://www.edgeprop.sg/condo-apartment/edelweiss-park-condominium,edelweiss-park-condominium
EDELWEISS PARK CONDOMINIUM,PASIR RIS,17,26 Jul 2022,84 Flora Road #06-XX,84 Flora Road,3,1071,1430000,Condominium,Freehold,Resale,1335,124.026,Strata,Private,URA,not_clean,https://www.edgeprop.sg/condo-apartment/edelweiss-park-condominium,edelweiss-park-condominium
EDELWEISS PARK CONDOMINIUM,PASIR RIS,17,14 Jul 2022,96 Flora Road #04-XX,96 Flora Road,2,1071,1130000,Condominium,Freehold,Resale,1055,98.013,Strata,HDB,URA,not_clean,https://www.edgeprop.sg/condo-apartment/edelweiss-park-condominium,edelweiss-park-condominium
EDELWEISS PARK CONDOMINIUM,PASIR RIS,17,5 Jul 2022,88 Flora Road #07-XX,88 Flora Road,2,814,1410000,Condominium,Freehold,Resale,1733,161.001,Strata,HDB,URA,not_clean,https://www.edgeprop.sg/condo-apartment/edelweiss-park-condominium,edelweiss-park-condominium
EDELWEISS PARK CONDOMINIUM,PASIR RIS,17,30 Jun 2022,84 Flora Road #01-XX,84 Flora Road,3,986,1380000,Condominium,Freehold,Resale,1399,129.971,Strata,Private,URA,not_clean,https://www.edgeprop.sg/condo-apartment/edelweiss-park-condominium,edelweiss-park-condominium
EDELWEISS PARK CONDOMINIUM,PASIR RIS,17,30 Jun 2022,100 Flora Road #04-XX,100 Flora Road,3,1011,1350000,Condominium,Freehold,Resale,1335,124.026,Strata,Private,URA,not_clean,https://www.edgeprop.sg/condo-apartment/edelweiss-park-condominium,edelweiss-park-condominium
EDELWEISS PARK CONDOMINIUM,PASIR RIS,17,2 Jun 2022,96 Flora Road #03-XX,96 Flora Road,2,1005,1060000,Condominium,Freehold,Resale,1055,98.013,Strata,HDB,URA,not_clean,https://www.edgeprop.sg/condo-apartment/edelweiss-park-condominium,edelweiss-park-condominium
EDELWEISS PARK CONDOMINIUM,PASIR RIS,17,20 May 2022,92 Flora Road #03-XX,92 Flora Road,3,989,1320000,Condominium,Freehold,Resale,1335,124.026,Strata,Private,URA,not_clean,https://www.edgeprop.sg/condo-apartment/edelweiss-park-condominium,edelweiss-park-condominium
EDELWEISS PARK CONDOMINIUM,PASIR RIS,17,13 May 2022,98 Flora Road #02-XX,98 Flora Road,4,1061,1919000,Condominium,Freehold,Resale,1808,167.969,Strata,Private,URA,not_clean,https://www.edgeprop.sg/condo-apartment/edelweiss-park-condominium,edelweiss-park-condominium
EDELWEISS PARK CONDOMINIUM,PASIR RIS,17,12 May 2022,84 Flora Road #02-XX,84 Flora Road,3,973,1246800,Condominium,Freehold,Resale,1281,119.009,Strata,HDB,URA,not_clean,https://www.edgeprop.sg/condo-apartment/edelweiss-park-condominium,edelweiss-park-condominium
EDELWEISS PARK CONDOMINIUM,PASIR RIS,17,24 Feb 2022,92 Flora Road #06-XX,92 Flora Road,3,981,1257000,Condominium,Freehold,Resale,1281,119.009,Strata,Private,URA,not_clean,https://www.edgeprop.sg/condo-apartment/edelweiss-park-condominium,edelweiss-park-condominium
EDELWEISS PARK CONDOMINIUM,PASIR RIS,17,21 Feb 2022,92 Flora Road #01-XX,92 Flora Road,3,1015,1420000,Condominium,Freehold,Resale,1399,129.971,Strata,Private,URA,not_clean,https://www.edgeprop.sg/condo-apartment/edelweiss-park-condominium,edelweiss-park-condominium
EDELWEISS PARK CONDOMINIUM,PASIR RIS,17,26 Jan 2022,92 Flora Road #02-XX,92 Flora Road,1,915,650000,Condominium,Freehold,Resale,710,65.961,Strata,HDB,URA,not_clean,https://www.edgeprop.sg/condo-apartment/edelweiss-park-condominium,edelweiss-park-condominium
EDELWEISS PARK CONDOMINIUM,PASIR RIS,17,4 Jan 2022,84 Flora Road #04-XX,84 Flora Road,3,928,1238000,Condominium,Freehold,Resale,1335,124.026,Strata,Private,URA,not_clean,https://www.edgeprop.sg/condo-apartment/edelweiss-park-condominium,edelweiss-park-condominium
EDELWEISS PARK CONDOMINIUM,PASIR RIS,17,27 Dec 2021,98 Flora Road #05-XX,98 Flora Road,2,998,945000,Condominium,Freehold,Resale,947,87.979,Strata,Private,URA,not_clean,https://www.edgeprop.sg/condo-apartment/edelweiss-park-condominium,edelweiss-park-condominium
EDELWEISS PARK CONDOMINIUM,PASIR RIS,17,17 Dec 2021,102 Flora Road #08-XX,102 Flora Road,2,920,970000,Condominium,Freehold,Resale,1055,98.013,Strata,Private,URA,not_clean,https://www.edgeprop.sg/condo-apartment/edelweiss-park-condominium,edelweiss-park-condominium
EDELWEISS PARK CONDOMINIUM,PASIR RIS,17,16 Dec 2021,96 Flora Road #07-XX,96 Flora Road,3,945,1200000,Condominium,Freehold,Resale,1270,117.987,Strata,Private,URA,not_clean,https://www.edgeprop.sg/condo-apartment/edelweiss-park-condominium,edelweiss-park-condominium
EDELWEISS PARK CONDOMINIUM,PASIR RIS,17,9 Dec 2021,90 Flora Road #02-XX,90 Flora Road,4,1015,1650000,Condominium,Freehold,Resale,1625,150.967,Strata,HDB,URA,not_clean,https://www.edgeprop.sg/condo-apartment/edelweiss-park-condominium,edelweiss-park-condominium
EDELWEISS PARK CONDOMINIUM,PASIR RIS,17,26 Nov 2021,92 Flora Road #03-XX,92 Flora Road,3,898,1150000,Condominium,Freehold,Resale,1281,119.009,Strata,Private,URA,not_clean,https://www.edgeprop.sg/condo-apartment/edelweiss-park-condominium,edelweiss-park-condominium
EDELWEISS PARK CONDOMINIUM,PASIR RIS,17,12 Nov 2021,84 Flora Road #01-XX,84 Flora Road,3,936,1360000,Condominium,Freehold,Resale,1453,134.988,Strata,Private,URA,not_clean,https://www.edgeprop.sg/condo-apartment/edelweiss-park-condominium,edelweiss-park-condominium
EDELWEISS PARK CONDOMINIUM,PASIR RIS,17,25 Oct 2021,82 Flora Road #02-XX,82 Flora Road,2,916,936800,Condominium,Freehold,Resale,1023,95.04,Strata,HDB,URA,not_clean,https://www.edgeprop.sg/condo-apartment/edelweiss-park-condominium,edelweiss-park-condominium
EDELWEISS PARK CONDOMINIUM,PASIR RIS,17,22 Oct 2021,98 Flora Road #04-XX,98 Flora Road,2,1022,968000,Condominium,Freehold,Resale,947,87.979,Strata,Private,URA,not_clean,https://www.edgeprop.sg/condo-apartment/edelweiss-park-condominium,edelweiss-park-condominium
EDELWEISS PARK CONDOMINIUM,PASIR RIS,17,12 Oct 2021,82 Flora Road #08-XX,82 Flora Road,3,754,2030000,Condominium,Freehold,Resale,2691,250.002,Strata,Private,URA,not_clean,https://www.edgeprop.sg/condo-apartment/edelweiss-park-condominium,edelweiss-park-condominium
EDELWEISS PARK CONDOMINIUM,PASIR RIS,17,8 Oct 2021,88 Flora Road #04-XX,88 Flora Road,1,944,650000,Condominium,Freehold,Resale,689,64.01,Strata,Private,URA,not_clean,https://www.edgeprop.sg/condo-apartment/edelweiss-park-condominium,edelweiss-park-condominium
EDELWEISS PARK CONDOMINIUM,PASIR RIS,17,5 Oct 2021,88 Flora Road #07-XX,88 Flora Road,2,762,1320000,Condominium,Freehold,Resale,1733,161.001,Strata,HDB,URA,not_clean,https://www.edgeprop.sg/condo-apartment/edelweiss-park-condominium,edelweiss-park-condominium
EDELWEISS PARK CONDOMINIUM,PASIR RIS,17,1 Oct 2021,86 Flora Road #07-XX,86 Flora Road,2,886,935000,Condominium,Freehold,Resale,1055,98.013,Strata,HDB,URA,not_clean,https://www.edgeprop.sg/condo-apartment/edelweiss-park-condominium,edelweiss-park-condominium
EDELWEISS PARK CONDOMINIUM,PASIR RIS,17,16 Sep 2021,80 Flora Road #04-XX,80 Flora Road,3,898,1150000,Condominium,Freehold,Resale,1281,119.009,Strata,HDB,URA,not_clean,https://www.edgeprop.sg/condo-apartment/edelweiss-park-condominium,edelweiss-park-condominium
EDELWEISS PARK CONDOMINIUM,PASIR RIS,17,10 Sep 2021,92 Flora Road #07-XX,92 Flora Road,3,682,1680000,Condominium,Freehold,Resale,2465,229.006,Strata,Private,URA,not_clean,https://www.edgeprop.sg/condo-apartment/edelweiss-park-condominium,edelweiss-park-condominium
EDELWEISS PARK CONDOMINIUM,PASIR RIS,17,7 Sep 2021,86 Flora Road #02-XX,86 Flora Road,3,990,1385000,Condominium,Freehold,Resale,1399,129.971,Strata,Private,URA,not_clean,https://www.edgeprop.sg/condo-apartment/edelweiss-park-condominium,edelweiss-park-condominium
EDELWEISS PARK CONDOMINIUM,PASIR RIS,17,13 Aug 2021,86 Flora Road #08-XX,86 Flora Road,2,924,975000,Condominium,Freehold,Resale,1055,98.013,Strata,Private,URA,not_clean,https://www.edgeprop.sg/condo-apartment/edelweiss-park-condominium,edelweiss-park-condominium
EDELWEISS PARK CONDOMINIUM,PASIR RIS,17,10 Aug 2021,96 Flora Road #05-XX,96 Flora Road,2,863,910000,Condominium,Freehold,Resale,1055,98.013,Strata,HDB,URA,not_clean,https://www.edgeprop.sg/condo-apartment/edelweiss-park-condominium,edelweiss-park-condominium
EDELWEISS PARK CONDOMINIUM,PASIR RIS,17,26 Jul 2021,82 Flora Road #03-XX,82 Flora Road,2,866,820000,Condominium,Freehold,Resale,947,87.979,Strata,HDB,URA,not_clean,https://www.edgeprop.sg/condo-apartment/edelweiss-park-condominium,edelweiss-park-condominium
EDELWEISS PARK CONDOMINIUM,PASIR RIS,17,19 Jul 2021,80 Flora Road #01-XX,80 Flora Road,1,901,640000,Condominium,Freehold,Resale,710,65.961,Strata,Private,URA,not_clean,https://www.edgeprop.sg/condo-apartment/edelweiss-park-condominium,edelweiss-park-condominium
ESTELLA GARDENS,PASIR RIS,17,16 Jun 2026,25 FLORA ROAD #07-XX,25 FLORA ROAD,1,1271,1190000,Condominium,Freehold,Resale,936,86.957,Strata,HDB,URA,not_clean,https://www.edgeprop.sg/condo-apartment/estella-gardens,estella-gardens
ESTELLA GARDENS,PASIR RIS,17,11 Jun 2026,29 FLORA ROAD #02-XX,29 FLORA ROAD,3,1137,1468000,Condominium,Freehold,Resale,1292,120.031,Strata,HDB,URA,not_clean,https://www.edgeprop.sg/condo-apartment/estella-gardens,estella-gardens
ESTELLA GARDENS,PASIR RIS,17,28 May 2026,29 FLORA ROAD #02-XX,29 FLORA ROAD,3,1151,1450000,Condominium,Freehold,Resale,1259,116.965,Strata,Private,URA,not_clean,https://www.edgeprop.sg/condo-apartment/estella-gardens,estella-gardens
ESTELLA GARDENS,PASIR RIS,17,20 May 2026,29 FLORA ROAD #01-XX,29 FLORA ROAD,3,1255,2000000,Condominium,Freehold,Resale,1593,147.995,Strata,Private,URA,not_clean,https://www.edgeprop.sg/condo-apartment/estella-gardens,estella-gardens
ESTELLA GARDENS,PASIR RIS,17,9 Mar 2026,27 FLORA ROAD #07-XX,27 FLORA ROAD,2,1183,1350000,Condominium,Freehold,Resale,1141,106.002,Strata,Private,URA,not_clean,https://www.edgeprop.sg/condo-apartment/estella-gardens,estella-gardens
ESTELLA GARDENS,PASIR RIS,17,9 Mar 2026,27 FLORA ROAD #06-XX,27 FLORA ROAD,1,1240,813888,Condominium,Freehold,Resale,657,61.037,Strata,HDB,URA,not_clean,https://www.edgeprop.sg/condo-apartment/estella-gardens,estella-gardens
ESTELLA GARDENS,PASIR RIS,17,3 Mar 2026,29 FLORA ROAD #03-XX,29 FLORA ROAD,3,1191,1500000,Condominium,Freehold,Resale,1259,116.965,Strata,Private,URA,not_clean,https://www.edgeprop.sg/condo-apartment/estella-gardens,estella-gardens
ESTELLA GARDENS,PASIR RIS,17,30 Dec 2025,27 FLORA ROAD #01-XX,27 FLORA ROAD,1,1188,780000,Condominium,Freehold,Resale,657,61.037,Strata,Private,URA,not_clean,https://www.edgeprop.sg/condo-apartment/estella-gardens,estella-gardens
ESTELLA GARDENS,PASIR RIS,17,17 Jul 2025,29 Flora Road #08-XX,29 Flora Road,1,1234,810000,Condominium,Freehold,Resale,657,61.037,Strata,Private,URA,not_clean,https://www.edgeprop.sg/condo-apartment/estella-gardens,estella-gardens
ESTELLA GARDENS,PASIR RIS,17,30 Jun 2025,29 Flora Road #05-XX,29 Flora Road,1,1212,1135000,Condominium,Freehold,Resale,936,86.957,Strata,HDB,URA,not_clean,https://www.edgeprop.sg/condo-apartment/estella-gardens,estella-gardens
ESTELLA GARDENS,PASIR RIS,17,26 Jun 2025,23 Flora Road #02-XX,23 Flora Road,1,1217,1140000,Condominium,Freehold,Resale,936,86.957,Strata,Private,URA,not_clean,https://www.edgeprop.sg/condo-apartment/estella-gardens,estella-gardens
ESTELLA GARDENS,PASIR RIS,17,19 Jun 2025,29 Flora Road #01-XX,29 Flora Road,2,1190,1140000,Condominium,Freehold,Resale,958,89.001,Strata,Private,URA,not_clean,https://www.edgeprop.sg/condo-apartment/estella-gardens,estella-gardens
ESTELLA GARDENS,PASIR RIS,17,12 Jun 2025,29 Flora Road #01-XX,29 Flora Road,3,1224,1950000,Condominium,Freehold,Resale,1593,147.995,Strata,Private,URA,not_clean,https://www.edgeprop.sg/condo-apartment/estella-gardens,estella-gardens
ESTELLA GARDENS,PASIR RIS,17,29 May 2025,23 Flora Road #08-XX,23 Flora Road,2,1183,1350000,Condominium,Freehold,Resale,1141,106.002,Strata,Private,URA,not_clean,https://www.edgeprop.sg/condo-apartment/estella-gardens,estella-gardens
ESTELLA GARDENS,PASIR RIS,17,4 Mar 2025,27 Flora Road #04-XX,27 Flora Road,3,1161,1500000,Condominium,Freehold,Resale,1292,120.031,Strata,Private,URA,not_clean,https://www.edgeprop.sg/condo-apartment/estella-gardens,estella-gardens
ESTELLA GARDENS,PASIR RIS,17,21 Feb 2025,27 Flora Road #01-XX,27 Flora Road,2,1127,1080000,Condominium,Freehold,Resale,958,89.001,Strata,Private,URA,not_clean,https://www.edgeprop.sg/condo-apartment/estella-gardens,estella-gardens
ESTELLA GARDENS,PASIR RIS,17,16 Jan 2025,25 Flora Road #04-XX,25 Flora Road,3,1146,1480000,Condominium,Freehold,Resale,1292,120.031,Strata,Private,URA,not_clean,https://www.edgeprop.sg/condo-apartment/estella-gardens,estella-gardens
ESTELLA GARDENS,PASIR RIS,17,8 Jan 2025,29 Flora Road #07-XX,29 Flora Road,2,1163,1326888,Condominium,Freehold,Resale,1141,106.002,Strata,Private,URA,not_clean,https://www.edgeprop.sg/condo-apartment/estella-gardens,estella-gardens
ESTELLA GARDENS,PASIR RIS,17,29 Nov 2024,23 Flora Road #02-XX,23 Flora Road,1,1196,785000,Condominium,Freehold,Resale,657,61.037,Strata,Private,URA,not_clean,https://www.edgeprop.sg/condo-apartment/estella-gardens,estella-gardens
ESTELLA GARDENS,PASIR RIS,17,10 Sep 2024,25 Flora Road #05-XX,25 Flora Road,3,1123,1450000,Condominium,Freehold,Resale,1292,120.031,Strata,Private,URA,not_clean,https://www.edgeprop.sg/condo-apartment/estella-gardens,estella-gardens
ESTELLA GARDENS,PASIR RIS,17,2 Aug 2024,23 Flora Road #07-XX,23 Flora Road,3,1151,1450000,Condominium,Freehold,Resale,1259,116.965,Strata,Private,URA,not_clean,https://www.edgeprop.sg/condo-apartment/estella-gardens,estella-gardens
ESTELLA GARDENS,PASIR RIS,17,5 Apr 2024,27 Flora Road #04-XX,27 Flora Road,3,1091,1408888,Condominium,Freehold,Resale,1292,120.031,Strata,Private,URA,not_clean,https://www.edgeprop.sg/condo-apartment/estella-gardens,estella-gardens
ESTELLA GARDENS,PASIR RIS,17,15 Mar 2024,23 Flora Road #05-XX,23 Flora Road,1,1191,782000,Condominium,Freehold,Resale,657,61.037,Strata,Private,URA,not_clean,https://www.edgeprop.sg/condo-apartment/estella-gardens,estella-gardens
ESTELLA GARDENS,PASIR RIS,17,23 Feb 2024,23 Flora Road #07-XX,23 Flora Road,1,1175,1100000,Condominium,Freehold,Resale,936,86.957,Strata,HDB,URA,not_clean,https://www.edgeprop.sg/condo-apartment/estella-gardens,estella-gardens
ESTELLA GARDENS,PASIR RIS,17,7 Feb 2024,23 Flora Road #07-XX,23 Flora Road,3,1200,1550000,Condominium,Freehold,Resale,1292,120.031,Strata,Private,URA,not_clean,https://www.edgeprop.sg/condo-apartment/estella-gardens,estella-gardens
ESTELLA GARDENS,PASIR RIS,17,4 Sep 2023,23 Flora Road #06-XX,23 Flora Road,2,1122,1280000,Condominium,Freehold,Resale,1141,106.002,Strata,Private,URA,not_clean,https://www.edgeprop.sg/condo-apartment/estella-gardens,estella-gardens
ESTELLA GARDENS,PASIR RIS,17,18 Aug 2023,27 Flora Road #06-XX,27 Flora Road,1,1153,1080000,Condominium,Freehold,Resale,936,86.957,Strata,Private,URA,not_clean,https://www.edgeprop.sg/condo-apartment/estella-gardens,estella-gardens
ESTELLA GARDENS,PASIR RIS,17,18 Jul 2023,27 Flora Road #01-XX,27 Flora Road,2,955,925000,Condominium,Freehold,Resale,969,90.023,Strata,Private,URA,not_clean,https://www.edgeprop.sg/condo-apartment/estella-gardens,estella-gardens
ESTELLA GARDENS,PASIR RIS,17,12 Jul 2023,27 Flora Road #05-XX,27 Flora Road,3,1146,1480000,Condominium,Freehold,Resale,1292,120.031,Strata,HDB,URA,not_clean,https://www.edgeprop.sg/condo-apartment/estella-gardens,estella-gardens
ESTELLA GARDENS,PASIR RIS,17,7 Jun 2023,29 Flora Road #04-XX,29 Flora Road,1,1095,718888,Condominium,Freehold,Resale,657,61.037,Strata,HDB,URA,not_clean,https://www.edgeprop.sg/condo-apartment/estella-gardens,estella-gardens
ESTELLA GARDENS,PASIR RIS,17,1 Jun 2023,29 Flora Road #08-XX,29 Flora Road,1,1153,1080000,Condominium,Freehold,Resale,936,86.957,Strata,Private,URA,not_clean,https://www.edgeprop.sg/condo-apartment/estella-gardens,estella-gardens
ESTELLA GARDENS,PASIR RIS,17,21 Apr 2023,23 Flora Road #04-XX,23 Flora Road,3,1192,1540000,Condominium,Freehold,Resale,1292,120.031,Strata,HDB,URA,not_clean,https://www.edgeprop.sg/condo-apartment/estella-gardens,estella-gardens
ESTELLA GARDENS,PASIR RIS,17,17 Feb 2023,29 Flora Road #07-XX,29 Flora Road,1,1132,1060000,Condominium,Freehold,Resale,936,86.957,Strata,Private,URA,not_clean,https://www.edgeprop.sg/condo-apartment/estella-gardens,estella-gardens
ESTELLA GARDENS,PASIR RIS,17,27 Dec 2022,29 Flora Road #02-XX,29 Flora Road,2,1090,1220000,Condominium,Freehold,Resale,1119,103.959,Strata,Private,URA,not_clean,https://www.edgeprop.sg/condo-apartment/estella-gardens,estella-gardens
ESTELLA GARDENS,PASIR RIS,17,8 Nov 2022,29 Flora Road #01-XX,29 Flora Road,3,1043,1550000,Condominium,Freehold,Resale,1485,137.961,Strata,Private,URA,not_clean,https://www.edgeprop.sg/condo-apartment/estella-gardens,estella-gardens
ESTELLA GARDENS,PASIR RIS,17,3 Nov 2022,23 Flora Road #05-XX,23 Flora Road,3,1092,1410888,Condominium,Freehold,Resale,1292,120.031,Strata,Private,URA,not_clean,https://www.edgeprop.sg/condo-apartment/estella-gardens,estella-gardens
ESTELLA GARDENS,PASIR RIS,17,19 Sep 2022,27 Flora Road #08-XX,27 Flora Road,3,1019,1316000,Condominium,Freehold,Resale,1292,120.031,Strata,HDB,URA,not_clean,https://www.edgeprop.sg/condo-apartment/estella-gardens,estella-gardens
ESTELLA GARDENS,PASIR RIS,17,15 Aug 2022,27 Flora Road #07-XX,27 Flora Road,1,1066,700000,Condominium,Freehold,Resale,657,61.037,Strata,HDB,URA,not_clean,https://www.edgeprop.sg/condo-apartment/estella-gardens,estella-gardens
ESTELLA GARDENS,PASIR RIS,17,25 Jul 2022,23 Flora Road #07-XX,23 Flora Road,1,1039,682000,Condominium,Freehold,Resale,657,61.037,Strata,HDB,URA,not_clean,https://www.edgeprop.sg/condo-apartment/estella-gardens,estella-gardens
ESTELLA GARDENS,PASIR RIS,17,19 May 2022,29 Flora Road #05-XX,29 Flora Road,2,1038,1183888,Condominium,Freehold,Resale,1141,106.002,Strata,Private,URA,not_clean,https://www.edgeprop.sg/condo-apartment/estella-gardens,estella-gardens
ESTELLA GARDENS,PASIR RIS,17,13 Apr 2022,27 Flora Road #04-XX,27 Flora Road,2,997,1138000,Condominium,Freehold,Resale,1141,106.002,Strata,HDB,URA,not_clean,https://www.edgeprop.sg/condo-apartment/estella-gardens,estella-gardens
ESTELLA GARDENS,PASIR RIS,17,17 Mar 2022,29 Flora Road #07-XX,29 Flora Road,1,1036,680000,Condominium,Freehold,Resale,657,61.037,Strata,Private,URA,not_clean,https://www.edgeprop.sg/condo-apartment/estella-gardens,estella-gardens
ESTELLA GARDENS,PASIR RIS,17,15 Mar 2022,27 Flora Road #02-XX,27 Flora Road,2,983,1100000,Condominium,Freehold,Resale,1119,103.959,Strata,Private,URA,not_clean,https://www.edgeprop.sg/condo-apartment/estella-gardens,estella-gardens
ESTELLA GARDENS,PASIR RIS,17,3 Feb 2022,27 Flora Road #01-XX,27 Flora Road,3,1017,1620000,Condominium,Freehold,Resale,1593,147.995,Strata,Private,URA,not_clean,https://www.edgeprop.sg/condo-apartment/estella-gardens,estella-gardens
ESTELLA GARDENS,PASIR RIS,17,20 Jan 2022,29 Flora Road #02-XX,29 Flora Road,3,975,1260000,Condominium,Freehold,Resale,1292,120.031,Strata,HDB,URA,not_clean,https://www.edgeprop.sg/condo-apartment/estella-gardens,estella-gardens
ESTELLA GARDENS,PASIR RIS,17,6 Dec 2021,29 Flora Road #01-XX,29 Flora Road,3,992,1580000,Condominium,Freehold,Resale,1593,147.995,Strata,Private,URA,not_clean,https://www.edgeprop.sg/condo-apartment/estella-gardens,estella-gardens
ESTELLA GARDENS,PASIR RIS,17,26 Nov 2021,29 Flora Road #07-XX,29 Flora Road,1,1036,680000,Condominium,Freehold,Resale,657,61.037,Strata,HDB,URA,not_clean,https://www.edgeprop.sg/condo-apartment/estella-gardens,estella-gardens
ESTELLA GARDENS,PASIR RIS,17,19 Nov 2021,29 Flora Road #06-XX,29 Flora Road,1,995,653000,Condominium,Freehold,Resale,657,61.037,Strata,HDB,URA,not_clean,https://www.edgeprop.sg/condo-apartment/estella-gardens,estella-gardens
ESTELLA GARDENS,PASIR RIS,17,11 Nov 2021,23 Flora Road #05-XX,23 Flora Road,1,1010,663000,Condominium,Freehold,Resale,657,61.037,Strata,HDB,URA,not_clean,https://www.edgeprop.sg/condo-apartment/estella-gardens,estella-gardens
ESTELLA GARDENS,PASIR RIS,17,14 Oct 2021,29 Flora Road #05-XX,29 Flora Road,3,952,1230000,Condominium,Freehold,Resale,1292,120.031,Strata,Private,URA,not_clean,https://www.edgeprop.sg/condo-apartment/estella-gardens,estella-gardens
ESTELLA GARDENS,PASIR RIS,17,31 Aug 2021,29 Flora Road #01-XX,29 Flora Road,2,774,750000,Condominium,Freehold,Resale,969,90.023,Strata,Private,URA,not_clean,https://www.edgeprop.sg/condo-apartment/estella-gardens,estella-gardens
ESTELLA GARDENS,PASIR RIS,17,24 Aug 2021,27 Flora Road #03-XX,27 Flora Road,2,859,980000,Condominium,Freehold,Resale,1141,106.002,Strata,HDB,URA,not_clean,https://www.edgeprop.sg/condo-apartment/estella-gardens,estella-gardens
ESTELLA GARDENS,PASIR RIS,17,20 Aug 2021,25 Flora Road #01-XX,25 Flora Road,2,927,888000,Condominium,Freehold,Resale,958,89.001,Strata,HDB,URA,not_clean,https://www.edgeprop.sg/condo-apartment/estella-gardens,estella-gardens
ESTELLA GARDENS,PASIR RIS,17,10 Aug 2021,25 Flora Road #06-XX,25 Flora Road,3,863,1580000,Condominium,Freehold,Resale,1830,170.013,Strata,Private,URA,not_clean,https://www.edgeprop.sg/condo-apartment/estella-gardens,estella-gardens
ESTELLA GARDENS,PASIR RIS,17,15 Jul 2021,23 Flora Road #02-XX,23 Flora Road,1,956,628000,Condominium,Freehold,Resale,657,61.037,Strata,Private,URA,not_clean,https://www.edgeprop.sg/condo-apartment/estella-gardens,estella-gardens
ESTELLA GARDENS,PASIR RIS,17,8 Jul 2021,25 Flora Road #06-XX,25 Flora Road,3,937,1210000,Condominium,Freehold,Resale,1292,120.031,Strata,Private,URA,not_clean,https://www.edgeprop.sg/condo-apartment/estella-gardens,estella-gardens
HEDGES PARK CONDOMINIUM,PASIR RIS,17,29 Apr 2026,83 FLORA DRIVE #03-XX,83 FLORA DRIVE,3,1296,1395000,Condominium,99 Yrs From 28/07/2010,Resale,1076,99.964,Strata,HDB,URA,not_clean,https://www.edgeprop.sg/condo-apartment/hedges-park-condominium,hedges-park-condominium
HEDGES PARK CONDOMINIUM,PASIR RIS,17,20 Apr 2026,87 FLORA DRIVE #05-XX,87 FLORA DRIVE,3,1244,1245000,Condominium,99 Yrs From 28/07/2010,Resale,1001,92.996,Strata,Private,URA,not_clean,https://www.edgeprop.sg/condo-apartment/hedges-park-condominium,hedges-park-condominium
HEDGES PARK CONDOMINIUM,PASIR RIS,17,13 Apr 2026,73 FLORA DRIVE #04-XX,73 FLORA DRIVE,3,1301,1400000,Condominium,99 Yrs From 28/07/2010,Resale,1076,99.964,Strata,HDB,URA,not_clean,https://www.edgeprop.sg/condo-apartment/hedges-park-condominium,hedges-park-condominium
HEDGES PARK CONDOMINIUM,PASIR RIS,17,26 Mar 2026,77 FLORA DRIVE #07-XX,77 FLORA DRIVE,2,1243,950000,Condominium,99 Yrs From 28/07/2010,Resale,764,70.978,Strata,Private,URA,not_clean,https://www.edgeprop.sg/condo-apartment/hedges-park-condominium,hedges-park-condominium
HEDGES PARK CONDOMINIUM,PASIR RIS,17,13 Mar 2026,75 FLORA DRIVE #03-XX,75 FLORA DRIVE,3,1259,1355000,Condominium,99 Yrs From 28/07/2010,Resale,1076,99.964,Strata,Private,URA,not_clean,https://www.edgeprop.sg/condo-apartment/hedges-park-condominium,hedges-park-condominium
HEDGES PARK CONDOMINIUM,PASIR RIS,17,26 Feb 2026,79 FLORA DRIVE #04-XX,79 FLORA DRIVE,2,1243,950000,Condominium,99 Yrs From 28/07/2010,Resale,764,70.978,Strata,Private,URA,not_clean,https://www.edgeprop.sg/condo-apartment/hedges-park-condominium,hedges-park-condominium
HEDGES PARK CONDOMINIUM,PASIR RIS,17,25 Feb 2026,77 FLORA DRIVE #06-XX,77 FLORA DRIVE,2,1243,950000,Condominium,99 Yrs From 28/07/2010,Resale,764,70.978,Strata,HDB,URA,not_clean,https://www.edgeprop.sg/condo-apartment/hedges-park-condominium,hedges-park-condominium
HEDGES PARK CONDOMINIUM,PASIR RIS,17,26 Jan 2026,79 FLORA DRIVE #08-XX,79 FLORA DRIVE,3,1347,1450000,Condominium,99 Yrs From 28/07/2010,Resale,1076,99.964,Strata,Private,URA,not_clean,https://www.edgeprop.sg/condo-apartment/hedges-park-condominium,hedges-park-condominium
HEDGES PARK CONDOMINIUM,PASIR RIS,17,15 Jan 2026,83 FLORA DRIVE #02-XX,83 FLORA DRIVE,2,1278,1238000,Condominium,99 Yrs From 28/07/2010,Resale,969,90.023,Strata,HDB,URA,not_clean,https://www.edgeprop.sg/condo-apartment/hedges-park-condominium,hedges-park-condominium
HEDGES PARK CONDOMINIUM,PASIR RIS,17,24 Dec 2025,71 FLORA DRIVE #05-XX,71 FLORA DRIVE,3,1189,1280000,Condominium,99 Yrs From 28/07/2010,Resale,1076,99.964,Strata,Private,URA,not_clean,https://www.edgeprop.sg/condo-apartment/hedges-park-condominium,hedges-park-condominium
HEDGES PARK CONDOMINIUM,PASIR RIS,17,15 Dec 2025,87 FLORA DRIVE #08-XX,87 FLORA DRIVE,2,1248,1088000,Condominium,99 Yrs From 28/07/2010,Resale,872,81.011,Strata,Private,URA,not_clean,https://www.edgeprop.sg/condo-apartment/hedges-park-condominium,hedges-park-condominium
HEDGES PARK CONDOMINIUM,PASIR RIS,17,12 Dec 2025,71 FLORA DRIVE #06-XX,71 FLORA DRIVE,1,1383,670000,Condominium,99 Yrs From 28/07/2010,Resale,484,44.965,Strata,Private,URA,not_clean,https://www.edgeprop.sg/condo-apartment/hedges-park-condominium,hedges-park-condominium
HEDGES PARK CONDOMINIUM,PASIR RIS,17,8 Dec 2025,81 FLORA DRIVE #04-XX,81 FLORA DRIVE,3,1279,1280000,Condominium,99 Yrs From 28/07/2010,Resale,1001,92.996,Strata,Private,URA,not_clean,https://www.edgeprop.sg/condo-apartment/hedges-park-condominium,hedges-park-condominium
HEDGES PARK CONDOMINIUM,PASIR RIS,17,5 Dec 2025,83 FLORA DRIVE #06-XX,83 FLORA DRIVE,3,1356,1460000,Condominium,99 Yrs From 28/07/2010,Resale,1076,99.964,Strata,Private,URA,not_clean,https://www.edgeprop.sg/condo-apartment/hedges-park-condominium,hedges-park-condominium
HEDGES PARK CONDOMINIUM,PASIR RIS,17,4 Dec 2025,87 FLORA DRIVE #04-XX,87 FLORA DRIVE,3,1229,1230000,Condominium,99 Yrs From 28/07/2010,Resale,1001,92.996,Strata,Private,URA,not_clean,https://www.edgeprop.sg/condo-apartment/hedges-park-condominium,hedges-park-condominium
HEDGES PARK CONDOMINIUM,PASIR RIS,17,27 Nov 2025,77 FLORA DRIVE #05-XX,77 FLORA DRIVE,1,1445,700000,Condominium,99 Yrs From 28/07/2010,Resale,484,44.965,Strata,HDB,URA,not_clean,https://www.edgeprop.sg/condo-apartment/hedges-park-condominium,hedges-park-condominium
HEDGES PARK CONDOMINIUM,PASIR RIS,17,18 Nov 2025,87 FLORA DRIVE #04-XX,87 FLORA DRIVE,2,1205,960000,Condominium,99 Yrs From 28/07/2010,Resale,797,74.044,Strata,Private,URA,not_clean,https://www.edgeprop.sg/condo-apartment/hedges-park-condominium,hedges-park-condominium
HEDGES PARK CONDOMINIUM,PASIR RIS,17,13 Nov 2025,71 FLORA DRIVE #08-XX,71 FLORA DRIVE,2,1282,980000,Condominium,99 Yrs From 28/07/2010,Resale,764,70.978,Strata,Private,URA,not_clean,https://www.edgeprop.sg/condo-apartment/hedges-park-condominium,hedges-park-condominium
HEDGES PARK CONDOMINIUM,PASIR RIS,17,28 Oct 2025,81 FLORA DRIVE #03-XX,81 FLORA DRIVE,4,1286,1730000,Condominium,99 Yrs From 28/07/2010,Resale,1346,125.047,Strata,HDB,URA,not_clean,https://www.edgeprop.sg/condo-apartment/hedges-park-condominium,hedges-park-condominium
HEDGES PARK CONDOMINIUM,PASIR RIS,17,17 Oct 2025,81 FLORA DRIVE #06-XX,81 FLORA DRIVE,3,1279,1280000,Condominium,99 Yrs From 28/07/2010,Resale,1001,92.996,Strata,Private,URA,not_clean,https://www.edgeprop.sg/condo-apartment/hedges-park-condominium,hedges-park-condominium
HEDGES PARK CONDOMINIUM,PASIR RIS,17,6 Oct 2025,81 FLORA DRIVE #02-XX,81 FLORA DRIVE,4,1299,2000000,Condominium,99 Yrs From 28/07/2010,Resale,1539,142.978,Strata,Private,URA,not_clean,https://www.edgeprop.sg/condo-apartment/hedges-park-condominium,hedges-park-condominium
HEDGES PARK CONDOMINIUM,PASIR RIS,17,26 Sep 2025,85 FLORA DRIVE #03-XX,85 FLORA DRIVE,3,1254,1255000,Condominium,99 Yrs From 28/07/2010,Resale,1001,92.996,Strata,HDB,URA,not_clean,https://www.edgeprop.sg/condo-apartment/hedges-park-condominium,hedges-park-condominium
HEDGES PARK CONDOMINIUM,PASIR RIS,17,15 Sep 2025,89 FLORA DRIVE #04-XX,89 FLORA DRIVE,2,1285,1120000,Condominium,99 Yrs From 28/07/2010,Resale,872,81.011,Strata,Private,URA,not_clean,https://www.edgeprop.sg/condo-apartment/hedges-park-condominium,hedges-park-condominium
HEDGES PARK CONDOMINIUM,PASIR RIS,17,22 Aug 2025,77 FLORA DRIVE #08-XX,77 FLORA DRIVE,1,1439,697000,Condominium,99 Yrs From 28/07/2010,Resale,484,44.965,Strata,Private,URA,not_clean,https://www.edgeprop.sg/condo-apartment/hedges-park-condominium,hedges-park-condominium
HEDGES PARK CONDOMINIUM,PASIR RIS,17,21 Aug 2025,71 FLORA DRIVE #08-XX,71 FLORA DRIVE,1,1445,700000,Condominium,99 Yrs From 28/07/2010,Resale,484,44.965,Strata,Private,URA,not_clean,https://www.edgeprop.sg/condo-apartment/hedges-park-condominium,hedges-park-condominium
HEDGES PARK CONDOMINIUM,PASIR RIS,17,15 Aug 2025,85 Flora Drive #04-XX,85 Flora Drive,2,1193,950000,Condominium,99 Yrs From 28/07/2010,Resale,797,74.044,Strata,Private,URA,not_clean,https://www.edgeprop.sg/condo-apartment/hedges-park-condominium,hedges-park-condominium
HEDGES PARK CONDOMINIUM,PASIR RIS,17,14 Aug 2025,75 Flora Drive #05-XX,75 Flora Drive,3,1296,1395000,Condominium,99 Yrs From 28/07/2010,Resale,1076,99.964,Strata,HDB,URA,not_clean,https://www.edgeprop.sg/condo-apartment/hedges-park-condominium,hedges-park-condominium
HEDGES PARK CONDOMINIUM,PASIR RIS,17,12 Aug 2025,71 Flora Drive #04-XX,71 Flora Drive,2,1293,988000,Condominium,99 Yrs From 28/07/2010,Resale,764,70.978,Strata,HDB,URA,not_clean,https://www.edgeprop.sg/condo-apartment/hedges-park-condominium,hedges-park-condominium
HEDGES PARK CONDOMINIUM,PASIR RIS,17,5 Aug 2025,71 Flora Drive #08-XX,71 Flora Drive,3,1231,1325000,Condominium,99 Yrs From 28/07/2010,Resale,1076,99.964,Strata,Private,URA,not_clean,https://www.edgeprop.sg/condo-apartment/hedges-park-condominium,hedges-park-condominium
HEDGES PARK CONDOMINIUM,PASIR RIS,17,23 Jul 2025,87 Flora Drive #06-XX,87 Flora Drive,2,1281,1020000,Condominium,99 Yrs From 28/07/2010,Resale,797,74.044,Strata,Private,URA,not_clean,https://www.edgeprop.sg/condo-apartment/hedges-park-condominium,hedges-park-condominium
HEDGES PARK CONDOMINIUM,PASIR RIS,17,21 Jul 2025,77 FLORA DRIVE #05-XX,77 FLORA DRIVE,2,1264,966000,Condominium,99 Yrs From 28/07/2010,Resale,764,70.978,Strata,Private,URA,not_clean,https://www.edgeprop.sg/condo-apartment/hedges-park-condominium,hedges-park-condominium
HEDGES PARK CONDOMINIUM,PASIR RIS,17,21 Jul 2025,85 Flora Drive #07-XX,85 Flora Drive,2,1313,1145000,Condominium,99 Yrs From 28/07/2010,Resale,872,81.011,Strata,Private,URA,not_clean,https://www.edgeprop.sg/condo-apartment/hedges-park-condominium,hedges-park-condominium
HEDGES PARK CONDOMINIUM,PASIR RIS,17,18 Jul 2025,87 Flora Drive #02-XX,87 Flora Drive,3,1277,1388000,Condominium,99 Yrs From 28/07/2010,Resale,1087,100.986,Strata,HDB,URA,not_clean,https://www.edgeprop.sg/condo-apartment/hedges-park-condominium,hedges-park-condominium
HEDGES PARK CONDOMINIUM,PASIR RIS,17,3 Jul 2025,83 Flora Drive #08-XX,83 Flora Drive,2,1265,1008000,Condominium,99 Yrs From 28/07/2010,Resale,797,74.044,Strata,HDB,URA,not_clean,https://www.edgeprop.sg/condo-apartment/hedges-park-condominium,hedges-park-condominium
HEDGES PARK CONDOMINIUM,PASIR RIS,17,17 Jun 2025,77 Flora Drive #04-XX,77 Flora Drive,3,1329,1430000,Condominium,99 Yrs From 28/07/2010,Resale,1076,99.964,Strata,HDB,URA,not_clean,https://www.edgeprop.sg/condo-apartment/hedges-park-condominium,hedges-park-condominium
HEDGES PARK CONDOMINIUM,PASIR RIS,17,10 Jun 2025,77 Flora Drive #03-XX,77 Flora Drive,1,1383,670000,Condominium,99 Yrs From 28/07/2010,Resale,484,44.965,Strata,HDB,URA,not_clean,https://www.edgeprop.sg/condo-apartment/hedges-park-condominium,hedges-park-condominium
HEDGES PARK CONDOMINIUM,PASIR RIS,17,9 Jun 2025,87 Flora Drive #02-XX,87 Flora Drive,4,1319,2030000,Condominium,99 Yrs From 28/07/2010,Resale,1539,142.978,Strata,HDB,URA,not_clean,https://www.edgeprop.sg/condo-apartment/hedges-park-condominium,hedges-park-condominium
HEDGES PARK CONDOMINIUM,PASIR RIS,17,6 Jun 2025,87 Flora Drive #03-XX,87 Flora Drive,4,1249,1680000,Condominium,99 Yrs From 28/07/2010,Resale,1346,125.047,Strata,Private,URA,not_clean,https://www.edgeprop.sg/condo-apartment/hedges-park-condominium,hedges-park-condominium
HEDGES PARK CONDOMINIUM,PASIR RIS,17,29 May 2025,83 Flora Drive #02-XX,83 Flora Drive,2,1088,995000,Condominium,99 Yrs From 28/07/2010,Resale,915,85.006,Strata,Private,URA,not_clean,https://www.edgeprop.sg/condo-apartment/hedges-park-condominium,hedges-park-condominium
HEDGES PARK CONDOMINIUM,PASIR RIS,17,20 May 2025,89 Flora Drive #08-XX,89 Flora Drive,2,1276,1112500,Condominium,99 Yrs From 28/07/2010,Resale,872,81.011,Strata,Private,URA,not_clean,https://www.edgeprop.sg/condo-apartment/hedges-park-condominium,hedges-park-condominium
HEDGES PARK CONDOMINIUM,PASIR RIS,17,5 May 2025,87 Flora Drive #06-XX,87 Flora Drive,3,1249,1250000,Condominium,99 Yrs From 28/07/2010,Resale,1001,92.996,Strata,Private,URA,not_clean,https://www.edgeprop.sg/condo-apartment/hedges-park-condominium,hedges-park-condominium
HEDGES PARK CONDOMINIUM,PASIR RIS,17,23 Apr 2025,89 Flora Drive #08-XX,89 Flora Drive,2,1302,1135000,Condominium,99 Yrs From 28/07/2010,Resale,872,81.011,Strata,HDB,URA,not_clean,https://www.edgeprop.sg/condo-apartment/hedges-park-condominium,hedges-park-condominium
HEDGES PARK CONDOMINIUM,PASIR RIS,17,10 Apr 2025,75 Flora Drive #07-XX,75 Flora Drive,1,1455,705000,Condominium,99 Yrs From 28/07/2010,Resale,484,44.965,Strata,HDB,URA,not_clean,https://www.edgeprop.sg/condo-apartment/hedges-park-condominium,hedges-park-condominium
HEDGES PARK CONDOMINIUM,PASIR RIS,17,8 Apr 2025,83 Flora Drive #05-XX,83 Flora Drive,2,1295,990000,Condominium,99 Yrs From 28/07/2010,Resale,764,70.978,Strata,Private,URA,not_clean,https://www.edgeprop.sg/condo-apartment/hedges-park-condominium,hedges-park-condominium
HEDGES PARK CONDOMINIUM,PASIR RIS,17,28 Mar 2025,87 Flora Drive #08-XX,87 Flora Drive,3,1274,1275000,Condominium,99 Yrs From 28/07/2010,Resale,1001,92.996,Strata,Private,URA,not_clean,https://www.edgeprop.sg/condo-apartment/hedges-park-condominium,hedges-park-condominium
HEDGES PARK CONDOMINIUM,PASIR RIS,17,25 Mar 2025,85 Flora Drive #06-XX,85 Flora Drive,2,1251,1091000,Condominium,99 Yrs From 28/07/2010,Resale,872,81.011,Strata,Private,URA,not_clean,https://www.edgeprop.sg/condo-apartment/hedges-park-condominium,hedges-park-condominium
HEDGES PARK CONDOMINIUM,PASIR RIS,17,24 Mar 2025,75 Flora Drive #03-XX,75 Flora Drive,2,1259,962000,Condominium,99 Yrs From 28/07/2010,Resale,764,70.978,Strata,Private,URA,not_clean,https://www.edgeprop.sg/condo-apartment/hedges-park-condominium,hedges-park-condominium
HEDGES PARK CONDOMINIUM,PASIR RIS,17,27 Feb 2025,83 Flora Drive #02-XX,83 Flora Drive,3,1233,1460000,Condominium,99 Yrs From 28/07/2010,Resale,1184,109.997,Strata,Private,URA,not_clean,https://www.edgeprop.sg/condo-apartment/hedges-park-condominium,hedges-park-condominium
HEDGES PARK CONDOMINIUM,PASIR RIS,17,21 Feb 2025,83 Flora Drive #07-XX,83 Flora Drive,4,1301,1750000,Condominium,99 Yrs From 28/07/2010,Resale,1346,125.047,Strata,HDB,URA,not_clean,https://www.edgeprop.sg/condo-apartment/hedges-park-condominium,hedges-park-condominium
HEDGES PARK CONDOMINIUM,PASIR RIS,17,17 Feb 2025,71 Flora Drive #04-XX,71 Flora Drive,1,1404,680000,Condominium,99 Yrs From 28/07/2010,Resale,484,44.965,Strata,HDB,URA,not_clean,https://www.edgeprop.sg/condo-apartment/hedges-park-condominium,hedges-park-condominium
HEDGES PARK CONDOMINIUM,PASIR RIS,17,13 Jan 2025,89 Flora Drive #03-XX,89 Flora Drive,2,1262,1100000,Condominium,99 Yrs From 28/07/2010,Resale,872,81.011,Strata,HDB,URA,not_clean,https://www.edgeprop.sg/condo-apartment/hedges-park-condominium,hedges-park-condominium
HEDGES PARK CONDOMINIUM,PASIR RIS,17,20 Dec 2024,89 Flora Drive #08-XX,89 Flora Drive,3,1199,1200000,Condominium,99 Yrs From 28/07/2010,Resale,1001,92.996,Strata,HDB,URA,not_clean,https://www.edgeprop.sg/condo-apartment/hedges-park-condominium,hedges-park-condominium
HEDGES PARK CONDOMINIUM,PASIR RIS,17,19 Dec 2024,87 Flora Drive #07-XX,87 Flora Drive,2,1262,1005000,Condominium,99 Yrs From 28/07/2010,Resale,797,74.044,Strata,HDB,URA,not_clean,https://www.edgeprop.sg/condo-apartment/hedges-park-condominium,hedges-park-condominium
HEDGES PARK CONDOMINIUM,PASIR RIS,17,12 Dec 2024,87 Flora Drive #08-XX,87 Flora Drive,2,1290,1125000,Condominium,99 Yrs From 28/07/2010,Resale,872,81.011,Strata,Private,URA,not_clean,https://www.edgeprop.sg/condo-apartment/hedges-park-condominium,hedges-park-condominium
HEDGES PARK CONDOMINIUM,PASIR RIS,17,11 Nov 2024,89 Flora Drive #05-XX,89 Flora Drive,2,1285,1120000,Condominium,99 Yrs From 28/07/2010,Resale,872,81.011,Strata,HDB,URA,not_clean,https://www.edgeprop.sg/condo-apartment/hedges-park-condominium,hedges-park-condominium
HEDGES PARK CONDOMINIUM,PASIR RIS,17,1 Nov 2024,87 Flora Drive #07-XX,87 Flora Drive,2,1224,975000,Condominium,99 Yrs From 28/07/2010,Resale,797,74.044,Strata,HDB,URA,not_clean,https://www.edgeprop.sg/condo-apartment/hedges-park-condominium,hedges-park-condominium
HEDGES PARK CONDOMINIUM,PASIR RIS,17,23 Oct 2024,89 Flora Drive #07-XX,89 Flora Drive,3,1179,1180000,Condominium,99 Yrs From 28/07/2010,Resale,1001,92.996,Strata,Private,URA,not_clean,https://www.edgeprop.sg/condo-apartment/hedges-park-condominium,hedges-park-condominium
HEDGES PARK CONDOMINIUM,PASIR RIS,17,18 Oct 2024,79 Flora Drive #02-XX,79 Flora Drive,3,1182,1400000,Condominium,99 Yrs From 28/07/2010,Resale,1184,109.997,Strata,Private,URA,not_clean,https://www.edgeprop.sg/condo-apartment/hedges-park-condominium,hedges-park-condominium
HEDGES PARK CONDOMINIUM,PASIR RIS,17,17 Oct 2024,87 Flora Drive #06-XX,87 Flora Drive,3,1219,1220000,Condominium,99 Yrs From 28/07/2010,Resale,1001,92.996,Strata,HDB,URA,not_clean,https://www.edgeprop.sg/condo-apartment/hedges-park-condominium,hedges-park-condominium
HEDGES PARK CONDOMINIUM,PASIR RIS,17,15 Oct 2024,75 Flora Drive #08-XX,75 Flora Drive,1,1476,715000,Condominium,99 Yrs From 28/07/2010,Resale,484,44.965,Strata,Private,URA,not_clean,https://www.edgeprop.sg/condo-apartment/hedges-park-condominium,hedges-park-condominium
HEDGES PARK CONDOMINIUM,PASIR RIS,17,4 Oct 2024,89 Flora Drive #08-XX,89 Flora Drive,3,1259,1260000,Condominium,99 Yrs From 28/07/2010,Resale,1001,92.996,Strata,Private,URA,not_clean,https://www.edgeprop.sg/condo-apartment/hedges-park-condominium,hedges-park-condominium
HEDGES PARK CONDOMINIUM,PASIR RIS,17,4 Oct 2024,71 Flora Drive #06-XX,71 Flora Drive,1,1363,660000,Condominium,99 Yrs From 28/07/2010,Resale,484,44.965,Strata,HDB,URA,not_clean,https://www.edgeprop.sg/condo-apartment/hedges-park-condominium,hedges-park-condominium
HEDGES PARK CONDOMINIUM,PASIR RIS,17,3 Oct 2024,79 Flora Drive #02-XX,79 Flora Drive,2,1289,985000,Condominium,99 Yrs From 28/07/2010,Resale,764,70.978,Strata,HDB,URA,not_clean,https://www.edgeprop.sg/condo-apartment/hedges-park-condominium,hedges-park-condominium
HEDGES PARK CONDOMINIUM,PASIR RIS,17,17 Sep 2024,87 Flora Drive #04-XX,87 Flora Drive,3,1229,1230000,Condominium,99 Yrs From 28/07/2010,Resale,1001,92.996,Strata,Private,URA,not_clean,https://www.edgeprop.sg/condo-apartment/hedges-park-condominium,hedges-park-condominium
HEDGES PARK CONDOMINIUM,PASIR RIS,17,13 Sep 2024,87 Flora Drive #04-XX,87 Flora Drive,3,1169,1170000,Condominium,99 Yrs From 28/07/2010,Resale,1001,92.996,Strata,Private,URA,not_clean,https://www.edgeprop.sg/condo-apartment/hedges-park-condominium,hedges-park-condominium
HEDGES PARK CONDOMINIUM,PASIR RIS,17,7 Aug 2024,75 Flora Drive #02-XX,75 Flora Drive,2,1243,950000,Condominium,99 Yrs From 28/07/2010,Resale,764,70.978,Strata,Private,URA,not_clean,https://www.edgeprop.sg/condo-apartment/hedges-park-condominium,hedges-park-condominium
HEDGES PARK CONDOMINIUM,PASIR RIS,17,8 Jul 2024,77 Flora Drive #06-XX,77 Flora Drive,1,1404,680000,Condominium,99 Yrs From 28/07/2010,Resale,484,44.965,Strata,HDB,URA,not_clean,https://www.edgeprop.sg/condo-apartment/hedges-park-condominium,hedges-park-condominium
HEDGES PARK CONDOMINIUM,PASIR RIS,17,4 Jul 2024,83 Flora Drive #07-XX,83 Flora Drive,3,1074,1930000,Condominium,99 Yrs From 28/07/2010,Resale,1798,167.04,Strata,HDB,URA,not_clean,https://www.edgeprop.sg/condo-apartment/hedges-park-condominium,hedges-park-condominium
HEDGES PARK CONDOMINIUM,PASIR RIS,17,21 Jun 2024,83 Flora Drive #07-XX,83 Flora Drive,2,1268,1010000,Condominium,99 Yrs From 28/07/2010,Resale,797,74.044,Strata,Private,URA,not_clean,https://www.edgeprop.sg/condo-apartment/hedges-park-condominium,hedges-park-condominium
HEDGES PARK CONDOMINIUM,PASIR RIS,17,18 Jun 2024,83 Flora Drive #04-XX,83 Flora Drive,4,1174,1580000,Condominium,99 Yrs From 28/07/2010,Resale,1346,125.047,Strata,Private,URA,not_clean,https://www.edgeprop.sg/condo-apartment/hedges-park-condominium,hedges-park-condominium
HEDGES PARK CONDOMINIUM,PASIR RIS,17,28 May 2024,71 Flora Drive #05-XX,71 Flora Drive,3,1208,1300000,Condominium,99 Yrs From 28/07/2010,Resale,1076,99.964,Strata,HDB,URA,not_clean,https://www.edgeprop.sg/condo-apartment/hedges-park-condominium,hedges-park-condominium
HEDGES PARK CONDOMINIUM,PASIR RIS,17,8 May 2024,77 Flora Drive #04-XX,77 Flora Drive,2,1269,970000,Condominium,99 Yrs From 28/07/2010,Resale,764,70.978,Strata,Private,URA,not_clean,https://www.edgeprop.sg/condo-apartment/hedges-park-condominium,hedges-park-condominium
HEDGES PARK CONDOMINIUM,PASIR RIS,17,24 Apr 2024,85 Flora Drive #05-XX,85 Flora Drive,2,1228,978000,Condominium,99 Yrs From 28/07/2010,Resale,797,74.044,Strata,Private,URA,not_clean,https://www.edgeprop.sg/condo-apartment/hedges-park-condominium,hedges-park-condominium
HEDGES PARK CONDOMINIUM,PASIR RIS,17,19 Mar 2024,87 Flora Drive #02-XX,87 Flora Drive,2,1186,1200000,Condominium,99 Yrs From 28/07/2010,Resale,1012,94.018,Strata,Private,URA,not_clean,https://www.edgeprop.sg/condo-apartment/hedges-park-condominium,hedges-park-condominium
HEDGES PARK CONDOMINIUM,PASIR RIS,17,7 Mar 2024,73 Flora Drive #07-XX,73 Flora Drive,2,1295,990000,Condominium,99 Yrs From 28/07/2010,Resale,764,70.978,Strata,HDB,URA,not_clean,https://www.edgeprop.sg/condo-apartment/hedges-park-condominium,hedges-park-condominium
HEDGES PARK CONDOMINIUM,PASIR RIS,17,13 Feb 2024,85 Flora Drive #02-XX,85 Flora Drive,2,1218,1180000,Condominium,99 Yrs From 28/07/2010,Resale,969,90.023,Strata,HDB,URA,not_clean,https://www.edgeprop.sg/condo-apartment/hedges-park-condominium,hedges-park-condominium
HEDGES PARK CONDOMINIUM,PASIR RIS,17,18 Jan 2024,77 Flora Drive #04-XX,77 Flora Drive,2,1282,980000,Condominium,99 Yrs From 28/07/2010,Resale,764,70.978,Strata,HDB,URA,not_clean,https://www.edgeprop.sg/condo-apartment/hedges-park-condominium,hedges-park-condominium
HEDGES PARK CONDOMINIUM,PASIR RIS,17,9 Jan 2024,81 Flora Drive #08-XX,81 Flora Drive,3,1249,1250000,Condominium,99 Yrs From 28/07/2010,Resale,1001,92.996,Strata,Private,URA,not_clean,https://www.edgeprop.sg/condo-apartment/hedges-park-condominium,hedges-park-condominium
HEDGES PARK CONDOMINIUM,PASIR RIS,17,28 Dec 2023,75 Flora Drive #06-XX,75 Flora Drive,3,1263,1360000,Condominium,99 Yrs From 28/07/2010,Resale,1076,99.964,Strata,HDB,URA,not_clean,https://www.edgeprop.sg/condo-apartment/hedges-park-condominium,hedges-park-condominium
HEDGES PARK CONDOMINIUM,PASIR RIS,17,5 Dec 2023,79 Flora Drive #03-XX,79 Flora Drive,3,1236,1330000,Condominium,99 Yrs From 28/07/2010,Resale,1076,99.964,Strata,Private,URA,not_clean,https://www.edgeprop.sg/condo-apartment/hedges-park-condominium,hedges-park-condominium
HEDGES PARK CONDOMINIUM,PASIR RIS,17,16 Nov 2023,77 Flora Drive #07-XX,77 Flora Drive,2,1294,988888,Condominium,99 Yrs From 28/07/2010,Resale,764,70.978,Strata,HDB,URA,not_clean,https://www.edgeprop.sg/condo-apartment/hedges-park-condominium,hedges-park-condominium
HEDGES PARK CONDOMINIUM,PASIR RIS,17,10 Nov 2023,87 Flora Drive #06-XX,87 Flora Drive,4,1226,1650000,Condominium,99 Yrs From 28/07/2010,Resale,1346,125.047,Strata,Private,URA,not_clean,https://www.edgeprop.sg/condo-apartment/hedges-park-condominium,hedges-park-condominium
HEDGES PARK CONDOMINIUM,PASIR RIS,17,2 Nov 2023,85 Flora Drive #08-XX,85 Flora Drive,2,1204,1050000,Condominium,99 Yrs From 28/07/2010,Resale,872,81.011,Strata,Private,URA,not_clean,https://www.edgeprop.sg/condo-apartment/hedges-park-condominium,hedges-park-condominium
HEDGES PARK CONDOMINIUM,PASIR RIS,17,27 Oct 2023,87 Flora Drive #05-XX,87 Flora Drive,4,1211,1630000,Condominium,99 Yrs From 28/07/2010,Resale,1346,125.047,Strata,Private,URA,not_clean,https://www.edgeprop.sg/condo-apartment/hedges-park-condominium,hedges-park-condominium
HEDGES PARK CONDOMINIUM,PASIR RIS,17,13 Sep 2023,81 Flora Drive #02-XX,81 Flora Drive,2,1092,1058000,Condominium,99 Yrs From 28/07/2010,Resale,969,90.023,Strata,Private,URA,not_clean,https://www.edgeprop.sg/condo-apartment/hedges-park-condominium,hedges-park-condominium
HEDGES PARK CONDOMINIUM,PASIR RIS,17,8 Sep 2023,87 Flora Drive #05-XX,87 Flora Drive,3,1219,1220000,Condominium,99 Yrs From 28/07/2010,Resale,1001,92.996,Strata,Private,URA,not_clean,https://www.edgeprop.sg/condo-apartment/hedges-park-condominium,hedges-park-condominium
HEDGES PARK CONDOMINIUM,PASIR RIS,17,20 Jul 2023,77 Flora Drive #02-XX,77 Flora Drive,3,1073,1270000,Condominium,99 Yrs From 28/07/2010,Resale,1184,109.997,Strata,Private,URA,not_clean,https://www.edgeprop.sg/condo-apartment/hedges-park-condominium,hedges-park-condominium
HEDGES PARK CONDOMINIUM,PASIR RIS,17,11 Jul 2023,75 Flora Drive #01-XX,75 Flora Drive,2,1197,1095000,Condominium,99 Yrs From 28/07/2010,Resale,915,85.006,Strata,Private,URA,not_clean,https://www.edgeprop.sg/condo-apartment/hedges-park-condominium,hedges-park-condominium
HEDGES PARK CONDOMINIUM,PASIR RIS,17,28 Jun 2023,79 Flora Drive #05-XX,79 Flora Drive,1,1404,680000,Condominium,99 Yrs From 28/07/2010,Resale,484,44.965,Strata,Private,URA,not_clean,https://www.edgeprop.sg/condo-apartment/hedges-park-condominium,hedges-park-condominium
HEDGES PARK CONDOMINIUM,PASIR RIS,17,31 May 2023,77 Flora Drive #06-XX,77 Flora Drive,1,1321,640000,Condominium,99 Yrs From 28/07/2010,Resale,484,44.965,Strata,Private,URA,not_clean,https://www.edgeprop.sg/condo-apartment/hedges-park-condominium,hedges-park-condominium
HEDGES PARK CONDOMINIUM,PASIR RIS,17,24 May 2023,89 Flora Drive #07-XX,89 Flora Drive,2,1229,978888,Condominium,99 Yrs From 28/07/2010,Resale,797,74.044,Strata,HDB,URA,not_clean,https://www.edgeprop.sg/condo-apartment/hedges-park-condominium,hedges-park-condominium
HEDGES PARK CONDOMINIUM,PASIR RIS,17,17 May 2023,73 Flora Drive #06-XX,73 Flora Drive,2,1204,920000,Condominium,99 Yrs From 28/07/2010,Resale,764,70.978,Strata,HDB,URA,not_clean,https://www.edgeprop.sg/condo-apartment/hedges-park-condominium,hedges-park-condominium
HEDGES PARK CONDOMINIUM,PASIR RIS,17,12 May 2023,83 Flora Drive #02-XX,83 Flora Drive,4,1169,1800000,Condominium,99 Yrs From 28/07/2010,Resale,1539,142.978,Strata,Private,URA,not_clean,https://www.edgeprop.sg/condo-apartment/hedges-park-condominium,hedges-park-condominium
HEDGES PARK CONDOMINIUM,PASIR RIS,17,25 Apr 2023,79 Flora Drive #06-XX,79 Flora Drive,1,1348,652888,Condominium,99 Yrs From 28/07/2010,Resale,484,44.965,Strata,HDB,URA,not_clean,https://www.edgeprop.sg/condo-apartment/hedges-park-condominium,hedges-park-condominium
HEDGES PARK CONDOMINIUM,PASIR RIS,17,25 Apr 2023,89 Flora Drive #02-XX,89 Flora Drive,3,1214,1320000,Condominium,99 Yrs From 28/07/2010,Resale,1087,100.986,Strata,HDB,URA,not_clean,https://www.edgeprop.sg/condo-apartment/hedges-park-condominium,hedges-park-condominium
HEDGES PARK CONDOMINIUM,PASIR RIS,17,15 Mar 2023,89 Flora Drive #02-XX,89 Flora Drive,2,1166,1180000,Condominium,99 Yrs From 28/07/2010,Resale,1012,94.018,Strata,HDB,URA,not_clean,https://www.edgeprop.sg/condo-apartment/hedges-park-condominium,hedges-park-condominium
HEDGES PARK CONDOMINIUM,PASIR RIS,17,27 Feb 2023,79 Flora Drive #01-XX,79 Flora Drive,2,1148,1050000,Condominium,99 Yrs From 28/07/2010,Resale,915,85.006,Strata,Private,URA,not_clean,https://www.edgeprop.sg/condo-apartment/hedges-park-condominium,hedges-park-condominium
HEDGES PARK CONDOMINIUM,PASIR RIS,17,23 Feb 2023,83 Flora Drive #04-XX,83 Flora Drive,2,1215,968000,Condominium,99 Yrs From 28/07/2010,Resale,797,74.044,Strata,Private,URA,not_clean,https://www.edgeprop.sg/condo-apartment/hedges-park-condominium,hedges-park-condominium
HEDGES PARK CONDOMINIUM,PASIR RIS,17,22 Feb 2023,83 Flora Drive #05-XX,83 Flora Drive,2,1193,950000,Condominium,99 Yrs From 28/07/2010,Resale,797,74.044,Strata,Private,URA,not_clean,https://www.edgeprop.sg/condo-apartment/hedges-park-condominium,hedges-park-condominium
HEDGES PARK CONDOMINIUM,PASIR RIS,17,21 Feb 2023,81 Flora Drive #03-XX,81 Flora Drive,3,1079,1080000,Condominium,99 Yrs From 28/07/2010,Resale,1001,92.996,Strata,HDB,URA,not_clean,https://www.edgeprop.sg/condo-apartment/hedges-park-condominium,hedges-park-condominium
HEDGES PARK CONDOMINIUM,PASIR RIS,17,17 Feb 2023,89 Flora Drive #02-XX,89 Flora Drive,2,1174,1188000,Condominium,99 Yrs From 28/07/2010,Resale,1012,94.018,Strata,HDB,URA,not_clean,https://www.edgeprop.sg/condo-apartment/hedges-park-condominium,hedges-park-condominium
HEDGES PARK CONDOMINIUM,PASIR RIS,17,6 Jan 2023,81 Flora Drive #03-XX,81 Flora Drive,2,1130,985000,Condominium,99 Yrs From 28/07/2010,Resale,872,81.011,Strata,HDB,URA,not_clean,https://www.edgeprop.sg/condo-apartment/hedges-park-condominium,hedges-park-condominium
HEDGES PARK CONDOMINIUM,PASIR RIS,17,22 Dec 2022,75 Flora Drive #02-XX,75 Flora Drive,3,1056,1250000,Condominium,99 Yrs From 28/07/2010,Resale,1184,109.997,Strata,HDB,URA,not_clean,https://www.edgeprop.sg/condo-apartment/hedges-park-condominium,hedges-park-condominium
HEDGES PARK CONDOMINIUM,PASIR RIS,17,19 Dec 2022,85 Flora Drive #04-XX,85 Flora Drive,2,1147,1000000,Condominium,99 Yrs From 28/07/2010,Resale,872,81.011,Strata,HDB,URA,not_clean,https://www.edgeprop.sg/condo-apartment/hedges-park-condominium,hedges-park-condominium
HEDGES PARK CONDOMINIUM,PASIR RIS,17,2 Dec 2022,79 Flora Drive #05-XX,79 Flora Drive,2,1191,910000,Condominium,99 Yrs From 28/07/2010,Resale,764,70.978,Strata,HDB,URA,not_clean,https://www.edgeprop.sg/condo-apartment/hedges-park-condominium,hedges-park-condominium
HEDGES PARK CONDOMINIUM,PASIR RIS,17,30 Nov 2022,87 Flora Drive #02-XX,87 Flora Drive,3,1131,1230000,Condominium,99 Yrs From 28/07/2010,Resale,1087,100.986,Strata,HDB,URA,not_clean,https://www.edgeprop.sg/condo-apartment/hedges-park-condominium,hedges-park-condominium
HEDGES PARK CONDOMINIUM,PASIR RIS,17,15 Nov 2022,79 Flora Drive #05-XX,79 Flora Drive,3,1104,1188000,Condominium,99 Yrs From 28/07/2010,Resale,1076,99.964,Strata,HDB,URA,not_clean,https://www.edgeprop.sg/condo-apartment/hedges-park-condominium,hedges-park-condominium
HEDGES PARK CONDOMINIUM,PASIR RIS,17,14 Nov 2022,89 FLORA DRIVE #06-XX,89 FLORA DRIVE,2,1130,900000,Condominium,99 Yrs From 28/07/2010,Resale,797,74.044,Strata,HDB,URA,not_clean,https://www.edgeprop.sg/condo-apartment/hedges-park-condominium,hedges-park-condominium
HEDGES PARK CONDOMINIUM,PASIR RIS,17,7 Nov 2022,77 Flora Drive #08-XX,77 Flora Drive,1,1332,645000,Condominium,99 Yrs From 28/07/2010,Resale,484,44.965,Strata,HDB,URA,not_clean,https://www.edgeprop.sg/condo-apartment/hedges-park-condominium,hedges-park-condominium
HEDGES PARK CONDOMINIUM,PASIR RIS,17,13 Oct 2022,89 Flora Drive #04-XX,89 Flora Drive,2,1099,875000,Condominium,99 Yrs From 28/07/2010,Resale,797,74.044,Strata,HDB,URA,not_clean,https://www.edgeprop.sg/condo-apartment/hedges-park-condominium,hedges-park-condominium
HEDGES PARK CONDOMINIUM,PASIR RIS,17,10 Oct 2022,83 Flora Drive #05-XX,83 Flora Drive,3,1085,1168000,Condominium,99 Yrs From 28/07/2010,Resale,1076,99.964,Strata,HDB,URA,not_clean,https://www.edgeprop.sg/condo-apartment/hedges-park-condominium,hedges-park-condominium
HEDGES PARK CONDOMINIUM,PASIR RIS,17,7 Oct 2022,73 Flora Drive #04-XX,73 Flora Drive,1,1249,605000,Condominium,99 Yrs From 28/07/2010,Resale,484,44.965,Strata,Private,URA,not_clean,https://www.edgeprop.sg/condo-apartment/hedges-park-condominium,hedges-park-condominium
HEDGES PARK CONDOMINIUM,PASIR RIS,17,7 Sep 2022,75 Flora Drive #02-XX,75 Flora Drive,1,1172,668888,Condominium,99 Yrs From 28/07/2010,Resale,570,52.955,Strata,HDB,URA,not_clean,https://www.edgeprop.sg/condo-apartment/hedges-park-condominium,hedges-park-condominium
HEDGES PARK CONDOMINIUM,PASIR RIS,17,26 Aug 2022,73 Flora Drive #05-XX,73 Flora Drive,3,1022,1100000,Condominium,99 Yrs From 28/07/2010,Resale,1076,99.964,Strata,HDB,URA,not_clean,https://www.edgeprop.sg/condo-apartment/hedges-park-condominium,hedges-park-condominium
HEDGES PARK CONDOMINIUM,PASIR RIS,17,23 Aug 2022,83 Flora Drive #06-XX,83 Flora Drive,3,1082,1165000,Condominium,99 Yrs From 28/07/2010,Resale,1076,99.964,Strata,HDB,URA,not_clean,https://www.edgeprop.sg/condo-apartment/hedges-park-condominium,hedges-park-condominium
HEDGES PARK CONDOMINIUM,PASIR RIS,17,17 Aug 2022,83 Flora Drive #07-XX,83 Flora Drive,2,1151,880000,Condominium,99 Yrs From 28/07/2010,Resale,764,70.978,Strata,HDB,URA,not_clean,https://www.edgeprop.sg/condo-apartment/hedges-park-condominium,hedges-park-condominium
HEDGES PARK CONDOMINIUM,PASIR RIS,17,8 Aug 2022,71 Flora Drive #04-XX,71 Flora Drive,2,1047,800000,Condominium,99 Yrs From 28/07/2010,Resale,764,70.978,Strata,HDB,URA,not_clean,https://www.edgeprop.sg/condo-apartment/hedges-park-condominium,hedges-park-condominium
HEDGES PARK CONDOMINIUM,PASIR RIS,17,1 Aug 2022,79 FLORA DRIVE #02-XX,79 FLORA DRIVE,1,1301,630000,Condominium,99 Yrs From 28/07/2010,Resale,484,44.965,Strata,Private,URA,not_clean,https://www.edgeprop.sg/condo-apartment/hedges-park-condominium,hedges-park-condominium
HEDGES PARK CONDOMINIUM,PASIR RIS,17,8 Jul 2022,87 Flora Drive #05-XX,87 Flora Drive,2,1122,978000,Condominium,99 Yrs From 28/07/2010,Resale,872,81.011,Strata,HDB,URA,not_clean,https://www.edgeprop.sg/condo-apartment/hedges-park-condominium,hedges-park-condominium
HEDGES PARK CONDOMINIUM,PASIR RIS,17,8 Jul 2022,73 Flora Drive #08-XX,73 Flora Drive,2,1112,850000,Condominium,99 Yrs From 28/07/2010,Resale,764,70.978,Strata,HDB,URA,not_clean,https://www.edgeprop.sg/condo-apartment/hedges-park-condominium,hedges-park-condominium
HEDGES PARK CONDOMINIUM,PASIR RIS,17,4 Jul 2022,85 Flora Drive #03-XX,85 Flora Drive,3,1099,1100000,Condominium,99 Yrs From 28/07/2010,Resale,1001,92.996,Strata,Private,URA,not_clean,https://www.edgeprop.sg/condo-apartment/hedges-park-condominium,hedges-park-condominium
HEDGES PARK CONDOMINIUM,PASIR RIS,17,23 May 2022,87 Flora Drive #05-XX,87 Flora Drive,2,1038,905000,Condominium,99 Yrs From 28/07/2010,Resale,872,81.011,Strata,HDB,URA,not_clean,https://www.edgeprop.sg/condo-apartment/hedges-park-condominium,hedges-park-condominium
HEDGES PARK CONDOMINIUM,PASIR RIS,17,23 May 2022,83 Flora Drive #08-XX,83 Flora Drive,2,1089,832000,Condominium,99 Yrs From 28/07/2010,Resale,764,70.978,Strata,Private,URA,not_clean,https://www.edgeprop.sg/condo-apartment/hedges-park-condominium,hedges-park-condominium
HEDGES PARK CONDOMINIUM,PASIR RIS,17,19 May 2022,83 Flora Drive #07-XX,83 Flora Drive,3,907,1630000,Condominium,99 Yrs From 28/07/2010,Resale,1798,167.04,Strata,Private,URA,not_clean,https://www.edgeprop.sg/condo-apartment/hedges-park-condominium,hedges-park-condominium
HEDGES PARK CONDOMINIUM,PASIR RIS,17,28 Apr 2022,83 Flora Drive #03-XX,83 Flora Drive,2,1004,800000,Condominium,99 Yrs From 28/07/2010,Resale,797,74.044,Strata,HDB,URA,not_clean,https://www.edgeprop.sg/condo-apartment/hedges-park-condominium,hedges-park-condominium
HEDGES PARK CONDOMINIUM,PASIR RIS,17,25 Apr 2022,83 Flora Drive #06-XX,83 Flora Drive,2,1067,850000,Condominium,99 Yrs From 28/07/2010,Resale,797,74.044,Strata,Private,URA,not_clean,https://www.edgeprop.sg/condo-apartment/hedges-park-condominium,hedges-park-condominium
HEDGES PARK CONDOMINIUM,PASIR RIS,17,18 Apr 2022,87 Flora Drive #02-XX,87 Flora Drive,3,1104,1200000,Condominium,99 Yrs From 28/07/2010,Resale,1087,100.986,Strata,HDB,URA,not_clean,https://www.edgeprop.sg/condo-apartment/hedges-park-condominium,hedges-park-condominium
HEDGES PARK CONDOMINIUM,PASIR RIS,17,7 Apr 2022,83 Flora Drive #08-XX,83 Flora Drive,2,1029,820000,Condominium,99 Yrs From 28/07/2010,Resale,797,74.044,Strata,HDB,URA,not_clean,https://www.edgeprop.sg/condo-apartment/hedges-park-condominium,hedges-park-condominium
HEDGES PARK CONDOMINIUM,PASIR RIS,17,4 Apr 2022,89 Flora Drive #06-XX,89 Flora Drive,2,1021,812888,Condominium,99 Yrs From 28/07/2010,Resale,797,74.044,Strata,HDB,URA,not_clean,https://www.edgeprop.sg/condo-apartment/hedges-park-condominium,hedges-park-condominium
HEDGES PARK CONDOMINIUM,PASIR RIS,17,31 Mar 2022,75 Flora Drive #04-XX,75 Flora Drive,3,1068,1150000,Condominium,99 Yrs From 28/07/2010,Resale,1076,99.964,Strata,Private,URA,not_clean,https://www.edgeprop.sg/condo-apartment/hedges-park-condominium,hedges-park-condominium
HEDGES PARK CONDOMINIUM,PASIR RIS,17,22 Mar 2022,89 Flora Drive #08-XX,89 Flora Drive,2,1032,900000,Condominium,99 Yrs From 28/07/2010,Resale,872,81.011,Strata,HDB,URA,not_clean,https://www.edgeprop.sg/condo-apartment/hedges-park-condominium,hedges-park-condominium
HEDGES PARK CONDOMINIUM,PASIR RIS,17,21 Mar 2022,89 Flora Drive #07-XX,89 Flora Drive,2,986,785000,Condominium,99 Yrs From 28/07/2010,Resale,797,74.044,Strata,HDB,URA,not_clean,https://www.edgeprop.sg/condo-apartment/hedges-park-condominium,hedges-park-condominium
HEDGES PARK CONDOMINIUM,PASIR RIS,17,11 Mar 2022,83 Flora Drive #05-XX,83 Flora Drive,2,1090,868000,Condominium,99 Yrs From 28/07/2010,Resale,797,74.044,Strata,Private,URA,not_clean,https://www.edgeprop.sg/condo-apartment/hedges-park-condominium,hedges-park-condominium
HEDGES PARK CONDOMINIUM,PASIR RIS,17,10 Mar 2022,77 Flora Drive #03-XX,77 Flora Drive,3,1068,1150000,Condominium,99 Yrs From 28/07/2010,Resale,1076,99.964,Strata,HDB,URA,not_clean,https://www.edgeprop.sg/condo-apartment/hedges-park-condominium,hedges-park-condominium
HEDGES PARK CONDOMINIUM,PASIR RIS,17,22 Feb 2022,75 Flora Drive #03-XX,75 Flora Drive,2,994,760000,Condominium,99 Yrs From 28/07/2010,Resale,764,70.978,Strata,Private,URA,not_clean,https://www.edgeprop.sg/condo-apartment/hedges-park-condominium,hedges-park-condominium
HEDGES PARK CONDOMINIUM,PASIR RIS,17,17 Feb 2022,77 Flora Drive #08-XX,77 Flora Drive,2,1057,808000,Condominium,99 Yrs From 28/07/2010,Resale,764,70.978,Strata,HDB,URA,not_clean,https://www.edgeprop.sg/condo-apartment/hedges-park-condominium,hedges-park-condominium
HEDGES PARK CONDOMINIUM,PASIR RIS,17,11 Feb 2022,87 Flora Drive #06-XX,87 Flora Drive,3,979,980000,Condominium,99 Yrs From 28/07/2010,Resale,1001,92.996,Strata,HDB,URA,not_clean,https://www.edgeprop.sg/condo-apartment/hedges-park-condominium,hedges-park-condominium
HEDGES PARK CONDOMINIUM,PASIR RIS,17,10 Feb 2022,75 Flora Drive #06-XX,75 Flora Drive,2,1027,785000,Condominium,99 Yrs From 28/07/2010,Resale,764,70.978,Strata,Private,URA,not_clean,https://www.edgeprop.sg/condo-apartment/hedges-park-condominium,hedges-park-condominium
HEDGES PARK CONDOMINIUM,PASIR RIS,17,10 Feb 2022,75 Flora Drive #05-XX,75 Flora Drive,3,999,1075000,Condominium,99 Yrs From 28/07/2010,Resale,1076,99.964,Strata,Private,URA,not_clean,https://www.edgeprop.sg/condo-apartment/hedges-park-condominium,hedges-park-condominium
HEDGES PARK CONDOMINIUM,PASIR RIS,17,8 Feb 2022,89 Flora Drive #04-XX,89 Flora Drive,2,940,820000,Condominium,99 Yrs From 28/07/2010,Resale,872,81.011,Strata,HDB,URA,not_clean,https://www.edgeprop.sg/condo-apartment/hedges-park-condominium,hedges-park-condominium
HEDGES PARK CONDOMINIUM,PASIR RIS,17,28 Jan 2022,85 Flora Drive #05-XX,85 Flora Drive,2,1065,928888,Condominium,99 Yrs From 28/07/2010,Resale,872,81.011,Strata,HDB,URA,not_clean,https://www.edgeprop.sg/condo-apartment/hedges-park-condominium,hedges-park-condominium
HEDGES PARK CONDOMINIUM,PASIR RIS,17,28 Jan 2022,89 Flora Drive #03-XX,89 Flora Drive,2,1029,820000,Condominium,99 Yrs From 28/07/2010,Resale,797,74.044,Strata,HDB,URA,not_clean,https://www.edgeprop.sg/condo-apartment/hedges-park-condominium,hedges-park-condominium
HEDGES PARK CONDOMINIUM,PASIR RIS,17,27 Jan 2022,81 Flora Drive #05-XX,81 Flora Drive,2,1028,818888,Condominium,99 Yrs From 28/07/2010,Resale,797,74.044,Strata,HDB,URA,not_clean,https://www.edgeprop.sg/condo-apartment/hedges-park-condominium,hedges-park-condominium
HEDGES PARK CONDOMINIUM,PASIR RIS,17,13 Jan 2022,71 FLORA DRIVE #02-XX,71 FLORA DRIVE,1,1210,586000,Condominium,99 Yrs From 28/07/2010,Resale,484,44.965,Strata,HDB,URA,not_clean,https://www.edgeprop.sg/condo-apartment/hedges-park-condominium,hedges-park-condominium
HEDGES PARK CONDOMINIUM,PASIR RIS,17,12 Jan 2022,79 Flora Drive #04-XX,79 Flora Drive,1,1197,580000,Condominium,99 Yrs From 28/07/2010,Resale,484,44.965,Strata,Private,URA,not_clean,https://www.edgeprop.sg/condo-apartment/hedges-park-condominium,hedges-park-condominium
HEDGES PARK CONDOMINIUM,PASIR RIS,17,29 Dec 2021,89 Flora Drive #04-XX,89 Flora Drive,3,1019,1020000,Condominium,99 Yrs From 28/07/2010,Resale,1001,92.996,Strata,HDB,URA,not_clean,https://www.edgeprop.sg/condo-apartment/hedges-park-condominium,hedges-park-condominium
HEDGES PARK CONDOMINIUM,PASIR RIS,17,29 Dec 2021,71 Flora Drive #04-XX,71 Flora Drive,1,1177,570000,Condominium,99 Yrs From 28/07/2010,Resale,484,44.965,Strata,HDB,URA,not_clean,https://www.edgeprop.sg/condo-apartment/hedges-park-condominium,hedges-park-condominium
HEDGES PARK CONDOMINIUM,PASIR RIS,17,28 Dec 2021,85 Flora Drive #07-XX,85 Flora Drive,2,1032,900000,Condominium,99 Yrs From 28/07/2010,Resale,872,81.011,Strata,HDB,URA,not_clean,https://www.edgeprop.sg/condo-apartment/hedges-park-condominium,hedges-park-condominium
HEDGES PARK CONDOMINIUM,PASIR RIS,17,20 Dec 2021,83 FLORA DRIVE #03-XX,83 FLORA DRIVE,2,1070,818000,Condominium,99 Yrs From 28/07/2010,Resale,764,70.978,Strata,HDB,URA,not_clean,https://www.edgeprop.sg/condo-apartment/hedges-park-condominium,hedges-park-condominium
HEDGES PARK CONDOMINIUM,PASIR RIS,17,13 Dec 2021,71 Flora Drive #02-XX,71 Flora Drive,1,1104,630000,Condominium,99 Yrs From 28/07/2010,Resale,570,52.955,Strata,HDB,URA,not_clean,https://www.edgeprop.sg/condo-apartment/hedges-park-condominium,hedges-park-condominium
HEDGES PARK CONDOMINIUM,PASIR RIS,17,6 Dec 2021,77 Flora Drive #01-XX,77 Flora Drive,2,976,893000,Condominium,99 Yrs From 28/07/2010,Resale,915,85.006,Strata,HDB,URA,not_clean,https://www.edgeprop.sg/condo-apartment/hedges-park-condominium,hedges-park-condominium
HEDGES PARK CONDOMINIUM,PASIR RIS,17,6 Dec 2021,85 Flora Drive #04-XX,85 Flora Drive,2,1004,800000,Condominium,99 Yrs From 28/07/2010,Resale,797,74.044,Strata,HDB,URA,not_clean,https://www.edgeprop.sg/condo-apartment/hedges-park-condominium,hedges-park-condominium
HEDGES PARK CONDOMINIUM,PASIR RIS,17,3 Dec 2021,77 Flora Drive #07-XX,77 Flora Drive,3,862,1550000,Condominium,99 Yrs From 28/07/2010,Resale,1798,167.04,Strata,Private,URA,not_clean,https://www.edgeprop.sg/condo-apartment/hedges-park-condominium,hedges-park-condominium
HEDGES PARK CONDOMINIUM,PASIR RIS,17,2 Dec 2021,89 Flora Drive #07-XX,89 Flora Drive,2,1004,800000,Condominium,99 Yrs From 28/07/2010,Resale,797,74.044,Strata,Private,URA,not_clean,https://www.edgeprop.sg/condo-apartment/hedges-park-condominium,hedges-park-condominium
HEDGES PARK CONDOMINIUM,PASIR RIS,17,16 Nov 2021,87 Flora Drive #06-XX,87 Flora Drive,2,1004,800000,Condominium,99 Yrs From 28/07/2010,Resale,797,74.044,Strata,HDB,URA,not_clean,https://www.edgeprop.sg/condo-apartment/hedges-park-condominium,hedges-park-condominium
HEDGES PARK CONDOMINIUM,PASIR RIS,17,12 Nov 2021,87 Flora Drive #06-XX,87 Flora Drive,3,979,980000,Condominium,99 Yrs From 28/07/2010,Resale,1001,92.996,Strata,Private,URA,not_clean,https://www.edgeprop.sg/condo-apartment/hedges-park-condominium,hedges-park-condominium
HEDGES PARK CONDOMINIUM,PASIR RIS,17,12 Nov 2021,79 Flora Drive #03-XX,79 Flora Drive,1,1197,580000,Condominium,99 Yrs From 28/07/2010,Resale,484,44.965,Strata,HDB,URA,not_clean,https://www.edgeprop.sg/condo-apartment/hedges-park-condominium,hedges-park-condominium
HEDGES PARK CONDOMINIUM,PASIR RIS,17,11 Nov 2021,87 Flora Drive #04-XX,87 Flora Drive,2,998,870000,Condominium,99 Yrs From 28/07/2010,Resale,872,81.011,Strata,Private,URA,not_clean,https://www.edgeprop.sg/condo-apartment/hedges-park-condominium,hedges-park-condominium
HEDGES PARK CONDOMINIUM,PASIR RIS,17,10 Nov 2021,75 Flora Drive #02-XX,75 Flora Drive,3,971,1150000,Condominium,99 Yrs From 28/07/2010,Resale,1184,109.997,Strata,Private,URA,not_clean,https://www.edgeprop.sg/condo-apartment/hedges-park-condominium,hedges-park-condominium
HEDGES PARK CONDOMINIUM,PASIR RIS,17,9 Nov 2021,81 Flora Drive #07-XX,81 Flora Drive,2,992,790000,Condominium,99 Yrs From 28/07/2010,Resale,797,74.044,Strata,HDB,URA,not_clean,https://www.edgeprop.sg/condo-apartment/hedges-park-condominium,hedges-park-condominium
HEDGES PARK CONDOMINIUM,PASIR RIS,17,9 Nov 2021,89 Flora Drive #05-XX,89 Flora Drive,2,946,825000,Condominium,99 Yrs From 28/07/2010,Resale,872,81.011,Strata,HDB,URA,not_clean,https://www.edgeprop.sg/condo-apartment/hedges-park-condominium,hedges-park-condominium
HEDGES PARK CONDOMINIUM,PASIR RIS,17,9 Nov 2021,73 Flora Drive #03-XX,73 Flora Drive,2,1027,785000,Condominium,99 Yrs From 28/07/2010,Resale,764,70.978,Strata,Private,URA,not_clean,https://www.edgeprop.sg/condo-apartment/hedges-park-condominium,hedges-park-condominium
HEDGES PARK CONDOMINIUM,PASIR RIS,17,29 Oct 2021,81 Flora Drive #08-XX,81 Flora Drive,4,1041,1400000,Condominium,99 Yrs From 28/07/2010,Resale,1346,125.047,Strata,Private,URA,not_clean,https://www.edgeprop.sg/condo-apartment/hedges-park-condominium,hedges-park-condominium
HEDGES PARK CONDOMINIUM,PASIR RIS,17,29 Oct 2021,71 Flora Drive #05-XX,71 Flora Drive,3,1022,1100000,Condominium,99 Yrs From 28/07/2010,Resale,1076,99.964,Strata,HDB,URA,not_clean,https://www.edgeprop.sg/condo-apartment/hedges-park-condominium,hedges-park-condominium
HEDGES PARK CONDOMINIUM,PASIR RIS,17,26 Oct 2021,87 Flora Drive #07-XX,87 Flora Drive,2,1004,800000,Condominium,99 Yrs From 28/07/2010,Resale,797,74.044,Strata,HDB,URA,not_clean,https://www.edgeprop.sg/condo-apartment/hedges-park-condominium,hedges-park-condominium
HEDGES PARK CONDOMINIUM,PASIR RIS,17,25 Oct 2021,79 Flora Drive #08-XX,79 Flora Drive,3,892,960000,Condominium,99 Yrs From 28/07/2010,Resale,1076,99.964,Strata,HDB,URA,not_clean,https://www.edgeprop.sg/condo-apartment/hedges-park-condominium,hedges-park-condominium
HEDGES PARK CONDOMINIUM,PASIR RIS,17,18 Oct 2021,89 Flora Drive #08-XX,89 Flora Drive,2,1027,895000,Condominium,99 Yrs From 28/07/2010,Resale,872,81.011,Strata,HDB,URA,not_clean,https://www.edgeprop.sg/condo-apartment/hedges-park-condominium,hedges-park-condominium
HEDGES PARK CONDOMINIUM,PASIR RIS,17,14 Oct 2021,89 Flora Drive #02-XX,89 Flora Drive,3,1012,1100000,Condominium,99 Yrs From 28/07/2010,Resale,1087,100.986,Strata,Private,URA,not_clean,https://www.edgeprop.sg/condo-apartment/hedges-park-condominium,hedges-park-condominium
HEDGES PARK CONDOMINIUM,PASIR RIS,17,12 Oct 2021,75 Flora Drive #04-XX,75 Flora Drive,3,980,1055000,Condominium,99 Yrs From 28/07/2010,Resale,1076,99.964,Strata,HDB,URA,not_clean,https://www.edgeprop.sg/condo-apartment/hedges-park-condominium,hedges-park-condominium
HEDGES PARK CONDOMINIUM,PASIR RIS,17,8 Oct 2021,77 Flora Drive #03-XX,77 Flora Drive,1,1244,602500,Condominium,99 Yrs From 28/07/2010,Resale,484,44.965,Strata,HDB,URA,not_clean,https://www.edgeprop.sg/condo-apartment/hedges-park-condominium,hedges-park-condominium
HEDGES PARK CONDOMINIUM,PASIR RIS,17,7 Oct 2021,83 Flora Drive #04-XX,83 Flora Drive,2,982,782000,Condominium,99 Yrs From 28/07/2010,Resale,797,74.044,Strata,Private,URA,not_clean,https://www.edgeprop.sg/condo-apartment/hedges-park-condominium,hedges-park-condominium
HEDGES PARK CONDOMINIUM,PASIR RIS,17,4 Oct 2021,89 Flora Drive #08-XX,89 Flora Drive,3,979,980000,Condominium,99 Yrs From 28/07/2010,Resale,1001,92.996,Strata,HDB,URA,not_clean,https://www.edgeprop.sg/condo-apartment/hedges-park-condominium,hedges-park-condominium
HEDGES PARK CONDOMINIUM,PASIR RIS,17,21 Sep 2021,83 Flora Drive #07-XX,83 Flora Drive,2,935,745000,Condominium,99 Yrs From 28/07/2010,Resale,797,74.044,Strata,Private,URA,not_clean,https://www.edgeprop.sg/condo-apartment/hedges-park-condominium,hedges-park-condominium
HEDGES PARK CONDOMINIUM,PASIR RIS,17,6 Sep 2021,73 Flora Drive #07-XX,73 Flora Drive,2,988,755000,Condominium,99 Yrs From 28/07/2010,Resale,764,70.978,Strata,HDB,URA,not_clean,https://www.edgeprop.sg/condo-apartment/hedges-park-condominium,hedges-park-condominium
HEDGES PARK CONDOMINIUM,PASIR RIS,17,3 Sep 2021,77 Flora Drive #06-XX,77 Flora Drive,2,981,750000,Condominium,99 Yrs From 28/07/2010,Resale,764,70.978,Strata,Private,URA,not_clean,https://www.edgeprop.sg/condo-apartment/hedges-park-condominium,hedges-park-condominium
HEDGES PARK CONDOMINIUM,PASIR RIS,17,23 Aug 2021,79 Flora Drive #06-XX,79 Flora Drive,2,998,763000,Condominium,99 Yrs From 28/07/2010,Resale,764,70.978,Strata,Private,URA,not_clean,https://www.edgeprop.sg/condo-apartment/hedges-park-condominium,hedges-park-condominium
HEDGES PARK CONDOMINIUM,PASIR RIS,17,16 Aug 2021,83 Flora Drive #02-XX,83 Flora Drive,2,914,885000,Condominium,99 Yrs From 28/07/2010,Resale,969,90.023,Strata,HDB,URA,not_clean,https://www.edgeprop.sg/condo-apartment/hedges-park-condominium,hedges-park-condominium
HEDGES PARK CONDOMINIUM,PASIR RIS,17,11 Aug 2021,83 Flora Drive #06-XX,83 Flora Drive,2,1008,770000,Condominium,99 Yrs From 28/07/2010,Resale,764,70.978,Strata,Private,URA,not_clean,https://www.edgeprop.sg/condo-apartment/hedges-park-condominium,hedges-park-condominium
HEDGES PARK CONDOMINIUM,PASIR RIS,17,11 Aug 2021,89 Flora Drive #04-XX,89 Flora Drive,2,967,770000,Condominium,99 Yrs From 28/07/2010,Resale,797,74.044,Strata,Private,URA,not_clean,https://www.edgeprop.sg/condo-apartment/hedges-park-condominium,hedges-park-condominium
HEDGES PARK CONDOMINIUM,PASIR RIS,17,6 Aug 2021,89 Flora Drive #04-XX,89 Flora Drive,2,940,820000,Condominium,99 Yrs From 28/07/2010,Resale,872,81.011,Strata,Private,URA,not_clean,https://www.edgeprop.sg/condo-apartment/hedges-park-condominium,hedges-park-condominium
HEDGES PARK CONDOMINIUM,PASIR RIS,17,27 Jul 2021,89 Flora Drive #04-XX,89 Flora Drive,3,982,983000,Condominium,99 Yrs From 28/07/2010,Resale,1001,92.996,Strata,Private,URA,not_clean,https://www.edgeprop.sg/condo-apartment/hedges-park-condominium,hedges-park-condominium
HEDGES PARK CONDOMINIUM,PASIR RIS,17,26 Jul 2021,87 Flora Drive #07-XX,87 Flora Drive,2,948,755000,Condominium,99 Yrs From 28/07/2010,Resale,797,74.044,Strata,HDB,URA,not_clean,https://www.edgeprop.sg/condo-apartment/hedges-park-condominium,hedges-park-condominium
HEDGES PARK CONDOMINIUM,PASIR RIS,17,9 Jul 2021,87 Flora Drive #06-XX,87 Flora Drive,2,940,820000,Condominium,99 Yrs From 28/07/2010,Resale,872,81.011,Strata,Private,URA,not_clean,https://www.edgeprop.sg/condo-apartment/hedges-park-condominium,hedges-park-condominium
HEDGES PARK CONDOMINIUM,PASIR RIS,17,8 Jul 2021,79 Flora Drive #06-XX,79 Flora Drive,2,1005,768000,Condominium,99 Yrs From 28/07/2010,Resale,764,70.978,Strata,HDB,URA,not_clean,https://www.edgeprop.sg/condo-apartment/hedges-park-condominium,hedges-park-condominium
HEDGES PARK CONDOMINIUM,PASIR RIS,17,8 Jul 2021,79 Flora Drive #02-XX,79 Flora Drive,3,971,1150000,Condominium,99 Yrs From 28/07/2010,Resale,1184,109.997,Strata,HDB,URA,not_clean,https://www.edgeprop.sg/condo-apartment/hedges-park-condominium,hedges-park-condominium
HEDGES PARK CONDOMINIUM,PASIR RIS,17,8 Jul 2021,83 Flora Drive #06-XX,83 Flora Drive,3,964,1038000,Condominium,99 Yrs From 28/07/2010,Resale,1076,99.964,Strata,Private,URA,not_clean,https://www.edgeprop.sg/condo-apartment/hedges-park-condominium,hedges-park-condominium
Kassia,PASIR RIS,17,13 Jun 2026,31 FLORA DRIVE #08-XX,31 FLORA DRIVE,4,2045,2751000,Condominium,Freehold,New Sale,1346,125.047,Strata,N.A,URA,not_clean,https://www.edgeprop.sg/condo-apartment/kassia,kassia
Kassia,PASIR RIS,17,21 May 2026,31 FLORA DRIVE #03-XX,31 FLORA DRIVE,2,2066,1557000,Condominium,Freehold,New Sale,753,69.956,Strata,N.A,URA,not_clean,https://www.edgeprop.sg/condo-apartment/kassia,kassia
Kassia,PASIR RIS,17,30 Apr 2026,39 FLORA DRIVE #02-XX,39 FLORA DRIVE,4,1874,2522000,Condominium,Freehold,New Sale,1346,125.047,Strata,N.A,URA,not_clean,https://www.edgeprop.sg/condo-apartment/kassia,kassia
Kassia,PASIR RIS,17,26 Apr 2026,31 FLORA DRIVE #01-XX,31 FLORA DRIVE,2,2128,1649000,Condominium,Freehold,New Sale,775,72.0,Strata,N.A,URA,not_clean,https://www.edgeprop.sg/condo-apartment/kassia,kassia
Kassia,PASIR RIS,17,5 Apr 2026,33 FLORA DRIVE #06-XX,33 FLORA DRIVE,3,2082,2196000,Condominium,Freehold,New Sale,1055,98.013,Strata,Private,URA,not_clean,https://www.edgeprop.sg/condo-apartment/kassia,kassia
Kassia,PASIR RIS,17,21 Mar 2026,37 FLORA DRIVE #06-XX,37 FLORA DRIVE,3,2082,2196000,Condominium,Freehold,New Sale,1055,98.013,Strata,Private,URA,not_clean,https://www.edgeprop.sg/condo-apartment/kassia,kassia
Kassia,PASIR RIS,17,16 Mar 2026,39 FLORA DRIVE #07-XX,39 FLORA DRIVE,2,2135,1609000,Condominium,Freehold,New Sale,753,69.956,Strata,HDB,URA,not_clean,https://www.edgeprop.sg/condo-apartment/kassia,kassia
Kassia,PASIR RIS,17,7 Mar 2026,39 FLORA DRIVE #04-XX,39 FLORA DRIVE,4,1892,2546000,Condominium,Freehold,New Sale,1346,125.047,Strata,Private,URA,not_clean,https://www.edgeprop.sg/condo-apartment/kassia,kassia
Kassia,PASIR RIS,17,6 Mar 2026,39 FLORA DRIVE #05-XX,39 FLORA DRIVE,4,1902,2559000,Condominium,Freehold,New Sale,1346,125.047,Strata,Private,URA,not_clean,https://www.edgeprop.sg/condo-apartment/kassia,kassia
Kassia,PASIR RIS,17,12 Jan 2026,31 FLORA DRIVE #04-XX,31 FLORA DRIVE,2,2078,1566000,Condominium,Freehold,New Sale,753,69.956,Strata,N.A,URA,not_clean,https://www.edgeprop.sg/condo-apartment/kassia,kassia
Kassia,PASIR RIS,17,27 Dec 2025,39 FLORA DRIVE #03-XX,39 FLORA DRIVE,2,2086,1572000,Condominium,Freehold,New Sale,753,69.956,Strata,HDB,URA,not_clean,https://www.edgeprop.sg/condo-apartment/kassia,kassia
Kassia,PASIR RIS,17,8 Dec 2025,31 FLORA DRIVE #01-XX,31 FLORA DRIVE,2,2082,1569000,Condominium,Freehold,New Sale,753,69.956,Strata,N.A,URA,not_clean,https://www.edgeprop.sg/condo-apartment/kassia,kassia
Kassia,PASIR RIS,17,3 Dec 2025,31 FLORA DRIVE #07-XX,31 FLORA DRIVE,2,2116,1594000,Condominium,Freehold,New Sale,753,69.956,Strata,HDB,URA,not_clean,https://www.edgeprop.sg/condo-apartment/kassia,kassia
Kassia,PASIR RIS,17,3 Nov 2025,31 FLORA DRIVE #06-XX,31 FLORA DRIVE,2,2102,1584000,Condominium,Freehold,New Sale,753,69.956,Strata,HDB,URA,not_clean,https://www.edgeprop.sg/condo-apartment/kassia,kassia
Kassia,PASIR RIS,17,8 Oct 2025,39 FLORA DRIVE #08-XX,39 FLORA DRIVE,4,1931,2598000,Condominium,Freehold,New Sale,1346,125.047,Strata,Private,URA,not_clean,https://www.edgeprop.sg/condo-apartment/kassia,kassia
Kassia,PASIR RIS,17,3 Oct 2025,39 FLORA DRIVE #02-XX,39 FLORA DRIVE,2,2074,1563000,Condominium,Freehold,New Sale,753,69.956,Strata,HDB,URA,not_clean,https://www.edgeprop.sg/condo-apartment/kassia,kassia
Kassia,PASIR RIS,17,13 Sep 2025,39 FLORA DRIVE #07-XX,39 FLORA DRIVE,4,1920,2583000,Condominium,Freehold,New Sale,1346,125.047,Strata,Private,URA,not_clean,https://www.edgeprop.sg/condo-apartment/kassia,kassia
Kassia,PASIR RIS,17,11 Sep 2025,39 FLORA DRIVE #06-XX,39 FLORA DRIVE,4,1911,2571000,Condominium,Freehold,New Sale,1346,125.047,Strata,N.A,URA,not_clean,https://www.edgeprop.sg/condo-apartment/kassia,kassia
Kassia,PASIR RIS,17,21 Aug 2025,39 FLORA DRIVE #05-XX,39 FLORA DRIVE,2,2112,1591000,Condominium,Freehold,New Sale,753,69.956,Strata,HDB,URA,not_clean,https://www.edgeprop.sg/condo-apartment/kassia,kassia
Kassia,PASIR RIS,17,5 Jul 2025,39 Flora Drive #03-XX,39 Flora Drive,4,1883,2534000,Condominium,Freehold,New Sale,1346,125.047,Strata,Private,URA,not_clean,https://www.edgeprop.sg/condo-apartment/kassia,kassia
Kassia,PASIR RIS,17,3 Jul 2025,39 Flora Drive #04-XX,39 Flora Drive,3,2069,1871000,Condominium,Freehold,New Sale,904,83.984,Strata,Private,URA,not_clean,https://www.edgeprop.sg/condo-apartment/kassia,kassia
Kassia,PASIR RIS,17,22 Jun 2025,31 Flora Drive #05-XX,31 Flora Drive,2,2090,1575000,Condominium,Freehold,New Sale,753,69.956,Strata,Private,URA,not_clean,https://www.edgeprop.sg/condo-apartment/kassia,kassia
Kassia,PASIR RIS,17,19 Jun 2025,31 Flora Drive #02-XX,31 Flora Drive,2,2054,1548000,Condominium,Freehold,New Sale,753,69.956,Strata,HDB,URA,not_clean,https://www.edgeprop.sg/condo-apartment/kassia,kassia
Kassia,PASIR RIS,17,15 Jun 2025,39 Flora Drive #05-XX,39 Flora Drive,3,2058,1861000,Condominium,Freehold,New Sale,904,83.984,Strata,Private,URA,not_clean,https://www.edgeprop.sg/condo-apartment/kassia,kassia
Kassia,PASIR RIS,17,2 Jun 2025,39 Flora Drive #06-XX,39 Flora Drive,3,2069,1871000,Condominium,Freehold,New Sale,904,83.984,Strata,HDB,URA,not_clean,https://www.edgeprop.sg/condo-apartment/kassia,kassia
Kassia,PASIR RIS,17,12 May 2025,39 Flora Drive #08-XX,39 Flora Drive,3,2096,1895000,Condominium,Freehold,New Sale,904,83.984,Strata,Private,URA,not_clean,https://www.edgeprop.sg/condo-apartment/kassia,kassia
Kassia,PASIR RIS,17,25 Apr 2025,39 Flora Drive #07-XX,39 Flora Drive,3,2080,1881000,Condominium,Freehold,New Sale,904,83.984,Strata,HDB,URA,not_clean,https://www.edgeprop.sg/condo-apartment/kassia,kassia
Kassia,PASIR RIS,17,20 Apr 2025,33 Flora Drive #08-XX,33 Flora Drive,3,2054,1901000,Condominium,Freehold,New Sale,926,86.028,Strata,Private,URA,not_clean,https://www.edgeprop.sg/condo-apartment/kassia,kassia
Kassia,PASIR RIS,17,15 Apr 2025,37 Flora Drive #06-XX,37 Flora Drive,2,2123,1600000,Condominium,Freehold,New Sale,753,69.956,Strata,HDB,URA,not_clean,https://www.edgeprop.sg/condo-apartment/kassia,kassia
Kassia,PASIR RIS,17,20 Mar 2025,37 Flora Drive #07-XX,37 Flora Drive,3,2090,1890000,Condominium,Freehold,New Sale,904,83.984,Strata,HDB,URA,not_clean,https://www.edgeprop.sg/condo-apartment/kassia,kassia
Kassia,PASIR RIS,17,15 Mar 2025,37 Flora Drive #04-XX,37 Flora Drive,2,2098,1581000,Condominium,Freehold,New Sale,753,69.956,Strata,HDB,URA,not_clean,https://www.edgeprop.sg/condo-apartment/kassia,kassia
Kassia,PASIR RIS,17,7 Mar 2025,37 Flora Drive #02-XX,37 Flora Drive,2,2070,1560000,Condominium,Freehold,New Sale,753,69.956,Strata,Private,URA,not_clean,https://www.edgeprop.sg/condo-apartment/kassia,kassia
Kassia,PASIR RIS,17,19 Feb 2025,37 Flora Drive #06-XX,37 Flora Drive,3,2076,1877000,Condominium,Freehold,New Sale,904,83.984,Strata,Private,URA,not_clean,https://www.edgeprop.sg/condo-apartment/kassia,kassia
Kassia,PASIR RIS,17,17 Feb 2025,37 Flora Drive #05-XX,37 Flora Drive,3,2065,1867000,Condominium,Freehold,New Sale,904,83.984,Strata,Private,URA,not_clean,https://www.edgeprop.sg/condo-apartment/kassia,kassia
Kassia,PASIR RIS,17,17 Feb 2025,37 Flora Drive #08-XX,37 Flora Drive,2,2147,1618000,Condominium,Freehold,New Sale,753,69.956,Strata,HDB,URA,not_clean,https://www.edgeprop.sg/condo-apartment/kassia,kassia
Kassia,PASIR RIS,17,17 Feb 2025,39 Flora Drive #02-XX,39 Flora Drive,1,2113,1160000,Condominium,Freehold,New Sale,549,51.004,Strata,HDB,URA,not_clean,https://www.edgeprop.sg/condo-apartment/kassia,kassia
Kassia,PASIR RIS,17,16 Feb 2025,33 Flora Drive #08-XX,33 Flora Drive,3,2104,2219000,Condominium,Freehold,New Sale,1055,98.013,Strata,N.A,URA,not_clean,https://www.edgeprop.sg/condo-apartment/kassia,kassia
Kassia,PASIR RIS,17,15 Feb 2025,31 Flora Drive #07-XX,31 Flora Drive,3,1940,2046000,Condominium,Freehold,New Sale,1055,98.013,Strata,Private,URA,not_clean,https://www.edgeprop.sg/condo-apartment/kassia,kassia
Kassia,PASIR RIS,17,15 Feb 2025,31 Flora Drive #08-XX,31 Flora Drive,3,1953,2060000,Condominium,Freehold,New Sale,1055,98.013,Strata,Private,URA,not_clean,https://www.edgeprop.sg/condo-apartment/kassia,kassia
Kassia,PASIR RIS,17,13 Feb 2025,31 Flora Drive #04-XX,31 Flora Drive,3,1907,2012000,Condominium,Freehold,New Sale,1055,98.013,Strata,Private,URA,not_clean,https://www.edgeprop.sg/condo-apartment/kassia,kassia
Kassia,PASIR RIS,17,28 Jan 2025,31 Flora Drive #03-XX,31 Flora Drive,3,1897,2001000,Condominium,Freehold,New Sale,1055,98.013,Strata,HDB,URA,not_clean,https://www.edgeprop.sg/condo-apartment/kassia,kassia
Kassia,PASIR RIS,17,27 Jan 2025,31 Flora Drive #02-XX,31 Flora Drive,3,1886,1989000,Condominium,Freehold,New Sale,1055,98.013,Strata,Private,URA,not_clean,https://www.edgeprop.sg/condo-apartment/kassia,kassia
Kassia,PASIR RIS,17,27 Jan 2025,37 Flora Drive #04-XX,37 Flora Drive,3,2054,1857000,Condominium,Freehold,New Sale,904,83.984,Strata,Private,URA,not_clean,https://www.edgeprop.sg/condo-apartment/kassia,kassia
Kassia,PASIR RIS,17,23 Dec 2024,37 Flora Drive #07-XX,37 Flora Drive,2,2131,1606000,Condominium,Freehold,New Sale,753,69.956,Strata,Private,URA,not_clean,https://www.edgeprop.sg/condo-apartment/kassia,kassia
Kassia,PASIR RIS,17,18 Dec 2024,33 Flora Drive #02-XX,33 Flora Drive,1,2133,1171000,Condominium,Freehold,New Sale,549,51.004,Strata,HDB,URA,not_clean,https://www.edgeprop.sg/condo-apartment/kassia,kassia
Kassia,PASIR RIS,17,14 Dec 2024,31 Flora Drive #08-XX,31 Flora Drive,1,2215,1049000,Condominium,Freehold,New Sale,474,44.036,Strata,N.A,URA,not_clean,https://www.edgeprop.sg/condo-apartment/kassia,kassia
Kassia,PASIR RIS,17,14 Dec 2024,39 Flora Drive #08-XX,39 Flora Drive,1,2208,1212000,Condominium,Freehold,New Sale,549,51.004,Strata,HDB,URA,not_clean,https://www.edgeprop.sg/condo-apartment/kassia,kassia
Kassia,PASIR RIS,17,25 Nov 2024,31 Flora Drive #06-XX,31 Flora Drive,1,2179,1032000,Condominium,Freehold,New Sale,474,44.036,Strata,Private,URA,not_clean,https://www.edgeprop.sg/condo-apartment/kassia,kassia
Kassia,PASIR RIS,17,20 Nov 2024,37 Flora Drive #05-XX,37 Flora Drive,2,2108,1588000,Condominium,Freehold,New Sale,753,69.956,Strata,HDB,URA,not_clean,https://www.edgeprop.sg/condo-apartment/kassia,kassia
Kassia,PASIR RIS,17,17 Nov 2024,33 Flora Drive #08-XX,33 Flora Drive,1,2225,1054000,Condominium,Freehold,New Sale,474,44.036,Strata,HDB,URA,not_clean,https://www.edgeprop.sg/condo-apartment/kassia,kassia
Kassia,PASIR RIS,17,16 Nov 2024,31 Flora Drive #01-XX,31 Flora Drive,2,2134,1401000,Condominium,Freehold,New Sale,657,61.037,Strata,N.A,URA,not_clean,https://www.edgeprop.sg/condo-apartment/kassia,kassia
Kassia,PASIR RIS,17,8 Nov 2024,37 Flora Drive #02-XX,37 Flora Drive,1,2113,1160000,Condominium,Freehold,New Sale,549,51.004,Strata,Private,URA,not_clean,https://www.edgeprop.sg/condo-apartment/kassia,kassia
Kassia,PASIR RIS,17,8 Nov 2024,39 Flora Drive #06-XX,39 Flora Drive,1,2171,1028000,Condominium,Freehold,New Sale,474,44.036,Strata,Private,URA,not_clean,https://www.edgeprop.sg/condo-apartment/kassia,kassia
Kassia,PASIR RIS,17,7 Nov 2024,37 Flora Drive #07-XX,37 Flora Drive,1,2215,1049000,Condominium,Freehold,New Sale,474,44.036,Strata,HDB,URA,not_clean,https://www.edgeprop.sg/condo-apartment/kassia,kassia
Kassia,PASIR RIS,17,3 Nov 2024,37 Flora Drive #04-XX,37 Flora Drive,1,2171,1028000,Condominium,Freehold,New Sale,474,44.036,Strata,HDB,URA,not_clean,https://www.edgeprop.sg/condo-apartment/kassia,kassia
Kassia,PASIR RIS,17,31 Oct 2024,33 Flora Drive #04-XX,33 Flora Drive,1,2160,1023000,Condominium,Freehold,New Sale,474,44.036,Strata,HDB,URA,not_clean,https://www.edgeprop.sg/condo-apartment/kassia,kassia
Kassia,PASIR RIS,17,26 Oct 2024,39 Flora Drive #04-XX,39 Flora Drive,1,2144,1177000,Condominium,Freehold,New Sale,549,51.004,Strata,Private,URA,not_clean,https://www.edgeprop.sg/condo-apartment/kassia,kassia
Kassia,PASIR RIS,17,21 Oct 2024,37 Flora Drive #02-XX,37 Flora Drive,1,2139,1013000,Condominium,Freehold,New Sale,474,44.036,Strata,Private,URA,not_clean,https://www.edgeprop.sg/condo-apartment/kassia,kassia
Kassia,PASIR RIS,17,20 Oct 2024,37 Flora Drive #05-XX,37 Flora Drive,3,2068,2182000,Condominium,Freehold,New Sale,1055,98.013,Strata,N.A,URA,not_clean,https://www.edgeprop.sg/condo-apartment/kassia,kassia
Kassia,PASIR RIS,17,19 Oct 2024,33 Flora Drive #06-XX,33 Flora Drive,1,2193,1204000,Condominium,Freehold,New Sale,549,51.004,Strata,HDB,URA,not_clean,https://www.edgeprop.sg/condo-apartment/kassia,kassia
Kassia,PASIR RIS,17,17 Oct 2024,37 Flora Drive #05-XX,37 Flora Drive,1,2141,1014000,Condominium,Freehold,New Sale,474,44.036,Strata,Private,URA,not_clean,https://www.edgeprop.sg/condo-apartment/kassia,kassia
Kassia,PASIR RIS,17,17 Oct 2024,37 Flora Drive #06-XX,37 Flora Drive,1,2156,1021000,Condominium,Freehold,New Sale,474,44.036,Strata,Private,URA,not_clean,https://www.edgeprop.sg/condo-apartment/kassia,kassia
Kassia,PASIR RIS,17,2 Oct 2024,33 Flora Drive #01-XX,33 Flora Drive,2,1875,1413000,Condominium,Freehold,New Sale,753,69.956,Strata,Private,URA,not_clean,https://www.edgeprop.sg/condo-apartment/kassia,kassia
Kassia,PASIR RIS,17,30 Sep 2024,37 Flora Drive #01-XX,37 Flora Drive,2,2081,1613000,Condominium,Freehold,New Sale,775,72.0,Strata,Private,URA,not_clean,https://www.edgeprop.sg/condo-apartment/kassia,kassia
Kassia,PASIR RIS,17,28 Sep 2024,39 Flora Drive #06-XX,39 Flora Drive,1,2129,1169000,Condominium,Freehold,New Sale,549,51.004,Strata,HDB,URA,not_clean,https://www.edgeprop.sg/condo-apartment/kassia,kassia
Kassia,PASIR RIS,17,20 Sep 2024,39 Flora Drive #07-XX,39 Flora Drive,1,2144,1177000,Condominium,Freehold,New Sale,549,51.004,Strata,Private,URA,not_clean,https://www.edgeprop.sg/condo-apartment/kassia,kassia
Kassia,PASIR RIS,17,20 Sep 2024,33 Flora Drive #01-XX,33 Flora Drive,2,2030,1333000,Condominium,Freehold,New Sale,657,61.037,Strata,N.A,URA,not_clean,https://www.edgeprop.sg/condo-apartment/kassia,kassia
Kassia,PASIR RIS,17,15 Sep 2024,39 Flora Drive #05-XX,39 Flora Drive,1,2115,1161000,Condominium,Freehold,New Sale,549,51.004,Strata,HDB,URA,not_clean,https://www.edgeprop.sg/condo-apartment/kassia,kassia
Kassia,PASIR RIS,17,14 Sep 2024,33 Flora Drive #04-XX,33 Flora Drive,2,2100,1379000,Condominium,Freehold,New Sale,657,61.037,Strata,N.A,URA,not_clean,https://www.edgeprop.sg/condo-apartment/kassia,kassia
Kassia,PASIR RIS,17,5 Sep 2024,33 Flora Drive #05-XX,33 Flora Drive,1,2130,1009000,Condominium,Freehold,New Sale,474,44.036,Strata,HDB,URA,not_clean,https://www.edgeprop.sg/condo-apartment/kassia,kassia
Kassia,PASIR RIS,17,1 Sep 2024,33 Flora Drive #07-XX,33 Flora Drive,1,2149,1018000,Condominium,Freehold,New Sale,474,44.036,Strata,Private,URA,not_clean,https://www.edgeprop.sg/condo-apartment/kassia,kassia
Kassia,PASIR RIS,17,25 Aug 2024,31 Flora Drive #04-XX,31 Flora Drive,1,2095,992000,Condominium,Freehold,New Sale,474,44.036,Strata,HDB,URA,not_clean,https://www.edgeprop.sg/condo-apartment/kassia,kassia
Kassia,PASIR RIS,17,23 Aug 2024,33 Flora Drive #02-XX,33 Flora Drive,2,2068,1358000,Condominium,Freehold,New Sale,657,61.037,Strata,Private,URA,not_clean,https://www.edgeprop.sg/condo-apartment/kassia,kassia
Kassia,PASIR RIS,17,19 Aug 2024,39 Flora Drive #05-XX,39 Flora Drive,1,2101,995000,Condominium,Freehold,New Sale,474,44.036,Strata,HDB,URA,not_clean,https://www.edgeprop.sg/condo-apartment/kassia,kassia
Kassia,PASIR RIS,17,14 Aug 2024,33 Flora Drive #03-XX,33 Flora Drive,1,2090,990000,Condominium,Freehold,New Sale,474,44.036,Strata,HDB,URA,not_clean,https://www.edgeprop.sg/condo-apartment/kassia,kassia
Kassia,PASIR RIS,17,7 Aug 2024,31 Flora Drive #03-XX,31 Flora Drive,1,2080,985000,Condominium,Freehold,New Sale,474,44.036,Strata,N.A,URA,not_clean,https://www.edgeprop.sg/condo-apartment/kassia,kassia
Kassia,PASIR RIS,17,3 Aug 2024,37 Flora Drive #03-XX,37 Flora Drive,3,1991,1800000,Condominium,Freehold,New Sale,904,83.984,Strata,Private,URA,not_clean,https://www.edgeprop.sg/condo-apartment/kassia,kassia
Kassia,PASIR RIS,17,31 Jul 2024,33 Flora Drive #02-XX,33 Flora Drive,2,1834,1382000,Condominium,Freehold,New Sale,753,69.956,Strata,Private,URA,not_clean,https://www.edgeprop.sg/condo-apartment/kassia,kassia
Kassia,PASIR RIS,17,31 Jul 2024,39 Flora Drive #01-XX,39 Flora Drive,2,2068,1603000,Condominium,Freehold,New Sale,775,72.0,Strata,HDB,URA,not_clean,https://www.edgeprop.sg/condo-apartment/kassia,kassia
Kassia,PASIR RIS,17,30 Jul 2024,33 Flora Drive #05-XX,33 Flora Drive,2,1870,1409000,Condominium,Freehold,New Sale,753,69.956,Strata,HDB,URA,not_clean,https://www.edgeprop.sg/condo-apartment/kassia,kassia
Kassia,PASIR RIS,17,28 Jul 2024,31 Flora Drive #06-XX,31 Flora Drive,3,1881,1984000,Condominium,Freehold,New Sale,1055,98.013,Strata,HDB,URA,not_clean,https://www.edgeprop.sg/condo-apartment/kassia,kassia
Kassia,PASIR RIS,17,28 Jul 2024,33 Flora Drive #05-XX,33 Flora Drive,2,2026,1330000,Condominium,Freehold,New Sale,657,61.037,Strata,HDB,URA,not_clean,https://www.edgeprop.sg/condo-apartment/kassia,kassia
Kassia,PASIR RIS,17,28 Jul 2024,31 Flora Drive #01-XX,31 Flora Drive,2,2064,1355000,Condominium,Freehold,New Sale,657,61.037,Strata,HDB,URA,not_clean,https://www.edgeprop.sg/condo-apartment/kassia,kassia
Kassia,PASIR RIS,17,23 Jul 2024,31 Flora Drive #07-XX,31 Flora Drive,2,2111,1386000,Condominium,Freehold,New Sale,657,61.037,Strata,HDB,URA,not_clean,https://www.edgeprop.sg/condo-apartment/kassia,kassia
Kassia,PASIR RIS,17,23 Jul 2024,33 Flora Drive #06-XX,33 Flora Drive,2,1882,1418000,Condominium,Freehold,New Sale,753,69.956,Strata,HDB,URA,not_clean,https://www.edgeprop.sg/condo-apartment/kassia,kassia
Kassia,PASIR RIS,17,22 Jul 2024,37 Flora Drive #08-XX,37 Flora Drive,1,2152,1019000,Condominium,Freehold,New Sale,474,44.036,Strata,Private,URA,not_clean,https://www.edgeprop.sg/condo-apartment/kassia,kassia
Kassia,PASIR RIS,17,22 Jul 2024,31 Flora Drive #05-XX,31 Flora Drive,2,2086,1370000,Condominium,Freehold,New Sale,657,61.037,Strata,Private,URA,not_clean,https://www.edgeprop.sg/condo-apartment/kassia,kassia
Kassia,PASIR RIS,17,20 Jul 2024,33 Flora Drive #07-XX,33 Flora Drive,2,2114,1388000,Condominium,Freehold,New Sale,657,61.037,Strata,HDB,URA,not_clean,https://www.edgeprop.sg/condo-apartment/kassia,kassia
Kassia,PASIR RIS,17,20 Jul 2024,33 Flora Drive #02-XX,33 Flora Drive,1,2071,981000,Condominium,Freehold,New Sale,474,44.036,Strata,N.A,URA,not_clean,https://www.edgeprop.sg/condo-apartment/kassia,kassia
Kassia,PASIR RIS,17,20 Jul 2024,31 Flora Drive #06-XX,31 Flora Drive,3,1868,1689000,Condominium,Freehold,New Sale,904,83.984,Strata,N.A,URA,not_clean,https://www.edgeprop.sg/condo-apartment/kassia,kassia
Kassia,PASIR RIS,17,20 Jul 2024,31 Flora Drive #04-XX,31 Flora Drive,1,1951,1071000,Condominium,Freehold,New Sale,549,51.004,Strata,N.A,URA,not_clean,https://www.edgeprop.sg/condo-apartment/kassia,kassia
Kassia,PASIR RIS,17,20 Jul 2024,31 Flora Drive #07-XX,31 Flora Drive,1,1995,1095000,Condominium,Freehold,New Sale,549,51.004,Strata,HDB,URA,not_clean,https://www.edgeprop.sg/condo-apartment/kassia,kassia
Kassia,PASIR RIS,17,20 Jul 2024,31 Flora Drive #06-XX,31 Flora Drive,1,1980,1087000,Condominium,Freehold,New Sale,549,51.004,Strata,N.A,URA,not_clean,https://www.edgeprop.sg/condo-apartment/kassia,kassia
Kassia,PASIR RIS,17,20 Jul 2024,31 Flora Drive #03-XX,31 Flora Drive,1,1936,1063000,Condominium,Freehold,New Sale,549,51.004,Strata,N.A,URA,not_clean,https://www.edgeprop.sg/condo-apartment/kassia,kassia
Kassia,PASIR RIS,17,20 Jul 2024,33 Flora Drive #05-XX,33 Flora Drive,1,2122,1165000,Condominium,Freehold,New Sale,549,51.004,Strata,HDB,URA,not_clean,https://www.edgeprop.sg/condo-apartment/kassia,kassia
Kassia,PASIR RIS,17,20 Jul 2024,33 Flora Drive #03-XX,33 Flora Drive,1,2093,1149000,Condominium,Freehold,New Sale,549,51.004,Strata,HDB,URA,not_clean,https://www.edgeprop.sg/condo-apartment/kassia,kassia
Kassia,PASIR RIS,17,20 Jul 2024,33 Flora Drive #06-XX,33 Flora Drive,1,2130,1009000,Condominium,Freehold,New Sale,474,44.036,Strata,Private,URA,not_clean,https://www.edgeprop.sg/condo-apartment/kassia,kassia
Kassia,PASIR RIS,17,20 Jul 2024,33 Flora Drive #04-XX,33 Flora Drive,1,2108,1157000,Condominium,Freehold,New Sale,549,51.004,Strata,Private,URA,not_clean,https://www.edgeprop.sg/condo-apartment/kassia,kassia
Kassia,PASIR RIS,17,20 Jul 2024,33 Flora Drive #01-XX,33 Flora Drive,2,2086,1370000,Condominium,Freehold,New Sale,657,61.037,Strata,Private,URA,not_clean,https://www.edgeprop.sg/condo-apartment/kassia,kassia
Kassia,PASIR RIS,17,20 Jul 2024,33 Flora Drive #08-XX,33 Flora Drive,2,2131,1399000,Condominium,Freehold,New Sale,657,61.037,Strata,HDB,URA,not_clean,https://www.edgeprop.sg/condo-apartment/kassia,kassia
Kassia,PASIR RIS,17,20 Jul 2024,37 Flora Drive #03-XX,37 Flora Drive,2,2025,1526000,Condominium,Freehold,New Sale,753,69.956,Strata,Private,URA,not_clean,https://www.edgeprop.sg/condo-apartment/kassia,kassia
Kassia,PASIR RIS,17,20 Jul 2024,37 Flora Drive #02-XX,37 Flora Drive,2,2047,1344000,Condominium,Freehold,New Sale,657,61.037,Strata,HDB,URA,not_clean,https://www.edgeprop.sg/condo-apartment/kassia,kassia
Kassia,PASIR RIS,17,20 Jul 2024,37 Flora Drive #01-XX,37 Flora Drive,2,2080,1366000,Condominium,Freehold,New Sale,657,61.037,Strata,HDB,URA,not_clean,https://www.edgeprop.sg/condo-apartment/kassia,kassia
Kassia,PASIR RIS,17,20 Jul 2024,37 Flora Drive #07-XX,37 Flora Drive,2,2108,1384000,Condominium,Freehold,New Sale,657,61.037,Strata,Private,URA,not_clean,https://www.edgeprop.sg/condo-apartment/kassia,kassia
Kassia,PASIR RIS,17,20 Jul 2024,31 Flora Drive #05-XX,31 Flora Drive,1,2105,997000,Condominium,Freehold,New Sale,474,44.036,Strata,HDB,URA,not_clean,https://www.edgeprop.sg/condo-apartment/kassia,kassia
Kassia,PASIR RIS,17,20 Jul 2024,31 Flora Drive #07-XX,31 Flora Drive,1,2135,1011000,Condominium,Freehold,New Sale,474,44.036,Strata,HDB,URA,not_clean,https://www.edgeprop.sg/condo-apartment/kassia,kassia
Kassia,PASIR RIS,17,20 Jul 2024,31 Flora Drive #08-XX,31 Flora Drive,1,2015,1106000,Condominium,Freehold,New Sale,549,51.004,Strata,HDB,URA,not_clean,https://www.edgeprop.sg/condo-apartment/kassia,kassia
Kassia,PASIR RIS,17,20 Jul 2024,31 Flora Drive #05-XX,31 Flora Drive,1,1966,1079000,Condominium,Freehold,New Sale,549,51.004,Strata,Private,URA,not_clean,https://www.edgeprop.sg/condo-apartment/kassia,kassia
Kassia,PASIR RIS,17,20 Jul 2024,31 Flora Drive #02-XX,31 Flora Drive,1,1922,1055000,Condominium,Freehold,New Sale,549,51.004,Strata,HDB,URA,not_clean,https://www.edgeprop.sg/condo-apartment/kassia,kassia
Kassia,PASIR RIS,17,20 Jul 2024,31 Flora Drive #08-XX,31 Flora Drive,2,2069,1559000,Condominium,Freehold,New Sale,753,69.956,Strata,Private,URA,not_clean,https://www.edgeprop.sg/condo-apartment/kassia,kassia
Kassia,PASIR RIS,17,20 Jul 2024,31 Flora Drive #06-XX,31 Flora Drive,2,2076,1363000,Condominium,Freehold,New Sale,657,61.037,Strata,Private,URA,not_clean,https://www.edgeprop.sg/condo-apartment/kassia,kassia
Kassia,PASIR RIS,17,20 Jul 2024,31 Flora Drive #05-XX,31 Flora Drive,2,2064,1355000,Condominium,Freehold,New Sale,657,61.037,Strata,HDB,URA,not_clean,https://www.edgeprop.sg/condo-apartment/kassia,kassia
Kassia,PASIR RIS,17,20 Jul 2024,31 Flora Drive #02-XX,31 Flora Drive,2,2027,1331000,Condominium,Freehold,New Sale,657,61.037,Strata,Private,URA,not_clean,https://www.edgeprop.sg/condo-apartment/kassia,kassia
Kassia,PASIR RIS,17,20 Jul 2024,31 Flora Drive #03-XX,31 Flora Drive,2,2039,1339000,Condominium,Freehold,New Sale,657,61.037,Strata,Private,URA,not_clean,https://www.edgeprop.sg/condo-apartment/kassia,kassia
Kassia,PASIR RIS,17,20 Jul 2024,31 Flora Drive #08-XX,31 Flora Drive,2,2105,1382000,Condominium,Freehold,New Sale,657,61.037,Strata,Private,URA,not_clean,https://www.edgeprop.sg/condo-apartment/kassia,kassia
Kassia,PASIR RIS,17,20 Jul 2024,31 Flora Drive #04-XX,31 Flora Drive,2,2051,1347000,Condominium,Freehold,New Sale,657,61.037,Strata,N.A,URA,not_clean,https://www.edgeprop.sg/condo-apartment/kassia,kassia
Kassia,PASIR RIS,17,20 Jul 2024,31 Flora Drive #07-XX,31 Flora Drive,2,2088,1371000,Condominium,Freehold,New Sale,657,61.037,Strata,Private,URA,not_clean,https://www.edgeprop.sg/condo-apartment/kassia,kassia
Kassia,PASIR RIS,17,20 Jul 2024,33 Flora Drive #02-XX,33 Flora Drive,2,1821,1196000,Condominium,Freehold,New Sale,657,61.037,Strata,HDB,URA,not_clean,https://www.edgeprop.sg/condo-apartment/kassia,kassia
Kassia,PASIR RIS,17,20 Jul 2024,33 Flora Drive #08-XX,33 Flora Drive,2,1899,1247000,Condominium,Freehold,New Sale,657,61.037,Strata,HDB,URA,not_clean,https://www.edgeprop.sg/condo-apartment/kassia,kassia
Kassia,PASIR RIS,17,20 Jul 2024,33 Flora Drive #05-XX,33 Flora Drive,2,1858,1220000,Condominium,Freehold,New Sale,657,61.037,Strata,HDB,URA,not_clean,https://www.edgeprop.sg/condo-apartment/kassia,kassia
Kassia,PASIR RIS,17,20 Jul 2024,33 Flora Drive #07-XX,33 Flora Drive,2,1882,1236000,Condominium,Freehold,New Sale,657,61.037,Strata,HDB,URA,not_clean,https://www.edgeprop.sg/condo-apartment/kassia,kassia
Kassia,PASIR RIS,17,20 Jul 2024,33 Flora Drive #04-XX,33 Flora Drive,2,1846,1212000,Condominium,Freehold,New Sale,657,61.037,Strata,HDB,URA,not_clean,https://www.edgeprop.sg/condo-apartment/kassia,kassia
Kassia,PASIR RIS,17,20 Jul 2024,33 Flora Drive #06-XX,33 Flora Drive,2,1870,1228000,Condominium,Freehold,New Sale,657,61.037,Strata,Private,URA,not_clean,https://www.edgeprop.sg/condo-apartment/kassia,kassia
Kassia,PASIR RIS,17,20 Jul 2024,33 Flora Drive #01-XX,33 Flora Drive,2,1855,1218000,Condominium,Freehold,New Sale,657,61.037,Strata,HDB,URA,not_clean,https://www.edgeprop.sg/condo-apartment/kassia,kassia
Kassia,PASIR RIS,17,20 Jul 2024,33 Flora Drive #03-XX,33 Flora Drive,2,1834,1204000,Condominium,Freehold,New Sale,657,61.037,Strata,N.A,URA,not_clean,https://www.edgeprop.sg/condo-apartment/kassia,kassia
Kassia,PASIR RIS,17,20 Jul 2024,33 Flora Drive #07-XX,33 Flora Drive,2,1891,1425000,Condominium,Freehold,New Sale,753,69.956,Strata,HDB,URA,not_clean,https://www.edgeprop.sg/condo-apartment/kassia,kassia
Kassia,PASIR RIS,17,20 Jul 2024,33 Flora Drive #03-XX,33 Flora Drive,2,1843,1389000,Condominium,Freehold,New Sale,753,69.956,Strata,HDB,URA,not_clean,https://www.edgeprop.sg/condo-apartment/kassia,kassia
Kassia,PASIR RIS,17,20 Jul 2024,33 Flora Drive #08-XX,33 Flora Drive,2,1907,1437000,Condominium,Freehold,New Sale,753,69.956,Strata,HDB,URA,not_clean,https://www.edgeprop.sg/condo-apartment/kassia,kassia
Kassia,PASIR RIS,17,20 Jul 2024,33 Flora Drive #04-XX,33 Flora Drive,2,1855,1398000,Condominium,Freehold,New Sale,753,69.956,Strata,Private,URA,not_clean,https://www.edgeprop.sg/condo-apartment/kassia,kassia
Kassia,PASIR RIS,17,20 Jul 2024,33 Flora Drive #07-XX,33 Flora Drive,1,2151,1181000,Condominium,Freehold,New Sale,549,51.004,Strata,HDB,URA,not_clean,https://www.edgeprop.sg/condo-apartment/kassia,kassia
Kassia,PASIR RIS,17,20 Jul 2024,33 Flora Drive #08-XX,33 Flora Drive,1,2171,1192000,Condominium,Freehold,New Sale,549,51.004,Strata,HDB,URA,not_clean,https://www.edgeprop.sg/condo-apartment/kassia,kassia
Kassia,PASIR RIS,17,20 Jul 2024,33 Flora Drive #06-XX,33 Flora Drive,2,2102,1380000,Condominium,Freehold,New Sale,657,61.037,Strata,HDB,URA,not_clean,https://www.edgeprop.sg/condo-apartment/kassia,kassia
Kassia,PASIR RIS,17,20 Jul 2024,33 Flora Drive #03-XX,33 Flora Drive,2,2065,1356000,Condominium,Freehold,New Sale,657,61.037,Strata,HDB,URA,not_clean,https://www.edgeprop.sg/condo-apartment/kassia,kassia
Kassia,PASIR RIS,17,20 Jul 2024,33 Flora Drive #05-XX,33 Flora Drive,2,2090,1372000,Condominium,Freehold,New Sale,657,61.037,Strata,HDB,URA,not_clean,https://www.edgeprop.sg/condo-apartment/kassia,kassia
Kassia,PASIR RIS,17,20 Jul 2024,33 Flora Drive #06-XX,33 Flora Drive,3,1971,1825000,Condominium,Freehold,New Sale,926,86.028,Strata,HDB,URA,not_clean,https://www.edgeprop.sg/condo-apartment/kassia,kassia
Kassia,PASIR RIS,17,20 Jul 2024,33 Flora Drive #04-XX,33 Flora Drive,3,1950,1805000,Condominium,Freehold,New Sale,926,86.028,Strata,N.A,URA,not_clean,https://www.edgeprop.sg/condo-apartment/kassia,kassia
Kassia,PASIR RIS,17,20 Jul 2024,33 Flora Drive #07-XX,33 Flora Drive,3,1982,1835000,Condominium,Freehold,New Sale,926,86.028,Strata,Private,URA,not_clean,https://www.edgeprop.sg/condo-apartment/kassia,kassia
Kassia,PASIR RIS,17,20 Jul 2024,33 Flora Drive #03-XX,33 Flora Drive,3,1939,1795000,Condominium,Freehold,New Sale,926,86.028,Strata,Private,URA,not_clean,https://www.edgeprop.sg/condo-apartment/kassia,kassia
Kassia,PASIR RIS,17,20 Jul 2024,33 Flora Drive #05-XX,33 Flora Drive,3,1961,1815000,Condominium,Freehold,New Sale,926,86.028,Strata,HDB,URA,not_clean,https://www.edgeprop.sg/condo-apartment/kassia,kassia
Kassia,PASIR RIS,17,20 Jul 2024,33 Flora Drive #07-XX,33 Flora Drive,2,2047,1344000,Condominium,Freehold,New Sale,657,61.037,Strata,Private,URA,not_clean,https://www.edgeprop.sg/condo-apartment/kassia,kassia
Kassia,PASIR RIS,17,20 Jul 2024,33 Flora Drive #04-XX,33 Flora Drive,2,2010,1320000,Condominium,Freehold,New Sale,657,61.037,Strata,Private,URA,not_clean,https://www.edgeprop.sg/condo-apartment/kassia,kassia
Kassia,PASIR RIS,17,20 Jul 2024,33 Flora Drive #03-XX,33 Flora Drive,2,1998,1312000,Condominium,Freehold,New Sale,657,61.037,Strata,N.A,URA,not_clean,https://www.edgeprop.sg/condo-apartment/kassia,kassia
Kassia,PASIR RIS,17,20 Jul 2024,33 Flora Drive #06-XX,33 Flora Drive,2,2035,1336000,Condominium,Freehold,New Sale,657,61.037,Strata,HDB,URA,not_clean,https://www.edgeprop.sg/condo-apartment/kassia,kassia
Kassia,PASIR RIS,17,20 Jul 2024,33 Flora Drive #08-XX,33 Flora Drive,2,2064,1355000,Condominium,Freehold,New Sale,657,61.037,Strata,Private,URA,not_clean,https://www.edgeprop.sg/condo-apartment/kassia,kassia
Kassia,PASIR RIS,17,20 Jul 2024,33 Flora Drive #02-XX,33 Flora Drive,2,1986,1304000,Condominium,Freehold,New Sale,657,61.037,Strata,HDB,URA,not_clean,https://www.edgeprop.sg/condo-apartment/kassia,kassia
Kassia,PASIR RIS,17,20 Jul 2024,37 Flora Drive #04-XX,37 Flora Drive,1,2082,986000,Condominium,Freehold,New Sale,474,44.036,Strata,Private,URA,not_clean,https://www.edgeprop.sg/condo-apartment/kassia,kassia
Kassia,PASIR RIS,17,20 Jul 2024,37 Flora Drive #03-XX,37 Flora Drive,1,2067,979000,Condominium,Freehold,New Sale,474,44.036,Strata,HDB,URA,not_clean,https://www.edgeprop.sg/condo-apartment/kassia,kassia
Kassia,PASIR RIS,17,20 Jul 2024,37 Flora Drive #01-XX,37 Flora Drive,1,2086,988000,Condominium,Freehold,New Sale,474,44.036,Strata,Private,URA,not_clean,https://www.edgeprop.sg/condo-apartment/kassia,kassia
Kassia,PASIR RIS,17,20 Jul 2024,37 Flora Drive #07-XX,37 Flora Drive,1,2126,1007000,Condominium,Freehold,New Sale,474,44.036,Strata,HDB,URA,not_clean,https://www.edgeprop.sg/condo-apartment/kassia,kassia
Kassia,PASIR RIS,17,20 Jul 2024,37 Flora Drive #05-XX,37 Flora Drive,1,2097,993000,Condominium,Freehold,New Sale,474,44.036,Strata,N.A,URA,not_clean,https://www.edgeprop.sg/condo-apartment/kassia,kassia
Kassia,PASIR RIS,17,20 Jul 2024,37 Flora Drive #06-XX,37 Flora Drive,1,2111,1000000,Condominium,Freehold,New Sale,474,44.036,Strata,HDB,URA,not_clean,https://www.edgeprop.sg/condo-apartment/kassia,kassia
Kassia,PASIR RIS,17,20 Jul 2024,37 Flora Drive #02-XX,37 Flora Drive,1,2052,972000,Condominium,Freehold,New Sale,474,44.036,Strata,HDB,URA,not_clean,https://www.edgeprop.sg/condo-apartment/kassia,kassia
Kassia,PASIR RIS,17,20 Jul 2024,37 Flora Drive #08-XX,37 Flora Drive,3,2047,1851000,Condominium,Freehold,New Sale,904,83.984,Strata,HDB,URA,not_clean,https://www.edgeprop.sg/condo-apartment/kassia,kassia
Kassia,PASIR RIS,17,20 Jul 2024,37 Flora Drive #02-XX,37 Flora Drive,3,1985,2094000,Condominium,Freehold,New Sale,1055,98.013,Strata,N.A,URA,not_clean,https://www.edgeprop.sg/condo-apartment/kassia,kassia
Kassia,PASIR RIS,17,20 Jul 2024,37 Flora Drive #06-XX,37 Flora Drive,2,2102,1380000,Condominium,Freehold,New Sale,657,61.037,Strata,Private,URA,not_clean,https://www.edgeprop.sg/condo-apartment/kassia,kassia
Kassia,PASIR RIS,17,20 Jul 2024,37 Flora Drive #07-XX,37 Flora Drive,2,2114,1388000,Condominium,Freehold,New Sale,657,61.037,Strata,Private,URA,not_clean,https://www.edgeprop.sg/condo-apartment/kassia,kassia
Kassia,PASIR RIS,17,20 Jul 2024,37 Flora Drive #08-XX,37 Flora Drive,2,2131,1399000,Condominium,Freehold,New Sale,657,61.037,Strata,Private,URA,not_clean,https://www.edgeprop.sg/condo-apartment/kassia,kassia
Kassia,PASIR RIS,17,20 Jul 2024,37 Flora Drive #05-XX,37 Flora Drive,2,2090,1372000,Condominium,Freehold,New Sale,657,61.037,Strata,Private,URA,not_clean,https://www.edgeprop.sg/condo-apartment/kassia,kassia
Kassia,PASIR RIS,17,20 Jul 2024,37 Flora Drive #03-XX,37 Flora Drive,2,2065,1356000,Condominium,Freehold,New Sale,657,61.037,Strata,HDB,URA,not_clean,https://www.edgeprop.sg/condo-apartment/kassia,kassia
Kassia,PASIR RIS,17,20 Jul 2024,37 Flora Drive #01-XX,37 Flora Drive,2,2086,1370000,Condominium,Freehold,New Sale,657,61.037,Strata,Private,URA,not_clean,https://www.edgeprop.sg/condo-apartment/kassia,kassia
Kassia,PASIR RIS,17,20 Jul 2024,37 Flora Drive #02-XX,37 Flora Drive,2,2053,1348000,Condominium,Freehold,New Sale,657,61.037,Strata,N.A,URA,not_clean,https://www.edgeprop.sg/condo-apartment/kassia,kassia
Kassia,PASIR RIS,17,20 Jul 2024,37 Flora Drive #04-XX,37 Flora Drive,2,2077,1364000,Condominium,Freehold,New Sale,657,61.037,Strata,HDB,URA,not_clean,https://www.edgeprop.sg/condo-apartment/kassia,kassia
Kassia,PASIR RIS,17,20 Jul 2024,37 Flora Drive #03-XX,37 Flora Drive,1,2097,993000,Condominium,Freehold,New Sale,474,44.036,Strata,HDB,URA,not_clean,https://www.edgeprop.sg/condo-apartment/kassia,kassia
Kassia,PASIR RIS,17,20 Jul 2024,37 Flora Drive #08-XX,37 Flora Drive,1,2177,1031000,Condominium,Freehold,New Sale,474,44.036,Strata,N.A,URA,not_clean,https://www.edgeprop.sg/condo-apartment/kassia,kassia
Kassia,PASIR RIS,17,20 Jul 2024,37 Flora Drive #08-XX,37 Flora Drive,1,2151,1181000,Condominium,Freehold,New Sale,549,51.004,Strata,HDB,URA,not_clean,https://www.edgeprop.sg/condo-apartment/kassia,kassia
Kassia,PASIR RIS,17,20 Jul 2024,37 Flora Drive #05-XX,37 Flora Drive,1,2102,1154000,Condominium,Freehold,New Sale,549,51.004,Strata,Private,URA,not_clean,https://www.edgeprop.sg/condo-apartment/kassia,kassia
Kassia,PASIR RIS,17,20 Jul 2024,37 Flora Drive #04-XX,37 Flora Drive,1,2088,1146000,Condominium,Freehold,New Sale,549,51.004,Strata,Private,URA,not_clean,https://www.edgeprop.sg/condo-apartment/kassia,kassia
Kassia,PASIR RIS,17,20 Jul 2024,37 Flora Drive #06-XX,37 Flora Drive,1,2117,1162000,Condominium,Freehold,New Sale,549,51.004,Strata,HDB,URA,not_clean,https://www.edgeprop.sg/condo-apartment/kassia,kassia
Kassia,PASIR RIS,17,20 Jul 2024,37 Flora Drive #07-XX,37 Flora Drive,1,2131,1170000,Condominium,Freehold,New Sale,549,51.004,Strata,Private,URA,not_clean,https://www.edgeprop.sg/condo-apartment/kassia,kassia
Kassia,PASIR RIS,17,20 Jul 2024,37 Flora Drive #03-XX,37 Flora Drive,1,2073,1138000,Condominium,Freehold,New Sale,549,51.004,Strata,HDB,URA,not_clean,https://www.edgeprop.sg/condo-apartment/kassia,kassia
Kassia,PASIR RIS,17,20 Jul 2024,37 Flora Drive #03-XX,37 Flora Drive,2,2059,1352000,Condominium,Freehold,New Sale,657,61.037,Strata,Private,URA,not_clean,https://www.edgeprop.sg/condo-apartment/kassia,kassia
Kassia,PASIR RIS,17,20 Jul 2024,37 Flora Drive #08-XX,37 Flora Drive,2,2125,1395000,Condominium,Freehold,New Sale,657,61.037,Strata,Private,URA,not_clean,https://www.edgeprop.sg/condo-apartment/kassia,kassia
Kassia,PASIR RIS,17,20 Jul 2024,37 Flora Drive #05-XX,37 Flora Drive,2,2083,1368000,Condominium,Freehold,New Sale,657,61.037,Strata,Private,URA,not_clean,https://www.edgeprop.sg/condo-apartment/kassia,kassia
Kassia,PASIR RIS,17,20 Jul 2024,37 Flora Drive #06-XX,37 Flora Drive,2,2096,1376000,Condominium,Freehold,New Sale,657,61.037,Strata,N.A,URA,not_clean,https://www.edgeprop.sg/condo-apartment/kassia,kassia
Kassia,PASIR RIS,17,20 Jul 2024,37 Flora Drive #04-XX,37 Flora Drive,2,2071,1360000,Condominium,Freehold,New Sale,657,61.037,Strata,HDB,URA,not_clean,https://www.edgeprop.sg/condo-apartment/kassia,kassia
Kassia,PASIR RIS,17,20 Jul 2024,39 Flora Drive #08-XX,39 Flora Drive,2,2094,1375000,Condominium,Freehold,New Sale,657,61.037,Strata,Private,URA,not_clean,https://www.edgeprop.sg/condo-apartment/kassia,kassia
Kassia,PASIR RIS,17,20 Jul 2024,39 Flora Drive #04-XX,39 Flora Drive,2,2041,1340000,Condominium,Freehold,New Sale,657,61.037,Strata,N.A,URA,not_clean,https://www.edgeprop.sg/condo-apartment/kassia,kassia
Kassia,PASIR RIS,17,20 Jul 2024,39 Flora Drive #03-XX,39 Flora Drive,2,2029,1332000,Condominium,Freehold,New Sale,657,61.037,Strata,Private,URA,not_clean,https://www.edgeprop.sg/condo-apartment/kassia,kassia
Kassia,PASIR RIS,17,20 Jul 2024,39 Flora Drive #05-XX,39 Flora Drive,2,2053,1348000,Condominium,Freehold,New Sale,657,61.037,Strata,HDB,URA,not_clean,https://www.edgeprop.sg/condo-apartment/kassia,kassia
Kassia,PASIR RIS,17,20 Jul 2024,39 Flora Drive #06-XX,39 Flora Drive,2,2065,1356000,Condominium,Freehold,New Sale,657,61.037,Strata,Private,URA,not_clean,https://www.edgeprop.sg/condo-apartment/kassia,kassia
Kassia,PASIR RIS,17,20 Jul 2024,39 Flora Drive #07-XX,39 Flora Drive,2,2077,1364000,Condominium,Freehold,New Sale,657,61.037,Strata,HDB,URA,not_clean,https://www.edgeprop.sg/condo-apartment/kassia,kassia
Kassia,PASIR RIS,17,20 Jul 2024,39 Flora Drive #02-XX,39 Flora Drive,2,2016,1324000,Condominium,Freehold,New Sale,657,61.037,Strata,HDB,URA,not_clean,https://www.edgeprop.sg/condo-apartment/kassia,kassia
Kassia,PASIR RIS,17,20 Jul 2024,39 Flora Drive #01-XX,39 Flora Drive,2,2050,1346000,Condominium,Freehold,New Sale,657,61.037,Strata,N.A,URA,not_clean,https://www.edgeprop.sg/condo-apartment/kassia,kassia
Kassia,PASIR RIS,17,20 Jul 2024,39 Flora Drive #01-XX,39 Flora Drive,4,1851,2490000,Condominium,Freehold,New Sale,1346,125.047,Strata,Private,URA,not_clean,https://www.edgeprop.sg/condo-apartment/kassia,kassia
Kassia,PASIR RIS,17,20 Jul 2024,39 Flora Drive #03-XX,39 Flora Drive,1,2073,1138000,Condominium,Freehold,New Sale,549,51.004,Strata,Private,URA,not_clean,https://www.edgeprop.sg/condo-apartment/kassia,kassia
Kassia,PASIR RIS,17,20 Jul 2024,39 Flora Drive #08-XX,39 Flora Drive,1,2147,1017000,Condominium,Freehold,New Sale,474,44.036,Strata,HDB,URA,not_clean,https://www.edgeprop.sg/condo-apartment/kassia,kassia
Kassia,PASIR RIS,17,20 Jul 2024,39 Flora Drive #03-XX,39 Flora Drive,1,2067,979000,Condominium,Freehold,New Sale,474,44.036,Strata,HDB,URA,not_clean,https://www.edgeprop.sg/condo-apartment/kassia,kassia
Kassia,PASIR RIS,17,20 Jul 2024,39 Flora Drive #04-XX,39 Flora Drive,1,2082,986000,Condominium,Freehold,New Sale,474,44.036,Strata,Private,URA,not_clean,https://www.edgeprop.sg/condo-apartment/kassia,kassia
Kassia,PASIR RIS,17,20 Jul 2024,39 Flora Drive #07-XX,39 Flora Drive,1,2126,1007000,Condominium,Freehold,New Sale,474,44.036,Strata,HDB,URA,not_clean,https://www.edgeprop.sg/condo-apartment/kassia,kassia
Kassia,PASIR RIS,17,20 Jul 2024,39 Flora Drive #02-XX,39 Flora Drive,1,2052,972000,Condominium,Freehold,New Sale,474,44.036,Strata,HDB,URA,not_clean,https://www.edgeprop.sg/condo-apartment/kassia,kassia
Kassia,PASIR RIS,17,20 Jul 2024,39 Flora Drive #07-XX,39 Flora Drive,2,1960,1287000,Condominium,Freehold,New Sale,657,61.037,Strata,HDB,URA,not_clean,https://www.edgeprop.sg/condo-apartment/kassia,kassia
Kassia,PASIR RIS,17,20 Jul 2024,39 Flora Drive #04-XX,39 Flora Drive,2,1924,1263000,Condominium,Freehold,New Sale,657,61.037,Strata,Private,URA,not_clean,https://www.edgeprop.sg/condo-apartment/kassia,kassia
Kassia,PASIR RIS,17,20 Jul 2024,39 Flora Drive #06-XX,39 Flora Drive,2,1948,1279000,Condominium,Freehold,New Sale,657,61.037,Strata,HDB,URA,not_clean,https://www.edgeprop.sg/condo-apartment/kassia,kassia
Kassia,PASIR RIS,17,20 Jul 2024,39 Flora Drive #01-XX,39 Flora Drive,2,1933,1269000,Condominium,Freehold,New Sale,657,61.037,Strata,Private,URA,not_clean,https://www.edgeprop.sg/condo-apartment/kassia,kassia
Kassia,PASIR RIS,17,20 Jul 2024,39 Flora Drive #02-XX,39 Flora Drive,2,1899,1247000,Condominium,Freehold,New Sale,657,61.037,Strata,Private,URA,not_clean,https://www.edgeprop.sg/condo-apartment/kassia,kassia
Kassia,PASIR RIS,17,20 Jul 2024,39 Flora Drive #08-XX,39 Flora Drive,2,1977,1298000,Condominium,Freehold,New Sale,657,61.037,Strata,Private,URA,not_clean,https://www.edgeprop.sg/condo-apartment/kassia,kassia
Kassia,PASIR RIS,17,20 Jul 2024,39 Flora Drive #05-XX,39 Flora Drive,2,1936,1271000,Condominium,Freehold,New Sale,657,61.037,Strata,Private,URA,not_clean,https://www.edgeprop.sg/condo-apartment/kassia,kassia
Kassia,PASIR RIS,17,20 Jul 2024,39 Flora Drive #03-XX,39 Flora Drive,2,1911,1255000,Condominium,Freehold,New Sale,657,61.037,Strata,Private,URA,not_clean,https://www.edgeprop.sg/condo-apartment/kassia,kassia
Kassia,PASIR RIS,17,20 Jul 2024,39 Flora Drive #03-XX,39 Flora Drive,1,1879,890000,Condominium,Freehold,New Sale,474,44.036,Strata,HDB,URA,not_clean,https://www.edgeprop.sg/condo-apartment/kassia,kassia
Kassia,PASIR RIS,17,20 Jul 2024,39 Flora Drive #07-XX,39 Flora Drive,1,1938,918000,Condominium,Freehold,New Sale,474,44.036,Strata,N.A,URA,not_clean,https://www.edgeprop.sg/condo-apartment/kassia,kassia
Kassia,PASIR RIS,17,20 Jul 2024,39 Flora Drive #05-XX,39 Flora Drive,1,1909,904000,Condominium,Freehold,New Sale,474,44.036,Strata,N.A,URA,not_clean,https://www.edgeprop.sg/condo-apartment/kassia,kassia
Kassia,PASIR RIS,17,20 Jul 2024,39 Flora Drive #02-XX,39 Flora Drive,1,1864,883000,Condominium,Freehold,New Sale,474,44.036,Strata,HDB,URA,not_clean,https://www.edgeprop.sg/condo-apartment/kassia,kassia
Kassia,PASIR RIS,17,20 Jul 2024,39 Flora Drive #06-XX,39 Flora Drive,1,1923,911000,Condominium,Freehold,New Sale,474,44.036,Strata,HDB,URA,not_clean,https://www.edgeprop.sg/condo-apartment/kassia,kassia
Kassia,PASIR RIS,17,20 Jul 2024,39 Flora Drive #04-XX,39 Flora Drive,1,1894,897000,Condominium,Freehold,New Sale,474,44.036,Strata,Private,URA,not_clean,https://www.edgeprop.sg/condo-apartment/kassia,kassia
Kassia,PASIR RIS,17,20 Jul 2024,39 Flora Drive #01-XX,39 Flora Drive,1,1898,899000,Condominium,Freehold,New Sale,474,44.036,Strata,HDB,URA,not_clean,https://www.edgeprop.sg/condo-apartment/kassia,kassia
Kassia,PASIR RIS,17,20 Jul 2024,39 Flora Drive #08-XX,39 Flora Drive,1,1959,928000,Condominium,Freehold,New Sale,474,44.036,Strata,HDB,URA,not_clean,https://www.edgeprop.sg/condo-apartment/kassia,kassia
LE LOYANG,PASIR RIS,17,17 Jun 2026,43 JALAN LOYANG BESAR #03-XX,43 JALAN LOYANG BESAR,2,1201,1280000,Apartment,999 Yrs From 29/05/1885,Resale,1066,99.035,Strata,HDB,URA,not_clean,https://www.edgeprop.sg/condo-apartment/le-loyang,le-loyang
LE LOYANG,PASIR RIS,17,6 Mar 2026,43 JALAN LOYANG BESAR #03-XX,43 JALAN LOYANG BESAR,4,1192,1322000,Apartment,999 Yrs From 29/05/1885,Resale,1109,103.029,Strata,Private,URA,not_clean,https://www.edgeprop.sg/condo-apartment/le-loyang,le-loyang
LE LOYANG,PASIR RIS,17,15 May 2024,43 Jalan Loyang Besar #03-XX,43 Jalan Loyang Besar,4,983,1100000,Apartment,999 Yrs From 29/05/1885,Resale,1119,103.959,Strata,Private,URA,not_clean,https://www.edgeprop.sg/condo-apartment/le-loyang,le-loyang
LE LOYANG,PASIR RIS,17,5 Oct 2023,43 Jalan Loyang Besar #01-XX,43 Jalan Loyang Besar,3,966,1290000,Apartment,999 Yrs From 29/05/1885,Resale,1335,124.026,Strata,Private,URA,not_clean,https://www.edgeprop.sg/condo-apartment/le-loyang,le-loyang
LE LOYANG,PASIR RIS,17,1 Mar 2022,43 Jalan Loyang Besar #01-XX,43 Jalan Loyang Besar,3,929,1450000,Apartment,999 Yrs From 29/05/1885,Resale,1561,145.022,Strata,HDB,URA,not_clean,https://www.edgeprop.sg/condo-apartment/le-loyang,le-loyang
LE LOYANG,PASIR RIS,17,7 Sep 2021,43 Jalan Loyang Besar #02-XX,43 Jalan Loyang Besar,4,928,999000,Apartment,999 Yrs From 29/05/1885,Resale,1076,99.964,Strata,Private,URA,not_clean,https://www.edgeprop.sg/condo-apartment/le-loyang,le-loyang
PALM ISLES,PASIR RIS,17,16 Jun 2026,34 FLORA DRIVE #04-XX,34 FLORA DRIVE,2,1209,950000,Condominium,"99 Yrs From 14/09/2011, 99 Years Leasehold",Resale,786,73.022,Strata,HDB,URA,not_clean,https://www.edgeprop.sg/condo-apartment/palm-isles,palm-isles
PALM ISLES,PASIR RIS,17,18 May 2026,40 FLORA DRIVE #02-XX,40 FLORA DRIVE,1,1285,650000,Condominium,"99 Yrs From 14/09/2011, 99 Years Leasehold",Resale,506,47.009,Strata,Private,URA,not_clean,https://www.edgeprop.sg/condo-apartment/palm-isles,palm-isles
PALM ISLES,PASIR RIS,17,11 May 2026,34 FLORA DRIVE #06-XX,34 FLORA DRIVE,2,1247,980000,Condominium,"99 Yrs From 14/09/2011, 99 Years Leasehold",Resale,786,73.022,Strata,Private,URA,not_clean,https://www.edgeprop.sg/condo-apartment/palm-isles,palm-isles
PALM ISLES,PASIR RIS,17,24 Apr 2026,34 FLORA DRIVE #03-XX,34 FLORA DRIVE,2,1196,940000,Condominium,"99 Yrs From 14/09/2011, 99 Years Leasehold",Resale,786,73.022,Strata,Private,URA,not_clean,https://www.edgeprop.sg/condo-apartment/palm-isles,palm-isles
PALM ISLES,PASIR RIS,17,23 Apr 2026,34 FLORA DRIVE #06-XX,34 FLORA DRIVE,3,1280,1267888,Condominium,"99 Yrs From 14/09/2011, 99 Years Leasehold",Resale,990,91.974,Strata,Private,URA,not_clean,https://www.edgeprop.sg/condo-apartment/palm-isles,palm-isles
PALM ISLES,PASIR RIS,17,14 Apr 2026,42 FLORA DRIVE #01-XX,42 FLORA DRIVE,1,1301,728000,Condominium,"99 Yrs From 14/09/2011, 99 Years Leasehold",Resale,560,52.026,Strata,Private,URA,not_clean,https://www.edgeprop.sg/condo-apartment/palm-isles,palm-isles
PALM ISLES,PASIR RIS,17,18 Mar 2026,38 FLORA DRIVE #03-XX,38 FLORA DRIVE,1,1320,668000,Condominium,"99 Yrs From 14/09/2011, 99 Years Leasehold",Resale,506,47.009,Strata,HDB,URA,not_clean,https://www.edgeprop.sg/condo-apartment/palm-isles,palm-isles
PALM ISLES,PASIR RIS,17,17 Mar 2026,34 FLORA DRIVE #06-XX,34 FLORA DRIVE,3,1251,1400000,Condominium,"99 Yrs From 14/09/2011, 99 Years Leasehold",Resale,1119,103.959,Strata,Private,URA,not_clean,https://www.edgeprop.sg/condo-apartment/palm-isles,palm-isles
PALM ISLES,PASIR RIS,17,2 Mar 2026,40 FLORA DRIVE #01-XX,40 FLORA DRIVE,1,1336,748000,Condominium,"99 Yrs From 14/09/2011, 99 Years Leasehold",Resale,560,52.026,Strata,Private,URA,not_clean,https://www.edgeprop.sg/condo-apartment/palm-isles,palm-isles
PALM ISLES,PASIR RIS,17,27 Feb 2026,42 FLORA DRIVE #01-XX,42 FLORA DRIVE,2,1235,1170000,Condominium,"99 Yrs From 14/09/2011, 99 Years Leasehold",Resale,947,87.979,Strata,Private,URA,not_clean,https://www.edgeprop.sg/condo-apartment/palm-isles,palm-isles
PALM ISLES,PASIR RIS,17,23 Feb 2026,32 FLORA DRIVE #02-XX,32 FLORA DRIVE,2,1190,935000,Condominium,"99 Yrs From 14/09/2011, 99 Years Leasehold",Resale,786,73.022,Strata,HDB,URA,not_clean,https://www.edgeprop.sg/condo-apartment/palm-isles,palm-isles
PALM ISLES,PASIR RIS,17,12 Feb 2026,42 FLORA DRIVE #02-XX,42 FLORA DRIVE,1,1374,710000,Condominium,"99 Yrs From 14/09/2011, 99 Years Leasehold",Resale,517,48.031,Strata,Private,URA,not_clean,https://www.edgeprop.sg/condo-apartment/palm-isles,palm-isles
PALM ISLES,PASIR RIS,17,16 Jan 2026,40 FLORA DRIVE #03-XX,40 FLORA DRIVE,2,1180,952500,Condominium,"99 Yrs From 14/09/2011, 99 Years Leasehold",Resale,807,74.973,Strata,HDB,URA,not_clean,https://www.edgeprop.sg/condo-apartment/palm-isles,palm-isles
PALM ISLES,PASIR RIS,17,3 Dec 2025,32 FLORA DRIVE #05-XX,32 FLORA DRIVE,2,1234,970000,Condominium,"99 Yrs From 14/09/2011, 99 Years Leasehold",Resale,786,73.022,Strata,Private,URA,not_clean,https://www.edgeprop.sg/condo-apartment/palm-isles,palm-isles
PALM ISLES,PASIR RIS,17,28 Nov 2025,34 FLORA DRIVE #04-XX,34 FLORA DRIVE,4,1275,1688000,Condominium,"99 Yrs From 14/09/2011, 99 Years Leasehold",Resale,1324,123.004,Strata,HDB,URA,not_clean,https://www.edgeprop.sg/condo-apartment/palm-isles,palm-isles
PALM ISLES,PASIR RIS,17,29 Oct 2025,36 FLORA DRIVE #01-XX,36 FLORA DRIVE,4,883,2660000,Condominium,"99 Yrs From 14/09/2011, 99 Years Leasehold",Resale,3014,280.01,Strata,Private,URA,not_clean,https://www.edgeprop.sg/condo-apartment/palm-isles,palm-isles
PALM ISLES,PASIR RIS,17,28 Oct 2025,32 FLORA DRIVE #01-XX,32 FLORA DRIVE,3,1209,1380000,Condominium,"99 Yrs From 14/09/2011, 99 Years Leasehold",Resale,1141,106.002,Strata,HDB,URA,not_clean,https://www.edgeprop.sg/condo-apartment/palm-isles,palm-isles
PALM ISLES,PASIR RIS,17,22 Oct 2025,38 FLORA DRIVE #04-XX,38 FLORA DRIVE,1,1344,680000,Condominium,"99 Yrs From 14/09/2011, 99 Years Leasehold",Resale,506,47.009,Strata,Private,URA,not_clean,https://www.edgeprop.sg/condo-apartment/palm-isles,palm-isles
PALM ISLES,PASIR RIS,17,16 Oct 2025,32 FLORA DRIVE #06-XX,32 FLORA DRIVE,2,1213,953000,Condominium,"99 Yrs From 14/09/2011, 99 Years Leasehold",Resale,786,73.022,Strata,HDB,URA,not_clean,https://www.edgeprop.sg/condo-apartment/palm-isles,palm-isles
PALM ISLES,PASIR RIS,17,6 Oct 2025,42 FLORA DRIVE #06-XX,42 FLORA DRIVE,1,1409,728000,Condominium,"99 Yrs From 14/09/2011, 99 Years Leasehold",Resale,517,48.031,Strata,Private,URA,not_clean,https://www.edgeprop.sg/condo-apartment/palm-isles,palm-isles
PALM ISLES,PASIR RIS,17,3 Oct 2025,42 FLORA DRIVE #06-XX,42 FLORA DRIVE,2,1211,978000,Condominium,"99 Yrs From 14/09/2011, 99 Years Leasehold",Resale,807,74.973,Strata,Private,URA,not_clean,https://www.edgeprop.sg/condo-apartment/palm-isles,palm-isles
PALM ISLES,PASIR RIS,17,15 Sep 2025,32 FLORA DRIVE #03-XX,32 FLORA DRIVE,3,1212,1200000,Condominium,"99 Yrs From 14/09/2011, 99 Years Leasehold",Resale,990,91.974,Strata,Private,URA,not_clean,https://www.edgeprop.sg/condo-apartment/palm-isles,palm-isles
PALM ISLES,PASIR RIS,17,1 Sep 2025,34 FLORA DRIVE #03-XX,34 FLORA DRIVE,3,1242,1230000,Condominium,"99 Yrs From 14/09/2011, 99 Years Leasehold",Resale,990,91.974,Strata,HDB,URA,not_clean,https://www.edgeprop.sg/condo-apartment/palm-isles,palm-isles
PALM ISLES,PASIR RIS,17,14 Aug 2025,34 FLORA DRIVE #02-XX,34 FLORA DRIVE,3,1242,1230000,Condominium,"99 Yrs From 14/09/2011, 99 Years Leasehold",Resale,990,91.974,Strata,HDB,URA,not_clean,https://www.edgeprop.sg/condo-apartment/palm-isles,palm-isles
PALM ISLES,PASIR RIS,17,12 Aug 2025,32 FLORA DRIVE #02-XX,32 FLORA DRIVE,3,1253,1241000,Condominium,"99 Yrs From 14/09/2011, 99 Years Leasehold",Resale,990,91.974,Strata,Private,URA,not_clean,https://www.edgeprop.sg/condo-apartment/palm-isles,palm-isles
PALM ISLES,PASIR RIS,17,4 Aug 2025,36 Flora Drive #01-XX,36 Flora Drive,4,889,2680000,Condominium,"99 Yrs From 14/09/2011, 99 Years Leasehold",Resale,3014,280.01,Strata,Private,URA,not_clean,https://www.edgeprop.sg/condo-apartment/palm-isles,palm-isles
PALM ISLES,PASIR RIS,17,21 Jul 2025,38 Flora Drive #01-XX,38 Flora Drive,1,1358,760000,Condominium,"99 Yrs From 14/09/2011, 99 Years Leasehold",Resale,560,52.026,Strata,HDB,URA,not_clean,https://www.edgeprop.sg/condo-apartment/palm-isles,palm-isles
PALM ISLES,PASIR RIS,17,1 Jul 2025,32 Flora Drive #02-XX,32 Flora Drive,3,1313,1470000,Condominium,"99 Yrs From 14/09/2011, 99 Years Leasehold",Resale,1119,103.959,Strata,HDB,URA,not_clean,https://www.edgeprop.sg/condo-apartment/palm-isles,palm-isles
PALM ISLES,PASIR RIS,17,30 May 2025,40 Flora Drive #01-XX,40 Flora Drive,1,1295,725000,Condominium,"99 Yrs From 14/09/2011, 99 Years Leasehold",Resale,560,52.026,Strata,HDB,URA,not_clean,https://www.edgeprop.sg/condo-apartment/palm-isles,palm-isles
PALM ISLES,PASIR RIS,17,22 May 2025,38 Flora Drive #05-XX,38 Flora Drive,2,1195,965000,Condominium,"99 Yrs From 14/09/2011, 99 Years Leasehold",Resale,807,74.973,Strata,Private,URA,not_clean,https://www.edgeprop.sg/condo-apartment/palm-isles,palm-isles
PALM ISLES,PASIR RIS,17,22 May 2025,42 Flora Drive #06-XX,42 Flora Drive,2,1208,975000,Condominium,"99 Yrs From 14/09/2011, 99 Years Leasehold",Resale,807,74.973,Strata,Private,URA,not_clean,https://www.edgeprop.sg/condo-apartment/palm-isles,palm-isles
PALM ISLES,PASIR RIS,17,23 Apr 2025,38 Flora Drive #05-XX,38 Flora Drive,2,1200,968888,Condominium,"99 Yrs From 14/09/2011, 99 Years Leasehold",Resale,807,74.973,Strata,HDB,URA,not_clean,https://www.edgeprop.sg/condo-apartment/palm-isles,palm-isles
PALM ISLES,PASIR RIS,17,26 Feb 2025,36 Flora Drive #03-XX,36 Flora Drive,4,745,2800000,Condominium,"99 Yrs From 14/09/2011, 99 Years Leasehold",Resale,3757,349.037,Strata,Private,URA,not_clean,https://www.edgeprop.sg/condo-apartment/palm-isles,palm-isles
PALM ISLES,PASIR RIS,17,17 Feb 2025,40 Flora Drive #01-XX,40 Flora Drive,1,1295,725000,Condominium,"99 Yrs From 14/09/2011, 99 Years Leasehold",Resale,560,52.026,Strata,Private,URA,not_clean,https://www.edgeprop.sg/condo-apartment/palm-isles,palm-isles
PALM ISLES,PASIR RIS,17,3 Jan 2025,32 Flora Drive #02-XX,32 Flora Drive,3,1295,1450000,Condominium,"99 Yrs From 14/09/2011, 99 Years Leasehold",Resale,1119,103.959,Strata,HDB,URA,not_clean,https://www.edgeprop.sg/condo-apartment/palm-isles,palm-isles
PALM ISLES,PASIR RIS,17,26 Nov 2024,42 Flora Drive #04-XX,42 Flora Drive,1,1452,750000,Condominium,"99 Yrs From 14/09/2011, 99 Years Leasehold",Resale,517,48.031,Strata,Private,URA,not_clean,https://www.edgeprop.sg/condo-apartment/palm-isles,palm-isles
PALM ISLES,PASIR RIS,17,7 Nov 2024,42 Flora Drive #02-XX,42 Flora Drive,1,1384,715000,Condominium,"99 Yrs From 14/09/2011, 99 Years Leasehold",Resale,517,48.031,Strata,Private,URA,not_clean,https://www.edgeprop.sg/condo-apartment/palm-isles,palm-isles
PALM ISLES,PASIR RIS,17,28 Oct 2024,32 Flora Drive #02-XX,32 Flora Drive,3,1227,1215000,Condominium,"99 Yrs From 14/09/2011, 99 Years Leasehold",Resale,990,91.974,Strata,HDB,URA,not_clean,https://www.edgeprop.sg/condo-apartment/palm-isles,palm-isles
PALM ISLES,PASIR RIS,17,18 Oct 2024,34 Flora Drive #04-XX,34 Flora Drive,3,1293,1280000,Condominium,"99 Yrs From 14/09/2011, 99 Years Leasehold",Resale,990,91.974,Strata,HDB,URA,not_clean,https://www.edgeprop.sg/condo-apartment/palm-isles,palm-isles
PALM ISLES,PASIR RIS,17,15 Oct 2024,32 Flora Drive #04-XX,32 Flora Drive,3,1233,1380000,Condominium,"99 Yrs From 14/09/2011, 99 Years Leasehold",Resale,1119,103.959,Strata,Private,URA,not_clean,https://www.edgeprop.sg/condo-apartment/palm-isles,palm-isles
PALM ISLES,PASIR RIS,17,14 Oct 2024,32 Flora Drive #06-XX,32 Flora Drive,4,1329,1760000,Condominium,"99 Yrs From 14/09/2011, 99 Years Leasehold",Resale,1324,123.004,Strata,Private,URA,not_clean,https://www.edgeprop.sg/condo-apartment/palm-isles,palm-isles
PALM ISLES,PASIR RIS,17,7 Oct 2024,32 Flora Drive #05-XX,32 Flora Drive,3,1272,1260000,Condominium,"99 Yrs From 14/09/2011, 99 Years Leasehold",Resale,990,91.974,Strata,HDB,URA,not_clean,https://www.edgeprop.sg/condo-apartment/palm-isles,palm-isles
PALM ISLES,PASIR RIS,17,7 Oct 2024,34 Flora Drive #06-XX,34 Flora Drive,2,1145,900000,Condominium,"99 Yrs From 14/09/2011, 99 Years Leasehold",Resale,786,73.022,Strata,Private,URA,not_clean,https://www.edgeprop.sg/condo-apartment/palm-isles,palm-isles
PALM ISLES,PASIR RIS,17,4 Oct 2024,32 Flora Drive #04-XX,32 Flora Drive,3,1252,1240000,Condominium,"99 Yrs From 14/09/2011, 99 Years Leasehold",Resale,990,91.974,Strata,Private,URA,not_clean,https://www.edgeprop.sg/condo-apartment/palm-isles,palm-isles
PALM ISLES,PASIR RIS,17,12 Sep 2024,32 Flora Drive #01-XX,32 Flora Drive,2,1177,988000,Condominium,"99 Yrs From 14/09/2011, 99 Years Leasehold",Resale,840,78.039,Strata,Private,URA,not_clean,https://www.edgeprop.sg/condo-apartment/palm-isles,palm-isles
PALM ISLES,PASIR RIS,17,7 Aug 2024,32 Flora Drive #03-XX,32 Flora Drive,2,1215,955000,Condominium,"99 Yrs From 14/09/2011, 99 Years Leasehold",Resale,786,73.022,Strata,Private,URA,not_clean,https://www.edgeprop.sg/condo-apartment/palm-isles,palm-isles
PALM ISLES,PASIR RIS,17,28 Jun 2024,42 Flora Drive #03-XX,42 Flora Drive,1,1374,710000,Condominium,"99 Yrs From 14/09/2011, 99 Years Leasehold",Resale,517,48.031,Strata,Private,URA,not_clean,https://www.edgeprop.sg/condo-apartment/palm-isles,palm-isles
PALM ISLES,PASIR RIS,17,27 Jun 2024,38 Flora Drive #04-XX,38 Flora Drive,1,1388,717000,Condominium,"99 Yrs From 14/09/2011, 99 Years Leasehold",Resale,517,48.031,Strata,HDB,URA,not_clean,https://www.edgeprop.sg/condo-apartment/palm-isles,palm-isles
PALM ISLES,PASIR RIS,17,14 Jun 2024,32 Flora Drive #03-XX,32 Flora Drive,3,1222,1210000,Condominium,"99 Yrs From 14/09/2011, 99 Years Leasehold",Resale,990,91.974,Strata,HDB,URA,not_clean,https://www.edgeprop.sg/condo-apartment/palm-isles,palm-isles
PALM ISLES,PASIR RIS,17,12 Jun 2024,32 Flora Drive #06-XX,32 Flora Drive,2,1208,948888,Condominium,"99 Yrs From 14/09/2011, 99 Years Leasehold",Resale,786,73.022,Strata,HDB,URA,not_clean,https://www.edgeprop.sg/condo-apartment/palm-isles,palm-isles
PALM ISLES,PASIR RIS,17,28 May 2024,38 Flora Drive #02-XX,38 Flora Drive,2,1131,913000,Condominium,"99 Yrs From 14/09/2011, 99 Years Leasehold",Resale,807,74.973,Strata,Private,URA,not_clean,https://www.edgeprop.sg/condo-apartment/palm-isles,palm-isles
PALM ISLES,PASIR RIS,17,27 May 2024,36 Flora Drive #01-XX,36 Flora Drive,4,922,2780000,Condominium,"99 Yrs From 14/09/2011, 99 Years Leasehold",Resale,3014,280.01,Strata,HDB,URA,not_clean,https://www.edgeprop.sg/condo-apartment/palm-isles,palm-isles
PALM ISLES,PASIR RIS,17,20 May 2024,42 Flora Drive #03-XX,42 Flora Drive,2,1189,960000,Condominium,"99 Yrs From 14/09/2011, 99 Years Leasehold",Resale,807,74.973,Strata,HDB,URA,not_clean,https://www.edgeprop.sg/condo-apartment/palm-isles,palm-isles
PALM ISLES,PASIR RIS,17,7 May 2024,38 Flora Drive #02-XX,38 Flora Drive,1,1308,676000,Condominium,"99 Yrs From 14/09/2011, 99 Years Leasehold",Resale,517,48.031,Strata,Private,URA,not_clean,https://www.edgeprop.sg/condo-apartment/palm-isles,palm-isles
PALM ISLES,PASIR RIS,17,3 Apr 2024,32 Flora Drive #07-XX,32 Flora Drive,4,1284,1700000,Condominium,"99 Yrs From 14/09/2011, 99 Years Leasehold",Resale,1324,123.004,Strata,Private,URA,not_clean,https://www.edgeprop.sg/condo-apartment/palm-isles,palm-isles
PALM ISLES,PASIR RIS,17,1 Apr 2024,34 Flora Drive #07-XX,34 Flora Drive,3,1191,1333000,Condominium,"99 Yrs From 14/09/2011, 99 Years Leasehold",Resale,1119,103.959,Strata,Private,URA,not_clean,https://www.edgeprop.sg/condo-apartment/palm-isles,palm-isles
PALM ISLES,PASIR RIS,17,14 Mar 2024,40 Flora Drive #06-XX,40 Flora Drive,2,1115,900000,Condominium,"99 Yrs From 14/09/2011, 99 Years Leasehold",Resale,807,74.973,Strata,Private,URA,not_clean,https://www.edgeprop.sg/condo-apartment/palm-isles,palm-isles
PALM ISLES,PASIR RIS,17,26 Feb 2024,36 Flora Drive #01-XX,36 Flora Drive,4,912,2750000,Condominium,"99 Yrs From 14/09/2011, 99 Years Leasehold",Resale,3014,280.01,Strata,Private,URA,not_clean,https://www.edgeprop.sg/condo-apartment/palm-isles,palm-isles
PALM ISLES,PASIR RIS,17,14 Feb 2024,42 Flora Drive #04-XX,42 Flora Drive,2,1146,925000,Condominium,"99 Yrs From 14/09/2011, 99 Years Leasehold",Resale,807,74.973,Strata,HDB,URA,not_clean,https://www.edgeprop.sg/condo-apartment/palm-isles,palm-isles
PALM ISLES,PASIR RIS,17,8 Jan 2024,34 Flora Drive #06-XX,34 Flora Drive,4,1237,1638000,Condominium,"99 Yrs From 14/09/2011, 99 Years Leasehold",Resale,1324,123.004,Strata,Private,URA,not_clean,https://www.edgeprop.sg/condo-apartment/palm-isles,palm-isles
PALM ISLES,PASIR RIS,17,8 Dec 2023,34 Flora Drive #04-XX,34 Flora Drive,3,1161,1300000,Condominium,"99 Yrs From 14/09/2011, 99 Years Leasehold",Resale,1119,103.959,Strata,Private,URA,not_clean,https://www.edgeprop.sg/condo-apartment/palm-isles,palm-isles
PALM ISLES,PASIR RIS,17,28 Nov 2023,40 Flora Drive #06-XX,40 Flora Drive,2,1177,950000,Condominium,"99 Yrs From 14/09/2011, 99 Years Leasehold",Resale,807,74.973,Strata,HDB,URA,not_clean,https://www.edgeprop.sg/condo-apartment/palm-isles,palm-isles
PALM ISLES,PASIR RIS,17,10 Nov 2023,34 Flora Drive #05-XX,34 Flora Drive,3,1166,1305000,Condominium,"99 Yrs From 14/09/2011, 99 Years Leasehold",Resale,1119,103.959,Strata,Private,URA,not_clean,https://www.edgeprop.sg/condo-apartment/palm-isles,palm-isles
PALM ISLES,PASIR RIS,17,27 Oct 2023,34 Flora Drive #03-XX,34 Flora Drive,2,1176,924000,Condominium,"99 Yrs From 14/09/2011, 99 Years Leasehold",Resale,786,73.022,Strata,Private,URA,not_clean,https://www.edgeprop.sg/condo-apartment/palm-isles,palm-isles
PALM ISLES,PASIR RIS,17,19 Oct 2023,32 Flora Drive #06-XX,32 Flora Drive,3,1280,1268000,Condominium,"99 Yrs From 14/09/2011, 99 Years Leasehold",Resale,990,91.974,Strata,Private,URA,not_clean,https://www.edgeprop.sg/condo-apartment/palm-isles,palm-isles
PALM ISLES,PASIR RIS,17,17 Oct 2023,32 Flora Drive #04-XX,32 Flora Drive,3,1222,1210000,Condominium,"99 Yrs From 14/09/2011, 99 Years Leasehold",Resale,990,91.974,Strata,Private,URA,not_clean,https://www.edgeprop.sg/condo-apartment/palm-isles,palm-isles
PALM ISLES,PASIR RIS,17,26 Sep 2023,36 Flora Drive #03-XX,36 Flora Drive,4,768,2920000,Condominium,"99 Yrs From 14/09/2011, 99 Years Leasehold",Resale,3800,353.032,Strata,Private,URA,not_clean,https://www.edgeprop.sg/condo-apartment/palm-isles,palm-isles
PALM ISLES,PASIR RIS,17,5 Sep 2023,38 Flora Drive #06-XX,38 Flora Drive,2,1214,980000,Condominium,"99 Yrs From 14/09/2011, 99 Years Leasehold",Resale,807,74.973,Strata,HDB,URA,not_clean,https://www.edgeprop.sg/condo-apartment/palm-isles,palm-isles
PALM ISLES,PASIR RIS,17,29 Aug 2023,40 Flora Drive #01-XX,40 Flora Drive,2,1182,1120000,Condominium,"99 Yrs From 14/09/2011, 99 Years Leasehold",Resale,947,87.979,Strata,HDB,URA,not_clean,https://www.edgeprop.sg/condo-apartment/palm-isles,palm-isles
PALM ISLES,PASIR RIS,17,31 Jul 2023,40 Flora Drive #06-XX,40 Flora Drive,1,1316,680000,Condominium,"99 Yrs From 14/09/2011, 99 Years Leasehold",Resale,517,48.031,Strata,Private,URA,not_clean,https://www.edgeprop.sg/condo-apartment/palm-isles,palm-isles
PALM ISLES,PASIR RIS,17,28 Jul 2023,42 Flora Drive #04-XX,42 Flora Drive,1,1413,730000,Condominium,"99 Yrs From 14/09/2011, 99 Years Leasehold",Resale,517,48.031,Strata,Private,URA,not_clean,https://www.edgeprop.sg/condo-apartment/palm-isles,palm-isles
PALM ISLES,PASIR RIS,17,27 Jul 2023,32 Flora Drive #03-XX,32 Flora Drive,2,1161,912000,Condominium,"99 Yrs From 14/09/2011, 99 Years Leasehold",Resale,786,73.022,Strata,Private,URA,not_clean,https://www.edgeprop.sg/condo-apartment/palm-isles,palm-isles
PALM ISLES,PASIR RIS,17,19 Jul 2023,38 Flora Drive #01-XX,38 Flora Drive,1,1295,725000,Condominium,"99 Yrs From 14/09/2011, 99 Years Leasehold",Resale,560,52.026,Strata,HDB,URA,not_clean,https://www.edgeprop.sg/condo-apartment/palm-isles,palm-isles
PALM ISLES,PASIR RIS,17,5 Jul 2023,32 Flora Drive #01-XX,32 Flora Drive,3,1193,1580000,Condominium,"99 Yrs From 14/09/2011, 99 Years Leasehold",Resale,1324,123.004,Strata,HDB,URA,not_clean,https://www.edgeprop.sg/condo-apartment/palm-isles,palm-isles
PALM ISLES,PASIR RIS,17,3 May 2023,38 Flora Drive #05-XX,38 Flora Drive,1,1332,688000,Condominium,"99 Yrs From 14/09/2011, 99 Years Leasehold",Resale,517,48.031,Strata,Private,URA,not_clean,https://www.edgeprop.sg/condo-apartment/palm-isles,palm-isles
PALM ISLES,PASIR RIS,17,3 May 2023,40 Flora Drive #01-XX,40 Flora Drive,1,1268,710000,Condominium,"99 Yrs From 14/09/2011, 99 Years Leasehold",Resale,560,52.026,Strata,HDB,URA,not_clean,https://www.edgeprop.sg/condo-apartment/palm-isles,palm-isles
PALM ISLES,PASIR RIS,17,28 Apr 2023,42 Flora Drive #06-XX,42 Flora Drive,2,1127,910000,Condominium,"99 Yrs From 14/09/2011, 99 Years Leasehold",Resale,807,74.973,Strata,Private,URA,not_clean,https://www.edgeprop.sg/condo-apartment/palm-isles,palm-isles
PALM ISLES,PASIR RIS,17,10 Apr 2023,38 Flora Drive #05-XX,38 Flora Drive,1,1335,690000,Condominium,"99 Yrs From 14/09/2011, 99 Years Leasehold",Resale,517,48.031,Strata,Private,URA,not_clean,https://www.edgeprop.sg/condo-apartment/palm-isles,palm-isles
PALM ISLES,PASIR RIS,17,10 Apr 2023,32 Flora Drive #06-XX,32 Flora Drive,3,1213,1200888,Condominium,"99 Yrs From 14/09/2011, 99 Years Leasehold",Resale,990,91.974,Strata,Private,URA,not_clean,https://www.edgeprop.sg/condo-apartment/palm-isles,palm-isles
PALM ISLES,PASIR RIS,17,17 Feb 2023,42 Flora Drive #06-XX,42 Flora Drive,1,1264,653000,Condominium,"99 Yrs From 14/09/2011, 99 Years Leasehold",Resale,517,48.031,Strata,HDB,URA,not_clean,https://www.edgeprop.sg/condo-apartment/palm-isles,palm-isles
PALM ISLES,PASIR RIS,17,17 Feb 2023,34 Flora Drive #01-XX,34 Flora Drive,3,1081,1280000,Condominium,"99 Yrs From 14/09/2011, 99 Years Leasehold",Resale,1184,109.997,Strata,Private,URA,not_clean,https://www.edgeprop.sg/condo-apartment/palm-isles,palm-isles
PALM ISLES,PASIR RIS,17,27 Jan 2023,42 Flora Drive #05-XX,42 Flora Drive,1,1248,645000,Condominium,"99 Yrs From 14/09/2011, 99 Years Leasehold",Resale,517,48.031,Strata,HDB,URA,not_clean,https://www.edgeprop.sg/condo-apartment/palm-isles,palm-isles
PALM ISLES,PASIR RIS,17,10 Jan 2023,32 Flora Drive #05-XX,32 Flora Drive,2,1167,916888,Condominium,"99 Yrs From 14/09/2011, 99 Years Leasehold",Resale,786,73.022,Strata,Private,URA,not_clean,https://www.edgeprop.sg/condo-apartment/palm-isles,palm-isles
PALM ISLES,PASIR RIS,17,29 Dec 2022,42 Flora Drive #04-XX,42 Flora Drive,1,1166,590000,Condominium,"99 Yrs From 14/09/2011, 99 Years Leasehold",Resale,506,47.009,Strata,Private,URA,not_clean,https://www.edgeprop.sg/condo-apartment/palm-isles,palm-isles
PALM ISLES,PASIR RIS,17,16 Nov 2022,42 FLORA DRIVE #05-XX,42 FLORA DRIVE,2,1140,920000,Condominium,"99 Yrs From 14/09/2011, 99 Years Leasehold",Resale,807,74.973,Strata,HDB,URA,not_clean,https://www.edgeprop.sg/condo-apartment/palm-isles,palm-isles
PALM ISLES,PASIR RIS,17,25 Oct 2022,42 Flora Drive #06-XX,42 Flora Drive,1,1248,645000,Condominium,"99 Yrs From 14/09/2011, 99 Years Leasehold",Resale,517,48.031,Strata,Private,URA,not_clean,https://www.edgeprop.sg/condo-apartment/palm-isles,palm-isles
PALM ISLES,PASIR RIS,17,7 Oct 2022,34 Flora Drive #03-XX,34 Flora Drive,3,1054,1180000,Condominium,"99 Yrs From 14/09/2011, 99 Years Leasehold",Resale,1119,103.959,Strata,HDB,URA,not_clean,https://www.edgeprop.sg/condo-apartment/palm-isles,palm-isles
PALM ISLES,PASIR RIS,17,29 Sep 2022,34 Flora Drive #07-XX,34 Flora Drive,4,1110,1469000,Condominium,"99 Yrs From 14/09/2011, 99 Years Leasehold",Resale,1324,123.004,Strata,HDB,URA,not_clean,https://www.edgeprop.sg/condo-apartment/palm-isles,palm-isles
PALM ISLES,PASIR RIS,17,28 Sep 2022,34 Flora Drive #01-XX,34 Flora Drive,2,1090,915000,Condominium,"99 Yrs From 14/09/2011, 99 Years Leasehold",Resale,840,78.039,Strata,Private,URA,not_clean,https://www.edgeprop.sg/condo-apartment/palm-isles,palm-isles
PALM ISLES,PASIR RIS,17,19 Aug 2022,32 Flora Drive #05-XX,32 Flora Drive,3,1020,1010000,Condominium,"99 Yrs From 14/09/2011, 99 Years Leasehold",Resale,990,91.974,Strata,HDB,URA,not_clean,https://www.edgeprop.sg/condo-apartment/palm-isles,palm-isles
PALM ISLES,PASIR RIS,17,18 Aug 2022,40 Flora Drive #03-XX,40 Flora Drive,1,1200,620000,Condominium,"99 Yrs From 14/09/2011, 99 Years Leasehold",Resale,517,48.031,Strata,HDB,URA,not_clean,https://www.edgeprop.sg/condo-apartment/palm-isles,palm-isles
PALM ISLES,PASIR RIS,17,16 Aug 2022,34 Flora Drive #06-XX,34 Flora Drive,3,1129,1118000,Condominium,"99 Yrs From 14/09/2011, 99 Years Leasehold",Resale,990,91.974,Strata,Private,URA,not_clean,https://www.edgeprop.sg/condo-apartment/palm-isles,palm-isles
PALM ISLES,PASIR RIS,17,15 Aug 2022,42 Flora Drive #05-XX,42 Flora Drive,2,1065,860000,Condominium,"99 Yrs From 14/09/2011, 99 Years Leasehold",Resale,807,74.973,Strata,HDB,URA,not_clean,https://www.edgeprop.sg/condo-apartment/palm-isles,palm-isles
PALM ISLES,PASIR RIS,17,8 Aug 2022,38 Flora Drive #01-XX,38 Flora Drive,1,1140,638000,Condominium,"99 Yrs From 14/09/2011, 99 Years Leasehold",Resale,560,52.026,Strata,HDB,URA,not_clean,https://www.edgeprop.sg/condo-apartment/palm-isles,palm-isles
PALM ISLES,PASIR RIS,17,27 Jul 2022,42 Flora Drive #02-XX,42 Flora Drive,1,1216,615000,Condominium,"99 Yrs From 14/09/2011, 99 Years Leasehold",Resale,506,47.009,Strata,HDB,URA,not_clean,https://www.edgeprop.sg/condo-apartment/palm-isles,palm-isles
PALM ISLES,PASIR RIS,17,26 Jul 2022,42 Flora Drive #01-XX,42 Flora Drive,1,1045,585000,Condominium,"99 Yrs From 14/09/2011, 99 Years Leasehold",Resale,560,52.026,Strata,HDB,URA,not_clean,https://www.edgeprop.sg/condo-apartment/palm-isles,palm-isles
PALM ISLES,PASIR RIS,17,15 Jul 2022,32 Flora Drive #04-XX,32 Flora Drive,3,1121,1110000,Condominium,"99 Yrs From 14/09/2011, 99 Years Leasehold",Resale,990,91.974,Strata,Private,URA,not_clean,https://www.edgeprop.sg/condo-apartment/palm-isles,palm-isles
PALM ISLES,PASIR RIS,17,14 Jul 2022,34 Flora Drive #07-XX,34 Flora Drive,3,1086,1075000,Condominium,"99 Yrs From 14/09/2011, 99 Years Leasehold",Resale,990,91.974,Strata,HDB,URA,not_clean,https://www.edgeprop.sg/condo-apartment/palm-isles,palm-isles
PALM ISLES,PASIR RIS,17,13 Jul 2022,38 Flora Drive #03-XX,38 Flora Drive,2,1053,850000,Condominium,"99 Yrs From 14/09/2011, 99 Years Leasehold",Resale,807,74.973,Strata,HDB,URA,not_clean,https://www.edgeprop.sg/condo-apartment/palm-isles,palm-isles
PALM ISLES,PASIR RIS,17,8 Jul 2022,34 Flora Drive #05-XX,34 Flora Drive,4,1069,1415000,Condominium,"99 Yrs From 14/09/2011, 99 Years Leasehold",Resale,1324,123.004,Strata,Private,URA,not_clean,https://www.edgeprop.sg/condo-apartment/palm-isles,palm-isles
PALM ISLES,PASIR RIS,17,27 Jun 2022,32 Flora Drive #07-XX,32 Flora Drive,3,1106,1095000,Condominium,"99 Yrs From 14/09/2011, 99 Years Leasehold",Resale,990,91.974,Strata,HDB,URA,not_clean,https://www.edgeprop.sg/condo-apartment/palm-isles,palm-isles
PALM ISLES,PASIR RIS,17,22 Jun 2022,40 Flora Drive #04-XX,40 Flora Drive,1,1190,615000,Condominium,"99 Yrs From 14/09/2011, 99 Years Leasehold",Resale,517,48.031,Strata,HDB,URA,not_clean,https://www.edgeprop.sg/condo-apartment/palm-isles,palm-isles
PALM ISLES,PASIR RIS,17,17 Jun 2022,32 Flora Drive #04-XX,32 Flora Drive,3,1036,1160000,Condominium,"99 Yrs From 14/09/2011, 99 Years Leasehold",Resale,1119,103.959,Strata,HDB,URA,not_clean,https://www.edgeprop.sg/condo-apartment/palm-isles,palm-isles
PALM ISLES,PASIR RIS,17,17 Jun 2022,34 Flora Drive #05-XX,34 Flora Drive,3,1010,1000000,Condominium,"99 Yrs From 14/09/2011, 99 Years Leasehold",Resale,990,91.974,Strata,HDB,URA,not_clean,https://www.edgeprop.sg/condo-apartment/palm-isles,palm-isles
PALM ISLES,PASIR RIS,17,15 Jun 2022,40 Flora Drive #03-XX,40 Flora Drive,2,1050,848000,Condominium,"99 Yrs From 14/09/2011, 99 Years Leasehold",Resale,807,74.973,Strata,Private,URA,not_clean,https://www.edgeprop.sg/condo-apartment/palm-isles,palm-isles
PALM ISLES,PASIR RIS,17,13 Jun 2022,32 Flora Drive #06-XX,32 Flora Drive,3,1040,1030000,Condominium,"99 Yrs From 14/09/2011, 99 Years Leasehold",Resale,990,91.974,Strata,Private,URA,not_clean,https://www.edgeprop.sg/condo-apartment/palm-isles,palm-isles
PALM ISLES,PASIR RIS,17,1 Jun 2022,32 Flora Drive #05-XX,32 Flora Drive,3,1111,1100000,Condominium,"99 Yrs From 14/09/2011, 99 Years Leasehold",Resale,990,91.974,Strata,HDB,URA,not_clean,https://www.edgeprop.sg/condo-apartment/palm-isles,palm-isles
PALM ISLES,PASIR RIS,17,23 May 2022,34 Flora Drive #07-XX,34 Flora Drive,2,980,770000,Condominium,"99 Yrs From 14/09/2011, 99 Years Leasehold",Resale,786,73.022,Strata,HDB,URA,not_clean,https://www.edgeprop.sg/condo-apartment/palm-isles,palm-isles
PALM ISLES,PASIR RIS,17,17 May 2022,34 Flora Drive #06-XX,34 Flora Drive,3,1030,1020000,Condominium,"99 Yrs From 14/09/2011, 99 Years Leasehold",Resale,990,91.974,Strata,Private,URA,not_clean,https://www.edgeprop.sg/condo-apartment/palm-isles,palm-isles
PALM ISLES,PASIR RIS,17,13 May 2022,32 Flora Drive #03-XX,32 Flora Drive,3,1070,1060000,Condominium,"99 Yrs From 14/09/2011, 99 Years Leasehold",Resale,990,91.974,Strata,HDB,URA,not_clean,https://www.edgeprop.sg/condo-apartment/palm-isles,palm-isles
PALM ISLES,PASIR RIS,17,27 Apr 2022,32 Flora Drive #01-XX,32 Flora Drive,3,1057,1400000,Condominium,"99 Yrs From 14/09/2011, 99 Years Leasehold",Resale,1324,123.004,Strata,HDB,URA,not_clean,https://www.edgeprop.sg/condo-apartment/palm-isles,palm-isles
PALM ISLES,PASIR RIS,17,13 Apr 2022,32 Flora Drive #04-XX,32 Flora Drive,3,1060,1050000,Condominium,"99 Yrs From 14/09/2011, 99 Years Leasehold",Resale,990,91.974,Strata,Private,URA,not_clean,https://www.edgeprop.sg/condo-apartment/palm-isles,palm-isles
PALM ISLES,PASIR RIS,17,11 Apr 2022,42 Flora Drive #06-XX,42 Flora Drive,1,1200,620000,Condominium,"99 Yrs From 14/09/2011, 99 Years Leasehold",Resale,517,48.031,Strata,HDB,URA,not_clean,https://www.edgeprop.sg/condo-apartment/palm-isles,palm-isles
PALM ISLES,PASIR RIS,17,11 Apr 2022,40 Flora Drive #03-XX,40 Flora Drive,2,1018,822000,Condominium,"99 Yrs From 14/09/2011, 99 Years Leasehold",Resale,807,74.973,Strata,Private,URA,not_clean,https://www.edgeprop.sg/condo-apartment/palm-isles,palm-isles
PALM ISLES,PASIR RIS,17,8 Apr 2022,34 Flora Drive #06-XX,34 Flora Drive,3,944,935000,Condominium,"99 Yrs From 14/09/2011, 99 Years Leasehold",Resale,990,91.974,Strata,Private,URA,not_clean,https://www.edgeprop.sg/condo-apartment/palm-isles,palm-isles
PALM ISLES,PASIR RIS,17,21 Mar 2022,32 Flora Drive #01-XX,32 Flora Drive,3,961,1138000,Condominium,"99 Yrs From 14/09/2011, 99 Years Leasehold",Resale,1184,109.997,Strata,Private,URA,not_clean,https://www.edgeprop.sg/condo-apartment/palm-isles,palm-isles
PALM ISLES,PASIR RIS,17,21 Mar 2022,34 Flora Drive #04-XX,34 Flora Drive,3,959,950000,Condominium,"99 Yrs From 14/09/2011, 99 Years Leasehold",Resale,990,91.974,Strata,HDB,URA,not_clean,https://www.edgeprop.sg/condo-apartment/palm-isles,palm-isles
PALM ISLES,PASIR RIS,17,15 Mar 2022,34 Flora Drive #03-XX,34 Flora Drive,3,947,938000,Condominium,"99 Yrs From 14/09/2011, 99 Years Leasehold",Resale,990,91.974,Strata,HDB,URA,not_clean,https://www.edgeprop.sg/condo-apartment/palm-isles,palm-isles
PALM ISLES,PASIR RIS,17,10 Mar 2022,38 Flora Drive #01-XX,38 Flora Drive,2,882,835000,Condominium,"99 Yrs From 14/09/2011, 99 Years Leasehold",Resale,947,87.979,Strata,HDB,URA,not_clean,https://www.edgeprop.sg/condo-apartment/palm-isles,palm-isles
PALM ISLES,PASIR RIS,17,28 Feb 2022,32 Flora Drive #07-XX,32 Flora Drive,3,1060,1050000,Condominium,"99 Yrs From 14/09/2011, 99 Years Leasehold",Resale,990,91.974,Strata,HDB,URA,not_clean,https://www.edgeprop.sg/condo-apartment/palm-isles,palm-isles
PALM ISLES,PASIR RIS,17,25 Feb 2022,38 Flora Drive #01-XX,38 Flora Drive,1,1122,628000,Condominium,"99 Yrs From 14/09/2011, 99 Years Leasehold",Resale,560,52.026,Strata,HDB,URA,not_clean,https://www.edgeprop.sg/condo-apartment/palm-isles,palm-isles
PALM ISLES,PASIR RIS,17,24 Feb 2022,38 Flora Drive #03-XX,38 Flora Drive,1,1181,610000,Condominium,"99 Yrs From 14/09/2011, 99 Years Leasehold",Resale,517,48.031,Strata,Private,URA,not_clean,https://www.edgeprop.sg/condo-apartment/palm-isles,palm-isles
PALM ISLES,PASIR RIS,17,16 Feb 2022,32 Flora Drive #07-XX,32 Flora Drive,3,1000,990000,Condominium,"99 Yrs From 14/09/2011, 99 Years Leasehold",Resale,990,91.974,Strata,Private,URA,not_clean,https://www.edgeprop.sg/condo-apartment/palm-isles,palm-isles
PALM ISLES,PASIR RIS,17,14 Feb 2022,40 Flora Drive #04-XX,40 Flora Drive,2,997,805000,Condominium,"99 Yrs From 14/09/2011, 99 Years Leasehold",Resale,807,74.973,Strata,Private,URA,not_clean,https://www.edgeprop.sg/condo-apartment/palm-isles,palm-isles
PALM ISLES,PASIR RIS,17,9 Feb 2022,32 Flora Drive #02-XX,32 Flora Drive,3,1000,1120000,Condominium,"99 Yrs From 14/09/2011, 99 Years Leasehold",Resale,1119,103.959,Strata,HDB,URA,not_clean,https://www.edgeprop.sg/condo-apartment/palm-isles,palm-isles
PALM ISLES,PASIR RIS,17,28 Jan 2022,34 Flora Drive #07-XX,34 Flora Drive,3,1035,1158888,Condominium,"99 Yrs From 14/09/2011, 99 Years Leasehold",Resale,1119,103.959,Strata,HDB,URA,not_clean,https://www.edgeprop.sg/condo-apartment/palm-isles,palm-isles
PALM ISLES,PASIR RIS,17,27 Jan 2022,38 Flora Drive #04-XX,38 Flora Drive,1,1181,610000,Condominium,"99 Yrs From 14/09/2011, 99 Years Leasehold",Resale,517,48.031,Strata,Private,URA,not_clean,https://www.edgeprop.sg/condo-apartment/palm-isles,palm-isles
PALM ISLES,PASIR RIS,17,5 Jan 2022,34 Flora Drive #04-XX,34 Flora Drive,2,1005,790000,Condominium,"99 Yrs From 14/09/2011, 99 Years Leasehold",Resale,786,73.022,Strata,HDB,URA,not_clean,https://www.edgeprop.sg/condo-apartment/palm-isles,palm-isles
PALM ISLES,PASIR RIS,17,4 Jan 2022,34 Flora Drive #01-XX,34 Flora Drive,3,1027,1360000,Condominium,"99 Yrs From 14/09/2011, 99 Years Leasehold",Resale,1324,123.004,Strata,Private,URA,not_clean,https://www.edgeprop.sg/condo-apartment/palm-isles,palm-isles
PALM ISLES,PASIR RIS,17,22 Dec 2021,42 Flora Drive #05-XX,42 Flora Drive,2,951,768000,Condominium,"99 Yrs From 14/09/2011, 99 Years Leasehold",Resale,807,74.973,Strata,Private,URA,not_clean,https://www.edgeprop.sg/condo-apartment/palm-isles,palm-isles
PALM ISLES,PASIR RIS,17,21 Dec 2021,40 Flora Drive #01-XX,40 Flora Drive,1,1090,610000,Condominium,"99 Yrs From 14/09/2011, 99 Years Leasehold",Resale,560,52.026,Strata,Private,URA,not_clean,https://www.edgeprop.sg/condo-apartment/palm-isles,palm-isles
PALM ISLES,PASIR RIS,17,15 Dec 2021,38 Flora Drive #04-XX,38 Flora Drive,2,991,800000,Condominium,"99 Yrs From 14/09/2011, 99 Years Leasehold",Resale,807,74.973,Strata,Private,URA,not_clean,https://www.edgeprop.sg/condo-apartment/palm-isles,palm-isles
PALM ISLES,PASIR RIS,17,9 Dec 2021,32 Flora Drive #05-XX,32 Flora Drive,3,981,1098000,Condominium,"99 Yrs From 14/09/2011, 99 Years Leasehold",Resale,1119,103.959,Strata,HDB,URA,not_clean,https://www.edgeprop.sg/condo-apartment/palm-isles,palm-isles
PALM ISLES,PASIR RIS,17,3 Dec 2021,42 Flora Drive #03-XX,42 Flora Drive,2,1001,808000,Condominium,"99 Yrs From 14/09/2011, 99 Years Leasehold",Resale,807,74.973,Strata,Private,URA,not_clean,https://www.edgeprop.sg/condo-apartment/palm-isles,palm-isles
PALM ISLES,PASIR RIS,17,3 Dec 2021,36 Flora Drive #03-XX,36 Flora Drive,4,776,2950000,Condominium,"99 Yrs From 14/09/2011, 99 Years Leasehold",Resale,3800,353.032,Strata,Private,URA,not_clean,https://www.edgeprop.sg/condo-apartment/palm-isles,palm-isles
PALM ISLES,PASIR RIS,17,1 Dec 2021,34 Flora Drive #06-XX,34 Flora Drive,3,988,978888,Condominium,"99 Yrs From 14/09/2011, 99 Years Leasehold",Resale,990,91.974,Strata,HDB,URA,not_clean,https://www.edgeprop.sg/condo-apartment/palm-isles,palm-isles
PALM ISLES,PASIR RIS,17,19 Nov 2021,38 Flora Drive #03-XX,38 Flora Drive,1,1181,610000,Condominium,"99 Yrs From 14/09/2011, 99 Years Leasehold",Resale,517,48.031,Strata,HDB,URA,not_clean,https://www.edgeprop.sg/condo-apartment/palm-isles,palm-isles
PALM ISLES,PASIR RIS,17,19 Nov 2021,38 Flora Drive #02-XX,38 Flora Drive,1,1177,608000,Condominium,"99 Yrs From 14/09/2011, 99 Years Leasehold",Resale,517,48.031,Strata,Private,URA,not_clean,https://www.edgeprop.sg/condo-apartment/palm-isles,palm-isles
PALM ISLES,PASIR RIS,17,15 Nov 2021,42 Flora Drive #04-XX,42 Flora Drive,2,979,790000,Condominium,"99 Yrs From 14/09/2011, 99 Years Leasehold",Resale,807,74.973,Strata,Private,URA,not_clean,https://www.edgeprop.sg/condo-apartment/palm-isles,palm-isles
PALM ISLES,PASIR RIS,17,5 Nov 2021,42 Flora Drive #05-XX,42 Flora Drive,1,1094,565000,Condominium,"99 Yrs From 14/09/2011, 99 Years Leasehold",Resale,517,48.031,Strata,HDB,URA,not_clean,https://www.edgeprop.sg/condo-apartment/palm-isles,palm-isles
PALM ISLES,PASIR RIS,17,2 Nov 2021,38 Flora Drive #01-XX,38 Flora Drive,2,892,845000,Condominium,"99 Yrs From 14/09/2011, 99 Years Leasehold",Resale,947,87.979,Strata,Private,URA,not_clean,https://www.edgeprop.sg/condo-apartment/palm-isles,palm-isles
PALM ISLES,PASIR RIS,17,13 Oct 2021,34 Flora Drive #03-XX,34 Flora Drive,3,980,970000,Condominium,"99 Yrs From 14/09/2011, 99 Years Leasehold",Resale,990,91.974,Strata,HDB,URA,not_clean,https://www.edgeprop.sg/condo-apartment/palm-isles,palm-isles
PALM ISLES,PASIR RIS,17,13 Oct 2021,34 Flora Drive #07-XX,34 Flora Drive,3,939,930000,Condominium,"99 Yrs From 14/09/2011, 99 Years Leasehold",Resale,990,91.974,Strata,HDB,URA,not_clean,https://www.edgeprop.sg/condo-apartment/palm-isles,palm-isles
PALM ISLES,PASIR RIS,17,12 Oct 2021,32 Flora Drive #02-XX,32 Flora Drive,4,995,1318000,Condominium,"99 Yrs From 14/09/2011, 99 Years Leasehold",Resale,1324,123.004,Strata,Private,URA,not_clean,https://www.edgeprop.sg/condo-apartment/palm-isles,palm-isles
PALM ISLES,PASIR RIS,17,11 Oct 2021,34 Flora Drive #02-XX,34 Flora Drive,2,967,760000,Condominium,"99 Yrs From 14/09/2011, 99 Years Leasehold",Resale,786,73.022,Strata,HDB,URA,not_clean,https://www.edgeprop.sg/condo-apartment/palm-isles,palm-isles
PALM ISLES,PASIR RIS,17,6 Oct 2021,38 Flora Drive #03-XX,38 Flora Drive,1,1138,588000,Condominium,"99 Yrs From 14/09/2011, 99 Years Leasehold",Resale,517,48.031,Strata,Private,URA,not_clean,https://www.edgeprop.sg/condo-apartment/palm-isles,palm-isles
PALM ISLES,PASIR RIS,17,21 Sep 2021,32 Flora Drive #06-XX,32 Flora Drive,3,924,915000,Condominium,"99 Yrs From 14/09/2011, 99 Years Leasehold",Resale,990,91.974,Strata,HDB,URA,not_clean,https://www.edgeprop.sg/condo-apartment/palm-isles,palm-isles
PALM ISLES,PASIR RIS,17,13 Sep 2021,34 Flora Drive #02-XX,34 Flora Drive,2,956,751000,Condominium,"99 Yrs From 14/09/2011, 99 Years Leasehold",Resale,786,73.022,Strata,Private,URA,not_clean,https://www.edgeprop.sg/condo-apartment/palm-isles,palm-isles
PALM ISLES,PASIR RIS,17,9 Sep 2021,34 Flora Drive #06-XX,34 Flora Drive,4,929,1230000,Condominium,"99 Yrs From 14/09/2011, 99 Years Leasehold",Resale,1324,123.004,Strata,Private,URA,not_clean,https://www.edgeprop.sg/condo-apartment/palm-isles,palm-isles
PALM ISLES,PASIR RIS,17,7 Sep 2021,40 Flora Drive #03-XX,40 Flora Drive,2,944,761688,Condominium,"99 Yrs From 14/09/2011, 99 Years Leasehold",Resale,807,74.973,Strata,HDB,URA,not_clean,https://www.edgeprop.sg/condo-apartment/palm-isles,palm-isles
PALM ISLES,PASIR RIS,17,30 Aug 2021,38 Flora Drive #05-XX,38 Flora Drive,1,1119,578000,Condominium,"99 Yrs From 14/09/2011, 99 Years Leasehold",Resale,517,48.031,Strata,HDB,URA,not_clean,https://www.edgeprop.sg/condo-apartment/palm-isles,palm-isles
PALM ISLES,PASIR RIS,17,30 Aug 2021,34 Flora Drive #06-XX,34 Flora Drive,2,961,755000,Condominium,"99 Yrs From 14/09/2011, 99 Years Leasehold",Resale,786,73.022,Strata,HDB,URA,not_clean,https://www.edgeprop.sg/condo-apartment/palm-isles,palm-isles
PALM ISLES,PASIR RIS,17,24 Aug 2021,40 Flora Drive #02-XX,40 Flora Drive,1,1087,550000,Condominium,"99 Yrs From 14/09/2011, 99 Years Leasehold",Resale,506,47.009,Strata,HDB,URA,not_clean,https://www.edgeprop.sg/condo-apartment/palm-isles,palm-isles
PALM ISLES,PASIR RIS,17,18 Aug 2021,42 Flora Drive #01-XX,42 Flora Drive,1,1072,600000,Condominium,"99 Yrs From 14/09/2011, 99 Years Leasehold",Resale,560,52.026,Strata,HDB,URA,not_clean,https://www.edgeprop.sg/condo-apartment/palm-isles,palm-isles
PALM ISLES,PASIR RIS,17,2 Jul 2021,34 Flora Drive #02-XX,34 Flora Drive,3,877,868000,Condominium,"99 Yrs From 14/09/2011, 99 Years Leasehold",Resale,990,91.974,Strata,Private,URA,not_clean,https://www.edgeprop.sg/condo-apartment/palm-isles,palm-isles
PALM ISLES,PASIR RIS,17,28 Jun 2021,38 Flora Drive #05-XX,38 Flora Drive,2,917,740000,Condominium,"99 Yrs From 14/09/2011, 99 Years Leasehold",Resale,807,74.973,Strata,HDB,URA,not_clean,https://www.edgeprop.sg/condo-apartment/palm-isles,palm-isles
PALM ISLES,PASIR RIS,17,25 Jun 2021,32 Flora Drive #05-XX,32 Flora Drive,2,954,750000,Condominium,"99 Yrs From 14/09/2011, 99 Years Leasehold",Resale,786,73.022,Strata,Private,URA,not_clean,https://www.edgeprop.sg/condo-apartment/palm-isles,palm-isles
PALM ISLES,PASIR RIS,17,17 Jun 2021,42 Flora Drive #02-XX,42 Flora Drive,2,892,720000,Condominium,"99 Yrs From 14/09/2011, 99 Years Leasehold",Resale,807,74.973,Strata,HDB,URA,not_clean,https://www.edgeprop.sg/condo-apartment/palm-isles,palm-isles
PALM ISLES,PASIR RIS,17,9 Jun 2021,34 Flora Drive #05-XX,34 Flora Drive,2,942,740000,Condominium,"99 Yrs From 14/09/2011, 99 Years Leasehold",Resale,786,73.022,Strata,HDB,URA,not_clean,https://www.edgeprop.sg/condo-apartment/palm-isles,palm-isles
PALM ISLES,PASIR RIS,17,27 May 2021,42 Flora Drive #06-XX,42 Flora Drive,1,1088,562000,Condominium,"99 Yrs From 14/09/2011, 99 Years Leasehold",Resale,517,48.031,Strata,Private,URA,not_clean,https://www.edgeprop.sg/condo-apartment/palm-isles,palm-isles
PALM ISLES,PASIR RIS,17,25 May 2021,38 Flora Drive #02-XX,38 Flora Drive,2,966,780000,Condominium,"99 Yrs From 14/09/2011, 99 Years Leasehold",Resale,807,74.973,Strata,Private,URA,not_clean,https://www.edgeprop.sg/condo-apartment/palm-isles,palm-isles
PALM ISLES,PASIR RIS,17,20 May 2021,34 Flora Drive #01-XX,34 Flora Drive,3,944,1118000,Condominium,"99 Yrs From 14/09/2011, 99 Years Leasehold",Resale,1184,109.997,Strata,HDB,URA,not_clean,https://www.edgeprop.sg/condo-apartment/palm-isles,palm-isles
PALM ISLES,PASIR RIS,17,12 May 2021,40 Flora Drive #05-XX,40 Flora Drive,1,1103,570000,Condominium,"99 Yrs From 14/09/2011, 99 Years Leasehold",Resale,517,48.031,Strata,HDB,URA,not_clean,https://www.edgeprop.sg/condo-apartment/palm-isles,palm-isles
PALM ISLES,PASIR RIS,17,11 May 2021,38 Flora Drive #03-XX,38 Flora Drive,2,941,760000,Condominium,"99 Yrs From 14/09/2011, 99 Years Leasehold",Resale,807,74.973,Strata,Private,URA,not_clean,https://www.edgeprop.sg/condo-apartment/palm-isles,palm-isles
PALM ISLES,PASIR RIS,17,6 May 2021,32 Flora Drive #03-XX,32 Flora Drive,3,933,1045000,Condominium,"99 Yrs From 14/09/2011, 99 Years Leasehold",Resale,1119,103.959,Strata,Private,URA,not_clean,https://www.edgeprop.sg/condo-apartment/palm-isles,palm-isles
PALM ISLES,PASIR RIS,17,26 Apr 2021,34 Flora Drive #03-XX,34 Flora Drive,2,948,745000,Condominium,"99 Yrs From 14/09/2011, 99 Years Leasehold",Resale,786,73.022,Strata,HDB,URA,not_clean,https://www.edgeprop.sg/condo-apartment/palm-isles,palm-isles
PALM ISLES,PASIR RIS,17,26 Apr 2021,42 Flora Drive #02-XX,42 Flora Drive,1,1065,550000,Condominium,"99 Yrs From 14/09/2011, 99 Years Leasehold",Resale,517,48.031,Strata,Private,URA,not_clean,https://www.edgeprop.sg/condo-apartment/palm-isles,palm-isles
PALM ISLES,PASIR RIS,17,23 Apr 2021,42 Flora Drive #02-XX,42 Flora Drive,1,1097,555000,Condominium,"99 Yrs From 14/09/2011, 99 Years Leasehold",Resale,506,47.009,Strata,HDB,URA,not_clean,https://www.edgeprop.sg/condo-apartment/palm-isles,palm-isles
PALM ISLES,PASIR RIS,17,22 Apr 2021,42 Flora Drive #04-XX,42 Flora Drive,1,1065,550000,Condominium,"99 Yrs From 14/09/2011, 99 Years Leasehold",Resale,517,48.031,Strata,HDB,URA,not_clean,https://www.edgeprop.sg/condo-apartment/palm-isles,palm-isles
PALM ISLES,PASIR RIS,17,21 Apr 2021,34 Flora Drive #07-XX,34 Flora Drive,3,939,930000,Condominium,"99 Yrs From 14/09/2011, 99 Years Leasehold",Resale,990,91.974,Strata,Private,URA,not_clean,https://www.edgeprop.sg/condo-apartment/palm-isles,palm-isles
PALM ISLES,PASIR RIS,17,19 Apr 2021,34 Flora Drive #02-XX,34 Flora Drive,4,982,1300000,Condominium,"99 Yrs From 14/09/2011, 99 Years Leasehold",Resale,1324,123.004,Strata,HDB,URA,not_clean,https://www.edgeprop.sg/condo-apartment/palm-isles,palm-isles
PALM ISLES,PASIR RIS,17,16 Apr 2021,34 Flora Drive #02-XX,34 Flora Drive,3,858,850000,Condominium,"99 Yrs From 14/09/2011, 99 Years Leasehold",Resale,990,91.974,Strata,Private,URA,not_clean,https://www.edgeprop.sg/condo-apartment/palm-isles,palm-isles
PALM ISLES,PASIR RIS,17,14 Apr 2021,42 Flora Drive #03-XX,42 Flora Drive,1,1041,538000,Condominium,"99 Yrs From 14/09/2011, 99 Years Leasehold",Resale,517,48.031,Strata,Private,URA,not_clean,https://www.edgeprop.sg/condo-apartment/palm-isles,palm-isles
PALM ISLES,PASIR RIS,17,13 Apr 2021,32 Flora Drive #03-XX,32 Flora Drive,3,909,900000,Condominium,"99 Yrs From 14/09/2011, 99 Years Leasehold",Resale,990,91.974,Strata,Private,URA,not_clean,https://www.edgeprop.sg/condo-apartment/palm-isles,palm-isles
PALM ISLES,PASIR RIS,17,22 Mar 2021,42 Flora Drive #03-XX,42 Flora Drive,1,1048,530000,Condominium,"99 Yrs From 14/09/2011, 99 Years Leasehold",Resale,506,47.009,Strata,HDB,URA,not_clean,https://www.edgeprop.sg/condo-apartment/palm-isles,palm-isles
PALM ISLES,PASIR RIS,17,18 Mar 2021,40 Flora Drive #05-XX,40 Flora Drive,1,1084,560000,Condominium,"99 Yrs From 14/09/2011, 99 Years Leasehold",Resale,517,48.031,Strata,Private,URA,not_clean,https://www.edgeprop.sg/condo-apartment/palm-isles,palm-isles
PALM ISLES,PASIR RIS,17,16 Mar 2021,34 Flora Drive #01-XX,34 Flora Drive,3,875,980000,Condominium,"99 Yrs From 14/09/2011, 99 Years Leasehold",Resale,1119,103.959,Strata,HDB,URA,not_clean,https://www.edgeprop.sg/condo-apartment/palm-isles,palm-isles
PALM ISLES,PASIR RIS,17,10 Feb 2021,34 Flora Drive #01-XX,34 Flora Drive,2,917,770000,Condominium,"99 Yrs From 14/09/2011, 99 Years Leasehold",Resale,840,78.039,Strata,Private,URA,not_clean,https://www.edgeprop.sg/condo-apartment/palm-isles,palm-isles
PALM ISLES,PASIR RIS,17,13 Jan 2021,34 Flora Drive #07-XX,34 Flora Drive,3,951,1065000,Condominium,"99 Yrs From 14/09/2011, 99 Years Leasehold",Resale,1119,103.959,Strata,HDB,URA,not_clean,https://www.edgeprop.sg/condo-apartment/palm-isles,palm-isles
PALM ISLES,PASIR RIS,17,13 Jan 2021,40 Flora Drive #04-XX,40 Flora Drive,1,1045,540000,Condominium,"99 Yrs From 14/09/2011, 99 Years Leasehold",Resale,517,48.031,Strata,HDB,URA,not_clean,https://www.edgeprop.sg/condo-apartment/palm-isles,palm-isles
PALM ISLES,PASIR RIS,17,11 Jan 2021,36 Flora Drive #03-XX,36 Flora Drive,4,572,2150000,Condominium,"99 Yrs From 14/09/2011, 99 Years Leasehold",Resale,3757,349.037,Strata,HDB,URA,not_clean,https://www.edgeprop.sg/condo-apartment/palm-isles,palm-isles
PALM ISLES,PASIR RIS,17,8 Jan 2021,40 Flora Drive #01-XX,40 Flora Drive,2,887,840000,Condominium,"99 Yrs From 14/09/2011, 99 Years Leasehold",Resale,947,87.979,Strata,Private,URA,not_clean,https://www.edgeprop.sg/condo-apartment/palm-isles,palm-isles
PALM ISLES,PASIR RIS,17,2 Dec 2020,40 Flora Drive #02-XX,40 Flora Drive,1,1016,525000,Condominium,"99 Yrs From 14/09/2011, 99 Years Leasehold",Resale,517,48.031,Strata,HDB,URA,not_clean,https://www.edgeprop.sg/condo-apartment/palm-isles,palm-isles
PALM ISLES,PASIR RIS,17,24 Nov 2020,32 Flora Drive #06-XX,32 Flora Drive,2,961,755000,Condominium,"99 Yrs From 14/09/2011, 99 Years Leasehold",Resale,786,73.022,Strata,Private,URA,not_clean,https://www.edgeprop.sg/condo-apartment/palm-isles,palm-isles
PALM ISLES,PASIR RIS,17,26 Oct 2020,32 Flora Drive #04-XX,32 Flora Drive,3,929,1040000,Condominium,"99 Yrs From 14/09/2011, 99 Years Leasehold",Resale,1119,103.959,Strata,HDB,URA,not_clean,https://www.edgeprop.sg/condo-apartment/palm-isles,palm-isles
PALM ISLES,PASIR RIS,17,5 Oct 2020,42 Flora Drive #03-XX,42 Flora Drive,2,879,710000,Condominium,"99 Yrs From 14/09/2011, 99 Years Leasehold",Resale,807,74.973,Strata,Private,URA,not_clean,https://www.edgeprop.sg/condo-apartment/palm-isles,palm-isles
PALM ISLES,PASIR RIS,17,1 Oct 2020,42 Flora Drive #05-XX,42 Flora Drive,1,1065,550000,Condominium,"99 Yrs From 14/09/2011, 99 Years Leasehold",Resale,517,48.031,Strata,HDB,URA,not_clean,https://www.edgeprop.sg/condo-apartment/palm-isles,palm-isles
PALM ISLES,PASIR RIS,17,23 Sep 2020,36 Flora Drive #03-XX,36 Flora Drive,4,540,2050000,Condominium,"99 Yrs From 14/09/2011, 99 Years Leasehold",Resale,3800,353.032,Strata,Private,URA,not_clean,https://www.edgeprop.sg/condo-apartment/palm-isles,palm-isles
PALM ISLES,PASIR RIS,17,18 Sep 2020,32 Flora Drive #03-XX,32 Flora Drive,3,938,1050000,Condominium,"99 Yrs From 14/09/2011, 99 Years Leasehold",Resale,1119,103.959,Strata,HDB,URA,not_clean,https://www.edgeprop.sg/condo-apartment/palm-isles,palm-isles
PALM ISLES,PASIR RIS,17,17 Sep 2020,40 Flora Drive #05-XX,40 Flora Drive,2,964,778000,Condominium,"99 Yrs From 14/09/2011, 99 Years Leasehold",Resale,807,74.973,Strata,HDB,URA,not_clean,https://www.edgeprop.sg/condo-apartment/palm-isles,palm-isles
PALM ISLES,PASIR RIS,17,9 Sep 2020,40 Flora Drive #05-XX,40 Flora Drive,1,1065,550000,Condominium,"99 Yrs From 14/09/2011, 99 Years Leasehold",Resale,517,48.031,Strata,HDB,URA,not_clean,https://www.edgeprop.sg/condo-apartment/palm-isles,palm-isles
PALM ISLES,PASIR RIS,17,28 Aug 2020,34 Flora Drive #02-XX,34 Flora Drive,3,858,850000,Condominium,"99 Yrs From 14/09/2011, 99 Years Leasehold",Resale,990,91.974,Strata,HDB,URA,not_clean,https://www.edgeprop.sg/condo-apartment/palm-isles,palm-isles
PALM ISLES,PASIR RIS,17,27 Aug 2020,40 Flora Drive #01-XX,40 Flora Drive,1,1009,565000,Condominium,"99 Yrs From 14/09/2011, 99 Years Leasehold",Resale,560,52.026,Strata,HDB,URA,not_clean,https://www.edgeprop.sg/condo-apartment/palm-isles,palm-isles
PALM ISLES,PASIR RIS,17,26 Aug 2020,42 Flora Drive #04-XX,42 Flora Drive,1,1020,527000,Condominium,"99 Yrs From 14/09/2011, 99 Years Leasehold",Resale,517,48.031,Strata,HDB,URA,not_clean,https://www.edgeprop.sg/condo-apartment/palm-isles,palm-isles
PALM ISLES,PASIR RIS,17,21 Jul 2020,32 Flora Drive #03-XX,32 Flora Drive,4,897,1188000,Condominium,"99 Yrs From 14/09/2011, 99 Years Leasehold",Resale,1324,123.004,Strata,Private,URA,not_clean,https://www.edgeprop.sg/condo-apartment/palm-isles,palm-isles
PALM ISLES,PASIR RIS,17,17 Jul 2020,42 Flora Drive #04-XX,42 Flora Drive,1,1035,535000,Condominium,"99 Yrs From 14/09/2011, 99 Years Leasehold",Resale,517,48.031,Strata,HDB,URA,not_clean,https://www.edgeprop.sg/condo-apartment/palm-isles,palm-isles
PALM ISLES,PASIR RIS,17,13 Jul 2020,42 Flora Drive #04-XX,42 Flora Drive,1,1045,540000,Condominium,"99 Yrs From 14/09/2011, 99 Years Leasehold",Resale,517,48.031,Strata,HDB,URA,not_clean,https://www.edgeprop.sg/condo-apartment/palm-isles,palm-isles
PALM ISLES,PASIR RIS,17,27 Apr 2020,42 Flora Drive #03-XX,42 Flora Drive,2,924,745888,Condominium,"99 Yrs From 14/09/2011, 99 Years Leasehold",Resale,807,74.973,Strata,HDB,URA,not_clean,https://www.edgeprop.sg/condo-apartment/palm-isles,palm-isles
PALM ISLES,PASIR RIS,17,14 Apr 2020,34 Flora Drive #07-XX,34 Flora Drive,3,983,1100000,Condominium,"99 Yrs From 14/09/2011, 99 Years Leasehold",Resale,1119,103.959,Strata,Private,URA,not_clean,https://www.edgeprop.sg/condo-apartment/palm-isles,palm-isles
PALM ISLES,PASIR RIS,17,9 Apr 2020,40 Flora Drive #04-XX,40 Flora Drive,2,910,735000,Condominium,"99 Yrs From 14/09/2011, 99 Years Leasehold",Resale,807,74.973,Strata,HDB,URA,not_clean,https://www.edgeprop.sg/condo-apartment/palm-isles,palm-isles
PALM ISLES,PASIR RIS,17,6 Apr 2020,38 Flora Drive #05-XX,38 Flora Drive,1,1026,530000,Condominium,"99 Yrs From 14/09/2011, 99 Years Leasehold",Resale,517,48.031,Strata,Private,URA,not_clean,https://www.edgeprop.sg/condo-apartment/palm-isles,palm-isles
PALM ISLES,PASIR RIS,17,6 Apr 2020,34 Flora Drive #04-XX,34 Flora Drive,3,879,870000,Condominium,"99 Yrs From 14/09/2011, 99 Years Leasehold",Resale,990,91.974,Strata,HDB,URA,not_clean,https://www.edgeprop.sg/condo-apartment/palm-isles,palm-isles
PALM ISLES,PASIR RIS,17,30 Mar 2020,38 Flora Drive #06-XX,38 Flora Drive,2,917,740000,Condominium,"99 Yrs From 14/09/2011, 99 Years Leasehold",Resale,807,74.973,Strata,HDB,URA,not_clean,https://www.edgeprop.sg/condo-apartment/palm-isles,palm-isles
PALM ISLES,PASIR RIS,17,30 Mar 2020,42 Flora Drive #01-XX,42 Flora Drive,2,887,840000,Condominium,"99 Yrs From 14/09/2011, 99 Years Leasehold",Resale,947,87.979,Strata,HDB,URA,not_clean,https://www.edgeprop.sg/condo-apartment/palm-isles,palm-isles
PALM ISLES,PASIR RIS,17,26 Mar 2020,38 Flora Drive #05-XX,38 Flora Drive,1,1006,520000,Condominium,"99 Yrs From 14/09/2011, 99 Years Leasehold",Resale,517,48.031,Strata,HDB,URA,not_clean,https://www.edgeprop.sg/condo-apartment/palm-isles,palm-isles
PALM ISLES,PASIR RIS,17,28 Feb 2020,34 Flora Drive #04-XX,34 Flora Drive,2,916,720000,Condominium,"99 Yrs From 14/09/2011, 99 Years Leasehold",Resale,786,73.022,Strata,HDB,URA,not_clean,https://www.edgeprop.sg/condo-apartment/palm-isles,palm-isles
PALM ISLES,PASIR RIS,17,17 Feb 2020,34 Flora Drive #03-XX,34 Flora Drive,4,944,1250000,Condominium,"99 Yrs From 14/09/2011, 99 Years Leasehold",Resale,1324,123.004,Strata,HDB,URA,not_clean,https://www.edgeprop.sg/condo-apartment/palm-isles,palm-isles
PALM ISLES,PASIR RIS,17,28 Jan 2020,34 Flora Drive #06-XX,34 Flora Drive,3,938,1050000,Condominium,"99 Yrs From 14/09/2011, 99 Years Leasehold",Resale,1119,103.959,Strata,Private,URA,not_clean,https://www.edgeprop.sg/condo-apartment/palm-isles,palm-isles
PALM ISLES,PASIR RIS,17,12 Dec 2019,32 Flora Drive #05-XX,32 Flora Drive,3,848,840000,Condominium,"99 Yrs From 14/09/2011, 99 Years Leasehold",Resale,990,91.974,Strata,Private,URA,not_clean,https://www.edgeprop.sg/condo-apartment/palm-isles,palm-isles
PALM ISLES,PASIR RIS,17,5 Dec 2019,34 Flora Drive #06-XX,34 Flora Drive,3,914,905000,Condominium,"99 Yrs From 14/09/2011, 99 Years Leasehold",Resale,990,91.974,Strata,Private,URA,not_clean,https://www.edgeprop.sg/condo-apartment/palm-isles,palm-isles
PALM ISLES,PASIR RIS,17,13 Nov 2019,38 Flora Drive #02-XX,38 Flora Drive,2,910,735000,Condominium,"99 Yrs From 14/09/2011, 99 Years Leasehold",Resale,807,74.973,Strata,Private,URA,not_clean,https://www.edgeprop.sg/condo-apartment/palm-isles,palm-isles
PALM ISLES,PASIR RIS,17,23 Oct 2019,38 Flora Drive #04-XX,38 Flora Drive,2,923,745000,Condominium,"99 Yrs From 14/09/2011, 99 Years Leasehold",Resale,807,74.973,Strata,HDB,URA,not_clean,https://www.edgeprop.sg/condo-apartment/palm-isles,palm-isles
PALM ISLES,PASIR RIS,17,24 Sep 2019,42 Flora Drive #05-XX,42 Flora Drive,1,1016,525000,Condominium,"99 Yrs From 14/09/2011, 99 Years Leasehold",Resale,517,48.031,Strata,Private,URA,not_clean,https://www.edgeprop.sg/condo-apartment/palm-isles,palm-isles
PALM ISLES,PASIR RIS,17,22 Aug 2019,40 Flora Drive #01-XX,40 Flora Drive,1,1015,568000,Condominium,"99 Yrs From 14/09/2011, 99 Years Leasehold",Resale,560,52.026,Strata,Private,URA,not_clean,https://www.edgeprop.sg/condo-apartment/palm-isles,palm-isles
PALM ISLES,PASIR RIS,17,19 Aug 2019,42 Flora Drive #05-XX,42 Flora Drive,1,1041,538000,Condominium,"99 Yrs From 14/09/2011, 99 Years Leasehold",Resale,517,48.031,Strata,HDB,URA,not_clean,https://www.edgeprop.sg/condo-apartment/palm-isles,palm-isles
PALM ISLES,PASIR RIS,17,15 Aug 2019,34 Flora Drive #01-XX,34 Flora Drive,3,776,919000,Condominium,"99 Yrs From 14/09/2011, 99 Years Leasehold",Resale,1184,109.997,Strata,Private,URA,not_clean,https://www.edgeprop.sg/condo-apartment/palm-isles,palm-isles
PALM ISLES,PASIR RIS,17,20 Jun 2019,42 Flora Drive #05-XX,42 Flora Drive,1,1058,535000,Condominium,"99 Yrs From 14/09/2011, 99 Years Leasehold",Resale,506,47.009,Strata,Private,URA,not_clean,https://www.edgeprop.sg/condo-apartment/palm-isles,palm-isles
PALM ISLES,PASIR RIS,17,4 Jun 2019,32 Flora Drive #05-XX,32 Flora Drive,2,954,750000,Condominium,"99 Yrs From 14/09/2011, 99 Years Leasehold",Resale,786,73.022,Strata,HDB,URA,not_clean,https://www.edgeprop.sg/condo-apartment/palm-isles,palm-isles
PALM ISLES,PASIR RIS,17,18 Apr 2019,42 Flora Drive #04-XX,42 Flora Drive,1,1008,510000,Condominium,"99 Yrs From 14/09/2011, 99 Years Leasehold",Resale,506,47.009,Strata,HDB,URA,not_clean,https://www.edgeprop.sg/condo-apartment/palm-isles,palm-isles
PALM ISLES,PASIR RIS,17,3 Apr 2019,32 Flora Drive #04-XX,32 Flora Drive,3,889,880000,Condominium,"99 Yrs From 14/09/2011, 99 Years Leasehold",Resale,990,91.974,Strata,HDB,URA,not_clean,https://www.edgeprop.sg/condo-apartment/palm-isles,palm-isles
PALM ISLES,PASIR RIS,17,28 Mar 2019,32 Flora Drive #03-XX,32 Flora Drive,3,889,880000,Condominium,"99 Yrs From 14/09/2011, 99 Years Leasehold",Resale,990,91.974,Strata,HDB,URA,not_clean,https://www.edgeprop.sg/condo-apartment/palm-isles,palm-isles
PALM ISLES,PASIR RIS,17,15 Mar 2019,34 Flora Drive #07-XX,34 Flora Drive,3,919,910000,Condominium,"99 Yrs From 14/09/2011, 99 Years Leasehold",Resale,990,91.974,Strata,HDB,URA,not_clean,https://www.edgeprop.sg/condo-apartment/palm-isles,palm-isles
PALM ISLES,PASIR RIS,17,29 Jan 2019,32 Flora Drive #01-XX,32 Flora Drive,2,929,780000,Condominium,"99 Yrs From 14/09/2011, 99 Years Leasehold",Resale,840,78.039,Strata,Private,URA,not_clean,https://www.edgeprop.sg/condo-apartment/palm-isles,palm-isles
SANDY PALM,PASIR RIS,17,25 Apr 2025,163A Jalan Loyang Besar #01-XX,163A Jalan Loyang Besar,3,1122,1510000,Condominium,99 Yrs From 21/03/1996,Resale,1346,125.047,Strata,HDB,URA,not_clean,https://www.edgeprop.sg/condo-apartment/sandy-palm,sandy-palm
SANDY PALM,PASIR RIS,17,5 Apr 2024,163 Jalan Loyang Besar #04-XX,163 Jalan Loyang Besar,4,986,1762000,Condominium,99 Yrs From 21/03/1996,Resale,1787,166.018,Strata,Private,URA,not_clean,https://www.edgeprop.sg/condo-apartment/sandy-palm,sandy-palm
SANDY PALM,PASIR RIS,17,15 Aug 2023,163a Jalan Loyang Besar #03-XX,163a Jalan Loyang Besar,3,937,1170000,Condominium,99 Yrs From 21/03/1996,Resale,1249,116.036,Strata,Private,URA,not_clean,https://www.edgeprop.sg/condo-apartment/sandy-palm,sandy-palm
SANDY PALM,PASIR RIS,17,13 Jun 2022,163 Jalan Loyang Besar #03-XX,163 Jalan Loyang Besar,3,843,1180000,Condominium,99 Yrs From 21/03/1996,Resale,1399,129.971,Strata,HDB,URA,not_clean,https://www.edgeprop.sg/condo-apartment/sandy-palm,sandy-palm
SANDY PALM,PASIR RIS,17,27 Dec 2021,163 Jalan Loyang Besar #04-XX,163 Jalan Loyang Besar,4,756,1350000,Condominium,99 Yrs From 21/03/1996,Resale,1787,166.018,Strata,HDB,URA,not_clean,https://www.edgeprop.sg/condo-apartment/sandy-palm,sandy-palm
SANDY PALM,PASIR RIS,17,2 Dec 2021,163a Jalan Loyang Besar #01-XX,163a Jalan Loyang Besar,3,743,1000000,Condominium,99 Yrs From 21/03/1996,Resale,1346,125.047,Strata,HDB,URA,not_clean,https://www.edgeprop.sg/condo-apartment/sandy-palm,sandy-palm
SANDY PALM,PASIR RIS,17,16 Nov 2021,163a Jalan Loyang Besar #02-XX,163a Jalan Loyang Besar,3,785,980000,Condominium,99 Yrs From 21/03/1996,Resale,1249,116.036,Strata,HDB,URA,not_clean,https://www.edgeprop.sg/condo-apartment/sandy-palm,sandy-palm
SANDY PALM,PASIR RIS,17,27 Sep 2021,163A Jalan Loyang Besar #01-XX,163A Jalan Loyang Besar,3,725,975000,Condominium,99 Yrs From 21/03/1996,Resale,1346,125.047,Strata,HDB,URA,not_clean,https://www.edgeprop.sg/condo-apartment/sandy-palm,sandy-palm
SANDY PALM,PASIR RIS,17,2 Jul 2021,163a Jalan Loyang Besar #03-XX,163a Jalan Loyang Besar,3,728,908888,Condominium,99 Yrs From 21/03/1996,Resale,1249,116.036,Strata,HDB,URA,not_clean,https://www.edgeprop.sg/condo-apartment/sandy-palm,sandy-palm
SANDY PALM,PASIR RIS,17,22 Jan 2021,163a Jalan Loyang Besar #04-XX,163a Jalan Loyang Besar,4,700,1250000,Condominium,99 Yrs From 21/03/1996,Resale,1787,166.018,Strata,Private,URA,not_clean,https://www.edgeprop.sg/condo-apartment/sandy-palm,sandy-palm
SANDY PALM,PASIR RIS,17,28 Oct 2020,163a Jalan Loyang Besar #04-XX,163a Jalan Loyang Besar,4,672,1200000,Condominium,99 Yrs From 21/03/1996,Resale,1787,166.018,Strata,Private,URA,not_clean,https://www.edgeprop.sg/condo-apartment/sandy-palm,sandy-palm
SANDY PALM,PASIR RIS,17,3 Sep 2020,163 Jalan Loyang Besar #02-XX,163 Jalan Loyang Besar,3,711,995000,Condominium,99 Yrs From 21/03/1996,Resale,1399,129.971,Strata,Private,URA,not_clean,https://www.edgeprop.sg/condo-apartment/sandy-palm,sandy-palm
SANDY PALM,PASIR RIS,17,14 Aug 2020,163A Jalan Loyang Besar #03-XX,163A Jalan Loyang Besar,3,689,860000,Condominium,99 Yrs From 21/03/1996,Resale,1249,116.036,Strata,Private,URA,not_clean,https://www.edgeprop.sg/condo-apartment/sandy-palm,sandy-palm
SANDY PALM,PASIR RIS,17,7 Aug 2020,163A Jalan Loyang Besar #01-XX,163A Jalan Loyang Besar,3,669,900000,Condominium,99 Yrs From 21/03/1996,Resale,1346,125.047,Strata,Private,URA,not_clean,https://www.edgeprop.sg/condo-apartment/sandy-palm,sandy-palm
SANDY PALM,PASIR RIS,17,23 Apr 2019,163A Jalan Loyang Besar #04-XX,163A Jalan Loyang Besar,4,722,1290000,Condominium,99 Yrs From 21/03/1996,Resale,1787,166.018,Strata,Private,URA,not_clean,https://www.edgeprop.sg/condo-apartment/sandy-palm,sandy-palm
THE GALE,PASIR RIS,17,23 Jun 2026,64 FLORA ROAD #05-XX,64 FLORA ROAD,2,1376,1585000,Condominium,Freehold,Resale,1152,107.024,Strata,Private,URA,not_clean,https://www.edgeprop.sg/condo-apartment/the-gale,the-gale
THE GALE,PASIR RIS,17,17 Apr 2026,72 FLORA ROAD #03-XX,72 FLORA ROAD,2,1360,1420000,Condominium,Freehold,Resale,1044,96.991,Strata,Private,URA,not_clean,https://www.edgeprop.sg/condo-apartment/the-gale,the-gale
THE GALE,PASIR RIS,17,11 Mar 2026,70 FLORA ROAD #04-XX,70 FLORA ROAD,2,1348,1320000,Condominium,Freehold,Resale,980,91.045,Strata,HDB,URA,not_clean,https://www.edgeprop.sg/condo-apartment/the-gale,the-gale
THE GALE,PASIR RIS,17,14 Jan 2026,76 FLORA ROAD #05-XX,76 FLORA ROAD,2,1378,1335000,Condominium,Freehold,Resale,969,90.023,Strata,Private,URA,not_clean,https://www.edgeprop.sg/condo-apartment/the-gale,the-gale
THE GALE,PASIR RIS,17,23 Dec 2025,62 FLORA ROAD #04-XX,62 FLORA ROAD,2,1344,1230000,Condominium,Freehold,Resale,915,85.006,Strata,Private,URA,not_clean,https://www.edgeprop.sg/condo-apartment/the-gale,the-gale
THE GALE,PASIR RIS,17,7 Nov 2025,72 FLORA ROAD #05-XX,72 FLORA ROAD,2,1341,1400000,Condominium,Freehold,Resale,1044,96.991,Strata,HDB,URA,not_clean,https://www.edgeprop.sg/condo-apartment/the-gale,the-gale
THE GALE,PASIR RIS,17,3 Nov 2025,74 FLORA ROAD #01-XX,74 FLORA ROAD,2,1178,1408000,Condominium,Freehold,Resale,1195,111.019,Strata,Private,URA,not_clean,https://www.edgeprop.sg/condo-apartment/the-gale,the-gale
THE GALE,PASIR RIS,17,17 Oct 2025,78 FLORA ROAD #06-XX,78 FLORA ROAD,2,1355,1400000,Condominium,Freehold,Resale,1033,95.969,Strata,HDB,URA,not_clean,https://www.edgeprop.sg/condo-apartment/the-gale,the-gale
THE GALE,PASIR RIS,17,7 Aug 2025,64 Flora Road #06-XX,64 Flora Road,2,1389,1600000,Condominium,Freehold,Resale,1152,107.024,Strata,Private,URA,not_clean,https://www.edgeprop.sg/condo-apartment/the-gale,the-gale
THE GALE,PASIR RIS,17,9 Jul 2025,62 Flora Road #08-XX,62 Flora Road,3,1360,1830000,Condominium,Freehold,Resale,1346,125.047,Strata,Private,URA,not_clean,https://www.edgeprop.sg/condo-apartment/the-gale,the-gale
THE GALE,PASIR RIS,17,8 Jul 2025,70 Flora Road #05-XX,70 Flora Road,3,1298,1900000,Condominium,Freehold,Resale,1464,136.01,Strata,Private,URA,not_clean,https://www.edgeprop.sg/condo-apartment/the-gale,the-gale
THE GALE,PASIR RIS,17,3 Apr 2025,76 Flora Road #08-XX,76 Flora Road,2,1360,1420000,Condominium,Freehold,Resale,1044,96.991,Strata,Private,URA,not_clean,https://www.edgeprop.sg/condo-apartment/the-gale,the-gale
THE GALE,PASIR RIS,17,28 Mar 2025,74 Flora Road #03-XX,74 Flora Road,2,1322,1380000,Condominium,Freehold,Resale,1044,96.991,Strata,HDB,URA,not_clean,https://www.edgeprop.sg/condo-apartment/the-gale,the-gale
THE GALE,PASIR RIS,17,15 Nov 2024,66 Flora Road #07-XX,66 Flora Road,2,1328,1530000,Condominium,Freehold,Resale,1152,107.024,Strata,Private,URA,not_clean,https://www.edgeprop.sg/condo-apartment/the-gale,the-gale
THE GALE,PASIR RIS,17,13 Sep 2024,76 Flora Road #07-XX,76 Flora Road,2,1321,1280000,Condominium,Freehold,Resale,969,90.023,Strata,Private,URA,not_clean,https://www.edgeprop.sg/condo-apartment/the-gale,the-gale
THE GALE,PASIR RIS,17,12 Sep 2024,66 Flora Road #07-XX,66 Flora Road,2,1318,1518000,Condominium,Freehold,Resale,1152,107.024,Strata,Private,URA,not_clean,https://www.edgeprop.sg/condo-apartment/the-gale,the-gale
THE GALE,PASIR RIS,17,29 Aug 2024,62 Flora Road #07-XX,62 Flora Road,3,1289,1735000,Condominium,Freehold,Resale,1346,125.047,Strata,Private,URA,not_clean,https://www.edgeprop.sg/condo-apartment/the-gale,the-gale
THE GALE,PASIR RIS,17,11 Jul 2024,76 Flora Road #03-XX,76 Flora Road,3,1231,1670000,Condominium,Freehold,Resale,1356,125.977,Strata,Private,URA,not_clean,https://www.edgeprop.sg/condo-apartment/the-gale,the-gale
THE GALE,PASIR RIS,17,19 Jun 2024,70 Flora Road #03-XX,70 Flora Road,2,1241,855000,Condominium,Freehold,Resale,689,64.01,Strata,HDB,URA,not_clean,https://www.edgeprop.sg/condo-apartment/the-gale,the-gale
THE GALE,PASIR RIS,17,13 May 2024,66 Flora Road #01-XX,66 Flora Road,4,1155,2300000,Condominium,Freehold,Resale,1991,184.97,Strata,Private,URA,not_clean,https://www.edgeprop.sg/condo-apartment/the-gale,the-gale
THE GALE,PASIR RIS,17,23 Apr 2024,72 Flora Road #07-XX,72 Flora Road,2,1265,1280000,Condominium,Freehold,Resale,1012,94.018,Strata,Private,URA,not_clean,https://www.edgeprop.sg/condo-apartment/the-gale,the-gale
THE GALE,PASIR RIS,17,5 Feb 2024,62 Flora Road #02-XX,62 Flora Road,2,1216,1138888,Condominium,Freehold,Resale,936,86.957,Strata,HDB,URA,not_clean,https://www.edgeprop.sg/condo-apartment/the-gale,the-gale
THE GALE,PASIR RIS,17,12 Jan 2024,64 Flora Road #08-XX,64 Flora Road,4,1059,2690000,Condominium,Freehold,Resale,2540,235.974,Strata,Private,URA,not_clean,https://www.edgeprop.sg/condo-apartment/the-gale,the-gale
THE GALE,PASIR RIS,17,28 Sep 2023,76 Flora Road #06-XX,76 Flora Road,3,1250,1830000,Condominium,Freehold,Resale,1464,136.01,Strata,Private,URA,not_clean,https://www.edgeprop.sg/condo-apartment/the-gale,the-gale
THE GALE,PASIR RIS,17,22 Sep 2023,78 Flora Road #04-XX,78 Flora Road,2,1312,1200000,Condominium,Freehold,Resale,915,85.006,Strata,Private,URA,not_clean,https://www.edgeprop.sg/condo-apartment/the-gale,the-gale
THE GALE,PASIR RIS,17,12 Jul 2023,78 Flora Road #01-XX,78 Flora Road,2,1236,1290000,Condominium,Freehold,Resale,1044,96.991,Strata,Private,URA,not_clean,https://www.edgeprop.sg/condo-apartment/the-gale,the-gale
THE GALE,PASIR RIS,17,7 Jul 2023,66 Flora Road #04-XX,66 Flora Road,4,1174,1920000,Condominium,Freehold,Resale,1636,151.989,Strata,Private,URA,not_clean,https://www.edgeprop.sg/condo-apartment/the-gale,the-gale
THE GALE,PASIR RIS,17,6 Jul 2023,68 Flora Road #05-XX,68 Flora Road,2,1262,1155000,Condominium,Freehold,Resale,915,85.006,Strata,Private,URA,not_clean,https://www.edgeprop.sg/condo-apartment/the-gale,the-gale
THE GALE,PASIR RIS,17,9 Jun 2023,68 Flora Road #02-XX,68 Flora Road,2,1153,1080000,Condominium,Freehold,Resale,936,86.957,Strata,Private,URA,not_clean,https://www.edgeprop.sg/condo-apartment/the-gale,the-gale
THE GALE,PASIR RIS,17,19 Apr 2023,74 Flora Road #07-XX,74 Flora Road,2,1173,808000,Condominium,Freehold,Resale,689,64.01,Strata,Private,URA,not_clean,https://www.edgeprop.sg/condo-apartment/the-gale,the-gale
THE GALE,PASIR RIS,17,6 Apr 2023,78 Flora Road #07-XX,78 Flora Road,2,1239,1280000,Condominium,Freehold,Resale,1033,95.969,Strata,HDB,URA,not_clean,https://www.edgeprop.sg/condo-apartment/the-gale,the-gale
THE GALE,PASIR RIS,17,8 Nov 2022,72 Flora Road #05-XX,72 Flora Road,2,1103,760000,Condominium,Freehold,Resale,689,64.01,Strata,Private,URA,not_clean,https://www.edgeprop.sg/condo-apartment/the-gale,the-gale
THE GALE,PASIR RIS,17,3 Nov 2022,74 Flora Road #05-XX,74 Flora Road,2,1096,755000,Condominium,Freehold,Resale,689,64.01,Strata,Private,URA,not_clean,https://www.edgeprop.sg/condo-apartment/the-gale,the-gale
THE GALE,PASIR RIS,17,21 Oct 2022,72 Flora Road #05-XX,72 Flora Road,2,1160,1210888,Condominium,Freehold,Resale,1044,96.991,Strata,Private,URA,not_clean,https://www.edgeprop.sg/condo-apartment/the-gale,the-gale
THE GALE,PASIR RIS,17,9 Sep 2022,72 Flora Road #04-XX,72 Flora Road,3,1113,1510000,Condominium,Freehold,Resale,1356,125.977,Strata,Private,URA,not_clean,https://www.edgeprop.sg/condo-apartment/the-gale,the-gale
THE GALE,PASIR RIS,17,25 Aug 2022,68 Flora Road #06-XX,68 Flora Road,2,1089,1020000,Condominium,Freehold,Resale,936,86.957,Strata,Private,URA,not_clean,https://www.edgeprop.sg/condo-apartment/the-gale,the-gale
THE GALE,PASIR RIS,17,1 Aug 2022,70 Flora Road #02-XX,70 Flora Road,3,1161,1700000,Condominium,Freehold,Resale,1464,136.01,Strata,Private,URA,not_clean,https://www.edgeprop.sg/condo-apartment/the-gale,the-gale
THE GALE,PASIR RIS,17,14 Jun 2022,78 Flora Road #06-XX,78 Flora Road,2,1060,970000,Condominium,Freehold,Resale,915,85.006,Strata,Private,URA,not_clean,https://www.edgeprop.sg/condo-apartment/the-gale,the-gale
THE GALE,PASIR RIS,17,25 May 2022,64 Flora Road #05-XX,64 Flora Road,2,1059,1220000,Condominium,Freehold,Resale,1152,107.024,Strata,Private,URA,not_clean,https://www.edgeprop.sg/condo-apartment/the-gale,the-gale
THE GALE,PASIR RIS,17,19 May 2022,76 Flora Road #05-XX,76 Flora Road,2,1043,1010000,Condominium,Freehold,Resale,969,90.023,Strata,HDB,URA,not_clean,https://www.edgeprop.sg/condo-apartment/the-gale,the-gale
THE GALE,PASIR RIS,17,7 Feb 2022,78 Flora Road #06-XX,78 Flora Road,2,1166,1205000,Condominium,Freehold,Resale,1033,95.969,Strata,Private,URA,not_clean,https://www.edgeprop.sg/condo-apartment/the-gale,the-gale
THE GALE,PASIR RIS,17,12 Jan 2022,66 Flora Road #08-XX,66 Flora Road,4,973,1928000,Condominium,Freehold,Resale,1981,184.041,Strata,HDB,URA,not_clean,https://www.edgeprop.sg/condo-apartment/the-gale,the-gale
THE GALE,PASIR RIS,17,3 Dec 2021,78 FLORA ROAD #06-XX,78 FLORA ROAD,2,1130,1168000,Condominium,Freehold,Resale,1033,95.969,Strata,HDB,URA,not_clean,https://www.edgeprop.sg/condo-apartment/the-gale,the-gale
THE GALE,PASIR RIS,17,21 Oct 2021,74 Flora Road #07-XX,74 Flora Road,3,1038,1520000,Condominium,Freehold,Resale,1464,136.01,Strata,Private,URA,not_clean,https://www.edgeprop.sg/condo-apartment/the-gale,the-gale
THE GALE,PASIR RIS,17,6 Oct 2021,62 Flora Road #06-XX,62 Flora Road,3,1119,1505000,Condominium,Freehold,Resale,1346,125.047,Strata,Private,URA,not_clean,https://www.edgeprop.sg/condo-apartment/the-gale,the-gale
THE GALE,PASIR RIS,17,23 Sep 2021,78 Flora Road #08-XX,78 Flora Road,2,1113,1150000,Condominium,Freehold,Resale,1033,95.969,Strata,Private,URA,not_clean,https://www.edgeprop.sg/condo-apartment/the-gale,the-gale
THE GALE,PASIR RIS,17,23 Sep 2021,70 Flora Road #05-XX,70 Flora Road,2,1166,1180000,Condominium,Freehold,Resale,1012,94.018,Strata,Private,URA,not_clean,https://www.edgeprop.sg/condo-apartment/the-gale,the-gale
THE GALE,PASIR RIS,17,20 Sep 2021,78 Flora Road #05-XX,78 Flora Road,2,1050,960888,Condominium,Freehold,Resale,915,85.006,Strata,HDB,URA,not_clean,https://www.edgeprop.sg/condo-apartment/the-gale,the-gale
THE GALE,PASIR RIS,17,14 Sep 2021,62 Flora Road #03-XX,62 Flora Road,3,1081,1455000,Condominium,Freehold,Resale,1346,125.047,Strata,HDB,URA,not_clean,https://www.edgeprop.sg/condo-apartment/the-gale,the-gale
THE GALE,PASIR RIS,17,26 Aug 2021,64 Flora Road #02-XX,64 Flora Road,4,1015,1660000,Condominium,Freehold,Resale,1636,151.989,Strata,HDB,URA,not_clean,https://www.edgeprop.sg/condo-apartment/the-gale,the-gale
THE GALE,PASIR RIS,17,24 Aug 2021,72 Flora Road #07-XX,72 Flora Road,2,1039,1085000,Condominium,Freehold,Resale,1044,96.991,Strata,Private,URA,not_clean,https://www.edgeprop.sg/condo-apartment/the-gale,the-gale
THE GALE,PASIR RIS,17,19 Aug 2021,66 Flora Road #07-XX,66 Flora Road,2,998,1150000,Condominium,Freehold,Resale,1152,107.024,Strata,HDB,URA,not_clean,https://www.edgeprop.sg/condo-apartment/the-gale,the-gale
THE GALE,PASIR RIS,17,23 Jul 2021,66 Flora Road #07-XX,66 Flora Road,2,998,1150000,Condominium,Freehold,Resale,1152,107.024,Strata,HDB,URA,not_clean,https://www.edgeprop.sg/condo-apartment/the-gale,the-gale
THE GALE,PASIR RIS,17,12 Jul 2021,78 Flora Road #01-XX,78 Flora Road,2,937,1180000,Condominium,Freehold,Resale,1259,116.965,Strata,Private,URA,not_clean,https://www.edgeprop.sg/condo-apartment/the-gale,the-gale
THE GALE,PASIR RIS,17,20 May 2021,68 Flora Road #05-XX,68 Flora Road,2,977,915000,Condominium,Freehold,Resale,936,86.957,Strata,Private,URA,not_clean,https://www.edgeprop.sg/condo-apartment/the-gale,the-gale
THE GALE,PASIR RIS,17,18 May 2021,68 Flora Road #01-XX,68 Flora Road,3,948,1520000,Condominium,Freehold,Resale,1604,149.016,Strata,HDB,URA,not_clean,https://www.edgeprop.sg/condo-apartment/the-gale,the-gale
THE GALE,PASIR RIS,17,17 May 2021,66 Flora Road #06-XX,66 Flora Road,3,1041,1400000,Condominium,Freehold,Resale,1346,125.047,Strata,Private,URA,not_clean,https://www.edgeprop.sg/condo-apartment/the-gale,the-gale
THE GALE,PASIR RIS,17,13 Apr 2021,66 Flora Road #08-XX,66 Flora Road,4,808,1600000,Condominium,Freehold,Resale,1981,184.041,Strata,Private,URA,not_clean,https://www.edgeprop.sg/condo-apartment/the-gale,the-gale
THE GALE,PASIR RIS,17,26 Mar 2021,64 Flora Road #07-XX,64 Flora Road,2,1007,1160000,Condominium,Freehold,Resale,1152,107.024,Strata,Private,URA,not_clean,https://www.edgeprop.sg/condo-apartment/the-gale,the-gale
THE GALE,PASIR RIS,17,24 Mar 2021,70 Flora Road #03-XX,70 Flora Road,2,1031,710000,Condominium,Freehold,Resale,689,64.01,Strata,Private,URA,not_clean,https://www.edgeprop.sg/condo-apartment/the-gale,the-gale
THE GALE,PASIR RIS,17,17 Feb 2021,76 Flora Road #06-XX,76 Flora Road,2,950,920000,Condominium,Freehold,Resale,969,90.023,Strata,Private,URA,not_clean,https://www.edgeprop.sg/condo-apartment/the-gale,the-gale
THE GALE,PASIR RIS,17,9 Feb 2021,72 Flora Road #06-XX,72 Flora Road,2,959,970000,Condominium,Freehold,Resale,1012,94.018,Strata,HDB,URA,not_clean,https://www.edgeprop.sg/condo-apartment/the-gale,the-gale
THE GALE,PASIR RIS,17,9 Feb 2021,70 Flora Road #06-XX,70 Flora Road,2,924,935000,Condominium,Freehold,Resale,1012,94.018,Strata,Private,URA,not_clean,https://www.edgeprop.sg/condo-apartment/the-gale,the-gale
THE GALE,PASIR RIS,17,1 Feb 2021,62 Flora Road #01-XX,62 Flora Road,2,862,900000,Condominium,Freehold,Resale,1044,96.991,Strata,Private,URA,not_clean,https://www.edgeprop.sg/condo-apartment/the-gale,the-gale
THE GALE,PASIR RIS,17,6 Jan 2021,76 Flora Road #07-XX,76 Flora Road,3,1010,1370000,Condominium,Freehold,Resale,1356,125.977,Strata,HDB,URA,not_clean,https://www.edgeprop.sg/condo-apartment/the-gale,the-gale
THE GALE,PASIR RIS,17,6 Jan 2021,72 Flora Road #07-XX,72 Flora Road,2,978,990000,Condominium,Freehold,Resale,1012,94.018,Strata,HDB,URA,not_clean,https://www.edgeprop.sg/condo-apartment/the-gale,the-gale
THE GALE,PASIR RIS,17,13 Oct 2020,64 Flora Road #03-XX,64 Flora Road,4,978,1600000,Condominium,Freehold,Resale,1636,151.989,Strata,Private,URA,not_clean,https://www.edgeprop.sg/condo-apartment/the-gale,the-gale
THE GALE,PASIR RIS,17,6 Oct 2020,66 Flora Road #01-XX,66 Flora Road,3,872,1380000,Condominium,Freehold,Resale,1582,146.973,Strata,HDB,URA,not_clean,https://www.edgeprop.sg/condo-apartment/the-gale,the-gale
THE GALE,PASIR RIS,17,8 Sep 2020,78 Flora Road #08-XX,78 Flora Road,2,994,909000,Condominium,Freehold,Resale,915,85.006,Strata,HDB,URA,not_clean,https://www.edgeprop.sg/condo-apartment/the-gale,the-gale
THE GALE,PASIR RIS,17,8 Sep 2020,62 Flora Road #06-XX,62 Flora Road,3,955,1418000,Condominium,Freehold,Resale,1485,137.961,Strata,Private,URA,not_clean,https://www.edgeprop.sg/condo-apartment/the-gale,the-gale
THE GALE,PASIR RIS,17,7 Sep 2020,76 Flora Road #03-XX,76 Flora Road,2,929,970000,Condominium,Freehold,Resale,1044,96.991,Strata,Private,URA,not_clean,https://www.edgeprop.sg/condo-apartment/the-gale,the-gale
THE GALE,PASIR RIS,17,7 Sep 2020,70 Flora Road #08-XX,70 Flora Road,3,970,1420000,Condominium,Freehold,Resale,1464,136.01,Strata,Private,URA,not_clean,https://www.edgeprop.sg/condo-apartment/the-gale,the-gale
THE GALE,PASIR RIS,17,1 Sep 2020,74 Flora Road #05-XX,74 Flora Road,2,927,968000,Condominium,Freehold,Resale,1044,96.991,Strata,Private,URA,not_clean,https://www.edgeprop.sg/condo-apartment/the-gale,the-gale
THE GALE,PASIR RIS,17,13 Aug 2020,72 Flora Road #08-XX,72 Flora Road,2,994,685000,Condominium,Freehold,Resale,689,64.01,Strata,Private,URA,not_clean,https://www.edgeprop.sg/condo-apartment/the-gale,the-gale
THE GALE,PASIR RIS,17,19 Mar 2020,70 Flora Road #08-XX,70 Flora Road,3,995,1350000,Condominium,Freehold,Resale,1356,125.977,Strata,Private,URA,not_clean,https://www.edgeprop.sg/condo-apartment/the-gale,the-gale
THE GALE,PASIR RIS,17,25 Feb 2020,78 Flora Road #02-XX,78 Flora Road,2,1006,1040000,Condominium,Freehold,Resale,1033,95.969,Strata,Private,URA,not_clean,https://www.edgeprop.sg/condo-apartment/the-gale,the-gale
THE GALE,PASIR RIS,17,7 Jan 2020,70 Flora Road #03-XX,70 Flora Road,2,944,955000,Condominium,Freehold,Resale,1012,94.018,Strata,HDB,URA,not_clean,https://www.edgeprop.sg/condo-apartment/the-gale,the-gale
THE GALE,PASIR RIS,17,24 Sep 2019,76 Flora Road #02-XX,76 Flora Road,3,943,1380000,Condominium,Freehold,Resale,1464,136.01,Strata,HDB,URA,not_clean,https://www.edgeprop.sg/condo-apartment/the-gale,the-gale
THE GALE,PASIR RIS,17,2 Aug 2019,74 Flora Road #05-XX,74 Flora Road,3,929,1360000,Condominium,Freehold,Resale,1464,136.01,Strata,Private,URA,not_clean,https://www.edgeprop.sg/condo-apartment/the-gale,the-gale
THE GALE,PASIR RIS,17,31 Jul 2019,68 Flora Road #04-XX,68 Flora Road,2,954,945000,Condominium,Freehold,Resale,990,91.974,Strata,Private,URA,not_clean,https://www.edgeprop.sg/condo-apartment/the-gale,the-gale
THE GALE,PASIR RIS,17,3 Jul 2019,74 Flora Road #04-XX,74 Flora Road,3,956,1399000,Condominium,Freehold,Resale,1464,136.01,Strata,Private,URA,not_clean,https://www.edgeprop.sg/condo-apartment/the-gale,the-gale
THE GALE,PASIR RIS,17,29 Mar 2019,64 Flora Road #07-XX,64 Flora Road,3,1029,1385000,Condominium,Freehold,Resale,1346,125.047,Strata,HDB,URA,not_clean,https://www.edgeprop.sg/condo-apartment/the-gale,the-gale
THE GALE,PASIR RIS,17,26 Mar 2019,70 Flora Road #07-XX,70 Flora Road,2,980,960000,Condominium,Freehold,Resale,980,91.045,Strata,HDB,URA,not_clean,https://www.edgeprop.sg/condo-apartment/the-gale,the-gale
THE INFLORA,PASIR RIS,17,8 Jun 2026,55 FLORA DRIVE #06-XX,55 FLORA DRIVE,1,1448,670000,Condominium,99 Yrs From 25/05/2012,Resale,463,43.014,Strata,HDB,URA,not_clean,https://www.edgeprop.sg/condo-apartment/the-inflora,the-inflora
THE INFLORA,PASIR RIS,17,5 May 2026,63 FLORA DRIVE #08-XX,63 FLORA DRIVE,2,1286,955000,Condominium,99 Yrs From 25/05/2012,Resale,743,69.027,Strata,HDB,URA,not_clean,https://www.edgeprop.sg/condo-apartment/the-inflora,the-inflora
THE INFLORA,PASIR RIS,17,28 Apr 2026,51 FLORA DRIVE #05-XX,51 FLORA DRIVE,1,1437,665000,Condominium,99 Yrs From 25/05/2012,Resale,463,43.014,Strata,HDB,URA,not_clean,https://www.edgeprop.sg/condo-apartment/the-inflora,the-inflora
THE INFLORA,PASIR RIS,17,6 Apr 2026,57 FLORA DRIVE #01-XX,57 FLORA DRIVE,2,1269,1120000,Condominium,99 Yrs From 25/05/2012,Resale,883,82.033,Strata,HDB,URA,not_clean,https://www.edgeprop.sg/condo-apartment/the-inflora,the-inflora
THE INFLORA,PASIR RIS,17,16 Mar 2026,51 FLORA DRIVE #06-XX,51 FLORA DRIVE,3,1244,1285000,Condominium,99 Yrs From 25/05/2012,Resale,1033,95.969,Strata,Private,URA,not_clean,https://www.edgeprop.sg/condo-apartment/the-inflora,the-inflora
THE INFLORA,PASIR RIS,17,25 Feb 2026,61 FLORA DRIVE #02-XX,61 FLORA DRIVE,2,1332,1090000,Condominium,99 Yrs From 25/05/2012,Resale,818,75.995,Strata,Private,URA,not_clean,https://www.edgeprop.sg/condo-apartment/the-inflora,the-inflora
THE INFLORA,PASIR RIS,17,13 Feb 2026,63 FLORA DRIVE #03-XX,63 FLORA DRIVE,3,1258,1300000,Condominium,99 Yrs From 25/05/2012,Resale,1033,95.969,Strata,Private,URA,not_clean,https://www.edgeprop.sg/condo-apartment/the-inflora,the-inflora
THE INFLORA,PASIR RIS,17,2 Feb 2026,55 FLORA DRIVE #05-XX,55 FLORA DRIVE,1,1480,685000,Condominium,99 Yrs From 25/05/2012,Resale,463,43.014,Strata,Private,URA,not_clean,https://www.edgeprop.sg/condo-apartment/the-inflora,the-inflora
THE INFLORA,PASIR RIS,17,20 Jan 2026,51 FLORA DRIVE #02-XX,51 FLORA DRIVE,1,1426,660000,Condominium,99 Yrs From 25/05/2012,Resale,463,43.014,Strata,Private,URA,not_clean,https://www.edgeprop.sg/condo-apartment/the-inflora,the-inflora
THE INFLORA,PASIR RIS,17,8 Dec 2025,59 FLORA DRIVE #01-XX,59 FLORA DRIVE,2,1267,1118000,Condominium,99 Yrs From 25/05/2012,Resale,883,82.033,Strata,Private,URA,not_clean,https://www.edgeprop.sg/condo-apartment/the-inflora,the-inflora
THE INFLORA,PASIR RIS,17,18 Nov 2025,67 FLORA DRIVE #01-XX,67 FLORA DRIVE,2,1246,1100000,Condominium,99 Yrs From 25/05/2012,Resale,883,82.033,Strata,Private,URA,not_clean,https://www.edgeprop.sg/condo-apartment/the-inflora,the-inflora
THE INFLORA,PASIR RIS,17,6 Nov 2025,65 FLORA DRIVE #01-XX,65 FLORA DRIVE,1,1457,690000,Condominium,99 Yrs From 25/05/2012,Resale,474,44.036,Strata,HDB,URA,not_clean,https://www.edgeprop.sg/condo-apartment/the-inflora,the-inflora
THE INFLORA,PASIR RIS,17,17 Oct 2025,67 FLORA DRIVE #04-XX,67 FLORA DRIVE,2,1320,1080000,Condominium,99 Yrs From 25/05/2012,Resale,818,75.995,Strata,Private,URA,not_clean,https://www.edgeprop.sg/condo-apartment/the-inflora,the-inflora
THE INFLORA,PASIR RIS,17,14 Oct 2025,57 FLORA DRIVE #07-XX,57 FLORA DRIVE,3,1092,1728000,Condominium,99 Yrs From 25/05/2012,Resale,1582,146.973,Strata,Private,URA,not_clean,https://www.edgeprop.sg/condo-apartment/the-inflora,the-inflora
THE INFLORA,PASIR RIS,17,8 Oct 2025,65 FLORA DRIVE #02-XX,65 FLORA DRIVE,1,1361,630000,Condominium,99 Yrs From 25/05/2012,Resale,463,43.014,Strata,Private,URA,not_clean,https://www.edgeprop.sg/condo-apartment/the-inflora,the-inflora
THE INFLORA,PASIR RIS,17,8 Oct 2025,59 FLORA DRIVE #01-XX,59 FLORA DRIVE,1,1404,680000,Condominium,99 Yrs From 25/05/2012,Resale,484,44.965,Strata,Private,URA,not_clean,https://www.edgeprop.sg/condo-apartment/the-inflora,the-inflora
THE INFLORA,PASIR RIS,17,2 Oct 2025,65 FLORA DRIVE #03-XX,65 FLORA DRIVE,1,1469,680000,Condominium,99 Yrs From 25/05/2012,Resale,463,43.014,Strata,HDB,URA,not_clean,https://www.edgeprop.sg/condo-apartment/the-inflora,the-inflora
THE INFLORA,PASIR RIS,17,19 Sep 2025,59 FLORA DRIVE #02-XX,59 FLORA DRIVE,2,1286,955000,Condominium,99 Yrs From 25/05/2012,Resale,743,69.027,Strata,Private,URA,not_clean,https://www.edgeprop.sg/condo-apartment/the-inflora,the-inflora
THE INFLORA,PASIR RIS,17,5 Sep 2025,61 FLORA DRIVE #05-XX,61 FLORA DRIVE,4,1213,1775000,Condominium,99 Yrs From 25/05/2012,Resale,1464,136.01,Strata,Private,URA,not_clean,https://www.edgeprop.sg/condo-apartment/the-inflora,the-inflora
THE INFLORA,PASIR RIS,17,14 Aug 2025,63 FLORA DRIVE #06-XX,63 FLORA DRIVE,2,1333,990000,Condominium,99 Yrs From 25/05/2012,Resale,743,69.027,Strata,Private,URA,not_clean,https://www.edgeprop.sg/condo-apartment/the-inflora,the-inflora
THE INFLORA,PASIR RIS,17,5 Aug 2025,57 Flora Drive #04-XX,57 Flora Drive,2,1266,940000,Condominium,99 Yrs From 25/05/2012,Resale,743,69.027,Strata,Private,URA,not_clean,https://www.edgeprop.sg/condo-apartment/the-inflora,the-inflora
THE INFLORA,PASIR RIS,17,5 Aug 2025,51 Flora Drive #04-XX,51 Flora Drive,2,1266,940000,Condominium,99 Yrs From 25/05/2012,Resale,743,69.027,Strata,HDB,URA,not_clean,https://www.edgeprop.sg/condo-apartment/the-inflora,the-inflora
THE INFLORA,PASIR RIS,17,4 Jul 2025,55 FLORA DRIVE #06-XX,55 FLORA DRIVE,2,1320,1080000,Condominium,99 Yrs From 25/05/2012,Resale,818,75.995,Strata,HDB,URA,not_clean,https://www.edgeprop.sg/condo-apartment/the-inflora,the-inflora
THE INFLORA,PASIR RIS,17,20 Jun 2025,67 Flora Drive #01-XX,67 Flora Drive,1,1450,686868,Condominium,99 Yrs From 25/05/2012,Resale,474,44.036,Strata,Private,URA,not_clean,https://www.edgeprop.sg/condo-apartment/the-inflora,the-inflora
THE INFLORA,PASIR RIS,17,30 May 2025,51 Flora Drive #07-XX,51 Flora Drive,1,1486,688000,Condominium,99 Yrs From 25/05/2012,Resale,463,43.014,Strata,HDB,URA,not_clean,https://www.edgeprop.sg/condo-apartment/the-inflora,the-inflora
THE INFLORA,PASIR RIS,17,23 May 2025,67 Flora Drive #04-XX,67 Flora Drive,2,1271,1040000,Condominium,99 Yrs From 25/05/2012,Resale,818,75.995,Strata,Private,URA,not_clean,https://www.edgeprop.sg/condo-apartment/the-inflora,the-inflora
THE INFLORA,PASIR RIS,17,5 May 2025,51 Flora Drive #07-XX,51 Flora Drive,1,1512,700000,Condominium,99 Yrs From 25/05/2012,Resale,463,43.014,Strata,HDB,URA,not_clean,https://www.edgeprop.sg/condo-apartment/the-inflora,the-inflora
THE INFLORA,PASIR RIS,17,17 Apr 2025,59 Flora Drive #02-XX,59 Flora Drive,2,1363,1115000,Condominium,99 Yrs From 25/05/2012,Resale,818,75.995,Strata,Private,URA,not_clean,https://www.edgeprop.sg/condo-apartment/the-inflora,the-inflora
THE INFLORA,PASIR RIS,17,11 Apr 2025,59 Flora Drive #03-XX,59 Flora Drive,2,1319,980000,Condominium,99 Yrs From 25/05/2012,Resale,743,69.027,Strata,HDB,URA,not_clean,https://www.edgeprop.sg/condo-apartment/the-inflora,the-inflora
THE INFLORA,PASIR RIS,17,10 Apr 2025,53 Flora Drive #03-XX,53 Flora Drive,3,1248,1290000,Condominium,99 Yrs From 25/05/2012,Resale,1033,95.969,Strata,HDB,URA,not_clean,https://www.edgeprop.sg/condo-apartment/the-inflora,the-inflora
THE INFLORA,PASIR RIS,17,4 Apr 2025,67 Flora Drive #05-XX,67 Flora Drive,1,1448,670000,Condominium,99 Yrs From 25/05/2012,Resale,463,43.014,Strata,Private,URA,not_clean,https://www.edgeprop.sg/condo-apartment/the-inflora,the-inflora
THE INFLORA,PASIR RIS,17,28 Mar 2025,67 Flora Drive #04-XX,67 Flora Drive,1,1473,682000,Condominium,99 Yrs From 25/05/2012,Resale,463,43.014,Strata,HDB,URA,not_clean,https://www.edgeprop.sg/condo-apartment/the-inflora,the-inflora
THE INFLORA,PASIR RIS,17,27 Dec 2024,53 Flora Drive #01-XX,53 Flora Drive,3,1380,1530000,Condominium,99 Yrs From 25/05/2012,Resale,1109,103.029,Strata,Private,URA,not_clean,https://www.edgeprop.sg/condo-apartment/the-inflora,the-inflora
THE INFLORA,PASIR RIS,17,20 Dec 2024,61 Flora Drive #02-XX,61 Flora Drive,4,1195,1750000,Condominium,99 Yrs From 25/05/2012,Resale,1464,136.01,Strata,Private,URA,not_clean,https://www.edgeprop.sg/condo-apartment/the-inflora,the-inflora
THE INFLORA,PASIR RIS,17,20 Dec 2024,57 Flora Drive #04-XX,57 Flora Drive,2,1310,973000,Condominium,99 Yrs From 25/05/2012,Resale,743,69.027,Strata,HDB,URA,not_clean,https://www.edgeprop.sg/condo-apartment/the-inflora,the-inflora
THE INFLORA,PASIR RIS,17,25 Nov 2024,63 Flora Drive #06-XX,63 Flora Drive,2,1308,1070000,Condominium,99 Yrs From 25/05/2012,Resale,818,75.995,Strata,HDB,URA,not_clean,https://www.edgeprop.sg/condo-apartment/the-inflora,the-inflora
THE INFLORA,PASIR RIS,17,13 Nov 2024,67 Flora Drive #06-XX,67 Flora Drive,4,1328,1730000,Condominium,99 Yrs From 25/05/2012,Resale,1302,120.96,Strata,HDB,URA,not_clean,https://www.edgeprop.sg/condo-apartment/the-inflora,the-inflora
THE INFLORA,PASIR RIS,17,28 Oct 2024,67 Flora Drive #01-XX,67 Flora Drive,4,1274,1700000,Condominium,99 Yrs From 25/05/2012,Resale,1335,124.026,Strata,HDB,URA,not_clean,https://www.edgeprop.sg/condo-apartment/the-inflora,the-inflora
THE INFLORA,PASIR RIS,17,25 Oct 2024,67 Flora Drive #03-XX,67 Flora Drive,2,1299,965000,Condominium,99 Yrs From 25/05/2012,Resale,743,69.027,Strata,HDB,URA,not_clean,https://www.edgeprop.sg/condo-apartment/the-inflora,the-inflora
THE INFLORA,PASIR RIS,17,4 Oct 2024,53 Flora Drive #02-XX,53 Flora Drive,1,1426,660000,Condominium,99 Yrs From 25/05/2012,Resale,463,43.014,Strata,Private,URA,not_clean,https://www.edgeprop.sg/condo-apartment/the-inflora,the-inflora
THE INFLORA,PASIR RIS,17,20 Sep 2024,51 Flora Drive #04-XX,51 Flora Drive,1,1394,645000,Condominium,99 Yrs From 25/05/2012,Resale,463,43.014,Strata,Private,URA,not_clean,https://www.edgeprop.sg/condo-apartment/the-inflora,the-inflora
THE INFLORA,PASIR RIS,17,3 Sep 2024,55 Flora Drive #08-XX,55 Flora Drive,2,1290,958000,Condominium,99 Yrs From 25/05/2012,Resale,743,69.027,Strata,Private,URA,not_clean,https://www.edgeprop.sg/condo-apartment/the-inflora,the-inflora
THE INFLORA,PASIR RIS,17,26 Aug 2024,65 Flora Drive #05-XX,65 Flora Drive,3,1258,1300000,Condominium,99 Yrs From 25/05/2012,Resale,1033,95.969,Strata,Private,URA,not_clean,https://www.edgeprop.sg/condo-apartment/the-inflora,the-inflora
THE INFLORA,PASIR RIS,17,23 Aug 2024,53 Flora Drive #06-XX,53 Flora Drive,1,1426,660000,Condominium,99 Yrs From 25/05/2012,Resale,463,43.014,Strata,HDB,URA,not_clean,https://www.edgeprop.sg/condo-apartment/the-inflora,the-inflora
THE INFLORA,PASIR RIS,17,1 Aug 2024,57 Flora Drive #07-XX,57 Flora Drive,1,1443,668000,Condominium,99 Yrs From 25/05/2012,Resale,463,43.014,Strata,HDB,URA,not_clean,https://www.edgeprop.sg/condo-apartment/the-inflora,the-inflora
THE INFLORA,PASIR RIS,17,5 Jul 2024,63 Flora Drive #04-XX,63 Flora Drive,1,1448,670000,Condominium,99 Yrs From 25/05/2012,Resale,463,43.014,Strata,HDB,URA,not_clean,https://www.edgeprop.sg/condo-apartment/the-inflora,the-inflora
THE INFLORA,PASIR RIS,17,19 Jun 2024,67 Flora Drive #02-XX,67 Flora Drive,2,1225,910000,Condominium,99 Yrs From 25/05/2012,Resale,743,69.027,Strata,Private,URA,not_clean,https://www.edgeprop.sg/condo-apartment/the-inflora,the-inflora
THE INFLORA,PASIR RIS,17,18 Jun 2024,65 Flora Drive #06-XX,65 Flora Drive,1,1428,661000,Condominium,99 Yrs From 25/05/2012,Resale,463,43.014,Strata,HDB,URA,not_clean,https://www.edgeprop.sg/condo-apartment/the-inflora,the-inflora
THE INFLORA,PASIR RIS,17,11 Jun 2024,55 Flora Drive #07-XX,55 Flora Drive,3,1106,1750000,Condominium,99 Yrs From 25/05/2012,Resale,1582,146.973,Strata,Private,URA,not_clean,https://www.edgeprop.sg/condo-apartment/the-inflora,the-inflora
THE INFLORA,PASIR RIS,17,4 Jun 2024,55 Flora Drive #01-XX,55 Flora Drive,2,1360,1200000,Condominium,99 Yrs From 25/05/2012,Resale,883,82.033,Strata,Private,URA,not_clean,https://www.edgeprop.sg/condo-apartment/the-inflora,the-inflora
THE INFLORA,PASIR RIS,17,3 Jun 2024,65 Flora Drive #08-XX,65 Flora Drive,1,1383,640000,Condominium,99 Yrs From 25/05/2012,Resale,463,43.014,Strata,HDB,URA,not_clean,https://www.edgeprop.sg/condo-apartment/the-inflora,the-inflora
THE INFLORA,PASIR RIS,17,31 May 2024,63 Flora Drive #04-XX,63 Flora Drive,3,1219,1260000,Condominium,99 Yrs From 25/05/2012,Resale,1033,95.969,Strata,Private,URA,not_clean,https://www.edgeprop.sg/condo-apartment/the-inflora,the-inflora
THE INFLORA,PASIR RIS,17,31 May 2024,67 Flora Drive #01-XX,67 Flora Drive,1,1410,667888,Condominium,99 Yrs From 25/05/2012,Resale,474,44.036,Strata,Private,URA,not_clean,https://www.edgeprop.sg/condo-apartment/the-inflora,the-inflora
THE INFLORA,PASIR RIS,17,17 May 2024,51 Flora Drive #07-XX,51 Flora Drive,2,1319,980000,Condominium,99 Yrs From 25/05/2012,Resale,743,69.027,Strata,HDB,URA,not_clean,https://www.edgeprop.sg/condo-apartment/the-inflora,the-inflora
THE INFLORA,PASIR RIS,17,30 Apr 2024,57 Flora Drive #03-XX,57 Flora Drive,3,1258,1300000,Condominium,99 Yrs From 25/05/2012,Resale,1033,95.969,Strata,HDB,URA,not_clean,https://www.edgeprop.sg/condo-apartment/the-inflora,the-inflora
THE INFLORA,PASIR RIS,17,25 Apr 2024,55 Flora Drive #03-XX,55 Flora Drive,2,1210,990000,Condominium,99 Yrs From 25/05/2012,Resale,818,75.995,Strata,HDB,URA,not_clean,https://www.edgeprop.sg/condo-apartment/the-inflora,the-inflora
THE INFLORA,PASIR RIS,17,9 Apr 2024,65 Flora Drive #06-XX,65 Flora Drive,4,1328,1730000,Condominium,99 Yrs From 25/05/2012,Resale,1302,120.96,Strata,HDB,URA,not_clean,https://www.edgeprop.sg/condo-apartment/the-inflora,the-inflora
THE INFLORA,PASIR RIS,17,8 Apr 2024,55 Flora Drive #06-XX,55 Flora Drive,1,1448,670000,Condominium,99 Yrs From 25/05/2012,Resale,463,43.014,Strata,Private,URA,not_clean,https://www.edgeprop.sg/condo-apartment/the-inflora,the-inflora
THE INFLORA,PASIR RIS,17,15 Mar 2024,63 Flora Drive #07-XX,63 Flora Drive,1,1210,560000,Condominium,99 Yrs From 25/05/2012,Resale,463,43.014,Strata,Private,URA,not_clean,https://www.edgeprop.sg/condo-apartment/the-inflora,the-inflora
THE INFLORA,PASIR RIS,17,5 Mar 2024,67 Flora Drive #02-XX,67 Flora Drive,2,1174,960000,Condominium,99 Yrs From 25/05/2012,Resale,818,75.995,Strata,HDB,URA,not_clean,https://www.edgeprop.sg/condo-apartment/the-inflora,the-inflora
THE INFLORA,PASIR RIS,17,23 Feb 2024,59 Flora Drive #02-XX,59 Flora Drive,3,1258,1300000,Condominium,99 Yrs From 25/05/2012,Resale,1033,95.969,Strata,HDB,URA,not_clean,https://www.edgeprop.sg/condo-apartment/the-inflora,the-inflora
THE INFLORA,PASIR RIS,17,25 Jan 2024,67 Flora Drive #02-XX,67 Flora Drive,2,1204,985000,Condominium,99 Yrs From 25/05/2012,Resale,818,75.995,Strata,Private,URA,not_clean,https://www.edgeprop.sg/condo-apartment/the-inflora,the-inflora
THE INFLORA,PASIR RIS,17,17 Nov 2023,67 Flora Drive #05-XX,67 Flora Drive,2,1161,950000,Condominium,99 Yrs From 25/05/2012,Resale,818,75.995,Strata,HDB,URA,not_clean,https://www.edgeprop.sg/condo-apartment/the-inflora,the-inflora
THE INFLORA,PASIR RIS,17,1 Nov 2023,63 Flora Drive #01-XX,63 Flora Drive,3,1173,1300000,Condominium,99 Yrs From 25/05/2012,Resale,1109,103.029,Strata,Private,URA,not_clean,https://www.edgeprop.sg/condo-apartment/the-inflora,the-inflora
THE INFLORA,PASIR RIS,17,25 Oct 2023,67 Flora Drive #08-XX,67 Flora Drive,4,1305,1700000,Condominium,99 Yrs From 25/05/2012,Resale,1302,120.96,Strata,Private,URA,not_clean,https://www.edgeprop.sg/condo-apartment/the-inflora,the-inflora
THE INFLORA,PASIR RIS,17,17 Oct 2023,57 Flora Drive #07-XX,57 Flora Drive,2,1286,955000,Condominium,99 Yrs From 25/05/2012,Resale,743,69.027,Strata,HDB,URA,not_clean,https://www.edgeprop.sg/condo-apartment/the-inflora,the-inflora
THE INFLORA,PASIR RIS,17,5 Oct 2023,51 Flora Drive #04-XX,51 Flora Drive,3,1234,1275000,Condominium,99 Yrs From 25/05/2012,Resale,1033,95.969,Strata,Private,URA,not_clean,https://www.edgeprop.sg/condo-apartment/the-inflora,the-inflora
THE INFLORA,PASIR RIS,17,5 Oct 2023,63 Flora Drive #05-XX,63 Flora Drive,3,1237,1278000,Condominium,99 Yrs From 25/05/2012,Resale,1033,95.969,Strata,HDB,URA,not_clean,https://www.edgeprop.sg/condo-apartment/the-inflora,the-inflora
THE INFLORA,PASIR RIS,17,4 Oct 2023,67 Flora Drive #01-XX,67 Flora Drive,2,1305,1152000,Condominium,99 Yrs From 25/05/2012,Resale,883,82.033,Strata,Private,URA,not_clean,https://www.edgeprop.sg/condo-apartment/the-inflora,the-inflora
THE INFLORA,PASIR RIS,17,29 Sep 2023,57 Flora Drive #03-XX,57 Flora Drive,2,1255,932000,Condominium,99 Yrs From 25/05/2012,Resale,743,69.027,Strata,HDB,URA,not_clean,https://www.edgeprop.sg/condo-apartment/the-inflora,the-inflora
THE INFLORA,PASIR RIS,17,19 Sep 2023,65 Flora Drive #04-XX,65 Flora Drive,2,1263,938000,Condominium,99 Yrs From 25/05/2012,Resale,743,69.027,Strata,Private,URA,not_clean,https://www.edgeprop.sg/condo-apartment/the-inflora,the-inflora
THE INFLORA,PASIR RIS,17,14 Sep 2023,57 Flora Drive #02-XX,57 Flora Drive,1,1422,658000,Condominium,99 Yrs From 25/05/2012,Resale,463,43.014,Strata,HDB,URA,not_clean,https://www.edgeprop.sg/condo-apartment/the-inflora,the-inflora
THE INFLORA,PASIR RIS,17,13 Sep 2023,63 Flora Drive #04-XX,63 Flora Drive,2,1186,970000,Condominium,99 Yrs From 25/05/2012,Resale,818,75.995,Strata,Private,URA,not_clean,https://www.edgeprop.sg/condo-apartment/the-inflora,the-inflora
THE INFLORA,PASIR RIS,17,12 Sep 2023,65 Flora Drive #05-XX,65 Flora Drive,2,1279,950000,Condominium,99 Yrs From 25/05/2012,Resale,743,69.027,Strata,HDB,URA,not_clean,https://www.edgeprop.sg/condo-apartment/the-inflora,the-inflora
THE INFLORA,PASIR RIS,17,7 Sep 2023,67 Flora Drive #06-XX,67 Flora Drive,1,1443,668000,Condominium,99 Yrs From 25/05/2012,Resale,463,43.014,Strata,Private,URA,not_clean,https://www.edgeprop.sg/condo-apartment/the-inflora,the-inflora
THE INFLORA,PASIR RIS,17,18 Aug 2023,59 Flora Drive #04-XX,59 Flora Drive,2,1272,945000,Condominium,99 Yrs From 25/05/2012,Resale,743,69.027,Strata,HDB,URA,not_clean,https://www.edgeprop.sg/condo-apartment/the-inflora,the-inflora
THE INFLORA,PASIR RIS,17,10 Aug 2023,53 Flora Drive #07-XX,53 Flora Drive,1,1426,660000,Condominium,99 Yrs From 25/05/2012,Resale,463,43.014,Strata,Private,URA,not_clean,https://www.edgeprop.sg/condo-apartment/the-inflora,the-inflora
THE INFLORA,PASIR RIS,17,26 Jul 2023,67 Flora Drive #02-XX,67 Flora Drive,1,1404,650000,Condominium,99 Yrs From 25/05/2012,Resale,463,43.014,Strata,HDB,URA,not_clean,https://www.edgeprop.sg/condo-apartment/the-inflora,the-inflora
THE INFLORA,PASIR RIS,17,13 Jul 2023,55 Flora Drive #04-XX,55 Flora Drive,2,1266,940000,Condominium,99 Yrs From 25/05/2012,Resale,743,69.027,Strata,HDB,URA,not_clean,https://www.edgeprop.sg/condo-apartment/the-inflora,the-inflora
THE INFLORA,PASIR RIS,17,28 Jun 2023,53 Flora Drive #02-XX,53 Flora Drive,1,1361,630000,Condominium,99 Yrs From 25/05/2012,Resale,463,43.014,Strata,Private,URA,not_clean,https://www.edgeprop.sg/condo-apartment/the-inflora,the-inflora
THE INFLORA,PASIR RIS,17,5 Jun 2023,51 Flora Drive #01-XX,51 Flora Drive,3,1245,1380000,Condominium,99 Yrs From 25/05/2012,Resale,1109,103.029,Strata,HDB,URA,not_clean,https://www.edgeprop.sg/condo-apartment/the-inflora,the-inflora
THE INFLORA,PASIR RIS,17,30 May 2023,59 Flora Drive #01-XX,59 Flora Drive,1,1321,640000,Condominium,99 Yrs From 25/05/2012,Resale,484,44.965,Strata,HDB,URA,not_clean,https://www.edgeprop.sg/condo-apartment/the-inflora,the-inflora
THE INFLORA,PASIR RIS,17,26 May 2023,67 Flora Drive #06-XX,67 Flora Drive,2,1210,990000,Condominium,99 Yrs From 25/05/2012,Resale,818,75.995,Strata,HDB,URA,not_clean,https://www.edgeprop.sg/condo-apartment/the-inflora,the-inflora
THE INFLORA,PASIR RIS,17,22 May 2023,67 Flora Drive #03-XX,67 Flora Drive,2,1198,980000,Condominium,99 Yrs From 25/05/2012,Resale,818,75.995,Strata,Private,URA,not_clean,https://www.edgeprop.sg/condo-apartment/the-inflora,the-inflora
THE INFLORA,PASIR RIS,17,11 May 2023,67 Flora Drive #05-XX,67 Flora Drive,1,1340,620000,Condominium,99 Yrs From 25/05/2012,Resale,463,43.014,Strata,Private,URA,not_clean,https://www.edgeprop.sg/condo-apartment/the-inflora,the-inflora
THE INFLORA,PASIR RIS,17,28 Apr 2023,57 Flora Drive #02-XX,57 Flora Drive,1,1387,642000,Condominium,99 Yrs From 25/05/2012,Resale,463,43.014,Strata,HDB,URA,not_clean,https://www.edgeprop.sg/condo-apartment/the-inflora,the-inflora
THE INFLORA,PASIR RIS,17,8 Mar 2023,55 Flora Drive #02-XX,55 Flora Drive,1,1378,638000,Condominium,99 Yrs From 25/05/2012,Resale,463,43.014,Strata,Private,URA,not_clean,https://www.edgeprop.sg/condo-apartment/the-inflora,the-inflora
THE INFLORA,PASIR RIS,17,7 Mar 2023,67 Flora Drive #07-XX,67 Flora Drive,1,1372,635000,Condominium,99 Yrs From 25/05/2012,Resale,463,43.014,Strata,HDB,URA,not_clean,https://www.edgeprop.sg/condo-apartment/the-inflora,the-inflora
THE INFLORA,PASIR RIS,17,14 Feb 2023,65 Flora Drive #03-XX,65 Flora Drive,3,1248,1290000,Condominium,99 Yrs From 25/05/2012,Resale,1033,95.969,Strata,Private,URA,not_clean,https://www.edgeprop.sg/condo-apartment/the-inflora,the-inflora
THE INFLORA,PASIR RIS,17,14 Feb 2023,67 Flora Drive #03-XX,67 Flora Drive,4,1275,1660000,Condominium,99 Yrs From 25/05/2012,Resale,1302,120.96,Strata,Private,URA,not_clean,https://www.edgeprop.sg/condo-apartment/the-inflora,the-inflora
THE INFLORA,PASIR RIS,17,30 Jan 2023,55 Flora Drive #06-XX,55 Flora Drive,1,1404,650000,Condominium,99 Yrs From 25/05/2012,Resale,463,43.014,Strata,HDB,URA,not_clean,https://www.edgeprop.sg/condo-apartment/the-inflora,the-inflora
THE INFLORA,PASIR RIS,17,27 Jan 2023,63 Flora Drive #02-XX,63 Flora Drive,3,1219,1260000,Condominium,99 Yrs From 25/05/2012,Resale,1033,95.969,Strata,Private,URA,not_clean,https://www.edgeprop.sg/condo-apartment/the-inflora,the-inflora
THE INFLORA,PASIR RIS,17,11 Jan 2023,67 Flora Drive #03-XX,67 Flora Drive,1,1383,640000,Condominium,99 Yrs From 25/05/2012,Resale,463,43.014,Strata,Private,URA,not_clean,https://www.edgeprop.sg/condo-apartment/the-inflora,the-inflora
THE INFLORA,PASIR RIS,17,6 Jan 2023,65 Flora Drive #04-XX,65 Flora Drive,3,1150,1188000,Condominium,99 Yrs From 25/05/2012,Resale,1033,95.969,Strata,Private,URA,not_clean,https://www.edgeprop.sg/condo-apartment/the-inflora,the-inflora
THE INFLORA,PASIR RIS,17,6 Jan 2023,53 Flora Drive #01-XX,53 Flora Drive,1,1330,630000,Condominium,99 Yrs From 25/05/2012,Resale,474,44.036,Strata,HDB,URA,not_clean,https://www.edgeprop.sg/condo-apartment/the-inflora,the-inflora
THE INFLORA,PASIR RIS,17,29 Dec 2022,59 Flora Drive #01-XX,59 Flora Drive,3,1173,1300000,Condominium,99 Yrs From 25/05/2012,Resale,1109,103.029,Strata,HDB,URA,not_clean,https://www.edgeprop.sg/condo-apartment/the-inflora,the-inflora
THE INFLORA,PASIR RIS,17,27 Dec 2022,61 Flora Drive #07-XX,61 Flora Drive,3,1011,1600000,Condominium,99 Yrs From 25/05/2012,Resale,1582,146.973,Strata,Private,URA,not_clean,https://www.edgeprop.sg/condo-apartment/the-inflora,the-inflora
THE INFLORA,PASIR RIS,17,16 Dec 2022,65 Flora Drive #07-XX,65 Flora Drive,1,1350,625000,Condominium,99 Yrs From 25/05/2012,Resale,463,43.014,Strata,HDB,URA,not_clean,https://www.edgeprop.sg/condo-apartment/the-inflora,the-inflora
THE INFLORA,PASIR RIS,17,18 Nov 2022,67 Flora Drive #08-XX,67 Flora Drive,2,1185,880000,Condominium,99 Yrs From 25/05/2012,Resale,743,69.027,Strata,Private,URA,not_clean,https://www.edgeprop.sg/condo-apartment/the-inflora,the-inflora
THE INFLORA,PASIR RIS,17,10 Nov 2022,51 FLORA DRIVE #06-XX,51 FLORA DRIVE,2,1169,868000,Condominium,99 Yrs From 25/05/2012,Resale,743,69.027,Strata,HDB,URA,not_clean,https://www.edgeprop.sg/condo-apartment/the-inflora,the-inflora
THE INFLORA,PASIR RIS,17,19 Oct 2022,59 Flora Drive #08-XX,59 Flora Drive,2,1186,970000,Condominium,99 Yrs From 25/05/2012,Resale,818,75.995,Strata,Private,URA,not_clean,https://www.edgeprop.sg/condo-apartment/the-inflora,the-inflora
THE INFLORA,PASIR RIS,17,19 Oct 2022,63 FLORA DRIVE #08-XX,63 FLORA DRIVE,1,1329,615000,Condominium,99 Yrs From 25/05/2012,Resale,463,43.014,Strata,HDB,URA,not_clean,https://www.edgeprop.sg/condo-apartment/the-inflora,the-inflora
THE INFLORA,PASIR RIS,17,11 Oct 2022,67 Flora Drive #01-XX,67 Flora Drive,2,1132,999000,Condominium,99 Yrs From 25/05/2012,Resale,883,82.033,Strata,Private,URA,not_clean,https://www.edgeprop.sg/condo-apartment/the-inflora,the-inflora
THE INFLORA,PASIR RIS,17,28 Sep 2022,55 Flora Drive #07-XX,55 Flora Drive,1,1329,615000,Condominium,99 Yrs From 25/05/2012,Resale,463,43.014,Strata,HDB,URA,not_clean,https://www.edgeprop.sg/condo-apartment/the-inflora,the-inflora
THE INFLORA,PASIR RIS,17,20 Sep 2022,55 Flora Drive #04-XX,55 Flora Drive,1,1318,610000,Condominium,99 Yrs From 25/05/2012,Resale,463,43.014,Strata,HDB,URA,not_clean,https://www.edgeprop.sg/condo-apartment/the-inflora,the-inflora
THE INFLORA,PASIR RIS,17,19 Sep 2022,53 Flora Drive #03-XX,53 Flora Drive,3,1130,1168000,Condominium,99 Yrs From 25/05/2012,Resale,1033,95.969,Strata,HDB,URA,not_clean,https://www.edgeprop.sg/condo-apartment/the-inflora,the-inflora
THE INFLORA,PASIR RIS,17,14 Sep 2022,63 Flora Drive #03-XX,63 Flora Drive,2,1138,845000,Condominium,99 Yrs From 25/05/2012,Resale,743,69.027,Strata,HDB,URA,not_clean,https://www.edgeprop.sg/condo-apartment/the-inflora,the-inflora
THE INFLORA,PASIR RIS,17,15 Aug 2022,53 Flora Drive #08-XX,53 Flora Drive,4,1228,1600000,Condominium,99 Yrs From 25/05/2012,Resale,1302,120.96,Strata,Private,URA,not_clean,https://www.edgeprop.sg/condo-apartment/the-inflora,the-inflora
THE INFLORA,PASIR RIS,17,15 Aug 2022,55 Flora Drive #08-XX,55 Flora Drive,1,1329,615000,Condominium,99 Yrs From 25/05/2012,Resale,463,43.014,Strata,Private,URA,not_clean,https://www.edgeprop.sg/condo-apartment/the-inflora,the-inflora
THE INFLORA,PASIR RIS,17,3 Aug 2022,53 Flora Drive #03-XX,53 Flora Drive,3,1123,1160000,Condominium,99 Yrs From 25/05/2012,Resale,1033,95.969,Strata,Private,URA,not_clean,https://www.edgeprop.sg/condo-apartment/the-inflora,the-inflora
THE INFLORA,PASIR RIS,17,21 Jul 2022,63 Flora Drive #06-XX,63 Flora Drive,2,1144,850000,Condominium,99 Yrs From 25/05/2012,Resale,743,69.027,Strata,Private,URA,not_clean,https://www.edgeprop.sg/condo-apartment/the-inflora,the-inflora
THE INFLORA,PASIR RIS,17,18 Jul 2022,55 Flora Drive #03-XX,55 Flora Drive,1,1275,590000,Condominium,99 Yrs From 25/05/2012,Resale,463,43.014,Strata,Private,URA,not_clean,https://www.edgeprop.sg/condo-apartment/the-inflora,the-inflora
THE INFLORA,PASIR RIS,17,30 Jun 2022,57 Flora Drive #04-XX,57 Flora Drive,2,1076,880000,Condominium,99 Yrs From 25/05/2012,Resale,818,75.995,Strata,HDB,URA,not_clean,https://www.edgeprop.sg/condo-apartment/the-inflora,the-inflora
THE INFLORA,PASIR RIS,17,24 Jun 2022,59 Flora Drive #08-XX,59 Flora Drive,1,1318,610000,Condominium,99 Yrs From 25/05/2012,Resale,463,43.014,Strata,HDB,URA,not_clean,https://www.edgeprop.sg/condo-apartment/the-inflora,the-inflora
THE INFLORA,PASIR RIS,17,21 Jun 2022,65 Flora Drive #02-XX,65 Flora Drive,2,1131,840000,Condominium,99 Yrs From 25/05/2012,Resale,743,69.027,Strata,Private,URA,not_clean,https://www.edgeprop.sg/condo-apartment/the-inflora,the-inflora
THE INFLORA,PASIR RIS,17,20 Jun 2022,53 Flora Drive #08-XX,53 Flora Drive,1,1329,615000,Condominium,99 Yrs From 25/05/2012,Resale,463,43.014,Strata,HDB,URA,not_clean,https://www.edgeprop.sg/condo-apartment/the-inflora,the-inflora
THE INFLORA,PASIR RIS,17,6 Jun 2022,51 Flora Drive #08-XX,51 Flora Drive,1,1296,600000,Condominium,99 Yrs From 25/05/2012,Resale,463,43.014,Strata,Private,URA,not_clean,https://www.edgeprop.sg/condo-apartment/the-inflora,the-inflora
THE INFLORA,PASIR RIS,17,29 Apr 2022,51 Flora Drive #07-XX,51 Flora Drive,1,1270,588000,Condominium,99 Yrs From 25/05/2012,Resale,463,43.014,Strata,HDB,URA,not_clean,https://www.edgeprop.sg/condo-apartment/the-inflora,the-inflora
THE INFLORA,PASIR RIS,17,29 Apr 2022,57 Flora Drive #06-XX,57 Flora Drive,1,1292,598000,Condominium,99 Yrs From 25/05/2012,Resale,463,43.014,Strata,HDB,URA,not_clean,https://www.edgeprop.sg/condo-apartment/the-inflora,the-inflora
THE INFLORA,PASIR RIS,17,25 Apr 2022,51 Flora Drive #02-XX,51 Flora Drive,2,1158,860000,Condominium,99 Yrs From 25/05/2012,Resale,743,69.027,Strata,HDB,URA,not_clean,https://www.edgeprop.sg/condo-apartment/the-inflora,the-inflora
THE INFLORA,PASIR RIS,17,11 Apr 2022,57 Flora Drive #04-XX,57 Flora Drive,1,1264,585000,Condominium,99 Yrs From 25/05/2012,Resale,463,43.014,Strata,Private,URA,not_clean,https://www.edgeprop.sg/condo-apartment/the-inflora,the-inflora
THE INFLORA,PASIR RIS,17,31 Mar 2022,55 Flora Drive #01-XX,55 Flora Drive,3,1082,1200000,Condominium,99 Yrs From 25/05/2012,Resale,1109,103.029,Strata,Private,URA,not_clean,https://www.edgeprop.sg/condo-apartment/the-inflora,the-inflora
THE INFLORA,PASIR RIS,17,31 Mar 2022,59 Flora Drive #07-XX,59 Flora Drive,3,897,1420000,Condominium,99 Yrs From 25/05/2012,Resale,1582,146.973,Strata,Private,URA,not_clean,https://www.edgeprop.sg/condo-apartment/the-inflora,the-inflora
THE INFLORA,PASIR RIS,17,29 Mar 2022,53 Flora Drive #02-XX,53 Flora Drive,3,1074,1110000,Condominium,99 Yrs From 25/05/2012,Resale,1033,95.969,Strata,Private,URA,not_clean,https://www.edgeprop.sg/condo-apartment/the-inflora,the-inflora
THE INFLORA,PASIR RIS,17,25 Mar 2022,53 Flora Drive #01-XX,53 Flora Drive,4,1124,1500000,Condominium,99 Yrs From 25/05/2012,Resale,1335,124.026,Strata,Private,URA,not_clean,https://www.edgeprop.sg/condo-apartment/the-inflora,the-inflora
THE INFLORA,PASIR RIS,17,17 Mar 2022,67 Flora Drive #07-XX,67 Flora Drive,1,1275,590000,Condominium,99 Yrs From 25/05/2012,Resale,463,43.014,Strata,HDB,URA,not_clean,https://www.edgeprop.sg/condo-apartment/the-inflora,the-inflora
THE INFLORA,PASIR RIS,17,15 Mar 2022,53 Flora Drive #08-XX,53 Flora Drive,1,1275,590000,Condominium,99 Yrs From 25/05/2012,Resale,463,43.014,Strata,HDB,URA,not_clean,https://www.edgeprop.sg/condo-apartment/the-inflora,the-inflora
THE INFLORA,PASIR RIS,17,18 Feb 2022,67 Flora Drive #02-XX,67 Flora Drive,4,1044,1360000,Condominium,99 Yrs From 25/05/2012,Resale,1302,120.96,Strata,Private,URA,not_clean,https://www.edgeprop.sg/condo-apartment/the-inflora,the-inflora
THE INFLORA,PASIR RIS,17,15 Feb 2022,55 Flora Drive #07-XX,55 Flora Drive,1,1238,573000,Condominium,99 Yrs From 25/05/2012,Resale,463,43.014,Strata,HDB,URA,not_clean,https://www.edgeprop.sg/condo-apartment/the-inflora,the-inflora
THE INFLORA,PASIR RIS,17,28 Jan 2022,51 Flora Drive #07-XX,51 Flora Drive,1,1238,573000,Condominium,99 Yrs From 25/05/2012,Resale,463,43.014,Strata,HDB,URA,not_clean,https://www.edgeprop.sg/condo-apartment/the-inflora,the-inflora
THE INFLORA,PASIR RIS,17,26 Jan 2022,55 Flora Drive #01-XX,55 Flora Drive,4,1026,1370000,Condominium,99 Yrs From 25/05/2012,Resale,1335,124.026,Strata,Private,URA,not_clean,https://www.edgeprop.sg/condo-apartment/the-inflora,the-inflora
THE INFLORA,PASIR RIS,17,17 Jan 2022,59 FLORA DRIVE #02-XX,59 FLORA DRIVE,2,1039,850000,Condominium,99 Yrs From 25/05/2012,Resale,818,75.995,Strata,HDB,URA,not_clean,https://www.edgeprop.sg/condo-apartment/the-inflora,the-inflora
THE INFLORA,PASIR RIS,17,14 Jan 2022,65 Flora Drive #08-XX,65 Flora Drive,2,1057,785000,Condominium,99 Yrs From 25/05/2012,Resale,743,69.027,Strata,Private,URA,not_clean,https://www.edgeprop.sg/condo-apartment/the-inflora,the-inflora
THE INFLORA,PASIR RIS,17,3 Jan 2022,67 Flora Drive #04-XX,67 Flora Drive,2,1057,865000,Condominium,99 Yrs From 25/05/2012,Resale,818,75.995,Strata,Private,URA,not_clean,https://www.edgeprop.sg/condo-apartment/the-inflora,the-inflora
THE INFLORA,PASIR RIS,17,30 Dec 2021,65 Flora Drive #02-XX,65 Flora Drive,1,1210,560000,Condominium,99 Yrs From 25/05/2012,Resale,463,43.014,Strata,HDB,URA,not_clean,https://www.edgeprop.sg/condo-apartment/the-inflora,the-inflora
THE INFLORA,PASIR RIS,17,30 Dec 2021,53 Flora Drive #05-XX,53 Flora Drive,3,1045,1080000,Condominium,99 Yrs From 25/05/2012,Resale,1033,95.969,Strata,Private,URA,not_clean,https://www.edgeprop.sg/condo-apartment/the-inflora,the-inflora
THE INFLORA,PASIR RIS,17,28 Dec 2021,55 Flora Drive #04-XX,55 Flora Drive,2,1039,850000,Condominium,99 Yrs From 25/05/2012,Resale,818,75.995,Strata,Private,URA,not_clean,https://www.edgeprop.sg/condo-apartment/the-inflora,the-inflora
THE INFLORA,PASIR RIS,17,23 Dec 2021,51 Flora Drive #02-XX,51 Flora Drive,3,1045,1080000,Condominium,99 Yrs From 25/05/2012,Resale,1033,95.969,Strata,Private,URA,not_clean,https://www.edgeprop.sg/condo-apartment/the-inflora,the-inflora
THE INFLORA,PASIR RIS,17,16 Dec 2021,67 Flora Drive #07-XX,67 Flora Drive,2,996,815000,Condominium,99 Yrs From 25/05/2012,Resale,818,75.995,Strata,HDB,URA,not_clean,https://www.edgeprop.sg/condo-apartment/the-inflora,the-inflora
THE INFLORA,PASIR RIS,17,8 Dec 2021,65 Flora Drive #07-XX,65 Flora Drive,1,1227,568000,Condominium,99 Yrs From 25/05/2012,Resale,463,43.014,Strata,Private,URA,not_clean,https://www.edgeprop.sg/condo-apartment/the-inflora,the-inflora
THE INFLORA,PASIR RIS,17,22 Nov 2021,55 Flora Drive #02-XX,55 Flora Drive,2,1015,830000,Condominium,99 Yrs From 25/05/2012,Resale,818,75.995,Strata,HDB,URA,not_clean,https://www.edgeprop.sg/condo-apartment/the-inflora,the-inflora
THE INFLORA,PASIR RIS,17,17 Nov 2021,61 Flora Drive #08-XX,61 Flora Drive,4,1036,1516000,Condominium,99 Yrs From 25/05/2012,Resale,1464,136.01,Strata,Private,URA,not_clean,https://www.edgeprop.sg/condo-apartment/the-inflora,the-inflora
THE INFLORA,PASIR RIS,17,16 Nov 2021,61 Flora Drive #08-XX,61 Flora Drive,2,1057,865000,Condominium,99 Yrs From 25/05/2012,Resale,818,75.995,Strata,Private,URA,not_clean,https://www.edgeprop.sg/condo-apartment/the-inflora,the-inflora
THE INFLORA,PASIR RIS,17,11 Nov 2021,53 Flora Drive #04-XX,53 Flora Drive,3,1016,1050000,Condominium,99 Yrs From 25/05/2012,Resale,1033,95.969,Strata,HDB,URA,not_clean,https://www.edgeprop.sg/condo-apartment/the-inflora,the-inflora
THE INFLORA,PASIR RIS,17,29 Oct 2021,67 Flora Drive #08-XX,67 Flora Drive,2,1045,855000,Condominium,99 Yrs From 25/05/2012,Resale,818,75.995,Strata,Private,URA,not_clean,https://www.edgeprop.sg/condo-apartment/the-inflora,the-inflora
THE INFLORA,PASIR RIS,17,28 Oct 2021,51 Flora Drive #04-XX,51 Flora Drive,1,1180,546000,Condominium,99 Yrs From 25/05/2012,Resale,463,43.014,Strata,Private,URA,not_clean,https://www.edgeprop.sg/condo-apartment/the-inflora,the-inflora
THE INFLORA,PASIR RIS,17,22 Oct 2021,57 Flora Drive #01-XX,57 Flora Drive,2,984,805000,Condominium,99 Yrs From 25/05/2012,Resale,818,75.995,Strata,Private,URA,not_clean,https://www.edgeprop.sg/condo-apartment/the-inflora,the-inflora
THE INFLORA,PASIR RIS,17,22 Oct 2021,65 Flora Drive #05-XX,65 Flora Drive,2,1023,760000,Condominium,99 Yrs From 25/05/2012,Resale,743,69.027,Strata,Private,URA,not_clean,https://www.edgeprop.sg/condo-apartment/the-inflora,the-inflora
THE INFLORA,PASIR RIS,17,21 Oct 2021,55 Flora Drive #01-XX,55 Flora Drive,2,978,800000,Condominium,99 Yrs From 25/05/2012,Resale,818,75.995,Strata,HDB,URA,not_clean,https://www.edgeprop.sg/condo-apartment/the-inflora,the-inflora
THE INFLORA,PASIR RIS,17,18 Oct 2021,67 Flora Drive #05-XX,67 Flora Drive,2,978,800000,Condominium,99 Yrs From 25/05/2012,Resale,818,75.995,Strata,HDB,URA,not_clean,https://www.edgeprop.sg/condo-apartment/the-inflora,the-inflora
THE INFLORA,PASIR RIS,17,18 Oct 2021,51 Flora Drive #05-XX,51 Flora Drive,1,1188,550000,Condominium,99 Yrs From 25/05/2012,Resale,463,43.014,Strata,Private,URA,not_clean,https://www.edgeprop.sg/condo-apartment/the-inflora,the-inflora
THE INFLORA,PASIR RIS,17,15 Oct 2021,63 Flora Drive #05-XX,63 Flora Drive,2,1003,745000,Condominium,99 Yrs From 25/05/2012,Resale,743,69.027,Strata,Private,URA,not_clean,https://www.edgeprop.sg/condo-apartment/the-inflora,the-inflora
THE INFLORA,PASIR RIS,17,30 Sep 2021,63 Flora Drive #01-XX,63 Flora Drive,2,953,780000,Condominium,99 Yrs From 25/05/2012,Resale,818,75.995,Strata,HDB,URA,not_clean,https://www.edgeprop.sg/condo-apartment/the-inflora,the-inflora
THE INFLORA,PASIR RIS,17,24 Sep 2021,57 Flora Drive #03-XX,57 Flora Drive,2,1010,750000,Condominium,99 Yrs From 25/05/2012,Resale,743,69.027,Strata,HDB,URA,not_clean,https://www.edgeprop.sg/condo-apartment/the-inflora,the-inflora
THE INFLORA,PASIR RIS,17,8 Sep 2021,59 Flora Drive #02-XX,59 Flora Drive,4,955,1398000,Condominium,99 Yrs From 25/05/2012,Resale,1464,136.01,Strata,Private,URA,not_clean,https://www.edgeprop.sg/condo-apartment/the-inflora,the-inflora
THE INFLORA,PASIR RIS,17,2 Sep 2021,59 Flora Drive #08-XX,59 Flora Drive,2,1026,762000,Condominium,99 Yrs From 25/05/2012,Resale,743,69.027,Strata,Private,URA,not_clean,https://www.edgeprop.sg/condo-apartment/the-inflora,the-inflora
THE INFLORA,PASIR RIS,17,16 Aug 2021,55 Flora Drive #02-XX,55 Flora Drive,2,983,730000,Condominium,99 Yrs From 25/05/2012,Resale,743,69.027,Strata,Private,URA,not_clean,https://www.edgeprop.sg/condo-apartment/the-inflora,the-inflora
THE INFLORA,PASIR RIS,17,10 Aug 2021,53 Flora Drive #06-XX,53 Flora Drive,3,997,1030000,Condominium,99 Yrs From 25/05/2012,Resale,1033,95.969,Strata,HDB,URA,not_clean,https://www.edgeprop.sg/condo-apartment/the-inflora,the-inflora
THE INFLORA,PASIR RIS,17,27 Jul 2021,67 Flora Drive #08-XX,67 Flora Drive,1,1186,548800,Condominium,99 Yrs From 25/05/2012,Resale,463,43.014,Strata,HDB,URA,not_clean,https://www.edgeprop.sg/condo-apartment/the-inflora,the-inflora
THE INFLORA,PASIR RIS,17,6 Jul 2021,57 Flora Drive #03-XX,57 Flora Drive,2,996,739888,Condominium,99 Yrs From 25/05/2012,Resale,743,69.027,Strata,Private,URA,not_clean,https://www.edgeprop.sg/condo-apartment/the-inflora,the-inflora
THE INFLORA,PASIR RIS,17,5 Jul 2021,61 Flora Drive #01-XX,61 Flora Drive,3,900,998000,Condominium,99 Yrs From 25/05/2012,Resale,1109,103.029,Strata,HDB,URA,not_clean,https://www.edgeprop.sg/condo-apartment/the-inflora,the-inflora
THE INFLORA,PASIR RIS,17,29 Jun 2021,57 Flora Drive #07-XX,57 Flora Drive,1,1167,540000,Condominium,99 Yrs From 25/05/2012,Resale,463,43.014,Strata,HDB,URA,not_clean,https://www.edgeprop.sg/condo-apartment/the-inflora,the-inflora
THE INFLORA,PASIR RIS,17,28 Jun 2021,53 Flora Drive #03-XX,53 Flora Drive,1,1177,545000,Condominium,99 Yrs From 25/05/2012,Resale,463,43.014,Strata,HDB,URA,not_clean,https://www.edgeprop.sg/condo-apartment/the-inflora,the-inflora
THE INFLORA,PASIR RIS,17,21 Jun 2021,63 Flora Drive #05-XX,63 Flora Drive,2,978,800000,Condominium,99 Yrs From 25/05/2012,Resale,818,75.995,Strata,Private,URA,not_clean,https://www.edgeprop.sg/condo-apartment/the-inflora,the-inflora
THE INFLORA,PASIR RIS,17,18 Jun 2021,61 Flora Drive #05-XX,61 Flora Drive,2,996,815000,Condominium,99 Yrs From 25/05/2012,Resale,818,75.995,Strata,Private,URA,not_clean,https://www.edgeprop.sg/condo-apartment/the-inflora,the-inflora
THE INFLORA,PASIR RIS,17,7 Jun 2021,55 Flora Drive #07-XX,55 Flora Drive,3,823,1302000,Condominium,99 Yrs From 25/05/2012,Resale,1582,146.973,Strata,Private,URA,not_clean,https://www.edgeprop.sg/condo-apartment/the-inflora,the-inflora
THE INFLORA,PASIR RIS,17,21 May 2021,65 Flora Drive #06-XX,65 Flora Drive,1,1145,530000,Condominium,99 Yrs From 25/05/2012,Resale,463,43.014,Strata,Private,URA,not_clean,https://www.edgeprop.sg/condo-apartment/the-inflora,the-inflora
THE INFLORA,PASIR RIS,17,10 May 2021,51 Flora Drive #05-XX,51 Flora Drive,2,1010,750000,Condominium,99 Yrs From 25/05/2012,Resale,743,69.027,Strata,HDB,URA,not_clean,https://www.edgeprop.sg/condo-apartment/the-inflora,the-inflora
THE INFLORA,PASIR RIS,17,10 May 2021,67 Flora Drive #02-XX,67 Flora Drive,2,994,738000,Condominium,99 Yrs From 25/05/2012,Resale,743,69.027,Strata,HDB,URA,not_clean,https://www.edgeprop.sg/condo-apartment/the-inflora,the-inflora
THE INFLORA,PASIR RIS,17,5 May 2021,57 Flora Drive #06-XX,57 Flora Drive,1,1167,540000,Condominium,99 Yrs From 25/05/2012,Resale,463,43.014,Strata,HDB,URA,not_clean,https://www.edgeprop.sg/condo-apartment/the-inflora,the-inflora
THE INFLORA,PASIR RIS,17,5 May 2021,59 Flora Drive #05-XX,59 Flora Drive,3,987,1020000,Condominium,99 Yrs From 25/05/2012,Resale,1033,95.969,Strata,Private,URA,not_clean,https://www.edgeprop.sg/condo-apartment/the-inflora,the-inflora
THE INFLORA,PASIR RIS,17,3 May 2021,67 Flora Drive #04-XX,67 Flora Drive,1,1177,545000,Condominium,99 Yrs From 25/05/2012,Resale,463,43.014,Strata,Private,URA,not_clean,https://www.edgeprop.sg/condo-apartment/the-inflora,the-inflora
THE INFLORA,PASIR RIS,17,28 Apr 2021,57 Flora Drive #05-XX,57 Flora Drive,2,988,808000,Condominium,99 Yrs From 25/05/2012,Resale,818,75.995,Strata,Private,URA,not_clean,https://www.edgeprop.sg/condo-apartment/the-inflora,the-inflora
THE INFLORA,PASIR RIS,17,7 Apr 2021,55 Flora Drive #08-XX,55 Flora Drive,2,996,740000,Condominium,99 Yrs From 25/05/2012,Resale,743,69.027,Strata,HDB,URA,not_clean,https://www.edgeprop.sg/condo-apartment/the-inflora,the-inflora
THE INFLORA,PASIR RIS,17,1 Apr 2021,59 Flora Drive #03-XX,59 Flora Drive,2,994,738000,Condominium,99 Yrs From 25/05/2012,Resale,743,69.027,Strata,HDB,URA,not_clean,https://www.edgeprop.sg/condo-apartment/the-inflora,the-inflora
THE INFLORA,PASIR RIS,17,25 Feb 2021,51 Flora Drive #06-XX,51 Flora Drive,1,1134,525000,Condominium,99 Yrs From 25/05/2012,Resale,463,43.014,Strata,Private,URA,not_clean,https://www.edgeprop.sg/condo-apartment/the-inflora,the-inflora
THE INFLORA,PASIR RIS,17,22 Feb 2021,59 Flora Drive #02-XX,59 Flora Drive,3,949,980888,Condominium,99 Yrs From 25/05/2012,Resale,1033,95.969,Strata,HDB,URA,not_clean,https://www.edgeprop.sg/condo-apartment/the-inflora,the-inflora
THE INFLORA,PASIR RIS,17,27 Jan 2021,65 Flora Drive #07-XX,65 Flora Drive,3,839,1328000,Condominium,99 Yrs From 25/05/2012,Resale,1582,146.973,Strata,Private,URA,not_clean,https://www.edgeprop.sg/condo-apartment/the-inflora,the-inflora
THE INFLORA,PASIR RIS,17,5 Jan 2021,61 Flora Drive #07-XX,61 Flora Drive,4,948,1388000,Condominium,99 Yrs From 25/05/2012,Resale,1464,136.01,Strata,HDB,URA,not_clean,https://www.edgeprop.sg/condo-apartment/the-inflora,the-inflora
THE INFLORA,PASIR RIS,17,30 Dec 2020,65 Flora Drive #04-XX,65 Flora Drive,1,1123,520000,Condominium,99 Yrs From 25/05/2012,Resale,463,43.014,Strata,HDB,URA,not_clean,https://www.edgeprop.sg/condo-apartment/the-inflora,the-inflora
THE INFLORA,PASIR RIS,17,23 Dec 2020,57 Flora Drive #01-XX,57 Flora Drive,1,1119,530000,Condominium,99 Yrs From 25/05/2012,Resale,474,44.036,Strata,HDB,URA,not_clean,https://www.edgeprop.sg/condo-apartment/the-inflora,the-inflora
THE INFLORA,PASIR RIS,17,10 Dec 2020,51 Flora Drive #04-XX,51 Flora Drive,2,980,728000,Condominium,99 Yrs From 25/05/2012,Resale,743,69.027,Strata,HDB,URA,not_clean,https://www.edgeprop.sg/condo-apartment/the-inflora,the-inflora
THE INFLORA,PASIR RIS,17,26 Nov 2020,51 Flora Drive #08-XX,51 Flora Drive,2,969,720000,Condominium,99 Yrs From 25/05/2012,Resale,743,69.027,Strata,HDB,URA,not_clean,https://www.edgeprop.sg/condo-apartment/the-inflora,the-inflora
THE INFLORA,PASIR RIS,17,5 Nov 2020,63 Flora Drive #02-XX,63 Flora Drive,1,1123,520000,Condominium,99 Yrs From 25/05/2012,Resale,463,43.014,Strata,HDB,URA,not_clean,https://www.edgeprop.sg/condo-apartment/the-inflora,the-inflora
THE INFLORA,PASIR RIS,17,27 Aug 2020,63 Flora Drive #07-XX,63 Flora Drive,3,822,1300000,Condominium,99 Yrs From 25/05/2012,Resale,1582,146.973,Strata,HDB,URA,not_clean,https://www.edgeprop.sg/condo-apartment/the-inflora,the-inflora
THE INFLORA,PASIR RIS,17,24 Aug 2020,61 Flora Drive #02-XX,61 Flora Drive,4,929,1360000,Condominium,99 Yrs From 25/05/2012,Resale,1464,136.01,Strata,Private,URA,not_clean,https://www.edgeprop.sg/condo-apartment/the-inflora,the-inflora
THE INFLORA,PASIR RIS,17,13 Aug 2020,65 Flora Drive #08-XX,65 Flora Drive,1,1188,550000,Condominium,99 Yrs From 25/05/2012,Resale,463,43.014,Strata,HDB,URA,not_clean,https://www.edgeprop.sg/condo-apartment/the-inflora,the-inflora
THE INFLORA,PASIR RIS,17,30 Jul 2020,57 Flora Drive #08-XX,57 Flora Drive,2,969,720000,Condominium,99 Yrs From 25/05/2012,Resale,743,69.027,Strata,HDB,URA,not_clean,https://www.edgeprop.sg/condo-apartment/the-inflora,the-inflora
THE INFLORA,PASIR RIS,17,21 Jul 2020,67 Flora Drive #02-XX,67 Flora Drive,1,1119,518000,Condominium,99 Yrs From 25/05/2012,Resale,463,43.014,Strata,HDB,URA,not_clean,https://www.edgeprop.sg/condo-apartment/the-inflora,the-inflora
THE INFLORA,PASIR RIS,17,17 Jul 2020,67 Flora Drive #01-XX,67 Flora Drive,2,963,850000,Condominium,99 Yrs From 25/05/2012,Resale,883,82.033,Strata,HDB,URA,not_clean,https://www.edgeprop.sg/condo-apartment/the-inflora,the-inflora
THE INFLORA,PASIR RIS,17,13 Jul 2020,67 Flora Drive #04-XX,67 Flora Drive,1,1113,515000,Condominium,99 Yrs From 25/05/2012,Resale,463,43.014,Strata,Private,URA,not_clean,https://www.edgeprop.sg/condo-apartment/the-inflora,the-inflora
THE INFLORA,PASIR RIS,17,13 Jul 2020,65 Flora Drive #03-XX,65 Flora Drive,1,1115,516000,Condominium,99 Yrs From 25/05/2012,Resale,463,43.014,Strata,Private,URA,not_clean,https://www.edgeprop.sg/condo-apartment/the-inflora,the-inflora
THE INFLORA,PASIR RIS,17,18 Jun 2020,65 Flora Drive #03-XX,65 Flora Drive,2,876,650800,Condominium,99 Yrs From 25/05/2012,Resale,743,69.027,Strata,HDB,URA,not_clean,https://www.edgeprop.sg/condo-apartment/the-inflora,the-inflora
THE INFLORA,PASIR RIS,17,11 May 2020,63 Flora Drive #05-XX,63 Flora Drive,1,1102,510000,Condominium,99 Yrs From 25/05/2012,Resale,463,43.014,Strata,HDB,URA,not_clean,https://www.edgeprop.sg/condo-apartment/the-inflora,the-inflora
THE INFLORA,PASIR RIS,17,11 May 2020,51 Flora Drive #08-XX,51 Flora Drive,1,1113,515000,Condominium,99 Yrs From 25/05/2012,Resale,463,43.014,Strata,HDB,URA,not_clean,https://www.edgeprop.sg/condo-apartment/the-inflora,the-inflora
THE INFLORA,PASIR RIS,17,24 Mar 2020,65 Flora Drive #07-XX,65 Flora Drive,2,969,720000,Condominium,99 Yrs From 25/05/2012,Resale,743,69.027,Strata,HDB,URA,not_clean,https://www.edgeprop.sg/condo-apartment/the-inflora,the-inflora
THE INFLORA,PASIR RIS,17,24 Mar 2020,67 Flora Drive #01-XX,67 Flora Drive,1,1098,520000,Condominium,99 Yrs From 25/05/2012,Resale,474,44.036,Strata,HDB,URA,not_clean,https://www.edgeprop.sg/condo-apartment/the-inflora,the-inflora
THE INFLORA,PASIR RIS,17,28 Feb 2020,53 Flora Drive #01-XX,53 Flora Drive,1,1098,520000,Condominium,99 Yrs From 25/05/2012,Resale,474,44.036,Strata,Private,URA,not_clean,https://www.edgeprop.sg/condo-apartment/the-inflora,the-inflora
THE INFLORA,PASIR RIS,17,27 Feb 2020,59 Flora Drive #04-XX,59 Flora Drive,2,987,733000,Condominium,99 Yrs From 25/05/2012,Resale,743,69.027,Strata,HDB,URA,not_clean,https://www.edgeprop.sg/condo-apartment/the-inflora,the-inflora
THE INFLORA,PASIR RIS,17,30 Jan 2020,65 Flora Drive #07-XX,65 Flora Drive,1,1123,520000,Condominium,99 Yrs From 25/05/2012,Resale,463,43.014,Strata,Private,URA,not_clean,https://www.edgeprop.sg/condo-apartment/the-inflora,the-inflora
THE INFLORA,PASIR RIS,17,23 Jan 2020,65 Flora Drive #03-XX,65 Flora Drive,1,1113,515000,Condominium,99 Yrs From 25/05/2012,Resale,463,43.014,Strata,HDB,URA,not_clean,https://www.edgeprop.sg/condo-apartment/the-inflora,the-inflora
THE INFLORA,PASIR RIS,17,22 Jan 2020,55 Flora Drive #06-XX,55 Flora Drive,1,1113,515000,Condominium,99 Yrs From 25/05/2012,Resale,463,43.014,Strata,Private,URA,not_clean,https://www.edgeprop.sg/condo-apartment/the-inflora,the-inflora
THE INFLORA,PASIR RIS,17,7 Jan 2020,57 Flora Drive #02-XX,57 Flora Drive,1,1102,510000,Condominium,99 Yrs From 25/05/2012,Resale,463,43.014,Strata,HDB,URA,not_clean,https://www.edgeprop.sg/condo-apartment/the-inflora,the-inflora
THE INFLORA,PASIR RIS,17,28 Nov 2019,57 Flora Drive #08-XX,57 Flora Drive,2,1027,840000,Condominium,99 Yrs From 25/05/2012,Resale,818,75.995,Strata,HDB,URA,not_clean,https://www.edgeprop.sg/condo-apartment/the-inflora,the-inflora
THE INFLORA,PASIR RIS,17,26 Nov 2019,63 Flora Drive #05-XX,63 Flora Drive,1,1145,530000,Condominium,99 Yrs From 25/05/2012,Resale,463,43.014,Strata,Private,URA,not_clean,https://www.edgeprop.sg/condo-apartment/the-inflora,the-inflora
THE INFLORA,PASIR RIS,17,21 Nov 2019,61 Flora Drive #07-XX,61 Flora Drive,1,1145,530000,Condominium,99 Yrs From 25/05/2012,Resale,463,43.014,Strata,HDB,URA,not_clean,https://www.edgeprop.sg/condo-apartment/the-inflora,the-inflora
THE INFLORA,PASIR RIS,17,14 Oct 2019,63 Flora Drive #08-XX,63 Flora Drive,1,1145,530000,Condominium,99 Yrs From 25/05/2012,Resale,463,43.014,Strata,HDB,URA,not_clean,https://www.edgeprop.sg/condo-apartment/the-inflora,the-inflora
THE INFLORA,PASIR RIS,17,2 Sep 2019,65 Flora Drive #04-XX,65 Flora Drive,4,1013,1320000,Condominium,99 Yrs From 25/05/2012,Resale,1302,120.96,Strata,HDB,URA,not_clean,https://www.edgeprop.sg/condo-apartment/the-inflora,the-inflora
THE INFLORA,PASIR RIS,17,16 Aug 2019,53 Flora Drive #01-XX,53 Flora Drive,1,1098,520000,Condominium,99 Yrs From 25/05/2012,Resale,474,44.036,Strata,HDB,URA,not_clean,https://www.edgeprop.sg/condo-apartment/the-inflora,the-inflora
THE INFLORA,PASIR RIS,17,13 Aug 2019,53 Flora Drive #02-XX,53 Flora Drive,1,1145,530000,Condominium,99 Yrs From 25/05/2012,Resale,463,43.014,Strata,HDB,URA,not_clean,https://www.edgeprop.sg/condo-apartment/the-inflora,the-inflora
THE INFLORA,PASIR RIS,17,30 Jul 2019,67 Flora Drive #03-XX,67 Flora Drive,1,1059,490000,Condominium,99 Yrs From 25/05/2012,Resale,463,43.014,Strata,HDB,URA,not_clean,https://www.edgeprop.sg/condo-apartment/the-inflora,the-inflora
THE INFLORA,PASIR RIS,17,16 Jul 2019,51 Flora Drive #07-XX,51 Flora Drive,1,1098,508000,Condominium,99 Yrs From 25/05/2012,Resale,463,43.014,Strata,HDB,URA,not_clean,https://www.edgeprop.sg/condo-apartment/the-inflora,the-inflora
THE INFLORA,PASIR RIS,17,28 Jun 2019,57 Flora Drive #04-XX,57 Flora Drive,2,1017,832000,Condominium,99 Yrs From 25/05/2012,Resale,818,75.995,Strata,HDB,URA,not_clean,https://www.edgeprop.sg/condo-apartment/the-inflora,the-inflora
THE INFLORA,PASIR RIS,17,13 Jun 2019,55 Flora Drive #01-XX,55 Flora Drive,1,1077,510000,Condominium,99 Yrs From 25/05/2012,Resale,474,44.036,Strata,HDB,URA,not_clean,https://www.edgeprop.sg/condo-apartment/the-inflora,the-inflora
THE INFLORA,PASIR RIS,17,7 Jun 2019,53 Flora Drive #07-XX,53 Flora Drive,1,1134,525000,Condominium,99 Yrs From 25/05/2012,Resale,463,43.014,Strata,HDB,URA,not_clean,https://www.edgeprop.sg/condo-apartment/the-inflora,the-inflora
THE INFLORA,PASIR RIS,17,29 May 2019,57 Flora Drive #01-XX,57 Flora Drive,1,1084,525000,Condominium,99 Yrs From 25/05/2012,Resale,484,44.965,Strata,HDB,URA,not_clean,https://www.edgeprop.sg/condo-apartment/the-inflora,the-inflora
THE INFLORA,PASIR RIS,17,8 May 2019,57 Flora Drive #07-XX,57 Flora Drive,1,1141,528000,Condominium,99 Yrs From 25/05/2012,Resale,463,43.014,Strata,HDB,URA,not_clean,https://www.edgeprop.sg/condo-apartment/the-inflora,the-inflora
THE INFLORA,PASIR RIS,17,19 Mar 2019,67 Flora Drive #05-XX,67 Flora Drive,1,1128,522000,Condominium,99 Yrs From 25/05/2012,Resale,463,43.014,Strata,HDB,URA,not_clean,https://www.edgeprop.sg/condo-apartment/the-inflora,the-inflora
THE JOVELL,PASIR RIS,17,19 Jun 2026,13 FLORA DRIVE #08-XX,13 FLORA DRIVE,1,1509,682000,Condominium,99 yrs from 08/03/2018,Resale,452,41.992,Strata,HDB,URA,not_clean,https://www.edgeprop.sg/condo-apartment/the-jovell,the-jovell
THE JOVELL,PASIR RIS,17,30 Mar 2026,15 FLORA DRIVE #08-XX,15 FLORA DRIVE,3,1529,1580000,Condominium,99 yrs from 08/03/2018,Resale,1033,95.969,Strata,HDB,URA,not_clean,https://www.edgeprop.sg/condo-apartment/the-jovell,the-jovell
THE JOVELL,PASIR RIS,17,12 Mar 2026,19 FLORA DRIVE #03-XX,19 FLORA DRIVE,3,1471,1330000,Condominium,99 yrs from 08/03/2018,Resale,904,83.984,Strata,HDB,URA,not_clean,https://www.edgeprop.sg/condo-apartment/the-jovell,the-jovell
THE JOVELL,PASIR RIS,17,2 Mar 2026,25 FLORA DRIVE #02-XX,25 FLORA DRIVE,3,1471,1330000,Condominium,99 yrs from 08/03/2018,Resale,904,83.984,Strata,Private,URA,not_clean,https://www.edgeprop.sg/condo-apartment/the-jovell,the-jovell
THE JOVELL,PASIR RIS,17,26 Feb 2026,13 FLORA DRIVE #02-XX,13 FLORA DRIVE,2,1342,910000,Condominium,99 yrs from 08/03/2018,Resale,678,62.988,Strata,Private,URA,not_clean,https://www.edgeprop.sg/condo-apartment/the-jovell,the-jovell
THE JOVELL,PASIR RIS,17,25 Feb 2026,23 FLORA DRIVE #05-XX,23 FLORA DRIVE,2,1471,950000,Condominium,99 yrs from 08/03/2018,Resale,646,60.015,Strata,HDB,URA,not_clean,https://www.edgeprop.sg/condo-apartment/the-jovell,the-jovell
THE JOVELL,PASIR RIS,17,11 Feb 2026,27 FLORA DRIVE #05-XX,27 FLORA DRIVE,3,1524,1575000,Condominium,99 yrs from 08/03/2018,Resale,1033,95.969,Strata,Private,URA,not_clean,https://www.edgeprop.sg/condo-apartment/the-jovell,the-jovell
THE JOVELL,PASIR RIS,17,13 Jan 2026,15 FLORA DRIVE #05-XX,15 FLORA DRIVE,2,1470,1060000,Condominium,99 yrs from 08/03/2018,Resale,721,66.983,Strata,HDB,URA,not_clean,https://www.edgeprop.sg/condo-apartment/the-jovell,the-jovell
THE JOVELL,PASIR RIS,17,23 Dec 2025,11 FLORA DRIVE #06-XX,11 FLORA DRIVE,2,1401,950000,Condominium,99 yrs from 08/03/2018,Resale,678,62.988,Strata,Private,URA,not_clean,https://www.edgeprop.sg/condo-apartment/the-jovell,the-jovell
THE JOVELL,PASIR RIS,17,26 Nov 2025,21 FLORA DRIVE #02-XX,21 FLORA DRIVE,1,1356,715000,Condominium,99 yrs from 08/03/2018,Resale,527,48.96,Strata,Private,URA,not_clean,https://www.edgeprop.sg/condo-apartment/the-jovell,the-jovell
THE JOVELL,PASIR RIS,17,10 Nov 2025,27 FLORA DRIVE #01-XX,27 FLORA DRIVE,2,1525,1100000,Condominium,99 yrs from 08/03/2018,Resale,721,66.983,Strata,HDB,URA,not_clean,https://www.edgeprop.sg/condo-apartment/the-jovell,the-jovell
THE JOVELL,PASIR RIS,17,3 Nov 2025,25 FLORA DRIVE #06-XX,25 FLORA DRIVE,2,1409,910000,Condominium,99 yrs from 08/03/2018,Resale,646,60.015,Strata,Private,URA,not_clean,https://www.edgeprop.sg/condo-apartment/the-jovell,the-jovell
THE JOVELL,PASIR RIS,17,12 Sep 2025,17 FLORA DRIVE #02-XX,17 FLORA DRIVE,4,1449,1840000,Condominium,99 yrs from 08/03/2018,Resale,1270,117.987,Strata,Private,URA,not_clean,https://www.edgeprop.sg/condo-apartment/the-jovell,the-jovell
THE JOVELL,PASIR RIS,17,11 Sep 2025,25 FLORA DRIVE #05-XX,25 FLORA DRIVE,1,1494,788000,Condominium,99 yrs from 08/03/2018,Resale,527,48.96,Strata,HDB,URA,not_clean,https://www.edgeprop.sg/condo-apartment/the-jovell,the-jovell
THE JOVELL,PASIR RIS,17,10 Sep 2025,27 FLORA DRIVE #01-XX,27 FLORA DRIVE,2,1349,900000,Condominium,99 yrs from 08/03/2018,Resale,667,61.966,Strata,HDB,URA,not_clean,https://www.edgeprop.sg/condo-apartment/the-jovell,the-jovell
THE JOVELL,PASIR RIS,17,4 Sep 2025,25 FLORA DRIVE #01-XX,25 FLORA DRIVE,3,1471,1330000,Condominium,99 yrs from 08/03/2018,Resale,904,83.984,Strata,HDB,URA,not_clean,https://www.edgeprop.sg/condo-apartment/the-jovell,the-jovell
THE JOVELL,PASIR RIS,17,27 Aug 2025,17 FLORA DRIVE #08-XX,17 FLORA DRIVE,2,1424,950000,Condominium,99 yrs from 08/03/2018,Resale,667,61.966,Strata,Private,URA,not_clean,https://www.edgeprop.sg/condo-apartment/the-jovell,the-jovell
THE JOVELL,PASIR RIS,17,21 Aug 2025,27 FLORA DRIVE #02-XX,27 FLORA DRIVE,2,1456,1050000,Condominium,99 yrs from 08/03/2018,Resale,721,66.983,Strata,HDB,URA,not_clean,https://www.edgeprop.sg/condo-apartment/the-jovell,the-jovell
THE JOVELL,PASIR RIS,17,30 Jul 2025,25 FLORA DRIVE #03-XX,25 FLORA DRIVE,3,1471,1520000,Condominium,99 yrs from 08/03/2018,Resale,1033,95.969,Strata,Private,URA,not_clean,https://www.edgeprop.sg/condo-apartment/the-jovell,the-jovell
THE JOVELL,PASIR RIS,17,4 Jul 2025,27 Flora Drive #03-XX,27 Flora Drive,2,1456,1050000,Condominium,99 yrs from 08/03/2018,Resale,721,66.983,Strata,Private,URA,not_clean,https://www.edgeprop.sg/condo-apartment/the-jovell,the-jovell
THE JOVELL,PASIR RIS,17,5 Jun 2025,15 Flora Drive #01-XX,15 Flora Drive,1,1559,705000,Condominium,99 yrs from 08/03/2018,Resale,452,41.992,Strata,HDB,URA,not_clean,https://www.edgeprop.sg/condo-apartment/the-jovell,the-jovell
THE JOVELL,PASIR RIS,17,27 May 2025,17 Flora Drive #03-XX,17 Flora Drive,1,1540,812000,Condominium,99 yrs from 08/03/2018,Resale,527,48.96,Strata,Private,URA,not_clean,https://www.edgeprop.sg/condo-apartment/the-jovell,the-jovell
THE JOVELL,PASIR RIS,17,5 May 2025,19 Flora Drive #01-XX,19 Flora Drive,3,1438,1300000,Condominium,99 yrs from 08/03/2018,Resale,904,83.984,Strata,HDB,URA,not_clean,https://www.edgeprop.sg/condo-apartment/the-jovell,the-jovell
THE JOVELL,PASIR RIS,17,30 Apr 2025,15 Flora Drive #03-XX,15 Flora Drive,1,1615,730000,Condominium,99 yrs from 08/03/2018,Resale,452,41.992,Strata,Private,URA,not_clean,https://www.edgeprop.sg/condo-apartment/the-jovell,the-jovell
THE JOVELL,PASIR RIS,17,21 Apr 2025,13 Flora Drive #01-XX,13 Flora Drive,3,1510,1365000,Condominium,99 yrs from 08/03/2018,Resale,904,83.984,Strata,Private,URA,not_clean,https://www.edgeprop.sg/condo-apartment/the-jovell,the-jovell
THE JOVELL,PASIR RIS,17,16 Apr 2025,27 Flora Drive #07-XX,27 Flora Drive,4,1464,1860000,Condominium,99 yrs from 08/03/2018,Resale,1270,117.987,Strata,HDB,URA,not_clean,https://www.edgeprop.sg/condo-apartment/the-jovell,the-jovell
THE JOVELL,PASIR RIS,17,8 Apr 2025,11 Flora Drive #08-XX,11 Flora Drive,1,1597,722000,Condominium,99 yrs from 08/03/2018,Resale,452,41.992,Strata,HDB,URA,not_clean,https://www.edgeprop.sg/condo-apartment/the-jovell,the-jovell
THE JOVELL,PASIR RIS,17,21 Mar 2025,11 Flora Drive #07-XX,11 Flora Drive,1,1563,690000,Condominium,99 yrs from 08/03/2018,Resale,441,40.97,Strata,Private,URA,not_clean,https://www.edgeprop.sg/condo-apartment/the-jovell,the-jovell
THE JOVELL,PASIR RIS,17,6 Mar 2025,13 Flora Drive #06-XX,13 Flora Drive,2,1498,1080088,Condominium,99 yrs from 08/03/2018,Resale,721,66.983,Strata,Private,URA,not_clean,https://www.edgeprop.sg/condo-apartment/the-jovell,the-jovell
THE JOVELL,PASIR RIS,17,6 Mar 2025,11 Flora Drive #06-XX,11 Flora Drive,2,1489,1010000,Condominium,99 yrs from 08/03/2018,Resale,678,62.988,Strata,HDB,URA,not_clean,https://www.edgeprop.sg/condo-apartment/the-jovell,the-jovell
THE JOVELL,PASIR RIS,17,10 Feb 2025,25 Flora Drive #07-XX,25 Flora Drive,3,1476,1525000,Condominium,99 yrs from 08/03/2018,Resale,1033,95.969,Strata,Private,URA,not_clean,https://www.edgeprop.sg/condo-apartment/the-jovell,the-jovell
THE JOVELL,PASIR RIS,17,7 Feb 2025,17 Flora Drive #08-XX,17 Flora Drive,4,1496,1900000,Condominium,99 yrs from 08/03/2018,Resale,1270,117.987,Strata,Private,URA,not_clean,https://www.edgeprop.sg/condo-apartment/the-jovell,the-jovell
THE JOVELL,PASIR RIS,17,7 Feb 2025,19 Flora Drive #02-XX,19 Flora Drive,3,1458,1318000,Condominium,99 yrs from 08/03/2018,Resale,904,83.984,Strata,Private,URA,not_clean,https://www.edgeprop.sg/condo-apartment/the-jovell,the-jovell
THE JOVELL,PASIR RIS,17,17 Jan 2025,17 Flora Drive #02-XX,17 Flora Drive,3,1382,1250000,Condominium,99 yrs from 08/03/2018,Resale,904,83.984,Strata,HDB,URA,not_clean,https://www.edgeprop.sg/condo-apartment/the-jovell,the-jovell
THE JOVELL,PASIR RIS,17,30 Dec 2024,25 Flora Drive #08-XX,25 Flora Drive,3,1548,1400000,Condominium,99 yrs from 08/03/2018,Resale,904,83.984,Strata,Private,URA,not_clean,https://www.edgeprop.sg/condo-apartment/the-jovell,the-jovell
THE JOVELL,PASIR RIS,17,26 Nov 2024,25 Flora Drive #05-XX,25 Flora Drive,3,1410,1275000,Condominium,99 yrs from 08/03/2018,Resale,904,83.984,Strata,HDB,URA,not_clean,https://www.edgeprop.sg/condo-apartment/the-jovell,the-jovell
THE JOVELL,PASIR RIS,17,15 Nov 2024,11 Flora Drive #06-XX,11 Flora Drive,1,1563,690000,Condominium,99 yrs from 08/03/2018,Resale,441,40.97,Strata,Private,URA,not_clean,https://www.edgeprop.sg/condo-apartment/the-jovell,the-jovell
THE JOVELL,PASIR RIS,17,4 Nov 2024,21 Flora Drive #08-XX,21 Flora Drive,3,1537,1390000,Condominium,99 yrs from 08/03/2018,Resale,904,83.984,Strata,Private,URA,not_clean,https://www.edgeprop.sg/condo-apartment/the-jovell,the-jovell
THE JOVELL,PASIR RIS,17,29 Oct 2024,15 Flora Drive #01-XX,15 Flora Drive,3,1548,1600000,Condominium,99 yrs from 08/03/2018,Resale,1033,95.969,Strata,HDB,URA,not_clean,https://www.edgeprop.sg/condo-apartment/the-jovell,the-jovell
THE JOVELL,PASIR RIS,17,14 Oct 2024,19 Flora Drive #04-XX,19 Flora Drive,2,1472,935000,Condominium,99 yrs from 08/03/2018,Resale,635,58.993,Strata,HDB,URA,not_clean,https://www.edgeprop.sg/condo-apartment/the-jovell,the-jovell
THE JOVELL,PASIR RIS,17,10 Oct 2024,15 Flora Drive #03-XX,15 Flora Drive,2,1488,945000,Condominium,99 yrs from 08/03/2018,Resale,635,58.993,Strata,Private,URA,not_clean,https://www.edgeprop.sg/condo-apartment/the-jovell,the-jovell
THE JOVELL,PASIR RIS,17,3 Oct 2024,11 Flora Drive #05-XX,11 Flora Drive,1,1586,700000,Condominium,99 yrs from 08/03/2018,Resale,441,40.97,Strata,Private,URA,not_clean,https://www.edgeprop.sg/condo-apartment/the-jovell,the-jovell
THE JOVELL,PASIR RIS,17,23 Sep 2024,17 Flora Drive #08-XX,17 Flora Drive,1,1608,848000,Condominium,99 yrs from 08/03/2018,Resale,527,48.96,Strata,Private,URA,not_clean,https://www.edgeprop.sg/condo-apartment/the-jovell,the-jovell
THE JOVELL,PASIR RIS,17,10 Sep 2024,13 Flora Drive #04-XX,13 Flora Drive,1,1441,760000,Condominium,99 yrs from 08/03/2018,Resale,527,48.96,Strata,Private,URA,not_clean,https://www.edgeprop.sg/condo-apartment/the-jovell,the-jovell
THE JOVELL,PASIR RIS,17,4 Sep 2024,23 Flora Drive #01-XX,23 Flora Drive,2,1455,940000,Condominium,99 yrs from 08/03/2018,Resale,646,60.015,Strata,Private,URA,not_clean,https://www.edgeprop.sg/condo-apartment/the-jovell,the-jovell
THE JOVELL,PASIR RIS,17,19 Aug 2024,13 Flora Drive #05-XX,13 Flora Drive,1,1593,720000,Condominium,99 yrs from 08/03/2018,Resale,452,41.992,Strata,Private,URA,not_clean,https://www.edgeprop.sg/condo-apartment/the-jovell,the-jovell
THE JOVELL,PASIR RIS,17,13 Aug 2024,11 Flora Drive #08-XX,11 Flora Drive,1,1650,728000,Condominium,99 yrs from 08/03/2018,Resale,441,40.97,Strata,Private,URA,not_clean,https://www.edgeprop.sg/condo-apartment/the-jovell,the-jovell
THE JOVELL,PASIR RIS,17,2 Aug 2024,15 Flora Drive #01-XX,15 Flora Drive,3,1582,1430000,Condominium,99 yrs from 08/03/2018,Resale,904,83.984,Strata,Private,URA,not_clean,https://www.edgeprop.sg/condo-apartment/the-jovell,the-jovell
THE JOVELL,PASIR RIS,17,25 Jun 2024,19 Flora Drive #08-XX,19 Flora Drive,2,1480,940000,Condominium,99 yrs from 08/03/2018,Resale,635,58.993,Strata,HDB,URA,not_clean,https://www.edgeprop.sg/condo-apartment/the-jovell,the-jovell
THE JOVELL,PASIR RIS,17,6 Jun 2024,13 Flora Drive #05-XX,13 Flora Drive,2,1525,1100000,Condominium,99 yrs from 08/03/2018,Resale,721,66.983,Strata,HDB,URA,not_clean,https://www.edgeprop.sg/condo-apartment/the-jovell,the-jovell
THE JOVELL,PASIR RIS,17,21 May 2024,17 Flora Drive #06-XX,17 Flora Drive,3,1481,1338888,Condominium,99 yrs from 08/03/2018,Resale,904,83.984,Strata,Private,URA,not_clean,https://www.edgeprop.sg/condo-apartment/the-jovell,the-jovell
THE JOVELL,PASIR RIS,17,8 May 2024,13 Flora Drive #01-XX,13 Flora Drive,2,1696,1150000,Condominium,99 yrs from 08/03/2018,Resale,678,62.988,Strata,HDB,URA,not_clean,https://www.edgeprop.sg/condo-apartment/the-jovell,the-jovell
THE JOVELL,PASIR RIS,17,19 Jan 2024,21 Flora Drive #07-XX,21 Flora Drive,2,1511,1090000,Condominium,99 yrs from 08/03/2018,Resale,721,66.983,Strata,HDB,URA,not_clean,https://www.edgeprop.sg/condo-apartment/the-jovell,the-jovell
THE JOVELL,PASIR RIS,17,27 Dec 2023,23 Flora Drive #04-XX,23 Flora Drive,1,1589,838000,Condominium,99 yrs from 08/03/2018,Resale,527,48.96,Strata,HDB,URA,not_clean,https://www.edgeprop.sg/condo-apartment/the-jovell,the-jovell
THE JOVELL,PASIR RIS,17,13 Jul 2023,19 Flora Drive #03-XX,19 Flora Drive,3,1338,1210000,Condominium,99 yrs from 08/03/2018,Sub Sale,904,83.984,Strata,HDB,URA,not_clean,https://www.edgeprop.sg/condo-apartment/the-jovell,the-jovell
THE JOVELL,PASIR RIS,17,1 Jun 2023,15 Flora Drive #07-XX,15 Flora Drive,1,1637,740000,Condominium,99 yrs from 08/03/2018,Sub Sale,452,41.992,Strata,HDB,URA,not_clean,https://www.edgeprop.sg/condo-apartment/the-jovell,the-jovell
THE JOVELL,PASIR RIS,17,19 May 2023,23 Flora Drive #05-XX,23 Flora Drive,1,1555,820000,Condominium,99 yrs from 08/03/2018,Sub Sale,527,48.96,Strata,Private,URA,not_clean,https://www.edgeprop.sg/condo-apartment/the-jovell,the-jovell
THE JOVELL,PASIR RIS,17,9 Mar 2023,21 Flora Drive #04-XX,21 Flora Drive,1,1460,770000,Condominium,99 yrs from 08/03/2018,Sub Sale,527,48.96,Strata,Private,URA,not_clean,https://www.edgeprop.sg/condo-apartment/the-jovell,the-jovell
THE JOVELL,PASIR RIS,17,13 Feb 2023,11 Flora Drive #07-XX,11 Flora Drive,1,1681,760000,Condominium,99 yrs from 08/03/2018,Sub Sale,452,41.992,Strata,HDB,URA,not_clean,https://www.edgeprop.sg/condo-apartment/the-jovell,the-jovell
THE JOVELL,PASIR RIS,17,13 Dec 2022,15 FLORA DRIVE #08-XX,15 FLORA DRIVE,1,1648,745000,Condominium,99 yrs from 08/03/2018,Sub Sale,452,41.992,Strata,Private,URA,not_clean,https://www.edgeprop.sg/condo-apartment/the-jovell,the-jovell
THE JOVELL,PASIR RIS,17,21 Nov 2022,13 Flora Drive #04-XX,13 Flora Drive,1,1548,700000,Condominium,99 yrs from 08/03/2018,Sub Sale,452,41.992,Strata,Private,URA,not_clean,https://www.edgeprop.sg/condo-apartment/the-jovell,the-jovell
THE JOVELL,PASIR RIS,17,15 Nov 2022,17 Flora Drive #05-XX,17 Flora Drive,3,1384,1430000,Condominium,99 yrs from 08/03/2018,Sub Sale,1033,95.969,Strata,HDB,URA,not_clean,https://www.edgeprop.sg/condo-apartment/the-jovell,the-jovell
THE JOVELL,PASIR RIS,17,6 Oct 2022,13 Flora Drive #01-XX,13 Flora Drive,1,1531,692000,Condominium,99 yrs from 08/03/2018,Sub Sale,452,41.992,Strata,Private,URA,not_clean,https://www.edgeprop.sg/condo-apartment/the-jovell,the-jovell
THE JOVELL,PASIR RIS,17,7 Mar 2022,25 Flora Drive #04-XX,25 Flora Drive,2,1509,974300,Condominium,99 yrs from 08/03/2018,New Sale,646,60.015,Strata,N.A,URA,not_clean,https://www.edgeprop.sg/condo-apartment/the-jovell,the-jovell
THE JOVELL,PASIR RIS,17,5 Mar 2022,25 Flora Drive #06-XX,25 Flora Drive,2,1522,983200,Condominium,99 yrs from 08/03/2018,New Sale,646,60.015,Strata,Private,URA,not_clean,https://www.edgeprop.sg/condo-apartment/the-jovell,the-jovell
THE JOVELL,PASIR RIS,17,5 Mar 2022,19 Flora Drive #04-XX,19 Flora Drive,4,1389,1764600,Condominium,99 yrs from 08/03/2018,New Sale,1270,117.987,Strata,HDB,URA,not_clean,https://www.edgeprop.sg/condo-apartment/the-jovell,the-jovell
THE JOVELL,PASIR RIS,17,1 Mar 2022,25 Flora Drive #07-XX,25 Flora Drive,2,1529,987600,Condominium,99 yrs from 08/03/2018,New Sale,646,60.015,Strata,HDB,URA,not_clean,https://www.edgeprop.sg/condo-apartment/the-jovell,the-jovell
THE JOVELL,PASIR RIS,17,28 Feb 2022,25 Flora Drive #08-XX,25 Flora Drive,2,1536,992100,Condominium,99 yrs from 08/03/2018,New Sale,646,60.015,Strata,HDB,URA,not_clean,https://www.edgeprop.sg/condo-apartment/the-jovell,the-jovell
THE JOVELL,PASIR RIS,17,21 Feb 2022,23 Flora Drive #04-XX,23 Flora Drive,2,1509,974300,Condominium,99 yrs from 08/03/2018,New Sale,646,60.015,Strata,HDB,URA,not_clean,https://www.edgeprop.sg/condo-apartment/the-jovell,the-jovell
THE JOVELL,PASIR RIS,17,18 Feb 2022,23 Flora Drive #07-XX,23 Flora Drive,2,1529,987600,Condominium,99 yrs from 08/03/2018,New Sale,646,60.015,Strata,HDB,URA,not_clean,https://www.edgeprop.sg/condo-apartment/the-jovell,the-jovell
THE JOVELL,PASIR RIS,17,10 Feb 2022,27 Flora Drive #03-XX,27 Flora Drive,4,1395,1772400,Condominium,99 yrs from 08/03/2018,New Sale,1270,117.987,Strata,Private,URA,not_clean,https://www.edgeprop.sg/condo-apartment/the-jovell,the-jovell
THE JOVELL,PASIR RIS,17,24 Jan 2022,13 Flora Drive #04-XX,13 Flora Drive,2,1485,1007300,Condominium,99 yrs from 08/03/2018,New Sale,678,62.988,Strata,Private,URA,not_clean,https://www.edgeprop.sg/condo-apartment/the-jovell,the-jovell
THE JOVELL,PASIR RIS,17,17 Jan 2022,25 Flora Drive #03-XX,25 Flora Drive,2,1464,993000,Condominium,99 yrs from 08/03/2018,New Sale,678,62.988,Strata,N.A,URA,not_clean,https://www.edgeprop.sg/condo-apartment/the-jovell,the-jovell
THE JOVELL,PASIR RIS,17,17 Jan 2022,25 Flora Drive #04-XX,25 Flora Drive,2,1471,997500,Condominium,99 yrs from 08/03/2018,New Sale,678,62.988,Strata,Private,URA,not_clean,https://www.edgeprop.sg/condo-apartment/the-jovell,the-jovell
THE JOVELL,PASIR RIS,17,15 Jan 2022,11 Flora Drive #06-XX,11 Flora Drive,2,1455,986400,Condominium,99 yrs from 08/03/2018,New Sale,678,62.988,Strata,N.A,URA,not_clean,https://www.edgeprop.sg/condo-apartment/the-jovell,the-jovell
THE JOVELL,PASIR RIS,17,14 Jan 2022,27 Flora Drive #02-XX,27 Flora Drive,4,1388,1763600,Condominium,99 yrs from 08/03/2018,New Sale,1270,117.987,Strata,HDB,URA,not_clean,https://www.edgeprop.sg/condo-apartment/the-jovell,the-jovell
THE JOVELL,PASIR RIS,17,11 Jan 2022,17 Flora Drive #02-XX,17 Flora Drive,4,1361,1729000,Condominium,99 yrs from 08/03/2018,New Sale,1270,117.987,Strata,Private,URA,not_clean,https://www.edgeprop.sg/condo-apartment/the-jovell,the-jovell
THE JOVELL,PASIR RIS,17,10 Jan 2022,23 Flora Drive #08-XX,23 Flora Drive,2,1506,972600,Condominium,99 yrs from 08/03/2018,New Sale,646,60.015,Strata,HDB,URA,not_clean,https://www.edgeprop.sg/condo-apartment/the-jovell,the-jovell
THE JOVELL,PASIR RIS,17,10 Jan 2022,11 Flora Drive #05-XX,11 Flora Drive,2,1420,962700,Condominium,99 yrs from 08/03/2018,New Sale,678,62.988,Strata,N.A,URA,not_clean,https://www.edgeprop.sg/condo-apartment/the-jovell,the-jovell
THE JOVELL,PASIR RIS,17,8 Jan 2022,11 Flora Drive #08-XX,11 Flora Drive,2,1439,975600,Condominium,99 yrs from 08/03/2018,New Sale,678,62.988,Strata,Private,URA,not_clean,https://www.edgeprop.sg/condo-apartment/the-jovell,the-jovell
THE JOVELL,PASIR RIS,17,5 Jan 2022,13 Flora Drive #03-XX,13 Flora Drive,2,1450,983200,Condominium,99 yrs from 08/03/2018,New Sale,678,62.988,Strata,HDB,URA,not_clean,https://www.edgeprop.sg/condo-apartment/the-jovell,the-jovell
THE JOVELL,PASIR RIS,17,2 Jan 2022,11 Flora Drive #07-XX,11 Flora Drive,2,1437,974800,Condominium,99 yrs from 08/03/2018,New Sale,678,62.988,Strata,Private,URA,not_clean,https://www.edgeprop.sg/condo-apartment/the-jovell,the-jovell
THE JOVELL,PASIR RIS,17,29 Dec 2021,11 Flora Drive #06-XX,11 Flora Drive,2,1431,970500,Condominium,99 yrs from 08/03/2018,New Sale,678,62.988,Strata,HDB,URA,not_clean,https://www.edgeprop.sg/condo-apartment/the-jovell,the-jovell
THE JOVELL,PASIR RIS,17,23 Dec 2021,13 Flora Drive #02-XX,13 Flora Drive,2,1443,978800,Condominium,99 yrs from 08/03/2018,New Sale,678,62.988,Strata,Private,URA,not_clean,https://www.edgeprop.sg/condo-apartment/the-jovell,the-jovell
THE JOVELL,PASIR RIS,17,16 Dec 2021,25 Flora Drive #06-XX,25 Flora Drive,2,1455,986500,Condominium,99 yrs from 08/03/2018,New Sale,678,62.988,Strata,HDB,URA,not_clean,https://www.edgeprop.sg/condo-apartment/the-jovell,the-jovell
THE JOVELL,PASIR RIS,17,14 Dec 2021,23 Flora Drive #08-XX,23 Flora Drive,2,1523,1033100,Condominium,99 yrs from 08/03/2018,New Sale,678,62.988,Strata,HDB,URA,not_clean,https://www.edgeprop.sg/condo-apartment/the-jovell,the-jovell
THE JOVELL,PASIR RIS,17,14 Dec 2021,23 Flora Drive #04-XX,23 Flora Drive,2,1483,1006000,Condominium,99 yrs from 08/03/2018,New Sale,678,62.988,Strata,HDB,URA,not_clean,https://www.edgeprop.sg/condo-apartment/the-jovell,the-jovell
THE JOVELL,PASIR RIS,17,13 Dec 2021,23 Flora Drive #02-XX,23 Flora Drive,2,1471,997400,Condominium,99 yrs from 08/03/2018,New Sale,678,62.988,Strata,HDB,URA,not_clean,https://www.edgeprop.sg/condo-apartment/the-jovell,the-jovell
THE JOVELL,PASIR RIS,17,27 Nov 2021,27 Flora Drive #03-XX,27 Flora Drive,3,1375,1243100,Condominium,99 yrs from 08/03/2018,New Sale,904,83.984,Strata,HDB,URA,not_clean,https://www.edgeprop.sg/condo-apartment/the-jovell,the-jovell
THE JOVELL,PASIR RIS,17,23 Nov 2021,21 Flora Drive #02-XX,21 Flora Drive,2,1448,1044000,Condominium,99 yrs from 08/03/2018,New Sale,721,66.983,Strata,HDB,URA,not_clean,https://www.edgeprop.sg/condo-apartment/the-jovell,the-jovell
THE JOVELL,PASIR RIS,17,22 Nov 2021,23 Flora Drive #04-XX,23 Flora Drive,2,1490,1010700,Condominium,99 yrs from 08/03/2018,New Sale,678,62.988,Strata,HDB,URA,not_clean,https://www.edgeprop.sg/condo-apartment/the-jovell,the-jovell
THE JOVELL,PASIR RIS,17,17 Nov 2021,23 Flora Drive #04-XX,23 Flora Drive,2,1474,1063100,Condominium,99 yrs from 08/03/2018,New Sale,721,66.983,Strata,HDB,URA,not_clean,https://www.edgeprop.sg/condo-apartment/the-jovell,the-jovell
THE JOVELL,PASIR RIS,17,12 Nov 2021,27 Flora Drive #04-XX,27 Flora Drive,4,1375,1746000,Condominium,99 yrs from 08/03/2018,New Sale,1270,117.987,Strata,HDB,URA,not_clean,https://www.edgeprop.sg/condo-apartment/the-jovell,the-jovell
THE JOVELL,PASIR RIS,17,5 Nov 2021,13 Flora Drive #08-XX,13 Flora Drive,2,1474,999900,Condominium,99 yrs from 08/03/2018,New Sale,678,62.988,Strata,HDB,URA,not_clean,https://www.edgeprop.sg/condo-apartment/the-jovell,the-jovell
THE JOVELL,PASIR RIS,17,1 Nov 2021,19 Flora Drive #08-XX,19 Flora Drive,2,1564,993000,Condominium,99 yrs from 08/03/2018,New Sale,635,58.993,Strata,HDB,URA,not_clean,https://www.edgeprop.sg/condo-apartment/the-jovell,the-jovell
THE JOVELL,PASIR RIS,17,30 Oct 2021,17 Flora Drive #07-XX,17 Flora Drive,2,1539,1027100,Condominium,99 yrs from 08/03/2018,New Sale,667,61.966,Strata,HDB,URA,not_clean,https://www.edgeprop.sg/condo-apartment/the-jovell,the-jovell
THE JOVELL,PASIR RIS,17,30 Oct 2021,21 Flora Drive #03-XX,21 Flora Drive,2,1454,1048400,Condominium,99 yrs from 08/03/2018,New Sale,721,66.983,Strata,HDB,URA,not_clean,https://www.edgeprop.sg/condo-apartment/the-jovell,the-jovell
THE JOVELL,PASIR RIS,17,28 Oct 2021,23 Flora Drive #07-XX,23 Flora Drive,2,1456,971800,Condominium,99 yrs from 08/03/2018,New Sale,667,61.966,Strata,HDB,URA,not_clean,https://www.edgeprop.sg/condo-apartment/the-jovell,the-jovell
THE JOVELL,PASIR RIS,17,27 Oct 2021,23 Flora Drive #08-XX,23 Flora Drive,2,1481,1004400,Condominium,99 yrs from 08/03/2018,New Sale,678,62.988,Strata,Private,URA,not_clean,https://www.edgeprop.sg/condo-apartment/the-jovell,the-jovell
THE JOVELL,PASIR RIS,17,27 Oct 2021,21 Flora Drive #04-XX,21 Flora Drive,2,1460,1053000,Condominium,99 yrs from 08/03/2018,New Sale,721,66.983,Strata,HDB,URA,not_clean,https://www.edgeprop.sg/condo-apartment/the-jovell,the-jovell
THE JOVELL,PASIR RIS,17,26 Oct 2021,25 Flora Drive #03-XX,25 Flora Drive,1,1494,788000,Condominium,99 yrs from 08/03/2018,Sub Sale,527,48.96,Strata,HDB,URA,not_clean,https://www.edgeprop.sg/condo-apartment/the-jovell,the-jovell
THE JOVELL,PASIR RIS,17,26 Oct 2021,23 Flora Drive #03-XX,23 Flora Drive,2,1425,1027700,Condominium,99 yrs from 08/03/2018,New Sale,721,66.983,Strata,HDB,URA,not_clean,https://www.edgeprop.sg/condo-apartment/the-jovell,the-jovell
THE JOVELL,PASIR RIS,17,26 Oct 2021,17 Flora Drive #03-XX,17 Flora Drive,4,1341,1703500,Condominium,99 yrs from 08/03/2018,New Sale,1270,117.987,Strata,HDB,URA,not_clean,https://www.edgeprop.sg/condo-apartment/the-jovell,the-jovell
THE JOVELL,PASIR RIS,17,26 Oct 2021,27 Flora Drive #02-XX,27 Flora Drive,3,1340,1211700,Condominium,99 yrs from 08/03/2018,New Sale,904,83.984,Strata,N.A,URA,not_clean,https://www.edgeprop.sg/condo-apartment/the-jovell,the-jovell
THE JOVELL,PASIR RIS,17,25 Oct 2021,23 Flora Drive #02-XX,23 Flora Drive,2,1419,1023400,Condominium,99 yrs from 08/03/2018,New Sale,721,66.983,Strata,HDB,URA,not_clean,https://www.edgeprop.sg/condo-apartment/the-jovell,the-jovell
THE JOVELL,PASIR RIS,17,25 Oct 2021,27 Flora Drive #06-XX,27 Flora Drive,2,1443,1040700,Condominium,99 yrs from 08/03/2018,New Sale,721,66.983,Strata,HDB,URA,not_clean,https://www.edgeprop.sg/condo-apartment/the-jovell,the-jovell
THE JOVELL,PASIR RIS,17,25 Oct 2021,25 Flora Drive #05-XX,25 Flora Drive,2,1457,940700,Condominium,99 yrs from 08/03/2018,New Sale,646,60.015,Strata,N.A,URA,not_clean,https://www.edgeprop.sg/condo-apartment/the-jovell,the-jovell
THE JOVELL,PASIR RIS,17,22 Oct 2021,23 Flora Drive #07-XX,23 Flora Drive,2,1449,1045000,Condominium,99 yrs from 08/03/2018,New Sale,721,66.983,Strata,HDB,URA,not_clean,https://www.edgeprop.sg/condo-apartment/the-jovell,the-jovell
THE JOVELL,PASIR RIS,17,22 Oct 2021,27 Flora Drive #05-XX,27 Flora Drive,2,1422,948900,Condominium,99 yrs from 08/03/2018,New Sale,667,61.966,Strata,HDB,URA,not_clean,https://www.edgeprop.sg/condo-apartment/the-jovell,the-jovell
THE JOVELL,PASIR RIS,17,19 Oct 2021,11 Flora Drive #05-XX,11 Flora Drive,2,1383,938000,Condominium,99 yrs from 08/03/2018,New Sale,678,62.988,Strata,HDB,URA,not_clean,https://www.edgeprop.sg/condo-apartment/the-jovell,the-jovell
THE JOVELL,PASIR RIS,17,19 Oct 2021,23 Flora Drive #08-XX,23 Flora Drive,2,1443,1040400,Condominium,99 yrs from 08/03/2018,New Sale,721,66.983,Strata,HDB,URA,not_clean,https://www.edgeprop.sg/condo-apartment/the-jovell,the-jovell
THE JOVELL,PASIR RIS,17,19 Oct 2021,27 Flora Drive #04-XX,27 Flora Drive,2,1419,1023100,Condominium,99 yrs from 08/03/2018,New Sale,721,66.983,Strata,N.A,URA,not_clean,https://www.edgeprop.sg/condo-apartment/the-jovell,the-jovell
THE JOVELL,PASIR RIS,17,18 Oct 2021,25 Flora Drive #05-XX,25 Flora Drive,2,1406,953700,Condominium,99 yrs from 08/03/2018,New Sale,678,62.988,Strata,Private,URA,not_clean,https://www.edgeprop.sg/condo-apartment/the-jovell,the-jovell
THE JOVELL,PASIR RIS,17,18 Oct 2021,17 Flora Drive #04-XX,17 Flora Drive,2,1484,990100,Condominium,99 yrs from 08/03/2018,New Sale,667,61.966,Strata,HDB,URA,not_clean,https://www.edgeprop.sg/condo-apartment/the-jovell,the-jovell
THE JOVELL,PASIR RIS,17,17 Oct 2021,27 Flora Drive #04-XX,27 Flora Drive,3,1330,1202300,Condominium,99 yrs from 08/03/2018,New Sale,904,83.984,Strata,HDB,URA,not_clean,https://www.edgeprop.sg/condo-apartment/the-jovell,the-jovell
THE JOVELL,PASIR RIS,17,15 Oct 2021,21 Flora Drive #07-XX,21 Flora Drive,3,1336,1207600,Condominium,99 yrs from 08/03/2018,New Sale,904,83.984,Strata,HDB,URA,not_clean,https://www.edgeprop.sg/condo-apartment/the-jovell,the-jovell
THE JOVELL,PASIR RIS,17,14 Oct 2021,21 Flora Drive #03-XX,21 Flora Drive,3,1303,1178300,Condominium,99 yrs from 08/03/2018,New Sale,904,83.984,Strata,HDB,URA,not_clean,https://www.edgeprop.sg/condo-apartment/the-jovell,the-jovell
THE JOVELL,PASIR RIS,17,13 Oct 2021,23 Flora Drive #06-XX,23 Flora Drive,2,1442,931000,Condominium,99 yrs from 08/03/2018,New Sale,646,60.015,Strata,HDB,URA,not_clean,https://www.edgeprop.sg/condo-apartment/the-jovell,the-jovell
THE JOVELL,PASIR RIS,17,13 Oct 2021,27 Flora Drive #03-XX,27 Flora Drive,2,1406,1013700,Condominium,99 yrs from 08/03/2018,New Sale,721,66.983,Strata,HDB,URA,not_clean,https://www.edgeprop.sg/condo-apartment/the-jovell,the-jovell
THE JOVELL,PASIR RIS,17,12 Oct 2021,23 Flora Drive #02-XX,23 Flora Drive,2,1415,913800,Condominium,99 yrs from 08/03/2018,New Sale,646,60.015,Strata,HDB,URA,not_clean,https://www.edgeprop.sg/condo-apartment/the-jovell,the-jovell
THE JOVELL,PASIR RIS,17,12 Oct 2021,17 Flora Drive #04-XX,17 Flora Drive,4,1334,1693800,Condominium,99 yrs from 08/03/2018,New Sale,1270,117.987,Strata,N.A,URA,not_clean,https://www.edgeprop.sg/condo-apartment/the-jovell,the-jovell
THE JOVELL,PASIR RIS,17,11 Oct 2021,23 Flora Drive #08-XX,23 Flora Drive,2,1425,950700,Condominium,99 yrs from 08/03/2018,New Sale,667,61.966,Strata,Private,URA,not_clean,https://www.edgeprop.sg/condo-apartment/the-jovell,the-jovell
THE JOVELL,PASIR RIS,17,11 Oct 2021,13 Flora Drive #02-XX,13 Flora Drive,3,1322,1195300,Condominium,99 yrs from 08/03/2018,New Sale,904,83.984,Strata,HDB,URA,not_clean,https://www.edgeprop.sg/condo-apartment/the-jovell,the-jovell
THE JOVELL,PASIR RIS,17,11 Oct 2021,13 Flora Drive #07-XX,13 Flora Drive,2,1421,963800,Condominium,99 yrs from 08/03/2018,New Sale,678,62.988,Strata,HDB,URA,not_clean,https://www.edgeprop.sg/condo-apartment/the-jovell,the-jovell
THE JOVELL,PASIR RIS,17,9 Oct 2021,27 Flora Drive #06-XX,27 Flora Drive,3,1333,1205000,Condominium,99 yrs from 08/03/2018,New Sale,904,83.984,Strata,Private,URA,not_clean,https://www.edgeprop.sg/condo-apartment/the-jovell,the-jovell
THE JOVELL,PASIR RIS,17,8 Oct 2021,13 Flora Drive #03-XX,13 Flora Drive,3,1328,1200700,Condominium,99 yrs from 08/03/2018,New Sale,904,83.984,Strata,HDB,URA,not_clean,https://www.edgeprop.sg/condo-apartment/the-jovell,the-jovell
THE JOVELL,PASIR RIS,17,8 Oct 2021,21 Flora Drive #08-XX,21 Flora Drive,2,1422,1025600,Condominium,99 yrs from 08/03/2018,New Sale,721,66.983,Strata,HDB,URA,not_clean,https://www.edgeprop.sg/condo-apartment/the-jovell,the-jovell
THE JOVELL,PASIR RIS,17,6 Oct 2021,21 Flora Drive #06-XX,21 Flora Drive,3,1384,1251300,Condominium,99 yrs from 08/03/2018,New Sale,904,83.984,Strata,Private,URA,not_clean,https://www.edgeprop.sg/condo-apartment/the-jovell,the-jovell
THE JOVELL,PASIR RIS,17,5 Oct 2021,13 Flora Drive #08-XX,13 Flora Drive,3,1359,1228400,Condominium,99 yrs from 08/03/2018,New Sale,904,83.984,Strata,HDB,URA,not_clean,https://www.edgeprop.sg/condo-apartment/the-jovell,the-jovell
THE JOVELL,PASIR RIS,17,4 Oct 2021,27 Flora Drive #05-XX,27 Flora Drive,3,1327,1199600,Condominium,99 yrs from 08/03/2018,New Sale,904,83.984,Strata,HDB,URA,not_clean,https://www.edgeprop.sg/condo-apartment/the-jovell,the-jovell
THE JOVELL,PASIR RIS,17,4 Oct 2021,25 Flora Drive #02-XX,25 Flora Drive,2,1380,935900,Condominium,99 yrs from 08/03/2018,New Sale,678,62.988,Strata,HDB,URA,not_clean,https://www.edgeprop.sg/condo-apartment/the-jovell,the-jovell
THE JOVELL,PASIR RIS,17,4 Oct 2021,23 Flora Drive #02-XX,23 Flora Drive,2,1438,975200,Condominium,99 yrs from 08/03/2018,New Sale,678,62.988,Strata,HDB,URA,not_clean,https://www.edgeprop.sg/condo-apartment/the-jovell,the-jovell
THE JOVELL,PASIR RIS,17,4 Oct 2021,17 Flora Drive #02-XX,17 Flora Drive,3,1328,1201100,Condominium,99 yrs from 08/03/2018,New Sale,904,83.984,Strata,HDB,URA,not_clean,https://www.edgeprop.sg/condo-apartment/the-jovell,the-jovell
THE JOVELL,PASIR RIS,17,1 Oct 2021,23 Flora Drive #03-XX,23 Flora Drive,2,1427,967900,Condominium,99 yrs from 08/03/2018,New Sale,678,62.988,Strata,Private,URA,not_clean,https://www.edgeprop.sg/condo-apartment/the-jovell,the-jovell
THE JOVELL,PASIR RIS,17,30 Sep 2021,21 Flora Drive #04-XX,21 Flora Drive,3,1303,1177700,Condominium,99 yrs from 08/03/2018,New Sale,904,83.984,Strata,Private,URA,not_clean,https://www.edgeprop.sg/condo-apartment/the-jovell,the-jovell
THE JOVELL,PASIR RIS,17,30 Sep 2021,17 Flora Drive #03-XX,17 Flora Drive,2,1470,980800,Condominium,99 yrs from 08/03/2018,New Sale,667,61.966,Strata,HDB,URA,not_clean,https://www.edgeprop.sg/condo-apartment/the-jovell,the-jovell
THE JOVELL,PASIR RIS,17,29 Sep 2021,17 Flora Drive #08-XX,17 Flora Drive,3,1365,1234000,Condominium,99 yrs from 08/03/2018,New Sale,904,83.984,Strata,HDB,URA,not_clean,https://www.edgeprop.sg/condo-apartment/the-jovell,the-jovell
THE JOVELL,PASIR RIS,17,27 Sep 2021,19 Flora Drive #04-XX,19 Flora Drive,3,1303,1177700,Condominium,99 yrs from 08/03/2018,New Sale,904,83.984,Strata,Private,URA,not_clean,https://www.edgeprop.sg/condo-apartment/the-jovell,the-jovell
THE JOVELL,PASIR RIS,17,25 Sep 2021,27 Flora Drive #06-XX,27 Flora Drive,4,1339,1700500,Condominium,99 yrs from 08/03/2018,New Sale,1270,117.987,Strata,Private,URA,not_clean,https://www.edgeprop.sg/condo-apartment/the-jovell,the-jovell
THE JOVELL,PASIR RIS,17,23 Sep 2021,23 Flora Drive #05-XX,23 Flora Drive,2,1441,977500,Condominium,99 yrs from 08/03/2018,New Sale,678,62.988,Strata,HDB,URA,not_clean,https://www.edgeprop.sg/condo-apartment/the-jovell,the-jovell
THE JOVELL,PASIR RIS,17,22 Sep 2021,27 Flora Drive #07-XX,27 Flora Drive,4,1345,1708900,Condominium,99 yrs from 08/03/2018,New Sale,1270,117.987,Strata,N.A,URA,not_clean,https://www.edgeprop.sg/condo-apartment/the-jovell,the-jovell
THE JOVELL,PASIR RIS,17,19 Sep 2021,21 Flora Drive #02-XX,21 Flora Drive,3,1291,1167000,Condominium,99 yrs from 08/03/2018,New Sale,904,83.984,Strata,Private,URA,not_clean,https://www.edgeprop.sg/condo-apartment/the-jovell,the-jovell
THE JOVELL,PASIR RIS,17,19 Sep 2021,13 Flora Drive #04-XX,13 Flora Drive,2,1398,947900,Condominium,99 yrs from 08/03/2018,New Sale,678,62.988,Strata,Private,URA,not_clean,https://www.edgeprop.sg/condo-apartment/the-jovell,the-jovell
THE JOVELL,PASIR RIS,17,18 Sep 2021,11 Flora Drive #08-XX,11 Flora Drive,2,1397,1007700,Condominium,99 yrs from 08/03/2018,New Sale,721,66.983,Strata,HDB,URA,not_clean,https://www.edgeprop.sg/condo-apartment/the-jovell,the-jovell
THE JOVELL,PASIR RIS,17,18 Sep 2021,17 Flora Drive #05-XX,17 Flora Drive,3,1347,1218100,Condominium,99 yrs from 08/03/2018,New Sale,904,83.984,Strata,HDB,URA,not_clean,https://www.edgeprop.sg/condo-apartment/the-jovell,the-jovell
THE JOVELL,PASIR RIS,17,17 Sep 2021,25 Flora Drive #02-XX,25 Flora Drive,2,1407,908800,Condominium,99 yrs from 08/03/2018,New Sale,646,60.015,Strata,HDB,URA,not_clean,https://www.edgeprop.sg/condo-apartment/the-jovell,the-jovell
THE JOVELL,PASIR RIS,17,17 Sep 2021,23 Flora Drive #04-XX,23 Flora Drive,2,1382,922600,Condominium,99 yrs from 08/03/2018,New Sale,667,61.966,Strata,HDB,URA,not_clean,https://www.edgeprop.sg/condo-apartment/the-jovell,the-jovell
THE JOVELL,PASIR RIS,17,16 Sep 2021,17 Flora Drive #06-XX,17 Flora Drive,3,1338,1209400,Condominium,99 yrs from 08/03/2018,New Sale,904,83.984,Strata,HDB,URA,not_clean,https://www.edgeprop.sg/condo-apartment/the-jovell,the-jovell
THE JOVELL,PASIR RIS,17,15 Sep 2021,17 Flora Drive #07-XX,17 Flora Drive,4,1331,1690900,Condominium,99 yrs from 08/03/2018,New Sale,1270,117.987,Strata,Private,URA,not_clean,https://www.edgeprop.sg/condo-apartment/the-jovell,the-jovell
THE JOVELL,PASIR RIS,17,13 Sep 2021,23 Flora Drive #05-XX,23 Flora Drive,2,1415,913700,Condominium,99 yrs from 08/03/2018,New Sale,646,60.015,Strata,HDB,URA,not_clean,https://www.edgeprop.sg/condo-apartment/the-jovell,the-jovell
THE JOVELL,PASIR RIS,17,13 Sep 2021,17 Flora Drive #04-XX,17 Flora Drive,3,1326,1198700,Condominium,99 yrs from 08/03/2018,New Sale,904,83.984,Strata,HDB,URA,not_clean,https://www.edgeprop.sg/condo-apartment/the-jovell,the-jovell
THE JOVELL,PASIR RIS,17,11 Sep 2021,13 Flora Drive #05-XX,13 Flora Drive,2,1392,944200,Condominium,99 yrs from 08/03/2018,New Sale,678,62.988,Strata,HDB,URA,not_clean,https://www.edgeprop.sg/condo-apartment/the-jovell,the-jovell
THE JOVELL,PASIR RIS,17,10 Sep 2021,21 Flora Drive #08-XX,21 Flora Drive,3,1311,1185000,Condominium,99 yrs from 08/03/2018,New Sale,904,83.984,Strata,HDB,URA,not_clean,https://www.edgeprop.sg/condo-apartment/the-jovell,the-jovell
THE JOVELL,PASIR RIS,17,10 Sep 2021,27 Flora Drive #07-XX,27 Flora Drive,3,1316,1190200,Condominium,99 yrs from 08/03/2018,New Sale,904,83.984,Strata,HDB,URA,not_clean,https://www.edgeprop.sg/condo-apartment/the-jovell,the-jovell
THE JOVELL,PASIR RIS,17,9 Sep 2021,27 Flora Drive #08-XX,27 Flora Drive,4,1338,1699400,Condominium,99 yrs from 08/03/2018,New Sale,1270,117.987,Strata,N.A,URA,not_clean,https://www.edgeprop.sg/condo-apartment/the-jovell,the-jovell
THE JOVELL,PASIR RIS,17,6 Sep 2021,27 Flora Drive #04-XX,27 Flora Drive,2,1369,913300,Condominium,99 yrs from 08/03/2018,New Sale,667,61.966,Strata,N.A,URA,not_clean,https://www.edgeprop.sg/condo-apartment/the-jovell,the-jovell
THE JOVELL,PASIR RIS,17,6 Sep 2021,13 Flora Drive #03-XX,13 Flora Drive,2,1380,935700,Condominium,99 yrs from 08/03/2018,New Sale,678,62.988,Strata,N.A,URA,not_clean,https://www.edgeprop.sg/condo-apartment/the-jovell,the-jovell
THE JOVELL,PASIR RIS,17,5 Sep 2021,13 Flora Drive #04-XX,13 Flora Drive,3,1298,1174000,Condominium,99 yrs from 08/03/2018,New Sale,904,83.984,Strata,Private,URA,not_clean,https://www.edgeprop.sg/condo-apartment/the-jovell,the-jovell
THE JOVELL,PASIR RIS,17,4 Sep 2021,15 Flora Drive #06-XX,15 Flora Drive,2,1424,1026700,Condominium,99 yrs from 08/03/2018,New Sale,721,66.983,Strata,HDB,URA,not_clean,https://www.edgeprop.sg/condo-apartment/the-jovell,the-jovell
THE JOVELL,PASIR RIS,17,3 Sep 2021,23 Flora Drive #07-XX,23 Flora Drive,2,1440,976700,Condominium,99 yrs from 08/03/2018,New Sale,678,62.988,Strata,N.A,URA,not_clean,https://www.edgeprop.sg/condo-apartment/the-jovell,the-jovell
THE JOVELL,PASIR RIS,17,2 Sep 2021,23 Flora Drive #03-XX,23 Flora Drive,2,1387,896000,Condominium,99 yrs from 08/03/2018,New Sale,646,60.015,Strata,Private,URA,not_clean,https://www.edgeprop.sg/condo-apartment/the-jovell,the-jovell
THE JOVELL,PASIR RIS,17,31 Aug 2021,23 Flora Drive #03-XX,23 Flora Drive,2,1415,959700,Condominium,99 yrs from 08/03/2018,New Sale,678,62.988,Strata,HDB,URA,not_clean,https://www.edgeprop.sg/condo-apartment/the-jovell,the-jovell
THE JOVELL,PASIR RIS,17,31 Aug 2021,17 Flora Drive #05-XX,17 Flora Drive,4,1313,1668200,Condominium,99 yrs from 08/03/2018,New Sale,1270,117.987,Strata,HDB,URA,not_clean,https://www.edgeprop.sg/condo-apartment/the-jovell,the-jovell
THE JOVELL,PASIR RIS,17,31 Aug 2021,13 Flora Drive #05-XX,13 Flora Drive,3,1305,1180300,Condominium,99 yrs from 08/03/2018,New Sale,904,83.984,Strata,N.A,URA,not_clean,https://www.edgeprop.sg/condo-apartment/the-jovell,the-jovell
THE JOVELL,PASIR RIS,17,30 Aug 2021,19 Flora Drive #08-XX,19 Flora Drive,4,1321,1677500,Condominium,99 yrs from 08/03/2018,New Sale,1270,117.987,Strata,HDB,URA,not_clean,https://www.edgeprop.sg/condo-apartment/the-jovell,the-jovell
THE JOVELL,PASIR RIS,17,30 Aug 2021,15 Flora Drive #02-XX,15 Flora Drive,3,1300,1175100,Condominium,99 yrs from 08/03/2018,New Sale,904,83.984,Strata,HDB,URA,not_clean,https://www.edgeprop.sg/condo-apartment/the-jovell,the-jovell
THE JOVELL,PASIR RIS,17,28 Aug 2021,25 Flora Drive #02-XX,25 Flora Drive,3,1329,1201700,Condominium,99 yrs from 08/03/2018,New Sale,904,83.984,Strata,HDB,URA,not_clean,https://www.edgeprop.sg/condo-apartment/the-jovell,the-jovell
THE JOVELL,PASIR RIS,17,28 Aug 2021,11 Flora Drive #07-XX,11 Flora Drive,2,1361,981300,Condominium,99 yrs from 08/03/2018,New Sale,721,66.983,Strata,Private,URA,not_clean,https://www.edgeprop.sg/condo-apartment/the-jovell,the-jovell
THE JOVELL,PASIR RIS,17,28 Aug 2021,27 Flora Drive #07-XX,27 Flora Drive,2,1381,921900,Condominium,99 yrs from 08/03/2018,New Sale,667,61.966,Strata,N.A,URA,not_clean,https://www.edgeprop.sg/condo-apartment/the-jovell,the-jovell
THE JOVELL,PASIR RIS,17,27 Aug 2021,21 Flora Drive #05-XX,21 Flora Drive,2,1366,985500,Condominium,99 yrs from 08/03/2018,New Sale,721,66.983,Strata,HDB,URA,not_clean,https://www.edgeprop.sg/condo-apartment/the-jovell,the-jovell
THE JOVELL,PASIR RIS,17,27 Aug 2021,19 Flora Drive #07-XX,19 Flora Drive,3,1285,1161700,Condominium,99 yrs from 08/03/2018,New Sale,904,83.984,Strata,HDB,URA,not_clean,https://www.edgeprop.sg/condo-apartment/the-jovell,the-jovell
THE JOVELL,PASIR RIS,17,24 Aug 2021,23 Flora Drive #07-XX,23 Flora Drive,2,1422,964200,Condominium,99 yrs from 08/03/2018,New Sale,678,62.988,Strata,HDB,URA,not_clean,https://www.edgeprop.sg/condo-apartment/the-jovell,the-jovell
THE JOVELL,PASIR RIS,17,23 Aug 2021,13 Flora Drive #02-XX,13 Flora Drive,2,1354,918000,Condominium,99 yrs from 08/03/2018,New Sale,678,62.988,Strata,HDB,URA,not_clean,https://www.edgeprop.sg/condo-apartment/the-jovell,the-jovell
THE JOVELL,PASIR RIS,17,23 Aug 2021,11 Flora Drive #05-XX,11 Flora Drive,2,1364,983500,Condominium,99 yrs from 08/03/2018,New Sale,721,66.983,Strata,Private,URA,not_clean,https://www.edgeprop.sg/condo-apartment/the-jovell,the-jovell
THE JOVELL,PASIR RIS,17,21 Aug 2021,17 Flora Drive #03-XX,17 Flora Drive,3,1300,1175400,Condominium,99 yrs from 08/03/2018,New Sale,904,83.984,Strata,HDB,URA,not_clean,https://www.edgeprop.sg/condo-apartment/the-jovell,the-jovell
THE JOVELL,PASIR RIS,17,20 Aug 2021,19 Flora Drive #02-XX,19 Flora Drive,3,1256,1135300,Condominium,99 yrs from 08/03/2018,New Sale,904,83.984,Strata,HDB,URA,not_clean,https://www.edgeprop.sg/condo-apartment/the-jovell,the-jovell
THE JOVELL,PASIR RIS,17,17 Aug 2021,17 Flora Drive #07-XX,17 Flora Drive,3,1309,1183600,Condominium,99 yrs from 08/03/2018,New Sale,904,83.984,Strata,Private,URA,not_clean,https://www.edgeprop.sg/condo-apartment/the-jovell,the-jovell
THE JOVELL,PASIR RIS,17,16 Aug 2021,15 Flora Drive #04-XX,15 Flora Drive,2,1393,1004400,Condominium,99 yrs from 08/03/2018,New Sale,721,66.983,Strata,HDB,URA,not_clean,https://www.edgeprop.sg/condo-apartment/the-jovell,the-jovell
THE JOVELL,PASIR RIS,17,15 Aug 2021,15 Flora Drive #03-XX,15 Flora Drive,2,1387,1000200,Condominium,99 yrs from 08/03/2018,New Sale,721,66.983,Strata,N.A,URA,not_clean,https://www.edgeprop.sg/condo-apartment/the-jovell,the-jovell
THE JOVELL,PASIR RIS,17,14 Aug 2021,27 Flora Drive #02-XX,27 Flora Drive,2,1355,977100,Condominium,99 yrs from 08/03/2018,New Sale,721,66.983,Strata,HDB,URA,not_clean,https://www.edgeprop.sg/condo-apartment/the-jovell,the-jovell
THE JOVELL,PASIR RIS,17,11 Aug 2021,27 Flora Drive #02-XX,27 Flora Drive,2,1347,898700,Condominium,99 yrs from 08/03/2018,New Sale,667,61.966,Strata,HDB,URA,not_clean,https://www.edgeprop.sg/condo-apartment/the-jovell,the-jovell
THE JOVELL,PASIR RIS,17,5 Aug 2021,15 Flora Drive #07-XX,15 Flora Drive,2,1410,1017000,Condominium,99 yrs from 08/03/2018,New Sale,721,66.983,Strata,Private,URA,not_clean,https://www.edgeprop.sg/condo-apartment/the-jovell,the-jovell
THE JOVELL,PASIR RIS,17,2 Aug 2021,21 Flora Drive #04-XX,21 Flora Drive,3,1291,1167600,Condominium,99 yrs from 08/03/2018,New Sale,904,83.984,Strata,HDB,URA,not_clean,https://www.edgeprop.sg/condo-apartment/the-jovell,the-jovell
THE JOVELL,PASIR RIS,17,2 Aug 2021,11 Flora Drive #07-XX,11 Flora Drive,2,1341,909300,Condominium,99 yrs from 08/03/2018,New Sale,678,62.988,Strata,N.A,URA,not_clean,https://www.edgeprop.sg/condo-apartment/the-jovell,the-jovell
THE JOVELL,PASIR RIS,17,2 Aug 2021,11 Flora Drive #06-XX,11 Flora Drive,2,1364,983400,Condominium,99 yrs from 08/03/2018,New Sale,721,66.983,Strata,Private,URA,not_clean,https://www.edgeprop.sg/condo-apartment/the-jovell,the-jovell
THE JOVELL,PASIR RIS,17,2 Aug 2021,13 Flora Drive #06-XX,13 Flora Drive,2,1375,932200,Condominium,99 yrs from 08/03/2018,New Sale,678,62.988,Strata,HDB,URA,not_clean,https://www.edgeprop.sg/condo-apartment/the-jovell,the-jovell
THE JOVELL,PASIR RIS,17,1 Aug 2021,21 Flora Drive #05-XX,21 Flora Drive,3,1297,1172700,Condominium,99 yrs from 08/03/2018,New Sale,904,83.984,Strata,Private,URA,not_clean,https://www.edgeprop.sg/condo-apartment/the-jovell,the-jovell
THE JOVELL,PASIR RIS,17,28 Jul 2021,21 Flora Drive #07-XX,21 Flora Drive,2,1440,914300,Condominium,99 yrs from 08/03/2018,New Sale,635,58.993,Strata,Private,URA,not_clean,https://www.edgeprop.sg/condo-apartment/the-jovell,the-jovell
THE JOVELL,PASIR RIS,17,28 Jul 2021,19 Flora Drive #04-XX,19 Flora Drive,3,1243,1124100,Condominium,99 yrs from 08/03/2018,New Sale,904,83.984,Strata,HDB,URA,not_clean,https://www.edgeprop.sg/condo-apartment/the-jovell,the-jovell
THE JOVELL,PASIR RIS,17,28 Jul 2021,19 Flora Drive #04-XX,19 Flora Drive,2,1446,918400,Condominium,99 yrs from 08/03/2018,New Sale,635,58.993,Strata,HDB,URA,not_clean,https://www.edgeprop.sg/condo-apartment/the-jovell,the-jovell
THE JOVELL,PASIR RIS,17,27 Jul 2021,25 Flora Drive #08-XX,25 Flora Drive,1,1581,833700,Condominium,99 yrs from 08/03/2018,New Sale,527,48.96,Strata,HDB,URA,not_clean,https://www.edgeprop.sg/condo-apartment/the-jovell,the-jovell
THE JOVELL,PASIR RIS,17,27 Jul 2021,19 Flora Drive #02-XX,19 Flora Drive,3,1232,1113800,Condominium,99 yrs from 08/03/2018,New Sale,904,83.984,Strata,HDB,URA,not_clean,https://www.edgeprop.sg/condo-apartment/the-jovell,the-jovell
THE JOVELL,PASIR RIS,17,27 Jul 2021,25 Flora Drive #03-XX,25 Flora Drive,2,1365,881300,Condominium,99 yrs from 08/03/2018,New Sale,646,60.015,Strata,HDB,URA,not_clean,https://www.edgeprop.sg/condo-apartment/the-jovell,the-jovell
THE JOVELL,PASIR RIS,17,26 Jul 2021,13 Flora Drive #06-XX,13 Flora Drive,3,1260,1139400,Condominium,99 yrs from 08/03/2018,New Sale,904,83.984,Strata,N.A,URA,not_clean,https://www.edgeprop.sg/condo-apartment/the-jovell,the-jovell
THE JOVELL,PASIR RIS,17,26 Jul 2021,21 Flora Drive #08-XX,21 Flora Drive,3,1294,1170400,Condominium,99 yrs from 08/03/2018,New Sale,904,83.984,Strata,HDB,URA,not_clean,https://www.edgeprop.sg/condo-apartment/the-jovell,the-jovell
THE JOVELL,PASIR RIS,17,26 Jul 2021,23 Flora Drive #05-XX,23 Flora Drive,2,1358,979700,Condominium,99 yrs from 08/03/2018,New Sale,721,66.983,Strata,HDB,URA,not_clean,https://www.edgeprop.sg/condo-apartment/the-jovell,the-jovell
THE JOVELL,PASIR RIS,17,26 Jul 2021,25 Flora Drive #08-XX,25 Flora Drive,3,1307,1181700,Condominium,99 yrs from 08/03/2018,New Sale,904,83.984,Strata,Private,URA,not_clean,https://www.edgeprop.sg/condo-apartment/the-jovell,the-jovell
THE JOVELL,PASIR RIS,17,26 Jul 2021,25 Flora Drive #04-XX,25 Flora Drive,3,1284,1161000,Condominium,99 yrs from 08/03/2018,New Sale,904,83.984,Strata,HDB,URA,not_clean,https://www.edgeprop.sg/condo-apartment/the-jovell,the-jovell
THE JOVELL,PASIR RIS,17,25 Jul 2021,23 Flora Drive #02-XX,23 Flora Drive,2,1332,888800,Condominium,99 yrs from 08/03/2018,New Sale,667,61.966,Strata,N.A,URA,not_clean,https://www.edgeprop.sg/condo-apartment/the-jovell,the-jovell
THE JOVELL,PASIR RIS,17,24 Jul 2021,25 Flora Drive #06-XX,25 Flora Drive,3,1296,1171400,Condominium,99 yrs from 08/03/2018,New Sale,904,83.984,Strata,Private,URA,not_clean,https://www.edgeprop.sg/condo-apartment/the-jovell,the-jovell
THE JOVELL,PASIR RIS,17,22 Jul 2021,25 Flora Drive #05-XX,25 Flora Drive,3,1290,1166300,Condominium,99 yrs from 08/03/2018,New Sale,904,83.984,Strata,HDB,URA,not_clean,https://www.edgeprop.sg/condo-apartment/the-jovell,the-jovell
THE JOVELL,PASIR RIS,17,14 Jul 2021,21 Flora Drive #06-XX,21 Flora Drive,3,1235,1116600,Condominium,99 yrs from 08/03/2018,New Sale,904,83.984,Strata,HDB,URA,not_clean,https://www.edgeprop.sg/condo-apartment/the-jovell,the-jovell
THE JOVELL,PASIR RIS,17,11 Jul 2021,19 Flora Drive #01-XX,19 Flora Drive,3,1206,1090700,Condominium,99 yrs from 08/03/2018,New Sale,904,83.984,Strata,HDB,URA,not_clean,https://www.edgeprop.sg/condo-apartment/the-jovell,the-jovell
THE JOVELL,PASIR RIS,17,11 Jul 2021,15 Flora Drive #03-XX,15 Flora Drive,3,1238,1119500,Condominium,99 yrs from 08/03/2018,New Sale,904,83.984,Strata,HDB,URA,not_clean,https://www.edgeprop.sg/condo-apartment/the-jovell,the-jovell
THE JOVELL,PASIR RIS,17,10 Jul 2021,15 Flora Drive #04-XX,15 Flora Drive,3,1244,1124600,Condominium,99 yrs from 08/03/2018,New Sale,904,83.984,Strata,N.A,URA,not_clean,https://www.edgeprop.sg/condo-apartment/the-jovell,the-jovell
THE JOVELL,PASIR RIS,17,10 Jul 2021,21 Flora Drive #01-XX,21 Flora Drive,3,1189,1075500,Condominium,99 yrs from 08/03/2018,New Sale,904,83.984,Strata,Private,URA,not_clean,https://www.edgeprop.sg/condo-apartment/the-jovell,the-jovell
THE JOVELL,PASIR RIS,17,7 Jul 2021,13 Flora Drive #08-XX,13 Flora Drive,2,1359,921400,Condominium,99 yrs from 08/03/2018,New Sale,678,62.988,Strata,HDB,URA,not_clean,https://www.edgeprop.sg/condo-apartment/the-jovell,the-jovell
THE JOVELL,PASIR RIS,17,6 Jul 2021,11 Flora Drive #06-XX,11 Flora Drive,2,1302,938800,Condominium,99 yrs from 08/03/2018,New Sale,721,66.983,Strata,HDB,URA,not_clean,https://www.edgeprop.sg/condo-apartment/the-jovell,the-jovell
THE JOVELL,PASIR RIS,17,5 Jul 2021,25 Flora Drive #02-XX,25 Flora Drive,3,1255,1134800,Condominium,99 yrs from 08/03/2018,New Sale,904,83.984,Strata,Private,URA,not_clean,https://www.edgeprop.sg/condo-apartment/the-jovell,the-jovell
THE JOVELL,PASIR RIS,17,5 Jul 2021,17 Flora Drive #08-XX,17 Flora Drive,4,1289,1637800,Condominium,99 yrs from 08/03/2018,New Sale,1270,117.987,Strata,HDB,URA,not_clean,https://www.edgeprop.sg/condo-apartment/the-jovell,the-jovell
THE JOVELL,PASIR RIS,17,5 Jul 2021,15 Flora Drive #05-XX,15 Flora Drive,2,1350,973600,Condominium,99 yrs from 08/03/2018,New Sale,721,66.983,Strata,Private,URA,not_clean,https://www.edgeprop.sg/condo-apartment/the-jovell,the-jovell
THE JOVELL,PASIR RIS,17,4 Jul 2021,13 Flora Drive #07-XX,13 Flora Drive,2,1353,917300,Condominium,99 yrs from 08/03/2018,New Sale,678,62.988,Strata,N.A,URA,not_clean,https://www.edgeprop.sg/condo-apartment/the-jovell,the-jovell
THE JOVELL,PASIR RIS,17,3 Jul 2021,19 Flora Drive #01-XX,19 Flora Drive,4,1310,1664400,Condominium,99 yrs from 08/03/2018,New Sale,1270,117.987,Strata,HDB,URA,not_clean,https://www.edgeprop.sg/condo-apartment/the-jovell,the-jovell
THE JOVELL,PASIR RIS,17,30 Jun 2021,19 Flora Drive #07-XX,19 Flora Drive,2,1428,907000,Condominium,99 yrs from 08/03/2018,New Sale,635,58.993,Strata,Private,URA,not_clean,https://www.edgeprop.sg/condo-apartment/the-jovell,the-jovell
THE JOVELL,PASIR RIS,17,29 Jun 2021,25 Flora Drive #03-XX,25 Flora Drive,3,1272,1150200,Condominium,99 yrs from 08/03/2018,New Sale,904,83.984,Strata,HDB,URA,not_clean,https://www.edgeprop.sg/condo-apartment/the-jovell,the-jovell
THE JOVELL,PASIR RIS,17,27 Jun 2021,13 Flora Drive #08-XX,13 Flora Drive,2,1398,887600,Condominium,99 yrs from 08/03/2018,New Sale,635,58.993,Strata,HDB,URA,not_clean,https://www.edgeprop.sg/condo-apartment/the-jovell,the-jovell
THE JOVELL,PASIR RIS,17,27 Jun 2021,19 Flora Drive #06-XX,19 Flora Drive,4,1264,1606000,Condominium,99 yrs from 08/03/2018,New Sale,1270,117.987,Strata,N.A,URA,not_clean,https://www.edgeprop.sg/condo-apartment/the-jovell,the-jovell
THE JOVELL,PASIR RIS,17,21 Jun 2021,25 Flora Drive #07-XX,25 Flora Drive,2,1341,909100,Condominium,99 yrs from 08/03/2018,New Sale,678,62.988,Strata,Private,URA,not_clean,https://www.edgeprop.sg/condo-apartment/the-jovell,the-jovell
THE JOVELL,PASIR RIS,17,19 Jun 2021,21 Flora Drive #04-XX,21 Flora Drive,2,1383,878400,Condominium,99 yrs from 08/03/2018,New Sale,635,58.993,Strata,N.A,URA,not_clean,https://www.edgeprop.sg/condo-apartment/the-jovell,the-jovell
THE JOVELL,PASIR RIS,17,15 Jun 2021,17 Flora Drive #02-XX,17 Flora Drive,3,1195,1080600,Condominium,99 yrs from 08/03/2018,New Sale,904,83.984,Strata,HDB,URA,not_clean,https://www.edgeprop.sg/condo-apartment/the-jovell,the-jovell
THE JOVELL,PASIR RIS,17,13 Jun 2021,25 Flora Drive #02-XX,25 Flora Drive,3,1241,1282800,Condominium,99 yrs from 08/03/2018,New Sale,1033,95.969,Strata,Private,URA,not_clean,https://www.edgeprop.sg/condo-apartment/the-jovell,the-jovell
THE JOVELL,PASIR RIS,17,13 Jun 2021,19 Flora Drive #06-XX,19 Flora Drive,3,1218,1101100,Condominium,99 yrs from 08/03/2018,New Sale,904,83.984,Strata,HDB,URA,not_clean,https://www.edgeprop.sg/condo-apartment/the-jovell,the-jovell
THE JOVELL,PASIR RIS,17,12 Jun 2021,25 Flora Drive #04-XX,25 Flora Drive,3,1278,1155300,Condominium,99 yrs from 08/03/2018,New Sale,904,83.984,Strata,HDB,URA,not_clean,https://www.edgeprop.sg/condo-apartment/the-jovell,the-jovell
THE JOVELL,PASIR RIS,17,8 Jun 2021,27 Flora Drive #08-XX,27 Flora Drive,3,1242,1122600,Condominium,99 yrs from 08/03/2018,New Sale,904,83.984,Strata,Private,URA,not_clean,https://www.edgeprop.sg/condo-apartment/the-jovell,the-jovell
THE JOVELL,PASIR RIS,17,2 Jun 2021,23 Flora Drive #05-XX,23 Flora Drive,2,1330,887600,Condominium,99 yrs from 08/03/2018,New Sale,667,61.966,Strata,HDB,URA,not_clean,https://www.edgeprop.sg/condo-apartment/the-jovell,the-jovell
THE JOVELL,PASIR RIS,17,31 May 2021,27 Flora Drive #05-XX,27 Flora Drive,2,1324,955200,Condominium,99 yrs from 08/03/2018,New Sale,721,66.983,Strata,N.A,URA,not_clean,https://www.edgeprop.sg/condo-apartment/the-jovell,the-jovell
THE JOVELL,PASIR RIS,17,31 May 2021,19 Flora Drive #01-XX,19 Flora Drive,3,1189,1075500,Condominium,99 yrs from 08/03/2018,New Sale,904,83.984,Strata,HDB,URA,not_clean,https://www.edgeprop.sg/condo-apartment/the-jovell,the-jovell
THE JOVELL,PASIR RIS,17,30 May 2021,25 Flora Drive #03-XX,25 Flora Drive,3,1247,1288900,Condominium,99 yrs from 08/03/2018,New Sale,1033,95.969,Strata,HDB,URA,not_clean,https://www.edgeprop.sg/condo-apartment/the-jovell,the-jovell
THE JOVELL,PASIR RIS,17,28 May 2021,25 Flora Drive #01-XX,25 Flora Drive,3,1250,1129800,Condominium,99 yrs from 08/03/2018,New Sale,904,83.984,Strata,HDB,URA,not_clean,https://www.edgeprop.sg/condo-apartment/the-jovell,the-jovell
THE JOVELL,PASIR RIS,17,28 May 2021,25 Flora Drive #07-XX,25 Flora Drive,3,1283,1160500,Condominium,99 yrs from 08/03/2018,New Sale,904,83.984,Strata,Private,URA,not_clean,https://www.edgeprop.sg/condo-apartment/the-jovell,the-jovell
THE JOVELL,PASIR RIS,17,27 May 2021,25 Flora Drive #01-XX,25 Flora Drive,3,1261,1140200,Condominium,99 yrs from 08/03/2018,New Sale,904,83.984,Strata,HDB,URA,not_clean,https://www.edgeprop.sg/condo-apartment/the-jovell,the-jovell
THE JOVELL,PASIR RIS,17,27 May 2021,21 Flora Drive #05-XX,21 Flora Drive,3,1212,1095900,Condominium,99 yrs from 08/03/2018,New Sale,904,83.984,Strata,HDB,URA,not_clean,https://www.edgeprop.sg/condo-apartment/the-jovell,the-jovell
THE JOVELL,PASIR RIS,17,26 May 2021,19 Flora Drive #05-XX,19 Flora Drive,3,1212,1095900,Condominium,99 yrs from 08/03/2018,New Sale,904,83.984,Strata,HDB,URA,not_clean,https://www.edgeprop.sg/condo-apartment/the-jovell,the-jovell
THE JOVELL,PASIR RIS,17,24 May 2021,27 Flora Drive #03-XX,27 Flora Drive,1,1524,803600,Condominium,99 yrs from 08/03/2018,New Sale,527,48.96,Strata,HDB,URA,not_clean,https://www.edgeprop.sg/condo-apartment/the-jovell,the-jovell
THE JOVELL,PASIR RIS,17,21 May 2021,27 Flora Drive #02-XX,27 Flora Drive,3,1290,1332900,Condominium,99 yrs from 08/03/2018,New Sale,1033,95.969,Strata,Private,URA,not_clean,https://www.edgeprop.sg/condo-apartment/the-jovell,the-jovell
THE JOVELL,PASIR RIS,17,19 May 2021,25 Flora Drive #05-XX,25 Flora Drive,3,1260,1302200,Condominium,99 yrs from 08/03/2018,New Sale,1033,95.969,Strata,Private,URA,not_clean,https://www.edgeprop.sg/condo-apartment/the-jovell,the-jovell
THE JOVELL,PASIR RIS,17,18 May 2021,21 Flora Drive #07-XX,21 Flora Drive,3,1271,1149200,Condominium,99 yrs from 08/03/2018,New Sale,904,83.984,Strata,HDB,URA,not_clean,https://www.edgeprop.sg/condo-apartment/the-jovell,the-jovell
THE JOVELL,PASIR RIS,17,17 May 2021,25 Flora Drive #01-XX,25 Flora Drive,2,1324,854900,Condominium,99 yrs from 08/03/2018,New Sale,646,60.015,Strata,HDB,URA,not_clean,https://www.edgeprop.sg/condo-apartment/the-jovell,the-jovell
THE JOVELL,PASIR RIS,17,13 May 2021,21 Flora Drive #07-XX,21 Flora Drive,2,1323,954100,Condominium,99 yrs from 08/03/2018,New Sale,721,66.983,Strata,HDB,URA,not_clean,https://www.edgeprop.sg/condo-apartment/the-jovell,the-jovell
THE JOVELL,PASIR RIS,17,12 May 2021,13 Flora Drive #08-XX,13 Flora Drive,2,1366,984800,Condominium,99 yrs from 08/03/2018,New Sale,721,66.983,Strata,Private,URA,not_clean,https://www.edgeprop.sg/condo-apartment/the-jovell,the-jovell
THE JOVELL,PASIR RIS,17,12 May 2021,25 Flora Drive #06-XX,25 Flora Drive,3,1266,1308400,Condominium,99 yrs from 08/03/2018,New Sale,1033,95.969,Strata,N.A,URA,not_clean,https://www.edgeprop.sg/condo-apartment/the-jovell,the-jovell
THE JOVELL,PASIR RIS,17,10 May 2021,13 Flora Drive #01-XX,13 Flora Drive,3,1213,1097000,Condominium,99 yrs from 08/03/2018,New Sale,904,83.984,Strata,Private,URA,not_clean,https://www.edgeprop.sg/condo-apartment/the-jovell,the-jovell
THE JOVELL,PASIR RIS,17,8 May 2021,13 Flora Drive #06-XX,13 Flora Drive,2,1354,976700,Condominium,99 yrs from 08/03/2018,New Sale,721,66.983,Strata,HDB,URA,not_clean,https://www.edgeprop.sg/condo-apartment/the-jovell,the-jovell
THE JOVELL,PASIR RIS,17,3 May 2021,19 Flora Drive #03-XX,19 Flora Drive,4,1244,1580500,Condominium,99 yrs from 08/03/2018,New Sale,1270,117.987,Strata,HDB,URA,not_clean,https://www.edgeprop.sg/condo-apartment/the-jovell,the-jovell
THE JOVELL,PASIR RIS,17,1 May 2021,25 Flora Drive #08-XX,25 Flora Drive,3,1300,1175800,Condominium,99 yrs from 08/03/2018,New Sale,904,83.984,Strata,HDB,URA,not_clean,https://www.edgeprop.sg/condo-apartment/the-jovell,the-jovell
THE JOVELL,PASIR RIS,17,26 Apr 2021,15 Flora Drive #05-XX,15 Flora Drive,3,1248,1128700,Condominium,99 yrs from 08/03/2018,New Sale,904,83.984,Strata,HDB,URA,not_clean,https://www.edgeprop.sg/condo-apartment/the-jovell,the-jovell
THE JOVELL,PASIR RIS,17,25 Apr 2021,15 Flora Drive #08-XX,15 Flora Drive,2,1398,887600,Condominium,99 yrs from 08/03/2018,New Sale,635,58.993,Strata,HDB,URA,not_clean,https://www.edgeprop.sg/condo-apartment/the-jovell,the-jovell
THE JOVELL,PASIR RIS,17,18 Apr 2021,15 Flora Drive #06-XX,15 Flora Drive,3,1194,1079400,Condominium,99 yrs from 08/03/2018,New Sale,904,83.984,Strata,HDB,URA,not_clean,https://www.edgeprop.sg/condo-apartment/the-jovell,the-jovell
THE JOVELL,PASIR RIS,17,16 Apr 2021,17 Flora Drive #07-XX,17 Flora Drive,1,1333,703100,Condominium,99 yrs from 08/03/2018,New Sale,527,48.96,Strata,HDB,URA,not_clean,https://www.edgeprop.sg/condo-apartment/the-jovell,the-jovell
THE JOVELL,PASIR RIS,17,16 Apr 2021,21 Flora Drive #08-XX,21 Flora Drive,1,1326,699200,Condominium,99 yrs from 08/03/2018,New Sale,527,48.96,Strata,HDB,URA,not_clean,https://www.edgeprop.sg/condo-apartment/the-jovell,the-jovell
THE JOVELL,PASIR RIS,17,9 Apr 2021,27 Flora Drive #07-XX,27 Flora Drive,1,1531,807700,Condominium,99 yrs from 08/03/2018,New Sale,527,48.96,Strata,N.A,URA,not_clean,https://www.edgeprop.sg/condo-apartment/the-jovell,the-jovell
THE JOVELL,PASIR RIS,17,7 Apr 2021,27 Flora Drive #06-XX,27 Flora Drive,1,1524,803600,Condominium,99 yrs from 08/03/2018,New Sale,527,48.96,Strata,HDB,URA,not_clean,https://www.edgeprop.sg/condo-apartment/the-jovell,the-jovell
THE JOVELL,PASIR RIS,17,4 Apr 2021,27 Flora Drive #06-XX,27 Flora Drive,2,1298,866000,Condominium,99 yrs from 08/03/2018,New Sale,667,61.966,Strata,HDB,URA,not_clean,https://www.edgeprop.sg/condo-apartment/the-jovell,the-jovell
THE JOVELL,PASIR RIS,17,3 Apr 2021,13 Flora Drive #07-XX,13 Flora Drive,1,1420,749000,Condominium,99 yrs from 08/03/2018,New Sale,527,48.96,Strata,HDB,URA,not_clean,https://www.edgeprop.sg/condo-apartment/the-jovell,the-jovell
THE JOVELL,PASIR RIS,17,2 Apr 2021,19 Flora Drive #03-XX,19 Flora Drive,3,1189,1075000,Condominium,99 yrs from 08/03/2018,New Sale,904,83.984,Strata,HDB,URA,not_clean,https://www.edgeprop.sg/condo-apartment/the-jovell,the-jovell
THE JOVELL,PASIR RIS,17,31 Mar 2021,25 Flora Drive #07-XX,25 Flora Drive,1,1460,770000,Condominium,99 yrs from 08/03/2018,New Sale,527,48.96,Strata,HDB,URA,not_clean,https://www.edgeprop.sg/condo-apartment/the-jovell,the-jovell
THE JOVELL,PASIR RIS,17,30 Mar 2021,25 Flora Drive #06-XX,25 Flora Drive,3,1275,1153000,Condominium,99 yrs from 08/03/2018,New Sale,904,83.984,Strata,HDB,URA,not_clean,https://www.edgeprop.sg/condo-apartment/the-jovell,the-jovell
THE JOVELL,PASIR RIS,17,29 Mar 2021,19 Flora Drive #06-XX,19 Flora Drive,2,1381,877000,Condominium,99 yrs from 08/03/2018,New Sale,635,58.993,Strata,Private,URA,not_clean,https://www.edgeprop.sg/condo-apartment/the-jovell,the-jovell
THE JOVELL,PASIR RIS,17,27 Mar 2021,25 Flora Drive #07-XX,25 Flora Drive,3,1281,1158000,Condominium,99 yrs from 08/03/2018,New Sale,904,83.984,Strata,HDB,URA,not_clean,https://www.edgeprop.sg/condo-apartment/the-jovell,the-jovell
THE JOVELL,PASIR RIS,17,25 Mar 2021,15 Flora Drive #08-XX,15 Flora Drive,2,1328,958000,Condominium,99 yrs from 08/03/2018,New Sale,721,66.983,Strata,HDB,URA,not_clean,https://www.edgeprop.sg/condo-apartment/the-jovell,the-jovell
THE JOVELL,PASIR RIS,17,23 Mar 2021,23 Flora Drive #01-XX,23 Flora Drive,2,1285,830000,Condominium,99 yrs from 08/03/2018,New Sale,646,60.015,Strata,HDB,URA,not_clean,https://www.edgeprop.sg/condo-apartment/the-jovell,the-jovell
THE JOVELL,PASIR RIS,17,22 Mar 2021,25 Flora Drive #07-XX,25 Flora Drive,3,1243,1284000,Condominium,99 yrs from 08/03/2018,New Sale,1033,95.969,Strata,HDB,URA,not_clean,https://www.edgeprop.sg/condo-apartment/the-jovell,the-jovell
THE JOVELL,PASIR RIS,17,22 Mar 2021,27 Flora Drive #08-XX,27 Flora Drive,1,1479,780000,Condominium,99 yrs from 08/03/2018,New Sale,527,48.96,Strata,HDB,URA,not_clean,https://www.edgeprop.sg/condo-apartment/the-jovell,the-jovell
THE JOVELL,PASIR RIS,17,19 Mar 2021,13 Flora Drive #04-XX,13 Flora Drive,2,1332,846000,Condominium,99 yrs from 08/03/2018,New Sale,635,58.993,Strata,HDB,URA,not_clean,https://www.edgeprop.sg/condo-apartment/the-jovell,the-jovell
THE JOVELL,PASIR RIS,17,19 Mar 2021,21 Flora Drive #03-XX,21 Flora Drive,3,1235,1117000,Condominium,99 yrs from 08/03/2018,New Sale,904,83.984,Strata,HDB,URA,not_clean,https://www.edgeprop.sg/condo-apartment/the-jovell,the-jovell
THE JOVELL,PASIR RIS,17,17 Mar 2021,19 Flora Drive #07-XX,19 Flora Drive,3,1211,1095000,Condominium,99 yrs from 08/03/2018,New Sale,904,83.984,Strata,N.A,URA,not_clean,https://www.edgeprop.sg/condo-apartment/the-jovell,the-jovell
THE JOVELL,PASIR RIS,17,16 Mar 2021,13 Flora Drive #08-XX,13 Flora Drive,1,1426,752000,Condominium,99 yrs from 08/03/2018,New Sale,527,48.96,Strata,HDB,URA,not_clean,https://www.edgeprop.sg/condo-apartment/the-jovell,the-jovell
THE JOVELL,PASIR RIS,17,15 Mar 2021,23 Flora Drive #08-XX,23 Flora Drive,1,1365,719900,Condominium,99 yrs from 08/03/2018,New Sale,527,48.96,Strata,HDB,URA,not_clean,https://www.edgeprop.sg/condo-apartment/the-jovell,the-jovell
THE JOVELL,PASIR RIS,17,10 Mar 2021,17 Flora Drive #04-XX,17 Flora Drive,3,1194,1080000,Condominium,99 yrs from 08/03/2018,New Sale,904,83.984,Strata,N.A,URA,not_clean,https://www.edgeprop.sg/condo-apartment/the-jovell,the-jovell
THE JOVELL,PASIR RIS,17,5 Mar 2021,27 Flora Drive #05-XX,27 Flora Drive,3,1212,1252200,Condominium,99 yrs from 08/03/2018,New Sale,1033,95.969,Strata,N.A,URA,not_clean,https://www.edgeprop.sg/condo-apartment/the-jovell,the-jovell
THE JOVELL,PASIR RIS,17,1 Mar 2021,13 Flora Drive #06-XX,13 Flora Drive,1,1414,746000,Condominium,99 yrs from 08/03/2018,New Sale,527,48.96,Strata,HDB,URA,not_clean,https://www.edgeprop.sg/condo-apartment/the-jovell,the-jovell
THE JOVELL,PASIR RIS,17,27 Feb 2021,15 Flora Drive #05-XX,15 Flora Drive,3,1188,1074400,Condominium,99 yrs from 08/03/2018,New Sale,904,83.984,Strata,N.A,URA,not_clean,https://www.edgeprop.sg/condo-apartment/the-jovell,the-jovell
THE JOVELL,PASIR RIS,17,23 Feb 2021,15 Flora Drive #02-XX,15 Flora Drive,2,1295,934000,Condominium,99 yrs from 08/03/2018,New Sale,721,66.983,Strata,HDB,URA,not_clean,https://www.edgeprop.sg/condo-apartment/the-jovell,the-jovell
THE JOVELL,PASIR RIS,17,21 Feb 2021,11 Flora Drive #08-XX,11 Flora Drive,2,1255,905000,Condominium,99 yrs from 08/03/2018,New Sale,721,66.983,Strata,Private,URA,not_clean,https://www.edgeprop.sg/condo-apartment/the-jovell,the-jovell
THE JOVELL,PASIR RIS,17,21 Feb 2021,19 Flora Drive #05-XX,19 Flora Drive,2,1335,848000,Condominium,99 yrs from 08/03/2018,New Sale,635,58.993,Strata,N.A,URA,not_clean,https://www.edgeprop.sg/condo-apartment/the-jovell,the-jovell
THE JOVELL,PASIR RIS,17,21 Feb 2021,21 Flora Drive #03-XX,21 Flora Drive,2,1297,824000,Condominium,99 yrs from 08/03/2018,New Sale,635,58.993,Strata,N.A,URA,not_clean,https://www.edgeprop.sg/condo-apartment/the-jovell,the-jovell
THE JOVELL,PASIR RIS,17,21 Feb 2021,21 Flora Drive #06-XX,21 Flora Drive,2,1316,836000,Condominium,99 yrs from 08/03/2018,New Sale,635,58.993,Strata,HDB,URA,not_clean,https://www.edgeprop.sg/condo-apartment/the-jovell,the-jovell
THE JOVELL,PASIR RIS,17,20 Feb 2021,15 Flora Drive #08-XX,15 Flora Drive,1,1382,729000,Condominium,99 yrs from 08/03/2018,New Sale,527,48.96,Strata,Private,URA,not_clean,https://www.edgeprop.sg/condo-apartment/the-jovell,the-jovell
THE JOVELL,PASIR RIS,17,20 Feb 2021,17 Flora Drive #08-XX,17 Flora Drive,3,1183,1070000,Condominium,99 yrs from 08/03/2018,New Sale,904,83.984,Strata,HDB,URA,not_clean,https://www.edgeprop.sg/condo-apartment/the-jovell,the-jovell
THE JOVELL,PASIR RIS,17,18 Feb 2021,19 Flora Drive #05-XX,19 Flora Drive,4,1231,1564000,Condominium,99 yrs from 08/03/2018,New Sale,1270,117.987,Strata,HDB,URA,not_clean,https://www.edgeprop.sg/condo-apartment/the-jovell,the-jovell
THE JOVELL,PASIR RIS,17,11 Feb 2021,17 Flora Drive #06-XX,17 Flora Drive,4,1249,1587000,Condominium,99 yrs from 08/03/2018,New Sale,1270,117.987,Strata,Private,URA,not_clean,https://www.edgeprop.sg/condo-apartment/the-jovell,the-jovell
THE JOVELL,PASIR RIS,17,10 Feb 2021,13 Flora Drive #04-XX,13 Flora Drive,1,1346,710000,Condominium,99 yrs from 08/03/2018,New Sale,527,48.96,Strata,HDB,URA,not_clean,https://www.edgeprop.sg/condo-apartment/the-jovell,the-jovell
THE JOVELL,PASIR RIS,17,10 Feb 2021,25 Flora Drive #08-XX,25 Flora Drive,3,1205,1245000,Condominium,99 yrs from 08/03/2018,New Sale,1033,95.969,Strata,Private,URA,not_clean,https://www.edgeprop.sg/condo-apartment/the-jovell,the-jovell
THE JOVELL,PASIR RIS,17,9 Feb 2021,17 Flora Drive #06-XX,17 Flora Drive,2,1335,891000,Condominium,99 yrs from 08/03/2018,New Sale,667,61.966,Strata,HDB,URA,not_clean,https://www.edgeprop.sg/condo-apartment/the-jovell,the-jovell
THE JOVELL,PASIR RIS,17,7 Feb 2021,17 Flora Drive #01-XX,17 Flora Drive,3,1180,1067000,Condominium,99 yrs from 08/03/2018,New Sale,904,83.984,Strata,Private,URA,not_clean,https://www.edgeprop.sg/condo-apartment/the-jovell,the-jovell
THE JOVELL,PASIR RIS,17,5 Feb 2021,11 Flora Drive #08-XX,11 Flora Drive,2,1256,852000,Condominium,99 yrs from 08/03/2018,New Sale,678,62.988,Strata,HDB,URA,not_clean,https://www.edgeprop.sg/condo-apartment/the-jovell,the-jovell
THE JOVELL,PASIR RIS,17,2 Feb 2021,21 Flora Drive #02-XX,21 Flora Drive,3,1182,1068500,Condominium,99 yrs from 08/03/2018,New Sale,904,83.984,Strata,HDB,URA,not_clean,https://www.edgeprop.sg/condo-apartment/the-jovell,the-jovell
THE JOVELL,PASIR RIS,17,2 Feb 2021,25 Flora Drive #01-XX,25 Flora Drive,2,1230,834000,Condominium,99 yrs from 08/03/2018,New Sale,678,62.988,Strata,N.A,URA,not_clean,https://www.edgeprop.sg/condo-apartment/the-jovell,the-jovell
THE JOVELL,PASIR RIS,17,1 Feb 2021,17 Flora Drive #06-XX,17 Flora Drive,3,1172,1060000,Condominium,99 yrs from 08/03/2018,New Sale,904,83.984,Strata,HDB,URA,not_clean,https://www.edgeprop.sg/condo-apartment/the-jovell,the-jovell
THE JOVELL,PASIR RIS,17,30 Jan 2021,13 Flora Drive #07-XX,13 Flora Drive,3,1202,1087000,Condominium,99 yrs from 08/03/2018,New Sale,904,83.984,Strata,Private,URA,not_clean,https://www.edgeprop.sg/condo-apartment/the-jovell,the-jovell
THE JOVELL,PASIR RIS,17,26 Jan 2021,13 Flora Drive #04-XX,13 Flora Drive,2,1270,916000,Condominium,99 yrs from 08/03/2018,New Sale,721,66.983,Strata,HDB,URA,not_clean,https://www.edgeprop.sg/condo-apartment/the-jovell,the-jovell
THE JOVELL,PASIR RIS,17,26 Jan 2021,15 Flora Drive #05-XX,15 Flora Drive,3,1212,1252000,Condominium,99 yrs from 08/03/2018,New Sale,1033,95.969,Strata,HDB,URA,not_clean,https://www.edgeprop.sg/condo-apartment/the-jovell,the-jovell
THE JOVELL,PASIR RIS,17,25 Jan 2021,15 Flora Drive #04-XX,15 Flora Drive,1,1359,717000,Condominium,99 yrs from 08/03/2018,New Sale,527,48.96,Strata,Private,URA,not_clean,https://www.edgeprop.sg/condo-apartment/the-jovell,the-jovell
THE JOVELL,PASIR RIS,17,24 Jan 2021,19 Flora Drive #06-XX,19 Flora Drive,3,1227,1109000,Condominium,99 yrs from 08/03/2018,New Sale,904,83.984,Strata,Private,URA,not_clean,https://www.edgeprop.sg/condo-apartment/the-jovell,the-jovell
THE JOVELL,PASIR RIS,17,24 Jan 2021,25 Flora Drive #04-XX,25 Flora Drive,3,1160,1198900,Condominium,99 yrs from 08/03/2018,New Sale,1033,95.969,Strata,N.A,URA,not_clean,https://www.edgeprop.sg/condo-apartment/the-jovell,the-jovell
THE JOVELL,PASIR RIS,17,23 Jan 2021,23 Flora Drive #06-XX,23 Flora Drive,2,1309,888000,Condominium,99 yrs from 08/03/2018,New Sale,678,62.988,Strata,HDB,URA,not_clean,https://www.edgeprop.sg/condo-apartment/the-jovell,the-jovell
THE JOVELL,PASIR RIS,17,22 Jan 2021,13 Flora Drive #05-XX,13 Flora Drive,2,1276,920000,Condominium,99 yrs from 08/03/2018,New Sale,721,66.983,Strata,Private,URA,not_clean,https://www.edgeprop.sg/condo-apartment/the-jovell,the-jovell
THE JOVELL,PASIR RIS,17,22 Jan 2021,19 Flora Drive #04-XX,19 Flora Drive,2,1225,778200,Condominium,99 yrs from 08/03/2018,New Sale,635,58.993,Strata,N.A,URA,not_clean,https://www.edgeprop.sg/condo-apartment/the-jovell,the-jovell
THE JOVELL,PASIR RIS,17,22 Jan 2021,19 Flora Drive #07-XX,19 Flora Drive,2,1258,798900,Condominium,99 yrs from 08/03/2018,New Sale,635,58.993,Strata,N.A,URA,not_clean,https://www.edgeprop.sg/condo-apartment/the-jovell,the-jovell
THE JOVELL,PASIR RIS,17,15 Jan 2021,17 Flora Drive #07-XX,17 Flora Drive,3,1178,1065000,Condominium,99 yrs from 08/03/2018,New Sale,904,83.984,Strata,HDB,URA,not_clean,https://www.edgeprop.sg/condo-apartment/the-jovell,the-jovell
THE JOVELL,PASIR RIS,17,11 Jan 2021,17 Flora Drive #08-XX,17 Flora Drive,2,1347,899000,Condominium,99 yrs from 08/03/2018,New Sale,667,61.966,Strata,N.A,URA,not_clean,https://www.edgeprop.sg/condo-apartment/the-jovell,the-jovell
THE JOVELL,PASIR RIS,17,9 Jan 2021,17 Flora Drive #01-XX,17 Flora Drive,3,1121,1013200,Condominium,99 yrs from 08/03/2018,New Sale,904,83.984,Strata,HDB,URA,not_clean,https://www.edgeprop.sg/condo-apartment/the-jovell,the-jovell
THE JOVELL,PASIR RIS,17,9 Jan 2021,21 Flora Drive #01-XX,21 Flora Drive,2,1217,878000,Condominium,99 yrs from 08/03/2018,New Sale,721,66.983,Strata,Private,URA,not_clean,https://www.edgeprop.sg/condo-apartment/the-jovell,the-jovell
THE JOVELL,PASIR RIS,17,8 Jan 2021,15 Flora Drive #02-XX,15 Flora Drive,1,1348,711000,Condominium,99 yrs from 08/03/2018,New Sale,527,48.96,Strata,Private,URA,not_clean,https://www.edgeprop.sg/condo-apartment/the-jovell,the-jovell
THE JOVELL,PASIR RIS,17,7 Jan 2021,21 Flora Drive #04-XX,21 Flora Drive,2,1295,934000,Condominium,99 yrs from 08/03/2018,New Sale,721,66.983,Strata,HDB,URA,not_clean,https://www.edgeprop.sg/condo-apartment/the-jovell,the-jovell
THE JOVELL,PASIR RIS,17,4 Jan 2021,15 Flora Drive #08-XX,15 Flora Drive,3,1220,1103000,Condominium,99 yrs from 08/03/2018,New Sale,904,83.984,Strata,HDB,URA,not_clean,https://www.edgeprop.sg/condo-apartment/the-jovell,the-jovell
THE JOVELL,PASIR RIS,17,4 Jan 2021,27 Flora Drive #04-XX,27 Flora Drive,3,1228,1269000,Condominium,99 yrs from 08/03/2018,New Sale,1033,95.969,Strata,Private,URA,not_clean,https://www.edgeprop.sg/condo-apartment/the-jovell,the-jovell
THE JOVELL,PASIR RIS,17,3 Jan 2021,13 Flora Drive #05-XX,13 Flora Drive,1,1352,713000,Condominium,99 yrs from 08/03/2018,New Sale,527,48.96,Strata,HDB,URA,not_clean,https://www.edgeprop.sg/condo-apartment/the-jovell,the-jovell
THE JOVELL,PASIR RIS,17,30 Dec 2020,19 Flora Drive #03-XX,19 Flora Drive,3,1156,1045000,Condominium,99 yrs from 08/03/2018,New Sale,904,83.984,Strata,Private,URA,not_clean,https://www.edgeprop.sg/condo-apartment/the-jovell,the-jovell
THE JOVELL,PASIR RIS,17,28 Dec 2020,21 Flora Drive #05-XX,21 Flora Drive,2,1310,832000,Condominium,99 yrs from 08/03/2018,New Sale,635,58.993,Strata,Private,URA,not_clean,https://www.edgeprop.sg/condo-apartment/the-jovell,the-jovell
THE JOVELL,PASIR RIS,17,26 Dec 2020,27 Flora Drive #08-XX,27 Flora Drive,2,1269,915000,Condominium,99 yrs from 08/03/2018,New Sale,721,66.983,Strata,HDB,URA,not_clean,https://www.edgeprop.sg/condo-apartment/the-jovell,the-jovell
THE JOVELL,PASIR RIS,17,23 Dec 2020,13 Flora Drive #02-XX,13 Flora Drive,2,1259,908000,Condominium,99 yrs from 08/03/2018,New Sale,721,66.983,Strata,HDB,URA,not_clean,https://www.edgeprop.sg/condo-apartment/the-jovell,the-jovell
THE JOVELL,PASIR RIS,17,23 Dec 2020,27 Flora Drive #08-XX,27 Flora Drive,3,1252,1294000,Condominium,99 yrs from 08/03/2018,New Sale,1033,95.969,Strata,HDB,URA,not_clean,https://www.edgeprop.sg/condo-apartment/the-jovell,the-jovell
THE JOVELL,PASIR RIS,17,19 Dec 2020,25 Flora Drive #01-XX,25 Flora Drive,3,1161,1162300,Condominium,99 yrs from 08/03/2018,New Sale,1001,92.996,Strata,HDB,URA,not_clean,https://www.edgeprop.sg/condo-apartment/the-jovell,the-jovell
THE JOVELL,PASIR RIS,17,18 Dec 2020,15 Flora Drive #01-XX,15 Flora Drive,3,1140,1031000,Condominium,99 yrs from 08/03/2018,New Sale,904,83.984,Strata,N.A,URA,not_clean,https://www.edgeprop.sg/condo-apartment/the-jovell,the-jovell
THE JOVELL,PASIR RIS,17,18 Dec 2020,17 Flora Drive #04-XX,17 Flora Drive,1,1316,694300,Condominium,99 yrs from 08/03/2018,New Sale,527,48.96,Strata,HDB,URA,not_clean,https://www.edgeprop.sg/condo-apartment/the-jovell,the-jovell
THE JOVELL,PASIR RIS,17,18 Dec 2020,27 Flora Drive #01-XX,27 Flora Drive,2,1230,821000,Condominium,99 yrs from 08/03/2018,New Sale,667,61.966,Strata,Private,URA,not_clean,https://www.edgeprop.sg/condo-apartment/the-jovell,the-jovell
THE JOVELL,PASIR RIS,17,15 Dec 2020,25 Flora Drive #02-XX,25 Flora Drive,1,1375,725000,Condominium,99 yrs from 08/03/2018,New Sale,527,48.96,Strata,HDB,URA,not_clean,https://www.edgeprop.sg/condo-apartment/the-jovell,the-jovell
THE JOVELL,PASIR RIS,17,14 Dec 2020,13 Flora Drive #02-XX,13 Flora Drive,1,1335,704000,Condominium,99 yrs from 08/03/2018,New Sale,527,48.96,Strata,HDB,URA,not_clean,https://www.edgeprop.sg/condo-apartment/the-jovell,the-jovell
THE JOVELL,PASIR RIS,17,12 Dec 2020,19 Flora Drive #02-XX,19 Flora Drive,2,1300,825600,Condominium,99 yrs from 08/03/2018,New Sale,635,58.993,Strata,HDB,URA,not_clean,https://www.edgeprop.sg/condo-apartment/the-jovell,the-jovell
THE JOVELL,PASIR RIS,17,9 Dec 2020,17 Flora Drive #05-XX,17 Flora Drive,2,1308,873000,Condominium,99 yrs from 08/03/2018,New Sale,667,61.966,Strata,N.A,URA,not_clean,https://www.edgeprop.sg/condo-apartment/the-jovell,the-jovell
THE JOVELL,PASIR RIS,17,8 Dec 2020,17 Flora Drive #03-XX,17 Flora Drive,1,1311,691300,Condominium,99 yrs from 08/03/2018,New Sale,527,48.96,Strata,HDB,URA,not_clean,https://www.edgeprop.sg/condo-apartment/the-jovell,the-jovell
THE JOVELL,PASIR RIS,17,5 Dec 2020,13 Flora Drive #06-XX,13 Flora Drive,2,1289,818700,Condominium,99 yrs from 08/03/2018,New Sale,635,58.993,Strata,HDB,URA,not_clean,https://www.edgeprop.sg/condo-apartment/the-jovell,the-jovell
THE JOVELL,PASIR RIS,17,5 Dec 2020,17 Flora Drive #03-XX,17 Flora Drive,3,1152,1042000,Condominium,99 yrs from 08/03/2018,New Sale,904,83.984,Strata,HDB,URA,not_clean,https://www.edgeprop.sg/condo-apartment/the-jovell,the-jovell
THE JOVELL,PASIR RIS,17,3 Dec 2020,27 Flora Drive #02-XX,27 Flora Drive,1,1386,731000,Condominium,99 yrs from 08/03/2018,New Sale,527,48.96,Strata,N.A,URA,not_clean,https://www.edgeprop.sg/condo-apartment/the-jovell,the-jovell
THE JOVELL,PASIR RIS,17,1 Dec 2020,15 Flora Drive #06-XX,15 Flora Drive,1,1371,723000,Condominium,99 yrs from 08/03/2018,New Sale,527,48.96,Strata,HDB,URA,not_clean,https://www.edgeprop.sg/condo-apartment/the-jovell,the-jovell
THE JOVELL,PASIR RIS,17,30 Nov 2020,25 Flora Drive #03-XX,25 Flora Drive,3,1214,1098000,Condominium,99 yrs from 08/03/2018,New Sale,904,83.984,Strata,HDB,URA,not_clean,https://www.edgeprop.sg/condo-apartment/the-jovell,the-jovell
THE JOVELL,PASIR RIS,17,28 Nov 2020,19 Flora Drive #03-XX,19 Flora Drive,3,1233,1115000,Condominium,99 yrs from 08/03/2018,New Sale,904,83.984,Strata,HDB,URA,not_clean,https://www.edgeprop.sg/condo-apartment/the-jovell,the-jovell
THE JOVELL,PASIR RIS,17,23 Nov 2020,15 Flora Drive #03-XX,15 Flora Drive,3,1176,1063600,Condominium,99 yrs from 08/03/2018,New Sale,904,83.984,Strata,HDB,URA,not_clean,https://www.edgeprop.sg/condo-apartment/the-jovell,the-jovell
THE JOVELL,PASIR RIS,17,16 Nov 2020,15 Flora Drive #07-XX,15 Flora Drive,3,1210,1094000,Condominium,99 yrs from 08/03/2018,New Sale,904,83.984,Strata,Private,URA,not_clean,https://www.edgeprop.sg/condo-apartment/the-jovell,the-jovell
THE JOVELL,PASIR RIS,17,16 Nov 2020,17 Flora Drive #08-XX,17 Flora Drive,1,1356,715000,Condominium,99 yrs from 08/03/2018,New Sale,527,48.96,Strata,HDB,URA,not_clean,https://www.edgeprop.sg/condo-apartment/the-jovell,the-jovell
THE JOVELL,PASIR RIS,17,15 Nov 2020,27 Flora Drive #05-XX,27 Flora Drive,1,1374,724900,Condominium,99 yrs from 08/03/2018,New Sale,527,48.96,Strata,HDB,URA,not_clean,https://www.edgeprop.sg/condo-apartment/the-jovell,the-jovell
THE JOVELL,PASIR RIS,17,11 Nov 2020,13 Flora Drive #03-XX,13 Flora Drive,1,1340,707000,Condominium,99 yrs from 08/03/2018,New Sale,527,48.96,Strata,HDB,URA,not_clean,https://www.edgeprop.sg/condo-apartment/the-jovell,the-jovell
THE JOVELL,PASIR RIS,17,9 Nov 2020,27 Flora Drive #08-XX,27 Flora Drive,2,1263,843000,Condominium,99 yrs from 08/03/2018,New Sale,667,61.966,Strata,Private,URA,not_clean,https://www.edgeprop.sg/condo-apartment/the-jovell,the-jovell
THE JOVELL,PASIR RIS,17,8 Nov 2020,15 Flora Drive #05-XX,15 Flora Drive,2,1290,819000,Condominium,99 yrs from 08/03/2018,New Sale,635,58.993,Strata,HDB,URA,not_clean,https://www.edgeprop.sg/condo-apartment/the-jovell,the-jovell
THE JOVELL,PASIR RIS,17,7 Nov 2020,15 Flora Drive #04-XX,15 Flora Drive,2,1284,815700,Condominium,99 yrs from 08/03/2018,New Sale,635,58.993,Strata,Private,URA,not_clean,https://www.edgeprop.sg/condo-apartment/the-jovell,the-jovell
THE JOVELL,PASIR RIS,17,7 Nov 2020,19 Flora Drive #04-XX,19 Flora Drive,3,1227,1109000,Condominium,99 yrs from 08/03/2018,New Sale,904,83.984,Strata,Private,URA,not_clean,https://www.edgeprop.sg/condo-apartment/the-jovell,the-jovell
THE JOVELL,PASIR RIS,17,1 Nov 2020,19 Flora Drive #08-XX,19 Flora Drive,3,1253,1133000,Condominium,99 yrs from 08/03/2018,New Sale,904,83.984,Strata,Private,URA,not_clean,https://www.edgeprop.sg/condo-apartment/the-jovell,the-jovell
THE JOVELL,PASIR RIS,17,31 Oct 2020,21 Flora Drive #02-XX,21 Flora Drive,2,1291,820000,Condominium,99 yrs from 08/03/2018,New Sale,635,58.993,Strata,N.A,URA,not_clean,https://www.edgeprop.sg/condo-apartment/the-jovell,the-jovell
THE JOVELL,PASIR RIS,17,31 Oct 2020,27 Flora Drive #03-XX,27 Flora Drive,3,1215,1256000,Condominium,99 yrs from 08/03/2018,New Sale,1033,95.969,Strata,HDB,URA,not_clean,https://www.edgeprop.sg/condo-apartment/the-jovell,the-jovell
THE JOVELL,PASIR RIS,17,29 Oct 2020,21 Flora Drive #08-XX,21 Flora Drive,2,1329,844000,Condominium,99 yrs from 08/03/2018,New Sale,635,58.993,Strata,HDB,URA,not_clean,https://www.edgeprop.sg/condo-apartment/the-jovell,the-jovell
THE JOVELL,PASIR RIS,17,26 Oct 2020,13 Flora Drive #07-XX,13 Flora Drive,2,1287,928000,Condominium,99 yrs from 08/03/2018,New Sale,721,66.983,Strata,HDB,URA,not_clean,https://www.edgeprop.sg/condo-apartment/the-jovell,the-jovell
THE JOVELL,PASIR RIS,17,25 Oct 2020,13 Flora Drive #03-XX,13 Flora Drive,2,1270,806800,Condominium,99 yrs from 08/03/2018,New Sale,635,58.993,Strata,HDB,URA,not_clean,https://www.edgeprop.sg/condo-apartment/the-jovell,the-jovell
THE JOVELL,PASIR RIS,17,9 Oct 2020,15 Flora Drive #07-XX,15 Flora Drive,3,1189,1228500,Condominium,99 yrs from 08/03/2018,New Sale,1033,95.969,Strata,HDB,URA,not_clean,https://www.edgeprop.sg/condo-apartment/the-jovell,the-jovell
THE JOVELL,PASIR RIS,17,3 Oct 2020,15 Flora Drive #07-XX,15 Flora Drive,1,1376,726000,Condominium,99 yrs from 08/03/2018,New Sale,527,48.96,Strata,HDB,URA,not_clean,https://www.edgeprop.sg/condo-apartment/the-jovell,the-jovell
THE JOVELL,PASIR RIS,17,25 Sep 2020,15 Flora Drive #02-XX,15 Flora Drive,2,1272,807800,Condominium,99 yrs from 08/03/2018,New Sale,635,58.993,Strata,HDB,URA,not_clean,https://www.edgeprop.sg/condo-apartment/the-jovell,the-jovell
THE JOVELL,PASIR RIS,17,24 Sep 2020,19 Flora Drive #07-XX,19 Flora Drive,3,1248,1128000,Condominium,99 yrs from 08/03/2018,New Sale,904,83.984,Strata,HDB,URA,not_clean,https://www.edgeprop.sg/condo-apartment/the-jovell,the-jovell
THE JOVELL,PASIR RIS,17,21 Sep 2020,21 Flora Drive #07-XX,21 Flora Drive,1,1337,705000,Condominium,99 yrs from 08/03/2018,New Sale,527,48.96,Strata,N.A,URA,not_clean,https://www.edgeprop.sg/condo-apartment/the-jovell,the-jovell
THE JOVELL,PASIR RIS,17,19 Sep 2020,27 Flora Drive #01-XX,27 Flora Drive,2,1230,887000,Condominium,99 yrs from 08/03/2018,New Sale,721,66.983,Strata,Private,URA,not_clean,https://www.edgeprop.sg/condo-apartment/the-jovell,the-jovell
THE JOVELL,PASIR RIS,17,18 Sep 2020,15 Flora Drive #04-XX,15 Flora Drive,3,1197,1082000,Condominium,99 yrs from 08/03/2018,New Sale,904,83.984,Strata,HDB,URA,not_clean,https://www.edgeprop.sg/condo-apartment/the-jovell,the-jovell
THE JOVELL,PASIR RIS,17,18 Sep 2020,25 Flora Drive #04-XX,25 Flora Drive,1,1369,721900,Condominium,99 yrs from 08/03/2018,New Sale,527,48.96,Strata,HDB,URA,not_clean,https://www.edgeprop.sg/condo-apartment/the-jovell,the-jovell
THE JOVELL,PASIR RIS,17,9 Sep 2020,27 Flora Drive #06-XX,27 Flora Drive,3,1233,1274000,Condominium,99 yrs from 08/03/2018,New Sale,1033,95.969,Strata,Private,URA,not_clean,https://www.edgeprop.sg/condo-apartment/the-jovell,the-jovell
THE JOVELL,PASIR RIS,17,1 Sep 2020,13 Flora Drive #03-XX,13 Flora Drive,2,1265,912000,Condominium,99 yrs from 08/03/2018,New Sale,721,66.983,Strata,HDB,URA,not_clean,https://www.edgeprop.sg/condo-apartment/the-jovell,the-jovell
THE JOVELL,PASIR RIS,17,31 Aug 2020,15 Flora Drive #08-XX,15 Flora Drive,3,1210,1250000,Condominium,99 yrs from 08/03/2018,New Sale,1033,95.969,Strata,HDB,URA,not_clean,https://www.edgeprop.sg/condo-apartment/the-jovell,the-jovell
THE JOVELL,PASIR RIS,17,22 Aug 2020,17 Flora Drive #02-XX,17 Flora Drive,2,1310,874000,Condominium,99 yrs from 08/03/2018,New Sale,667,61.966,Strata,HDB,URA,not_clean,https://www.edgeprop.sg/condo-apartment/the-jovell,the-jovell
THE JOVELL,PASIR RIS,17,21 Aug 2020,13 Flora Drive #01-XX,13 Flora Drive,2,1222,828600,Condominium,99 yrs from 08/03/2018,New Sale,678,62.988,Strata,HDB,URA,not_clean,https://www.edgeprop.sg/condo-apartment/the-jovell,the-jovell
THE JOVELL,PASIR RIS,17,16 Aug 2020,19 Flora Drive #07-XX,19 Flora Drive,4,1216,1544500,Condominium,99 yrs from 08/03/2018,New Sale,1270,117.987,Strata,Private,URA,not_clean,https://www.edgeprop.sg/condo-apartment/the-jovell,the-jovell
THE JOVELL,PASIR RIS,17,4 Aug 2020,15 Flora Drive #01-XX,15 Flora Drive,3,1246,1127000,Condominium,99 yrs from 08/03/2018,New Sale,904,83.984,Strata,Private,URA,not_clean,https://www.edgeprop.sg/condo-apartment/the-jovell,the-jovell
THE JOVELL,PASIR RIS,17,4 Aug 2020,21 Flora Drive #08-XX,21 Flora Drive,2,1319,951000,Condominium,99 yrs from 08/03/2018,New Sale,721,66.983,Strata,Private,URA,not_clean,https://www.edgeprop.sg/condo-apartment/the-jovell,the-jovell
THE JOVELL,PASIR RIS,17,3 Aug 2020,19 Flora Drive #05-XX,19 Flora Drive,3,1167,1055000,Condominium,99 yrs from 08/03/2018,New Sale,904,83.984,Strata,HDB,URA,not_clean,https://www.edgeprop.sg/condo-apartment/the-jovell,the-jovell
THE JOVELL,PASIR RIS,17,22 Jul 2020,23 Flora Drive #06-XX,23 Flora Drive,2,1258,907000,Condominium,99 yrs from 08/03/2018,New Sale,721,66.983,Strata,N.A,URA,not_clean,https://www.edgeprop.sg/condo-apartment/the-jovell,the-jovell
THE JOVELL,PASIR RIS,17,20 Jul 2020,21 Flora Drive #02-XX,21 Flora Drive,2,1284,926000,Condominium,99 yrs from 08/03/2018,New Sale,721,66.983,Strata,HDB,URA,not_clean,https://www.edgeprop.sg/condo-apartment/the-jovell,the-jovell
THE JOVELL,PASIR RIS,17,19 Jul 2020,15 Flora Drive #04-XX,15 Flora Drive,3,1172,1210700,Condominium,99 yrs from 08/03/2018,New Sale,1033,95.969,Strata,Private,URA,not_clean,https://www.edgeprop.sg/condo-apartment/the-jovell,the-jovell
THE JOVELL,PASIR RIS,17,18 Jul 2020,23 Flora Drive #01-XX,23 Flora Drive,2,1330,901600,Condominium,99 yrs from 08/03/2018,New Sale,678,62.988,Strata,HDB,URA,not_clean,https://www.edgeprop.sg/condo-apartment/the-jovell,the-jovell
THE JOVELL,PASIR RIS,17,11 Jul 2020,27 Flora Drive #05-XX,27 Flora Drive,4,1240,1575000,Condominium,99 yrs from 08/03/2018,New Sale,1270,117.987,Strata,HDB,URA,not_clean,https://www.edgeprop.sg/condo-apartment/the-jovell,the-jovell
THE JOVELL,PASIR RIS,17,30 Jun 2020,17 Flora Drive #06-XX,17 Flora Drive,1,1333,703000,Condominium,99 yrs from 08/03/2018,New Sale,527,48.96,Strata,HDB,URA,not_clean,https://www.edgeprop.sg/condo-apartment/the-jovell,the-jovell
THE JOVELL,PASIR RIS,17,28 Jun 2020,21 Flora Drive #07-XX,21 Flora Drive,2,1309,944000,Condominium,99 yrs from 08/03/2018,New Sale,721,66.983,Strata,HDB,URA,not_clean,https://www.edgeprop.sg/condo-apartment/the-jovell,the-jovell
THE JOVELL,PASIR RIS,17,20 Jun 2020,21 Flora Drive #06-XX,21 Flora Drive,2,1295,934000,Condominium,99 yrs from 08/03/2018,New Sale,721,66.983,Strata,HDB,URA,not_clean,https://www.edgeprop.sg/condo-apartment/the-jovell,the-jovell
THE JOVELL,PASIR RIS,17,12 Jun 2020,19 Flora Drive #08-XX,19 Flora Drive,3,1159,1047800,Condominium,99 yrs from 08/03/2018,New Sale,904,83.984,Strata,N.A,URA,not_clean,https://www.edgeprop.sg/condo-apartment/the-jovell,the-jovell
THE JOVELL,PASIR RIS,17,9 Jun 2020,15 Flora Drive #06-XX,15 Flora Drive,3,1195,1235000,Condominium,99 yrs from 08/03/2018,New Sale,1033,95.969,Strata,Private,URA,not_clean,https://www.edgeprop.sg/condo-apartment/the-jovell,the-jovell
THE JOVELL,PASIR RIS,17,5 Jun 2020,15 Flora Drive #08-XX,15 Flora Drive,3,1193,1078400,Condominium,99 yrs from 08/03/2018,New Sale,904,83.984,Strata,Private,URA,not_clean,https://www.edgeprop.sg/condo-apartment/the-jovell,the-jovell
THE JOVELL,PASIR RIS,17,5 Jun 2020,23 Flora Drive #06-XX,23 Flora Drive,2,1268,860200,Condominium,99 yrs from 08/03/2018,New Sale,678,62.988,Strata,HDB,URA,not_clean,https://www.edgeprop.sg/condo-apartment/the-jovell,the-jovell
THE JOVELL,PASIR RIS,17,27 May 2020,15 Flora Drive #07-XX,15 Flora Drive,2,1313,834000,Condominium,99 yrs from 08/03/2018,New Sale,635,58.993,Strata,HDB,URA,not_clean,https://www.edgeprop.sg/condo-apartment/the-jovell,the-jovell
THE JOVELL,PASIR RIS,17,18 May 2020,23 Flora Drive #01-XX,23 Flora Drive,2,1247,845300,Condominium,99 yrs from 08/03/2018,New Sale,678,62.988,Strata,Private,URA,not_clean,https://www.edgeprop.sg/condo-apartment/the-jovell,the-jovell
THE JOVELL,PASIR RIS,17,27 Apr 2020,19 Flora Drive #02-XX,19 Flora Drive,4,1182,1501000,Condominium,99 yrs from 08/03/2018,New Sale,1270,117.987,Strata,Private,URA,not_clean,https://www.edgeprop.sg/condo-apartment/the-jovell,the-jovell
THE JOVELL,PASIR RIS,17,26 Mar 2020,19 Flora Drive #03-XX,19 Flora Drive,2,1255,797000,Condominium,99 yrs from 08/03/2018,New Sale,635,58.993,Strata,HDB,URA,not_clean,https://www.edgeprop.sg/condo-apartment/the-jovell,the-jovell
THE JOVELL,PASIR RIS,17,18 Mar 2020,13 Flora Drive #05-XX,13 Flora Drive,2,1283,814700,Condominium,99 yrs from 08/03/2018,New Sale,635,58.993,Strata,HDB,URA,not_clean,https://www.edgeprop.sg/condo-apartment/the-jovell,the-jovell
THE JOVELL,PASIR RIS,17,14 Mar 2020,13 Flora Drive #07-XX,13 Flora Drive,1,1398,632000,Condominium,99 yrs from 08/03/2018,New Sale,452,41.992,Strata,HDB,URA,not_clean,https://www.edgeprop.sg/condo-apartment/the-jovell,the-jovell
THE JOVELL,PASIR RIS,17,13 Feb 2020,23 Flora Drive #01-XX,23 Flora Drive,2,1226,884000,Condominium,99 yrs from 08/03/2018,New Sale,721,66.983,Strata,HDB,URA,not_clean,https://www.edgeprop.sg/condo-apartment/the-jovell,the-jovell
THE JOVELL,PASIR RIS,17,12 Feb 2020,13 Flora Drive #07-XX,13 Flora Drive,2,1307,830000,Condominium,99 yrs from 08/03/2018,New Sale,635,58.993,Strata,N.A,URA,not_clean,https://www.edgeprop.sg/condo-apartment/the-jovell,the-jovell
THE JOVELL,PASIR RIS,17,22 Jan 2020,17 Flora Drive #02-XX,17 Flora Drive,1,1285,677500,Condominium,99 yrs from 08/03/2018,New Sale,527,48.96,Strata,Private,URA,not_clean,https://www.edgeprop.sg/condo-apartment/the-jovell,the-jovell
THE JOVELL,PASIR RIS,17,16 Jan 2020,27 Flora Drive #01-XX,27 Flora Drive,3,1130,985600,Condominium,99 yrs from 08/03/2018,New Sale,872,81.011,Strata,HDB,URA,not_clean,https://www.edgeprop.sg/condo-apartment/the-jovell,the-jovell
THE JOVELL,PASIR RIS,17,15 Jan 2020,15 Flora Drive #01-XX,15 Flora Drive,2,1262,910000,Condominium,99 yrs from 08/03/2018,New Sale,721,66.983,Strata,HDB,URA,not_clean,https://www.edgeprop.sg/condo-apartment/the-jovell,the-jovell
THE JOVELL,PASIR RIS,17,7 Jan 2020,15 Flora Drive #05-XX,15 Flora Drive,1,1328,700200,Condominium,99 yrs from 08/03/2018,New Sale,527,48.96,Strata,N.A,URA,not_clean,https://www.edgeprop.sg/condo-apartment/the-jovell,the-jovell
THE JOVELL,PASIR RIS,17,31 Dec 2019,15 Flora Drive #03-XX,15 Flora Drive,1,1333,703000,Condominium,99 yrs from 08/03/2018,New Sale,527,48.96,Strata,Private,URA,not_clean,https://www.edgeprop.sg/condo-apartment/the-jovell,the-jovell
THE JOVELL,PASIR RIS,17,31 Dec 2019,25 Flora Drive #06-XX,25 Flora Drive,1,1376,726000,Condominium,99 yrs from 08/03/2018,New Sale,527,48.96,Strata,HDB,URA,not_clean,https://www.edgeprop.sg/condo-apartment/the-jovell,the-jovell
THE JOVELL,PASIR RIS,17,21 Dec 2019,19 Flora Drive #05-XX,19 Flora Drive,3,1210,1094200,Condominium,99 yrs from 08/03/2018,New Sale,904,83.984,Strata,N.A,URA,not_clean,https://www.edgeprop.sg/condo-apartment/the-jovell,the-jovell
THE JOVELL,PASIR RIS,17,21 Dec 2019,27 Flora Drive #07-XX,27 Flora Drive,3,1227,1268000,Condominium,99 yrs from 08/03/2018,New Sale,1033,95.969,Strata,HDB,URA,not_clean,https://www.edgeprop.sg/condo-apartment/the-jovell,the-jovell
THE JOVELL,PASIR RIS,17,19 Dec 2019,19 Flora Drive #06-XX,19 Flora Drive,3,1148,1037900,Condominium,99 yrs from 08/03/2018,New Sale,904,83.984,Strata,HDB,URA,not_clean,https://www.edgeprop.sg/condo-apartment/the-jovell,the-jovell
THE JOVELL,PASIR RIS,17,15 Dec 2019,23 Flora Drive #03-XX,23 Flora Drive,2,1215,810800,Condominium,99 yrs from 08/03/2018,New Sale,667,61.966,Strata,HDB,URA,not_clean,https://www.edgeprop.sg/condo-apartment/the-jovell,the-jovell
THE JOVELL,PASIR RIS,17,17 Nov 2019,11 Flora Drive #07-XX,11 Flora Drive,1,1306,590600,Condominium,99 yrs from 08/03/2018,New Sale,452,41.992,Strata,HDB,URA,not_clean,https://www.edgeprop.sg/condo-apartment/the-jovell,the-jovell
THE JOVELL,PASIR RIS,17,5 Nov 2019,13 Flora Drive #08-XX,13 Flora Drive,1,1422,643000,Condominium,99 yrs from 08/03/2018,New Sale,452,41.992,Strata,HDB,URA,not_clean,https://www.edgeprop.sg/condo-apartment/the-jovell,the-jovell
THE JOVELL,PASIR RIS,17,1 Nov 2019,17 Flora Drive #06-XX,17 Flora Drive,3,1210,1250000,Condominium,99 yrs from 08/03/2018,New Sale,1033,95.969,Strata,HDB,URA,not_clean,https://www.edgeprop.sg/condo-apartment/the-jovell,the-jovell
THE JOVELL,PASIR RIS,17,24 Oct 2019,17 Flora Drive #03-XX,17 Flora Drive,3,1177,1216600,Condominium,99 yrs from 08/03/2018,New Sale,1033,95.969,Strata,Private,URA,not_clean,https://www.edgeprop.sg/condo-apartment/the-jovell,the-jovell
THE JOVELL,PASIR RIS,17,19 Oct 2019,25 Flora Drive #08-XX,25 Flora Drive,2,1256,852000,Condominium,99 yrs from 08/03/2018,New Sale,678,62.988,Strata,HDB,URA,not_clean,https://www.edgeprop.sg/condo-apartment/the-jovell,the-jovell
THE JOVELL,PASIR RIS,17,28 Sep 2019,13 Flora Drive #04-XX,13 Flora Drive,1,1322,597500,Condominium,99 yrs from 08/03/2018,New Sale,452,41.992,Strata,Private,URA,not_clean,https://www.edgeprop.sg/condo-apartment/the-jovell,the-jovell
THE JOVELL,PASIR RIS,17,12 Sep 2019,13 Flora Drive #02-XX,13 Flora Drive,2,1280,813000,Condominium,99 yrs from 08/03/2018,New Sale,635,58.993,Strata,Private,URA,not_clean,https://www.edgeprop.sg/condo-apartment/the-jovell,the-jovell
THE JOVELL,PASIR RIS,17,5 Sep 2019,13 Flora Drive #06-XX,13 Flora Drive,1,1387,627000,Condominium,99 yrs from 08/03/2018,New Sale,452,41.992,Strata,HDB,URA,not_clean,https://www.edgeprop.sg/condo-apartment/the-jovell,the-jovell
THE JOVELL,PASIR RIS,17,24 Aug 2019,13 Flora Drive #01-XX,13 Flora Drive,2,1301,882000,Condominium,99 yrs from 08/03/2018,New Sale,678,62.988,Strata,HDB,URA,not_clean,https://www.edgeprop.sg/condo-apartment/the-jovell,the-jovell
THE JOVELL,PASIR RIS,17,24 Aug 2019,15 Flora Drive #07-XX,15 Flora Drive,1,1376,622200,Condominium,99 yrs from 08/03/2018,New Sale,452,41.992,Strata,HDB,URA,not_clean,https://www.edgeprop.sg/condo-apartment/the-jovell,the-jovell
THE JOVELL,PASIR RIS,17,22 Aug 2019,11 Flora Drive #06-XX,11 Flora Drive,1,1316,580700,Condominium,99 yrs from 08/03/2018,New Sale,441,40.97,Strata,Private,URA,not_clean,https://www.edgeprop.sg/condo-apartment/the-jovell,the-jovell
THE JOVELL,PASIR RIS,17,18 Aug 2019,17 Flora Drive #05-XX,17 Flora Drive,3,1189,1228500,Condominium,99 yrs from 08/03/2018,New Sale,1033,95.969,Strata,Private,URA,not_clean,https://www.edgeprop.sg/condo-apartment/the-jovell,the-jovell
THE JOVELL,PASIR RIS,17,17 Aug 2019,15 Flora Drive #07-XX,15 Flora Drive,3,1202,1087000,Condominium,99 yrs from 08/03/2018,New Sale,904,83.984,Strata,HDB,URA,not_clean,https://www.edgeprop.sg/condo-apartment/the-jovell,the-jovell
THE JOVELL,PASIR RIS,17,3 Aug 2019,21 Flora Drive #02-XX,21 Flora Drive,1,1232,650000,Condominium,99 yrs from 08/03/2018,New Sale,527,48.96,Strata,HDB,URA,not_clean,https://www.edgeprop.sg/condo-apartment/the-jovell,the-jovell
THE JOVELL,PASIR RIS,17,30 Jul 2019,21 Flora Drive #01-XX,21 Flora Drive,3,1255,1094200,Condominium,99 yrs from 08/03/2018,New Sale,872,81.011,Strata,HDB,URA,not_clean,https://www.edgeprop.sg/condo-apartment/the-jovell,the-jovell
THE JOVELL,PASIR RIS,17,24 Jul 2019,15 Flora Drive #01-XX,15 Flora Drive,3,1227,1268000,Condominium,99 yrs from 08/03/2018,New Sale,1033,95.969,Strata,Private,URA,not_clean,https://www.edgeprop.sg/condo-apartment/the-jovell,the-jovell
THE JOVELL,PASIR RIS,17,13 Jul 2019,27 Flora Drive #01-XX,27 Flora Drive,3,1177,1216600,Condominium,99 yrs from 08/03/2018,New Sale,1033,95.969,Strata,HDB,URA,not_clean,https://www.edgeprop.sg/condo-apartment/the-jovell,the-jovell
THE JOVELL,PASIR RIS,17,10 Jul 2019,23 Flora Drive #06-XX,23 Flora Drive,1,1350,712000,Condominium,99 yrs from 08/03/2018,New Sale,527,48.96,Strata,HDB,URA,not_clean,https://www.edgeprop.sg/condo-apartment/the-jovell,the-jovell
THE JOVELL,PASIR RIS,17,6 Jul 2019,21 Flora Drive #04-XX,21 Flora Drive,1,1232,650000,Condominium,99 yrs from 08/03/2018,New Sale,527,48.96,Strata,Private,URA,not_clean,https://www.edgeprop.sg/condo-apartment/the-jovell,the-jovell
THE JOVELL,PASIR RIS,17,18 Jun 2019,23 Flora Drive #06-XX,23 Flora Drive,2,1248,833000,Condominium,99 yrs from 08/03/2018,New Sale,667,61.966,Strata,Private,URA,not_clean,https://www.edgeprop.sg/condo-apartment/the-jovell,the-jovell
THE JOVELL,PASIR RIS,17,17 Jun 2019,19 Flora Drive #03-XX,19 Flora Drive,2,1297,824000,Condominium,99 yrs from 08/03/2018,New Sale,635,58.993,Strata,Private,URA,not_clean,https://www.edgeprop.sg/condo-apartment/the-jovell,the-jovell
THE JOVELL,PASIR RIS,17,1 Jun 2019,15 Flora Drive #03-XX,15 Flora Drive,2,1274,809000,Condominium,99 yrs from 08/03/2018,New Sale,635,58.993,Strata,HDB,URA,not_clean,https://www.edgeprop.sg/condo-apartment/the-jovell,the-jovell
THE JOVELL,PASIR RIS,17,1 Jun 2019,17 Flora Drive #01-XX,17 Flora Drive,1,1295,683000,Condominium,99 yrs from 08/03/2018,New Sale,527,48.96,Strata,N.A,URA,not_clean,https://www.edgeprop.sg/condo-apartment/the-jovell,the-jovell
THE JOVELL,PASIR RIS,17,24 May 2019,11 Flora Drive #06-XX,11 Flora Drive,1,1323,598000,Condominium,99 yrs from 08/03/2018,New Sale,452,41.992,Strata,HDB,URA,not_clean,https://www.edgeprop.sg/condo-apartment/the-jovell,the-jovell
THE JOVELL,PASIR RIS,17,20 May 2019,23 Flora Drive #02-XX,23 Flora Drive,1,1327,700000,Condominium,99 yrs from 08/03/2018,New Sale,527,48.96,Strata,HDB,URA,not_clean,https://www.edgeprop.sg/condo-apartment/the-jovell,the-jovell
THE JOVELL,PASIR RIS,17,18 May 2019,11 Flora Drive #08-XX,11 Flora Drive,1,1323,598000,Condominium,99 yrs from 08/03/2018,New Sale,452,41.992,Strata,N.A,URA,not_clean,https://www.edgeprop.sg/condo-apartment/the-jovell,the-jovell
THE JOVELL,PASIR RIS,17,14 May 2019,11 Flora Drive #07-XX,11 Flora Drive,1,1339,591000,Condominium,99 yrs from 08/03/2018,New Sale,441,40.97,Strata,HDB,URA,not_clean,https://www.edgeprop.sg/condo-apartment/the-jovell,the-jovell
THE JOVELL,PASIR RIS,17,11 May 2019,21 Flora Drive #06-XX,21 Flora Drive,2,1233,889000,Condominium,99 yrs from 08/03/2018,New Sale,721,66.983,Strata,Private,URA,not_clean,https://www.edgeprop.sg/condo-apartment/the-jovell,the-jovell
THE JOVELL,PASIR RIS,17,6 May 2019,23 Flora Drive #03-XX,23 Flora Drive,1,1333,703000,Condominium,99 yrs from 08/03/2018,New Sale,527,48.96,Strata,HDB,URA,not_clean,https://www.edgeprop.sg/condo-apartment/the-jovell,the-jovell
THE JOVELL,PASIR RIS,17,25 Apr 2019,17 Flora Drive #05-XX,17 Flora Drive,3,1157,1046000,Condominium,99 yrs from 08/03/2018,New Sale,904,83.984,Strata,HDB,URA,not_clean,https://www.edgeprop.sg/condo-apartment/the-jovell,the-jovell
THE JOVELL,PASIR RIS,17,24 Apr 2019,11 Flora Drive #07-XX,11 Flora Drive,2,1237,892000,Condominium,99 yrs from 08/03/2018,New Sale,721,66.983,Strata,Private,URA,not_clean,https://www.edgeprop.sg/condo-apartment/the-jovell,the-jovell
THE JOVELL,PASIR RIS,17,19 Apr 2019,27 Flora Drive #04-XX,27 Flora Drive,1,1376,726000,Condominium,99 yrs from 08/03/2018,New Sale,527,48.96,Strata,Private,URA,not_clean,https://www.edgeprop.sg/condo-apartment/the-jovell,the-jovell
THE JOVELL,PASIR RIS,17,18 Apr 2019,13 Flora Drive #01-XX,13 Flora Drive,2,1308,943000,Condominium,99 yrs from 08/03/2018,New Sale,721,66.983,Strata,Private,URA,not_clean,https://www.edgeprop.sg/condo-apartment/the-jovell,the-jovell
THE JOVELL,PASIR RIS,17,3 Apr 2019,21 Flora Drive #01-XX,21 Flora Drive,2,1333,961000,Condominium,99 yrs from 08/03/2018,New Sale,721,66.983,Strata,HDB,URA,not_clean,https://www.edgeprop.sg/condo-apartment/the-jovell,the-jovell
THE JOVELL,PASIR RIS,17,30 Mar 2019,15 Flora Drive #02-XX,15 Flora Drive,3,1175,1062000,Condominium,99 yrs from 08/03/2018,New Sale,904,83.984,Strata,Private,URA,not_clean,https://www.edgeprop.sg/condo-apartment/the-jovell,the-jovell
THE JOVELL,PASIR RIS,17,30 Mar 2019,21 Flora Drive #03-XX,21 Flora Drive,2,1277,921000,Condominium,99 yrs from 08/03/2018,New Sale,721,66.983,Strata,HDB,URA,not_clean,https://www.edgeprop.sg/condo-apartment/the-jovell,the-jovell
THE JOVELL,PASIR RIS,17,29 Mar 2019,11 Flora Drive #05-XX,11 Flora Drive,1,1352,611000,Condominium,99 yrs from 08/03/2018,New Sale,452,41.992,Strata,HDB,URA,not_clean,https://www.edgeprop.sg/condo-apartment/the-jovell,the-jovell
THE JOVELL,PASIR RIS,17,20 Mar 2019,15 Flora Drive #06-XX,15 Flora Drive,1,1387,627000,Condominium,99 yrs from 08/03/2018,New Sale,452,41.992,Strata,HDB,URA,not_clean,https://www.edgeprop.sg/condo-apartment/the-jovell,the-jovell
THE JOVELL,PASIR RIS,17,20 Mar 2019,15 Flora Drive #04-XX,15 Flora Drive,1,1374,621000,Condominium,99 yrs from 08/03/2018,New Sale,452,41.992,Strata,HDB,URA,not_clean,https://www.edgeprop.sg/condo-apartment/the-jovell,the-jovell
THE JOVELL,PASIR RIS,17,15 Mar 2019,19 Flora Drive #06-XX,19 Flora Drive,2,1255,797000,Condominium,99 yrs from 08/03/2018,New Sale,635,58.993,Strata,HDB,URA,not_clean,https://www.edgeprop.sg/condo-apartment/the-jovell,the-jovell
THE JOVELL,PASIR RIS,17,9 Mar 2019,25 Flora Drive #01-XX,25 Flora Drive,1,1348,711000,Condominium,99 yrs from 08/03/2018,New Sale,527,48.96,Strata,Private,URA,not_clean,https://www.edgeprop.sg/condo-apartment/the-jovell,the-jovell
THE JOVELL,PASIR RIS,17,2 Mar 2019,19 Flora Drive #02-XX,19 Flora Drive,3,1209,1093000,Condominium,99 yrs from 08/03/2018,New Sale,904,83.984,Strata,HDB,URA,not_clean,https://www.edgeprop.sg/condo-apartment/the-jovell,the-jovell
THE JOVELL,PASIR RIS,17,28 Feb 2019,13 Flora Drive #02-XX,13 Flora Drive,1,1360,615000,Condominium,99 yrs from 08/03/2018,New Sale,452,41.992,Strata,HDB,URA,not_clean,https://www.edgeprop.sg/condo-apartment/the-jovell,the-jovell
THE JOVELL,PASIR RIS,17,25 Feb 2019,15 Flora Drive #01-XX,15 Flora Drive,1,1354,612000,Condominium,99 yrs from 08/03/2018,New Sale,452,41.992,Strata,HDB,URA,not_clean,https://www.edgeprop.sg/condo-apartment/the-jovell,the-jovell
THE JOVELL,PASIR RIS,17,23 Feb 2019,17 Flora Drive #05-XX,17 Flora Drive,1,1318,695000,Condominium,99 yrs from 08/03/2018,New Sale,527,48.96,Strata,Private,URA,not_clean,https://www.edgeprop.sg/condo-apartment/the-jovell,the-jovell
THE JOVELL,PASIR RIS,17,21 Feb 2019,15 Flora Drive #02-XX,15 Flora Drive,1,1360,615000,Condominium,99 yrs from 08/03/2018,New Sale,452,41.992,Strata,HDB,URA,not_clean,https://www.edgeprop.sg/condo-apartment/the-jovell,the-jovell
THE JOVELL,PASIR RIS,17,30 Jan 2019,27 Flora Drive #01-XX,27 Flora Drive,4,1205,1531000,Condominium,99 yrs from 08/03/2018,New Sale,1270,117.987,Strata,Private,URA,not_clean,https://www.edgeprop.sg/condo-apartment/the-jovell,the-jovell
THE JOVELL,PASIR RIS,17,19 Jan 2019,23 Flora Drive #05-XX,23 Flora Drive,1,1344,709000,Condominium,99 yrs from 08/03/2018,New Sale,527,48.96,Strata,Private,URA,not_clean,https://www.edgeprop.sg/condo-apartment/the-jovell,the-jovell
THE JOVELL,PASIR RIS,17,15 Jan 2019,13 Flora Drive #01-XX,13 Flora Drive,1,1354,612000,Condominium,99 yrs from 08/03/2018,New Sale,452,41.992,Strata,HDB,URA,not_clean,https://www.edgeprop.sg/condo-apartment/the-jovell,the-jovell
THE JOVELL,PASIR RIS,17,15 Jan 2019,23 Flora Drive #01-XX,23 Flora Drive,1,1399,738000,Condominium,99 yrs from 08/03/2018,New Sale,527,48.96,Strata,Private,URA,not_clean,https://www.edgeprop.sg/condo-apartment/the-jovell,the-jovell
THE JOVELL,PASIR RIS,17,12 Jan 2019,11 Flora Drive #08-XX,11 Flora Drive,1,1346,594000,Condominium,99 yrs from 08/03/2018,New Sale,441,40.97,Strata,HDB,URA,not_clean,https://www.edgeprop.sg/condo-apartment/the-jovell,the-jovell
WATERCREST,PASIR RIS,17,5 Jun 2026,XX LOYANG BESAR CLOSE,XX LOYANG BESAR CLOSE,-,1080,1430000,Condominium,999 Yrs From 07/09/1885,Resale,1324,123.004,Strata,Private,URA,not_clean,https://www.edgeprop.sg/condo-apartment/watercrest,watercrest
WATERCREST,PASIR RIS,17,29 Apr 2026,XX LOYANG BESAR CLOSE,XX LOYANG BESAR CLOSE,-,989,1310000,Condominium,999 Yrs From 07/09/1885,Resale,1324,123.004,Strata,HDB,URA,not_clean,https://www.edgeprop.sg/condo-apartment/watercrest,watercrest
WATERCREST,PASIR RIS,17,5 Feb 2026,XX LOYANG BESAR CLOSE,XX LOYANG BESAR CLOSE,-,1113,1450000,Condominium,999 Yrs From 07/09/1885,Resale,1302,120.96,Strata,Private,URA,not_clean,https://www.edgeprop.sg/condo-apartment/watercrest,watercrest
WATERCREST,PASIR RIS,17,6 Nov 2025,XX LOYANG BESAR CLOSE,XX LOYANG BESAR CLOSE,-,1056,1660000,Condominium,999 Yrs From 07/09/1885,Resale,1572,146.044,Strata,Private,URA,not_clean,https://www.edgeprop.sg/condo-apartment/watercrest,watercrest
WATERCREST,PASIR RIS,17,4 Mar 2025,XX Loyang Besar Close,XX Loyang Besar Close,-,1129,1130000,Condominium,999 Yrs From 07/09/1885,Resale,1001,92.996,Strata,Private,URA,not_clean,https://www.edgeprop.sg/condo-apartment/watercrest,watercrest
WATERCREST,PASIR RIS,17,18 Jan 2023,XX LOYANG BESAR CLOSE,XX LOYANG BESAR CLOSE,-,952,1260000,Condominium,999 Yrs From 07/09/1885,Resale,1324,123.004,Strata,HDB,URA,not_clean,https://www.edgeprop.sg/condo-apartment/watercrest,watercrest
WATERCREST,PASIR RIS,17,17 Dec 2021,XX LOYANG BESAR CLOSE,XX LOYANG BESAR CLOSE,-,967,1260000,Condominium,999 Yrs From 07/09/1885,Resale,1302,120.96,Strata,HDB,URA,not_clean,https://www.edgeprop.sg/condo-apartment/watercrest,watercrest
WATERCREST,PASIR RIS,17,7 Dec 2021,XX LOYANG BESAR CLOSE,XX LOYANG BESAR CLOSE,-,999,860000,Condominium,999 Yrs From 07/09/1885,Resale,861,79.99,Strata,Private,URA,not_clean,https://www.edgeprop.sg/condo-apartment/watercrest,watercrest
WATERCREST,PASIR RIS,17,15 Aug 2019,XX Loyang Besar Close,XX Loyang Besar Close,-,869,1150000,Condominium,999 Yrs From 07/09/1885,Resale,1324,123.004,Strata,HDB,URA,not_clean,https://www.edgeprop.sg/condo-apartment/watercrest,watercrest
EIGHT COURTYARDS,YISHUN,27,18 Jun 2026,18A CANBERRA DRIVE #03-XX,18A CANBERRA DRIVE,3,1343,1460000,Condominium,99 Yrs From 20/09/2010,Resale,1087,100.986,Strata,Private,URA,not_clean,https://www.edgeprop.sg/condo-apartment/eight-courtyards,eight-courtyards
EIGHT COURTYARDS,YISHUN,27,16 Jun 2026,16 CANBERRA DRIVE #03-XX,16 CANBERRA DRIVE,2,1394,1050000,Condominium,99 Yrs From 20/09/2010,Resale,753,69.956,Strata,Private,URA,not_clean,https://www.edgeprop.sg/condo-apartment/eight-courtyards,eight-courtyards
EIGHT COURTYARDS,YISHUN,27,11 Jun 2026,18B CANBERRA DRIVE #04-XX,18B CANBERRA DRIVE,3,1334,1278000,Condominium,99 Yrs From 20/09/2010,Resale,958,89.001,Strata,Private,URA,not_clean,https://www.edgeprop.sg/condo-apartment/eight-courtyards,eight-courtyards
EIGHT COURTYARDS,YISHUN,27,2 Jun 2026,18 CANBERRA DRIVE #03-XX,18 CANBERRA DRIVE,3,1350,1540000,Condominium,99 Yrs From 20/09/2010,Resale,1141,106.002,Strata,HDB,URA,not_clean,https://www.edgeprop.sg/condo-apartment/eight-courtyards,eight-courtyards
EIGHT COURTYARDS,YISHUN,27,22 May 2026,10A CANBERRA DRIVE #03-XX,10A CANBERRA DRIVE,4,1437,1980000,Condominium,99 Yrs From 20/09/2010,Resale,1378,128.02,Strata,HDB,URA,not_clean,https://www.edgeprop.sg/condo-apartment/eight-courtyards,eight-courtyards
EIGHT COURTYARDS,YISHUN,27,17 Apr 2026,18A CANBERRA DRIVE #12-XX,18A CANBERRA DRIVE,3,1437,1655000,Condominium,99 Yrs From 20/09/2010,Resale,1152,107.024,Strata,HDB,URA,not_clean,https://www.edgeprop.sg/condo-apartment/eight-courtyards,eight-courtyards
EIGHT COURTYARDS,YISHUN,27,2 Apr 2026,6 CANBERRA DRIVE #11-XX,6 CANBERRA DRIVE,2,1391,1198000,Condominium,99 Yrs From 20/09/2010,Resale,861,79.99,Strata,HDB,URA,not_clean,https://www.edgeprop.sg/condo-apartment/eight-courtyards,eight-courtyards
EIGHT COURTYARDS,YISHUN,27,18 Mar 2026,18A CANBERRA DRIVE #14-XX,18A CANBERRA DRIVE,3,1415,1630000,Condominium,99 Yrs From 20/09/2010,Resale,1152,107.024,Strata,Private,URA,not_clean,https://www.edgeprop.sg/condo-apartment/eight-courtyards,eight-courtyards
EIGHT COURTYARDS,YISHUN,27,6 Feb 2026,18 CANBERRA DRIVE #10-XX,18 CANBERRA DRIVE,3,1433,1650000,Condominium,99 Yrs From 20/09/2010,Resale,1152,107.024,Strata,Private,URA,not_clean,https://www.edgeprop.sg/condo-apartment/eight-courtyards,eight-courtyards
EIGHT COURTYARDS,YISHUN,27,26 Jan 2026,18 CANBERRA DRIVE #01-XX,18 CANBERRA DRIVE,3,1122,1280000,Condominium,99 Yrs From 20/09/2010,Resale,1141,106.002,Strata,HDB,URA,not_clean,https://www.edgeprop.sg/condo-apartment/eight-courtyards,eight-courtyards
EIGHT COURTYARDS,YISHUN,27,9 Jan 2026,18A CANBERRA DRIVE #14-XX,18A CANBERRA DRIVE,3,1398,1520000,Condominium,99 Yrs From 20/09/2010,Resale,1087,100.986,Strata,HDB,URA,not_clean,https://www.edgeprop.sg/condo-apartment/eight-courtyards,eight-courtyards
EIGHT COURTYARDS,YISHUN,27,19 Dec 2025,8 CANBERRA DRIVE #09-XX,8 CANBERRA DRIVE,2,1405,1210000,Condominium,99 Yrs From 20/09/2010,Resale,861,79.99,Strata,Private,URA,not_clean,https://www.edgeprop.sg/condo-apartment/eight-courtyards,eight-courtyards
EIGHT COURTYARDS,YISHUN,27,8 Sep 2025,10 CANBERRA DRIVE #13-XX,10 CANBERRA DRIVE,3,1394,1575000,Condominium,99 Yrs From 20/09/2010,Resale,1130,104.98,Strata,Private,URA,not_clean,https://www.edgeprop.sg/condo-apartment/eight-courtyards,eight-courtyards
EIGHT COURTYARDS,YISHUN,27,22 Aug 2025,10A CANBERRA DRIVE #05-XX,10A CANBERRA DRIVE,3,1375,1568888,Condominium,99 Yrs From 20/09/2010,Resale,1141,106.002,Strata,Private,URA,not_clean,https://www.edgeprop.sg/condo-apartment/eight-courtyards,eight-courtyards
EIGHT COURTYARDS,YISHUN,27,19 Aug 2025,18 CANBERRA DRIVE #12-XX,18 CANBERRA DRIVE,3,1389,1600000,Condominium,99 Yrs From 20/09/2010,Resale,1152,107.024,Strata,HDB,URA,not_clean,https://www.edgeprop.sg/condo-apartment/eight-courtyards,eight-courtyards
EIGHT COURTYARDS,YISHUN,27,7 Aug 2025,18 Canberra Drive #04-XX,18 Canberra Drive,3,1374,1582000,Condominium,99 Yrs From 20/09/2010,Resale,1152,107.024,Strata,HDB,URA,not_clean,https://www.edgeprop.sg/condo-apartment/eight-courtyards,eight-courtyards
EIGHT COURTYARDS,YISHUN,27,28 Jul 2025,6 Canberra Drive #12-XX,6 Canberra Drive,2,1300,1189500,Condominium,99 Yrs From 20/09/2010,Resale,915,85.006,Strata,HDB,URA,not_clean,https://www.edgeprop.sg/condo-apartment/eight-courtyards,eight-courtyards
EIGHT COURTYARDS,YISHUN,27,25 Jul 2025,16 Canberra Drive #08-XX,16 Canberra Drive,3,1317,1290000,Condominium,99 Yrs From 20/09/2010,Resale,980,91.045,Strata,HDB,URA,not_clean,https://www.edgeprop.sg/condo-apartment/eight-courtyards,eight-courtyards
EIGHT COURTYARDS,YISHUN,27,18 Jul 2025,14 Canberra Drive #02-XX,14 Canberra Drive,4,1290,2027880,Condominium,99 Yrs From 20/09/2010,Resale,1572,146.044,Strata,HDB,URA,not_clean,https://www.edgeprop.sg/condo-apartment/eight-courtyards,eight-courtyards
EIGHT COURTYARDS,YISHUN,27,26 Jun 2025,12 Canberra Drive #13-XX,12 Canberra Drive,2,1376,1200000,Condominium,99 Yrs From 20/09/2010,Resale,872,81.011,Strata,Private,URA,not_clean,https://www.edgeprop.sg/condo-apartment/eight-courtyards,eight-courtyards
EIGHT COURTYARDS,YISHUN,27,12 Jun 2025,12A Canberra Drive #07-XX,12A Canberra Drive,3,1359,1580000,Condominium,99 Yrs From 20/09/2010,Resale,1163,108.046,Strata,HDB,URA,not_clean,https://www.edgeprop.sg/condo-apartment/eight-courtyards,eight-courtyards
EIGHT COURTYARDS,YISHUN,27,22 May 2025,18B Canberra Drive #02-XX,18B Canberra Drive,3,1258,1205000,Condominium,99 Yrs From 20/09/2010,Resale,958,89.001,Strata,HDB,URA,not_clean,https://www.edgeprop.sg/condo-apartment/eight-courtyards,eight-courtyards
EIGHT COURTYARDS,YISHUN,27,7 Apr 2025,12 Canberra Drive #03-XX,12 Canberra Drive,3,1288,1400000,Condominium,99 Yrs From 20/09/2010,Resale,1087,100.986,Strata,Private,URA,not_clean,https://www.edgeprop.sg/condo-apartment/eight-courtyards,eight-courtyards
EIGHT COURTYARDS,YISHUN,27,28 Mar 2025,10 Canberra Drive #12-XX,10 Canberra Drive,3,1354,1530000,Condominium,99 Yrs From 20/09/2010,Resale,1130,104.98,Strata,HDB,URA,not_clean,https://www.edgeprop.sg/condo-apartment/eight-courtyards,eight-courtyards
EIGHT COURTYARDS,YISHUN,27,28 Feb 2025,12 Canberra Drive #12-XX,12 Canberra Drive,4,1365,1880000,Condominium,99 Yrs From 20/09/2010,Resale,1378,128.02,Strata,Private,URA,not_clean,https://www.edgeprop.sg/condo-apartment/eight-courtyards,eight-courtyards
EIGHT COURTYARDS,YISHUN,27,25 Feb 2025,14 Canberra Drive #08-XX,14 Canberra Drive,3,1271,1560000,Condominium,99 Yrs From 20/09/2010,Resale,1227,113.992,Strata,Private,URA,not_clean,https://www.edgeprop.sg/condo-apartment/eight-courtyards,eight-courtyards
EIGHT COURTYARDS,YISHUN,27,21 Feb 2025,2 Canberra Drive #06-XX,2 Canberra Drive,1,1677,758000,Condominium,99 Yrs From 20/09/2010,Resale,452,41.992,Strata,Private,URA,not_clean,https://www.edgeprop.sg/condo-apartment/eight-courtyards,eight-courtyards
EIGHT COURTYARDS,YISHUN,27,21 Feb 2025,10A Canberra Drive #10-XX,10A Canberra Drive,2,1301,1120000,Condominium,99 Yrs From 20/09/2010,Resale,861,79.99,Strata,HDB,URA,not_clean,https://www.edgeprop.sg/condo-apartment/eight-courtyards,eight-courtyards
EIGHT COURTYARDS,YISHUN,27,18 Feb 2025,18B Canberra Drive #03-XX,18B Canberra Drive,3,1358,1550000,Condominium,99 Yrs From 20/09/2010,Resale,1141,106.002,Strata,HDB,URA,not_clean,https://www.edgeprop.sg/condo-apartment/eight-courtyards,eight-courtyards
EIGHT COURTYARDS,YISHUN,27,23 Jan 2025,8 Canberra Drive #02-XX,8 Canberra Drive,2,1205,1038000,Condominium,99 Yrs From 20/09/2010,Resale,861,79.99,Strata,HDB,URA,not_clean,https://www.edgeprop.sg/condo-apartment/eight-courtyards,eight-courtyards
EIGHT COURTYARDS,YISHUN,27,22 Jan 2025,16 Canberra Drive #04-XX,16 Canberra Drive,3,1274,1248000,Condominium,99 Yrs From 20/09/2010,Resale,980,91.045,Strata,Private,URA,not_clean,https://www.edgeprop.sg/condo-apartment/eight-courtyards,eight-courtyards
EIGHT COURTYARDS,YISHUN,27,13 Jan 2025,14 Canberra Drive #09-XX,14 Canberra Drive,2,1301,1260000,Condominium,99 Yrs From 20/09/2010,Resale,969,90.023,Strata,Private,URA,not_clean,https://www.edgeprop.sg/condo-apartment/eight-courtyards,eight-courtyards
EIGHT COURTYARDS,YISHUN,27,8 Jan 2025,16 Canberra Drive #07-XX,16 Canberra Drive,3,1276,1250000,Condominium,99 Yrs From 20/09/2010,Resale,980,91.045,Strata,HDB,URA,not_clean,https://www.edgeprop.sg/condo-apartment/eight-courtyards,eight-courtyards
EIGHT COURTYARDS,YISHUN,27,6 Jan 2025,10A Canberra Drive #11-XX,10A Canberra Drive,3,1323,1438000,Condominium,99 Yrs From 20/09/2010,Resale,1087,100.986,Strata,HDB,URA,not_clean,https://www.edgeprop.sg/condo-apartment/eight-courtyards,eight-courtyards
EIGHT COURTYARDS,YISHUN,27,13 Dec 2024,6 Canberra Drive #08-XX,6 Canberra Drive,2,1322,1138000,Condominium,99 Yrs From 20/09/2010,Resale,861,79.99,Strata,HDB,URA,not_clean,https://www.edgeprop.sg/condo-apartment/eight-courtyards,eight-courtyards
EIGHT COURTYARDS,YISHUN,27,21 Nov 2024,18 Canberra Drive #11-XX,18 Canberra Drive,3,1325,1268888,Condominium,99 Yrs From 20/09/2010,Resale,958,89.001,Strata,HDB,URA,not_clean,https://www.edgeprop.sg/condo-apartment/eight-courtyards,eight-courtyards
EIGHT COURTYARDS,YISHUN,27,7 Nov 2024,18 Canberra Drive #10-XX,18 Canberra Drive,3,1306,1420000,Condominium,99 Yrs From 20/09/2010,Resale,1087,100.986,Strata,HDB,URA,not_clean,https://www.edgeprop.sg/condo-apartment/eight-courtyards,eight-courtyards
EIGHT COURTYARDS,YISHUN,27,29 Oct 2024,10A Canberra Drive #03-XX,10A Canberra Drive,2,1161,1000000,Condominium,99 Yrs From 20/09/2010,Resale,861,79.99,Strata,Private,URA,not_clean,https://www.edgeprop.sg/condo-apartment/eight-courtyards,eight-courtyards
EIGHT COURTYARDS,YISHUN,27,2 Oct 2024,12A Canberra Drive #08-XX,12A Canberra Drive,2,1294,1128000,Condominium,99 Yrs From 20/09/2010,Resale,872,81.011,Strata,HDB,URA,not_clean,https://www.edgeprop.sg/condo-apartment/eight-courtyards,eight-courtyards
EIGHT COURTYARDS,YISHUN,27,9 Sep 2024,2 Canberra Drive #09-XX,2 Canberra Drive,3,1246,1448000,Condominium,99 Yrs From 20/09/2010,Resale,1163,108.046,Strata,Private,URA,not_clean,https://www.edgeprop.sg/condo-apartment/eight-courtyards,eight-courtyards
EIGHT COURTYARDS,YISHUN,27,29 Aug 2024,18 Canberra Drive #11-XX,18 Canberra Drive,3,1311,1510000,Condominium,99 Yrs From 20/09/2010,Resale,1152,107.024,Strata,HDB,URA,not_clean,https://www.edgeprop.sg/condo-apartment/eight-courtyards,eight-courtyards
EIGHT COURTYARDS,YISHUN,27,23 Aug 2024,2 Canberra Drive #01-XX,2 Canberra Drive,3,1044,1540000,Condominium,99 Yrs From 20/09/2010,Resale,1475,137.032,Strata,Private,URA,not_clean,https://www.edgeprop.sg/condo-apartment/eight-courtyards,eight-courtyards
EIGHT COURTYARDS,YISHUN,27,12 Aug 2024,12 Canberra Drive #10-XX,12 Canberra Drive,3,1269,1380000,Condominium,99 Yrs From 20/09/2010,Resale,1087,100.986,Strata,HDB,URA,not_clean,https://www.edgeprop.sg/condo-apartment/eight-courtyards,eight-courtyards
EIGHT COURTYARDS,YISHUN,27,26 Jul 2024,16 Canberra Drive #03-XX,16 Canberra Drive,3,1283,1298000,Condominium,99 Yrs From 20/09/2010,Resale,1012,94.018,Strata,Private,URA,not_clean,https://www.edgeprop.sg/condo-apartment/eight-courtyards,eight-courtyards
EIGHT COURTYARDS,YISHUN,27,24 Jul 2024,12 Canberra Drive #13-XX,12 Canberra Drive,4,1399,1928000,Condominium,99 Yrs From 20/09/2010,Resale,1378,128.02,Strata,Private,URA,not_clean,https://www.edgeprop.sg/condo-apartment/eight-courtyards,eight-courtyards
EIGHT COURTYARDS,YISHUN,27,11 Jul 2024,12 Canberra Drive #12-XX,12 Canberra Drive,2,1308,1140000,Condominium,99 Yrs From 20/09/2010,Resale,872,81.011,Strata,HDB,URA,not_clean,https://www.edgeprop.sg/condo-apartment/eight-courtyards,eight-courtyards
EIGHT COURTYARDS,YISHUN,27,8 Jul 2024,18B Canberra Drive #02-XX,18B Canberra Drive,3,1280,1460000,Condominium,99 Yrs From 20/09/2010,Resale,1141,106.002,Strata,HDB,URA,not_clean,https://www.edgeprop.sg/condo-apartment/eight-courtyards,eight-courtyards
EIGHT COURTYARDS,YISHUN,27,21 Jun 2024,14 Canberra Drive #14-XX,14 Canberra Drive,3,1328,1630000,Condominium,99 Yrs From 20/09/2010,Resale,1227,113.992,Strata,Private,URA,not_clean,https://www.edgeprop.sg/condo-apartment/eight-courtyards,eight-courtyards
EIGHT COURTYARDS,YISHUN,27,27 May 2024,12 Canberra Drive #02-XX,12 Canberra Drive,2,1158,1010000,Condominium,99 Yrs From 20/09/2010,Resale,872,81.011,Strata,Private,URA,not_clean,https://www.edgeprop.sg/condo-apartment/eight-courtyards,eight-courtyards
EIGHT COURTYARDS,YISHUN,27,6 May 2024,8 Canberra Drive #14-XX,8 Canberra Drive,2,1191,1090000,Condominium,99 Yrs From 20/09/2010,Resale,915,85.006,Strata,Private,URA,not_clean,https://www.edgeprop.sg/condo-apartment/eight-courtyards,eight-courtyards
EIGHT COURTYARDS,YISHUN,27,29 Apr 2024,2 Canberra Drive #05-XX,2 Canberra Drive,1,1312,720000,Condominium,99 Yrs From 20/09/2010,Resale,549,51.004,Strata,HDB,URA,not_clean,https://www.edgeprop.sg/condo-apartment/eight-courtyards,eight-courtyards
EIGHT COURTYARDS,YISHUN,27,24 Apr 2024,2 Canberra Drive #03-XX,2 Canberra Drive,1,1275,700000,Condominium,99 Yrs From 20/09/2010,Resale,549,51.004,Strata,HDB,URA,not_clean,https://www.edgeprop.sg/condo-apartment/eight-courtyards,eight-courtyards
EIGHT COURTYARDS,YISHUN,27,18 Apr 2024,18 Canberra Drive #14-XX,18 Canberra Drive,3,1327,1528000,Condominium,99 Yrs From 20/09/2010,Resale,1152,107.024,Strata,Private,URA,not_clean,https://www.edgeprop.sg/condo-apartment/eight-courtyards,eight-courtyards
EIGHT COURTYARDS,YISHUN,27,5 Apr 2024,18B Canberra Drive #03-XX,18B Canberra Drive,3,1127,1080000,Condominium,99 Yrs From 20/09/2010,Resale,958,89.001,Strata,HDB,URA,not_clean,https://www.edgeprop.sg/condo-apartment/eight-courtyards,eight-courtyards
EIGHT COURTYARDS,YISHUN,27,3 Apr 2024,16 Canberra Drive #14-XX,16 Canberra Drive,3,1285,1300000,Condominium,99 Yrs From 20/09/2010,Resale,1012,94.018,Strata,HDB,URA,not_clean,https://www.edgeprop.sg/condo-apartment/eight-courtyards,eight-courtyards
EIGHT COURTYARDS,YISHUN,27,27 Mar 2024,16 Canberra Drive #03-XX,16 Canberra Drive,2,1231,1060000,Condominium,99 Yrs From 20/09/2010,Resale,861,79.99,Strata,Private,URA,not_clean,https://www.edgeprop.sg/condo-apartment/eight-courtyards,eight-courtyards
EIGHT COURTYARDS,YISHUN,27,15 Mar 2024,6 Canberra Drive #04-XX,6 Canberra Drive,2,1161,1000000,Condominium,99 Yrs From 20/09/2010,Resale,861,79.99,Strata,HDB,URA,not_clean,https://www.edgeprop.sg/condo-apartment/eight-courtyards,eight-courtyards
EIGHT COURTYARDS,YISHUN,27,15 Mar 2024,8 Canberra Drive #12-XX,8 Canberra Drive,2,1224,1120000,Condominium,99 Yrs From 20/09/2010,Resale,915,85.006,Strata,Private,URA,not_clean,https://www.edgeprop.sg/condo-apartment/eight-courtyards,eight-courtyards
EIGHT COURTYARDS,YISHUN,27,14 Mar 2024,8 Canberra Drive #08-XX,8 Canberra Drive,2,1254,1080000,Condominium,99 Yrs From 20/09/2010,Resale,861,79.99,Strata,HDB,URA,not_clean,https://www.edgeprop.sg/condo-apartment/eight-courtyards,eight-courtyards
EIGHT COURTYARDS,YISHUN,27,19 Feb 2024,2 Canberra Drive #15-XX,2 Canberra Drive,3,1302,1500000,Condominium,99 Yrs From 20/09/2010,Resale,1152,107.024,Strata,Private,URA,not_clean,https://www.edgeprop.sg/condo-apartment/eight-courtyards,eight-courtyards
EIGHT COURTYARDS,YISHUN,27,16 Feb 2024,18 Canberra Drive #15-XX,18 Canberra Drive,3,1315,1500000,Condominium,99 Yrs From 20/09/2010,Resale,1141,106.002,Strata,HDB,URA,not_clean,https://www.edgeprop.sg/condo-apartment/eight-courtyards,eight-courtyards
EIGHT COURTYARDS,YISHUN,27,23 Jan 2024,10 Canberra Drive #13-XX,10 Canberra Drive,2,1115,960000,Condominium,99 Yrs From 20/09/2010,Resale,861,79.99,Strata,HDB,URA,not_clean,https://www.edgeprop.sg/condo-apartment/eight-courtyards,eight-courtyards
EIGHT COURTYARDS,YISHUN,27,28 Dec 2023,18A Canberra Drive #13-XX,18A Canberra Drive,3,1269,1380000,Condominium,99 Yrs From 20/09/2010,Resale,1087,100.986,Strata,HDB,URA,not_clean,https://www.edgeprop.sg/condo-apartment/eight-courtyards,eight-courtyards
EIGHT COURTYARDS,YISHUN,27,20 Dec 2023,6 Canberra Drive #07-XX,6 Canberra Drive,3,1179,1180000,Condominium,99 Yrs From 20/09/2010,Resale,1001,92.996,Strata,HDB,URA,not_clean,https://www.edgeprop.sg/condo-apartment/eight-courtyards,eight-courtyards
EIGHT COURTYARDS,YISHUN,27,23 Oct 2023,6 Canberra Drive #02-XX,6 Canberra Drive,2,1138,980000,Condominium,99 Yrs From 20/09/2010,Resale,861,79.99,Strata,Private,URA,not_clean,https://www.edgeprop.sg/condo-apartment/eight-courtyards,eight-courtyards
EIGHT COURTYARDS,YISHUN,27,20 Oct 2023,16 Canberra Drive #10-XX,16 Canberra Drive,3,1285,1300000,Condominium,99 Yrs From 20/09/2010,Resale,1012,94.018,Strata,HDB,URA,not_clean,https://www.edgeprop.sg/condo-apartment/eight-courtyards,eight-courtyards
EIGHT COURTYARDS,YISHUN,27,20 Oct 2023,10A Canberra Drive #01-XX,10A Canberra Drive,2,1084,1050000,Condominium,99 Yrs From 20/09/2010,Resale,969,90.023,Strata,HDB,URA,not_clean,https://www.edgeprop.sg/condo-apartment/eight-courtyards,eight-courtyards
EIGHT COURTYARDS,YISHUN,27,25 Sep 2023,12 Canberra Drive #05-XX,12 Canberra Drive,3,1196,1300000,Condominium,99 Yrs From 20/09/2010,Resale,1087,100.986,Strata,HDB,URA,not_clean,https://www.edgeprop.sg/condo-apartment/eight-courtyards,eight-courtyards
EIGHT COURTYARDS,YISHUN,27,22 Sep 2023,18 Canberra Drive #14-XX,18 Canberra Drive,3,1265,1212000,Condominium,99 Yrs From 20/09/2010,Resale,958,89.001,Strata,Private,URA,not_clean,https://www.edgeprop.sg/condo-apartment/eight-courtyards,eight-courtyards
EIGHT COURTYARDS,YISHUN,27,22 Aug 2023,8 Canberra Drive #10-XX,8 Canberra Drive,2,1180,1080000,Condominium,99 Yrs From 20/09/2010,Resale,915,85.006,Strata,HDB,URA,not_clean,https://www.edgeprop.sg/condo-apartment/eight-courtyards,eight-courtyards
EIGHT COURTYARDS,YISHUN,27,18 Jul 2023,12 Canberra Drive #06-XX,12 Canberra Drive,4,1237,1705000,Condominium,99 Yrs From 20/09/2010,Resale,1378,128.02,Strata,HDB,URA,not_clean,https://www.edgeprop.sg/condo-apartment/eight-courtyards,eight-courtyards
EIGHT COURTYARDS,YISHUN,27,17 May 2023,6 Canberra Drive #10-XX,6 Canberra Drive,2,1159,998000,Condominium,99 Yrs From 20/09/2010,Resale,861,79.99,Strata,Private,URA,not_clean,https://www.edgeprop.sg/condo-apartment/eight-courtyards,eight-courtyards
EIGHT COURTYARDS,YISHUN,27,2 May 2023,12 Canberra Drive #11-XX,12 Canberra Drive,4,1248,1720000,Condominium,99 Yrs From 20/09/2010,Resale,1378,128.02,Strata,HDB,URA,not_clean,https://www.edgeprop.sg/condo-apartment/eight-courtyards,eight-courtyards
EIGHT COURTYARDS,YISHUN,27,21 Feb 2023,18 Canberra Drive #10-XX,18 Canberra Drive,3,1245,1420000,Condominium,99 Yrs From 20/09/2010,Resale,1141,106.002,Strata,Private,URA,not_clean,https://www.edgeprop.sg/condo-apartment/eight-courtyards,eight-courtyards
EIGHT COURTYARDS,YISHUN,27,30 Jan 2023,2 Canberra Drive #14-XX,2 Canberra Drive,1,1382,625000,Condominium,99 Yrs From 20/09/2010,Resale,452,41.992,Strata,HDB,URA,not_clean,https://www.edgeprop.sg/condo-apartment/eight-courtyards,eight-courtyards
EIGHT COURTYARDS,YISHUN,27,18 Nov 2022,18b Canberra Drive #03-XX,18b Canberra Drive,3,1142,1315000,Condominium,99 Yrs From 20/09/2010,Resale,1152,107.024,Strata,Private,URA,not_clean,https://www.edgeprop.sg/condo-apartment/eight-courtyards,eight-courtyards
EIGHT COURTYARDS,YISHUN,27,28 Oct 2022,14 Canberra Drive #13-XX,14 Canberra Drive,2,1197,1160000,Condominium,99 Yrs From 20/09/2010,Resale,969,90.023,Strata,Private,URA,not_clean,https://www.edgeprop.sg/condo-apartment/eight-courtyards,eight-courtyards
EIGHT COURTYARDS,YISHUN,27,22 Sep 2022,12 Canberra Drive #11-XX,12 Canberra Drive,3,1183,1350000,Condominium,99 Yrs From 20/09/2010,Resale,1141,106.002,Strata,Private,URA,not_clean,https://www.edgeprop.sg/condo-apartment/eight-courtyards,eight-courtyards
EIGHT COURTYARDS,YISHUN,27,12 Sep 2022,16 Canberra Drive #12-XX,16 Canberra Drive,3,1186,1200000,Condominium,99 Yrs From 20/09/2010,Resale,1012,94.018,Strata,Private,URA,not_clean,https://www.edgeprop.sg/condo-apartment/eight-courtyards,eight-courtyards
EIGHT COURTYARDS,YISHUN,27,8 Sep 2022,6 Canberra Drive #13-XX,6 Canberra Drive,2,1107,988888,Condominium,99 Yrs From 20/09/2010,Resale,893,82.962,Strata,Private,URA,not_clean,https://www.edgeprop.sg/condo-apartment/eight-courtyards,eight-courtyards
EIGHT COURTYARDS,YISHUN,27,26 Aug 2022,12 Canberra Drive #02-XX,12 Canberra Drive,3,1139,1300000,Condominium,99 Yrs From 20/09/2010,Resale,1141,106.002,Strata,HDB,URA,not_clean,https://www.edgeprop.sg/condo-apartment/eight-courtyards,eight-courtyards
EIGHT COURTYARDS,YISHUN,27,22 Aug 2022,12a Canberra Drive #11-XX,12a Canberra Drive,3,1201,1280000,Condominium,99 Yrs From 20/09/2010,Resale,1066,99.035,Strata,HDB,URA,not_clean,https://www.edgeprop.sg/condo-apartment/eight-courtyards,eight-courtyards
EIGHT COURTYARDS,YISHUN,27,4 Aug 2022,8 Canberra Drive #13-XX,8 Canberra Drive,2,1132,975000,Condominium,99 Yrs From 20/09/2010,Resale,861,79.99,Strata,Private,URA,not_clean,https://www.edgeprop.sg/condo-apartment/eight-courtyards,eight-courtyards
EIGHT COURTYARDS,YISHUN,27,20 Jul 2022,10 Canberra Drive #13-XX,10 Canberra Drive,3,1187,1290000,Condominium,99 Yrs From 20/09/2010,Resale,1087,100.986,Strata,HDB,URA,not_clean,https://www.edgeprop.sg/condo-apartment/eight-courtyards,eight-courtyards
EIGHT COURTYARDS,YISHUN,27,5 Jul 2022,6 Canberra Drive #11-XX,6 Canberra Drive,2,1066,975000,Condominium,99 Yrs From 20/09/2010,Resale,915,85.006,Strata,HDB,URA,not_clean,https://www.edgeprop.sg/condo-apartment/eight-courtyards,eight-courtyards
EIGHT COURTYARDS,YISHUN,27,4 Jul 2022,18b Canberra Drive #04-XX,18b Canberra Drive,3,1150,1250000,Condominium,99 Yrs From 20/09/2010,Resale,1087,100.986,Strata,Private,URA,not_clean,https://www.edgeprop.sg/condo-apartment/eight-courtyards,eight-courtyards
EIGHT COURTYARDS,YISHUN,27,30 Jun 2022,12a Canberra Drive #09-XX,12a Canberra Drive,3,1110,1290000,Condominium,99 Yrs From 20/09/2010,Resale,1163,108.046,Strata,Private,URA,not_clean,https://www.edgeprop.sg/condo-apartment/eight-courtyards,eight-courtyards
EIGHT COURTYARDS,YISHUN,27,24 Jun 2022,2 Canberra Drive #05-XX,2 Canberra Drive,1,1394,630000,Condominium,99 Yrs From 20/09/2010,Resale,452,41.992,Strata,Private,URA,not_clean,https://www.edgeprop.sg/condo-apartment/eight-courtyards,eight-courtyards
EIGHT COURTYARDS,YISHUN,27,21 Jun 2022,18a Canberra Drive #02-XX,18a Canberra Drive,3,1043,1190000,Condominium,99 Yrs From 20/09/2010,Resale,1141,106.002,Strata,HDB,URA,not_clean,https://www.edgeprop.sg/condo-apartment/eight-courtyards,eight-courtyards
EIGHT COURTYARDS,YISHUN,27,17 Jun 2022,10a Canberra Drive #13-XX,10a Canberra Drive,4,1154,1590000,Condominium,99 Yrs From 20/09/2010,Resale,1378,128.02,Strata,Private,URA,not_clean,https://www.edgeprop.sg/condo-apartment/eight-courtyards,eight-courtyards
EIGHT COURTYARDS,YISHUN,27,14 Jun 2022,14 Canberra Drive #07-XX,14 Canberra Drive,3,1152,1612000,Condominium,99 Yrs From 20/09/2010,Resale,1399,129.971,Strata,Private,URA,not_clean,https://www.edgeprop.sg/condo-apartment/eight-courtyards,eight-courtyards
EIGHT COURTYARDS,YISHUN,27,24 May 2022,18 Canberra Drive #04-XX,18 Canberra Drive,3,1085,1180000,Condominium,99 Yrs From 20/09/2010,Resale,1087,100.986,Strata,HDB,URA,not_clean,https://www.edgeprop.sg/condo-apartment/eight-courtyards,eight-courtyards
EIGHT COURTYARDS,YISHUN,27,10 May 2022,18b Canberra Drive #06-XX,18b Canberra Drive,3,1097,1051000,Condominium,99 Yrs From 20/09/2010,Resale,958,89.001,Strata,HDB,URA,not_clean,https://www.edgeprop.sg/condo-apartment/eight-courtyards,eight-courtyards
EIGHT COURTYARDS,YISHUN,27,10 May 2022,10a Canberra Drive #02-XX,10a Canberra Drive,3,1104,1200000,Condominium,99 Yrs From 20/09/2010,Resale,1087,100.986,Strata,HDB,URA,not_clean,https://www.edgeprop.sg/condo-apartment/eight-courtyards,eight-courtyards
EIGHT COURTYARDS,YISHUN,27,6 May 2022,8 Canberra Drive #10-XX,8 Canberra Drive,2,1097,945000,Condominium,99 Yrs From 20/09/2010,Resale,861,79.99,Strata,HDB,URA,not_clean,https://www.edgeprop.sg/condo-apartment/eight-courtyards,eight-courtyards
EIGHT COURTYARDS,YISHUN,27,21 Apr 2022,12 Canberra Drive #03-XX,12 Canberra Drive,3,1043,1190000,Condominium,99 Yrs From 20/09/2010,Resale,1141,106.002,Strata,HDB,URA,not_clean,https://www.edgeprop.sg/condo-apartment/eight-courtyards,eight-courtyards
EIGHT COURTYARDS,YISHUN,27,12 Apr 2022,2 Canberra Drive #02-XX,2 Canberra Drive,1,1323,598000,Condominium,99 Yrs From 20/09/2010,Resale,452,41.992,Strata,Private,URA,not_clean,https://www.edgeprop.sg/condo-apartment/eight-courtyards,eight-courtyards
EIGHT COURTYARDS,YISHUN,27,8 Apr 2022,18a Canberra Drive #12-XX,18a Canberra Drive,3,1093,1188000,Condominium,99 Yrs From 20/09/2010,Resale,1087,100.986,Strata,HDB,URA,not_clean,https://www.edgeprop.sg/condo-apartment/eight-courtyards,eight-courtyards
EIGHT COURTYARDS,YISHUN,27,24 Mar 2022,6 Canberra Drive #04-XX,6 Canberra Drive,3,1037,1038000,Condominium,99 Yrs From 20/09/2010,Resale,1001,92.996,Strata,Private,URA,not_clean,https://www.edgeprop.sg/condo-apartment/eight-courtyards,eight-courtyards
EIGHT COURTYARDS,YISHUN,27,21 Mar 2022,6 Canberra Drive #07-XX,6 Canberra Drive,2,1086,935000,Condominium,99 Yrs From 20/09/2010,Resale,861,79.99,Strata,HDB,URA,not_clean,https://www.edgeprop.sg/condo-apartment/eight-courtyards,eight-courtyards
EIGHT COURTYARDS,YISHUN,27,21 Mar 2022,18 Canberra Drive #06-XX,18 Canberra Drive,3,1146,1308000,Condominium,99 Yrs From 20/09/2010,Resale,1141,106.002,Strata,HDB,URA,not_clean,https://www.edgeprop.sg/condo-apartment/eight-courtyards,eight-courtyards
EIGHT COURTYARDS,YISHUN,27,10 Mar 2022,2 Canberra Drive #13-XX,2 Canberra Drive,1,1257,690000,Condominium,99 Yrs From 20/09/2010,Resale,549,51.004,Strata,HDB,URA,not_clean,https://www.edgeprop.sg/condo-apartment/eight-courtyards,eight-courtyards
EIGHT COURTYARDS,YISHUN,27,24 Feb 2022,18b Canberra Drive #05-XX,18b Canberra Drive,3,960,920000,Condominium,99 Yrs From 20/09/2010,Resale,958,89.001,Strata,HDB,URA,not_clean,https://www.edgeprop.sg/condo-apartment/eight-courtyards,eight-courtyards
EIGHT COURTYARDS,YISHUN,27,25 Jan 2022,18a Canberra Drive #03-XX,18a Canberra Drive,3,1076,1170000,Condominium,99 Yrs From 20/09/2010,Resale,1087,100.986,Strata,HDB,URA,not_clean,https://www.edgeprop.sg/condo-apartment/eight-courtyards,eight-courtyards
EIGHT COURTYARDS,YISHUN,27,12 Nov 2021,2 Canberra Drive #06-XX,2 Canberra Drive,1,1294,585000,Condominium,99 Yrs From 20/09/2010,Resale,452,41.992,Strata,HDB,URA,not_clean,https://www.edgeprop.sg/condo-apartment/eight-courtyards,eight-courtyards
EIGHT COURTYARDS,YISHUN,27,12 Nov 2021,14 Canberra Drive #04-XX,14 Canberra Drive,4,1050,1650000,Condominium,99 Yrs From 20/09/2010,Resale,1572,146.044,Strata,Private,URA,not_clean,https://www.edgeprop.sg/condo-apartment/eight-courtyards,eight-courtyards
EIGHT COURTYARDS,YISHUN,27,11 Nov 2021,6 Canberra Drive #13-XX,6 Canberra Drive,2,996,910888,Condominium,99 Yrs From 20/09/2010,Resale,915,85.006,Strata,HDB,URA,not_clean,https://www.edgeprop.sg/condo-apartment/eight-courtyards,eight-courtyards
EIGHT COURTYARDS,YISHUN,27,1 Nov 2021,14 Canberra Drive #11-XX,14 Canberra Drive,4,999,1570000,Condominium,99 Yrs From 20/09/2010,Resale,1572,146.044,Strata,Private,URA,not_clean,https://www.edgeprop.sg/condo-apartment/eight-courtyards,eight-courtyards
EIGHT COURTYARDS,YISHUN,27,1 Nov 2021,18A Canberra Drive #02-XX,18A Canberra Drive,3,992,950000,Condominium,99 Yrs From 20/09/2010,Resale,958,89.001,Strata,Private,URA,not_clean,https://www.edgeprop.sg/condo-apartment/eight-courtyards,eight-courtyards
EIGHT COURTYARDS,YISHUN,27,28 Oct 2021,6 Canberra Drive #03-XX,6 Canberra Drive,3,1119,1108000,Condominium,99 Yrs From 20/09/2010,Resale,990,91.974,Strata,Private,URA,not_clean,https://www.edgeprop.sg/condo-apartment/eight-courtyards,eight-courtyards
EIGHT COURTYARDS,YISHUN,27,8 Oct 2021,8 Canberra Drive #04-XX,8 Canberra Drive,3,985,975000,Condominium,99 Yrs From 20/09/2010,Resale,990,91.974,Strata,HDB,URA,not_clean,https://www.edgeprop.sg/condo-apartment/eight-courtyards,eight-courtyards
EIGHT COURTYARDS,YISHUN,27,8 Oct 2021,10 Canberra Drive #05-XX,10 Canberra Drive,2,1051,905000,Condominium,99 Yrs From 20/09/2010,Resale,861,79.99,Strata,Private,URA,not_clean,https://www.edgeprop.sg/condo-apartment/eight-courtyards,eight-courtyards
EIGHT COURTYARDS,YISHUN,27,21 Sep 2021,2 Canberra Drive #07-XX,2 Canberra Drive,1,1239,560000,Condominium,99 Yrs From 20/09/2010,Resale,452,41.992,Strata,Private,URA,not_clean,https://www.edgeprop.sg/condo-apartment/eight-courtyards,eight-courtyards
EIGHT COURTYARDS,YISHUN,27,20 Sep 2021,18B Canberra Drive #02-XX,18B Canberra Drive,3,960,920000,Condominium,99 Yrs From 20/09/2010,Resale,958,89.001,Strata,HDB,URA,not_clean,https://www.edgeprop.sg/condo-apartment/eight-courtyards,eight-courtyards
EIGHT COURTYARDS,YISHUN,27,18 Aug 2021,18b Canberra Drive #09-XX,18b Canberra Drive,3,1023,980000,Condominium,99 Yrs From 20/09/2010,Resale,958,89.001,Strata,Private,URA,not_clean,https://www.edgeprop.sg/condo-apartment/eight-courtyards,eight-courtyards
EIGHT COURTYARDS,YISHUN,27,16 Aug 2021,12a Canberra Drive #06-XX,12a Canberra Drive,3,1021,1110000,Condominium,99 Yrs From 20/09/2010,Resale,1087,100.986,Strata,HDB,URA,not_clean,https://www.edgeprop.sg/condo-apartment/eight-courtyards,eight-courtyards
EIGHT COURTYARDS,YISHUN,27,13 Aug 2021,16 Canberra Drive #08-XX,16 Canberra Drive,2,981,845000,Condominium,99 Yrs From 20/09/2010,Resale,861,79.99,Strata,Private,URA,not_clean,https://www.edgeprop.sg/condo-apartment/eight-courtyards,eight-courtyards
EIGHT COURTYARDS,YISHUN,27,27 Jul 2021,2 Canberra Drive #14-XX,2 Canberra Drive,1,1202,660000,Condominium,99 Yrs From 20/09/2010,Resale,549,51.004,Strata,Private,URA,not_clean,https://www.edgeprop.sg/condo-apartment/eight-courtyards,eight-courtyards
EIGHT COURTYARDS,YISHUN,27,26 Jul 2021,18 Canberra Drive #13-XX,18 Canberra Drive,3,1012,1100000,Condominium,99 Yrs From 20/09/2010,Resale,1087,100.986,Strata,HDB,URA,not_clean,https://www.edgeprop.sg/condo-apartment/eight-courtyards,eight-courtyards
EIGHT COURTYARDS,YISHUN,27,22 Jul 2021,6 Canberra Drive #08-XX,6 Canberra Drive,2,924,915000,Condominium,99 Yrs From 20/09/2010,Resale,990,91.974,Strata,Private,URA,not_clean,https://www.edgeprop.sg/condo-apartment/eight-courtyards,eight-courtyards
EIGHT COURTYARDS,YISHUN,27,21 Jul 2021,10 Canberra Drive #12-XX,10 Canberra Drive,3,1036,1126000,Condominium,99 Yrs From 20/09/2010,Resale,1087,100.986,Strata,HDB,URA,not_clean,https://www.edgeprop.sg/condo-apartment/eight-courtyards,eight-courtyards
EIGHT COURTYARDS,YISHUN,27,16 Jul 2021,12 Canberra Drive #01-XX,12 Canberra Drive,2,1003,950000,Condominium,99 Yrs From 20/09/2010,Resale,947,87.979,Strata,HDB,URA,not_clean,https://www.edgeprop.sg/condo-apartment/eight-courtyards,eight-courtyards
KANDIS RESIDENCE,SEMBAWANG,27,18 May 2026,2 KANDIS LINK #03-XX,2 KANDIS LINK,2,1228,978000,Condominium,99 Yrs From 11/07/2016,Resale,797,74.044,Strata,HDB,URA,not_clean,https://www.edgeprop.sg/condo-apartment/kandis-residence,kandis-residence
KANDIS RESIDENCE,SEMBAWANG,27,23 Feb 2026,6 KANDIS LINK #05-XX,6 KANDIS LINK,3,1399,1310000,Condominium,99 Yrs From 11/07/2016,Resale,936,86.957,Strata,HDB,URA,not_clean,https://www.edgeprop.sg/condo-apartment/kandis-residence,kandis-residence
KANDIS RESIDENCE,SEMBAWANG,27,18 Dec 2025,8 KANDIS LINK #04-XX,8 KANDIS LINK,2,1269,970000,Condominium,99 Yrs From 11/07/2016,Resale,764,70.978,Strata,HDB,URA,not_clean,https://www.edgeprop.sg/condo-apartment/kandis-residence,kandis-residence
KANDIS RESIDENCE,SEMBAWANG,27,14 Oct 2025,8 KANDIS LINK #05-XX,8 KANDIS LINK,2,1355,1050000,Condominium,99 Yrs From 11/07/2016,Resale,775,72.0,Strata,Private,URA,not_clean,https://www.edgeprop.sg/condo-apartment/kandis-residence,kandis-residence
KANDIS RESIDENCE,SEMBAWANG,27,22 Sep 2025,10 KANDIS LINK #03-XX,10 KANDIS LINK,1,1484,735000,Condominium,99 Yrs From 11/07/2016,Resale,495,45.987,Strata,HDB,URA,not_clean,https://www.edgeprop.sg/condo-apartment/kandis-residence,kandis-residence
KANDIS RESIDENCE,SEMBAWANG,27,1 Sep 2025,8 KANDIS LINK #03-XX,8 KANDIS LINK,2,1243,950000,Condominium,99 Yrs From 11/07/2016,Resale,764,70.978,Strata,HDB,URA,not_clean,https://www.edgeprop.sg/condo-apartment/kandis-residence,kandis-residence
KANDIS RESIDENCE,SEMBAWANG,27,1 Aug 2025,8 KANDIS LINK #01-XX,8 KANDIS LINK,2,1355,1050000,Condominium,99 Yrs From 11/07/2016,Resale,775,72.0,Strata,HDB,URA,not_clean,https://www.edgeprop.sg/condo-apartment/kandis-residence,kandis-residence
KANDIS RESIDENCE,SEMBAWANG,27,3 Jun 2025,8 Kandis Link #01-XX,8 Kandis Link,2,1348,1030000,Condominium,99 Yrs From 11/07/2016,Resale,764,70.978,Strata,Private,URA,not_clean,https://www.edgeprop.sg/condo-apartment/kandis-residence,kandis-residence
KANDIS RESIDENCE,SEMBAWANG,27,10 Mar 2025,10 Kandis Link #01-XX,10 Kandis Link,1,1476,715000,Condominium,99 Yrs From 11/07/2016,Resale,484,44.965,Strata,HDB,URA,not_clean,https://www.edgeprop.sg/condo-apartment/kandis-residence,kandis-residence
KANDIS RESIDENCE,SEMBAWANG,27,23 Dec 2024,2 Kandis Link #06-XX,2 Kandis Link,2,1406,1120000,Condominium,99 Yrs From 11/07/2016,Resale,797,74.044,Strata,Private,URA,not_clean,https://www.edgeprop.sg/condo-apartment/kandis-residence,kandis-residence
KANDIS RESIDENCE,SEMBAWANG,27,12 Dec 2024,2 Kandis Link #01-XX,2 Kandis Link,3,1510,1560000,Condominium,99 Yrs From 11/07/2016,Resale,1033,95.969,Strata,HDB,URA,not_clean,https://www.edgeprop.sg/condo-apartment/kandis-residence,kandis-residence
KANDIS RESIDENCE,SEMBAWANG,27,1 Nov 2024,8 Kandis Link #07-XX,8 Kandis Link,2,1348,1030000,Condominium,99 Yrs From 11/07/2016,Resale,764,70.978,Strata,Private,URA,not_clean,https://www.edgeprop.sg/condo-apartment/kandis-residence,kandis-residence
KANDIS RESIDENCE,SEMBAWANG,27,30 Oct 2024,6 Kandis Link #05-XX,6 Kandis Link,3,1399,1310000,Condominium,99 Yrs From 11/07/2016,Resale,936,86.957,Strata,HDB,URA,not_clean,https://www.edgeprop.sg/condo-apartment/kandis-residence,kandis-residence
KANDIS RESIDENCE,SEMBAWANG,27,25 Oct 2024,8 Kandis Link #03-XX,8 Kandis Link,2,1200,930000,Condominium,99 Yrs From 11/07/2016,Resale,775,72.0,Strata,Private,URA,not_clean,https://www.edgeprop.sg/condo-apartment/kandis-residence,kandis-residence
KANDIS RESIDENCE,SEMBAWANG,27,12 Jul 2024,10 Kandis Link #03-XX,10 Kandis Link,3,1389,1420000,Condominium,99 Yrs From 11/07/2016,Resale,1023,95.04,Strata,Private,URA,not_clean,https://www.edgeprop.sg/condo-apartment/kandis-residence,kandis-residence
KANDIS RESIDENCE,SEMBAWANG,27,14 Jun 2024,2 Kandis Link #02-XX,2 Kandis Link,2,1276,1030000,Condominium,99 Yrs From 11/07/2016,Resale,807,74.973,Strata,HDB,URA,not_clean,https://www.edgeprop.sg/condo-apartment/kandis-residence,kandis-residence
KANDIS RESIDENCE,SEMBAWANG,27,15 May 2024,8 Kandis Link #07-XX,8 Kandis Link,2,1381,1070000,Condominium,99 Yrs From 11/07/2016,Resale,775,72.0,Strata,HDB,URA,not_clean,https://www.edgeprop.sg/condo-apartment/kandis-residence,kandis-residence
KANDIS RESIDENCE,SEMBAWANG,27,3 Apr 2024,8 Kandis Link #01-XX,8 Kandis Link,2,1411,1138888,Condominium,99 Yrs From 11/07/2016,Resale,807,74.973,Strata,HDB,URA,not_clean,https://www.edgeprop.sg/condo-apartment/kandis-residence,kandis-residence
KANDIS RESIDENCE,SEMBAWANG,27,22 Jan 2024,8 Kandis Link #01-XX,8 Kandis Link,2,1341,1025000,Condominium,99 Yrs From 11/07/2016,Resale,764,70.978,Strata,HDB,URA,not_clean,https://www.edgeprop.sg/condo-apartment/kandis-residence,kandis-residence
KANDIS RESIDENCE,SEMBAWANG,27,6 Nov 2023,2 Kandis Link #01-XX,2 Kandis Link,2,1318,1050000,Condominium,99 Yrs From 11/07/2016,Resale,797,74.044,Strata,Private,URA,not_clean,https://www.edgeprop.sg/condo-apartment/kandis-residence,kandis-residence
KANDIS RESIDENCE,SEMBAWANG,27,25 Sep 2023,8 Kandis Link #06-XX,8 Kandis Link,2,1458,1130000,Condominium,99 Yrs From 11/07/2016,Resale,775,72.0,Strata,HDB,URA,not_clean,https://www.edgeprop.sg/condo-apartment/kandis-residence,kandis-residence
KANDIS RESIDENCE,SEMBAWANG,27,25 Jul 2023,6 Kandis Link #02-XX,6 Kandis Link,2,1332,975000,Condominium,99 Yrs From 11/07/2016,Resale,732,68.005,Strata,Private,URA,not_clean,https://www.edgeprop.sg/condo-apartment/kandis-residence,kandis-residence
KANDIS RESIDENCE,SEMBAWANG,27,13 Jun 2023,2 Kandis Link #05-XX,2 Kandis Link,3,1290,1180000,Condominium,99 Yrs From 11/07/2016,Resale,915,85.006,Strata,HDB,URA,not_clean,https://www.edgeprop.sg/condo-apartment/kandis-residence,kandis-residence
KANDIS RESIDENCE,SEMBAWANG,27,8 Jun 2023,10 Kandis Link #02-XX,10 Kandis Link,1,1424,705000,Condominium,99 Yrs From 11/07/2016,Resale,495,45.987,Strata,HDB,URA,not_clean,https://www.edgeprop.sg/condo-apartment/kandis-residence,kandis-residence
KANDIS RESIDENCE,SEMBAWANG,27,21 Mar 2023,8 Kandis Link #02-XX,8 Kandis Link,2,1400,1070000,Condominium,99 Yrs From 11/07/2016,Resale,764,70.978,Strata,HDB,URA,not_clean,https://www.edgeprop.sg/condo-apartment/kandis-residence,kandis-residence
KANDIS RESIDENCE,SEMBAWANG,27,15 Nov 2022,2 Kandis Link #07-XX,2 Kandis Link,2,1594,1270000,Condominium,99 Yrs From 11/07/2016,Resale,797,74.044,Strata,Private,URA,not_clean,https://www.edgeprop.sg/condo-apartment/kandis-residence,kandis-residence
KANDIS RESIDENCE,SEMBAWANG,27,12 Apr 2022,10 Kandis Link #01-XX,10 Kandis Link,1,1505,745000,Condominium,99 Yrs From 11/07/2016,Sub Sale,495,45.987,Strata,HDB,URA,not_clean,https://www.edgeprop.sg/condo-apartment/kandis-residence,kandis-residence
KANDIS RESIDENCE,SEMBAWANG,27,30 Aug 2021,10 Kandis Link #01-XX,10 Kandis Link,1,1425,690000,Condominium,99 Yrs From 11/07/2016,Sub Sale,484,44.965,Strata,HDB,URA,not_clean,https://www.edgeprop.sg/condo-apartment/kandis-residence,kandis-residence
KANDIS RESIDENCE,SEMBAWANG,27,7 May 2021,6 Kandis Link #01-XX,6 Kandis Link,3,1474,1380000,Condominium,99 Yrs From 11/07/2016,Sub Sale,936,86.957,Strata,Private,URA,not_clean,https://www.edgeprop.sg/condo-apartment/kandis-residence,kandis-residence
KANDIS RESIDENCE,SEMBAWANG,27,19 Mar 2021,2 Kandis Link #04-XX,2 Kandis Link,2,1279,1032600,Condominium,99 Yrs From 11/07/2016,New Sale,807,74.973,Strata,N.A,URA,not_clean,https://www.edgeprop.sg/condo-apartment/kandis-residence,kandis-residence
KANDIS RESIDENCE,SEMBAWANG,27,9 Mar 2021,8 Kandis Link #02-XX,8 Kandis Link,2,1163,938700,Condominium,99 Yrs From 11/07/2016,New Sale,807,74.973,Strata,HDB,URA,not_clean,https://www.edgeprop.sg/condo-apartment/kandis-residence,kandis-residence
KANDIS RESIDENCE,SEMBAWANG,27,28 Feb 2021,2 Kandis Link #03-XX,2 Kandis Link,2,1204,959000,Condominium,99 Yrs From 11/07/2016,New Sale,797,74.044,Strata,HDB,URA,not_clean,https://www.edgeprop.sg/condo-apartment/kandis-residence,kandis-residence
KANDIS RESIDENCE,SEMBAWANG,27,23 Feb 2021,8 Kandis Link #02-XX,8 Kandis Link,2,1182,941900,Condominium,99 Yrs From 11/07/2016,New Sale,797,74.044,Strata,HDB,URA,not_clean,https://www.edgeprop.sg/condo-apartment/kandis-residence,kandis-residence
KANDIS RESIDENCE,SEMBAWANG,27,23 Feb 2021,8 Kandis Link #05-XX,8 Kandis Link,2,1205,960000,Condominium,99 Yrs From 11/07/2016,New Sale,797,74.044,Strata,HDB,URA,not_clean,https://www.edgeprop.sg/condo-apartment/kandis-residence,kandis-residence
KANDIS RESIDENCE,SEMBAWANG,27,23 Feb 2021,8 Kandis Link #03-XX,8 Kandis Link,2,1204,959000,Condominium,99 Yrs From 11/07/2016,New Sale,797,74.044,Strata,N.A,URA,not_clean,https://www.edgeprop.sg/condo-apartment/kandis-residence,kandis-residence
KANDIS RESIDENCE,SEMBAWANG,27,22 Feb 2021,2 Kandis Link #03-XX,2 Kandis Link,2,1270,1025200,Condominium,99 Yrs From 11/07/2016,New Sale,807,74.973,Strata,Private,URA,not_clean,https://www.edgeprop.sg/condo-apartment/kandis-residence,kandis-residence
KANDIS RESIDENCE,SEMBAWANG,27,8 Feb 2021,2 Kandis Link #06-XX,2 Kandis Link,2,1256,1000800,Condominium,99 Yrs From 11/07/2016,New Sale,797,74.044,Strata,N.A,URA,not_clean,https://www.edgeprop.sg/condo-apartment/kandis-residence,kandis-residence
KANDIS RESIDENCE,SEMBAWANG,27,8 Feb 2021,6 Kandis Link #05-XX,6 Kandis Link,2,1247,913100,Condominium,99 Yrs From 11/07/2016,New Sale,732,68.005,Strata,HDB,URA,not_clean,https://www.edgeprop.sg/condo-apartment/kandis-residence,kandis-residence
KANDIS RESIDENCE,SEMBAWANG,27,4 Feb 2021,2 Kandis Link #02-XX,2 Kandis Link,2,1182,941900,Condominium,99 Yrs From 11/07/2016,New Sale,797,74.044,Strata,Private,URA,not_clean,https://www.edgeprop.sg/condo-apartment/kandis-residence,kandis-residence
KANDIS RESIDENCE,SEMBAWANG,27,24 Jan 2021,6 Kandis Link #02-XX,6 Kandis Link,2,1265,926000,Condominium,99 Yrs From 11/07/2016,New Sale,732,68.005,Strata,HDB,URA,not_clean,https://www.edgeprop.sg/condo-apartment/kandis-residence,kandis-residence
KANDIS RESIDENCE,SEMBAWANG,27,24 Jan 2021,8 Kandis Link #03-XX,8 Kandis Link,2,1210,963700,Condominium,99 Yrs From 11/07/2016,New Sale,797,74.044,Strata,HDB,URA,not_clean,https://www.edgeprop.sg/condo-apartment/kandis-residence,kandis-residence
KANDIS RESIDENCE,SEMBAWANG,27,24 Jan 2021,8 Kandis Link #06-XX,8 Kandis Link,2,1231,980800,Condominium,99 Yrs From 11/07/2016,New Sale,797,74.044,Strata,HDB,URA,not_clean,https://www.edgeprop.sg/condo-apartment/kandis-residence,kandis-residence
KANDIS RESIDENCE,SEMBAWANG,27,23 Jan 2021,8 Kandis Link #04-XX,8 Kandis Link,2,1219,971000,Condominium,99 Yrs From 11/07/2016,New Sale,797,74.044,Strata,HDB,URA,not_clean,https://www.edgeprop.sg/condo-apartment/kandis-residence,kandis-residence
KANDIS RESIDENCE,SEMBAWANG,27,23 Jan 2021,2 Kandis Link #02-XX,2 Kandis Link,2,1261,1018000,Condominium,99 Yrs From 11/07/2016,New Sale,807,74.973,Strata,HDB,URA,not_clean,https://www.edgeprop.sg/condo-apartment/kandis-residence,kandis-residence
KANDIS RESIDENCE,SEMBAWANG,27,20 Jan 2021,8 Kandis Link #04-XX,8 Kandis Link,2,1201,956400,Condominium,99 Yrs From 11/07/2016,New Sale,797,74.044,Strata,N.A,URA,not_clean,https://www.edgeprop.sg/condo-apartment/kandis-residence,kandis-residence
KANDIS RESIDENCE,SEMBAWANG,27,18 Dec 2020,2 Kandis Link #05-XX,2 Kandis Link,2,1222,973500,Condominium,99 Yrs From 11/07/2016,New Sale,797,74.044,Strata,HDB,URA,not_clean,https://www.edgeprop.sg/condo-apartment/kandis-residence,kandis-residence
KANDIS RESIDENCE,SEMBAWANG,27,8 Dec 2020,6 Kandis Link #01-XX,6 Kandis Link,2,1325,970000,Condominium,99 Yrs From 11/07/2016,New Sale,732,68.005,Strata,HDB,URA,not_clean,https://www.edgeprop.sg/condo-apartment/kandis-residence,kandis-residence
KANDIS RESIDENCE,SEMBAWANG,27,30 Nov 2020,8 Kandis Link #04-XX,8 Kandis Link,2,1187,958200,Condominium,99 Yrs From 11/07/2016,New Sale,807,74.973,Strata,HDB,URA,not_clean,https://www.edgeprop.sg/condo-apartment/kandis-residence,kandis-residence
KANDIS RESIDENCE,SEMBAWANG,27,18 Nov 2020,2 Kandis Link #04-XX,2 Kandis Link,2,1201,956400,Condominium,99 Yrs From 11/07/2016,New Sale,797,74.044,Strata,N.A,URA,not_clean,https://www.edgeprop.sg/condo-apartment/kandis-residence,kandis-residence
KANDIS RESIDENCE,SEMBAWANG,27,1 Nov 2020,2 Kandis Link #05-XX,2 Kandis Link,2,1288,1039800,Condominium,99 Yrs From 11/07/2016,New Sale,807,74.973,Strata,N.A,URA,not_clean,https://www.edgeprop.sg/condo-apartment/kandis-residence,kandis-residence
KANDIS RESIDENCE,SEMBAWANG,27,3 Oct 2020,8 Kandis Link #05-XX,8 Kandis Link,2,1194,965000,Condominium,99 Yrs From 11/07/2016,New Sale,807,74.973,Strata,HDB,URA,not_clean,https://www.edgeprop.sg/condo-apartment/kandis-residence,kandis-residence
KANDIS RESIDENCE,SEMBAWANG,27,20 Sep 2020,8 Kandis Link #03-XX,8 Kandis Link,2,1172,946000,Condominium,99 Yrs From 11/07/2016,New Sale,807,74.973,Strata,HDB,URA,not_clean,https://www.edgeprop.sg/condo-apartment/kandis-residence,kandis-residence
KANDIS RESIDENCE,SEMBAWANG,27,13 Sep 2020,2 Kandis Link #04-XX,2 Kandis Link,2,1225,975800,Condominium,99 Yrs From 11/07/2016,New Sale,797,74.044,Strata,HDB,URA,not_clean,https://www.edgeprop.sg/condo-apartment/kandis-residence,kandis-residence
KANDIS RESIDENCE,SEMBAWANG,27,12 Sep 2020,6 Kandis Link #07-XX,6 Kandis Link,2,1392,1019000,Condominium,99 Yrs From 11/07/2016,New Sale,732,68.005,Strata,HDB,URA,not_clean,https://www.edgeprop.sg/condo-apartment/kandis-residence,kandis-residence
KANDIS RESIDENCE,SEMBAWANG,27,28 Jul 2020,8 Kandis Link #05-XX,8 Kandis Link,2,1244,951000,Condominium,99 Yrs From 11/07/2016,New Sale,764,70.978,Strata,HDB,URA,not_clean,https://www.edgeprop.sg/condo-apartment/kandis-residence,kandis-residence
KANDIS RESIDENCE,SEMBAWANG,27,22 Jun 2020,6 Kandis Link #05-XX,6 Kandis Link,2,1286,941300,Condominium,99 Yrs From 11/07/2016,New Sale,732,68.005,Strata,Private,URA,not_clean,https://www.edgeprop.sg/condo-apartment/kandis-residence,kandis-residence
KANDIS RESIDENCE,SEMBAWANG,27,20 Jun 2020,8 Kandis Link #04-XX,8 Kandis Link,2,1229,952200,Condominium,99 Yrs From 11/07/2016,New Sale,775,72.0,Strata,HDB,URA,not_clean,https://www.edgeprop.sg/condo-apartment/kandis-residence,kandis-residence
KANDIS RESIDENCE,SEMBAWANG,27,27 May 2020,8 Kandis Link #07-XX,8 Kandis Link,2,1313,1045800,Condominium,99 Yrs From 11/07/2016,New Sale,797,74.044,Strata,HDB,URA,not_clean,https://www.edgeprop.sg/condo-apartment/kandis-residence,kandis-residence
KANDIS RESIDENCE,SEMBAWANG,27,18 May 2020,8 Kandis Link #06-XX,8 Kandis Link,2,1242,1002660,Condominium,99 Yrs From 11/07/2016,New Sale,807,74.973,Strata,N.A,URA,not_clean,https://www.edgeprop.sg/condo-apartment/kandis-residence,kandis-residence
KANDIS RESIDENCE,SEMBAWANG,27,25 Apr 2020,6 Kandis Link #04-XX,6 Kandis Link,2,1276,934000,Condominium,99 Yrs From 11/07/2016,New Sale,732,68.005,Strata,HDB,URA,not_clean,https://www.edgeprop.sg/condo-apartment/kandis-residence,kandis-residence
KANDIS RESIDENCE,SEMBAWANG,27,14 Apr 2020,2 Kandis Link #01-XX,2 Kandis Link,2,1243,990000,Condominium,99 Yrs From 11/07/2016,New Sale,797,74.044,Strata,HDB,URA,not_clean,https://www.edgeprop.sg/condo-apartment/kandis-residence,kandis-residence
KANDIS RESIDENCE,SEMBAWANG,27,14 Mar 2020,2 Kandis Link #05-XX,2 Kandis Link,2,1234,983100,Condominium,99 Yrs From 11/07/2016,New Sale,797,74.044,Strata,Private,URA,not_clean,https://www.edgeprop.sg/condo-apartment/kandis-residence,kandis-residence
KANDIS RESIDENCE,SEMBAWANG,27,17 Feb 2020,8 Kandis Link #01-XX,8 Kandis Link,2,1230,980000,Condominium,99 Yrs From 11/07/2016,New Sale,797,74.044,Strata,Private,URA,not_clean,https://www.edgeprop.sg/condo-apartment/kandis-residence,kandis-residence
KANDIS RESIDENCE,SEMBAWANG,27,13 Feb 2020,2 Kandis Link #06-XX,2 Kandis Link,2,1322,1067200,Condominium,99 Yrs From 11/07/2016,New Sale,807,74.973,Strata,HDB,URA,not_clean,https://www.edgeprop.sg/condo-apartment/kandis-residence,kandis-residence
KANDIS RESIDENCE,SEMBAWANG,27,2 Feb 2020,2 Kandis Link #03-XX,2 Kandis Link,3,1297,1186500,Condominium,99 Yrs From 11/07/2016,New Sale,915,85.006,Strata,HDB,URA,not_clean,https://www.edgeprop.sg/condo-apartment/kandis-residence,kandis-residence
KANDIS RESIDENCE,SEMBAWANG,27,20 Jan 2020,2 Kandis Link #01-XX,2 Kandis Link,2,1254,999000,Condominium,99 Yrs From 11/07/2016,New Sale,797,74.044,Strata,HDB,URA,not_clean,https://www.edgeprop.sg/condo-apartment/kandis-residence,kandis-residence
KANDIS RESIDENCE,SEMBAWANG,27,18 Jan 2020,6 Kandis Link #04-XX,6 Kandis Link,2,1241,908000,Condominium,99 Yrs From 11/07/2016,New Sale,732,68.005,Strata,HDB,URA,not_clean,https://www.edgeprop.sg/condo-apartment/kandis-residence,kandis-residence
KANDIS RESIDENCE,SEMBAWANG,27,14 Jan 2020,2 Kandis Link #07-XX,2 Kandis Link,2,1313,1045800,Condominium,99 Yrs From 11/07/2016,New Sale,797,74.044,Strata,HDB,URA,not_clean,https://www.edgeprop.sg/condo-apartment/kandis-residence,kandis-residence
KANDIS RESIDENCE,SEMBAWANG,27,5 Jan 2020,2 Kandis Link #03-XX,2 Kandis Link,2,1211,965000,Condominium,99 Yrs From 11/07/2016,New Sale,797,74.044,Strata,HDB,URA,not_clean,https://www.edgeprop.sg/condo-apartment/kandis-residence,kandis-residence
KANDIS RESIDENCE,SEMBAWANG,27,26 Dec 2019,8 Kandis Link #02-XX,8 Kandis Link,2,1201,956400,Condominium,99 Yrs From 11/07/2016,New Sale,797,74.044,Strata,HDB,URA,not_clean,https://www.edgeprop.sg/condo-apartment/kandis-residence,kandis-residence
KANDIS RESIDENCE,SEMBAWANG,27,19 Dec 2019,2 Kandis Link #05-XX,2 Kandis Link,3,1315,1203200,Condominium,99 Yrs From 11/07/2016,New Sale,915,85.006,Strata,HDB,URA,not_clean,https://www.edgeprop.sg/condo-apartment/kandis-residence,kandis-residence
KANDIS RESIDENCE,SEMBAWANG,27,18 Dec 2019,6 Kandis Link #07-XX,6 Kandis Link,2,1378,1008900,Condominium,99 Yrs From 11/07/2016,New Sale,732,68.005,Strata,HDB,URA,not_clean,https://www.edgeprop.sg/condo-apartment/kandis-residence,kandis-residence
KANDIS RESIDENCE,SEMBAWANG,27,8 Dec 2019,2 Kandis Link #04-XX,2 Kandis Link,3,1306,1194900,Condominium,99 Yrs From 11/07/2016,New Sale,915,85.006,Strata,HDB,URA,not_clean,https://www.edgeprop.sg/condo-apartment/kandis-residence,kandis-residence
KANDIS RESIDENCE,SEMBAWANG,27,8 Dec 2019,8 Kandis Link #05-XX,8 Kandis Link,2,1216,968500,Condominium,99 Yrs From 11/07/2016,New Sale,797,74.044,Strata,HDB,URA,not_clean,https://www.edgeprop.sg/condo-apartment/kandis-residence,kandis-residence
KANDIS RESIDENCE,SEMBAWANG,27,21 Nov 2019,8 Kandis Link #01-XX,8 Kandis Link,2,1231,940700,Condominium,99 Yrs From 11/07/2016,New Sale,764,70.978,Strata,HDB,URA,not_clean,https://www.edgeprop.sg/condo-apartment/kandis-residence,kandis-residence
KANDIS RESIDENCE,SEMBAWANG,27,5 Nov 2019,8 Kandis Link #06-XX,8 Kandis Link,2,1242,949200,Condominium,99 Yrs From 11/07/2016,New Sale,764,70.978,Strata,HDB,URA,not_clean,https://www.edgeprop.sg/condo-apartment/kandis-residence,kandis-residence
KANDIS RESIDENCE,SEMBAWANG,27,2 Nov 2019,2 Kandis Link #02-XX,2 Kandis Link,2,1189,946782,Condominium,99 Yrs From 11/07/2016,New Sale,797,74.044,Strata,HDB,URA,not_clean,https://www.edgeprop.sg/condo-apartment/kandis-residence,kandis-residence
KANDIS RESIDENCE,SEMBAWANG,27,21 Oct 2019,8 Kandis Link #07-XX,8 Kandis Link,2,1322,1010000,Condominium,99 Yrs From 11/07/2016,New Sale,764,70.978,Strata,HDB,URA,not_clean,https://www.edgeprop.sg/condo-apartment/kandis-residence,kandis-residence
KANDIS RESIDENCE,SEMBAWANG,27,11 Oct 2019,8 Kandis Link #05-XX,8 Kandis Link,2,1236,958000,Condominium,99 Yrs From 11/07/2016,New Sale,775,72.0,Strata,Private,URA,not_clean,https://www.edgeprop.sg/condo-apartment/kandis-residence,kandis-residence
KANDIS RESIDENCE,SEMBAWANG,27,25 Sep 2019,8 Kandis Link #01-XX,8 Kandis Link,2,1202,970000,Condominium,99 Yrs From 11/07/2016,New Sale,807,74.973,Strata,HDB,URA,not_clean,https://www.edgeprop.sg/condo-apartment/kandis-residence,kandis-residence
KANDIS RESIDENCE,SEMBAWANG,27,22 Sep 2019,2 Kandis Link #06-XX,2 Kandis Link,3,1324,1211500,Condominium,99 Yrs From 11/07/2016,New Sale,915,85.006,Strata,HDB,URA,not_clean,https://www.edgeprop.sg/condo-apartment/kandis-residence,kandis-residence
KANDIS RESIDENCE,SEMBAWANG,27,18 Sep 2019,2 Kandis Link #07-XX,2 Kandis Link,2,1325,1055400,Condominium,99 Yrs From 11/07/2016,New Sale,797,74.044,Strata,HDB,URA,not_clean,https://www.edgeprop.sg/condo-apartment/kandis-residence,kandis-residence
KANDIS RESIDENCE,SEMBAWANG,27,15 Sep 2019,8 Kandis Link #06-XX,8 Kandis Link,2,1253,971400,Condominium,99 Yrs From 11/07/2016,New Sale,775,72.0,Strata,HDB,URA,not_clean,https://www.edgeprop.sg/condo-apartment/kandis-residence,kandis-residence
KANDIS RESIDENCE,SEMBAWANG,27,14 Sep 2019,6 Kandis Link #03-XX,6 Kandis Link,3,1277,1196000,Condominium,99 Yrs From 11/07/2016,New Sale,936,86.957,Strata,HDB,URA,not_clean,https://www.edgeprop.sg/condo-apartment/kandis-residence,kandis-residence
KANDIS RESIDENCE,SEMBAWANG,27,4 Sep 2019,8 Kandis Link #01-XX,8 Kandis Link,2,1252,997200,Condominium,99 Yrs From 11/07/2016,New Sale,797,74.044,Strata,HDB,URA,not_clean,https://www.edgeprop.sg/condo-apartment/kandis-residence,kandis-residence
KANDIS RESIDENCE,SEMBAWANG,27,3 Sep 2019,8 Kandis Link #07-XX,8 Kandis Link,2,1319,1050600,Condominium,99 Yrs From 11/07/2016,New Sale,797,74.044,Strata,HDB,URA,not_clean,https://www.edgeprop.sg/condo-apartment/kandis-residence,kandis-residence
KANDIS RESIDENCE,SEMBAWANG,27,31 Aug 2019,2 Kandis Link #07-XX,2 Kandis Link,2,1386,1119000,Condominium,99 Yrs From 11/07/2016,New Sale,807,74.973,Strata,HDB,URA,not_clean,https://www.edgeprop.sg/condo-apartment/kandis-residence,kandis-residence
KANDIS RESIDENCE,SEMBAWANG,27,26 Aug 2019,6 Kandis Link #02-XX,6 Kandis Link,2,1256,919400,Condominium,99 Yrs From 11/07/2016,New Sale,732,68.005,Strata,HDB,URA,not_clean,https://www.edgeprop.sg/condo-apartment/kandis-residence,kandis-residence
KANDIS RESIDENCE,SEMBAWANG,27,21 Aug 2019,6 Kandis Link #01-XX,6 Kandis Link,2,1306,956200,Condominium,99 Yrs From 11/07/2016,New Sale,732,68.005,Strata,HDB,URA,not_clean,https://www.edgeprop.sg/condo-apartment/kandis-residence,kandis-residence
KANDIS RESIDENCE,SEMBAWANG,27,21 Aug 2019,6 Kandis Link #04-XX,6 Kandis Link,3,1292,1209900,Condominium,99 Yrs From 11/07/2016,New Sale,936,86.957,Strata,HDB,URA,not_clean,https://www.edgeprop.sg/condo-apartment/kandis-residence,kandis-residence
KANDIS RESIDENCE,SEMBAWANG,27,18 Aug 2019,6 Kandis Link #03-XX,6 Kandis Link,3,1244,1165000,Condominium,99 Yrs From 11/07/2016,New Sale,936,86.957,Strata,HDB,URA,not_clean,https://www.edgeprop.sg/condo-apartment/kandis-residence,kandis-residence
KANDIS RESIDENCE,SEMBAWANG,27,16 Aug 2019,8 Kandis Link #06-XX,8 Kandis Link,2,1237,985600,Condominium,99 Yrs From 11/07/2016,New Sale,797,74.044,Strata,HDB,URA,not_clean,https://www.edgeprop.sg/condo-apartment/kandis-residence,kandis-residence
KANDIS RESIDENCE,SEMBAWANG,27,6 Aug 2019,6 Kandis Link #03-XX,6 Kandis Link,2,1266,926700,Condominium,99 Yrs From 11/07/2016,New Sale,732,68.005,Strata,HDB,URA,not_clean,https://www.edgeprop.sg/condo-apartment/kandis-residence,kandis-residence
KANDIS RESIDENCE,SEMBAWANG,27,6 Aug 2019,6 Kandis Link #06-XX,6 Kandis Link,2,1296,948600,Condominium,99 Yrs From 11/07/2016,New Sale,732,68.005,Strata,HDB,URA,not_clean,https://www.edgeprop.sg/condo-apartment/kandis-residence,kandis-residence
KANDIS RESIDENCE,SEMBAWANG,27,27 Jul 2019,8 Kandis Link #07-XX,8 Kandis Link,2,1300,1049500,Condominium,99 Yrs From 11/07/2016,New Sale,807,74.973,Strata,HDB,URA,not_clean,https://www.edgeprop.sg/condo-apartment/kandis-residence,kandis-residence
KANDIS RESIDENCE,SEMBAWANG,27,9 Jul 2019,2 Kandis Link #01-XX,2 Kandis Link,2,1338,1080200,Condominium,99 Yrs From 11/07/2016,New Sale,807,74.973,Strata,HDB,URA,not_clean,https://www.edgeprop.sg/condo-apartment/kandis-residence,kandis-residence
KANDIS RESIDENCE,SEMBAWANG,27,6 Jul 2019,2 Kandis Link #06-XX,2 Kandis Link,2,1243,990400,Condominium,99 Yrs From 11/07/2016,New Sale,797,74.044,Strata,HDB,URA,not_clean,https://www.edgeprop.sg/condo-apartment/kandis-residence,kandis-residence
KANDIS RESIDENCE,SEMBAWANG,27,27 Jun 2019,6 Kandis Link #04-XX,6 Kandis Link,3,1286,1204400,Condominium,99 Yrs From 11/07/2016,New Sale,936,86.957,Strata,HDB,URA,not_clean,https://www.edgeprop.sg/condo-apartment/kandis-residence,kandis-residence
KANDIS RESIDENCE,SEMBAWANG,27,26 Jun 2019,2 Kandis Link #02-XX,2 Kandis Link,3,1256,1298000,Condominium,99 Yrs From 11/07/2016,New Sale,1033,95.969,Strata,HDB,URA,not_clean,https://www.edgeprop.sg/condo-apartment/kandis-residence,kandis-residence
KANDIS RESIDENCE,SEMBAWANG,27,21 Jun 2019,2 Kandis Link #06-XX,2 Kandis Link,3,1325,1368700,Condominium,99 Yrs From 11/07/2016,New Sale,1033,95.969,Strata,HDB,URA,not_clean,https://www.edgeprop.sg/condo-apartment/kandis-residence,kandis-residence
KANDIS RESIDENCE,SEMBAWANG,27,20 Jun 2019,2 Kandis Link #03-XX,2 Kandis Link,3,1221,1262000,Condominium,99 Yrs From 11/07/2016,New Sale,1033,95.969,Strata,Private,URA,not_clean,https://www.edgeprop.sg/condo-apartment/kandis-residence,kandis-residence
KANDIS RESIDENCE,SEMBAWANG,27,20 Jun 2019,8 Kandis Link #04-XX,8 Kandis Link,2,1204,920000,Condominium,99 Yrs From 11/07/2016,New Sale,764,70.978,Strata,HDB,URA,not_clean,https://www.edgeprop.sg/condo-apartment/kandis-residence,kandis-residence
KANDIS RESIDENCE,SEMBAWANG,27,19 Jun 2019,2 Kandis Link #05-XX,2 Kandis Link,3,1280,1323000,Condominium,99 Yrs From 11/07/2016,New Sale,1033,95.969,Strata,Private,URA,not_clean,https://www.edgeprop.sg/condo-apartment/kandis-residence,kandis-residence
KANDIS RESIDENCE,SEMBAWANG,27,4 Jun 2019,8 Kandis Link #07-XX,8 Kandis Link,2,1323,1025500,Condominium,99 Yrs From 11/07/2016,New Sale,775,72.0,Strata,HDB,URA,not_clean,https://www.edgeprop.sg/condo-apartment/kandis-residence,kandis-residence
KANDIS RESIDENCE,SEMBAWANG,27,3 Jun 2019,6 Kandis Link #05-XX,6 Kandis Link,3,1295,1212700,Condominium,99 Yrs From 11/07/2016,New Sale,936,86.957,Strata,HDB,URA,not_clean,https://www.edgeprop.sg/condo-apartment/kandis-residence,kandis-residence
KANDIS RESIDENCE,SEMBAWANG,27,26 May 2019,6 Kandis Link #05-XX,6 Kandis Link,3,1275,1193900,Condominium,99 Yrs From 11/07/2016,New Sale,936,86.957,Strata,HDB,URA,not_clean,https://www.edgeprop.sg/condo-apartment/kandis-residence,kandis-residence
KANDIS RESIDENCE,SEMBAWANG,27,30 Apr 2019,2 Kandis Link #04-XX,2 Kandis Link,3,1272,1314600,Condominium,99 Yrs From 11/07/2016,New Sale,1033,95.969,Strata,Private,URA,not_clean,https://www.edgeprop.sg/condo-apartment/kandis-residence,kandis-residence
KANDIS RESIDENCE,SEMBAWANG,27,8 Apr 2019,2 Kandis Link #01-XX,2 Kandis Link,3,1300,1343000,Condominium,99 Yrs From 11/07/2016,New Sale,1033,95.969,Strata,HDB,URA,not_clean,https://www.edgeprop.sg/condo-apartment/kandis-residence,kandis-residence
KANDIS RESIDENCE,SEMBAWANG,27,8 Apr 2019,6 Kandis Link #03-XX,6 Kandis Link,2,1240,907800,Condominium,99 Yrs From 11/07/2016,New Sale,732,68.005,Strata,HDB,URA,not_clean,https://www.edgeprop.sg/condo-apartment/kandis-residence,kandis-residence
KANDIS RESIDENCE,SEMBAWANG,27,29 Mar 2019,8 Kandis Link #01-XX,8 Kandis Link,2,1257,960600,Condominium,99 Yrs From 11/07/2016,New Sale,764,70.978,Strata,HDB,URA,not_clean,https://www.edgeprop.sg/condo-apartment/kandis-residence,kandis-residence
KANDIS RESIDENCE,SEMBAWANG,27,11 Mar 2019,8 Kandis Link #03-XX,8 Kandis Link,2,1213,940200,Condominium,99 Yrs From 11/07/2016,New Sale,775,72.0,Strata,HDB,URA,not_clean,https://www.edgeprop.sg/condo-apartment/kandis-residence,kandis-residence
KANDIS RESIDENCE,SEMBAWANG,27,25 Jan 2019,2 Kandis Link #01-XX,2 Kandis Link,2,1238,946300,Condominium,99 Yrs From 11/07/2016,New Sale,764,70.978,Strata,HDB,URA,not_clean,https://www.edgeprop.sg/condo-apartment/kandis-residence,kandis-residence
KANDIS RESIDENCE,SEMBAWANG,27,25 Jan 2019,6 Kandis Link #06-XX,6 Kandis Link,3,1296,1214000,Condominium,99 Yrs From 11/07/2016,New Sale,936,86.957,Strata,Private,URA,not_clean,https://www.edgeprop.sg/condo-apartment/kandis-residence,kandis-residence
KANDIS RESIDENCE,SEMBAWANG,27,14 Jan 2019,8 Kandis Link #04-XX,8 Kandis Link,2,1207,922500,Condominium,99 Yrs From 11/07/2016,New Sale,764,70.978,Strata,HDB,URA,not_clean,https://www.edgeprop.sg/condo-apartment/kandis-residence,kandis-residence
KANDIS RESIDENCE,SEMBAWANG,27,12 Jan 2019,2 Kandis Link #02-XX,2 Kandis Link,3,1275,1166200,Condominium,99 Yrs From 11/07/2016,New Sale,915,85.006,Strata,HDB,URA,not_clean,https://www.edgeprop.sg/condo-apartment/kandis-residence,kandis-residence
ORCHID PARK CONDOMINIUM,YISHUN,27,19 May 2026,89 YISHUN STREET 81 #10-XX,89 YISHUN STREET 81,2,970,950000,Condominium,99 Yrs From 01/09/1991,Resale,980,91.045,Strata,HDB,URA,not_clean,https://www.edgeprop.sg/condo-apartment/orchid-park-condominium,orchid-park-condominium
ORCHID PARK CONDOMINIUM,YISHUN,27,13 Mar 2026,81 YISHUN STREET 81 #07-XX,81 YISHUN STREET 81,2,1023,980000,Condominium,99 Yrs From 01/09/1991,Resale,958,89.001,Strata,HDB,URA,not_clean,https://www.edgeprop.sg/condo-apartment/orchid-park-condominium,orchid-park-condominium
ORCHID PARK CONDOMINIUM,YISHUN,27,23 Feb 2026,97 YISHUN STREET 81 #10-XX,97 YISHUN STREET 81,3,996,1190000,Condominium,99 Yrs From 01/09/1991,Resale,1195,111.019,Strata,Private,URA,not_clean,https://www.edgeprop.sg/condo-apartment/orchid-park-condominium,orchid-park-condominium
ORCHID PARK CONDOMINIUM,YISHUN,27,6 Feb 2026,83 YISHUN STREET 81 #03-XX,83 YISHUN STREET 81,3,881,1100000,Condominium,99 Yrs From 01/09/1991,Resale,1249,116.036,Strata,HDB,URA,not_clean,https://www.edgeprop.sg/condo-apartment/orchid-park-condominium,orchid-park-condominium
ORCHID PARK CONDOMINIUM,YISHUN,27,2 Feb 2026,81 YISHUN STREET 81 #01-XX,81 YISHUN STREET 81,2,1005,963000,Condominium,99 Yrs From 01/09/1991,Resale,958,89.001,Strata,Private,URA,not_clean,https://www.edgeprop.sg/condo-apartment/orchid-park-condominium,orchid-park-condominium
ORCHID PARK CONDOMINIUM,YISHUN,27,23 Jan 2026,89 YISHUN STREET 81 #07-XX,89 YISHUN STREET 81,3,1025,1280000,Condominium,99 Yrs From 01/09/1991,Resale,1249,116.036,Strata,Private,URA,not_clean,https://www.edgeprop.sg/condo-apartment/orchid-park-condominium,orchid-park-condominium
ORCHID PARK CONDOMINIUM,YISHUN,27,21 Jan 2026,89 YISHUN STREET 81 #10-XX,89 YISHUN STREET 81,3,1027,1172000,Condominium,99 Yrs From 01/09/1991,Resale,1141,106.002,Strata,Private,URA,not_clean,https://www.edgeprop.sg/condo-apartment/orchid-park-condominium,orchid-park-condominium
ORCHID PARK CONDOMINIUM,YISHUN,27,5 Dec 2025,83 YISHUN STREET 81 #07-XX,83 YISHUN STREET 81,2,1047,935000,Condominium,99 Yrs From 01/09/1991,Resale,893,82.962,Strata,Private,URA,not_clean,https://www.edgeprop.sg/condo-apartment/orchid-park-condominium,orchid-park-condominium
ORCHID PARK CONDOMINIUM,YISHUN,27,3 Dec 2025,89 YISHUN STREET 81 #10-XX,89 YISHUN STREET 81,2,1063,950000,Condominium,99 Yrs From 01/09/1991,Resale,893,82.962,Strata,Private,URA,not_clean,https://www.edgeprop.sg/condo-apartment/orchid-park-condominium,orchid-park-condominium
ORCHID PARK CONDOMINIUM,YISHUN,27,2 Dec 2025,83 YISHUN STREET 81 #10-XX,83 YISHUN STREET 81,3,1113,1390000,Condominium,99 Yrs From 01/09/1991,Resale,1249,116.036,Strata,Private,URA,not_clean,https://www.edgeprop.sg/condo-apartment/orchid-park-condominium,orchid-park-condominium
ORCHID PARK CONDOMINIUM,YISHUN,27,20 Nov 2025,81 YISHUN STREET 81 #04-XX,81 YISHUN STREET 81,2,1013,970000,Condominium,99 Yrs From 01/09/1991,Resale,958,89.001,Strata,HDB,URA,not_clean,https://www.edgeprop.sg/condo-apartment/orchid-park-condominium,orchid-park-condominium
ORCHID PARK CONDOMINIUM,YISHUN,27,12 Nov 2025,83 YISHUN STREET 81 #01-XX,83 YISHUN STREET 81,3,1017,1160000,Condominium,99 Yrs From 01/09/1991,Resale,1141,106.002,Strata,HDB,URA,not_clean,https://www.edgeprop.sg/condo-apartment/orchid-park-condominium,orchid-park-condominium
ORCHID PARK CONDOMINIUM,YISHUN,27,19 Sep 2025,85 YISHUN STREET 81 #07-XX,85 YISHUN STREET 81,2,1065,1020000,Condominium,99 Yrs From 01/09/1991,Resale,958,89.001,Strata,HDB,URA,not_clean,https://www.edgeprop.sg/condo-apartment/orchid-park-condominium,orchid-park-condominium
ORCHID PARK CONDOMINIUM,YISHUN,27,5 Sep 2025,85 YISHUN STREET 81 #05-XX,85 YISHUN STREET 81,2,1023,980000,Condominium,99 Yrs From 01/09/1991,Resale,958,89.001,Strata,Private,URA,not_clean,https://www.edgeprop.sg/condo-apartment/orchid-park-condominium,orchid-park-condominium
ORCHID PARK CONDOMINIUM,YISHUN,27,1 Sep 2025,83 YISHUN STREET 81 #08-XX,83 YISHUN STREET 81,3,1108,1383000,Condominium,99 Yrs From 01/09/1991,Resale,1249,116.036,Strata,Private,URA,not_clean,https://www.edgeprop.sg/condo-apartment/orchid-park-condominium,orchid-park-condominium
ORCHID PARK CONDOMINIUM,YISHUN,27,21 Aug 2025,89 YISHUN STREET 81 #11-XX,89 YISHUN STREET 81,4,1113,1928000,Condominium,99 Yrs From 01/09/1991,Resale,1733,161.001,Strata,HDB,URA,not_clean,https://www.edgeprop.sg/condo-apartment/orchid-park-condominium,orchid-park-condominium
ORCHID PARK CONDOMINIUM,YISHUN,27,29 Jul 2025,97 Yishun Street 81 #01-XX,97 Yishun Street 81,2,976,935000,Condominium,99 Yrs From 01/09/1991,Resale,958,89.001,Strata,Private,URA,not_clean,https://www.edgeprop.sg/condo-apartment/orchid-park-condominium,orchid-park-condominium
ORCHID PARK CONDOMINIUM,YISHUN,27,23 Jul 2025,81 Yishun Street 81 #11-XX,81 Yishun Street 81,4,1011,1850000,Condominium,99 Yrs From 01/09/1991,Resale,1830,170.013,Strata,HDB,URA,not_clean,https://www.edgeprop.sg/condo-apartment/orchid-park-condominium,orchid-park-condominium
ORCHID PARK CONDOMINIUM,YISHUN,27,16 Jul 2025,97 YISHUN STREET 81 #02-XX,97 YISHUN STREET 81,2,971,930000,Condominium,99 Yrs From 01/09/1991,Resale,958,89.001,Strata,Private,URA,not_clean,https://www.edgeprop.sg/condo-apartment/orchid-park-condominium,orchid-park-condominium
ORCHID PARK CONDOMINIUM,YISHUN,27,25 Jun 2025,97 Yishun Street 81 #05-XX,97 Yishun Street 81,3,1045,1248000,Condominium,99 Yrs From 01/09/1991,Resale,1195,111.019,Strata,Private,URA,not_clean,https://www.edgeprop.sg/condo-apartment/orchid-park-condominium,orchid-park-condominium
ORCHID PARK CONDOMINIUM,YISHUN,27,24 Jun 2025,87 Yishun Street 81 #01-XX,87 Yishun Street 81,2,971,930000,Condominium,99 Yrs From 01/09/1991,Resale,958,89.001,Strata,Private,URA,not_clean,https://www.edgeprop.sg/condo-apartment/orchid-park-condominium,orchid-park-condominium
ORCHID PARK CONDOMINIUM,YISHUN,27,10 Jun 2025,93 Yishun Street 81 #06-XX,93 Yishun Street 81,2,1044,910000,Condominium,99 Yrs From 01/09/1991,Resale,872,81.011,Strata,Private,URA,not_clean,https://www.edgeprop.sg/condo-apartment/orchid-park-condominium,orchid-park-condominium
ORCHID PARK CONDOMINIUM,YISHUN,27,2 Jun 2025,87 Yishun Street 81 #04-XX,87 Yishun Street 81,2,971,930000,Condominium,99 Yrs From 01/09/1991,Resale,958,89.001,Strata,HDB,URA,not_clean,https://www.edgeprop.sg/condo-apartment/orchid-park-condominium,orchid-park-condominium
ORCHID PARK CONDOMINIUM,YISHUN,27,26 May 2025,89 Yishun Street 81 #02-XX,89 Yishun Street 81,3,957,1195000,Condominium,99 Yrs From 01/09/1991,Resale,1249,116.036,Strata,Private,URA,not_clean,https://www.edgeprop.sg/condo-apartment/orchid-park-condominium,orchid-park-condominium
ORCHID PARK CONDOMINIUM,YISHUN,27,24 Apr 2025,97 Yishun Street 81 #10-XX,97 Yishun Street 81,2,1044,1000000,Condominium,99 Yrs From 01/09/1991,Resale,958,89.001,Strata,Private,URA,not_clean,https://www.edgeprop.sg/condo-apartment/orchid-park-condominium,orchid-park-condominium
ORCHID PARK CONDOMINIUM,YISHUN,27,20 Mar 2025,95 Yishun Street 81 #06-XX,95 Yishun Street 81,3,1052,1200000,Condominium,99 Yrs From 01/09/1991,Resale,1141,106.002,Strata,HDB,URA,not_clean,https://www.edgeprop.sg/condo-apartment/orchid-park-condominium,orchid-park-condominium
ORCHID PARK CONDOMINIUM,YISHUN,27,20 Feb 2025,87 Yishun Street 81 #09-XX,87 Yishun Street 81,3,1095,1308888,Condominium,99 Yrs From 01/09/1991,Resale,1195,111.019,Strata,HDB,URA,not_clean,https://www.edgeprop.sg/condo-apartment/orchid-park-condominium,orchid-park-condominium
ORCHID PARK CONDOMINIUM,YISHUN,27,17 Feb 2025,89 Yishun Street 81 #04-XX,89 Yishun Street 81,3,1021,1165000,Condominium,99 Yrs From 01/09/1991,Resale,1141,106.002,Strata,HDB,URA,not_clean,https://www.edgeprop.sg/condo-apartment/orchid-park-condominium,orchid-park-condominium
ORCHID PARK CONDOMINIUM,YISHUN,27,17 Feb 2025,85 Yishun Street 81 #01-XX,85 Yishun Street 81,2,950,910000,Condominium,99 Yrs From 01/09/1991,Resale,958,89.001,Strata,Private,URA,not_clean,https://www.edgeprop.sg/condo-apartment/orchid-park-condominium,orchid-park-condominium
ORCHID PARK CONDOMINIUM,YISHUN,27,12 Feb 2025,81 Yishun Street 81 #10-XX,81 Yishun Street 81,2,1023,980000,Condominium,99 Yrs From 01/09/1991,Resale,958,89.001,Strata,HDB,URA,not_clean,https://www.edgeprop.sg/condo-apartment/orchid-park-condominium,orchid-park-condominium
ORCHID PARK CONDOMINIUM,YISHUN,27,22 Jan 2025,97 Yishun Street 81 #03-XX,97 Yishun Street 81,2,960,920000,Condominium,99 Yrs From 01/09/1991,Resale,958,89.001,Strata,Private,URA,not_clean,https://www.edgeprop.sg/condo-apartment/orchid-park-condominium,orchid-park-condominium
ORCHID PARK CONDOMINIUM,YISHUN,27,9 Jan 2025,85 Yishun Street 81 #06-XX,85 Yishun Street 81,3,954,1150000,Condominium,99 Yrs From 01/09/1991,Resale,1206,112.041,Strata,Private,URA,not_clean,https://www.edgeprop.sg/condo-apartment/orchid-park-condominium,orchid-park-condominium
ORCHID PARK CONDOMINIUM,YISHUN,27,18 Dec 2024,89 Yishun Street 81 #01-XX,89 Yishun Street 81,2,951,932000,Condominium,99 Yrs From 01/09/1991,Resale,980,91.045,Strata,HDB,URA,not_clean,https://www.edgeprop.sg/condo-apartment/orchid-park-condominium,orchid-park-condominium
ORCHID PARK CONDOMINIUM,YISHUN,27,4 Dec 2024,93 Yishun Street 81 #06-XX,93 Yishun Street 81,3,1094,1260000,Condominium,99 Yrs From 01/09/1991,Resale,1152,107.024,Strata,Private,URA,not_clean,https://www.edgeprop.sg/condo-apartment/orchid-park-condominium,orchid-park-condominium
ORCHID PARK CONDOMINIUM,YISHUN,27,29 Nov 2024,83 Yishun Street 81 #01-XX,83 Yishun Street 81,3,954,1088000,Condominium,99 Yrs From 01/09/1991,Resale,1141,106.002,Strata,Private,URA,not_clean,https://www.edgeprop.sg/condo-apartment/orchid-park-condominium,orchid-park-condominium
ORCHID PARK CONDOMINIUM,YISHUN,27,28 Nov 2024,93 Yishun Street 81 #01-XX,93 Yishun Street 81,3,945,1180000,Condominium,99 Yrs From 01/09/1991,Resale,1249,116.036,Strata,HDB,URA,not_clean,https://www.edgeprop.sg/condo-apartment/orchid-park-condominium,orchid-park-condominium
ORCHID PARK CONDOMINIUM,YISHUN,27,27 Nov 2024,87 Yishun Street 81 #09-XX,87 Yishun Street 81,2,1013,970000,Condominium,99 Yrs From 01/09/1991,Resale,958,89.001,Strata,Private,URA,not_clean,https://www.edgeprop.sg/condo-apartment/orchid-park-condominium,orchid-park-condominium
ORCHID PARK CONDOMINIUM,YISHUN,27,25 Nov 2024,93 Yishun Street 81 #07-XX,93 Yishun Street 81,2,975,955000,Condominium,99 Yrs From 01/09/1991,Resale,980,91.045,Strata,Private,URA,not_clean,https://www.edgeprop.sg/condo-apartment/orchid-park-condominium,orchid-park-condominium
ORCHID PARK CONDOMINIUM,YISHUN,27,20 Nov 2024,83 Yishun Street 81 #06-XX,83 Yishun Street 81,3,949,1185000,Condominium,99 Yrs From 01/09/1991,Resale,1249,116.036,Strata,HDB,URA,not_clean,https://www.edgeprop.sg/condo-apartment/orchid-park-condominium,orchid-park-condominium
ORCHID PARK CONDOMINIUM,YISHUN,27,11 Nov 2024,87 Yishun Street 81 #01-XX,87 Yishun Street 81,2,985,944000,Condominium,99 Yrs From 01/09/1991,Resale,958,89.001,Strata,Private,URA,not_clean,https://www.edgeprop.sg/condo-apartment/orchid-park-condominium,orchid-park-condominium
ORCHID PARK CONDOMINIUM,YISHUN,27,11 Nov 2024,87 Yishun Street 81 #08-XX,87 Yishun Street 81,2,1013,970000,Condominium,99 Yrs From 01/09/1991,Resale,958,89.001,Strata,HDB,URA,not_clean,https://www.edgeprop.sg/condo-apartment/orchid-park-condominium,orchid-park-condominium
ORCHID PARK CONDOMINIUM,YISHUN,27,8 Nov 2024,83 Yishun Street 81 #04-XX,83 Yishun Street 81,2,1015,885000,Condominium,99 Yrs From 01/09/1991,Resale,872,81.011,Strata,Private,URA,not_clean,https://www.edgeprop.sg/condo-apartment/orchid-park-condominium,orchid-park-condominium
ORCHID PARK CONDOMINIUM,YISHUN,27,17 Oct 2024,81 Yishun Street 81 #05-XX,81 Yishun Street 81,2,984,943000,Condominium,99 Yrs From 01/09/1991,Resale,958,89.001,Strata,HDB,URA,not_clean,https://www.edgeprop.sg/condo-apartment/orchid-park-condominium,orchid-park-condominium
ORCHID PARK CONDOMINIUM,YISHUN,27,11 Oct 2024,85 Yishun Street 81 #05-XX,85 Yishun Street 81,2,960,920000,Condominium,99 Yrs From 01/09/1991,Resale,958,89.001,Strata,HDB,URA,not_clean,https://www.edgeprop.sg/condo-apartment/orchid-park-condominium,orchid-park-condominium
ORCHID PARK CONDOMINIUM,YISHUN,27,30 Sep 2024,83 Yishun Street 81 #09-XX,83 Yishun Street 81,3,1041,1188000,Condominium,99 Yrs From 01/09/1991,Resale,1141,106.002,Strata,HDB,URA,not_clean,https://www.edgeprop.sg/condo-apartment/orchid-park-condominium,orchid-park-condominium
ORCHID PARK CONDOMINIUM,YISHUN,27,18 Sep 2024,93 Yishun Street 81 #05-XX,93 Yishun Street 81,3,999,1140000,Condominium,99 Yrs From 01/09/1991,Resale,1141,106.002,Strata,HDB,URA,not_clean,https://www.edgeprop.sg/condo-apartment/orchid-park-condominium,orchid-park-condominium
ORCHID PARK CONDOMINIUM,YISHUN,27,18 Sep 2024,89 Yishun Street 81 #02-XX,89 Yishun Street 81,2,979,875000,Condominium,99 Yrs From 01/09/1991,Resale,893,82.962,Strata,Private,URA,not_clean,https://www.edgeprop.sg/condo-apartment/orchid-park-condominium,orchid-park-condominium
ORCHID PARK CONDOMINIUM,YISHUN,27,11 Sep 2024,83 Yishun Street 81 #05-XX,83 Yishun Street 81,2,929,830000,Condominium,99 Yrs From 01/09/1991,Resale,893,82.962,Strata,HDB,URA,not_clean,https://www.edgeprop.sg/condo-apartment/orchid-park-condominium,orchid-park-condominium
ORCHID PARK CONDOMINIUM,YISHUN,27,9 Sep 2024,89 Yishun Street 81 #10-XX,89 Yishun Street 81,3,961,1200000,Condominium,99 Yrs From 01/09/1991,Resale,1249,116.036,Strata,Private,URA,not_clean,https://www.edgeprop.sg/condo-apartment/orchid-park-condominium,orchid-park-condominium
ORCHID PARK CONDOMINIUM,YISHUN,27,28 Aug 2024,89 Yishun Street 81 #04-XX,89 Yishun Street 81,3,982,1120000,Condominium,99 Yrs From 01/09/1991,Resale,1141,106.002,Strata,HDB,URA,not_clean,https://www.edgeprop.sg/condo-apartment/orchid-park-condominium,orchid-park-condominium
ORCHID PARK CONDOMINIUM,YISHUN,27,23 Aug 2024,85 Yishun Street 81 #11-XX,85 Yishun Street 81,4,978,1790008,Condominium,99 Yrs From 01/09/1991,Resale,1830,170.013,Strata,Private,URA,not_clean,https://www.edgeprop.sg/condo-apartment/orchid-park-condominium,orchid-park-condominium
ORCHID PARK CONDOMINIUM,YISHUN,27,15 Aug 2024,93 Yishun Street 81 #11-XX,93 Yishun Street 81,4,1029,1728000,Condominium,99 Yrs From 01/09/1991,Resale,1679,155.984,Strata,HDB,URA,not_clean,https://www.edgeprop.sg/condo-apartment/orchid-park-condominium,orchid-park-condominium
ORCHID PARK CONDOMINIUM,YISHUN,27,18 Jun 2024,97 Yishun Street 81 #09-XX,97 Yishun Street 81,3,1004,1200000,Condominium,99 Yrs From 01/09/1991,Resale,1195,111.019,Strata,HDB,URA,not_clean,https://www.edgeprop.sg/condo-apartment/orchid-park-condominium,orchid-park-condominium
ORCHID PARK CONDOMINIUM,YISHUN,27,21 May 2024,95 Yishun Street 81 #11-XX,95 Yishun Street 81,4,1084,1750000,Condominium,99 Yrs From 01/09/1991,Resale,1615,150.038,Strata,Private,URA,not_clean,https://www.edgeprop.sg/condo-apartment/orchid-park-condominium,orchid-park-condominium
ORCHID PARK CONDOMINIUM,YISHUN,27,30 Apr 2024,89 Yishun Street 81 #02-XX,89 Yishun Street 81,2,929,910000,Condominium,99 Yrs From 01/09/1991,Resale,980,91.045,Strata,Private,URA,not_clean,https://www.edgeprop.sg/condo-apartment/orchid-park-condominium,orchid-park-condominium
ORCHID PARK CONDOMINIUM,YISHUN,27,8 Mar 2024,95 Yishun Street 81 #02-XX,95 Yishun Street 81,2,975,850000,Condominium,99 Yrs From 01/09/1991,Resale,872,81.011,Strata,HDB,URA,not_clean,https://www.edgeprop.sg/condo-apartment/orchid-park-condominium,orchid-park-condominium
ORCHID PARK CONDOMINIUM,YISHUN,27,26 Feb 2024,85 Yishun Street 81 #02-XX,85 Yishun Street 81,3,921,1110000,Condominium,99 Yrs From 01/09/1991,Resale,1206,112.041,Strata,HDB,URA,not_clean,https://www.edgeprop.sg/condo-apartment/orchid-park-condominium,orchid-park-condominium
ORCHID PARK CONDOMINIUM,YISHUN,27,8 Jan 2024,85 Yishun Street 81 #01-XX,85 Yishun Street 81,2,979,938000,Condominium,99 Yrs From 01/09/1991,Resale,958,89.001,Strata,HDB,URA,not_clean,https://www.edgeprop.sg/condo-apartment/orchid-park-condominium,orchid-park-condominium
ORCHID PARK CONDOMINIUM,YISHUN,27,7 Dec 2023,87 Yishun Street 81 #11-XX,87 Yishun Street 81,4,1050,1650000,Condominium,99 Yrs From 01/09/1991,Resale,1572,146.044,Strata,Private,URA,not_clean,https://www.edgeprop.sg/condo-apartment/orchid-park-condominium,orchid-park-condominium
ORCHID PARK CONDOMINIUM,YISHUN,27,30 Nov 2023,95 Yishun Street 81 #02-XX,95 Yishun Street 81,2,940,820000,Condominium,99 Yrs From 01/09/1991,Resale,872,81.011,Strata,HDB,URA,not_clean,https://www.edgeprop.sg/condo-apartment/orchid-park-condominium,orchid-park-condominium
ORCHID PARK CONDOMINIUM,YISHUN,27,24 Nov 2023,85 Yishun Street 81 #07-XX,85 Yishun Street 81,3,896,1080000,Condominium,99 Yrs From 01/09/1991,Resale,1206,112.041,Strata,Private,URA,not_clean,https://www.edgeprop.sg/condo-apartment/orchid-park-condominium,orchid-park-condominium
ORCHID PARK CONDOMINIUM,YISHUN,27,23 Nov 2023,93 Yishun Street 81 #03-XX,93 Yishun Street 81,3,1008,1150000,Condominium,99 Yrs From 01/09/1991,Resale,1141,106.002,Strata,Private,URA,not_clean,https://www.edgeprop.sg/condo-apartment/orchid-park-condominium,orchid-park-condominium
ORCHID PARK CONDOMINIUM,YISHUN,27,22 Nov 2023,85 Yishun Street 81 #07-XX,85 Yishun Street 81,2,997,955000,Condominium,99 Yrs From 01/09/1991,Resale,958,89.001,Strata,Private,URA,not_clean,https://www.edgeprop.sg/condo-apartment/orchid-park-condominium,orchid-park-condominium
ORCHID PARK CONDOMINIUM,YISHUN,27,17 Nov 2023,93 Yishun Street 81 #10-XX,93 Yishun Street 81,2,1009,880000,Condominium,99 Yrs From 01/09/1991,Resale,872,81.011,Strata,Private,URA,not_clean,https://www.edgeprop.sg/condo-apartment/orchid-park-condominium,orchid-park-condominium
ORCHID PARK CONDOMINIUM,YISHUN,27,14 Nov 2023,87 Yishun Street 81 #03-XX,87 Yishun Street 81,2,928,888888,Condominium,99 Yrs From 01/09/1991,Resale,958,89.001,Strata,Private,URA,not_clean,https://www.edgeprop.sg/condo-apartment/orchid-park-condominium,orchid-park-condominium
ORCHID PARK CONDOMINIUM,YISHUN,27,9 Nov 2023,93 Yishun Street 81 #11-XX,93 Yishun Street 81,4,912,1650000,Condominium,99 Yrs From 01/09/1991,Resale,1808,167.969,Strata,Private,URA,not_clean,https://www.edgeprop.sg/condo-apartment/orchid-park-condominium,orchid-park-condominium
ORCHID PARK CONDOMINIUM,YISHUN,27,8 Nov 2023,81 Yishun Street 81 #03-XX,81 Yishun Street 81,3,963,1150000,Condominium,99 Yrs From 01/09/1991,Resale,1195,111.019,Strata,Private,URA,not_clean,https://www.edgeprop.sg/condo-apartment/orchid-park-condominium,orchid-park-condominium
ORCHID PARK CONDOMINIUM,YISHUN,27,1 Nov 2023,93 Yishun Street 81 #08-XX,93 Yishun Street 81,3,1007,1160000,Condominium,99 Yrs From 01/09/1991,Resale,1152,107.024,Strata,Private,URA,not_clean,https://www.edgeprop.sg/condo-apartment/orchid-park-condominium,orchid-park-condominium
ORCHID PARK CONDOMINIUM,YISHUN,27,19 Sep 2023,83 Yishun Street 81 #10-XX,83 Yishun Street 81,2,963,860000,Condominium,99 Yrs From 01/09/1991,Resale,893,82.962,Strata,Private,URA,not_clean,https://www.edgeprop.sg/condo-apartment/orchid-park-condominium,orchid-park-condominium
ORCHID PARK CONDOMINIUM,YISHUN,27,7 Sep 2023,89 Yishun Street 81 #04-XX,89 Yishun Street 81,3,855,1068000,Condominium,99 Yrs From 01/09/1991,Resale,1249,116.036,Strata,HDB,URA,not_clean,https://www.edgeprop.sg/condo-apartment/orchid-park-condominium,orchid-park-condominium
ORCHID PARK CONDOMINIUM,YISHUN,27,31 Aug 2023,93 Yishun Street 81 #08-XX,93 Yishun Street 81,3,961,1200000,Condominium,99 Yrs From 01/09/1991,Resale,1249,116.036,Strata,HDB,URA,not_clean,https://www.edgeprop.sg/condo-apartment/orchid-park-condominium,orchid-park-condominium
ORCHID PARK CONDOMINIUM,YISHUN,27,15 Aug 2023,93 Yishun Street 81 #08-XX,93 Yishun Street 81,3,992,1238888,Condominium,99 Yrs From 01/09/1991,Resale,1249,116.036,Strata,Private,URA,not_clean,https://www.edgeprop.sg/condo-apartment/orchid-park-condominium,orchid-park-condominium
ORCHID PARK CONDOMINIUM,YISHUN,27,11 Aug 2023,93 Yishun Street 81 #06-XX,93 Yishun Street 81,3,921,1150000,Condominium,99 Yrs From 01/09/1991,Resale,1249,116.036,Strata,HDB,URA,not_clean,https://www.edgeprop.sg/condo-apartment/orchid-park-condominium,orchid-park-condominium
ORCHID PARK CONDOMINIUM,YISHUN,27,24 Jul 2023,97 Yishun Street 81 #04-XX,97 Yishun Street 81,3,921,1100000,Condominium,99 Yrs From 01/09/1991,Resale,1195,111.019,Strata,Private,URA,not_clean,https://www.edgeprop.sg/condo-apartment/orchid-park-condominium,orchid-park-condominium
ORCHID PARK CONDOMINIUM,YISHUN,27,19 May 2023,89 Yishun Street 81 #03-XX,89 Yishun Street 81,2,919,900000,Condominium,99 Yrs From 01/09/1991,Resale,980,91.045,Strata,Private,URA,not_clean,https://www.edgeprop.sg/condo-apartment/orchid-park-condominium,orchid-park-condominium
ORCHID PARK CONDOMINIUM,YISHUN,27,11 May 2023,95 Yishun Street 81 #04-XX,95 Yishun Street 81,3,933,1065000,Condominium,99 Yrs From 01/09/1991,Resale,1141,106.002,Strata,HDB,URA,not_clean,https://www.edgeprop.sg/condo-apartment/orchid-park-condominium,orchid-park-condominium
ORCHID PARK CONDOMINIUM,YISHUN,27,28 Apr 2023,83 Yishun Street 81 #06-XX,83 Yishun Street 81,3,841,960000,Condominium,99 Yrs From 01/09/1991,Resale,1141,106.002,Strata,Private,URA,not_clean,https://www.edgeprop.sg/condo-apartment/orchid-park-condominium,orchid-park-condominium
ORCHID PARK CONDOMINIUM,YISHUN,27,18 Apr 2023,95 Yishun Street 81 #03-XX,95 Yishun Street 81,3,920,1050000,Condominium,99 Yrs From 01/09/1991,Resale,1141,106.002,Strata,HDB,URA,not_clean,https://www.edgeprop.sg/condo-apartment/orchid-park-condominium,orchid-park-condominium
ORCHID PARK CONDOMINIUM,YISHUN,27,11 Apr 2023,97 Yishun Street 81 #06-XX,97 Yishun Street 81,3,921,1100000,Condominium,99 Yrs From 01/09/1991,Resale,1195,111.019,Strata,Private,URA,not_clean,https://www.edgeprop.sg/condo-apartment/orchid-park-condominium,orchid-park-condominium
ORCHID PARK CONDOMINIUM,YISHUN,27,15 Mar 2023,89 Yishun Street 81 #03-XX,89 Yishun Street 81,2,888,870000,Condominium,99 Yrs From 01/09/1991,Resale,980,91.045,Strata,HDB,URA,not_clean,https://www.edgeprop.sg/condo-apartment/orchid-park-condominium,orchid-park-condominium
ORCHID PARK CONDOMINIUM,YISHUN,27,10 Mar 2023,85 Yishun Street 81 #06-XX,85 Yishun Street 81,2,960,920000,Condominium,99 Yrs From 01/09/1991,Resale,958,89.001,Strata,Private,URA,not_clean,https://www.edgeprop.sg/condo-apartment/orchid-park-condominium,orchid-park-condominium
ORCHID PARK CONDOMINIUM,YISHUN,27,1 Mar 2023,85 Yishun Street 81 #05-XX,85 Yishun Street 81,3,904,1090000,Condominium,99 Yrs From 01/09/1991,Resale,1206,112.041,Strata,Private,URA,not_clean,https://www.edgeprop.sg/condo-apartment/orchid-park-condominium,orchid-park-condominium
ORCHID PARK CONDOMINIUM,YISHUN,27,22 Feb 2023,97 Yishun Street 81 #09-XX,97 Yishun Street 81,2,939,900000,Condominium,99 Yrs From 01/09/1991,Resale,958,89.001,Strata,HDB,URA,not_clean,https://www.edgeprop.sg/condo-apartment/orchid-park-condominium,orchid-park-condominium
ORCHID PARK CONDOMINIUM,YISHUN,27,14 Feb 2023,95 Yishun Street 81 #03-XX,95 Yishun Street 81,2,895,780000,Condominium,99 Yrs From 01/09/1991,Resale,872,81.011,Strata,Private,URA,not_clean,https://www.edgeprop.sg/condo-apartment/orchid-park-condominium,orchid-park-condominium
ORCHID PARK CONDOMINIUM,YISHUN,27,3 Feb 2023,95 Yishun Street 81 #05-XX,95 Yishun Street 81,3,881,1100000,Condominium,99 Yrs From 01/09/1991,Resale,1249,116.036,Strata,Private,URA,not_clean,https://www.edgeprop.sg/condo-apartment/orchid-park-condominium,orchid-park-condominium
ORCHID PARK CONDOMINIUM,YISHUN,27,4 Jan 2023,81 Yishun Street 81 #02-XX,81 Yishun Street 81,2,919,880000,Condominium,99 Yrs From 01/09/1991,Resale,958,89.001,Strata,HDB,URA,not_clean,https://www.edgeprop.sg/condo-apartment/orchid-park-condominium,orchid-park-condominium
ORCHID PARK CONDOMINIUM,YISHUN,27,14 Dec 2022,85 Yishun Street 81 #08-XX,85 Yishun Street 81,2,960,920000,Condominium,99 Yrs From 01/09/1991,Resale,958,89.001,Strata,Private,URA,not_clean,https://www.edgeprop.sg/condo-apartment/orchid-park-condominium,orchid-park-condominium
ORCHID PARK CONDOMINIUM,YISHUN,27,14 Nov 2022,89 Yishun Street 81 #05-XX,89 Yishun Street 81,2,939,920000,Condominium,99 Yrs From 01/09/1991,Resale,980,91.045,Strata,Private,URA,not_clean,https://www.edgeprop.sg/condo-apartment/orchid-park-condominium,orchid-park-condominium
ORCHID PARK CONDOMINIUM,YISHUN,27,3 Nov 2022,85 Yishun Street 81 #11-XX,85 Yishun Street 81,4,888,1395000,Condominium,99 Yrs From 01/09/1991,Resale,1572,146.044,Strata,HDB,URA,not_clean,https://www.edgeprop.sg/condo-apartment/orchid-park-condominium,orchid-park-condominium
ORCHID PARK CONDOMINIUM,YISHUN,27,27 Oct 2022,89 Yishun Street 81 #10-XX,89 Yishun Street 81,2,907,888000,Condominium,99 Yrs From 01/09/1991,Resale,980,91.045,Strata,Private,URA,not_clean,https://www.edgeprop.sg/condo-apartment/orchid-park-condominium,orchid-park-condominium
ORCHID PARK CONDOMINIUM,YISHUN,27,13 Oct 2022,83 Yishun Street 81 #08-XX,83 Yishun Street 81,2,895,780000,Condominium,99 Yrs From 01/09/1991,Resale,872,81.011,Strata,Private,URA,not_clean,https://www.edgeprop.sg/condo-apartment/orchid-park-condominium,orchid-park-condominium
ORCHID PARK CONDOMINIUM,YISHUN,27,12 Oct 2022,89 Yishun Street 81 #10-XX,89 Yishun Street 81,2,846,756000,Condominium,99 Yrs From 01/09/1991,Resale,893,82.962,Strata,Private,URA,not_clean,https://www.edgeprop.sg/condo-apartment/orchid-park-condominium,orchid-park-condominium
ORCHID PARK CONDOMINIUM,YISHUN,27,20 Sep 2022,95 Yishun Street 81 #11-XX,95 Yishun Street 81,4,860,1490000,Condominium,99 Yrs From 01/09/1991,Resale,1733,161.001,Strata,HDB,URA,not_clean,https://www.edgeprop.sg/condo-apartment/orchid-park-condominium,orchid-park-condominium
ORCHID PARK CONDOMINIUM,YISHUN,27,15 Sep 2022,95 Yishun Street 81 #07-XX,95 Yishun Street 81,2,958,835000,Condominium,99 Yrs From 01/09/1991,Resale,872,81.011,Strata,HDB,URA,not_clean,https://www.edgeprop.sg/condo-apartment/orchid-park-condominium,orchid-park-condominium
ORCHID PARK CONDOMINIUM,YISHUN,27,8 Sep 2022,83 Yishun Street 81 #08-XX,83 Yishun Street 81,3,901,1028000,Condominium,99 Yrs From 01/09/1991,Resale,1141,106.002,Strata,HDB,URA,not_clean,https://www.edgeprop.sg/condo-apartment/orchid-park-condominium,orchid-park-condominium
ORCHID PARK CONDOMINIUM,YISHUN,27,2 Sep 2022,95 Yishun Street 81 #03-XX,95 Yishun Street 81,2,900,785000,Condominium,99 Yrs From 01/09/1991,Resale,872,81.011,Strata,Private,URA,not_clean,https://www.edgeprop.sg/condo-apartment/orchid-park-condominium,orchid-park-condominium
ORCHID PARK CONDOMINIUM,YISHUN,27,30 Aug 2022,95 Yishun Street 81 #05-XX,95 Yishun Street 81,3,916,1045000,Condominium,99 Yrs From 01/09/1991,Resale,1141,106.002,Strata,Private,URA,not_clean,https://www.edgeprop.sg/condo-apartment/orchid-park-condominium,orchid-park-condominium
ORCHID PARK CONDOMINIUM,YISHUN,27,29 Aug 2022,85 Yishun Street 81 #05-XX,85 Yishun Street 81,2,934,895000,Condominium,99 Yrs From 01/09/1991,Resale,958,89.001,Strata,Private,URA,not_clean,https://www.edgeprop.sg/condo-apartment/orchid-park-condominium,orchid-park-condominium
ORCHID PARK CONDOMINIUM,YISHUN,27,22 Aug 2022,93 Yishun Street 81 #07-XX,93 Yishun Street 81,3,907,1035000,Condominium,99 Yrs From 01/09/1991,Resale,1141,106.002,Strata,Private,URA,not_clean,https://www.edgeprop.sg/condo-apartment/orchid-park-condominium,orchid-park-condominium
ORCHID PARK CONDOMINIUM,YISHUN,27,19 Aug 2022,89 Yishun Street 81 #09-XX,89 Yishun Street 81,2,856,838000,Condominium,99 Yrs From 01/09/1991,Resale,980,91.045,Strata,HDB,URA,not_clean,https://www.edgeprop.sg/condo-apartment/orchid-park-condominium,orchid-park-condominium
ORCHID PARK CONDOMINIUM,YISHUN,27,15 Aug 2022,81 Yishun Street 81 #06-XX,81 Yishun Street 81,2,887,850000,Condominium,99 Yrs From 01/09/1991,Resale,958,89.001,Strata,HDB,URA,not_clean,https://www.edgeprop.sg/condo-apartment/orchid-park-condominium,orchid-park-condominium
ORCHID PARK CONDOMINIUM,YISHUN,27,22 Jul 2022,85 Yishun Street 81 #02-XX,85 Yishun Street 81,2,892,855000,Condominium,99 Yrs From 01/09/1991,Resale,958,89.001,Strata,Private,URA,not_clean,https://www.edgeprop.sg/condo-apartment/orchid-park-condominium,orchid-park-condominium
ORCHID PARK CONDOMINIUM,YISHUN,27,20 Jul 2022,85 Yishun Street 81 #02-XX,85 Yishun Street 81,3,838,1010000,Condominium,99 Yrs From 01/09/1991,Resale,1206,112.041,Strata,HDB,URA,not_clean,https://www.edgeprop.sg/condo-apartment/orchid-park-condominium,orchid-park-condominium
ORCHID PARK CONDOMINIUM,YISHUN,27,1 Jul 2022,95 Yishun Street 81 #01-XX,95 Yishun Street 81,3,855,1068000,Condominium,99 Yrs From 01/09/1991,Resale,1249,116.036,Strata,Private,URA,not_clean,https://www.edgeprop.sg/condo-apartment/orchid-park-condominium,orchid-park-condominium
ORCHID PARK CONDOMINIUM,YISHUN,27,18 May 2022,93 Yishun Street 81 #06-XX,93 Yishun Street 81,3,825,1030000,Condominium,99 Yrs From 01/09/1991,Resale,1249,116.036,Strata,HDB,URA,not_clean,https://www.edgeprop.sg/condo-apartment/orchid-park-condominium,orchid-park-condominium
ORCHID PARK CONDOMINIUM,YISHUN,27,19 Apr 2022,85 Yishun Street 81 #01-XX,85 Yishun Street 81,2,856,820000,Condominium,99 Yrs From 01/09/1991,Resale,958,89.001,Strata,HDB,URA,not_clean,https://www.edgeprop.sg/condo-apartment/orchid-park-condominium,orchid-park-condominium
ORCHID PARK CONDOMINIUM,YISHUN,27,12 Apr 2022,93 Yishun Street 81 #07-XX,93 Yishun Street 81,3,842,988000,Condominium,99 Yrs From 01/09/1991,Resale,1173,108.975,Strata,HDB,URA,not_clean,https://www.edgeprop.sg/condo-apartment/orchid-park-condominium,orchid-park-condominium
ORCHID PARK CONDOMINIUM,YISHUN,27,4 Apr 2022,81 Yishun Street 81 #04-XX,81 Yishun Street 81,2,846,810000,Condominium,99 Yrs From 01/09/1991,Resale,958,89.001,Strata,HDB,URA,not_clean,https://www.edgeprop.sg/condo-apartment/orchid-park-condominium,orchid-park-condominium
ORCHID PARK CONDOMINIUM,YISHUN,27,25 Mar 2022,93 Yishun Street 81 #08-XX,93 Yishun Street 81,2,817,800000,Condominium,99 Yrs From 01/09/1991,Resale,980,91.045,Strata,HDB,URA,not_clean,https://www.edgeprop.sg/condo-apartment/orchid-park-condominium,orchid-park-condominium
ORCHID PARK CONDOMINIUM,YISHUN,27,16 Feb 2022,85 Yishun Street 81 #01-XX,85 Yishun Street 81,2,818,784000,Condominium,99 Yrs From 01/09/1991,Resale,958,89.001,Strata,Private,URA,not_clean,https://www.edgeprop.sg/condo-apartment/orchid-park-condominium,orchid-park-condominium
ORCHID PARK CONDOMINIUM,YISHUN,27,11 Feb 2022,93 Yishun Street 81 #03-XX,93 Yishun Street 81,2,810,793000,Condominium,99 Yrs From 01/09/1991,Resale,980,91.045,Strata,HDB,URA,not_clean,https://www.edgeprop.sg/condo-apartment/orchid-park-condominium,orchid-park-condominium
ORCHID PARK CONDOMINIUM,YISHUN,27,28 Jan 2022,81 Yishun Street 81 #07-XX,81 Yishun Street 81,2,793,760000,Condominium,99 Yrs From 01/09/1991,Resale,958,89.001,Strata,Private,URA,not_clean,https://www.edgeprop.sg/condo-apartment/orchid-park-condominium,orchid-park-condominium
ORCHID PARK CONDOMINIUM,YISHUN,27,13 Dec 2021,89 Yishun Street 81 #01-XX,89 Yishun Street 81,3,829,955000,Condominium,99 Yrs From 01/09/1991,Resale,1152,107.024,Strata,Private,URA,not_clean,https://www.edgeprop.sg/condo-apartment/orchid-park-condominium,orchid-park-condominium
ORCHID PARK CONDOMINIUM,YISHUN,27,2 Dec 2021,83 Yishun Street 81 #11-XX,83 Yishun Street 81,4,793,1280000,Condominium,99 Yrs From 01/09/1991,Resale,1615,150.038,Strata,Private,URA,not_clean,https://www.edgeprop.sg/condo-apartment/orchid-park-condominium,orchid-park-condominium
ORCHID PARK CONDOMINIUM,YISHUN,27,30 Nov 2021,89 Yishun Street 81 #07-XX,89 Yishun Street 81,3,825,1030000,Condominium,99 Yrs From 01/09/1991,Resale,1249,116.036,Strata,HDB,URA,not_clean,https://www.edgeprop.sg/condo-apartment/orchid-park-condominium,orchid-park-condominium
ORCHID PARK CONDOMINIUM,YISHUN,27,15 Nov 2021,89 Yishun Street 81 #11-XX,89 Yishun Street 81,4,824,1375088,Condominium,99 Yrs From 01/09/1991,Resale,1668,154.962,Strata,Private,URA,not_clean,https://www.edgeprop.sg/condo-apartment/orchid-park-condominium,orchid-park-condominium
ORCHID PARK CONDOMINIUM,YISHUN,27,3 Nov 2021,85 Yishun Street 81 #06-XX,85 Yishun Street 81,3,805,970000,Condominium,99 Yrs From 01/09/1991,Resale,1206,112.041,Strata,Private,URA,not_clean,https://www.edgeprop.sg/condo-apartment/orchid-park-condominium,orchid-park-condominium
ORCHID PARK CONDOMINIUM,YISHUN,27,22 Sep 2021,81 Yishun Street 81 #10-XX,81 Yishun Street 81,2,814,780000,Condominium,99 Yrs From 01/09/1991,Resale,958,89.001,Strata,HDB,URA,not_clean,https://www.edgeprop.sg/condo-apartment/orchid-park-condominium,orchid-park-condominium
ORCHID PARK CONDOMINIUM,YISHUN,27,17 Sep 2021,89 Yishun Street 81 #05-XX,89 Yishun Street 81,2,828,740000,Condominium,99 Yrs From 01/09/1991,Resale,893,82.962,Strata,Private,URA,not_clean,https://www.edgeprop.sg/condo-apartment/orchid-park-condominium,orchid-park-condominium
ORCHID PARK CONDOMINIUM,YISHUN,27,3 Sep 2021,85 Yishun Street 81 #02-XX,85 Yishun Street 81,2,764,732000,Condominium,99 Yrs From 01/09/1991,Resale,958,89.001,Strata,Private,URA,not_clean,https://www.edgeprop.sg/condo-apartment/orchid-park-condominium,orchid-park-condominium
ORCHID PARK CONDOMINIUM,YISHUN,27,27 Aug 2021,87 Yishun Street 81 #01-XX,87 Yishun Street 81,3,693,828000,Condominium,99 Yrs From 01/09/1991,Resale,1195,111.019,Strata,Private,URA,not_clean,https://www.edgeprop.sg/condo-apartment/orchid-park-condominium,orchid-park-condominium
ORCHID PARK CONDOMINIUM,YISHUN,27,17 Aug 2021,97 Yishun Street 81 #04-XX,97 Yishun Street 81,3,809,966000,Condominium,99 Yrs From 01/09/1991,Resale,1195,111.019,Strata,Private,URA,not_clean,https://www.edgeprop.sg/condo-apartment/orchid-park-condominium,orchid-park-condominium
ORCHID PARK CONDOMINIUM,YISHUN,27,30 Jul 2021,89 Yishun Street 81 #01-XX,89 Yishun Street 81,2,684,670000,Condominium,99 Yrs From 01/09/1991,Resale,980,91.045,Strata,HDB,URA,not_clean,https://www.edgeprop.sg/condo-apartment/orchid-park-condominium,orchid-park-condominium
ORCHID PARK CONDOMINIUM,YISHUN,27,30 Jul 2021,93 Yishun Street 81 #01-XX,93 Yishun Street 81,3,725,835000,Condominium,99 Yrs From 01/09/1991,Resale,1152,107.024,Strata,HDB,URA,not_clean,https://www.edgeprop.sg/condo-apartment/orchid-park-condominium,orchid-park-condominium
ORCHID PARK CONDOMINIUM,YISHUN,27,29 Jul 2021,87 Yishun Street 81 #03-XX,87 Yishun Street 81,2,783,750000,Condominium,99 Yrs From 01/09/1991,Resale,958,89.001,Strata,HDB,URA,not_clean,https://www.edgeprop.sg/condo-apartment/orchid-park-condominium,orchid-park-condominium
ORCHID PARK CONDOMINIUM,YISHUN,27,21 Jul 2021,85 Yishun Street 81 #11-XX,85 Yishun Street 81,4,827,1300000,Condominium,99 Yrs From 01/09/1991,Resale,1572,146.044,Strata,HDB,URA,not_clean,https://www.edgeprop.sg/condo-apartment/orchid-park-condominium,orchid-park-condominium
SUN PLAZA,SEMBAWANG,27,8 Jun 2026,30 SEMBAWANG DRIVE #07-XX,30 SEMBAWANG DRIVE,2,985,1050000,Apartment,99 Yrs From 26/06/1996,Resale,1066,99.035,Strata,Private,URA,not_clean,https://www.edgeprop.sg/condo-apartment/sun-plaza,sun-plaza
SUN PLAZA,SEMBAWANG,27,13 Mar 2026,30 SEMBAWANG DRIVE #07-XX,30 SEMBAWANG DRIVE,3,1150,1560000,Apartment,99 Yrs From 26/06/1996,Resale,1356,125.977,Strata,Private,URA,not_clean,https://www.edgeprop.sg/condo-apartment/sun-plaza,sun-plaza
SUN PLAZA,SEMBAWANG,27,19 Aug 2025,30 Sembawang Drive #07-XX,30 Sembawang Drive,2,1174,1200000,Apartment,99 Yrs From 26/06/1996,Resale,1023,95.04,Strata,Private,URA,not_clean,https://www.edgeprop.sg/condo-apartment/sun-plaza,sun-plaza
SUN PLAZA,SEMBAWANG,27,30 Apr 2025,30 Sembawang Drive #11-XX,30 Sembawang Drive,3,1078,1450000,Apartment,99 Yrs From 26/06/1996,Resale,1346,125.047,Strata,HDB,URA,not_clean,https://www.edgeprop.sg/condo-apartment/sun-plaza,sun-plaza
SUN PLAZA,SEMBAWANG,27,24 Apr 2023,30 Sembawang Drive #06-XX,30 Sembawang Drive,3,800,1420800,Apartment,99 Yrs From 26/06/1996,Resale,1776,164.996,Strata,Private,URA,not_clean,https://www.edgeprop.sg/condo-apartment/sun-plaza,sun-plaza
SUN PLAZA,SEMBAWANG,27,21 Feb 2023,30 Sembawang Drive #07-XX,30 Sembawang Drive,3,700,950000,Apartment,99 Yrs From 26/06/1996,Resale,1356,125.977,Strata,Private,URA,not_clean,https://www.edgeprop.sg/condo-apartment/sun-plaza,sun-plaza
SUN PLAZA,SEMBAWANG,27,21 Apr 2022,30 Sembawang Drive #07-XX,30 Sembawang Drive,2,828,882000,Apartment,99 Yrs From 26/06/1996,Resale,1066,99.035,Strata,HDB,URA,not_clean,https://www.edgeprop.sg/condo-apartment/sun-plaza,sun-plaza
SUN PLAZA,SEMBAWANG,27,23 Nov 2021,30 Sembawang Drive #08-XX,30 Sembawang Drive,3,743,976000,Apartment,99 Yrs From 26/06/1996,Resale,1313,121.982,Strata,Private,URA,not_clean,https://www.edgeprop.sg/condo-apartment/sun-plaza,sun-plaza
SUN PLAZA,SEMBAWANG,27,20 Aug 2021,30 Sembawang Drive #06-XX,30 Sembawang Drive,2,699,1038888,Apartment,99 Yrs From 26/06/1996,Resale,1485,137.961,Strata,Private,URA,not_clean,https://www.edgeprop.sg/condo-apartment/sun-plaza,sun-plaza
SUN PLAZA,SEMBAWANG,27,12 Aug 2021,30 Sembawang Drive #06-XX,30 Sembawang Drive,3,721,1280000,Apartment,99 Yrs From 26/06/1996,Resale,1776,164.996,Strata,Private,URA,not_clean,https://www.edgeprop.sg/condo-apartment/sun-plaza,sun-plaza
SUN PLAZA,SEMBAWANG,27,11 Aug 2021,30 Sembawang Drive #12-XX,30 Sembawang Drive,3,780,1050000,Apartment,99 Yrs From 26/06/1996,Resale,1346,125.047,Strata,Private,URA,not_clean,https://www.edgeprop.sg/condo-apartment/sun-plaza,sun-plaza
SUN PLAZA,SEMBAWANG,27,10 Sep 2020,30 Sembawang Drive #11-XX,30 Sembawang Drive,3,669,900000,Apartment,99 Yrs From 26/06/1996,Resale,1346,125.047,Strata,Private,URA,not_clean,https://www.edgeprop.sg/condo-apartment/sun-plaza,sun-plaza
SUN PLAZA,SEMBAWANG,27,18 Aug 2020,30 Sembawang Drive #10-XX,30 Sembawang Drive,3,693,940000,Apartment,99 Yrs From 26/06/1996,Resale,1356,125.977,Strata,HDB,URA,not_clean,https://www.edgeprop.sg/condo-apartment/sun-plaza,sun-plaza
SUN PLAZA,SEMBAWANG,27,22 Nov 2019,30 Sembawang Drive #07-XX,30 Sembawang Drive,3,632,850000,Apartment,99 Yrs From 26/06/1996,Resale,1346,125.047,Strata,HDB,URA,not_clean,https://www.edgeprop.sg/condo-apartment/sun-plaza,sun-plaza
SUN PLAZA,SEMBAWANG,27,17 Oct 2019,30 Sembawang Drive #10-XX,30 Sembawang Drive,2,754,803000,Apartment,99 Yrs From 26/06/1996,Resale,1066,99.035,Strata,Private,URA,not_clean,https://www.edgeprop.sg/condo-apartment/sun-plaza,sun-plaza
SUN PLAZA,SEMBAWANG,27,24 Jun 2019,30 Sembawang Drive #11-XX,30 Sembawang Drive,3,571,1550000,Apartment,99 Yrs From 26/06/1996,Resale,2713,252.046,Strata,Private,URA,not_clean,https://www.edgeprop.sg/condo-apartment/sun-plaza,sun-plaza
SYMPHONY SUITES,YISHUN,27,8 Jun 2026,3 YISHUN CLOSE #07-XX,3 YISHUN CLOSE,4,1389,1420000,Condominium,99 Yrs From 10/06/2014,Resale,1023,95.04,Strata,HDB,URA,not_clean,https://www.edgeprop.sg/condo-apartment/symphony-suites,symphony-suites
SYMPHONY SUITES,YISHUN,27,8 Jun 2026,9 YISHUN CLOSE #11-XX,9 YISHUN CLOSE,3,1344,1230000,Condominium,99 Yrs From 10/06/2014,Resale,915,85.006,Strata,HDB,URA,not_clean,https://www.edgeprop.sg/condo-apartment/symphony-suites,symphony-suites
SYMPHONY SUITES,YISHUN,27,20 May 2026,11 YISHUN CLOSE #04-XX,11 YISHUN CLOSE,3,1312,1200000,Condominium,99 Yrs From 10/06/2014,Resale,915,85.006,Strata,Private,URA,not_clean,https://www.edgeprop.sg/condo-apartment/symphony-suites,symphony-suites
SYMPHONY SUITES,YISHUN,27,12 May 2026,3 YISHUN CLOSE #12-XX,3 YISHUN CLOSE,2,1408,970000,Condominium,99 Yrs From 10/06/2014,Resale,689,64.01,Strata,Private,URA,not_clean,https://www.edgeprop.sg/condo-apartment/symphony-suites,symphony-suites
SYMPHONY SUITES,YISHUN,27,12 May 2026,3 YISHUN CLOSE #13-XX,3 YISHUN CLOSE,3,1377,1230000,Condominium,99 Yrs From 10/06/2014,Resale,893,82.962,Strata,Private,URA,not_clean,https://www.edgeprop.sg/condo-apartment/symphony-suites,symphony-suites
SYMPHONY SUITES,YISHUN,27,8 May 2026,9 YISHUN CLOSE #04-XX,9 YISHUN CLOSE,3,1290,1180000,Condominium,99 Yrs From 10/06/2014,Resale,915,85.006,Strata,HDB,URA,not_clean,https://www.edgeprop.sg/condo-apartment/symphony-suites,symphony-suites
SYMPHONY SUITES,YISHUN,27,7 May 2026,19 YISHUN CLOSE #07-XX,19 YISHUN CLOSE,2,1386,955000,Condominium,99 Yrs From 10/06/2014,Resale,689,64.01,Strata,Private,URA,not_clean,https://www.edgeprop.sg/condo-apartment/symphony-suites,symphony-suites
SYMPHONY SUITES,YISHUN,27,21 Apr 2026,3 YISHUN CLOSE #12-XX,3 YISHUN CLOSE,4,1389,1420000,Condominium,99 Yrs From 10/06/2014,Resale,1023,95.04,Strata,Private,URA,not_clean,https://www.edgeprop.sg/condo-apartment/symphony-suites,symphony-suites
SYMPHONY SUITES,YISHUN,27,16 Apr 2026,21 YISHUN CLOSE #01-XX,21 YISHUN CLOSE,2,1365,940000,Condominium,99 Yrs From 10/06/2014,Resale,689,64.01,Strata,HDB,URA,not_clean,https://www.edgeprop.sg/condo-apartment/symphony-suites,symphony-suites
SYMPHONY SUITES,YISHUN,27,23 Mar 2026,13 YISHUN CLOSE #09-XX,13 YISHUN CLOSE,3,1366,1250000,Condominium,99 Yrs From 10/06/2014,Resale,915,85.006,Strata,Private,URA,not_clean,https://www.edgeprop.sg/condo-apartment/symphony-suites,symphony-suites
SYMPHONY SUITES,YISHUN,27,23 Mar 2026,21 YISHUN CLOSE #12-XX,21 YISHUN CLOSE,2,1412,973000,Condominium,99 Yrs From 10/06/2014,Resale,689,64.01,Strata,HDB,URA,not_clean,https://www.edgeprop.sg/condo-apartment/symphony-suites,symphony-suites
SYMPHONY SUITES,YISHUN,27,16 Mar 2026,3 YISHUN CLOSE #09-XX,3 YISHUN CLOSE,3,1356,1080000,Condominium,99 Yrs From 10/06/2014,Resale,797,74.044,Strata,HDB,URA,not_clean,https://www.edgeprop.sg/condo-apartment/symphony-suites,symphony-suites
SYMPHONY SUITES,YISHUN,27,11 Mar 2026,11 YISHUN CLOSE #09-XX,11 YISHUN CLOSE,3,1298,1188000,Condominium,99 Yrs From 10/06/2014,Resale,915,85.006,Strata,HDB,URA,not_clean,https://www.edgeprop.sg/condo-apartment/symphony-suites,symphony-suites
SYMPHONY SUITES,YISHUN,27,23 Feb 2026,9 YISHUN CLOSE #11-XX,9 YISHUN CLOSE,4,1408,1440000,Condominium,99 Yrs From 10/06/2014,Resale,1023,95.04,Strata,Private,URA,not_clean,https://www.edgeprop.sg/condo-apartment/symphony-suites,symphony-suites
SYMPHONY SUITES,YISHUN,27,23 Feb 2026,5 YISHUN CLOSE #02-XX,5 YISHUN CLOSE,3,1296,1158000,Condominium,99 Yrs From 10/06/2014,Resale,893,82.962,Strata,Private,URA,not_clean,https://www.edgeprop.sg/condo-apartment/symphony-suites,symphony-suites
SYMPHONY SUITES,YISHUN,27,11 Feb 2026,17 YISHUN CLOSE #05-XX,17 YISHUN CLOSE,4,1389,1420000,Condominium,99 Yrs From 10/06/2014,Resale,1023,95.04,Strata,HDB,URA,not_clean,https://www.edgeprop.sg/condo-apartment/symphony-suites,symphony-suites
SYMPHONY SUITES,YISHUN,27,27 Jan 2026,21 YISHUN CLOSE #10-XX,21 YISHUN CLOSE,3,1404,1103000,Condominium,99 Yrs From 10/06/2014,Resale,786,73.022,Strata,Private,URA,not_clean,https://www.edgeprop.sg/condo-apartment/symphony-suites,symphony-suites
SYMPHONY SUITES,YISHUN,27,12 Jan 2026,17 YISHUN CLOSE #13-XX,17 YISHUN CLOSE,3,1375,1095000,Condominium,99 Yrs From 10/06/2014,Resale,797,74.044,Strata,Private,URA,not_clean,https://www.edgeprop.sg/condo-apartment/symphony-suites,symphony-suites
SYMPHONY SUITES,YISHUN,27,8 Jan 2026,1 YISHUN CLOSE #02-XX,1 YISHUN CLOSE,3,1336,1050000,Condominium,99 Yrs From 10/06/2014,Resale,786,73.022,Strata,HDB,URA,not_clean,https://www.edgeprop.sg/condo-apartment/symphony-suites,symphony-suites
SYMPHONY SUITES,YISHUN,27,2 Jan 2026,7 YISHUN CLOSE #06-XX,7 YISHUN CLOSE,3,1330,1045000,Condominium,99 Yrs From 10/06/2014,Resale,786,73.022,Strata,HDB,URA,not_clean,https://www.edgeprop.sg/condo-apartment/symphony-suites,symphony-suites
SYMPHONY SUITES,YISHUN,27,12 Dec 2025,11 YISHUN CLOSE #11-XX,11 YISHUN CLOSE,3,1322,1210000,Condominium,99 Yrs From 10/06/2014,Resale,915,85.006,Strata,HDB,URA,not_clean,https://www.edgeprop.sg/condo-apartment/symphony-suites,symphony-suites
SYMPHONY SUITES,YISHUN,27,4 Dec 2025,11 YISHUN CLOSE #13-XX,11 YISHUN CLOSE,4,1406,1438000,Condominium,99 Yrs From 10/06/2014,Resale,1023,95.04,Strata,HDB,URA,not_clean,https://www.edgeprop.sg/condo-apartment/symphony-suites,symphony-suites
SYMPHONY SUITES,YISHUN,27,21 Nov 2025,7 YISHUN CLOSE #04-XX,7 YISHUN CLOSE,3,1321,1038000,Condominium,99 Yrs From 10/06/2014,Resale,786,73.022,Strata,Private,URA,not_clean,https://www.edgeprop.sg/condo-apartment/symphony-suites,symphony-suites
SYMPHONY SUITES,YISHUN,27,17 Nov 2025,11 YISHUN CLOSE #14-XX,11 YISHUN CLOSE,4,1418,1450000,Condominium,99 Yrs From 10/06/2014,Resale,1023,95.04,Strata,HDB,URA,not_clean,https://www.edgeprop.sg/condo-apartment/symphony-suites,symphony-suites
SYMPHONY SUITES,YISHUN,27,23 Sep 2025,1 YISHUN CLOSE #01-XX,1 YISHUN CLOSE,2,1379,950000,Condominium,99 Yrs From 10/06/2014,Resale,689,64.01,Strata,HDB,URA,not_clean,https://www.edgeprop.sg/condo-apartment/symphony-suites,symphony-suites
SYMPHONY SUITES,YISHUN,27,23 Sep 2025,13 YISHUN CLOSE #12-XX,13 YISHUN CLOSE,4,1396,1428000,Condominium,99 Yrs From 10/06/2014,Resale,1023,95.04,Strata,Private,URA,not_clean,https://www.edgeprop.sg/condo-apartment/symphony-suites,symphony-suites
SYMPHONY SUITES,YISHUN,27,23 Sep 2025,17 YISHUN CLOSE #03-XX,17 YISHUN CLOSE,3,1281,1020000,Condominium,99 Yrs From 10/06/2014,Resale,797,74.044,Strata,Private,URA,not_clean,https://www.edgeprop.sg/condo-apartment/symphony-suites,symphony-suites
SYMPHONY SUITES,YISHUN,27,8 Sep 2025,21 YISHUN CLOSE #10-XX,21 YISHUN CLOSE,3,1381,1085000,Condominium,99 Yrs From 10/06/2014,Resale,786,73.022,Strata,HDB,URA,not_clean,https://www.edgeprop.sg/condo-apartment/symphony-suites,symphony-suites
SYMPHONY SUITES,YISHUN,27,29 Aug 2025,7 YISHUN CLOSE #09-XX,7 YISHUN CLOSE,2,1367,942000,Condominium,99 Yrs From 10/06/2014,Resale,689,64.01,Strata,Private,URA,not_clean,https://www.edgeprop.sg/condo-apartment/symphony-suites,symphony-suites
SYMPHONY SUITES,YISHUN,27,29 Aug 2025,11 YISHUN CLOSE #09-XX,11 YISHUN CLOSE,4,1381,1411888,Condominium,99 Yrs From 10/06/2014,Resale,1023,95.04,Strata,Private,URA,not_clean,https://www.edgeprop.sg/condo-apartment/symphony-suites,symphony-suites
SYMPHONY SUITES,YISHUN,27,28 Aug 2025,15 YISHUN CLOSE #10-XX,15 YISHUN CLOSE,2,1405,968000,Condominium,99 Yrs From 10/06/2014,Resale,689,64.01,Strata,HDB,URA,not_clean,https://www.edgeprop.sg/condo-apartment/symphony-suites,symphony-suites
SYMPHONY SUITES,YISHUN,27,25 Aug 2025,19 YISHUN CLOSE #09-XX,19 YISHUN CLOSE,3,1366,1220000,Condominium,99 Yrs From 10/06/2014,Resale,893,82.962,Strata,Private,URA,not_clean,https://www.edgeprop.sg/condo-apartment/symphony-suites,symphony-suites
SYMPHONY SUITES,YISHUN,27,18 Aug 2025,19 YISHUN CLOSE #11-XX,19 YISHUN CLOSE,3,1356,1080000,Condominium,99 Yrs From 10/06/2014,Resale,797,74.044,Strata,HDB,URA,not_clean,https://www.edgeprop.sg/condo-apartment/symphony-suites,symphony-suites
SYMPHONY SUITES,YISHUN,27,15 Aug 2025,3 Yishun Close #09-XX,3 Yishun Close,4,1350,1380000,Condominium,99 Yrs From 10/06/2014,Resale,1023,95.04,Strata,Private,URA,not_clean,https://www.edgeprop.sg/condo-apartment/symphony-suites,symphony-suites
SYMPHONY SUITES,YISHUN,27,5 Aug 2025,11 Yishun Close #02-XX,11 Yishun Close,4,1271,1300000,Condominium,99 Yrs From 10/06/2014,Resale,1023,95.04,Strata,Private,URA,not_clean,https://www.edgeprop.sg/condo-apartment/symphony-suites,symphony-suites
SYMPHONY SUITES,YISHUN,27,1 Aug 2025,13 Yishun Close #07-XX,13 Yishun Close,4,1378,1408888,Condominium,99 Yrs From 10/06/2014,Resale,1023,95.04,Strata,Private,URA,not_clean,https://www.edgeprop.sg/condo-apartment/symphony-suites,symphony-suites
SYMPHONY SUITES,YISHUN,27,16 Jul 2025,7 Yishun Close #01-XX,7 Yishun Close,3,1324,1040000,Condominium,99 Yrs From 10/06/2014,Resale,786,73.022,Strata,Private,URA,not_clean,https://www.edgeprop.sg/condo-apartment/symphony-suites,symphony-suites
SYMPHONY SUITES,YISHUN,27,16 Jul 2025,19 Yishun Close #09-XX,19 Yishun Close,3,1331,1060000,Condominium,99 Yrs From 10/06/2014,Resale,797,74.044,Strata,Private,URA,not_clean,https://www.edgeprop.sg/condo-apartment/symphony-suites,symphony-suites
SYMPHONY SUITES,YISHUN,27,9 Jul 2025,3 Yishun Close #01-XX,3 Yishun Close,4,1357,1388000,Condominium,99 Yrs From 10/06/2014,Resale,1023,95.04,Strata,Private,URA,not_clean,https://www.edgeprop.sg/condo-apartment/symphony-suites,symphony-suites
SYMPHONY SUITES,YISHUN,27,30 Jun 2025,3 Yishun Close #14-XX,3 Yishun Close,4,1369,1400088,Condominium,99 Yrs From 10/06/2014,Resale,1023,95.04,Strata,HDB,URA,not_clean,https://www.edgeprop.sg/condo-apartment/symphony-suites,symphony-suites
SYMPHONY SUITES,YISHUN,27,27 Jun 2025,21 Yishun Close #08-XX,21 Yishun Close,2,1365,940000,Condominium,99 Yrs From 10/06/2014,Resale,689,64.01,Strata,HDB,URA,not_clean,https://www.edgeprop.sg/condo-apartment/symphony-suites,symphony-suites
SYMPHONY SUITES,YISHUN,27,24 Jun 2025,1 Yishun Close #05-XX,1 Yishun Close,3,1362,1070000,Condominium,99 Yrs From 10/06/2014,Resale,786,73.022,Strata,Private,URA,not_clean,https://www.edgeprop.sg/condo-apartment/symphony-suites,symphony-suites
SYMPHONY SUITES,YISHUN,27,16 Jun 2025,3 Yishun Close #07-XX,3 Yishun Close,3,1321,1180000,Condominium,99 Yrs From 10/06/2014,Resale,893,82.962,Strata,HDB,URA,not_clean,https://www.edgeprop.sg/condo-apartment/symphony-suites,symphony-suites
SYMPHONY SUITES,YISHUN,27,30 May 2025,19 Yishun Close #09-XX,19 Yishun Close,2,1306,900000,Condominium,99 Yrs From 10/06/2014,Resale,689,64.01,Strata,HDB,URA,not_clean,https://www.edgeprop.sg/condo-apartment/symphony-suites,symphony-suites
SYMPHONY SUITES,YISHUN,27,23 May 2025,15 Yishun Close #06-XX,15 Yishun Close,3,1366,1073000,Condominium,99 Yrs From 10/06/2014,Resale,786,73.022,Strata,Private,URA,not_clean,https://www.edgeprop.sg/condo-apartment/symphony-suites,symphony-suites
SYMPHONY SUITES,YISHUN,27,19 May 2025,15 Yishun Close #01-XX,15 Yishun Close,3,1294,1017000,Condominium,99 Yrs From 10/06/2014,Resale,786,73.022,Strata,Private,URA,not_clean,https://www.edgeprop.sg/condo-apartment/symphony-suites,symphony-suites
SYMPHONY SUITES,YISHUN,27,14 May 2025,13 Yishun Close #02-XX,13 Yishun Close,3,1246,1140000,Condominium,99 Yrs From 10/06/2014,Resale,915,85.006,Strata,HDB,URA,not_clean,https://www.edgeprop.sg/condo-apartment/symphony-suites,symphony-suites
SYMPHONY SUITES,YISHUN,27,30 Apr 2025,11 Yishun Close #03-XX,11 Yishun Close,4,1330,1360000,Condominium,99 Yrs From 10/06/2014,Resale,1023,95.04,Strata,Private,URA,not_clean,https://www.edgeprop.sg/condo-apartment/symphony-suites,symphony-suites
SYMPHONY SUITES,YISHUN,27,17 Apr 2025,15 Yishun Close #10-XX,15 Yishun Close,2,1370,944000,Condominium,99 Yrs From 10/06/2014,Resale,689,64.01,Strata,HDB,URA,not_clean,https://www.edgeprop.sg/condo-apartment/symphony-suites,symphony-suites
SYMPHONY SUITES,YISHUN,27,17 Apr 2025,9 Yishun Close #07-XX,9 Yishun Close,4,1350,1380000,Condominium,99 Yrs From 10/06/2014,Resale,1023,95.04,Strata,Private,URA,not_clean,https://www.edgeprop.sg/condo-apartment/symphony-suites,symphony-suites
SYMPHONY SUITES,YISHUN,27,16 Apr 2025,7 Yishun Close #05-XX,7 Yishun Close,3,1349,1060000,Condominium,99 Yrs From 10/06/2014,Resale,786,73.022,Strata,Private,URA,not_clean,https://www.edgeprop.sg/condo-apartment/symphony-suites,symphony-suites
SYMPHONY SUITES,YISHUN,27,14 Apr 2025,13 Yishun Close #02-XX,13 Yishun Close,4,1279,1308000,Condominium,99 Yrs From 10/06/2014,Resale,1023,95.04,Strata,HDB,URA,not_clean,https://www.edgeprop.sg/condo-apartment/symphony-suites,symphony-suites
SYMPHONY SUITES,YISHUN,27,10 Apr 2025,9 Yishun Close #07-XX,9 Yishun Close,4,1320,1350000,Condominium,99 Yrs From 10/06/2014,Resale,1023,95.04,Strata,Private,URA,not_clean,https://www.edgeprop.sg/condo-apartment/symphony-suites,symphony-suites
SYMPHONY SUITES,YISHUN,27,1 Apr 2025,1 Yishun Close #03-XX,1 Yishun Close,3,1304,1025000,Condominium,99 Yrs From 10/06/2014,Resale,786,73.022,Strata,HDB,URA,not_clean,https://www.edgeprop.sg/condo-apartment/symphony-suites,symphony-suites
SYMPHONY SUITES,YISHUN,27,26 Mar 2025,21 Yishun Close #14-XX,21 Yishun Close,2,1350,930000,Condominium,99 Yrs From 10/06/2014,Resale,689,64.01,Strata,Private,URA,not_clean,https://www.edgeprop.sg/condo-apartment/symphony-suites,symphony-suites
SYMPHONY SUITES,YISHUN,27,11 Mar 2025,5 Yishun Close #15-XX,5 Yishun Close,2,1362,938000,Condominium,99 Yrs From 10/06/2014,Resale,689,64.01,Strata,Private,URA,not_clean,https://www.edgeprop.sg/condo-apartment/symphony-suites,symphony-suites
SYMPHONY SUITES,YISHUN,27,11 Mar 2025,15 Yishun Close #02-XX,15 Yishun Close,2,1277,880000,Condominium,99 Yrs From 10/06/2014,Resale,689,64.01,Strata,HDB,URA,not_clean,https://www.edgeprop.sg/condo-apartment/symphony-suites,symphony-suites
SYMPHONY SUITES,YISHUN,27,7 Mar 2025,13 Yishun Close #14-XX,13 Yishun Close,3,1333,1220000,Condominium,99 Yrs From 10/06/2014,Resale,915,85.006,Strata,Private,URA,not_clean,https://www.edgeprop.sg/condo-apartment/symphony-suites,symphony-suites
SYMPHONY SUITES,YISHUN,27,3 Mar 2025,21 Yishun Close #07-XX,21 Yishun Close,3,1336,1050000,Condominium,99 Yrs From 10/06/2014,Resale,786,73.022,Strata,Private,URA,not_clean,https://www.edgeprop.sg/condo-apartment/symphony-suites,symphony-suites
SYMPHONY SUITES,YISHUN,27,3 Mar 2025,19 Yishun Close #03-XX,19 Yishun Close,3,1321,1180000,Condominium,99 Yrs From 10/06/2014,Resale,893,82.962,Strata,Private,URA,not_clean,https://www.edgeprop.sg/condo-apartment/symphony-suites,symphony-suites
SYMPHONY SUITES,YISHUN,27,25 Feb 2025,11 Yishun Close #13-XX,11 Yishun Close,4,1340,1370000,Condominium,99 Yrs From 10/06/2014,Resale,1023,95.04,Strata,Private,URA,not_clean,https://www.edgeprop.sg/condo-apartment/symphony-suites,symphony-suites
SYMPHONY SUITES,YISHUN,27,4 Feb 2025,1 Yishun Close #13-XX,1 Yishun Close,3,1368,1075000,Condominium,99 Yrs From 10/06/2014,Resale,786,73.022,Strata,HDB,URA,not_clean,https://www.edgeprop.sg/condo-apartment/symphony-suites,symphony-suites
SYMPHONY SUITES,YISHUN,27,31 Jan 2025,15 Yishun Close #07-XX,15 Yishun Close,3,1386,1088888,Condominium,99 Yrs From 10/06/2014,Resale,786,73.022,Strata,Private,URA,not_clean,https://www.edgeprop.sg/condo-apartment/symphony-suites,symphony-suites
SYMPHONY SUITES,YISHUN,27,24 Jan 2025,21 Yishun Close #11-XX,21 Yishun Close,3,1362,1070000,Condominium,99 Yrs From 10/06/2014,Resale,786,73.022,Strata,HDB,URA,not_clean,https://www.edgeprop.sg/condo-apartment/symphony-suites,symphony-suites
SYMPHONY SUITES,YISHUN,27,24 Jan 2025,17 Yishun Close #07-XX,17 Yishun Close,3,1332,1190000,Condominium,99 Yrs From 10/06/2014,Resale,893,82.962,Strata,Private,URA,not_clean,https://www.edgeprop.sg/condo-apartment/symphony-suites,symphony-suites
SYMPHONY SUITES,YISHUN,27,3 Jan 2025,19 Yishun Close #09-XX,19 Yishun Close,4,1310,1340000,Condominium,99 Yrs From 10/06/2014,Resale,1023,95.04,Strata,HDB,URA,not_clean,https://www.edgeprop.sg/condo-apartment/symphony-suites,symphony-suites
SYMPHONY SUITES,YISHUN,27,30 Dec 2024,7 Yishun Close #12-XX,7 Yishun Close,3,1362,1070000,Condominium,99 Yrs From 10/06/2014,Resale,786,73.022,Strata,HDB,URA,not_clean,https://www.edgeprop.sg/condo-apartment/symphony-suites,symphony-suites
SYMPHONY SUITES,YISHUN,27,20 Dec 2024,13 Yishun Close #03-XX,13 Yishun Close,3,1255,1148000,Condominium,99 Yrs From 10/06/2014,Resale,915,85.006,Strata,HDB,URA,not_clean,https://www.edgeprop.sg/condo-apartment/symphony-suites,symphony-suites
SYMPHONY SUITES,YISHUN,27,10 Dec 2024,9 Yishun Close #05-XX,9 Yishun Close,4,1340,1370000,Condominium,99 Yrs From 10/06/2014,Resale,1023,95.04,Strata,HDB,URA,not_clean,https://www.edgeprop.sg/condo-apartment/symphony-suites,symphony-suites
SYMPHONY SUITES,YISHUN,27,2 Dec 2024,19 Yishun Close #08-XX,19 Yishun Close,3,1287,1025000,Condominium,99 Yrs From 10/06/2014,Resale,797,74.044,Strata,Private,URA,not_clean,https://www.edgeprop.sg/condo-apartment/symphony-suites,symphony-suites
SYMPHONY SUITES,YISHUN,27,21 Nov 2024,21 Yishun Close #12-XX,21 Yishun Close,3,1362,1070000,Condominium,99 Yrs From 10/06/2014,Resale,786,73.022,Strata,HDB,URA,not_clean,https://www.edgeprop.sg/condo-apartment/symphony-suites,symphony-suites
SYMPHONY SUITES,YISHUN,27,14 Nov 2024,11 Yishun Close #12-XX,11 Yishun Close,4,1330,1360000,Condominium,99 Yrs From 10/06/2014,Resale,1023,95.04,Strata,Private,URA,not_clean,https://www.edgeprop.sg/condo-apartment/symphony-suites,symphony-suites
SYMPHONY SUITES,YISHUN,27,18 Oct 2024,13 Yishun Close #06-XX,13 Yishun Close,4,1315,1345000,Condominium,99 Yrs From 10/06/2014,Resale,1023,95.04,Strata,HDB,URA,not_clean,https://www.edgeprop.sg/condo-apartment/symphony-suites,symphony-suites
SYMPHONY SUITES,YISHUN,27,18 Oct 2024,11 Yishun Close #07-XX,11 Yishun Close,4,1350,1380000,Condominium,99 Yrs From 10/06/2014,Resale,1023,95.04,Strata,Private,URA,not_clean,https://www.edgeprop.sg/condo-apartment/symphony-suites,symphony-suites
SYMPHONY SUITES,YISHUN,27,27 Sep 2024,13 Yishun Close #11-XX,13 Yishun Close,3,1279,1170000,Condominium,99 Yrs From 10/06/2014,Resale,915,85.006,Strata,HDB,URA,not_clean,https://www.edgeprop.sg/condo-apartment/symphony-suites,symphony-suites
SYMPHONY SUITES,YISHUN,27,20 Sep 2024,21 Yishun Close #09-XX,21 Yishun Close,2,1330,916000,Condominium,99 Yrs From 10/06/2014,Resale,689,64.01,Strata,HDB,URA,not_clean,https://www.edgeprop.sg/condo-apartment/symphony-suites,symphony-suites
SYMPHONY SUITES,YISHUN,27,16 Sep 2024,9 Yishun Close #03-XX,9 Yishun Close,4,1230,1258000,Condominium,99 Yrs From 10/06/2014,Resale,1023,95.04,Strata,Private,URA,not_clean,https://www.edgeprop.sg/condo-apartment/symphony-suites,symphony-suites
SYMPHONY SUITES,YISHUN,27,12 Sep 2024,5 Yishun Close #15-XX,5 Yishun Close,3,1381,1100000,Condominium,99 Yrs From 10/06/2014,Resale,797,74.044,Strata,Private,URA,not_clean,https://www.edgeprop.sg/condo-apartment/symphony-suites,symphony-suites
SYMPHONY SUITES,YISHUN,27,11 Sep 2024,11 Yishun Close #01-XX,11 Yishun Close,3,1408,1288000,Condominium,99 Yrs From 10/06/2014,Resale,915,85.006,Strata,HDB,URA,not_clean,https://www.edgeprop.sg/condo-apartment/symphony-suites,symphony-suites
SYMPHONY SUITES,YISHUN,27,8 Aug 2024,11 Yishun Close #06-XX,11 Yishun Close,3,1279,1170000,Condominium,99 Yrs From 10/06/2014,Resale,915,85.006,Strata,HDB,URA,not_clean,https://www.edgeprop.sg/condo-apartment/symphony-suites,symphony-suites
SYMPHONY SUITES,YISHUN,27,8 Aug 2024,5 Yishun Close #01-XX,5 Yishun Close,2,1263,870000,Condominium,99 Yrs From 10/06/2014,Resale,689,64.01,Strata,Private,URA,not_clean,https://www.edgeprop.sg/condo-apartment/symphony-suites,symphony-suites
SYMPHONY SUITES,YISHUN,27,2 Aug 2024,1 Yishun Close #04-XX,1 Yishun Close,2,1292,890000,Condominium,99 Yrs From 10/06/2014,Resale,689,64.01,Strata,Private,URA,not_clean,https://www.edgeprop.sg/condo-apartment/symphony-suites,symphony-suites
SYMPHONY SUITES,YISHUN,27,23 Jul 2024,5 Yishun Close #09-XX,5 Yishun Close,3,1259,1125000,Condominium,99 Yrs From 10/06/2014,Resale,893,82.962,Strata,HDB,URA,not_clean,https://www.edgeprop.sg/condo-apartment/symphony-suites,symphony-suites
SYMPHONY SUITES,YISHUN,27,11 Jul 2024,19 Yishun Close #02-XX,19 Yishun Close,4,1271,1300000,Condominium,99 Yrs From 10/06/2014,Resale,1023,95.04,Strata,HDB,URA,not_clean,https://www.edgeprop.sg/condo-apartment/symphony-suites,symphony-suites
SYMPHONY SUITES,YISHUN,27,27 Jun 2024,1 Yishun Close #09-XX,1 Yishun Close,3,1381,1085000,Condominium,99 Yrs From 10/06/2014,Resale,786,73.022,Strata,HDB,URA,not_clean,https://www.edgeprop.sg/condo-apartment/symphony-suites,symphony-suites
SYMPHONY SUITES,YISHUN,27,18 Jun 2024,17 Yishun Close #11-XX,17 Yishun Close,3,1298,1160000,Condominium,99 Yrs From 10/06/2014,Resale,893,82.962,Strata,Private,URA,not_clean,https://www.edgeprop.sg/condo-apartment/symphony-suites,symphony-suites
SYMPHONY SUITES,YISHUN,27,14 Jun 2024,5 Yishun Close #02-XX,5 Yishun Close,4,1291,1320000,Condominium,99 Yrs From 10/06/2014,Resale,1023,95.04,Strata,HDB,URA,not_clean,https://www.edgeprop.sg/condo-apartment/symphony-suites,symphony-suites
SYMPHONY SUITES,YISHUN,27,10 Jun 2024,9 Yishun Close #15-XX,9 Yishun Close,3,1333,1220000,Condominium,99 Yrs From 10/06/2014,Resale,915,85.006,Strata,HDB,URA,not_clean,https://www.edgeprop.sg/condo-apartment/symphony-suites,symphony-suites
SYMPHONY SUITES,YISHUN,27,30 May 2024,5 Yishun Close #06-XX,5 Yishun Close,3,1268,1010000,Condominium,99 Yrs From 10/06/2014,Resale,797,74.044,Strata,HDB,URA,not_clean,https://www.edgeprop.sg/condo-apartment/symphony-suites,symphony-suites
SYMPHONY SUITES,YISHUN,27,27 May 2024,17 Yishun Close #14-XX,17 Yishun Close,4,1296,1325000,Condominium,99 Yrs From 10/06/2014,Resale,1023,95.04,Strata,Private,URA,not_clean,https://www.edgeprop.sg/condo-apartment/symphony-suites,symphony-suites
SYMPHONY SUITES,YISHUN,27,17 May 2024,21 Yishun Close #05-XX,21 Yishun Close,3,1257,988000,Condominium,99 Yrs From 10/06/2014,Resale,786,73.022,Strata,Private,URA,not_clean,https://www.edgeprop.sg/condo-apartment/symphony-suites,symphony-suites
SYMPHONY SUITES,YISHUN,27,16 May 2024,3 Yishun Close #03-XX,3 Yishun Close,4,1252,1280000,Condominium,99 Yrs From 10/06/2014,Resale,1023,95.04,Strata,HDB,URA,not_clean,https://www.edgeprop.sg/condo-apartment/symphony-suites,symphony-suites
SYMPHONY SUITES,YISHUN,27,10 May 2024,15 Yishun Close #09-XX,15 Yishun Close,3,1336,1050000,Condominium,99 Yrs From 10/06/2014,Resale,786,73.022,Strata,HDB,URA,not_clean,https://www.edgeprop.sg/condo-apartment/symphony-suites,symphony-suites
SYMPHONY SUITES,YISHUN,27,9 May 2024,13 Yishun Close #14-XX,13 Yishun Close,3,1301,1190000,Condominium,99 Yrs From 10/06/2014,Resale,915,85.006,Strata,Private,URA,not_clean,https://www.edgeprop.sg/condo-apartment/symphony-suites,symphony-suites
SYMPHONY SUITES,YISHUN,27,2 May 2024,7 Yishun Close #01-XX,7 Yishun Close,2,1260,868000,Condominium,99 Yrs From 10/06/2014,Resale,689,64.01,Strata,Private,URA,not_clean,https://www.edgeprop.sg/condo-apartment/symphony-suites,symphony-suites
SYMPHONY SUITES,YISHUN,27,23 Apr 2024,19 Yishun Close #15-XX,19 Yishun Close,3,1318,1050000,Condominium,99 Yrs From 10/06/2014,Resale,797,74.044,Strata,HDB,URA,not_clean,https://www.edgeprop.sg/condo-apartment/symphony-suites,symphony-suites
SYMPHONY SUITES,YISHUN,27,23 Apr 2024,1 Yishun Close #14-XX,1 Yishun Close,2,1321,910000,Condominium,99 Yrs From 10/06/2014,Resale,689,64.01,Strata,Private,URA,not_clean,https://www.edgeprop.sg/condo-apartment/symphony-suites,symphony-suites
SYMPHONY SUITES,YISHUN,27,23 Apr 2024,13 Yishun Close #07-XX,13 Yishun Close,3,1282,1172500,Condominium,99 Yrs From 10/06/2014,Resale,915,85.006,Strata,HDB,URA,not_clean,https://www.edgeprop.sg/condo-apartment/symphony-suites,symphony-suites
SYMPHONY SUITES,YISHUN,27,8 Apr 2024,15 Yishun Close #03-XX,15 Yishun Close,3,1266,995000,Condominium,99 Yrs From 10/06/2014,Resale,786,73.022,Strata,HDB,URA,not_clean,https://www.edgeprop.sg/condo-apartment/symphony-suites,symphony-suites
SYMPHONY SUITES,YISHUN,27,5 Apr 2024,7 Yishun Close #12-XX,7 Yishun Close,3,1298,1020000,Condominium,99 Yrs From 10/06/2014,Resale,786,73.022,Strata,HDB,URA,not_clean,https://www.edgeprop.sg/condo-apartment/symphony-suites,symphony-suites
SYMPHONY SUITES,YISHUN,27,1 Apr 2024,1 Yishun Close #07-XX,1 Yishun Close,2,1289,888000,Condominium,99 Yrs From 10/06/2014,Resale,689,64.01,Strata,Private,URA,not_clean,https://www.edgeprop.sg/condo-apartment/symphony-suites,symphony-suites
SYMPHONY SUITES,YISHUN,27,14 Mar 2024,7 Yishun Close #10-XX,7 Yishun Close,2,1304,898000,Condominium,99 Yrs From 10/06/2014,Resale,689,64.01,Strata,Private,URA,not_clean,https://www.edgeprop.sg/condo-apartment/symphony-suites,symphony-suites
SYMPHONY SUITES,YISHUN,27,27 Feb 2024,17 Yishun Close #02-XX,17 Yishun Close,2,1248,860000,Condominium,99 Yrs From 10/06/2014,Resale,689,64.01,Strata,HDB,URA,not_clean,https://www.edgeprop.sg/condo-apartment/symphony-suites,symphony-suites
SYMPHONY SUITES,YISHUN,27,20 Feb 2024,13 Yishun Close #14-XX,13 Yishun Close,4,1279,1308000,Condominium,99 Yrs From 10/06/2014,Resale,1023,95.04,Strata,Private,URA,not_clean,https://www.edgeprop.sg/condo-apartment/symphony-suites,symphony-suites
SYMPHONY SUITES,YISHUN,27,5 Feb 2024,5 Yishun Close #11-XX,5 Yishun Close,4,1265,1294000,Condominium,99 Yrs From 10/06/2014,Resale,1023,95.04,Strata,Private,URA,not_clean,https://www.edgeprop.sg/condo-apartment/symphony-suites,symphony-suites
SYMPHONY SUITES,YISHUN,27,18 Jan 2024,15 Yishun Close #01-XX,15 Yishun Close,2,1248,860000,Condominium,99 Yrs From 10/06/2014,Resale,689,64.01,Strata,HDB,URA,not_clean,https://www.edgeprop.sg/condo-apartment/symphony-suites,symphony-suites
SYMPHONY SUITES,YISHUN,27,17 Jan 2024,13 Yishun Close #08-XX,13 Yishun Close,3,1279,1170000,Condominium,99 Yrs From 10/06/2014,Resale,915,85.006,Strata,HDB,URA,not_clean,https://www.edgeprop.sg/condo-apartment/symphony-suites,symphony-suites
SYMPHONY SUITES,YISHUN,27,3 Jan 2024,1 Yishun Close #11-XX,1 Yishun Close,3,1298,1020000,Condominium,99 Yrs From 10/06/2014,Resale,786,73.022,Strata,HDB,URA,not_clean,https://www.edgeprop.sg/condo-apartment/symphony-suites,symphony-suites
SYMPHONY SUITES,YISHUN,27,29 Dec 2023,3 Yishun Close #04-XX,3 Yishun Close,3,1218,970000,Condominium,99 Yrs From 10/06/2014,Resale,797,74.044,Strata,Private,URA,not_clean,https://www.edgeprop.sg/condo-apartment/symphony-suites,symphony-suites
SYMPHONY SUITES,YISHUN,27,28 Dec 2023,13 Yishun Close #04-XX,13 Yishun Close,4,1232,1260000,Condominium,99 Yrs From 10/06/2014,Resale,1023,95.04,Strata,HDB,URA,not_clean,https://www.edgeprop.sg/condo-apartment/symphony-suites,symphony-suites
SYMPHONY SUITES,YISHUN,27,27 Dec 2023,17 Yishun Close #03-XX,17 Yishun Close,3,1230,980000,Condominium,99 Yrs From 10/06/2014,Resale,797,74.044,Strata,HDB,URA,not_clean,https://www.edgeprop.sg/condo-apartment/symphony-suites,symphony-suites
SYMPHONY SUITES,YISHUN,27,21 Dec 2023,15 Yishun Close #08-XX,15 Yishun Close,3,1273,1000000,Condominium,99 Yrs From 10/06/2014,Resale,786,73.022,Strata,Private,URA,not_clean,https://www.edgeprop.sg/condo-apartment/symphony-suites,symphony-suites
SYMPHONY SUITES,YISHUN,27,14 Dec 2023,9 Yishun Close #11-XX,9 Yishun Close,3,1224,1120000,Condominium,99 Yrs From 10/06/2014,Resale,915,85.006,Strata,HDB,URA,not_clean,https://www.edgeprop.sg/condo-apartment/symphony-suites,symphony-suites
SYMPHONY SUITES,YISHUN,27,11 Dec 2023,11 Yishun Close #09-XX,11 Yishun Close,3,1279,1170000,Condominium,99 Yrs From 10/06/2014,Resale,915,85.006,Strata,Private,URA,not_clean,https://www.edgeprop.sg/condo-apartment/symphony-suites,symphony-suites
SYMPHONY SUITES,YISHUN,27,27 Nov 2023,5 Yishun Close #08-XX,5 Yishun Close,3,1219,1088888,Condominium,99 Yrs From 10/06/2014,Resale,893,82.962,Strata,HDB,URA,not_clean,https://www.edgeprop.sg/condo-apartment/symphony-suites,symphony-suites
SYMPHONY SUITES,YISHUN,27,3 Nov 2023,13 Yishun Close #11-XX,13 Yishun Close,3,1235,1130000,Condominium,99 Yrs From 10/06/2014,Resale,915,85.006,Strata,Private,URA,not_clean,https://www.edgeprop.sg/condo-apartment/symphony-suites,symphony-suites
SYMPHONY SUITES,YISHUN,27,1 Nov 2023,19 Yishun Close #11-XX,19 Yishun Close,3,1254,1120000,Condominium,99 Yrs From 10/06/2014,Resale,893,82.962,Strata,HDB,URA,not_clean,https://www.edgeprop.sg/condo-apartment/symphony-suites,symphony-suites
SYMPHONY SUITES,YISHUN,27,11 Oct 2023,11 Yishun Close #06-XX,11 Yishun Close,3,1169,1070000,Condominium,99 Yrs From 10/06/2014,Resale,915,85.006,Strata,HDB,URA,not_clean,https://www.edgeprop.sg/condo-apartment/symphony-suites,symphony-suites
SYMPHONY SUITES,YISHUN,27,2 Oct 2023,5 Yishun Close #01-XX,5 Yishun Close,4,1222,1250000,Condominium,99 Yrs From 10/06/2014,Resale,1023,95.04,Strata,HDB,URA,not_clean,https://www.edgeprop.sg/condo-apartment/symphony-suites,symphony-suites
SYMPHONY SUITES,YISHUN,27,14 Sep 2023,3 Yishun Close #02-XX,3 Yishun Close,3,1195,1068000,Condominium,99 Yrs From 10/06/2014,Resale,893,82.962,Strata,Private,URA,not_clean,https://www.edgeprop.sg/condo-apartment/symphony-suites,symphony-suites
SYMPHONY SUITES,YISHUN,27,8 Sep 2023,19 Yishun Close #04-XX,19 Yishun Close,2,1260,868000,Condominium,99 Yrs From 10/06/2014,Resale,689,64.01,Strata,HDB,URA,not_clean,https://www.edgeprop.sg/condo-apartment/symphony-suites,symphony-suites
SYMPHONY SUITES,YISHUN,27,14 Aug 2023,13 Yishun Close #11-XX,13 Yishun Close,4,1271,1300000,Condominium,99 Yrs From 10/06/2014,Resale,1023,95.04,Strata,HDB,URA,not_clean,https://www.edgeprop.sg/condo-apartment/symphony-suites,symphony-suites
SYMPHONY SUITES,YISHUN,27,14 Jul 2023,15 Yishun Close #04-XX,15 Yishun Close,3,1190,935000,Condominium,99 Yrs From 10/06/2014,Resale,786,73.022,Strata,HDB,URA,not_clean,https://www.edgeprop.sg/condo-apartment/symphony-suites,symphony-suites
SYMPHONY SUITES,YISHUN,27,3 Jul 2023,17 Yishun Close #12-XX,17 Yishun Close,2,1306,900000,Condominium,99 Yrs From 10/06/2014,Resale,689,64.01,Strata,Private,URA,not_clean,https://www.edgeprop.sg/condo-apartment/symphony-suites,symphony-suites
SYMPHONY SUITES,YISHUN,27,30 Jun 2023,9 Yishun Close #09-XX,9 Yishun Close,4,1262,1290000,Condominium,99 Yrs From 10/06/2014,Resale,1023,95.04,Strata,Private,URA,not_clean,https://www.edgeprop.sg/condo-apartment/symphony-suites,symphony-suites
SYMPHONY SUITES,YISHUN,27,26 Jun 2023,1 Yishun Close #08-XX,1 Yishun Close,3,1273,1000000,Condominium,99 Yrs From 10/06/2014,Resale,786,73.022,Strata,Private,URA,not_clean,https://www.edgeprop.sg/condo-apartment/symphony-suites,symphony-suites
SYMPHONY SUITES,YISHUN,27,9 Jun 2023,3 Yishun Close #04-XX,3 Yishun Close,4,1220,1248000,Condominium,99 Yrs From 10/06/2014,Resale,1023,95.04,Strata,HDB,URA,not_clean,https://www.edgeprop.sg/condo-apartment/symphony-suites,symphony-suites
SYMPHONY SUITES,YISHUN,27,7 Jun 2023,5 Yishun Close #05-XX,5 Yishun Close,2,1299,895000,Condominium,99 Yrs From 10/06/2014,Resale,689,64.01,Strata,HDB,URA,not_clean,https://www.edgeprop.sg/condo-apartment/symphony-suites,symphony-suites
SYMPHONY SUITES,YISHUN,27,15 May 2023,1 Yishun Close #09-XX,1 Yishun Close,2,1275,878000,Condominium,99 Yrs From 10/06/2014,Resale,689,64.01,Strata,HDB,URA,not_clean,https://www.edgeprop.sg/condo-apartment/symphony-suites,symphony-suites
SYMPHONY SUITES,YISHUN,27,27 Apr 2023,21 Yishun Close #08-XX,21 Yishun Close,2,1263,870000,Condominium,99 Yrs From 10/06/2014,Resale,689,64.01,Strata,HDB,URA,not_clean,https://www.edgeprop.sg/condo-apartment/symphony-suites,symphony-suites
SYMPHONY SUITES,YISHUN,27,17 Apr 2023,11 Yishun Close #13-XX,11 Yishun Close,3,1235,1130000,Condominium,99 Yrs From 10/06/2014,Resale,915,85.006,Strata,Private,URA,not_clean,https://www.edgeprop.sg/condo-apartment/symphony-suites,symphony-suites
SYMPHONY SUITES,YISHUN,27,10 Apr 2023,5 Yishun Close #08-XX,5 Yishun Close,3,1211,965000,Condominium,99 Yrs From 10/06/2014,Resale,797,74.044,Strata,HDB,URA,not_clean,https://www.edgeprop.sg/condo-apartment/symphony-suites,symphony-suites
SYMPHONY SUITES,YISHUN,27,28 Mar 2023,9 Yishun Close #06-XX,9 Yishun Close,4,1222,1250000,Condominium,99 Yrs From 10/06/2014,Resale,1023,95.04,Strata,Private,URA,not_clean,https://www.edgeprop.sg/condo-apartment/symphony-suites,symphony-suites
SYMPHONY SUITES,YISHUN,27,24 Mar 2023,19 Yishun Close #10-XX,19 Yishun Close,3,1231,1100000,Condominium,99 Yrs From 10/06/2014,Resale,893,82.962,Strata,Private,URA,not_clean,https://www.edgeprop.sg/condo-apartment/symphony-suites,symphony-suites
SYMPHONY SUITES,YISHUN,27,23 Mar 2023,17 Yishun Close #03-XX,17 Yishun Close,2,1264,870688,Condominium,99 Yrs From 10/06/2014,Resale,689,64.01,Strata,Private,URA,not_clean,https://www.edgeprop.sg/condo-apartment/symphony-suites,symphony-suites
SYMPHONY SUITES,YISHUN,27,22 Mar 2023,7 Yishun Close #10-XX,7 Yishun Close,2,1266,872000,Condominium,99 Yrs From 10/06/2014,Resale,689,64.01,Strata,Private,URA,not_clean,https://www.edgeprop.sg/condo-apartment/symphony-suites,symphony-suites
SYMPHONY SUITES,YISHUN,27,22 Mar 2023,19 Yishun Close #08-XX,19 Yishun Close,4,1260,1288000,Condominium,99 Yrs From 10/06/2014,Resale,1023,95.04,Strata,HDB,URA,not_clean,https://www.edgeprop.sg/condo-apartment/symphony-suites,symphony-suites
SYMPHONY SUITES,YISHUN,27,20 Mar 2023,15 Yishun Close #13-XX,15 Yishun Close,3,1228,965000,Condominium,99 Yrs From 10/06/2014,Resale,786,73.022,Strata,Private,URA,not_clean,https://www.edgeprop.sg/condo-apartment/symphony-suites,symphony-suites
SYMPHONY SUITES,YISHUN,27,14 Mar 2023,19 Yishun Close #12-XX,19 Yishun Close,2,1275,878000,Condominium,99 Yrs From 10/06/2014,Resale,689,64.01,Strata,Private,URA,not_clean,https://www.edgeprop.sg/condo-apartment/symphony-suites,symphony-suites
SYMPHONY SUITES,YISHUN,27,13 Mar 2023,3 Yishun Close #10-XX,3 Yishun Close,2,1270,875000,Condominium,99 Yrs From 10/06/2014,Resale,689,64.01,Strata,Private,URA,not_clean,https://www.edgeprop.sg/condo-apartment/symphony-suites,symphony-suites
SYMPHONY SUITES,YISHUN,27,2 Mar 2023,11 Yishun Close #03-XX,11 Yishun Close,3,1157,1058888,Condominium,99 Yrs From 10/06/2014,Resale,915,85.006,Strata,HDB,URA,not_clean,https://www.edgeprop.sg/condo-apartment/symphony-suites,symphony-suites
SYMPHONY SUITES,YISHUN,27,20 Feb 2023,13 Yishun Close #03-XX,13 Yishun Close,4,1232,1260000,Condominium,99 Yrs From 10/06/2014,Resale,1023,95.04,Strata,HDB,URA,not_clean,https://www.edgeprop.sg/condo-apartment/symphony-suites,symphony-suites
SYMPHONY SUITES,YISHUN,27,20 Feb 2023,17 Yishun Close #01-XX,17 Yishun Close,4,1242,1270000,Condominium,99 Yrs From 10/06/2014,Resale,1023,95.04,Strata,HDB,URA,not_clean,https://www.edgeprop.sg/condo-apartment/symphony-suites,symphony-suites
SYMPHONY SUITES,YISHUN,27,3 Feb 2023,5 Yishun Close #10-XX,5 Yishun Close,3,1264,1128888,Condominium,99 Yrs From 10/06/2014,Resale,893,82.962,Strata,HDB,URA,not_clean,https://www.edgeprop.sg/condo-apartment/symphony-suites,symphony-suites
SYMPHONY SUITES,YISHUN,27,27 Jan 2023,11 Yishun Close #15-XX,11 Yishun Close,4,1252,1280000,Condominium,99 Yrs From 10/06/2014,Resale,1023,95.04,Strata,Private,URA,not_clean,https://www.edgeprop.sg/condo-apartment/symphony-suites,symphony-suites
SYMPHONY SUITES,YISHUN,27,28 Dec 2022,3 Yishun Close #14-XX,3 Yishun Close,3,1208,962000,Condominium,99 Yrs From 10/06/2014,Resale,797,74.044,Strata,HDB,URA,not_clean,https://www.edgeprop.sg/condo-apartment/symphony-suites,symphony-suites
SYMPHONY SUITES,YISHUN,27,16 Dec 2022,17 Yishun Close #05-XX,17 Yishun Close,4,1165,1191000,Condominium,99 Yrs From 10/06/2014,Resale,1023,95.04,Strata,Private,URA,not_clean,https://www.edgeprop.sg/condo-apartment/symphony-suites,symphony-suites
SYMPHONY SUITES,YISHUN,27,13 Dec 2022,3 Yishun Close #13-XX,3 Yishun Close,3,1274,1138000,Condominium,99 Yrs From 10/06/2014,Resale,893,82.962,Strata,Private,URA,not_clean,https://www.edgeprop.sg/condo-apartment/symphony-suites,symphony-suites
SYMPHONY SUITES,YISHUN,27,7 Dec 2022,17 YISHUN CLOSE #06-XX,17 YISHUN CLOSE,4,1213,1240000,Condominium,99 Yrs From 10/06/2014,Resale,1023,95.04,Strata,Private,URA,not_clean,https://www.edgeprop.sg/condo-apartment/symphony-suites,symphony-suites
SYMPHONY SUITES,YISHUN,27,15 Nov 2022,1 Yishun Close #12-XX,1 Yishun Close,2,1234,850000,Condominium,99 Yrs From 10/06/2014,Resale,689,64.01,Strata,HDB,URA,not_clean,https://www.edgeprop.sg/condo-apartment/symphony-suites,symphony-suites
SYMPHONY SUITES,YISHUN,27,11 Nov 2022,9 Yishun Close #04-XX,9 Yishun Close,4,1174,1200000,Condominium,99 Yrs From 10/06/2014,Resale,1023,95.04,Strata,Private,URA,not_clean,https://www.edgeprop.sg/condo-apartment/symphony-suites,symphony-suites
SYMPHONY SUITES,YISHUN,27,9 Nov 2022,21 Yishun Close #11-XX,21 Yishun Close,2,1205,830000,Condominium,99 Yrs From 10/06/2014,Resale,689,64.01,Strata,Private,URA,not_clean,https://www.edgeprop.sg/condo-apartment/symphony-suites,symphony-suites
SYMPHONY SUITES,YISHUN,27,4 Nov 2022,5 Yishun Close #04-XX,5 Yishun Close,3,1173,1048000,Condominium,99 Yrs From 10/06/2014,Resale,893,82.962,Strata,Private,URA,not_clean,https://www.edgeprop.sg/condo-apartment/symphony-suites,symphony-suites
SYMPHONY SUITES,YISHUN,27,2 Nov 2022,11 Yishun Close #02-XX,11 Yishun Close,3,1157,1058888,Condominium,99 Yrs From 10/06/2014,Resale,915,85.006,Strata,Private,URA,not_clean,https://www.edgeprop.sg/condo-apartment/symphony-suites,symphony-suites
SYMPHONY SUITES,YISHUN,27,27 Oct 2022,1 Yishun Close #04-XX,1 Yishun Close,3,1203,945000,Condominium,99 Yrs From 10/06/2014,Resale,786,73.022,Strata,HDB,URA,not_clean,https://www.edgeprop.sg/condo-apartment/symphony-suites,symphony-suites
SYMPHONY SUITES,YISHUN,27,20 Oct 2022,3 Yishun Close #07-XX,3 Yishun Close,2,1234,850000,Condominium,99 Yrs From 10/06/2014,Resale,689,64.01,Strata,HDB,URA,not_clean,https://www.edgeprop.sg/condo-apartment/symphony-suites,symphony-suites
SYMPHONY SUITES,YISHUN,27,18 Oct 2022,9 Yishun Close #08-XX,9 Yishun Close,3,1190,1088888,Condominium,99 Yrs From 10/06/2014,Resale,915,85.006,Strata,Private,URA,not_clean,https://www.edgeprop.sg/condo-apartment/symphony-suites,symphony-suites
SYMPHONY SUITES,YISHUN,27,4 Oct 2022,21 Yishun Close #12-XX,21 Yishun Close,3,1237,972000,Condominium,99 Yrs From 10/06/2014,Resale,786,73.022,Strata,Private,URA,not_clean,https://www.edgeprop.sg/condo-apartment/symphony-suites,symphony-suites
SYMPHONY SUITES,YISHUN,27,29 Sep 2022,17 Yishun Close #09-XX,17 Yishun Close,2,1241,855000,Condominium,99 Yrs From 10/06/2014,Resale,689,64.01,Strata,HDB,URA,not_clean,https://www.edgeprop.sg/condo-apartment/symphony-suites,symphony-suites
SYMPHONY SUITES,YISHUN,27,27 Sep 2022,13 Yishun Close #15-XX,13 Yishun Close,4,1227,1255000,Condominium,99 Yrs From 10/06/2014,Resale,1023,95.04,Strata,Private,URA,not_clean,https://www.edgeprop.sg/condo-apartment/symphony-suites,symphony-suites
SYMPHONY SUITES,YISHUN,27,23 Sep 2022,19 Yishun Close #12-XX,19 Yishun Close,3,1191,1064000,Condominium,99 Yrs From 10/06/2014,Resale,893,82.962,Strata,Private,URA,not_clean,https://www.edgeprop.sg/condo-apartment/symphony-suites,symphony-suites
SYMPHONY SUITES,YISHUN,27,23 Sep 2022,1 Yishun Close #06-XX,1 Yishun Close,2,1190,820000,Condominium,99 Yrs From 10/06/2014,Resale,689,64.01,Strata,HDB,URA,not_clean,https://www.edgeprop.sg/condo-apartment/symphony-suites,symphony-suites
SYMPHONY SUITES,YISHUN,27,16 Sep 2022,9 YISHUN CLOSE #10-XX,9 YISHUN CLOSE,3,1175,1075000,Condominium,99 Yrs From 10/06/2014,Resale,915,85.006,Strata,HDB,URA,not_clean,https://www.edgeprop.sg/condo-apartment/symphony-suites,symphony-suites
SYMPHONY SUITES,YISHUN,27,5 Sep 2022,9 Yishun Close #10-XX,9 Yishun Close,4,1218,1245000,Condominium,99 Yrs From 10/06/2014,Resale,1023,95.04,Strata,Private,URA,not_clean,https://www.edgeprop.sg/condo-apartment/symphony-suites,symphony-suites
SYMPHONY SUITES,YISHUN,27,18 Aug 2022,11 Yishun Close #04-XX,11 Yishun Close,3,1159,1060000,Condominium,99 Yrs From 10/06/2014,Resale,915,85.006,Strata,HDB,URA,not_clean,https://www.edgeprop.sg/condo-apartment/symphony-suites,symphony-suites
SYMPHONY SUITES,YISHUN,27,17 Aug 2022,1 Yishun Close #10-XX,1 Yishun Close,2,1234,850000,Condominium,99 Yrs From 10/06/2014,Resale,689,64.01,Strata,HDB,URA,not_clean,https://www.edgeprop.sg/condo-apartment/symphony-suites,symphony-suites
SYMPHONY SUITES,YISHUN,27,15 Aug 2022,3 Yishun Close #03-XX,3 Yishun Close,3,1209,1080000,Condominium,99 Yrs From 10/06/2014,Resale,893,82.962,Strata,Private,URA,not_clean,https://www.edgeprop.sg/condo-apartment/symphony-suites,symphony-suites
SYMPHONY SUITES,YISHUN,27,12 Aug 2022,7 Yishun Close #05-XX,7 Yishun Close,2,1205,830000,Condominium,99 Yrs From 10/06/2014,Resale,689,64.01,Strata,HDB,URA,not_clean,https://www.edgeprop.sg/condo-apartment/symphony-suites,symphony-suites
SYMPHONY SUITES,YISHUN,27,1 Aug 2022,19 YISHUN CLOSE #01-XX,19 YISHUN CLOSE,4,1174,1200000,Condominium,99 Yrs From 10/06/2014,Resale,1023,95.04,Strata,HDB,URA,not_clean,https://www.edgeprop.sg/condo-apartment/symphony-suites,symphony-suites
SYMPHONY SUITES,YISHUN,27,26 Jul 2022,17 Yishun Close #01-XX,17 Yishun Close,3,1116,888888,Condominium,99 Yrs From 10/06/2014,Resale,797,74.044,Strata,Private,URA,not_clean,https://www.edgeprop.sg/condo-apartment/symphony-suites,symphony-suites
SYMPHONY SUITES,YISHUN,27,25 Jul 2022,11 Yishun Close #05-XX,11 Yishun Close,3,1169,1070000,Condominium,99 Yrs From 10/06/2014,Resale,915,85.006,Strata,HDB,URA,not_clean,https://www.edgeprop.sg/condo-apartment/symphony-suites,symphony-suites
SYMPHONY SUITES,YISHUN,27,15 Jul 2022,7 Yishun Close #01-XX,7 Yishun Close,3,1171,920000,Condominium,99 Yrs From 10/06/2014,Resale,786,73.022,Strata,HDB,URA,not_clean,https://www.edgeprop.sg/condo-apartment/symphony-suites,symphony-suites
SYMPHONY SUITES,YISHUN,27,1 Jul 2022,7 Yishun Close #03-XX,7 Yishun Close,3,1171,920000,Condominium,99 Yrs From 10/06/2014,Resale,786,73.022,Strata,HDB,URA,not_clean,https://www.edgeprop.sg/condo-apartment/symphony-suites,symphony-suites
SYMPHONY SUITES,YISHUN,27,28 Jun 2022,13 Yishun Close #07-XX,13 Yishun Close,4,1230,1258000,Condominium,99 Yrs From 10/06/2014,Resale,1023,95.04,Strata,HDB,URA,not_clean,https://www.edgeprop.sg/condo-apartment/symphony-suites,symphony-suites
SYMPHONY SUITES,YISHUN,27,23 Jun 2022,7 Yishun Close #04-XX,7 Yishun Close,3,1184,930000,Condominium,99 Yrs From 10/06/2014,Resale,786,73.022,Strata,HDB,URA,not_clean,https://www.edgeprop.sg/condo-apartment/symphony-suites,symphony-suites
SYMPHONY SUITES,YISHUN,27,23 Jun 2022,1 Yishun Close #11-XX,1 Yishun Close,2,1212,835000,Condominium,99 Yrs From 10/06/2014,Resale,689,64.01,Strata,HDB,URA,not_clean,https://www.edgeprop.sg/condo-apartment/symphony-suites,symphony-suites
SYMPHONY SUITES,YISHUN,27,3 Jun 2022,5 Yishun Close #09-XX,5 Yishun Close,3,1174,935000,Condominium,99 Yrs From 10/06/2014,Resale,797,74.044,Strata,Private,URA,not_clean,https://www.edgeprop.sg/condo-apartment/symphony-suites,symphony-suites
SYMPHONY SUITES,YISHUN,27,30 May 2022,17 Yishun Close #13-XX,17 Yishun Close,4,1174,1200000,Condominium,99 Yrs From 10/06/2014,Resale,1023,95.04,Strata,HDB,URA,not_clean,https://www.edgeprop.sg/condo-apartment/symphony-suites,symphony-suites
SYMPHONY SUITES,YISHUN,27,30 May 2022,19 Yishun Close #09-XX,19 Yishun Close,3,1195,1068000,Condominium,99 Yrs From 10/06/2014,Resale,893,82.962,Strata,HDB,URA,not_clean,https://www.edgeprop.sg/condo-apartment/symphony-suites,symphony-suites
SYMPHONY SUITES,YISHUN,27,26 May 2022,17 Yishun Close #03-XX,17 Yishun Close,3,1119,1000000,Condominium,99 Yrs From 10/06/2014,Resale,893,82.962,Strata,HDB,URA,not_clean,https://www.edgeprop.sg/condo-apartment/symphony-suites,symphony-suites
SYMPHONY SUITES,YISHUN,27,20 May 2022,13 Yishun Close #10-XX,13 Yishun Close,4,1230,1258000,Condominium,99 Yrs From 10/06/2014,Resale,1023,95.04,Strata,HDB,URA,not_clean,https://www.edgeprop.sg/condo-apartment/symphony-suites,symphony-suites
SYMPHONY SUITES,YISHUN,27,6 May 2022,7 Yishun Close #07-XX,7 Yishun Close,3,1177,925000,Condominium,99 Yrs From 10/06/2014,Resale,786,73.022,Strata,HDB,URA,not_clean,https://www.edgeprop.sg/condo-apartment/symphony-suites,symphony-suites
SYMPHONY SUITES,YISHUN,27,4 May 2022,5 Yishun Close #02-XX,5 Yishun Close,3,1105,880000,Condominium,99 Yrs From 10/06/2014,Resale,797,74.044,Strata,HDB,URA,not_clean,https://www.edgeprop.sg/condo-apartment/symphony-suites,symphony-suites
SYMPHONY SUITES,YISHUN,27,29 Apr 2022,3 Yishun Close #10-XX,3 Yishun Close,4,1213,1240888,Condominium,99 Yrs From 10/06/2014,Resale,1023,95.04,Strata,HDB,URA,not_clean,https://www.edgeprop.sg/condo-apartment/symphony-suites,symphony-suites
SYMPHONY SUITES,YISHUN,27,27 Apr 2022,9 Yishun Close #02-XX,9 Yishun Close,4,1164,1190000,Condominium,99 Yrs From 10/06/2014,Resale,1023,95.04,Strata,HDB,URA,not_clean,https://www.edgeprop.sg/condo-apartment/symphony-suites,symphony-suites
SYMPHONY SUITES,YISHUN,27,21 Apr 2022,21 Yishun Close #14-XX,21 Yishun Close,3,1196,940000,Condominium,99 Yrs From 10/06/2014,Resale,786,73.022,Strata,HDB,URA,not_clean,https://www.edgeprop.sg/condo-apartment/symphony-suites,symphony-suites
SYMPHONY SUITES,YISHUN,27,20 Apr 2022,1 Yishun Close #12-XX,1 Yishun Close,3,1204,946000,Condominium,99 Yrs From 10/06/2014,Resale,786,73.022,Strata,Private,URA,not_clean,https://www.edgeprop.sg/condo-apartment/symphony-suites,symphony-suites
SYMPHONY SUITES,YISHUN,27,4 Apr 2022,1 Yishun Close #07-XX,1 Yishun Close,3,1181,928000,Condominium,99 Yrs From 10/06/2014,Resale,786,73.022,Strata,Private,URA,not_clean,https://www.edgeprop.sg/condo-apartment/symphony-suites,symphony-suites
SYMPHONY SUITES,YISHUN,27,1 Apr 2022,5 Yishun Close #06-XX,5 Yishun Close,4,1159,1185000,Condominium,99 Yrs From 10/06/2014,Resale,1023,95.04,Strata,Private,URA,not_clean,https://www.edgeprop.sg/condo-apartment/symphony-suites,symphony-suites
SYMPHONY SUITES,YISHUN,27,31 Mar 2022,7 Yishun Close #13-XX,7 Yishun Close,2,1219,840000,Condominium,99 Yrs From 10/06/2014,Resale,689,64.01,Strata,HDB,URA,not_clean,https://www.edgeprop.sg/condo-apartment/symphony-suites,symphony-suites
SYMPHONY SUITES,YISHUN,27,30 Mar 2022,21 Yishun Close #08-XX,21 Yishun Close,3,1181,928000,Condominium,99 Yrs From 10/06/2014,Resale,786,73.022,Strata,HDB,URA,not_clean,https://www.edgeprop.sg/condo-apartment/symphony-suites,symphony-suites
SYMPHONY SUITES,YISHUN,27,24 Mar 2022,1 Yishun Close #09-XX,1 Yishun Close,3,1164,915000,Condominium,99 Yrs From 10/06/2014,Resale,786,73.022,Strata,HDB,URA,not_clean,https://www.edgeprop.sg/condo-apartment/symphony-suites,symphony-suites
SYMPHONY SUITES,YISHUN,27,24 Mar 2022,19 Yishun Close #07-XX,19 Yishun Close,4,1154,1180000,Condominium,99 Yrs From 10/06/2014,Resale,1023,95.04,Strata,Private,URA,not_clean,https://www.edgeprop.sg/condo-apartment/symphony-suites,symphony-suites
SYMPHONY SUITES,YISHUN,27,15 Mar 2022,7 Yishun Close #03-XX,7 Yishun Close,2,1147,790000,Condominium,99 Yrs From 10/06/2014,Resale,689,64.01,Strata,HDB,URA,not_clean,https://www.edgeprop.sg/condo-apartment/symphony-suites,symphony-suites
SYMPHONY SUITES,YISHUN,27,10 Mar 2022,13 Yishun Close #11-XX,13 Yishun Close,4,1193,1220000,Condominium,99 Yrs From 10/06/2014,Resale,1023,95.04,Strata,HDB,URA,not_clean,https://www.edgeprop.sg/condo-apartment/symphony-suites,symphony-suites
SYMPHONY SUITES,YISHUN,27,10 Mar 2022,5 Yishun Close #15-XX,5 Yishun Close,2,1195,823000,Condominium,99 Yrs From 10/06/2014,Resale,689,64.01,Strata,HDB,URA,not_clean,https://www.edgeprop.sg/condo-apartment/symphony-suites,symphony-suites
SYMPHONY SUITES,YISHUN,27,2 Mar 2022,13 Yishun Close #13-XX,13 Yishun Close,4,1222,1250000,Condominium,99 Yrs From 10/06/2014,Resale,1023,95.04,Strata,Private,URA,not_clean,https://www.edgeprop.sg/condo-apartment/symphony-suites,symphony-suites
SYMPHONY SUITES,YISHUN,27,25 Feb 2022,1 Yishun Close #12-XX,1 Yishun Close,3,1158,910000,Condominium,99 Yrs From 10/06/2014,Resale,786,73.022,Strata,Private,URA,not_clean,https://www.edgeprop.sg/condo-apartment/symphony-suites,symphony-suites
SYMPHONY SUITES,YISHUN,27,21 Feb 2022,1 Yishun Close #01-XX,1 Yishun Close,3,1199,942000,Condominium,99 Yrs From 10/06/2014,Resale,786,73.022,Strata,Private,URA,not_clean,https://www.edgeprop.sg/condo-apartment/symphony-suites,symphony-suites
SYMPHONY SUITES,YISHUN,27,14 Feb 2022,7 Yishun Close #04-XX,7 Yishun Close,3,1164,915000,Condominium,99 Yrs From 10/06/2014,Resale,786,73.022,Strata,HDB,URA,not_clean,https://www.edgeprop.sg/condo-apartment/symphony-suites,symphony-suites
SYMPHONY SUITES,YISHUN,27,8 Feb 2022,11 Yishun Close #04-XX,11 Yishun Close,4,1174,1200000,Condominium,99 Yrs From 10/06/2014,Resale,1023,95.04,Strata,Private,URA,not_clean,https://www.edgeprop.sg/condo-apartment/symphony-suites,symphony-suites
SYMPHONY SUITES,YISHUN,27,8 Feb 2022,21 Yishun Close #09-XX,21 Yishun Close,2,1205,830000,Condominium,99 Yrs From 10/06/2014,Resale,689,64.01,Strata,Private,URA,not_clean,https://www.edgeprop.sg/condo-apartment/symphony-suites,symphony-suites
SYMPHONY SUITES,YISHUN,27,19 Jan 2022,15 Yishun Close #06-XX,15 Yishun Close,2,1148,790888,Condominium,99 Yrs From 10/06/2014,Resale,689,64.01,Strata,Private,URA,not_clean,https://www.edgeprop.sg/condo-apartment/symphony-suites,symphony-suites
SYMPHONY SUITES,YISHUN,27,10 Jan 2022,9 Yishun Close #13-XX,9 Yishun Close,4,1242,1270000,Condominium,99 Yrs From 10/06/2014,Resale,1023,95.04,Strata,HDB,URA,not_clean,https://www.edgeprop.sg/condo-apartment/symphony-suites,symphony-suites
SYMPHONY SUITES,YISHUN,27,10 Jan 2022,15 Yishun Close #15-XX,15 Yishun Close,2,1205,830000,Condominium,99 Yrs From 10/06/2014,Resale,689,64.01,Strata,HDB,URA,not_clean,https://www.edgeprop.sg/condo-apartment/symphony-suites,symphony-suites
SYMPHONY SUITES,YISHUN,27,4 Jan 2022,15 Yishun Close #02-XX,15 Yishun Close,2,1096,755000,Condominium,99 Yrs From 10/06/2014,Resale,689,64.01,Strata,HDB,URA,not_clean,https://www.edgeprop.sg/condo-apartment/symphony-suites,symphony-suites
SYMPHONY SUITES,YISHUN,27,23 Dec 2021,1 Yishun Close #13-XX,1 Yishun Close,3,1145,900000,Condominium,99 Yrs From 10/06/2014,Resale,786,73.022,Strata,HDB,URA,not_clean,https://www.edgeprop.sg/condo-apartment/symphony-suites,symphony-suites
SYMPHONY SUITES,YISHUN,27,23 Dec 2021,3 Yishun Close #09-XX,3 Yishun Close,2,1183,815000,Condominium,99 Yrs From 10/06/2014,Resale,689,64.01,Strata,HDB,URA,not_clean,https://www.edgeprop.sg/condo-apartment/symphony-suites,symphony-suites
SYMPHONY SUITES,YISHUN,27,22 Dec 2021,21 Yishun Close #05-XX,21 Yishun Close,3,1152,905000,Condominium,99 Yrs From 10/06/2014,Resale,786,73.022,Strata,HDB,URA,not_clean,https://www.edgeprop.sg/condo-apartment/symphony-suites,symphony-suites
SYMPHONY SUITES,YISHUN,27,21 Dec 2021,5 Yishun Close #14-XX,5 Yishun Close,4,1203,1230000,Condominium,99 Yrs From 10/06/2014,Resale,1023,95.04,Strata,HDB,URA,not_clean,https://www.edgeprop.sg/condo-apartment/symphony-suites,symphony-suites
SYMPHONY SUITES,YISHUN,27,20 Dec 2021,1 Yishun Close #12-XX,1 Yishun Close,2,1183,815000,Condominium,99 Yrs From 10/06/2014,Resale,689,64.01,Strata,Private,URA,not_clean,https://www.edgeprop.sg/condo-apartment/symphony-suites,symphony-suites
SYMPHONY SUITES,YISHUN,27,10 Dec 2021,15 Yishun Close #10-XX,15 Yishun Close,2,1169,805500,Condominium,99 Yrs From 10/06/2014,Resale,689,64.01,Strata,HDB,URA,not_clean,https://www.edgeprop.sg/condo-apartment/symphony-suites,symphony-suites
SYMPHONY SUITES,YISHUN,27,9 Dec 2021,1 Yishun Close #11-XX,1 Yishun Close,2,1161,800000,Condominium,99 Yrs From 10/06/2014,Resale,689,64.01,Strata,HDB,URA,not_clean,https://www.edgeprop.sg/condo-apartment/symphony-suites,symphony-suites
SYMPHONY SUITES,YISHUN,27,7 Dec 2021,17 Yishun Close #08-XX,17 Yishun Close,2,1103,760000,Condominium,99 Yrs From 10/06/2014,Resale,689,64.01,Strata,HDB,URA,not_clean,https://www.edgeprop.sg/condo-apartment/symphony-suites,symphony-suites
SYMPHONY SUITES,YISHUN,27,6 Dec 2021,15 Yishun Close #05-XX,15 Yishun Close,3,1158,910000,Condominium,99 Yrs From 10/06/2014,Resale,786,73.022,Strata,HDB,URA,not_clean,https://www.edgeprop.sg/condo-apartment/symphony-suites,symphony-suites
SYMPHONY SUITES,YISHUN,27,3 Dec 2021,19 Yishun Close #06-XX,19 Yishun Close,2,1115,768000,Condominium,99 Yrs From 10/06/2014,Resale,689,64.01,Strata,Private,URA,not_clean,https://www.edgeprop.sg/condo-apartment/symphony-suites,symphony-suites
SYMPHONY SUITES,YISHUN,27,30 Nov 2021,11 Yishun Close #03-XX,11 Yishun Close,4,1154,1180000,Condominium,99 Yrs From 10/06/2014,Resale,1023,95.04,Strata,HDB,URA,not_clean,https://www.edgeprop.sg/condo-apartment/symphony-suites,symphony-suites
SYMPHONY SUITES,YISHUN,27,24 Nov 2021,11 Yishun Close #14-XX,11 Yishun Close,4,1242,1270000,Condominium,99 Yrs From 10/06/2014,Resale,1023,95.04,Strata,HDB,URA,not_clean,https://www.edgeprop.sg/condo-apartment/symphony-suites,symphony-suites
SYMPHONY SUITES,YISHUN,27,11 Nov 2021,17 Yishun Close #14-XX,17 Yishun Close,3,1209,1080000,Condominium,99 Yrs From 10/06/2014,Resale,893,82.962,Strata,HDB,URA,not_clean,https://www.edgeprop.sg/condo-apartment/symphony-suites,symphony-suites
SYMPHONY SUITES,YISHUN,27,11 Nov 2021,21 Yishun Close #11-XX,21 Yishun Close,3,1145,900000,Condominium,99 Yrs From 10/06/2014,Resale,786,73.022,Strata,Private,URA,not_clean,https://www.edgeprop.sg/condo-apartment/symphony-suites,symphony-suites
SYMPHONY SUITES,YISHUN,27,10 Nov 2021,7 Yishun Close #11-XX,7 Yishun Close,3,1145,900000,Condominium,99 Yrs From 10/06/2014,Resale,786,73.022,Strata,HDB,URA,not_clean,https://www.edgeprop.sg/condo-apartment/symphony-suites,symphony-suites
SYMPHONY SUITES,YISHUN,27,8 Nov 2021,21 Yishun Close #15-XX,21 Yishun Close,2,1161,800000,Condominium,99 Yrs From 10/06/2014,Resale,689,64.01,Strata,HDB,URA,not_clean,https://www.edgeprop.sg/condo-apartment/symphony-suites,symphony-suites
SYMPHONY SUITES,YISHUN,27,8 Nov 2021,11 Yishun Close #12-XX,11 Yishun Close,4,1227,1255000,Condominium,99 Yrs From 10/06/2014,Resale,1023,95.04,Strata,Private,URA,not_clean,https://www.edgeprop.sg/condo-apartment/symphony-suites,symphony-suites
SYMPHONY SUITES,YISHUN,27,5 Nov 2021,19 Yishun Close #11-XX,19 Yishun Close,2,1154,795000,Condominium,99 Yrs From 10/06/2014,Resale,689,64.01,Strata,Private,URA,not_clean,https://www.edgeprop.sg/condo-apartment/symphony-suites,symphony-suites
SYMPHONY SUITES,YISHUN,27,5 Nov 2021,13 Yishun Close #05-XX,13 Yishun Close,4,1144,1170000,Condominium,99 Yrs From 10/06/2014,Resale,1023,95.04,Strata,Private,URA,not_clean,https://www.edgeprop.sg/condo-apartment/symphony-suites,symphony-suites
SYMPHONY SUITES,YISHUN,27,1 Nov 2021,13 Yishun Close #06-XX,13 Yishun Close,3,1149,1051000,Condominium,99 Yrs From 10/06/2014,Resale,915,85.006,Strata,Private,URA,not_clean,https://www.edgeprop.sg/condo-apartment/symphony-suites,symphony-suites
SYMPHONY SUITES,YISHUN,27,28 Oct 2021,1 Yishun Close #14-XX,1 Yishun Close,3,1156,908000,Condominium,99 Yrs From 10/06/2014,Resale,786,73.022,Strata,Private,URA,not_clean,https://www.edgeprop.sg/condo-apartment/symphony-suites,symphony-suites
SYMPHONY SUITES,YISHUN,27,28 Oct 2021,3 Yishun Close #12-XX,3 Yishun Close,3,1120,892000,Condominium,99 Yrs From 10/06/2014,Resale,797,74.044,Strata,HDB,URA,not_clean,https://www.edgeprop.sg/condo-apartment/symphony-suites,symphony-suites
SYMPHONY SUITES,YISHUN,27,22 Oct 2021,15 Yishun Close #14-XX,15 Yishun Close,2,1118,770000,Condominium,99 Yrs From 10/06/2014,Resale,689,64.01,Strata,Private,URA,not_clean,https://www.edgeprop.sg/condo-apartment/symphony-suites,symphony-suites
SYMPHONY SUITES,YISHUN,27,22 Oct 2021,3 Yishun Close #06-XX,3 Yishun Close,3,1136,1015000,Condominium,99 Yrs From 10/06/2014,Resale,893,82.962,Strata,HDB,URA,not_clean,https://www.edgeprop.sg/condo-apartment/symphony-suites,symphony-suites
SYMPHONY SUITES,YISHUN,27,20 Oct 2021,19 Yishun Close #05-XX,19 Yishun Close,4,1123,1148000,Condominium,99 Yrs From 10/06/2014,Resale,1023,95.04,Strata,HDB,URA,not_clean,https://www.edgeprop.sg/condo-apartment/symphony-suites,symphony-suites
SYMPHONY SUITES,YISHUN,27,19 Oct 2021,21 Yishun Close #13-XX,21 Yishun Close,2,1147,790000,Condominium,99 Yrs From 10/06/2014,Resale,689,64.01,Strata,HDB,URA,not_clean,https://www.edgeprop.sg/condo-apartment/symphony-suites,symphony-suites
SYMPHONY SUITES,YISHUN,27,19 Oct 2021,17 Yishun Close #02-XX,17 Yishun Close,3,1095,872000,Condominium,99 Yrs From 10/06/2014,Resale,797,74.044,Strata,Private,URA,not_clean,https://www.edgeprop.sg/condo-apartment/symphony-suites,symphony-suites
SYMPHONY SUITES,YISHUN,27,19 Oct 2021,9 Yishun Close #12-XX,9 Yishun Close,4,1172,1198000,Condominium,99 Yrs From 10/06/2014,Resale,1023,95.04,Strata,Private,URA,not_clean,https://www.edgeprop.sg/condo-apartment/symphony-suites,symphony-suites
SYMPHONY SUITES,YISHUN,27,20 Sep 2021,3 Yishun Close #15-XX,3 Yishun Close,3,1092,870000,Condominium,99 Yrs From 10/06/2014,Resale,797,74.044,Strata,HDB,URA,not_clean,https://www.edgeprop.sg/condo-apartment/symphony-suites,symphony-suites
SYMPHONY SUITES,YISHUN,27,8 Sep 2021,7 Yishun Close #08-XX,7 Yishun Close,3,1107,870000,Condominium,99 Yrs From 10/06/2014,Resale,786,73.022,Strata,Private,URA,not_clean,https://www.edgeprop.sg/condo-apartment/symphony-suites,symphony-suites
SYMPHONY SUITES,YISHUN,27,2 Sep 2021,3 Yishun Close #03-XX,3 Yishun Close,2,1074,740000,Condominium,99 Yrs From 10/06/2014,Resale,689,64.01,Strata,HDB,URA,not_clean,https://www.edgeprop.sg/condo-apartment/symphony-suites,symphony-suites
SYMPHONY SUITES,YISHUN,27,26 Aug 2021,9 Yishun Close #03-XX,9 Yishun Close,3,1148,1050000,Condominium,99 Yrs From 10/06/2014,Resale,915,85.006,Strata,HDB,URA,not_clean,https://www.edgeprop.sg/condo-apartment/symphony-suites,symphony-suites
SYMPHONY SUITES,YISHUN,27,20 Aug 2021,9 Yishun Close #05-XX,9 Yishun Close,4,1172,1198000,Condominium,99 Yrs From 10/06/2014,Resale,1023,95.04,Strata,Private,URA,not_clean,https://www.edgeprop.sg/condo-apartment/symphony-suites,symphony-suites
SYMPHONY SUITES,YISHUN,27,18 Aug 2021,1 Yishun Close #01-XX,1 Yishun Close,2,1092,752000,Condominium,99 Yrs From 10/06/2014,Resale,689,64.01,Strata,HDB,URA,not_clean,https://www.edgeprop.sg/condo-apartment/symphony-suites,symphony-suites
SYMPHONY SUITES,YISHUN,27,10 Aug 2021,5 Yishun Close #10-XX,5 Yishun Close,3,1092,870000,Condominium,99 Yrs From 10/06/2014,Resale,797,74.044,Strata,Private,URA,not_clean,https://www.edgeprop.sg/condo-apartment/symphony-suites,symphony-suites
SYMPHONY SUITES,YISHUN,27,6 Aug 2021,7 Yishun Close #15-XX,7 Yishun Close,3,1120,880000,Condominium,99 Yrs From 10/06/2014,Resale,786,73.022,Strata,HDB,URA,not_clean,https://www.edgeprop.sg/condo-apartment/symphony-suites,symphony-suites
THE MILTONIA RESIDENCES,YISHUN,27,24 Jun 2026,522 MILTONIA CLOSE #01-XX,522 MILTONIA CLOSE,2,1260,1180000,Condominium,99 Yrs From 30/11/2010,Resale,936,86.957,Strata,Private,URA,not_clean,https://www.edgeprop.sg/condo-apartment/the-miltonia-residences,the-miltonia-residences
THE MILTONIA RESIDENCES,YISHUN,27,11 Jun 2026,522 MILTONIA CLOSE #02-XX,522 MILTONIA CLOSE,2,1232,1060688,Condominium,99 Yrs From 30/11/2010,Resale,861,79.99,Strata,Private,URA,not_clean,https://www.edgeprop.sg/condo-apartment/the-miltonia-residences,the-miltonia-residences
THE MILTONIA RESIDENCES,YISHUN,27,2 Jun 2026,520 MILTONIA CLOSE #05-XX,520 MILTONIA CLOSE,2,1086,1086888,Condominium,99 Yrs From 30/11/2010,Resale,1001,92.996,Strata,HDB,URA,not_clean,https://www.edgeprop.sg/condo-apartment/the-miltonia-residences,the-miltonia-residences
THE MILTONIA RESIDENCES,YISHUN,27,7 May 2026,532 MILTONIA CLOSE #04-XX,532 MILTONIA CLOSE,2,1196,1030000,Condominium,99 Yrs From 30/11/2010,Resale,861,79.99,Strata,HDB,URA,not_clean,https://www.edgeprop.sg/condo-apartment/the-miltonia-residences,the-miltonia-residences
THE MILTONIA RESIDENCES,YISHUN,27,2 Apr 2026,540 MILTONIA CLOSE #01-XX,540 MILTONIA CLOSE,3,1186,1788000,Condominium,99 Yrs From 30/11/2010,Resale,1507,140.005,Strata,Private,URA,not_clean,https://www.edgeprop.sg/condo-apartment/the-miltonia-residences,the-miltonia-residences
THE MILTONIA RESIDENCES,YISHUN,27,31 Mar 2026,538 MILTONIA CLOSE #05-XX,538 MILTONIA CLOSE,3,1226,1860000,Condominium,99 Yrs From 30/11/2010,Resale,1518,141.027,Strata,HDB,URA,not_clean,https://www.edgeprop.sg/condo-apartment/the-miltonia-residences,the-miltonia-residences
THE MILTONIA RESIDENCES,YISHUN,27,5 Mar 2026,526 MILTONIA CLOSE #04-XX,526 MILTONIA CLOSE,2,1182,1018000,Condominium,99 Yrs From 30/11/2010,Resale,861,79.99,Strata,Private,URA,not_clean,https://www.edgeprop.sg/condo-apartment/the-miltonia-residences,the-miltonia-residences
THE MILTONIA RESIDENCES,YISHUN,27,3 Mar 2026,550 MILTONIA CLOSE #02-XX,550 MILTONIA CLOSE,2,1146,962000,Condominium,99 Yrs From 30/11/2010,Resale,840,78.039,Strata,Private,URA,not_clean,https://www.edgeprop.sg/condo-apartment/the-miltonia-residences,the-miltonia-residences
THE MILTONIA RESIDENCES,YISHUN,27,12 Feb 2026,520 MILTONIA CLOSE #03-XX,520 MILTONIA CLOSE,2,1227,1030000,Condominium,99 Yrs From 30/11/2010,Resale,840,78.039,Strata,Private,URA,not_clean,https://www.edgeprop.sg/condo-apartment/the-miltonia-residences,the-miltonia-residences
THE MILTONIA RESIDENCES,YISHUN,27,6 Feb 2026,556 MILTONIA CLOSE #01-XX,556 MILTONIA CLOSE,2,1228,1150000,Condominium,99 Yrs From 30/11/2010,Resale,936,86.957,Strata,HDB,URA,not_clean,https://www.edgeprop.sg/condo-apartment/the-miltonia-residences,the-miltonia-residences
THE MILTONIA RESIDENCES,YISHUN,27,26 Dec 2025,520 MILTONIA CLOSE #05-XX,520 MILTONIA CLOSE,3,1197,1830000,Condominium,99 Yrs From 30/11/2010,Resale,1528,141.956,Strata,Private,URA,not_clean,https://www.edgeprop.sg/condo-apartment/the-miltonia-residences,the-miltonia-residences
THE MILTONIA RESIDENCES,YISHUN,27,24 Dec 2025,522 MILTONIA CLOSE #01-XX,522 MILTONIA CLOSE,3,1083,1550000,Condominium,99 Yrs From 30/11/2010,Resale,1432,133.037,Strata,HDB,URA,not_clean,https://www.edgeprop.sg/condo-apartment/the-miltonia-residences,the-miltonia-residences
THE MILTONIA RESIDENCES,YISHUN,27,25 Nov 2025,554 MILTONIA CLOSE #04-XX,554 MILTONIA CLOSE,2,1277,1100000,Condominium,99 Yrs From 30/11/2010,Resale,861,79.99,Strata,Private,URA,not_clean,https://www.edgeprop.sg/condo-apartment/the-miltonia-residences,the-miltonia-residences
THE MILTONIA RESIDENCES,YISHUN,27,29 Oct 2025,554 MILTONIA CLOSE #02-XX,554 MILTONIA CLOSE,3,1151,1350000,Condominium,99 Yrs From 30/11/2010,Resale,1173,108.975,Strata,Private,URA,not_clean,https://www.edgeprop.sg/condo-apartment/the-miltonia-residences,the-miltonia-residences
THE MILTONIA RESIDENCES,YISHUN,27,23 Oct 2025,528 MILTONIA CLOSE #01-XX,528 MILTONIA CLOSE,3,1195,1750000,Condominium,99 Yrs From 30/11/2010,Resale,1464,136.01,Strata,HDB,URA,not_clean,https://www.edgeprop.sg/condo-apartment/the-miltonia-residences,the-miltonia-residences
THE MILTONIA RESIDENCES,YISHUN,27,13 Oct 2025,534 MILTONIA CLOSE #04-XX,534 MILTONIA CLOSE,3,1232,1260000,Condominium,99 Yrs From 30/11/2010,Resale,1023,95.04,Strata,Private,URA,not_clean,https://www.edgeprop.sg/condo-apartment/the-miltonia-residences,the-miltonia-residences
THE MILTONIA RESIDENCES,YISHUN,27,6 Oct 2025,546 MILTONIA CLOSE #01-XX,546 MILTONIA CLOSE,1,1368,810000,Condominium,99 Yrs From 30/11/2010,Resale,592,54.999,Strata,HDB,URA,not_clean,https://www.edgeprop.sg/condo-apartment/the-miltonia-residences,the-miltonia-residences
THE MILTONIA RESIDENCES,YISHUN,27,5 Sep 2025,534 MILTONIA CLOSE #04-XX,534 MILTONIA CLOSE,2,1167,980000,Condominium,99 Yrs From 30/11/2010,Resale,840,78.039,Strata,HDB,URA,not_clean,https://www.edgeprop.sg/condo-apartment/the-miltonia-residences,the-miltonia-residences
THE MILTONIA RESIDENCES,YISHUN,27,27 Jun 2025,548 Miltonia Close #04-XX,548 Miltonia Close,2,1178,988888,Condominium,99 Yrs From 30/11/2010,Resale,840,78.039,Strata,Private,URA,not_clean,https://www.edgeprop.sg/condo-apartment/the-miltonia-residences,the-miltonia-residences
THE MILTONIA RESIDENCES,YISHUN,27,16 Jun 2025,534 Miltonia Close #01-XX,534 Miltonia Close,2,1020,998888,Condominium,99 Yrs From 30/11/2010,Resale,980,91.045,Strata,Private,URA,not_clean,https://www.edgeprop.sg/condo-apartment/the-miltonia-residences,the-miltonia-residences
THE MILTONIA RESIDENCES,YISHUN,27,3 Jun 2025,526 Miltonia Close #04-XX,526 Miltonia Close,3,1227,1400000,Condominium,99 Yrs From 30/11/2010,Resale,1141,106.002,Strata,Private,URA,not_clean,https://www.edgeprop.sg/condo-apartment/the-miltonia-residences,the-miltonia-residences
THE MILTONIA RESIDENCES,YISHUN,27,20 May 2025,536 Miltonia Close #03-XX,536 Miltonia Close,2,1277,1100000,Condominium,99 Yrs From 30/11/2010,Resale,861,79.99,Strata,HDB,URA,not_clean,https://www.edgeprop.sg/condo-apartment/the-miltonia-residences,the-miltonia-residences
THE MILTONIA RESIDENCES,YISHUN,27,6 May 2025,546 Miltonia Close #03-XX,546 Miltonia Close,2,1161,975000,Condominium,99 Yrs From 30/11/2010,Resale,840,78.039,Strata,Private,URA,not_clean,https://www.edgeprop.sg/condo-apartment/the-miltonia-residences,the-miltonia-residences
THE MILTONIA RESIDENCES,YISHUN,27,14 Mar 2025,546 Miltonia Close #02-XX,546 Miltonia Close,1,1405,726000,Condominium,99 Yrs From 30/11/2010,Resale,517,48.031,Strata,HDB,URA,not_clean,https://www.edgeprop.sg/condo-apartment/the-miltonia-residences,the-miltonia-residences
THE MILTONIA RESIDENCES,YISHUN,27,6 Mar 2025,536 Miltonia Close #01-XX,536 Miltonia Close,2,1260,1180000,Condominium,99 Yrs From 30/11/2010,Resale,936,86.957,Strata,Private,URA,not_clean,https://www.edgeprop.sg/condo-apartment/the-miltonia-residences,the-miltonia-residences
THE MILTONIA RESIDENCES,YISHUN,27,12 Feb 2025,536 Miltonia Close #03-XX,536 Miltonia Close,2,1277,1100000,Condominium,99 Yrs From 30/11/2010,Resale,861,79.99,Strata,Private,URA,not_clean,https://www.edgeprop.sg/condo-apartment/the-miltonia-residences,the-miltonia-residences
THE MILTONIA RESIDENCES,YISHUN,27,6 Feb 2025,534 Miltonia Close #02-XX,534 Miltonia Close,2,1165,978000,Condominium,99 Yrs From 30/11/2010,Resale,840,78.039,Strata,HDB,URA,not_clean,https://www.edgeprop.sg/condo-apartment/the-miltonia-residences,the-miltonia-residences
THE MILTONIA RESIDENCES,YISHUN,27,3 Feb 2025,556 Miltonia Close #03-XX,556 Miltonia Close,2,1182,1018000,Condominium,99 Yrs From 30/11/2010,Resale,861,79.99,Strata,Private,URA,not_clean,https://www.edgeprop.sg/condo-apartment/the-miltonia-residences,the-miltonia-residences
THE MILTONIA RESIDENCES,YISHUN,27,3 Feb 2025,524 Miltonia Close #05-XX,524 Miltonia Close,3,1186,1800000,Condominium,99 Yrs From 30/11/2010,Resale,1518,141.027,Strata,Private,URA,not_clean,https://www.edgeprop.sg/condo-apartment/the-miltonia-residences,the-miltonia-residences
THE MILTONIA RESIDENCES,YISHUN,27,3 Jan 2025,548 Miltonia Close #03-XX,548 Miltonia Close,2,1177,988000,Condominium,99 Yrs From 30/11/2010,Resale,840,78.039,Strata,Private,URA,not_clean,https://www.edgeprop.sg/condo-apartment/the-miltonia-residences,the-miltonia-residences
THE MILTONIA RESIDENCES,YISHUN,27,3 Dec 2024,524 Miltonia Close #04-XX,524 Miltonia Close,3,1176,1380000,Condominium,99 Yrs From 30/11/2010,Resale,1173,108.975,Strata,Private,URA,not_clean,https://www.edgeprop.sg/condo-apartment/the-miltonia-residences,the-miltonia-residences
THE MILTONIA RESIDENCES,YISHUN,27,28 Nov 2024,540 Miltonia Close #04-XX,540 Miltonia Close,2,1231,1060000,Condominium,99 Yrs From 30/11/2010,Resale,861,79.99,Strata,Private,URA,not_clean,https://www.edgeprop.sg/condo-apartment/the-miltonia-residences,the-miltonia-residences
THE MILTONIA RESIDENCES,YISHUN,27,5 Nov 2024,528 Miltonia Close #01-XX,528 Miltonia Close,3,1112,1700000,Condominium,99 Yrs From 30/11/2010,Resale,1528,141.956,Strata,Private,URA,not_clean,https://www.edgeprop.sg/condo-apartment/the-miltonia-residences,the-miltonia-residences
THE MILTONIA RESIDENCES,YISHUN,27,29 Oct 2024,520 Miltonia Close #05-XX,520 Miltonia Close,3,1093,1670000,Condominium,99 Yrs From 30/11/2010,Resale,1528,141.956,Strata,Private,URA,not_clean,https://www.edgeprop.sg/condo-apartment/the-miltonia-residences,the-miltonia-residences
THE MILTONIA RESIDENCES,YISHUN,27,30 Aug 2024,548 Miltonia Close #03-XX,548 Miltonia Close,2,1203,1010000,Condominium,99 Yrs From 30/11/2010,Resale,840,78.039,Strata,HDB,URA,not_clean,https://www.edgeprop.sg/condo-apartment/the-miltonia-residences,the-miltonia-residences
THE MILTONIA RESIDENCES,YISHUN,27,27 Aug 2024,546 Miltonia Close #01-XX,546 Miltonia Close,1,1351,800000,Condominium,99 Yrs From 30/11/2010,Resale,592,54.999,Strata,Private,URA,not_clean,https://www.edgeprop.sg/condo-apartment/the-miltonia-residences,the-miltonia-residences
THE MILTONIA RESIDENCES,YISHUN,27,14 Aug 2024,530 Miltonia Close #05-XX,530 Miltonia Close,3,1173,1780000,Condominium,99 Yrs From 30/11/2010,Resale,1518,141.027,Strata,Private,URA,not_clean,https://www.edgeprop.sg/condo-apartment/the-miltonia-residences,the-miltonia-residences
THE MILTONIA RESIDENCES,YISHUN,27,7 Aug 2024,520 Miltonia Close #05-XX,520 Miltonia Close,2,1149,1150000,Condominium,99 Yrs From 30/11/2010,Resale,1001,92.996,Strata,HDB,URA,not_clean,https://www.edgeprop.sg/condo-apartment/the-miltonia-residences,the-miltonia-residences
THE MILTONIA RESIDENCES,YISHUN,27,6 Aug 2024,534 Miltonia Close #04-XX,534 Miltonia Close,2,1201,1008000,Condominium,99 Yrs From 30/11/2010,Resale,840,78.039,Strata,HDB,URA,not_clean,https://www.edgeprop.sg/condo-apartment/the-miltonia-residences,the-miltonia-residences
THE MILTONIA RESIDENCES,YISHUN,27,5 Jul 2024,540 Miltonia Close #02-XX,540 Miltonia Close,2,1161,1000000,Condominium,99 Yrs From 30/11/2010,Resale,861,79.99,Strata,HDB,URA,not_clean,https://www.edgeprop.sg/condo-apartment/the-miltonia-residences,the-miltonia-residences
THE MILTONIA RESIDENCES,YISHUN,27,27 Jun 2024,528 Miltonia Close #02-XX,528 Miltonia Close,2,1278,1100888,Condominium,99 Yrs From 30/11/2010,Resale,861,79.99,Strata,HDB,URA,not_clean,https://www.edgeprop.sg/condo-apartment/the-miltonia-residences,the-miltonia-residences
THE MILTONIA RESIDENCES,YISHUN,27,13 Jun 2024,546 Miltonia Close #04-XX,546 Miltonia Close,1,1442,745000,Condominium,99 Yrs From 30/11/2010,Resale,517,48.031,Strata,HDB,URA,not_clean,https://www.edgeprop.sg/condo-apartment/the-miltonia-residences,the-miltonia-residences
THE MILTONIA RESIDENCES,YISHUN,27,6 Jun 2024,546 Miltonia Close #03-XX,546 Miltonia Close,2,1177,988000,Condominium,99 Yrs From 30/11/2010,Resale,840,78.039,Strata,Private,URA,not_clean,https://www.edgeprop.sg/condo-apartment/the-miltonia-residences,the-miltonia-residences
THE MILTONIA RESIDENCES,YISHUN,27,31 May 2024,536 Miltonia Close #02-XX,536 Miltonia Close,2,1240,1068000,Condominium,99 Yrs From 30/11/2010,Resale,861,79.99,Strata,Private,URA,not_clean,https://www.edgeprop.sg/condo-apartment/the-miltonia-residences,the-miltonia-residences
THE MILTONIA RESIDENCES,YISHUN,27,8 May 2024,546 Miltonia Close #02-XX,546 Miltonia Close,1,1316,680000,Condominium,99 Yrs From 30/11/2010,Resale,517,48.031,Strata,HDB,URA,not_clean,https://www.edgeprop.sg/condo-apartment/the-miltonia-residences,the-miltonia-residences
THE MILTONIA RESIDENCES,YISHUN,27,24 Apr 2024,540 Miltonia Close #04-XX,540 Miltonia Close,3,1236,1450000,Condominium,99 Yrs From 30/11/2010,Resale,1173,108.975,Strata,Private,URA,not_clean,https://www.edgeprop.sg/condo-apartment/the-miltonia-residences,the-miltonia-residences
THE MILTONIA RESIDENCES,YISHUN,27,17 Apr 2024,550 Miltonia Close #02-XX,550 Miltonia Close,3,1105,1130000,Condominium,99 Yrs From 30/11/2010,Resale,1023,95.04,Strata,Private,URA,not_clean,https://www.edgeprop.sg/condo-apartment/the-miltonia-residences,the-miltonia-residences
THE MILTONIA RESIDENCES,YISHUN,27,8 Apr 2024,548 Miltonia Close #05-XX,548 Miltonia Close,3,994,1520000,Condominium,99 Yrs From 30/11/2010,Resale,1528,141.956,Strata,HDB,URA,not_clean,https://www.edgeprop.sg/condo-apartment/the-miltonia-residences,the-miltonia-residences
THE MILTONIA RESIDENCES,YISHUN,27,2 Apr 2024,554 Miltonia Close #02-XX,554 Miltonia Close,3,1099,1290000,Condominium,99 Yrs From 30/11/2010,Resale,1173,108.975,Strata,HDB,URA,not_clean,https://www.edgeprop.sg/condo-apartment/the-miltonia-residences,the-miltonia-residences
THE MILTONIA RESIDENCES,YISHUN,27,1 Mar 2024,542 Miltonia Close #01-XX,542 Miltonia Close,3,1133,1500000,Condominium,99 Yrs From 30/11/2010,Resale,1324,123.004,Strata,HDB,URA,not_clean,https://www.edgeprop.sg/condo-apartment/the-miltonia-residences,the-miltonia-residences
THE MILTONIA RESIDENCES,YISHUN,27,21 Feb 2024,522 Miltonia Close #05-XX,522 Miltonia Close,3,1186,1800000,Condominium,99 Yrs From 30/11/2010,Resale,1518,141.027,Strata,Private,URA,not_clean,https://www.edgeprop.sg/condo-apartment/the-miltonia-residences,the-miltonia-residences
THE MILTONIA RESIDENCES,YISHUN,27,16 Feb 2024,542 Miltonia Close #05-XX,542 Miltonia Close,3,1044,1618000,Condominium,99 Yrs From 30/11/2010,Resale,1550,144.0,Strata,Private,URA,not_clean,https://www.edgeprop.sg/condo-apartment/the-miltonia-residences,the-miltonia-residences
THE MILTONIA RESIDENCES,YISHUN,27,7 Feb 2024,548 Miltonia Close #05-XX,548 Miltonia Close,3,1000,1550000,Condominium,99 Yrs From 30/11/2010,Resale,1550,144.0,Strata,HDB,URA,not_clean,https://www.edgeprop.sg/condo-apartment/the-miltonia-residences,the-miltonia-residences
THE MILTONIA RESIDENCES,YISHUN,27,30 Jan 2024,542 Miltonia Close #02-XX,542 Miltonia Close,2,1191,1000000,Condominium,99 Yrs From 30/11/2010,Resale,840,78.039,Strata,HDB,URA,not_clean,https://www.edgeprop.sg/condo-apartment/the-miltonia-residences,the-miltonia-residences
THE MILTONIA RESIDENCES,YISHUN,27,29 Jan 2024,552 Miltonia Close #02-XX,552 Miltonia Close,2,1115,960000,Condominium,99 Yrs From 30/11/2010,Resale,861,79.99,Strata,HDB,URA,not_clean,https://www.edgeprop.sg/condo-apartment/the-miltonia-residences,the-miltonia-residences
THE MILTONIA RESIDENCES,YISHUN,27,10 Jan 2024,552 Miltonia Close #05-XX,552 Miltonia Close,3,1094,1660000,Condominium,99 Yrs From 30/11/2010,Resale,1518,141.027,Strata,Private,URA,not_clean,https://www.edgeprop.sg/condo-apartment/the-miltonia-residences,the-miltonia-residences
THE MILTONIA RESIDENCES,YISHUN,27,19 Dec 2023,522 Miltonia Close #04-XX,522 Miltonia Close,2,1182,1018000,Condominium,99 Yrs From 30/11/2010,Resale,861,79.99,Strata,HDB,URA,not_clean,https://www.edgeprop.sg/condo-apartment/the-miltonia-residences,the-miltonia-residences
THE MILTONIA RESIDENCES,YISHUN,27,30 Nov 2023,528 Miltonia Close #02-XX,528 Miltonia Close,2,1219,1050000,Condominium,99 Yrs From 30/11/2010,Resale,861,79.99,Strata,HDB,URA,not_clean,https://www.edgeprop.sg/condo-apartment/the-miltonia-residences,the-miltonia-residences
THE MILTONIA RESIDENCES,YISHUN,27,24 Oct 2023,546 Miltonia Close #03-XX,546 Miltonia Close,1,1374,710000,Condominium,99 Yrs From 30/11/2010,Resale,517,48.031,Strata,Private,URA,not_clean,https://www.edgeprop.sg/condo-apartment/the-miltonia-residences,the-miltonia-residences
THE MILTONIA RESIDENCES,YISHUN,27,19 Oct 2023,530 Miltonia Close #05-XX,530 Miltonia Close,4,1059,2200000,Condominium,99 Yrs From 30/11/2010,Resale,2077,192.96,Strata,Private,URA,not_clean,https://www.edgeprop.sg/condo-apartment/the-miltonia-residences,the-miltonia-residences
THE MILTONIA RESIDENCES,YISHUN,27,27 Sep 2023,552 Miltonia Close #04-XX,552 Miltonia Close,2,1155,995000,Condominium,99 Yrs From 30/11/2010,Resale,861,79.99,Strata,Private,URA,not_clean,https://www.edgeprop.sg/condo-apartment/the-miltonia-residences,the-miltonia-residences
THE MILTONIA RESIDENCES,YISHUN,27,31 Aug 2023,520 Miltonia Close #04-XX,520 Miltonia Close,1,1355,700000,Condominium,99 Yrs From 30/11/2010,Resale,517,48.031,Strata,HDB,URA,not_clean,https://www.edgeprop.sg/condo-apartment/the-miltonia-residences,the-miltonia-residences
THE MILTONIA RESIDENCES,YISHUN,27,29 Aug 2023,520 Miltonia Close #01-XX,520 Miltonia Close,2,1065,1055000,Condominium,99 Yrs From 30/11/2010,Resale,990,91.974,Strata,Private,URA,not_clean,https://www.edgeprop.sg/condo-apartment/the-miltonia-residences,the-miltonia-residences
THE MILTONIA RESIDENCES,YISHUN,27,24 Aug 2023,552 Miltonia Close #04-XX,552 Miltonia Close,3,1099,1290000,Condominium,99 Yrs From 30/11/2010,Resale,1173,108.975,Strata,Private,URA,not_clean,https://www.edgeprop.sg/condo-apartment/the-miltonia-residences,the-miltonia-residences
THE MILTONIA RESIDENCES,YISHUN,27,11 Aug 2023,528 Miltonia Close #02-XX,528 Miltonia Close,3,1139,1300000,Condominium,99 Yrs From 30/11/2010,Resale,1141,106.002,Strata,Private,URA,not_clean,https://www.edgeprop.sg/condo-apartment/the-miltonia-residences,the-miltonia-residences
THE MILTONIA RESIDENCES,YISHUN,27,11 Aug 2023,520 Miltonia Close #02-XX,520 Miltonia Close,2,1122,942000,Condominium,99 Yrs From 30/11/2010,Resale,840,78.039,Strata,Private,URA,not_clean,https://www.edgeprop.sg/condo-apartment/the-miltonia-residences,the-miltonia-residences
THE MILTONIA RESIDENCES,YISHUN,27,28 Jul 2023,552 Miltonia Close #01-XX,552 Miltonia Close,3,1120,1688000,Condominium,99 Yrs From 30/11/2010,Resale,1507,140.005,Strata,Private,URA,not_clean,https://www.edgeprop.sg/condo-apartment/the-miltonia-residences,the-miltonia-residences
THE MILTONIA RESIDENCES,YISHUN,27,6 Jul 2023,520 Miltonia Close #02-XX,520 Miltonia Close,1,1316,680000,Condominium,99 Yrs From 30/11/2010,Resale,517,48.031,Strata,HDB,URA,not_clean,https://www.edgeprop.sg/condo-apartment/the-miltonia-residences,the-miltonia-residences
THE MILTONIA RESIDENCES,YISHUN,27,6 Jul 2023,520 Miltonia Close #02-XX,520 Miltonia Close,2,1012,850000,Condominium,99 Yrs From 30/11/2010,Resale,840,78.039,Strata,HDB,URA,not_clean,https://www.edgeprop.sg/condo-apartment/the-miltonia-residences,the-miltonia-residences
THE MILTONIA RESIDENCES,YISHUN,27,20 Jun 2023,522 Miltonia Close #01-XX,522 Miltonia Close,2,1100,1030000,Condominium,99 Yrs From 30/11/2010,Resale,936,86.957,Strata,Private,URA,not_clean,https://www.edgeprop.sg/condo-apartment/the-miltonia-residences,the-miltonia-residences
THE MILTONIA RESIDENCES,YISHUN,27,29 May 2023,520 Miltonia Close #05-XX,520 Miltonia Close,2,979,980000,Condominium,99 Yrs From 30/11/2010,Resale,1001,92.996,Strata,HDB,URA,not_clean,https://www.edgeprop.sg/condo-apartment/the-miltonia-residences,the-miltonia-residences
THE MILTONIA RESIDENCES,YISHUN,27,14 Apr 2023,524 Miltonia Close #03-XX,524 Miltonia Close,2,1103,950000,Condominium,99 Yrs From 30/11/2010,Resale,861,79.99,Strata,Private,URA,not_clean,https://www.edgeprop.sg/condo-apartment/the-miltonia-residences,the-miltonia-residences
THE MILTONIA RESIDENCES,YISHUN,27,31 Mar 2023,546 Miltonia Close #01-XX,546 Miltonia Close,1,1318,780000,Condominium,99 Yrs From 30/11/2010,Resale,592,54.999,Strata,Private,URA,not_clean,https://www.edgeprop.sg/condo-apartment/the-miltonia-residences,the-miltonia-residences
THE MILTONIA RESIDENCES,YISHUN,27,28 Mar 2023,524 Miltonia Close #01-XX,524 Miltonia Close,2,1098,1028000,Condominium,99 Yrs From 30/11/2010,Resale,936,86.957,Strata,Private,URA,not_clean,https://www.edgeprop.sg/condo-apartment/the-miltonia-residences,the-miltonia-residences
THE MILTONIA RESIDENCES,YISHUN,27,6 Jan 2023,556 Miltonia Close #03-XX,556 Miltonia Close,3,1218,1390000,Condominium,99 Yrs From 30/11/2010,Resale,1141,106.002,Strata,Private,URA,not_clean,https://www.edgeprop.sg/condo-apartment/the-miltonia-residences,the-miltonia-residences
THE MILTONIA RESIDENCES,YISHUN,27,30 Dec 2022,546 Miltonia Close #03-XX,546 Miltonia Close,1,1258,650000,Condominium,99 Yrs From 30/11/2010,Resale,517,48.031,Strata,HDB,URA,not_clean,https://www.edgeprop.sg/condo-apartment/the-miltonia-residences,the-miltonia-residences
THE MILTONIA RESIDENCES,YISHUN,27,9 Dec 2022,556 MILTONIA CLOSE #05-XX,556 MILTONIA CLOSE,3,1021,1550000,Condominium,99 Yrs From 30/11/2010,Resale,1518,141.027,Strata,HDB,URA,not_clean,https://www.edgeprop.sg/condo-apartment/the-miltonia-residences,the-miltonia-residences
THE MILTONIA RESIDENCES,YISHUN,27,2 Dec 2022,548 MILTONIA CLOSE #01-XX,548 MILTONIA CLOSE,1,1284,760000,Condominium,99 Yrs From 30/11/2010,Resale,592,54.999,Strata,Private,URA,not_clean,https://www.edgeprop.sg/condo-apartment/the-miltonia-residences,the-miltonia-residences
THE MILTONIA RESIDENCES,YISHUN,27,22 Nov 2022,538 Miltonia Close #02-XX,538 Miltonia Close,2,1074,925000,Condominium,99 Yrs From 30/11/2010,Resale,861,79.99,Strata,Private,URA,not_clean,https://www.edgeprop.sg/condo-apartment/the-miltonia-residences,the-miltonia-residences
THE MILTONIA RESIDENCES,YISHUN,27,18 Nov 2022,550 MILTONIA CLOSE #01-XX,550 MILTONIA CLOSE,2,1025,960000,Condominium,99 Yrs From 30/11/2010,Resale,936,86.957,Strata,HDB,URA,not_clean,https://www.edgeprop.sg/condo-apartment/the-miltonia-residences,the-miltonia-residences
THE MILTONIA RESIDENCES,YISHUN,27,1 Nov 2022,534 Miltonia Close #03-XX,534 Miltonia Close,3,1144,1170000,Condominium,99 Yrs From 30/11/2010,Resale,1023,95.04,Strata,Private,URA,not_clean,https://www.edgeprop.sg/condo-apartment/the-miltonia-residences,the-miltonia-residences
THE MILTONIA RESIDENCES,YISHUN,27,10 Oct 2022,550 Miltonia Close #04-XX,550 Miltonia Close,3,1163,1188888,Condominium,99 Yrs From 30/11/2010,Resale,1023,95.04,Strata,HDB,URA,not_clean,https://www.edgeprop.sg/condo-apartment/the-miltonia-residences,the-miltonia-residences
THE MILTONIA RESIDENCES,YISHUN,27,9 Sep 2022,546 Miltonia Close #03-XX,546 Miltonia Close,1,1345,695000,Condominium,99 Yrs From 30/11/2010,Resale,517,48.031,Strata,Private,URA,not_clean,https://www.edgeprop.sg/condo-apartment/the-miltonia-residences,the-miltonia-residences
THE MILTONIA RESIDENCES,YISHUN,27,1 Jul 2022,542 Miltonia Close #02-XX,542 Miltonia Close,2,1012,850000,Condominium,99 Yrs From 30/11/2010,Resale,840,78.039,Strata,Private,URA,not_clean,https://www.edgeprop.sg/condo-apartment/the-miltonia-residences,the-miltonia-residences
THE MILTONIA RESIDENCES,YISHUN,27,30 Jun 2022,538 Miltonia Close #04-XX,538 Miltonia Close,2,1063,915000,Condominium,99 Yrs From 30/11/2010,Resale,861,79.99,Strata,HDB,URA,not_clean,https://www.edgeprop.sg/condo-apartment/the-miltonia-residences,the-miltonia-residences
THE MILTONIA RESIDENCES,YISHUN,27,28 Jun 2022,546 Miltonia Close #03-XX,546 Miltonia Close,2,1060,890000,Condominium,99 Yrs From 30/11/2010,Resale,840,78.039,Strata,Private,URA,not_clean,https://www.edgeprop.sg/condo-apartment/the-miltonia-residences,the-miltonia-residences
THE MILTONIA RESIDENCES,YISHUN,27,24 Jun 2022,546 Miltonia Close #02-XX,546 Miltonia Close,2,1060,890000,Condominium,99 Yrs From 30/11/2010,Resale,840,78.039,Strata,Private,URA,not_clean,https://www.edgeprop.sg/condo-apartment/the-miltonia-residences,the-miltonia-residences
THE MILTONIA RESIDENCES,YISHUN,27,3 Jun 2022,540 Miltonia Close #01-XX,540 Miltonia Close,2,1030,965000,Condominium,99 Yrs From 30/11/2010,Resale,936,86.957,Strata,HDB,URA,not_clean,https://www.edgeprop.sg/condo-apartment/the-miltonia-residences,the-miltonia-residences
THE MILTONIA RESIDENCES,YISHUN,27,3 Jun 2022,542 Miltonia Close #05-XX,542 Miltonia Close,3,897,1390000,Condominium,99 Yrs From 30/11/2010,Resale,1550,144.0,Strata,HDB,URA,not_clean,https://www.edgeprop.sg/condo-apartment/the-miltonia-residences,the-miltonia-residences
THE MILTONIA RESIDENCES,YISHUN,27,26 May 2022,520 Miltonia Close #04-XX,520 Miltonia Close,2,1054,885000,Condominium,99 Yrs From 30/11/2010,Resale,840,78.039,Strata,HDB,URA,not_clean,https://www.edgeprop.sg/condo-apartment/the-miltonia-residences,the-miltonia-residences
THE MILTONIA RESIDENCES,YISHUN,27,24 May 2022,546 Miltonia Close #05-XX,546 Miltonia Close,2,944,945000,Condominium,99 Yrs From 30/11/2010,Resale,1001,92.996,Strata,Private,URA,not_clean,https://www.edgeprop.sg/condo-apartment/the-miltonia-residences,the-miltonia-residences
THE MILTONIA RESIDENCES,YISHUN,27,12 May 2022,552 Miltonia Close #04-XX,552 Miltonia Close,3,1091,1280000,Condominium,99 Yrs From 30/11/2010,Resale,1173,108.975,Strata,HDB,URA,not_clean,https://www.edgeprop.sg/condo-apartment/the-miltonia-residences,the-miltonia-residences
THE MILTONIA RESIDENCES,YISHUN,27,5 May 2022,528 Miltonia Close #01-XX,528 Miltonia Close,2,1024,1025000,Condominium,99 Yrs From 30/11/2010,Resale,1001,92.996,Strata,Private,URA,not_clean,https://www.edgeprop.sg/condo-apartment/the-miltonia-residences,the-miltonia-residences
THE MILTONIA RESIDENCES,YISHUN,27,25 Apr 2022,546 Miltonia Close #01-XX,546 Miltonia Close,1,1162,688000,Condominium,99 Yrs From 30/11/2010,Resale,592,54.999,Strata,Private,URA,not_clean,https://www.edgeprop.sg/condo-apartment/the-miltonia-residences,the-miltonia-residences
THE MILTONIA RESIDENCES,YISHUN,27,11 Apr 2022,532 Miltonia Close #04-XX,532 Miltonia Close,2,1087,936000,Condominium,99 Yrs From 30/11/2010,Resale,861,79.99,Strata,HDB,URA,not_clean,https://www.edgeprop.sg/condo-apartment/the-miltonia-residences,the-miltonia-residences
THE MILTONIA RESIDENCES,YISHUN,27,23 Mar 2022,548 Miltonia Close #05-XX,548 Miltonia Close,2,929,930000,Condominium,99 Yrs From 30/11/2010,Resale,1001,92.996,Strata,HDB,URA,not_clean,https://www.edgeprop.sg/condo-apartment/the-miltonia-residences,the-miltonia-residences
THE MILTONIA RESIDENCES,YISHUN,27,14 Mar 2022,556 Miltonia Close #01-XX,556 Miltonia Close,2,1020,955000,Condominium,99 Yrs From 30/11/2010,Resale,936,86.957,Strata,HDB,URA,not_clean,https://www.edgeprop.sg/condo-apartment/the-miltonia-residences,the-miltonia-residences
THE MILTONIA RESIDENCES,YISHUN,27,11 Mar 2022,522 Miltonia Close #05-XX,522 Miltonia Close,4,915,1900000,Condominium,99 Yrs From 30/11/2010,Resale,2077,192.96,Strata,Private,URA,not_clean,https://www.edgeprop.sg/condo-apartment/the-miltonia-residences,the-miltonia-residences
THE MILTONIA RESIDENCES,YISHUN,27,28 Jan 2022,546 Miltonia Close #05-XX,546 Miltonia Close,3,962,1470000,Condominium,99 Yrs From 30/11/2010,Resale,1528,141.956,Strata,HDB,URA,not_clean,https://www.edgeprop.sg/condo-apartment/the-miltonia-residences,the-miltonia-residences
THE MILTONIA RESIDENCES,YISHUN,27,14 Jan 2022,520 Miltonia Close #05-XX,520 Miltonia Close,3,889,1358888,Condominium,99 Yrs From 30/11/2010,Resale,1528,141.956,Strata,Private,URA,not_clean,https://www.edgeprop.sg/condo-apartment/the-miltonia-residences,the-miltonia-residences
THE MILTONIA RESIDENCES,YISHUN,27,30 Dec 2021,552 Miltonia Close #05-XX,552 Miltonia Close,3,942,1430000,Condominium,99 Yrs From 30/11/2010,Resale,1518,141.027,Strata,HDB,URA,not_clean,https://www.edgeprop.sg/condo-apartment/the-miltonia-residences,the-miltonia-residences
THE MILTONIA RESIDENCES,YISHUN,27,17 Dec 2021,554 Miltonia Close #03-XX,554 Miltonia Close,3,1048,1230000,Condominium,99 Yrs From 30/11/2010,Resale,1173,108.975,Strata,HDB,URA,not_clean,https://www.edgeprop.sg/condo-apartment/the-miltonia-residences,the-miltonia-residences
THE MILTONIA RESIDENCES,YISHUN,27,30 Nov 2021,540 Miltonia Close #01-XX,540 Miltonia Close,2,979,980000,Condominium,99 Yrs From 30/11/2010,Resale,1001,92.996,Strata,Private,URA,not_clean,https://www.edgeprop.sg/condo-apartment/the-miltonia-residences,the-miltonia-residences
THE MILTONIA RESIDENCES,YISHUN,27,18 Nov 2021,522 Miltonia Close #01-XX,522 Miltonia Close,3,896,1350000,Condominium,99 Yrs From 30/11/2010,Resale,1507,140.005,Strata,Private,URA,not_clean,https://www.edgeprop.sg/condo-apartment/the-miltonia-residences,the-miltonia-residences
THE MILTONIA RESIDENCES,YISHUN,27,10 Nov 2021,524 Miltonia Close #04-XX,524 Miltonia Close,3,912,1070000,Condominium,99 Yrs From 30/11/2010,Resale,1173,108.975,Strata,HDB,URA,not_clean,https://www.edgeprop.sg/condo-apartment/the-miltonia-residences,the-miltonia-residences
THE MILTONIA RESIDENCES,YISHUN,27,28 Oct 2021,548 Miltonia Close #03-XX,548 Miltonia Close,2,973,816888,Condominium,99 Yrs From 30/11/2010,Resale,840,78.039,Strata,Private,URA,not_clean,https://www.edgeprop.sg/condo-apartment/the-miltonia-residences,the-miltonia-residences
THE MILTONIA RESIDENCES,YISHUN,27,26 Oct 2021,528 Miltonia Close #01-XX,528 Miltonia Close,3,903,1380000,Condominium,99 Yrs From 30/11/2010,Resale,1528,141.956,Strata,Private,URA,not_clean,https://www.edgeprop.sg/condo-apartment/the-miltonia-residences,the-miltonia-residences
THE MILTONIA RESIDENCES,YISHUN,27,5 Oct 2021,536 Miltonia Close #04-XX,536 Miltonia Close,2,1034,890000,Condominium,99 Yrs From 30/11/2010,Resale,861,79.99,Strata,HDB,URA,not_clean,https://www.edgeprop.sg/condo-apartment/the-miltonia-residences,the-miltonia-residences
THE MILTONIA RESIDENCES,YISHUN,27,30 Sep 2021,554 Miltonia Close #02-XX,554 Miltonia Close,2,975,840000,Condominium,99 Yrs From 30/11/2010,Resale,861,79.99,Strata,Private,URA,not_clean,https://www.edgeprop.sg/condo-apartment/the-miltonia-residences,the-miltonia-residences
THE MILTONIA RESIDENCES,YISHUN,27,28 Sep 2021,520 Miltonia Close #05-XX,520 Miltonia Close,2,869,870000,Condominium,99 Yrs From 30/11/2010,Resale,1001,92.996,Strata,HDB,URA,not_clean,https://www.edgeprop.sg/condo-apartment/the-miltonia-residences,the-miltonia-residences
THE MILTONIA RESIDENCES,YISHUN,27,10 Sep 2021,538 Miltonia Close #05-XX,538 Miltonia Close,4,866,1800000,Condominium,99 Yrs From 30/11/2010,Resale,2077,192.96,Strata,Private,URA,not_clean,https://www.edgeprop.sg/condo-apartment/the-miltonia-residences,the-miltonia-residences
THE MILTONIA RESIDENCES,YISHUN,27,2 Sep 2021,528 Miltonia Close #02-XX,528 Miltonia Close,3,989,1128000,Condominium,99 Yrs From 30/11/2010,Resale,1141,106.002,Strata,HDB,URA,not_clean,https://www.edgeprop.sg/condo-apartment/the-miltonia-residences,the-miltonia-residences
THE MILTONIA RESIDENCES,YISHUN,27,25 Aug 2021,550 Miltonia Close #04-XX,550 Miltonia Close,2,939,788000,Condominium,99 Yrs From 30/11/2010,Resale,840,78.039,Strata,HDB,URA,not_clean,https://www.edgeprop.sg/condo-apartment/the-miltonia-residences,the-miltonia-residences
THE MILTONIA RESIDENCES,YISHUN,27,13 Aug 2021,546 Miltonia Close #02-XX,546 Miltonia Close,1,1103,570000,Condominium,99 Yrs From 30/11/2010,Resale,517,48.031,Strata,Private,URA,not_clean,https://www.edgeprop.sg/condo-apartment/the-miltonia-residences,the-miltonia-residences
THE MILTONIA RESIDENCES,YISHUN,27,11 Aug 2021,550 Miltonia Close #03-XX,550 Miltonia Close,2,923,775000,Condominium,99 Yrs From 30/11/2010,Resale,840,78.039,Strata,Private,URA,not_clean,https://www.edgeprop.sg/condo-apartment/the-miltonia-residences,the-miltonia-residences
THE MILTONIA RESIDENCES,YISHUN,27,4 Aug 2021,526 Miltonia Close #02-XX,526 Miltonia Close,3,975,1112000,Condominium,99 Yrs From 30/11/2010,Resale,1141,106.002,Strata,HDB,URA,not_clean,https://www.edgeprop.sg/condo-apartment/the-miltonia-residences,the-miltonia-residences
THE MILTONIA RESIDENCES,YISHUN,27,26 Jul 2021,532 Miltonia Close #04-XX,532 Miltonia Close,2,1010,870000,Condominium,99 Yrs From 30/11/2010,Resale,861,79.99,Strata,HDB,URA,not_clean,https://www.edgeprop.sg/condo-apartment/the-miltonia-residences,the-miltonia-residences
THE MILTONIA RESIDENCES,YISHUN,27,21 Jul 2021,520 Miltonia Close #03-XX,520 Miltonia Close,1,1113,575000,Condominium,99 Yrs From 30/11/2010,Resale,517,48.031,Strata,HDB,URA,not_clean,https://www.edgeprop.sg/condo-apartment/the-miltonia-residences,the-miltonia-residences
THE MILTONIA RESIDENCES,YISHUN,27,19 Jul 2021,548 Miltonia Close #03-XX,548 Miltonia Close,2,959,805000,Condominium,99 Yrs From 30/11/2010,Resale,840,78.039,Strata,HDB,URA,not_clean,https://www.edgeprop.sg/condo-apartment/the-miltonia-residences,the-miltonia-residences
THE MILTONIA RESIDENCES,YISHUN,27,22 Jun 2021,538 Miltonia Close #03-XX,538 Miltonia Close,2,1022,880000,Condominium,99 Yrs From 30/11/2010,Resale,861,79.99,Strata,HDB,URA,not_clean,https://www.edgeprop.sg/condo-apartment/the-miltonia-residences,the-miltonia-residences
THE MILTONIA RESIDENCES,YISHUN,27,20 May 2021,530 Miltonia Close #05-XX,530 Miltonia Close,4,881,1830000,Condominium,99 Yrs From 30/11/2010,Resale,2077,192.96,Strata,Private,URA,not_clean,https://www.edgeprop.sg/condo-apartment/the-miltonia-residences,the-miltonia-residences
THE MILTONIA RESIDENCES,YISHUN,27,11 May 2021,548 Miltonia Close #04-XX,548 Miltonia Close,2,941,790000,Condominium,99 Yrs From 30/11/2010,Resale,840,78.039,Strata,Private,URA,not_clean,https://www.edgeprop.sg/condo-apartment/the-miltonia-residences,the-miltonia-residences
THE MILTONIA RESIDENCES,YISHUN,27,22 Apr 2021,550 Miltonia Close #02-XX,550 Miltonia Close,2,905,760000,Condominium,99 Yrs From 30/11/2010,Resale,840,78.039,Strata,Private,URA,not_clean,https://www.edgeprop.sg/condo-apartment/the-miltonia-residences,the-miltonia-residences
THE MILTONIA RESIDENCES,YISHUN,27,16 Apr 2021,548 Miltonia Close #04-XX,548 Miltonia Close,2,926,777500,Condominium,99 Yrs From 30/11/2010,Resale,840,78.039,Strata,HDB,URA,not_clean,https://www.edgeprop.sg/condo-apartment/the-miltonia-residences,the-miltonia-residences
THE MILTONIA RESIDENCES,YISHUN,27,9 Apr 2021,536 Miltonia Close #04-XX,536 Miltonia Close,3,1052,1200000,Condominium,99 Yrs From 30/11/2010,Resale,1141,106.002,Strata,HDB,URA,not_clean,https://www.edgeprop.sg/condo-apartment/the-miltonia-residences,the-miltonia-residences
THE MILTONIA RESIDENCES,YISHUN,27,5 Apr 2021,548 Miltonia Close #05-XX,548 Miltonia Close,3,883,1350000,Condominium,99 Yrs From 30/11/2010,Resale,1528,141.956,Strata,Private,URA,not_clean,https://www.edgeprop.sg/condo-apartment/the-miltonia-residences,the-miltonia-residences
THE MILTONIA RESIDENCES,YISHUN,27,30 Mar 2021,546 Miltonia Close #02-XX,546 Miltonia Close,1,1045,540000,Condominium,99 Yrs From 30/11/2010,Resale,517,48.031,Strata,Private,URA,not_clean,https://www.edgeprop.sg/condo-apartment/the-miltonia-residences,the-miltonia-residences
THE MILTONIA RESIDENCES,YISHUN,27,25 Mar 2021,536 Miltonia Close #01-XX,536 Miltonia Close,3,854,1250000,Condominium,99 Yrs From 30/11/2010,Resale,1464,136.01,Strata,HDB,URA,not_clean,https://www.edgeprop.sg/condo-apartment/the-miltonia-residences,the-miltonia-residences
THE MILTONIA RESIDENCES,YISHUN,27,22 Mar 2021,546 Miltonia Close #05-XX,546 Miltonia Close,3,881,1346000,Condominium,99 Yrs From 30/11/2010,Resale,1528,141.956,Strata,Private,URA,not_clean,https://www.edgeprop.sg/condo-apartment/the-miltonia-residences,the-miltonia-residences
THE MILTONIA RESIDENCES,YISHUN,27,22 Mar 2021,552 Miltonia Close #05-XX,552 Miltonia Close,3,883,1340000,Condominium,99 Yrs From 30/11/2010,Resale,1518,141.027,Strata,HDB,URA,not_clean,https://www.edgeprop.sg/condo-apartment/the-miltonia-residences,the-miltonia-residences
THE MILTONIA RESIDENCES,YISHUN,27,5 Mar 2021,520 Miltonia Close #01-XX,520 Miltonia Close,2,959,950000,Condominium,99 Yrs From 30/11/2010,Resale,990,91.974,Strata,HDB,URA,not_clean,https://www.edgeprop.sg/condo-apartment/the-miltonia-residences,the-miltonia-residences
THE MILTONIA RESIDENCES,YISHUN,27,3 Mar 2021,520 Miltonia Close #04-XX,520 Miltonia Close,1,1094,565000,Condominium,99 Yrs From 30/11/2010,Resale,517,48.031,Strata,HDB,URA,not_clean,https://www.edgeprop.sg/condo-apartment/the-miltonia-residences,the-miltonia-residences
THE MILTONIA RESIDENCES,YISHUN,27,19 Feb 2021,552 Miltonia Close #05-XX,552 Miltonia Close,4,822,1708000,Condominium,99 Yrs From 30/11/2010,Resale,2077,192.96,Strata,HDB,URA,not_clean,https://www.edgeprop.sg/condo-apartment/the-miltonia-residences,the-miltonia-residences
THE MILTONIA RESIDENCES,YISHUN,27,5 Feb 2021,532 Miltonia Close #02-XX,532 Miltonia Close,2,906,780000,Condominium,99 Yrs From 30/11/2010,Resale,861,79.99,Strata,HDB,URA,not_clean,https://www.edgeprop.sg/condo-apartment/the-miltonia-residences,the-miltonia-residences
THE MILTONIA RESIDENCES,YISHUN,27,29 Jan 2021,526 Miltonia Close #04-XX,526 Miltonia Close,2,1010,870000,Condominium,99 Yrs From 30/11/2010,Resale,861,79.99,Strata,Private,URA,not_clean,https://www.edgeprop.sg/condo-apartment/the-miltonia-residences,the-miltonia-residences
THE MILTONIA RESIDENCES,YISHUN,27,8 Jan 2021,546 Miltonia Close #01-XX,546 Miltonia Close,2,939,930000,Condominium,99 Yrs From 30/11/2010,Resale,990,91.974,Strata,Private,URA,not_clean,https://www.edgeprop.sg/condo-apartment/the-miltonia-residences,the-miltonia-residences
THE MILTONIA RESIDENCES,YISHUN,27,5 Jan 2021,556 Miltonia Close #04-XX,556 Miltonia Close,2,962,828000,Condominium,99 Yrs From 30/11/2010,Resale,861,79.99,Strata,HDB,URA,not_clean,https://www.edgeprop.sg/condo-apartment/the-miltonia-residences,the-miltonia-residences
THE MILTONIA RESIDENCES,YISHUN,27,4 Dec 2020,540 Miltonia Close #02-XX,540 Miltonia Close,3,878,1030000,Condominium,99 Yrs From 30/11/2010,Resale,1173,108.975,Strata,Private,URA,not_clean,https://www.edgeprop.sg/condo-apartment/the-miltonia-residences,the-miltonia-residences
THE MILTONIA RESIDENCES,YISHUN,27,2 Dec 2020,534 Miltonia Close #04-XX,534 Miltonia Close,3,929,950000,Condominium,99 Yrs From 30/11/2010,Resale,1023,95.04,Strata,HDB,URA,not_clean,https://www.edgeprop.sg/condo-apartment/the-miltonia-residences,the-miltonia-residences
THE MILTONIA RESIDENCES,YISHUN,27,30 Nov 2020,520 Miltonia Close #01-XX,520 Miltonia Close,2,897,888000,Condominium,99 Yrs From 30/11/2010,Resale,990,91.974,Strata,Private,URA,not_clean,https://www.edgeprop.sg/condo-apartment/the-miltonia-residences,the-miltonia-residences
THE MILTONIA RESIDENCES,YISHUN,27,17 Nov 2020,528 Miltonia Close #03-XX,528 Miltonia Close,3,998,1138888,Condominium,99 Yrs From 30/11/2010,Resale,1141,106.002,Strata,Private,URA,not_clean,https://www.edgeprop.sg/condo-apartment/the-miltonia-residences,the-miltonia-residences
THE MILTONIA RESIDENCES,YISHUN,27,11 Nov 2020,546 Miltonia Close #01-XX,546 Miltonia Close,1,1056,625000,Condominium,99 Yrs From 30/11/2010,Resale,592,54.999,Strata,HDB,URA,not_clean,https://www.edgeprop.sg/condo-apartment/the-miltonia-residences,the-miltonia-residences
THE MILTONIA RESIDENCES,YISHUN,27,10 Nov 2020,534 Miltonia Close #02-XX,534 Miltonia Close,2,923,775000,Condominium,99 Yrs From 30/11/2010,Resale,840,78.039,Strata,HDB,URA,not_clean,https://www.edgeprop.sg/condo-apartment/the-miltonia-residences,the-miltonia-residences
THE MILTONIA RESIDENCES,YISHUN,27,19 Oct 2020,520 Miltonia Close #05-XX,520 Miltonia Close,3,818,1250000,Condominium,99 Yrs From 30/11/2010,Resale,1528,141.956,Strata,HDB,URA,not_clean,https://www.edgeprop.sg/condo-apartment/the-miltonia-residences,the-miltonia-residences
THE MILTONIA RESIDENCES,YISHUN,27,12 Oct 2020,546 Miltonia Close #03-XX,546 Miltonia Close,1,1074,555000,Condominium,99 Yrs From 30/11/2010,Resale,517,48.031,Strata,HDB,URA,not_clean,https://www.edgeprop.sg/condo-apartment/the-miltonia-residences,the-miltonia-residences
THE MILTONIA RESIDENCES,YISHUN,27,8 Sep 2020,520 Miltonia Close #01-XX,520 Miltonia Close,1,1044,618000,Condominium,99 Yrs From 30/11/2010,Resale,592,54.999,Strata,HDB,URA,not_clean,https://www.edgeprop.sg/condo-apartment/the-miltonia-residences,the-miltonia-residences
THE MILTONIA RESIDENCES,YISHUN,27,4 Aug 2020,538 Miltonia Close #01-XX,538 Miltonia Close,3,810,1160000,Condominium,99 Yrs From 30/11/2010,Resale,1432,133.037,Strata,Private,URA,not_clean,https://www.edgeprop.sg/condo-apartment/the-miltonia-residences,the-miltonia-residences
THE MILTONIA RESIDENCES,YISHUN,27,23 Jul 2020,530 Miltonia Close #03-XX,530 Miltonia Close,2,952,820000,Condominium,99 Yrs From 30/11/2010,Resale,861,79.99,Strata,HDB,URA,not_clean,https://www.edgeprop.sg/condo-apartment/the-miltonia-residences,the-miltonia-residences
THE MILTONIA RESIDENCES,YISHUN,27,14 Jul 2020,552 Miltonia Close #02-XX,552 Miltonia Close,2,871,750000,Condominium,99 Yrs From 30/11/2010,Resale,861,79.99,Strata,Private,URA,not_clean,https://www.edgeprop.sg/condo-apartment/the-miltonia-residences,the-miltonia-residences
THE MILTONIA RESIDENCES,YISHUN,27,20 Apr 2020,534 Miltonia Close #03-XX,534 Miltonia Close,2,810,680000,Condominium,99 Yrs From 30/11/2010,Resale,840,78.039,Strata,Private,URA,not_clean,https://www.edgeprop.sg/condo-apartment/the-miltonia-residences,the-miltonia-residences
THE MILTONIA RESIDENCES,YISHUN,27,11 Mar 2020,546 Miltonia Close #04-XX,546 Miltonia Close,1,1084,560000,Condominium,99 Yrs From 30/11/2010,Resale,517,48.031,Strata,HDB,URA,not_clean,https://www.edgeprop.sg/condo-apartment/the-miltonia-residences,the-miltonia-residences
THE MILTONIA RESIDENCES,YISHUN,27,17 Feb 2020,554 Miltonia Close #02-XX,554 Miltonia Close,3,891,1045000,Condominium,99 Yrs From 30/11/2010,Resale,1173,108.975,Strata,HDB,URA,not_clean,https://www.edgeprop.sg/condo-apartment/the-miltonia-residences,the-miltonia-residences
THE MILTONIA RESIDENCES,YISHUN,27,14 Feb 2020,546 Miltonia Close #03-XX,546 Miltonia Close,2,947,795000,Condominium,99 Yrs From 30/11/2010,Resale,840,78.039,Strata,HDB,URA,not_clean,https://www.edgeprop.sg/condo-apartment/the-miltonia-residences,the-miltonia-residences
THE MILTONIA RESIDENCES,YISHUN,27,12 Feb 2020,528 Miltonia Close #04-XX,528 Miltonia Close,2,929,800000,Condominium,99 Yrs From 30/11/2010,Resale,861,79.99,Strata,HDB,URA,not_clean,https://www.edgeprop.sg/condo-apartment/the-miltonia-residences,the-miltonia-residences
THE MILTONIA RESIDENCES,YISHUN,27,12 Dec 2019,534 Miltonia Close #05-XX,534 Miltonia Close,4,814,1550000,Condominium,99 Yrs From 30/11/2010,Resale,1905,176.98,Strata,Private,URA,not_clean,https://www.edgeprop.sg/condo-apartment/the-miltonia-residences,the-miltonia-residences
THE MILTONIA RESIDENCES,YISHUN,27,15 Nov 2019,528 Miltonia Close #02-XX,528 Miltonia Close,3,955,1090000,Condominium,99 Yrs From 30/11/2010,Resale,1141,106.002,Strata,HDB,URA,not_clean,https://www.edgeprop.sg/condo-apartment/the-miltonia-residences,the-miltonia-residences
THE MILTONIA RESIDENCES,YISHUN,27,1 Nov 2019,536 Miltonia Close #04-XX,536 Miltonia Close,3,990,1130000,Condominium,99 Yrs From 30/11/2010,Resale,1141,106.002,Strata,Private,URA,not_clean,https://www.edgeprop.sg/condo-apartment/the-miltonia-residences,the-miltonia-residences
THE MILTONIA RESIDENCES,YISHUN,27,15 Oct 2019,536 Miltonia Close #01-XX,536 Miltonia Close,2,949,950000,Condominium,99 Yrs From 30/11/2010,Resale,1001,92.996,Strata,Private,URA,not_clean,https://www.edgeprop.sg/condo-apartment/the-miltonia-residences,the-miltonia-residences
THE MILTONIA RESIDENCES,YISHUN,27,11 Oct 2019,522 Miltonia Close #01-XX,522 Miltonia Close,3,829,1250000,Condominium,99 Yrs From 30/11/2010,Resale,1507,140.005,Strata,HDB,URA,not_clean,https://www.edgeprop.sg/condo-apartment/the-miltonia-residences,the-miltonia-residences
THE MILTONIA RESIDENCES,YISHUN,27,12 Sep 2019,554 Miltonia Close #02-XX,554 Miltonia Close,3,903,1060000,Condominium,99 Yrs From 30/11/2010,Resale,1173,108.975,Strata,HDB,URA,not_clean,https://www.edgeprop.sg/condo-apartment/the-miltonia-residences,the-miltonia-residences
THE MILTONIA RESIDENCES,YISHUN,27,2 Sep 2019,520 Miltonia Close #01-XX,520 Miltonia Close,2,808,800000,Condominium,99 Yrs From 30/11/2010,Resale,990,91.974,Strata,N.A,URA,not_clean,https://www.edgeprop.sg/condo-apartment/the-miltonia-residences,the-miltonia-residences
THE MILTONIA RESIDENCES,YISHUN,27,30 Aug 2019,536 Miltonia Close #02-XX,536 Miltonia Close,3,982,1120000,Condominium,99 Yrs From 30/11/2010,Resale,1141,106.002,Strata,Private,URA,not_clean,https://www.edgeprop.sg/condo-apartment/the-miltonia-residences,the-miltonia-residences
THE MILTONIA RESIDENCES,YISHUN,27,30 Jul 2019,554 Miltonia Close #01-XX,554 Miltonia Close,2,863,808000,Condominium,99 Yrs From 30/11/2010,Resale,936,86.957,Strata,HDB,URA,not_clean,https://www.edgeprop.sg/condo-apartment/the-miltonia-residences,the-miltonia-residences
THE MILTONIA RESIDENCES,YISHUN,27,26 Jul 2019,524 Miltonia Close #01-XX,524 Miltonia Close,3,831,1190000,Condominium,99 Yrs From 30/11/2010,Resale,1432,133.037,Strata,HDB,URA,not_clean,https://www.edgeprop.sg/condo-apartment/the-miltonia-residences,the-miltonia-residences
THE MILTONIA RESIDENCES,YISHUN,27,3 Jun 2019,522 Miltonia Close #04-XX,522 Miltonia Close,2,950,818000,Condominium,99 Yrs From 30/11/2010,Resale,861,79.99,Strata,Private,URA,not_clean,https://www.edgeprop.sg/condo-apartment/the-miltonia-residences,the-miltonia-residences
THE MILTONIA RESIDENCES,YISHUN,27,31 May 2019,532 Miltonia Close #01-XX,532 Miltonia Close,2,929,930000,Condominium,99 Yrs From 30/11/2010,Resale,1001,92.996,Strata,N.A,URA,not_clean,https://www.edgeprop.sg/condo-apartment/the-miltonia-residences,the-miltonia-residences
THE MILTONIA RESIDENCES,YISHUN,27,8 Apr 2019,528 Miltonia Close #05-XX,528 Miltonia Close,3,922,1400000,Condominium,99 Yrs From 30/11/2010,Resale,1518,141.027,Strata,HDB,URA,not_clean,https://www.edgeprop.sg/condo-apartment/the-miltonia-residences,the-miltonia-residences
THE MILTONIA RESIDENCES,YISHUN,27,18 Feb 2019,546 Miltonia Close #01-XX,546 Miltonia Close,1,1081,640000,Condominium,99 Yrs From 30/11/2010,Resale,592,54.999,Strata,Private,URA,not_clean,https://www.edgeprop.sg/condo-apartment/the-miltonia-residences,the-miltonia-residences
THE MILTONIA RESIDENCES,YISHUN,27,8 Feb 2019,550 Miltonia Close #02-XX,550 Miltonia Close,3,900,920000,Condominium,99 Yrs From 30/11/2010,Resale,1023,95.04,Strata,HDB,URA,not_clean,https://www.edgeprop.sg/condo-apartment/the-miltonia-residences,the-miltonia-residences
THE MILTONIA RESIDENCES,YISHUN,27,25 Jan 2019,542 Miltonia Close #04-XX,542 Miltonia Close,2,941,790000,Condominium,99 Yrs From 30/11/2010,Resale,840,78.039,Strata,HDB,URA,not_clean,https://www.edgeprop.sg/condo-apartment/the-miltonia-residences,the-miltonia-residences
THE MILTONIA RESIDENCES,YISHUN,27,14 Jan 2019,542 Miltonia Close #03-XX,542 Miltonia Close,3,929,950000,Condominium,99 Yrs From 30/11/2010,Resale,1023,95.04,Strata,HDB,URA,not_clean,https://www.edgeprop.sg/condo-apartment/the-miltonia-residences,the-miltonia-residences
THE WATERGARDENS AT CANBERRA,SEMBAWANG,27,19 Jun 2026,57 CANBERRA DRIVE #02-XX,57 CANBERRA DRIVE,2,1711,1160000,"Apartment, Condominium",99 yrs from 08/06/2020,Sub Sale,678,62.988,Strata,HDB,URA,not_clean,https://www.edgeprop.sg/condo-apartment/the-watergardens-at-canberra,the-watergardens-at-canberra
THE WATERGARDENS AT CANBERRA,SEMBAWANG,27,16 Jun 2026,31 CANBERRA DRIVE #04-XX,31 CANBERRA DRIVE,3,1720,1648000,"Apartment, Condominium",99 yrs from 08/06/2020,Sub Sale,958,89.001,Strata,HDB,URA,not_clean,https://www.edgeprop.sg/condo-apartment/the-watergardens-at-canberra,the-watergardens-at-canberra
THE WATERGARDENS AT CANBERRA,SEMBAWANG,27,16 Jun 2026,53 CANBERRA DRIVE #01-XX,53 CANBERRA DRIVE,4,1762,2295000,"Apartment, Condominium",99 yrs from 08/06/2020,Sub Sale,1302,120.96,Strata,Private,URA,not_clean,https://www.edgeprop.sg/condo-apartment/the-watergardens-at-canberra,the-watergardens-at-canberra
THE WATERGARDENS AT CANBERRA,SEMBAWANG,27,14 May 2026,47 CANBERRA DRIVE #01-XX,47 CANBERRA DRIVE,3,1711,1638888,"Apartment, Condominium",99 yrs from 08/06/2020,Sub Sale,958,89.001,Strata,Private,URA,not_clean,https://www.edgeprop.sg/condo-apartment/the-watergardens-at-canberra,the-watergardens-at-canberra
THE WATERGARDENS AT CANBERRA,SEMBAWANG,27,8 May 2026,37 CANBERRA DRIVE #03-XX,37 CANBERRA DRIVE,2,1725,1300000,"Apartment, Condominium",99 yrs from 08/06/2020,Sub Sale,753,69.956,Strata,HDB,URA,not_clean,https://www.edgeprop.sg/condo-apartment/the-watergardens-at-canberra,the-watergardens-at-canberra
THE WATERGARDENS AT CANBERRA,SEMBAWANG,27,7 May 2026,35 CANBERRA DRIVE #05-XX,35 CANBERRA DRIVE,3,1457,1693888,"Apartment, Condominium",99 yrs from 08/06/2020,Sub Sale,1163,108.046,Strata,HDB,URA,not_clean,https://www.edgeprop.sg/condo-apartment/the-watergardens-at-canberra,the-watergardens-at-canberra
THE WATERGARDENS AT CANBERRA,SEMBAWANG,27,22 Apr 2026,41 CANBERRA DRIVE #03-XX,41 CANBERRA DRIVE,4,1864,2428000,"Apartment, Condominium",99 yrs from 08/06/2020,Sub Sale,1302,120.96,Strata,Private,URA,not_clean,https://www.edgeprop.sg/condo-apartment/the-watergardens-at-canberra,the-watergardens-at-canberra
THE WATERGARDENS AT CANBERRA,SEMBAWANG,27,20 Mar 2026,47 CANBERRA DRIVE #04-XX,47 CANBERRA DRIVE,3,1748,1675000,"Apartment, Condominium",99 yrs from 08/06/2020,Sub Sale,958,89.001,Strata,Private,URA,not_clean,https://www.edgeprop.sg/condo-apartment/the-watergardens-at-canberra,the-watergardens-at-canberra
THE WATERGARDENS AT CANBERRA,SEMBAWANG,27,18 Mar 2026,55 CANBERRA DRIVE #03-XX,55 CANBERRA DRIVE,2,1725,1300000,"Apartment, Condominium",99 yrs from 08/06/2020,Sub Sale,753,69.956,Strata,HDB,URA,not_clean,https://www.edgeprop.sg/condo-apartment/the-watergardens-at-canberra,the-watergardens-at-canberra
THE WATERGARDENS AT CANBERRA,SEMBAWANG,27,17 Mar 2026,51 CANBERRA DRIVE #02-XX,51 CANBERRA DRIVE,3,1822,2020000,"Apartment, Condominium",99 yrs from 08/06/2020,Sub Sale,1109,103.029,Strata,Private,URA,not_clean,https://www.edgeprop.sg/condo-apartment/the-watergardens-at-canberra,the-watergardens-at-canberra
THE WATERGARDENS AT CANBERRA,SEMBAWANG,27,25 Feb 2026,57 CANBERRA DRIVE #02-XX,57 CANBERRA DRIVE,2,1712,1290000,"Apartment, Condominium",99 yrs from 08/06/2020,Sub Sale,753,69.956,Strata,HDB,URA,not_clean,https://www.edgeprop.sg/condo-apartment/the-watergardens-at-canberra,the-watergardens-at-canberra
THE WATERGARDENS AT CANBERRA,SEMBAWANG,27,25 Feb 2026,45 CANBERRA DRIVE #01-XX,45 CANBERRA DRIVE,4,1751,2280000,"Apartment, Condominium",99 yrs from 08/06/2020,Sub Sale,1302,120.96,Strata,Private,URA,not_clean,https://www.edgeprop.sg/condo-apartment/the-watergardens-at-canberra,the-watergardens-at-canberra
THE WATERGARDENS AT CANBERRA,SEMBAWANG,27,13 Feb 2026,47 CANBERRA DRIVE #04-XX,47 CANBERRA DRIVE,3,1731,1658000,"Apartment, Condominium",99 yrs from 08/06/2020,Sub Sale,958,89.001,Strata,Private,URA,not_clean,https://www.edgeprop.sg/condo-apartment/the-watergardens-at-canberra,the-watergardens-at-canberra
THE WATERGARDENS AT CANBERRA,SEMBAWANG,27,9 Feb 2026,53 CANBERRA DRIVE #05-XX,53 CANBERRA DRIVE,4,1570,2399900,"Apartment, Condominium",99 yrs from 08/06/2020,Sub Sale,1528,141.956,Strata,HDB,URA,not_clean,https://www.edgeprop.sg/condo-apartment/the-watergardens-at-canberra,the-watergardens-at-canberra
THE WATERGARDENS AT CANBERRA,SEMBAWANG,27,3 Feb 2026,35 CANBERRA DRIVE #01-XX,35 CANBERRA DRIVE,2,1696,1150000,"Apartment, Condominium",99 yrs from 08/06/2020,Sub Sale,678,62.988,Strata,HDB,URA,not_clean,https://www.edgeprop.sg/condo-apartment/the-watergardens-at-canberra,the-watergardens-at-canberra
THE WATERGARDENS AT CANBERRA,SEMBAWANG,27,30 Jan 2026,47 CANBERRA DRIVE #01-XX,47 CANBERRA DRIVE,3,1733,1660000,"Apartment, Condominium",99 yrs from 08/06/2020,Sub Sale,958,89.001,Strata,HDB,URA,not_clean,https://www.edgeprop.sg/condo-apartment/the-watergardens-at-canberra,the-watergardens-at-canberra
THE WATERGARDENS AT CANBERRA,SEMBAWANG,27,27 Jan 2026,29 CANBERRA DRIVE #04-XX,29 CANBERRA DRIVE,2,1776,1415000,"Apartment, Condominium",99 yrs from 08/06/2020,Sub Sale,797,74.044,Strata,HDB,URA,not_clean,https://www.edgeprop.sg/condo-apartment/the-watergardens-at-canberra,the-watergardens-at-canberra
THE WATERGARDENS AT CANBERRA,SEMBAWANG,27,23 Jan 2026,49 CANBERRA DRIVE #02-XX,49 CANBERRA DRIVE,3,1731,1658000,"Apartment, Condominium",99 yrs from 08/06/2020,Sub Sale,958,89.001,Strata,HDB,URA,not_clean,https://www.edgeprop.sg/condo-apartment/the-watergardens-at-canberra,the-watergardens-at-canberra
THE WATERGARDENS AT CANBERRA,SEMBAWANG,27,22 Jan 2026,27 CANBERRA DRIVE #04-XX,27 CANBERRA DRIVE,2,1699,1280000,"Apartment, Condominium",99 yrs from 08/06/2020,Sub Sale,753,69.956,Strata,HDB,URA,not_clean,https://www.edgeprop.sg/condo-apartment/the-watergardens-at-canberra,the-watergardens-at-canberra
THE WATERGARDENS AT CANBERRA,SEMBAWANG,27,20 Jan 2026,57 CANBERRA DRIVE #01-XX,57 CANBERRA DRIVE,3,1718,1738000,"Apartment, Condominium",99 yrs from 08/06/2020,Sub Sale,1012,94.018,Strata,HDB,URA,not_clean,https://www.edgeprop.sg/condo-apartment/the-watergardens-at-canberra,the-watergardens-at-canberra
THE WATERGARDENS AT CANBERRA,SEMBAWANG,27,19 Jan 2026,57 CANBERRA DRIVE #02-XX,57 CANBERRA DRIVE,2,1686,1270000,"Apartment, Condominium",99 yrs from 08/06/2020,Sub Sale,753,69.956,Strata,Private,URA,not_clean,https://www.edgeprop.sg/condo-apartment/the-watergardens-at-canberra,the-watergardens-at-canberra
THE WATERGARDENS AT CANBERRA,SEMBAWANG,27,12 Dec 2025,57 CANBERRA DRIVE #03-XX,57 CANBERRA DRIVE,2,1652,1245000,"Apartment, Condominium",99 yrs from 08/06/2020,Sub Sale,753,69.956,Strata,HDB,URA,not_clean,https://www.edgeprop.sg/condo-apartment/the-watergardens-at-canberra,the-watergardens-at-canberra
THE WATERGARDENS AT CANBERRA,SEMBAWANG,27,12 Dec 2025,43 CANBERRA DRIVE #02-XX,43 CANBERRA DRIVE,3,1742,1668888,"Apartment, Condominium",99 yrs from 08/06/2020,Sub Sale,958,89.001,Strata,Private,URA,not_clean,https://www.edgeprop.sg/condo-apartment/the-watergardens-at-canberra,the-watergardens-at-canberra
THE WATERGARDENS AT CANBERRA,SEMBAWANG,27,9 Dec 2025,43 CANBERRA DRIVE #02-XX,43 CANBERRA DRIVE,3,1750,1676888,"Apartment, Condominium",99 yrs from 08/06/2020,Sub Sale,958,89.001,Strata,Private,URA,not_clean,https://www.edgeprop.sg/condo-apartment/the-watergardens-at-canberra,the-watergardens-at-canberra
THE WATERGARDENS AT CANBERRA,SEMBAWANG,27,25 Nov 2025,35 CANBERRA DRIVE #03-XX,35 CANBERRA DRIVE,2,1699,1280000,"Apartment, Condominium",99 yrs from 08/06/2020,Sub Sale,753,69.956,Strata,HDB,URA,not_clean,https://www.edgeprop.sg/condo-apartment/the-watergardens-at-canberra,the-watergardens-at-canberra
THE WATERGARDENS AT CANBERRA,SEMBAWANG,27,17 Nov 2025,31 CANBERRA DRIVE #03-XX,31 CANBERRA DRIVE,2,1703,1100000,"Apartment, Condominium",99 yrs from 08/06/2020,Sub Sale,646,60.015,Strata,Private,URA,not_clean,https://www.edgeprop.sg/condo-apartment/the-watergardens-at-canberra,the-watergardens-at-canberra
THE WATERGARDENS AT CANBERRA,SEMBAWANG,27,12 Nov 2025,45 CANBERRA DRIVE #03-XX,45 CANBERRA DRIVE,4,1919,2500000,"Apartment, Condominium",99 yrs from 08/06/2020,Sub Sale,1302,120.96,Strata,Private,URA,not_clean,https://www.edgeprop.sg/condo-apartment/the-watergardens-at-canberra,the-watergardens-at-canberra
THE WATERGARDENS AT CANBERRA,SEMBAWANG,27,10 Nov 2025,47 CANBERRA DRIVE #03-XX,47 CANBERRA DRIVE,3,1693,1622000,"Apartment, Condominium",99 yrs from 08/06/2020,Sub Sale,958,89.001,Strata,HDB,URA,not_clean,https://www.edgeprop.sg/condo-apartment/the-watergardens-at-canberra,the-watergardens-at-canberra
THE WATERGARDENS AT CANBERRA,SEMBAWANG,27,5 Nov 2025,29 CANBERRA DRIVE #02-XX,29 CANBERRA DRIVE,3,1733,1660000,"Apartment, Condominium",99 yrs from 08/06/2020,Sub Sale,958,89.001,Strata,HDB,URA,not_clean,https://www.edgeprop.sg/condo-apartment/the-watergardens-at-canberra,the-watergardens-at-canberra
THE WATERGARDENS AT CANBERRA,SEMBAWANG,27,30 Oct 2025,45 CANBERRA DRIVE #05-XX,45 CANBERRA DRIVE,4,1593,2435000,"Apartment, Condominium",99 yrs from 08/06/2020,Sub Sale,1528,141.956,Strata,HDB,URA,not_clean,https://www.edgeprop.sg/condo-apartment/the-watergardens-at-canberra,the-watergardens-at-canberra
THE WATERGARDENS AT CANBERRA,SEMBAWANG,27,29 Oct 2025,43 CANBERRA DRIVE #04-XX,43 CANBERRA DRIVE,3,1741,1668000,"Apartment, Condominium",99 yrs from 08/06/2020,Sub Sale,958,89.001,Strata,Private,URA,not_clean,https://www.edgeprop.sg/condo-apartment/the-watergardens-at-canberra,the-watergardens-at-canberra
THE WATERGARDENS AT CANBERRA,SEMBAWANG,27,24 Oct 2025,35 CANBERRA DRIVE #02-XX,35 CANBERRA DRIVE,3,1670,1600000,"Apartment, Condominium",99 yrs from 08/06/2020,Sub Sale,958,89.001,Strata,HDB,URA,not_clean,https://www.edgeprop.sg/condo-apartment/the-watergardens-at-canberra,the-watergardens-at-canberra
THE WATERGARDENS AT CANBERRA,SEMBAWANG,27,24 Oct 2025,31 CANBERRA DRIVE #04-XX,31 CANBERRA DRIVE,2,1775,1280000,"Apartment, Condominium",99 yrs from 08/06/2020,Sub Sale,721,66.983,Strata,HDB,URA,not_clean,https://www.edgeprop.sg/condo-apartment/the-watergardens-at-canberra,the-watergardens-at-canberra
THE WATERGARDENS AT CANBERRA,SEMBAWANG,27,23 Oct 2025,33 CANBERRA DRIVE #04-XX,33 CANBERRA DRIVE,2,1758,1268000,"Apartment, Condominium",99 yrs from 08/06/2020,Sub Sale,721,66.983,Strata,Private,URA,not_clean,https://www.edgeprop.sg/condo-apartment/the-watergardens-at-canberra,the-watergardens-at-canberra
THE WATERGARDENS AT CANBERRA,SEMBAWANG,27,22 Oct 2025,29 CANBERRA DRIVE #04-XX,29 CANBERRA DRIVE,2,1830,1458000,"Apartment, Condominium",99 yrs from 08/06/2020,Sub Sale,797,74.044,Strata,Private,URA,not_clean,https://www.edgeprop.sg/condo-apartment/the-watergardens-at-canberra,the-watergardens-at-canberra
THE WATERGARDENS AT CANBERRA,SEMBAWANG,27,16 Oct 2025,33 CANBERRA DRIVE #03-XX,33 CANBERRA DRIVE,3,1747,1580000,"Apartment, Condominium",99 yrs from 08/06/2020,Sub Sale,904,83.984,Strata,HDB,URA,not_clean,https://www.edgeprop.sg/condo-apartment/the-watergardens-at-canberra,the-watergardens-at-canberra
THE WATERGARDENS AT CANBERRA,SEMBAWANG,27,15 Oct 2025,31 CANBERRA DRIVE #05-XX,31 CANBERRA DRIVE,2,1750,1130000,"Apartment, Condominium",99 yrs from 08/06/2020,Sub Sale,646,60.015,Strata,HDB,URA,not_clean,https://www.edgeprop.sg/condo-apartment/the-watergardens-at-canberra,the-watergardens-at-canberra
THE WATERGARDENS AT CANBERRA,SEMBAWANG,27,14 Oct 2025,45 CANBERRA DRIVE #05-XX,45 CANBERRA DRIVE,3,1609,2130000,"Apartment, Condominium",99 yrs from 08/06/2020,Sub Sale,1324,123.004,Strata,HDB,URA,not_clean,https://www.edgeprop.sg/condo-apartment/the-watergardens-at-canberra,the-watergardens-at-canberra
THE WATERGARDENS AT CANBERRA,SEMBAWANG,27,14 Oct 2025,43 CANBERRA DRIVE #05-XX,43 CANBERRA DRIVE,3,1456,1693000,"Apartment, Condominium",99 yrs from 08/06/2020,Sub Sale,1163,108.046,Strata,Private,URA,not_clean,https://www.edgeprop.sg/condo-apartment/the-watergardens-at-canberra,the-watergardens-at-canberra
THE WATERGARDENS AT CANBERRA,SEMBAWANG,27,30 Sep 2025,31 CANBERRA DRIVE #03-XX,31 CANBERRA DRIVE,2,1816,1310000,"Apartment, Condominium",99 yrs from 08/06/2020,Sub Sale,721,66.983,Strata,Private,URA,not_clean,https://www.edgeprop.sg/condo-apartment/the-watergardens-at-canberra,the-watergardens-at-canberra
THE WATERGARDENS AT CANBERRA,SEMBAWANG,27,25 Sep 2025,57 CANBERRA DRIVE #04-XX,57 CANBERRA DRIVE,2,1818,1370000,"Apartment, Condominium",99 yrs from 08/06/2020,Sub Sale,753,69.956,Strata,Private,URA,not_clean,https://www.edgeprop.sg/condo-apartment/the-watergardens-at-canberra,the-watergardens-at-canberra
THE WATERGARDENS AT CANBERRA,SEMBAWANG,27,23 Sep 2025,43 CANBERRA DRIVE #02-XX,43 CANBERRA DRIVE,3,1754,1945000,"Apartment, Condominium",99 yrs from 08/06/2020,Sub Sale,1109,103.029,Strata,Private,URA,not_clean,https://www.edgeprop.sg/condo-apartment/the-watergardens-at-canberra,the-watergardens-at-canberra
THE WATERGARDENS AT CANBERRA,SEMBAWANG,27,15 Sep 2025,51 CANBERRA DRIVE #01-XX,51 CANBERRA DRIVE,3,1714,1900000,"Apartment, Condominium",99 yrs from 08/06/2020,Sub Sale,1109,103.029,Strata,Private,URA,not_clean,https://www.edgeprop.sg/condo-apartment/the-watergardens-at-canberra,the-watergardens-at-canberra
THE WATERGARDENS AT CANBERRA,SEMBAWANG,27,15 Sep 2025,31 CANBERRA DRIVE #03-XX,31 CANBERRA DRIVE,3,1696,1625000,"Apartment, Condominium",99 yrs from 08/06/2020,Sub Sale,958,89.001,Strata,Private,URA,not_clean,https://www.edgeprop.sg/condo-apartment/the-watergardens-at-canberra,the-watergardens-at-canberra
THE WATERGARDENS AT CANBERRA,SEMBAWANG,27,11 Sep 2025,33 CANBERRA DRIVE #01-XX,33 CANBERRA DRIVE,3,1670,1510000,"Apartment, Condominium",99 yrs from 08/06/2020,Sub Sale,904,83.984,Strata,HDB,URA,not_clean,https://www.edgeprop.sg/condo-apartment/the-watergardens-at-canberra,the-watergardens-at-canberra
THE WATERGARDENS AT CANBERRA,SEMBAWANG,27,9 Sep 2025,45 CANBERRA DRIVE #03-XX,45 CANBERRA DRIVE,4,1789,2330000,"Apartment, Condominium",99 yrs from 08/06/2020,Sub Sale,1302,120.96,Strata,Private,URA,not_clean,https://www.edgeprop.sg/condo-apartment/the-watergardens-at-canberra,the-watergardens-at-canberra
THE WATERGARDENS AT CANBERRA,SEMBAWANG,27,22 Aug 2025,49 CANBERRA DRIVE #01-XX,49 CANBERRA DRIVE,3,1741,1930000,"Apartment, Condominium",99 yrs from 08/06/2020,Sub Sale,1109,103.029,Strata,Private,URA,not_clean,https://www.edgeprop.sg/condo-apartment/the-watergardens-at-canberra,the-watergardens-at-canberra
THE WATERGARDENS AT CANBERRA,SEMBAWANG,27,15 Aug 2025,57 CANBERRA DRIVE #03-XX,57 CANBERRA DRIVE,2,1830,1458000,"Apartment, Condominium",99 yrs from 08/06/2020,Sub Sale,797,74.044,Strata,Private,URA,not_clean,https://www.edgeprop.sg/condo-apartment/the-watergardens-at-canberra,the-watergardens-at-canberra
THE WATERGARDENS AT CANBERRA,SEMBAWANG,27,22 Jul 2025,43 Canberra Drive #04-XX,43 Canberra Drive,3,1759,1950000,"Apartment, Condominium",99 yrs from 08/06/2020,Sub Sale,1109,103.029,Strata,HDB,URA,not_clean,https://www.edgeprop.sg/condo-apartment/the-watergardens-at-canberra,the-watergardens-at-canberra
THE WATERGARDENS AT CANBERRA,SEMBAWANG,27,18 Jul 2025,35 CANBERRA DRIVE #03-XX,35 CANBERRA DRIVE,2,1703,1155000,"Apartment, Condominium",99 yrs from 08/06/2020,Sub Sale,678,62.988,Strata,Private,URA,not_clean,https://www.edgeprop.sg/condo-apartment/the-watergardens-at-canberra,the-watergardens-at-canberra
THE WATERGARDENS AT CANBERRA,SEMBAWANG,27,17 Jul 2025,31 Canberra Drive #05-XX,31 Canberra Drive,2,1571,1370000,"Apartment, Condominium",99 yrs from 08/06/2020,Sub Sale,872,81.011,Strata,Private,URA,not_clean,https://www.edgeprop.sg/condo-apartment/the-watergardens-at-canberra,the-watergardens-at-canberra
THE WATERGARDENS AT CANBERRA,SEMBAWANG,27,14 Jul 2025,53 Canberra Drive #05-XX,53 Canberra Drive,3,1592,2108000,"Apartment, Condominium",99 yrs from 08/06/2020,Sub Sale,1324,123.004,Strata,HDB,URA,not_clean,https://www.edgeprop.sg/condo-apartment/the-watergardens-at-canberra,the-watergardens-at-canberra
THE WATERGARDENS AT CANBERRA,SEMBAWANG,27,9 Jul 2025,45 Canberra Drive #04-XX,45 Canberra Drive,3,1784,1977500,"Apartment, Condominium",99 yrs from 08/06/2020,Sub Sale,1109,103.029,Strata,Private,URA,not_clean,https://www.edgeprop.sg/condo-apartment/the-watergardens-at-canberra,the-watergardens-at-canberra
THE WATERGARDENS AT CANBERRA,SEMBAWANG,27,8 Jul 2025,31 Canberra Drive #03-XX,31 Canberra Drive,2,1703,1100000,"Apartment, Condominium",99 yrs from 08/06/2020,Sub Sale,646,60.015,Strata,HDB,URA,not_clean,https://www.edgeprop.sg/condo-apartment/the-watergardens-at-canberra,the-watergardens-at-canberra
THE WATERGARDENS AT CANBERRA,SEMBAWANG,27,8 Jul 2025,57 Canberra Drive #03-XX,57 Canberra Drive,2,1696,1150000,"Apartment, Condominium",99 yrs from 08/06/2020,Sub Sale,678,62.988,Strata,HDB,URA,not_clean,https://www.edgeprop.sg/condo-apartment/the-watergardens-at-canberra,the-watergardens-at-canberra
THE WATERGARDENS AT CANBERRA,SEMBAWANG,27,7 Jul 2025,49 Canberra Drive #02-XX,49 Canberra Drive,3,1750,1940088,"Apartment, Condominium",99 yrs from 08/06/2020,Sub Sale,1109,103.029,Strata,Private,URA,not_clean,https://www.edgeprop.sg/condo-apartment/the-watergardens-at-canberra,the-watergardens-at-canberra
THE WATERGARDENS AT CANBERRA,SEMBAWANG,27,26 Jun 2025,51 CANBERRA DRIVE #02-XX,51 CANBERRA DRIVE,3,1804,2000000,"Apartment, Condominium",99 yrs from 08/06/2020,Sub Sale,1109,103.029,Strata,Private,URA,not_clean,https://www.edgeprop.sg/condo-apartment/the-watergardens-at-canberra,the-watergardens-at-canberra
THE WATERGARDENS AT CANBERRA,SEMBAWANG,27,24 Jun 2025,35 Canberra Drive #02-XX,35 Canberra Drive,2,1725,1299888,"Apartment, Condominium",99 yrs from 08/06/2020,Sub Sale,753,69.956,Strata,Private,URA,not_clean,https://www.edgeprop.sg/condo-apartment/the-watergardens-at-canberra,the-watergardens-at-canberra
THE WATERGARDENS AT CANBERRA,SEMBAWANG,27,20 Jun 2025,57 Canberra Drive #04-XX,57 Canberra Drive,2,1725,1300000,"Apartment, Condominium",99 yrs from 08/06/2020,Sub Sale,753,69.956,Strata,Private,URA,not_clean,https://www.edgeprop.sg/condo-apartment/the-watergardens-at-canberra,the-watergardens-at-canberra
THE WATERGARDENS AT CANBERRA,SEMBAWANG,27,20 Jun 2025,39 Canberra Drive #03-XX,39 Canberra Drive,3,1804,2000000,"Apartment, Condominium",99 yrs from 08/06/2020,Sub Sale,1109,103.029,Strata,Private,URA,not_clean,https://www.edgeprop.sg/condo-apartment/the-watergardens-at-canberra,the-watergardens-at-canberra
THE WATERGARDENS AT CANBERRA,SEMBAWANG,27,18 Jun 2025,55 Canberra Drive #03-XX,55 Canberra Drive,2,1655,1122000,"Apartment, Condominium",99 yrs from 08/06/2020,Sub Sale,678,62.988,Strata,Private,URA,not_clean,https://www.edgeprop.sg/condo-apartment/the-watergardens-at-canberra,the-watergardens-at-canberra
THE WATERGARDENS AT CANBERRA,SEMBAWANG,27,4 Jun 2025,49 Canberra Drive #04-XX,49 Canberra Drive,2,1622,1100000,"Apartment, Condominium",99 yrs from 08/06/2020,Sub Sale,678,62.988,Strata,HDB,URA,not_clean,https://www.edgeprop.sg/condo-apartment/the-watergardens-at-canberra,the-watergardens-at-canberra
THE WATERGARDENS AT CANBERRA,SEMBAWANG,27,26 May 2025,55 Canberra Drive #02-XX,55 Canberra Drive,3,1753,1678888,"Apartment, Condominium",99 yrs from 08/06/2020,Sub Sale,958,89.001,Strata,HDB,URA,not_clean,https://www.edgeprop.sg/condo-apartment/the-watergardens-at-canberra,the-watergardens-at-canberra
THE WATERGARDENS AT CANBERRA,SEMBAWANG,27,15 May 2025,49 Canberra Drive #04-XX,49 Canberra Drive,2,1805,1360000,"Apartment, Condominium",99 yrs from 08/06/2020,Sub Sale,753,69.956,Strata,Private,URA,not_clean,https://www.edgeprop.sg/condo-apartment/the-watergardens-at-canberra,the-watergardens-at-canberra
THE WATERGARDENS AT CANBERRA,SEMBAWANG,27,5 May 2025,35 Canberra Drive #02-XX,35 Canberra Drive,2,1752,1320000,"Apartment, Condominium",99 yrs from 08/06/2020,Sub Sale,753,69.956,Strata,HDB,URA,not_clean,https://www.edgeprop.sg/condo-apartment/the-watergardens-at-canberra,the-watergardens-at-canberra
THE WATERGARDENS AT CANBERRA,SEMBAWANG,27,21 Apr 2025,33 Canberra Drive #04-XX,33 Canberra Drive,3,1789,1618000,"Apartment, Condominium",99 yrs from 08/06/2020,Sub Sale,904,83.984,Strata,Private,URA,not_clean,https://www.edgeprop.sg/condo-apartment/the-watergardens-at-canberra,the-watergardens-at-canberra
THE WATERGARDENS AT CANBERRA,SEMBAWANG,27,25 Mar 2025,47 Canberra Drive #04-XX,47 Canberra Drive,2,1798,1355000,"Apartment, Condominium",99 yrs from 08/06/2020,Sub Sale,753,69.956,Strata,Private,URA,not_clean,https://www.edgeprop.sg/condo-apartment/the-watergardens-at-canberra,the-watergardens-at-canberra
THE WATERGARDENS AT CANBERRA,SEMBAWANG,27,27 Feb 2025,33 Canberra Drive #03-XX,33 Canberra Drive,2,1775,1280000,"Apartment, Condominium",99 yrs from 08/06/2020,Sub Sale,721,66.983,Strata,HDB,URA,not_clean,https://www.edgeprop.sg/condo-apartment/the-watergardens-at-canberra,the-watergardens-at-canberra
THE WATERGARDENS AT CANBERRA,SEMBAWANG,27,24 Feb 2025,37 Canberra Drive #03-XX,37 Canberra Drive,4,1789,2330000,"Apartment, Condominium",99 yrs from 08/06/2020,Sub Sale,1302,120.96,Strata,Private,URA,not_clean,https://www.edgeprop.sg/condo-apartment/the-watergardens-at-canberra,the-watergardens-at-canberra
THE WATERGARDENS AT CANBERRA,SEMBAWANG,27,11 Feb 2025,29 Canberra Drive #04-XX,29 Canberra Drive,2,1740,1180000,"Apartment, Condominium",99 yrs from 08/06/2020,Sub Sale,678,62.988,Strata,HDB,URA,not_clean,https://www.edgeprop.sg/condo-apartment/the-watergardens-at-canberra,the-watergardens-at-canberra
THE WATERGARDENS AT CANBERRA,SEMBAWANG,27,17 Jan 2025,33 Canberra Drive #05-XX,33 Canberra Drive,2,1785,1152888,"Apartment, Condominium",99 yrs from 08/06/2020,Sub Sale,646,60.015,Strata,Private,URA,not_clean,https://www.edgeprop.sg/condo-apartment/the-watergardens-at-canberra,the-watergardens-at-canberra
THE WATERGARDENS AT CANBERRA,SEMBAWANG,27,7 Jan 2025,57 Canberra Drive #03-XX,57 Canberra Drive,2,1745,1315000,"Apartment, Condominium",99 yrs from 08/06/2020,Sub Sale,753,69.956,Strata,HDB,URA,not_clean,https://www.edgeprop.sg/condo-apartment/the-watergardens-at-canberra,the-watergardens-at-canberra
THE WATERGARDENS AT CANBERRA,SEMBAWANG,27,20 Dec 2024,29 Canberra Drive #03-XX,29 Canberra Drive,2,1820,1450000,"Apartment, Condominium",99 yrs from 08/06/2020,Sub Sale,797,74.044,Strata,HDB,URA,not_clean,https://www.edgeprop.sg/condo-apartment/the-watergardens-at-canberra,the-watergardens-at-canberra
THE WATERGARDENS AT CANBERRA,SEMBAWANG,27,24 Sep 2024,55 Canberra Drive #04-XX,55 Canberra Drive,2,1833,1460000,"Apartment, Condominium",99 yrs from 08/06/2020,Sub Sale,797,74.044,Strata,Private,URA,not_clean,https://www.edgeprop.sg/condo-apartment/the-watergardens-at-canberra,the-watergardens-at-canberra
THE WATERGARDENS AT CANBERRA,SEMBAWANG,27,26 Apr 2024,27 Canberra Drive #03-XX,27 Canberra Drive,2,1722,1168000,"Apartment, Condominium",99 yrs from 08/06/2020,Sub Sale,678,62.988,Strata,HDB,URA,not_clean,https://www.edgeprop.sg/condo-apartment/the-watergardens-at-canberra,the-watergardens-at-canberra
THE WATERGARDENS AT CANBERRA,SEMBAWANG,27,8 Apr 2024,55 Canberra Drive #04-XX,55 Canberra Drive,2,1649,1118000,"Apartment, Condominium",99 yrs from 08/06/2020,Sub Sale,678,62.988,Strata,Private,URA,not_clean,https://www.edgeprop.sg/condo-apartment/the-watergardens-at-canberra,the-watergardens-at-canberra
THE WATERGARDENS AT CANBERRA,SEMBAWANG,27,8 Mar 2023,41 Canberra Drive #01-XX,41 Canberra Drive,4,1510,1967000,"Apartment, Condominium",99 yrs from 08/06/2020,New Sale,1302,120.96,Strata,HDB,URA,not_clean,https://www.edgeprop.sg/condo-apartment/the-watergardens-at-canberra,the-watergardens-at-canberra
THE WATERGARDENS AT CANBERRA,SEMBAWANG,27,4 Mar 2023,39 Canberra Drive #01-XX,39 Canberra Drive,4,1510,1967000,"Apartment, Condominium",99 yrs from 08/06/2020,New Sale,1302,120.96,Strata,Private,URA,not_clean,https://www.edgeprop.sg/condo-apartment/the-watergardens-at-canberra,the-watergardens-at-canberra
THE WATERGARDENS AT CANBERRA,SEMBAWANG,27,3 Mar 2023,37 Canberra Drive #01-XX,37 Canberra Drive,4,1498,1951000,"Apartment, Condominium",99 yrs from 08/06/2020,New Sale,1302,120.96,Strata,Private,URA,not_clean,https://www.edgeprop.sg/condo-apartment/the-watergardens-at-canberra,the-watergardens-at-canberra
THE WATERGARDENS AT CANBERRA,SEMBAWANG,27,11 Feb 2023,37 Canberra Drive #01-XX,37 Canberra Drive,4,1490,1941000,"Apartment, Condominium",99 yrs from 08/06/2020,New Sale,1302,120.96,Strata,HDB,URA,not_clean,https://www.edgeprop.sg/condo-apartment/the-watergardens-at-canberra,the-watergardens-at-canberra
THE WATERGARDENS AT CANBERRA,SEMBAWANG,27,19 Jan 2023,41 Canberra Drive #01-XX,41 Canberra Drive,4,1498,1951000,"Apartment, Condominium",99 yrs from 08/06/2020,New Sale,1302,120.96,Strata,Private,URA,not_clean,https://www.edgeprop.sg/condo-apartment/the-watergardens-at-canberra,the-watergardens-at-canberra
THE WATERGARDENS AT CANBERRA,SEMBAWANG,27,12 Nov 2022,53 Canberra Drive #04-XX,53 Canberra Drive,4,1513,1970000,"Apartment, Condominium",99 yrs from 08/06/2020,New Sale,1302,120.96,Strata,N.A,URA,not_clean,https://www.edgeprop.sg/condo-apartment/the-watergardens-at-canberra,the-watergardens-at-canberra
THE WATERGARDENS AT CANBERRA,SEMBAWANG,27,10 Nov 2022,37 Canberra Drive #05-XX,37 Canberra Drive,4,1369,2092000,"Apartment, Condominium",99 yrs from 08/06/2020,New Sale,1528,141.956,Strata,Private,URA,not_clean,https://www.edgeprop.sg/condo-apartment/the-watergardens-at-canberra,the-watergardens-at-canberra
THE WATERGARDENS AT CANBERRA,SEMBAWANG,27,30 Oct 2022,41 Canberra Drive #02-XX,41 Canberra Drive,4,1523,1983000,"Apartment, Condominium",99 yrs from 08/06/2020,New Sale,1302,120.96,Strata,HDB,URA,not_clean,https://www.edgeprop.sg/condo-apartment/the-watergardens-at-canberra,the-watergardens-at-canberra
THE WATERGARDENS AT CANBERRA,SEMBAWANG,27,25 Oct 2022,37 Canberra Drive #05-XX,37 Canberra Drive,3,1369,1798000,"Apartment, Condominium",99 yrs from 08/06/2020,New Sale,1313,121.982,Strata,Private,URA,not_clean,https://www.edgeprop.sg/condo-apartment/the-watergardens-at-canberra,the-watergardens-at-canberra
THE WATERGARDENS AT CANBERRA,SEMBAWANG,27,24 Oct 2022,53 Canberra Drive #05-XX,53 Canberra Drive,4,1352,2066000,"Apartment, Condominium",99 yrs from 08/06/2020,New Sale,1528,141.956,Strata,Private,URA,not_clean,https://www.edgeprop.sg/condo-apartment/the-watergardens-at-canberra,the-watergardens-at-canberra
THE WATERGARDENS AT CANBERRA,SEMBAWANG,27,24 Oct 2022,53 Canberra Drive #02-XX,53 Canberra Drive,4,1484,1933000,"Apartment, Condominium",99 yrs from 08/06/2020,New Sale,1302,120.96,Strata,HDB,URA,not_clean,https://www.edgeprop.sg/condo-apartment/the-watergardens-at-canberra,the-watergardens-at-canberra
THE WATERGARDENS AT CANBERRA,SEMBAWANG,27,16 Oct 2022,41 Canberra Drive #05-XX,41 Canberra Drive,4,1375,2102000,"Apartment, Condominium",99 yrs from 08/06/2020,New Sale,1528,141.956,Strata,Private,URA,not_clean,https://www.edgeprop.sg/condo-apartment/the-watergardens-at-canberra,the-watergardens-at-canberra
THE WATERGARDENS AT CANBERRA,SEMBAWANG,27,15 Oct 2022,41 Canberra Drive #03-XX,41 Canberra Drive,4,1539,2004000,"Apartment, Condominium",99 yrs from 08/06/2020,New Sale,1302,120.96,Strata,HDB,URA,not_clean,https://www.edgeprop.sg/condo-apartment/the-watergardens-at-canberra,the-watergardens-at-canberra
THE WATERGARDENS AT CANBERRA,SEMBAWANG,27,10 Oct 2022,45 Canberra Drive #03-XX,45 Canberra Drive,4,1500,1954000,"Apartment, Condominium",99 yrs from 08/06/2020,New Sale,1302,120.96,Strata,HDB,URA,not_clean,https://www.edgeprop.sg/condo-apartment/the-watergardens-at-canberra,the-watergardens-at-canberra
THE WATERGARDENS AT CANBERRA,SEMBAWANG,27,9 Oct 2022,39 Canberra Drive #02-XX,39 Canberra Drive,4,1523,1983000,"Apartment, Condominium",99 yrs from 08/06/2020,New Sale,1302,120.96,Strata,HDB,URA,not_clean,https://www.edgeprop.sg/condo-apartment/the-watergardens-at-canberra,the-watergardens-at-canberra
THE WATERGARDENS AT CANBERRA,SEMBAWANG,27,5 Oct 2022,53 Canberra Drive #02-XX,53 Canberra Drive,4,1488,1938000,"Apartment, Condominium",99 yrs from 08/06/2020,New Sale,1302,120.96,Strata,Private,URA,not_clean,https://www.edgeprop.sg/condo-apartment/the-watergardens-at-canberra,the-watergardens-at-canberra
THE WATERGARDENS AT CANBERRA,SEMBAWANG,27,13 Sep 2022,39 Canberra Drive #01-XX,39 Canberra Drive,4,1510,1967000,"Apartment, Condominium",99 yrs from 08/06/2020,New Sale,1302,120.96,Strata,Private,URA,not_clean,https://www.edgeprop.sg/condo-apartment/the-watergardens-at-canberra,the-watergardens-at-canberra
THE WATERGARDENS AT CANBERRA,SEMBAWANG,27,12 Sep 2022,49 Canberra Drive #01-XX,49 Canberra Drive,3,1487,1425000,"Apartment, Condominium",99 yrs from 08/06/2020,New Sale,958,89.001,Strata,HDB,URA,not_clean,https://www.edgeprop.sg/condo-apartment/the-watergardens-at-canberra,the-watergardens-at-canberra
THE WATERGARDENS AT CANBERRA,SEMBAWANG,27,11 Sep 2022,51 Canberra Drive #05-XX,51 Canberra Drive,3,1323,1752000,"Apartment, Condominium",99 yrs from 08/06/2020,New Sale,1324,123.004,Strata,HDB,URA,not_clean,https://www.edgeprop.sg/condo-apartment/the-watergardens-at-canberra,the-watergardens-at-canberra
THE WATERGARDENS AT CANBERRA,SEMBAWANG,27,11 Sep 2022,53 Canberra Drive #01-XX,53 Canberra Drive,4,1453,1893000,"Apartment, Condominium",99 yrs from 08/06/2020,New Sale,1302,120.96,Strata,HDB,URA,not_clean,https://www.edgeprop.sg/condo-apartment/the-watergardens-at-canberra,the-watergardens-at-canberra
THE WATERGARDENS AT CANBERRA,SEMBAWANG,27,4 Sep 2022,45 Canberra Drive #05-XX,45 Canberra Drive,3,1350,1788000,"Apartment, Condominium",99 yrs from 08/06/2020,New Sale,1324,123.004,Strata,HDB,URA,not_clean,https://www.edgeprop.sg/condo-apartment/the-watergardens-at-canberra,the-watergardens-at-canberra
THE WATERGARDENS AT CANBERRA,SEMBAWANG,27,3 Sep 2022,53 Canberra Drive #03-XX,53 Canberra Drive,4,1500,1954000,"Apartment, Condominium",99 yrs from 08/06/2020,New Sale,1302,120.96,Strata,N.A,URA,not_clean,https://www.edgeprop.sg/condo-apartment/the-watergardens-at-canberra,the-watergardens-at-canberra
THE WATERGARDENS AT CANBERRA,SEMBAWANG,27,30 Aug 2022,37 Canberra Drive #02-XX,37 Canberra Drive,4,1503,1957000,"Apartment, Condominium",99 yrs from 08/06/2020,New Sale,1302,120.96,Strata,Private,URA,not_clean,https://www.edgeprop.sg/condo-apartment/the-watergardens-at-canberra,the-watergardens-at-canberra
THE WATERGARDENS AT CANBERRA,SEMBAWANG,27,27 Aug 2022,45 Canberra Drive #05-XX,45 Canberra Drive,4,1352,2066000,"Apartment, Condominium",99 yrs from 08/06/2020,New Sale,1528,141.956,Strata,HDB,URA,not_clean,https://www.edgeprop.sg/condo-apartment/the-watergardens-at-canberra,the-watergardens-at-canberra
THE WATERGARDENS AT CANBERRA,SEMBAWANG,27,26 Aug 2022,51 Canberra Drive #05-XX,51 Canberra Drive,4,1352,2066000,"Apartment, Condominium",99 yrs from 08/06/2020,New Sale,1528,141.956,Strata,HDB,URA,not_clean,https://www.edgeprop.sg/condo-apartment/the-watergardens-at-canberra,the-watergardens-at-canberra
THE WATERGARDENS AT CANBERRA,SEMBAWANG,27,21 Aug 2022,29 Canberra Drive #05-XX,29 Canberra Drive,3,1328,1544000,"Apartment, Condominium",99 yrs from 08/06/2020,New Sale,1163,108.046,Strata,N.A,URA,not_clean,https://www.edgeprop.sg/condo-apartment/the-watergardens-at-canberra,the-watergardens-at-canberra
THE WATERGARDENS AT CANBERRA,SEMBAWANG,27,18 Aug 2022,51 Canberra Drive #01-XX,51 Canberra Drive,4,1471,1916000,"Apartment, Condominium",99 yrs from 08/06/2020,New Sale,1302,120.96,Strata,Private,URA,not_clean,https://www.edgeprop.sg/condo-apartment/the-watergardens-at-canberra,the-watergardens-at-canberra
THE WATERGARDENS AT CANBERRA,SEMBAWANG,27,17 Aug 2022,53 Canberra Drive #05-XX,53 Canberra Drive,3,1320,1747000,"Apartment, Condominium",99 yrs from 08/06/2020,New Sale,1324,123.004,Strata,HDB,URA,not_clean,https://www.edgeprop.sg/condo-apartment/the-watergardens-at-canberra,the-watergardens-at-canberra
THE WATERGARDENS AT CANBERRA,SEMBAWANG,27,13 Aug 2022,51 Canberra Drive #02-XX,51 Canberra Drive,4,1484,1933000,"Apartment, Condominium",99 yrs from 08/06/2020,New Sale,1302,120.96,Strata,Private,URA,not_clean,https://www.edgeprop.sg/condo-apartment/the-watergardens-at-canberra,the-watergardens-at-canberra
THE WATERGARDENS AT CANBERRA,SEMBAWANG,27,13 Aug 2022,37 Canberra Drive #05-XX,37 Canberra Drive,4,1375,2102000,"Apartment, Condominium",99 yrs from 08/06/2020,New Sale,1528,141.956,Strata,Private,URA,not_clean,https://www.edgeprop.sg/condo-apartment/the-watergardens-at-canberra,the-watergardens-at-canberra
THE WATERGARDENS AT CANBERRA,SEMBAWANG,27,9 Aug 2022,49 Canberra Drive #05-XX,49 Canberra Drive,3,1351,1571000,"Apartment, Condominium",99 yrs from 08/06/2020,New Sale,1163,108.046,Strata,HDB,URA,not_clean,https://www.edgeprop.sg/condo-apartment/the-watergardens-at-canberra,the-watergardens-at-canberra
THE WATERGARDENS AT CANBERRA,SEMBAWANG,27,8 Aug 2022,45 Canberra Drive #01-XX,45 Canberra Drive,3,1499,1662000,"Apartment, Condominium",99 yrs from 08/06/2020,New Sale,1109,103.029,Strata,HDB,URA,not_clean,https://www.edgeprop.sg/condo-apartment/the-watergardens-at-canberra,the-watergardens-at-canberra
THE WATERGARDENS AT CANBERRA,SEMBAWANG,27,3 Aug 2022,39 Canberra Drive #02-XX,39 Canberra Drive,4,1523,1983000,"Apartment, Condominium",99 yrs from 08/06/2020,New Sale,1302,120.96,Strata,N.A,URA,not_clean,https://www.edgeprop.sg/condo-apartment/the-watergardens-at-canberra,the-watergardens-at-canberra
THE WATERGARDENS AT CANBERRA,SEMBAWANG,27,2 Aug 2022,37 Canberra Drive #02-XX,37 Canberra Drive,4,1510,1967000,"Apartment, Condominium",99 yrs from 08/06/2020,New Sale,1302,120.96,Strata,N.A,URA,not_clean,https://www.edgeprop.sg/condo-apartment/the-watergardens-at-canberra,the-watergardens-at-canberra
THE WATERGARDENS AT CANBERRA,SEMBAWANG,27,29 Jul 2022,47 Canberra Drive #05-XX,47 Canberra Drive,3,1368,1590000,"Apartment, Condominium",99 yrs from 08/06/2020,New Sale,1163,108.046,Strata,HDB,URA,not_clean,https://www.edgeprop.sg/condo-apartment/the-watergardens-at-canberra,the-watergardens-at-canberra
THE WATERGARDENS AT CANBERRA,SEMBAWANG,27,28 Jul 2022,47 Canberra Drive #01-XX,47 Canberra Drive,3,1472,1410000,"Apartment, Condominium",99 yrs from 08/06/2020,New Sale,958,89.001,Strata,HDB,URA,not_clean,https://www.edgeprop.sg/condo-apartment/the-watergardens-at-canberra,the-watergardens-at-canberra
THE WATERGARDENS AT CANBERRA,SEMBAWANG,27,27 Jul 2022,41 Canberra Drive #05-XX,41 Canberra Drive,3,1355,1780000,"Apartment, Condominium",99 yrs from 08/06/2020,New Sale,1313,121.982,Strata,HDB,URA,not_clean,https://www.edgeprop.sg/condo-apartment/the-watergardens-at-canberra,the-watergardens-at-canberra
THE WATERGARDENS AT CANBERRA,SEMBAWANG,27,27 Jul 2022,45 Canberra Drive #01-XX,45 Canberra Drive,4,1456,1897000,"Apartment, Condominium",99 yrs from 08/06/2020,New Sale,1302,120.96,Strata,HDB,URA,not_clean,https://www.edgeprop.sg/condo-apartment/the-watergardens-at-canberra,the-watergardens-at-canberra
THE WATERGARDENS AT CANBERRA,SEMBAWANG,27,26 Jul 2022,43 Canberra Drive #01-XX,43 Canberra Drive,3,1499,1662000,"Apartment, Condominium",99 yrs from 08/06/2020,New Sale,1109,103.029,Strata,HDB,URA,not_clean,https://www.edgeprop.sg/condo-apartment/the-watergardens-at-canberra,the-watergardens-at-canberra
THE WATERGARDENS AT CANBERRA,SEMBAWANG,27,24 Jul 2022,41 Canberra Drive #05-XX,41 Canberra Drive,4,1372,2097000,"Apartment, Condominium",99 yrs from 08/06/2020,New Sale,1528,141.956,Strata,Private,URA,not_clean,https://www.edgeprop.sg/condo-apartment/the-watergardens-at-canberra,the-watergardens-at-canberra
THE WATERGARDENS AT CANBERRA,SEMBAWANG,27,24 Jul 2022,37 Canberra Drive #03-XX,37 Canberra Drive,3,1524,1690000,"Apartment, Condominium",99 yrs from 08/06/2020,New Sale,1109,103.029,Strata,Private,URA,not_clean,https://www.edgeprop.sg/condo-apartment/the-watergardens-at-canberra,the-watergardens-at-canberra
THE WATERGARDENS AT CANBERRA,SEMBAWANG,27,24 Jul 2022,45 Canberra Drive #02-XX,45 Canberra Drive,3,1496,1659000,"Apartment, Condominium",99 yrs from 08/06/2020,New Sale,1109,103.029,Strata,Private,URA,not_clean,https://www.edgeprop.sg/condo-apartment/the-watergardens-at-canberra,the-watergardens-at-canberra
THE WATERGARDENS AT CANBERRA,SEMBAWANG,27,16 Jul 2022,45 Canberra Drive #05-XX,45 Canberra Drive,4,1338,2045000,"Apartment, Condominium",99 yrs from 08/06/2020,New Sale,1528,141.956,Strata,HDB,URA,not_clean,https://www.edgeprop.sg/condo-apartment/the-watergardens-at-canberra,the-watergardens-at-canberra
THE WATERGARDENS AT CANBERRA,SEMBAWANG,27,11 Jul 2022,41 Canberra Drive #03-XX,41 Canberra Drive,4,1511,1968000,"Apartment, Condominium",99 yrs from 08/06/2020,New Sale,1302,120.96,Strata,Private,URA,not_clean,https://www.edgeprop.sg/condo-apartment/the-watergardens-at-canberra,the-watergardens-at-canberra
THE WATERGARDENS AT CANBERRA,SEMBAWANG,27,28 Jun 2022,49 Canberra Drive #02-XX,49 Canberra Drive,3,1520,1456000,"Apartment, Condominium",99 yrs from 08/06/2020,New Sale,958,89.001,Strata,Private,URA,not_clean,https://www.edgeprop.sg/condo-apartment/the-watergardens-at-canberra,the-watergardens-at-canberra
THE WATERGARDENS AT CANBERRA,SEMBAWANG,27,26 Jun 2022,41 Canberra Drive #04-XX,41 Canberra Drive,4,1532,1995000,"Apartment, Condominium",99 yrs from 08/06/2020,New Sale,1302,120.96,Strata,HDB,URA,not_clean,https://www.edgeprop.sg/condo-apartment/the-watergardens-at-canberra,the-watergardens-at-canberra
THE WATERGARDENS AT CANBERRA,SEMBAWANG,27,22 Jun 2022,53 Canberra Drive #04-XX,53 Canberra Drive,4,1493,1945000,"Apartment, Condominium",99 yrs from 08/06/2020,New Sale,1302,120.96,Strata,HDB,URA,not_clean,https://www.edgeprop.sg/condo-apartment/the-watergardens-at-canberra,the-watergardens-at-canberra
THE WATERGARDENS AT CANBERRA,SEMBAWANG,27,19 Jun 2022,37 Canberra Drive #04-XX,37 Canberra Drive,3,1533,1700000,"Apartment, Condominium",99 yrs from 08/06/2020,New Sale,1109,103.029,Strata,HDB,URA,not_clean,https://www.edgeprop.sg/condo-apartment/the-watergardens-at-canberra,the-watergardens-at-canberra
THE WATERGARDENS AT CANBERRA,SEMBAWANG,27,16 Jun 2022,39 Canberra Drive #05-XX,39 Canberra Drive,4,1372,2097000,"Apartment, Condominium",99 yrs from 08/06/2020,New Sale,1528,141.956,Strata,HDB,URA,not_clean,https://www.edgeprop.sg/condo-apartment/the-watergardens-at-canberra,the-watergardens-at-canberra
THE WATERGARDENS AT CANBERRA,SEMBAWANG,27,13 Jun 2022,47 Canberra Drive #05-XX,47 Canberra Drive,3,1338,1555000,"Apartment, Condominium",99 yrs from 08/06/2020,New Sale,1163,108.046,Strata,HDB,URA,not_clean,https://www.edgeprop.sg/condo-apartment/the-watergardens-at-canberra,the-watergardens-at-canberra
THE WATERGARDENS AT CANBERRA,SEMBAWANG,27,13 Jun 2022,41 Canberra Drive #04-XX,41 Canberra Drive,3,1533,1700000,"Apartment, Condominium",99 yrs from 08/06/2020,New Sale,1109,103.029,Strata,HDB,URA,not_clean,https://www.edgeprop.sg/condo-apartment/the-watergardens-at-canberra,the-watergardens-at-canberra
THE WATERGARDENS AT CANBERRA,SEMBAWANG,27,11 Jun 2022,53 Canberra Drive #05-XX,53 Canberra Drive,3,1310,1734000,"Apartment, Condominium",99 yrs from 08/06/2020,New Sale,1324,123.004,Strata,HDB,URA,not_clean,https://www.edgeprop.sg/condo-apartment/the-watergardens-at-canberra,the-watergardens-at-canberra
THE WATERGARDENS AT CANBERRA,SEMBAWANG,27,11 Jun 2022,49 Canberra Drive #01-XX,49 Canberra Drive,3,1457,1615000,"Apartment, Condominium",99 yrs from 08/06/2020,New Sale,1109,103.029,Strata,HDB,URA,not_clean,https://www.edgeprop.sg/condo-apartment/the-watergardens-at-canberra,the-watergardens-at-canberra
THE WATERGARDENS AT CANBERRA,SEMBAWANG,27,10 Jun 2022,47 Canberra Drive #01-XX,47 Canberra Drive,3,1452,1610000,"Apartment, Condominium",99 yrs from 08/06/2020,New Sale,1109,103.029,Strata,HDB,URA,not_clean,https://www.edgeprop.sg/condo-apartment/the-watergardens-at-canberra,the-watergardens-at-canberra
THE WATERGARDENS AT CANBERRA,SEMBAWANG,27,5 Jun 2022,53 Canberra Drive #01-XX,53 Canberra Drive,4,1431,1864000,"Apartment, Condominium",99 yrs from 08/06/2020,New Sale,1302,120.96,Strata,HDB,URA,not_clean,https://www.edgeprop.sg/condo-apartment/the-watergardens-at-canberra,the-watergardens-at-canberra
THE WATERGARDENS AT CANBERRA,SEMBAWANG,27,4 Jun 2022,45 Canberra Drive #01-XX,45 Canberra Drive,3,1476,1636000,"Apartment, Condominium",99 yrs from 08/06/2020,New Sale,1109,103.029,Strata,Private,URA,not_clean,https://www.edgeprop.sg/condo-apartment/the-watergardens-at-canberra,the-watergardens-at-canberra
THE WATERGARDENS AT CANBERRA,SEMBAWANG,27,4 Jun 2022,43 Canberra Drive #05-XX,43 Canberra Drive,3,1372,1580000,"Apartment, Condominium",99 yrs from 08/06/2020,New Sale,1152,107.024,Strata,Private,URA,not_clean,https://www.edgeprop.sg/condo-apartment/the-watergardens-at-canberra,the-watergardens-at-canberra
THE WATERGARDENS AT CANBERRA,SEMBAWANG,27,3 Jun 2022,51 Canberra Drive #01-XX,51 Canberra Drive,3,1444,1601000,"Apartment, Condominium",99 yrs from 08/06/2020,New Sale,1109,103.029,Strata,HDB,URA,not_clean,https://www.edgeprop.sg/condo-apartment/the-watergardens-at-canberra,the-watergardens-at-canberra
THE WATERGARDENS AT CANBERRA,SEMBAWANG,27,3 Jun 2022,45 Canberra Drive #02-XX,45 Canberra Drive,4,1469,1913000,"Apartment, Condominium",99 yrs from 08/06/2020,New Sale,1302,120.96,Strata,Private,URA,not_clean,https://www.edgeprop.sg/condo-apartment/the-watergardens-at-canberra,the-watergardens-at-canberra
THE WATERGARDENS AT CANBERRA,SEMBAWANG,27,1 Jun 2022,41 Canberra Drive #02-XX,41 Canberra Drive,3,1500,1663000,"Apartment, Condominium",99 yrs from 08/06/2020,New Sale,1109,103.029,Strata,Private,URA,not_clean,https://www.edgeprop.sg/condo-apartment/the-watergardens-at-canberra,the-watergardens-at-canberra
THE WATERGARDENS AT CANBERRA,SEMBAWANG,27,29 May 2022,51 Canberra Drive #01-XX,51 Canberra Drive,3,1440,1596000,"Apartment, Condominium",99 yrs from 08/06/2020,New Sale,1109,103.029,Strata,Private,URA,not_clean,https://www.edgeprop.sg/condo-apartment/the-watergardens-at-canberra,the-watergardens-at-canberra
THE WATERGARDENS AT CANBERRA,SEMBAWANG,27,28 May 2022,47 Canberra Drive #02-XX,47 Canberra Drive,3,1511,1448000,"Apartment, Condominium",99 yrs from 08/06/2020,New Sale,958,89.001,Strata,Private,URA,not_clean,https://www.edgeprop.sg/condo-apartment/the-watergardens-at-canberra,the-watergardens-at-canberra
THE WATERGARDENS AT CANBERRA,SEMBAWANG,27,27 May 2022,49 Canberra Drive #03-XX,49 Canberra Drive,3,1528,1464000,"Apartment, Condominium",99 yrs from 08/06/2020,New Sale,958,89.001,Strata,HDB,URA,not_clean,https://www.edgeprop.sg/condo-apartment/the-watergardens-at-canberra,the-watergardens-at-canberra
THE WATERGARDENS AT CANBERRA,SEMBAWANG,27,25 May 2022,37 Canberra Drive #02-XX,37 Canberra Drive,3,1500,1663000,"Apartment, Condominium",99 yrs from 08/06/2020,New Sale,1109,103.029,Strata,N.A,URA,not_clean,https://www.edgeprop.sg/condo-apartment/the-watergardens-at-canberra,the-watergardens-at-canberra
THE WATERGARDENS AT CANBERRA,SEMBAWANG,27,19 May 2022,47 Canberra Drive #05-XX,47 Canberra Drive,3,1314,1740000,"Apartment, Condominium",99 yrs from 08/06/2020,New Sale,1324,123.004,Strata,Private,URA,not_clean,https://www.edgeprop.sg/condo-apartment/the-watergardens-at-canberra,the-watergardens-at-canberra
THE WATERGARDENS AT CANBERRA,SEMBAWANG,27,19 May 2022,43 Canberra Drive #03-XX,43 Canberra Drive,3,1520,1685000,"Apartment, Condominium",99 yrs from 08/06/2020,New Sale,1109,103.029,Strata,Private,URA,not_clean,https://www.edgeprop.sg/condo-apartment/the-watergardens-at-canberra,the-watergardens-at-canberra
THE WATERGARDENS AT CANBERRA,SEMBAWANG,27,15 May 2022,53 Canberra Drive #01-XX,53 Canberra Drive,3,1432,1588000,"Apartment, Condominium",99 yrs from 08/06/2020,New Sale,1109,103.029,Strata,HDB,URA,not_clean,https://www.edgeprop.sg/condo-apartment/the-watergardens-at-canberra,the-watergardens-at-canberra
THE WATERGARDENS AT CANBERRA,SEMBAWANG,27,15 May 2022,41 Canberra Drive #03-XX,41 Canberra Drive,3,1508,1672000,"Apartment, Condominium",99 yrs from 08/06/2020,New Sale,1109,103.029,Strata,Private,URA,not_clean,https://www.edgeprop.sg/condo-apartment/the-watergardens-at-canberra,the-watergardens-at-canberra
THE WATERGARDENS AT CANBERRA,SEMBAWANG,27,15 May 2022,31 Canberra Drive #05-XX,31 Canberra Drive,3,1301,1512000,"Apartment, Condominium",99 yrs from 08/06/2020,New Sale,1163,108.046,Strata,HDB,URA,not_clean,https://www.edgeprop.sg/condo-apartment/the-watergardens-at-canberra,the-watergardens-at-canberra
THE WATERGARDENS AT CANBERRA,SEMBAWANG,27,14 May 2022,53 Canberra Drive #01-XX,53 Canberra Drive,3,1437,1593000,"Apartment, Condominium",99 yrs from 08/06/2020,New Sale,1109,103.029,Strata,HDB,URA,not_clean,https://www.edgeprop.sg/condo-apartment/the-watergardens-at-canberra,the-watergardens-at-canberra
THE WATERGARDENS AT CANBERRA,SEMBAWANG,27,14 May 2022,47 Canberra Drive #05-XX,47 Canberra Drive,3,1365,1572000,"Apartment, Condominium",99 yrs from 08/06/2020,New Sale,1152,107.024,Strata,Private,URA,not_clean,https://www.edgeprop.sg/condo-apartment/the-watergardens-at-canberra,the-watergardens-at-canberra
THE WATERGARDENS AT CANBERRA,SEMBAWANG,27,14 May 2022,49 Canberra Drive #05-XX,49 Canberra Drive,3,1335,1538000,"Apartment, Condominium",99 yrs from 08/06/2020,New Sale,1152,107.024,Strata,HDB,URA,not_clean,https://www.edgeprop.sg/condo-apartment/the-watergardens-at-canberra,the-watergardens-at-canberra
THE WATERGARDENS AT CANBERRA,SEMBAWANG,27,13 May 2022,33 Canberra Drive #05-XX,33 Canberra Drive,3,1301,1512000,"Apartment, Condominium",99 yrs from 08/06/2020,New Sale,1163,108.046,Strata,N.A,URA,not_clean,https://www.edgeprop.sg/condo-apartment/the-watergardens-at-canberra,the-watergardens-at-canberra
THE WATERGARDENS AT CANBERRA,SEMBAWANG,27,12 May 2022,53 Canberra Drive #03-XX,53 Canberra Drive,4,1489,1939000,"Apartment, Condominium",99 yrs from 08/06/2020,New Sale,1302,120.96,Strata,HDB,URA,not_clean,https://www.edgeprop.sg/condo-apartment/the-watergardens-at-canberra,the-watergardens-at-canberra
THE WATERGARDENS AT CANBERRA,SEMBAWANG,27,9 May 2022,27 Canberra Drive #05-XX,27 Canberra Drive,3,1329,1545000,"Apartment, Condominium",99 yrs from 08/06/2020,New Sale,1163,108.046,Strata,Private,URA,not_clean,https://www.edgeprop.sg/condo-apartment/the-watergardens-at-canberra,the-watergardens-at-canberra
THE WATERGARDENS AT CANBERRA,SEMBAWANG,27,5 May 2022,45 Canberra Drive #02-XX,45 Canberra Drive,3,1480,1641000,"Apartment, Condominium",99 yrs from 08/06/2020,New Sale,1109,103.029,Strata,Private,URA,not_clean,https://www.edgeprop.sg/condo-apartment/the-watergardens-at-canberra,the-watergardens-at-canberra
THE WATERGARDENS AT CANBERRA,SEMBAWANG,27,5 May 2022,45 Canberra Drive #05-XX,45 Canberra Drive,3,1323,1752000,"Apartment, Condominium",99 yrs from 08/06/2020,New Sale,1324,123.004,Strata,N.A,URA,not_clean,https://www.edgeprop.sg/condo-apartment/the-watergardens-at-canberra,the-watergardens-at-canberra
THE WATERGARDENS AT CANBERRA,SEMBAWANG,27,5 May 2022,47 Canberra Drive #01-XX,47 Canberra Drive,3,1522,1458000,"Apartment, Condominium",99 yrs from 08/06/2020,New Sale,958,89.001,Strata,N.A,URA,not_clean,https://www.edgeprop.sg/condo-apartment/the-watergardens-at-canberra,the-watergardens-at-canberra
THE WATERGARDENS AT CANBERRA,SEMBAWANG,27,4 May 2022,35 Canberra Drive #05-XX,35 Canberra Drive,3,1288,1497000,"Apartment, Condominium",99 yrs from 08/06/2020,New Sale,1163,108.046,Strata,N.A,URA,not_clean,https://www.edgeprop.sg/condo-apartment/the-watergardens-at-canberra,the-watergardens-at-canberra
THE WATERGARDENS AT CANBERRA,SEMBAWANG,27,2 May 2022,35 Canberra Drive #05-XX,35 Canberra Drive,3,1304,1502000,"Apartment, Condominium",99 yrs from 08/06/2020,New Sale,1152,107.024,Strata,Private,URA,not_clean,https://www.edgeprop.sg/condo-apartment/the-watergardens-at-canberra,the-watergardens-at-canberra
THE WATERGARDENS AT CANBERRA,SEMBAWANG,27,29 Apr 2022,53 Canberra Drive #05-XX,53 Canberra Drive,4,1341,2050000,"Apartment, Condominium",99 yrs from 08/06/2020,New Sale,1528,141.956,Strata,Private,URA,not_clean,https://www.edgeprop.sg/condo-apartment/the-watergardens-at-canberra,the-watergardens-at-canberra
THE WATERGARDENS AT CANBERRA,SEMBAWANG,27,29 Apr 2022,43 Canberra Drive #01-XX,43 Canberra Drive,3,1522,1458000,"Apartment, Condominium",99 yrs from 08/06/2020,New Sale,958,89.001,Strata,Private,URA,not_clean,https://www.edgeprop.sg/condo-apartment/the-watergardens-at-canberra,the-watergardens-at-canberra
THE WATERGARDENS AT CANBERRA,SEMBAWANG,27,29 Apr 2022,43 Canberra Drive #02-XX,43 Canberra Drive,3,1495,1658000,"Apartment, Condominium",99 yrs from 08/06/2020,New Sale,1109,103.029,Strata,HDB,URA,not_clean,https://www.edgeprop.sg/condo-apartment/the-watergardens-at-canberra,the-watergardens-at-canberra
THE WATERGARDENS AT CANBERRA,SEMBAWANG,27,29 Apr 2022,51 Canberra Drive #02-XX,51 Canberra Drive,4,1469,1913000,"Apartment, Condominium",99 yrs from 08/06/2020,New Sale,1302,120.96,Strata,Private,URA,not_clean,https://www.edgeprop.sg/condo-apartment/the-watergardens-at-canberra,the-watergardens-at-canberra
THE WATERGARDENS AT CANBERRA,SEMBAWANG,27,28 Apr 2022,43 Canberra Drive #04-XX,43 Canberra Drive,3,1521,1686000,"Apartment, Condominium",99 yrs from 08/06/2020,New Sale,1109,103.029,Strata,HDB,URA,not_clean,https://www.edgeprop.sg/condo-apartment/the-watergardens-at-canberra,the-watergardens-at-canberra
THE WATERGARDENS AT CANBERRA,SEMBAWANG,27,26 Apr 2022,49 Canberra Drive #01-XX,49 Canberra Drive,2,1509,1137000,"Apartment, Condominium",99 yrs from 08/06/2020,New Sale,753,69.956,Strata,HDB,URA,not_clean,https://www.edgeprop.sg/condo-apartment/the-watergardens-at-canberra,the-watergardens-at-canberra
THE WATERGARDENS AT CANBERRA,SEMBAWANG,27,26 Apr 2022,51 Canberra Drive #03-XX,51 Canberra Drive,3,1466,1625000,"Apartment, Condominium",99 yrs from 08/06/2020,New Sale,1109,103.029,Strata,HDB,URA,not_clean,https://www.edgeprop.sg/condo-apartment/the-watergardens-at-canberra,the-watergardens-at-canberra
THE WATERGARDENS AT CANBERRA,SEMBAWANG,27,24 Apr 2022,43 Canberra Drive #05-XX,43 Canberra Drive,3,1336,1769000,"Apartment, Condominium",99 yrs from 08/06/2020,New Sale,1324,123.004,Strata,HDB,URA,not_clean,https://www.edgeprop.sg/condo-apartment/the-watergardens-at-canberra,the-watergardens-at-canberra
THE WATERGARDENS AT CANBERRA,SEMBAWANG,27,24 Apr 2022,47 Canberra Drive #04-XX,47 Canberra Drive,3,1528,1464000,"Apartment, Condominium",99 yrs from 08/06/2020,New Sale,958,89.001,Strata,HDB,URA,not_clean,https://www.edgeprop.sg/condo-apartment/the-watergardens-at-canberra,the-watergardens-at-canberra
THE WATERGARDENS AT CANBERRA,SEMBAWANG,27,24 Apr 2022,49 Canberra Drive #05-XX,49 Canberra Drive,2,1436,1252000,"Apartment, Condominium",99 yrs from 08/06/2020,New Sale,872,81.011,Strata,HDB,URA,not_clean,https://www.edgeprop.sg/condo-apartment/the-watergardens-at-canberra,the-watergardens-at-canberra
THE WATERGARDENS AT CANBERRA,SEMBAWANG,27,14 Apr 2022,55 Canberra Drive #05-XX,55 Canberra Drive,2,1373,1241000,"Apartment, Condominium",99 yrs from 08/06/2020,New Sale,904,83.984,Strata,Private,URA,not_clean,https://www.edgeprop.sg/condo-apartment/the-watergardens-at-canberra,the-watergardens-at-canberra
THE WATERGARDENS AT CANBERRA,SEMBAWANG,27,13 Apr 2022,53 Canberra Drive #02-XX,53 Canberra Drive,3,1449,1607000,"Apartment, Condominium",99 yrs from 08/06/2020,New Sale,1109,103.029,Strata,Private,URA,not_clean,https://www.edgeprop.sg/condo-apartment/the-watergardens-at-canberra,the-watergardens-at-canberra
THE WATERGARDENS AT CANBERRA,SEMBAWANG,27,12 Apr 2022,29 Canberra Drive #01-XX,29 Canberra Drive,3,1451,1390000,"Apartment, Condominium",99 yrs from 08/06/2020,New Sale,958,89.001,Strata,Private,URA,not_clean,https://www.edgeprop.sg/condo-apartment/the-watergardens-at-canberra,the-watergardens-at-canberra
THE WATERGARDENS AT CANBERRA,SEMBAWANG,27,10 Apr 2022,31 Canberra Drive #01-XX,31 Canberra Drive,3,1451,1390000,"Apartment, Condominium",99 yrs from 08/06/2020,New Sale,958,89.001,Strata,HDB,URA,not_clean,https://www.edgeprop.sg/condo-apartment/the-watergardens-at-canberra,the-watergardens-at-canberra
THE WATERGARDENS AT CANBERRA,SEMBAWANG,27,8 Apr 2022,55 Canberra Drive #05-XX,55 Canberra Drive,2,1373,1241000,"Apartment, Condominium",99 yrs from 08/06/2020,New Sale,904,83.984,Strata,Private,URA,not_clean,https://www.edgeprop.sg/condo-apartment/the-watergardens-at-canberra,the-watergardens-at-canberra
THE WATERGARDENS AT CANBERRA,SEMBAWANG,27,5 Apr 2022,51 Canberra Drive #02-XX,51 Canberra Drive,3,1445,1602000,"Apartment, Condominium",99 yrs from 08/06/2020,New Sale,1109,103.029,Strata,Private,URA,not_clean,https://www.edgeprop.sg/condo-apartment/the-watergardens-at-canberra,the-watergardens-at-canberra
THE WATERGARDENS AT CANBERRA,SEMBAWANG,27,2 Apr 2022,51 Canberra Drive #05-XX,51 Canberra Drive,4,1338,2045000,"Apartment, Condominium",99 yrs from 08/06/2020,New Sale,1528,141.956,Strata,Private,URA,not_clean,https://www.edgeprop.sg/condo-apartment/the-watergardens-at-canberra,the-watergardens-at-canberra
THE WATERGARDENS AT CANBERRA,SEMBAWANG,27,2 Apr 2022,47 Canberra Drive #05-XX,47 Canberra Drive,2,1428,1245000,"Apartment, Condominium",99 yrs from 08/06/2020,New Sale,872,81.011,Strata,N.A,URA,not_clean,https://www.edgeprop.sg/condo-apartment/the-watergardens-at-canberra,the-watergardens-at-canberra
THE WATERGARDENS AT CANBERRA,SEMBAWANG,27,1 Apr 2022,29 Canberra Drive #05-XX,29 Canberra Drive,3,1328,1530000,"Apartment, Condominium",99 yrs from 08/06/2020,New Sale,1152,107.024,Strata,Private,URA,not_clean,https://www.edgeprop.sg/condo-apartment/the-watergardens-at-canberra,the-watergardens-at-canberra
THE WATERGARDENS AT CANBERRA,SEMBAWANG,27,29 Mar 2022,57 Canberra Drive #05-XX,57 Canberra Drive,2,1332,1247000,"Apartment, Condominium",99 yrs from 08/06/2020,New Sale,936,86.957,Strata,HDB,URA,not_clean,https://www.edgeprop.sg/condo-apartment/the-watergardens-at-canberra,the-watergardens-at-canberra
THE WATERGARDENS AT CANBERRA,SEMBAWANG,27,27 Mar 2022,51 Canberra Drive #04-XX,51 Canberra Drive,3,1470,1630000,"Apartment, Condominium",99 yrs from 08/06/2020,New Sale,1109,103.029,Strata,HDB,URA,not_clean,https://www.edgeprop.sg/condo-apartment/the-watergardens-at-canberra,the-watergardens-at-canberra
THE WATERGARDENS AT CANBERRA,SEMBAWANG,27,20 Mar 2022,53 Canberra Drive #02-XX,53 Canberra Drive,3,1445,1602000,"Apartment, Condominium",99 yrs from 08/06/2020,New Sale,1109,103.029,Strata,HDB,URA,not_clean,https://www.edgeprop.sg/condo-apartment/the-watergardens-at-canberra,the-watergardens-at-canberra
THE WATERGARDENS AT CANBERRA,SEMBAWANG,27,19 Mar 2022,41 Canberra Drive #01-XX,41 Canberra Drive,3,1479,1640000,"Apartment, Condominium",99 yrs from 08/06/2020,New Sale,1109,103.029,Strata,HDB,URA,not_clean,https://www.edgeprop.sg/condo-apartment/the-watergardens-at-canberra,the-watergardens-at-canberra
THE WATERGARDENS AT CANBERRA,SEMBAWANG,27,18 Mar 2022,47 Canberra Drive #03-XX,47 Canberra Drive,3,1511,1448000,"Apartment, Condominium",99 yrs from 08/06/2020,New Sale,958,89.001,Strata,Private,URA,not_clean,https://www.edgeprop.sg/condo-apartment/the-watergardens-at-canberra,the-watergardens-at-canberra
THE WATERGARDENS AT CANBERRA,SEMBAWANG,27,17 Mar 2022,27 Canberra Drive #01-XX,27 Canberra Drive,3,1451,1390000,"Apartment, Condominium",99 yrs from 08/06/2020,New Sale,958,89.001,Strata,N.A,URA,not_clean,https://www.edgeprop.sg/condo-apartment/the-watergardens-at-canberra,the-watergardens-at-canberra
THE WATERGARDENS AT CANBERRA,SEMBAWANG,27,13 Mar 2022,29 Canberra Drive #01-XX,29 Canberra Drive,2,1562,1059000,"Apartment, Condominium",99 yrs from 08/06/2020,New Sale,678,62.988,Strata,HDB,URA,not_clean,https://www.edgeprop.sg/condo-apartment/the-watergardens-at-canberra,the-watergardens-at-canberra
THE WATERGARDENS AT CANBERRA,SEMBAWANG,27,12 Mar 2022,39 Canberra Drive #01-XX,39 Canberra Drive,3,1486,1648000,"Apartment, Condominium",99 yrs from 08/06/2020,New Sale,1109,103.029,Strata,N.A,URA,not_clean,https://www.edgeprop.sg/condo-apartment/the-watergardens-at-canberra,the-watergardens-at-canberra
THE WATERGARDENS AT CANBERRA,SEMBAWANG,27,9 Mar 2022,51 Canberra Drive #03-XX,51 Canberra Drive,3,1461,1620000,"Apartment, Condominium",99 yrs from 08/06/2020,New Sale,1109,103.029,Strata,Private,URA,not_clean,https://www.edgeprop.sg/condo-apartment/the-watergardens-at-canberra,the-watergardens-at-canberra
THE WATERGARDENS AT CANBERRA,SEMBAWANG,27,7 Mar 2022,51 Canberra Drive #05-XX,51 Canberra Drive,3,1292,1711000,"Apartment, Condominium",99 yrs from 08/06/2020,New Sale,1324,123.004,Strata,HDB,URA,not_clean,https://www.edgeprop.sg/condo-apartment/the-watergardens-at-canberra,the-watergardens-at-canberra
THE WATERGARDENS AT CANBERRA,SEMBAWANG,27,5 Mar 2022,35 Canberra Drive #04-XX,35 Canberra Drive,3,1478,1416000,"Apartment, Condominium",99 yrs from 08/06/2020,New Sale,958,89.001,Strata,HDB,URA,not_clean,https://www.edgeprop.sg/condo-apartment/the-watergardens-at-canberra,the-watergardens-at-canberra
THE WATERGARDENS AT CANBERRA,SEMBAWANG,27,3 Mar 2022,33 Canberra Drive #01-XX,33 Canberra Drive,3,1451,1390000,"Apartment, Condominium",99 yrs from 08/06/2020,New Sale,958,89.001,Strata,N.A,URA,not_clean,https://www.edgeprop.sg/condo-apartment/the-watergardens-at-canberra,the-watergardens-at-canberra
THE WATERGARDENS AT CANBERRA,SEMBAWANG,27,19 Feb 2022,43 Canberra Drive #03-XX,43 Canberra Drive,3,1543,1478000,"Apartment, Condominium",99 yrs from 08/06/2020,New Sale,958,89.001,Strata,Private,URA,not_clean,https://www.edgeprop.sg/condo-apartment/the-watergardens-at-canberra,the-watergardens-at-canberra
THE WATERGARDENS AT CANBERRA,SEMBAWANG,27,19 Feb 2022,45 Canberra Drive #03-XX,45 Canberra Drive,3,1491,1653000,"Apartment, Condominium",99 yrs from 08/06/2020,New Sale,1109,103.029,Strata,Private,URA,not_clean,https://www.edgeprop.sg/condo-apartment/the-watergardens-at-canberra,the-watergardens-at-canberra
THE WATERGARDENS AT CANBERRA,SEMBAWANG,27,15 Feb 2022,49 Canberra Drive #05-XX,49 Canberra Drive,2,1328,1229000,"Apartment, Condominium",99 yrs from 08/06/2020,New Sale,926,86.028,Strata,N.A,URA,not_clean,https://www.edgeprop.sg/condo-apartment/the-watergardens-at-canberra,the-watergardens-at-canberra
THE WATERGARDENS AT CANBERRA,SEMBAWANG,27,14 Feb 2022,57 Canberra Drive #05-XX,57 Canberra Drive,3,1336,1611000,"Apartment, Condominium",99 yrs from 08/06/2020,New Sale,1206,112.041,Strata,HDB,URA,not_clean,https://www.edgeprop.sg/condo-apartment/the-watergardens-at-canberra,the-watergardens-at-canberra
THE WATERGARDENS AT CANBERRA,SEMBAWANG,27,6 Feb 2022,53 Canberra Drive #03-XX,53 Canberra Drive,3,1454,1612000,"Apartment, Condominium",99 yrs from 08/06/2020,New Sale,1109,103.029,Strata,HDB,URA,not_clean,https://www.edgeprop.sg/condo-apartment/the-watergardens-at-canberra,the-watergardens-at-canberra
THE WATERGARDENS AT CANBERRA,SEMBAWANG,27,23 Jan 2022,57 Canberra Drive #01-XX,57 Canberra Drive,2,1544,1163000,"Apartment, Condominium",99 yrs from 08/06/2020,New Sale,753,69.956,Strata,Private,URA,not_clean,https://www.edgeprop.sg/condo-apartment/the-watergardens-at-canberra,the-watergardens-at-canberra
THE WATERGARDENS AT CANBERRA,SEMBAWANG,27,16 Jan 2022,41 Canberra Drive #01-XX,41 Canberra Drive,2,1593,1200000,"Apartment, Condominium",99 yrs from 08/06/2020,New Sale,753,69.956,Strata,HDB,URA,not_clean,https://www.edgeprop.sg/condo-apartment/the-watergardens-at-canberra,the-watergardens-at-canberra
THE WATERGARDENS AT CANBERRA,SEMBAWANG,27,15 Jan 2022,35 Canberra Drive #01-XX,35 Canberra Drive,2,1517,1029000,"Apartment, Condominium",99 yrs from 08/06/2020,New Sale,678,62.988,Strata,HDB,URA,not_clean,https://www.edgeprop.sg/condo-apartment/the-watergardens-at-canberra,the-watergardens-at-canberra
THE WATERGARDENS AT CANBERRA,SEMBAWANG,27,11 Jan 2022,51 Canberra Drive #01-XX,51 Canberra Drive,4,1456,1897000,"Apartment, Condominium",99 yrs from 08/06/2020,New Sale,1302,120.96,Strata,HDB,URA,not_clean,https://www.edgeprop.sg/condo-apartment/the-watergardens-at-canberra,the-watergardens-at-canberra
THE WATERGARDENS AT CANBERRA,SEMBAWANG,27,29 Dec 2021,39 Canberra Drive #04-XX,39 Canberra Drive,4,1532,1995000,"Apartment, Condominium",99 yrs from 08/06/2020,New Sale,1302,120.96,Strata,Private,URA,not_clean,https://www.edgeprop.sg/condo-apartment/the-watergardens-at-canberra,the-watergardens-at-canberra
THE WATERGARDENS AT CANBERRA,SEMBAWANG,27,26 Dec 2021,43 Canberra Drive #05-XX,43 Canberra Drive,2,1428,1245000,"Apartment, Condominium",99 yrs from 08/06/2020,New Sale,872,81.011,Strata,Private,URA,not_clean,https://www.edgeprop.sg/condo-apartment/the-watergardens-at-canberra,the-watergardens-at-canberra
THE WATERGARDENS AT CANBERRA,SEMBAWANG,27,18 Dec 2021,37 Canberra Drive #01-XX,37 Canberra Drive,3,1449,1606000,"Apartment, Condominium",99 yrs from 08/06/2020,New Sale,1109,103.029,Strata,HDB,URA,not_clean,https://www.edgeprop.sg/condo-apartment/the-watergardens-at-canberra,the-watergardens-at-canberra
THE WATERGARDENS AT CANBERRA,SEMBAWANG,27,17 Dec 2021,27 Canberra Drive #01-XX,27 Canberra Drive,2,1545,1048000,"Apartment, Condominium",99 yrs from 08/06/2020,New Sale,678,62.988,Strata,N.A,URA,not_clean,https://www.edgeprop.sg/condo-apartment/the-watergardens-at-canberra,the-watergardens-at-canberra
THE WATERGARDENS AT CANBERRA,SEMBAWANG,27,10 Dec 2021,57 Canberra Drive #05-XX,57 Canberra Drive,2,1415,1234000,"Apartment, Condominium",99 yrs from 08/06/2020,New Sale,872,81.011,Strata,HDB,URA,not_clean,https://www.edgeprop.sg/condo-apartment/the-watergardens-at-canberra,the-watergardens-at-canberra
THE WATERGARDENS AT CANBERRA,SEMBAWANG,27,28 Nov 2021,39 Canberra Drive #05-XX,39 Canberra Drive,4,1372,2097000,"Apartment, Condominium",99 yrs from 08/06/2020,New Sale,1528,141.956,Strata,Private,URA,not_clean,https://www.edgeprop.sg/condo-apartment/the-watergardens-at-canberra,the-watergardens-at-canberra
THE WATERGARDENS AT CANBERRA,SEMBAWANG,27,28 Nov 2021,29 Canberra Drive #04-XX,29 Canberra Drive,3,1489,1426000,"Apartment, Condominium",99 yrs from 08/06/2020,New Sale,958,89.001,Strata,HDB,URA,not_clean,https://www.edgeprop.sg/condo-apartment/the-watergardens-at-canberra,the-watergardens-at-canberra
THE WATERGARDENS AT CANBERRA,SEMBAWANG,27,28 Nov 2021,47 Canberra Drive #01-XX,47 Canberra Drive,2,1516,1142000,"Apartment, Condominium",99 yrs from 08/06/2020,New Sale,753,69.956,Strata,Private,URA,not_clean,https://www.edgeprop.sg/condo-apartment/the-watergardens-at-canberra,the-watergardens-at-canberra
THE WATERGARDENS AT CANBERRA,SEMBAWANG,27,22 Nov 2021,27 Canberra Drive #03-XX,27 Canberra Drive,2,1526,1035000,"Apartment, Condominium",99 yrs from 08/06/2020,New Sale,678,62.988,Strata,Private,URA,not_clean,https://www.edgeprop.sg/condo-apartment/the-watergardens-at-canberra,the-watergardens-at-canberra
THE WATERGARDENS AT CANBERRA,SEMBAWANG,27,22 Nov 2021,27 Canberra Drive #04-XX,27 Canberra Drive,2,1535,1041000,"Apartment, Condominium",99 yrs from 08/06/2020,New Sale,678,62.988,Strata,HDB,URA,not_clean,https://www.edgeprop.sg/condo-apartment/the-watergardens-at-canberra,the-watergardens-at-canberra
THE WATERGARDENS AT CANBERRA,SEMBAWANG,27,22 Nov 2021,29 Canberra Drive #02-XX,29 Canberra Drive,3,1433,1373000,"Apartment, Condominium",99 yrs from 08/06/2020,New Sale,958,89.001,Strata,HDB,URA,not_clean,https://www.edgeprop.sg/condo-apartment/the-watergardens-at-canberra,the-watergardens-at-canberra
THE WATERGARDENS AT CANBERRA,SEMBAWANG,27,22 Nov 2021,39 Canberra Drive #04-XX,39 Canberra Drive,4,1481,1929000,"Apartment, Condominium",99 yrs from 08/06/2020,New Sale,1302,120.96,Strata,N.A,URA,not_clean,https://www.edgeprop.sg/condo-apartment/the-watergardens-at-canberra,the-watergardens-at-canberra
THE WATERGARDENS AT CANBERRA,SEMBAWANG,27,21 Nov 2021,29 Canberra Drive #05-XX,29 Canberra Drive,2,1345,1173000,"Apartment, Condominium",99 yrs from 08/06/2020,New Sale,872,81.011,Strata,Private,URA,not_clean,https://www.edgeprop.sg/condo-apartment/the-watergardens-at-canberra,the-watergardens-at-canberra
THE WATERGARDENS AT CANBERRA,SEMBAWANG,27,20 Nov 2021,45 Canberra Drive #01-XX,45 Canberra Drive,4,1406,1831000,"Apartment, Condominium",99 yrs from 08/06/2020,New Sale,1302,120.96,Strata,Private,URA,not_clean,https://www.edgeprop.sg/condo-apartment/the-watergardens-at-canberra,the-watergardens-at-canberra
THE WATERGARDENS AT CANBERRA,SEMBAWANG,27,20 Nov 2021,57 Canberra Drive #05-XX,57 Canberra Drive,2,1281,1200000,"Apartment, Condominium",99 yrs from 08/06/2020,New Sale,936,86.957,Strata,HDB,URA,not_clean,https://www.edgeprop.sg/condo-apartment/the-watergardens-at-canberra,the-watergardens-at-canberra
THE WATERGARDENS AT CANBERRA,SEMBAWANG,27,18 Nov 2021,39 Canberra Drive #02-XX,39 Canberra Drive,3,1468,1628000,"Apartment, Condominium",99 yrs from 08/06/2020,New Sale,1109,103.029,Strata,HDB,URA,not_clean,https://www.edgeprop.sg/condo-apartment/the-watergardens-at-canberra,the-watergardens-at-canberra
THE WATERGARDENS AT CANBERRA,SEMBAWANG,27,18 Nov 2021,29 Canberra Drive #01-XX,29 Canberra Drive,2,1465,1104000,"Apartment, Condominium",99 yrs from 08/06/2020,New Sale,753,69.956,Strata,HDB,URA,not_clean,https://www.edgeprop.sg/condo-apartment/the-watergardens-at-canberra,the-watergardens-at-canberra
THE WATERGARDENS AT CANBERRA,SEMBAWANG,27,17 Nov 2021,51 Canberra Drive #04-XX,51 Canberra Drive,3,1444,1601000,"Apartment, Condominium",99 yrs from 08/06/2020,New Sale,1109,103.029,Strata,HDB,URA,not_clean,https://www.edgeprop.sg/condo-apartment/the-watergardens-at-canberra,the-watergardens-at-canberra
THE WATERGARDENS AT CANBERRA,SEMBAWANG,27,17 Nov 2021,45 Canberra Drive #04-XX,45 Canberra Drive,4,1443,1879000,"Apartment, Condominium",99 yrs from 08/06/2020,New Sale,1302,120.96,Strata,HDB,URA,not_clean,https://www.edgeprop.sg/condo-apartment/the-watergardens-at-canberra,the-watergardens-at-canberra
THE WATERGARDENS AT CANBERRA,SEMBAWANG,27,15 Nov 2021,39 Canberra Drive #03-XX,39 Canberra Drive,4,1473,1918000,"Apartment, Condominium",99 yrs from 08/06/2020,New Sale,1302,120.96,Strata,Private,URA,not_clean,https://www.edgeprop.sg/condo-apartment/the-watergardens-at-canberra,the-watergardens-at-canberra
THE WATERGARDENS AT CANBERRA,SEMBAWANG,27,15 Nov 2021,41 Canberra Drive #05-XX,41 Canberra Drive,2,1388,1240000,"Apartment, Condominium",99 yrs from 08/06/2020,New Sale,893,82.962,Strata,HDB,URA,not_clean,https://www.edgeprop.sg/condo-apartment/the-watergardens-at-canberra,the-watergardens-at-canberra
THE WATERGARDENS AT CANBERRA,SEMBAWANG,27,15 Nov 2021,57 Canberra Drive #05-XX,57 Canberra Drive,2,1520,1031000,"Apartment, Condominium",99 yrs from 08/06/2020,New Sale,678,62.988,Strata,HDB,URA,not_clean,https://www.edgeprop.sg/condo-apartment/the-watergardens-at-canberra,the-watergardens-at-canberra
THE WATERGARDENS AT CANBERRA,SEMBAWANG,27,13 Nov 2021,51 Canberra Drive #03-XX,51 Canberra Drive,4,1434,1868000,"Apartment, Condominium",99 yrs from 08/06/2020,New Sale,1302,120.96,Strata,Private,URA,not_clean,https://www.edgeprop.sg/condo-apartment/the-watergardens-at-canberra,the-watergardens-at-canberra
THE WATERGARDENS AT CANBERRA,SEMBAWANG,27,6 Nov 2021,57 Canberra Drive #01-XX,57 Canberra Drive,2,1486,1120000,"Apartment, Condominium",99 yrs from 08/06/2020,New Sale,753,69.956,Strata,Private,URA,not_clean,https://www.edgeprop.sg/condo-apartment/the-watergardens-at-canberra,the-watergardens-at-canberra
THE WATERGARDENS AT CANBERRA,SEMBAWANG,27,1 Nov 2021,43 Canberra Drive #02-XX,43 Canberra Drive,2,1513,1140000,"Apartment, Condominium",99 yrs from 08/06/2020,New Sale,753,69.956,Strata,HDB,URA,not_clean,https://www.edgeprop.sg/condo-apartment/the-watergardens-at-canberra,the-watergardens-at-canberra
THE WATERGARDENS AT CANBERRA,SEMBAWANG,27,30 Oct 2021,41 Canberra Drive #03-XX,41 Canberra Drive,2,1570,1183000,"Apartment, Condominium",99 yrs from 08/06/2020,New Sale,753,69.956,Strata,Private,URA,not_clean,https://www.edgeprop.sg/condo-apartment/the-watergardens-at-canberra,the-watergardens-at-canberra
THE WATERGARDENS AT CANBERRA,SEMBAWANG,27,29 Oct 2021,57 Canberra Drive #05-XX,57 Canberra Drive,2,1277,1182000,"Apartment, Condominium",99 yrs from 08/06/2020,New Sale,926,86.028,Strata,HDB,URA,not_clean,https://www.edgeprop.sg/condo-apartment/the-watergardens-at-canberra,the-watergardens-at-canberra
THE WATERGARDENS AT CANBERRA,SEMBAWANG,27,29 Oct 2021,31 Canberra Drive #05-XX,31 Canberra Drive,2,1333,1162000,"Apartment, Condominium",99 yrs from 08/06/2020,New Sale,872,81.011,Strata,HDB,URA,not_clean,https://www.edgeprop.sg/condo-apartment/the-watergardens-at-canberra,the-watergardens-at-canberra
THE WATERGARDENS AT CANBERRA,SEMBAWANG,27,27 Oct 2021,27 Canberra Drive #02-XX,27 Canberra Drive,3,1467,1405000,"Apartment, Condominium",99 yrs from 08/06/2020,New Sale,958,89.001,Strata,Private,URA,not_clean,https://www.edgeprop.sg/condo-apartment/the-watergardens-at-canberra,the-watergardens-at-canberra
THE WATERGARDENS AT CANBERRA,SEMBAWANG,27,25 Oct 2021,53 Canberra Drive #04-XX,53 Canberra Drive,3,1440,1596000,"Apartment, Condominium",99 yrs from 08/06/2020,New Sale,1109,103.029,Strata,HDB,URA,not_clean,https://www.edgeprop.sg/condo-apartment/the-watergardens-at-canberra,the-watergardens-at-canberra
THE WATERGARDENS AT CANBERRA,SEMBAWANG,27,24 Oct 2021,55 Canberra Drive #01-XX,55 Canberra Drive,2,1486,1120000,"Apartment, Condominium",99 yrs from 08/06/2020,New Sale,753,69.956,Strata,HDB,URA,not_clean,https://www.edgeprop.sg/condo-apartment/the-watergardens-at-canberra,the-watergardens-at-canberra
THE WATERGARDENS AT CANBERRA,SEMBAWANG,27,21 Oct 2021,49 Canberra Drive #04-XX,49 Canberra Drive,2,1507,1022000,"Apartment, Condominium",99 yrs from 08/06/2020,New Sale,678,62.988,Strata,HDB,URA,not_clean,https://www.edgeprop.sg/condo-apartment/the-watergardens-at-canberra,the-watergardens-at-canberra
THE WATERGARDENS AT CANBERRA,SEMBAWANG,27,17 Oct 2021,47 Canberra Drive #02-XX,47 Canberra Drive,3,1496,1433000,"Apartment, Condominium",99 yrs from 08/06/2020,New Sale,958,89.001,Strata,HDB,URA,not_clean,https://www.edgeprop.sg/condo-apartment/the-watergardens-at-canberra,the-watergardens-at-canberra
THE WATERGARDENS AT CANBERRA,SEMBAWANG,27,17 Oct 2021,29 Canberra Drive #04-XX,29 Canberra Drive,2,1535,1041000,"Apartment, Condominium",99 yrs from 08/06/2020,New Sale,678,62.988,Strata,HDB,URA,not_clean,https://www.edgeprop.sg/condo-apartment/the-watergardens-at-canberra,the-watergardens-at-canberra
THE WATERGARDENS AT CANBERRA,SEMBAWANG,27,12 Oct 2021,35 Canberra Drive #02-XX,35 Canberra Drive,3,1423,1363000,"Apartment, Condominium",99 yrs from 08/06/2020,New Sale,958,89.001,Strata,HDB,URA,not_clean,https://www.edgeprop.sg/condo-apartment/the-watergardens-at-canberra,the-watergardens-at-canberra
THE WATERGARDENS AT CANBERRA,SEMBAWANG,27,9 Oct 2021,57 Canberra Drive #01-XX,57 Canberra Drive,2,1486,1120000,"Apartment, Condominium",99 yrs from 08/06/2020,New Sale,753,69.956,Strata,N.A,URA,not_clean,https://www.edgeprop.sg/condo-apartment/the-watergardens-at-canberra,the-watergardens-at-canberra
THE WATERGARDENS AT CANBERRA,SEMBAWANG,27,9 Oct 2021,31 Canberra Drive #02-XX,31 Canberra Drive,3,1433,1373000,"Apartment, Condominium",99 yrs from 08/06/2020,New Sale,958,89.001,Strata,HDB,URA,not_clean,https://www.edgeprop.sg/condo-apartment/the-watergardens-at-canberra,the-watergardens-at-canberra
THE WATERGARDENS AT CANBERRA,SEMBAWANG,27,8 Oct 2021,47 Canberra Drive #04-XX,47 Canberra Drive,3,1500,1437000,"Apartment, Condominium",99 yrs from 08/06/2020,New Sale,958,89.001,Strata,Private,URA,not_clean,https://www.edgeprop.sg/condo-apartment/the-watergardens-at-canberra,the-watergardens-at-canberra
THE WATERGARDENS AT CANBERRA,SEMBAWANG,27,5 Oct 2021,27 Canberra Drive #03-XX,27 Canberra Drive,2,1526,1035000,"Apartment, Condominium",99 yrs from 08/06/2020,New Sale,678,62.988,Strata,Private,URA,not_clean,https://www.edgeprop.sg/condo-apartment/the-watergardens-at-canberra,the-watergardens-at-canberra
THE WATERGARDENS AT CANBERRA,SEMBAWANG,27,5 Oct 2021,57 Canberra Drive #03-XX,57 Canberra Drive,2,1469,1107000,"Apartment, Condominium",99 yrs from 08/06/2020,New Sale,753,69.956,Strata,Private,URA,not_clean,https://www.edgeprop.sg/condo-apartment/the-watergardens-at-canberra,the-watergardens-at-canberra
THE WATERGARDENS AT CANBERRA,SEMBAWANG,27,4 Oct 2021,57 Canberra Drive #05-XX,57 Canberra Drive,2,1293,1253000,"Apartment, Condominium",99 yrs from 08/06/2020,New Sale,969,90.023,Strata,N.A,URA,not_clean,https://www.edgeprop.sg/condo-apartment/the-watergardens-at-canberra,the-watergardens-at-canberra
THE WATERGARDENS AT CANBERRA,SEMBAWANG,27,3 Oct 2021,43 Canberra Drive #02-XX,43 Canberra Drive,2,1540,1044000,"Apartment, Condominium",99 yrs from 08/06/2020,New Sale,678,62.988,Strata,Private,URA,not_clean,https://www.edgeprop.sg/condo-apartment/the-watergardens-at-canberra,the-watergardens-at-canberra
THE WATERGARDENS AT CANBERRA,SEMBAWANG,27,3 Oct 2021,53 Canberra Drive #03-XX,53 Canberra Drive,3,1435,1591000,"Apartment, Condominium",99 yrs from 08/06/2020,New Sale,1109,103.029,Strata,HDB,URA,not_clean,https://www.edgeprop.sg/condo-apartment/the-watergardens-at-canberra,the-watergardens-at-canberra
THE WATERGARDENS AT CANBERRA,SEMBAWANG,27,2 Oct 2021,47 Canberra Drive #02-XX,47 Canberra Drive,3,1432,1588000,"Apartment, Condominium",99 yrs from 08/06/2020,New Sale,1109,103.029,Strata,Private,URA,not_clean,https://www.edgeprop.sg/condo-apartment/the-watergardens-at-canberra,the-watergardens-at-canberra
THE WATERGARDENS AT CANBERRA,SEMBAWANG,27,1 Oct 2021,47 Canberra Drive #01-XX,47 Canberra Drive,2,1526,1035000,"Apartment, Condominium",99 yrs from 08/06/2020,New Sale,678,62.988,Strata,HDB,URA,not_clean,https://www.edgeprop.sg/condo-apartment/the-watergardens-at-canberra,the-watergardens-at-canberra
THE WATERGARDENS AT CANBERRA,SEMBAWANG,27,30 Sep 2021,55 Canberra Drive #02-XX,55 Canberra Drive,2,1454,986000,"Apartment, Condominium",99 yrs from 08/06/2020,New Sale,678,62.988,Strata,HDB,URA,not_clean,https://www.edgeprop.sg/condo-apartment/the-watergardens-at-canberra,the-watergardens-at-canberra
THE WATERGARDENS AT CANBERRA,SEMBAWANG,27,29 Sep 2021,43 Canberra Drive #01-XX,43 Canberra Drive,2,1506,1021000,"Apartment, Condominium",99 yrs from 08/06/2020,New Sale,678,62.988,Strata,N.A,URA,not_clean,https://www.edgeprop.sg/condo-apartment/the-watergardens-at-canberra,the-watergardens-at-canberra
THE WATERGARDENS AT CANBERRA,SEMBAWANG,27,29 Sep 2021,43 Canberra Drive #05-XX,43 Canberra Drive,2,1579,1071000,"Apartment, Condominium",99 yrs from 08/06/2020,New Sale,678,62.988,Strata,HDB,URA,not_clean,https://www.edgeprop.sg/condo-apartment/the-watergardens-at-canberra,the-watergardens-at-canberra
THE WATERGARDENS AT CANBERRA,SEMBAWANG,27,29 Sep 2021,43 Canberra Drive #04-XX,43 Canberra Drive,2,1566,1062000,"Apartment, Condominium",99 yrs from 08/06/2020,New Sale,678,62.988,Strata,HDB,URA,not_clean,https://www.edgeprop.sg/condo-apartment/the-watergardens-at-canberra,the-watergardens-at-canberra
THE WATERGARDENS AT CANBERRA,SEMBAWANG,27,28 Sep 2021,37 Canberra Drive #05-XX,37 Canberra Drive,2,1380,1233000,"Apartment, Condominium",99 yrs from 08/06/2020,New Sale,893,82.962,Strata,Private,URA,not_clean,https://www.edgeprop.sg/condo-apartment/the-watergardens-at-canberra,the-watergardens-at-canberra
THE WATERGARDENS AT CANBERRA,SEMBAWANG,27,27 Sep 2021,55 Canberra Drive #01-XX,55 Canberra Drive,2,1486,1120000,"Apartment, Condominium",99 yrs from 08/06/2020,New Sale,753,69.956,Strata,HDB,URA,not_clean,https://www.edgeprop.sg/condo-apartment/the-watergardens-at-canberra,the-watergardens-at-canberra
THE WATERGARDENS AT CANBERRA,SEMBAWANG,27,27 Sep 2021,47 Canberra Drive #03-XX,47 Canberra Drive,2,1529,1152000,"Apartment, Condominium",99 yrs from 08/06/2020,New Sale,753,69.956,Strata,N.A,URA,not_clean,https://www.edgeprop.sg/condo-apartment/the-watergardens-at-canberra,the-watergardens-at-canberra
THE WATERGARDENS AT CANBERRA,SEMBAWANG,27,27 Sep 2021,47 Canberra Drive #04-XX,47 Canberra Drive,2,1566,1062000,"Apartment, Condominium",99 yrs from 08/06/2020,New Sale,678,62.988,Strata,HDB,URA,not_clean,https://www.edgeprop.sg/condo-apartment/the-watergardens-at-canberra,the-watergardens-at-canberra
THE WATERGARDENS AT CANBERRA,SEMBAWANG,27,24 Sep 2021,51 Canberra Drive #03-XX,51 Canberra Drive,4,1434,1868000,"Apartment, Condominium",99 yrs from 08/06/2020,New Sale,1302,120.96,Strata,HDB,URA,not_clean,https://www.edgeprop.sg/condo-apartment/the-watergardens-at-canberra,the-watergardens-at-canberra
THE WATERGARDENS AT CANBERRA,SEMBAWANG,27,22 Sep 2021,37 Canberra Drive #03-XX,37 Canberra Drive,4,1453,1892000,"Apartment, Condominium",99 yrs from 08/06/2020,New Sale,1302,120.96,Strata,Private,URA,not_clean,https://www.edgeprop.sg/condo-apartment/the-watergardens-at-canberra,the-watergardens-at-canberra
THE WATERGARDENS AT CANBERRA,SEMBAWANG,27,18 Sep 2021,57 Canberra Drive #02-XX,57 Canberra Drive,2,1498,1129000,"Apartment, Condominium",99 yrs from 08/06/2020,New Sale,753,69.956,Strata,N.A,URA,not_clean,https://www.edgeprop.sg/condo-apartment/the-watergardens-at-canberra,the-watergardens-at-canberra
THE WATERGARDENS AT CANBERRA,SEMBAWANG,27,17 Sep 2021,43 Canberra Drive #04-XX,43 Canberra Drive,3,1505,1442000,"Apartment, Condominium",99 yrs from 08/06/2020,New Sale,958,89.001,Strata,Private,URA,not_clean,https://www.edgeprop.sg/condo-apartment/the-watergardens-at-canberra,the-watergardens-at-canberra
THE WATERGARDENS AT CANBERRA,SEMBAWANG,27,16 Sep 2021,35 Canberra Drive #05-XX,35 Canberra Drive,2,1520,1031000,"Apartment, Condominium",99 yrs from 08/06/2020,New Sale,678,62.988,Strata,HDB,URA,not_clean,https://www.edgeprop.sg/condo-apartment/the-watergardens-at-canberra,the-watergardens-at-canberra
THE WATERGARDENS AT CANBERRA,SEMBAWANG,27,12 Sep 2021,43 Canberra Drive #05-XX,43 Canberra Drive,3,1300,1511000,"Apartment, Condominium",99 yrs from 08/06/2020,New Sale,1163,108.046,Strata,Private,URA,not_clean,https://www.edgeprop.sg/condo-apartment/the-watergardens-at-canberra,the-watergardens-at-canberra
THE WATERGARDENS AT CANBERRA,SEMBAWANG,27,11 Sep 2021,37 Canberra Drive #04-XX,37 Canberra Drive,4,1461,1903000,"Apartment, Condominium",99 yrs from 08/06/2020,New Sale,1302,120.96,Strata,HDB,URA,not_clean,https://www.edgeprop.sg/condo-apartment/the-watergardens-at-canberra,the-watergardens-at-canberra
THE WATERGARDENS AT CANBERRA,SEMBAWANG,27,8 Sep 2021,49 Canberra Drive #05-XX,49 Canberra Drive,3,1270,1681000,"Apartment, Condominium",99 yrs from 08/06/2020,New Sale,1324,123.004,Strata,HDB,URA,not_clean,https://www.edgeprop.sg/condo-apartment/the-watergardens-at-canberra,the-watergardens-at-canberra
THE WATERGARDENS AT CANBERRA,SEMBAWANG,27,7 Sep 2021,55 Canberra Drive #05-XX,55 Canberra Drive,2,1510,1024000,"Apartment, Condominium",99 yrs from 08/06/2020,New Sale,678,62.988,Strata,HDB,URA,not_clean,https://www.edgeprop.sg/condo-apartment/the-watergardens-at-canberra,the-watergardens-at-canberra
THE WATERGARDENS AT CANBERRA,SEMBAWANG,27,6 Sep 2021,39 Canberra Drive #05-XX,39 Canberra Drive,3,1286,1702000,"Apartment, Condominium",99 yrs from 08/06/2020,New Sale,1324,123.004,Strata,N.A,URA,not_clean,https://www.edgeprop.sg/condo-apartment/the-watergardens-at-canberra,the-watergardens-at-canberra
THE WATERGARDENS AT CANBERRA,SEMBAWANG,27,6 Sep 2021,43 Canberra Drive #03-XX,43 Canberra Drive,2,1518,1144000,"Apartment, Condominium",99 yrs from 08/06/2020,New Sale,753,69.956,Strata,Private,URA,not_clean,https://www.edgeprop.sg/condo-apartment/the-watergardens-at-canberra,the-watergardens-at-canberra
THE WATERGARDENS AT CANBERRA,SEMBAWANG,27,6 Sep 2021,57 Canberra Drive #04-XX,57 Canberra Drive,2,1512,1139000,"Apartment, Condominium",99 yrs from 08/06/2020,New Sale,753,69.956,Strata,HDB,URA,not_clean,https://www.edgeprop.sg/condo-apartment/the-watergardens-at-canberra,the-watergardens-at-canberra
THE WATERGARDENS AT CANBERRA,SEMBAWANG,27,5 Sep 2021,55 Canberra Drive #02-XX,55 Canberra Drive,2,1488,1121000,"Apartment, Condominium",99 yrs from 08/06/2020,New Sale,753,69.956,Strata,N.A,URA,not_clean,https://www.edgeprop.sg/condo-apartment/the-watergardens-at-canberra,the-watergardens-at-canberra
THE WATERGARDENS AT CANBERRA,SEMBAWANG,27,5 Sep 2021,57 Canberra Drive #04-XX,57 Canberra Drive,2,1504,1020000,"Apartment, Condominium",99 yrs from 08/06/2020,New Sale,678,62.988,Strata,HDB,URA,not_clean,https://www.edgeprop.sg/condo-apartment/the-watergardens-at-canberra,the-watergardens-at-canberra
THE WATERGARDENS AT CANBERRA,SEMBAWANG,27,3 Sep 2021,47 Canberra Drive #02-XX,47 Canberra Drive,2,1519,1030000,"Apartment, Condominium",99 yrs from 08/06/2020,New Sale,678,62.988,Strata,Private,URA,not_clean,https://www.edgeprop.sg/condo-apartment/the-watergardens-at-canberra,the-watergardens-at-canberra
THE WATERGARDENS AT CANBERRA,SEMBAWANG,27,3 Sep 2021,55 Canberra Drive #04-XX,55 Canberra Drive,2,1512,1139000,"Apartment, Condominium",99 yrs from 08/06/2020,New Sale,753,69.956,Strata,Private,URA,not_clean,https://www.edgeprop.sg/condo-apartment/the-watergardens-at-canberra,the-watergardens-at-canberra
THE WATERGARDENS AT CANBERRA,SEMBAWANG,27,31 Aug 2021,31 Canberra Drive #02-XX,31 Canberra Drive,2,1516,979000,"Apartment, Condominium",99 yrs from 08/06/2020,New Sale,646,60.015,Strata,N.A,URA,not_clean,https://www.edgeprop.sg/condo-apartment/the-watergardens-at-canberra,the-watergardens-at-canberra
THE WATERGARDENS AT CANBERRA,SEMBAWANG,27,30 Aug 2021,31 Canberra Drive #01-XX,31 Canberra Drive,2,1423,919000,"Apartment, Condominium",99 yrs from 08/06/2020,New Sale,646,60.015,Strata,HDB,URA,not_clean,https://www.edgeprop.sg/condo-apartment/the-watergardens-at-canberra,the-watergardens-at-canberra
THE WATERGARDENS AT CANBERRA,SEMBAWANG,27,30 Aug 2021,35 Canberra Drive #02-XX,35 Canberra Drive,3,1412,1353000,"Apartment, Condominium",99 yrs from 08/06/2020,New Sale,958,89.001,Strata,HDB,URA,not_clean,https://www.edgeprop.sg/condo-apartment/the-watergardens-at-canberra,the-watergardens-at-canberra
THE WATERGARDENS AT CANBERRA,SEMBAWANG,27,29 Aug 2021,27 Canberra Drive #05-XX,27 Canberra Drive,2,1239,1147000,"Apartment, Condominium",99 yrs from 08/06/2020,New Sale,926,86.028,Strata,N.A,URA,not_clean,https://www.edgeprop.sg/condo-apartment/the-watergardens-at-canberra,the-watergardens-at-canberra
THE WATERGARDENS AT CANBERRA,SEMBAWANG,27,29 Aug 2021,27 Canberra Drive #03-XX,27 Canberra Drive,3,1462,1401000,"Apartment, Condominium",99 yrs from 08/06/2020,New Sale,958,89.001,Strata,Private,URA,not_clean,https://www.edgeprop.sg/condo-apartment/the-watergardens-at-canberra,the-watergardens-at-canberra
THE WATERGARDENS AT CANBERRA,SEMBAWANG,27,29 Aug 2021,31 Canberra Drive #03-XX,31 Canberra Drive,3,1470,1329000,"Apartment, Condominium",99 yrs from 08/06/2020,New Sale,904,83.984,Strata,Private,URA,not_clean,https://www.edgeprop.sg/condo-apartment/the-watergardens-at-canberra,the-watergardens-at-canberra
THE WATERGARDENS AT CANBERRA,SEMBAWANG,27,29 Aug 2021,33 Canberra Drive #05-XX,33 Canberra Drive,2,1299,1133000,"Apartment, Condominium",99 yrs from 08/06/2020,New Sale,872,81.011,Strata,HDB,URA,not_clean,https://www.edgeprop.sg/condo-apartment/the-watergardens-at-canberra,the-watergardens-at-canberra
THE WATERGARDENS AT CANBERRA,SEMBAWANG,27,29 Aug 2021,33 Canberra Drive #03-XX,33 Canberra Drive,3,1429,1369000,"Apartment, Condominium",99 yrs from 08/06/2020,New Sale,958,89.001,Strata,HDB,URA,not_clean,https://www.edgeprop.sg/condo-apartment/the-watergardens-at-canberra,the-watergardens-at-canberra
THE WATERGARDENS AT CANBERRA,SEMBAWANG,27,29 Aug 2021,33 Canberra Drive #02-XX,33 Canberra Drive,3,1447,1308000,"Apartment, Condominium",99 yrs from 08/06/2020,New Sale,904,83.984,Strata,HDB,URA,not_clean,https://www.edgeprop.sg/condo-apartment/the-watergardens-at-canberra,the-watergardens-at-canberra
THE WATERGARDENS AT CANBERRA,SEMBAWANG,27,29 Aug 2021,35 Canberra Drive #04-XX,35 Canberra Drive,2,1481,1004000,"Apartment, Condominium",99 yrs from 08/06/2020,New Sale,678,62.988,Strata,HDB,URA,not_clean,https://www.edgeprop.sg/condo-apartment/the-watergardens-at-canberra,the-watergardens-at-canberra
THE WATERGARDENS AT CANBERRA,SEMBAWANG,27,29 Aug 2021,43 Canberra Drive #01-XX,43 Canberra Drive,2,1457,1098000,"Apartment, Condominium",99 yrs from 08/06/2020,New Sale,753,69.956,Strata,Private,URA,not_clean,https://www.edgeprop.sg/condo-apartment/the-watergardens-at-canberra,the-watergardens-at-canberra
THE WATERGARDENS AT CANBERRA,SEMBAWANG,27,29 Aug 2021,47 Canberra Drive #04-XX,47 Canberra Drive,2,1513,1140000,"Apartment, Condominium",99 yrs from 08/06/2020,New Sale,753,69.956,Strata,N.A,URA,not_clean,https://www.edgeprop.sg/condo-apartment/the-watergardens-at-canberra,the-watergardens-at-canberra
THE WATERGARDENS AT CANBERRA,SEMBAWANG,27,29 Aug 2021,49 Canberra Drive #05-XX,49 Canberra Drive,2,1494,1013000,"Apartment, Condominium",99 yrs from 08/06/2020,New Sale,678,62.988,Strata,HDB,URA,not_clean,https://www.edgeprop.sg/condo-apartment/the-watergardens-at-canberra,the-watergardens-at-canberra
THE WATERGARDENS AT CANBERRA,SEMBAWANG,27,29 Aug 2021,55 Canberra Drive #04-XX,55 Canberra Drive,2,1477,1113000,"Apartment, Condominium",99 yrs from 08/06/2020,New Sale,753,69.956,Strata,Private,URA,not_clean,https://www.edgeprop.sg/condo-apartment/the-watergardens-at-canberra,the-watergardens-at-canberra
THE WATERGARDENS AT CANBERRA,SEMBAWANG,27,29 Aug 2021,55 Canberra Drive #05-XX,55 Canberra Drive,3,1279,1542000,"Apartment, Condominium",99 yrs from 08/06/2020,New Sale,1206,112.041,Strata,HDB,URA,not_clean,https://www.edgeprop.sg/condo-apartment/the-watergardens-at-canberra,the-watergardens-at-canberra
THE WATERGARDENS AT CANBERRA,SEMBAWANG,27,29 Aug 2021,57 Canberra Drive #02-XX,57 Canberra Drive,2,1474,1111000,"Apartment, Condominium",99 yrs from 08/06/2020,New Sale,753,69.956,Strata,Private,URA,not_clean,https://www.edgeprop.sg/condo-apartment/the-watergardens-at-canberra,the-watergardens-at-canberra
THE WATERGARDENS AT CANBERRA,SEMBAWANG,27,28 Aug 2021,27 Canberra Drive #02-XX,27 Canberra Drive,2,1482,1005000,"Apartment, Condominium",99 yrs from 08/06/2020,New Sale,678,62.988,Strata,Private,URA,not_clean,https://www.edgeprop.sg/condo-apartment/the-watergardens-at-canberra,the-watergardens-at-canberra
THE WATERGARDENS AT CANBERRA,SEMBAWANG,27,28 Aug 2021,27 Canberra Drive #05-XX,27 Canberra Drive,2,1522,1032000,"Apartment, Condominium",99 yrs from 08/06/2020,New Sale,678,62.988,Strata,HDB,URA,not_clean,https://www.edgeprop.sg/condo-apartment/the-watergardens-at-canberra,the-watergardens-at-canberra
THE WATERGARDENS AT CANBERRA,SEMBAWANG,27,28 Aug 2021,27 Canberra Drive #01-XX,27 Canberra Drive,2,1469,996000,"Apartment, Condominium",99 yrs from 08/06/2020,New Sale,678,62.988,Strata,N.A,URA,not_clean,https://www.edgeprop.sg/condo-apartment/the-watergardens-at-canberra,the-watergardens-at-canberra
THE WATERGARDENS AT CANBERRA,SEMBAWANG,27,28 Aug 2021,27 Canberra Drive #04-XX,27 Canberra Drive,2,1505,1134000,"Apartment, Condominium",99 yrs from 08/06/2020,New Sale,753,69.956,Strata,Private,URA,not_clean,https://www.edgeprop.sg/condo-apartment/the-watergardens-at-canberra,the-watergardens-at-canberra
THE WATERGARDENS AT CANBERRA,SEMBAWANG,27,28 Aug 2021,27 Canberra Drive #03-XX,27 Canberra Drive,2,1497,1128000,"Apartment, Condominium",99 yrs from 08/06/2020,New Sale,753,69.956,Strata,HDB,URA,not_clean,https://www.edgeprop.sg/condo-apartment/the-watergardens-at-canberra,the-watergardens-at-canberra
THE WATERGARDENS AT CANBERRA,SEMBAWANG,27,28 Aug 2021,27 Canberra Drive #02-XX,27 Canberra Drive,2,1481,1116000,"Apartment, Condominium",99 yrs from 08/06/2020,New Sale,753,69.956,Strata,N.A,URA,not_clean,https://www.edgeprop.sg/condo-apartment/the-watergardens-at-canberra,the-watergardens-at-canberra
THE WATERGARDENS AT CANBERRA,SEMBAWANG,27,28 Aug 2021,27 Canberra Drive #01-XX,27 Canberra Drive,2,1469,1107000,"Apartment, Condominium",99 yrs from 08/06/2020,New Sale,753,69.956,Strata,HDB,URA,not_clean,https://www.edgeprop.sg/condo-apartment/the-watergardens-at-canberra,the-watergardens-at-canberra
THE WATERGARDENS AT CANBERRA,SEMBAWANG,27,28 Aug 2021,27 Canberra Drive #05-XX,27 Canberra Drive,2,1263,1169000,"Apartment, Condominium",99 yrs from 08/06/2020,New Sale,926,86.028,Strata,N.A,URA,not_clean,https://www.edgeprop.sg/condo-apartment/the-watergardens-at-canberra,the-watergardens-at-canberra
THE WATERGARDENS AT CANBERRA,SEMBAWANG,27,28 Aug 2021,27 Canberra Drive #05-XX,27 Canberra Drive,3,1232,1432000,"Apartment, Condominium",99 yrs from 08/06/2020,New Sale,1163,108.046,Strata,HDB,URA,not_clean,https://www.edgeprop.sg/condo-apartment/the-watergardens-at-canberra,the-watergardens-at-canberra
THE WATERGARDENS AT CANBERRA,SEMBAWANG,27,28 Aug 2021,27 Canberra Drive #03-XX,27 Canberra Drive,3,1429,1369000,"Apartment, Condominium",99 yrs from 08/06/2020,New Sale,958,89.001,Strata,N.A,URA,not_clean,https://www.edgeprop.sg/condo-apartment/the-watergardens-at-canberra,the-watergardens-at-canberra
THE WATERGARDENS AT CANBERRA,SEMBAWANG,27,28 Aug 2021,27 Canberra Drive #04-XX,27 Canberra Drive,3,1437,1377000,"Apartment, Condominium",99 yrs from 08/06/2020,New Sale,958,89.001,Strata,Private,URA,not_clean,https://www.edgeprop.sg/condo-apartment/the-watergardens-at-canberra,the-watergardens-at-canberra
THE WATERGARDENS AT CANBERRA,SEMBAWANG,27,28 Aug 2021,27 Canberra Drive #02-XX,27 Canberra Drive,3,1412,1353000,"Apartment, Condominium",99 yrs from 08/06/2020,New Sale,958,89.001,Strata,HDB,URA,not_clean,https://www.edgeprop.sg/condo-apartment/the-watergardens-at-canberra,the-watergardens-at-canberra
THE WATERGARDENS AT CANBERRA,SEMBAWANG,27,28 Aug 2021,27 Canberra Drive #04-XX,27 Canberra Drive,2,1481,1004000,"Apartment, Condominium",99 yrs from 08/06/2020,New Sale,678,62.988,Strata,N.A,URA,not_clean,https://www.edgeprop.sg/condo-apartment/the-watergardens-at-canberra,the-watergardens-at-canberra
THE WATERGARDENS AT CANBERRA,SEMBAWANG,27,28 Aug 2021,27 Canberra Drive #02-XX,27 Canberra Drive,2,1454,986000,"Apartment, Condominium",99 yrs from 08/06/2020,New Sale,678,62.988,Strata,HDB,URA,not_clean,https://www.edgeprop.sg/condo-apartment/the-watergardens-at-canberra,the-watergardens-at-canberra
THE WATERGARDENS AT CANBERRA,SEMBAWANG,27,28 Aug 2021,27 Canberra Drive #01-XX,27 Canberra Drive,2,1441,977000,"Apartment, Condominium",99 yrs from 08/06/2020,New Sale,678,62.988,Strata,N.A,URA,not_clean,https://www.edgeprop.sg/condo-apartment/the-watergardens-at-canberra,the-watergardens-at-canberra
THE WATERGARDENS AT CANBERRA,SEMBAWANG,27,28 Aug 2021,27 Canberra Drive #05-XX,27 Canberra Drive,2,1494,1013000,"Apartment, Condominium",99 yrs from 08/06/2020,New Sale,678,62.988,Strata,HDB,URA,not_clean,https://www.edgeprop.sg/condo-apartment/the-watergardens-at-canberra,the-watergardens-at-canberra
THE WATERGARDENS AT CANBERRA,SEMBAWANG,27,28 Aug 2021,27 Canberra Drive #03-XX,27 Canberra Drive,2,1469,1107000,"Apartment, Condominium",99 yrs from 08/06/2020,New Sale,753,69.956,Strata,HDB,URA,not_clean,https://www.edgeprop.sg/condo-apartment/the-watergardens-at-canberra,the-watergardens-at-canberra
THE WATERGARDENS AT CANBERRA,SEMBAWANG,27,28 Aug 2021,27 Canberra Drive #04-XX,27 Canberra Drive,2,1477,1113000,"Apartment, Condominium",99 yrs from 08/06/2020,New Sale,753,69.956,Strata,Private,URA,not_clean,https://www.edgeprop.sg/condo-apartment/the-watergardens-at-canberra,the-watergardens-at-canberra
THE WATERGARDENS AT CANBERRA,SEMBAWANG,27,28 Aug 2021,27 Canberra Drive #02-XX,27 Canberra Drive,2,1453,1095000,"Apartment, Condominium",99 yrs from 08/06/2020,New Sale,753,69.956,Strata,Private,URA,not_clean,https://www.edgeprop.sg/condo-apartment/the-watergardens-at-canberra,the-watergardens-at-canberra
THE WATERGARDENS AT CANBERRA,SEMBAWANG,27,28 Aug 2021,27 Canberra Drive #01-XX,27 Canberra Drive,2,1441,1086000,"Apartment, Condominium",99 yrs from 08/06/2020,New Sale,753,69.956,Strata,N.A,URA,not_clean,https://www.edgeprop.sg/condo-apartment/the-watergardens-at-canberra,the-watergardens-at-canberra
THE WATERGARDENS AT CANBERRA,SEMBAWANG,27,28 Aug 2021,27 Canberra Drive #01-XX,27 Canberra Drive,3,1433,1373000,"Apartment, Condominium",99 yrs from 08/06/2020,New Sale,958,89.001,Strata,N.A,URA,not_clean,https://www.edgeprop.sg/condo-apartment/the-watergardens-at-canberra,the-watergardens-at-canberra
THE WATERGARDENS AT CANBERRA,SEMBAWANG,27,28 Aug 2021,27 Canberra Drive #04-XX,27 Canberra Drive,3,1471,1409000,"Apartment, Condominium",99 yrs from 08/06/2020,New Sale,958,89.001,Strata,Private,URA,not_clean,https://www.edgeprop.sg/condo-apartment/the-watergardens-at-canberra,the-watergardens-at-canberra
THE WATERGARDENS AT CANBERRA,SEMBAWANG,27,28 Aug 2021,27 Canberra Drive #04-XX,27 Canberra Drive,2,1509,1023000,"Apartment, Condominium",99 yrs from 08/06/2020,New Sale,678,62.988,Strata,Private,URA,not_clean,https://www.edgeprop.sg/condo-apartment/the-watergardens-at-canberra,the-watergardens-at-canberra
THE WATERGARDENS AT CANBERRA,SEMBAWANG,27,28 Aug 2021,29 Canberra Drive #04-XX,29 Canberra Drive,2,1477,1113000,"Apartment, Condominium",99 yrs from 08/06/2020,New Sale,753,69.956,Strata,Private,URA,not_clean,https://www.edgeprop.sg/condo-apartment/the-watergardens-at-canberra,the-watergardens-at-canberra
THE WATERGARDENS AT CANBERRA,SEMBAWANG,27,28 Aug 2021,29 Canberra Drive #03-XX,29 Canberra Drive,2,1469,1107000,"Apartment, Condominium",99 yrs from 08/06/2020,New Sale,753,69.956,Strata,HDB,URA,not_clean,https://www.edgeprop.sg/condo-apartment/the-watergardens-at-canberra,the-watergardens-at-canberra
THE WATERGARDENS AT CANBERRA,SEMBAWANG,27,28 Aug 2021,29 Canberra Drive #02-XX,29 Canberra Drive,2,1453,1095000,"Apartment, Condominium",99 yrs from 08/06/2020,New Sale,753,69.956,Strata,N.A,URA,not_clean,https://www.edgeprop.sg/condo-apartment/the-watergardens-at-canberra,the-watergardens-at-canberra
THE WATERGARDENS AT CANBERRA,SEMBAWANG,27,28 Aug 2021,29 Canberra Drive #04-XX,29 Canberra Drive,2,1478,1177000,"Apartment, Condominium",99 yrs from 08/06/2020,New Sale,797,74.044,Strata,HDB,URA,not_clean,https://www.edgeprop.sg/condo-apartment/the-watergardens-at-canberra,the-watergardens-at-canberra
THE WATERGARDENS AT CANBERRA,SEMBAWANG,27,28 Aug 2021,29 Canberra Drive #02-XX,29 Canberra Drive,2,1453,1157000,"Apartment, Condominium",99 yrs from 08/06/2020,New Sale,797,74.044,Strata,N.A,URA,not_clean,https://www.edgeprop.sg/condo-apartment/the-watergardens-at-canberra,the-watergardens-at-canberra
THE WATERGARDENS AT CANBERRA,SEMBAWANG,27,28 Aug 2021,29 Canberra Drive #05-XX,29 Canberra Drive,2,1250,1211000,"Apartment, Condominium",99 yrs from 08/06/2020,New Sale,969,90.023,Strata,HDB,URA,not_clean,https://www.edgeprop.sg/condo-apartment/the-watergardens-at-canberra,the-watergardens-at-canberra
THE WATERGARDENS AT CANBERRA,SEMBAWANG,27,28 Aug 2021,29 Canberra Drive #03-XX,29 Canberra Drive,2,1470,1171000,"Apartment, Condominium",99 yrs from 08/06/2020,New Sale,797,74.044,Strata,HDB,URA,not_clean,https://www.edgeprop.sg/condo-apartment/the-watergardens-at-canberra,the-watergardens-at-canberra
THE WATERGARDENS AT CANBERRA,SEMBAWANG,27,28 Aug 2021,29 Canberra Drive #01-XX,29 Canberra Drive,2,1440,1147000,"Apartment, Condominium",99 yrs from 08/06/2020,New Sale,797,74.044,Strata,HDB,URA,not_clean,https://www.edgeprop.sg/condo-apartment/the-watergardens-at-canberra,the-watergardens-at-canberra
THE WATERGARDENS AT CANBERRA,SEMBAWANG,27,28 Aug 2021,29 Canberra Drive #05-XX,29 Canberra Drive,2,1271,1231000,"Apartment, Condominium",99 yrs from 08/06/2020,New Sale,969,90.023,Strata,HDB,URA,not_clean,https://www.edgeprop.sg/condo-apartment/the-watergardens-at-canberra,the-watergardens-at-canberra
THE WATERGARDENS AT CANBERRA,SEMBAWANG,27,28 Aug 2021,29 Canberra Drive #02-XX,29 Canberra Drive,2,1476,1176000,"Apartment, Condominium",99 yrs from 08/06/2020,New Sale,797,74.044,Strata,N.A,URA,not_clean,https://www.edgeprop.sg/condo-apartment/the-watergardens-at-canberra,the-watergardens-at-canberra
THE WATERGARDENS AT CANBERRA,SEMBAWANG,27,28 Aug 2021,29 Canberra Drive #04-XX,29 Canberra Drive,2,1502,1196000,"Apartment, Condominium",99 yrs from 08/06/2020,New Sale,797,74.044,Strata,Private,URA,not_clean,https://www.edgeprop.sg/condo-apartment/the-watergardens-at-canberra,the-watergardens-at-canberra
THE WATERGARDENS AT CANBERRA,SEMBAWANG,27,28 Aug 2021,29 Canberra Drive #01-XX,29 Canberra Drive,2,1464,1166000,"Apartment, Condominium",99 yrs from 08/06/2020,New Sale,797,74.044,Strata,HDB,URA,not_clean,https://www.edgeprop.sg/condo-apartment/the-watergardens-at-canberra,the-watergardens-at-canberra
THE WATERGARDENS AT CANBERRA,SEMBAWANG,27,28 Aug 2021,29 Canberra Drive #03-XX,29 Canberra Drive,2,1500,1017000,"Apartment, Condominium",99 yrs from 08/06/2020,New Sale,678,62.988,Strata,HDB,URA,not_clean,https://www.edgeprop.sg/condo-apartment/the-watergardens-at-canberra,the-watergardens-at-canberra
THE WATERGARDENS AT CANBERRA,SEMBAWANG,27,28 Aug 2021,29 Canberra Drive #05-XX,29 Canberra Drive,2,1522,1032000,"Apartment, Condominium",99 yrs from 08/06/2020,New Sale,678,62.988,Strata,HDB,URA,not_clean,https://www.edgeprop.sg/condo-apartment/the-watergardens-at-canberra,the-watergardens-at-canberra
THE WATERGARDENS AT CANBERRA,SEMBAWANG,27,28 Aug 2021,29 Canberra Drive #02-XX,29 Canberra Drive,2,1482,1005000,"Apartment, Condominium",99 yrs from 08/06/2020,New Sale,678,62.988,Strata,N.A,URA,not_clean,https://www.edgeprop.sg/condo-apartment/the-watergardens-at-canberra,the-watergardens-at-canberra
THE WATERGARDENS AT CANBERRA,SEMBAWANG,27,28 Aug 2021,29 Canberra Drive #03-XX,29 Canberra Drive,3,1457,1396000,"Apartment, Condominium",99 yrs from 08/06/2020,New Sale,958,89.001,Strata,HDB,URA,not_clean,https://www.edgeprop.sg/condo-apartment/the-watergardens-at-canberra,the-watergardens-at-canberra
THE WATERGARDENS AT CANBERRA,SEMBAWANG,27,28 Aug 2021,29 Canberra Drive #01-XX,29 Canberra Drive,3,1428,1368000,"Apartment, Condominium",99 yrs from 08/06/2020,New Sale,958,89.001,Strata,HDB,URA,not_clean,https://www.edgeprop.sg/condo-apartment/the-watergardens-at-canberra,the-watergardens-at-canberra
THE WATERGARDENS AT CANBERRA,SEMBAWANG,27,28 Aug 2021,29 Canberra Drive #02-XX,29 Canberra Drive,3,1441,1380000,"Apartment, Condominium",99 yrs from 08/06/2020,New Sale,958,89.001,Strata,Private,URA,not_clean,https://www.edgeprop.sg/condo-apartment/the-watergardens-at-canberra,the-watergardens-at-canberra
THE WATERGARDENS AT CANBERRA,SEMBAWANG,27,28 Aug 2021,29 Canberra Drive #04-XX,29 Canberra Drive,3,1466,1404000,"Apartment, Condominium",99 yrs from 08/06/2020,New Sale,958,89.001,Strata,HDB,URA,not_clean,https://www.edgeprop.sg/condo-apartment/the-watergardens-at-canberra,the-watergardens-at-canberra
THE WATERGARDENS AT CANBERRA,SEMBAWANG,27,28 Aug 2021,29 Canberra Drive #03-XX,29 Canberra Drive,3,1429,1369000,"Apartment, Condominium",99 yrs from 08/06/2020,New Sale,958,89.001,Strata,Private,URA,not_clean,https://www.edgeprop.sg/condo-apartment/the-watergardens-at-canberra,the-watergardens-at-canberra
THE WATERGARDENS AT CANBERRA,SEMBAWANG,27,28 Aug 2021,31 Canberra Drive #02-XX,31 Canberra Drive,2,1455,940000,"Apartment, Condominium",99 yrs from 08/06/2020,New Sale,646,60.015,Strata,Private,URA,not_clean,https://www.edgeprop.sg/condo-apartment/the-watergardens-at-canberra,the-watergardens-at-canberra
THE WATERGARDENS AT CANBERRA,SEMBAWANG,27,28 Aug 2021,31 Canberra Drive #03-XX,31 Canberra Drive,2,1474,952000,"Apartment, Condominium",99 yrs from 08/06/2020,New Sale,646,60.015,Strata,HDB,URA,not_clean,https://www.edgeprop.sg/condo-apartment/the-watergardens-at-canberra,the-watergardens-at-canberra
THE WATERGARDENS AT CANBERRA,SEMBAWANG,27,28 Aug 2021,31 Canberra Drive #04-XX,31 Canberra Drive,2,1483,958000,"Apartment, Condominium",99 yrs from 08/06/2020,New Sale,646,60.015,Strata,Private,URA,not_clean,https://www.edgeprop.sg/condo-apartment/the-watergardens-at-canberra,the-watergardens-at-canberra
THE WATERGARDENS AT CANBERRA,SEMBAWANG,27,28 Aug 2021,31 Canberra Drive #05-XX,31 Canberra Drive,2,1497,967000,"Apartment, Condominium",99 yrs from 08/06/2020,New Sale,646,60.015,Strata,Private,URA,not_clean,https://www.edgeprop.sg/condo-apartment/the-watergardens-at-canberra,the-watergardens-at-canberra
THE WATERGARDENS AT CANBERRA,SEMBAWANG,27,28 Aug 2021,31 Canberra Drive #04-XX,31 Canberra Drive,3,1437,1377000,"Apartment, Condominium",99 yrs from 08/06/2020,New Sale,958,89.001,Strata,HDB,URA,not_clean,https://www.edgeprop.sg/condo-apartment/the-watergardens-at-canberra,the-watergardens-at-canberra
THE WATERGARDENS AT CANBERRA,SEMBAWANG,27,28 Aug 2021,31 Canberra Drive #03-XX,31 Canberra Drive,3,1429,1369000,"Apartment, Condominium",99 yrs from 08/06/2020,New Sale,958,89.001,Strata,HDB,URA,not_clean,https://www.edgeprop.sg/condo-apartment/the-watergardens-at-canberra,the-watergardens-at-canberra
THE WATERGARDENS AT CANBERRA,SEMBAWANG,27,28 Aug 2021,31 Canberra Drive #02-XX,31 Canberra Drive,2,1496,1079000,"Apartment, Condominium",99 yrs from 08/06/2020,New Sale,721,66.983,Strata,HDB,URA,not_clean,https://www.edgeprop.sg/condo-apartment/the-watergardens-at-canberra,the-watergardens-at-canberra
THE WATERGARDENS AT CANBERRA,SEMBAWANG,27,28 Aug 2021,31 Canberra Drive #03-XX,31 Canberra Drive,2,1513,1091000,"Apartment, Condominium",99 yrs from 08/06/2020,New Sale,721,66.983,Strata,N.A,URA,not_clean,https://www.edgeprop.sg/condo-apartment/the-watergardens-at-canberra,the-watergardens-at-canberra
THE WATERGARDENS AT CANBERRA,SEMBAWANG,27,28 Aug 2021,31 Canberra Drive #04-XX,31 Canberra Drive,2,1521,1097000,"Apartment, Condominium",99 yrs from 08/06/2020,New Sale,721,66.983,Strata,HDB,URA,not_clean,https://www.edgeprop.sg/condo-apartment/the-watergardens-at-canberra,the-watergardens-at-canberra
THE WATERGARDENS AT CANBERRA,SEMBAWANG,27,28 Aug 2021,31 Canberra Drive #01-XX,31 Canberra Drive,2,1484,1070000,"Apartment, Condominium",99 yrs from 08/06/2020,New Sale,721,66.983,Strata,HDB,URA,not_clean,https://www.edgeprop.sg/condo-apartment/the-watergardens-at-canberra,the-watergardens-at-canberra
THE WATERGARDENS AT CANBERRA,SEMBAWANG,27,28 Aug 2021,31 Canberra Drive #01-XX,31 Canberra Drive,2,1486,960000,"Apartment, Condominium",99 yrs from 08/06/2020,New Sale,646,60.015,Strata,HDB,URA,not_clean,https://www.edgeprop.sg/condo-apartment/the-watergardens-at-canberra,the-watergardens-at-canberra
THE WATERGARDENS AT CANBERRA,SEMBAWANG,27,28 Aug 2021,31 Canberra Drive #05-XX,31 Canberra Drive,2,1542,996000,"Apartment, Condominium",99 yrs from 08/06/2020,New Sale,646,60.015,Strata,HDB,URA,not_clean,https://www.edgeprop.sg/condo-apartment/the-watergardens-at-canberra,the-watergardens-at-canberra
THE WATERGARDENS AT CANBERRA,SEMBAWANG,27,28 Aug 2021,31 Canberra Drive #03-XX,31 Canberra Drive,2,1519,981000,"Apartment, Condominium",99 yrs from 08/06/2020,New Sale,646,60.015,Strata,Private,URA,not_clean,https://www.edgeprop.sg/condo-apartment/the-watergardens-at-canberra,the-watergardens-at-canberra
THE WATERGARDENS AT CANBERRA,SEMBAWANG,27,28 Aug 2021,31 Canberra Drive #04-XX,31 Canberra Drive,2,1528,987000,"Apartment, Condominium",99 yrs from 08/06/2020,New Sale,646,60.015,Strata,HDB,URA,not_clean,https://www.edgeprop.sg/condo-apartment/the-watergardens-at-canberra,the-watergardens-at-canberra
THE WATERGARDENS AT CANBERRA,SEMBAWANG,27,28 Aug 2021,31 Canberra Drive #02-XX,31 Canberra Drive,3,1452,1313000,"Apartment, Condominium",99 yrs from 08/06/2020,New Sale,904,83.984,Strata,HDB,URA,not_clean,https://www.edgeprop.sg/condo-apartment/the-watergardens-at-canberra,the-watergardens-at-canberra
THE WATERGARDENS AT CANBERRA,SEMBAWANG,27,28 Aug 2021,31 Canberra Drive #05-XX,31 Canberra Drive,3,1288,1386000,"Apartment, Condominium",99 yrs from 08/06/2020,New Sale,1076,99.964,Strata,HDB,URA,not_clean,https://www.edgeprop.sg/condo-apartment/the-watergardens-at-canberra,the-watergardens-at-canberra
THE WATERGARDENS AT CANBERRA,SEMBAWANG,27,28 Aug 2021,31 Canberra Drive #04-XX,31 Canberra Drive,3,1479,1337000,"Apartment, Condominium",99 yrs from 08/06/2020,New Sale,904,83.984,Strata,HDB,URA,not_clean,https://www.edgeprop.sg/condo-apartment/the-watergardens-at-canberra,the-watergardens-at-canberra
THE WATERGARDENS AT CANBERRA,SEMBAWANG,27,28 Aug 2021,31 Canberra Drive #01-XX,31 Canberra Drive,3,1439,1301000,"Apartment, Condominium",99 yrs from 08/06/2020,New Sale,904,83.984,Strata,HDB,URA,not_clean,https://www.edgeprop.sg/condo-apartment/the-watergardens-at-canberra,the-watergardens-at-canberra
THE WATERGARDENS AT CANBERRA,SEMBAWANG,27,28 Aug 2021,31 Canberra Drive #02-XX,31 Canberra Drive,2,1455,1049000,"Apartment, Condominium",99 yrs from 08/06/2020,New Sale,721,66.983,Strata,HDB,URA,not_clean,https://www.edgeprop.sg/condo-apartment/the-watergardens-at-canberra,the-watergardens-at-canberra
THE WATERGARDENS AT CANBERRA,SEMBAWANG,27,28 Aug 2021,31 Canberra Drive #01-XX,31 Canberra Drive,2,1442,1040000,"Apartment, Condominium",99 yrs from 08/06/2020,New Sale,721,66.983,Strata,N.A,URA,not_clean,https://www.edgeprop.sg/condo-apartment/the-watergardens-at-canberra,the-watergardens-at-canberra
THE WATERGARDENS AT CANBERRA,SEMBAWANG,27,28 Aug 2021,31 Canberra Drive #05-XX,31 Canberra Drive,2,1258,1097000,"Apartment, Condominium",99 yrs from 08/06/2020,New Sale,872,81.011,Strata,N.A,URA,not_clean,https://www.edgeprop.sg/condo-apartment/the-watergardens-at-canberra,the-watergardens-at-canberra
THE WATERGARDENS AT CANBERRA,SEMBAWANG,27,28 Aug 2021,31 Canberra Drive #03-XX,31 Canberra Drive,2,1471,1061000,"Apartment, Condominium",99 yrs from 08/06/2020,New Sale,721,66.983,Strata,N.A,URA,not_clean,https://www.edgeprop.sg/condo-apartment/the-watergardens-at-canberra,the-watergardens-at-canberra
THE WATERGARDENS AT CANBERRA,SEMBAWANG,27,28 Aug 2021,31 Canberra Drive #04-XX,31 Canberra Drive,2,1480,1067000,"Apartment, Condominium",99 yrs from 08/06/2020,New Sale,721,66.983,Strata,N.A,URA,not_clean,https://www.edgeprop.sg/condo-apartment/the-watergardens-at-canberra,the-watergardens-at-canberra
THE WATERGARDENS AT CANBERRA,SEMBAWANG,27,28 Aug 2021,33 Canberra Drive #01-XX,33 Canberra Drive,2,1486,960000,"Apartment, Condominium",99 yrs from 08/06/2020,New Sale,646,60.015,Strata,Private,URA,not_clean,https://www.edgeprop.sg/condo-apartment/the-watergardens-at-canberra,the-watergardens-at-canberra
THE WATERGARDENS AT CANBERRA,SEMBAWANG,27,28 Aug 2021,33 Canberra Drive #03-XX,33 Canberra Drive,2,1519,981000,"Apartment, Condominium",99 yrs from 08/06/2020,New Sale,646,60.015,Strata,HDB,URA,not_clean,https://www.edgeprop.sg/condo-apartment/the-watergardens-at-canberra,the-watergardens-at-canberra
THE WATERGARDENS AT CANBERRA,SEMBAWANG,27,28 Aug 2021,33 Canberra Drive #04-XX,33 Canberra Drive,2,1528,987000,"Apartment, Condominium",99 yrs from 08/06/2020,New Sale,646,60.015,Strata,Private,URA,not_clean,https://www.edgeprop.sg/condo-apartment/the-watergardens-at-canberra,the-watergardens-at-canberra
THE WATERGARDENS AT CANBERRA,SEMBAWANG,27,28 Aug 2021,33 Canberra Drive #05-XX,33 Canberra Drive,2,1542,996000,"Apartment, Condominium",99 yrs from 08/06/2020,New Sale,646,60.015,Strata,Private,URA,not_clean,https://www.edgeprop.sg/condo-apartment/the-watergardens-at-canberra,the-watergardens-at-canberra
THE WATERGARDENS AT CANBERRA,SEMBAWANG,27,28 Aug 2021,33 Canberra Drive #02-XX,33 Canberra Drive,2,1500,969000,"Apartment, Condominium",99 yrs from 08/06/2020,New Sale,646,60.015,Strata,N.A,URA,not_clean,https://www.edgeprop.sg/condo-apartment/the-watergardens-at-canberra,the-watergardens-at-canberra
THE WATERGARDENS AT CANBERRA,SEMBAWANG,27,28 Aug 2021,33 Canberra Drive #03-XX,33 Canberra Drive,2,1520,1096000,"Apartment, Condominium",99 yrs from 08/06/2020,New Sale,721,66.983,Strata,N.A,URA,not_clean,https://www.edgeprop.sg/condo-apartment/the-watergardens-at-canberra,the-watergardens-at-canberra
THE WATERGARDENS AT CANBERRA,SEMBAWANG,27,28 Aug 2021,33 Canberra Drive #01-XX,33 Canberra Drive,2,1491,1075000,"Apartment, Condominium",99 yrs from 08/06/2020,New Sale,721,66.983,Strata,HDB,URA,not_clean,https://www.edgeprop.sg/condo-apartment/the-watergardens-at-canberra,the-watergardens-at-canberra
THE WATERGARDENS AT CANBERRA,SEMBAWANG,27,28 Aug 2021,33 Canberra Drive #02-XX,33 Canberra Drive,2,1503,1084000,"Apartment, Condominium",99 yrs from 08/06/2020,New Sale,721,66.983,Strata,N.A,URA,not_clean,https://www.edgeprop.sg/condo-apartment/the-watergardens-at-canberra,the-watergardens-at-canberra
THE WATERGARDENS AT CANBERRA,SEMBAWANG,27,28 Aug 2021,33 Canberra Drive #04-XX,33 Canberra Drive,2,1528,1102000,"Apartment, Condominium",99 yrs from 08/06/2020,New Sale,721,66.983,Strata,Private,URA,not_clean,https://www.edgeprop.sg/condo-apartment/the-watergardens-at-canberra,the-watergardens-at-canberra
THE WATERGARDENS AT CANBERRA,SEMBAWANG,27,28 Aug 2021,33 Canberra Drive #04-XX,33 Canberra Drive,3,1437,1377000,"Apartment, Condominium",99 yrs from 08/06/2020,New Sale,958,89.001,Strata,Private,URA,not_clean,https://www.edgeprop.sg/condo-apartment/the-watergardens-at-canberra,the-watergardens-at-canberra
THE WATERGARDENS AT CANBERRA,SEMBAWANG,27,28 Aug 2021,33 Canberra Drive #02-XX,33 Canberra Drive,3,1412,1353000,"Apartment, Condominium",99 yrs from 08/06/2020,New Sale,958,89.001,Strata,Private,URA,not_clean,https://www.edgeprop.sg/condo-apartment/the-watergardens-at-canberra,the-watergardens-at-canberra
THE WATERGARDENS AT CANBERRA,SEMBAWANG,27,28 Aug 2021,33 Canberra Drive #05-XX,33 Canberra Drive,2,1497,967000,"Apartment, Condominium",99 yrs from 08/06/2020,New Sale,646,60.015,Strata,N.A,URA,not_clean,https://www.edgeprop.sg/condo-apartment/the-watergardens-at-canberra,the-watergardens-at-canberra
THE WATERGARDENS AT CANBERRA,SEMBAWANG,27,28 Aug 2021,33 Canberra Drive #04-XX,33 Canberra Drive,2,1483,958000,"Apartment, Condominium",99 yrs from 08/06/2020,New Sale,646,60.015,Strata,HDB,URA,not_clean,https://www.edgeprop.sg/condo-apartment/the-watergardens-at-canberra,the-watergardens-at-canberra
THE WATERGARDENS AT CANBERRA,SEMBAWANG,27,28 Aug 2021,33 Canberra Drive #01-XX,33 Canberra Drive,2,1442,931000,"Apartment, Condominium",99 yrs from 08/06/2020,New Sale,646,60.015,Strata,N.A,URA,not_clean,https://www.edgeprop.sg/condo-apartment/the-watergardens-at-canberra,the-watergardens-at-canberra
THE WATERGARDENS AT CANBERRA,SEMBAWANG,27,28 Aug 2021,33 Canberra Drive #03-XX,33 Canberra Drive,2,1474,952000,"Apartment, Condominium",99 yrs from 08/06/2020,New Sale,646,60.015,Strata,HDB,URA,not_clean,https://www.edgeprop.sg/condo-apartment/the-watergardens-at-canberra,the-watergardens-at-canberra
THE WATERGARDENS AT CANBERRA,SEMBAWANG,27,28 Aug 2021,33 Canberra Drive #02-XX,33 Canberra Drive,2,1455,940000,"Apartment, Condominium",99 yrs from 08/06/2020,New Sale,646,60.015,Strata,HDB,URA,not_clean,https://www.edgeprop.sg/condo-apartment/the-watergardens-at-canberra,the-watergardens-at-canberra
THE WATERGARDENS AT CANBERRA,SEMBAWANG,27,28 Aug 2021,33 Canberra Drive #01-XX,33 Canberra Drive,2,1442,1040000,"Apartment, Condominium",99 yrs from 08/06/2020,New Sale,721,66.983,Strata,HDB,URA,not_clean,https://www.edgeprop.sg/condo-apartment/the-watergardens-at-canberra,the-watergardens-at-canberra
THE WATERGARDENS AT CANBERRA,SEMBAWANG,27,28 Aug 2021,33 Canberra Drive #03-XX,33 Canberra Drive,2,1471,1061000,"Apartment, Condominium",99 yrs from 08/06/2020,New Sale,721,66.983,Strata,Private,URA,not_clean,https://www.edgeprop.sg/condo-apartment/the-watergardens-at-canberra,the-watergardens-at-canberra
THE WATERGARDENS AT CANBERRA,SEMBAWANG,27,28 Aug 2021,33 Canberra Drive #04-XX,33 Canberra Drive,2,1480,1067000,"Apartment, Condominium",99 yrs from 08/06/2020,New Sale,721,66.983,Strata,Private,URA,not_clean,https://www.edgeprop.sg/condo-apartment/the-watergardens-at-canberra,the-watergardens-at-canberra
THE WATERGARDENS AT CANBERRA,SEMBAWANG,27,28 Aug 2021,33 Canberra Drive #05-XX,33 Canberra Drive,2,1258,1097000,"Apartment, Condominium",99 yrs from 08/06/2020,New Sale,872,81.011,Strata,HDB,URA,not_clean,https://www.edgeprop.sg/condo-apartment/the-watergardens-at-canberra,the-watergardens-at-canberra
THE WATERGARDENS AT CANBERRA,SEMBAWANG,27,28 Aug 2021,33 Canberra Drive #02-XX,33 Canberra Drive,2,1455,1049000,"Apartment, Condominium",99 yrs from 08/06/2020,New Sale,721,66.983,Strata,N.A,URA,not_clean,https://www.edgeprop.sg/condo-apartment/the-watergardens-at-canberra,the-watergardens-at-canberra
THE WATERGARDENS AT CANBERRA,SEMBAWANG,27,28 Aug 2021,33 Canberra Drive #01-XX,33 Canberra Drive,3,1433,1296000,"Apartment, Condominium",99 yrs from 08/06/2020,New Sale,904,83.984,Strata,Private,URA,not_clean,https://www.edgeprop.sg/condo-apartment/the-watergardens-at-canberra,the-watergardens-at-canberra
THE WATERGARDENS AT CANBERRA,SEMBAWANG,27,28 Aug 2021,33 Canberra Drive #05-XX,33 Canberra Drive,3,1283,1381000,"Apartment, Condominium",99 yrs from 08/06/2020,New Sale,1076,99.964,Strata,Private,URA,not_clean,https://www.edgeprop.sg/condo-apartment/the-watergardens-at-canberra,the-watergardens-at-canberra
THE WATERGARDENS AT CANBERRA,SEMBAWANG,27,28 Aug 2021,33 Canberra Drive #04-XX,33 Canberra Drive,3,1473,1332000,"Apartment, Condominium",99 yrs from 08/06/2020,New Sale,904,83.984,Strata,HDB,URA,not_clean,https://www.edgeprop.sg/condo-apartment/the-watergardens-at-canberra,the-watergardens-at-canberra
THE WATERGARDENS AT CANBERRA,SEMBAWANG,27,28 Aug 2021,35 Canberra Drive #04-XX,35 Canberra Drive,2,1504,1133000,"Apartment, Condominium",99 yrs from 08/06/2020,New Sale,753,69.956,Strata,HDB,URA,not_clean,https://www.edgeprop.sg/condo-apartment/the-watergardens-at-canberra,the-watergardens-at-canberra
THE WATERGARDENS AT CANBERRA,SEMBAWANG,27,28 Aug 2021,35 Canberra Drive #03-XX,35 Canberra Drive,2,1496,1127000,"Apartment, Condominium",99 yrs from 08/06/2020,New Sale,753,69.956,Strata,Private,URA,not_clean,https://www.edgeprop.sg/condo-apartment/the-watergardens-at-canberra,the-watergardens-at-canberra
THE WATERGARDENS AT CANBERRA,SEMBAWANG,27,28 Aug 2021,35 Canberra Drive #01-XX,35 Canberra Drive,2,1468,1106000,"Apartment, Condominium",99 yrs from 08/06/2020,New Sale,753,69.956,Strata,HDB,URA,not_clean,https://www.edgeprop.sg/condo-apartment/the-watergardens-at-canberra,the-watergardens-at-canberra
THE WATERGARDENS AT CANBERRA,SEMBAWANG,27,28 Aug 2021,35 Canberra Drive #05-XX,35 Canberra Drive,2,1330,1160000,"Apartment, Condominium",99 yrs from 08/06/2020,New Sale,872,81.011,Strata,HDB,URA,not_clean,https://www.edgeprop.sg/condo-apartment/the-watergardens-at-canberra,the-watergardens-at-canberra
THE WATERGARDENS AT CANBERRA,SEMBAWANG,27,28 Aug 2021,35 Canberra Drive #02-XX,35 Canberra Drive,2,1480,1115000,"Apartment, Condominium",99 yrs from 08/06/2020,New Sale,753,69.956,Strata,HDB,URA,not_clean,https://www.edgeprop.sg/condo-apartment/the-watergardens-at-canberra,the-watergardens-at-canberra
THE WATERGARDENS AT CANBERRA,SEMBAWANG,27,28 Aug 2021,35 Canberra Drive #04-XX,35 Canberra Drive,2,1509,1137000,"Apartment, Condominium",99 yrs from 08/06/2020,New Sale,753,69.956,Strata,N.A,URA,not_clean,https://www.edgeprop.sg/condo-apartment/the-watergardens-at-canberra,the-watergardens-at-canberra
THE WATERGARDENS AT CANBERRA,SEMBAWANG,27,28 Aug 2021,35 Canberra Drive #03-XX,35 Canberra Drive,2,1501,1131000,"Apartment, Condominium",99 yrs from 08/06/2020,New Sale,753,69.956,Strata,Private,URA,not_clean,https://www.edgeprop.sg/condo-apartment/the-watergardens-at-canberra,the-watergardens-at-canberra
THE WATERGARDENS AT CANBERRA,SEMBAWANG,27,28 Aug 2021,35 Canberra Drive #02-XX,35 Canberra Drive,2,1485,1119000,"Apartment, Condominium",99 yrs from 08/06/2020,New Sale,753,69.956,Strata,Private,URA,not_clean,https://www.edgeprop.sg/condo-apartment/the-watergardens-at-canberra,the-watergardens-at-canberra
THE WATERGARDENS AT CANBERRA,SEMBAWANG,27,28 Aug 2021,35 Canberra Drive #05-XX,35 Canberra Drive,2,1266,1172000,"Apartment, Condominium",99 yrs from 08/06/2020,New Sale,926,86.028,Strata,N.A,URA,not_clean,https://www.edgeprop.sg/condo-apartment/the-watergardens-at-canberra,the-watergardens-at-canberra
THE WATERGARDENS AT CANBERRA,SEMBAWANG,27,28 Aug 2021,35 Canberra Drive #02-XX,35 Canberra Drive,2,1454,986000,"Apartment, Condominium",99 yrs from 08/06/2020,New Sale,678,62.988,Strata,HDB,URA,not_clean,https://www.edgeprop.sg/condo-apartment/the-watergardens-at-canberra,the-watergardens-at-canberra
THE WATERGARDENS AT CANBERRA,SEMBAWANG,27,28 Aug 2021,35 Canberra Drive #03-XX,35 Canberra Drive,2,1472,998000,"Apartment, Condominium",99 yrs from 08/06/2020,New Sale,678,62.988,Strata,HDB,URA,not_clean,https://www.edgeprop.sg/condo-apartment/the-watergardens-at-canberra,the-watergardens-at-canberra
THE WATERGARDENS AT CANBERRA,SEMBAWANG,27,28 Aug 2021,35 Canberra Drive #03-XX,35 Canberra Drive,3,1429,1369000,"Apartment, Condominium",99 yrs from 08/06/2020,New Sale,958,89.001,Strata,Private,URA,not_clean,https://www.edgeprop.sg/condo-apartment/the-watergardens-at-canberra,the-watergardens-at-canberra
THE WATERGARDENS AT CANBERRA,SEMBAWANG,27,28 Aug 2021,35 Canberra Drive #01-XX,35 Canberra Drive,3,1400,1341000,"Apartment, Condominium",99 yrs from 08/06/2020,New Sale,958,89.001,Strata,Private,URA,not_clean,https://www.edgeprop.sg/condo-apartment/the-watergardens-at-canberra,the-watergardens-at-canberra
THE WATERGARDENS AT CANBERRA,SEMBAWANG,27,28 Aug 2021,35 Canberra Drive #04-XX,35 Canberra Drive,3,1437,1377000,"Apartment, Condominium",99 yrs from 08/06/2020,New Sale,958,89.001,Strata,HDB,URA,not_clean,https://www.edgeprop.sg/condo-apartment/the-watergardens-at-canberra,the-watergardens-at-canberra
THE WATERGARDENS AT CANBERRA,SEMBAWANG,27,28 Aug 2021,35 Canberra Drive #01-XX,35 Canberra Drive,2,1473,1110000,"Apartment, Condominium",99 yrs from 08/06/2020,New Sale,753,69.956,Strata,Private,URA,not_clean,https://www.edgeprop.sg/condo-apartment/the-watergardens-at-canberra,the-watergardens-at-canberra
THE WATERGARDENS AT CANBERRA,SEMBAWANG,27,28 Aug 2021,37 Canberra Drive #01-XX,37 Canberra Drive,2,1501,1131000,"Apartment, Condominium",99 yrs from 08/06/2020,New Sale,753,69.956,Strata,N.A,URA,not_clean,https://www.edgeprop.sg/condo-apartment/the-watergardens-at-canberra,the-watergardens-at-canberra
THE WATERGARDENS AT CANBERRA,SEMBAWANG,27,28 Aug 2021,37 Canberra Drive #03-XX,37 Canberra Drive,2,1529,1152000,"Apartment, Condominium",99 yrs from 08/06/2020,New Sale,753,69.956,Strata,HDB,URA,not_clean,https://www.edgeprop.sg/condo-apartment/the-watergardens-at-canberra,the-watergardens-at-canberra
THE WATERGARDENS AT CANBERRA,SEMBAWANG,27,28 Aug 2021,37 Canberra Drive #02-XX,37 Canberra Drive,2,1513,1140000,"Apartment, Condominium",99 yrs from 08/06/2020,New Sale,753,69.956,Strata,HDB,URA,not_clean,https://www.edgeprop.sg/condo-apartment/the-watergardens-at-canberra,the-watergardens-at-canberra
THE WATERGARDENS AT CANBERRA,SEMBAWANG,27,28 Aug 2021,37 Canberra Drive #04-XX,37 Canberra Drive,2,1537,1158000,"Apartment, Condominium",99 yrs from 08/06/2020,New Sale,753,69.956,Strata,HDB,URA,not_clean,https://www.edgeprop.sg/condo-apartment/the-watergardens-at-canberra,the-watergardens-at-canberra
THE WATERGARDENS AT CANBERRA,SEMBAWANG,27,28 Aug 2021,37 Canberra Drive #03-XX,37 Canberra Drive,4,1460,1902000,"Apartment, Condominium",99 yrs from 08/06/2020,New Sale,1302,120.96,Strata,Private,URA,not_clean,https://www.edgeprop.sg/condo-apartment/the-watergardens-at-canberra,the-watergardens-at-canberra
THE WATERGARDENS AT CANBERRA,SEMBAWANG,27,28 Aug 2021,37 Canberra Drive #04-XX,37 Canberra Drive,4,1469,1913000,"Apartment, Condominium",99 yrs from 08/06/2020,New Sale,1302,120.96,Strata,HDB,URA,not_clean,https://www.edgeprop.sg/condo-apartment/the-watergardens-at-canberra,the-watergardens-at-canberra
THE WATERGARDENS AT CANBERRA,SEMBAWANG,27,28 Aug 2021,39 Canberra Drive #04-XX,39 Canberra Drive,3,1475,1635000,"Apartment, Condominium",99 yrs from 08/06/2020,New Sale,1109,103.029,Strata,Private,URA,not_clean,https://www.edgeprop.sg/condo-apartment/the-watergardens-at-canberra,the-watergardens-at-canberra
THE WATERGARDENS AT CANBERRA,SEMBAWANG,27,28 Aug 2021,39 Canberra Drive #02-XX,39 Canberra Drive,3,1449,1607000,"Apartment, Condominium",99 yrs from 08/06/2020,New Sale,1109,103.029,Strata,Private,URA,not_clean,https://www.edgeprop.sg/condo-apartment/the-watergardens-at-canberra,the-watergardens-at-canberra
THE WATERGARDENS AT CANBERRA,SEMBAWANG,27,28 Aug 2021,39 Canberra Drive #01-XX,39 Canberra Drive,3,1437,1593000,"Apartment, Condominium",99 yrs from 08/06/2020,New Sale,1109,103.029,Strata,N.A,URA,not_clean,https://www.edgeprop.sg/condo-apartment/the-watergardens-at-canberra,the-watergardens-at-canberra
THE WATERGARDENS AT CANBERRA,SEMBAWANG,27,28 Aug 2021,39 Canberra Drive #05-XX,39 Canberra Drive,3,1301,1723000,"Apartment, Condominium",99 yrs from 08/06/2020,New Sale,1324,123.004,Strata,HDB,URA,not_clean,https://www.edgeprop.sg/condo-apartment/the-watergardens-at-canberra,the-watergardens-at-canberra
THE WATERGARDENS AT CANBERRA,SEMBAWANG,27,28 Aug 2021,39 Canberra Drive #04-XX,39 Canberra Drive,3,1494,1656000,"Apartment, Condominium",99 yrs from 08/06/2020,New Sale,1109,103.029,Strata,HDB,URA,not_clean,https://www.edgeprop.sg/condo-apartment/the-watergardens-at-canberra,the-watergardens-at-canberra
THE WATERGARDENS AT CANBERRA,SEMBAWANG,27,28 Aug 2021,39 Canberra Drive #03-XX,39 Canberra Drive,3,1485,1646000,"Apartment, Condominium",99 yrs from 08/06/2020,New Sale,1109,103.029,Strata,Private,URA,not_clean,https://www.edgeprop.sg/condo-apartment/the-watergardens-at-canberra,the-watergardens-at-canberra
THE WATERGARDENS AT CANBERRA,SEMBAWANG,27,28 Aug 2021,39 Canberra Drive #03-XX,39 Canberra Drive,4,1473,1918000,"Apartment, Condominium",99 yrs from 08/06/2020,New Sale,1302,120.96,Strata,Private,URA,not_clean,https://www.edgeprop.sg/condo-apartment/the-watergardens-at-canberra,the-watergardens-at-canberra
THE WATERGARDENS AT CANBERRA,SEMBAWANG,27,28 Aug 2021,41 Canberra Drive #02-XX,41 Canberra Drive,4,1444,1881000,"Apartment, Condominium",99 yrs from 08/06/2020,New Sale,1302,120.96,Strata,HDB,URA,not_clean,https://www.edgeprop.sg/condo-apartment/the-watergardens-at-canberra,the-watergardens-at-canberra
THE WATERGARDENS AT CANBERRA,SEMBAWANG,27,28 Aug 2021,41 Canberra Drive #02-XX,41 Canberra Drive,2,1522,1147000,"Apartment, Condominium",99 yrs from 08/06/2020,New Sale,753,69.956,Strata,N.A,URA,not_clean,https://www.edgeprop.sg/condo-apartment/the-watergardens-at-canberra,the-watergardens-at-canberra
THE WATERGARDENS AT CANBERRA,SEMBAWANG,27,28 Aug 2021,41 Canberra Drive #04-XX,41 Canberra Drive,2,1546,1165000,"Apartment, Condominium",99 yrs from 08/06/2020,New Sale,753,69.956,Strata,Private,URA,not_clean,https://www.edgeprop.sg/condo-apartment/the-watergardens-at-canberra,the-watergardens-at-canberra
THE WATERGARDENS AT CANBERRA,SEMBAWANG,27,28 Aug 2021,43 Canberra Drive #03-XX,43 Canberra Drive,3,1471,1409000,"Apartment, Condominium",99 yrs from 08/06/2020,New Sale,958,89.001,Strata,Private,URA,not_clean,https://www.edgeprop.sg/condo-apartment/the-watergardens-at-canberra,the-watergardens-at-canberra
THE WATERGARDENS AT CANBERRA,SEMBAWANG,27,28 Aug 2021,43 Canberra Drive #02-XX,43 Canberra Drive,3,1454,1393000,"Apartment, Condominium",99 yrs from 08/06/2020,New Sale,958,89.001,Strata,Private,URA,not_clean,https://www.edgeprop.sg/condo-apartment/the-watergardens-at-canberra,the-watergardens-at-canberra
THE WATERGARDENS AT CANBERRA,SEMBAWANG,27,28 Aug 2021,43 Canberra Drive #04-XX,43 Canberra Drive,3,1479,1417000,"Apartment, Condominium",99 yrs from 08/06/2020,New Sale,958,89.001,Strata,HDB,URA,not_clean,https://www.edgeprop.sg/condo-apartment/the-watergardens-at-canberra,the-watergardens-at-canberra
THE WATERGARDENS AT CANBERRA,SEMBAWANG,27,28 Aug 2021,43 Canberra Drive #01-XX,43 Canberra Drive,3,1420,1360000,"Apartment, Condominium",99 yrs from 08/06/2020,New Sale,958,89.001,Strata,HDB,URA,not_clean,https://www.edgeprop.sg/condo-apartment/the-watergardens-at-canberra,the-watergardens-at-canberra
THE WATERGARDENS AT CANBERRA,SEMBAWANG,27,28 Aug 2021,43 Canberra Drive #02-XX,43 Canberra Drive,3,1475,1413000,"Apartment, Condominium",99 yrs from 08/06/2020,New Sale,958,89.001,Strata,Private,URA,not_clean,https://www.edgeprop.sg/condo-apartment/the-watergardens-at-canberra,the-watergardens-at-canberra
THE WATERGARDENS AT CANBERRA,SEMBAWANG,27,28 Aug 2021,43 Canberra Drive #04-XX,43 Canberra Drive,3,1500,1437000,"Apartment, Condominium",99 yrs from 08/06/2020,New Sale,958,89.001,Strata,Private,URA,not_clean,https://www.edgeprop.sg/condo-apartment/the-watergardens-at-canberra,the-watergardens-at-canberra
THE WATERGARDENS AT CANBERRA,SEMBAWANG,27,28 Aug 2021,43 Canberra Drive #03-XX,43 Canberra Drive,2,1526,1035000,"Apartment, Condominium",99 yrs from 08/06/2020,New Sale,678,62.988,Strata,Private,URA,not_clean,https://www.edgeprop.sg/condo-apartment/the-watergardens-at-canberra,the-watergardens-at-canberra
THE WATERGARDENS AT CANBERRA,SEMBAWANG,27,28 Aug 2021,43 Canberra Drive #03-XX,43 Canberra Drive,3,1476,1414000,"Apartment, Condominium",99 yrs from 08/06/2020,New Sale,958,89.001,Strata,HDB,URA,not_clean,https://www.edgeprop.sg/condo-apartment/the-watergardens-at-canberra,the-watergardens-at-canberra
THE WATERGARDENS AT CANBERRA,SEMBAWANG,27,28 Aug 2021,43 Canberra Drive #05-XX,43 Canberra Drive,3,1272,1479000,"Apartment, Condominium",99 yrs from 08/06/2020,New Sale,1163,108.046,Strata,N.A,URA,not_clean,https://www.edgeprop.sg/condo-apartment/the-watergardens-at-canberra,the-watergardens-at-canberra
THE WATERGARDENS AT CANBERRA,SEMBAWANG,27,28 Aug 2021,43 Canberra Drive #02-XX,43 Canberra Drive,3,1459,1398000,"Apartment, Condominium",99 yrs from 08/06/2020,New Sale,958,89.001,Strata,N.A,URA,not_clean,https://www.edgeprop.sg/condo-apartment/the-watergardens-at-canberra,the-watergardens-at-canberra
THE WATERGARDENS AT CANBERRA,SEMBAWANG,27,28 Aug 2021,43 Canberra Drive #04-XX,43 Canberra Drive,2,1513,1140000,"Apartment, Condominium",99 yrs from 08/06/2020,New Sale,753,69.956,Strata,N.A,URA,not_clean,https://www.edgeprop.sg/condo-apartment/the-watergardens-at-canberra,the-watergardens-at-canberra
THE WATERGARDENS AT CANBERRA,SEMBAWANG,27,28 Aug 2021,45 Canberra Drive #03-XX,45 Canberra Drive,3,1466,1625000,"Apartment, Condominium",99 yrs from 08/06/2020,New Sale,1109,103.029,Strata,N.A,URA,not_clean,https://www.edgeprop.sg/condo-apartment/the-watergardens-at-canberra,the-watergardens-at-canberra
THE WATERGARDENS AT CANBERRA,SEMBAWANG,27,28 Aug 2021,45 Canberra Drive #04-XX,45 Canberra Drive,3,1475,1635000,"Apartment, Condominium",99 yrs from 08/06/2020,New Sale,1109,103.029,Strata,HDB,URA,not_clean,https://www.edgeprop.sg/condo-apartment/the-watergardens-at-canberra,the-watergardens-at-canberra
THE WATERGARDENS AT CANBERRA,SEMBAWANG,27,28 Aug 2021,45 Canberra Drive #02-XX,45 Canberra Drive,4,1418,1847000,"Apartment, Condominium",99 yrs from 08/06/2020,New Sale,1302,120.96,Strata,Private,URA,not_clean,https://www.edgeprop.sg/condo-apartment/the-watergardens-at-canberra,the-watergardens-at-canberra
THE WATERGARDENS AT CANBERRA,SEMBAWANG,27,28 Aug 2021,45 Canberra Drive #04-XX,45 Canberra Drive,4,1443,1879000,"Apartment, Condominium",99 yrs from 08/06/2020,New Sale,1302,120.96,Strata,N.A,URA,not_clean,https://www.edgeprop.sg/condo-apartment/the-watergardens-at-canberra,the-watergardens-at-canberra
THE WATERGARDENS AT CANBERRA,SEMBAWANG,27,28 Aug 2021,47 Canberra Drive #02-XX,47 Canberra Drive,2,1489,1122000,"Apartment, Condominium",99 yrs from 08/06/2020,New Sale,753,69.956,Strata,Private,URA,not_clean,https://www.edgeprop.sg/condo-apartment/the-watergardens-at-canberra,the-watergardens-at-canberra
THE WATERGARDENS AT CANBERRA,SEMBAWANG,27,28 Aug 2021,47 Canberra Drive #03-XX,47 Canberra Drive,3,1492,1429000,"Apartment, Condominium",99 yrs from 08/06/2020,New Sale,958,89.001,Strata,HDB,URA,not_clean,https://www.edgeprop.sg/condo-apartment/the-watergardens-at-canberra,the-watergardens-at-canberra
THE WATERGARDENS AT CANBERRA,SEMBAWANG,27,28 Aug 2021,47 Canberra Drive #05-XX,47 Canberra Drive,2,1548,1050000,"Apartment, Condominium",99 yrs from 08/06/2020,New Sale,678,62.988,Strata,N.A,URA,not_clean,https://www.edgeprop.sg/condo-apartment/the-watergardens-at-canberra,the-watergardens-at-canberra
THE WATERGARDENS AT CANBERRA,SEMBAWANG,27,28 Aug 2021,47 Canberra Drive #03-XX,47 Canberra Drive,2,1526,1035000,"Apartment, Condominium",99 yrs from 08/06/2020,New Sale,678,62.988,Strata,HDB,URA,not_clean,https://www.edgeprop.sg/condo-apartment/the-watergardens-at-canberra,the-watergardens-at-canberra
THE WATERGARDENS AT CANBERRA,SEMBAWANG,27,28 Aug 2021,47 Canberra Drive #02-XX,47 Canberra Drive,3,1475,1413000,"Apartment, Condominium",99 yrs from 08/06/2020,New Sale,958,89.001,Strata,Private,URA,not_clean,https://www.edgeprop.sg/condo-apartment/the-watergardens-at-canberra,the-watergardens-at-canberra
THE WATERGARDENS AT CANBERRA,SEMBAWANG,27,28 Aug 2021,47 Canberra Drive #04-XX,47 Canberra Drive,3,1500,1437000,"Apartment, Condominium",99 yrs from 08/06/2020,New Sale,958,89.001,Strata,Private,URA,not_clean,https://www.edgeprop.sg/condo-apartment/the-watergardens-at-canberra,the-watergardens-at-canberra
THE WATERGARDENS AT CANBERRA,SEMBAWANG,27,28 Aug 2021,47 Canberra Drive #01-XX,47 Canberra Drive,3,1462,1401000,"Apartment, Condominium",99 yrs from 08/06/2020,New Sale,958,89.001,Strata,Private,URA,not_clean,https://www.edgeprop.sg/condo-apartment/the-watergardens-at-canberra,the-watergardens-at-canberra
THE WATERGARDENS AT CANBERRA,SEMBAWANG,27,28 Aug 2021,47 Canberra Drive #03-XX,47 Canberra Drive,3,1449,1606000,"Apartment, Condominium",99 yrs from 08/06/2020,New Sale,1109,103.029,Strata,Private,URA,not_clean,https://www.edgeprop.sg/condo-apartment/the-watergardens-at-canberra,the-watergardens-at-canberra
THE WATERGARDENS AT CANBERRA,SEMBAWANG,27,28 Aug 2021,47 Canberra Drive #04-XX,47 Canberra Drive,3,1458,1616000,"Apartment, Condominium",99 yrs from 08/06/2020,New Sale,1109,103.029,Strata,HDB,URA,not_clean,https://www.edgeprop.sg/condo-apartment/the-watergardens-at-canberra,the-watergardens-at-canberra
THE WATERGARDENS AT CANBERRA,SEMBAWANG,27,28 Aug 2021,49 Canberra Drive #02-XX,49 Canberra Drive,3,1432,1588000,"Apartment, Condominium",99 yrs from 08/06/2020,New Sale,1109,103.029,Strata,Private,URA,not_clean,https://www.edgeprop.sg/condo-apartment/the-watergardens-at-canberra,the-watergardens-at-canberra
THE WATERGARDENS AT CANBERRA,SEMBAWANG,27,28 Aug 2021,49 Canberra Drive #04-XX,49 Canberra Drive,3,1458,1616000,"Apartment, Condominium",99 yrs from 08/06/2020,New Sale,1109,103.029,Strata,HDB,URA,not_clean,https://www.edgeprop.sg/condo-apartment/the-watergardens-at-canberra,the-watergardens-at-canberra
THE WATERGARDENS AT CANBERRA,SEMBAWANG,27,28 Aug 2021,49 Canberra Drive #03-XX,49 Canberra Drive,3,1449,1606000,"Apartment, Condominium",99 yrs from 08/06/2020,New Sale,1109,103.029,Strata,HDB,URA,not_clean,https://www.edgeprop.sg/condo-apartment/the-watergardens-at-canberra,the-watergardens-at-canberra
THE WATERGARDENS AT CANBERRA,SEMBAWANG,27,28 Aug 2021,49 Canberra Drive #04-XX,49 Canberra Drive,3,1466,1404000,"Apartment, Condominium",99 yrs from 08/06/2020,New Sale,958,89.001,Strata,HDB,URA,not_clean,https://www.edgeprop.sg/condo-apartment/the-watergardens-at-canberra,the-watergardens-at-canberra
THE WATERGARDENS AT CANBERRA,SEMBAWANG,27,28 Aug 2021,49 Canberra Drive #01-XX,49 Canberra Drive,3,1428,1368000,"Apartment, Condominium",99 yrs from 08/06/2020,New Sale,958,89.001,Strata,N.A,URA,not_clean,https://www.edgeprop.sg/condo-apartment/the-watergardens-at-canberra,the-watergardens-at-canberra
THE WATERGARDENS AT CANBERRA,SEMBAWANG,27,28 Aug 2021,49 Canberra Drive #03-XX,49 Canberra Drive,3,1457,1396000,"Apartment, Condominium",99 yrs from 08/06/2020,New Sale,958,89.001,Strata,HDB,URA,not_clean,https://www.edgeprop.sg/condo-apartment/the-watergardens-at-canberra,the-watergardens-at-canberra
THE WATERGARDENS AT CANBERRA,SEMBAWANG,27,28 Aug 2021,49 Canberra Drive #02-XX,49 Canberra Drive,3,1441,1380000,"Apartment, Condominium",99 yrs from 08/06/2020,New Sale,958,89.001,Strata,Private,URA,not_clean,https://www.edgeprop.sg/condo-apartment/the-watergardens-at-canberra,the-watergardens-at-canberra
THE WATERGARDENS AT CANBERRA,SEMBAWANG,27,28 Aug 2021,49 Canberra Drive #02-XX,49 Canberra Drive,2,1454,986000,"Apartment, Condominium",99 yrs from 08/06/2020,New Sale,678,62.988,Strata,HDB,URA,not_clean,https://www.edgeprop.sg/condo-apartment/the-watergardens-at-canberra,the-watergardens-at-canberra
THE WATERGARDENS AT CANBERRA,SEMBAWANG,27,28 Aug 2021,49 Canberra Drive #01-XX,49 Canberra Drive,2,1416,960000,"Apartment, Condominium",99 yrs from 08/06/2020,New Sale,678,62.988,Strata,HDB,URA,not_clean,https://www.edgeprop.sg/condo-apartment/the-watergardens-at-canberra,the-watergardens-at-canberra
THE WATERGARDENS AT CANBERRA,SEMBAWANG,27,28 Aug 2021,49 Canberra Drive #03-XX,49 Canberra Drive,2,1472,998000,"Apartment, Condominium",99 yrs from 08/06/2020,New Sale,678,62.988,Strata,HDB,URA,not_clean,https://www.edgeprop.sg/condo-apartment/the-watergardens-at-canberra,the-watergardens-at-canberra
THE WATERGARDENS AT CANBERRA,SEMBAWANG,27,28 Aug 2021,49 Canberra Drive #04-XX,49 Canberra Drive,2,1477,1113000,"Apartment, Condominium",99 yrs from 08/06/2020,New Sale,753,69.956,Strata,Private,URA,not_clean,https://www.edgeprop.sg/condo-apartment/the-watergardens-at-canberra,the-watergardens-at-canberra
THE WATERGARDENS AT CANBERRA,SEMBAWANG,27,28 Aug 2021,49 Canberra Drive #03-XX,49 Canberra Drive,2,1469,1107000,"Apartment, Condominium",99 yrs from 08/06/2020,New Sale,753,69.956,Strata,N.A,URA,not_clean,https://www.edgeprop.sg/condo-apartment/the-watergardens-at-canberra,the-watergardens-at-canberra
THE WATERGARDENS AT CANBERRA,SEMBAWANG,27,28 Aug 2021,49 Canberra Drive #02-XX,49 Canberra Drive,2,1453,1095000,"Apartment, Condominium",99 yrs from 08/06/2020,New Sale,753,69.956,Strata,HDB,URA,not_clean,https://www.edgeprop.sg/condo-apartment/the-watergardens-at-canberra,the-watergardens-at-canberra
THE WATERGARDENS AT CANBERRA,SEMBAWANG,27,28 Aug 2021,49 Canberra Drive #04-XX,49 Canberra Drive,3,1479,1417000,"Apartment, Condominium",99 yrs from 08/06/2020,New Sale,958,89.001,Strata,N.A,URA,not_clean,https://www.edgeprop.sg/condo-apartment/the-watergardens-at-canberra,the-watergardens-at-canberra
THE WATERGARDENS AT CANBERRA,SEMBAWANG,27,28 Aug 2021,49 Canberra Drive #04-XX,49 Canberra Drive,2,1513,1140000,"Apartment, Condominium",99 yrs from 08/06/2020,New Sale,753,69.956,Strata,HDB,URA,not_clean,https://www.edgeprop.sg/condo-apartment/the-watergardens-at-canberra,the-watergardens-at-canberra
THE WATERGARDENS AT CANBERRA,SEMBAWANG,27,28 Aug 2021,49 Canberra Drive #03-XX,49 Canberra Drive,2,1505,1134000,"Apartment, Condominium",99 yrs from 08/06/2020,New Sale,753,69.956,Strata,HDB,URA,not_clean,https://www.edgeprop.sg/condo-apartment/the-watergardens-at-canberra,the-watergardens-at-canberra
THE WATERGARDENS AT CANBERRA,SEMBAWANG,27,28 Aug 2021,49 Canberra Drive #01-XX,49 Canberra Drive,2,1441,1086000,"Apartment, Condominium",99 yrs from 08/06/2020,New Sale,753,69.956,Strata,N.A,URA,not_clean,https://www.edgeprop.sg/condo-apartment/the-watergardens-at-canberra,the-watergardens-at-canberra
THE WATERGARDENS AT CANBERRA,SEMBAWANG,27,28 Aug 2021,49 Canberra Drive #02-XX,49 Canberra Drive,2,1489,1122000,"Apartment, Condominium",99 yrs from 08/06/2020,New Sale,753,69.956,Strata,HDB,URA,not_clean,https://www.edgeprop.sg/condo-apartment/the-watergardens-at-canberra,the-watergardens-at-canberra
THE WATERGARDENS AT CANBERRA,SEMBAWANG,27,28 Aug 2021,51 Canberra Drive #04-XX,51 Canberra Drive,4,1443,1879000,"Apartment, Condominium",99 yrs from 08/06/2020,New Sale,1302,120.96,Strata,HDB,URA,not_clean,https://www.edgeprop.sg/condo-apartment/the-watergardens-at-canberra,the-watergardens-at-canberra
THE WATERGARDENS AT CANBERRA,SEMBAWANG,27,28 Aug 2021,51 Canberra Drive #02-XX,51 Canberra Drive,3,1419,1573000,"Apartment, Condominium",99 yrs from 08/06/2020,New Sale,1109,103.029,Strata,Private,URA,not_clean,https://www.edgeprop.sg/condo-apartment/the-watergardens-at-canberra,the-watergardens-at-canberra
THE WATERGARDENS AT CANBERRA,SEMBAWANG,27,28 Aug 2021,53 Canberra Drive #04-XX,53 Canberra Drive,3,1444,1601000,"Apartment, Condominium",99 yrs from 08/06/2020,New Sale,1109,103.029,Strata,Private,URA,not_clean,https://www.edgeprop.sg/condo-apartment/the-watergardens-at-canberra,the-watergardens-at-canberra
THE WATERGARDENS AT CANBERRA,SEMBAWANG,27,28 Aug 2021,55 Canberra Drive #03-XX,55 Canberra Drive,2,1490,1123000,"Apartment, Condominium",99 yrs from 08/06/2020,New Sale,753,69.956,Strata,Private,URA,not_clean,https://www.edgeprop.sg/condo-apartment/the-watergardens-at-canberra,the-watergardens-at-canberra
THE WATERGARDENS AT CANBERRA,SEMBAWANG,27,28 Aug 2021,55 Canberra Drive #02-XX,55 Canberra Drive,3,1446,1385000,"Apartment, Condominium",99 yrs from 08/06/2020,New Sale,958,89.001,Strata,Private,URA,not_clean,https://www.edgeprop.sg/condo-apartment/the-watergardens-at-canberra,the-watergardens-at-canberra
THE WATERGARDENS AT CANBERRA,SEMBAWANG,27,28 Aug 2021,55 Canberra Drive #05-XX,55 Canberra Drive,3,1260,1465000,"Apartment, Condominium",99 yrs from 08/06/2020,New Sale,1163,108.046,Strata,HDB,URA,not_clean,https://www.edgeprop.sg/condo-apartment/the-watergardens-at-canberra,the-watergardens-at-canberra
THE WATERGARDENS AT CANBERRA,SEMBAWANG,27,28 Aug 2021,55 Canberra Drive #04-XX,55 Canberra Drive,3,1471,1409000,"Apartment, Condominium",99 yrs from 08/06/2020,New Sale,958,89.001,Strata,HDB,URA,not_clean,https://www.edgeprop.sg/condo-apartment/the-watergardens-at-canberra,the-watergardens-at-canberra
THE WATERGARDENS AT CANBERRA,SEMBAWANG,27,28 Aug 2021,55 Canberra Drive #01-XX,55 Canberra Drive,3,1433,1373000,"Apartment, Condominium",99 yrs from 08/06/2020,New Sale,958,89.001,Strata,Private,URA,not_clean,https://www.edgeprop.sg/condo-apartment/the-watergardens-at-canberra,the-watergardens-at-canberra
THE WATERGARDENS AT CANBERRA,SEMBAWANG,27,28 Aug 2021,55 Canberra Drive #03-XX,55 Canberra Drive,3,1462,1401000,"Apartment, Condominium",99 yrs from 08/06/2020,New Sale,958,89.001,Strata,Private,URA,not_clean,https://www.edgeprop.sg/condo-apartment/the-watergardens-at-canberra,the-watergardens-at-canberra
THE WATERGARDENS AT CANBERRA,SEMBAWANG,27,28 Aug 2021,55 Canberra Drive #02-XX,55 Canberra Drive,2,1453,1095000,"Apartment, Condominium",99 yrs from 08/06/2020,New Sale,753,69.956,Strata,HDB,URA,not_clean,https://www.edgeprop.sg/condo-apartment/the-watergardens-at-canberra,the-watergardens-at-canberra
THE WATERGARDENS AT CANBERRA,SEMBAWANG,27,28 Aug 2021,55 Canberra Drive #01-XX,55 Canberra Drive,2,1441,1086000,"Apartment, Condominium",99 yrs from 08/06/2020,New Sale,753,69.956,Strata,N.A,URA,not_clean,https://www.edgeprop.sg/condo-apartment/the-watergardens-at-canberra,the-watergardens-at-canberra
THE WATERGARDENS AT CANBERRA,SEMBAWANG,27,28 Aug 2021,55 Canberra Drive #03-XX,55 Canberra Drive,2,1469,1107000,"Apartment, Condominium",99 yrs from 08/06/2020,New Sale,753,69.956,Strata,HDB,URA,not_clean,https://www.edgeprop.sg/condo-apartment/the-watergardens-at-canberra,the-watergardens-at-canberra
THE WATERGARDENS AT CANBERRA,SEMBAWANG,27,28 Aug 2021,55 Canberra Drive #01-XX,55 Canberra Drive,2,1441,977000,"Apartment, Condominium",99 yrs from 08/06/2020,New Sale,678,62.988,Strata,HDB,URA,not_clean,https://www.edgeprop.sg/condo-apartment/the-watergardens-at-canberra,the-watergardens-at-canberra
THE WATERGARDENS AT CANBERRA,SEMBAWANG,27,28 Aug 2021,55 Canberra Drive #04-XX,55 Canberra Drive,2,1481,1004000,"Apartment, Condominium",99 yrs from 08/06/2020,New Sale,678,62.988,Strata,Private,URA,not_clean,https://www.edgeprop.sg/condo-apartment/the-watergardens-at-canberra,the-watergardens-at-canberra
THE WATERGARDENS AT CANBERRA,SEMBAWANG,27,28 Aug 2021,55 Canberra Drive #05-XX,55 Canberra Drive,2,1494,1013000,"Apartment, Condominium",99 yrs from 08/06/2020,New Sale,678,62.988,Strata,HDB,URA,not_clean,https://www.edgeprop.sg/condo-apartment/the-watergardens-at-canberra,the-watergardens-at-canberra
THE WATERGARDENS AT CANBERRA,SEMBAWANG,27,28 Aug 2021,55 Canberra Drive #03-XX,55 Canberra Drive,2,1472,998000,"Apartment, Condominium",99 yrs from 08/06/2020,New Sale,678,62.988,Strata,HDB,URA,not_clean,https://www.edgeprop.sg/condo-apartment/the-watergardens-at-canberra,the-watergardens-at-canberra
THE WATERGARDENS AT CANBERRA,SEMBAWANG,27,28 Aug 2021,55 Canberra Drive #02-XX,55 Canberra Drive,2,1454,986000,"Apartment, Condominium",99 yrs from 08/06/2020,New Sale,678,62.988,Strata,HDB,URA,not_clean,https://www.edgeprop.sg/condo-apartment/the-watergardens-at-canberra,the-watergardens-at-canberra
THE WATERGARDENS AT CANBERRA,SEMBAWANG,27,28 Aug 2021,55 Canberra Drive #05-XX,55 Canberra Drive,2,1247,1208000,"Apartment, Condominium",99 yrs from 08/06/2020,New Sale,969,90.023,Strata,Private,URA,not_clean,https://www.edgeprop.sg/condo-apartment/the-watergardens-at-canberra,the-watergardens-at-canberra
THE WATERGARDENS AT CANBERRA,SEMBAWANG,27,28 Aug 2021,55 Canberra Drive #03-XX,55 Canberra Drive,2,1466,1168000,"Apartment, Condominium",99 yrs from 08/06/2020,New Sale,797,74.044,Strata,N.A,URA,not_clean,https://www.edgeprop.sg/condo-apartment/the-watergardens-at-canberra,the-watergardens-at-canberra
THE WATERGARDENS AT CANBERRA,SEMBAWANG,27,28 Aug 2021,55 Canberra Drive #02-XX,55 Canberra Drive,2,1449,1154000,"Apartment, Condominium",99 yrs from 08/06/2020,New Sale,797,74.044,Strata,Private,URA,not_clean,https://www.edgeprop.sg/condo-apartment/the-watergardens-at-canberra,the-watergardens-at-canberra
THE WATERGARDENS AT CANBERRA,SEMBAWANG,27,28 Aug 2021,55 Canberra Drive #01-XX,55 Canberra Drive,2,1436,1144000,"Apartment, Condominium",99 yrs from 08/06/2020,New Sale,797,74.044,Strata,Private,URA,not_clean,https://www.edgeprop.sg/condo-apartment/the-watergardens-at-canberra,the-watergardens-at-canberra
THE WATERGARDENS AT CANBERRA,SEMBAWANG,27,28 Aug 2021,55 Canberra Drive #04-XX,55 Canberra Drive,3,1471,1488000,"Apartment, Condominium",99 yrs from 08/06/2020,New Sale,1012,94.018,Strata,Private,URA,not_clean,https://www.edgeprop.sg/condo-apartment/the-watergardens-at-canberra,the-watergardens-at-canberra
THE WATERGARDENS AT CANBERRA,SEMBAWANG,27,28 Aug 2021,55 Canberra Drive #02-XX,55 Canberra Drive,3,1447,1464000,"Apartment, Condominium",99 yrs from 08/06/2020,New Sale,1012,94.018,Strata,HDB,URA,not_clean,https://www.edgeprop.sg/condo-apartment/the-watergardens-at-canberra,the-watergardens-at-canberra
THE WATERGARDENS AT CANBERRA,SEMBAWANG,27,28 Aug 2021,55 Canberra Drive #03-XX,55 Canberra Drive,3,1463,1480000,"Apartment, Condominium",99 yrs from 08/06/2020,New Sale,1012,94.018,Strata,Private,URA,not_clean,https://www.edgeprop.sg/condo-apartment/the-watergardens-at-canberra,the-watergardens-at-canberra
THE WATERGARDENS AT CANBERRA,SEMBAWANG,27,28 Aug 2021,55 Canberra Drive #02-XX,55 Canberra Drive,2,1474,1111000,"Apartment, Condominium",99 yrs from 08/06/2020,New Sale,753,69.956,Strata,HDB,URA,not_clean,https://www.edgeprop.sg/condo-apartment/the-watergardens-at-canberra,the-watergardens-at-canberra
THE WATERGARDENS AT CANBERRA,SEMBAWANG,27,28 Aug 2021,55 Canberra Drive #04-XX,55 Canberra Drive,2,1498,1129000,"Apartment, Condominium",99 yrs from 08/06/2020,New Sale,753,69.956,Strata,Private,URA,not_clean,https://www.edgeprop.sg/condo-apartment/the-watergardens-at-canberra,the-watergardens-at-canberra
THE WATERGARDENS AT CANBERRA,SEMBAWANG,27,28 Aug 2021,57 Canberra Drive #03-XX,57 Canberra Drive,2,1490,1123000,"Apartment, Condominium",99 yrs from 08/06/2020,New Sale,753,69.956,Strata,HDB,URA,not_clean,https://www.edgeprop.sg/condo-apartment/the-watergardens-at-canberra,the-watergardens-at-canberra
THE WATERGARDENS AT CANBERRA,SEMBAWANG,27,28 Aug 2021,57 Canberra Drive #04-XX,57 Canberra Drive,2,1498,1129000,"Apartment, Condominium",99 yrs from 08/06/2020,New Sale,753,69.956,Strata,HDB,URA,not_clean,https://www.edgeprop.sg/condo-apartment/the-watergardens-at-canberra,the-watergardens-at-canberra
THE WATERGARDENS AT CANBERRA,SEMBAWANG,27,28 Aug 2021,57 Canberra Drive #02-XX,57 Canberra Drive,2,1474,1111000,"Apartment, Condominium",99 yrs from 08/06/2020,New Sale,753,69.956,Strata,Private,URA,not_clean,https://www.edgeprop.sg/condo-apartment/the-watergardens-at-canberra,the-watergardens-at-canberra
THE WATERGARDENS AT CANBERRA,SEMBAWANG,27,28 Aug 2021,57 Canberra Drive #01-XX,57 Canberra Drive,2,1463,1102000,"Apartment, Condominium",99 yrs from 08/06/2020,New Sale,753,69.956,Strata,HDB,URA,not_clean,https://www.edgeprop.sg/condo-apartment/the-watergardens-at-canberra,the-watergardens-at-canberra
THE WATERGARDENS AT CANBERRA,SEMBAWANG,27,28 Aug 2021,57 Canberra Drive #02-XX,57 Canberra Drive,3,1443,1460000,"Apartment, Condominium",99 yrs from 08/06/2020,New Sale,1012,94.018,Strata,N.A,URA,not_clean,https://www.edgeprop.sg/condo-apartment/the-watergardens-at-canberra,the-watergardens-at-canberra
THE WATERGARDENS AT CANBERRA,SEMBAWANG,27,28 Aug 2021,57 Canberra Drive #04-XX,57 Canberra Drive,3,1467,1484000,"Apartment, Condominium",99 yrs from 08/06/2020,New Sale,1012,94.018,Strata,HDB,URA,not_clean,https://www.edgeprop.sg/condo-apartment/the-watergardens-at-canberra,the-watergardens-at-canberra
THE WATERGARDENS AT CANBERRA,SEMBAWANG,27,28 Aug 2021,57 Canberra Drive #01-XX,57 Canberra Drive,3,1431,1448000,"Apartment, Condominium",99 yrs from 08/06/2020,New Sale,1012,94.018,Strata,HDB,URA,not_clean,https://www.edgeprop.sg/condo-apartment/the-watergardens-at-canberra,the-watergardens-at-canberra
THE WATERGARDENS AT CANBERRA,SEMBAWANG,27,28 Aug 2021,57 Canberra Drive #01-XX,57 Canberra Drive,2,1436,1144000,"Apartment, Condominium",99 yrs from 08/06/2020,New Sale,797,74.044,Strata,HDB,URA,not_clean,https://www.edgeprop.sg/condo-apartment/the-watergardens-at-canberra,the-watergardens-at-canberra
THE WATERGARDENS AT CANBERRA,SEMBAWANG,27,28 Aug 2021,57 Canberra Drive #04-XX,57 Canberra Drive,2,1474,1174000,"Apartment, Condominium",99 yrs from 08/06/2020,New Sale,797,74.044,Strata,HDB,URA,not_clean,https://www.edgeprop.sg/condo-apartment/the-watergardens-at-canberra,the-watergardens-at-canberra
THE WATERGARDENS AT CANBERRA,SEMBAWANG,27,28 Aug 2021,57 Canberra Drive #02-XX,57 Canberra Drive,2,1449,1154000,"Apartment, Condominium",99 yrs from 08/06/2020,New Sale,797,74.044,Strata,HDB,URA,not_clean,https://www.edgeprop.sg/condo-apartment/the-watergardens-at-canberra,the-watergardens-at-canberra
THE WATERGARDENS AT CANBERRA,SEMBAWANG,27,28 Aug 2021,57 Canberra Drive #03-XX,57 Canberra Drive,2,1466,1168000,"Apartment, Condominium",99 yrs from 08/06/2020,New Sale,797,74.044,Strata,Private,URA,not_clean,https://www.edgeprop.sg/condo-apartment/the-watergardens-at-canberra,the-watergardens-at-canberra
THE WATERGARDENS AT CANBERRA,SEMBAWANG,27,28 Aug 2021,57 Canberra Drive #03-XX,57 Canberra Drive,2,1472,998000,"Apartment, Condominium",99 yrs from 08/06/2020,New Sale,678,62.988,Strata,HDB,URA,not_clean,https://www.edgeprop.sg/condo-apartment/the-watergardens-at-canberra,the-watergardens-at-canberra
THE WATERGARDENS AT CANBERRA,SEMBAWANG,27,28 Aug 2021,57 Canberra Drive #01-XX,57 Canberra Drive,2,1441,977000,"Apartment, Condominium",99 yrs from 08/06/2020,New Sale,678,62.988,Strata,Private,URA,not_clean,https://www.edgeprop.sg/condo-apartment/the-watergardens-at-canberra,the-watergardens-at-canberra
THE WATERGARDENS AT CANBERRA,SEMBAWANG,27,28 Aug 2021,57 Canberra Drive #02-XX,57 Canberra Drive,2,1454,986000,"Apartment, Condominium",99 yrs from 08/06/2020,New Sale,678,62.988,Strata,Private,URA,not_clean,https://www.edgeprop.sg/condo-apartment/the-watergardens-at-canberra,the-watergardens-at-canberra
THE WATERGARDENS AT CANBERRA,SEMBAWANG,27,28 Aug 2021,57 Canberra Drive #04-XX,57 Canberra Drive,2,1481,1004000,"Apartment, Condominium",99 yrs from 08/06/2020,New Sale,678,62.988,Strata,HDB,URA,not_clean,https://www.edgeprop.sg/condo-apartment/the-watergardens-at-canberra,the-watergardens-at-canberra
THE WATERGARDENS AT CANBERRA,SEMBAWANG,27,28 Aug 2021,57 Canberra Drive #02-XX,57 Canberra Drive,2,1461,991000,"Apartment, Condominium",99 yrs from 08/06/2020,New Sale,678,62.988,Strata,N.A,URA,not_clean,https://www.edgeprop.sg/condo-apartment/the-watergardens-at-canberra,the-watergardens-at-canberra
THE WATERGARDENS AT CANBERRA,SEMBAWANG,27,28 Aug 2021,57 Canberra Drive #03-XX,57 Canberra Drive,2,1479,1003000,"Apartment, Condominium",99 yrs from 08/06/2020,New Sale,678,62.988,Strata,HDB,URA,not_clean,https://www.edgeprop.sg/condo-apartment/the-watergardens-at-canberra,the-watergardens-at-canberra
THE WATERGARDENS AT CANBERRA,SEMBAWANG,27,28 Aug 2021,57 Canberra Drive #05-XX,57 Canberra Drive,2,1501,1018000,"Apartment, Condominium",99 yrs from 08/06/2020,New Sale,678,62.988,Strata,HDB,URA,not_clean,https://www.edgeprop.sg/condo-apartment/the-watergardens-at-canberra,the-watergardens-at-canberra
THE WATERGARDENS AT CANBERRA,SEMBAWANG,27,28 Aug 2021,57 Canberra Drive #01-XX,57 Canberra Drive,2,1448,982000,"Apartment, Condominium",99 yrs from 08/06/2020,New Sale,678,62.988,Strata,HDB,URA,not_clean,https://www.edgeprop.sg/condo-apartment/the-watergardens-at-canberra,the-watergardens-at-canberra
THE WATERGARDENS AT CANBERRA,SEMBAWANG,27,28 Aug 2021,57 Canberra Drive #04-XX,57 Canberra Drive,2,1477,1113000,"Apartment, Condominium",99 yrs from 08/06/2020,New Sale,753,69.956,Strata,HDB,URA,not_clean,https://www.edgeprop.sg/condo-apartment/the-watergardens-at-canberra,the-watergardens-at-canberra
THE WATERGARDENS AT CANBERRA,SEMBAWANG,27,28 Aug 2021,57 Canberra Drive #02-XX,57 Canberra Drive,2,1453,1095000,"Apartment, Condominium",99 yrs from 08/06/2020,New Sale,753,69.956,Strata,Private,URA,not_clean,https://www.edgeprop.sg/condo-apartment/the-watergardens-at-canberra,the-watergardens-at-canberra
THE WATERGARDENS AT CANBERRA,SEMBAWANG,27,28 Aug 2021,57 Canberra Drive #01-XX,57 Canberra Drive,2,1441,1086000,"Apartment, Condominium",99 yrs from 08/06/2020,New Sale,753,69.956,Strata,HDB,URA,not_clean,https://www.edgeprop.sg/condo-apartment/the-watergardens-at-canberra,the-watergardens-at-canberra
THE WATERGARDENS AT CANBERRA,SEMBAWANG,27,28 Aug 2021,57 Canberra Drive #02-XX,57 Canberra Drive,2,1481,1116000,"Apartment, Condominium",99 yrs from 08/06/2020,New Sale,753,69.956,Strata,HDB,URA,not_clean,https://www.edgeprop.sg/condo-apartment/the-watergardens-at-canberra,the-watergardens-at-canberra
THE WATERGARDENS AT CANBERRA,SEMBAWANG,27,28 Aug 2021,57 Canberra Drive #04-XX,57 Canberra Drive,2,1505,1134000,"Apartment, Condominium",99 yrs from 08/06/2020,New Sale,753,69.956,Strata,Private,URA,not_clean,https://www.edgeprop.sg/condo-apartment/the-watergardens-at-canberra,the-watergardens-at-canberra
THE WATERGARDENS AT CANBERRA,SEMBAWANG,27,28 Aug 2021,57 Canberra Drive #05-XX,57 Canberra Drive,2,1263,1169000,"Apartment, Condominium",99 yrs from 08/06/2020,New Sale,926,86.028,Strata,Private,URA,not_clean,https://www.edgeprop.sg/condo-apartment/the-watergardens-at-canberra,the-watergardens-at-canberra
THE WATERGARDENS AT CANBERRA,SEMBAWANG,27,28 Aug 2021,57 Canberra Drive #03-XX,57 Canberra Drive,2,1497,1128000,"Apartment, Condominium",99 yrs from 08/06/2020,New Sale,753,69.956,Strata,N.A,URA,not_clean,https://www.edgeprop.sg/condo-apartment/the-watergardens-at-canberra,the-watergardens-at-canberra
THE WATERGARDENS AT CANBERRA,SEMBAWANG,27,27 Aug 2021,27 Canberra Drive #03-XX,27 Canberra Drive,2,1463,992000,"Apartment, Condominium",99 yrs from 08/06/2020,New Sale,678,62.988,Strata,N.A,URA,not_clean,https://www.edgeprop.sg/condo-apartment/the-watergardens-at-canberra,the-watergardens-at-canberra
THE WATERGARDENS AT CANBERRA,SEMBAWANG,27,27 Aug 2021,29 Canberra Drive #03-XX,29 Canberra Drive,2,1485,1183000,"Apartment, Condominium",99 yrs from 08/06/2020,New Sale,797,74.044,Strata,HDB,URA,not_clean,https://www.edgeprop.sg/condo-apartment/the-watergardens-at-canberra,the-watergardens-at-canberra
THE WATERGARDENS AT CANBERRA,SEMBAWANG,27,27 Aug 2021,33 Canberra Drive #03-XX,33 Canberra Drive,3,1454,1315000,"Apartment, Condominium",99 yrs from 08/06/2020,New Sale,904,83.984,Strata,Private,URA,not_clean,https://www.edgeprop.sg/condo-apartment/the-watergardens-at-canberra,the-watergardens-at-canberra
THE WATERGARDENS AT CANBERRA,SEMBAWANG,27,27 Aug 2021,39 Canberra Drive #03-XX,39 Canberra Drive,3,1456,1614000,"Apartment, Condominium",99 yrs from 08/06/2020,New Sale,1109,103.029,Strata,N.A,URA,not_clean,https://www.edgeprop.sg/condo-apartment/the-watergardens-at-canberra,the-watergardens-at-canberra
THE WATERGARDENS AT CANBERRA,SEMBAWANG,27,27 Aug 2021,41 Canberra Drive #04-XX,41 Canberra Drive,4,1455,1895000,"Apartment, Condominium",99 yrs from 08/06/2020,New Sale,1302,120.96,Strata,HDB,URA,not_clean,https://www.edgeprop.sg/condo-apartment/the-watergardens-at-canberra,the-watergardens-at-canberra
THE WATERGARDENS AT CANBERRA,SEMBAWANG,27,27 Aug 2021,45 Canberra Drive #03-XX,45 Canberra Drive,4,1424,1855000,"Apartment, Condominium",99 yrs from 08/06/2020,New Sale,1302,120.96,Strata,HDB,URA,not_clean,https://www.edgeprop.sg/condo-apartment/the-watergardens-at-canberra,the-watergardens-at-canberra
THE WATERGARDENS AT CANBERRA,SEMBAWANG,27,27 Aug 2021,55 Canberra Drive #04-XX,55 Canberra Drive,2,1465,1167000,"Apartment, Condominium",99 yrs from 08/06/2020,New Sale,797,74.044,Strata,HDB,URA,not_clean,https://www.edgeprop.sg/condo-apartment/the-watergardens-at-canberra,the-watergardens-at-canberra
THE WATERGARDENS AT CANBERRA,SEMBAWANG,27,27 Aug 2021,55 Canberra Drive #01-XX,55 Canberra Drive,3,1425,1442000,"Apartment, Condominium",99 yrs from 08/06/2020,New Sale,1012,94.018,Strata,Private,URA,not_clean,https://www.edgeprop.sg/condo-apartment/the-watergardens-at-canberra,the-watergardens-at-canberra
THE WATERGARDENS AT CANBERRA,SEMBAWANG,27,27 Aug 2021,57 Canberra Drive #03-XX,57 Canberra Drive,3,1449,1466000,"Apartment, Condominium",99 yrs from 08/06/2020,New Sale,1012,94.018,Strata,HDB,URA,not_clean,https://www.edgeprop.sg/condo-apartment/the-watergardens-at-canberra,the-watergardens-at-canberra
THE WATERGARDENS AT CANBERRA,SEMBAWANG,27,27 Aug 2021,57 Canberra Drive #03-XX,57 Canberra Drive,2,1481,1116000,"Apartment, Condominium",99 yrs from 08/06/2020,New Sale,753,69.956,Strata,HDB,URA,not_clean,https://www.edgeprop.sg/condo-apartment/the-watergardens-at-canberra,the-watergardens-at-canberra
YISHUN EMERALD,YISHUN,27,5 Jun 2026,28 CANBERRA DRIVE #12-XX,28 CANBERRA DRIVE,4,1172,1590000,Condominium,99 Yrs From 16/02/1998,Resale,1356,125.977,Strata,Private,URA,not_clean,https://www.edgeprop.sg/condo-apartment/yishun-emerald,yishun-emerald
YISHUN EMERALD,YISHUN,27,29 May 2026,22 CANBERRA DRIVE #06-XX,22 CANBERRA DRIVE,4,1179,1650000,Condominium,99 Yrs From 16/02/1998,Resale,1399,129.971,Strata,Private,URA,not_clean,https://www.edgeprop.sg/condo-apartment/yishun-emerald,yishun-emerald
YISHUN EMERALD,YISHUN,27,13 May 2026,28 CANBERRA DRIVE #02-XX,28 CANBERRA DRIVE,4,1151,1610000,Condominium,99 Yrs From 16/02/1998,Resale,1399,129.971,Strata,Private,URA,not_clean,https://www.edgeprop.sg/condo-apartment/yishun-emerald,yishun-emerald
YISHUN EMERALD,YISHUN,27,30 Apr 2026,24 CANBERRA DRIVE #06-XX,24 CANBERRA DRIVE,3,1091,1315000,Condominium,99 Yrs From 16/02/1998,Resale,1206,112.041,Strata,HDB,URA,not_clean,https://www.edgeprop.sg/condo-apartment/yishun-emerald,yishun-emerald
YISHUN EMERALD,YISHUN,27,24 Apr 2026,28 CANBERRA DRIVE #10-XX,28 CANBERRA DRIVE,3,1130,1350000,Condominium,99 Yrs From 16/02/1998,Resale,1195,111.019,Strata,Private,URA,not_clean,https://www.edgeprop.sg/condo-apartment/yishun-emerald,yishun-emerald
YISHUN EMERALD,YISHUN,27,9 Mar 2026,24 CANBERRA DRIVE #03-XX,24 CANBERRA DRIVE,2,973,1005000,Condominium,99 Yrs From 16/02/1998,Resale,1033,95.969,Strata,HDB,URA,not_clean,https://www.edgeprop.sg/condo-apartment/yishun-emerald,yishun-emerald
YISHUN EMERALD,YISHUN,27,2 Mar 2026,20 CANBERRA DRIVE #15-XX,20 CANBERRA DRIVE,2,1138,1090000,Condominium,99 Yrs From 16/02/1998,Resale,958,89.001,Strata,Private,URA,not_clean,https://www.edgeprop.sg/condo-apartment/yishun-emerald,yishun-emerald
YISHUN EMERALD,YISHUN,27,6 Feb 2026,24 CANBERRA DRIVE #08-XX,24 CANBERRA DRIVE,2,1044,1068000,Condominium,99 Yrs From 16/02/1998,Resale,1023,95.04,Strata,Private,URA,not_clean,https://www.edgeprop.sg/condo-apartment/yishun-emerald,yishun-emerald
YISHUN EMERALD,YISHUN,27,29 Dec 2025,22 CANBERRA DRIVE #04-XX,22 CANBERRA DRIVE,4,1171,1638000,Condominium,99 Yrs From 16/02/1998,Resale,1399,129.971,Strata,Private,URA,not_clean,https://www.edgeprop.sg/condo-apartment/yishun-emerald,yishun-emerald
YISHUN EMERALD,YISHUN,27,24 Oct 2025,26 CANBERRA DRIVE #09-XX,26 CANBERRA DRIVE,4,1179,1650000,Condominium,99 Yrs From 16/02/1998,Resale,1399,129.971,Strata,Private,URA,not_clean,https://www.edgeprop.sg/condo-apartment/yishun-emerald,yishun-emerald
YISHUN EMERALD,YISHUN,27,23 Sep 2025,24 CANBERRA DRIVE #07-XX,24 CANBERRA DRIVE,4,1129,1580000,Condominium,99 Yrs From 16/02/1998,Resale,1399,129.971,Strata,HDB,URA,not_clean,https://www.edgeprop.sg/condo-apartment/yishun-emerald,yishun-emerald
YISHUN EMERALD,YISHUN,27,2 Sep 2025,20 CANBERRA DRIVE #14-XX,20 CANBERRA DRIVE,2,1040,1030000,Condominium,99 Yrs From 16/02/1998,Resale,990,91.974,Strata,Private,URA,not_clean,https://www.edgeprop.sg/condo-apartment/yishun-emerald,yishun-emerald
YISHUN EMERALD,YISHUN,27,28 Jul 2025,24 Canberra Drive #10-XX,24 Canberra Drive,2,1147,1580000,Condominium,99 Yrs From 16/02/1998,Resale,1378,128.02,Strata,Private,URA,not_clean,https://www.edgeprop.sg/condo-apartment/yishun-emerald,yishun-emerald
YISHUN EMERALD,YISHUN,27,13 Jun 2025,20 Canberra Drive #04-XX,20 Canberra Drive,4,1038,1452500,Condominium,99 Yrs From 16/02/1998,Resale,1399,129.971,Strata,Private,URA,not_clean,https://www.edgeprop.sg/condo-apartment/yishun-emerald,yishun-emerald
YISHUN EMERALD,YISHUN,27,21 May 2025,30 Canberra Drive #10-XX,30 Canberra Drive,3,1050,1254888,Condominium,99 Yrs From 16/02/1998,Resale,1195,111.019,Strata,Private,URA,not_clean,https://www.edgeprop.sg/condo-apartment/yishun-emerald,yishun-emerald
YISHUN EMERALD,YISHUN,27,29 Apr 2025,30 Canberra Drive #09-XX,30 Canberra Drive,3,1093,1330000,Condominium,99 Yrs From 16/02/1998,Resale,1216,112.97,Strata,HDB,URA,not_clean,https://www.edgeprop.sg/condo-apartment/yishun-emerald,yishun-emerald
YISHUN EMERALD,YISHUN,27,17 Apr 2025,22 Canberra Drive #13-XX,22 Canberra Drive,4,1069,1450000,Condominium,99 Yrs From 16/02/1998,Resale,1356,125.977,Strata,Private,URA,not_clean,https://www.edgeprop.sg/condo-apartment/yishun-emerald,yishun-emerald
YISHUN EMERALD,YISHUN,27,8 Apr 2025,24 Canberra Drive #04-XX,24 Canberra Drive,4,1029,1440000,Condominium,99 Yrs From 16/02/1998,Resale,1399,129.971,Strata,HDB,URA,not_clean,https://www.edgeprop.sg/condo-apartment/yishun-emerald,yishun-emerald
YISHUN EMERALD,YISHUN,27,1 Apr 2025,20 Canberra Drive #13-XX,20 Canberra Drive,3,1081,1280000,Condominium,99 Yrs From 16/02/1998,Resale,1184,109.997,Strata,Private,URA,not_clean,https://www.edgeprop.sg/condo-apartment/yishun-emerald,yishun-emerald
YISHUN EMERALD,YISHUN,27,24 Feb 2025,22 Canberra Drive #14-XX,22 Canberra Drive,2,1060,1050000,Condominium,99 Yrs From 16/02/1998,Resale,990,91.974,Strata,Private,URA,not_clean,https://www.edgeprop.sg/condo-apartment/yishun-emerald,yishun-emerald
YISHUN EMERALD,YISHUN,27,27 Nov 2024,28 Canberra Drive #11-XX,28 Canberra Drive,2,1060,1460000,Condominium,99 Yrs From 16/02/1998,Resale,1378,128.02,Strata,Private,URA,not_clean,https://www.edgeprop.sg/condo-apartment/yishun-emerald,yishun-emerald
YISHUN EMERALD,YISHUN,27,21 Nov 2024,30 Canberra Drive #12-XX,30 Canberra Drive,3,1059,1265000,Condominium,99 Yrs From 16/02/1998,Resale,1195,111.019,Strata,HDB,URA,not_clean,https://www.edgeprop.sg/condo-apartment/yishun-emerald,yishun-emerald
YISHUN EMERALD,YISHUN,27,20 Nov 2024,32 Canberra Drive #10-XX,32 Canberra Drive,3,1081,1280000,Condominium,99 Yrs From 16/02/1998,Resale,1184,109.997,Strata,HDB,URA,not_clean,https://www.edgeprop.sg/condo-apartment/yishun-emerald,yishun-emerald
YISHUN EMERALD,YISHUN,27,30 Oct 2024,32 Canberra Drive #12-XX,32 Canberra Drive,3,1077,1274888,Condominium,99 Yrs From 16/02/1998,Resale,1184,109.997,Strata,Private,URA,not_clean,https://www.edgeprop.sg/condo-apartment/yishun-emerald,yishun-emerald
YISHUN EMERALD,YISHUN,27,27 Aug 2024,24 Canberra Drive #15-XX,24 Canberra Drive,2,1052,1008000,Condominium,99 Yrs From 16/02/1998,Resale,958,89.001,Strata,Private,URA,not_clean,https://www.edgeprop.sg/condo-apartment/yishun-emerald,yishun-emerald
YISHUN EMERALD,YISHUN,27,19 Aug 2024,20 Canberra Drive #11-XX,20 Canberra Drive,4,1089,1500000,Condominium,99 Yrs From 16/02/1998,Resale,1378,128.02,Strata,HDB,URA,not_clean,https://www.edgeprop.sg/condo-apartment/yishun-emerald,yishun-emerald
YISHUN EMERALD,YISHUN,27,26 Jul 2024,32 Canberra Drive #09-XX,32 Canberra Drive,3,1037,1250000,Condominium,99 Yrs From 16/02/1998,Resale,1206,112.041,Strata,Private,URA,not_clean,https://www.edgeprop.sg/condo-apartment/yishun-emerald,yishun-emerald
YISHUN EMERALD,YISHUN,27,8 Jul 2024,32 Canberra Drive #09-XX,32 Canberra Drive,3,1037,1250000,Condominium,99 Yrs From 16/02/1998,Resale,1206,112.041,Strata,Private,URA,not_clean,https://www.edgeprop.sg/condo-apartment/yishun-emerald,yishun-emerald
YISHUN EMERALD,YISHUN,27,5 Jul 2024,22 Canberra Drive #15-XX,22 Canberra Drive,3,1012,1165000,Condominium,99 Yrs From 16/02/1998,Resale,1152,107.024,Strata,HDB,URA,not_clean,https://www.edgeprop.sg/condo-apartment/yishun-emerald,yishun-emerald
YISHUN EMERALD,YISHUN,27,5 Jun 2024,32 Canberra Drive #01-XX,32 Canberra Drive,2,811,1100000,Condominium,99 Yrs From 16/02/1998,Resale,1356,125.977,Strata,HDB,URA,not_clean,https://www.edgeprop.sg/condo-apartment/yishun-emerald,yishun-emerald
YISHUN EMERALD,YISHUN,27,21 May 2024,28 Canberra Drive #16-XX,28 Canberra Drive,3,964,1380000,Condominium,99 Yrs From 16/02/1998,Resale,1432,133.037,Strata,Private,URA,not_clean,https://www.edgeprop.sg/condo-apartment/yishun-emerald,yishun-emerald
YISHUN EMERALD,YISHUN,27,25 Apr 2024,24 Canberra Drive #16-XX,24 Canberra Drive,4,894,1818888,Condominium,99 Yrs From 16/02/1998,Resale,2034,188.965,Strata,HDB,URA,not_clean,https://www.edgeprop.sg/condo-apartment/yishun-emerald,yishun-emerald
YISHUN EMERALD,YISHUN,27,22 Mar 2024,22 Canberra Drive #11-XX,22 Canberra Drive,2,963,985000,Condominium,99 Yrs From 16/02/1998,Resale,1023,95.04,Strata,Private,URA,not_clean,https://www.edgeprop.sg/condo-apartment/yishun-emerald,yishun-emerald
YISHUN EMERALD,YISHUN,27,5 Feb 2024,28 Canberra Drive #08-XX,28 Canberra Drive,3,1023,1243888,Condominium,99 Yrs From 16/02/1998,Resale,1216,112.97,Strata,HDB,URA,not_clean,https://www.edgeprop.sg/condo-apartment/yishun-emerald,yishun-emerald
YISHUN EMERALD,YISHUN,27,30 Nov 2023,24 Canberra Drive #06-XX,24 Canberra Drive,2,947,968000,Condominium,99 Yrs From 16/02/1998,Resale,1023,95.04,Strata,HDB,URA,not_clean,https://www.edgeprop.sg/condo-apartment/yishun-emerald,yishun-emerald
YISHUN EMERALD,YISHUN,27,21 Nov 2023,26 Canberra Drive #14-XX,26 Canberra Drive,3,1064,1260000,Condominium,99 Yrs From 16/02/1998,Resale,1184,109.997,Strata,Private,URA,not_clean,https://www.edgeprop.sg/condo-apartment/yishun-emerald,yishun-emerald
YISHUN EMERALD,YISHUN,27,4 Oct 2023,28 Canberra Drive #04-XX,28 Canberra Drive,3,995,1200000,Condominium,99 Yrs From 16/02/1998,Resale,1206,112.041,Strata,Private,URA,not_clean,https://www.edgeprop.sg/condo-apartment/yishun-emerald,yishun-emerald
YISHUN EMERALD,YISHUN,27,2 Oct 2023,30 Canberra Drive #15-XX,30 Canberra Drive,3,963,1120000,Condominium,99 Yrs From 16/02/1998,Resale,1163,108.046,Strata,Private,URA,not_clean,https://www.edgeprop.sg/condo-apartment/yishun-emerald,yishun-emerald
YISHUN EMERALD,YISHUN,27,2 Oct 2023,28 Canberra Drive #01-XX,28 Canberra Drive,3,996,1330000,Condominium,99 Yrs From 16/02/1998,Resale,1335,124.026,Strata,HDB,URA,not_clean,https://www.edgeprop.sg/condo-apartment/yishun-emerald,yishun-emerald
YISHUN EMERALD,YISHUN,27,22 Sep 2023,30 Canberra Drive #10-XX,30 Canberra Drive,2,944,1300000,Condominium,99 Yrs From 16/02/1998,Resale,1378,128.02,Strata,Private,URA,not_clean,https://www.edgeprop.sg/condo-apartment/yishun-emerald,yishun-emerald
YISHUN EMERALD,YISHUN,27,28 Aug 2023,28 Canberra Drive #13-XX,28 Canberra Drive,3,954,1140000,Condominium,99 Yrs From 16/02/1998,Resale,1195,111.019,Strata,Private,URA,not_clean,https://www.edgeprop.sg/condo-apartment/yishun-emerald,yishun-emerald
YISHUN EMERALD,YISHUN,27,23 Aug 2023,32 Canberra Drive #14-XX,32 Canberra Drive,3,955,1120000,Condominium,99 Yrs From 16/02/1998,Resale,1173,108.975,Strata,HDB,URA,not_clean,https://www.edgeprop.sg/condo-apartment/yishun-emerald,yishun-emerald
YISHUN EMERALD,YISHUN,27,21 Jul 2023,22 Canberra Drive #04-XX,22 Canberra Drive,2,919,950000,Condominium,99 Yrs From 16/02/1998,Resale,1033,95.969,Strata,Private,URA,not_clean,https://www.edgeprop.sg/condo-apartment/yishun-emerald,yishun-emerald
YISHUN EMERALD,YISHUN,27,7 Jul 2023,26 Canberra Drive #07-XX,26 Canberra Drive,3,989,1191888,Condominium,99 Yrs From 16/02/1998,Resale,1206,112.041,Strata,Private,URA,not_clean,https://www.edgeprop.sg/condo-apartment/yishun-emerald,yishun-emerald
YISHUN EMERALD,YISHUN,27,16 Jun 2023,30 Canberra Drive #06-XX,30 Canberra Drive,3,945,1150000,Condominium,99 Yrs From 16/02/1998,Resale,1216,112.97,Strata,HDB,URA,not_clean,https://www.edgeprop.sg/condo-apartment/yishun-emerald,yishun-emerald
YISHUN EMERALD,YISHUN,27,29 May 2023,22 Canberra Drive #05-XX,22 Canberra Drive,4,986,1380000,Condominium,99 Yrs From 16/02/1998,Resale,1399,129.971,Strata,HDB,URA,not_clean,https://www.edgeprop.sg/condo-apartment/yishun-emerald,yishun-emerald
YISHUN EMERALD,YISHUN,27,20 Feb 2023,30 Canberra Drive #01-XX,30 Canberra Drive,4,780,1410000,Condominium,99 Yrs From 16/02/1998,Resale,1808,167.969,Strata,Private,URA,not_clean,https://www.edgeprop.sg/condo-apartment/yishun-emerald,yishun-emerald
YISHUN EMERALD,YISHUN,27,19 Jan 2023,22 Canberra Drive #03-XX,22 Canberra Drive,2,890,920000,Condominium,99 Yrs From 16/02/1998,Resale,1033,95.969,Strata,Private,URA,not_clean,https://www.edgeprop.sg/condo-apartment/yishun-emerald,yishun-emerald
YISHUN EMERALD,YISHUN,27,12 Oct 2022,24 Canberra Drive #04-XX,24 Canberra Drive,3,912,1100000,Condominium,99 Yrs From 16/02/1998,Resale,1206,112.041,Strata,HDB,URA,not_clean,https://www.edgeprop.sg/condo-apartment/yishun-emerald,yishun-emerald
YISHUN EMERALD,YISHUN,27,29 Sep 2022,32 Canberra Drive #04-XX,32 Canberra Drive,3,937,1130000,Condominium,99 Yrs From 16/02/1998,Resale,1206,112.041,Strata,HDB,URA,not_clean,https://www.edgeprop.sg/condo-apartment/yishun-emerald,yishun-emerald
YISHUN EMERALD,YISHUN,27,31 Aug 2022,28 Canberra Drive #10-XX,28 Canberra Drive,3,912,1080000,Condominium,99 Yrs From 16/02/1998,Resale,1184,109.997,Strata,HDB,URA,not_clean,https://www.edgeprop.sg/condo-apartment/yishun-emerald,yishun-emerald
YISHUN EMERALD,YISHUN,27,30 Aug 2022,30 Canberra Drive #16-XX,30 Canberra Drive,3,838,1200000,Condominium,99 Yrs From 16/02/1998,Resale,1432,133.037,Strata,HDB,URA,not_clean,https://www.edgeprop.sg/condo-apartment/yishun-emerald,yishun-emerald
YISHUN EMERALD,YISHUN,27,19 Aug 2022,26 Canberra Drive #05-XX,26 Canberra Drive,3,891,1083888,Condominium,99 Yrs From 16/02/1998,Resale,1216,112.97,Strata,Private,URA,not_clean,https://www.edgeprop.sg/condo-apartment/yishun-emerald,yishun-emerald
YISHUN EMERALD,YISHUN,27,19 Jul 2022,24 Canberra Drive #14-XX,24 Canberra Drive,4,981,1320000,Condominium,99 Yrs From 16/02/1998,Resale,1346,125.047,Strata,Private,URA,not_clean,https://www.edgeprop.sg/condo-apartment/yishun-emerald,yishun-emerald
YISHUN EMERALD,YISHUN,27,21 Jun 2022,32 Canberra Drive #01-XX,32 Canberra Drive,3,731,960000,Condominium,99 Yrs From 16/02/1998,Resale,1313,121.982,Strata,HDB,URA,not_clean,https://www.edgeprop.sg/condo-apartment/yishun-emerald,yishun-emerald
YISHUN EMERALD,YISHUN,27,6 Jun 2022,30 Canberra Drive #13-XX,30 Canberra Drive,3,866,1035000,Condominium,99 Yrs From 16/02/1998,Resale,1195,111.019,Strata,HDB,URA,not_clean,https://www.edgeprop.sg/condo-apartment/yishun-emerald,yishun-emerald
YISHUN EMERALD,YISHUN,27,11 Apr 2022,20 Canberra Drive #05-XX,20 Canberra Drive,4,890,1245000,Condominium,99 Yrs From 16/02/1998,Resale,1399,129.971,Strata,HDB,URA,not_clean,https://www.edgeprop.sg/condo-apartment/yishun-emerald,yishun-emerald
YISHUN EMERALD,YISHUN,27,5 Apr 2022,32 Canberra Drive #16-XX,32 Canberra Drive,2,816,975000,Condominium,99 Yrs From 16/02/1998,Resale,1195,111.019,Strata,HDB,URA,not_clean,https://www.edgeprop.sg/condo-apartment/yishun-emerald,yishun-emerald
YISHUN EMERALD,YISHUN,27,1 Apr 2022,30 Canberra Drive #06-XX,30 Canberra Drive,3,816,992000,Condominium,99 Yrs From 16/02/1998,Resale,1216,112.97,Strata,HDB,URA,not_clean,https://www.edgeprop.sg/condo-apartment/yishun-emerald,yishun-emerald
YISHUN EMERALD,YISHUN,27,18 Mar 2022,32 Canberra Drive #04-XX,32 Canberra Drive,3,838,1010000,Condominium,99 Yrs From 16/02/1998,Resale,1206,112.041,Strata,Private,URA,not_clean,https://www.edgeprop.sg/condo-apartment/yishun-emerald,yishun-emerald
YISHUN EMERALD,YISHUN,27,27 Jan 2022,24 Canberra Drive #07-XX,24 Canberra Drive,2,868,888000,Condominium,99 Yrs From 16/02/1998,Resale,1023,95.04,Strata,HDB,URA,not_clean,https://www.edgeprop.sg/condo-apartment/yishun-emerald,yishun-emerald
YISHUN EMERALD,YISHUN,27,7 Jan 2022,30 Canberra Drive #04-XX,30 Canberra Drive,3,797,970000,Condominium,99 Yrs From 16/02/1998,Resale,1216,112.97,Strata,HDB,URA,not_clean,https://www.edgeprop.sg/condo-apartment/yishun-emerald,yishun-emerald
YISHUN EMERALD,YISHUN,27,29 Dec 2021,28 Canberra Drive #03-XX,28 Canberra Drive,4,800,1120000,Condominium,99 Yrs From 16/02/1998,Resale,1399,129.971,Strata,HDB,URA,not_clean,https://www.edgeprop.sg/condo-apartment/yishun-emerald,yishun-emerald
YISHUN EMERALD,YISHUN,27,27 Dec 2021,22 Canberra Drive #07-XX,22 Canberra Drive,3,820,988000,Condominium,99 Yrs From 16/02/1998,Resale,1206,112.041,Strata,HDB,URA,not_clean,https://www.edgeprop.sg/condo-apartment/yishun-emerald,yishun-emerald
YISHUN EMERALD,YISHUN,27,23 Dec 2021,26 Canberra Drive #14-XX,26 Canberra Drive,3,861,1010000,Condominium,99 Yrs From 16/02/1998,Resale,1173,108.975,Strata,HDB,URA,not_clean,https://www.edgeprop.sg/condo-apartment/yishun-emerald,yishun-emerald
YISHUN EMERALD,YISHUN,27,11 Nov 2021,20 Canberra Drive #09-XX,20 Canberra Drive,4,858,1200000,Condominium,99 Yrs From 16/02/1998,Resale,1399,129.971,Strata,HDB,URA,not_clean,https://www.edgeprop.sg/condo-apartment/yishun-emerald,yishun-emerald
YISHUN EMERALD,YISHUN,27,28 Oct 2021,20 Canberra Drive #02-XX,20 Canberra Drive,2,811,838000,Condominium,99 Yrs From 16/02/1998,Resale,1033,95.969,Strata,Private,URA,not_clean,https://www.edgeprop.sg/condo-apartment/yishun-emerald,yishun-emerald
YISHUN EMERALD,YISHUN,27,13 Oct 2021,30 Canberra Drive #16-XX,30 Canberra Drive,3,733,1050000,Condominium,99 Yrs From 16/02/1998,Resale,1432,133.037,Strata,HDB,URA,not_clean,https://www.edgeprop.sg/condo-apartment/yishun-emerald,yishun-emerald
YISHUN EMERALD,YISHUN,27,29 Sep 2021,30 Canberra Drive #03-XX,30 Canberra Drive,3,757,913000,Condominium,99 Yrs From 16/02/1998,Resale,1206,112.041,Strata,HDB,URA,not_clean,https://www.edgeprop.sg/condo-apartment/yishun-emerald,yishun-emerald
YISHUN EMERALD,YISHUN,27,13 Aug 2021,28 Canberra Drive #01-XX,28 Canberra Drive,3,800,1068000,Condominium,99 Yrs From 16/02/1998,Resale,1335,124.026,Strata,HDB,URA,not_clean,https://www.edgeprop.sg/condo-apartment/yishun-emerald,yishun-emerald
YISHUN EMERALD,YISHUN,27,2 Aug 2021,24 Canberra Drive #02-XX,24 Canberra Drive,4,772,1080000,Condominium,99 Yrs From 16/02/1998,Resale,1399,129.971,Strata,HDB,URA,not_clean,https://www.edgeprop.sg/condo-apartment/yishun-emerald,yishun-emerald
YISHUN EMERALD,YISHUN,27,28 Jul 2021,20 Canberra Drive #08-XX,20 Canberra Drive,3,829,1000000,Condominium,99 Yrs From 16/02/1998,Resale,1206,112.041,Strata,HDB,URA,not_clean,https://www.edgeprop.sg/condo-apartment/yishun-emerald,yishun-emerald
YISHUN SAPPHIRE,YISHUN,27,8 May 2026,54 CANBERRA DRIVE #03-XX,54 CANBERRA DRIVE,4,1125,1368000,Condominium,99 Yrs From 16/02/1998,Resale,1216,112.97,Strata,HDB,URA,not_clean,https://www.edgeprop.sg/condo-apartment/yishun-sapphire,yishun-sapphire
YISHUN SAPPHIRE,YISHUN,27,28 Apr 2026,50 CANBERRA DRIVE #06-XX,50 CANBERRA DRIVE,4,1159,1622000,Condominium,99 Yrs From 16/02/1998,Resale,1399,129.971,Strata,Private,URA,not_clean,https://www.edgeprop.sg/condo-apartment/yishun-sapphire,yishun-sapphire
YISHUN SAPPHIRE,YISHUN,27,27 Apr 2026,50 CANBERRA DRIVE #02-XX,50 CANBERRA DRIVE,4,1158,1620000,Condominium,99 Yrs From 16/02/1998,Resale,1399,129.971,Strata,Private,URA,not_clean,https://www.edgeprop.sg/condo-apartment/yishun-sapphire,yishun-sapphire
YISHUN SAPPHIRE,YISHUN,27,24 Mar 2026,50 CANBERRA DRIVE #01-XX,50 CANBERRA DRIVE,3,1077,1635000,Condominium,99 Yrs From 16/02/1998,Resale,1518,141.027,Strata,Private,URA,not_clean,https://www.edgeprop.sg/condo-apartment/yishun-sapphire,yishun-sapphire
YISHUN SAPPHIRE,YISHUN,27,6 Mar 2026,40 CANBERRA DRIVE #02-XX,40 CANBERRA DRIVE,4,1067,1528000,Condominium,99 Yrs From 16/02/1998,Resale,1432,133.037,Strata,HDB,URA,not_clean,https://www.edgeprop.sg/condo-apartment/yishun-sapphire,yishun-sapphire
YISHUN SAPPHIRE,YISHUN,27,24 Feb 2026,40 CANBERRA DRIVE #07-XX,40 CANBERRA DRIVE,4,1085,1320000,Condominium,99 Yrs From 16/02/1998,Resale,1216,112.97,Strata,HDB,URA,not_clean,https://www.edgeprop.sg/condo-apartment/yishun-sapphire,yishun-sapphire
YISHUN SAPPHIRE,YISHUN,27,23 Feb 2026,54 CANBERRA DRIVE #11-XX,54 CANBERRA DRIVE,3,1106,1310000,Condominium,99 Yrs From 16/02/1998,Resale,1184,109.997,Strata,Private,URA,not_clean,https://www.edgeprop.sg/condo-apartment/yishun-sapphire,yishun-sapphire
YISHUN SAPPHIRE,YISHUN,27,9 Feb 2026,50 CANBERRA DRIVE #12-XX,50 CANBERRA DRIVE,4,1165,1580000,Condominium,99 Yrs From 16/02/1998,Resale,1356,125.977,Strata,Private,URA,not_clean,https://www.edgeprop.sg/condo-apartment/yishun-sapphire,yishun-sapphire
YISHUN SAPPHIRE,YISHUN,27,26 Jan 2026,50 CANBERRA DRIVE #01-XX,50 CANBERRA DRIVE,2,1020,1338888,Condominium,99 Yrs From 16/02/1998,Resale,1313,121.982,Strata,Private,URA,not_clean,https://www.edgeprop.sg/condo-apartment/yishun-sapphire,yishun-sapphire
YISHUN SAPPHIRE,YISHUN,27,22 Jan 2026,52 CANBERRA DRIVE #06-XX,52 CANBERRA DRIVE,4,1110,1350000,Condominium,99 Yrs From 16/02/1998,Resale,1216,112.97,Strata,Private,URA,not_clean,https://www.edgeprop.sg/condo-apartment/yishun-sapphire,yishun-sapphire
YISHUN SAPPHIRE,YISHUN,27,6 Jan 2026,46 CANBERRA DRIVE #05-XX,46 CANBERRA DRIVE,3,1095,1320000,Condominium,99 Yrs From 16/02/1998,Resale,1206,112.041,Strata,HDB,URA,not_clean,https://www.edgeprop.sg/condo-apartment/yishun-sapphire,yishun-sapphire
YISHUN SAPPHIRE,YISHUN,27,30 Dec 2025,48 CANBERRA DRIVE #08-XX,48 CANBERRA DRIVE,3,1125,1368000,Condominium,99 Yrs From 16/02/1998,Resale,1216,112.97,Strata,Private,URA,not_clean,https://www.edgeprop.sg/condo-apartment/yishun-sapphire,yishun-sapphire
YISHUN SAPPHIRE,YISHUN,27,4 Dec 2025,48 CANBERRA DRIVE #15-XX,48 CANBERRA DRIVE,4,1224,1620000,Condominium,99 Yrs From 16/02/1998,Resale,1324,123.004,Strata,Private,URA,not_clean,https://www.edgeprop.sg/condo-apartment/yishun-sapphire,yishun-sapphire
YISHUN SAPPHIRE,YISHUN,27,3 Dec 2025,54 CANBERRA DRIVE #04-XX,54 CANBERRA DRIVE,4,1108,1598000,Condominium,99 Yrs From 16/02/1998,Resale,1442,133.966,Strata,Private,URA,not_clean,https://www.edgeprop.sg/condo-apartment/yishun-sapphire,yishun-sapphire
YISHUN SAPPHIRE,YISHUN,27,24 Nov 2025,48 CANBERRA DRIVE #09-XX,48 CANBERRA DRIVE,4,1129,1580000,Condominium,99 Yrs From 16/02/1998,Resale,1399,129.971,Strata,Private,URA,not_clean,https://www.edgeprop.sg/condo-apartment/yishun-sapphire,yishun-sapphire
YISHUN SAPPHIRE,YISHUN,27,22 Oct 2025,50 CANBERRA DRIVE #02-XX,50 CANBERRA DRIVE,3,1070,1290000,Condominium,99 Yrs From 16/02/1998,Resale,1206,112.041,Strata,Private,URA,not_clean,https://www.edgeprop.sg/condo-apartment/yishun-sapphire,yishun-sapphire
YISHUN SAPPHIRE,YISHUN,27,21 Aug 2025,40 CANBERRA DRIVE #12-XX,40 CANBERRA DRIVE,-,1024,2095000,Condominium,99 Yrs From 16/02/1998,Resale,2045,189.987,Strata,Private,URA,not_clean,https://www.edgeprop.sg/condo-apartment/yishun-sapphire,yishun-sapphire
YISHUN SAPPHIRE,YISHUN,27,13 Aug 2025,42 Canberra Drive #01-XX,42 Canberra Drive,3,1062,1600000,Condominium,99 Yrs From 16/02/1998,Resale,1507,140.005,Strata,Private,URA,not_clean,https://www.edgeprop.sg/condo-apartment/yishun-sapphire,yishun-sapphire
YISHUN SAPPHIRE,YISHUN,27,3 Jul 2025,46 Canberra Drive #13-XX,46 Canberra Drive,2,946,1130000,Condominium,99 Yrs From 16/02/1998,Resale,1195,111.019,Strata,Private,URA,not_clean,https://www.edgeprop.sg/condo-apartment/yishun-sapphire,yishun-sapphire
YISHUN SAPPHIRE,YISHUN,27,19 Jun 2025,48 Canberra Drive #02-XX,48 Canberra Drive,4,1063,1293000,Condominium,99 Yrs From 16/02/1998,Resale,1216,112.97,Strata,HDB,URA,not_clean,https://www.edgeprop.sg/condo-apartment/yishun-sapphire,yishun-sapphire
YISHUN SAPPHIRE,YISHUN,27,16 May 2025,42 Canberra Drive #09-XX,42 Canberra Drive,3,1071,1268000,Condominium,99 Yrs From 16/02/1998,Resale,1184,109.997,Strata,HDB,URA,not_clean,https://www.edgeprop.sg/condo-apartment/yishun-sapphire,yishun-sapphire
YISHUN SAPPHIRE,YISHUN,27,15 May 2025,40 Canberra Drive #06-XX,40 Canberra Drive,4,1123,1583000,Condominium,99 Yrs From 16/02/1998,Resale,1410,130.993,Strata,HDB,URA,not_clean,https://www.edgeprop.sg/condo-apartment/yishun-sapphire,yishun-sapphire
YISHUN SAPPHIRE,YISHUN,27,24 Mar 2025,50 Canberra Drive #05-XX,50 Canberra Drive,3,1061,1278888,Condominium,99 Yrs From 16/02/1998,Resale,1206,112.041,Strata,Private,URA,not_clean,https://www.edgeprop.sg/condo-apartment/yishun-sapphire,yishun-sapphire
YISHUN SAPPHIRE,YISHUN,27,17 Mar 2025,54 Canberra Drive #05-XX,54 Canberra Drive,4,1100,1575000,Condominium,99 Yrs From 16/02/1998,Resale,1432,133.037,Strata,HDB,URA,not_clean,https://www.edgeprop.sg/condo-apartment/yishun-sapphire,yishun-sapphire
YISHUN SAPPHIRE,YISHUN,27,21 Feb 2025,54 Canberra Drive #11-XX,54 Canberra Drive,4,1137,1530000,Condominium,99 Yrs From 16/02/1998,Resale,1346,125.047,Strata,Private,URA,not_clean,https://www.edgeprop.sg/condo-apartment/yishun-sapphire,yishun-sapphire
YISHUN SAPPHIRE,YISHUN,27,20 Jan 2025,52 Canberra Drive #12-XX,52 Canberra Drive,3,1098,1300000,Condominium,99 Yrs From 16/02/1998,Resale,1184,109.997,Strata,Private,URA,not_clean,https://www.edgeprop.sg/condo-apartment/yishun-sapphire,yishun-sapphire
YISHUN SAPPHIRE,YISHUN,27,10 Jan 2025,48 Canberra Drive #03-XX,48 Canberra Drive,3,1037,1250000,Condominium,99 Yrs From 16/02/1998,Resale,1206,112.041,Strata,HDB,URA,not_clean,https://www.edgeprop.sg/condo-apartment/yishun-sapphire,yishun-sapphire
YISHUN SAPPHIRE,YISHUN,27,19 Dec 2024,48 Canberra Drive #10-XX,48 Canberra Drive,3,1062,1268888,Condominium,99 Yrs From 16/02/1998,Resale,1195,111.019,Strata,Private,URA,not_clean,https://www.edgeprop.sg/condo-apartment/yishun-sapphire,yishun-sapphire
YISHUN SAPPHIRE,YISHUN,27,29 Nov 2024,42 Canberra Drive #04-XX,42 Canberra Drive,3,1029,1240000,Condominium,99 Yrs From 16/02/1998,Resale,1206,112.041,Strata,Private,URA,not_clean,https://www.edgeprop.sg/condo-apartment/yishun-sapphire,yishun-sapphire
YISHUN SAPPHIRE,YISHUN,27,25 Nov 2024,52 Canberra Drive #04-XX,52 Canberra Drive,4,1093,1530000,Condominium,99 Yrs From 16/02/1998,Resale,1399,129.971,Strata,Private,URA,not_clean,https://www.edgeprop.sg/condo-apartment/yishun-sapphire,yishun-sapphire
YISHUN SAPPHIRE,YISHUN,27,14 Nov 2024,40 Canberra Drive #05-XX,40 Canberra Drive,3,1037,1250000,Condominium,99 Yrs From 16/02/1998,Resale,1206,112.041,Strata,Private,URA,not_clean,https://www.edgeprop.sg/condo-apartment/yishun-sapphire,yishun-sapphire
YISHUN SAPPHIRE,YISHUN,27,6 Nov 2024,42 Canberra Drive #10-XX,42 Canberra Drive,3,1065,1250000,Condominium,99 Yrs From 16/02/1998,Resale,1173,108.975,Strata,HDB,URA,not_clean,https://www.edgeprop.sg/condo-apartment/yishun-sapphire,yishun-sapphire
YISHUN SAPPHIRE,YISHUN,27,4 Nov 2024,48 Canberra Drive #09-XX,48 Canberra Drive,4,1052,1280000,Condominium,99 Yrs From 16/02/1998,Resale,1216,112.97,Strata,HDB,URA,not_clean,https://www.edgeprop.sg/condo-apartment/yishun-sapphire,yishun-sapphire
YISHUN SAPPHIRE,YISHUN,27,10 Oct 2024,54 Canberra Drive #03-XX,54 Canberra Drive,4,1036,1260000,Condominium,99 Yrs From 16/02/1998,Resale,1216,112.97,Strata,HDB,URA,not_clean,https://www.edgeprop.sg/condo-apartment/yishun-sapphire,yishun-sapphire
YISHUN SAPPHIRE,YISHUN,27,7 Oct 2024,54 Canberra Drive #08-XX,54 Canberra Drive,3,1105,1320000,Condominium,99 Yrs From 16/02/1998,Resale,1195,111.019,Strata,Private,URA,not_clean,https://www.edgeprop.sg/condo-apartment/yishun-sapphire,yishun-sapphire
YISHUN SAPPHIRE,YISHUN,27,23 Sep 2024,42 Canberra Drive #05-XX,42 Canberra Drive,2,988,1010000,Condominium,99 Yrs From 16/02/1998,Resale,1023,95.04,Strata,HDB,URA,not_clean,https://www.edgeprop.sg/condo-apartment/yishun-sapphire,yishun-sapphire
YISHUN SAPPHIRE,YISHUN,27,20 Sep 2024,46 Canberra Drive #13-XX,46 Canberra Drive,3,1044,1450000,Condominium,99 Yrs From 16/02/1998,Resale,1389,129.042,Strata,HDB,URA,not_clean,https://www.edgeprop.sg/condo-apartment/yishun-sapphire,yishun-sapphire
YISHUN SAPPHIRE,YISHUN,27,16 Sep 2024,54 Canberra Drive #07-XX,54 Canberra Drive,4,1045,1440000,Condominium,99 Yrs From 16/02/1998,Resale,1378,128.02,Strata,Private,URA,not_clean,https://www.edgeprop.sg/condo-apartment/yishun-sapphire,yishun-sapphire
YISHUN SAPPHIRE,YISHUN,27,12 Sep 2024,42 Canberra Drive #04-XX,42 Canberra Drive,3,1037,1250000,Condominium,99 Yrs From 16/02/1998,Resale,1206,112.041,Strata,HDB,URA,not_clean,https://www.edgeprop.sg/condo-apartment/yishun-sapphire,yishun-sapphire
YISHUN SAPPHIRE,YISHUN,27,23 Aug 2024,46 Canberra Drive #01-XX,46 Canberra Drive,3,859,1026000,Condominium,99 Yrs From 16/02/1998,Resale,1195,111.019,Strata,HDB,URA,not_clean,https://www.edgeprop.sg/condo-apartment/yishun-sapphire,yishun-sapphire
YISHUN SAPPHIRE,YISHUN,27,29 Jul 2024,46 Canberra Drive #12-XX,46 Canberra Drive,3,1059,1220000,Condominium,99 Yrs From 16/02/1998,Resale,1152,107.024,Strata,Private,URA,not_clean,https://www.edgeprop.sg/condo-apartment/yishun-sapphire,yishun-sapphire
YISHUN SAPPHIRE,YISHUN,27,28 Jun 2024,50 Canberra Drive #15-XX,50 Canberra Drive,3,985,1410000,Condominium,99 Yrs From 16/02/1998,Resale,1432,133.037,Strata,Private,URA,not_clean,https://www.edgeprop.sg/condo-apartment/yishun-sapphire,yishun-sapphire
YISHUN SAPPHIRE,YISHUN,27,13 Jun 2024,40 Canberra Drive #01-XX,40 Canberra Drive,3,896,1360000,Condominium,99 Yrs From 16/02/1998,Resale,1518,141.027,Strata,HDB,URA,not_clean,https://www.edgeprop.sg/condo-apartment/yishun-sapphire,yishun-sapphire
YISHUN SAPPHIRE,YISHUN,27,7 Jun 2024,48 Canberra Drive #14-XX,48 Canberra Drive,4,1115,1500000,Condominium,99 Yrs From 16/02/1998,Resale,1346,125.047,Strata,HDB,URA,not_clean,https://www.edgeprop.sg/condo-apartment/yishun-sapphire,yishun-sapphire
YISHUN SAPPHIRE,YISHUN,27,9 May 2024,52 Canberra Drive #01-XX,52 Canberra Drive,3,909,1380000,Condominium,99 Yrs From 16/02/1998,Resale,1518,141.027,Strata,Private,URA,not_clean,https://www.edgeprop.sg/condo-apartment/yishun-sapphire,yishun-sapphire
YISHUN SAPPHIRE,YISHUN,27,14 Mar 2024,50 Canberra Drive #02-XX,50 Canberra Drive,4,1008,1226000,Condominium,99 Yrs From 16/02/1998,Resale,1216,112.97,Strata,Private,URA,not_clean,https://www.edgeprop.sg/condo-apartment/yishun-sapphire,yishun-sapphire
YISHUN SAPPHIRE,YISHUN,27,15 Nov 2023,52 Canberra Drive #10-XX,52 Canberra Drive,3,1071,1280000,Condominium,99 Yrs From 16/02/1998,Resale,1195,111.019,Strata,Private,URA,not_clean,https://www.edgeprop.sg/condo-apartment/yishun-sapphire,yishun-sapphire
YISHUN SAPPHIRE,YISHUN,27,25 Sep 2023,54 Canberra Drive #12-XX,54 Canberra Drive,4,1106,1500000,Condominium,99 Yrs From 16/02/1998,Resale,1356,125.977,Strata,HDB,URA,not_clean,https://www.edgeprop.sg/condo-apartment/yishun-sapphire,yishun-sapphire
YISHUN SAPPHIRE,YISHUN,27,31 Aug 2023,54 Canberra Drive #04-XX,54 Canberra Drive,4,929,1300000,Condominium,99 Yrs From 16/02/1998,Resale,1399,129.971,Strata,Private,URA,not_clean,https://www.edgeprop.sg/condo-apartment/yishun-sapphire,yishun-sapphire
YISHUN SAPPHIRE,YISHUN,27,29 Aug 2023,50 Canberra Drive #13-XX,50 Canberra Drive,3,1056,1250000,Condominium,99 Yrs From 16/02/1998,Resale,1184,109.997,Strata,HDB,URA,not_clean,https://www.edgeprop.sg/condo-apartment/yishun-sapphire,yishun-sapphire
YISHUN SAPPHIRE,YISHUN,27,23 Aug 2023,52 Canberra Drive #12-XX,52 Canberra Drive,3,1003,1188000,Condominium,99 Yrs From 16/02/1998,Resale,1184,109.997,Strata,Private,URA,not_clean,https://www.edgeprop.sg/condo-apartment/yishun-sapphire,yishun-sapphire
YISHUN SAPPHIRE,YISHUN,27,7 Aug 2023,42 Canberra Drive #04-XX,42 Canberra Drive,2,926,957000,Condominium,99 Yrs From 16/02/1998,Resale,1033,95.969,Strata,HDB,URA,not_clean,https://www.edgeprop.sg/condo-apartment/yishun-sapphire,yishun-sapphire
YISHUN SAPPHIRE,YISHUN,27,3 Mar 2023,48 Canberra Drive #12-XX,48 Canberra Drive,3,1008,1193888,Condominium,99 Yrs From 16/02/1998,Resale,1184,109.997,Strata,Private,URA,not_clean,https://www.edgeprop.sg/condo-apartment/yishun-sapphire,yishun-sapphire
YISHUN SAPPHIRE,YISHUN,27,2 Mar 2023,40 Canberra Drive #01-XX,40 Canberra Drive,4,942,1450000,Condominium,99 Yrs From 16/02/1998,Resale,1539,142.978,Strata,Private,URA,not_clean,https://www.edgeprop.sg/condo-apartment/yishun-sapphire,yishun-sapphire
YISHUN SAPPHIRE,YISHUN,27,9 Dec 2022,52 Canberra Drive #05-XX,52 Canberra Drive,4,945,1150000,Condominium,99 Yrs From 16/02/1998,Resale,1216,112.97,Strata,Private,URA,not_clean,https://www.edgeprop.sg/condo-apartment/yishun-sapphire,yishun-sapphire
YISHUN SAPPHIRE,YISHUN,27,28 Oct 2022,42 Canberra Drive #04-XX,42 Canberra Drive,2,928,958888,Condominium,99 Yrs From 16/02/1998,Resale,1033,95.969,Strata,HDB,URA,not_clean,https://www.edgeprop.sg/condo-apartment/yishun-sapphire,yishun-sapphire
YISHUN SAPPHIRE,YISHUN,27,28 Jul 2022,50 CANBERRA DRIVE #10-XX,50 CANBERRA DRIVE,3,929,1100000,Condominium,99 Yrs From 16/02/1998,Resale,1184,109.997,Strata,HDB,URA,not_clean,https://www.edgeprop.sg/condo-apartment/yishun-sapphire,yishun-sapphire
YISHUN SAPPHIRE,YISHUN,27,18 May 2022,40 Canberra Drive #01-XX,40 Canberra Drive,2,852,1550000,Condominium,99 Yrs From 16/02/1998,Resale,1819,168.991,Strata,Private,URA,not_clean,https://www.edgeprop.sg/condo-apartment/yishun-sapphire,yishun-sapphire
YISHUN SAPPHIRE,YISHUN,27,19 Apr 2022,40 Canberra Drive #12-XX,40 Canberra Drive,3,768,1100000,Condominium,99 Yrs From 16/02/1998,Resale,1432,133.037,Strata,HDB,URA,not_clean,https://www.edgeprop.sg/condo-apartment/yishun-sapphire,yishun-sapphire
YISHUN SAPPHIRE,YISHUN,27,18 Mar 2022,46 Canberra Drive #03-XX,46 Canberra Drive,2,856,885000,Condominium,99 Yrs From 16/02/1998,Resale,1033,95.969,Strata,HDB,URA,not_clean,https://www.edgeprop.sg/condo-apartment/yishun-sapphire,yishun-sapphire
YISHUN SAPPHIRE,YISHUN,27,14 Mar 2022,54 Canberra Drive #05-XX,54 Canberra Drive,4,891,1275000,Condominium,99 Yrs From 16/02/1998,Resale,1432,133.037,Strata,Private,URA,not_clean,https://www.edgeprop.sg/condo-apartment/yishun-sapphire,yishun-sapphire
YISHUN SAPPHIRE,YISHUN,27,9 Mar 2022,50 Canberra Drive #03-XX,50 Canberra Drive,4,893,1250000,Condominium,99 Yrs From 16/02/1998,Resale,1399,129.971,Strata,HDB,URA,not_clean,https://www.edgeprop.sg/condo-apartment/yishun-sapphire,yishun-sapphire
YISHUN SAPPHIRE,YISHUN,27,18 Feb 2022,54 Canberra Drive #01-XX,54 Canberra Drive,3,770,1168000,Condominium,99 Yrs From 16/02/1998,Resale,1518,141.027,Strata,HDB,URA,not_clean,https://www.edgeprop.sg/condo-apartment/yishun-sapphire,yishun-sapphire
YISHUN SAPPHIRE,YISHUN,27,3 Feb 2022,40 Canberra Drive #06-XX,40 Canberra Drive,4,850,1190000,Condominium,99 Yrs From 16/02/1998,Resale,1399,129.971,Strata,Private,URA,not_clean,https://www.edgeprop.sg/condo-apartment/yishun-sapphire,yishun-sapphire
YISHUN SAPPHIRE,YISHUN,27,27 Dec 2021,46 Canberra Drive #09-XX,46 Canberra Drive,2,809,810000,Condominium,99 Yrs From 16/02/1998,Resale,1001,92.996,Strata,HDB,URA,not_clean,https://www.edgeprop.sg/condo-apartment/yishun-sapphire,yishun-sapphire
YISHUN SAPPHIRE,YISHUN,27,2 Dec 2021,54 Canberra Drive #09-XX,54 Canberra Drive,4,866,1175000,Condominium,99 Yrs From 16/02/1998,Resale,1356,125.977,Strata,HDB,URA,not_clean,https://www.edgeprop.sg/condo-apartment/yishun-sapphire,yishun-sapphire
YISHUN SAPPHIRE,YISHUN,27,30 Nov 2021,54 Canberra Drive #11-XX,54 Canberra Drive,3,840,995000,Condominium,99 Yrs From 16/02/1998,Resale,1184,109.997,Strata,HDB,URA,not_clean,https://www.edgeprop.sg/condo-apartment/yishun-sapphire,yishun-sapphire
YISHUN SAPPHIRE,YISHUN,27,19 Nov 2021,40 Canberra Drive #08-XX,40 Canberra Drive,4,871,1200000,Condominium,99 Yrs From 16/02/1998,Resale,1378,128.02,Strata,HDB,URA,not_clean,https://www.edgeprop.sg/condo-apartment/yishun-sapphire,yishun-sapphire
YISHUN SAPPHIRE,YISHUN,27,17 Nov 2021,46 Canberra Drive #08-XX,46 Canberra Drive,3,821,990000,Condominium,99 Yrs From 16/02/1998,Resale,1206,112.041,Strata,HDB,URA,not_clean,https://www.edgeprop.sg/condo-apartment/yishun-sapphire,yishun-sapphire
YISHUN SAPPHIRE,YISHUN,27,16 Nov 2021,40 Canberra Drive #11-XX,40 Canberra Drive,4,845,1128000,Condominium,99 Yrs From 16/02/1998,Resale,1335,124.026,Strata,HDB,URA,not_clean,https://www.edgeprop.sg/condo-apartment/yishun-sapphire,yishun-sapphire
YISHUN SAPPHIRE,YISHUN,27,21 Oct 2021,52 Canberra Drive #04-XX,52 Canberra Drive,4,793,965000,Condominium,99 Yrs From 16/02/1998,Resale,1216,112.97,Strata,HDB,URA,not_clean,https://www.edgeprop.sg/condo-apartment/yishun-sapphire,yishun-sapphire
YISHUN SAPPHIRE,YISHUN,27,15 Sep 2021,48 Canberra Drive #08-XX,48 Canberra Drive,3,813,980000,Condominium,99 Yrs From 16/02/1998,Resale,1206,112.041,Strata,HDB,URA,not_clean,https://www.edgeprop.sg/condo-apartment/yishun-sapphire,yishun-sapphire
YISHUN SAPPHIRE,YISHUN,27,26 Aug 2021,54 Canberra Drive #04-XX,54 Canberra Drive,4,867,1250000,Condominium,99 Yrs From 16/02/1998,Resale,1442,133.966,Strata,HDB,URA,not_clean,https://www.edgeprop.sg/condo-apartment/yishun-sapphire,yishun-sapphire
YISHUN SAPPHIRE,YISHUN,27,18 Aug 2021,48 Canberra Drive #12-XX,48 Canberra Drive,3,795,950000,Condominium,99 Yrs From 16/02/1998,Resale,1195,111.019,Strata,HDB,URA,not_clean,https://www.edgeprop.sg/condo-apartment/yishun-sapphire,yishun-sapphire
YISHUN SAPPHIRE,YISHUN,27,16 Aug 2021,42 Canberra Drive #07-XX,42 Canberra Drive,3,809,975000,Condominium,99 Yrs From 16/02/1998,Resale,1206,112.041,Strata,Private,URA,not_clean,https://www.edgeprop.sg/condo-apartment/yishun-sapphire,yishun-sapphire
YISHUN SAPPHIRE,YISHUN,27,12 Aug 2021,46 Canberra Drive #11-XX,46 Canberra Drive,2,843,835000,Condominium,99 Yrs From 16/02/1998,Resale,990,91.974,Strata,HDB,URA,not_clean,https://www.edgeprop.sg/condo-apartment/yishun-sapphire,yishun-sapphire
YISHUN SAPPHIRE,YISHUN,27,4 Aug 2021,50 Canberra Drive #03-XX,50 Canberra Drive,4,789,960000,Condominium,99 Yrs From 16/02/1998,Resale,1216,112.97,Strata,Private,URA,not_clean,https://www.edgeprop.sg/condo-apartment/yishun-sapphire,yishun-sapphire
YISHUN SAPPHIRE,YISHUN,27,16 Jul 2021,48 Canberra Drive #13-XX,48 Canberra Drive,3,803,960000,Condominium,99 Yrs From 16/02/1998,Resale,1195,111.019,Strata,HDB,URA,not_clean,https://www.edgeprop.sg/condo-apartment/yishun-sapphire,yishun-sapphire
