ref_quarter,project_name,street_name,postal_district,median_psf_pm,psf25,psf75,x,y
2023Q4,ELLIOT AT THE EAST COAST,ELLIOT ROAD,15,3.81,3.39,5.14,38865.17182,32621.92134
2023Q4,MERAWOODS,HILLVIEW AVENUE,23,3.26,2.79,3.37,19806.57039,37591.36252
2023Q3,MERAWOODS,HILLVIEW AVENUE,23,3.3,3,3.48,19806.57039,37591.36252
2024Q4,MERAWOODS,HILLVIEW AVENUE,23,3.27,3.03,3.35,19806.57039,37591.36252
2024Q2,MERAWOODS,HILLVIEW AVENUE,23,3.01,2.86,3.35,19806.57039,37591.36252
2025Q4,MERAWOODS,HILLVIEW AVENUE,23,3.35,3.27,3.46,19806.57039,37591.36252
2025Q2,MERAWOODS,HILLVIEW AVENUE,23,3.12,3.01,3.43,19806.57039,37591.36252
2025Q3,MERAWOODS,HILLVIEW AVENUE,23,3.18,2.99,3.34,19806.57039,37591.36252
2026Q2,MERAWOODS,HILLVIEW AVENUE,23,3.12,3.02,3.26,19806.57039,37591.36252
2024Q1,THE PANORAMA,ANG MO KIO AVENUE 2,20,6.12,5.04,6.97,28117.75127,39714.86481
2023Q3,THE PANORAMA,ANG MO KIO AVENUE 2,20,5.72,5.16,6.33,28117.75127,39714.86481
2023Q4,THE PANORAMA,ANG MO KIO AVENUE 2,20,5.14,4.76,6.5,28117.75127,39714.86481
2024Q3,THE PANORAMA,ANG MO KIO AVENUE 2,20,4.9,4.65,5.7,28117.75127,39714.86481
2024Q4,THE PANORAMA,ANG MO KIO AVENUE 2,20,5.02,4.83,5.92,28117.75127,39714.86481
2024Q2,THE PANORAMA,ANG MO KIO AVENUE 2,20,5.04,4.72,5.57,28117.75127,39714.86481
2025Q1,THE PANORAMA,ANG MO KIO AVENUE 2,20,5.26,4.78,6.57,28117.75127,39714.86481
2026Q2,THE PANORAMA,ANG MO KIO AVENUE 2,20,5.5,4.9,6.41,28117.75127,39714.86481
2025Q4,THE PANORAMA,ANG MO KIO AVENUE 2,20,5.12,4.77,6.1,28117.75127,39714.86481
2026Q1,THE PANORAMA,ANG MO KIO AVENUE 2,20,5.43,5.04,6.52,28117.75127,39714.86481
2025Q2,THE PANORAMA,ANG MO KIO AVENUE 2,20,5.79,5.04,6.76,28117.75127,39714.86481
2025Q3,THE PANORAMA,ANG MO KIO AVENUE 2,20,5.33,4.99,6.3,28117.75127,39714.86481
2024Q1,BOULEVARD 88,ORCHARD BOULEVARD,10,8.4,7.47,9.02,27356.9046,31912.98919
2026Q1,BOULEVARD 88,ORCHARD BOULEVARD,10,8.38,7.62,8.64,27356.9046,31912.98919
2025Q3,BOULEVARD 88,ORCHARD BOULEVARD,10,7.88,7.32,8.54,27356.9046,31912.98919
2026Q2,BOULEVARD 88,ORCHARD BOULEVARD,10,8.78,8.28,9,27356.9046,31912.98919
2023Q4,ARTRA,ALEXANDRA VIEW,03,7.05,6.76,7.62,26209.55579,30277.95039
2023Q3,ARTRA,ALEXANDRA VIEW,03,7.18,6.68,8.01,26209.55579,30277.95039
2024Q1,ARTRA,ALEXANDRA VIEW,03,6.75,6.36,7.4,26209.55579,30277.95039
2024Q4,ARTRA,ALEXANDRA VIEW,03,7,6.84,7.24,26209.55579,30277.95039
2024Q2,ARTRA,ALEXANDRA VIEW,03,7,6.72,7.38,26209.55579,30277.95039
2025Q1,ARTRA,ALEXANDRA VIEW,03,7.24,6.74,7.38,26209.55579,30277.95039
2024Q3,ARTRA,ALEXANDRA VIEW,03,7.18,6.7,7.48,26209.55579,30277.95039
2025Q4,ARTRA,ALEXANDRA VIEW,03,7.26,7.01,7.45,26209.55579,30277.95039
2026Q1,ARTRA,ALEXANDRA VIEW,03,7.38,7,7.65,26209.55579,30277.95039
2025Q2,ARTRA,ALEXANDRA VIEW,03,7.08,6.88,7.3,26209.55579,30277.95039
2025Q3,ARTRA,ALEXANDRA VIEW,03,7.11,7,7.24,26209.55579,30277.95039
2026Q2,ARTRA,ALEXANDRA VIEW,03,7.24,6.79,7.72,26209.55579,30277.95039
2023Q4,8 @ MOUNT SOPHIA,MOUNT SOPHIA,09,5.08,4.97,5.31,29415.96417,31487.80728
2023Q3,8 @ MOUNT SOPHIA,MOUNT SOPHIA,09,5.17,4.82,5.45,29415.96417,31487.80728
2024Q1,8 @ MOUNT SOPHIA,MOUNT SOPHIA,09,4.81,4.53,5.22,29415.96417,31487.80728
2024Q4,8 @ MOUNT SOPHIA,MOUNT SOPHIA,09,4.86,4.43,5.31,29415.96417,31487.80728
2024Q2,8 @ MOUNT SOPHIA,MOUNT SOPHIA,09,4.85,4.66,5.05,29415.96417,31487.80728
2025Q1,8 @ MOUNT SOPHIA,MOUNT SOPHIA,09,4.83,4.56,5.06,29415.96417,31487.80728
2024Q3,8 @ MOUNT SOPHIA,MOUNT SOPHIA,09,4.72,4.47,4.89,29415.96417,31487.80728
2025Q4,8 @ MOUNT SOPHIA,MOUNT SOPHIA,09,4.97,4.74,5.12,29415.96417,31487.80728
2026Q1,8 @ MOUNT SOPHIA,MOUNT SOPHIA,09,4.59,4.28,4.89,29415.96417,31487.80728
2025Q2,8 @ MOUNT SOPHIA,MOUNT SOPHIA,09,4.89,4.65,5.48,29415.96417,31487.80728
2025Q3,8 @ MOUNT SOPHIA,MOUNT SOPHIA,09,5.05,4.88,5.23,29415.96417,31487.80728
2026Q2,8 @ MOUNT SOPHIA,MOUNT SOPHIA,09,4.92,4.75,5.18,29415.96417,31487.80728
2023Q3,DAHLIA PARK CONDOMINIUM,FLORA DRIVE,17,3.23,2.83,3.42,42666.03678,37896.20432
2024Q3,DAHLIA PARK CONDOMINIUM,FLORA DRIVE,17,2.96,2.8,3.15,42666.03678,37896.20432
2024Q4,DAHLIA PARK CONDOMINIUM,FLORA DRIVE,17,2.91,2.69,3.17,42666.03678,37896.20432
2025Q1,DAHLIA PARK CONDOMINIUM,FLORA DRIVE,17,2.87,2.63,3.11,42666.03678,37896.20432
2025Q4,DAHLIA PARK CONDOMINIUM,FLORA DRIVE,17,3,2.88,3.18,42666.03678,37896.20432
2026Q1,DAHLIA PARK CONDOMINIUM,FLORA DRIVE,17,3.02,2.88,3.2,42666.03678,37896.20432
2025Q2,DAHLIA PARK CONDOMINIUM,FLORA DRIVE,17,3.07,2.88,3.25,42666.03678,37896.20432
2026Q2,DAHLIA PARK CONDOMINIUM,FLORA DRIVE,17,3.12,2.96,3.32,42666.03678,37896.20432
2023Q4,PARC KOMO,UPPER CHANGI ROAD NORTH,17,5.17,4.98,5.39,43212.38721,38075.42361
2024Q1,PARC KOMO,UPPER CHANGI ROAD NORTH,17,4.9,4.42,5.29,43212.38721,38075.42361
2024Q2,PARC KOMO,UPPER CHANGI ROAD NORTH,17,4.78,4.65,5.65,43212.38721,38075.42361
2025Q1,PARC KOMO,UPPER CHANGI ROAD NORTH,17,4.92,4.75,6.02,43212.38721,38075.42361
2025Q4,PARC KOMO,UPPER CHANGI ROAD NORTH,17,4.75,4.68,4.9,43212.38721,38075.42361
2026Q1,PARC KOMO,UPPER CHANGI ROAD NORTH,17,4.44,4.37,4.87,43212.38721,38075.42361
2025Q2,PARC KOMO,UPPER CHANGI ROAD NORTH,17,4.97,4.68,5.61,43212.38721,38075.42361
2026Q2,PARC KOMO,UPPER CHANGI ROAD NORTH,17,4.81,4.63,5.4,43212.38721,38075.42361
2023Q3,SIGNATURE PARK,TOH TUCK ROAD,21,3.48,3.14,3.68,20707.31208,35939.54394
2023Q4,SIGNATURE PARK,TOH TUCK ROAD,21,3.57,3.31,3.73,20707.31208,35939.54394
2024Q1,SIGNATURE PARK,TOH TUCK ROAD,21,3.32,3.14,3.47,20707.31208,35939.54394
2024Q3,SIGNATURE PARK,TOH TUCK ROAD,21,3.23,3.09,3.44,20707.31208,35939.54394
2024Q4,SIGNATURE PARK,TOH TUCK ROAD,21,3.24,3.14,3.51,20707.31208,35939.54394
2024Q2,SIGNATURE PARK,TOH TUCK ROAD,21,3.32,3.13,3.53,20707.31208,35939.54394
2025Q1,SIGNATURE PARK,TOH TUCK ROAD,21,3.3,3.22,3.5,20707.31208,35939.54394
2026Q2,SIGNATURE PARK,TOH TUCK ROAD,21,3.36,3.29,3.52,20707.31208,35939.54394
2025Q4,SIGNATURE PARK,TOH TUCK ROAD,21,3.39,3.24,3.56,20707.31208,35939.54394
2026Q1,SIGNATURE PARK,TOH TUCK ROAD,21,3.43,3.25,3.58,20707.31208,35939.54394
2025Q2,SIGNATURE PARK,TOH TUCK ROAD,21,3.29,3.22,3.37,20707.31208,35939.54394
2025Q3,SIGNATURE PARK,TOH TUCK ROAD,21,3.36,3.22,3.55,20707.31208,35939.54394
2024Q1,CLIVEDEN AT GRANGE,GRANGE ROAD,10,5.45,5.11,5.57,27177.82189,31352.48289
2023Q4,CLIVEDEN AT GRANGE,GRANGE ROAD,10,5.54,5.45,5.78,27177.82189,31352.48289
2023Q3,CLIVEDEN AT GRANGE,GRANGE ROAD,10,5.81,5.67,5.91,27177.82189,31352.48289
2024Q3,CLIVEDEN AT GRANGE,GRANGE ROAD,10,5.5,5.34,5.56,27177.82189,31352.48289
2025Q1,CLIVEDEN AT GRANGE,GRANGE ROAD,10,5.28,5.07,5.59,27177.82189,31352.48289
2025Q4,CLIVEDEN AT GRANGE,GRANGE ROAD,10,5.52,5.48,5.63,27177.82189,31352.48289
2026Q1,CLIVEDEN AT GRANGE,GRANGE ROAD,10,5.72,5.56,5.84,27177.82189,31352.48289
2025Q3,CLIVEDEN AT GRANGE,GRANGE ROAD,10,5.63,5.63,5.67,27177.82189,31352.48289
2024Q2,AVA TOWERS,AVA ROAD,12,3.07,2.79,3.14,30059.9759,33837.47233
2026Q2,AVA TOWERS,AVA ROAD,12,3.11,2.92,3.41,30059.9759,33837.47233
2026Q2,8 HULLET,HULLET ROAD,09,8.08,7.73,8.22,28592.24408,31698.50965
2023Q3,THE COAST AT SENTOSA COVE,OCEAN DRIVE,04,5.34,5.09,5.68,29146.11921,25329.21211
2023Q4,THE COAST AT SENTOSA COVE,OCEAN DRIVE,04,5,4.84,5.52,29146.11921,25329.21211
2024Q1,THE COAST AT SENTOSA COVE,OCEAN DRIVE,04,4.45,4.22,4.79,29146.11921,25329.21211
2024Q3,THE COAST AT SENTOSA COVE,OCEAN DRIVE,04,4.5,4.34,4.73,29146.11921,25329.21211
2024Q4,THE COAST AT SENTOSA COVE,OCEAN DRIVE,04,4.67,4.17,4.98,29146.11921,25329.21211
2024Q2,THE COAST AT SENTOSA COVE,OCEAN DRIVE,04,4.56,4.37,4.75,29146.11921,25329.21211
2025Q1,THE COAST AT SENTOSA COVE,OCEAN DRIVE,04,4.8,4.54,5.05,29146.11921,25329.21211
2026Q2,THE COAST AT SENTOSA COVE,OCEAN DRIVE,04,4.69,4.5,4.93,29146.11921,25329.21211
2025Q4,THE COAST AT SENTOSA COVE,OCEAN DRIVE,04,4.99,4.71,5.22,29146.11921,25329.21211
2026Q1,THE COAST AT SENTOSA COVE,OCEAN DRIVE,04,4.65,4.23,4.86,29146.11921,25329.21211
2025Q2,THE COAST AT SENTOSA COVE,OCEAN DRIVE,04,4.71,4.46,5.1,29146.11921,25329.21211
2025Q3,THE COAST AT SENTOSA COVE,OCEAN DRIVE,04,4.89,4.48,5.09,29146.11921,25329.21211
2023Q4,AALTO,MEYER ROAD,15,5,4.84,5.22,35134.1529,31159.70585
2023Q3,AALTO,MEYER ROAD,15,5.21,4.7,5.74,35134.1529,31159.70585
2024Q3,AALTO,MEYER ROAD,15,5.19,4.91,5.29,35134.1529,31159.70585
2025Q3,AALTO,MEYER ROAD,15,5.29,4.84,5.56,35134.1529,31159.70585
2023Q4,MARINA BAY SUITES,CENTRAL BOULEVARD,01,6.08,5.74,6.61,30086.50268,29208.56954
2024Q1,MARINA BAY SUITES,CENTRAL BOULEVARD,01,5.81,5.49,5.99,30086.50268,29208.56954
2023Q3,MARINA BAY SUITES,CENTRAL BOULEVARD,01,6.24,5.89,6.7,30086.50268,29208.56954
2024Q3,MARINA BAY SUITES,CENTRAL BOULEVARD,01,5.84,5.65,6.16,30086.50268,29208.56954
2024Q4,MARINA BAY SUITES,CENTRAL BOULEVARD,01,5.92,5.72,6.32,30086.50268,29208.56954
2024Q2,MARINA BAY SUITES,CENTRAL BOULEVARD,01,5.84,5.6,6,30086.50268,29208.56954
2025Q1,MARINA BAY SUITES,CENTRAL BOULEVARD,01,6.15,5.94,6.41,30086.50268,29208.56954
2025Q4,MARINA BAY SUITES,CENTRAL BOULEVARD,01,6.1,5.85,6.46,30086.50268,29208.56954
2026Q1,MARINA BAY SUITES,CENTRAL BOULEVARD,01,5.99,5.8,6.27,30086.50268,29208.56954
2025Q2,MARINA BAY SUITES,CENTRAL BOULEVARD,01,6.13,5.89,6.35,30086.50268,29208.56954
2025Q3,MARINA BAY SUITES,CENTRAL BOULEVARD,01,6.05,5.79,6.16,30086.50268,29208.56954
2026Q2,MARINA BAY SUITES,CENTRAL BOULEVARD,01,5.97,5.86,6.23,30086.50268,29208.56954
2023Q3,SPOTTISWOODE SUITES,SPOTTISWOODE PARK ROAD,02,7.62,6.88,8.08,28471.2905,28732.54477
2023Q4,SPOTTISWOODE SUITES,SPOTTISWOODE PARK ROAD,02,7.48,6.8,7.8,28471.2905,28732.54477
2024Q1,SPOTTISWOODE SUITES,SPOTTISWOODE PARK ROAD,02,7.02,5.7,7.63,28471.2905,28732.54477
2024Q3,SPOTTISWOODE SUITES,SPOTTISWOODE PARK ROAD,02,7.25,6.64,7.48,28471.2905,28732.54477
2024Q4,SPOTTISWOODE SUITES,SPOTTISWOODE PARK ROAD,02,7.23,6.84,7.59,28471.2905,28732.54477
2024Q2,SPOTTISWOODE SUITES,SPOTTISWOODE PARK ROAD,02,6.88,5.7,7.25,28471.2905,28732.54477
2025Q1,SPOTTISWOODE SUITES,SPOTTISWOODE PARK ROAD,02,7.15,6.58,7.5,28471.2905,28732.54477
2026Q2,SPOTTISWOODE SUITES,SPOTTISWOODE PARK ROAD,02,6.88,6.32,7.75,28471.2905,28732.54477
2025Q4,SPOTTISWOODE SUITES,SPOTTISWOODE PARK ROAD,02,7.08,6.44,7.7,28471.2905,28732.54477
2026Q1,SPOTTISWOODE SUITES,SPOTTISWOODE PARK ROAD,02,7.3,6.88,7.74,28471.2905,28732.54477
2025Q2,SPOTTISWOODE SUITES,SPOTTISWOODE PARK ROAD,02,7.25,6.77,7.6,28471.2905,28732.54477
2025Q3,SPOTTISWOODE SUITES,SPOTTISWOODE PARK ROAD,02,7.08,6.14,7.41,28471.2905,28732.54477
2023Q3,OLEANAS RESIDENCE,KIM YAM ROAD,09,4.73,4.06,5.05,28610.49928,30654.98089
2024Q4,OLEANAS RESIDENCE,KIM YAM ROAD,09,4.53,4.12,4.68,28610.49928,30654.98089
2025Q1,OLEANAS RESIDENCE,KIM YAM ROAD,09,4.5,4.35,4.77,28610.49928,30654.98089
2026Q1,OLEANAS RESIDENCE,KIM YAM ROAD,09,4.71,4.5,4.88,28610.49928,30654.98089
2025Q2,OLEANAS RESIDENCE,KIM YAM ROAD,09,4.69,4.37,5.07,28610.49928,30654.98089
2025Q3,OLEANAS RESIDENCE,KIM YAM ROAD,09,4.5,4.33,4.72,28610.49928,30654.98089
2023Q4,THE JADE,BUKIT BATOK CENTRAL LINK,23,3.77,3.6,4.15,18599.9636,36799.17676
2023Q3,THE JADE,BUKIT BATOK CENTRAL LINK,23,3.95,3.77,4.19,18599.9636,36799.17676
2024Q3,THE JADE,BUKIT BATOK CENTRAL LINK,23,3.85,3.64,4.05,18599.9636,36799.17676
2024Q4,THE JADE,BUKIT BATOK CENTRAL LINK,23,3.86,3.68,3.95,18599.9636,36799.17676
2025Q1,THE JADE,BUKIT BATOK CENTRAL LINK,23,3.68,3.59,3.86,18599.9636,36799.17676
2026Q2,THE JADE,BUKIT BATOK CENTRAL LINK,23,3.83,3.76,3.99,18599.9636,36799.17676
2025Q4,THE JADE,BUKIT BATOK CENTRAL LINK,23,3.75,3.73,3.95,18599.9636,36799.17676
2025Q2,THE JADE,BUKIT BATOK CENTRAL LINK,23,3.88,3.78,3.95,18599.9636,36799.17676
2025Q3,THE JADE,BUKIT BATOK CENTRAL LINK,23,3.85,3.73,4.03,18599.9636,36799.17676
2024Q1,BURLINGTON SQUARE,BENCOOLEN STREET,07,5.34,5.18,5.55,30151.75611,31612.56419
2023Q4,BURLINGTON SQUARE,BENCOOLEN STREET,07,5.48,5.21,5.63,30151.75611,31612.56419
2023Q3,BURLINGTON SQUARE,BENCOOLEN STREET,07,5.73,5.13,6.03,30151.75611,31612.56419
2024Q4,BURLINGTON SQUARE,BENCOOLEN STREET,07,5.05,4.76,5.34,30151.75611,31612.56419
2024Q2,BURLINGTON SQUARE,BENCOOLEN STREET,07,4.98,4.21,5.38,30151.75611,31612.56419
2025Q1,BURLINGTON SQUARE,BENCOOLEN STREET,07,5.33,5.11,5.54,30151.75611,31612.56419
2024Q3,BURLINGTON SQUARE,BENCOOLEN STREET,07,5.37,5.18,5.68,30151.75611,31612.56419
2025Q4,BURLINGTON SQUARE,BENCOOLEN STREET,07,5.19,5.02,5.46,30151.75611,31612.56419
2026Q1,BURLINGTON SQUARE,BENCOOLEN STREET,07,5.44,5.28,5.59,30151.75611,31612.56419
2025Q2,BURLINGTON SQUARE,BENCOOLEN STREET,07,5.06,4.93,5.44,30151.75611,31612.56419
2025Q3,BURLINGTON SQUARE,BENCOOLEN STREET,07,5.51,5.19,5.75,30151.75611,31612.56419
2026Q2,BURLINGTON SQUARE,BENCOOLEN STREET,07,4.91,4.67,5.11,30151.75611,31612.56419
2023Q3,THE VISION,WEST COAST CRESCENT,05,4.98,4.59,5.12,20326.63361,31169.01672
2024Q1,THE VISION,WEST COAST CRESCENT,05,4.69,4.53,4.88,20326.63361,31169.01672
2025Q1,THE VISION,WEST COAST CRESCENT,05,4.61,4.41,4.91,20326.63361,31169.01672
2024Q3,THE VISION,WEST COAST CRESCENT,05,4.69,4.47,4.96,20326.63361,31169.01672
2026Q2,THE VISION,WEST COAST CRESCENT,05,4.7,4.42,4.87,20326.63361,31169.01672
2026Q1,THE VISION,WEST COAST CRESCENT,05,4.76,4.68,4.95,20326.63361,31169.01672
2025Q2,THE VISION,WEST COAST CRESCENT,05,4.65,4.59,5.02,20326.63361,31169.01672
2025Q3,THE VISION,WEST COAST CRESCENT,05,4.7,4.43,4.92,20326.63361,31169.01672
2024Q1,BULLION PARK,LENTOR LOOP,26,3.72,3.34,4.05,28241.68025,41583.60898
2023Q4,BULLION PARK,LENTOR LOOP,26,3.23,2.94,3.59,28241.68025,41583.60898
2023Q3,BULLION PARK,LENTOR LOOP,26,3.39,3.07,3.72,28241.68025,41583.60898
2024Q4,BULLION PARK,LENTOR LOOP,26,3.56,3.14,3.96,28241.68025,41583.60898
2024Q2,BULLION PARK,LENTOR LOOP,26,3.75,3.42,4.01,28241.68025,41583.60898
2025Q1,BULLION PARK,LENTOR LOOP,26,3.47,3.18,3.9,28241.68025,41583.60898
2024Q3,BULLION PARK,LENTOR LOOP,26,3.53,3.18,3.87,28241.68025,41583.60898
2025Q4,BULLION PARK,LENTOR LOOP,26,3.28,3.17,3.78,28241.68025,41583.60898
2026Q1,BULLION PARK,LENTOR LOOP,26,3.64,3.38,4.06,28241.68025,41583.60898
2025Q2,BULLION PARK,LENTOR LOOP,26,3.72,3.47,4.08,28241.68025,41583.60898
2025Q3,BULLION PARK,LENTOR LOOP,26,3.81,3.27,3.96,28241.68025,41583.60898
2026Q2,BULLION PARK,LENTOR LOOP,26,3.84,3.45,4.18,28241.68025,41583.60898
2024Q1,CUBE 8,THOMSON ROAD,11,4.7,4.41,5.04,28907.88866,34502.03697
2023Q4,CUBE 8,THOMSON ROAD,11,5.09,4.76,6.07,28907.88866,34502.03697
2023Q3,CUBE 8,THOMSON ROAD,11,4.98,4.78,5.9,28907.88866,34502.03697
2024Q3,CUBE 8,THOMSON ROAD,11,4.42,4.42,5.36,28907.88866,34502.03697
2024Q4,CUBE 8,THOMSON ROAD,11,5.26,4.66,5.81,28907.88866,34502.03697
2025Q1,CUBE 8,THOMSON ROAD,11,4.7,4.32,5.49,28907.88866,34502.03697
2025Q4,CUBE 8,THOMSON ROAD,11,4.79,4.65,5.81,28907.88866,34502.03697
2026Q1,CUBE 8,THOMSON ROAD,11,5.27,4.53,5.54,28907.88866,34502.03697
2025Q2,CUBE 8,THOMSON ROAD,11,5.36,4.79,6.07,28907.88866,34502.03697
2025Q3,CUBE 8,THOMSON ROAD,11,5.36,4.76,5.54,28907.88866,34502.03697
2024Q1,JERVOIS LODGE,JERVOIS ROAD,10,4.16,3.53,4.2,26870.9379,30737.80418
2023Q3,JERVOIS LODGE,JERVOIS ROAD,10,4.54,4.02,4.77,26870.9379,30737.80418
2025Q2,JERVOIS LODGE,JERVOIS ROAD,10,4.49,4.25,4.72,26870.9379,30737.80418
2025Q3,JERVOIS LODGE,JERVOIS ROAD,10,4.22,3.86,4.46,26870.9379,30737.80418
2024Q1,KENSINGTON SQUARE,JALAN LOKAM,19,5.38,3.98,5.7,33502.15467,36423.53292
2023Q3,KENSINGTON SQUARE,JALAN LOKAM,19,5.08,4.52,5.97,33502.15467,36423.53292
2024Q4,KENSINGTON SQUARE,JALAN LOKAM,19,5.38,3.86,5.95,33502.15467,36423.53292
2024Q2,KENSINGTON SQUARE,JALAN LOKAM,19,5.54,5.22,5.73,33502.15467,36423.53292
2025Q1,KENSINGTON SQUARE,JALAN LOKAM,19,4.89,4.77,5.05,33502.15467,36423.53292
2025Q3,KENSINGTON SQUARE,JALAN LOKAM,19,5.04,3.88,5.38,33502.15467,36423.53292
2026Q2,KENSINGTON SQUARE,JALAN LOKAM,19,5.22,5.13,5.64,33502.15467,36423.53292
2023Q4,PARC PALAIS,HUME AVENUE,21,3.54,3.37,3.63,20401.44464,37717.26702
2024Q1,PARC PALAIS,HUME AVENUE,21,3.57,3.36,3.8,20401.44464,37717.26702
2023Q3,PARC PALAIS,HUME AVENUE,21,3.52,3.37,3.73,20401.44464,37717.26702
2024Q3,PARC PALAIS,HUME AVENUE,21,3.41,3.21,3.64,20401.44464,37717.26702
2024Q4,PARC PALAIS,HUME AVENUE,21,3.53,3.17,3.7,20401.44464,37717.26702
2024Q2,PARC PALAIS,HUME AVENUE,21,3.55,3.12,3.61,20401.44464,37717.26702
2025Q1,PARC PALAIS,HUME AVENUE,21,3.48,3.37,3.67,20401.44464,37717.26702
2025Q4,PARC PALAIS,HUME AVENUE,21,3.37,3.28,3.6,20401.44464,37717.26702
2026Q1,PARC PALAIS,HUME AVENUE,21,3.61,3.46,3.79,20401.44464,37717.26702
2025Q2,PARC PALAIS,HUME AVENUE,21,3.53,3.34,3.68,20401.44464,37717.26702
2025Q3,PARC PALAIS,HUME AVENUE,21,3.41,3.23,3.55,20401.44464,37717.26702
2026Q2,PARC PALAIS,HUME AVENUE,21,3.48,3.36,3.66,20401.44464,37717.26702
2024Q1,DEVONSHIRE RESIDENCES,DEVONSHIRE ROAD,09,6.92,6.84,7.06,28458.33083,31239.6316
2023Q3,DEVONSHIRE RESIDENCES,DEVONSHIRE ROAD,09,7.67,7.27,8.71,28458.33083,31239.6316
2024Q4,DEVONSHIRE RESIDENCES,DEVONSHIRE ROAD,09,7.04,6.71,7.27,28458.33083,31239.6316
2024Q2,DEVONSHIRE RESIDENCES,DEVONSHIRE ROAD,09,6.72,6.54,6.92,28458.33083,31239.6316
2025Q1,DEVONSHIRE RESIDENCES,DEVONSHIRE ROAD,09,6.92,6.86,7.17,28458.33083,31239.6316
2025Q4,DEVONSHIRE RESIDENCES,DEVONSHIRE ROAD,09,6.79,6.66,6.87,28458.33083,31239.6316
2026Q1,DEVONSHIRE RESIDENCES,DEVONSHIRE ROAD,09,7.07,6.67,7.27,28458.33083,31239.6316
2025Q2,DEVONSHIRE RESIDENCES,DEVONSHIRE ROAD,09,6.92,6.54,7.09,28458.33083,31239.6316
2025Q3,DEVONSHIRE RESIDENCES,DEVONSHIRE ROAD,09,6.66,6.26,6.75,28458.33083,31239.6316
2026Q2,DEVONSHIRE RESIDENCES,DEVONSHIRE ROAD,09,6.79,6.46,6.92,28458.33083,31239.6316
2024Q3,STRATFORD COURT,BEDOK RIA CRESCENT,16,3.23,3.11,3.37,41128.01058,34527.48184
2026Q2,THE SIERRA,MOUNT SINAI DRIVE,10,4.12,3.84,4.79,22096.93022,33382.90658
2024Q3,PEARL BANK APARTMENT,PEARL BANK,03,7.66,7.19,7.96,28729.52546,29495.08115
2024Q3,HOLLAND RESIDENCES,TAMAN WARNA,10,5.53,5.24,5.6,24237.80112,32558.66002
2026Q2,PULLMAN RESIDENCES NEWTON,DUNEARN ROAD,11,8.21,7.49,8.64,28624.62973,32989.35951
2025Q4,PULLMAN RESIDENCES NEWTON,DUNEARN ROAD,11,7.99,7.45,8.43,28624.62973,32989.35951
2026Q1,PULLMAN RESIDENCES NEWTON,DUNEARN ROAD,11,8.43,7.49,8.72,28624.62973,32989.35951
2025Q2,PULLMAN RESIDENCES NEWTON,DUNEARN ROAD,11,7.42,7.05,8.21,28624.62973,32989.35951
2025Q3,PULLMAN RESIDENCES NEWTON,DUNEARN ROAD,11,7.34,7.03,8.21,28624.62973,32989.35951
2023Q3,THE CREST,PRINCE CHARLES CRESCENT,03,6.1,5.46,6.34,26435.01535,30612.72234
2023Q4,THE CREST,PRINCE CHARLES CRESCENT,03,5.96,5.43,6.36,26435.01535,30612.72234
2024Q1,THE CREST,PRINCE CHARLES CRESCENT,03,5.93,5.57,6.16,26435.01535,30612.72234
2024Q3,THE CREST,PRINCE CHARLES CRESCENT,03,5.46,5.02,5.78,26435.01535,30612.72234
2024Q4,THE CREST,PRINCE CHARLES CRESCENT,03,5.81,5.38,6.25,26435.01535,30612.72234
2024Q2,THE CREST,PRINCE CHARLES CRESCENT,03,5.86,5.44,6.04,26435.01535,30612.72234
2025Q1,THE CREST,PRINCE CHARLES CRESCENT,03,5.61,5.35,5.85,26435.01535,30612.72234
2026Q2,THE CREST,PRINCE CHARLES CRESCENT,03,5.51,5.33,5.81,26435.01535,30612.72234
2025Q4,THE CREST,PRINCE CHARLES CRESCENT,03,5.41,5.11,5.55,26435.01535,30612.72234
2026Q1,THE CREST,PRINCE CHARLES CRESCENT,03,5.49,5.22,5.78,26435.01535,30612.72234
2025Q2,THE CREST,PRINCE CHARLES CRESCENT,03,5.69,5.39,5.9,26435.01535,30612.72234
2025Q3,THE CREST,PRINCE CHARLES CRESCENT,03,5.72,5.22,6,26435.01535,30612.72234
2023Q4,SUNSHINE PLAZA,PRINSEP LINK,07,5.05,4.47,5.69,29923.38616,31415.8189
2023Q3,SUNSHINE PLAZA,PRINSEP LINK,07,5.63,5.31,5.9,29923.38616,31415.8189
2024Q3,SUNSHINE PLAZA,PRINSEP LINK,07,5.33,4.81,5.61,29923.38616,31415.8189
2024Q4,SUNSHINE PLAZA,PRINSEP LINK,07,5.25,4.58,5.68,29923.38616,31415.8189
2024Q2,SUNSHINE PLAZA,PRINSEP LINK,07,5.08,4.79,5.52,29923.38616,31415.8189
2025Q1,SUNSHINE PLAZA,PRINSEP LINK,07,5.04,4.32,5.64,29923.38616,31415.8189
2026Q2,SUNSHINE PLAZA,PRINSEP LINK,07,5.38,5.13,5.72,29923.38616,31415.8189
2025Q3,SUNSHINE PLAZA,PRINSEP LINK,07,5.57,4.84,5.64,29923.38616,31415.8189
2023Q3,BOTANIC GARDENS MANSION,TAMAN SERASI,10,4.08,3.79,4.34,26546.22292,32282.89811
2025Q4,BOTANIC GARDENS MANSION,TAMAN SERASI,10,4.13,3.75,4.34,26546.22292,32282.89811
2025Q3,BOTANIC GARDENS MANSION,TAMAN SERASI,10,3.88,3.7,4.25,26546.22292,32282.89811
2023Q4,NATURA@HILLVIEW,HILLVIEW TERRACE,23,5.53,5.31,5.74,19713.27195,37255.21601
2024Q1,NATURA@HILLVIEW,HILLVIEW TERRACE,23,5.57,5.25,5.98,19713.27195,37255.21601
2023Q3,NATURA@HILLVIEW,HILLVIEW TERRACE,23,5.69,5.42,6.08,19713.27195,37255.21601
2024Q3,NATURA@HILLVIEW,HILLVIEW TERRACE,23,5.54,5.31,5.7,19713.27195,37255.21601
2024Q4,NATURA@HILLVIEW,HILLVIEW TERRACE,23,5.33,5.2,5.57,19713.27195,37255.21601
2024Q2,NATURA@HILLVIEW,HILLVIEW TERRACE,23,5.57,5.31,5.86,19713.27195,37255.21601
2025Q1,NATURA@HILLVIEW,HILLVIEW TERRACE,23,5.53,5.2,5.83,19713.27195,37255.21601
2025Q4,NATURA@HILLVIEW,HILLVIEW TERRACE,23,5.31,5.12,5.78,19713.27195,37255.21601
2026Q1,NATURA@HILLVIEW,HILLVIEW TERRACE,23,5.38,5.2,5.57,19713.27195,37255.21601
2025Q2,NATURA@HILLVIEW,HILLVIEW TERRACE,23,5.31,5.09,5.61,19713.27195,37255.21601
2025Q3,NATURA@HILLVIEW,HILLVIEW TERRACE,23,5.5,5.2,5.63,19713.27195,37255.21601
2026Q2,NATURA@HILLVIEW,HILLVIEW TERRACE,23,5.51,5.22,5.75,19713.27195,37255.21601
2023Q4,NINE RESIDENCES,YISHUN AVENUE 9,27,4.4,4.25,5.01,28945.32823,46128.49666
2024Q1,NINE RESIDENCES,YISHUN AVENUE 9,27,4.54,3.93,4.83,28945.32823,46128.49666
2023Q3,NINE RESIDENCES,YISHUN AVENUE 9,27,4.9,4.31,5.1,28945.32823,46128.49666
2024Q3,NINE RESIDENCES,YISHUN AVENUE 9,27,4.49,4.25,4.93,28945.32823,46128.49666
2025Q4,NINE RESIDENCES,YISHUN AVENUE 9,27,4.43,4.2,4.57,28945.32823,46128.49666
2026Q1,NINE RESIDENCES,YISHUN AVENUE 9,27,4.54,4.41,4.75,28945.32823,46128.49666
2025Q3,NINE RESIDENCES,YISHUN AVENUE 9,27,4.68,4.54,4.91,28945.32823,46128.49666
2026Q2,NINE RESIDENCES,YISHUN AVENUE 9,27,4.57,4.29,4.93,28945.32823,46128.49666
2024Q3,ISLAND VIEW,JALAN MAT JAMBOL,05,2.38,2.25,2.64,23580.50057,29089.91146
2023Q3,THE ESTA,AMBER GARDENS,15,4.95,4.67,5.21,35415.73097,31634.19509
2023Q4,THE ESTA,AMBER GARDENS,15,4.95,4.8,5.05,35415.73097,31634.19509
2024Q1,THE ESTA,AMBER GARDENS,15,4.75,4.57,5.02,35415.73097,31634.19509
2024Q3,THE ESTA,AMBER GARDENS,15,4.77,4.54,5.09,35415.73097,31634.19509
2024Q4,THE ESTA,AMBER GARDENS,15,4.9,4.73,5.22,35415.73097,31634.19509
2024Q2,THE ESTA,AMBER GARDENS,15,4.77,4.5,4.92,35415.73097,31634.19509
2025Q1,THE ESTA,AMBER GARDENS,15,4.84,4.61,5,35415.73097,31634.19509
2026Q2,THE ESTA,AMBER GARDENS,15,4.9,4.87,4.96,35415.73097,31634.19509
2025Q4,THE ESTA,AMBER GARDENS,15,4.91,4.76,5.1,35415.73097,31634.19509
2026Q1,THE ESTA,AMBER GARDENS,15,4.86,4.7,5.13,35415.73097,31634.19509
2025Q2,THE ESTA,AMBER GARDENS,15,4.92,4.71,5.18,35415.73097,31634.19509
2025Q3,THE ESTA,AMBER GARDENS,15,4.91,4.65,5.05,35415.73097,31634.19509
2023Q4,LAKE GRANDE,JURONG LAKE LINK,22,6.74,6.18,7.19,15826.82514,36420.42688
2024Q1,LAKE GRANDE,JURONG LAKE LINK,22,6.32,5.81,6.97,15826.82514,36420.42688
2023Q3,LAKE GRANDE,JURONG LAKE LINK,22,6.37,5.87,6.91,15826.82514,36420.42688
2024Q3,LAKE GRANDE,JURONG LAKE LINK,22,6.09,5.68,6.52,15826.82514,36420.42688
2024Q4,LAKE GRANDE,JURONG LAKE LINK,22,6.52,5.8,7.16,15826.82514,36420.42688
2024Q2,LAKE GRANDE,JURONG LAKE LINK,22,6.19,5.56,6.58,15826.82514,36420.42688
2025Q1,LAKE GRANDE,JURONG LAKE LINK,22,6.03,5.54,6.57,15826.82514,36420.42688
2025Q4,LAKE GRANDE,JURONG LAKE LINK,22,6.24,5.54,6.57,15826.82514,36420.42688
2026Q1,LAKE GRANDE,JURONG LAKE LINK,22,6.27,5.68,6.77,15826.82514,36420.42688
2025Q2,LAKE GRANDE,JURONG LAKE LINK,22,6.08,5.58,6.67,15826.82514,36420.42688
2025Q3,LAKE GRANDE,JURONG LAKE LINK,22,6.03,5.55,6.58,15826.82514,36420.42688
2026Q2,LAKE GRANDE,JURONG LAKE LINK,22,5.97,5.59,6.58,15826.82514,36420.42688
2024Q3,PARC SEABREEZE,JOO CHIAT ROAD,15,4.64,4.43,4.77,36073.31887,31814.3211
2023Q4,PEBBLE BAY,TANJONG RHU ROAD,15,4.54,4.27,4.93,32189.59474,31167.74971
2024Q1,PEBBLE BAY,TANJONG RHU ROAD,15,4.37,4.22,4.69,32189.59474,31167.74971
2023Q3,PEBBLE BAY,TANJONG RHU ROAD,15,4.5,4.14,4.78,32189.59474,31167.74971
2024Q3,PEBBLE BAY,TANJONG RHU ROAD,15,4.49,4.19,4.83,32189.59474,31167.74971
2024Q4,PEBBLE BAY,TANJONG RHU ROAD,15,4.23,4.12,4.59,32189.59474,31167.74971
2024Q2,PEBBLE BAY,TANJONG RHU ROAD,15,4.47,4.06,4.77,32189.59474,31167.74971
2025Q1,PEBBLE BAY,TANJONG RHU ROAD,15,4.45,4.24,4.74,32189.59474,31167.74971
2026Q2,PEBBLE BAY,TANJONG RHU ROAD,15,4.6,4.47,4.79,32189.59474,31167.74971
2025Q4,PEBBLE BAY,TANJONG RHU ROAD,15,4.65,4.42,4.93,32189.59474,31167.74971
2026Q1,PEBBLE BAY,TANJONG RHU ROAD,15,4.47,4.33,4.79,32189.59474,31167.74971
2025Q2,PEBBLE BAY,TANJONG RHU ROAD,15,4.37,4.2,4.53,32189.59474,31167.74971
2025Q3,PEBBLE BAY,TANJONG RHU ROAD,15,4.59,4.33,4.75,32189.59474,31167.74971
2025Q2,HILLVIEW 128,HILLVIEW AVENUE,23,3.52,3.42,3.61,19941.45121,37673.37198
2023Q4,ORCHARD SCOTTS,ANTHONY ROAD,09,5.05,4.53,5.96,28564.11797,32434.83936
2024Q1,ORCHARD SCOTTS,ANTHONY ROAD,09,5.3,4.96,5.8,28564.11797,32434.83936
2023Q3,ORCHARD SCOTTS,ANTHONY ROAD,09,5.21,4.69,5.53,28564.11797,32434.83936
2024Q3,ORCHARD SCOTTS,ANTHONY ROAD,09,5.09,4.74,5.78,28564.11797,32434.83936
2024Q4,ORCHARD SCOTTS,ANTHONY ROAD,09,5,4.7,5.76,28564.11797,32434.83936
2024Q2,ORCHARD SCOTTS,ANTHONY ROAD,09,5.37,4.56,5.9,28564.11797,32434.83936
2025Q1,ORCHARD SCOTTS,ANTHONY ROAD,09,5.26,4.73,5.55,28564.11797,32434.83936
2025Q4,ORCHARD SCOTTS,ANTHONY ROAD,09,5.46,4.91,5.66,28564.11797,32434.83936
2026Q1,ORCHARD SCOTTS,ANTHONY ROAD,09,5.14,4.91,5.62,28564.11797,32434.83936
2025Q2,ORCHARD SCOTTS,ANTHONY ROAD,09,5.34,5.07,5.86,28564.11797,32434.83936
2025Q3,ORCHARD SCOTTS,ANTHONY ROAD,09,4.93,4.51,5.52,28564.11797,32434.83936
2026Q2,ORCHARD SCOTTS,ANTHONY ROAD,09,4.83,4.75,5.81,28564.11797,32434.83936
2023Q4,AMARYLLIS VILLE,NEWTON ROAD,11,5.86,5.45,6.01,28967.16169,32999.87343
2023Q3,AMARYLLIS VILLE,NEWTON ROAD,11,5.64,5.38,5.86,28967.16169,32999.87343
2024Q1,AMARYLLIS VILLE,NEWTON ROAD,11,5.45,5.25,5.65,28967.16169,32999.87343
2024Q4,AMARYLLIS VILLE,NEWTON ROAD,11,5.1,4.9,5.71,28967.16169,32999.87343
2024Q2,AMARYLLIS VILLE,NEWTON ROAD,11,5.31,5.22,5.68,28967.16169,32999.87343
2025Q1,AMARYLLIS VILLE,NEWTON ROAD,11,5.14,4.85,5.26,28967.16169,32999.87343
2024Q3,AMARYLLIS VILLE,NEWTON ROAD,11,5.31,4.95,5.54,28967.16169,32999.87343
2025Q4,AMARYLLIS VILLE,NEWTON ROAD,11,5.21,4.95,5.64,28967.16169,32999.87343
2026Q1,AMARYLLIS VILLE,NEWTON ROAD,11,5.33,5.14,5.53,28967.16169,32999.87343
2025Q2,AMARYLLIS VILLE,NEWTON ROAD,11,5.25,5.08,5.53,28967.16169,32999.87343
2025Q3,AMARYLLIS VILLE,NEWTON ROAD,11,5.41,5.16,5.98,28967.16169,32999.87343
2026Q2,AMARYLLIS VILLE,NEWTON ROAD,11,5.32,5.19,5.74,28967.16169,32999.87343
2023Q4,ARDMORE PARK,ARDMORE PARK,10,6.59,6.24,7.28,27582.07465,32534.29099
2023Q3,ARDMORE PARK,ARDMORE PARK,10,6.93,6.76,7.63,27582.07465,32534.29099
2024Q1,ARDMORE PARK,ARDMORE PARK,10,6.41,5.94,6.85,27582.07465,32534.29099
2024Q4,ARDMORE PARK,ARDMORE PARK,10,6.24,5.89,6.41,27582.07465,32534.29099
2024Q2,ARDMORE PARK,ARDMORE PARK,10,6.38,6.24,6.79,27582.07465,32534.29099
2025Q1,ARDMORE PARK,ARDMORE PARK,10,6.41,6.17,6.59,27582.07465,32534.29099
2024Q3,ARDMORE PARK,ARDMORE PARK,10,6.38,6.24,6.69,27582.07465,32534.29099
2025Q4,ARDMORE PARK,ARDMORE PARK,10,6.36,6.24,6.59,27582.07465,32534.29099
2026Q1,ARDMORE PARK,ARDMORE PARK,10,6.47,6.24,6.82,27582.07465,32534.29099
2025Q2,ARDMORE PARK,ARDMORE PARK,10,6.5,6.27,6.59,27582.07465,32534.29099
2025Q3,ARDMORE PARK,ARDMORE PARK,10,6.59,6.24,6.93,27582.07465,32534.29099
2023Q3,VIZ AT HOLLAND,QUEENSWAY,10,5.54,5.23,6.41,24511.73535,32313.33104
2023Q4,VIZ AT HOLLAND,QUEENSWAY,10,5.38,4.92,5.69,24511.73535,32313.33104
2024Q3,VIZ AT HOLLAND,QUEENSWAY,10,5.01,4.66,5.96,24511.73535,32313.33104
2025Q3,VIZ AT HOLLAND,QUEENSWAY,10,4.97,4.41,5.2,24511.73535,32313.33104
2025Q4,VIZ AT HOLLAND,QUEENSWAY,10,4.84,4.6,5.33,24511.73535,32313.33104
2024Q1,VIZ AT HOLLAND,QUEENSWAY,10,5.23,4.72,5.76,24511.73535,32313.33104
2026Q1,VIZ AT HOLLAND,QUEENSWAY,10,4.78,4.58,5.44,24511.73535,32313.33104
2026Q2,VIZ AT HOLLAND,QUEENSWAY,10,5.23,4.63,5.72,24511.73535,32313.33104
2023Q4,LOYANG VALLEY,LOYANG AVENUE,17,2.36,1.96,2.68,43280.8406,39019.82039
2024Q1,LOYANG VALLEY,LOYANG AVENUE,17,2.47,2.35,2.65,43280.8406,39019.82039
2023Q3,LOYANG VALLEY,LOYANG AVENUE,17,2.64,2.36,2.69,43280.8406,39019.82039
2024Q3,LOYANG VALLEY,LOYANG AVENUE,17,2.31,2.24,2.59,43280.8406,39019.82039
2024Q4,LOYANG VALLEY,LOYANG AVENUE,17,2.31,2.12,2.88,43280.8406,39019.82039
2024Q2,LOYANG VALLEY,LOYANG AVENUE,17,2.56,2.29,2.86,43280.8406,39019.82039
2025Q1,LOYANG VALLEY,LOYANG AVENUE,17,2.36,2.26,2.47,43280.8406,39019.82039
2026Q1,LOYANG VALLEY,LOYANG AVENUE,17,2.61,2.35,2.75,43280.8406,39019.82039
2025Q2,LOYANG VALLEY,LOYANG AVENUE,17,2.56,2.21,2.71,43280.8406,39019.82039
2025Q3,LOYANG VALLEY,LOYANG AVENUE,17,2.56,2.33,2.69,43280.8406,39019.82039
2026Q2,LOYANG VALLEY,LOYANG AVENUE,17,2.4,2.1,2.71,43280.8406,39019.82039
2024Q1,OCEAN PARK,EAST COAST ROAD,15,3.39,3.11,3.64,37526.74814,32297.4164
2023Q3,OCEAN PARK,EAST COAST ROAD,15,3.48,3.32,3.7,37526.74814,32297.4164
2024Q3,OCEAN PARK,EAST COAST ROAD,15,3.52,3.1,3.57,37526.74814,32297.4164
2025Q1,OCEAN PARK,EAST COAST ROAD,15,3.41,3.32,3.79,37526.74814,32297.4164
2026Q1,OCEAN PARK,EAST COAST ROAD,15,3.61,3.51,3.77,37526.74814,32297.4164
2025Q2,OCEAN PARK,EAST COAST ROAD,15,3.63,3.32,3.78,37526.74814,32297.4164
2025Q3,OCEAN PARK,EAST COAST ROAD,15,3.46,3.36,3.56,37526.74814,32297.4164
2025Q3,ASTON MANSIONS,LORONG 42 GEYLANG,14,4.21,4.03,4.32,34369.72732,32906.76696
2024Q1,CHILTERN PARK,SERANGOON AVENUE 3,19,3.7,3.54,4.06,31346.40717,36947.73494
2023Q4,CHILTERN PARK,SERANGOON AVENUE 3,19,3.58,3.38,3.93,31346.40717,36947.73494
2023Q3,CHILTERN PARK,SERANGOON AVENUE 3,19,3.63,3.37,3.85,31346.40717,36947.73494
2024Q3,CHILTERN PARK,SERANGOON AVENUE 3,19,3.86,3.67,4,31346.40717,36947.73494
2024Q4,CHILTERN PARK,SERANGOON AVENUE 3,19,3.81,3.43,4.01,31346.40717,36947.73494
2024Q2,CHILTERN PARK,SERANGOON AVENUE 3,19,4.01,3.8,4.27,31346.40717,36947.73494
2025Q1,CHILTERN PARK,SERANGOON AVENUE 3,19,3.81,3.54,4.03,31346.40717,36947.73494
2025Q4,CHILTERN PARK,SERANGOON AVENUE 3,19,3.82,3.61,3.92,31346.40717,36947.73494
2026Q1,CHILTERN PARK,SERANGOON AVENUE 3,19,3.82,3.49,4.16,31346.40717,36947.73494
2025Q2,CHILTERN PARK,SERANGOON AVENUE 3,19,4.06,3.91,4.11,31346.40717,36947.73494
2025Q3,CHILTERN PARK,SERANGOON AVENUE 3,19,3.67,3.37,3.85,31346.40717,36947.73494
2026Q2,CHILTERN PARK,SERANGOON AVENUE 3,19,4,3.87,4.21,31346.40717,36947.73494
2024Q1,JUI RESIDENCES,SERANGOON ROAD,12,5.86,5.29,6.48,31645.74605,34284.62102
2025Q3,JUI RESIDENCES,SERANGOON ROAD,12,5.39,5.13,5.72,31645.74605,34284.62102
2023Q3,ONE OXLEY RISE,OXLEY RISE,09,5.63,5.34,6.05,28928.35561,31282.48733
2024Q3,ONE OXLEY RISE,OXLEY RISE,09,5.43,4.61,5.78,28928.35561,31282.48733
2024Q4,ONE OXLEY RISE,OXLEY RISE,09,5.48,5.35,6.01,28928.35561,31282.48733
2025Q1,ONE OXLEY RISE,OXLEY RISE,09,5.28,4.96,5.51,28928.35561,31282.48733
2025Q2,ONE OXLEY RISE,OXLEY RISE,09,5.04,4.93,5.45,28928.35561,31282.48733
2025Q3,ONE OXLEY RISE,OXLEY RISE,09,5.44,4.92,5.62,28928.35561,31282.48733
2023Q3,HELIOS RESIDENCES,CAIRNHILL CIRCLE,09,5.94,5.48,6.13,28547.40787,32118.91426
2024Q3,HELIOS RESIDENCES,CAIRNHILL CIRCLE,09,5.53,4.96,5.93,28547.40787,32118.91426
2024Q4,HELIOS RESIDENCES,CAIRNHILL CIRCLE,09,5.4,5.26,5.61,28547.40787,32118.91426
2024Q2,HELIOS RESIDENCES,CAIRNHILL CIRCLE,09,5.75,5.48,6.18,28547.40787,32118.91426
2025Q1,HELIOS RESIDENCES,CAIRNHILL CIRCLE,09,5.58,5.19,5.67,28547.40787,32118.91426
2026Q2,HELIOS RESIDENCES,CAIRNHILL CIRCLE,09,5.76,5.51,6.06,28547.40787,32118.91426
2023Q3,ROBINSON SUITES,ROBINSON ROAD,01,7.82,7.64,8.1,29846.63542,29255.88268
2023Q4,ROBINSON SUITES,ROBINSON ROAD,01,7.57,7.33,7.95,29846.63542,29255.88268
2024Q1,ROBINSON SUITES,ROBINSON ROAD,01,7.43,7.01,7.51,29846.63542,29255.88268
2024Q3,ROBINSON SUITES,ROBINSON ROAD,01,7.13,6.7,7.32,29846.63542,29255.88268
2024Q4,ROBINSON SUITES,ROBINSON ROAD,01,7.25,7.05,7.46,29846.63542,29255.88268
2024Q2,ROBINSON SUITES,ROBINSON ROAD,01,7.02,6.64,7.47,29846.63542,29255.88268
2025Q1,ROBINSON SUITES,ROBINSON ROAD,01,7.46,7.07,7.71,29846.63542,29255.88268
2026Q2,ROBINSON SUITES,ROBINSON ROAD,01,7.23,6.84,7.49,29846.63542,29255.88268
2025Q4,ROBINSON SUITES,ROBINSON ROAD,01,7.27,6.99,7.64,29846.63542,29255.88268
2026Q1,ROBINSON SUITES,ROBINSON ROAD,01,7.17,6.88,7.69,29846.63542,29255.88268
2025Q2,ROBINSON SUITES,ROBINSON ROAD,01,7.31,7.07,7.64,29846.63542,29255.88268
2025Q3,ROBINSON SUITES,ROBINSON ROAD,01,7.23,6.85,7.63,29846.63542,29255.88268
2023Q3,THE ATRIA AT MEYER,MEYER ROAD,15,3.73,3.62,4.06,34201.43633,31016.00552
2023Q4,THE ATRIA AT MEYER,MEYER ROAD,15,4.09,3.73,4.19,34201.43633,31016.00552
2024Q3,THE ATRIA AT MEYER,MEYER ROAD,15,3.87,3.62,4.05,34201.43633,31016.00552
2024Q2,THE ATRIA AT MEYER,MEYER ROAD,15,3.88,3.73,4.11,34201.43633,31016.00552
2026Q2,THE ATRIA AT MEYER,MEYER ROAD,15,4.24,3.93,4.31,34201.43633,31016.00552
2025Q4,THE ATRIA AT MEYER,MEYER ROAD,15,4.21,3.93,4.27,34201.43633,31016.00552
2025Q3,THE ATRIA AT MEYER,MEYER ROAD,15,4.02,3.93,4.21,34201.43633,31016.00552
2024Q1,HAIG COURT,HAIG ROAD,15,3.58,3.47,3.82,35168.32662,32070.0053
2023Q3,HAIG COURT,HAIG ROAD,15,3.81,3.41,4.22,35168.32662,32070.0053
2024Q3,HAIG COURT,HAIG ROAD,15,3.67,3.52,3.93,35168.32662,32070.0053
2024Q4,HAIG COURT,HAIG ROAD,15,3.92,3.58,4,35168.32662,32070.0053
2024Q2,HAIG COURT,HAIG ROAD,15,3.87,3.68,4.13,35168.32662,32070.0053
2025Q1,HAIG COURT,HAIG ROAD,15,3.6,3.39,3.68,35168.32662,32070.0053
2026Q1,HAIG COURT,HAIG ROAD,15,3.58,3.29,3.99,35168.32662,32070.0053
2025Q2,HAIG COURT,HAIG ROAD,15,3.81,3.63,3.95,35168.32662,32070.0053
2026Q2,HAIG COURT,HAIG ROAD,15,3.88,3.49,4.05,35168.32662,32070.0053
2024Q1,THE INFLORA,FLORA DRIVE,17,5.29,4.36,5.62,42789.93839,37587.80672
2023Q4,THE INFLORA,FLORA DRIVE,17,4.54,4.16,5.26,42789.93839,37587.80672
2023Q3,THE INFLORA,FLORA DRIVE,17,4.65,4.05,5.62,42789.93839,37587.80672
2024Q3,THE INFLORA,FLORA DRIVE,17,4.51,3.67,5.4,42789.93839,37587.80672
2024Q4,THE INFLORA,FLORA DRIVE,17,4.44,3.73,5.18,42789.93839,37587.80672
2024Q2,THE INFLORA,FLORA DRIVE,17,4.31,4.04,4.93,42789.93839,37587.80672
2025Q1,THE INFLORA,FLORA DRIVE,17,4.38,3.77,4.97,42789.93839,37587.80672
2026Q2,THE INFLORA,FLORA DRIVE,17,5.23,4.14,5.43,42789.93839,37587.80672
2025Q4,THE INFLORA,FLORA DRIVE,17,4.28,3.7,4.72,42789.93839,37587.80672
2026Q1,THE INFLORA,FLORA DRIVE,17,4.48,4.11,5.4,42789.93839,37587.80672
2025Q2,THE INFLORA,FLORA DRIVE,17,4.89,4.04,5.51,42789.93839,37587.80672
2025Q3,THE INFLORA,FLORA DRIVE,17,4.16,3.77,4.96,42789.93839,37587.80672
2024Q1,THE LANAI,HILLVIEW AVENUE,23,4.15,3.97,4.31,20032.55215,37553.37438
2023Q4,THE LANAI,HILLVIEW AVENUE,23,4.18,4.07,4.31,20032.55215,37553.37438
2023Q3,THE LANAI,HILLVIEW AVENUE,23,4.31,4.19,4.34,20032.55215,37553.37438
2024Q3,THE LANAI,HILLVIEW AVENUE,23,4.1,3.91,4.18,20032.55215,37553.37438
2024Q4,THE LANAI,HILLVIEW AVENUE,23,4.07,3.97,4.2,20032.55215,37553.37438
2024Q2,THE LANAI,HILLVIEW AVENUE,23,4.12,3.97,4.26,20032.55215,37553.37438
2025Q1,THE LANAI,HILLVIEW AVENUE,23,4.22,4.18,4.61,20032.55215,37553.37438
2026Q2,THE LANAI,HILLVIEW AVENUE,23,4.26,4.11,4.33,20032.55215,37553.37438
2026Q1,THE LANAI,HILLVIEW AVENUE,23,4.18,4.07,4.38,20032.55215,37553.37438
2025Q2,THE LANAI,HILLVIEW AVENUE,23,4.14,3.97,4.26,20032.55215,37553.37438
2025Q3,THE LANAI,HILLVIEW AVENUE,23,4.07,3.91,4.22,20032.55215,37553.37438
2023Q3,THE WATERINA,LORONG 40 GEYLANG,14,4.03,3.86,4.36,34334.00145,32744.12386
2023Q4,THE WATERINA,LORONG 40 GEYLANG,14,4.22,3.92,4.47,34334.00145,32744.12386
2024Q1,THE WATERINA,LORONG 40 GEYLANG,14,4.38,4,4.58,34334.00145,32744.12386
2025Q1,THE WATERINA,LORONG 40 GEYLANG,14,4.41,4.18,4.63,34334.00145,32744.12386
2024Q3,THE WATERINA,LORONG 40 GEYLANG,14,4.3,3.98,4.61,34334.00145,32744.12386
2024Q4,THE WATERINA,LORONG 40 GEYLANG,14,4.14,3.94,4.34,34334.00145,32744.12386
2024Q2,THE WATERINA,LORONG 40 GEYLANG,14,3.99,3.56,4.27,34334.00145,32744.12386
2025Q4,THE WATERINA,LORONG 40 GEYLANG,14,4.32,3.94,4.59,34334.00145,32744.12386
2026Q2,THE WATERINA,LORONG 40 GEYLANG,14,4.29,3.77,4.56,34334.00145,32744.12386
2026Q1,THE WATERINA,LORONG 40 GEYLANG,14,4.3,3.99,4.54,34334.00145,32744.12386
2025Q2,THE WATERINA,LORONG 40 GEYLANG,14,4.57,4.2,4.7,34334.00145,32744.12386
2025Q3,THE WATERINA,LORONG 40 GEYLANG,14,4.19,3.99,4.67,34334.00145,32744.12386
2023Q3,TRIBECA,KIM SENG ROAD,09,6.34,5.25,7.21,28122.03704,30376.19907
2023Q4,TRIBECA,KIM SENG ROAD,09,5.81,5.66,6.45,28122.03704,30376.19907
2024Q1,TRIBECA,KIM SENG ROAD,09,5.26,5.08,6.41,28122.03704,30376.19907
2025Q1,TRIBECA,KIM SENG ROAD,09,5.62,4.98,7.01,28122.03704,30376.19907
2024Q3,TRIBECA,KIM SENG ROAD,09,6.31,5.06,7.02,28122.03704,30376.19907
2024Q4,TRIBECA,KIM SENG ROAD,09,6.23,5.26,7.23,28122.03704,30376.19907
2024Q2,TRIBECA,KIM SENG ROAD,09,5.38,4.87,6.31,28122.03704,30376.19907
2025Q3,TRIBECA,KIM SENG ROAD,09,5.81,5.52,6.47,28122.03704,30376.19907
2025Q4,TRIBECA,KIM SENG ROAD,09,5.52,5.32,6.79,28122.03704,30376.19907
2026Q2,TRIBECA,KIM SENG ROAD,09,5.43,5,6.62,28122.03704,30376.19907
2026Q1,TRIBECA,KIM SENG ROAD,09,5.03,4.83,5.49,28122.03704,30376.19907
2025Q2,TRIBECA,KIM SENG ROAD,09,6.19,5.21,7.01,28122.03704,30376.19907
2023Q3,120 GRANGE,GRANGE ROAD,10,8.5,8.28,8.72,27138.2579,31363.99738
2024Q2,120 GRANGE,GRANGE ROAD,10,7.37,7.14,7.89,27138.2579,31363.99738
2025Q4,120 GRANGE,GRANGE ROAD,10,7.89,7.37,8.76,27138.2579,31363.99738
2026Q1,120 GRANGE,GRANGE ROAD,10,7.26,7.03,7.83,27138.2579,31363.99738
2025Q2,120 GRANGE,GRANGE ROAD,10,7.54,7.36,7.83,27138.2579,31363.99738
2023Q3,VIBES @ EAST COAST,TELOK KURAU ROAD,15,6.67,6.24,6.91,36716.59595,32427.68403
2024Q1,VIBES @ EAST COAST,TELOK KURAU ROAD,15,6.58,5.13,7.04,36716.59595,32427.68403
2025Q1,VIBES @ EAST COAST,TELOK KURAU ROAD,15,6.45,6.01,7.05,36716.59595,32427.68403
2024Q2,VIBES @ EAST COAST,TELOK KURAU ROAD,15,5.8,4.84,6.38,36716.59595,32427.68403
2024Q3,VIBES @ EAST COAST,TELOK KURAU ROAD,15,5.94,5.56,6.4,36716.59595,32427.68403
2024Q4,VIBES @ EAST COAST,TELOK KURAU ROAD,15,6.3,5.87,6.77,36716.59595,32427.68403
2025Q3,VIBES @ EAST COAST,TELOK KURAU ROAD,15,6.39,6.08,6.97,36716.59595,32427.68403
2025Q4,VIBES @ EAST COAST,TELOK KURAU ROAD,15,6.6,6.17,7,36716.59595,32427.68403
2026Q1,VIBES @ EAST COAST,TELOK KURAU ROAD,15,6.55,6.17,7,36716.59595,32427.68403
2025Q2,VIBES @ EAST COAST,TELOK KURAU ROAD,15,6.19,4.76,7.15,36716.59595,32427.68403
2026Q2,VIBES @ EAST COAST,TELOK KURAU ROAD,15,6.33,4.86,6.69,36716.59595,32427.68403
2023Q4,RIVER PLACE,HAVELOCK ROAD,03,4.84,4.65,5.19,28890.08609,30300.71804
2024Q1,RIVER PLACE,HAVELOCK ROAD,03,5.09,4.76,5.47,28890.08609,30300.71804
2023Q3,RIVER PLACE,HAVELOCK ROAD,03,5.15,4.85,5.62,28890.08609,30300.71804
2024Q3,RIVER PLACE,HAVELOCK ROAD,03,5.02,4.74,5.55,28890.08609,30300.71804
2024Q4,RIVER PLACE,HAVELOCK ROAD,03,4.99,4.41,5.29,28890.08609,30300.71804
2024Q2,RIVER PLACE,HAVELOCK ROAD,03,4.98,4.47,5.32,28890.08609,30300.71804
2025Q1,RIVER PLACE,HAVELOCK ROAD,03,4.96,4.65,5.31,28890.08609,30300.71804
2026Q2,RIVER PLACE,HAVELOCK ROAD,03,5.09,4.59,5.4,28890.08609,30300.71804
2025Q4,RIVER PLACE,HAVELOCK ROAD,03,4.98,4.6,5.32,28890.08609,30300.71804
2026Q1,RIVER PLACE,HAVELOCK ROAD,03,5.03,4.88,5.31,28890.08609,30300.71804
2025Q2,RIVER PLACE,HAVELOCK ROAD,03,5.02,4.75,5.27,28890.08609,30300.71804
2025Q3,RIVER PLACE,HAVELOCK ROAD,03,4.9,4.65,5.12,28890.08609,30300.71804
2025Q1,GOLD PALM MANSIONS,LORONG K TELOK KURAU,15,3.89,3.49,3.9,37104.20533,32938.67583
2023Q3,THE SUNNY SPRING,LORONG 40 GEYLANG,14,3.7,3.6,4.02,34254.03879,32714.60897
2023Q4,THE SUNNY SPRING,LORONG 40 GEYLANG,14,3.82,3.3,4.44,34254.03879,32714.60897
2024Q1,THE SUNNY SPRING,LORONG 40 GEYLANG,14,3.86,3.48,4.04,34254.03879,32714.60897
2025Q1,THE SUNNY SPRING,LORONG 40 GEYLANG,14,3.72,3.52,3.93,34254.03879,32714.60897
2024Q3,THE SUNNY SPRING,LORONG 40 GEYLANG,14,3.81,3.52,4.2,34254.03879,32714.60897
2024Q4,THE SUNNY SPRING,LORONG 40 GEYLANG,14,4.03,3.87,4.45,34254.03879,32714.60897
2024Q2,THE SUNNY SPRING,LORONG 40 GEYLANG,14,3.92,3.7,4.17,34254.03879,32714.60897
2025Q4,THE SUNNY SPRING,LORONG 40 GEYLANG,14,3.99,3.75,4.37,34254.03879,32714.60897
2026Q2,THE SUNNY SPRING,LORONG 40 GEYLANG,14,4.1,3.89,4.41,34254.03879,32714.60897
2026Q1,THE SUNNY SPRING,LORONG 40 GEYLANG,14,3.88,3.43,4.1,34254.03879,32714.60897
2025Q2,THE SUNNY SPRING,LORONG 40 GEYLANG,14,3.88,3.52,4.06,34254.03879,32714.60897
2025Q3,THE SUNNY SPRING,LORONG 40 GEYLANG,14,3.94,3.67,4.13,34254.03879,32714.60897
2023Q4,QUESTA @ DUNMAN,DUNMAN ROAD,15,5.2,4.94,5.39,35034.42829,32452.93895
2024Q1,QUESTA @ DUNMAN,DUNMAN ROAD,15,5.44,5.11,5.84,35034.42829,32452.93895
2024Q3,QUESTA @ DUNMAN,DUNMAN ROAD,15,4.98,4.78,5.57,35034.42829,32452.93895
2025Q1,QUESTA @ DUNMAN,DUNMAN ROAD,15,5,4.59,5.45,35034.42829,32452.93895
2026Q2,QUESTA @ DUNMAN,DUNMAN ROAD,15,5.13,4.92,5.39,35034.42829,32452.93895
2026Q1,QUESTA @ DUNMAN,DUNMAN ROAD,15,5.07,4.95,5.92,35034.42829,32452.93895
2025Q2,QUESTA @ DUNMAN,DUNMAN ROAD,15,4.96,4.55,5.24,35034.42829,32452.93895
2023Q4,RV EDGE,SHANGHAI ROAD,10,8.03,7.42,8.49,27411.83284,30813.68799
2024Q1,RV EDGE,SHANGHAI ROAD,10,7.74,7.15,8.09,27411.83284,30813.68799
2024Q3,RV EDGE,SHANGHAI ROAD,10,6.91,6.66,8.1,27411.83284,30813.68799
2024Q4,RV EDGE,SHANGHAI ROAD,10,7.81,7.33,8.23,27411.83284,30813.68799
2024Q2,RV EDGE,SHANGHAI ROAD,10,7.38,6.76,7.96,27411.83284,30813.68799
2025Q1,RV EDGE,SHANGHAI ROAD,10,7.83,7.09,7.96,27411.83284,30813.68799
2026Q2,RV EDGE,SHANGHAI ROAD,10,7.07,6.8,7.92,27411.83284,30813.68799
2025Q4,RV EDGE,SHANGHAI ROAD,10,8.04,7.62,8.23,27411.83284,30813.68799
2026Q1,RV EDGE,SHANGHAI ROAD,10,7.86,7.49,8.15,27411.83284,30813.68799
2025Q3,RV EDGE,SHANGHAI ROAD,10,7.7,6.77,8.15,27411.83284,30813.68799
2023Q3,MONTEREY PARK CONDOMINIUM,WEST COAST RISE,05,3.8,3.67,4.2,19126.65844,33235.62338
2024Q3,MONTEREY PARK CONDOMINIUM,WEST COAST RISE,05,3.69,3.67,3.89,19126.65844,33235.62338
2026Q1,MONTEREY PARK CONDOMINIUM,WEST COAST RISE,05,3.89,3.83,3.93,19126.65844,33235.62338
2025Q3,MONTEREY PARK CONDOMINIUM,WEST COAST RISE,05,3.81,3.53,4.05,19126.65844,33235.62338
2023Q3,THE WOODLEIGH RESIDENCES,BIDADARI PARK DRIVE,13,6.87,6.59,7.23,32273.33815,35589.86984
2023Q4,THE WOODLEIGH RESIDENCES,BIDADARI PARK DRIVE,13,6.76,6.58,7.03,32273.33815,35589.86984
2024Q1,THE WOODLEIGH RESIDENCES,BIDADARI PARK DRIVE,13,6.95,6.5,7.18,32273.33815,35589.86984
2025Q1,THE WOODLEIGH RESIDENCES,BIDADARI PARK DRIVE,13,6.84,6.7,7.16,32273.33815,35589.86984
2024Q3,THE WOODLEIGH RESIDENCES,BIDADARI PARK DRIVE,13,6.93,6.72,7.19,32273.33815,35589.86984
2024Q4,THE WOODLEIGH RESIDENCES,BIDADARI PARK DRIVE,13,6.78,6.64,7.13,32273.33815,35589.86984
2024Q2,THE WOODLEIGH RESIDENCES,BIDADARI PARK DRIVE,13,6.97,6.74,7.42,32273.33815,35589.86984
2025Q4,THE WOODLEIGH RESIDENCES,BIDADARI PARK DRIVE,13,6.97,6.67,7.1,32273.33815,35589.86984
2026Q2,THE WOODLEIGH RESIDENCES,BIDADARI PARK DRIVE,13,6.93,6.75,7.27,32273.33815,35589.86984
2026Q1,THE WOODLEIGH RESIDENCES,BIDADARI PARK DRIVE,13,7.06,6.84,7.31,32273.33815,35589.86984
2025Q2,THE WOODLEIGH RESIDENCES,BIDADARI PARK DRIVE,13,6.86,6.66,7.3,32273.33815,35589.86984
2025Q3,THE WOODLEIGH RESIDENCES,BIDADARI PARK DRIVE,13,6.89,6.59,7.2,32273.33815,35589.86984
2023Q3,THE ANTARES,MATTAR ROAD,14,6.68,6.28,6.85,33563.97799,34191.81057
2024Q3,THE ANTARES,MATTAR ROAD,14,6.29,5.81,6.46,33563.97799,34191.81057
2024Q2,THE ANTARES,MATTAR ROAD,14,5.96,5.7,6.62,33563.97799,34191.81057
2025Q1,THE ANTARES,MATTAR ROAD,14,6.44,6.27,6.89,33563.97799,34191.81057
2026Q2,THE ANTARES,MATTAR ROAD,14,6.26,6.01,6.64,33563.97799,34191.81057
2026Q1,THE ANTARES,MATTAR ROAD,14,6.53,6.29,7.08,33563.97799,34191.81057
2025Q2,THE ANTARES,MATTAR ROAD,14,6.1,5.76,6.4,33563.97799,34191.81057
2025Q3,THE ANTARES,MATTAR ROAD,14,6.29,5.89,6.8,33563.97799,34191.81057
2024Q1,SENGKANG GRAND RESIDENCES,COMPASSVALE BOW,19,5.93,5.45,6.33,34583.32338,40494.83073
2024Q3,SENGKANG GRAND RESIDENCES,COMPASSVALE BOW,19,5.1,4.8,5.85,34583.32338,40494.83073
2024Q4,SENGKANG GRAND RESIDENCES,COMPASSVALE BOW,19,5.27,4.97,5.61,34583.32338,40494.83073
2024Q2,SENGKANG GRAND RESIDENCES,COMPASSVALE BOW,19,5.19,4.8,5.93,34583.32338,40494.83073
2025Q1,SENGKANG GRAND RESIDENCES,COMPASSVALE BOW,19,6.19,5.15,6.33,34583.32338,40494.83073
2026Q2,SENGKANG GRAND RESIDENCES,COMPASSVALE BOW,19,5.38,5.04,6.33,34583.32338,40494.83073
2025Q4,SENGKANG GRAND RESIDENCES,COMPASSVALE BOW,19,5.5,5.01,6.3,34583.32338,40494.83073
2026Q1,SENGKANG GRAND RESIDENCES,COMPASSVALE BOW,19,6.01,5.53,6.39,34583.32338,40494.83073
2025Q2,SENGKANG GRAND RESIDENCES,COMPASSVALE BOW,19,5.25,4.92,6.33,34583.32338,40494.83073
2025Q3,SENGKANG GRAND RESIDENCES,COMPASSVALE BOW,19,5.53,5.13,6.33,34583.32338,40494.83073
2023Q4,QUEENS PEAK,DUNDEE ROAD,03,6.92,6.19,8.21,25067.12309,30753.6704
2024Q1,QUEENS PEAK,DUNDEE ROAD,03,6.74,6.23,7.7,25067.12309,30753.6704
2023Q3,QUEENS PEAK,DUNDEE ROAD,03,7.97,7.04,8.74,25067.12309,30753.6704
2024Q3,QUEENS PEAK,DUNDEE ROAD,03,7.2,6.41,7.66,25067.12309,30753.6704
2024Q4,QUEENS PEAK,DUNDEE ROAD,03,7.12,6.42,7.7,25067.12309,30753.6704
2024Q2,QUEENS PEAK,DUNDEE ROAD,03,7.44,6.82,7.92,25067.12309,30753.6704
2025Q1,QUEENS PEAK,DUNDEE ROAD,03,7.45,6.57,7.88,25067.12309,30753.6704
2026Q2,QUEENS PEAK,DUNDEE ROAD,03,7.7,6.89,8.02,25067.12309,30753.6704
2025Q4,QUEENS PEAK,DUNDEE ROAD,03,7.48,6.53,8,25067.12309,30753.6704
2026Q1,QUEENS PEAK,DUNDEE ROAD,03,7.23,6.49,7.9,25067.12309,30753.6704
2025Q2,QUEENS PEAK,DUNDEE ROAD,03,7.45,6.57,7.88,25067.12309,30753.6704
2025Q3,QUEENS PEAK,DUNDEE ROAD,03,7.29,6.73,7.93,25067.12309,30753.6704
2023Q3,VISIONCREST,OXLEY RISE,09,6.19,5.79,6.44,29076.93662,31172.6785
2023Q4,VISIONCREST,OXLEY RISE,09,6.05,5.81,6.24,29076.93662,31172.6785
2025Q1,VISIONCREST,OXLEY RISE,09,5.97,5.7,6.28,29076.93662,31172.6785
2024Q2,VISIONCREST,OXLEY RISE,09,5.77,5.56,6.17,29076.93662,31172.6785
2024Q3,VISIONCREST,OXLEY RISE,09,5.54,5.29,6.16,29076.93662,31172.6785
2024Q4,VISIONCREST,OXLEY RISE,09,5.72,5.6,6.03,29076.93662,31172.6785
2025Q3,VISIONCREST,OXLEY RISE,09,5.67,5.49,6.14,29076.93662,31172.6785
2025Q4,VISIONCREST,OXLEY RISE,09,5.9,5.72,6.1,29076.93662,31172.6785
2024Q1,VISIONCREST,OXLEY RISE,09,5.81,5.6,6.15,29076.93662,31172.6785
2026Q1,VISIONCREST,OXLEY RISE,09,5.78,5.56,5.95,29076.93662,31172.6785
2025Q2,VISIONCREST,OXLEY RISE,09,6.03,5.7,6.14,29076.93662,31172.6785
2026Q2,VISIONCREST,OXLEY RISE,09,5.88,5.61,6.28,29076.93662,31172.6785
2025Q3,RIVIERA RESIDENCES,RIVIERA DRIVE,16,4.09,3.71,4.32,40177.73387,33118.12675
2023Q3,THE GLYNDEBOURNE,TREVOSE CRESCENT,11,5.52,5.17,5.74,26925.8935,33821.11953
2023Q4,THE GLYNDEBOURNE,TREVOSE CRESCENT,11,5.05,4.4,5.39,26925.8935,33821.11953
2024Q3,THE GLYNDEBOURNE,TREVOSE CRESCENT,11,4.97,4.66,5.29,26925.8935,33821.11953
2024Q4,THE GLYNDEBOURNE,TREVOSE CRESCENT,11,5.12,4.57,5.35,26925.8935,33821.11953
2024Q2,THE GLYNDEBOURNE,TREVOSE CRESCENT,11,5.22,5.05,5.36,26925.8935,33821.11953
2025Q1,THE GLYNDEBOURNE,TREVOSE CRESCENT,11,4.8,4.57,5.3,26925.8935,33821.11953
2026Q2,THE GLYNDEBOURNE,TREVOSE CRESCENT,11,5.19,5.03,5.46,26925.8935,33821.11953
2025Q2,THE GLYNDEBOURNE,TREVOSE CRESCENT,11,5.12,4.55,5.62,26925.8935,33821.11953
2025Q3,THE GLYNDEBOURNE,TREVOSE CRESCENT,11,5.11,4.66,5.42,26925.8935,33821.11953
2024Q4,LOTUS AT PAYA LEBAR (WEST WING),LORONG 41 GEYLANG,14,4.84,4.72,5.04,34446.9067,33088.42795
2024Q2,LOTUS AT PAYA LEBAR (WEST WING),LORONG 41 GEYLANG,14,4.51,2.96,4.84,34446.9067,33088.42795
2026Q2,LOTUS AT PAYA LEBAR (WEST WING),LORONG 41 GEYLANG,14,4.8,2.73,5.28,34446.9067,33088.42795
2023Q3,THE SUMMIT,UPPER EAST COAST ROAD,16,3.64,2.88,3.75,39954.46609,33229.47997
2023Q4,THE SUMMIT,UPPER EAST COAST ROAD,16,3.44,3.22,3.52,39954.46609,33229.47997
2024Q1,THE SUMMIT,UPPER EAST COAST ROAD,16,3.47,3.26,3.86,39954.46609,33229.47997
2024Q3,THE SUMMIT,UPPER EAST COAST ROAD,16,3.24,2.92,3.48,39954.46609,33229.47997
2024Q4,THE SUMMIT,UPPER EAST COAST ROAD,16,3.39,3.31,3.69,39954.46609,33229.47997
2024Q2,THE SUMMIT,UPPER EAST COAST ROAD,16,3.19,3,3.59,39954.46609,33229.47997
2025Q4,THE SUMMIT,UPPER EAST COAST ROAD,16,3.31,3.21,3.7,39954.46609,33229.47997
2026Q2,THE SUMMIT,UPPER EAST COAST ROAD,16,3.47,3.23,3.57,39954.46609,33229.47997
2026Q1,THE SUMMIT,UPPER EAST COAST ROAD,16,3.6,3.32,4.05,39954.46609,33229.47997
2025Q3,THE SUMMIT,UPPER EAST COAST ROAD,16,3.46,2.94,3.64,39954.46609,33229.47997
2026Q2,PERFECT TEN,BUKIT TIMAH ROAD,10,7,6.81,7.38,27961.0167399887,33266.7685795314
2026Q1,PERFECT TEN,BUKIT TIMAH ROAD,10,7.3,7.02,7.54,27961.0167399887,33266.7685795314
2024Q1,THE HILLFORD,JALAN JURONG KECHIL,21,6.78,6.78,7.03,20898.5382,36265.22412
2023Q4,THE HILLFORD,JALAN JURONG KECHIL,21,7.53,7.07,7.91,20898.5382,36265.22412
2023Q3,THE HILLFORD,JALAN JURONG KECHIL,21,7.28,7.03,7.66,20898.5382,36265.22412
2024Q3,THE HILLFORD,JALAN JURONG KECHIL,21,6.56,6.1,7.06,20898.5382,36265.22412
2024Q4,THE HILLFORD,JALAN JURONG KECHIL,21,6.97,6.3,7.22,20898.5382,36265.22412
2024Q2,THE HILLFORD,JALAN JURONG KECHIL,21,6.75,6.29,7.03,20898.5382,36265.22412
2025Q1,THE HILLFORD,JALAN JURONG KECHIL,21,6.78,6.43,7.03,20898.5382,36265.22412
2026Q2,THE HILLFORD,JALAN JURONG KECHIL,21,6.91,6.69,7.22,20898.5382,36265.22412
2025Q4,THE HILLFORD,JALAN JURONG KECHIL,21,6.92,4.72,7.28,20898.5382,36265.22412
2026Q1,THE HILLFORD,JALAN JURONG KECHIL,21,6.97,6.78,7.16,20898.5382,36265.22412
2025Q2,THE HILLFORD,JALAN JURONG KECHIL,21,6.65,6.34,7,20898.5382,36265.22412
2025Q3,THE HILLFORD,JALAN JURONG KECHIL,21,6.9,6.51,7.52,20898.5382,36265.22412
2023Q3,SPRING GROVE,GRANGE ROAD,10,5.17,4.94,5.51,27302.28896,31099.12447
2023Q4,SPRING GROVE,GRANGE ROAD,10,5.07,4.41,5.25,27302.28896,31099.12447
2024Q1,SPRING GROVE,GRANGE ROAD,10,4.86,4.62,5.04,27302.28896,31099.12447
2024Q3,SPRING GROVE,GRANGE ROAD,10,4.73,4.36,4.94,27302.28896,31099.12447
2024Q4,SPRING GROVE,GRANGE ROAD,10,4.61,4.36,4.88,27302.28896,31099.12447
2024Q2,SPRING GROVE,GRANGE ROAD,10,4.72,4.34,4.94,27302.28896,31099.12447
2025Q1,SPRING GROVE,GRANGE ROAD,10,4.75,4.46,4.94,27302.28896,31099.12447
2026Q2,SPRING GROVE,GRANGE ROAD,10,5.01,4.84,5.36,27302.28896,31099.12447
2025Q4,SPRING GROVE,GRANGE ROAD,10,4.75,4.63,4.92,27302.28896,31099.12447
2026Q1,SPRING GROVE,GRANGE ROAD,10,4.92,4.75,5.11,27302.28896,31099.12447
2025Q2,SPRING GROVE,GRANGE ROAD,10,4.83,4.62,5.12,27302.28896,31099.12447
2025Q3,SPRING GROVE,GRANGE ROAD,10,4.75,4.65,5.02,27302.28896,31099.12447
2026Q2,LEICESTER SUITES,LEICESTER ROAD,13,6.48,6.19,6.67,31748.83651,34729.02531
2023Q3,THE SHELFORD,SHELFORD ROAD,11,5.06,4.44,5.71,25578.18984,34211.78046
2023Q4,THE SHELFORD,SHELFORD ROAD,11,5.18,4.79,5.38,25578.18984,34211.78046
2024Q1,THE SHELFORD,SHELFORD ROAD,11,4.91,4.89,5.3,25578.18984,34211.78046
2024Q3,THE SHELFORD,SHELFORD ROAD,11,4.58,4.35,4.96,25578.18984,34211.78046
2024Q4,THE SHELFORD,SHELFORD ROAD,11,4.83,4.62,5.13,25578.18984,34211.78046
2025Q1,THE SHELFORD,SHELFORD ROAD,11,5.02,4.89,5.16,25578.18984,34211.78046
2025Q4,THE SHELFORD,SHELFORD ROAD,11,5,4.89,5.14,25578.18984,34211.78046
2026Q1,THE SHELFORD,SHELFORD ROAD,11,5,4.71,5.13,25578.18984,34211.78046
2025Q2,THE SHELFORD,SHELFORD ROAD,11,5.08,4.8,5.29,25578.18984,34211.78046
2025Q3,THE SHELFORD,SHELFORD ROAD,11,5.03,4.47,5.22,25578.18984,34211.78046
2024Q1,KAP RESIDENCES,KING ALBERT PARK,21,5.4,5.05,5.79,21996.55519,35453.994
2023Q3,KAP RESIDENCES,KING ALBERT PARK,21,5.81,4.94,6.13,21996.55519,35453.994
2024Q3,KAP RESIDENCES,KING ALBERT PARK,21,5.02,4.54,6,21996.55519,35453.994
2024Q4,KAP RESIDENCES,KING ALBERT PARK,21,5.46,5,5.93,21996.55519,35453.994
2024Q2,KAP RESIDENCES,KING ALBERT PARK,21,5.57,5.02,5.95,21996.55519,35453.994
2026Q1,KAP RESIDENCES,KING ALBERT PARK,21,5.61,5.31,5.9,21996.55519,35453.994
2025Q3,KAP RESIDENCES,KING ALBERT PARK,21,5.92,4.83,6.14,21996.55519,35453.994
2026Q2,KAP RESIDENCES,KING ALBERT PARK,21,5.95,5.44,6.26,21996.55519,35453.994
2023Q4,CENTRA SUITES,LORONG 25A GEYLANG,14,6.34,6.19,6.67,33569.78421,32986.60696
2024Q3,CENTRA SUITES,LORONG 25A GEYLANG,14,6.04,5.97,6.34,33569.78421,32986.60696
2025Q3,CENTRA SUITES,LORONG 25A GEYLANG,14,6.15,5.75,6.36,33569.78421,32986.60696
2026Q2,CENTRA SUITES,LORONG 25A GEYLANG,14,6.29,6.14,6.62,33569.78421,32986.60696
2024Q3,JUNIPER HILL,EWE BOON ROAD,10,7.58,6.6,7.93,27628.5452,33188.7474
2025Q1,JUNIPER HILL,EWE BOON ROAD,10,7.23,6.92,7.7,27628.5452,33188.7474
2025Q2,JUNIPER HILL,EWE BOON ROAD,10,6.68,6.39,6.83,27628.5452,33188.7474
2026Q2,JUNIPER HILL,EWE BOON ROAD,10,6.78,6.44,7.15,27628.5452,33188.7474
2023Q3,VACANZA @ EAST,LENGKONG TUJOH,14,4.53,4.09,5.03,37095.35719,34652.14355
2024Q1,VACANZA @ EAST,LENGKONG TUJOH,14,4.14,3.76,4.29,37095.35719,34652.14355
2023Q4,VACANZA @ EAST,LENGKONG TUJOH,14,4.46,4.34,4.75,37095.35719,34652.14355
2025Q1,VACANZA @ EAST,LENGKONG TUJOH,14,4.34,3.99,5.16,37095.35719,34652.14355
2024Q2,VACANZA @ EAST,LENGKONG TUJOH,14,4.16,3.96,4.43,37095.35719,34652.14355
2024Q3,VACANZA @ EAST,LENGKONG TUJOH,14,4.16,3.88,4.76,37095.35719,34652.14355
2024Q4,VACANZA @ EAST,LENGKONG TUJOH,14,4.17,4.02,4.34,37095.35719,34652.14355
2025Q3,VACANZA @ EAST,LENGKONG TUJOH,14,4.17,4.05,4.83,37095.35719,34652.14355
2025Q4,VACANZA @ EAST,LENGKONG TUJOH,14,4.34,4.16,4.65,37095.35719,34652.14355
2026Q2,VACANZA @ EAST,LENGKONG TUJOH,14,4.16,4.03,4.3,37095.35719,34652.14355
2026Q1,VACANZA @ EAST,LENGKONG TUJOH,14,4.37,4.12,5.24,37095.35719,34652.14355
2025Q2,VACANZA @ EAST,LENGKONG TUJOH,14,4.14,4.02,4.78,37095.35719,34652.14355
2023Q3,DOMUS,IRRAWADDY ROAD,12,5.13,4.87,6.49,29361.83681,34221.4123
2024Q3,DOMUS,IRRAWADDY ROAD,12,4.65,4.4,6.44,29361.83681,34221.4123
2026Q1,DOMUS,IRRAWADDY ROAD,12,4.76,4.48,5.96,29361.83681,34221.4123
2025Q3,DOMUS,IRRAWADDY ROAD,12,4.42,4.3,5.7,29361.83681,34221.4123
2024Q3,# 1 LOFT,LORONG 24 GEYLANG,14,4.77,4.65,4.97,33581.81022,32778.97962
2023Q4,LOFT @ NATHAN,NATHAN ROAD,10,6.97,6.69,7.57,27353.39428,30761.47954
2024Q1,LOFT @ NATHAN,NATHAN ROAD,10,6.62,5.89,6.84,27353.39428,30761.47954
2023Q3,LOFT @ NATHAN,NATHAN ROAD,10,6.97,6.1,7.76,27353.39428,30761.47954
2024Q3,LOFT @ NATHAN,NATHAN ROAD,10,7.06,6.54,7.56,27353.39428,30761.47954
2024Q4,LOFT @ NATHAN,NATHAN ROAD,10,6.62,6.17,7.21,27353.39428,30761.47954
2024Q2,LOFT @ NATHAN,NATHAN ROAD,10,6.7,6.24,7.29,27353.39428,30761.47954
2025Q1,LOFT @ NATHAN,NATHAN ROAD,10,6.67,6.3,7.01,27353.39428,30761.47954
2025Q4,LOFT @ NATHAN,NATHAN ROAD,10,6.54,6.26,6.99,27353.39428,30761.47954
2026Q1,LOFT @ NATHAN,NATHAN ROAD,10,7.05,6.67,7.19,27353.39428,30761.47954
2025Q2,LOFT @ NATHAN,NATHAN ROAD,10,6.29,5.16,6.75,27353.39428,30761.47954
2025Q3,LOFT @ NATHAN,NATHAN ROAD,10,6.7,6.39,7.36,27353.39428,30761.47954
2026Q2,LOFT @ NATHAN,NATHAN ROAD,10,6.84,6.3,6.97,27353.39428,30761.47954
2023Q4,HUME PARK I,HUME AVENUE,21,3.58,3.1,3.76,20717.50438,37296.55889
2024Q1,HUME PARK I,HUME AVENUE,21,3.2,3.1,3.5,20717.50438,37296.55889
2023Q3,HUME PARK I,HUME AVENUE,21,3.32,3.08,3.68,20717.50438,37296.55889
2024Q4,HUME PARK I,HUME AVENUE,21,3.2,3.02,3.7,20717.50438,37296.55889
2025Q1,HUME PARK I,HUME AVENUE,21,3.23,3.1,3.7,20717.50438,37296.55889
2025Q4,HUME PARK I,HUME AVENUE,21,3.48,3.41,3.87,20717.50438,37296.55889
2025Q2,HUME PARK I,HUME AVENUE,21,3.35,3.23,3.51,20717.50438,37296.55889
2025Q3,HUME PARK I,HUME AVENUE,21,3.42,3.21,3.62,20717.50438,37296.55889
2026Q2,HUME PARK I,HUME AVENUE,21,3.48,3.26,3.61,20717.50438,37296.55889
2023Q3,THE RAINTREE,BUKIT DRIVE,21,4.05,3.7,4.15,21415.02005,36694.72881
2024Q3,THE RAINTREE,BUKIT DRIVE,21,3.7,3.54,3.8,21415.02005,36694.72881
2024Q2,THE RAINTREE,BUKIT DRIVE,21,3.65,3.36,3.82,21415.02005,36694.72881
2026Q2,THE RAINTREE,BUKIT DRIVE,21,3.82,3.66,4.02,21415.02005,36694.72881
2025Q3,THE RAINTREE,BUKIT DRIVE,21,3.73,3.65,3.87,21415.02005,36694.72881
2023Q3,THE PEAK@BALMEG,BALMEG HILL,05,4.22,3.96,4.6,22499.06679,29426.72211
2024Q3,THE PEAK@BALMEG,BALMEG HILL,05,4.05,3.85,4.33,22499.06679,29426.72211
2024Q2,THE PEAK@BALMEG,BALMEG HILL,05,4.15,3.96,4.3,22499.06679,29426.72211
2026Q2,THE PEAK@BALMEG,BALMEG HILL,05,4.05,3.96,4.19,22499.06679,29426.72211
2025Q2,THE PEAK@BALMEG,BALMEG HILL,05,4.29,4.11,4.43,22499.06679,29426.72211
2025Q3,THE PEAK@BALMEG,BALMEG HILL,05,3.98,3.84,4.21,22499.06679,29426.72211
2023Q3,TRESALVEO,MARYMOUNT TERRACE,20,4.5,3.93,5.07,28825.5955,37024.00961
2023Q4,TRESALVEO,MARYMOUNT TERRACE,20,4.29,3.86,4.5,28825.5955,37024.00961
2024Q1,TRESALVEO,MARYMOUNT TERRACE,20,3.53,3.49,4.24,28825.5955,37024.00961
2025Q1,TRESALVEO,MARYMOUNT TERRACE,20,4.2,3.77,4.29,28825.5955,37024.00961
2024Q3,TRESALVEO,MARYMOUNT TERRACE,20,4.2,4.01,4.61,28825.5955,37024.00961
2024Q4,TRESALVEO,MARYMOUNT TERRACE,20,4.19,3.81,5.07,28825.5955,37024.00961
2024Q2,TRESALVEO,MARYMOUNT TERRACE,20,4.17,3.65,5.09,28825.5955,37024.00961
2025Q3,TRESALVEO,MARYMOUNT TERRACE,20,4.06,3.63,4.22,28825.5955,37024.00961
2025Q4,TRESALVEO,MARYMOUNT TERRACE,20,4.29,3.96,5.02,28825.5955,37024.00961
2026Q2,TRESALVEO,MARYMOUNT TERRACE,20,4.29,4,4.98,28825.5955,37024.00961
2026Q1,TRESALVEO,MARYMOUNT TERRACE,20,4.71,3.53,5.24,28825.5955,37024.00961
2025Q2,TRESALVEO,MARYMOUNT TERRACE,20,4.08,3.54,5.02,28825.5955,37024.00961
2023Q3,HAIG 162,HAIG ROAD,15,7.04,6.26,7.65,35275.84261,32080.78266
2024Q3,HAIG 162,HAIG ROAD,15,6.83,6.56,6.93,35275.84261,32080.78266
2024Q4,HAIG 162,HAIG ROAD,15,6.7,5.05,7.04,35275.84261,32080.78266
2025Q2,HAIG 162,HAIG ROAD,15,6.43,5.57,7.08,35275.84261,32080.78266
2025Q3,HAIG 162,HAIG ROAD,15,7.1,6.99,7.55,35275.84261,32080.78266
2026Q2,HAIG 162,HAIG ROAD,15,6.69,5.78,7.38,35275.84261,32080.78266
2023Q3,BLOSSOMS @ WOODLEIGH,WOODLEIGH CLOSE,13,4.6,4.12,4.81,31987.32045,35383.73325
2024Q2,BLOSSOMS @ WOODLEIGH,WOODLEIGH CLOSE,13,4.15,3.65,4.68,31987.32045,35383.73325
2025Q1,BLOSSOMS @ WOODLEIGH,WOODLEIGH CLOSE,13,4.53,4.11,4.64,31987.32045,35383.73325
2024Q3,BLOSSOMS @ WOODLEIGH,WOODLEIGH CLOSE,13,4.31,4.17,4.57,31987.32045,35383.73325
2025Q4,BLOSSOMS @ WOODLEIGH,WOODLEIGH CLOSE,13,4.47,4.31,4.62,31987.32045,35383.73325
2025Q3,BLOSSOMS @ WOODLEIGH,WOODLEIGH CLOSE,13,4.42,4.09,4.53,31987.32045,35383.73325
2026Q2,BLOSSOMS @ WOODLEIGH,WOODLEIGH CLOSE,13,4.35,4.11,4.61,31987.32045,35383.73325
2023Q3,SPRINGDALE CONDOMINIUM,HINDHEDE WALK,21,3.91,3.74,4.16,21204.58642,36721.32985
2023Q4,SPRINGDALE CONDOMINIUM,HINDHEDE WALK,21,3.78,3.57,3.93,21204.58642,36721.32985
2024Q1,SPRINGDALE CONDOMINIUM,HINDHEDE WALK,21,3.66,3.55,3.81,21204.58642,36721.32985
2024Q3,SPRINGDALE CONDOMINIUM,HINDHEDE WALK,21,3.61,3.44,3.85,21204.58642,36721.32985
2024Q4,SPRINGDALE CONDOMINIUM,HINDHEDE WALK,21,3.67,3.56,3.82,21204.58642,36721.32985
2024Q2,SPRINGDALE CONDOMINIUM,HINDHEDE WALK,21,3.65,3.46,3.86,21204.58642,36721.32985
2025Q1,SPRINGDALE CONDOMINIUM,HINDHEDE WALK,21,3.73,3.51,3.9,21204.58642,36721.32985
2026Q2,SPRINGDALE CONDOMINIUM,HINDHEDE WALK,21,3.65,3.57,3.91,21204.58642,36721.32985
2025Q4,SPRINGDALE CONDOMINIUM,HINDHEDE WALK,21,3.75,3.67,3.88,21204.58642,36721.32985
2026Q1,SPRINGDALE CONDOMINIUM,HINDHEDE WALK,21,3.8,3.73,3.93,21204.58642,36721.32985
2025Q2,SPRINGDALE CONDOMINIUM,HINDHEDE WALK,21,3.6,3.4,3.85,21204.58642,36721.32985
2025Q3,SPRINGDALE CONDOMINIUM,HINDHEDE WALK,21,3.67,3.58,3.88,21204.58642,36721.32985
2023Q3,THE BERTH BY THE COVE,OCEAN DRIVE,04,4.76,4.21,4.96,29440.66261,25749.82974
2023Q4,THE BERTH BY THE COVE,OCEAN DRIVE,04,4.37,4.18,4.63,29440.66261,25749.82974
2024Q1,THE BERTH BY THE COVE,OCEAN DRIVE,04,4.39,4.18,4.92,29440.66261,25749.82974
2024Q3,THE BERTH BY THE COVE,OCEAN DRIVE,04,4.34,3.75,5.21,29440.66261,25749.82974
2024Q4,THE BERTH BY THE COVE,OCEAN DRIVE,04,4.45,4.38,4.81,29440.66261,25749.82974
2024Q2,THE BERTH BY THE COVE,OCEAN DRIVE,04,4.51,4.4,5.04,29440.66261,25749.82974
2025Q1,THE BERTH BY THE COVE,OCEAN DRIVE,04,4.62,3.84,4.81,29440.66261,25749.82974
2026Q2,THE BERTH BY THE COVE,OCEAN DRIVE,04,4.61,4.44,5.07,29440.66261,25749.82974
2025Q2,THE BERTH BY THE COVE,OCEAN DRIVE,04,4.67,4.35,5.04,29440.66261,25749.82974
2025Q3,THE BERTH BY THE COVE,OCEAN DRIVE,04,4.41,4.2,4.8,29440.66261,25749.82974
2023Q4,ILLUMINAIRE ON DEVONSHIRE,DEVONSHIRE ROAD,09,7.09,6.53,7.83,28384.30103,31276.51443
2024Q4,ILLUMINAIRE ON DEVONSHIRE,DEVONSHIRE ROAD,09,7.09,6.59,7.53,28384.30103,31276.51443
2024Q2,ILLUMINAIRE ON DEVONSHIRE,DEVONSHIRE ROAD,09,7.56,6.92,8.16,28384.30103,31276.51443
2025Q1,ILLUMINAIRE ON DEVONSHIRE,DEVONSHIRE ROAD,09,7.45,6.38,7.7,28384.30103,31276.51443
2025Q4,ILLUMINAIRE ON DEVONSHIRE,DEVONSHIRE ROAD,09,7.45,6.75,7.87,28384.30103,31276.51443
2026Q1,ILLUMINAIRE ON DEVONSHIRE,DEVONSHIRE ROAD,09,7.07,6.48,7.53,28384.30103,31276.51443
2025Q2,ILLUMINAIRE ON DEVONSHIRE,DEVONSHIRE ROAD,09,6.93,6.57,7.27,28384.30103,31276.51443
2026Q2,ILLUMINAIRE ON DEVONSHIRE,DEVONSHIRE ROAD,09,7.24,6.65,7.35,28384.30103,31276.51443
2024Q3,GRANDVIEW SUITES,LORONG 22 GEYLANG,14,5.87,5.67,6.47,33463.06459,32792.4337
2023Q3,THE TEMBUSU,TAMPINES ROAD,19,5.04,4.28,5.6,34251.40612,38168.86611
2023Q4,THE TEMBUSU,TAMPINES ROAD,19,5.04,4.45,5.95,34251.40612,38168.86611
2024Q1,THE TEMBUSU,TAMPINES ROAD,19,4.78,4.49,5.78,34251.40612,38168.86611
2025Q1,THE TEMBUSU,TAMPINES ROAD,19,4.78,4.53,5.71,34251.40612,38168.86611
2024Q3,THE TEMBUSU,TAMPINES ROAD,19,4.91,4.51,5.35,34251.40612,38168.86611
2024Q4,THE TEMBUSU,TAMPINES ROAD,19,4.39,4.24,5.07,34251.40612,38168.86611
2024Q2,THE TEMBUSU,TAMPINES ROAD,19,4.51,4.25,4.97,34251.40612,38168.86611
2025Q4,THE TEMBUSU,TAMPINES ROAD,19,5.03,4.74,5.68,34251.40612,38168.86611
2026Q2,THE TEMBUSU,TAMPINES ROAD,19,4.78,4.52,5.78,34251.40612,38168.86611
2026Q1,THE TEMBUSU,TAMPINES ROAD,19,4.78,4.55,5.57,34251.40612,38168.86611
2025Q2,THE TEMBUSU,TAMPINES ROAD,19,4.88,4.6,5.44,34251.40612,38168.86611
2025Q3,THE TEMBUSU,TAMPINES ROAD,19,5.69,4.94,6.07,34251.40612,38168.86611
2024Q4,WOODSVILLE 28,WOODSVILLE CLOSE,13,4.74,4.5,4.99,31906.78859,34686.35251
2023Q4,LIV ON SOPHIA,ADIS ROAD,09,7.29,6.5,8.37,29623.343,31481.58401
2024Q3,LIV ON SOPHIA,ADIS ROAD,09,6.8,5.59,7.4,29623.343,31481.58401
2025Q2,LIV ON SOPHIA,ADIS ROAD,09,7.27,7.07,7.9,29623.343,31481.58401
2025Q3,LIV ON SOPHIA,ADIS ROAD,09,7.01,5.76,7.62,29623.343,31481.58401
2024Q1,SUITES AT BUKIT TIMAH,JALAN JURONG KECHIL,21,6.5,6.04,6.74,21367.1507,35864.78665
2025Q1,SUITES AT BUKIT TIMAH,JALAN JURONG KECHIL,21,6.02,5.37,6.38,21367.1507,35864.78665
2026Q2,SUITES AT BUKIT TIMAH,JALAN JURONG KECHIL,21,5.98,5.81,6.71,21367.1507,35864.78665
2025Q2,SUITES AT BUKIT TIMAH,JALAN JURONG KECHIL,21,5.56,3.99,6.16,21367.1507,35864.78665
2025Q3,SUITES AT BUKIT TIMAH,JALAN JURONG KECHIL,21,6.44,6.25,6.85,21367.1507,35864.78665
2023Q3,SKY GREEN,MACPHERSON ROAD,13,5.87,4.9,6.52,33878.42118,34976.56877
2023Q4,SKY GREEN,MACPHERSON ROAD,13,6.23,5.13,6.56,33878.42118,34976.56877
2024Q1,SKY GREEN,MACPHERSON ROAD,13,5.12,4.41,6.24,33878.42118,34976.56877
2024Q3,SKY GREEN,MACPHERSON ROAD,13,5.58,4.76,6.54,33878.42118,34976.56877
2024Q4,SKY GREEN,MACPHERSON ROAD,13,6.27,5.89,6.46,33878.42118,34976.56877
2024Q2,SKY GREEN,MACPHERSON ROAD,13,6.06,4.69,6.38,33878.42118,34976.56877
2025Q1,SKY GREEN,MACPHERSON ROAD,13,5.87,4.47,6.33,33878.42118,34976.56877
2026Q2,SKY GREEN,MACPHERSON ROAD,13,6.09,4.75,6.56,33878.42118,34976.56877
2025Q4,SKY GREEN,MACPHERSON ROAD,13,6.16,5.86,6.48,33878.42118,34976.56877
2026Q1,SKY GREEN,MACPHERSON ROAD,13,5.7,4.58,6.27,33878.42118,34976.56877
2025Q2,SKY GREEN,MACPHERSON ROAD,13,6.09,4.77,6.48,33878.42118,34976.56877
2025Q3,SKY GREEN,MACPHERSON ROAD,13,6.06,4.65,6.33,33878.42118,34976.56877
2023Q4,LINCOLN SUITES,KHIANG GUAN AVENUE,11,6.64,5.64,7.2,29039.5399,33256.13079
2024Q1,LINCOLN SUITES,KHIANG GUAN AVENUE,11,5.99,5.09,6.91,29039.5399,33256.13079
2023Q3,LINCOLN SUITES,KHIANG GUAN AVENUE,11,6.86,5.13,7.27,29039.5399,33256.13079
2024Q3,LINCOLN SUITES,KHIANG GUAN AVENUE,11,5.91,5.1,6.92,29039.5399,33256.13079
2024Q4,LINCOLN SUITES,KHIANG GUAN AVENUE,11,6.25,4.88,7.02,29039.5399,33256.13079
2024Q2,LINCOLN SUITES,KHIANG GUAN AVENUE,11,6.43,5.52,6.98,29039.5399,33256.13079
2025Q1,LINCOLN SUITES,KHIANG GUAN AVENUE,11,6.1,5.18,6.94,29039.5399,33256.13079
2025Q4,LINCOLN SUITES,KHIANG GUAN AVENUE,11,6.82,5.46,7.13,29039.5399,33256.13079
2026Q1,LINCOLN SUITES,KHIANG GUAN AVENUE,11,6.76,5.2,7.02,29039.5399,33256.13079
2025Q2,LINCOLN SUITES,KHIANG GUAN AVENUE,11,6.44,6.02,7.02,29039.5399,33256.13079
2025Q3,LINCOLN SUITES,KHIANG GUAN AVENUE,11,6.7,5.18,7.2,29039.5399,33256.13079
2026Q2,LINCOLN SUITES,KHIANG GUAN AVENUE,11,6.32,5.21,7.02,29039.5399,33256.13079
2025Q3,RAINBOW MANSION,GRANGE ROAD,10,1.74,1.74,1.74,27092.39904,31372.78052
2023Q3,UP@ROBERTSON QUAY,ROBERTSON QUAY,09,7.54,5.87,8.08,28448.46801,30367.56831
2025Q1,UP@ROBERTSON QUAY,ROBERTSON QUAY,09,7.56,6.17,8.21,28448.46801,30367.56831
2024Q3,UP@ROBERTSON QUAY,ROBERTSON QUAY,09,7.11,6.36,7.56,28448.46801,30367.56831
2025Q3,UP@ROBERTSON QUAY,ROBERTSON QUAY,09,6.88,4.98,7.96,28448.46801,30367.56831
2023Q4,RIDGEWOOD,MOUNT SINAI DRIVE,10,3.24,2.99,3.47,22019.11304,33327.07223
2024Q1,RIDGEWOOD,MOUNT SINAI DRIVE,10,3.27,3.07,3.46,22019.11304,33327.07223
2023Q3,RIDGEWOOD,MOUNT SINAI DRIVE,10,3.36,2.97,3.63,22019.11304,33327.07223
2024Q3,RIDGEWOOD,MOUNT SINAI DRIVE,10,3.22,3.05,3.57,22019.11304,33327.07223
2024Q4,RIDGEWOOD,MOUNT SINAI DRIVE,10,3.31,2.99,3.59,22019.11304,33327.07223
2024Q2,RIDGEWOOD,MOUNT SINAI DRIVE,10,3.25,2.98,3.45,22019.11304,33327.07223
2025Q1,RIDGEWOOD,MOUNT SINAI DRIVE,10,3.44,3.1,3.69,22019.11304,33327.07223
2026Q2,RIDGEWOOD,MOUNT SINAI DRIVE,10,3.32,3.04,3.44,22019.11304,33327.07223
2025Q4,RIDGEWOOD,MOUNT SINAI DRIVE,10,3.32,3.1,3.51,22019.11304,33327.07223
2026Q1,RIDGEWOOD,MOUNT SINAI DRIVE,10,3.35,3.2,3.6,22019.11304,33327.07223
2025Q2,RIDGEWOOD,MOUNT SINAI DRIVE,10,3.21,3.1,3.54,22019.11304,33327.07223
2025Q3,RIDGEWOOD,MOUNT SINAI DRIVE,10,3.44,3.16,3.68,22019.11304,33327.07223
2023Q3,LA SUISSE,SWISS VIEW,11,3.79,3.2,3.93,23251.93343,36581.45413
2025Q3,LA SUISSE,SWISS VIEW,11,3.41,2.91,3.56,23251.93343,36581.45413
2024Q1,CAPE ROYALE,COVE WAY,04,5.73,5.25,6.38,28711.7739,24831.10095
2023Q4,CAPE ROYALE,COVE WAY,04,5.25,5.07,5.68,28711.7739,24831.10095
2023Q3,CAPE ROYALE,COVE WAY,04,5.57,4.98,6.57,28711.7739,24831.10095
2024Q4,CAPE ROYALE,COVE WAY,04,5.58,5.13,5.79,28711.7739,24831.10095
2024Q2,CAPE ROYALE,COVE WAY,04,5.5,4.99,5.73,28711.7739,24831.10095
2025Q1,CAPE ROYALE,COVE WAY,04,6.02,5.58,6.47,28711.7739,24831.10095
2024Q3,CAPE ROYALE,COVE WAY,04,5.47,5,5.78,28711.7739,24831.10095
2025Q4,CAPE ROYALE,COVE WAY,04,5.81,5.48,6.31,28711.7739,24831.10095
2026Q1,CAPE ROYALE,COVE WAY,04,6.19,5.97,6.41,28711.7739,24831.10095
2025Q2,CAPE ROYALE,COVE WAY,04,5.83,5.35,6.47,28711.7739,24831.10095
2025Q3,CAPE ROYALE,COVE WAY,04,5.88,5.66,6.13,28711.7739,24831.10095
2026Q2,CAPE ROYALE,COVE WAY,04,5.78,5.59,6.06,28711.7739,24831.10095
2023Q3,WING FONG MANSIONS/WING FONG COURT,LORONG 14 GEYLANG,14,3.76,3.38,4.37,33086.67557,32533.81447
2023Q4,WING FONG MANSIONS/WING FONG COURT,LORONG 14 GEYLANG,14,3.51,3.42,4.09,33086.67557,32533.81447
2024Q2,WING FONG MANSIONS/WING FONG COURT,LORONG 14 GEYLANG,14,4.08,3.66,4.34,33086.67557,32533.81447
2025Q1,WING FONG MANSIONS/WING FONG COURT,LORONG 14 GEYLANG,14,3.94,3.03,4.13,33086.67557,32533.81447
2024Q3,WING FONG MANSIONS/WING FONG COURT,LORONG 14 GEYLANG,14,4.07,3.58,4.67,33086.67557,32533.81447
2024Q4,WING FONG MANSIONS/WING FONG COURT,LORONG 14 GEYLANG,14,3.64,3.5,4.25,33086.67557,32533.81447
2024Q1,WING FONG MANSIONS/WING FONG COURT,LORONG 14 GEYLANG,14,3.82,3.08,4.11,33086.67557,32533.81447
2025Q2,WING FONG MANSIONS/WING FONG COURT,LORONG 14 GEYLANG,14,4.13,3.91,4.53,33086.67557,32533.81447
2023Q3,THE CALROSE,YIO CHU KANG ROAD,26,3.68,2.93,3.77,28337.40313,40477.52689
2023Q4,THE CALROSE,YIO CHU KANG ROAD,26,3.72,3.21,4.12,28337.40313,40477.52689
2024Q1,THE CALROSE,YIO CHU KANG ROAD,26,3.72,3.47,4.06,28337.40313,40477.52689
2024Q3,THE CALROSE,YIO CHU KANG ROAD,26,3.68,3.59,3.82,28337.40313,40477.52689
2024Q4,THE CALROSE,YIO CHU KANG ROAD,26,3.8,3.57,3.9,28337.40313,40477.52689
2024Q2,THE CALROSE,YIO CHU KANG ROAD,26,3.64,3.6,3.79,28337.40313,40477.52689
2025Q1,THE CALROSE,YIO CHU KANG ROAD,26,3.73,3.41,3.83,28337.40313,40477.52689
2026Q2,THE CALROSE,YIO CHU KANG ROAD,26,3.74,3.6,3.88,28337.40313,40477.52689
2025Q4,THE CALROSE,YIO CHU KANG ROAD,26,3.79,3.3,4.12,28337.40313,40477.52689
2026Q1,THE CALROSE,YIO CHU KANG ROAD,26,3.74,2.98,4.22,28337.40313,40477.52689
2025Q2,THE CALROSE,YIO CHU KANG ROAD,26,3.57,3.34,3.88,28337.40313,40477.52689
2025Q3,THE CALROSE,YIO CHU KANG ROAD,26,3.78,3.61,4.06,28337.40313,40477.52689
2024Q3,HYLL ON HOLLAND,HOLLAND ROAD,10,6.51,6.15,6.9,24533.23587,32503.88071
2024Q4,HYLL ON HOLLAND,HOLLAND ROAD,10,6.4,6.15,6.56,24533.23587,32503.88071
2025Q1,HYLL ON HOLLAND,HOLLAND ROAD,10,6.35,6.13,6.84,24533.23587,32503.88071
2025Q4,HYLL ON HOLLAND,HOLLAND ROAD,10,6.57,6.43,7.19,24533.23587,32503.88071
2026Q1,HYLL ON HOLLAND,HOLLAND ROAD,10,6.47,6.31,6.97,24533.23587,32503.88071
2025Q2,HYLL ON HOLLAND,HOLLAND ROAD,10,6.43,6.33,6.76,24533.23587,32503.88071
2025Q3,HYLL ON HOLLAND,HOLLAND ROAD,10,6.69,6.29,6.98,24533.23587,32503.88071
2026Q2,HYLL ON HOLLAND,HOLLAND ROAD,10,6.47,6.24,6.86,24533.23587,32503.88071
2023Q4,ALEXIS,ALEXANDRA ROAD,03,6.65,5.91,7.7,25101.41659,30386.64499
2023Q3,ALEXIS,ALEXANDRA ROAD,03,7.02,5.47,8.2,25101.41659,30386.64499
2024Q1,ALEXIS,ALEXANDRA ROAD,03,6.62,5.59,7.17,25101.41659,30386.64499
2024Q4,ALEXIS,ALEXANDRA ROAD,03,6.14,5.54,6.85,25101.41659,30386.64499
2024Q2,ALEXIS,ALEXANDRA ROAD,03,6.53,5.73,7.48,25101.41659,30386.64499
2025Q1,ALEXIS,ALEXANDRA ROAD,03,6.45,4.73,7.03,25101.41659,30386.64499
2024Q3,ALEXIS,ALEXANDRA ROAD,03,6.74,5.51,7.48,25101.41659,30386.64499
2025Q4,ALEXIS,ALEXANDRA ROAD,03,6.35,5.21,7.1,25101.41659,30386.64499
2026Q1,ALEXIS,ALEXANDRA ROAD,03,6.45,5.12,7.1,25101.41659,30386.64499
2025Q2,ALEXIS,ALEXANDRA ROAD,03,6.36,5.54,7.15,25101.41659,30386.64499
2025Q3,ALEXIS,ALEXANDRA ROAD,03,6.4,5.35,7.28,25101.41659,30386.64499
2026Q2,ALEXIS,ALEXANDRA ROAD,03,7.03,6.03,7.43,25101.41659,30386.64499
2024Q1,THE PIER AT ROBERTSON,MOHAMED SULTAN ROAD,09,6.12,5.92,6.26,28813.58444,30416.33535
2023Q3,THE PIER AT ROBERTSON,MOHAMED SULTAN ROAD,09,6.48,5.99,6.85,28813.58444,30416.33535
2023Q4,THE PIER AT ROBERTSON,MOHAMED SULTAN ROAD,09,6.4,6.1,6.66,28813.58444,30416.33535
2024Q3,THE PIER AT ROBERTSON,MOHAMED SULTAN ROAD,09,5.98,5.64,6.27,28813.58444,30416.33535
2024Q4,THE PIER AT ROBERTSON,MOHAMED SULTAN ROAD,09,6.3,5.97,6.66,28813.58444,30416.33535
2024Q2,THE PIER AT ROBERTSON,MOHAMED SULTAN ROAD,09,5.88,5.68,6.3,28813.58444,30416.33535
2025Q1,THE PIER AT ROBERTSON,MOHAMED SULTAN ROAD,09,6.24,5.88,6.56,28813.58444,30416.33535
2026Q2,THE PIER AT ROBERTSON,MOHAMED SULTAN ROAD,09,5.88,5.45,6.13,28813.58444,30416.33535
2025Q4,THE PIER AT ROBERTSON,MOHAMED SULTAN ROAD,09,5.88,5.43,6.22,28813.58444,30416.33535
2026Q1,THE PIER AT ROBERTSON,MOHAMED SULTAN ROAD,09,5.85,5.42,6.11,28813.58444,30416.33535
2025Q2,THE PIER AT ROBERTSON,MOHAMED SULTAN ROAD,09,6.06,5.75,6.71,28813.58444,30416.33535
2025Q3,THE PIER AT ROBERTSON,MOHAMED SULTAN ROAD,09,5.46,5.1,6.06,28813.58444,30416.33535
2023Q3,THE SUITES AT CENTRAL,DEVONSHIRE ROAD,09,6.05,5.73,6.41,28378.47536,31213.8284
2023Q4,THE SUITES AT CENTRAL,DEVONSHIRE ROAD,09,5.99,5.56,6.57,28378.47536,31213.8284
2024Q1,THE SUITES AT CENTRAL,DEVONSHIRE ROAD,09,5.58,5.38,6.15,28378.47536,31213.8284
2024Q3,THE SUITES AT CENTRAL,DEVONSHIRE ROAD,09,6.05,5.59,6.99,28378.47536,31213.8284
2024Q2,THE SUITES AT CENTRAL,DEVONSHIRE ROAD,09,6.85,5.73,7.41,28378.47536,31213.8284
2025Q4,THE SUITES AT CENTRAL,DEVONSHIRE ROAD,09,6.1,5.55,6.45,28378.47536,31213.8284
2026Q2,THE SUITES AT CENTRAL,DEVONSHIRE ROAD,09,6.55,5.7,7.37,28378.47536,31213.8284
2026Q1,THE SUITES AT CENTRAL,DEVONSHIRE ROAD,09,5.78,5.3,6.03,28378.47536,31213.8284
2025Q2,THE SUITES AT CENTRAL,DEVONSHIRE ROAD,09,6.49,6.01,6.99,28378.47536,31213.8284
2025Q3,THE SUITES AT CENTRAL,DEVONSHIRE ROAD,09,5.92,5.74,7.24,28378.47536,31213.8284
2024Q1,HAWAII TOWER,MEYER ROAD,15,2.77,2.68,3.04,34371.9564,31036.46173
2024Q3,HAWAII TOWER,MEYER ROAD,15,2.95,2.76,3.25,34371.9564,31036.46173
2025Q1,HAWAII TOWER,MEYER ROAD,15,3.13,2.78,3.28,34371.9564,31036.46173
2025Q2,HAWAII TOWER,MEYER ROAD,15,2.9,2.72,3.04,34371.9564,31036.46173
2023Q4,6 DERBYSHIRE,DERBYSHIRE ROAD,11,6.45,5.77,6.73,29391.44005,33098.54355
2023Q3,6 DERBYSHIRE,DERBYSHIRE ROAD,11,6.52,6.03,7.02,29391.44005,33098.54355
2024Q1,6 DERBYSHIRE,DERBYSHIRE ROAD,11,6.76,6.15,6.84,29391.44005,33098.54355
2024Q4,6 DERBYSHIRE,DERBYSHIRE ROAD,11,5.51,5.44,6.24,29391.44005,33098.54355
2024Q2,6 DERBYSHIRE,DERBYSHIRE ROAD,11,6.26,5.88,6.64,29391.44005,33098.54355
2025Q1,6 DERBYSHIRE,DERBYSHIRE ROAD,11,6.26,5.88,6.52,29391.44005,33098.54355
2024Q3,6 DERBYSHIRE,DERBYSHIRE ROAD,11,6.08,5.64,6.59,29391.44005,33098.54355
2025Q4,6 DERBYSHIRE,DERBYSHIRE ROAD,11,6.11,5.6,6.43,29391.44005,33098.54355
2026Q1,6 DERBYSHIRE,DERBYSHIRE ROAD,11,6.26,5.53,6.58,29391.44005,33098.54355
2025Q2,6 DERBYSHIRE,DERBYSHIRE ROAD,11,6.19,5.83,6.44,29391.44005,33098.54355
2025Q3,6 DERBYSHIRE,DERBYSHIRE ROAD,11,6.07,5.34,6.58,29391.44005,33098.54355
2026Q2,6 DERBYSHIRE,DERBYSHIRE ROAD,11,6.35,6.21,6.74,29391.44005,33098.54355
2023Q4,DORSETT RESIDENCES,NEW BRIDGE ROAD,02,7.26,6.5,8.15,28776.66031,29157.64612
2024Q3,DORSETT RESIDENCES,NEW BRIDGE ROAD,02,7.26,6.15,7.74,28776.66031,29157.64612
2025Q1,DORSETT RESIDENCES,NEW BRIDGE ROAD,02,6.9,5.87,7.48,28776.66031,29157.64612
2026Q1,DORSETT RESIDENCES,NEW BRIDGE ROAD,02,6.9,5.93,7.9,28776.66031,29157.64612
2025Q3,DORSETT RESIDENCES,NEW BRIDGE ROAD,02,7.37,7.05,7.69,28776.66031,29157.64612
2026Q2,DORSETT RESIDENCES,NEW BRIDGE ROAD,02,7.26,6.76,7.84,28776.66031,29157.64612
2023Q4,SYCAMORE TREE,FOWLIE ROAD,15,7.46,6.44,7.81,35799.96153,32201.87348
2024Q3,SYCAMORE TREE,FOWLIE ROAD,15,7.04,5.89,7.36,35799.96153,32201.87348
2024Q4,SYCAMORE TREE,FOWLIE ROAD,15,7.1,6.52,8.01,35799.96153,32201.87348
2025Q1,SYCAMORE TREE,FOWLIE ROAD,15,6.91,5.78,7.34,35799.96153,32201.87348
2026Q2,SYCAMORE TREE,FOWLIE ROAD,15,7.12,6.85,7.21,35799.96153,32201.87348
2025Q4,SYCAMORE TREE,FOWLIE ROAD,15,6.58,5.56,7.3,35799.96153,32201.87348
2026Q1,SYCAMORE TREE,FOWLIE ROAD,15,6.97,5.8,7.52,35799.96153,32201.87348
2025Q3,SYCAMORE TREE,FOWLIE ROAD,15,6.13,5.79,7.23,35799.96153,32201.87348
2025Q1,3 ORCHARD BY-THE-PARK,ORCHARD BOULEVARD,10,7.31,6.7,8.22,27047.67666,31732.88874
2024Q3,MYRA,MEYAPPA CHETTIAR ROAD,13,6.19,5.92,6.65,31837.69825,34743.59586
2025Q3,MYRA,MEYAPPA CHETTIAR ROAD,13,6.19,6.02,6.6,31837.69825,34743.59586
2023Q4,LIVIA,PASIR RIS GROVE,18,3.7,3.54,3.9,40184.5476,39407.95171
2024Q1,LIVIA,PASIR RIS GROVE,18,3.47,3.13,3.77,40184.5476,39407.95171
2023Q3,LIVIA,PASIR RIS GROVE,18,3.77,3.53,3.93,40184.5476,39407.95171
2024Q3,LIVIA,PASIR RIS GROVE,18,3.64,3.25,3.8,40184.5476,39407.95171
2024Q4,LIVIA,PASIR RIS GROVE,18,3.7,3.35,3.9,40184.5476,39407.95171
2024Q2,LIVIA,PASIR RIS GROVE,18,3.56,3.33,3.74,40184.5476,39407.95171
2025Q1,LIVIA,PASIR RIS GROVE,18,3.39,3.25,3.7,40184.5476,39407.95171
2025Q4,LIVIA,PASIR RIS GROVE,18,3.66,3.51,3.79,40184.5476,39407.95171
2026Q1,LIVIA,PASIR RIS GROVE,18,3.57,3.36,3.82,40184.5476,39407.95171
2025Q2,LIVIA,PASIR RIS GROVE,18,3.39,3.15,3.75,40184.5476,39407.95171
2025Q3,LIVIA,PASIR RIS GROVE,18,3.72,3.38,3.77,40184.5476,39407.95171
2026Q2,LIVIA,PASIR RIS GROVE,18,3.72,3.56,3.83,40184.5476,39407.95171
2023Q4,STRATUM,ELIAS ROAD,18,4.37,3.76,5.08,40299.26632,40227.15406
2023Q3,STRATUM,ELIAS ROAD,18,4.73,4.32,5.09,40299.26632,40227.15406
2024Q1,STRATUM,ELIAS ROAD,18,4.3,3.89,5.32,40299.26632,40227.15406
2024Q3,STRATUM,ELIAS ROAD,18,4.22,3.84,5.08,40299.26632,40227.15406
2024Q4,STRATUM,ELIAS ROAD,18,4.38,3.8,5.01,40299.26632,40227.15406
2024Q2,STRATUM,ELIAS ROAD,18,4.32,4.11,5.22,40299.26632,40227.15406
2025Q1,STRATUM,ELIAS ROAD,18,4.5,4.1,5.38,40299.26632,40227.15406
2026Q2,STRATUM,ELIAS ROAD,18,4.42,4.14,5.38,40299.26632,40227.15406
2025Q4,STRATUM,ELIAS ROAD,18,4.38,3.64,4.96,40299.26632,40227.15406
2026Q1,STRATUM,ELIAS ROAD,18,4.26,4.05,5.35,40299.26632,40227.15406
2025Q2,STRATUM,ELIAS ROAD,18,4.39,3.85,5.4,40299.26632,40227.15406
2025Q3,STRATUM,ELIAS ROAD,18,4.16,3.77,4.83,40299.26632,40227.15406
2023Q3,ST REGIS RESIDENCES SINGAPORE,TANGLIN ROAD,10,5.9,5.66,6.3,27245.70167,31983.74194
2023Q4,ST REGIS RESIDENCES SINGAPORE,TANGLIN ROAD,10,5.81,5.44,6.17,27245.70167,31983.74194
2024Q3,ST REGIS RESIDENCES SINGAPORE,TANGLIN ROAD,10,6.05,5.86,6.5,27245.70167,31983.74194
2024Q2,ST REGIS RESIDENCES SINGAPORE,TANGLIN ROAD,10,6.25,5.02,6.5,27245.70167,31983.74194
2025Q1,ST REGIS RESIDENCES SINGAPORE,TANGLIN ROAD,10,5.27,5.14,6.13,27245.70167,31983.74194
2026Q2,ST REGIS RESIDENCES SINGAPORE,TANGLIN ROAD,10,6.5,5.17,6.52,27245.70167,31983.74194
2025Q4,ST REGIS RESIDENCES SINGAPORE,TANGLIN ROAD,10,5.81,5.39,6.37,27245.70167,31983.74194
2026Q1,ST REGIS RESIDENCES SINGAPORE,TANGLIN ROAD,10,5.85,5.19,6.3,27245.70167,31983.74194
2025Q3,ST REGIS RESIDENCES SINGAPORE,TANGLIN ROAD,10,5.9,5.43,6.25,27245.70167,31983.74194
2023Q4,STIRLING RESIDENCES,STIRLING ROAD,03,7.31,7.01,7.69,24807.30289,30384.57958
2023Q3,STIRLING RESIDENCES,STIRLING ROAD,03,7.7,7.37,8.12,24807.30289,30384.57958
2024Q1,STIRLING RESIDENCES,STIRLING ROAD,03,7.07,6.7,7.84,24807.30289,30384.57958
2024Q3,STIRLING RESIDENCES,STIRLING ROAD,03,6.93,6.55,7.51,24807.30289,30384.57958
2024Q4,STIRLING RESIDENCES,STIRLING ROAD,03,7,6.7,7.7,24807.30289,30384.57958
2024Q2,STIRLING RESIDENCES,STIRLING ROAD,03,6.97,6.51,7.93,24807.30289,30384.57958
2025Q1,STIRLING RESIDENCES,STIRLING ROAD,03,7.16,6.7,7.51,24807.30289,30384.57958
2026Q2,STIRLING RESIDENCES,STIRLING ROAD,03,7.13,6.71,7.91,24807.30289,30384.57958
2025Q4,STIRLING RESIDENCES,STIRLING ROAD,03,7.15,6.8,7.71,24807.30289,30384.57958
2026Q1,STIRLING RESIDENCES,STIRLING ROAD,03,7.21,6.82,7.91,24807.30289,30384.57958
2025Q2,STIRLING RESIDENCES,STIRLING ROAD,03,7.11,6.64,7.8,24807.30289,30384.57958
2025Q3,STIRLING RESIDENCES,STIRLING ROAD,03,7.09,6.63,7.71,24807.30289,30384.57958
2025Q3,PARK RESIDENCES KOVAN,UPPER SERANGOON ROAD,19,7.6,7.36,7.71,33416.09057,37788.97278
2023Q3,PARK NATURA,BUKIT BATOK EAST AVENUE 6,23,3.31,3.19,3.86,20468.46854,36477.61455
2024Q3,PARK NATURA,BUKIT BATOK EAST AVENUE 6,23,3.7,3.47,3.74,20468.46854,36477.61455
2023Q4,HIGH PARK RESIDENCES,FERNVALE ROAD,28,5.02,4.7,5.43,32589.94652,42096.31957
2024Q1,HIGH PARK RESIDENCES,FERNVALE ROAD,28,5.32,4.59,6.05,32589.94652,42096.31957
2023Q3,HIGH PARK RESIDENCES,FERNVALE ROAD,28,5.14,4.59,5.94,32589.94652,42096.31957
2024Q3,HIGH PARK RESIDENCES,FERNVALE ROAD,28,4.82,4.5,5.43,32589.94652,42096.31957
2024Q4,HIGH PARK RESIDENCES,FERNVALE ROAD,28,4.79,4.42,5.61,32589.94652,42096.31957
2024Q2,HIGH PARK RESIDENCES,FERNVALE ROAD,28,4.91,4.25,5.51,32589.94652,42096.31957
2025Q1,HIGH PARK RESIDENCES,FERNVALE ROAD,28,4.94,4.63,5.44,32589.94652,42096.31957
2025Q4,HIGH PARK RESIDENCES,FERNVALE ROAD,28,4.9,4.57,5.52,32589.94652,42096.31957
2026Q1,HIGH PARK RESIDENCES,FERNVALE ROAD,28,4.99,4.42,5.85,32589.94652,42096.31957
2025Q2,HIGH PARK RESIDENCES,FERNVALE ROAD,28,5.16,4.65,5.74,32589.94652,42096.31957
2025Q3,HIGH PARK RESIDENCES,FERNVALE ROAD,28,4.83,4.44,5.43,32589.94652,42096.31957
2026Q2,HIGH PARK RESIDENCES,FERNVALE ROAD,28,5.07,4.65,5.53,32589.94652,42096.31957
2023Q4,PARK INFINIA AT WEE NAM,LINCOLN ROAD,11,5.78,5.38,6.39,29147.3327,33049.48667
2024Q1,PARK INFINIA AT WEE NAM,LINCOLN ROAD,11,5.7,5.31,6.03,29147.3327,33049.48667
2023Q3,PARK INFINIA AT WEE NAM,LINCOLN ROAD,11,5.84,5.68,6.25,29147.3327,33049.48667
2024Q3,PARK INFINIA AT WEE NAM,LINCOLN ROAD,11,5.53,5.28,5.89,29147.3327,33049.48667
2024Q4,PARK INFINIA AT WEE NAM,LINCOLN ROAD,11,5.48,5.2,5.82,29147.3327,33049.48667
2024Q2,PARK INFINIA AT WEE NAM,LINCOLN ROAD,11,6,5.59,6.17,29147.3327,33049.48667
2025Q1,PARK INFINIA AT WEE NAM,LINCOLN ROAD,11,5.55,5.21,5.97,29147.3327,33049.48667
2026Q2,PARK INFINIA AT WEE NAM,LINCOLN ROAD,11,5.75,5.48,6.12,29147.3327,33049.48667
2025Q4,PARK INFINIA AT WEE NAM,LINCOLN ROAD,11,5.56,5.23,6.17,29147.3327,33049.48667
2026Q1,PARK INFINIA AT WEE NAM,LINCOLN ROAD,11,5.57,5.35,6.06,29147.3327,33049.48667
2025Q2,PARK INFINIA AT WEE NAM,LINCOLN ROAD,11,5.81,5.43,6.11,29147.3327,33049.48667
2025Q3,PARK INFINIA AT WEE NAM,LINCOLN ROAD,11,5.6,5.34,5.89,29147.3327,33049.48667
2023Q3,THOMSON IMPRESSIONS,LORONG PUNTONG,20,6.32,5.09,6.83,27652.8633,38010.59426
2023Q4,THOMSON IMPRESSIONS,LORONG PUNTONG,20,6.48,5.12,6.7,27652.8633,38010.59426
2024Q1,THOMSON IMPRESSIONS,LORONG PUNTONG,20,5.23,4.74,6.7,27652.8633,38010.59426
2025Q1,THOMSON IMPRESSIONS,LORONG PUNTONG,20,5.19,4.71,6.32,27652.8633,38010.59426
2024Q3,THOMSON IMPRESSIONS,LORONG PUNTONG,20,6.21,5.31,6.29,27652.8633,38010.59426
2024Q2,THOMSON IMPRESSIONS,LORONG PUNTONG,20,6.32,5.5,6.7,27652.8633,38010.59426
2025Q4,THOMSON IMPRESSIONS,LORONG PUNTONG,20,6.48,5.36,6.7,27652.8633,38010.59426
2026Q2,THOMSON IMPRESSIONS,LORONG PUNTONG,20,6.43,5.43,6.54,27652.8633,38010.59426
2026Q1,THOMSON IMPRESSIONS,LORONG PUNTONG,20,5.19,4.63,5.84,27652.8633,38010.59426
2025Q2,THOMSON IMPRESSIONS,LORONG PUNTONG,20,6.27,5.14,6.72,27652.8633,38010.59426
2025Q3,THOMSON IMPRESSIONS,LORONG PUNTONG,20,6.37,6.1,6.48,27652.8633,38010.59426
2023Q4,PALM ISLES,FLORA DRIVE,17,4.34,4.04,5,42544.23784,37560.54
2024Q1,PALM ISLES,FLORA DRIVE,17,5.13,4.17,5.4,42544.23784,37560.54
2023Q3,PALM ISLES,FLORA DRIVE,17,4.91,4.23,5.48,42544.23784,37560.54
2024Q3,PALM ISLES,FLORA DRIVE,17,4.65,4.1,4.84,42544.23784,37560.54
2024Q4,PALM ISLES,FLORA DRIVE,17,4.06,3.87,4.77,42544.23784,37560.54
2024Q2,PALM ISLES,FLORA DRIVE,17,4.09,4,5.23,42544.23784,37560.54
2025Q1,PALM ISLES,FLORA DRIVE,17,4.33,3.84,4.94,42544.23784,37560.54
2025Q4,PALM ISLES,FLORA DRIVE,17,4.55,3.96,4.93,42544.23784,37560.54
2026Q1,PALM ISLES,FLORA DRIVE,17,4.34,3.96,5.14,42544.23784,37560.54
2025Q2,PALM ISLES,FLORA DRIVE,17,4.09,3.74,4.97,42544.23784,37560.54
2025Q3,PALM ISLES,FLORA DRIVE,17,4.18,4.02,4.91,42544.23784,37560.54
2026Q2,PALM ISLES,FLORA DRIVE,17,3.95,3.75,4.74,42544.23784,37560.54
2023Q4,PRESTIGE HEIGHTS,BALESTIER ROAD,12,7.49,7.26,7.79,30118.19787,34182.49361
2024Q1,PRESTIGE HEIGHTS,BALESTIER ROAD,12,7.49,6.91,7.62,30118.19787,34182.49361
2023Q3,PRESTIGE HEIGHTS,BALESTIER ROAD,12,7.41,6.95,7.9,30118.19787,34182.49361
2024Q3,PRESTIGE HEIGHTS,BALESTIER ROAD,12,6.82,6.02,7.59,30118.19787,34182.49361
2024Q4,PRESTIGE HEIGHTS,BALESTIER ROAD,12,6.71,5.74,7.26,30118.19787,34182.49361
2024Q2,PRESTIGE HEIGHTS,BALESTIER ROAD,12,6.97,6.17,7.24,30118.19787,34182.49361
2025Q1,PRESTIGE HEIGHTS,BALESTIER ROAD,12,6.97,6.38,7.26,30118.19787,34182.49361
2026Q2,PRESTIGE HEIGHTS,BALESTIER ROAD,12,6.97,6.55,7.19,30118.19787,34182.49361
2025Q4,PRESTIGE HEIGHTS,BALESTIER ROAD,12,6.97,6.83,7.32,30118.19787,34182.49361
2026Q1,PRESTIGE HEIGHTS,BALESTIER ROAD,12,7.26,7.02,7.47,30118.19787,34182.49361
2025Q2,PRESTIGE HEIGHTS,BALESTIER ROAD,12,6.97,6.87,7.24,30118.19787,34182.49361
2025Q3,PRESTIGE HEIGHTS,BALESTIER ROAD,12,6.58,6.04,6.85,30118.19787,34182.49361
2023Q4,PRINCIPAL GARDEN,PRINCE CHARLES CRESCENT,03,6.59,6.32,7.27,26843.27679,30538.26961
2024Q1,PRINCIPAL GARDEN,PRINCE CHARLES CRESCENT,03,6.44,5.89,7.12,26843.27679,30538.26961
2023Q3,PRINCIPAL GARDEN,PRINCE CHARLES CRESCENT,03,6.9,6.49,7.79,26843.27679,30538.26961
2024Q3,PRINCIPAL GARDEN,PRINCE CHARLES CRESCENT,03,6.46,5.89,7.23,26843.27679,30538.26961
2024Q4,PRINCIPAL GARDEN,PRINCE CHARLES CRESCENT,03,6.28,5.77,6.87,26843.27679,30538.26961
2024Q2,PRINCIPAL GARDEN,PRINCE CHARLES CRESCENT,03,6.4,5.99,6.86,26843.27679,30538.26961
2025Q1,PRINCIPAL GARDEN,PRINCE CHARLES CRESCENT,03,6.26,5.84,6.68,26843.27679,30538.26961
2026Q2,PRINCIPAL GARDEN,PRINCE CHARLES CRESCENT,03,6.38,6,6.83,26843.27679,30538.26961
2025Q4,PRINCIPAL GARDEN,PRINCE CHARLES CRESCENT,03,6.36,5.95,6.69,26843.27679,30538.26961
2026Q1,PRINCIPAL GARDEN,PRINCE CHARLES CRESCENT,03,6.19,5.93,6.72,26843.27679,30538.26961
2025Q2,PRINCIPAL GARDEN,PRINCE CHARLES CRESCENT,03,6.32,5.85,6.74,26843.27679,30538.26961
2025Q3,PRINCIPAL GARDEN,PRINCE CHARLES CRESCENT,03,6.26,5.88,6.81,26843.27679,30538.26961
2023Q4,PARC CLEMATIS,JALAN LEMPENG,05,6.39,5.81,6.64,19790.56515,33189.69035
2023Q4,PARC CLEMATIS,JALAN LEMPENG,05,6.39,5.81,6.64,19790.56515,33189.69035
2024Q1,PARC CLEMATIS,JALAN LEMPENG,05,5.91,5.63,6.39,19790.56515,33189.69035
2024Q1,PARC CLEMATIS,JALAN LEMPENG,05,5.91,5.63,6.39,19790.56515,33189.69035
2024Q3,PARC CLEMATIS,JALAN LEMPENG,05,5.95,5.72,6.77,19790.56515,33189.69035
2024Q3,PARC CLEMATIS,JALAN LEMPENG,05,5.95,5.72,6.77,19790.56515,33189.69035
2024Q4,PARC CLEMATIS,JALAN LEMPENG,05,6.66,6.04,7.08,19790.56515,33189.69035
2024Q4,PARC CLEMATIS,JALAN LEMPENG,05,6.66,6.04,7.08,19790.56515,33189.69035
2024Q2,PARC CLEMATIS,JALAN LEMPENG,05,5.57,5.37,6.01,19790.56515,33189.69035
2024Q2,PARC CLEMATIS,JALAN LEMPENG,05,5.57,5.37,6.01,19790.56515,33189.69035
2025Q1,PARC CLEMATIS,JALAN LEMPENG,05,6.36,5.96,6.91,19790.56515,33189.69035
2025Q1,PARC CLEMATIS,JALAN LEMPENG,05,6.36,5.96,6.91,19790.56515,33189.69035
2025Q4,PARC CLEMATIS,JALAN LEMPENG,05,6.64,6.03,7.02,19790.56515,33189.69035
2025Q4,PARC CLEMATIS,JALAN LEMPENG,05,6.64,6.03,7.02,19790.56515,33189.69035
2026Q1,PARC CLEMATIS,JALAN LEMPENG,05,6.58,6.04,7.08,19790.56515,33189.69035
2026Q1,PARC CLEMATIS,JALAN LEMPENG,05,6.58,6.04,7.08,19790.56515,33189.69035
2025Q2,PARC CLEMATIS,JALAN LEMPENG,05,5.81,5.55,6.54,19790.56515,33189.69035
2025Q2,PARC CLEMATIS,JALAN LEMPENG,05,5.81,5.55,6.54,19790.56515,33189.69035
2025Q3,PARC CLEMATIS,JALAN LEMPENG,05,6.31,5.81,7.1,19790.56515,33189.69035
2025Q3,PARC CLEMATIS,JALAN LEMPENG,05,6.31,5.81,7.1,19790.56515,33189.69035
2026Q2,PARC CLEMATIS,JALAN LEMPENG,05,6.12,5.88,6.86,19790.56515,33189.69035
2026Q2,PARC CLEMATIS,JALAN LEMPENG,05,6.12,5.88,6.86,19790.56515,33189.69035
2024Q3,PARC MONDRIAN,WOODLEIGH CLOSE,13,4.24,4.12,4.38,31865.28789,35362.54579
2023Q3,TANGLIN REGENCY,TANGLIN ROAD,10,5.13,4.91,5.29,26130.58413,30490.48875
2024Q3,TANGLIN REGENCY,TANGLIN ROAD,10,4.65,4.45,5.01,26130.58413,30490.48875
2024Q4,TANGLIN REGENCY,TANGLIN ROAD,10,4.96,4.36,5.43,26130.58413,30490.48875
2024Q2,TANGLIN REGENCY,TANGLIN ROAD,10,4.42,4.27,4.88,26130.58413,30490.48875
2025Q1,TANGLIN REGENCY,TANGLIN ROAD,10,4.6,4.29,4.93,26130.58413,30490.48875
2026Q2,TANGLIN REGENCY,TANGLIN ROAD,10,4.56,4.27,4.94,26130.58413,30490.48875
2025Q3,TANGLIN REGENCY,TANGLIN ROAD,10,4.79,4.43,4.99,26130.58413,30490.48875
2023Q3,THE RESIDENCES AT W SINGAPORE SENTOSA COVE,OCEAN WAY,04,5.81,5.49,6.15,28983.08279,25645.15311
2023Q4,THE RESIDENCES AT W SINGAPORE SENTOSA COVE,OCEAN WAY,04,5.81,5.57,6.06,28983.08279,25645.15311
2024Q1,THE RESIDENCES AT W SINGAPORE SENTOSA COVE,OCEAN WAY,04,5.61,5.53,5.67,28983.08279,25645.15311
2024Q3,THE RESIDENCES AT W SINGAPORE SENTOSA COVE,OCEAN WAY,04,5.5,5.37,5.79,28983.08279,25645.15311
2024Q4,THE RESIDENCES AT W SINGAPORE SENTOSA COVE,OCEAN WAY,04,5.48,5.26,5.64,28983.08279,25645.15311
2024Q2,THE RESIDENCES AT W SINGAPORE SENTOSA COVE,OCEAN WAY,04,5.52,5.37,5.71,28983.08279,25645.15311
2025Q1,THE RESIDENCES AT W SINGAPORE SENTOSA COVE,OCEAN WAY,04,5.31,5.11,5.65,28983.08279,25645.15311
2025Q4,THE RESIDENCES AT W SINGAPORE SENTOSA COVE,OCEAN WAY,04,5.54,4.95,5.88,28983.08279,25645.15311
2025Q2,THE RESIDENCES AT W SINGAPORE SENTOSA COVE,OCEAN WAY,04,5.4,5.11,5.61,28983.08279,25645.15311
2025Q3,THE RESIDENCES AT W SINGAPORE SENTOSA COVE,OCEAN WAY,04,5.29,5.05,5.9,28983.08279,25645.15311
2023Q4,REGENT HEIGHTS,BUKIT BATOK EAST AVENUE 5,23,3.61,3.42,3.72,19416.96478,37236.7085
2024Q1,REGENT HEIGHTS,BUKIT BATOK EAST AVENUE 5,23,3.52,3.41,3.72,19416.96478,37236.7085
2023Q3,REGENT HEIGHTS,BUKIT BATOK EAST AVENUE 5,23,3.72,3.54,3.89,19416.96478,37236.7085
2024Q3,REGENT HEIGHTS,BUKIT BATOK EAST AVENUE 5,23,3.44,3.37,3.72,19416.96478,37236.7085
2024Q4,REGENT HEIGHTS,BUKIT BATOK EAST AVENUE 5,23,3.53,3.47,3.72,19416.96478,37236.7085
2024Q2,REGENT HEIGHTS,BUKIT BATOK EAST AVENUE 5,23,3.25,3.16,3.42,19416.96478,37236.7085
2025Q1,REGENT HEIGHTS,BUKIT BATOK EAST AVENUE 5,23,3.42,3.42,3.64,19416.96478,37236.7085
2026Q2,REGENT HEIGHTS,BUKIT BATOK EAST AVENUE 5,23,3.63,3.45,3.72,19416.96478,37236.7085
2025Q4,REGENT HEIGHTS,BUKIT BATOK EAST AVENUE 5,23,3.55,3.42,3.68,19416.96478,37236.7085
2026Q1,REGENT HEIGHTS,BUKIT BATOK EAST AVENUE 5,23,3.62,3.5,3.73,19416.96478,37236.7085
2025Q2,REGENT HEIGHTS,BUKIT BATOK EAST AVENUE 5,23,3.52,3.32,3.81,19416.96478,37236.7085
2025Q3,REGENT HEIGHTS,BUKIT BATOK EAST AVENUE 5,23,3.62,3.42,3.69,19416.96478,37236.7085
2024Q1,THE MEZZO,BALESTIER ROAD,12,4.77,4.53,4.9,30134.70668,33649.16734
2023Q3,THE MEZZO,BALESTIER ROAD,12,5.36,4.94,5.72,30134.70668,33649.16734
2024Q3,THE MEZZO,BALESTIER ROAD,12,4.79,4.67,5.05,30134.70668,33649.16734
2024Q4,THE MEZZO,BALESTIER ROAD,12,4.41,4.29,4.52,30134.70668,33649.16734
2024Q2,THE MEZZO,BALESTIER ROAD,12,4.29,4.23,4.7,30134.70668,33649.16734
2025Q1,THE MEZZO,BALESTIER ROAD,12,4.52,4.29,4.53,30134.70668,33649.16734
2026Q2,THE MEZZO,BALESTIER ROAD,12,4.59,4.52,4.76,30134.70668,33649.16734
2025Q4,THE MEZZO,BALESTIER ROAD,12,4.53,4.35,4.83,30134.70668,33649.16734
2026Q1,THE MEZZO,BALESTIER ROAD,12,4.53,4.39,4.65,30134.70668,33649.16734
2025Q2,THE MEZZO,BALESTIER ROAD,12,4.46,4.24,4.7,30134.70668,33649.16734
2025Q3,THE MEZZO,BALESTIER ROAD,12,4.76,4.51,5.38,30134.70668,33649.16734
2023Q3,GUILLEMARD SUITES,GUILLEMARD ROAD,14,6.17,5.78,6.49,33489.91878,32590.05504
2024Q3,GUILLEMARD SUITES,GUILLEMARD ROAD,14,6.19,5.48,6.56,33489.91878,32590.05504
2024Q4,GUILLEMARD SUITES,GUILLEMARD ROAD,14,5.34,5.18,5.93,33489.91878,32590.05504
2024Q2,GUILLEMARD SUITES,GUILLEMARD ROAD,14,5.74,5.09,6.42,33489.91878,32590.05504
2025Q1,GUILLEMARD SUITES,GUILLEMARD ROAD,14,5.67,5.15,5.97,33489.91878,32590.05504
2026Q1,GUILLEMARD SUITES,GUILLEMARD ROAD,14,5.86,5.23,6.45,33489.91878,32590.05504
2025Q2,GUILLEMARD SUITES,GUILLEMARD ROAD,14,5.51,4.96,5.96,33489.91878,32590.05504
2025Q3,GUILLEMARD SUITES,GUILLEMARD ROAD,14,6.37,5.89,6.99,33489.91878,32590.05504
2026Q2,GUILLEMARD SUITES,GUILLEMARD ROAD,14,5.38,4.81,6.15,33489.91878,32590.05504
2024Q4,REZI 3TWO,LORONG 32 GEYLANG,14,5.81,5.75,5.92,33946.86988,32722.56373
2025Q3,REZI 3TWO,LORONG 32 GEYLANG,14,5.9,5.61,6.04,33946.86988,32722.56373
2023Q3,IMPERIAL HEIGHTS,IPOH LANE,15,5.41,4.15,5.76,34892.66036,32634.66079
2024Q3,IMPERIAL HEIGHTS,IPOH LANE,15,5.05,4.67,5.62,34892.66036,32634.66079
2024Q2,IMPERIAL HEIGHTS,IPOH LANE,15,5.4,4.93,6.11,34892.66036,32634.66079
2025Q2,IMPERIAL HEIGHTS,IPOH LANE,15,5.19,4.81,6.22,34892.66036,32634.66079
2024Q1,PARC ELEGANCE,TELOK KURAU ROAD,15,5.92,5.64,6.11,36421.55751,33337.0462
2023Q3,PARC ELEGANCE,TELOK KURAU ROAD,15,6.43,6.1,6.66,36421.55751,33337.0462
2024Q3,PARC ELEGANCE,TELOK KURAU ROAD,15,5.99,5.89,6.14,36421.55751,33337.0462
2024Q4,PARC ELEGANCE,TELOK KURAU ROAD,15,5.42,5.24,6.18,36421.55751,33337.0462
2024Q2,PARC ELEGANCE,TELOK KURAU ROAD,15,5.89,5.28,6.11,36421.55751,33337.0462
2025Q1,PARC ELEGANCE,TELOK KURAU ROAD,15,6.03,5.78,6.11,36421.55751,33337.0462
2026Q1,PARC ELEGANCE,TELOK KURAU ROAD,15,6.11,5.9,6.22,36421.55751,33337.0462
2025Q2,PARC ELEGANCE,TELOK KURAU ROAD,15,5.64,5.22,5.86,36421.55751,33337.0462
2025Q3,PARC ELEGANCE,TELOK KURAU ROAD,15,6.21,5.77,6.35,36421.55751,33337.0462
2026Q2,PARC ELEGANCE,TELOK KURAU ROAD,15,5.96,5.84,6.16,36421.55751,33337.0462
2024Q1,CITYLIGHTS,JELLICOE ROAD,08,5.82,5.28,6.17,31326.03628,32296.2003
2023Q4,CITYLIGHTS,JELLICOE ROAD,08,5.7,5.09,6.34,31326.03628,32296.2003
2023Q3,CITYLIGHTS,JELLICOE ROAD,08,6.05,5.28,6.34,31326.03628,32296.2003
2024Q3,CITYLIGHTS,JELLICOE ROAD,08,5.75,5.35,6.21,31326.03628,32296.2003
2024Q4,CITYLIGHTS,JELLICOE ROAD,08,5.38,4.41,6.1,31326.03628,32296.2003
2024Q2,CITYLIGHTS,JELLICOE ROAD,08,5.9,5.19,6.3,31326.03628,32296.2003
2025Q1,CITYLIGHTS,JELLICOE ROAD,08,5.75,5.14,6.25,31326.03628,32296.2003
2025Q4,CITYLIGHTS,JELLICOE ROAD,08,5.82,5.26,6.19,31326.03628,32296.2003
2026Q1,CITYLIGHTS,JELLICOE ROAD,08,6.01,5.55,6.38,31326.03628,32296.2003
2025Q2,CITYLIGHTS,JELLICOE ROAD,08,5.69,5.27,6.06,31326.03628,32296.2003
2025Q3,CITYLIGHTS,JELLICOE ROAD,08,5.9,5.32,6.34,31326.03628,32296.2003
2026Q2,CITYLIGHTS,JELLICOE ROAD,08,5.76,5.29,6.26,31326.03628,32296.2003
2023Q3,SCOTTS 28,SCOTTS ROAD,09,4.75,4.55,4.99,28183.54831,32462.8595
2024Q3,SCOTTS 28,SCOTTS ROAD,09,4.52,4.43,4.58,28183.54831,32462.8595
2024Q4,SCOTTS 28,SCOTTS ROAD,09,4.51,4.38,4.55,28183.54831,32462.8595
2025Q1,SCOTTS 28,SCOTTS ROAD,09,4.52,4.37,4.79,28183.54831,32462.8595
2026Q1,SCOTTS 28,SCOTTS ROAD,09,4.82,4.66,5.14,28183.54831,32462.8595
2025Q2,SCOTTS 28,SCOTTS ROAD,09,4.52,4.47,4.69,28183.54831,32462.8595
2023Q3,THE SEA VIEW,AMBER ROAD,15,5.29,4.96,5.55,35587.62049,31572.43347
2023Q4,THE SEA VIEW,AMBER ROAD,15,5.34,4.96,5.76,35587.62049,31572.43347
2024Q1,THE SEA VIEW,AMBER ROAD,15,5.15,4.98,5.63,35587.62049,31572.43347
2024Q3,THE SEA VIEW,AMBER ROAD,15,5.17,4.96,5.43,35587.62049,31572.43347
2024Q4,THE SEA VIEW,AMBER ROAD,15,5.16,4.95,5.88,35587.62049,31572.43347
2024Q2,THE SEA VIEW,AMBER ROAD,15,4.98,4.89,5.4,35587.62049,31572.43347
2025Q1,THE SEA VIEW,AMBER ROAD,15,5.18,5.04,5.59,35587.62049,31572.43347
2025Q4,THE SEA VIEW,AMBER ROAD,15,5.34,5.1,5.64,35587.62049,31572.43347
2026Q2,THE SEA VIEW,AMBER ROAD,15,5.39,5.18,5.6,35587.62049,31572.43347
2026Q1,THE SEA VIEW,AMBER ROAD,15,5.52,5.19,5.69,35587.62049,31572.43347
2025Q2,THE SEA VIEW,AMBER ROAD,15,5.53,5.09,5.71,35587.62049,31572.43347
2025Q3,THE SEA VIEW,AMBER ROAD,15,5.25,5.05,5.39,35587.62049,31572.43347
2023Q3,SPOTTISWOODE PARK,SPOTTISWOODE PARK ROAD,02,3.76,3.23,4.12,28185.33549,28445.25446
2023Q4,SPOTTISWOODE PARK,SPOTTISWOODE PARK ROAD,02,3.88,3.54,4.23,28185.33549,28445.25446
2024Q3,SPOTTISWOODE PARK,SPOTTISWOODE PARK ROAD,02,4.06,3.31,4.82,28185.33549,28445.25446
2024Q4,SPOTTISWOODE PARK,SPOTTISWOODE PARK ROAD,02,4.12,3.7,4.41,28185.33549,28445.25446
2024Q2,SPOTTISWOODE PARK,SPOTTISWOODE PARK ROAD,02,3.41,2.74,4.44,28185.33549,28445.25446
2025Q1,SPOTTISWOODE PARK,SPOTTISWOODE PARK ROAD,02,3.97,3.13,4.67,28185.33549,28445.25446
2026Q2,SPOTTISWOODE PARK,SPOTTISWOODE PARK ROAD,02,3.78,3.36,4.59,28185.33549,28445.25446
2025Q4,SPOTTISWOODE PARK,SPOTTISWOODE PARK ROAD,02,4.26,3.55,4.66,28185.33549,28445.25446
2026Q1,SPOTTISWOODE PARK,SPOTTISWOODE PARK ROAD,02,4.29,3.31,4.76,28185.33549,28445.25446
2025Q2,SPOTTISWOODE PARK,SPOTTISWOODE PARK ROAD,02,3.78,3.54,4.47,28185.33549,28445.25446
2025Q3,SPOTTISWOODE PARK,SPOTTISWOODE PARK ROAD,02,4.12,3.75,4.94,28185.33549,28445.25446
2024Q1,THE OCEANFRONT @ SENTOSA COVE,OCEAN DRIVE,04,5.06,4.71,5.42,29018.54051,25232.61955
2023Q3,THE OCEANFRONT @ SENTOSA COVE,OCEAN DRIVE,04,5.76,5.26,6.19,29018.54051,25232.61955
2023Q4,THE OCEANFRONT @ SENTOSA COVE,OCEAN DRIVE,04,5.94,5.1,6.23,29018.54051,25232.61955
2024Q3,THE OCEANFRONT @ SENTOSA COVE,OCEAN DRIVE,04,4.75,4.54,5.12,29018.54051,25232.61955
2024Q4,THE OCEANFRONT @ SENTOSA COVE,OCEAN DRIVE,04,5.22,4.45,5.46,29018.54051,25232.61955
2024Q2,THE OCEANFRONT @ SENTOSA COVE,OCEAN DRIVE,04,4.82,4.33,5.14,29018.54051,25232.61955
2025Q1,THE OCEANFRONT @ SENTOSA COVE,OCEAN DRIVE,04,5.5,4.88,5.67,29018.54051,25232.61955
2026Q2,THE OCEANFRONT @ SENTOSA COVE,OCEAN DRIVE,04,5.09,4.47,5.51,29018.54051,25232.61955
2025Q4,THE OCEANFRONT @ SENTOSA COVE,OCEAN DRIVE,04,5.29,4.86,5.58,29018.54051,25232.61955
2026Q1,THE OCEANFRONT @ SENTOSA COVE,OCEAN DRIVE,04,5.18,4.65,5.44,29018.54051,25232.61955
2025Q2,THE OCEANFRONT @ SENTOSA COVE,OCEAN DRIVE,04,5.56,5.07,5.79,29018.54051,25232.61955
2025Q3,THE OCEANFRONT @ SENTOSA COVE,OCEAN DRIVE,04,5.23,4.85,5.44,29018.54051,25232.61955
2023Q4,MODENA,SIMEI STREET 4,18,3.27,3.21,3.38,41489.07527,36094.09283
2026Q2,MODENA,SIMEI STREET 4,18,3.43,3.3,3.68,41489.07527,36094.09283
2023Q4,SUNGLADE,SERANGOON AVENUE 2,19,4.44,4.16,4.7,32196.98475,36795.09004
2023Q3,SUNGLADE,SERANGOON AVENUE 2,19,4.04,3.83,4.3,32196.98475,36795.09004
2024Q1,SUNGLADE,SERANGOON AVENUE 2,19,4.25,3.76,4.42,32196.98475,36795.09004
2024Q3,SUNGLADE,SERANGOON AVENUE 2,19,4.1,3.74,4.37,32196.98475,36795.09004
2024Q4,SUNGLADE,SERANGOON AVENUE 2,19,4.28,4.05,4.54,32196.98475,36795.09004
2024Q2,SUNGLADE,SERANGOON AVENUE 2,19,4.34,4,4.5,32196.98475,36795.09004
2025Q1,SUNGLADE,SERANGOON AVENUE 2,19,3.93,3.68,4.35,32196.98475,36795.09004
2026Q2,SUNGLADE,SERANGOON AVENUE 2,19,4.35,4.08,4.45,32196.98475,36795.09004
2026Q1,SUNGLADE,SERANGOON AVENUE 2,19,4.38,4.31,4.44,32196.98475,36795.09004
2025Q2,SUNGLADE,SERANGOON AVENUE 2,19,3.99,3.76,4.4,32196.98475,36795.09004
2025Q3,SUNGLADE,SERANGOON AVENUE 2,19,4.17,4.09,4.49,32196.98475,36795.09004
2023Q3,URBAN SUITES,HULLET ROAD,09,6.5,6.11,6.85,28570.90621,31848.89398
2024Q1,URBAN SUITES,HULLET ROAD,09,6.49,6.26,7.02,28570.90621,31848.89398
2023Q4,URBAN SUITES,HULLET ROAD,09,6.68,6.19,6.94,28570.90621,31848.89398
2025Q1,URBAN SUITES,HULLET ROAD,09,6.49,5.87,6.99,28570.90621,31848.89398
2024Q2,URBAN SUITES,HULLET ROAD,09,6.19,6.07,6.7,28570.90621,31848.89398
2024Q3,URBAN SUITES,HULLET ROAD,09,6.18,5.98,6.56,28570.90621,31848.89398
2024Q4,URBAN SUITES,HULLET ROAD,09,6.49,5.82,6.85,28570.90621,31848.89398
2025Q3,URBAN SUITES,HULLET ROAD,09,6.71,6.42,6.99,28570.90621,31848.89398
2025Q4,URBAN SUITES,HULLET ROAD,09,6.7,6.19,7.18,28570.90621,31848.89398
2026Q2,URBAN SUITES,HULLET ROAD,09,6.38,6.19,6.86,28570.90621,31848.89398
2026Q1,URBAN SUITES,HULLET ROAD,09,6.45,6.33,7.14,28570.90621,31848.89398
2025Q2,URBAN SUITES,HULLET ROAD,09,6.5,6.18,7.13,28570.90621,31848.89398
2023Q4,PARC CENTROS,PUNGGOL CENTRAL,19,4.74,3.99,5.07,35926.06254,42822.20781
2024Q1,PARC CENTROS,PUNGGOL CENTRAL,19,4.83,4.03,6.05,35926.06254,42822.20781
2023Q3,PARC CENTROS,PUNGGOL CENTRAL,19,4.56,3.92,6.06,35926.06254,42822.20781
2024Q3,PARC CENTROS,PUNGGOL CENTRAL,19,4.51,4.03,5.7,35926.06254,42822.20781
2024Q4,PARC CENTROS,PUNGGOL CENTRAL,19,4.65,4.18,5.52,35926.06254,42822.20781
2024Q2,PARC CENTROS,PUNGGOL CENTRAL,19,4.74,3.88,5.54,35926.06254,42822.20781
2025Q1,PARC CENTROS,PUNGGOL CENTRAL,19,4.68,4.1,6.02,35926.06254,42822.20781
2025Q4,PARC CENTROS,PUNGGOL CENTRAL,19,5.04,4.4,5.94,35926.06254,42822.20781
2026Q1,PARC CENTROS,PUNGGOL CENTRAL,19,4.58,3.95,5.49,35926.06254,42822.20781
2025Q2,PARC CENTROS,PUNGGOL CENTRAL,19,4.58,4.14,5.49,35926.06254,42822.20781
2025Q3,PARC CENTROS,PUNGGOL CENTRAL,19,4.87,4.02,5.91,35926.06254,42822.20781
2026Q2,PARC CENTROS,PUNGGOL CENTRAL,19,4.78,4.24,5.88,35926.06254,42822.20781
2023Q4,NEPTUNE COURT,MARINE VISTA,15,3.12,2.84,3.39,37765.98667,32196.76838
2024Q1,NEPTUNE COURT,MARINE VISTA,15,3.15,2.87,3.27,37765.98667,32196.76838
2023Q3,NEPTUNE COURT,MARINE VISTA,15,3.23,2.8,3.4,37765.98667,32196.76838
2024Q3,NEPTUNE COURT,MARINE VISTA,15,3,2.75,3.24,37765.98667,32196.76838
2024Q4,NEPTUNE COURT,MARINE VISTA,15,3.06,2.72,3.29,37765.98667,32196.76838
2024Q2,NEPTUNE COURT,MARINE VISTA,15,2.95,2.7,3.07,37765.98667,32196.76838
2025Q1,NEPTUNE COURT,MARINE VISTA,15,3.23,3.13,3.37,37765.98667,32196.76838
2025Q4,NEPTUNE COURT,MARINE VISTA,15,3.31,3.04,3.36,37765.98667,32196.76838
2025Q2,NEPTUNE COURT,MARINE VISTA,15,3.31,3.15,3.46,37765.98667,32196.76838
2025Q3,NEPTUNE COURT,MARINE VISTA,15,3.36,2.96,3.44,37765.98667,32196.76838
2026Q2,NEPTUNE COURT,MARINE VISTA,15,3.26,3.06,3.54,37765.98667,32196.76838
2023Q4,ST MARTIN RESIDENCE,ST. MARTIN'S DRIVE,10,5.2,4.49,5.66,26957.13773,32084.68903
2024Q1,ST MARTIN RESIDENCE,ST. MARTIN'S DRIVE,10,5.2,4.62,5.7,26957.13773,32084.68903
2024Q2,ST MARTIN RESIDENCE,ST. MARTIN'S DRIVE,10,5.26,4.94,6.73,26957.13773,32084.68903
2023Q3,RIVERSOUND RESIDENCE,SENGKANG EAST AVENUE,19,4.04,3.68,4.53,35716.61921,40357.28265
2023Q4,RIVERSOUND RESIDENCE,SENGKANG EAST AVENUE,19,4.31,3.61,4.71,35716.61921,40357.28265
2024Q1,RIVERSOUND RESIDENCE,SENGKANG EAST AVENUE,19,3.98,3.71,4.23,35716.61921,40357.28265
2024Q3,RIVERSOUND RESIDENCE,SENGKANG EAST AVENUE,19,3.99,3.54,4.23,35716.61921,40357.28265
2024Q4,RIVERSOUND RESIDENCE,SENGKANG EAST AVENUE,19,4.25,4.11,5.28,35716.61921,40357.28265
2024Q2,RIVERSOUND RESIDENCE,SENGKANG EAST AVENUE,19,3.87,3.57,4.1,35716.61921,40357.28265
2025Q1,RIVERSOUND RESIDENCE,SENGKANG EAST AVENUE,19,4.12,3.68,4.45,35716.61921,40357.28265
2026Q2,RIVERSOUND RESIDENCE,SENGKANG EAST AVENUE,19,3.91,3.64,4.1,35716.61921,40357.28265
2025Q4,RIVERSOUND RESIDENCE,SENGKANG EAST AVENUE,19,4.21,3.76,4.7,35716.61921,40357.28265
2026Q1,RIVERSOUND RESIDENCE,SENGKANG EAST AVENUE,19,4.03,3.65,4.34,35716.61921,40357.28265
2025Q2,RIVERSOUND RESIDENCE,SENGKANG EAST AVENUE,19,3.98,3.72,4.21,35716.61921,40357.28265
2025Q3,RIVERSOUND RESIDENCE,SENGKANG EAST AVENUE,19,3.99,3.77,4.33,35716.61921,40357.28265
2023Q3,THE CASCADIA,BUKIT TIMAH ROAD,21,5.21,4.93,5.51,22912.55807,35120.42422
2023Q4,THE CASCADIA,BUKIT TIMAH ROAD,21,4.91,4.56,5.21,22912.55807,35120.42422
2024Q1,THE CASCADIA,BUKIT TIMAH ROAD,21,5.07,4.52,5.37,22912.55807,35120.42422
2024Q3,THE CASCADIA,BUKIT TIMAH ROAD,21,4.69,4.54,4.97,22912.55807,35120.42422
2024Q4,THE CASCADIA,BUKIT TIMAH ROAD,21,4.8,4.65,5.23,22912.55807,35120.42422
2024Q2,THE CASCADIA,BUKIT TIMAH ROAD,21,4.71,4.49,5,22912.55807,35120.42422
2025Q1,THE CASCADIA,BUKIT TIMAH ROAD,21,4.87,4.65,5.26,22912.55807,35120.42422
2026Q2,THE CASCADIA,BUKIT TIMAH ROAD,21,4.82,4.55,5.02,22912.55807,35120.42422
2025Q4,THE CASCADIA,BUKIT TIMAH ROAD,21,4.76,4.65,5.09,22912.55807,35120.42422
2026Q1,THE CASCADIA,BUKIT TIMAH ROAD,21,4.83,4.7,5.17,22912.55807,35120.42422
2025Q2,THE CASCADIA,BUKIT TIMAH ROAD,21,4.99,4.65,5.26,22912.55807,35120.42422
2025Q3,THE CASCADIA,BUKIT TIMAH ROAD,21,4.82,4.65,5.09,22912.55807,35120.42422
2025Q4,THE WATERGARDENS AT CANBERRA,CANBERRA DRIVE,27,4.44,4.38,4.67,27439.2282420674,46836.8458489604
2026Q2,THE WATERGARDENS AT CANBERRA,CANBERRA DRIVE,27,4.57,4.2,4.67,27439.2282420674,46836.8458489604
2026Q1,THE WATERGARDENS AT CANBERRA,CANBERRA DRIVE,27,4.65,4.37,4.83,27439.2282420674,46836.8458489604
2025Q2,THE WATERGARDENS AT CANBERRA,CANBERRA DRIVE,27,4.42,4.23,4.57,27439.2282420674,46836.8458489604
2025Q3,THE WATERGARDENS AT CANBERRA,CANBERRA DRIVE,27,4.45,4.31,4.72,27439.2282420674,46836.8458489604
2023Q3,GOLDENHILL PARK CONDOMINIUM,MEI HWAN DRIVE,20,4.5,4.25,4.67,31215.13192,37174.05139
2023Q4,GOLDENHILL PARK CONDOMINIUM,MEI HWAN DRIVE,20,4.34,4.23,4.68,31215.13192,37174.05139
2024Q1,GOLDENHILL PARK CONDOMINIUM,MEI HWAN DRIVE,20,4.1,3.91,4.39,31215.13192,37174.05139
2024Q3,GOLDENHILL PARK CONDOMINIUM,MEI HWAN DRIVE,20,4.33,3.91,4.5,31215.13192,37174.05139
2024Q4,GOLDENHILL PARK CONDOMINIUM,MEI HWAN DRIVE,20,4.38,4.19,4.64,31215.13192,37174.05139
2024Q2,GOLDENHILL PARK CONDOMINIUM,MEI HWAN DRIVE,20,4.16,4.04,4.32,31215.13192,37174.05139
2025Q1,GOLDENHILL PARK CONDOMINIUM,MEI HWAN DRIVE,20,4.5,4.2,4.6,31215.13192,37174.05139
2025Q4,GOLDENHILL PARK CONDOMINIUM,MEI HWAN DRIVE,20,4.42,4.3,4.8,31215.13192,37174.05139
2026Q1,GOLDENHILL PARK CONDOMINIUM,MEI HWAN DRIVE,20,4.47,4.34,4.58,31215.13192,37174.05139
2025Q2,GOLDENHILL PARK CONDOMINIUM,MEI HWAN DRIVE,20,4.48,4.36,4.78,31215.13192,37174.05139
2025Q3,GOLDENHILL PARK CONDOMINIUM,MEI HWAN DRIVE,20,4.5,4.26,4.65,31215.13192,37174.05139
2026Q2,GOLDENHILL PARK CONDOMINIUM,MEI HWAN DRIVE,20,4.57,4.05,4.65,31215.13192,37174.05139
2023Q4,HAZEL PARK CONDOMINIUM,HAZEL PARK TERRACE,23,3.15,2.92,3.51,20370.39099,39385.21634
2024Q1,HAZEL PARK CONDOMINIUM,HAZEL PARK TERRACE,23,3.37,3.17,3.37,20370.39099,39385.21634
2023Q3,HAZEL PARK CONDOMINIUM,HAZEL PARK TERRACE,23,3.3,3.09,3.42,20370.39099,39385.21634
2024Q3,HAZEL PARK CONDOMINIUM,HAZEL PARK TERRACE,23,3,2.85,3.08,20370.39099,39385.21634
2024Q4,HAZEL PARK CONDOMINIUM,HAZEL PARK TERRACE,23,3.25,3,3.47,20370.39099,39385.21634
2024Q2,HAZEL PARK CONDOMINIUM,HAZEL PARK TERRACE,23,3.31,2.98,3.53,20370.39099,39385.21634
2025Q1,HAZEL PARK CONDOMINIUM,HAZEL PARK TERRACE,23,3.14,3,3.37,20370.39099,39385.21634
2025Q4,HAZEL PARK CONDOMINIUM,HAZEL PARK TERRACE,23,3.12,2.97,3.46,20370.39099,39385.21634
2026Q1,HAZEL PARK CONDOMINIUM,HAZEL PARK TERRACE,23,3.18,3.11,3.49,20370.39099,39385.21634
2025Q2,HAZEL PARK CONDOMINIUM,HAZEL PARK TERRACE,23,3.17,2.92,3.27,20370.39099,39385.21634
2025Q3,HAZEL PARK CONDOMINIUM,HAZEL PARK TERRACE,23,3.15,3.11,3.32,20370.39099,39385.21634
2026Q2,HAZEL PARK CONDOMINIUM,HAZEL PARK TERRACE,23,3.23,3.13,3.39,20370.39099,39385.21634
2023Q3,GOODWOOD RESIDENCE,BUKIT TIMAH ROAD,10,6.68,6.15,7.19,28250.73745,33037.18542
2023Q4,GOODWOOD RESIDENCE,BUKIT TIMAH ROAD,10,6.67,6.24,6.84,28250.73745,33037.18542
2024Q1,GOODWOOD RESIDENCE,BUKIT TIMAH ROAD,10,6.44,5.95,6.69,28250.73745,33037.18542
2024Q3,GOODWOOD RESIDENCE,BUKIT TIMAH ROAD,10,6.14,5.79,6.78,28250.73745,33037.18542
2024Q4,GOODWOOD RESIDENCE,BUKIT TIMAH ROAD,10,6.4,5.24,7,28250.73745,33037.18542
2024Q2,GOODWOOD RESIDENCE,BUKIT TIMAH ROAD,10,6.04,5.64,6.49,28250.73745,33037.18542
2025Q4,GOODWOOD RESIDENCE,BUKIT TIMAH ROAD,10,6.52,6.39,6.79,28250.73745,33037.18542
2026Q1,GOODWOOD RESIDENCE,BUKIT TIMAH ROAD,10,6.16,5.62,6.52,28250.73745,33037.18542
2025Q3,GOODWOOD RESIDENCE,BUKIT TIMAH ROAD,10,6.25,5.85,6.91,28250.73745,33037.18542
2026Q2,GOODWOOD RESIDENCE,BUKIT TIMAH ROAD,10,6.38,6.18,6.73,28250.73745,33037.18542
2023Q3,THE PEAK @ CAIRNHILL I,CAIRNHILL CIRCLE,09,6.16,5.91,6.44,28555.35584,32270.43316
2024Q3,THE PEAK @ CAIRNHILL I,CAIRNHILL CIRCLE,09,5.79,5.42,5.98,28555.35584,32270.43316
2024Q2,THE PEAK @ CAIRNHILL I,CAIRNHILL CIRCLE,09,5.55,5.35,6.2,28555.35584,32270.43316
2026Q1,THE PEAK @ CAIRNHILL I,CAIRNHILL CIRCLE,09,5.74,5.37,6.04,28555.35584,32270.43316
2025Q3,THE PEAK @ CAIRNHILL I,CAIRNHILL CIRCLE,09,6.08,5.79,6.38,28555.35584,32270.43316
2023Q3,PARKSHORE,TANJONG RHU ROAD,15,3.96,3.79,4.34,32162.13812,31005.38426
2024Q4,PARKSHORE,TANJONG RHU ROAD,15,3.83,3.75,3.88,32162.13812,31005.38426
2024Q2,PARKSHORE,TANJONG RHU ROAD,15,3.74,3.59,4.12,32162.13812,31005.38426
2025Q3,PARKSHORE,TANJONG RHU ROAD,15,3.94,3.76,4.08,32162.13812,31005.38426
2025Q4,SELETAR SPRINGS CONDOMINIUM,GERALD DRIVE,28,2.95,2.8,3.2,33018.00322,41049.21743
2024Q4,FORETT@BUKIT TIMAH,TOH TUCK ROAD,21,6.1,5.49,6.51,20869.5215339814,35842.7939038206
2025Q1,FORETT@BUKIT TIMAH,TOH TUCK ROAD,21,5.81,5.19,6.31,20869.5215339814,35842.7939038206
2025Q4,FORETT@BUKIT TIMAH,TOH TUCK ROAD,21,6.32,6.03,6.7,20869.5215339814,35842.7939038206
2026Q1,FORETT@BUKIT TIMAH,TOH TUCK ROAD,21,5.8,5.43,6.23,20869.5215339814,35842.7939038206
2025Q2,FORETT@BUKIT TIMAH,TOH TUCK ROAD,21,5.43,4.97,5.78,20869.5215339814,35842.7939038206
2025Q3,FORETT@BUKIT TIMAH,TOH TUCK ROAD,21,5.61,5.16,6.47,20869.5215339814,35842.7939038206
2026Q2,FORETT@BUKIT TIMAH,TOH TUCK ROAD,21,6.05,5.43,6.31,20869.5215339814,35842.7939038206
2024Q1,TREVOSE PARK,TREVOSE CRESCENT,11,4.08,3.74,4.57,27165.20898,34108.03576
2024Q2,TREVOSE PARK,TREVOSE CRESCENT,11,3.87,3.77,4.32,27165.20898,34108.03576
2025Q3,TREVOSE PARK,TREVOSE CRESCENT,11,4.12,3.93,4.25,27165.20898,34108.03576
2026Q1,TREVOSE PARK,TREVOSE CRESCENT,11,3.99,3.62,4.5,27165.20898,34108.03576
2023Q4,KOVAN REGENCY,KOVAN RISE,19,4.74,4.51,5.11,33794.09478,38408.77345
2024Q1,KOVAN REGENCY,KOVAN RISE,19,5.02,4.69,5.24,33794.09478,38408.77345
2023Q3,KOVAN REGENCY,KOVAN RISE,19,5.22,4.92,5.84,33794.09478,38408.77345
2024Q3,KOVAN REGENCY,KOVAN RISE,19,4.9,4.39,5.07,33794.09478,38408.77345
2024Q4,KOVAN REGENCY,KOVAN RISE,19,5.04,4.95,5.45,33794.09478,38408.77345
2024Q2,KOVAN REGENCY,KOVAN RISE,19,4.59,3.98,5.15,33794.09478,38408.77345
2025Q1,KOVAN REGENCY,KOVAN RISE,19,5.07,4.6,5.41,33794.09478,38408.77345
2025Q4,KOVAN REGENCY,KOVAN RISE,19,4.98,4.72,5.3,33794.09478,38408.77345
2026Q1,KOVAN REGENCY,KOVAN RISE,19,4.9,4.42,5.28,33794.09478,38408.77345
2025Q2,KOVAN REGENCY,KOVAN RISE,19,5.03,4.79,5.24,33794.09478,38408.77345
2025Q3,KOVAN REGENCY,KOVAN RISE,19,5.03,4.73,5.22,33794.09478,38408.77345
2026Q2,KOVAN REGENCY,KOVAN RISE,19,4.85,4.6,5.17,33794.09478,38408.77345
2023Q3,FERRARIA PARK CONDOMINIUM,FLORA DRIVE,17,3.66,3.35,3.99,42582.70644,37829.56999
2023Q4,FERRARIA PARK CONDOMINIUM,FLORA DRIVE,17,3.52,3.2,3.61,42582.70644,37829.56999
2024Q3,FERRARIA PARK CONDOMINIUM,FLORA DRIVE,17,3.4,3.1,3.61,42582.70644,37829.56999
2024Q4,FERRARIA PARK CONDOMINIUM,FLORA DRIVE,17,3.31,3.13,3.62,42582.70644,37829.56999
2024Q2,FERRARIA PARK CONDOMINIUM,FLORA DRIVE,17,3.48,3.29,3.9,42582.70644,37829.56999
2025Q1,FERRARIA PARK CONDOMINIUM,FLORA DRIVE,17,3.44,3.15,3.64,42582.70644,37829.56999
2025Q4,FERRARIA PARK CONDOMINIUM,FLORA DRIVE,17,3.41,3.18,3.54,42582.70644,37829.56999
2026Q1,FERRARIA PARK CONDOMINIUM,FLORA DRIVE,17,3.35,3.19,3.53,42582.70644,37829.56999
2025Q2,FERRARIA PARK CONDOMINIUM,FLORA DRIVE,17,3.3,3.12,3.62,42582.70644,37829.56999
2025Q3,FERRARIA PARK CONDOMINIUM,FLORA DRIVE,17,3.38,3.16,3.56,42582.70644,37829.56999
2026Q2,FERRARIA PARK CONDOMINIUM,FLORA DRIVE,17,3.42,3.2,3.62,42582.70644,37829.56999
2024Q2,MILLAGE,CHANGI ROAD,14,5.94,5.7,6.1,35314.0456,33235.34645
2025Q2,MILLAGE,CHANGI ROAD,14,5.94,5.71,6.5,35314.0456,33235.34645
2025Q3,MILLAGE,CHANGI ROAD,14,5.78,5.41,6.13,35314.0456,33235.34645
2026Q2,MILLAGE,CHANGI ROAD,14,6.18,5.76,6.43,35314.0456,33235.34645
2024Q2,LAUREL TREE,HILLVIEW TERRACE,23,5.94,5.4,6.21,19642.11147,37224.26114
2025Q1,LAUREL TREE,HILLVIEW TERRACE,23,5.67,5.46,6.24,19642.11147,37224.26114
2023Q3,GILSTEAD TWO,GILSTEAD ROAD,11,6.06,5.78,6.39,28578.52306,33034.49917
2024Q1,GILSTEAD TWO,GILSTEAD ROAD,11,5.2,5.16,5.42,28578.52306,33034.49917
2024Q3,GILSTEAD TWO,GILSTEAD ROAD,11,5.09,4.98,5.31,28578.52306,33034.49917
2024Q2,GILSTEAD TWO,GILSTEAD ROAD,11,5.24,4.92,5.35,28578.52306,33034.49917
2025Q1,GILSTEAD TWO,GILSTEAD ROAD,11,5.16,5.16,5.25,28578.52306,33034.49917
2026Q1,GILSTEAD TWO,GILSTEAD ROAD,11,5.37,5.16,5.42,28578.52306,33034.49917
2025Q2,GILSTEAD TWO,GILSTEAD ROAD,11,5.12,4.35,5.29,28578.52306,33034.49917
2025Q3,GILSTEAD TWO,GILSTEAD ROAD,11,5.24,5.16,5.53,28578.52306,33034.49917
2026Q2,GILSTEAD TWO,GILSTEAD ROAD,11,5.3,5.23,5.53,28578.52306,33034.49917
2023Q4,HILLVIEW REGENCY,BUKIT BATOK EAST AVENUE 2,23,3.98,3.8,4.08,19556.27898,37117.68765
2024Q1,HILLVIEW REGENCY,BUKIT BATOK EAST AVENUE 2,23,3.85,3.58,3.94,19556.27898,37117.68765
2023Q3,HILLVIEW REGENCY,BUKIT BATOK EAST AVENUE 2,23,4.02,3.93,4.11,19556.27898,37117.68765
2024Q3,HILLVIEW REGENCY,BUKIT BATOK EAST AVENUE 2,23,3.87,3.63,3.98,19556.27898,37117.68765
2024Q4,HILLVIEW REGENCY,BUKIT BATOK EAST AVENUE 2,23,3.85,3.57,3.98,19556.27898,37117.68765
2024Q2,HILLVIEW REGENCY,BUKIT BATOK EAST AVENUE 2,23,3.63,3.57,3.84,19556.27898,37117.68765
2025Q1,HILLVIEW REGENCY,BUKIT BATOK EAST AVENUE 2,23,3.7,3.61,3.78,19556.27898,37117.68765
2025Q4,HILLVIEW REGENCY,BUKIT BATOK EAST AVENUE 2,23,3.82,3.74,3.97,19556.27898,37117.68765
2026Q1,HILLVIEW REGENCY,BUKIT BATOK EAST AVENUE 2,23,3.7,3.52,3.84,19556.27898,37117.68765
2025Q3,HILLVIEW REGENCY,BUKIT BATOK EAST AVENUE 2,23,3.6,3.51,3.72,19556.27898,37117.68765
2026Q2,HILLVIEW REGENCY,BUKIT BATOK EAST AVENUE 2,23,3.71,3.52,3.8,19556.27898,37117.68765
2023Q4,TREASURE AT TAMPINES,TAMPINES LANE,18,5.73,5.31,6.08,40725.43456,36300.46462
2024Q1,TREASURE AT TAMPINES,TAMPINES LANE,18,4.94,4.59,5.41,40725.43456,36300.46462
2025Q1,TREASURE AT TAMPINES,TAMPINES LANE,18,5.2,4.87,5.69,40725.43456,36300.46462
2024Q3,TREASURE AT TAMPINES,TAMPINES LANE,18,5.08,4.81,5.47,40725.43456,36300.46462
2024Q4,TREASURE AT TAMPINES,TAMPINES LANE,18,5.32,4.87,5.83,40725.43456,36300.46462
2024Q2,TREASURE AT TAMPINES,TAMPINES LANE,18,4.87,4.57,5.25,40725.43456,36300.46462
2025Q3,TREASURE AT TAMPINES,TAMPINES LANE,18,5.33,5.01,5.68,40725.43456,36300.46462
2025Q4,TREASURE AT TAMPINES,TAMPINES LANE,18,5.41,5.01,5.83,40725.43456,36300.46462
2026Q2,TREASURE AT TAMPINES,TAMPINES LANE,18,5.16,4.87,5.51,40725.43456,36300.46462
2026Q1,TREASURE AT TAMPINES,TAMPINES LANE,18,5.31,4.87,5.65,40725.43456,36300.46462
2025Q2,TREASURE AT TAMPINES,TAMPINES LANE,18,5.16,4.78,5.52,40725.43456,36300.46462
2023Q4,JEWEL @ BUANGKOK,COMPASSVALE BOW,19,4.78,4.38,5.09,34539.54669,40368.62187
2024Q1,JEWEL @ BUANGKOK,COMPASSVALE BOW,19,4.88,4.37,5.26,34539.54669,40368.62187
2023Q3,JEWEL @ BUANGKOK,COMPASSVALE BOW,19,5.02,4.79,5.34,34539.54669,40368.62187
2024Q3,JEWEL @ BUANGKOK,COMPASSVALE BOW,19,4.71,4.38,5.24,34539.54669,40368.62187
2024Q4,JEWEL @ BUANGKOK,COMPASSVALE BOW,19,4.65,4.49,4.84,34539.54669,40368.62187
2024Q2,JEWEL @ BUANGKOK,COMPASSVALE BOW,19,4.78,4.44,5.68,34539.54669,40368.62187
2025Q1,JEWEL @ BUANGKOK,COMPASSVALE BOW,19,4.8,4.59,5.54,34539.54669,40368.62187
2025Q4,JEWEL @ BUANGKOK,COMPASSVALE BOW,19,4.78,4.52,5.08,34539.54669,40368.62187
2026Q1,JEWEL @ BUANGKOK,COMPASSVALE BOW,19,4.92,4.71,5.68,34539.54669,40368.62187
2025Q2,JEWEL @ BUANGKOK,COMPASSVALE BOW,19,4.78,4.4,5.12,34539.54669,40368.62187
2025Q3,JEWEL @ BUANGKOK,COMPASSVALE BOW,19,4.78,4.26,5.21,34539.54669,40368.62187
2026Q2,JEWEL @ BUANGKOK,COMPASSVALE BOW,19,4.78,4.56,5.39,34539.54669,40368.62187
2023Q3,TERRASSE,TERRASSE LANE,19,4.58,4.1,4.95,32860.86707,38951.0579
2023Q4,TERRASSE,TERRASSE LANE,19,4.62,4.34,5.02,32860.86707,38951.0579
2024Q1,TERRASSE,TERRASSE LANE,19,4.34,3.87,4.82,32860.86707,38951.0579
2024Q3,TERRASSE,TERRASSE LANE,19,4.06,3.69,4.28,32860.86707,38951.0579
2024Q4,TERRASSE,TERRASSE LANE,19,4.4,4.28,4.6,32860.86707,38951.0579
2024Q2,TERRASSE,TERRASSE LANE,19,4.21,4.12,4.41,32860.86707,38951.0579
2025Q1,TERRASSE,TERRASSE LANE,19,4.02,3.93,4.42,32860.86707,38951.0579
2026Q2,TERRASSE,TERRASSE LANE,19,4.12,3.82,4.34,32860.86707,38951.0579
2025Q4,TERRASSE,TERRASSE LANE,19,4.38,4.1,4.79,32860.86707,38951.0579
2026Q1,TERRASSE,TERRASSE LANE,19,4.1,4.03,4.35,32860.86707,38951.0579
2025Q2,TERRASSE,TERRASSE LANE,19,4.21,3.92,4.39,32860.86707,38951.0579
2025Q3,TERRASSE,TERRASSE LANE,19,4.19,3.97,4.44,32860.86707,38951.0579
2024Q1,CITYSCAPE @FARRER PARK,MERGUI ROAD,08,3.9,3.72,4.18,30027.51398,33374.11064
2023Q4,CITYSCAPE @FARRER PARK,MERGUI ROAD,08,4.18,3.94,4.42,30027.51398,33374.11064
2023Q3,CITYSCAPE @FARRER PARK,MERGUI ROAD,08,4.21,4.06,4.37,30027.51398,33374.11064
2024Q3,CITYSCAPE @FARRER PARK,MERGUI ROAD,08,4.13,3.88,4.34,30027.51398,33374.11064
2024Q4,CITYSCAPE @FARRER PARK,MERGUI ROAD,08,4.13,3.76,4.35,30027.51398,33374.11064
2024Q2,CITYSCAPE @FARRER PARK,MERGUI ROAD,08,3.98,3.8,4.23,30027.51398,33374.11064
2025Q1,CITYSCAPE @FARRER PARK,MERGUI ROAD,08,4.09,3.83,4.27,30027.51398,33374.11064
2025Q4,CITYSCAPE @FARRER PARK,MERGUI ROAD,08,4.11,3.89,4.36,30027.51398,33374.11064
2026Q1,CITYSCAPE @FARRER PARK,MERGUI ROAD,08,3.87,3.69,4.13,30027.51398,33374.11064
2025Q2,CITYSCAPE @FARRER PARK,MERGUI ROAD,08,4.23,4.05,4.4,30027.51398,33374.11064
2025Q3,CITYSCAPE @FARRER PARK,MERGUI ROAD,08,4.24,4.12,4.36,30027.51398,33374.11064
2026Q2,CITYSCAPE @FARRER PARK,MERGUI ROAD,08,4.17,3.88,4.43,30027.51398,33374.11064
2023Q4,NINETEEN SHELFORD ROAD,SHELFORD ROAD,11,4.67,4.26,4.87,25626.96662,34274.83404
2023Q3,NINETEEN SHELFORD ROAD,SHELFORD ROAD,11,4.72,4.45,5.04,25626.96662,34274.83404
2024Q3,NINETEEN SHELFORD ROAD,SHELFORD ROAD,11,4.32,3.98,4.58,25626.96662,34274.83404
2024Q4,NINETEEN SHELFORD ROAD,SHELFORD ROAD,11,4.44,4.33,4.69,25626.96662,34274.83404
2024Q2,NINETEEN SHELFORD ROAD,SHELFORD ROAD,11,4.45,4.31,4.71,25626.96662,34274.83404
2025Q1,NINETEEN SHELFORD ROAD,SHELFORD ROAD,11,4.19,3.93,4.51,25626.96662,34274.83404
2025Q4,NINETEEN SHELFORD ROAD,SHELFORD ROAD,11,4.43,4.22,4.73,25626.96662,34274.83404
2026Q1,NINETEEN SHELFORD ROAD,SHELFORD ROAD,11,4.83,4.25,5.06,25626.96662,34274.83404
2025Q2,NINETEEN SHELFORD ROAD,SHELFORD ROAD,11,4.57,4.4,4.79,25626.96662,34274.83404
2025Q3,NINETEEN SHELFORD ROAD,SHELFORD ROAD,11,4.53,4.3,4.87,25626.96662,34274.83404
2026Q2,NINETEEN SHELFORD ROAD,SHELFORD ROAD,11,4.7,4.46,4.81,25626.96662,34274.83404
2026Q2,THE COMMODORE,CANBERRA DRIVE,27,5.05,4.69,5.89,27382.4686751787,47056.2415488884
2025Q2,THE COMMODORE,CANBERRA DRIVE,27,4.58,4.37,4.87,27382.4686751787,47056.2415488884
2025Q3,THE COMMODORE,CANBERRA DRIVE,27,4.76,4.55,4.95,27382.4686751787,47056.2415488884
2023Q4,CLOVER BY THE PARK,BISHAN STREET 25,20,4.28,4,4.57,29440.01287,38007.64572
2023Q3,CLOVER BY THE PARK,BISHAN STREET 25,20,4.38,4.26,4.6,29440.01287,38007.64572
2024Q3,CLOVER BY THE PARK,BISHAN STREET 25,20,4.18,3.97,4.37,29440.01287,38007.64572
2024Q4,CLOVER BY THE PARK,BISHAN STREET 25,20,4.08,3.73,4.31,29440.01287,38007.64572
2024Q2,CLOVER BY THE PARK,BISHAN STREET 25,20,4.32,3.77,4.58,29440.01287,38007.64572
2025Q1,CLOVER BY THE PARK,BISHAN STREET 25,20,4.36,4.04,4.69,29440.01287,38007.64572
2025Q4,CLOVER BY THE PARK,BISHAN STREET 25,20,4.26,4.08,4.44,29440.01287,38007.64572
2026Q1,CLOVER BY THE PARK,BISHAN STREET 25,20,4.12,3.84,4.39,29440.01287,38007.64572
2025Q2,CLOVER BY THE PARK,BISHAN STREET 25,20,4.26,3.98,4.44,29440.01287,38007.64572
2025Q3,CLOVER BY THE PARK,BISHAN STREET 25,20,4.28,4.11,4.4,29440.01287,38007.64572
2024Q3,SUITES @ SIMS,SIMS AVENUE,14,7.12,5.23,7.45,34004.19006,33121.66027
2024Q3,HOLLAND PEAK,HOLLAND HILL,10,3.83,3.3,4.09,24542.54991,32386.64798
2024Q2,HOLLAND PEAK,HOLLAND HILL,10,3.99,3.76,4.35,24542.54991,32386.64798
2026Q1,HOLLAND PEAK,HOLLAND HILL,10,4.07,3.81,4.67,24542.54991,32386.64798
2025Q2,HOLLAND PEAK,HOLLAND HILL,10,3.99,3.33,4.19,24542.54991,32386.64798
2025Q3,HOLLAND PEAK,HOLLAND HILL,10,4.13,3.84,5.14,24542.54991,32386.64798
2026Q2,HOLLAND PEAK,HOLLAND HILL,10,4.15,3.9,4.77,24542.54991,32386.64798
2023Q4,NORMANTON PARK,NORMANTON PARK,05,6.14,5.77,6.45,23528.5743183688,29984.0512470744
2024Q1,NORMANTON PARK,NORMANTON PARK,05,5.72,5.43,6.07,23528.5743183688,29984.0512470744
2023Q3,NORMANTON PARK,NORMANTON PARK,05,6.65,6.4,6.96,23528.5743183688,29984.0512470744
2024Q3,NORMANTON PARK,NORMANTON PARK,05,6.09,5.71,6.45,23528.5743183688,29984.0512470744
2024Q4,NORMANTON PARK,NORMANTON PARK,05,6.26,6.01,6.51,23528.5743183688,29984.0512470744
2024Q2,NORMANTON PARK,NORMANTON PARK,05,5.74,5.46,5.98,23528.5743183688,29984.0512470744
2025Q1,NORMANTON PARK,NORMANTON PARK,05,6.1,5.77,6.39,23528.5743183688,29984.0512470744
2025Q4,NORMANTON PARK,NORMANTON PARK,05,6.29,6.02,6.58,23528.5743183688,29984.0512470744
2026Q1,NORMANTON PARK,NORMANTON PARK,05,6.19,5.84,6.45,23528.5743183688,29984.0512470744
2025Q2,NORMANTON PARK,NORMANTON PARK,05,6.04,5.67,6.26,23528.5743183688,29984.0512470744
2025Q3,NORMANTON PARK,NORMANTON PARK,05,6.27,5.88,6.55,23528.5743183688,29984.0512470744
2026Q2,NORMANTON PARK,NORMANTON PARK,05,6.07,5.71,6.35,23528.5743183688,29984.0512470744
2024Q4,THE CLEARWATER,BEDOK RESERVOIR VIEW,16,3.86,3.33,3.95,39290.92755,35500.28792
2024Q2,THE CLEARWATER,BEDOK RESERVOIR VIEW,16,3.72,3.39,4.3,39290.92755,35500.28792
2025Q1,THE CLEARWATER,BEDOK RESERVOIR VIEW,16,3.91,3.5,4.21,39290.92755,35500.28792
2026Q2,THE CLEARWATER,BEDOK RESERVOIR VIEW,16,3.72,3.64,4.13,39290.92755,35500.28792
2025Q2,THE CLEARWATER,BEDOK RESERVOIR VIEW,16,3.8,3.56,4.12,39290.92755,35500.28792
2024Q3,THE HYDE,BALMORAL ROAD,10,7.39,6.97,8.08,27758.61844,32966.8436
2024Q2,THE HYDE,BALMORAL ROAD,10,7.33,6.85,8.2,27758.61844,32966.8436
2026Q1,THE HYDE,BALMORAL ROAD,10,7.59,6.99,8.11,27758.61844,32966.8436
2025Q3,THE HYDE,BALMORAL ROAD,10,7.47,7.07,7.81,27758.61844,32966.8436
2024Q2,YISHUN EMERALD,CANBERRA DRIVE,27,3.48,3.4,3.6,27751.74339,46785.07101
2024Q2,YISHUN EMERALD,CANBERRA DRIVE,27,3.48,3.4,3.6,27751.74339,46785.07101
2025Q1,YISHUN EMERALD,CANBERRA DRIVE,27,3.23,3.02,3.42,27751.74339,46785.07101
2025Q1,YISHUN EMERALD,CANBERRA DRIVE,27,3.23,3.02,3.42,27751.74339,46785.07101
2024Q3,YISHUN EMERALD,CANBERRA DRIVE,27,3.55,3.48,3.71,27751.74339,46785.07101
2024Q3,YISHUN EMERALD,CANBERRA DRIVE,27,3.55,3.48,3.71,27751.74339,46785.07101
2025Q3,YISHUN EMERALD,CANBERRA DRIVE,27,3.4,3.21,3.59,27751.74339,46785.07101
2025Q3,YISHUN EMERALD,CANBERRA DRIVE,27,3.4,3.21,3.59,27751.74339,46785.07101
2026Q1,YISHUN EMERALD,CANBERRA DRIVE,27,3.23,3.18,3.43,27751.74339,46785.07101
2026Q1,YISHUN EMERALD,CANBERRA DRIVE,27,3.23,3.18,3.43,27751.74339,46785.07101
2025Q2,YISHUN EMERALD,CANBERRA DRIVE,27,3.07,2.92,3.18,27751.74339,46785.07101
2025Q2,YISHUN EMERALD,CANBERRA DRIVE,27,3.07,2.92,3.18,27751.74339,46785.07101
2026Q2,YISHUN EMERALD,CANBERRA DRIVE,27,3.2,3.13,3.3,27751.74339,46785.07101
2026Q2,YISHUN EMERALD,CANBERRA DRIVE,27,3.2,3.13,3.3,27751.74339,46785.07101
2026Q2,THE LINQ @ BEAUTY WORLD,UPPER BUKIT TIMAH ROAD,21,6.52,6.29,7,21658.2341927667,35884.2031642029
2025Q2,THE LINQ @ BEAUTY WORLD,UPPER BUKIT TIMAH ROAD,21,6.37,5.99,6.97,21658.2341927667,35884.2031642029
2025Q3,THE LINQ @ BEAUTY WORLD,UPPER BUKIT TIMAH ROAD,21,6.44,6.03,6.86,21658.2341927667,35884.2031642029
2024Q1,PARC SOPHIA,ADIS ROAD,09,5.89,5.46,6.45,29577.72311,31537.04751
2023Q3,PARC SOPHIA,ADIS ROAD,09,6.01,5.75,6.46,29577.72311,31537.04751
2024Q3,PARC SOPHIA,ADIS ROAD,09,5.39,5.04,5.95,29577.72311,31537.04751
2024Q4,PARC SOPHIA,ADIS ROAD,09,6.22,5.45,6.42,29577.72311,31537.04751
2024Q2,PARC SOPHIA,ADIS ROAD,09,5.37,5.24,6.11,29577.72311,31537.04751
2025Q1,PARC SOPHIA,ADIS ROAD,09,5.46,5.22,5.92,29577.72311,31537.04751
2026Q2,PARC SOPHIA,ADIS ROAD,09,5.46,5.24,6.54,29577.72311,31537.04751
2025Q4,PARC SOPHIA,ADIS ROAD,09,6.26,5.79,6.91,29577.72311,31537.04751
2026Q1,PARC SOPHIA,ADIS ROAD,09,5.92,5.28,6.54,29577.72311,31537.04751
2025Q2,PARC SOPHIA,ADIS ROAD,09,6,5.6,6.44,29577.72311,31537.04751
2025Q3,PARC SOPHIA,ADIS ROAD,09,6,5.36,6.33,29577.72311,31537.04751
2025Q1,VERTICUS,JALAN KEMAMAN,12,5.83,5.55,6.48,29924.61376,34281.51292
2024Q4,VERTICUS,JALAN KEMAMAN,12,6,5.57,7.02,29924.61376,34281.51292
2025Q3,VERTICUS,JALAN KEMAMAN,12,5.81,5.66,6.48,29924.61376,34281.51292
2025Q4,VERTICUS,JALAN KEMAMAN,12,5.86,5.58,5.96,29924.61376,34281.51292
2026Q1,VERTICUS,JALAN KEMAMAN,12,6.8,5.98,7.14,29924.61376,34281.51292
2026Q2,VERTICUS,JALAN KEMAMAN,12,6.48,5.75,6.8,29924.61376,34281.51292
2023Q4,REGENT PARK,JALAN LEMPENG,05,4.42,3.79,4.71,19938.53704,33306.02953
2024Q1,REGENT PARK,JALAN LEMPENG,05,4.08,3.85,4.23,19938.53704,33306.02953
2023Q3,REGENT PARK,JALAN LEMPENG,05,4.37,3.94,4.77,19938.53704,33306.02953
2024Q3,REGENT PARK,JALAN LEMPENG,05,4.18,3.87,4.59,19938.53704,33306.02953
2024Q4,REGENT PARK,JALAN LEMPENG,05,4.27,3.98,4.57,19938.53704,33306.02953
2024Q2,REGENT PARK,JALAN LEMPENG,05,4.21,4.05,4.37,19938.53704,33306.02953
2025Q1,REGENT PARK,JALAN LEMPENG,05,4.3,3.77,4.46,19938.53704,33306.02953
2026Q2,REGENT PARK,JALAN LEMPENG,05,4.19,3.97,4.46,19938.53704,33306.02953
2025Q4,REGENT PARK,JALAN LEMPENG,05,4.31,4.07,4.57,19938.53704,33306.02953
2026Q1,REGENT PARK,JALAN LEMPENG,05,4.25,4,4.68,19938.53704,33306.02953
2025Q2,REGENT PARK,JALAN LEMPENG,05,4.18,4.07,4.29,19938.53704,33306.02953
2025Q3,REGENT PARK,JALAN LEMPENG,05,4.49,3.95,4.88,19938.53704,33306.02953
2023Q3,THE NEXUS,BUKIT TIMAH ROAD,21,4.69,4.6,4.86,22794.65749,35113.21081
2024Q3,THE NEXUS,BUKIT TIMAH ROAD,21,4.69,4.46,4.8,22794.65749,35113.21081
2024Q4,THE NEXUS,BUKIT TIMAH ROAD,21,4.75,4.32,5.17,22794.65749,35113.21081
2024Q2,THE NEXUS,BUKIT TIMAH ROAD,21,4.54,4.46,4.72,22794.65749,35113.21081
2025Q1,THE NEXUS,BUKIT TIMAH ROAD,21,4.8,4.54,4.91,22794.65749,35113.21081
2026Q2,THE NEXUS,BUKIT TIMAH ROAD,21,4.75,4.6,5.14,22794.65749,35113.21081
2025Q4,THE NEXUS,BUKIT TIMAH ROAD,21,4.93,4.57,5.32,22794.65749,35113.21081
2026Q1,THE NEXUS,BUKIT TIMAH ROAD,21,4.55,4.46,5.05,22794.65749,35113.21081
2025Q2,THE NEXUS,BUKIT TIMAH ROAD,21,4.69,4.5,4.83,22794.65749,35113.21081
2025Q3,THE NEXUS,BUKIT TIMAH ROAD,21,4.77,4.58,5.05,22794.65749,35113.21081
2023Q3,THE SPRINGBLOOM,SERANGOON AVENUE 3,19,3.9,3.64,4.05,31247.24237,36989.62522
2023Q4,THE SPRINGBLOOM,SERANGOON AVENUE 3,19,3.58,3.29,3.94,31247.24237,36989.62522
2024Q3,THE SPRINGBLOOM,SERANGOON AVENUE 3,19,3.63,3.46,3.72,31247.24237,36989.62522
2024Q4,THE SPRINGBLOOM,SERANGOON AVENUE 3,19,3.69,3.44,4.01,31247.24237,36989.62522
2025Q4,THE SPRINGBLOOM,SERANGOON AVENUE 3,19,3.8,3.59,3.99,31247.24237,36989.62522
2026Q1,THE SPRINGBLOOM,SERANGOON AVENUE 3,19,3.89,3.81,4.02,31247.24237,36989.62522
2025Q3,THE SPRINGBLOOM,SERANGOON AVENUE 3,19,3.76,3.64,3.99,31247.24237,36989.62522
2024Q3,ONE-NORTH EDEN,SLIM BARRACKS RISE,05,7.16,6.9,7.36,23084.917452473,31746.7047873965
2024Q4,ONE-NORTH EDEN,SLIM BARRACKS RISE,05,6.77,6.19,7.18,23084.917452473,31746.7047873965
2026Q1,ONE-NORTH EDEN,SLIM BARRACKS RISE,05,6.68,6.57,7.19,23084.917452473,31746.7047873965
2025Q2,ONE-NORTH EDEN,SLIM BARRACKS RISE,05,7.33,6.87,7.9,23084.917452473,31746.7047873965
2025Q3,ONE-NORTH EDEN,SLIM BARRACKS RISE,05,7.14,6.65,7.39,23084.917452473,31746.7047873965
2024Q4,AIRSTREAM,ST. MICHAEL'S ROAD,12,5.45,5.26,6.38,31409.87862,34386.18688
2024Q2,AIRSTREAM,ST. MICHAEL'S ROAD,12,5.81,5.67,6.3,31409.87862,34386.18688
2023Q4,AFFINITY AT SERANGOON,SERANGOON NORTH AVENUE 1,19,5.57,5.2,5.91,32541.90393,38711.64055
2023Q3,AFFINITY AT SERANGOON,SERANGOON NORTH AVENUE 1,19,5.77,5.46,6.12,32541.90393,38711.64055
2024Q1,AFFINITY AT SERANGOON,SERANGOON NORTH AVENUE 1,19,5.21,4.72,5.78,32541.90393,38711.64055
2024Q4,AFFINITY AT SERANGOON,SERANGOON NORTH AVENUE 1,19,5.38,5.02,5.91,32541.90393,38711.64055
2024Q2,AFFINITY AT SERANGOON,SERANGOON NORTH AVENUE 1,19,5.2,4.82,5.57,32541.90393,38711.64055
2025Q1,AFFINITY AT SERANGOON,SERANGOON NORTH AVENUE 1,19,5.53,5.05,5.91,32541.90393,38711.64055
2024Q3,AFFINITY AT SERANGOON,SERANGOON NORTH AVENUE 1,19,5.57,5.2,5.91,32541.90393,38711.64055
2025Q4,AFFINITY AT SERANGOON,SERANGOON NORTH AVENUE 1,19,5.49,5.03,5.91,32541.90393,38711.64055
2026Q1,AFFINITY AT SERANGOON,SERANGOON NORTH AVENUE 1,19,5.45,4.94,5.75,32541.90393,38711.64055
2025Q2,AFFINITY AT SERANGOON,SERANGOON NORTH AVENUE 1,19,5.57,5.19,5.91,32541.90393,38711.64055
2025Q3,AFFINITY AT SERANGOON,SERANGOON NORTH AVENUE 1,19,5.61,5.06,5.91,32541.90393,38711.64055
2026Q2,AFFINITY AT SERANGOON,SERANGOON NORTH AVENUE 1,19,5.39,5.05,5.91,32541.90393,38711.64055
2023Q4,RICHMOND PARK,BIDEFORD ROAD,09,5.29,5.14,5.66,28338.06396,31916.17643
2023Q3,RICHMOND PARK,BIDEFORD ROAD,09,5.29,5.1,6,28338.06396,31916.17643
2024Q3,RICHMOND PARK,BIDEFORD ROAD,09,5.05,4.81,5.51,28338.06396,31916.17643
2024Q4,RICHMOND PARK,BIDEFORD ROAD,09,5.1,4.66,5.33,28338.06396,31916.17643
2024Q2,RICHMOND PARK,BIDEFORD ROAD,09,5.19,4.95,5.47,28338.06396,31916.17643
2025Q1,RICHMOND PARK,BIDEFORD ROAD,09,5.33,4.84,5.9,28338.06396,31916.17643
2026Q2,RICHMOND PARK,BIDEFORD ROAD,09,5.16,4.93,5.28,28338.06396,31916.17643
2025Q4,RICHMOND PARK,BIDEFORD ROAD,09,5.08,4.92,5.32,28338.06396,31916.17643
2026Q1,RICHMOND PARK,BIDEFORD ROAD,09,4.91,4.72,5.42,28338.06396,31916.17643
2025Q2,RICHMOND PARK,BIDEFORD ROAD,09,5.12,4.9,5.57,28338.06396,31916.17643
2023Q4,MIRAGE TOWER,KIM SENG ROAD,09,5.02,4.45,6.1,28110.08077,30495.85376
2024Q1,MIRAGE TOWER,KIM SENG ROAD,09,4.93,4.02,6.16,28110.08077,30495.85376
2023Q3,MIRAGE TOWER,KIM SENG ROAD,09,4.89,4.68,5.56,28110.08077,30495.85376
2024Q3,MIRAGE TOWER,KIM SENG ROAD,09,5.22,4.77,6.27,28110.08077,30495.85376
2024Q4,MIRAGE TOWER,KIM SENG ROAD,09,4.97,4.7,6.05,28110.08077,30495.85376
2024Q2,MIRAGE TOWER,KIM SENG ROAD,09,4.95,4.5,6.2,28110.08077,30495.85376
2025Q1,MIRAGE TOWER,KIM SENG ROAD,09,5.68,4.74,6.14,28110.08077,30495.85376
2025Q4,MIRAGE TOWER,KIM SENG ROAD,09,4.67,4.47,5.26,28110.08077,30495.85376
2026Q1,MIRAGE TOWER,KIM SENG ROAD,09,5.64,5.01,6.11,28110.08077,30495.85376
2025Q2,MIRAGE TOWER,KIM SENG ROAD,09,4.73,4.49,5.57,28110.08077,30495.85376
2025Q3,MIRAGE TOWER,KIM SENG ROAD,09,4.73,4.53,5.29,28110.08077,30495.85376
2026Q2,MIRAGE TOWER,KIM SENG ROAD,09,5.65,4.4,6.14,28110.08077,30495.85376
2024Q1,D'LEEDON,LEEDON HEIGHTS,10,5.44,5.15,5.94,24785.08379,33180.37027
2023Q4,D'LEEDON,LEEDON HEIGHTS,10,5.67,5.28,6.2,24785.08379,33180.37027
2023Q3,D'LEEDON,LEEDON HEIGHTS,10,5.57,5.26,6.05,24785.08379,33180.37027
2024Q3,D'LEEDON,LEEDON HEIGHTS,10,5.3,4.92,5.71,24785.08379,33180.37027
2024Q4,D'LEEDON,LEEDON HEIGHTS,10,5.43,5.05,5.98,24785.08379,33180.37027
2024Q2,D'LEEDON,LEEDON HEIGHTS,10,5.46,4.92,5.84,24785.08379,33180.37027
2025Q1,D'LEEDON,LEEDON HEIGHTS,10,5.49,5.15,5.98,24785.08379,33180.37027
2025Q4,D'LEEDON,LEEDON HEIGHTS,10,5.4,5.15,5.87,24785.08379,33180.37027
2026Q1,D'LEEDON,LEEDON HEIGHTS,10,5.5,5.16,6.03,24785.08379,33180.37027
2025Q2,D'LEEDON,LEEDON HEIGHTS,10,5.51,5.13,5.93,24785.08379,33180.37027
2025Q3,D'LEEDON,LEEDON HEIGHTS,10,5.47,5.16,5.84,24785.08379,33180.37027
2026Q2,D'LEEDON,LEEDON HEIGHTS,10,5.53,5.25,5.98,24785.08379,33180.37027
2025Q1,ONE PEARL BANK,PEARL BANK,03,7.43,6.91,7.9,28729.52546,29495.08115
2025Q4,ONE PEARL BANK,PEARL BANK,03,7.9,7.58,8.13,28729.52546,29495.08115
2026Q1,ONE PEARL BANK,PEARL BANK,03,7.87,7.28,8.13,28729.52546,29495.08115
2025Q2,ONE PEARL BANK,PEARL BANK,03,7,6.55,7.58,28729.52546,29495.08115
2025Q3,ONE PEARL BANK,PEARL BANK,03,7.36,6.99,7.96,28729.52546,29495.08115
2026Q2,ONE PEARL BANK,PEARL BANK,03,7.71,7.04,8.1,28729.52546,29495.08115
2023Q3,ESPADA,ST. THOMAS WALK,09,7.26,6.86,8.73,28374.49343,31088.46593
2023Q4,ESPADA,ST. THOMAS WALK,09,6.97,6.59,8.87,28374.49343,31088.46593
2024Q1,ESPADA,ST. THOMAS WALK,09,8.23,6.51,9.15,28374.49343,31088.46593
2024Q3,ESPADA,ST. THOMAS WALK,09,6.97,6.32,8.47,28374.49343,31088.46593
2024Q4,ESPADA,ST. THOMAS WALK,09,7.96,6.24,8.72,28374.49343,31088.46593
2024Q2,ESPADA,ST. THOMAS WALK,09,7.52,6.15,8.64,28374.49343,31088.46593
2025Q1,ESPADA,ST. THOMAS WALK,09,7.63,6.43,8.85,28374.49343,31088.46593
2025Q4,ESPADA,ST. THOMAS WALK,09,6.44,6.1,8.54,28374.49343,31088.46593
2026Q1,ESPADA,ST. THOMAS WALK,09,8.8,6.55,9.25,28374.49343,31088.46593
2025Q2,ESPADA,ST. THOMAS WALK,09,7.96,6.32,8.66,28374.49343,31088.46593
2025Q3,ESPADA,ST. THOMAS WALK,09,7.96,6.19,8.49,28374.49343,31088.46593
2026Q2,ESPADA,ST. THOMAS WALK,09,8.32,6.35,8.86,28374.49343,31088.46593
2023Q4,LAKEHOLMZ,CORPORATION ROAD,22,3.89,3.64,4.22,14966.7929,36055.99579
2023Q3,LAKEHOLMZ,CORPORATION ROAD,22,3.87,3.36,4.24,14966.7929,36055.99579
2025Q1,LAKEHOLMZ,CORPORATION ROAD,22,3.75,3.66,3.83,14966.7929,36055.99579
2025Q4,LAKEHOLMZ,CORPORATION ROAD,22,3.85,3.59,4,14966.7929,36055.99579
2025Q3,LAKEHOLMZ,CORPORATION ROAD,22,3.87,3.53,4.02,14966.7929,36055.99579
2023Q3,VILLA DELLE ROSE,TAMAN NAKHODA,10,4.49,4.33,4.76,25202.92637,32761.34213
2025Q1,VILLA DELLE ROSE,TAMAN NAKHODA,10,3.45,3.3,3.86,25202.92637,32761.34213
2024Q3,VILLA DELLE ROSE,TAMAN NAKHODA,10,3.25,3.12,3.41,25202.92637,32761.34213
2025Q3,VILLA DELLE ROSE,TAMAN NAKHODA,10,3.5,3.36,3.71,25202.92637,32761.34213
2025Q2,VILLA DELLE ROSE,TAMAN NAKHODA,10,3.32,3.14,3.58,25202.92637,32761.34213
2026Q2,VILLA DELLE ROSE,TAMAN NAKHODA,10,3.56,3.48,3.61,25202.92637,32761.34213
2026Q1,GRANGE 1866,GRANGE ROAD,10,7.76,7.28,7.96,27511.61211,31367.82115
2023Q3,WHITEHAVEN,PASIR PANJANG ROAD,05,6.62,6.19,7,21793.56689,30257.851
2024Q2,WHITEHAVEN,PASIR PANJANG ROAD,05,4.85,3.58,6.29,21793.56689,30257.851
2024Q3,WHITEHAVEN,PASIR PANJANG ROAD,05,6.32,5.95,6.71,21793.56689,30257.851
2025Q3,WHITEHAVEN,PASIR PANJANG ROAD,05,6.32,5.95,6.69,21793.56689,30257.851
2025Q2,WHITEHAVEN,PASIR PANJANG ROAD,05,5.72,4.86,6.64,21793.56689,30257.851
2026Q2,WHITEHAVEN,PASIR PANJANG ROAD,05,6.19,5.18,6.69,21793.56689,30257.851
2023Q4,AQUARIUS BY THE PARK,BEDOK RESERVOIR VIEW,16,3.67,3.57,3.91,39388.54476,35516.59993
2023Q3,AQUARIUS BY THE PARK,BEDOK RESERVOIR VIEW,16,3.4,3.22,4.01,39388.54476,35516.59993
2024Q1,AQUARIUS BY THE PARK,BEDOK RESERVOIR VIEW,16,3.91,3.61,3.92,39388.54476,35516.59993
2024Q4,AQUARIUS BY THE PARK,BEDOK RESERVOIR VIEW,16,3.67,3.48,3.89,39388.54476,35516.59993
2024Q2,AQUARIUS BY THE PARK,BEDOK RESERVOIR VIEW,16,3.53,3.42,3.81,39388.54476,35516.59993
2024Q3,AQUARIUS BY THE PARK,BEDOK RESERVOIR VIEW,16,3.58,3.5,3.91,39388.54476,35516.59993
2025Q4,AQUARIUS BY THE PARK,BEDOK RESERVOIR VIEW,16,3.86,3.58,4.07,39388.54476,35516.59993
2026Q1,AQUARIUS BY THE PARK,BEDOK RESERVOIR VIEW,16,3.81,3.61,4.14,39388.54476,35516.59993
2025Q2,AQUARIUS BY THE PARK,BEDOK RESERVOIR VIEW,16,3.54,3.33,3.8,39388.54476,35516.59993
2025Q3,AQUARIUS BY THE PARK,BEDOK RESERVOIR VIEW,16,3.58,3.41,3.98,39388.54476,35516.59993
2026Q2,AQUARIUS BY THE PARK,BEDOK RESERVOIR VIEW,16,3.55,3.47,4.03,39388.54476,35516.59993
2023Q3,FOREST WOODS,LORONG LEW LIAN,19,5.79,5.51,6.24,32797.9229,37048.69105
2023Q4,FOREST WOODS,LORONG LEW LIAN,19,5.92,5.69,6.3,32797.9229,37048.69105
2024Q1,FOREST WOODS,LORONG LEW LIAN,19,5.68,5.51,5.99,32797.9229,37048.69105
2024Q3,FOREST WOODS,LORONG LEW LIAN,19,5.79,5.4,5.99,32797.9229,37048.69105
2024Q4,FOREST WOODS,LORONG LEW LIAN,19,5.85,5.65,6.15,32797.9229,37048.69105
2024Q2,FOREST WOODS,LORONG LEW LIAN,19,5.69,5.31,6.04,32797.9229,37048.69105
2025Q1,FOREST WOODS,LORONG LEW LIAN,19,5.75,5.47,6.13,32797.9229,37048.69105
2025Q4,FOREST WOODS,LORONG LEW LIAN,19,5.86,5.68,6.3,32797.9229,37048.69105
2026Q1,FOREST WOODS,LORONG LEW LIAN,19,5.81,5.46,6.24,32797.9229,37048.69105
2025Q2,FOREST WOODS,LORONG LEW LIAN,19,5.72,5.45,5.95,32797.9229,37048.69105
2025Q3,FOREST WOODS,LORONG LEW LIAN,19,5.75,5.47,5.96,32797.9229,37048.69105
2026Q2,FOREST WOODS,LORONG LEW LIAN,19,5.69,5.52,6.06,32797.9229,37048.69105
2023Q3,TRE RESIDENCES,GEYLANG EAST AVENUE 1,14,6.57,5.98,7.21,33758.55101,33270.58803
2023Q4,TRE RESIDENCES,GEYLANG EAST AVENUE 1,14,6.02,5.64,7.15,33758.55101,33270.58803
2024Q1,TRE RESIDENCES,GEYLANG EAST AVENUE 1,14,5.81,5.57,6.14,33758.55101,33270.58803
2025Q1,TRE RESIDENCES,GEYLANG EAST AVENUE 1,14,6.41,6.04,7.18,33758.55101,33270.58803
2024Q3,TRE RESIDENCES,GEYLANG EAST AVENUE 1,14,6.49,6,7,33758.55101,33270.58803
2024Q4,TRE RESIDENCES,GEYLANG EAST AVENUE 1,14,5.89,5.57,6.22,33758.55101,33270.58803
2024Q2,TRE RESIDENCES,GEYLANG EAST AVENUE 1,14,6.49,6.15,6.66,33758.55101,33270.58803
2025Q3,TRE RESIDENCES,GEYLANG EAST AVENUE 1,14,6.46,5.82,6.99,33758.55101,33270.58803
2025Q4,TRE RESIDENCES,GEYLANG EAST AVENUE 1,14,6.54,6.31,6.57,33758.55101,33270.58803
2026Q2,TRE RESIDENCES,GEYLANG EAST AVENUE 1,14,6.28,5.75,6.75,33758.55101,33270.58803
2026Q1,TRE RESIDENCES,GEYLANG EAST AVENUE 1,14,6.33,6.18,6.53,33758.55101,33270.58803
2025Q2,TRE RESIDENCES,GEYLANG EAST AVENUE 1,14,6.49,5.86,7.15,33758.55101,33270.58803
2023Q3,THE CREEK @ BUKIT,TOH TUCK ROAD,21,6.34,5.57,6.8,20877.4198,35651.41874
2023Q4,THE CREEK @ BUKIT,TOH TUCK ROAD,21,5.23,4.74,6.33,20877.4198,35651.41874
2024Q1,THE CREEK @ BUKIT,TOH TUCK ROAD,21,5.18,4.73,5.87,20877.4198,35651.41874
2024Q3,THE CREEK @ BUKIT,TOH TUCK ROAD,21,4.87,4.55,6.12,20877.4198,35651.41874
2024Q2,THE CREEK @ BUKIT,TOH TUCK ROAD,21,4.51,4.11,5.34,20877.4198,35651.41874
2025Q1,THE CREEK @ BUKIT,TOH TUCK ROAD,21,5,4.88,6.24,20877.4198,35651.41874
2026Q2,THE CREEK @ BUKIT,TOH TUCK ROAD,21,5.02,4.7,5.74,20877.4198,35651.41874
2025Q2,THE CREEK @ BUKIT,TOH TUCK ROAD,21,4.55,4,5.31,20877.4198,35651.41874
2025Q3,THE CREEK @ BUKIT,TOH TUCK ROAD,21,5.31,4.65,6.33,20877.4198,35651.41874
2023Q4,HILLSTA,PHOENIX ROAD,23,4.41,3.9,5.1,19426.4982,39877.31561
2024Q1,HILLSTA,PHOENIX ROAD,23,4.65,4.01,4.91,19426.4982,39877.31561
2023Q3,HILLSTA,PHOENIX ROAD,23,4.51,4.06,5.1,19426.4982,39877.31561
2024Q3,HILLSTA,PHOENIX ROAD,23,4.56,3.98,5.02,19426.4982,39877.31561
2024Q4,HILLSTA,PHOENIX ROAD,23,4.49,4.24,4.97,19426.4982,39877.31561
2024Q2,HILLSTA,PHOENIX ROAD,23,4.57,3.94,4.83,19426.4982,39877.31561
2025Q1,HILLSTA,PHOENIX ROAD,23,4.65,4.25,5.07,19426.4982,39877.31561
2025Q4,HILLSTA,PHOENIX ROAD,23,4.45,3.87,5.08,19426.4982,39877.31561
2026Q1,HILLSTA,PHOENIX ROAD,23,4.8,4.34,5.11,19426.4982,39877.31561
2025Q2,HILLSTA,PHOENIX ROAD,23,4.57,4.08,4.86,19426.4982,39877.31561
2025Q3,HILLSTA,PHOENIX ROAD,23,4.5,3.94,5.08,19426.4982,39877.31561
2026Q2,HILLSTA,PHOENIX ROAD,23,4.81,3.98,5.08,19426.4982,39877.31561
2024Q3,WILKIE 80,WILKIE ROAD,09,7.03,6.33,7.66,29598.74994,31712.7952
2025Q2,WILKIE 80,WILKIE ROAD,09,6.88,6.26,7.52,29598.74994,31712.7952
2023Q4,26 NEWTON,NEWTON ROAD,11,6.56,6.19,6.98,28930.33299,33116.45355
2023Q3,26 NEWTON,NEWTON ROAD,11,7.18,6.89,7.44,28930.33299,33116.45355
2024Q1,26 NEWTON,NEWTON ROAD,11,6.61,6.07,7.18,28930.33299,33116.45355
2024Q4,26 NEWTON,NEWTON ROAD,11,6.19,6.03,6.76,28930.33299,33116.45355
2024Q2,26 NEWTON,NEWTON ROAD,11,6.29,5.16,6.85,28930.33299,33116.45355
2025Q1,26 NEWTON,NEWTON ROAD,11,6.65,6.07,6.84,28930.33299,33116.45355
2024Q3,26 NEWTON,NEWTON ROAD,11,6.33,5.98,6.7,28930.33299,33116.45355
2025Q4,26 NEWTON,NEWTON ROAD,11,6.19,5.68,6.84,28930.33299,33116.45355
2026Q1,26 NEWTON,NEWTON ROAD,11,6.76,6.33,6.97,28930.33299,33116.45355
2025Q3,26 NEWTON,NEWTON ROAD,11,6.52,5.85,6.76,28930.33299,33116.45355
2026Q2,26 NEWTON,NEWTON ROAD,11,6.52,6.16,6.92,28930.33299,33116.45355
2023Q3,SYMPHONY HEIGHTS,HUME AVENUE,21,3.76,3.3,4.07,20601.56924,37662.52947
2023Q4,SYMPHONY HEIGHTS,HUME AVENUE,21,3.62,3.45,3.98,20601.56924,37662.52947
2024Q1,SYMPHONY HEIGHTS,HUME AVENUE,21,3.18,3.07,3.71,20601.56924,37662.52947
2024Q3,SYMPHONY HEIGHTS,HUME AVENUE,21,3.46,3.34,3.61,20601.56924,37662.52947
2024Q4,SYMPHONY HEIGHTS,HUME AVENUE,21,3.47,3.3,3.68,20601.56924,37662.52947
2024Q2,SYMPHONY HEIGHTS,HUME AVENUE,21,3.51,3.3,3.72,20601.56924,37662.52947
2025Q1,SYMPHONY HEIGHTS,HUME AVENUE,21,3.45,3.13,3.56,20601.56924,37662.52947
2026Q2,SYMPHONY HEIGHTS,HUME AVENUE,21,3.42,3.31,3.76,20601.56924,37662.52947
2025Q4,SYMPHONY HEIGHTS,HUME AVENUE,21,3.59,3.49,3.89,20601.56924,37662.52947
2026Q1,SYMPHONY HEIGHTS,HUME AVENUE,21,3.58,3.12,3.74,20601.56924,37662.52947
2025Q2,SYMPHONY HEIGHTS,HUME AVENUE,21,3.72,3.54,4,20601.56924,37662.52947
2025Q3,SYMPHONY HEIGHTS,HUME AVENUE,21,3.41,3.17,3.7,20601.56924,37662.52947
2023Q4,HILLBROOKS,HILLVIEW AVENUE,23,3.48,3.27,3.75,20076.89967,37855.12134
2023Q3,HILLBROOKS,HILLVIEW AVENUE,23,3.55,3.1,3.92,20076.89967,37855.12134
2024Q3,HILLBROOKS,HILLVIEW AVENUE,23,3.46,3.1,3.75,20076.89967,37855.12134
2026Q1,HILLBROOKS,HILLVIEW AVENUE,23,3.35,3.19,3.55,20076.89967,37855.12134
2025Q2,HILLBROOKS,HILLVIEW AVENUE,23,3.45,3.36,3.47,20076.89967,37855.12134
2025Q3,HILLBROOKS,HILLVIEW AVENUE,23,3.41,3.3,3.7,20076.89967,37855.12134
2023Q3,SAVANNAH CONDOPARK,SIMEI RISE,18,3.63,3.2,3.84,42194.66986,36891.96741
2023Q4,SAVANNAH CONDOPARK,SIMEI RISE,18,3.66,3.48,3.76,42194.66986,36891.96741
2024Q1,SAVANNAH CONDOPARK,SIMEI RISE,18,3.58,3.42,3.68,42194.66986,36891.96741
2024Q3,SAVANNAH CONDOPARK,SIMEI RISE,18,3.4,3.23,3.47,42194.66986,36891.96741
2024Q4,SAVANNAH CONDOPARK,SIMEI RISE,18,3.42,3.29,3.66,42194.66986,36891.96741
2024Q2,SAVANNAH CONDOPARK,SIMEI RISE,18,3.47,3.29,3.65,42194.66986,36891.96741
2026Q2,SAVANNAH CONDOPARK,SIMEI RISE,18,3.55,3.34,3.59,42194.66986,36891.96741
2025Q4,SAVANNAH CONDOPARK,SIMEI RISE,18,3.59,3.5,3.59,42194.66986,36891.96741
2025Q2,SAVANNAH CONDOPARK,SIMEI RISE,18,3.55,3.31,3.76,42194.66986,36891.96741
2025Q3,SAVANNAH CONDOPARK,SIMEI RISE,18,3.6,3.28,3.79,42194.66986,36891.96741
2023Q4,MARTIN MODERN,MARTIN PLACE,09,8.51,8.19,8.77,28526.69145,30659.01805
2024Q1,MARTIN MODERN,MARTIN PLACE,09,8.23,7.77,8.5,28526.69145,30659.01805
2023Q3,MARTIN MODERN,MARTIN PLACE,09,8.6,8.17,8.86,28526.69145,30659.01805
2024Q3,MARTIN MODERN,MARTIN PLACE,09,8.4,8.13,8.67,28526.69145,30659.01805
2024Q4,MARTIN MODERN,MARTIN PLACE,09,8.11,7.85,8.7,28526.69145,30659.01805
2024Q2,MARTIN MODERN,MARTIN PLACE,09,8,7.79,8.24,28526.69145,30659.01805
2025Q1,MARTIN MODERN,MARTIN PLACE,09,8.32,8.24,8.43,28526.69145,30659.01805
2025Q4,MARTIN MODERN,MARTIN PLACE,09,8.53,8.32,8.73,28526.69145,30659.01805
2026Q1,MARTIN MODERN,MARTIN PLACE,09,8.47,8.19,8.8,28526.69145,30659.01805
2025Q2,MARTIN MODERN,MARTIN PLACE,09,8.14,8.04,8.59,28526.69145,30659.01805
2025Q3,MARTIN MODERN,MARTIN PLACE,09,8.5,8.28,8.66,28526.69145,30659.01805
2026Q2,MARTIN MODERN,MARTIN PLACE,09,8.5,8.26,8.77,28526.69145,30659.01805
2023Q4,JADE RESIDENCES,LEW LIAN VALE,19,5.06,4.91,5.3,32939.35974,36796.94773
2024Q1,JADE RESIDENCES,LEW LIAN VALE,19,5.49,4.24,5.76,32939.35974,36796.94773
2023Q3,JADE RESIDENCES,LEW LIAN VALE,19,5.18,4.45,5.71,32939.35974,36796.94773
2024Q3,JADE RESIDENCES,LEW LIAN VALE,19,4.8,3.87,5.29,32939.35974,36796.94773
2024Q4,JADE RESIDENCES,LEW LIAN VALE,19,4.85,3.22,5.24,32939.35974,36796.94773
2025Q1,JADE RESIDENCES,LEW LIAN VALE,19,5.07,4.81,5.46,32939.35974,36796.94773
2025Q4,JADE RESIDENCES,LEW LIAN VALE,19,4.99,4.65,5.19,32939.35974,36796.94773
2026Q1,JADE RESIDENCES,LEW LIAN VALE,19,4.9,4.47,5.49,32939.35974,36796.94773
2025Q3,JADE RESIDENCES,LEW LIAN VALE,19,4.78,4.39,4.97,32939.35974,36796.94773
2026Q2,JADE RESIDENCES,LEW LIAN VALE,19,5.15,4.9,5.46,32939.35974,36796.94773
2023Q3,GRANDEUR PARK RESIDENCES,BEDOK SOUTH AVENUE 3,16,6.39,6.09,7.12,40417.14808,34117.9636
2023Q4,GRANDEUR PARK RESIDENCES,BEDOK SOUTH AVENUE 3,16,6.19,5.93,6.59,40417.14808,34117.9636
2024Q1,GRANDEUR PARK RESIDENCES,BEDOK SOUTH AVENUE 3,16,6.19,5.45,6.79,40417.14808,34117.9636
2024Q3,GRANDEUR PARK RESIDENCES,BEDOK SOUTH AVENUE 3,16,5.84,5.16,6.38,40417.14808,34117.9636
2024Q4,GRANDEUR PARK RESIDENCES,BEDOK SOUTH AVENUE 3,16,5.91,5.44,6.38,40417.14808,34117.9636
2024Q2,GRANDEUR PARK RESIDENCES,BEDOK SOUTH AVENUE 3,16,5.98,5.66,6.39,40417.14808,34117.9636
2025Q1,GRANDEUR PARK RESIDENCES,BEDOK SOUTH AVENUE 3,16,6.14,5.67,6.8,40417.14808,34117.9636
2025Q4,GRANDEUR PARK RESIDENCES,BEDOK SOUTH AVENUE 3,16,5.76,5.25,6.19,40417.14808,34117.9636
2026Q1,GRANDEUR PARK RESIDENCES,BEDOK SOUTH AVENUE 3,16,6.12,5.37,6.73,40417.14808,34117.9636
2025Q2,GRANDEUR PARK RESIDENCES,BEDOK SOUTH AVENUE 3,16,6.01,5.61,6.52,40417.14808,34117.9636
2025Q3,GRANDEUR PARK RESIDENCES,BEDOK SOUTH AVENUE 3,16,5.98,5.44,6.7,40417.14808,34117.9636
2026Q2,GRANDEUR PARK RESIDENCES,BEDOK SOUTH AVENUE 3,16,6.22,5.69,6.73,40417.14808,34117.9636
2023Q3,DRAYCOTT EIGHT,DRAYCOTT PARK,10,6.48,5.5,6.97,27865.43713,32639.1683
2024Q3,DRAYCOTT EIGHT,DRAYCOTT PARK,10,5.97,5.66,6.41,27865.43713,32639.1683
2024Q4,DRAYCOTT EIGHT,DRAYCOTT PARK,10,5.89,5.72,6.01,27865.43713,32639.1683
2025Q2,DRAYCOTT EIGHT,DRAYCOTT PARK,10,5.5,5.33,5.94,27865.43713,32639.1683
2025Q3,DRAYCOTT EIGHT,DRAYCOTT PARK,10,5.85,5.53,6.14,27865.43713,32639.1683
2026Q1,BOONVIEW,MARYMOUNT TERRACE,20,3.87,3.83,4.3,28922.83293,37093.28334
2025Q2,SUITES @ CAIRNHILL,CAIRNHILL ROAD,09,5.4,5.31,5.67,28361.93527,32485.78572
2025Q3,GOODWOOD GRAND,BALMORAL ROAD,10,5.64,5.36,6.16,27999.96838,33061.95771
2023Q3,THE GAZANIA,HOW SUN DRIVE,19,6.09,5.81,6.46,33132.76308,36379.98723
2024Q3,THE GAZANIA,HOW SUN DRIVE,19,5.82,5.37,6.25,33132.76308,36379.98723
2024Q4,THE GAZANIA,HOW SUN DRIVE,19,5.86,5.6,6.48,33132.76308,36379.98723
2025Q1,THE GAZANIA,HOW SUN DRIVE,19,6.48,5.9,7.02,33132.76308,36379.98723
2026Q2,THE GAZANIA,HOW SUN DRIVE,19,7.02,5.99,7.17,33132.76308,36379.98723
2025Q4,THE GAZANIA,HOW SUN DRIVE,19,5.73,5.33,6.09,33132.76308,36379.98723
2025Q2,THE GAZANIA,HOW SUN DRIVE,19,6.41,5.76,6.8,33132.76308,36379.98723
2025Q3,THE GAZANIA,HOW SUN DRIVE,19,6.14,5.79,6.48,33132.76308,36379.98723
2024Q3,WILSHIRE RESIDENCES,FARRER ROAD,10,5.89,5.59,6.18,24801.81046,32825.17285
2023Q4,NIN RESIDENCE,PHENG GECK AVENUE,13,6.02,4.83,6.33,32075.12966,35031.37121
2023Q3,NIN RESIDENCE,PHENG GECK AVENUE,13,5.06,4.54,5.5,32075.12966,35031.37121
2024Q3,NIN RESIDENCE,PHENG GECK AVENUE,13,4.65,4.42,5.18,32075.12966,35031.37121
2024Q4,NIN RESIDENCE,PHENG GECK AVENUE,13,4.65,4.54,6.23,32075.12966,35031.37121
2024Q2,NIN RESIDENCE,PHENG GECK AVENUE,13,5.06,4.48,5.73,32075.12966,35031.37121
2025Q1,NIN RESIDENCE,PHENG GECK AVENUE,13,4.82,4.54,5.19,32075.12966,35031.37121
2025Q4,NIN RESIDENCE,PHENG GECK AVENUE,13,5.17,4.65,6.14,32075.12966,35031.37121
2026Q1,NIN RESIDENCE,PHENG GECK AVENUE,13,5.41,4.76,6.41,32075.12966,35031.37121
2025Q2,NIN RESIDENCE,PHENG GECK AVENUE,13,4.94,4.64,6.05,32075.12966,35031.37121
2025Q3,NIN RESIDENCE,PHENG GECK AVENUE,13,5.47,4.79,6.12,32075.12966,35031.37121
2026Q2,NIN RESIDENCE,PHENG GECK AVENUE,13,4.72,4.44,5.33,32075.12966,35031.37121
2023Q3,UE SQUARE,RIVER VALLEY ROAD,09,4.73,4.39,5.47,28938.88335,30606.15865
2024Q1,UE SQUARE,RIVER VALLEY ROAD,09,4.97,4.43,5.48,28938.88335,30606.15865
2023Q4,UE SQUARE,RIVER VALLEY ROAD,09,4.8,4.37,5.24,28938.88335,30606.15865
2025Q1,UE SQUARE,RIVER VALLEY ROAD,09,4.77,4.17,5.36,28938.88335,30606.15865
2024Q2,UE SQUARE,RIVER VALLEY ROAD,09,4.89,4.53,5.54,28938.88335,30606.15865
2024Q3,UE SQUARE,RIVER VALLEY ROAD,09,4.57,4.19,5.1,28938.88335,30606.15865
2024Q4,UE SQUARE,RIVER VALLEY ROAD,09,4.66,4.24,5.19,28938.88335,30606.15865
2025Q3,UE SQUARE,RIVER VALLEY ROAD,09,4.6,4.32,5.06,28938.88335,30606.15865
2025Q4,UE SQUARE,RIVER VALLEY ROAD,09,4.76,4.41,5.12,28938.88335,30606.15865
2026Q2,UE SQUARE,RIVER VALLEY ROAD,09,4.8,4.49,5.44,28938.88335,30606.15865
2026Q1,UE SQUARE,RIVER VALLEY ROAD,09,4.9,4.49,5.2,28938.88335,30606.15865
2025Q2,UE SQUARE,RIVER VALLEY ROAD,09,4.82,4.38,5.39,28938.88335,30606.15865
2023Q3,CRAIG PLACE,CRAIG ROAD,02,6.61,6.34,7.01,29016.91477,28939.24582
2025Q3,CRAIG PLACE,CRAIG ROAD,02,6.7,6.25,7.1,29016.91477,28939.24582
2024Q1,THE PLAZA,BEACH ROAD,07,4.92,4.53,5.91,31048.27691,31323.71271
2023Q3,THE PLAZA,BEACH ROAD,07,5.14,4.94,5.57,31048.27691,31323.71271
2023Q4,THE PLAZA,BEACH ROAD,07,4.71,4.12,5.31,31048.27691,31323.71271
2024Q3,THE PLAZA,BEACH ROAD,07,4.97,4.37,5.24,31048.27691,31323.71271
2024Q4,THE PLAZA,BEACH ROAD,07,4.87,4.37,5.31,31048.27691,31323.71271
2024Q2,THE PLAZA,BEACH ROAD,07,4.74,4.39,5.08,31048.27691,31323.71271
2025Q1,THE PLAZA,BEACH ROAD,07,4.91,4.63,5.04,31048.27691,31323.71271
2025Q4,THE PLAZA,BEACH ROAD,07,5.16,4.83,5.52,31048.27691,31323.71271
2026Q2,THE PLAZA,BEACH ROAD,07,4.71,4.51,5.44,31048.27691,31323.71271
2026Q1,THE PLAZA,BEACH ROAD,07,4.65,4.15,4.92,31048.27691,31323.71271
2025Q3,THE PLAZA,BEACH ROAD,07,4.81,4.39,5.16,31048.27691,31323.71271
2024Q2,CASUARINA COVE,TANJONG RHU ROAD,15,3.53,3.24,3.94,32553.132,31084.77719
2025Q2,CASUARINA COVE,TANJONG RHU ROAD,15,3.43,3.24,3.73,32553.132,31084.77719
2026Q2,CASUARINA COVE,TANJONG RHU ROAD,15,3.83,3.43,4.31,32553.132,31084.77719
2023Q3,LUCKY PLAZA APARTMENTS,ORCHARD ROAD,09,4.71,4.52,5.3,28081.73509,31874.31741
2023Q3,SEASIDE RESIDENCES,SIGLAP LINK,15,6.59,6.08,6.81,38395.06117,32185.65251
2023Q4,SEASIDE RESIDENCES,SIGLAP LINK,15,6.33,5.94,6.56,38395.06117,32185.65251
2024Q1,SEASIDE RESIDENCES,SIGLAP LINK,15,6.25,5.88,6.62,38395.06117,32185.65251
2024Q3,SEASIDE RESIDENCES,SIGLAP LINK,15,6.29,5.92,6.62,38395.06117,32185.65251
2024Q4,SEASIDE RESIDENCES,SIGLAP LINK,15,6.3,6,6.61,38395.06117,32185.65251
2024Q2,SEASIDE RESIDENCES,SIGLAP LINK,15,6.35,5.92,6.92,38395.06117,32185.65251
2025Q1,SEASIDE RESIDENCES,SIGLAP LINK,15,6.37,6.14,6.94,38395.06117,32185.65251
2026Q2,SEASIDE RESIDENCES,SIGLAP LINK,15,6.37,6.1,6.79,38395.06117,32185.65251
2025Q4,SEASIDE RESIDENCES,SIGLAP LINK,15,6.25,5.97,6.71,38395.06117,32185.65251
2026Q1,SEASIDE RESIDENCES,SIGLAP LINK,15,6.25,5.97,6.79,38395.06117,32185.65251
2025Q2,SEASIDE RESIDENCES,SIGLAP LINK,15,6.42,6.03,6.92,38395.06117,32185.65251
2025Q3,SEASIDE RESIDENCES,SIGLAP LINK,15,6.43,6.05,6.79,38395.06117,32185.65251
2024Q3,THE REGALIA,RIVER VALLEY CLOSE,09,4.36,4.2,4.59,28406.43569,30848.85679
2026Q2,THE REGALIA,RIVER VALLEY CLOSE,09,4.48,4,4.8,28406.43569,30848.85679
2025Q2,THE REGALIA,RIVER VALLEY CLOSE,09,4.36,3.95,4.83,28406.43569,30848.85679
2024Q3,LANDBAY CONDOMINIUM,JALAN HAJIJAH,16,4,3.81,4.23,39417.75914,32794.36273
2026Q2,WALLICH RESIDENCE,WALLICH STREET,02,11.3,10.78,11.78,29379.37798,28835.93389
2024Q1,CARIBBEAN AT KEPPEL BAY,KEPPEL BAY DRIVE,04,5.71,5.51,6.13,25930.86993,27713.30981
2023Q4,CARIBBEAN AT KEPPEL BAY,KEPPEL BAY DRIVE,04,5.78,5.39,6.03,25930.86993,27713.30981
2023Q3,CARIBBEAN AT KEPPEL BAY,KEPPEL BAY DRIVE,04,6.04,5.51,6.28,25930.86993,27713.30981
2024Q3,CARIBBEAN AT KEPPEL BAY,KEPPEL BAY DRIVE,04,5.53,5.26,5.76,25930.86993,27713.30981
2024Q4,CARIBBEAN AT KEPPEL BAY,KEPPEL BAY DRIVE,04,5.68,5.42,5.87,25930.86993,27713.30981
2024Q2,CARIBBEAN AT KEPPEL BAY,KEPPEL BAY DRIVE,04,5.71,5.39,5.97,25930.86993,27713.30981
2025Q1,CARIBBEAN AT KEPPEL BAY,KEPPEL BAY DRIVE,04,5.67,5.51,5.84,25930.86993,27713.30981
2025Q4,CARIBBEAN AT KEPPEL BAY,KEPPEL BAY DRIVE,04,5.71,5.46,5.93,25930.86993,27713.30981
2026Q1,CARIBBEAN AT KEPPEL BAY,KEPPEL BAY DRIVE,04,5.82,5.56,6.06,25930.86993,27713.30981
2025Q2,CARIBBEAN AT KEPPEL BAY,KEPPEL BAY DRIVE,04,5.75,5.31,5.91,25930.86993,27713.30981
2025Q3,CARIBBEAN AT KEPPEL BAY,KEPPEL BAY DRIVE,04,5.77,5.51,5.97,25930.86993,27713.30981
2026Q2,CARIBBEAN AT KEPPEL BAY,KEPPEL BAY DRIVE,04,5.8,5.53,6.14,25930.86993,27713.30981
2026Q2,SERENITY PARK,TAMARIND ROAD,28,2.7,2.59,2.93,30915.03395,41305.48173
2025Q2,SERENITY PARK,TAMARIND ROAD,28,2.59,2.42,2.96,30915.03395,41305.48173
2025Q2,VIEW AT KISMIS,LORONG KISMIS,21,5.64,5.34,5.82,20923.31157,35587.29238
2023Q3,SENNETT RESIDENCE,PHENG GECK AVENUE,13,5.31,5.04,5.96,32051.57768,34887.51609
2023Q4,SENNETT RESIDENCE,PHENG GECK AVENUE,13,5.49,5.34,5.78,32051.57768,34887.51609
2024Q1,SENNETT RESIDENCE,PHENG GECK AVENUE,13,5.19,4.9,5.66,32051.57768,34887.51609
2024Q3,SENNETT RESIDENCE,PHENG GECK AVENUE,13,5.27,4.88,5.63,32051.57768,34887.51609
2024Q4,SENNETT RESIDENCE,PHENG GECK AVENUE,13,5.17,4.99,5.93,32051.57768,34887.51609
2024Q2,SENNETT RESIDENCE,PHENG GECK AVENUE,13,5.39,4.94,5.94,32051.57768,34887.51609
2025Q1,SENNETT RESIDENCE,PHENG GECK AVENUE,13,5.28,4.96,5.77,32051.57768,34887.51609
2026Q2,SENNETT RESIDENCE,PHENG GECK AVENUE,13,5.5,5.1,5.89,32051.57768,34887.51609
2025Q4,SENNETT RESIDENCE,PHENG GECK AVENUE,13,5.64,5.4,5.96,32051.57768,34887.51609
2026Q1,SENNETT RESIDENCE,PHENG GECK AVENUE,13,5.22,4.79,5.93,32051.57768,34887.51609
2025Q2,SENNETT RESIDENCE,PHENG GECK AVENUE,13,5.36,5.18,6,32051.57768,34887.51609
2025Q3,SENNETT RESIDENCE,PHENG GECK AVENUE,13,5.19,4.99,5.78,32051.57768,34887.51609
2023Q3,THOMSON THREE,BRIGHT HILL DRIVE,20,5.29,4.6,5.63,27774.47394,37714.80229
2023Q4,THOMSON THREE,BRIGHT HILL DRIVE,20,5.46,5.46,5.88,27774.47394,37714.80229
2024Q1,THOMSON THREE,BRIGHT HILL DRIVE,20,5.41,5.14,6.06,27774.47394,37714.80229
2025Q1,THOMSON THREE,BRIGHT HILL DRIVE,20,5.19,4.73,5.46,27774.47394,37714.80229
2024Q3,THOMSON THREE,BRIGHT HILL DRIVE,20,5.19,4.53,5.4,27774.47394,37714.80229
2024Q4,THOMSON THREE,BRIGHT HILL DRIVE,20,5.05,4.72,5.69,27774.47394,37714.80229
2024Q2,THOMSON THREE,BRIGHT HILL DRIVE,20,5.13,4.65,5.86,27774.47394,37714.80229
2025Q4,THOMSON THREE,BRIGHT HILL DRIVE,20,5.26,4.69,5.46,27774.47394,37714.80229
2026Q2,THOMSON THREE,BRIGHT HILL DRIVE,20,5.26,4.95,5.96,27774.47394,37714.80229
2026Q1,THOMSON THREE,BRIGHT HILL DRIVE,20,5.29,4.96,5.98,27774.47394,37714.80229
2025Q2,THOMSON THREE,BRIGHT HILL DRIVE,20,5.34,5.03,6.03,27774.47394,37714.80229
2025Q3,THOMSON THREE,BRIGHT HILL DRIVE,20,5.19,4.65,5.55,27774.47394,37714.80229
2023Q4,ASTOR GREEN,PINE GROVE,21,3.6,3.31,3.73,21684.62929,33350.80012
2023Q4,MY MANHATTAN,SIMEI STREET 3,18,4.7,4.49,5.36,41358.3888,35979.72433
2024Q1,MY MANHATTAN,SIMEI STREET 3,18,4.8,4.5,5.72,41358.3888,35979.72433
2023Q3,MY MANHATTAN,SIMEI STREET 3,18,5.72,4.65,6.07,41358.3888,35979.72433
2024Q3,MY MANHATTAN,SIMEI STREET 3,18,4.42,4.13,4.65,41358.3888,35979.72433
2024Q4,MY MANHATTAN,SIMEI STREET 3,18,4.59,4.36,4.97,41358.3888,35979.72433
2024Q2,MY MANHATTAN,SIMEI STREET 3,18,4.51,4.27,4.8,41358.3888,35979.72433
2025Q1,MY MANHATTAN,SIMEI STREET 3,18,4.59,4.3,5.78,41358.3888,35979.72433
2025Q4,MY MANHATTAN,SIMEI STREET 3,18,4.65,4.42,5.27,41358.3888,35979.72433
2026Q1,MY MANHATTAN,SIMEI STREET 3,18,4.8,4.49,5.9,41358.3888,35979.72433
2025Q2,MY MANHATTAN,SIMEI STREET 3,18,4.79,4.49,5.97,41358.3888,35979.72433
2025Q3,MY MANHATTAN,SIMEI STREET 3,18,4.59,4.49,5.9,41358.3888,35979.72433
2026Q2,MY MANHATTAN,SIMEI STREET 3,18,4.6,4.47,5.49,41358.3888,35979.72433
2024Q1,THE POIZ RESIDENCES,MEYAPPA CHETTIAR ROAD,13,6.52,5.98,7.02,31757.8517,34869.46844
2023Q3,THE POIZ RESIDENCES,MEYAPPA CHETTIAR ROAD,13,7.15,6.37,7.62,31757.8517,34869.46844
2023Q4,THE POIZ RESIDENCES,MEYAPPA CHETTIAR ROAD,13,6.59,6.06,7.33,31757.8517,34869.46844
2024Q3,THE POIZ RESIDENCES,MEYAPPA CHETTIAR ROAD,13,6.24,5.64,6.91,31757.8517,34869.46844
2024Q4,THE POIZ RESIDENCES,MEYAPPA CHETTIAR ROAD,13,6.55,6.09,7.23,31757.8517,34869.46844
2024Q2,THE POIZ RESIDENCES,MEYAPPA CHETTIAR ROAD,13,6.8,5.96,7.15,31757.8517,34869.46844
2025Q1,THE POIZ RESIDENCES,MEYAPPA CHETTIAR ROAD,13,6.62,6.07,7.15,31757.8517,34869.46844
2025Q4,THE POIZ RESIDENCES,MEYAPPA CHETTIAR ROAD,13,6.69,6.19,7.37,31757.8517,34869.46844
2026Q2,THE POIZ RESIDENCES,MEYAPPA CHETTIAR ROAD,13,6.79,6.3,7.27,31757.8517,34869.46844
2026Q1,THE POIZ RESIDENCES,MEYAPPA CHETTIAR ROAD,13,6.8,6.3,7.38,31757.8517,34869.46844
2025Q2,THE POIZ RESIDENCES,MEYAPPA CHETTIAR ROAD,13,6.8,6.28,7.15,31757.8517,34869.46844
2025Q3,THE POIZ RESIDENCES,MEYAPPA CHETTIAR ROAD,13,6.8,5.95,7.15,31757.8517,34869.46844
2024Q3,KEMBANGAN SUITES,JALAN MASJID,14,5.87,5.62,6.52,36843.51662,33592.79566
2023Q3,WATERBANK AT DAKOTA,DAKOTA CRESCENT,14,5.67,5.49,6.41,34273.5473,32135.00627
2023Q4,WATERBANK AT DAKOTA,DAKOTA CRESCENT,14,5.49,5.21,5.98,34273.5473,32135.00627
2025Q1,WATERBANK AT DAKOTA,DAKOTA CRESCENT,14,5.43,5.1,6.18,34273.5473,32135.00627
2024Q2,WATERBANK AT DAKOTA,DAKOTA CRESCENT,14,5.82,5.28,6.4,34273.5473,32135.00627
2024Q3,WATERBANK AT DAKOTA,DAKOTA CRESCENT,14,5.52,4.87,6.19,34273.5473,32135.00627
2024Q4,WATERBANK AT DAKOTA,DAKOTA CRESCENT,14,5.3,4.95,5.93,34273.5473,32135.00627
2025Q3,WATERBANK AT DAKOTA,DAKOTA CRESCENT,14,5.77,5.32,6.4,34273.5473,32135.00627
2025Q4,WATERBANK AT DAKOTA,DAKOTA CRESCENT,14,5.69,5.22,6.36,34273.5473,32135.00627
2024Q1,WATERBANK AT DAKOTA,DAKOTA CRESCENT,14,5.46,5.04,6.4,34273.5473,32135.00627
2026Q1,WATERBANK AT DAKOTA,DAKOTA CRESCENT,14,5.49,5.16,6.3,34273.5473,32135.00627
2025Q2,WATERBANK AT DAKOTA,DAKOTA CRESCENT,14,5.65,5.33,6.57,34273.5473,32135.00627
2026Q2,WATERBANK AT DAKOTA,DAKOTA CRESCENT,14,6.4,5.65,6.61,34273.5473,32135.00627
2023Q3,THE SANTORINI,TAMPINES STREET 86,18,5.31,4.91,5.69,38562.2889,37077.57629
2023Q4,THE SANTORINI,TAMPINES STREET 86,18,5.12,4.91,5.31,38562.2889,37077.57629
2024Q1,THE SANTORINI,TAMPINES STREET 86,18,5.13,4.93,5.69,38562.2889,37077.57629
2024Q3,THE SANTORINI,TAMPINES STREET 86,18,4.93,4.62,5.24,38562.2889,37077.57629
2024Q4,THE SANTORINI,TAMPINES STREET 86,18,5.03,4.86,5.31,38562.2889,37077.57629
2024Q2,THE SANTORINI,TAMPINES STREET 86,18,5.15,4.77,5.64,38562.2889,37077.57629
2025Q1,THE SANTORINI,TAMPINES STREET 86,18,5.12,4.85,5.31,38562.2889,37077.57629
2025Q4,THE SANTORINI,TAMPINES STREET 86,18,4.95,4.77,5.21,38562.2889,37077.57629
2026Q2,THE SANTORINI,TAMPINES STREET 86,18,4.96,4.72,5.16,38562.2889,37077.57629
2026Q1,THE SANTORINI,TAMPINES STREET 86,18,5.14,4.9,5.55,38562.2889,37077.57629
2025Q2,THE SANTORINI,TAMPINES STREET 86,18,4.93,4.58,5.25,38562.2889,37077.57629
2025Q3,THE SANTORINI,TAMPINES STREET 86,18,4.98,4.7,5.31,38562.2889,37077.57629
2023Q3,D'WEAVE,LORONG 39 GEYLANG,14,6.28,4.82,6.65,34366.73219,33099.31914
2024Q3,D'WEAVE,LORONG 39 GEYLANG,14,6.12,4.94,6.24,34366.73219,33099.31914
2024Q2,D'WEAVE,LORONG 39 GEYLANG,14,5.48,5.13,5.72,34366.73219,33099.31914
2025Q3,D'WEAVE,LORONG 39 GEYLANG,14,6.1,5.12,6.55,34366.73219,33099.31914
2026Q2,D'WEAVE,LORONG 39 GEYLANG,14,5.64,5.47,6.22,34366.73219,33099.31914
2023Q3,MAYFAIR MODERN,RIFLE RANGE ROAD,21,6.53,6.19,7.09,22235.94825,35516.2829
2024Q3,MAYFAIR MODERN,RIFLE RANGE ROAD,21,6.26,5.75,6.73,22235.94825,35516.2829
2025Q1,MAYFAIR MODERN,RIFLE RANGE ROAD,21,6.58,6.16,7.06,22235.94825,35516.2829
2026Q1,MAYFAIR MODERN,RIFLE RANGE ROAD,21,6.25,5.95,6.73,22235.94825,35516.2829
2025Q2,MAYFAIR MODERN,RIFLE RANGE ROAD,21,5.69,5.35,6.53,22235.94825,35516.2829
2025Q3,MAYFAIR MODERN,RIFLE RANGE ROAD,21,6.24,5.77,6.55,22235.94825,35516.2829
2026Q2,MAYFAIR MODERN,RIFLE RANGE ROAD,21,6.03,5.65,6.41,22235.94825,35516.2829
2025Q2,SHERWOOD TOWER,JALAN ANAK BUKIT,21,3.19,2.79,3.39,21914.92141,35650.8412
2024Q1,AMBER PARK,AMBER GARDENS,15,6.72,6.42,6.77,35338.7296,31405.34551
2024Q4,AMBER PARK,AMBER GARDENS,15,7,6.73,7.41,35338.7296,31405.34551
2024Q2,AMBER PARK,AMBER GARDENS,15,6.72,6.4,7.14,35338.7296,31405.34551
2025Q1,AMBER PARK,AMBER GARDENS,15,7.15,6.65,7.41,35338.7296,31405.34551
2024Q3,AMBER PARK,AMBER GARDENS,15,6.81,6.37,7.22,35338.7296,31405.34551
2025Q4,AMBER PARK,AMBER GARDENS,15,7.15,6.65,7.83,35338.7296,31405.34551
2026Q1,AMBER PARK,AMBER GARDENS,15,7.43,6.41,8.11,35338.7296,31405.34551
2025Q2,AMBER PARK,AMBER GARDENS,15,7.27,6.73,7.84,35338.7296,31405.34551
2025Q3,AMBER PARK,AMBER GARDENS,15,7.02,6.56,7.37,35338.7296,31405.34551
2026Q2,AMBER PARK,AMBER GARDENS,15,7.14,6.73,7.64,35338.7296,31405.34551
2024Q1,THE PROMENADE@PELIKAT,JALAN PELIKAT,19,5.38,4.52,5.57,34063.06529,37496.45153
2023Q3,THE PROMENADE@PELIKAT,JALAN PELIKAT,19,4.54,3.47,5.7,34063.06529,37496.45153
2024Q3,THE PROMENADE@PELIKAT,JALAN PELIKAT,19,4.75,3.5,5.54,34063.06529,37496.45153
2024Q4,THE PROMENADE@PELIKAT,JALAN PELIKAT,19,4.03,3.5,5.42,34063.06529,37496.45153
2025Q1,THE PROMENADE@PELIKAT,JALAN PELIKAT,19,5.28,4.6,5.47,34063.06529,37496.45153
2026Q2,THE PROMENADE@PELIKAT,JALAN PELIKAT,19,5.09,3.84,5.28,34063.06529,37496.45153
2026Q1,THE PROMENADE@PELIKAT,JALAN PELIKAT,19,5.49,4.8,5.64,34063.06529,37496.45153
2025Q2,THE PROMENADE@PELIKAT,JALAN PELIKAT,19,5.07,4.31,5.29,34063.06529,37496.45153
2025Q3,THE PROMENADE@PELIKAT,JALAN PELIKAT,19,4.85,3.56,5.53,34063.06529,37496.45153
2023Q4,REZI 26,LORONG 26 GEYLANG,14,5.23,4.68,5.86,33755.87532,32777.30674
2024Q1,REZI 26,LORONG 26 GEYLANG,14,6.08,5.37,6.19,33755.87532,32777.30674
2023Q3,REZI 26,LORONG 26 GEYLANG,14,5.5,4.44,6.31,33755.87532,32777.30674
2024Q4,REZI 26,LORONG 26 GEYLANG,14,5.21,4.83,5.8,33755.87532,32777.30674
2024Q2,REZI 26,LORONG 26 GEYLANG,14,5.55,4.65,6.45,33755.87532,32777.30674
2025Q1,REZI 26,LORONG 26 GEYLANG,14,5.73,4.79,5.96,33755.87532,32777.30674
2026Q1,REZI 26,LORONG 26 GEYLANG,14,5.97,5.61,6.51,33755.87532,32777.30674
2025Q2,REZI 26,LORONG 26 GEYLANG,14,5.04,4.98,6.01,33755.87532,32777.30674
2025Q3,REZI 26,LORONG 26 GEYLANG,14,5.64,4.64,6.09,33755.87532,32777.30674
2023Q3,LUCIDA,SUFFOLK ROAD,11,4.52,4.29,5.34,29289.80395,33002.51637
2023Q3,ROBIN SUITES,ROBIN ROAD,10,7.56,6.41,7.99,27484.14472,33337.25823
2024Q1,ROBIN SUITES,ROBIN ROAD,10,7.3,6.92,7.79,27484.14472,33337.25823
2024Q3,ROBIN SUITES,ROBIN ROAD,10,7.48,6.75,8.18,27484.14472,33337.25823
2024Q4,ROBIN SUITES,ROBIN ROAD,10,7.32,6.92,8.04,27484.14472,33337.25823
2024Q2,ROBIN SUITES,ROBIN ROAD,10,7.35,6.8,7.46,27484.14472,33337.25823
2025Q1,ROBIN SUITES,ROBIN ROAD,10,7.35,6.76,8.08,27484.14472,33337.25823
2025Q4,ROBIN SUITES,ROBIN ROAD,10,7.13,6.83,7.9,27484.14472,33337.25823
2026Q1,ROBIN SUITES,ROBIN ROAD,10,7.34,6.87,7.8,27484.14472,33337.25823
2025Q2,ROBIN SUITES,ROBIN ROAD,10,7.24,7.02,7.82,27484.14472,33337.25823
2025Q3,ROBIN SUITES,ROBIN ROAD,10,7.67,7.26,7.99,27484.14472,33337.25823
2024Q2,REZI 24,LORONG 24 GEYLANG,14,6.4,6.08,6.78,33598.36717,32661.60661
2026Q2,REZI 24,LORONG 24 GEYLANG,14,6.64,6.19,6.84,33598.36717,32661.60661
2025Q2,REZI 24,LORONG 24 GEYLANG,14,6.56,6.36,6.79,33598.36717,32661.60661
2025Q3,REZI 24,LORONG 24 GEYLANG,14,6.36,5.88,6.57,33598.36717,32661.60661
2023Q3,THE TROPICA,TAMPINES AVENUE 1,18,3.31,3.07,3.47,38465.15527,36769.78906
2024Q3,THE TROPICA,TAMPINES AVENUE 1,18,3.47,3.26,3.56,38465.15527,36769.78906
2026Q2,THE TROPICA,TAMPINES AVENUE 1,18,3.58,3.45,3.64,38465.15527,36769.78906
2025Q2,THE TROPICA,TAMPINES AVENUE 1,18,3.57,3.4,3.84,38465.15527,36769.78906
2025Q3,THE TROPICA,TAMPINES AVENUE 1,18,3.64,3.27,3.72,38465.15527,36769.78906
2023Q3,URBAN VISTA,TANAH MERAH KECHIL LINK,16,5.46,4.8,5.9,40380.10748,34412.69442
2024Q1,URBAN VISTA,TANAH MERAH KECHIL LINK,16,5.46,4.98,6.01,40380.10748,34412.69442
2023Q4,URBAN VISTA,TANAH MERAH KECHIL LINK,16,5.41,4.81,5.85,40380.10748,34412.69442
2025Q1,URBAN VISTA,TANAH MERAH KECHIL LINK,16,5.46,5.06,6.12,40380.10748,34412.69442
2024Q2,URBAN VISTA,TANAH MERAH KECHIL LINK,16,5.26,4.78,5.75,40380.10748,34412.69442
2024Q3,URBAN VISTA,TANAH MERAH KECHIL LINK,16,5.36,4.7,6,40380.10748,34412.69442
2024Q4,URBAN VISTA,TANAH MERAH KECHIL LINK,16,5.33,4.78,5.91,40380.10748,34412.69442
2025Q3,URBAN VISTA,TANAH MERAH KECHIL LINK,16,5.36,4.89,5.74,40380.10748,34412.69442
2025Q4,URBAN VISTA,TANAH MERAH KECHIL LINK,16,5.17,4.82,6.12,40380.10748,34412.69442
2026Q2,URBAN VISTA,TANAH MERAH KECHIL LINK,16,5.31,4.82,5.83,40380.10748,34412.69442
2026Q1,URBAN VISTA,TANAH MERAH KECHIL LINK,16,5.3,4.94,5.77,40380.10748,34412.69442
2025Q2,URBAN VISTA,TANAH MERAH KECHIL LINK,16,5.4,4.94,5.98,40380.10748,34412.69442
2023Q4,NEWTON SUITES,NEWTON ROAD,11,5.9,5.74,6.28,28994.96193,33331.66033
2024Q1,NEWTON SUITES,NEWTON ROAD,11,6.03,5.65,6.15,28994.96193,33331.66033
2023Q3,NEWTON SUITES,NEWTON ROAD,11,6.09,5.82,6.24,28994.96193,33331.66033
2024Q2,NEWTON SUITES,NEWTON ROAD,11,6.06,5.65,6.21,28994.96193,33331.66033
2025Q3,NEWTON SUITES,NEWTON ROAD,11,5.69,5.41,5.81,28994.96193,33331.66033
2023Q3,HARBOURLIGHTS,TELOK BLANGAH ROAD,04,4.81,4.7,4.95,26846.98954,27667.54667
2024Q3,HARBOURLIGHTS,TELOK BLANGAH ROAD,04,4.65,4.12,5.04,26846.98954,27667.54667
2024Q4,HARBOURLIGHTS,TELOK BLANGAH ROAD,04,4.56,4.44,4.78,26846.98954,27667.54667
2024Q2,HARBOURLIGHTS,TELOK BLANGAH ROAD,04,4.37,4.1,4.57,26846.98954,27667.54667
2025Q1,HARBOURLIGHTS,TELOK BLANGAH ROAD,04,4.58,4.31,4.88,26846.98954,27667.54667
2025Q4,HARBOURLIGHTS,TELOK BLANGAH ROAD,04,4.88,4.66,5.16,26846.98954,27667.54667
2025Q2,HARBOURLIGHTS,TELOK BLANGAH ROAD,04,4.67,4.55,4.76,26846.98954,27667.54667
2025Q3,HARBOURLIGHTS,TELOK BLANGAH ROAD,04,4.74,4.53,4.87,26846.98954,27667.54667
2026Q2,HARBOURLIGHTS,TELOK BLANGAH ROAD,04,4.59,4.41,5.03,26846.98954,27667.54667
2023Q3,THE BELVEDERE,MEYER ROAD,15,4.69,4.53,4.98,34040.09011,31078.06268
2023Q4,THE BELVEDERE,MEYER ROAD,15,4.75,4.53,5.03,34040.09011,31078.06268
2024Q1,THE BELVEDERE,MEYER ROAD,15,4.73,4.34,4.84,34040.09011,31078.06268
2024Q3,THE BELVEDERE,MEYER ROAD,15,4.91,4.33,4.95,34040.09011,31078.06268
2024Q2,THE BELVEDERE,MEYER ROAD,15,4.61,4.36,4.76,34040.09011,31078.06268
2025Q1,THE BELVEDERE,MEYER ROAD,15,4.54,4.38,4.75,34040.09011,31078.06268
2026Q2,THE BELVEDERE,MEYER ROAD,15,4.96,4.91,5.08,34040.09011,31078.06268
2026Q1,THE BELVEDERE,MEYER ROAD,15,4.85,4.43,5.14,34040.09011,31078.06268
2025Q2,THE BELVEDERE,MEYER ROAD,15,4.82,4.32,5.04,34040.09011,31078.06268
2025Q3,THE BELVEDERE,MEYER ROAD,15,4.97,4.86,5.06,34040.09011,31078.06268
2024Q3,LE REGAL,GEYLANG ROAD,14,6.81,6.56,6.9,33241.33686,32749.49364
2025Q4,LE REGAL,GEYLANG ROAD,14,6.56,6.3,6.97,33241.33686,32749.49364
2025Q3,LE REGAL,GEYLANG ROAD,14,6.49,6.29,6.76,33241.33686,32749.49364
2024Q3,CLAVON,CLEMENTI AVENUE 1,05,6.02,5.82,6.45,20619.0431312595,32307.0678786125
2024Q4,CLAVON,CLEMENTI AVENUE 1,05,5.95,5.74,6.34,20619.0431312595,32307.0678786125
2025Q1,CLAVON,CLEMENTI AVENUE 1,05,5.89,5.63,6.05,20619.0431312595,32307.0678786125
2025Q4,CLAVON,CLEMENTI AVENUE 1,05,6.02,5.89,6.45,20619.0431312595,32307.0678786125
2026Q1,CLAVON,CLEMENTI AVENUE 1,05,6.47,6.02,6.68,20619.0431312595,32307.0678786125
2025Q2,CLAVON,CLEMENTI AVENUE 1,05,5.9,5.69,6.23,20619.0431312595,32307.0678786125
2025Q3,CLAVON,CLEMENTI AVENUE 1,05,6.05,5.89,6.63,20619.0431312595,32307.0678786125
2026Q2,CLAVON,CLEMENTI AVENUE 1,05,6.08,5.84,6.83,20619.0431312595,32307.0678786125
2023Q4,AVILA GARDENS,FLORA ROAD,17,3.31,3.09,4.01,42682.34096,38032.01622
2023Q3,AVILA GARDENS,FLORA ROAD,17,3.46,2.97,4.15,42682.34096,38032.01622
2024Q1,AVILA GARDENS,FLORA ROAD,17,3.53,3.12,3.67,42682.34096,38032.01622
2024Q4,AVILA GARDENS,FLORA ROAD,17,3.02,2.73,3.36,42682.34096,38032.01622
2024Q2,AVILA GARDENS,FLORA ROAD,17,3.47,3.11,4.32,42682.34096,38032.01622
2025Q1,AVILA GARDENS,FLORA ROAD,17,3.3,2.87,3.67,42682.34096,38032.01622
2024Q3,AVILA GARDENS,FLORA ROAD,17,3.53,3.12,4.11,42682.34096,38032.01622
2025Q4,AVILA GARDENS,FLORA ROAD,17,3.32,2.99,3.47,42682.34096,38032.01622
2025Q2,AVILA GARDENS,FLORA ROAD,17,3.15,3.07,3.69,42682.34096,38032.01622
2025Q3,AVILA GARDENS,FLORA ROAD,17,3.22,2.89,3.39,42682.34096,38032.01622
2026Q2,AVILA GARDENS,FLORA ROAD,17,3.28,3.02,3.69,42682.34096,38032.01622
2023Q4,PARC ROSEWOOD,ROSEWOOD DRIVE,25,5.63,5.14,5.81,22652.25303,45445.75945
2024Q1,PARC ROSEWOOD,ROSEWOOD DRIVE,25,5.57,5.12,6.04,22652.25303,45445.75945
2023Q3,PARC ROSEWOOD,ROSEWOOD DRIVE,25,5.68,5.05,6.04,22652.25303,45445.75945
2024Q3,PARC ROSEWOOD,ROSEWOOD DRIVE,25,5.32,4.73,5.57,22652.25303,45445.75945
2024Q4,PARC ROSEWOOD,ROSEWOOD DRIVE,25,5.34,4.76,5.66,22652.25303,45445.75945
2024Q2,PARC ROSEWOOD,ROSEWOOD DRIVE,25,5.11,4.78,5.63,22652.25303,45445.75945
2025Q1,PARC ROSEWOOD,ROSEWOOD DRIVE,25,5.16,4.74,5.69,22652.25303,45445.75945
2026Q2,PARC ROSEWOOD,ROSEWOOD DRIVE,25,5.11,4.82,5.57,22652.25303,45445.75945
2025Q4,PARC ROSEWOOD,ROSEWOOD DRIVE,25,5.29,4.84,5.62,22652.25303,45445.75945
2026Q1,PARC ROSEWOOD,ROSEWOOD DRIVE,25,5.46,4.83,5.81,22652.25303,45445.75945
2025Q2,PARC ROSEWOOD,ROSEWOOD DRIVE,25,5.01,4.55,5.34,22652.25303,45445.75945
2025Q3,PARC ROSEWOOD,ROSEWOOD DRIVE,25,5.34,4.98,5.59,22652.25303,45445.75945
2023Q4,ONE SHENTON,SHENTON WAY,01,6.01,5.53,6.68,29912.41316,29077.65327
2024Q1,ONE SHENTON,SHENTON WAY,01,5.73,5.34,7.23,29912.41316,29077.65327
2023Q3,ONE SHENTON,SHENTON WAY,01,6.31,5.72,7.86,29912.41316,29077.65327
2024Q3,ONE SHENTON,SHENTON WAY,01,5.75,5.47,6.97,29912.41316,29077.65327
2024Q4,ONE SHENTON,SHENTON WAY,01,5.86,5.43,7.36,29912.41316,29077.65327
2024Q2,ONE SHENTON,SHENTON WAY,01,6.32,5.55,7.22,29912.41316,29077.65327
2025Q1,ONE SHENTON,SHENTON WAY,01,5.94,5.46,7.36,29912.41316,29077.65327
2025Q4,ONE SHENTON,SHENTON WAY,01,5.99,5.33,7.49,29912.41316,29077.65327
2026Q1,ONE SHENTON,SHENTON WAY,01,5.79,5.3,6.89,29912.41316,29077.65327
2025Q2,ONE SHENTON,SHENTON WAY,01,6.05,5.49,7.4,29912.41316,29077.65327
2025Q3,ONE SHENTON,SHENTON WAY,01,5.98,5.56,7.33,29912.41316,29077.65327
2026Q2,ONE SHENTON,SHENTON WAY,01,6.36,5.77,7.3,29912.41316,29077.65327
2025Q3,MONTVIEW,MOUNT SINAI DRIVE,10,4.1,4.03,4.37,21777.27619,33212.63488
2024Q1,THE GREENWICH,SELETAR ROAD,28,4.36,3.87,4.73,31974.38863,40964.78207
2023Q3,THE GREENWICH,SELETAR ROAD,28,4.65,4.18,4.98,31974.38863,40964.78207
2023Q4,THE GREENWICH,SELETAR ROAD,28,4.15,3.83,4.81,31974.38863,40964.78207
2024Q3,THE GREENWICH,SELETAR ROAD,28,4.4,3.87,4.81,31974.38863,40964.78207
2024Q4,THE GREENWICH,SELETAR ROAD,28,4.15,3.93,4.58,31974.38863,40964.78207
2024Q2,THE GREENWICH,SELETAR ROAD,28,4.15,3.97,4.52,31974.38863,40964.78207
2025Q1,THE GREENWICH,SELETAR ROAD,28,4.48,4.14,4.65,31974.38863,40964.78207
2026Q2,THE GREENWICH,SELETAR ROAD,28,4.49,3.73,4.73,31974.38863,40964.78207
2025Q4,THE GREENWICH,SELETAR ROAD,28,4.31,3.87,4.49,31974.38863,40964.78207
2026Q1,THE GREENWICH,SELETAR ROAD,28,4.48,3.83,4.65,31974.38863,40964.78207
2025Q2,THE GREENWICH,SELETAR ROAD,28,4.09,3.95,4.3,31974.38863,40964.78207
2025Q3,THE GREENWICH,SELETAR ROAD,28,4.16,3.86,4.69,31974.38863,40964.78207
2023Q4,STURDEE RESIDENCES,BEATTY ROAD,08,7.15,6.4,8.1,30857.71232,32808.50946
2023Q3,STURDEE RESIDENCES,BEATTY ROAD,08,6.85,6,7.97,30857.71232,32808.50946
2024Q1,STURDEE RESIDENCES,BEATTY ROAD,08,7.15,6.24,8.1,30857.71232,32808.50946
2024Q3,STURDEE RESIDENCES,BEATTY ROAD,08,6.7,5.91,7.86,30857.71232,32808.50946
2024Q4,STURDEE RESIDENCES,BEATTY ROAD,08,6.85,6.42,7.34,30857.71232,32808.50946
2024Q2,STURDEE RESIDENCES,BEATTY ROAD,08,6.51,6.13,7.3,30857.71232,32808.50946
2025Q1,STURDEE RESIDENCES,BEATTY ROAD,08,6.97,5.84,7.92,30857.71232,32808.50946
2026Q2,STURDEE RESIDENCES,BEATTY ROAD,08,6.47,6.21,7.38,30857.71232,32808.50946
2025Q4,STURDEE RESIDENCES,BEATTY ROAD,08,7.19,6.43,7.8,30857.71232,32808.50946
2026Q1,STURDEE RESIDENCES,BEATTY ROAD,08,7.62,6.14,8.1,30857.71232,32808.50946
2025Q2,STURDEE RESIDENCES,BEATTY ROAD,08,6.55,6.2,7.49,30857.71232,32808.50946
2025Q3,STURDEE RESIDENCES,BEATTY ROAD,08,7.01,6.24,7.86,30857.71232,32808.50946
2023Q4,MONTEBLEU,MINBU ROAD,11,5.26,4.94,5.72,29877.16374,34008.01519
2024Q3,MONTEBLEU,MINBU ROAD,11,4.95,4.53,5.21,29877.16374,34008.01519
2024Q2,MONTEBLEU,MINBU ROAD,11,4.82,4.54,5.26,29877.16374,34008.01519
2025Q2,MONTEBLEU,MINBU ROAD,11,4.56,4.36,4.7,29877.16374,34008.01519
2025Q3,MONTEBLEU,MINBU ROAD,11,5.26,4.83,5.61,29877.16374,34008.01519
2026Q2,MONTEBLEU,MINBU ROAD,11,4.89,4.7,5.17,29877.16374,34008.01519
2023Q4,A TREASURE TROVE,PUNGGOL WALK,19,4.14,3.66,4.65,35445.74582,43073.40922
2023Q3,A TREASURE TROVE,PUNGGOL WALK,19,4.32,4,4.76,35445.74582,43073.40922
2024Q1,A TREASURE TROVE,PUNGGOL WALK,19,4.26,3.92,4.52,35445.74582,43073.40922
2024Q4,A TREASURE TROVE,PUNGGOL WALK,19,4.21,3.98,4.52,35445.74582,43073.40922
2024Q2,A TREASURE TROVE,PUNGGOL WALK,19,4.18,3.91,4.39,35445.74582,43073.40922
2025Q1,A TREASURE TROVE,PUNGGOL WALK,19,4.24,3.94,4.52,35445.74582,43073.40922
2024Q3,A TREASURE TROVE,PUNGGOL WALK,19,4.12,3.82,4.32,35445.74582,43073.40922
2025Q4,A TREASURE TROVE,PUNGGOL WALK,19,4,3.9,4.36,35445.74582,43073.40922
2026Q1,A TREASURE TROVE,PUNGGOL WALK,19,4.39,4.17,4.52,35445.74582,43073.40922
2025Q2,A TREASURE TROVE,PUNGGOL WALK,19,4.21,4.02,4.45,35445.74582,43073.40922
2025Q3,A TREASURE TROVE,PUNGGOL WALK,19,4.21,4.02,4.42,35445.74582,43073.40922
2026Q2,A TREASURE TROVE,PUNGGOL WALK,19,4.26,4.02,4.41,35445.74582,43073.40922
2025Q4,MIDTOWN BAY,BEACH ROAD,07,8.19,7.12,9.08,30671.40682,30964.10445
2026Q1,MIDTOWN BAY,BEACH ROAD,07,9.29,8.55,10.32,30671.40682,30964.10445
2025Q2,MIDTOWN BAY,BEACH ROAD,07,7.79,7.46,8.54,30671.40682,30964.10445
2025Q3,MIDTOWN BAY,BEACH ROAD,07,8.45,7.88,8.76,30671.40682,30964.10445
2026Q2,MIDTOWN BAY,BEACH ROAD,07,9.46,8.88,10.1,30671.40682,30964.10445
2024Q1,BUTTERWORTH 8,BUTTERWORTH LANE,15,4.09,3.93,4.4,34820.66215,32707.98946
2024Q2,BUTTERWORTH 8,BUTTERWORTH LANE,15,3.99,3.85,4.2,34820.66215,32707.98946
2023Q4,CARABELLE,WEST COAST WAY,05,4.65,4.17,4.9,19361.28298,33307.07761
2023Q3,CARABELLE,WEST COAST WAY,05,4.45,4.01,4.76,19361.28298,33307.07761
2024Q3,CARABELLE,WEST COAST WAY,05,4.3,4.01,4.7,19361.28298,33307.07761
2024Q2,CARABELLE,WEST COAST WAY,05,4.1,3.85,4.22,19361.28298,33307.07761
2025Q4,CARABELLE,WEST COAST WAY,05,4.31,4.12,4.63,19361.28298,33307.07761
2026Q1,CARABELLE,WEST COAST WAY,05,4.54,4.43,4.75,19361.28298,33307.07761
2025Q2,CARABELLE,WEST COAST WAY,05,4.12,3.98,4.54,19361.28298,33307.07761
2025Q3,CARABELLE,WEST COAST WAY,05,4.22,4.03,4.54,19361.28298,33307.07761
2026Q2,CARABELLE,WEST COAST WAY,05,4.17,3.97,4.36,19361.28298,33307.07761
2023Q4,BALLOTA PARK CONDOMINIUM,MARIAM WAY,17,2.89,2.81,3.08,43087.86863,37809.60547
2023Q3,BALLOTA PARK CONDOMINIUM,MARIAM WAY,17,3.05,2.82,3.23,43087.86863,37809.60547
2024Q4,BALLOTA PARK CONDOMINIUM,MARIAM WAY,17,2.83,2.7,3.02,43087.86863,37809.60547
2024Q2,BALLOTA PARK CONDOMINIUM,MARIAM WAY,17,2.8,2.65,3.05,43087.86863,37809.60547
2025Q1,BALLOTA PARK CONDOMINIUM,MARIAM WAY,17,2.85,2.54,3.06,43087.86863,37809.60547
2024Q3,BALLOTA PARK CONDOMINIUM,MARIAM WAY,17,2.72,2.45,2.97,43087.86863,37809.60547
2025Q4,BALLOTA PARK CONDOMINIUM,MARIAM WAY,17,2.97,2.82,3.22,43087.86863,37809.60547
2026Q1,BALLOTA PARK CONDOMINIUM,MARIAM WAY,17,3.01,2.86,3.09,43087.86863,37809.60547
2025Q2,BALLOTA PARK CONDOMINIUM,MARIAM WAY,17,2.91,2.75,3.1,43087.86863,37809.60547
2025Q3,BALLOTA PARK CONDOMINIUM,MARIAM WAY,17,2.82,2.8,3.14,43087.86863,37809.60547
2026Q2,BALLOTA PARK CONDOMINIUM,MARIAM WAY,17,2.95,2.81,3.12,43087.86863,37809.60547
2023Q4,Q BAY RESIDENCES,TAMPINES STREET 86,18,4.48,4.22,5.31,38454.70417,37049.89959
2024Q1,Q BAY RESIDENCES,TAMPINES STREET 86,18,4.52,3.93,5.12,38454.70417,37049.89959
2023Q3,Q BAY RESIDENCES,TAMPINES STREET 86,18,4.22,3.76,4.65,38454.70417,37049.89959
2024Q3,Q BAY RESIDENCES,TAMPINES STREET 86,18,4.47,3.81,5.15,38454.70417,37049.89959
2024Q4,Q BAY RESIDENCES,TAMPINES STREET 86,18,4.22,3.51,5.03,38454.70417,37049.89959
2024Q2,Q BAY RESIDENCES,TAMPINES STREET 86,18,4.37,3.69,5.12,38454.70417,37049.89959
2025Q1,Q BAY RESIDENCES,TAMPINES STREET 86,18,4.27,4.11,5.31,38454.70417,37049.89959
2026Q2,Q BAY RESIDENCES,TAMPINES STREET 86,18,4.65,4.11,5.31,38454.70417,37049.89959
2025Q4,Q BAY RESIDENCES,TAMPINES STREET 86,18,4.42,4.08,5.22,38454.70417,37049.89959
2026Q1,Q BAY RESIDENCES,TAMPINES STREET 86,18,4.88,4.11,5.31,38454.70417,37049.89959
2025Q2,Q BAY RESIDENCES,TAMPINES STREET 86,18,5.05,3.98,5.31,38454.70417,37049.89959
2025Q3,Q BAY RESIDENCES,TAMPINES STREET 86,18,4.36,3.91,5.03,38454.70417,37049.89959
2023Q3,UBER 388,UPPER EAST COAST ROAD,16,4.54,4.04,5.58,39779.45074,32889.6437
2024Q3,UBER 388,UPPER EAST COAST ROAD,16,4.59,3.87,5.01,39779.45074,32889.6437
2023Q4,HILLINGTON GREEN,HILLVIEW AVENUE,23,3.7,3.14,3.83,20408.48195,37921.58698
2023Q3,HILLINGTON GREEN,HILLVIEW AVENUE,23,3.73,3.43,3.88,20408.48195,37921.58698
2024Q2,HILLINGTON GREEN,HILLVIEW AVENUE,23,3.54,3.29,3.64,20408.48195,37921.58698
2025Q4,HILLINGTON GREEN,HILLVIEW AVENUE,23,3.64,3.2,3.83,20408.48195,37921.58698
2025Q2,HILLINGTON GREEN,HILLVIEW AVENUE,23,3.57,3.46,3.65,20408.48195,37921.58698
2025Q3,HILLINGTON GREEN,HILLVIEW AVENUE,23,3.36,3,3.61,20408.48195,37921.58698
2023Q4,1919,SOPHIA ROAD,09,6.15,5.83,6.59,29466.47218,31686.63635
2024Q2,1919,SOPHIA ROAD,09,6.07,5.76,6.25,29466.47218,31686.63635
2025Q1,1919,SOPHIA ROAD,09,6.61,6.46,6.79,29466.47218,31686.63635
2025Q4,1919,SOPHIA ROAD,09,6.16,5.58,6.63,29466.47218,31686.63635
2026Q2,1919,SOPHIA ROAD,09,6.25,5.81,6.43,29466.47218,31686.63635
2023Q4,HILLCREST ARCADIA,ARCADIA ROAD,11,3.82,3.51,4.17,25280.7429,35304.72604
2023Q3,HILLCREST ARCADIA,ARCADIA ROAD,11,3.73,3.45,4.05,25280.7429,35304.72604
2024Q3,HILLCREST ARCADIA,ARCADIA ROAD,11,3.56,3.35,4.04,25280.7429,35304.72604
2024Q4,HILLCREST ARCADIA,ARCADIA ROAD,11,3.42,3.23,3.94,25280.7429,35304.72604
2024Q2,HILLCREST ARCADIA,ARCADIA ROAD,11,3.61,3.38,3.87,25280.7429,35304.72604
2025Q1,HILLCREST ARCADIA,ARCADIA ROAD,11,3.75,3.41,3.89,25280.7429,35304.72604
2025Q4,HILLCREST ARCADIA,ARCADIA ROAD,11,3.33,3.25,3.56,25280.7429,35304.72604
2025Q2,HILLCREST ARCADIA,ARCADIA ROAD,11,3.84,3.64,3.99,25280.7429,35304.72604
2025Q3,HILLCREST ARCADIA,ARCADIA ROAD,11,3.17,3.04,3.41,25280.7429,35304.72604
2023Q4,ALEX RESIDENCES,ALEXANDRA VIEW,03,7.31,6.99,8.11,26398.11396,30324.01509
2023Q3,ALEX RESIDENCES,ALEXANDRA VIEW,03,7.51,6.88,7.83,26398.11396,30324.01509
2024Q1,ALEX RESIDENCES,ALEXANDRA VIEW,03,6.93,6.46,7.51,26398.11396,30324.01509
2024Q4,ALEX RESIDENCES,ALEXANDRA VIEW,03,6.95,6.63,7.35,26398.11396,30324.01509
2024Q2,ALEX RESIDENCES,ALEXANDRA VIEW,03,6.64,6.19,7.39,26398.11396,30324.01509
2025Q1,ALEX RESIDENCES,ALEXANDRA VIEW,03,6.93,6.64,7.39,26398.11396,30324.01509
2024Q3,ALEX RESIDENCES,ALEXANDRA VIEW,03,6.91,6.37,7.47,26398.11396,30324.01509
2025Q4,ALEX RESIDENCES,ALEXANDRA VIEW,03,6.93,6.59,7.36,26398.11396,30324.01509
2026Q1,ALEX RESIDENCES,ALEXANDRA VIEW,03,6.7,6.45,7.43,26398.11396,30324.01509
2025Q2,ALEX RESIDENCES,ALEXANDRA VIEW,03,6.78,6.49,7.18,26398.11396,30324.01509
2025Q3,ALEX RESIDENCES,ALEXANDRA VIEW,03,7.24,6.79,7.6,26398.11396,30324.01509
2026Q2,ALEX RESIDENCES,ALEXANDRA VIEW,03,6.86,6.49,7.39,26398.11396,30324.01509
2023Q3,SKY VUE,BISHAN STREET 15,20,6.19,5.58,6.9,29973.44681,37200.08286
2023Q4,SKY VUE,BISHAN STREET 15,20,6.12,5.57,6.61,29973.44681,37200.08286
2024Q1,SKY VUE,BISHAN STREET 15,20,5.9,5.45,6.49,29973.44681,37200.08286
2024Q3,SKY VUE,BISHAN STREET 15,20,5.86,5.26,6.53,29973.44681,37200.08286
2024Q4,SKY VUE,BISHAN STREET 15,20,5.67,5.21,6.43,29973.44681,37200.08286
2024Q2,SKY VUE,BISHAN STREET 15,20,5.75,5.2,6.36,29973.44681,37200.08286
2025Q1,SKY VUE,BISHAN STREET 15,20,5.9,5.6,6.43,29973.44681,37200.08286
2026Q2,SKY VUE,BISHAN STREET 15,20,5.75,5.2,6.64,29973.44681,37200.08286
2025Q4,SKY VUE,BISHAN STREET 15,20,5.9,5.4,6.46,29973.44681,37200.08286
2026Q1,SKY VUE,BISHAN STREET 15,20,6.05,5.51,6.46,29973.44681,37200.08286
2025Q2,SKY VUE,BISHAN STREET 15,20,5.9,5.31,6.1,29973.44681,37200.08286
2025Q3,SKY VUE,BISHAN STREET 15,20,5.9,5.4,6.61,29973.44681,37200.08286
2024Q1,BELLE VUE RESIDENCES,OXLEY WALK,09,4.97,4.2,5.49,28948.49393,31002.57633
2023Q4,BELLE VUE RESIDENCES,OXLEY WALK,09,4.97,4.49,5.59,28948.49393,31002.57633
2023Q3,BELLE VUE RESIDENCES,OXLEY WALK,09,5.75,5.45,6.16,28948.49393,31002.57633
2024Q4,BELLE VUE RESIDENCES,OXLEY WALK,09,5.47,3.86,5.73,28948.49393,31002.57633
2025Q1,BELLE VUE RESIDENCES,OXLEY WALK,09,5.19,4.28,5.97,28948.49393,31002.57633
2024Q3,BELLE VUE RESIDENCES,OXLEY WALK,09,5.16,4.7,5.55,28948.49393,31002.57633
2025Q4,BELLE VUE RESIDENCES,OXLEY WALK,09,4.89,4.33,5.27,28948.49393,31002.57633
2026Q1,BELLE VUE RESIDENCES,OXLEY WALK,09,4.96,3.62,5.26,28948.49393,31002.57633
2025Q3,BELLE VUE RESIDENCES,OXLEY WALK,09,5.16,4.79,5.43,28948.49393,31002.57633
2026Q2,BELLE VUE RESIDENCES,OXLEY WALK,09,5.05,4.92,5.5,28948.49393,31002.57633
2023Q3,SPACE @ KOVAN,YIO CHU KANG ROAD,19,5.19,4.14,5.54,32841.13271,37424.41141
2023Q4,SPACE @ KOVAN,YIO CHU KANG ROAD,19,5.04,4.97,5.35,32841.13271,37424.41141
2024Q1,SPACE @ KOVAN,YIO CHU KANG ROAD,19,5.48,4.76,6.13,32841.13271,37424.41141
2024Q3,SPACE @ KOVAN,YIO CHU KANG ROAD,19,5.14,4.72,6.08,32841.13271,37424.41141
2024Q4,SPACE @ KOVAN,YIO CHU KANG ROAD,19,5.07,4.67,5.89,32841.13271,37424.41141
2025Q1,SPACE @ KOVAN,YIO CHU KANG ROAD,19,5.16,4.89,6.12,32841.13271,37424.41141
2025Q4,SPACE @ KOVAN,YIO CHU KANG ROAD,19,5.11,4.71,5.47,32841.13271,37424.41141
2026Q1,SPACE @ KOVAN,YIO CHU KANG ROAD,19,5.2,4.9,6.11,32841.13271,37424.41141
2025Q2,SPACE @ KOVAN,YIO CHU KANG ROAD,19,4.97,4.43,5.46,32841.13271,37424.41141
2025Q3,SPACE @ KOVAN,YIO CHU KANG ROAD,19,5.14,4.04,5.96,32841.13271,37424.41141
2023Q3,VIDA,PECK HAY ROAD,09,6.68,6.01,7.27,28633.09671,32339.55447
2024Q1,VIDA,PECK HAY ROAD,09,5.97,5.49,6.51,28633.09671,32339.55447
2023Q4,VIDA,PECK HAY ROAD,09,6.83,6.26,7.31,28633.09671,32339.55447
2025Q1,VIDA,PECK HAY ROAD,09,6.4,5.36,6.72,28633.09671,32339.55447
2024Q2,VIDA,PECK HAY ROAD,09,6.64,5.53,7.04,28633.09671,32339.55447
2024Q3,VIDA,PECK HAY ROAD,09,6.07,5.25,6.72,28633.09671,32339.55447
2024Q4,VIDA,PECK HAY ROAD,09,6.19,5.24,7.01,28633.09671,32339.55447
2025Q3,VIDA,PECK HAY ROAD,09,6.52,5.95,7.29,28633.09671,32339.55447
2025Q4,VIDA,PECK HAY ROAD,09,6.77,5.36,7.02,28633.09671,32339.55447
2026Q1,VIDA,PECK HAY ROAD,09,5.6,5.32,6.52,28633.09671,32339.55447
2025Q2,VIDA,PECK HAY ROAD,09,6.92,6.39,7.2,28633.09671,32339.55447
2026Q2,VIDA,PECK HAY ROAD,09,6.64,5.89,6.92,28633.09671,32339.55447
2023Q4,MAPLE WOODS,BUKIT TIMAH ROAD,21,4.43,4.04,4.55,22548.77633,35216.99603
2024Q1,MAPLE WOODS,BUKIT TIMAH ROAD,21,4.13,3.87,4.37,22548.77633,35216.99603
2023Q3,MAPLE WOODS,BUKIT TIMAH ROAD,21,4.37,4.03,4.66,22548.77633,35216.99603
2024Q3,MAPLE WOODS,BUKIT TIMAH ROAD,21,4.06,3.91,4.31,22548.77633,35216.99603
2024Q4,MAPLE WOODS,BUKIT TIMAH ROAD,21,4.12,3.83,4.48,22548.77633,35216.99603
2024Q2,MAPLE WOODS,BUKIT TIMAH ROAD,21,4.2,3.93,4.31,22548.77633,35216.99603
2025Q1,MAPLE WOODS,BUKIT TIMAH ROAD,21,4.18,3.95,4.34,22548.77633,35216.99603
2025Q4,MAPLE WOODS,BUKIT TIMAH ROAD,21,4.22,4.04,4.37,22548.77633,35216.99603
2026Q1,MAPLE WOODS,BUKIT TIMAH ROAD,21,4.21,3.98,4.37,22548.77633,35216.99603
2025Q2,MAPLE WOODS,BUKIT TIMAH ROAD,21,4.31,4.03,4.39,22548.77633,35216.99603
2025Q3,MAPLE WOODS,BUKIT TIMAH ROAD,21,4.2,3.98,4.38,22548.77633,35216.99603
2026Q2,MAPLE WOODS,BUKIT TIMAH ROAD,21,4.27,4.13,4.41,22548.77633,35216.99603
2023Q4,KINGSFORD . HILLVIEW PEAK,HILLVIEW RISE,23,5.62,5.09,5.78,20313.32104,38530.22731
2024Q1,KINGSFORD . HILLVIEW PEAK,HILLVIEW RISE,23,5,4.45,5.24,20313.32104,38530.22731
2023Q3,KINGSFORD . HILLVIEW PEAK,HILLVIEW RISE,23,5.3,4.71,5.81,20313.32104,38530.22731
2024Q3,KINGSFORD . HILLVIEW PEAK,HILLVIEW RISE,23,4.95,4.21,5.31,20313.32104,38530.22731
2024Q4,KINGSFORD . HILLVIEW PEAK,HILLVIEW RISE,23,4.86,4.49,5.54,20313.32104,38530.22731
2024Q2,KINGSFORD . HILLVIEW PEAK,HILLVIEW RISE,23,4.88,4.31,5.23,20313.32104,38530.22731
2025Q1,KINGSFORD . HILLVIEW PEAK,HILLVIEW RISE,23,4.97,4.35,5.23,20313.32104,38530.22731
2025Q4,KINGSFORD . HILLVIEW PEAK,HILLVIEW RISE,23,4.91,4.39,5.42,20313.32104,38530.22731
2026Q1,KINGSFORD . HILLVIEW PEAK,HILLVIEW RISE,23,5.28,4.99,5.59,20313.32104,38530.22731
2025Q2,KINGSFORD . HILLVIEW PEAK,HILLVIEW RISE,23,5.2,4.71,5.43,20313.32104,38530.22731
2025Q3,KINGSFORD . HILLVIEW PEAK,HILLVIEW RISE,23,5.28,4.58,5.5,20313.32104,38530.22731
2026Q2,KINGSFORD . HILLVIEW PEAK,HILLVIEW RISE,23,5.23,4.57,5.77,20313.32104,38530.22731
2026Q2,PASIR RIS 8,PASIR RIS DRIVE 8,18,5.29,5.18,5.91,40805.4900319482,39421.787686862
2025Q4,PASIR RIS 8,PASIR RIS DRIVE 8,18,5.35,5.1,5.59,40805.4900319482,39421.787686862
2026Q1,PASIR RIS 8,PASIR RIS DRIVE 8,18,5.59,5.1,5.95,40805.4900319482,39421.787686862
2025Q3,PASIR RIS 8,PASIR RIS DRIVE 8,18,5.07,4.9,5.42,40805.4900319482,39421.787686862
2023Q3,THE RISE @ OXLEY - RESIDENCES,OXLEY RISE,09,7.26,6.54,7.97,29105.47601,31080.22311
2023Q4,THE RISE @ OXLEY - RESIDENCES,OXLEY RISE,09,6.97,6.66,7.78,29105.47601,31080.22311
2024Q3,THE RISE @ OXLEY - RESIDENCES,OXLEY RISE,09,6.91,6.43,7.16,29105.47601,31080.22311
2024Q4,THE RISE @ OXLEY - RESIDENCES,OXLEY RISE,09,6.94,6.7,7.39,29105.47601,31080.22311
2024Q2,THE RISE @ OXLEY - RESIDENCES,OXLEY RISE,09,6.5,6.27,6.91,29105.47601,31080.22311
2025Q1,THE RISE @ OXLEY - RESIDENCES,OXLEY RISE,09,6.35,6.12,6.97,29105.47601,31080.22311
2026Q2,THE RISE @ OXLEY - RESIDENCES,OXLEY RISE,09,6.94,6.7,6.99,29105.47601,31080.22311
2026Q1,THE RISE @ OXLEY - RESIDENCES,OXLEY RISE,09,7.05,6.66,7.56,29105.47601,31080.22311
2025Q2,THE RISE @ OXLEY - RESIDENCES,OXLEY RISE,09,6.91,6.52,7.4,29105.47601,31080.22311
2025Q3,THE RISE @ OXLEY - RESIDENCES,OXLEY RISE,09,6.91,6.46,7.37,29105.47601,31080.22311
2023Q3,YONG AN PARK,RIVER VALLEY ROAD,09,4.65,3.73,4.83,28110.24444,30888.23709
2023Q4,YONG AN PARK,RIVER VALLEY ROAD,09,4.29,4.1,4.7,28110.24444,30888.23709
2025Q1,YONG AN PARK,RIVER VALLEY ROAD,09,4.19,3.86,4.59,28110.24444,30888.23709
2024Q3,YONG AN PARK,RIVER VALLEY ROAD,09,4.34,4.08,4.69,28110.24444,30888.23709
2024Q4,YONG AN PARK,RIVER VALLEY ROAD,09,4.07,3.87,4.55,28110.24444,30888.23709
2025Q3,YONG AN PARK,RIVER VALLEY ROAD,09,4.31,4.06,4.5,28110.24444,30888.23709
2025Q4,YONG AN PARK,RIVER VALLEY ROAD,09,3.91,3.77,4.36,28110.24444,30888.23709
2024Q1,YONG AN PARK,RIVER VALLEY ROAD,09,4.4,4.11,4.65,28110.24444,30888.23709
2025Q2,YONG AN PARK,RIVER VALLEY ROAD,09,4.19,3.72,4.52,28110.24444,30888.23709
2026Q2,YONG AN PARK,RIVER VALLEY ROAD,09,4.25,4.02,4.65,28110.24444,30888.23709
2024Q1,THE MAYFAIR,JURONG EAST STREET 32,22,3.89,3.59,4.2,16894.24161,36480.51549
2023Q4,THE MAYFAIR,JURONG EAST STREET 32,22,3.8,3.68,3.98,16894.24161,36480.51549
2023Q3,THE MAYFAIR,JURONG EAST STREET 32,22,4.21,3.87,4.6,16894.24161,36480.51549
2024Q3,THE MAYFAIR,JURONG EAST STREET 32,22,3.87,3.59,4.17,16894.24161,36480.51549
2024Q4,THE MAYFAIR,JURONG EAST STREET 32,22,3.7,3.64,4.06,16894.24161,36480.51549
2024Q2,THE MAYFAIR,JURONG EAST STREET 32,22,3.87,3.6,4.36,16894.24161,36480.51549
2025Q1,THE MAYFAIR,JURONG EAST STREET 32,22,3.9,3.7,4.28,16894.24161,36480.51549
2026Q2,THE MAYFAIR,JURONG EAST STREET 32,22,4.06,3.77,4.31,16894.24161,36480.51549
2025Q4,THE MAYFAIR,JURONG EAST STREET 32,22,3.84,3.71,4.24,16894.24161,36480.51549
2026Q1,THE MAYFAIR,JURONG EAST STREET 32,22,4.22,3.98,4.63,16894.24161,36480.51549
2025Q2,THE MAYFAIR,JURONG EAST STREET 32,22,3.84,3.71,4.21,16894.24161,36480.51549
2025Q3,THE MAYFAIR,JURONG EAST STREET 32,22,4.21,3.89,4.45,16894.24161,36480.51549
2023Q3,BUKIT REGENCY,UPPER BUKIT TIMAH VIEW,21,3.29,2.86,3.45,21056.32605,36497.78102
2024Q2,BUKIT REGENCY,UPPER BUKIT TIMAH VIEW,21,3.24,2.98,3.36,21056.32605,36497.78102
2024Q3,BUKIT REGENCY,UPPER BUKIT TIMAH VIEW,21,3.35,3.11,3.5,21056.32605,36497.78102
2025Q3,BUKIT REGENCY,UPPER BUKIT TIMAH VIEW,21,3.28,3.18,3.42,21056.32605,36497.78102
2023Q3,FULCRUM,FORT ROAD,15,5.14,5,5.75,33742.4731,31237.63623
2023Q4,FULCRUM,FORT ROAD,15,5.28,4.92,5.95,33742.4731,31237.63623
2024Q3,FULCRUM,FORT ROAD,15,5.97,4.85,6.28,33742.4731,31237.63623
2024Q4,FULCRUM,FORT ROAD,15,6.05,4.98,6.65,33742.4731,31237.63623
2025Q4,FULCRUM,FORT ROAD,15,5.1,4.89,6.06,33742.4731,31237.63623
2025Q2,FULCRUM,FORT ROAD,15,6.13,4.72,6.33,33742.4731,31237.63623
2025Q3,FULCRUM,FORT ROAD,15,5.04,4.89,6.18,33742.4731,31237.63623
2026Q2,FULCRUM,FORT ROAD,15,6.18,5.01,6.41,33742.4731,31237.63623
2024Q3,THE CHUAN,LORONG CHUAN,19,4.8,4.65,4.94,31025.93863,36894.83959
2025Q1,THE CHUAN,LORONG CHUAN,19,4.92,4.85,5.19,31025.93863,36894.83959
2026Q1,THE CHUAN,LORONG CHUAN,19,4.75,4.61,5.19,31025.93863,36894.83959
2025Q3,THE CHUAN,LORONG CHUAN,19,4.99,4.66,5.16,31025.93863,36894.83959
2023Q3,EUHABITAT,JALAN EUNOS,14,5.38,3.98,5.75,36222.57984,34399.47903
2023Q4,EUHABITAT,JALAN EUNOS,14,5.36,4.45,5.82,36222.57984,34399.47903
2024Q1,EUHABITAT,JALAN EUNOS,14,5.29,4.06,5.69,36222.57984,34399.47903
2024Q3,EUHABITAT,JALAN EUNOS,14,5.1,4.28,5.4,36222.57984,34399.47903
2024Q4,EUHABITAT,JALAN EUNOS,14,5.09,4.53,5.31,36222.57984,34399.47903
2024Q2,EUHABITAT,JALAN EUNOS,14,5.12,4.22,5.46,36222.57984,34399.47903
2025Q1,EUHABITAT,JALAN EUNOS,14,5.1,4.4,5.31,36222.57984,34399.47903
2025Q4,EUHABITAT,JALAN EUNOS,14,5.07,4.43,5.37,36222.57984,34399.47903
2026Q1,EUHABITAT,JALAN EUNOS,14,5.22,4.56,5.49,36222.57984,34399.47903
2025Q2,EUHABITAT,JALAN EUNOS,14,5.18,4.53,5.59,36222.57984,34399.47903
2025Q3,EUHABITAT,JALAN EUNOS,14,5.11,4.42,5.39,36222.57984,34399.47903
2026Q2,EUHABITAT,JALAN EUNOS,14,5.12,4.13,5.59,36222.57984,34399.47903
2023Q3,VALLEY PARK,RIVER VALLEY ROAD,10,4.7,4.52,4.93,27465.86451,30623.87761
2024Q1,VALLEY PARK,RIVER VALLEY ROAD,10,4.52,4.39,4.83,27465.86451,30623.87761
2023Q4,VALLEY PARK,RIVER VALLEY ROAD,10,4.7,4.47,4.94,27465.86451,30623.87761
2025Q1,VALLEY PARK,RIVER VALLEY ROAD,10,4.43,4.19,4.55,27465.86451,30623.87761
2024Q2,VALLEY PARK,RIVER VALLEY ROAD,10,4.57,4.29,4.82,27465.86451,30623.87761
2024Q3,VALLEY PARK,RIVER VALLEY ROAD,10,4.4,4.15,4.61,27465.86451,30623.87761
2024Q4,VALLEY PARK,RIVER VALLEY ROAD,10,4.65,4.31,4.78,27465.86451,30623.87761
2025Q3,VALLEY PARK,RIVER VALLEY ROAD,10,4.46,4.3,4.77,27465.86451,30623.87761
2025Q4,VALLEY PARK,RIVER VALLEY ROAD,10,4.58,4.41,4.84,27465.86451,30623.87761
2026Q2,VALLEY PARK,RIVER VALLEY ROAD,10,4.56,4.43,4.77,27465.86451,30623.87761
2026Q1,VALLEY PARK,RIVER VALLEY ROAD,10,4.52,4.34,4.92,27465.86451,30623.87761
2025Q2,VALLEY PARK,RIVER VALLEY ROAD,10,4.53,4.28,4.77,27465.86451,30623.87761
2026Q1,NESS,LORONG 32 GEYLANG,14,5.89,5.68,6.39,33959.38347,32784.73381
2025Q3,NESS,LORONG 32 GEYLANG,14,5.62,4.98,5.82,33959.38347,32784.73381
2024Q3,BAYWATER,BEDOK RESERVOIR ROAD,16,3.93,3.84,3.96,39050.27422,35515.42485
2023Q4,PAVILION 11,AKYAB ROAD,11,4.65,4.5,4.7,29687.55949,34073.66319
2024Q1,PAVILION 11,AKYAB ROAD,11,4.24,4.04,4.68,29687.55949,34073.66319
2023Q3,PAVILION 11,AKYAB ROAD,11,4.58,4.44,4.76,29687.55949,34073.66319
2024Q3,PAVILION 11,AKYAB ROAD,11,4.34,4.17,4.67,29687.55949,34073.66319
2024Q4,PAVILION 11,AKYAB ROAD,11,4.49,4.04,4.8,29687.55949,34073.66319
2024Q2,PAVILION 11,AKYAB ROAD,11,4.7,4.54,4.78,29687.55949,34073.66319
2026Q2,PAVILION 11,AKYAB ROAD,11,4.65,4.38,4.7,29687.55949,34073.66319
2025Q4,PAVILION 11,AKYAB ROAD,11,4.48,4.38,4.7,29687.55949,34073.66319
2026Q1,PAVILION 11,AKYAB ROAD,11,4.38,4.07,4.52,29687.55949,34073.66319
2025Q2,PAVILION 11,AKYAB ROAD,11,4.17,4.04,4.64,29687.55949,34073.66319
2025Q3,PAVILION 11,AKYAB ROAD,11,4.49,4.29,4.58,29687.55949,34073.66319
2023Q3,ROYALGREEN,ANAMALAI AVENUE,10,7.02,6.76,7.35,23609.3003,34805.87862
2023Q4,ROYALGREEN,ANAMALAI AVENUE,10,6.89,6.79,7.19,23609.3003,34805.87862
2024Q1,ROYALGREEN,ANAMALAI AVENUE,10,6.64,6.48,6.88,23609.3003,34805.87862
2024Q3,ROYALGREEN,ANAMALAI AVENUE,10,6.28,6.05,6.57,23609.3003,34805.87862
2024Q4,ROYALGREEN,ANAMALAI AVENUE,10,6.54,6.2,6.76,23609.3003,34805.87862
2024Q2,ROYALGREEN,ANAMALAI AVENUE,10,6.74,6.29,7.23,23609.3003,34805.87862
2025Q1,ROYALGREEN,ANAMALAI AVENUE,10,6.59,6.37,6.84,23609.3003,34805.87862
2026Q2,ROYALGREEN,ANAMALAI AVENUE,10,6.56,6.36,6.84,23609.3003,34805.87862
2025Q4,ROYALGREEN,ANAMALAI AVENUE,10,6.52,6.27,6.87,23609.3003,34805.87862
2026Q1,ROYALGREEN,ANAMALAI AVENUE,10,6.61,6.27,6.72,23609.3003,34805.87862
2025Q2,ROYALGREEN,ANAMALAI AVENUE,10,6.78,6.59,6.99,23609.3003,34805.87862
2025Q3,ROYALGREEN,ANAMALAI AVENUE,10,6.31,6.09,6.57,23609.3003,34805.87862
2023Q4,PARC VISTA,CORPORATION ROAD,22,3.61,3.48,3.79,15049.11984,36332.10493
2024Q1,PARC VISTA,CORPORATION ROAD,22,3.63,3.37,3.79,15049.11984,36332.10493
2023Q3,PARC VISTA,CORPORATION ROAD,22,3.62,3.23,3.79,15049.11984,36332.10493
2024Q3,PARC VISTA,CORPORATION ROAD,22,3.6,3.38,3.71,15049.11984,36332.10493
2024Q4,PARC VISTA,CORPORATION ROAD,22,3.47,3.22,3.62,15049.11984,36332.10493
2024Q2,PARC VISTA,CORPORATION ROAD,22,3.51,3.37,3.73,15049.11984,36332.10493
2025Q1,PARC VISTA,CORPORATION ROAD,22,3.48,3.18,3.69,15049.11984,36332.10493
2026Q2,PARC VISTA,CORPORATION ROAD,22,3.73,3.43,3.98,15049.11984,36332.10493
2025Q4,PARC VISTA,CORPORATION ROAD,22,3.7,3.5,3.8,15049.11984,36332.10493
2026Q1,PARC VISTA,CORPORATION ROAD,22,3.6,3.43,3.82,15049.11984,36332.10493
2025Q2,PARC VISTA,CORPORATION ROAD,22,3.51,3.25,3.72,15049.11984,36332.10493
2025Q3,PARC VISTA,CORPORATION ROAD,22,3.62,3.41,3.76,15049.11984,36332.10493
2023Q4,KENT RIDGE HILL RESIDENCES,SOUTH BUONA VISTA ROAD,05,6.3,5.63,6.97,23246.6631619051,29189.4353143747
2024Q1,KENT RIDGE HILL RESIDENCES,SOUTH BUONA VISTA ROAD,05,5.87,5.64,6.97,23246.6631619051,29189.4353143747
2023Q3,KENT RIDGE HILL RESIDENCES,SOUTH BUONA VISTA ROAD,05,6.57,6.06,7.37,23246.6631619051,29189.4353143747
2024Q3,KENT RIDGE HILL RESIDENCES,SOUTH BUONA VISTA ROAD,05,6.52,5.86,7.18,23246.6631619051,29189.4353143747
2024Q4,KENT RIDGE HILL RESIDENCES,SOUTH BUONA VISTA ROAD,05,6.77,5.56,7.2,23246.6631619051,29189.4353143747
2024Q2,KENT RIDGE HILL RESIDENCES,SOUTH BUONA VISTA ROAD,05,6.26,5.51,6.76,23246.6631619051,29189.4353143747
2025Q1,KENT RIDGE HILL RESIDENCES,SOUTH BUONA VISTA ROAD,05,6.19,5.79,6.81,23246.6631619051,29189.4353143747
2025Q4,KENT RIDGE HILL RESIDENCES,SOUTH BUONA VISTA ROAD,05,6.49,5.89,7.06,23246.6631619051,29189.4353143747
2026Q1,KENT RIDGE HILL RESIDENCES,SOUTH BUONA VISTA ROAD,05,6.43,5.85,7.07,23246.6631619051,29189.4353143747
2025Q2,KENT RIDGE HILL RESIDENCES,SOUTH BUONA VISTA ROAD,05,6.39,5.69,6.76,23246.6631619051,29189.4353143747
2025Q3,KENT RIDGE HILL RESIDENCES,SOUTH BUONA VISTA ROAD,05,6.23,5.73,7.04,23246.6631619051,29189.4353143747
2026Q2,KENT RIDGE HILL RESIDENCES,SOUTH BUONA VISTA ROAD,05,6.5,5.73,6.77,23246.6631619051,29189.4353143747
2023Q3,RIVERTREES RESIDENCES,FERNVALE CLOSE,28,5,4.43,5.12,33266.4415,41686.31427
2024Q1,RIVERTREES RESIDENCES,FERNVALE CLOSE,28,4.58,4.42,4.99,33266.4415,41686.31427
2024Q3,RIVERTREES RESIDENCES,FERNVALE CLOSE,28,4.65,4.33,4.8,33266.4415,41686.31427
2024Q4,RIVERTREES RESIDENCES,FERNVALE CLOSE,28,4.58,4.02,4.82,33266.4415,41686.31427
2025Q1,RIVERTREES RESIDENCES,FERNVALE CLOSE,28,4.49,4.02,4.76,33266.4415,41686.31427
2026Q2,RIVERTREES RESIDENCES,FERNVALE CLOSE,28,4.3,4.1,4.48,33266.4415,41686.31427
2025Q4,RIVERTREES RESIDENCES,FERNVALE CLOSE,28,4.47,3.95,5.09,33266.4415,41686.31427
2026Q1,RIVERTREES RESIDENCES,FERNVALE CLOSE,28,4.54,4.39,4.68,33266.4415,41686.31427
2025Q2,RIVERTREES RESIDENCES,FERNVALE CLOSE,28,4.82,4.39,5.2,33266.4415,41686.31427
2025Q3,RIVERTREES RESIDENCES,FERNVALE CLOSE,28,4.65,4.37,4.99,33266.4415,41686.31427
2023Q3,EDELWEISS PARK CONDOMINIUM,FLORA ROAD,17,3.51,3.06,3.65,42920.30771,37631.87747
2023Q4,EDELWEISS PARK CONDOMINIUM,FLORA ROAD,17,3.52,3.26,3.77,42920.30771,37631.87747
2024Q1,EDELWEISS PARK CONDOMINIUM,FLORA ROAD,17,3.31,3.03,3.47,42920.30771,37631.87747
2024Q3,EDELWEISS PARK CONDOMINIUM,FLORA ROAD,17,3.2,2.89,3.32,42920.30771,37631.87747
2024Q4,EDELWEISS PARK CONDOMINIUM,FLORA ROAD,17,3.18,2.85,3.44,42920.30771,37631.87747
2024Q2,EDELWEISS PARK CONDOMINIUM,FLORA ROAD,17,3.16,3.01,3.52,42920.30771,37631.87747
2025Q1,EDELWEISS PARK CONDOMINIUM,FLORA ROAD,17,3.36,3.02,3.48,42920.30771,37631.87747
2025Q4,EDELWEISS PARK CONDOMINIUM,FLORA ROAD,17,3.32,2.85,3.44,42920.30771,37631.87747
2026Q1,EDELWEISS PARK CONDOMINIUM,FLORA ROAD,17,3.34,3.14,3.42,42920.30771,37631.87747
2025Q2,EDELWEISS PARK CONDOMINIUM,FLORA ROAD,17,3.45,3.2,3.67,42920.30771,37631.87747
2025Q3,EDELWEISS PARK CONDOMINIUM,FLORA ROAD,17,3.23,3.02,3.39,42920.30771,37631.87747
2026Q2,EDELWEISS PARK CONDOMINIUM,FLORA ROAD,17,3.37,3.16,3.51,42920.30771,37631.87747
2023Q3,THE COSMOPOLITAN,KIM SENG ROAD,09,6.25,6.14,6.43,27872.72121,30884.23671
2023Q4,THE COSMOPOLITAN,KIM SENG ROAD,09,6.56,6.2,6.81,27872.72121,30884.23671
2024Q1,THE COSMOPOLITAN,KIM SENG ROAD,09,6.14,6.07,6.35,27872.72121,30884.23671
2024Q3,THE COSMOPOLITAN,KIM SENG ROAD,09,6.04,5.78,6.19,27872.72121,30884.23671
2024Q4,THE COSMOPOLITAN,KIM SENG ROAD,09,6.14,5.97,6.42,27872.72121,30884.23671
2024Q2,THE COSMOPOLITAN,KIM SENG ROAD,09,6.04,5.96,6.3,27872.72121,30884.23671
2025Q1,THE COSMOPOLITAN,KIM SENG ROAD,09,6.31,5.9,6.57,27872.72121,30884.23671
2026Q2,THE COSMOPOLITAN,KIM SENG ROAD,09,6.31,5.98,6.52,27872.72121,30884.23671
2025Q4,THE COSMOPOLITAN,KIM SENG ROAD,09,6.3,5.89,6.43,27872.72121,30884.23671
2026Q1,THE COSMOPOLITAN,KIM SENG ROAD,09,6.27,6.03,6.43,27872.72121,30884.23671
2025Q2,THE COSMOPOLITAN,KIM SENG ROAD,09,6.2,5.96,6.5,27872.72121,30884.23671
2025Q3,THE COSMOPOLITAN,KIM SENG ROAD,09,6.36,6.14,6.53,27872.72121,30884.23671
2023Q3,LAKEPOINT CONDOMINIUM,LAKEPOINT DRIVE,22,2.39,2.08,2.98,15195.96941,35992.84076
2024Q3,LAKEPOINT CONDOMINIUM,LAKEPOINT DRIVE,22,2.48,2.16,2.76,15195.96941,35992.84076
2024Q4,LAKEPOINT CONDOMINIUM,LAKEPOINT DRIVE,22,2.71,2.4,3.45,15195.96941,35992.84076
2026Q1,LAKEPOINT CONDOMINIUM,LAKEPOINT DRIVE,22,2.87,2.51,3.56,15195.96941,35992.84076
2025Q3,LAKEPOINT CONDOMINIUM,LAKEPOINT DRIVE,22,2.49,2.09,2.93,15195.96941,35992.84076
2023Q3,TERESA VILLE,LOWER DELTA ROAD,04,3.17,2.65,3.52,26972.74925,28728.1782
2023Q4,TERESA VILLE,LOWER DELTA ROAD,04,3.09,2.88,3.39,26972.74925,28728.1782
2024Q1,TERESA VILLE,LOWER DELTA ROAD,04,3.05,2.86,3.23,26972.74925,28728.1782
2024Q3,TERESA VILLE,LOWER DELTA ROAD,04,2.88,2.8,3.11,26972.74925,28728.1782
2026Q2,TERESA VILLE,LOWER DELTA ROAD,04,3,2.6,3.21,26972.74925,28728.1782
2026Q1,TERESA VILLE,LOWER DELTA ROAD,04,2.95,2.76,3.06,26972.74925,28728.1782
2025Q2,TERESA VILLE,LOWER DELTA ROAD,04,3.01,2.85,3.32,26972.74925,28728.1782
2025Q3,TERESA VILLE,LOWER DELTA ROAD,04,2.96,2.86,3.32,26972.74925,28728.1782
2024Q1,TREASURE ON BALMORAL,BALMORAL ROAD,10,4.87,4.62,5.39,27637.66175,32924.17827
2024Q3,TREASURE ON BALMORAL,BALMORAL ROAD,10,4.98,4.57,5.36,27637.66175,32924.17827
2025Q3,TREASURE ON BALMORAL,BALMORAL ROAD,10,5.22,4.86,5.42,27637.66175,32924.17827
2024Q3,BAYVILLE CONDOMINIUM,SOUTH BUONA VISTA ROAD,05,3.28,3.15,3.43,22924.2792,29281.21422
2025Q3,GOLD COAST CONDOMINIUM,PASIR PANJANG ROAD,05,3.69,3.4,3.77,21473.73341,30337.53359
2023Q4,SUMMERHILL,HUME AVENUE,21,3.68,3.52,3.74,20470.58964,37900.72687
2023Q3,SUMMERHILL,HUME AVENUE,21,3.55,3.18,3.94,20470.58964,37900.72687
2024Q3,SUMMERHILL,HUME AVENUE,21,3.43,3.32,3.8,20470.58964,37900.72687
2024Q2,SUMMERHILL,HUME AVENUE,21,3.56,3.39,3.72,20470.58964,37900.72687
2025Q1,SUMMERHILL,HUME AVENUE,21,3.69,3.49,3.83,20470.58964,37900.72687
2026Q2,SUMMERHILL,HUME AVENUE,21,3.61,3.56,3.89,20470.58964,37900.72687
2025Q4,SUMMERHILL,HUME AVENUE,21,3.65,3.54,3.95,20470.58964,37900.72687
2025Q2,SUMMERHILL,HUME AVENUE,21,3.46,3.38,3.78,20470.58964,37900.72687
2025Q3,SUMMERHILL,HUME AVENUE,21,3.61,3.32,3.75,20470.58964,37900.72687
2023Q4,REGENCY PARK,NATHAN ROAD,10,4.11,3.71,4.42,27274.25747,30917.40731
2024Q1,REGENCY PARK,NATHAN ROAD,10,4,3.78,4.66,27274.25747,30917.40731
2023Q3,REGENCY PARK,NATHAN ROAD,10,4.19,3.68,4.52,27274.25747,30917.40731
2024Q3,REGENCY PARK,NATHAN ROAD,10,3.97,3.78,4.25,27274.25747,30917.40731
2024Q4,REGENCY PARK,NATHAN ROAD,10,3.84,3.66,4.16,27274.25747,30917.40731
2024Q2,REGENCY PARK,NATHAN ROAD,10,4.1,3.78,4.37,27274.25747,30917.40731
2025Q1,REGENCY PARK,NATHAN ROAD,10,3.99,3.79,4.24,27274.25747,30917.40731
2026Q2,REGENCY PARK,NATHAN ROAD,10,4.2,3.96,4.29,27274.25747,30917.40731
2025Q4,REGENCY PARK,NATHAN ROAD,10,4.03,3.76,4.41,27274.25747,30917.40731
2026Q1,REGENCY PARK,NATHAN ROAD,10,4.17,4.01,4.28,27274.25747,30917.40731
2025Q2,REGENCY PARK,NATHAN ROAD,10,3.88,3.74,4.5,27274.25747,30917.40731
2025Q3,REGENCY PARK,NATHAN ROAD,10,3.94,3.7,4.41,27274.25747,30917.40731
2026Q1,336 RIVER VALLEY,RIVER VALLEY ROAD,09,3.2,3.18,3.26,28573.25503,30938.49217
2023Q4,SUNHAVEN,UPPER CHANGI ROAD EAST,16,3.27,3.2,3.38,42339.04645,36689.8629
2023Q3,SUNHAVEN,UPPER CHANGI ROAD EAST,16,3.18,3.03,3.33,42339.04645,36689.8629
2024Q1,SUNHAVEN,UPPER CHANGI ROAD EAST,16,3.24,3.12,3.41,42339.04645,36689.8629
2024Q3,SUNHAVEN,UPPER CHANGI ROAD EAST,16,3.04,2.98,3.36,42339.04645,36689.8629
2024Q4,SUNHAVEN,UPPER CHANGI ROAD EAST,16,3.2,2.98,3.33,42339.04645,36689.8629
2024Q2,SUNHAVEN,UPPER CHANGI ROAD EAST,16,3,2.9,3.36,42339.04645,36689.8629
2025Q1,SUNHAVEN,UPPER CHANGI ROAD EAST,16,3.16,3,3.24,42339.04645,36689.8629
2025Q4,SUNHAVEN,UPPER CHANGI ROAD EAST,16,3.19,3.06,3.32,42339.04645,36689.8629
2026Q1,SUNHAVEN,UPPER CHANGI ROAD EAST,16,3.26,3.16,3.36,42339.04645,36689.8629
2025Q2,SUNHAVEN,UPPER CHANGI ROAD EAST,16,3.3,3.06,3.41,42339.04645,36689.8629
2025Q3,SUNHAVEN,UPPER CHANGI ROAD EAST,16,3.23,3.09,3.37,42339.04645,36689.8629
2023Q3,ONE ST MICHAEL'S,ST. MICHAEL'S ROAD,12,4.19,3.96,4.26,31476.39699,34113.7966
2025Q3,ONE ST MICHAEL'S,ST. MICHAEL'S ROAD,12,4.15,4.06,4.3,31476.39699,34113.7966
2024Q1,LEEDON GREEN,LEEDON HEIGHTS,10,7.12,6.36,7.6,24661.06456,32739.54733
2024Q3,LEEDON GREEN,LEEDON HEIGHTS,10,6.36,6,6.74,24661.06456,32739.54733
2024Q4,LEEDON GREEN,LEEDON HEIGHTS,10,6.38,6.14,6.67,24661.06456,32739.54733
2024Q2,LEEDON GREEN,LEEDON HEIGHTS,10,6.21,5.8,6.74,24661.06456,32739.54733
2025Q1,LEEDON GREEN,LEEDON HEIGHTS,10,6.51,6.33,6.83,24661.06456,32739.54733
2025Q4,LEEDON GREEN,LEEDON HEIGHTS,10,6.62,6.05,7.2,24661.06456,32739.54733
2026Q1,LEEDON GREEN,LEEDON HEIGHTS,10,6.87,6.33,7.25,24661.06456,32739.54733
2025Q2,LEEDON GREEN,LEEDON HEIGHTS,10,6.48,5.99,6.94,24661.06456,32739.54733
2025Q3,LEEDON GREEN,LEEDON HEIGHTS,10,6.69,6.28,7.14,24661.06456,32739.54733
2026Q2,LEEDON GREEN,LEEDON HEIGHTS,10,6.73,6.19,7.23,24661.06456,32739.54733
2024Q1,INTERNATIONAL PLAZA,ANSON ROAD,02,4.49,4.07,4.76,29408.77307,28711.45993
2023Q3,INTERNATIONAL PLAZA,ANSON ROAD,02,4.49,4.29,5.06,29408.77307,28711.45993
2024Q3,INTERNATIONAL PLAZA,ANSON ROAD,02,4.26,3.71,5.2,29408.77307,28711.45993
2024Q4,INTERNATIONAL PLAZA,ANSON ROAD,02,4.33,3.94,4.73,29408.77307,28711.45993
2025Q1,INTERNATIONAL PLAZA,ANSON ROAD,02,4.5,3.12,4.98,29408.77307,28711.45993
2025Q4,INTERNATIONAL PLAZA,ANSON ROAD,02,4.31,3.95,4.76,29408.77307,28711.45993
2026Q1,INTERNATIONAL PLAZA,ANSON ROAD,02,4.45,3.42,4.8,29408.77307,28711.45993
2025Q2,INTERNATIONAL PLAZA,ANSON ROAD,02,4.39,4.03,4.7,29408.77307,28711.45993
2025Q3,INTERNATIONAL PLAZA,ANSON ROAD,02,4.53,4.12,5.27,29408.77307,28711.45993
2026Q2,INTERNATIONAL PLAZA,ANSON ROAD,02,4.4,4.02,4.67,29408.77307,28711.45993
2023Q4,ASTORIA PARK,LORONG MYDIN,14,4.18,3.88,4.35,36740.88848,33717.358
2023Q3,ASTORIA PARK,LORONG MYDIN,14,4.18,3.92,4.46,36740.88848,33717.358
2024Q1,ASTORIA PARK,LORONG MYDIN,14,3.95,3.62,4.21,36740.88848,33717.358
2024Q4,ASTORIA PARK,LORONG MYDIN,14,3.95,3.62,4.23,36740.88848,33717.358
2024Q2,ASTORIA PARK,LORONG MYDIN,14,3.85,3.77,4.14,36740.88848,33717.358
2025Q1,ASTORIA PARK,LORONG MYDIN,14,4.04,3.83,4.29,36740.88848,33717.358
2024Q3,ASTORIA PARK,LORONG MYDIN,14,4.02,3.68,4.28,36740.88848,33717.358
2025Q4,ASTORIA PARK,LORONG MYDIN,14,4.02,3.84,4.15,36740.88848,33717.358
2026Q1,ASTORIA PARK,LORONG MYDIN,14,4.06,3.75,4.38,36740.88848,33717.358
2025Q2,ASTORIA PARK,LORONG MYDIN,14,4.13,3.97,4.37,36740.88848,33717.358
2025Q3,ASTORIA PARK,LORONG MYDIN,14,4.07,3.97,4.16,36740.88848,33717.358
2026Q2,ASTORIA PARK,LORONG MYDIN,14,3.86,3.76,4.27,36740.88848,33717.358
2023Q4,PARC ESTA,SIMS AVENUE,14,7.74,6.91,8.37,35672.94455,33323.81221
2024Q1,PARC ESTA,SIMS AVENUE,14,7.39,6.76,8.03,35672.94455,33323.81221
2023Q3,PARC ESTA,SIMS AVENUE,14,7.87,7.15,8.58,35672.94455,33323.81221
2024Q3,PARC ESTA,SIMS AVENUE,14,7.36,6.67,7.86,35672.94455,33323.81221
2024Q4,PARC ESTA,SIMS AVENUE,14,6.84,6.49,7.62,35672.94455,33323.81221
2024Q2,PARC ESTA,SIMS AVENUE,14,6.93,6.44,7.53,35672.94455,33323.81221
2025Q1,PARC ESTA,SIMS AVENUE,14,6.91,6.45,7.53,35672.94455,33323.81221
2025Q4,PARC ESTA,SIMS AVENUE,14,6.83,6.52,7.53,35672.94455,33323.81221
2026Q1,PARC ESTA,SIMS AVENUE,14,7.09,6.53,7.74,35672.94455,33323.81221
2025Q2,PARC ESTA,SIMS AVENUE,14,6.83,6.46,7.4,35672.94455,33323.81221
2025Q3,PARC ESTA,SIMS AVENUE,14,7.26,6.46,7.86,35672.94455,33323.81221
2026Q2,PARC ESTA,SIMS AVENUE,14,7.16,6.53,7.62,35672.94455,33323.81221
2023Q4,ZENITH,ZION ROAD,10,6.73,6.26,6.92,27685.95968,30553.15754
2024Q4,ZENITH,ZION ROAD,10,6.08,5.53,6.47,27685.95968,30553.15754
2025Q4,ZENITH,ZION ROAD,10,6.15,5.79,6.37,27685.95968,30553.15754
2024Q1,ZENITH,ZION ROAD,10,5.99,5.35,6.25,27685.95968,30553.15754
2026Q1,ZENITH,ZION ROAD,10,5.81,5.6,6.43,27685.95968,30553.15754
2023Q3,AVON PARK,YOUNGBERG TERRACE,13,3.85,3.22,4.33,32048.97685,35703.89988
2024Q3,AVON PARK,YOUNGBERG TERRACE,13,3.55,3.25,3.61,32048.97685,35703.89988
2025Q2,AVON PARK,YOUNGBERG TERRACE,13,3.82,3.43,4.13,32048.97685,35703.89988
2025Q3,AVON PARK,YOUNGBERG TERRACE,13,3.79,3.12,4.06,32048.97685,35703.89988
2026Q2,AVON PARK,YOUNGBERG TERRACE,13,4.07,3.57,4.29,32048.97685,35703.89988
2025Q3,FONTAINE PARRY,POH HUAT ROAD,19,3.07,2.96,3.31,33232.27691,38743.70231
2026Q2,FONTAINE PARRY,POH HUAT ROAD,19,3.66,3.26,3.72,33232.27691,38743.70231
2024Q3,GRAND DUCHESS AT ST PATRICK'S,ST. PATRICK'S ROAD,15,4.43,4.29,4.63,37156.91682,32286.69809
2024Q1,THE BEACON,CANTONMENT ROAD,02,4.95,4.65,5.16,28788.30804,28712.96337
2024Q2,THE BEACON,CANTONMENT ROAD,02,4.69,4.17,5.24,28788.30804,28712.96337
2025Q1,THE BEACON,CANTONMENT ROAD,02,4.95,4.71,5.2,28788.30804,28712.96337
2026Q1,THE BEACON,CANTONMENT ROAD,02,4.85,4.75,5.14,28788.30804,28712.96337
2025Q2,THE BEACON,CANTONMENT ROAD,02,4.87,4.53,5.1,28788.30804,28712.96337
2026Q2,SCENECA RESIDENCE,TANAH MERAH KECHIL LINK,16,5.88,5.07,6.5,40488.9532799527,34462.0802518851
2024Q1,COSTA DEL SOL,BAYSHORE ROAD,16,4.48,4.22,4.61,39908.31907,32706.25656
2023Q4,COSTA DEL SOL,BAYSHORE ROAD,16,4.4,4.18,4.51,39908.31907,32706.25656
2023Q3,COSTA DEL SOL,BAYSHORE ROAD,16,4.56,4.41,4.75,39908.31907,32706.25656
2024Q3,COSTA DEL SOL,BAYSHORE ROAD,16,4.48,4.18,4.72,39908.31907,32706.25656
2024Q4,COSTA DEL SOL,BAYSHORE ROAD,16,4.44,4.26,4.69,39908.31907,32706.25656
2024Q2,COSTA DEL SOL,BAYSHORE ROAD,16,4.34,4.08,4.56,39908.31907,32706.25656
2025Q1,COSTA DEL SOL,BAYSHORE ROAD,16,4.49,4.44,4.75,39908.31907,32706.25656
2025Q4,COSTA DEL SOL,BAYSHORE ROAD,16,4.48,4.31,4.74,39908.31907,32706.25656
2026Q1,COSTA DEL SOL,BAYSHORE ROAD,16,4.52,4.34,4.69,39908.31907,32706.25656
2025Q2,COSTA DEL SOL,BAYSHORE ROAD,16,4.56,4.45,4.73,39908.31907,32706.25656
2025Q3,COSTA DEL SOL,BAYSHORE ROAD,16,4.49,4.35,4.65,39908.31907,32706.25656
2026Q2,COSTA DEL SOL,BAYSHORE ROAD,16,4.59,4.25,4.71,39908.31907,32706.25656
2023Q4,LEONIE HILL RESIDENCES,LEONIE HILL ROAD,09,5.68,5.48,5.78,27995.20578,31069.21426
2024Q4,LEONIE HILL RESIDENCES,LEONIE HILL ROAD,09,5.33,5.25,5.47,27995.20578,31069.21426
2025Q4,LEONIE HILL RESIDENCES,LEONIE HILL ROAD,09,5.61,5.52,5.73,27995.20578,31069.21426
2023Q4,THE LINE @ TANJONG RHU,TANJONG RHU ROAD,15,5.7,4.95,6.67,33694.11985,31205.50189
2023Q3,THE LINE @ TANJONG RHU,TANJONG RHU ROAD,15,5.99,4.43,6.34,33694.11985,31205.50189
2024Q3,THE LINE @ TANJONG RHU,TANJONG RHU ROAD,15,6.49,5.4,7.27,33694.11985,31205.50189
2024Q4,THE LINE @ TANJONG RHU,TANJONG RHU ROAD,15,5.9,5.33,6.69,33694.11985,31205.50189
2024Q2,THE LINE @ TANJONG RHU,TANJONG RHU ROAD,15,5.63,5.08,6.97,33694.11985,31205.50189
2025Q1,THE LINE @ TANJONG RHU,TANJONG RHU ROAD,15,6.42,5.79,7.17,33694.11985,31205.50189
2026Q2,THE LINE @ TANJONG RHU,TANJONG RHU ROAD,15,6.72,6.31,7.3,33694.11985,31205.50189
2025Q4,THE LINE @ TANJONG RHU,TANJONG RHU ROAD,15,5.33,5.17,6.11,33694.11985,31205.50189
2026Q1,THE LINE @ TANJONG RHU,TANJONG RHU ROAD,15,6.77,6.27,7.38,33694.11985,31205.50189
2025Q2,THE LINE @ TANJONG RHU,TANJONG RHU ROAD,15,6.09,4.85,7,33694.11985,31205.50189
2025Q3,THE LINE @ TANJONG RHU,TANJONG RHU ROAD,15,6.27,5.48,6.84,33694.11985,31205.50189
2023Q3,ASTRID MEADOWS,CORONATION ROAD WEST,10,4.74,4.55,5.09,23754.35696,33548.70801
2024Q1,ASTRID MEADOWS,CORONATION ROAD WEST,10,4.31,3.74,4.7,23754.35696,33548.70801
2024Q4,ASTRID MEADOWS,CORONATION ROAD WEST,10,4.03,3.89,4.43,23754.35696,33548.70801
2024Q2,ASTRID MEADOWS,CORONATION ROAD WEST,10,4.26,3.92,4.41,23754.35696,33548.70801
2025Q1,ASTRID MEADOWS,CORONATION ROAD WEST,10,4.33,4.13,4.82,23754.35696,33548.70801
2024Q3,ASTRID MEADOWS,CORONATION ROAD WEST,10,4.06,3.87,4.47,23754.35696,33548.70801
2025Q2,ASTRID MEADOWS,CORONATION ROAD WEST,10,3.79,3.61,4.42,23754.35696,33548.70801
2025Q3,ASTRID MEADOWS,CORONATION ROAD WEST,10,4.28,3.95,4.56,23754.35696,33548.70801
2026Q2,ASTRID MEADOWS,CORONATION ROAD WEST,10,4.33,4.21,4.63,23754.35696,33548.70801
2023Q4,EASTPOINT GREEN,SIMEI STREET 3,18,3.72,3.45,3.96,41033.09396,35627.04733
2024Q1,EASTPOINT GREEN,SIMEI STREET 3,18,3.72,3.5,3.94,41033.09396,35627.04733
2023Q3,EASTPOINT GREEN,SIMEI STREET 3,18,3.65,3.45,3.92,41033.09396,35627.04733
2024Q3,EASTPOINT GREEN,SIMEI STREET 3,18,3.64,3.32,3.81,41033.09396,35627.04733
2024Q4,EASTPOINT GREEN,SIMEI STREET 3,18,3.62,3.46,3.76,41033.09396,35627.04733
2024Q2,EASTPOINT GREEN,SIMEI STREET 3,18,3.5,3.23,3.71,41033.09396,35627.04733
2025Q1,EASTPOINT GREEN,SIMEI STREET 3,18,3.63,3.47,3.81,41033.09396,35627.04733
2025Q4,EASTPOINT GREEN,SIMEI STREET 3,18,3.76,3.61,3.86,41033.09396,35627.04733
2026Q1,EASTPOINT GREEN,SIMEI STREET 3,18,3.65,3.46,3.8,41033.09396,35627.04733
2025Q2,EASTPOINT GREEN,SIMEI STREET 3,18,3.68,3.52,3.77,41033.09396,35627.04733
2025Q3,EASTPOINT GREEN,SIMEI STREET 3,18,3.65,3.45,3.8,41033.09396,35627.04733
2026Q2,EASTPOINT GREEN,SIMEI STREET 3,18,3.68,3.46,3.82,41033.09396,35627.04733
2023Q4,RIVERBANK @ FERNVALE,FERNVALE CLOSE,28,4.17,3.61,4.56,33362.00389,41823.35802
2023Q3,RIVERBANK @ FERNVALE,FERNVALE CLOSE,28,5,4.33,5.23,33362.00389,41823.35802
2024Q3,RIVERBANK @ FERNVALE,FERNVALE CLOSE,28,4.5,3.72,4.83,33362.00389,41823.35802
2024Q2,RIVERBANK @ FERNVALE,FERNVALE CLOSE,28,4.28,3.93,4.85,33362.00389,41823.35802
2025Q1,RIVERBANK @ FERNVALE,FERNVALE CLOSE,28,4.36,4.02,5.15,33362.00389,41823.35802
2026Q2,RIVERBANK @ FERNVALE,FERNVALE CLOSE,28,4.28,3.88,5.1,33362.00389,41823.35802
2025Q4,RIVERBANK @ FERNVALE,FERNVALE CLOSE,28,4.24,4.12,4.47,33362.00389,41823.35802
2025Q2,RIVERBANK @ FERNVALE,FERNVALE CLOSE,28,4.5,4.13,4.95,33362.00389,41823.35802
2025Q3,RIVERBANK @ FERNVALE,FERNVALE CLOSE,28,4.5,4.22,5.03,33362.00389,41823.35802
2024Q1,ROSEWOOD,ROSEWOOD DRIVE,25,3.38,3.22,3.41,22818.93643,45895.33234
2024Q3,ROSEWOOD,ROSEWOOD DRIVE,25,3.36,3.22,3.46,22818.93643,45895.33234
2024Q2,ROSEWOOD,ROSEWOOD DRIVE,25,3.28,3.18,3.44,22818.93643,45895.33234
2025Q1,ROSEWOOD,ROSEWOOD DRIVE,25,3.29,2.89,3.62,22818.93643,45895.33234
2026Q2,ROSEWOOD,ROSEWOOD DRIVE,25,3.49,3.26,3.58,22818.93643,45895.33234
2025Q4,ROSEWOOD,ROSEWOOD DRIVE,25,3.4,3.31,3.58,22818.93643,45895.33234
2025Q2,ROSEWOOD,ROSEWOOD DRIVE,25,3.41,3.15,3.62,22818.93643,45895.33234
2025Q3,ROSEWOOD,ROSEWOOD DRIVE,25,3.28,3.21,3.45,22818.93643,45895.33234
2023Q3,THE WHARF RESIDENCE,TONG WATT ROAD,09,6.07,5.68,6.87,28773.32191,30611.99329
2023Q4,THE WHARF RESIDENCE,TONG WATT ROAD,09,6.16,5.91,6.61,28773.32191,30611.99329
2024Q1,THE WHARF RESIDENCE,TONG WATT ROAD,09,6.1,5.92,6.36,28773.32191,30611.99329
2025Q1,THE WHARF RESIDENCE,TONG WATT ROAD,09,5.82,5.46,6.25,28773.32191,30611.99329
2024Q3,THE WHARF RESIDENCE,TONG WATT ROAD,09,6.25,5.91,6.86,28773.32191,30611.99329
2024Q4,THE WHARF RESIDENCE,TONG WATT ROAD,09,6.13,5.83,6.5,28773.32191,30611.99329
2024Q2,THE WHARF RESIDENCE,TONG WATT ROAD,09,6.04,5.78,6.34,28773.32191,30611.99329
2025Q4,THE WHARF RESIDENCE,TONG WATT ROAD,09,6.1,5.97,6.29,28773.32191,30611.99329
2026Q2,THE WHARF RESIDENCE,TONG WATT ROAD,09,6.17,5.96,6.45,28773.32191,30611.99329
2026Q1,THE WHARF RESIDENCE,TONG WATT ROAD,09,6.1,6.09,6.16,28773.32191,30611.99329
2025Q2,THE WHARF RESIDENCE,TONG WATT ROAD,09,6.19,5.89,6.58,28773.32191,30611.99329
2025Q3,THE WHARF RESIDENCE,TONG WATT ROAD,09,6.1,5.98,6.35,28773.32191,30611.99329
2024Q1,THE METZ,DEVONSHIRE ROAD,09,7.74,6.66,7.93,28398.86336,31313.5223
2023Q3,THE METZ,DEVONSHIRE ROAD,09,7.52,7.25,7.7,28398.86336,31313.5223
2023Q4,THE METZ,DEVONSHIRE ROAD,09,7.4,6.98,8.08,28398.86336,31313.5223
2024Q3,THE METZ,DEVONSHIRE ROAD,09,7.15,6.65,7.35,28398.86336,31313.5223
2024Q4,THE METZ,DEVONSHIRE ROAD,09,7.28,7.12,7.59,28398.86336,31313.5223
2024Q2,THE METZ,DEVONSHIRE ROAD,09,7.04,6.81,7.48,28398.86336,31313.5223
2025Q1,THE METZ,DEVONSHIRE ROAD,09,7.54,6.69,7.85,28398.86336,31313.5223
2026Q2,THE METZ,DEVONSHIRE ROAD,09,7.04,6.66,7.51,28398.86336,31313.5223
2025Q4,THE METZ,DEVONSHIRE ROAD,09,7.36,7.2,7.81,28398.86336,31313.5223
2025Q2,THE METZ,DEVONSHIRE ROAD,09,7.32,7.1,7.76,28398.86336,31313.5223
2025Q3,THE METZ,DEVONSHIRE ROAD,09,7.23,7.03,7.72,28398.86336,31313.5223
2024Q3,SUNSTONE HILL,PASIR PANJANG ROAD,05,5.81,5.28,6.92,,
2025Q3,SUNSTONE HILL,PASIR PANJANG ROAD,05,5.43,5.22,6.13,,
2024Q3,CASCADALE,UPPER CHANGI ROAD EAST,16,2.58,2.46,2.67,42531.64256,36395.83582
2024Q4,CASCADALE,UPPER CHANGI ROAD EAST,16,2.74,2.61,3.02,42531.64256,36395.83582
2026Q1,CASCADALE,UPPER CHANGI ROAD EAST,16,2.7,2.65,2.96,42531.64256,36395.83582
2023Q3,RIVERWALK APARTMENTS,UPPER CIRCULAR ROAD,01,4.52,3.98,5.38,29688.58832,30163.59776
2023Q4,RIVERWALK APARTMENTS,UPPER CIRCULAR ROAD,01,4.59,4.43,4.86,29688.58832,30163.59776
2024Q3,RIVERWALK APARTMENTS,UPPER CIRCULAR ROAD,01,4.45,4.27,4.72,29688.58832,30163.59776
2024Q4,RIVERWALK APARTMENTS,UPPER CIRCULAR ROAD,01,4.61,4.28,4.72,29688.58832,30163.59776
2025Q4,RIVERWALK APARTMENTS,UPPER CIRCULAR ROAD,01,4.77,4.57,4.95,29688.58832,30163.59776
2025Q2,RIVERWALK APARTMENTS,UPPER CIRCULAR ROAD,01,4.69,4.54,4.76,29688.58832,30163.59776
2025Q3,RIVERWALK APARTMENTS,UPPER CIRCULAR ROAD,01,4.77,4.46,4.95,29688.58832,30163.59776
2024Q1,DAIRY FARM RESIDENCES,DAIRY FARM LANE,23,5.03,4.82,5.32,21462.29925,38752.26601
2024Q3,DAIRY FARM RESIDENCES,DAIRY FARM LANE,23,4.93,4.71,5.17,21462.29925,38752.26601
2024Q4,DAIRY FARM RESIDENCES,DAIRY FARM LANE,23,5.53,5.02,5.77,21462.29925,38752.26601
2024Q2,DAIRY FARM RESIDENCES,DAIRY FARM LANE,23,4.71,4.57,4.93,21462.29925,38752.26601
2025Q1,DAIRY FARM RESIDENCES,DAIRY FARM LANE,23,5.07,4.93,5.27,21462.29925,38752.26601
2026Q1,DAIRY FARM RESIDENCES,DAIRY FARM LANE,23,5.14,4.9,5.45,21462.29925,38752.26601
2025Q2,DAIRY FARM RESIDENCES,DAIRY FARM LANE,23,5.07,4.86,5.39,21462.29925,38752.26601
2025Q3,DAIRY FARM RESIDENCES,DAIRY FARM LANE,23,5.13,5,5.35,21462.29925,38752.26601
2026Q2,DAIRY FARM RESIDENCES,DAIRY FARM LANE,23,4.96,4.63,5.16,21462.29925,38752.26601
2023Q3,1953,TESSENSOHN ROAD,08,6.27,6.03,6.81,30713.87102,33204.13045
2023Q3,NOVENA REGENCY,THOMSON ROAD,11,6.26,5.87,6.54,28894.21342,33745.98853
2024Q3,NOVENA REGENCY,THOMSON ROAD,11,6.11,5.85,6.43,28894.21342,33745.98853
2023Q3,THE TRILINQ,JALAN LEMPENG,05,5.98,5.1,6.34,19974.89891,33426.88012
2023Q4,THE TRILINQ,JALAN LEMPENG,05,5.99,5.65,6.18,19974.89891,33426.88012
2024Q1,THE TRILINQ,JALAN LEMPENG,05,5.66,5.09,5.99,19974.89891,33426.88012
2025Q1,THE TRILINQ,JALAN LEMPENG,05,5.46,5.12,6.02,19974.89891,33426.88012
2024Q3,THE TRILINQ,JALAN LEMPENG,05,5.77,5.2,6.13,19974.89891,33426.88012
2024Q4,THE TRILINQ,JALAN LEMPENG,05,5.71,5.52,6.13,19974.89891,33426.88012
2024Q2,THE TRILINQ,JALAN LEMPENG,05,5.34,4.92,5.76,19974.89891,33426.88012
2025Q4,THE TRILINQ,JALAN LEMPENG,05,5.79,4.94,6.13,19974.89891,33426.88012
2026Q2,THE TRILINQ,JALAN LEMPENG,05,5.96,5.18,6.13,19974.89891,33426.88012
2026Q1,THE TRILINQ,JALAN LEMPENG,05,5.86,5.63,6.21,19974.89891,33426.88012
2025Q2,THE TRILINQ,JALAN LEMPENG,05,5.76,5.24,6.09,19974.89891,33426.88012
2025Q3,THE TRILINQ,JALAN LEMPENG,05,5.77,5.37,6.13,19974.89891,33426.88012
2023Q4,PATERSON RESIDENCE,PATERSON ROAD,09,5.48,5.33,5.84,27648.15434,31392.45757
2024Q1,PATERSON RESIDENCE,PATERSON ROAD,09,5.71,5.36,5.86,27648.15434,31392.45757
2023Q3,PATERSON RESIDENCE,PATERSON ROAD,09,5.86,5.62,5.93,27648.15434,31392.45757
2024Q3,PATERSON RESIDENCE,PATERSON ROAD,09,5.38,5.12,5.66,27648.15434,31392.45757
2024Q2,PATERSON RESIDENCE,PATERSON ROAD,09,5.3,5.01,5.59,27648.15434,31392.45757
2026Q2,PATERSON RESIDENCE,PATERSON ROAD,09,5.58,5.4,5.81,27648.15434,31392.45757
2025Q4,PATERSON RESIDENCE,PATERSON ROAD,09,5.43,5.34,5.65,27648.15434,31392.45757
2026Q1,PATERSON RESIDENCE,PATERSON ROAD,09,5.72,4.8,6.02,27648.15434,31392.45757
2025Q3,PATERSON RESIDENCE,PATERSON ROAD,09,5.49,5.3,5.73,27648.15434,31392.45757
2023Q3,WEST BAY CONDOMINIUM,WEST COAST CRESCENT,05,4.48,3.95,4.7,20447.94158,31291.77916
2023Q4,WEST BAY CONDOMINIUM,WEST COAST CRESCENT,05,3.92,3.83,4.2,20447.94158,31291.77916
2024Q2,WEST BAY CONDOMINIUM,WEST COAST CRESCENT,05,3.94,3.71,4.21,20447.94158,31291.77916
2025Q1,WEST BAY CONDOMINIUM,WEST COAST CRESCENT,05,3.98,3.43,4.23,20447.94158,31291.77916
2024Q3,WEST BAY CONDOMINIUM,WEST COAST CRESCENT,05,4.14,3.8,4.49,20447.94158,31291.77916
2024Q4,WEST BAY CONDOMINIUM,WEST COAST CRESCENT,05,4.16,3.75,4.48,20447.94158,31291.77916
2025Q3,WEST BAY CONDOMINIUM,WEST COAST CRESCENT,05,4.25,3.93,4.66,20447.94158,31291.77916
2025Q4,WEST BAY CONDOMINIUM,WEST COAST CRESCENT,05,4.29,4.17,4.45,20447.94158,31291.77916
2024Q1,WEST BAY CONDOMINIUM,WEST COAST CRESCENT,05,3.88,3.39,4.11,20447.94158,31291.77916
2026Q1,WEST BAY CONDOMINIUM,WEST COAST CRESCENT,05,4.03,3.65,4.21,20447.94158,31291.77916
2025Q2,WEST BAY CONDOMINIUM,WEST COAST CRESCENT,05,4.02,3.81,4.22,20447.94158,31291.77916
2026Q2,WEST BAY CONDOMINIUM,WEST COAST CRESCENT,05,3.97,3.78,4.2,20447.94158,31291.77916
2025Q4,KI RESIDENCES AT BROOKVALE,BROOKVALE DRIVE,21,5.47,5.22,5.58,20976.1764440831,34617.1804140594
2026Q1,KI RESIDENCES AT BROOKVALE,BROOKVALE DRIVE,21,5.39,5.1,5.44,20976.1764440831,34617.1804140594
2025Q2,KI RESIDENCES AT BROOKVALE,BROOKVALE DRIVE,21,4.99,4.71,5.31,20976.1764440831,34617.1804140594
2025Q3,KI RESIDENCES AT BROOKVALE,BROOKVALE DRIVE,21,5.1,4.7,5.28,20976.1764440831,34617.1804140594
2026Q2,KI RESIDENCES AT BROOKVALE,BROOKVALE DRIVE,21,5.45,5.06,5.69,20976.1764440831,34617.1804140594
2023Q3,THE BENCOOLEN,BENCOOLEN STREET,07,5.29,5.16,5.64,30238.08749,31566.35051
2023Q4,THE BENCOOLEN,BENCOOLEN STREET,07,5.33,5.09,5.76,30238.08749,31566.35051
2024Q1,THE BENCOOLEN,BENCOOLEN STREET,07,5.13,4.86,5.25,30238.08749,31566.35051
2024Q3,THE BENCOOLEN,BENCOOLEN STREET,07,5.05,4.75,5.42,30238.08749,31566.35051
2024Q4,THE BENCOOLEN,BENCOOLEN STREET,07,5.21,4.95,5.37,30238.08749,31566.35051
2024Q2,THE BENCOOLEN,BENCOOLEN STREET,07,4.97,4.84,5.29,30238.08749,31566.35051
2025Q1,THE BENCOOLEN,BENCOOLEN STREET,07,5.07,4.76,5.28,30238.08749,31566.35051
2026Q2,THE BENCOOLEN,BENCOOLEN STREET,07,5.27,4.86,5.62,30238.08749,31566.35051
2025Q4,THE BENCOOLEN,BENCOOLEN STREET,07,5.35,5.16,5.55,30238.08749,31566.35051
2026Q1,THE BENCOOLEN,BENCOOLEN STREET,07,5.1,4.86,5.55,30238.08749,31566.35051
2025Q2,THE BENCOOLEN,BENCOOLEN STREET,07,5.09,4.83,5.38,30238.08749,31566.35051
2025Q3,THE BENCOOLEN,BENCOOLEN STREET,07,5.21,4.9,5.43,30238.08749,31566.35051
2024Q1,COMMONWEALTH TOWERS,COMMONWEALTH AVENUE,03,7.26,6.81,7.99,25025.90066,30876.6778
2023Q4,COMMONWEALTH TOWERS,COMMONWEALTH AVENUE,03,7.67,7.1,8.26,25025.90066,30876.6778
2023Q3,COMMONWEALTH TOWERS,COMMONWEALTH AVENUE,03,7.84,7.09,8.17,25025.90066,30876.6778
2024Q3,COMMONWEALTH TOWERS,COMMONWEALTH AVENUE,03,7.1,6.54,7.48,25025.90066,30876.6778
2024Q4,COMMONWEALTH TOWERS,COMMONWEALTH AVENUE,03,7.39,6.61,7.74,25025.90066,30876.6778
2024Q2,COMMONWEALTH TOWERS,COMMONWEALTH AVENUE,03,7.11,6.53,7.48,25025.90066,30876.6778
2025Q1,COMMONWEALTH TOWERS,COMMONWEALTH AVENUE,03,7.4,6.5,7.81,25025.90066,30876.6778
2025Q4,COMMONWEALTH TOWERS,COMMONWEALTH AVENUE,03,7.39,6.75,7.8,25025.90066,30876.6778
2026Q1,COMMONWEALTH TOWERS,COMMONWEALTH AVENUE,03,7.39,6.97,7.93,25025.90066,30876.6778
2025Q2,COMMONWEALTH TOWERS,COMMONWEALTH AVENUE,03,7.3,6.66,7.6,25025.90066,30876.6778
2025Q3,COMMONWEALTH TOWERS,COMMONWEALTH AVENUE,03,7.28,6.64,7.75,25025.90066,30876.6778
2026Q2,COMMONWEALTH TOWERS,COMMONWEALTH AVENUE,03,7.32,6.67,7.78,25025.90066,30876.6778
2024Q3,THE IVERIA,KIM YAM ROAD,09,7.19,6.93,7.52,28577.71723,30842.61042
2024Q1,BARTLEY RESIDENCES,LORONG HOW SUN,19,4.81,4.41,5.69,33255.1991,36107.96465
2023Q4,BARTLEY RESIDENCES,LORONG HOW SUN,19,4.89,4.54,6.27,33255.1991,36107.96465
2023Q3,BARTLEY RESIDENCES,LORONG HOW SUN,19,5.05,4.46,6.7,33255.1991,36107.96465
2024Q4,BARTLEY RESIDENCES,LORONG HOW SUN,19,4.74,4.3,6.05,33255.1991,36107.96465
2024Q2,BARTLEY RESIDENCES,LORONG HOW SUN,19,4.7,4.3,6.05,33255.1991,36107.96465
2025Q1,BARTLEY RESIDENCES,LORONG HOW SUN,19,4.7,4.39,4.95,33255.1991,36107.96465
2024Q3,BARTLEY RESIDENCES,LORONG HOW SUN,19,4.69,4.39,6.05,33255.1991,36107.96465
2025Q4,BARTLEY RESIDENCES,LORONG HOW SUN,19,4.84,4.59,6.48,33255.1991,36107.96465
2026Q1,BARTLEY RESIDENCES,LORONG HOW SUN,19,5.02,4.65,6.48,33255.1991,36107.96465
2025Q2,BARTLEY RESIDENCES,LORONG HOW SUN,19,5.02,4.53,6.27,33255.1991,36107.96465
2025Q3,BARTLEY RESIDENCES,LORONG HOW SUN,19,6.27,4.65,6.48,33255.1991,36107.96465
2026Q2,BARTLEY RESIDENCES,LORONG HOW SUN,19,4.88,4.55,6.27,33255.1991,36107.96465
2023Q3,RIVIERE,JIAK KIM STREET,03,8.06,7.5,8.63,28224.28354,30462.17605
2023Q4,RIVIERE,JIAK KIM STREET,03,8.39,7.93,8.59,28224.28354,30462.17605
2024Q3,RIVIERE,JIAK KIM STREET,03,8.31,7.82,8.75,28224.28354,30462.17605
2024Q4,RIVIERE,JIAK KIM STREET,03,8.56,7.99,9.17,28224.28354,30462.17605
2024Q2,RIVIERE,JIAK KIM STREET,03,8.37,7.72,9.02,28224.28354,30462.17605
2026Q2,RIVIERE,JIAK KIM STREET,03,8.56,7.89,9.06,28224.28354,30462.17605
2025Q4,RIVIERE,JIAK KIM STREET,03,8.56,7.95,8.93,28224.28354,30462.17605
2026Q1,RIVIERE,JIAK KIM STREET,03,8.93,8.07,9.56,28224.28354,30462.17605
2025Q2,RIVIERE,JIAK KIM STREET,03,8.68,8.19,9.02,28224.28354,30462.17605
2025Q3,RIVIERE,JIAK KIM STREET,03,8.22,7.82,8.58,28224.28354,30462.17605
2023Q4,368 THOMSON,THOMSON ROAD,11,4.59,4.24,4.99,28973.10365,34359.99589
2023Q3,368 THOMSON,THOMSON ROAD,11,5.13,4.52,5.25,28973.10365,34359.99589
2024Q4,368 THOMSON,THOMSON ROAD,11,4.47,4.25,4.81,28973.10365,34359.99589
2025Q1,368 THOMSON,THOMSON ROAD,11,4.8,4.56,4.92,28973.10365,34359.99589
2024Q3,368 THOMSON,THOMSON ROAD,11,4.48,4.3,4.66,28973.10365,34359.99589
2025Q4,368 THOMSON,THOMSON ROAD,11,4.59,4.28,4.93,28973.10365,34359.99589
2026Q1,368 THOMSON,THOMSON ROAD,11,4.65,4.53,4.82,28973.10365,34359.99589
2025Q2,368 THOMSON,THOMSON ROAD,11,4.32,4.26,4.63,28973.10365,34359.99589
2025Q3,368 THOMSON,THOMSON ROAD,11,4.56,4.36,4.77,28973.10365,34359.99589
2023Q4,DUCHESS CREST,DUCHESS AVENUE,10,4.88,4.83,5.19,24631.99017,34109.85782
2024Q1,DUCHESS CREST,DUCHESS AVENUE,10,4.69,4.41,4.87,24631.99017,34109.85782
2023Q3,DUCHESS CREST,DUCHESS AVENUE,10,4.77,4.53,5.1,24631.99017,34109.85782
2024Q3,DUCHESS CREST,DUCHESS AVENUE,10,4.83,4.4,5.13,24631.99017,34109.85782
2025Q1,DUCHESS CREST,DUCHESS AVENUE,10,4.69,4.49,4.96,24631.99017,34109.85782
2025Q4,DUCHESS CREST,DUCHESS AVENUE,10,4.75,4.46,4.97,24631.99017,34109.85782
2023Q3,RIVERSIDE 48,ROBERTSON QUAY,09,5.43,5.39,5.72,28714.48313,30375.01204
2024Q3,RIVERSIDE 48,ROBERTSON QUAY,09,5.1,5.01,5.41,28714.48313,30375.01204
2024Q4,RIVERSIDE 48,ROBERTSON QUAY,09,4.76,4.71,5.15,28714.48313,30375.01204
2025Q4,RIVERSIDE 48,ROBERTSON QUAY,09,5.3,4.97,5.64,28714.48313,30375.01204
2025Q2,RIVERSIDE 48,ROBERTSON QUAY,09,4.86,4.55,5.17,28714.48313,30375.01204
2025Q3,RIVERSIDE 48,ROBERTSON QUAY,09,4.86,4.72,5.12,28714.48313,30375.01204
2024Q1,BELMOND GREEN,BALMORAL ROAD,10,5.02,4.77,5.19,27816.10557,33152.89056
2024Q4,BELMOND GREEN,BALMORAL ROAD,10,4.9,4.64,5.09,27816.10557,33152.89056
2025Q1,BELMOND GREEN,BALMORAL ROAD,10,4.88,4.51,4.99,27816.10557,33152.89056
2024Q3,BELMOND GREEN,BALMORAL ROAD,10,4.79,4.19,5.05,27816.10557,33152.89056
2025Q4,BELMOND GREEN,BALMORAL ROAD,10,4.88,4.77,5.04,27816.10557,33152.89056
2026Q1,BELMOND GREEN,BALMORAL ROAD,10,5,4.73,5.07,27816.10557,33152.89056
2025Q2,BELMOND GREEN,BALMORAL ROAD,10,4.85,4.69,5.01,27816.10557,33152.89056
2024Q1,CASPIAN,LAKESIDE DRIVE,22,4.57,4.14,5.02,15225.2845,36112.03742
2023Q4,CASPIAN,LAKESIDE DRIVE,22,4.62,4.1,5.11,15225.2845,36112.03742
2023Q3,CASPIAN,LAKESIDE DRIVE,22,4.54,4.19,4.81,15225.2845,36112.03742
2024Q3,CASPIAN,LAKESIDE DRIVE,22,4.49,4.13,4.8,15225.2845,36112.03742
2024Q4,CASPIAN,LAKESIDE DRIVE,22,4.37,4.18,4.72,15225.2845,36112.03742
2024Q2,CASPIAN,LAKESIDE DRIVE,22,4.58,4.2,4.94,15225.2845,36112.03742
2025Q1,CASPIAN,LAKESIDE DRIVE,22,4.59,4.28,4.8,15225.2845,36112.03742
2025Q4,CASPIAN,LAKESIDE DRIVE,22,4.7,4.3,4.96,15225.2845,36112.03742
2026Q1,CASPIAN,LAKESIDE DRIVE,22,4.7,4.39,4.91,15225.2845,36112.03742
2025Q2,CASPIAN,LAKESIDE DRIVE,22,4.32,4.04,4.59,15225.2845,36112.03742
2025Q3,CASPIAN,LAKESIDE DRIVE,22,4.5,4.27,4.82,15225.2845,36112.03742
2026Q2,CASPIAN,LAKESIDE DRIVE,22,4.49,4.23,4.7,15225.2845,36112.03742
2023Q3,GRANGE HEIGHTS,GRANGE ROAD,09,3.59,3.23,4.27,28204.80159,31132.84021
2023Q3,GRANGE HEIGHTS,GRANGE ROAD,09,3.59,3.23,4.27,28204.80159,31132.84021
2023Q4,GRANGE HEIGHTS,GRANGE ROAD,09,3.94,3.59,4.18,28204.80159,31132.84021
2023Q4,GRANGE HEIGHTS,GRANGE ROAD,09,3.94,3.59,4.18,28204.80159,31132.84021
2024Q1,GRANGE HEIGHTS,GRANGE ROAD,09,3.24,2.78,3.92,28204.80159,31132.84021
2024Q1,GRANGE HEIGHTS,GRANGE ROAD,09,3.24,2.78,3.92,28204.80159,31132.84021
2024Q3,GRANGE HEIGHTS,GRANGE ROAD,09,3.14,2.89,3.26,28204.80159,31132.84021
2024Q3,GRANGE HEIGHTS,GRANGE ROAD,09,3.14,2.89,3.26,28204.80159,31132.84021
2025Q3,GRANGE HEIGHTS,GRANGE ROAD,09,3.24,3,3.78,28204.80159,31132.84021
2025Q3,GRANGE HEIGHTS,GRANGE ROAD,09,3.24,3,3.78,28204.80159,31132.84021
2026Q2,GRANGE HEIGHTS,GRANGE ROAD,09,3.64,3.02,4.22,28204.80159,31132.84021
2026Q2,GRANGE HEIGHTS,GRANGE ROAD,09,3.64,3.02,4.22,28204.80159,31132.84021
2024Q1,PASTORAL VIEW,BASSEIN ROAD,11,3.76,3.65,3.89,29604.2411,33921.58234
2024Q4,PASTORAL VIEW,BASSEIN ROAD,11,3.84,3.81,4.77,29604.2411,33921.58234
2025Q1,PASTORAL VIEW,BASSEIN ROAD,11,3.73,3.61,4.43,29604.2411,33921.58234
2026Q2,PASTORAL VIEW,BASSEIN ROAD,11,3.99,3.81,5.13,29604.2411,33921.58234
2026Q1,PASTORAL VIEW,BASSEIN ROAD,11,4.65,3.68,5.01,29604.2411,33921.58234
2025Q2,PASTORAL VIEW,BASSEIN ROAD,11,3.89,3.64,4.55,29604.2411,33921.58234
2025Q3,PASTORAL VIEW,BASSEIN ROAD,11,4.44,3.65,4.97,29604.2411,33921.58234
2024Q1,BAYSHORE PARK,BAYSHORE ROAD,16,3.84,3.33,4.06,39654.985,32555.7238
2023Q4,BAYSHORE PARK,BAYSHORE ROAD,16,3.77,3.45,4.27,39654.985,32555.7238
2023Q3,BAYSHORE PARK,BAYSHORE ROAD,16,3.74,3.27,4.16,39654.985,32555.7238
2024Q4,BAYSHORE PARK,BAYSHORE ROAD,16,3.74,3.41,3.95,39654.985,32555.7238
2024Q2,BAYSHORE PARK,BAYSHORE ROAD,16,3.64,3.41,3.95,39654.985,32555.7238
2025Q1,BAYSHORE PARK,BAYSHORE ROAD,16,3.76,3.49,4.06,39654.985,32555.7238
2024Q3,BAYSHORE PARK,BAYSHORE ROAD,16,3.72,3.45,3.95,39654.985,32555.7238
2025Q4,BAYSHORE PARK,BAYSHORE ROAD,16,3.78,3.57,4.12,39654.985,32555.7238
2026Q1,BAYSHORE PARK,BAYSHORE ROAD,16,3.74,3.42,4.08,39654.985,32555.7238
2025Q2,BAYSHORE PARK,BAYSHORE ROAD,16,3.74,3.52,3.95,39654.985,32555.7238
2025Q3,BAYSHORE PARK,BAYSHORE ROAD,16,3.81,3.58,4.17,39654.985,32555.7238
2026Q2,BAYSHORE PARK,BAYSHORE ROAD,16,3.84,3.49,4.06,39654.985,32555.7238
2023Q3,VISTA RESIDENCES,JALAN DATOH,12,4.77,4.6,4.87,29115.69733,34542.27126
2023Q4,VISTA RESIDENCES,JALAN DATOH,12,4.82,4.65,5.15,29115.69733,34542.27126
2025Q1,VISTA RESIDENCES,JALAN DATOH,12,4.6,4.31,4.92,29115.69733,34542.27126
2024Q2,VISTA RESIDENCES,JALAN DATOH,12,4.6,4.3,4.98,29115.69733,34542.27126
2024Q3,VISTA RESIDENCES,JALAN DATOH,12,4.48,4.34,4.65,29115.69733,34542.27126
2024Q4,VISTA RESIDENCES,JALAN DATOH,12,4.62,4.42,5.03,29115.69733,34542.27126
2025Q3,VISTA RESIDENCES,JALAN DATOH,12,4.57,4.47,4.87,29115.69733,34542.27126
2025Q4,VISTA RESIDENCES,JALAN DATOH,12,4.52,4.39,4.78,29115.69733,34542.27126
2024Q1,VISTA RESIDENCES,JALAN DATOH,12,4.65,4.57,4.85,29115.69733,34542.27126
2026Q1,VISTA RESIDENCES,JALAN DATOH,12,4.6,4.5,5,29115.69733,34542.27126
2025Q2,VISTA RESIDENCES,JALAN DATOH,12,4.8,4.52,4.94,29115.69733,34542.27126
2026Q2,VISTA RESIDENCES,JALAN DATOH,12,4.77,4.6,4.98,29115.69733,34542.27126
2025Q1,THE CAIRNHILL,CAIRNHILL RISE,09,2.55,2.37,2.77,28672.97336,32089.39989
2023Q3,THE TESSARINA,WILBY ROAD,10,4.7,4.33,5.03,23084.29607,34923.56591
2023Q4,THE TESSARINA,WILBY ROAD,10,4.49,4,4.71,23084.29607,34923.56591
2024Q1,THE TESSARINA,WILBY ROAD,10,4.43,4.18,4.55,23084.29607,34923.56591
2025Q1,THE TESSARINA,WILBY ROAD,10,4.27,4.15,4.51,23084.29607,34923.56591
2024Q3,THE TESSARINA,WILBY ROAD,10,4.16,4.04,4.52,23084.29607,34923.56591
2024Q4,THE TESSARINA,WILBY ROAD,10,4.31,4.11,4.55,23084.29607,34923.56591
2024Q2,THE TESSARINA,WILBY ROAD,10,4.24,3.98,4.54,23084.29607,34923.56591
2025Q4,THE TESSARINA,WILBY ROAD,10,4.32,4.15,4.57,23084.29607,34923.56591
2026Q2,THE TESSARINA,WILBY ROAD,10,4.51,4.18,4.69,23084.29607,34923.56591
2026Q1,THE TESSARINA,WILBY ROAD,10,4.46,4.36,4.62,23084.29607,34923.56591
2025Q2,THE TESSARINA,WILBY ROAD,10,4.42,4.04,4.45,23084.29607,34923.56591
2025Q3,THE TESSARINA,WILBY ROAD,10,4.3,4.08,4.45,23084.29607,34923.56591
2023Q4,SHAW PLAZA - TWIN HEIGHTS,BALESTIER ROAD,12,3.63,3.26,3.86,30039.44416,34090.75923
2023Q3,SPOTTISWOODE RESIDENCES,SPOTTISWOODE PARK ROAD,02,6.53,6.15,6.8,28381.67222,28630.80469
2023Q4,SPOTTISWOODE RESIDENCES,SPOTTISWOODE PARK ROAD,02,6.4,5.92,6.65,28381.67222,28630.80469
2024Q1,SPOTTISWOODE RESIDENCES,SPOTTISWOODE PARK ROAD,02,6.02,5.68,6.47,28381.67222,28630.80469
2024Q3,SPOTTISWOODE RESIDENCES,SPOTTISWOODE PARK ROAD,02,6.08,5.52,6.3,28381.67222,28630.80469
2024Q4,SPOTTISWOODE RESIDENCES,SPOTTISWOODE PARK ROAD,02,6.11,5.74,6.3,28381.67222,28630.80469
2024Q2,SPOTTISWOODE RESIDENCES,SPOTTISWOODE PARK ROAD,02,6.07,5.63,6.32,28381.67222,28630.80469
2025Q1,SPOTTISWOODE RESIDENCES,SPOTTISWOODE PARK ROAD,02,6.25,5.77,6.42,28381.67222,28630.80469
2026Q2,SPOTTISWOODE RESIDENCES,SPOTTISWOODE PARK ROAD,02,6.24,5.79,6.47,28381.67222,28630.80469
2025Q4,SPOTTISWOODE RESIDENCES,SPOTTISWOODE PARK ROAD,02,6.14,5.79,6.4,28381.67222,28630.80469
2026Q1,SPOTTISWOODE RESIDENCES,SPOTTISWOODE PARK ROAD,02,5.97,5.82,6.4,28381.67222,28630.80469
2025Q2,SPOTTISWOODE RESIDENCES,SPOTTISWOODE PARK ROAD,02,6.14,5.68,6.41,28381.67222,28630.80469
2025Q3,SPOTTISWOODE RESIDENCES,SPOTTISWOODE PARK ROAD,02,6.09,5.77,6.33,28381.67222,28630.80469
2023Q4,SUITES @ NEWTON,SURREY ROAD,11,6.19,5.79,6.3,28920.9611,33195.42563
2024Q3,SUITES @ NEWTON,SURREY ROAD,11,6.08,5.85,6.38,28920.9611,33195.42563
2025Q1,SUITES @ NEWTON,SURREY ROAD,11,5.97,5.89,6.25,28920.9611,33195.42563
2025Q4,SUITES @ NEWTON,SURREY ROAD,11,5.97,5.81,6.18,28920.9611,33195.42563
2025Q3,SUITES @ NEWTON,SURREY ROAD,11,5.97,5.97,6.3,28920.9611,33195.42563
2026Q2,28 RC SUITES,RACE COURSE LANE,08,6.91,6.33,7.23,30194.08646,32485.42856
2024Q2,RAFFLESIA CONDOMINIUM,BISHAN STREET 21,20,4.02,3.69,4.31,29070.41475,36653.59659
2026Q2,RAFFLESIA CONDOMINIUM,BISHAN STREET 21,20,3.99,3.81,4.11,29070.41475,36653.59659
2025Q2,RAFFLESIA CONDOMINIUM,BISHAN STREET 21,20,4.02,3.87,4.18,29070.41475,36653.59659
2025Q4,IRWELL HILL RESIDENCES,IRWELL HILL,09,8.3,7.99,8.58,27800.8637714329,31011.4789278484
2026Q1,IRWELL HILL RESIDENCES,IRWELL HILL,09,8.68,8.4,9.19,27800.8637714329,31011.4789278484
2025Q2,IRWELL HILL RESIDENCES,IRWELL HILL,09,8.08,7.62,8.54,27800.8637714329,31011.4789278484
2025Q3,IRWELL HILL RESIDENCES,IRWELL HILL,09,8.01,7.67,8.44,27800.8637714329,31011.4789278484
2026Q2,IRWELL HILL RESIDENCES,IRWELL HILL,09,8.54,8.09,8.8,27800.8637714329,31011.4789278484
2023Q4,HILLION RESIDENCES,JELEBU ROAD,23,6.33,6.03,6.48,20275.48397,40062.56412
2024Q1,HILLION RESIDENCES,JELEBU ROAD,23,6.05,5.63,6.33,20275.48397,40062.56412
2023Q3,HILLION RESIDENCES,JELEBU ROAD,23,5.94,5.49,6.52,20275.48397,40062.56412
2024Q3,HILLION RESIDENCES,JELEBU ROAD,23,5.83,5.28,6.12,20275.48397,40062.56412
2024Q4,HILLION RESIDENCES,JELEBU ROAD,23,5.49,5.07,6.12,20275.48397,40062.56412
2024Q2,HILLION RESIDENCES,JELEBU ROAD,23,5.91,5.28,6.33,20275.48397,40062.56412
2025Q1,HILLION RESIDENCES,JELEBU ROAD,23,5.83,5.35,6.09,20275.48397,40062.56412
2025Q4,HILLION RESIDENCES,JELEBU ROAD,23,6.05,5.35,6.27,20275.48397,40062.56412
2026Q1,HILLION RESIDENCES,JELEBU ROAD,23,5.93,5.35,6.15,20275.48397,40062.56412
2025Q2,HILLION RESIDENCES,JELEBU ROAD,23,6.05,5.7,6.16,20275.48397,40062.56412
2025Q3,HILLION RESIDENCES,JELEBU ROAD,23,5.94,5.49,6.12,20275.48397,40062.56412
2026Q2,HILLION RESIDENCES,JELEBU ROAD,23,6.12,5.73,6.33,20275.48397,40062.56412
2023Q3,38 I SUITES,IPOH LANE,15,5.52,4.92,5.79,35001.74821,32675.86776
2024Q1,38 I SUITES,IPOH LANE,15,5.24,4.94,5.93,35001.74821,32675.86776
2024Q4,38 I SUITES,IPOH LANE,15,5.6,5.19,5.71,35001.74821,32675.86776
2024Q2,38 I SUITES,IPOH LANE,15,5.34,4.91,5.76,35001.74821,32675.86776
2024Q3,38 I SUITES,IPOH LANE,15,4.97,4.72,5.54,35001.74821,32675.86776
2026Q1,38 I SUITES,IPOH LANE,15,5.53,4.95,5.83,35001.74821,32675.86776
2025Q2,38 I SUITES,IPOH LANE,15,5.44,4.68,5.91,35001.74821,32675.86776
2025Q3,38 I SUITES,IPOH LANE,15,5.42,4.83,5.78,35001.74821,32675.86776
2026Q2,38 I SUITES,IPOH LANE,15,5.34,4.87,5.68,35001.74821,32675.86776
2023Q3,ONE MEYER,MEYER PLACE,15,7.17,6.97,7.42,33873.15058,31187.07624
2026Q1,TROPICAL SPRING,SIMEI STREET 4,18,3.45,3.3,3.72,41595.2206,35921.42921
2023Q3,THE CLAYMORE,CLAYMORE ROAD,09,4.57,4.43,5.67,27816.67946,32388.10511
2023Q4,THE CLAYMORE,CLAYMORE ROAD,09,4.53,4.06,4.97,27816.67946,32388.10511
2024Q3,THE CLAYMORE,CLAYMORE ROAD,09,4.48,4.39,4.84,27816.67946,32388.10511
2024Q2,THE CLAYMORE,CLAYMORE ROAD,09,4.38,3.95,5,27816.67946,32388.10511
2026Q2,THE CLAYMORE,CLAYMORE ROAD,09,4.48,4.1,4.89,27816.67946,32388.10511
2025Q4,THE CLAYMORE,CLAYMORE ROAD,09,4.42,4.21,4.64,27816.67946,32388.10511
2025Q2,THE CLAYMORE,CLAYMORE ROAD,09,4.66,4.34,4.91,27816.67946,32388.10511
2025Q3,THE CLAYMORE,CLAYMORE ROAD,09,4.65,4.16,5.43,27816.67946,32388.10511
2023Q4,EASTERN LAGOON,UPPER EAST COAST ROAD,16,3.91,3.52,4.2,39274.52748,32922.84114
2024Q1,EASTERN LAGOON,UPPER EAST COAST ROAD,15,4.14,3.61,4.36,39274.52748,32922.84114
2023Q3,EASTERN LAGOON,UPPER EAST COAST ROAD,15,4.13,3.57,4.43,39274.52748,32922.84114
2024Q3,EASTERN LAGOON,UPPER EAST COAST ROAD,15,4.07,3.5,4.29,39274.52748,32922.84114
2024Q4,EASTERN LAGOON,UPPER EAST COAST ROAD,15,3.9,3.54,4.06,39274.52748,32922.84114
2024Q2,EASTERN LAGOON,UPPER EAST COAST ROAD,16,3.68,3.47,3.89,39274.52748,32922.84114
2025Q1,EASTERN LAGOON,UPPER EAST COAST ROAD,15,3.94,3.19,4.59,39274.52748,32922.84114
2025Q4,EASTERN LAGOON,UPPER EAST COAST ROAD,16,4.01,3.36,4.37,39274.52748,32922.84114
2026Q1,EASTERN LAGOON,UPPER EAST COAST ROAD,15,3.89,3.4,4.13,39274.52748,32922.84114
2025Q2,EASTERN LAGOON,UPPER EAST COAST ROAD,15,3.8,3.43,4.1,39274.52748,32922.84114
2025Q3,EASTERN LAGOON,UPPER EAST COAST ROAD,15,3.92,3.53,4.24,39274.52748,32922.84114
2026Q2,EASTERN LAGOON,UPPER EAST COAST ROAD,15,3.72,3.34,4.11,39274.52748,32922.84114
2023Q4,TYRWHITT 139,TYRWHITT ROAD,08,6.35,5.84,7.26,30968.6506,32644.69139
2024Q4,THE TRUMPS,JALAN KEMBANGAN,14,4.33,3.85,4.81,36916.58904,33596.07568
2025Q2,THE TRUMPS,JALAN KEMBANGAN,14,4.43,3.92,4.61,36916.58904,33596.07568
2023Q3,FLORIDIAN,BUKIT TIMAH ROAD,21,5.28,5.09,5.68,22662.28547,35038.68044
2023Q4,FLORIDIAN,BUKIT TIMAH ROAD,21,5.12,4.95,5.37,22662.28547,35038.68044
2024Q1,FLORIDIAN,BUKIT TIMAH ROAD,21,4.9,4.71,5.17,22662.28547,35038.68044
2024Q3,FLORIDIAN,BUKIT TIMAH ROAD,21,4.92,4.56,5.1,22662.28547,35038.68044
2024Q4,FLORIDIAN,BUKIT TIMAH ROAD,21,4.95,4.83,5.13,22662.28547,35038.68044
2024Q2,FLORIDIAN,BUKIT TIMAH ROAD,21,4.86,4.83,5.02,22662.28547,35038.68044
2025Q1,FLORIDIAN,BUKIT TIMAH ROAD,21,5.13,4.91,5.31,22662.28547,35038.68044
2025Q4,FLORIDIAN,BUKIT TIMAH ROAD,21,5.07,4.93,5.18,22662.28547,35038.68044
2026Q1,FLORIDIAN,BUKIT TIMAH ROAD,21,5.06,4.71,5.17,22662.28547,35038.68044
2025Q2,FLORIDIAN,BUKIT TIMAH ROAD,21,4.95,4.82,5.15,22662.28547,35038.68044
2025Q3,FLORIDIAN,BUKIT TIMAH ROAD,21,5.03,4.86,5.13,22662.28547,35038.68044
2026Q2,FLORIDIAN,BUKIT TIMAH ROAD,21,5,4.92,5.06,22662.28547,35038.68044
2023Q4,8 BASSEIN,BASSEIN ROAD,11,6.91,6.47,7.08,29637.95103,33966.50354
2023Q3,8 BASSEIN,BASSEIN ROAD,11,6.75,5.71,7.19,29637.95103,33966.50354
2024Q2,8 BASSEIN,BASSEIN ROAD,11,6.69,6.25,6.91,29637.95103,33966.50354
2024Q3,8 BASSEIN,BASSEIN ROAD,11,6.74,6.61,6.85,29637.95103,33966.50354
2025Q2,8 BASSEIN,BASSEIN ROAD,11,6.8,6.28,7.03,29637.95103,33966.50354
2025Q3,8 BASSEIN,BASSEIN ROAD,11,6.64,6.41,6.86,29637.95103,33966.50354
2023Q3,NASSIM REGENCY,NASSIM ROAD,10,5.84,5.64,6.2,26452.788,32677.50349
2025Q3,NASSIM REGENCY,NASSIM ROAD,10,5.3,5.24,5.58,26452.788,32677.50349
2024Q1,CHANGI COURT,UPPER CHANGI ROAD EAST,16,3.81,3.67,3.92,42367.89252,36124.63784
2023Q4,CHANGI COURT,UPPER CHANGI ROAD EAST,16,3.71,3.42,4.05,42367.89252,36124.63784
2023Q3,CHANGI COURT,UPPER CHANGI ROAD EAST,16,3.67,3.46,3.92,42367.89252,36124.63784
2024Q3,CHANGI COURT,UPPER CHANGI ROAD EAST,16,3.61,3.44,3.84,42367.89252,36124.63784
2024Q4,CHANGI COURT,UPPER CHANGI ROAD EAST,16,3.44,3.25,3.71,42367.89252,36124.63784
2024Q2,CHANGI COURT,UPPER CHANGI ROAD EAST,16,3.61,3.28,3.82,42367.89252,36124.63784
2025Q1,CHANGI COURT,UPPER CHANGI ROAD EAST,16,3.61,3.32,3.81,42367.89252,36124.63784
2025Q4,CHANGI COURT,UPPER CHANGI ROAD EAST,16,3.46,3.33,3.84,42367.89252,36124.63784
2026Q1,CHANGI COURT,UPPER CHANGI ROAD EAST,16,3.72,3.61,3.85,42367.89252,36124.63784
2025Q2,CHANGI COURT,UPPER CHANGI ROAD EAST,16,3.42,3.24,3.61,42367.89252,36124.63784
2025Q3,CHANGI COURT,UPPER CHANGI ROAD EAST,16,3.66,3.47,3.78,42367.89252,36124.63784
2026Q2,CHANGI COURT,UPPER CHANGI ROAD EAST,16,3.59,3.43,3.83,42367.89252,36124.63784
2024Q3,VAN HOLLAND,HOLLAND ROAD,10,7.52,6.92,8.15,23721.57151,32763.14381
2024Q1,THE MINTON,HOUGANG STREET 11,19,4.15,3.97,4.39,33404.32521,37067.9287
2023Q3,THE MINTON,HOUGANG STREET 11,19,4.29,3.96,4.59,33404.32521,37067.9287
2023Q4,THE MINTON,HOUGANG STREET 11,19,4.33,4.08,4.49,33404.32521,37067.9287
2024Q3,THE MINTON,HOUGANG STREET 11,19,4.22,3.93,4.39,33404.32521,37067.9287
2024Q4,THE MINTON,HOUGANG STREET 11,19,4.08,3.79,4.19,33404.32521,37067.9287
2024Q2,THE MINTON,HOUGANG STREET 11,19,4.02,3.67,4.25,33404.32521,37067.9287
2025Q1,THE MINTON,HOUGANG STREET 11,19,4.1,3.91,4.48,33404.32521,37067.9287
2026Q2,THE MINTON,HOUGANG STREET 11,19,4.19,4.08,4.46,33404.32521,37067.9287
2025Q4,THE MINTON,HOUGANG STREET 11,19,4.16,3.98,4.31,33404.32521,37067.9287
2026Q1,THE MINTON,HOUGANG STREET 11,19,4.12,3.98,4.44,33404.32521,37067.9287
2025Q2,THE MINTON,HOUGANG STREET 11,19,4.15,4.01,4.29,33404.32521,37067.9287
2025Q3,THE MINTON,HOUGANG STREET 11,19,4.19,4.09,4.5,33404.32521,37067.9287
2023Q4,KOPAR AT NEWTON,MAKEWAY AVENUE,09,7.47,6.87,7.84,28841.47269,32773.41016
2024Q1,KOPAR AT NEWTON,MAKEWAY AVENUE,09,6.97,6.54,7.33,28841.47269,32773.41016
2024Q3,KOPAR AT NEWTON,MAKEWAY AVENUE,09,6.82,6.54,7.21,28841.47269,32773.41016
2024Q4,KOPAR AT NEWTON,MAKEWAY AVENUE,09,7.36,6.78,7.41,28841.47269,32773.41016
2024Q2,KOPAR AT NEWTON,MAKEWAY AVENUE,09,6.56,6.32,7.17,28841.47269,32773.41016
2025Q1,KOPAR AT NEWTON,MAKEWAY AVENUE,09,7.04,6.77,7.36,28841.47269,32773.41016
2025Q4,KOPAR AT NEWTON,MAKEWAY AVENUE,09,7.1,6.88,7.55,28841.47269,32773.41016
2026Q1,KOPAR AT NEWTON,MAKEWAY AVENUE,09,7.11,6.82,7.36,28841.47269,32773.41016
2025Q2,KOPAR AT NEWTON,MAKEWAY AVENUE,09,6.97,6.73,7.3,28841.47269,32773.41016
2025Q3,KOPAR AT NEWTON,MAKEWAY AVENUE,09,6.97,6.68,7.45,28841.47269,32773.41016
2026Q2,KOPAR AT NEWTON,MAKEWAY AVENUE,09,7.1,6.82,7.36,28841.47269,32773.41016
2023Q4,LA FIESTA,SENGKANG SQUARE,19,4.88,4.71,5.12,34927.93986,41200.75435
2024Q1,LA FIESTA,SENGKANG SQUARE,19,4.78,4.3,5,34927.93986,41200.75435
2023Q3,LA FIESTA,SENGKANG SQUARE,19,4.91,4.65,5.18,34927.93986,41200.75435
2024Q3,LA FIESTA,SENGKANG SQUARE,19,4.67,4.47,5.14,34927.93986,41200.75435
2024Q4,LA FIESTA,SENGKANG SQUARE,19,4.65,4.41,4.84,34927.93986,41200.75435
2024Q2,LA FIESTA,SENGKANG SQUARE,19,4.65,4.38,5.16,34927.93986,41200.75435
2025Q1,LA FIESTA,SENGKANG SQUARE,19,4.65,4.45,4.92,34927.93986,41200.75435
2025Q4,LA FIESTA,SENGKANG SQUARE,19,4.78,4.44,5.19,34927.93986,41200.75435
2026Q1,LA FIESTA,SENGKANG SQUARE,19,4.8,4.58,6.18,34927.93986,41200.75435
2025Q2,LA FIESTA,SENGKANG SQUARE,19,4.74,4.45,5.24,34927.93986,41200.75435
2025Q3,LA FIESTA,SENGKANG SQUARE,19,4.71,4.52,5.04,34927.93986,41200.75435
2026Q2,LA FIESTA,SENGKANG SQUARE,19,4.68,4.4,5.44,34927.93986,41200.75435
2023Q4,STELLAR RV,RIVER VALLEY ROAD,10,6.7,6.54,6.91,27473.41547,30823.29858
2023Q3,STELLAR RV,RIVER VALLEY ROAD,10,6.72,5.55,7.15,27473.41547,30823.29858
2024Q1,STELLAR RV,RIVER VALLEY ROAD,10,6.45,6.07,6.75,27473.41547,30823.29858
2024Q3,STELLAR RV,RIVER VALLEY ROAD,10,6.27,5.85,6.5,27473.41547,30823.29858
2024Q2,STELLAR RV,RIVER VALLEY ROAD,10,6.32,6.06,6.53,27473.41547,30823.29858
2026Q2,STELLAR RV,RIVER VALLEY ROAD,10,6.32,6.13,6.67,27473.41547,30823.29858
2026Q1,STELLAR RV,RIVER VALLEY ROAD,10,6.32,6.05,6.61,27473.41547,30823.29858
2025Q2,STELLAR RV,RIVER VALLEY ROAD,10,6.13,5.87,6.5,27473.41547,30823.29858
2025Q3,STELLAR RV,RIVER VALLEY ROAD,10,6.48,5.95,6.64,27473.41547,30823.29858
2024Q1,CYAN,KENG CHIN ROAD,10,5.49,5.06,5.87,27620.82848,33270.63586
2023Q4,CYAN,KENG CHIN ROAD,10,5.57,5.25,5.86,27620.82848,33270.63586
2023Q3,CYAN,KENG CHIN ROAD,10,5.69,5.28,5.97,27620.82848,33270.63586
2024Q3,CYAN,KENG CHIN ROAD,10,5.41,5.07,5.63,27620.82848,33270.63586
2024Q4,CYAN,KENG CHIN ROAD,10,5.49,5.04,5.75,27620.82848,33270.63586
2024Q2,CYAN,KENG CHIN ROAD,10,5.46,5.39,5.64,27620.82848,33270.63586
2025Q1,CYAN,KENG CHIN ROAD,10,5.51,5.15,5.73,27620.82848,33270.63586
2025Q4,CYAN,KENG CHIN ROAD,10,5.39,4.92,5.73,27620.82848,33270.63586
2026Q1,CYAN,KENG CHIN ROAD,10,5.56,4.77,5.81,27620.82848,33270.63586
2025Q2,CYAN,KENG CHIN ROAD,10,5.37,4.84,5.73,27620.82848,33270.63586
2025Q3,CYAN,KENG CHIN ROAD,10,5.55,5.28,5.79,27620.82848,33270.63586
2026Q2,CYAN,KENG CHIN ROAD,10,5.63,5.47,5.86,27620.82848,33270.63586
2024Q1,CASABLANCA,ROSEWOOD DRIVE,25,3.5,3.39,3.66,22694.58583,45760.38319
2023Q4,CASABLANCA,ROSEWOOD DRIVE,25,3.78,3.59,3.87,22694.58583,45760.38319
2023Q3,CASABLANCA,ROSEWOOD DRIVE,25,3.79,3.57,4.12,22694.58583,45760.38319
2024Q3,CASABLANCA,ROSEWOOD DRIVE,25,3.57,3.39,3.75,22694.58583,45760.38319
2024Q4,CASABLANCA,ROSEWOOD DRIVE,25,3.55,3.53,3.74,22694.58583,45760.38319
2024Q2,CASABLANCA,ROSEWOOD DRIVE,25,3.57,3.43,3.68,22694.58583,45760.38319
2025Q1,CASABLANCA,ROSEWOOD DRIVE,25,3.76,3.52,3.83,22694.58583,45760.38319
2025Q4,CASABLANCA,ROSEWOOD DRIVE,25,3.63,3.54,3.75,22694.58583,45760.38319
2025Q2,CASABLANCA,ROSEWOOD DRIVE,25,3.67,3.46,3.76,22694.58583,45760.38319
2025Q3,CASABLANCA,ROSEWOOD DRIVE,25,3.74,3.59,3.86,22694.58583,45760.38319
2026Q2,CASABLANCA,ROSEWOOD DRIVE,25,3.7,3.59,3.87,22694.58583,45760.38319
2023Q4,J GATEWAY,GATEWAY DRIVE,22,6.93,6.28,7.37,17814.49204,35380.75926
2024Q1,J GATEWAY,GATEWAY DRIVE,22,6.97,6.43,7.41,17814.49204,35380.75926
2023Q3,J GATEWAY,GATEWAY DRIVE,22,6.72,6.36,7.36,17814.49204,35380.75926
2024Q3,J GATEWAY,GATEWAY DRIVE,22,6.64,6.07,7.28,17814.49204,35380.75926
2024Q4,J GATEWAY,GATEWAY DRIVE,22,7.18,6.49,7.78,17814.49204,35380.75926
2024Q2,J GATEWAY,GATEWAY DRIVE,22,6.64,6.19,6.97,17814.49204,35380.75926
2025Q1,J GATEWAY,GATEWAY DRIVE,22,6.77,6.23,7.31,17814.49204,35380.75926
2025Q4,J GATEWAY,GATEWAY DRIVE,22,6.71,6.27,7.51,17814.49204,35380.75926
2026Q1,J GATEWAY,GATEWAY DRIVE,22,7.05,6.52,7.53,17814.49204,35380.75926
2025Q2,J GATEWAY,GATEWAY DRIVE,22,6.68,6.19,7.18,17814.49204,35380.75926
2025Q3,J GATEWAY,GATEWAY DRIVE,22,6.7,6.33,7.12,17814.49204,35380.75926
2026Q2,J GATEWAY,GATEWAY DRIVE,22,6.78,6.44,7.39,17814.49204,35380.75926
2024Q2,VERDURE,HOLLAND ROAD,10,4.97,4.68,5.07,25057.08571,32413.3988
2025Q4,MIDTOWN MODERN,TAN QUEE LAN STREET,07,8,7.46,8.63,30604.7443480476,31274.9061430934
2026Q1,MIDTOWN MODERN,TAN QUEE LAN STREET,07,8.07,7.41,9.09,30604.7443480476,31274.9061430934
2025Q3,MIDTOWN MODERN,TAN QUEE LAN STREET,07,8.45,7.9,8.87,30604.7443480476,31274.9061430934
2026Q2,MIDTOWN MODERN,TAN QUEE LAN STREET,07,9.08,8.13,9.71,30604.7443480476,31274.9061430934
2023Q4,NORTHVALE,CHOA CHU KANG LOOP,23,3.4,3.14,3.61,18216.69873,40959.60437
2024Q1,NORTHVALE,CHOA CHU KANG LOOP,23,3.26,3.07,3.47,18216.69873,40959.60437
2023Q3,NORTHVALE,CHOA CHU KANG LOOP,23,3.37,3.15,3.68,18216.69873,40959.60437
2024Q3,NORTHVALE,CHOA CHU KANG LOOP,23,3.25,3.1,3.48,18216.69873,40959.60437
2024Q4,NORTHVALE,CHOA CHU KANG LOOP,23,3.29,3.06,3.6,18216.69873,40959.60437
2024Q2,NORTHVALE,CHOA CHU KANG LOOP,23,3.23,3.04,3.34,18216.69873,40959.60437
2025Q1,NORTHVALE,CHOA CHU KANG LOOP,23,3.31,3.11,3.52,18216.69873,40959.60437
2025Q4,NORTHVALE,CHOA CHU KANG LOOP,23,3.35,3.13,3.66,18216.69873,40959.60437
2026Q1,NORTHVALE,CHOA CHU KANG LOOP,23,3.33,3.13,3.57,18216.69873,40959.60437
2025Q2,NORTHVALE,CHOA CHU KANG LOOP,23,3.15,3.07,3.87,18216.69873,40959.60437
2025Q3,NORTHVALE,CHOA CHU KANG LOOP,23,3.36,3.19,3.63,18216.69873,40959.60437
2026Q2,NORTHVALE,CHOA CHU KANG LOOP,23,3.42,3.22,3.54,18216.69873,40959.60437
2023Q4,LE QUEST,BUKIT BATOK STREET 41,23,5.72,5.53,6.07,17786.09944,37554.14765
2024Q1,LE QUEST,BUKIT BATOK STREET 41,23,5.65,5.18,6.01,17786.09944,37554.14765
2023Q3,LE QUEST,BUKIT BATOK STREET 41,23,5.91,5.65,6.26,17786.09944,37554.14765
2024Q3,LE QUEST,BUKIT BATOK STREET 41,23,5.65,5.29,6.06,17786.09944,37554.14765
2024Q4,LE QUEST,BUKIT BATOK STREET 41,23,5.41,5.29,5.94,17786.09944,37554.14765
2024Q2,LE QUEST,BUKIT BATOK STREET 41,23,5.7,5.27,5.86,17786.09944,37554.14765
2025Q1,LE QUEST,BUKIT BATOK STREET 41,23,5.65,5.43,6.02,17786.09944,37554.14765
2025Q4,LE QUEST,BUKIT BATOK STREET 41,23,5.6,5.13,5.87,17786.09944,37554.14765
2026Q1,LE QUEST,BUKIT BATOK STREET 41,23,5.65,5.43,6.04,17786.09944,37554.14765
2025Q2,LE QUEST,BUKIT BATOK STREET 41,23,5.38,5.09,5.7,17786.09944,37554.14765
2025Q3,LE QUEST,BUKIT BATOK STREET 41,23,5.57,5.19,6.04,17786.09944,37554.14765
2026Q2,LE QUEST,BUKIT BATOK STREET 41,23,5.57,5.29,6.06,17786.09944,37554.14765
2025Q3,DORMER PARK,JERVOIS ROAD,10,3.85,3.53,4.44,26668.88024,30732.19573
2025Q1,CAVENAGH LODGE,CAVENAGH ROAD,09,3.78,3.46,4.04,28838.62952,32053.79332
2025Q2,CAVENAGH LODGE,CAVENAGH ROAD,09,3.52,3.34,3.95,28838.62952,32053.79332
2024Q1,CAIRNHILL PLAZA,CAIRNHILL ROAD,09,3.59,3.2,4.05,28385.37004,32140.64052
2023Q4,CAIRNHILL PLAZA,CAIRNHILL ROAD,09,3.45,3.3,3.65,28385.37004,32140.64052
2023Q3,CAIRNHILL PLAZA,CAIRNHILL ROAD,09,3.41,3.36,3.63,28385.37004,32140.64052
2025Q1,CAIRNHILL PLAZA,CAIRNHILL ROAD,09,3.02,2.86,3.54,28385.37004,32140.64052
2024Q3,CAIRNHILL PLAZA,CAIRNHILL ROAD,09,3.33,3.05,3.49,28385.37004,32140.64052
2025Q4,CAIRNHILL PLAZA,CAIRNHILL ROAD,09,3.52,3.05,3.75,28385.37004,32140.64052
2025Q3,CAIRNHILL PLAZA,CAIRNHILL ROAD,09,3.37,3.19,3.55,28385.37004,32140.64052
2023Q3,THE SOUND,EAST COAST ROAD,15,4.76,4.55,4.87,37082.99091,32454.05021
2024Q1,THE SOUND,EAST COAST ROAD,15,4.51,4.41,4.78,37082.99091,32454.05021
2024Q4,THE SOUND,EAST COAST ROAD,15,4.55,4.47,4.95,37082.99091,32454.05021
2024Q2,THE SOUND,EAST COAST ROAD,15,4.5,4.27,4.86,37082.99091,32454.05021
2025Q4,THE SOUND,EAST COAST ROAD,15,4.65,4.6,5.07,37082.99091,32454.05021
2026Q2,THE SOUND,EAST COAST ROAD,15,4.74,4.57,5.06,37082.99091,32454.05021
2026Q1,THE SOUND,EAST COAST ROAD,15,4.78,4.56,4.87,37082.99091,32454.05021
2023Q4,ECHELON,ALEXANDRA VIEW,03,7.24,6.82,7.58,26286.28759,30344.26262
2024Q1,ECHELON,ALEXANDRA VIEW,03,6.76,6.34,7.63,26286.28759,30344.26262
2023Q3,ECHELON,ALEXANDRA VIEW,03,7.22,6.7,7.72,26286.28759,30344.26262
2024Q3,ECHELON,ALEXANDRA VIEW,03,6.28,6.03,6.83,26286.28759,30344.26262
2024Q4,ECHELON,ALEXANDRA VIEW,03,6.69,6.13,7.58,26286.28759,30344.26262
2024Q2,ECHELON,ALEXANDRA VIEW,03,6.56,5.95,7.32,26286.28759,30344.26262
2025Q1,ECHELON,ALEXANDRA VIEW,03,6.62,6.15,7.51,26286.28759,30344.26262
2025Q4,ECHELON,ALEXANDRA VIEW,03,6.83,6.4,7.52,26286.28759,30344.26262
2026Q1,ECHELON,ALEXANDRA VIEW,03,6.83,6.17,7.51,26286.28759,30344.26262
2025Q2,ECHELON,ALEXANDRA VIEW,03,6.69,6.22,6.93,26286.28759,30344.26262
2025Q3,ECHELON,ALEXANDRA VIEW,03,6.74,6.32,7.84,26286.28759,30344.26262
2026Q2,ECHELON,ALEXANDRA VIEW,03,6.83,6.29,7.24,26286.28759,30344.26262
2026Q1,WING FONG MANSIONS,LORONG 14 GEYLANG,14,4.12,3.74,4.41,33086.67557,32533.81447
2024Q1,SOMMERVILLE GRANDEUR,FARRER DRIVE,10,3.69,3.61,3.85,25017.05042,32896.34073
2024Q3,SOMMERVILLE GRANDEUR,FARRER DRIVE,10,3.83,3.59,4.02,25017.05042,32896.34073
2026Q2,SOMMERVILLE GRANDEUR,FARRER DRIVE,10,3.77,3.65,3.96,25017.05042,32896.34073
2024Q4,ALLSWORTH PARK,HOLLAND ROAD,10,3.53,3.37,3.72,22124.00824,33571.15902
2025Q1,ALLSWORTH PARK,HOLLAND ROAD,10,3.57,3.39,3.73,22124.00824,33571.15902
2024Q3,ALLSWORTH PARK,HOLLAND ROAD,10,3.57,3.48,3.68,22124.00824,33571.15902
2024Q1,TRILIVE,TAMPINES ROAD,19,5.58,5.15,5.97,34486.7758,38209.2456
2025Q1,TRILIVE,TAMPINES ROAD,19,5.05,4.29,5.41,34486.7758,38209.2456
2024Q4,TRILIVE,TAMPINES ROAD,19,4.31,4,5.42,34486.7758,38209.2456
2025Q3,TRILIVE,TAMPINES ROAD,19,4.8,4.49,5.11,34486.7758,38209.2456
2026Q2,TRILIVE,TAMPINES ROAD,19,5.2,5.05,5.6,34486.7758,38209.2456
2026Q1,TRILIVE,TAMPINES ROAD,19,4.95,3.96,5.38,34486.7758,38209.2456
2025Q2,TRILIVE,TAMPINES ROAD,19,4.65,3.85,5.68,34486.7758,38209.2456
2024Q3,HIGHGATE,TOH TUCK ROAD,21,3.25,2.94,3.3,20561.39383,35962.2681
2023Q3,THE WATER EDGE,LORONG 38 GEYLANG,14,6.27,6.07,6.8,34178.88371,32884.95073
2024Q4,THE WATER EDGE,LORONG 38 GEYLANG,14,6.12,5.89,6.56,34178.88371,32884.95073
2024Q2,THE WATER EDGE,LORONG 38 GEYLANG,14,6.39,6.06,6.62,34178.88371,32884.95073
2025Q4,THE WATER EDGE,LORONG 38 GEYLANG,14,5.78,5.61,6.45,34178.88371,32884.95073
2026Q2,THE WATER EDGE,LORONG 38 GEYLANG,14,6.06,5.81,6.74,34178.88371,32884.95073
2025Q2,THE WATER EDGE,LORONG 38 GEYLANG,14,5.81,5.35,6.5,34178.88371,32884.95073
2025Q3,THE WATER EDGE,LORONG 38 GEYLANG,14,6.34,5.15,6.68,34178.88371,32884.95073
2024Q1,SUITES @ GUILLEMARD,LIM AH WOO ROAD,15,6.18,5.39,7.06,34494.82688,32752.3014
2024Q3,SUITES @ GUILLEMARD,LIM AH WOO ROAD,15,6,5.44,6.81,34494.82688,32752.3014
2026Q2,SUITES @ GUILLEMARD,LIM AH WOO ROAD,15,5.97,5.69,6.45,34494.82688,32752.3014
2026Q1,SUITES @ GUILLEMARD,LIM AH WOO ROAD,15,5.78,4.62,6.52,34494.82688,32752.3014
2025Q2,SUITES @ GUILLEMARD,LIM AH WOO ROAD,15,6.45,5.97,6.65,34494.82688,32752.3014
2023Q3,TWIN VEW,WEST COAST VALE,05,6.19,5.92,6.46,19034.76773,33557.24244
2024Q1,TWIN VEW,WEST COAST VALE,05,5.5,5.15,5.89,19034.76773,33557.24244
2023Q4,TWIN VEW,WEST COAST VALE,05,5.89,5.6,6.15,19034.76773,33557.24244
2025Q1,TWIN VEW,WEST COAST VALE,05,5.63,5.39,5.91,19034.76773,33557.24244
2024Q2,TWIN VEW,WEST COAST VALE,05,5.5,5.15,6.13,19034.76773,33557.24244
2024Q3,TWIN VEW,WEST COAST VALE,05,5.77,5.49,6.05,19034.76773,33557.24244
2024Q4,TWIN VEW,WEST COAST VALE,05,5.79,5.61,5.97,19034.76773,33557.24244
2025Q3,TWIN VEW,WEST COAST VALE,05,5.75,5.5,6.12,19034.76773,33557.24244
2025Q4,TWIN VEW,WEST COAST VALE,05,5.86,5.65,6.14,19034.76773,33557.24244
2026Q2,TWIN VEW,WEST COAST VALE,05,5.76,5.25,6.27,19034.76773,33557.24244
2026Q1,TWIN VEW,WEST COAST VALE,05,5.63,5.39,5.91,19034.76773,33557.24244
2025Q2,TWIN VEW,WEST COAST VALE,05,5.46,5.19,5.97,19034.76773,33557.24244
2025Q1,PARK EAST,JALAN TUA KONG,15,3.48,3.26,3.55,38070.77152,33406.87397
2026Q1,PARK EAST,JALAN TUA KONG,15,3.49,3.32,3.68,38070.77152,33406.87397
2023Q3,SKY HABITAT,BISHAN STREET 15,20,5,4.47,5.35,30090.28181,37129.95143
2023Q4,SKY HABITAT,BISHAN STREET 15,20,5.07,4.47,5.23,30090.28181,37129.95143
2024Q1,SKY HABITAT,BISHAN STREET 15,20,4.93,4.4,5.18,30090.28181,37129.95143
2024Q3,SKY HABITAT,BISHAN STREET 15,20,4.89,4.51,5.25,30090.28181,37129.95143
2024Q4,SKY HABITAT,BISHAN STREET 15,20,5.13,4.71,5.34,30090.28181,37129.95143
2024Q2,SKY HABITAT,BISHAN STREET 15,20,4.75,4.46,5.2,30090.28181,37129.95143
2025Q1,SKY HABITAT,BISHAN STREET 15,20,4.82,4.56,5.29,30090.28181,37129.95143
2026Q2,SKY HABITAT,BISHAN STREET 15,20,5.23,5.02,5.53,30090.28181,37129.95143
2025Q4,SKY HABITAT,BISHAN STREET 15,20,5.18,4.69,5.38,30090.28181,37129.95143
2026Q1,SKY HABITAT,BISHAN STREET 15,20,4.94,4.59,5.21,30090.28181,37129.95143
2025Q2,SKY HABITAT,BISHAN STREET 15,20,5.05,4.51,5.46,30090.28181,37129.95143
2025Q3,SKY HABITAT,BISHAN STREET 15,20,5.07,4.64,5.24,30090.28181,37129.95143
2023Q4,STARS OF KOVAN,UPPER SERANGOON ROAD,19,5.46,5.33,6.19,34016.62152,38191.98255
2023Q3,STARS OF KOVAN,UPPER SERANGOON ROAD,19,5.53,5.37,5.74,34016.62152,38191.98255
2024Q1,STARS OF KOVAN,UPPER SERANGOON ROAD,19,5.65,5.32,6.33,34016.62152,38191.98255
2024Q3,STARS OF KOVAN,UPPER SERANGOON ROAD,19,5.25,5.15,5.73,34016.62152,38191.98255
2024Q4,STARS OF KOVAN,UPPER SERANGOON ROAD,19,5.44,5.25,6.03,34016.62152,38191.98255
2024Q2,STARS OF KOVAN,UPPER SERANGOON ROAD,19,5.31,5.12,6.13,34016.62152,38191.98255
2025Q1,STARS OF KOVAN,UPPER SERANGOON ROAD,19,5.52,5.17,6.13,34016.62152,38191.98255
2026Q2,STARS OF KOVAN,UPPER SERANGOON ROAD,19,5.53,5.23,6.28,34016.62152,38191.98255
2025Q4,STARS OF KOVAN,UPPER SERANGOON ROAD,19,5.32,5.12,6.23,34016.62152,38191.98255
2026Q1,STARS OF KOVAN,UPPER SERANGOON ROAD,19,5.39,5.21,6.16,34016.62152,38191.98255
2025Q2,STARS OF KOVAN,UPPER SERANGOON ROAD,19,5.33,5.13,5.78,34016.62152,38191.98255
2025Q3,STARS OF KOVAN,UPPER SERANGOON ROAD,19,5.43,5.13,6.12,34016.62152,38191.98255
2023Q3,MAYFAIR GARDENS,RIFLE RANGE ROAD,21,6.23,5.97,6.76,22312.78591,35604.29403
2024Q3,MAYFAIR GARDENS,RIFLE RANGE ROAD,21,6.02,5.84,6.43,22312.78591,35604.29403
2024Q2,MAYFAIR GARDENS,RIFLE RANGE ROAD,21,5.96,5.62,6.47,22312.78591,35604.29403
2025Q1,MAYFAIR GARDENS,RIFLE RANGE ROAD,21,5.65,5.31,6.07,22312.78591,35604.29403
2026Q1,MAYFAIR GARDENS,RIFLE RANGE ROAD,21,5.81,5.63,6.37,22312.78591,35604.29403
2025Q2,MAYFAIR GARDENS,RIFLE RANGE ROAD,21,6.12,5.55,6.77,22312.78591,35604.29403
2025Q3,MAYFAIR GARDENS,RIFLE RANGE ROAD,21,5.98,5.62,6.62,22312.78591,35604.29403
2026Q2,MAYFAIR GARDENS,RIFLE RANGE ROAD,21,6,5.41,6.33,22312.78591,35604.29403
2023Q4,KALLANG RIVERSIDE,KAMPONG BUGIS,12,6.13,5.74,6.53,31749.63851,32164.50433
2024Q1,KALLANG RIVERSIDE,KAMPONG BUGIS,12,5.89,5.32,6.39,31749.63851,32164.50433
2023Q3,KALLANG RIVERSIDE,KAMPONG BUGIS,12,6.19,6.05,6.47,31749.63851,32164.50433
2024Q3,KALLANG RIVERSIDE,KAMPONG BUGIS,12,6.28,5.82,6.92,31749.63851,32164.50433
2024Q4,KALLANG RIVERSIDE,KAMPONG BUGIS,12,6.09,5.84,6.32,31749.63851,32164.50433
2024Q2,KALLANG RIVERSIDE,KAMPONG BUGIS,12,5.85,5.16,6.22,31749.63851,32164.50433
2025Q1,KALLANG RIVERSIDE,KAMPONG BUGIS,12,6.14,5.53,6.54,31749.63851,32164.50433
2025Q4,KALLANG RIVERSIDE,KAMPONG BUGIS,12,6.1,5.74,6.64,31749.63851,32164.50433
2026Q1,KALLANG RIVERSIDE,KAMPONG BUGIS,12,6.23,5.75,6.58,31749.63851,32164.50433
2025Q2,KALLANG RIVERSIDE,KAMPONG BUGIS,12,6.04,5.35,6.75,31749.63851,32164.50433
2025Q3,KALLANG RIVERSIDE,KAMPONG BUGIS,12,6.47,6.09,6.77,31749.63851,32164.50433
2026Q2,KALLANG RIVERSIDE,KAMPONG BUGIS,12,6.11,5.47,6.7,31749.63851,32164.50433
2023Q3,VIVACE,TONG WATT ROAD,09,8.04,7.01,8.78,28829.12076,30585.75685
2023Q4,VIVACE,TONG WATT ROAD,09,7.58,7.18,8.12,28829.12076,30585.75685
2025Q1,VIVACE,TONG WATT ROAD,09,7.48,6.38,7.74,28829.12076,30585.75685
2024Q2,VIVACE,TONG WATT ROAD,09,7.48,6.49,7.78,28829.12076,30585.75685
2024Q3,VIVACE,TONG WATT ROAD,09,7.53,6.56,7.83,28829.12076,30585.75685
2024Q4,VIVACE,TONG WATT ROAD,09,7.41,6.64,7.91,28829.12076,30585.75685
2025Q3,VIVACE,TONG WATT ROAD,09,6.8,5.91,7.72,28829.12076,30585.75685
2025Q4,VIVACE,TONG WATT ROAD,09,7.08,6.9,7.5,28829.12076,30585.75685
2024Q1,VIVACE,TONG WATT ROAD,09,6.94,5.67,8.26,28829.12076,30585.75685
2026Q1,VIVACE,TONG WATT ROAD,09,7.89,7.38,8.6,28829.12076,30585.75685
2025Q2,VIVACE,TONG WATT ROAD,09,7.28,6.31,7.85,28829.12076,30585.75685
2026Q2,VIVACE,TONG WATT ROAD,09,7.91,7.28,8.04,28829.12076,30585.75685
2023Q4,SKY EVERTON,EVERTON ROAD,02,8.09,7.63,8.65,28547.77454,28701.92664
2024Q1,SKY EVERTON,EVERTON ROAD,02,7.28,6.97,7.87,28547.77454,28701.92664
2024Q3,SKY EVERTON,EVERTON ROAD,02,7.45,6.55,7.71,28547.77454,28701.92664
2024Q4,SKY EVERTON,EVERTON ROAD,02,7.88,6.41,8.59,28547.77454,28701.92664
2024Q2,SKY EVERTON,EVERTON ROAD,02,7.13,6.62,7.71,28547.77454,28701.92664
2025Q1,SKY EVERTON,EVERTON ROAD,02,7.9,7.28,8.48,28547.77454,28701.92664
2026Q2,SKY EVERTON,EVERTON ROAD,02,7.36,6.94,7.73,28547.77454,28701.92664
2025Q4,SKY EVERTON,EVERTON ROAD,02,7.91,7.05,8.26,28547.77454,28701.92664
2026Q1,SKY EVERTON,EVERTON ROAD,02,7.21,6.76,7.99,28547.77454,28701.92664
2025Q2,SKY EVERTON,EVERTON ROAD,02,6.88,6.05,7.28,28547.77454,28701.92664
2025Q3,SKY EVERTON,EVERTON ROAD,02,7.49,6.94,8.05,28547.77454,28701.92664
2023Q3,AMARANDA GARDENS,SERANGOON AVENUE 3,19,4.13,4.13,4.6,31692.94585,36875.15686
2024Q3,AMARANDA GARDENS,SERANGOON AVENUE 3,19,4.37,4.2,4.67,31692.94585,36875.15686
2025Q3,AMARANDA GARDENS,SERANGOON AVENUE 3,19,4.3,4.13,4.43,31692.94585,36875.15686
2026Q2,AMARANDA GARDENS,SERANGOON AVENUE 3,19,4.34,4.21,4.53,31692.94585,36875.15686
2023Q3,ECO,BEDOK SOUTH AVENUE 3,16,5.16,4.84,5.57,40387.08772,33989.03528
2023Q4,ECO,BEDOK SOUTH AVENUE 3,16,4.94,4.71,5.41,40387.08772,33989.03528
2024Q1,ECO,BEDOK SOUTH AVENUE 3,16,4.89,4.65,5.34,40387.08772,33989.03528
2024Q3,ECO,BEDOK SOUTH AVENUE 3,16,4.72,4.48,5.1,40387.08772,33989.03528
2024Q4,ECO,BEDOK SOUTH AVENUE 3,16,4.84,4.57,5.15,40387.08772,33989.03528
2024Q2,ECO,BEDOK SOUTH AVENUE 3,16,4.77,4.41,5.08,40387.08772,33989.03528
2025Q1,ECO,BEDOK SOUTH AVENUE 3,16,4.78,4.59,5.2,40387.08772,33989.03528
2025Q4,ECO,BEDOK SOUTH AVENUE 3,16,4.85,4.54,5.31,40387.08772,33989.03528
2026Q1,ECO,BEDOK SOUTH AVENUE 3,16,4.89,4.65,5.17,40387.08772,33989.03528
2025Q2,ECO,BEDOK SOUTH AVENUE 3,16,4.88,4.54,5.22,40387.08772,33989.03528
2025Q3,ECO,BEDOK SOUTH AVENUE 3,16,4.92,4.6,5.24,40387.08772,33989.03528
2026Q2,ECO,BEDOK SOUTH AVENUE 3,16,4.88,4.57,5.14,40387.08772,33989.03528
2024Q1,CORALS AT KEPPEL BAY,KEPPEL BAY DRIVE,04,6.16,5.75,6.45,26200.67803,27645.82523
2023Q4,CORALS AT KEPPEL BAY,KEPPEL BAY DRIVE,04,6.27,5.68,6.78,26200.67803,27645.82523
2023Q3,CORALS AT KEPPEL BAY,KEPPEL BAY DRIVE,04,6.49,6.21,6.86,26200.67803,27645.82523
2024Q3,CORALS AT KEPPEL BAY,KEPPEL BAY DRIVE,04,6.07,5.8,6.59,26200.67803,27645.82523
2024Q4,CORALS AT KEPPEL BAY,KEPPEL BAY DRIVE,04,6.4,5.69,6.71,26200.67803,27645.82523
2024Q2,CORALS AT KEPPEL BAY,KEPPEL BAY DRIVE,04,5.96,5.68,6.19,26200.67803,27645.82523
2025Q1,CORALS AT KEPPEL BAY,KEPPEL BAY DRIVE,04,6.32,5.96,6.63,26200.67803,27645.82523
2025Q4,CORALS AT KEPPEL BAY,KEPPEL BAY DRIVE,04,6.47,6.15,6.7,26200.67803,27645.82523
2026Q1,CORALS AT KEPPEL BAY,KEPPEL BAY DRIVE,04,6.44,6.08,6.84,26200.67803,27645.82523
2025Q2,CORALS AT KEPPEL BAY,KEPPEL BAY DRIVE,04,6.33,6.06,6.99,26200.67803,27645.82523
2025Q3,CORALS AT KEPPEL BAY,KEPPEL BAY DRIVE,04,6.35,5.94,6.85,26200.67803,27645.82523
2026Q2,CORALS AT KEPPEL BAY,KEPPEL BAY DRIVE,04,6.37,5.98,6.5,26200.67803,27645.82523
2023Q3,THOMSON VIEW CONDOMINIUM,BRIGHT HILL DRIVE,20,2.96,2.58,3.05,27696.08973,37620.65675
2025Q1,THOMSON VIEW CONDOMINIUM,BRIGHT HILL DRIVE,20,2.51,2.22,2.74,27696.08973,37620.65675
2024Q4,THOMSON VIEW CONDOMINIUM,BRIGHT HILL DRIVE,20,2.57,2.44,2.77,27696.08973,37620.65675
2024Q2,THOMSON VIEW CONDOMINIUM,BRIGHT HILL DRIVE,20,2.67,2.57,3.02,27696.08973,37620.65675
2025Q3,THOMSON VIEW CONDOMINIUM,BRIGHT HILL DRIVE,20,2.62,2.42,2.84,27696.08973,37620.65675
2023Q3,THE CENTREPOINT,ORCHARD ROAD,09,5.93,5.05,7.22,28726.10451,31597.67359
2025Q2,THE CENTREPOINT,ORCHARD ROAD,09,3.92,3.56,4.15,28726.10451,31597.67359
2024Q1,SUITES @ PAYA LEBAR,UPPER PAYA LEBAR ROAD,19,6.36,6.28,6.59,33199.46723,36953.90258
2024Q4,SUITES @ PAYA LEBAR,UPPER PAYA LEBAR ROAD,19,6.03,5.32,6.11,33199.46723,36953.90258
2025Q1,SUITES @ PAYA LEBAR,UPPER PAYA LEBAR ROAD,19,6.28,5.46,6.28,33199.46723,36953.90258
2026Q2,SUITES @ PAYA LEBAR,UPPER PAYA LEBAR ROAD,19,6.5,6.2,6.72,33199.46723,36953.90258
2025Q4,SUITES @ PAYA LEBAR,UPPER PAYA LEBAR ROAD,19,6.02,5.19,6.83,33199.46723,36953.90258
2026Q1,SUITES @ PAYA LEBAR,UPPER PAYA LEBAR ROAD,19,6.21,5.91,6.34,33199.46723,36953.90258
2025Q2,SUITES @ PAYA LEBAR,UPPER PAYA LEBAR ROAD,19,6.5,6.09,6.68,33199.46723,36953.90258
2025Q3,SUITES @ PAYA LEBAR,UPPER PAYA LEBAR ROAD,19,6.28,6.11,6.64,33199.46723,36953.90258
2024Q1,THE JOVELL,FLORA DRIVE,17,5.22,4.98,5.64,42780.59623,37765.8636
2023Q3,THE JOVELL,FLORA DRIVE,17,5.93,5.3,6.64,42780.59623,37765.8636
2024Q3,THE JOVELL,FLORA DRIVE,17,5.12,4.65,5.69,42780.59623,37765.8636
2024Q2,THE JOVELL,FLORA DRIVE,17,4.95,4.57,5.4,42780.59623,37765.8636
2025Q1,THE JOVELL,FLORA DRIVE,17,4.98,4.65,5.35,42780.59623,37765.8636
2026Q2,THE JOVELL,FLORA DRIVE,17,4.88,4.5,5.12,42780.59623,37765.8636
2025Q4,THE JOVELL,FLORA DRIVE,17,5.14,4.74,5.67,42780.59623,37765.8636
2026Q1,THE JOVELL,FLORA DRIVE,17,5.33,4.84,5.69,42780.59623,37765.8636
2025Q2,THE JOVELL,FLORA DRIVE,17,4.73,4.4,5.33,42780.59623,37765.8636
2025Q3,THE JOVELL,FLORA DRIVE,17,4.58,4.42,5.08,42780.59623,37765.8636
2024Q1,THE FLORENCE RESIDENCES,HOUGANG AVENUE 2,19,5.33,5.04,5.78,33950.68024,38679.08418
2023Q4,THE FLORENCE RESIDENCES,HOUGANG AVENUE 2,19,5.51,5.24,5.99,33950.68024,38679.08418
2024Q3,THE FLORENCE RESIDENCES,HOUGANG AVENUE 2,19,5.21,4.95,5.57,33950.68024,38679.08418
2024Q4,THE FLORENCE RESIDENCES,HOUGANG AVENUE 2,19,5.57,5.2,5.88,33950.68024,38679.08418
2024Q2,THE FLORENCE RESIDENCES,HOUGANG AVENUE 2,19,5.18,4.88,5.57,33950.68024,38679.08418
2025Q1,THE FLORENCE RESIDENCES,HOUGANG AVENUE 2,19,5.53,5.1,5.78,33950.68024,38679.08418
2026Q2,THE FLORENCE RESIDENCES,HOUGANG AVENUE 2,19,5.27,4.95,5.78,33950.68024,38679.08418
2025Q4,THE FLORENCE RESIDENCES,HOUGANG AVENUE 2,19,5.32,5.04,5.68,33950.68024,38679.08418
2026Q1,THE FLORENCE RESIDENCES,HOUGANG AVENUE 2,19,5.32,5.04,5.69,33950.68024,38679.08418
2025Q2,THE FLORENCE RESIDENCES,HOUGANG AVENUE 2,19,5.35,4.97,5.78,33950.68024,38679.08418
2025Q3,THE FLORENCE RESIDENCES,HOUGANG AVENUE 2,19,5.31,5.01,5.62,33950.68024,38679.08418
2023Q4,PARK PLACE RESIDENCES AT PLQ,PAYA LEBAR ROAD,14,7.49,7,7.74,34659.93942,33220.50848
2024Q1,PARK PLACE RESIDENCES AT PLQ,PAYA LEBAR ROAD,14,7.19,6.45,7.95,34659.93942,33220.50848
2023Q3,PARK PLACE RESIDENCES AT PLQ,PAYA LEBAR ROAD,14,7.64,7.11,8.26,34659.93942,33220.50848
2024Q3,PARK PLACE RESIDENCES AT PLQ,PAYA LEBAR ROAD,14,7.37,6.87,7.64,34659.93942,33220.50848
2024Q4,PARK PLACE RESIDENCES AT PLQ,PAYA LEBAR ROAD,14,7.16,6.64,7.56,34659.93942,33220.50848
2024Q2,PARK PLACE RESIDENCES AT PLQ,PAYA LEBAR ROAD,14,7.43,6.92,7.84,34659.93942,33220.50848
2025Q1,PARK PLACE RESIDENCES AT PLQ,PAYA LEBAR ROAD,14,7.19,6.66,7.48,34659.93942,33220.50848
2026Q2,PARK PLACE RESIDENCES AT PLQ,PAYA LEBAR ROAD,14,7.39,6.84,7.84,34659.93942,33220.50848
2025Q4,PARK PLACE RESIDENCES AT PLQ,PAYA LEBAR ROAD,14,7.43,6.97,7.84,34659.93942,33220.50848
2026Q1,PARK PLACE RESIDENCES AT PLQ,PAYA LEBAR ROAD,14,7.4,6.89,7.72,34659.93942,33220.50848
2025Q2,PARK PLACE RESIDENCES AT PLQ,PAYA LEBAR ROAD,14,6.93,6.53,7.72,34659.93942,33220.50848
2025Q3,PARK PLACE RESIDENCES AT PLQ,PAYA LEBAR ROAD,14,7.28,6.74,7.84,34659.93942,33220.50848
2025Q4,MORI,GUILLEMARD ROAD,14,5.81,5.5,6.08,33531.8583812322,32615.3773975388
2025Q3,MORI,GUILLEMARD ROAD,14,6.05,5.72,6.16,33531.8583812322,32615.3773975388
2023Q4,PARK COLONIAL,WOODLEIGH LANE,13,7.26,6.78,7.35,32084.76047,35642.57787
2024Q1,PARK COLONIAL,WOODLEIGH LANE,13,7.13,6.73,7.43,32084.76047,35642.57787
2023Q3,PARK COLONIAL,WOODLEIGH LANE,13,7.35,6.78,7.66,32084.76047,35642.57787
2024Q3,PARK COLONIAL,WOODLEIGH LANE,13,6.73,6.46,7.13,32084.76047,35642.57787
2024Q4,PARK COLONIAL,WOODLEIGH LANE,13,6.94,6.68,7.35,32084.76047,35642.57787
2024Q2,PARK COLONIAL,WOODLEIGH LANE,13,6.92,6.45,7.14,32084.76047,35642.57787
2025Q1,PARK COLONIAL,WOODLEIGH LANE,13,7.08,6.57,7.35,32084.76047,35642.57787
2026Q2,PARK COLONIAL,WOODLEIGH LANE,13,7.13,6.76,7.35,32084.76047,35642.57787
2025Q4,PARK COLONIAL,WOODLEIGH LANE,13,7.13,6.75,7.42,32084.76047,35642.57787
2026Q1,PARK COLONIAL,WOODLEIGH LANE,13,6.97,6.64,7.3,32084.76047,35642.57787
2025Q2,PARK COLONIAL,WOODLEIGH LANE,13,7.09,6.89,7.35,32084.76047,35642.57787
2025Q3,PARK COLONIAL,WOODLEIGH LANE,13,7.03,6.66,7.31,32084.76047,35642.57787
2023Q4,MAYSPRINGS,PETIR ROAD,23,3.59,3.26,4.26,20241.90191,39791.85234
2024Q1,MAYSPRINGS,PETIR ROAD,23,3.43,3.17,3.89,20241.90191,39791.85234
2023Q3,MAYSPRINGS,PETIR ROAD,23,4.15,3.32,4.2,20241.90191,39791.85234
2024Q3,MAYSPRINGS,PETIR ROAD,23,3.72,3.43,3.93,20241.90191,39791.85234
2024Q4,MAYSPRINGS,PETIR ROAD,23,3.67,3.35,3.94,20241.90191,39791.85234
2024Q2,MAYSPRINGS,PETIR ROAD,23,3.79,3.37,3.95,20241.90191,39791.85234
2025Q1,MAYSPRINGS,PETIR ROAD,23,3.54,3.27,3.92,20241.90191,39791.85234
2025Q4,MAYSPRINGS,PETIR ROAD,23,3.65,3.46,4.03,20241.90191,39791.85234
2026Q1,MAYSPRINGS,PETIR ROAD,23,3.5,3.39,3.81,20241.90191,39791.85234
2025Q2,MAYSPRINGS,PETIR ROAD,23,3.47,3.15,3.84,20241.90191,39791.85234
2025Q3,MAYSPRINGS,PETIR ROAD,23,3.72,3.28,4.16,20241.90191,39791.85234
2026Q2,MAYSPRINGS,PETIR ROAD,23,3.81,3.43,3.92,20241.90191,39791.85234
2023Q3,GRAMERCY PARK,GRANGE ROAD,10,6.79,5.98,7,27267.8646,31228.94295
2024Q3,GRAMERCY PARK,GRANGE ROAD,10,6.33,5.81,6.46,27267.8646,31228.94295
2024Q2,GRAMERCY PARK,GRANGE ROAD,10,6.29,5.52,6.56,27267.8646,31228.94295
2025Q3,GRAMERCY PARK,GRANGE ROAD,10,6.47,6.07,6.7,27267.8646,31228.94295
2026Q2,GRAMERCY PARK,GRANGE ROAD,10,6.53,6.39,6.83,27267.8646,31228.94295
2026Q1,KASTURINA LODGE,KAY POH ROAD,10,5.7,5.26,5.7,27611.17566,30982.77676
2023Q3,ONE LEICESTER,LEICESTER ROAD,13,4.14,3.62,4.3,31795.86842,34619.76597
2026Q2,ONE LEICESTER,LEICESTER ROAD,13,4.18,3.95,4.37,31795.86842,34619.76597
2026Q2,PICCADILLY GRAND,NORTHUMBERLAND ROAD,08,6.8,6.43,7.16,30116.3324483629,32573.4928598563
2026Q1,PICCADILLY GRAND,NORTHUMBERLAND ROAD,08,6.8,6.04,7.14,30116.3324483629,32573.4928598563
2023Q3,ST THOMAS SUITES,ST. THOMAS WALK,09,5.96,5.5,6.3,28281.12351,31207.01094
2024Q1,ST THOMAS SUITES,ST. THOMAS WALK,09,5.32,5.04,5.47,28281.12351,31207.01094
2024Q3,ST THOMAS SUITES,ST. THOMAS WALK,09,5.46,5.14,5.74,28281.12351,31207.01094
2024Q4,ST THOMAS SUITES,ST. THOMAS WALK,09,5.71,4.99,5.97,28281.12351,31207.01094
2024Q2,ST THOMAS SUITES,ST. THOMAS WALK,09,5.22,4.95,5.5,28281.12351,31207.01094
2025Q1,ST THOMAS SUITES,ST. THOMAS WALK,09,5.5,5.07,5.8,28281.12351,31207.01094
2026Q2,ST THOMAS SUITES,ST. THOMAS WALK,09,5.5,5.18,5.61,28281.12351,31207.01094
2025Q4,ST THOMAS SUITES,ST. THOMAS WALK,09,5.65,5.5,5.85,28281.12351,31207.01094
2025Q3,ST THOMAS SUITES,ST. THOMAS WALK,09,5.76,5.46,6.01,28281.12351,31207.01094
2024Q4,HARBOUR SUITES,KAMPONG BAHRU ROAD,04,5.31,5.01,5.63,27341.24795,28312.01452
2023Q3,POLLEN & BLEU,FARRER DRIVE,10,5.65,5.35,6,25082.6867,32974.23881
2024Q4,POLLEN & BLEU,FARRER DRIVE,10,5.62,5.09,5.99,25082.6867,32974.23881
2025Q3,POLLEN & BLEU,FARRER DRIVE,10,5.81,5.5,6.3,25082.6867,32974.23881
2023Q3,THE CATHAY RESIDENCE,MOUNT SOPHIA,09,5.71,5.52,5.87,29609.01027,31334.63219
2023Q4,THE CATHAY RESIDENCE,MOUNT SOPHIA,09,5.5,5.3,5.79,29609.01027,31334.63219
2024Q4,THE CATHAY RESIDENCE,MOUNT SOPHIA,09,5.71,5.39,5.85,29609.01027,31334.63219
2026Q2,THE CATHAY RESIDENCE,MOUNT SOPHIA,09,5.64,5.44,5.98,29609.01027,31334.63219
2025Q3,THE CATHAY RESIDENCE,MOUNT SOPHIA,09,5.67,5.46,5.8,29609.01027,31334.63219
2023Q3,THE VERVE,JALAN RAJAH,12,6.34,5.14,6.8,29657.90724,34443.76752
2024Q1,THE VERVE,JALAN RAJAH,12,4.81,4.52,6.23,29657.90724,34443.76752
2024Q3,THE VERVE,JALAN RAJAH,12,5.39,4.58,6,29657.90724,34443.76752
2024Q4,THE VERVE,JALAN RAJAH,12,5.22,4.98,6,29657.90724,34443.76752
2025Q4,THE VERVE,JALAN RAJAH,12,5.78,4.98,6.34,29657.90724,34443.76752
2026Q2,THE VERVE,JALAN RAJAH,12,5.35,4.89,6.51,29657.90724,34443.76752
2026Q1,THE VERVE,JALAN RAJAH,12,5.06,4.33,6.2,29657.90724,34443.76752
2025Q2,THE VERVE,JALAN RAJAH,12,4.69,4.58,5.81,29657.90724,34443.76752
2025Q3,THE VERVE,JALAN RAJAH,12,5.21,4.8,6.03,29657.90724,34443.76752
2023Q3,WESTCOVE CONDOMINIUM,WEST COAST CRESCENT,05,3.65,3.49,4.08,20525.56653,31168.91918
2023Q4,WESTCOVE CONDOMINIUM,WEST COAST CRESCENT,05,3.75,3.55,4.09,20525.56653,31168.91918
2024Q2,WESTCOVE CONDOMINIUM,WEST COAST CRESCENT,05,3.77,3.62,3.91,20525.56653,31168.91918
2025Q1,WESTCOVE CONDOMINIUM,WEST COAST CRESCENT,05,3.86,3.46,4.06,20525.56653,31168.91918
2024Q3,WESTCOVE CONDOMINIUM,WEST COAST CRESCENT,05,3.93,3.49,4.21,20525.56653,31168.91918
2024Q4,WESTCOVE CONDOMINIUM,WEST COAST CRESCENT,05,3.73,3.53,3.93,20525.56653,31168.91918
2025Q3,WESTCOVE CONDOMINIUM,WEST COAST CRESCENT,05,3.8,3.45,4.29,20525.56653,31168.91918
2025Q4,WESTCOVE CONDOMINIUM,WEST COAST CRESCENT,05,3.78,3.59,3.95,20525.56653,31168.91918
2026Q1,WESTCOVE CONDOMINIUM,WEST COAST CRESCENT,05,3.96,3.72,4.12,20525.56653,31168.91918
2025Q2,WESTCOVE CONDOMINIUM,WEST COAST CRESCENT,05,3.82,3.56,3.91,20525.56653,31168.91918
2026Q2,WESTCOVE CONDOMINIUM,WEST COAST CRESCENT,05,3.89,3.67,4.1,20525.56653,31168.91918
2023Q4,MARGARET VILLE,MARGARET DRIVE,03,6.99,6.54,7.54,24599.08835,31310.36881
2024Q1,MARGARET VILLE,MARGARET DRIVE,03,6.7,6.15,7.29,24599.08835,31310.36881
2023Q3,MARGARET VILLE,MARGARET DRIVE,03,7.15,7,8.18,24599.08835,31310.36881
2024Q3,MARGARET VILLE,MARGARET DRIVE,03,6.53,6.27,6.87,24599.08835,31310.36881
2024Q4,MARGARET VILLE,MARGARET DRIVE,03,6.85,6.24,7.51,24599.08835,31310.36881
2024Q2,MARGARET VILLE,MARGARET DRIVE,03,6.67,6.26,7.13,24599.08835,31310.36881
2025Q1,MARGARET VILLE,MARGARET DRIVE,03,7.03,6.41,7.94,24599.08835,31310.36881
2025Q4,MARGARET VILLE,MARGARET DRIVE,03,6.83,6.5,7.02,24599.08835,31310.36881
2026Q1,MARGARET VILLE,MARGARET DRIVE,03,6.57,6.34,6.85,24599.08835,31310.36881
2025Q2,MARGARET VILLE,MARGARET DRIVE,03,7.13,6.64,7.56,24599.08835,31310.36881
2025Q3,MARGARET VILLE,MARGARET DRIVE,03,6.64,6.22,7.02,24599.08835,31310.36881
2026Q2,MARGARET VILLE,MARGARET DRIVE,03,6.83,6.43,7.07,24599.08835,31310.36881
2023Q4,10 SHELFORD,SHELFORD ROAD,11,6.01,4.58,6.51,25676.83957,34217.25436
2024Q4,10 SHELFORD,SHELFORD ROAD,11,6.19,4.47,6.48,25676.83957,34217.25436
2024Q2,10 SHELFORD,SHELFORD ROAD,11,5.97,5.7,6.53,25676.83957,34217.25436
2025Q1,10 SHELFORD,SHELFORD ROAD,11,6.45,3.94,6.71,25676.83957,34217.25436
2025Q3,10 SHELFORD,SHELFORD ROAD,11,6.41,4.61,6.88,25676.83957,34217.25436
2023Q3,THE SCALA,SERANGOON AVENUE 3,19,5.66,5.18,6.44,31558.13012,36926.96744
2023Q4,THE SCALA,SERANGOON AVENUE 3,19,5.23,5.06,6.39,31558.13012,36926.96744
2024Q1,THE SCALA,SERANGOON AVENUE 3,19,5.39,5.09,6.32,31558.13012,36926.96744
2024Q3,THE SCALA,SERANGOON AVENUE 3,19,5.4,5.08,6.02,31558.13012,36926.96744
2024Q4,THE SCALA,SERANGOON AVENUE 3,19,5.12,4.84,5.75,31558.13012,36926.96744
2024Q2,THE SCALA,SERANGOON AVENUE 3,19,5.33,4.87,5.89,31558.13012,36926.96744
2025Q1,THE SCALA,SERANGOON AVENUE 3,19,5.24,4.7,6.4,31558.13012,36926.96744
2025Q4,THE SCALA,SERANGOON AVENUE 3,19,5.92,5.19,6.54,31558.13012,36926.96744
2026Q2,THE SCALA,SERANGOON AVENUE 3,19,5.29,5.03,5.7,31558.13012,36926.96744
2026Q1,THE SCALA,SERANGOON AVENUE 3,19,5.25,5.07,5.75,31558.13012,36926.96744
2025Q2,THE SCALA,SERANGOON AVENUE 3,19,5.3,5.07,5.7,31558.13012,36926.96744
2025Q3,THE SCALA,SERANGOON AVENUE 3,19,5.39,4.98,6.33,31558.13012,36926.96744
2024Q1,CUSCADEN RESIDENCES,CUSCADEN ROAD,10,5.44,5.21,5.65,27286.32322,31921.46989
2023Q4,CUSCADEN RESIDENCES,CUSCADEN ROAD,10,5.42,5.06,5.55,27286.32322,31921.46989
2023Q3,CUSCADEN RESIDENCES,CUSCADEN ROAD,10,5.73,5.59,5.87,27286.32322,31921.46989
2024Q3,CUSCADEN RESIDENCES,CUSCADEN ROAD,10,5.27,5.19,5.48,27286.32322,31921.46989
2024Q4,CUSCADEN RESIDENCES,CUSCADEN ROAD,10,5.2,5.1,5.25,27286.32322,31921.46989
2025Q1,CUSCADEN RESIDENCES,CUSCADEN ROAD,10,5.16,4.98,5.2,27286.32322,31921.46989
2025Q4,CUSCADEN RESIDENCES,CUSCADEN ROAD,10,5.32,5.09,5.56,27286.32322,31921.46989
2025Q2,CUSCADEN RESIDENCES,CUSCADEN ROAD,10,5.16,4.97,5.25,27286.32322,31921.46989
2025Q3,CUSCADEN RESIDENCES,CUSCADEN ROAD,10,5.4,5.29,5.67,27286.32322,31921.46989
2026Q2,CUSCADEN RESIDENCES,CUSCADEN ROAD,10,5.25,5.2,5.49,27286.32322,31921.46989
2023Q3,HARBOUR VIEW TOWERS,TELOK BLANGAH DRIVE,04,4.26,4.06,4.72,25248.00062,28284.19378
2024Q3,HARBOUR VIEW TOWERS,TELOK BLANGAH DRIVE,04,3.75,3.45,4.15,25248.00062,28284.19378
2024Q4,HARBOUR VIEW TOWERS,TELOK BLANGAH DRIVE,04,4.14,3.51,4.38,25248.00062,28284.19378
2025Q1,HARBOUR VIEW TOWERS,TELOK BLANGAH DRIVE,04,4.23,3.78,4.61,25248.00062,28284.19378
2025Q4,HARBOUR VIEW TOWERS,TELOK BLANGAH DRIVE,04,4.72,3.98,4.9,25248.00062,28284.19378
2026Q1,HARBOUR VIEW TOWERS,TELOK BLANGAH DRIVE,04,4.39,3.9,4.77,25248.00062,28284.19378
2025Q3,HARBOUR VIEW TOWERS,TELOK BLANGAH DRIVE,04,4.21,3.66,4.68,25248.00062,28284.19378
2023Q4,PARC IMPERIAL,PASIR PANJANG ROAD,05,7.38,7.06,7.72,22480.15063,29317.40053
2024Q1,PARC IMPERIAL,PASIR PANJANG ROAD,05,7.28,6.66,7.53,22480.15063,29317.40053
2023Q3,PARC IMPERIAL,PASIR PANJANG ROAD,05,7.53,7.29,7.85,22480.15063,29317.40053
2024Q3,PARC IMPERIAL,PASIR PANJANG ROAD,05,7.53,6.85,7.86,22480.15063,29317.40053
2024Q4,PARC IMPERIAL,PASIR PANJANG ROAD,05,7.4,7.15,7.78,22480.15063,29317.40053
2024Q2,PARC IMPERIAL,PASIR PANJANG ROAD,05,7.13,6.61,7.89,22480.15063,29317.40053
2025Q1,PARC IMPERIAL,PASIR PANJANG ROAD,05,7.28,6.53,7.78,22480.15063,29317.40053
2025Q4,PARC IMPERIAL,PASIR PANJANG ROAD,05,7.48,7.28,8.08,22480.15063,29317.40053
2026Q1,PARC IMPERIAL,PASIR PANJANG ROAD,05,7.33,6.91,8,22480.15063,29317.40053
2025Q2,PARC IMPERIAL,PASIR PANJANG ROAD,05,7.15,6.7,7.28,22480.15063,29317.40053
2025Q3,PARC IMPERIAL,PASIR PANJANG ROAD,05,7.38,7.15,7.66,22480.15063,29317.40053
2026Q2,PARC IMPERIAL,PASIR PANJANG ROAD,05,7.28,6.88,7.45,22480.15063,29317.40053
2023Q4,8@WOODLEIGH,WOODLEIGH CLOSE,13,5.14,4.97,6.64,32049.20109,35404.27824
2023Q3,8@WOODLEIGH,WOODLEIGH CLOSE,13,5.16,4.91,5.37,32049.20109,35404.27824
2024Q1,8@WOODLEIGH,WOODLEIGH CLOSE,13,5,4.78,5.37,32049.20109,35404.27824
2024Q4,8@WOODLEIGH,WOODLEIGH CLOSE,13,5.14,4.91,5.4,32049.20109,35404.27824
2024Q2,8@WOODLEIGH,WOODLEIGH CLOSE,13,5,4.6,6,32049.20109,35404.27824
2025Q1,8@WOODLEIGH,WOODLEIGH CLOSE,13,5.09,4.92,5.44,32049.20109,35404.27824
2024Q3,8@WOODLEIGH,WOODLEIGH CLOSE,13,5.09,4.99,5.26,32049.20109,35404.27824
2026Q1,8@WOODLEIGH,WOODLEIGH CLOSE,13,5.3,5,5.49,32049.20109,35404.27824
2025Q2,8@WOODLEIGH,WOODLEIGH CLOSE,13,5.28,5,5.99,32049.20109,35404.27824
2025Q3,8@WOODLEIGH,WOODLEIGH CLOSE,13,5.1,4.79,5.34,32049.20109,35404.27824
2026Q2,8@WOODLEIGH,WOODLEIGH CLOSE,13,5.42,4.96,6.41,32049.20109,35404.27824
2026Q1,YISHUN SAPPHIRE,CANBERRA DRIVE,27,3.12,2.94,3.29,27701.5029,46881.2339
2024Q1,CAVENDISH PARK,PINE GROVE,21,4.18,4.05,4.2,21627.08831,33224.81912
2023Q4,CAVENDISH PARK,PINE GROVE,21,4.22,3.94,4.49,21627.08831,33224.81912
2023Q3,CAVENDISH PARK,PINE GROVE,21,4.07,3.8,4.26,21627.08831,33224.81912
2024Q3,CAVENDISH PARK,PINE GROVE,21,4.07,3.64,4.61,21627.08831,33224.81912
2026Q1,CAVENDISH PARK,PINE GROVE,21,4.16,4.01,4.39,21627.08831,33224.81912
2025Q3,CAVENDISH PARK,PINE GROVE,21,3.67,3.51,4.05,21627.08831,33224.81912
2026Q2,CAVENDISH PARK,PINE GROVE,21,4.11,3.97,4.32,21627.08831,33224.81912
2024Q3,CUSCADEN RESERVE,CUSCADEN ROAD,10,8.55,8.42,8.78,27101.975,31780.86982
2024Q4,CUSCADEN RESERVE,CUSCADEN ROAD,10,8.44,8.17,8.86,27101.975,31780.86982
2025Q1,CUSCADEN RESERVE,CUSCADEN ROAD,10,8.54,8.07,8.71,27101.975,31780.86982
2026Q1,CUSCADEN RESERVE,CUSCADEN ROAD,10,8.58,8.09,8.77,27101.975,31780.86982
2025Q2,CUSCADEN RESERVE,CUSCADEN ROAD,10,8.32,8.05,8.57,27101.975,31780.86982
2025Q3,CUSCADEN RESERVE,CUSCADEN ROAD,10,8.58,8,8.67,27101.975,31780.86982
2024Q1,LOTUS AT JOO CHIAT,EVERITT ROAD,15,4.35,3.74,5.16,35672.69914,32920.70953
2024Q4,LOTUS AT JOO CHIAT,EVERITT ROAD,15,3.9,3.38,4.7,35672.69914,32920.70953
2023Q3,E MAISON,BRADDELL ROAD,13,4.73,4.25,4.85,31945.4059,36256.3451
2026Q1,E MAISON,BRADDELL ROAD,13,4.59,4.26,4.98,31945.4059,36256.3451
2023Q3,THE AZURE,OCEAN DRIVE,04,5.45,5.19,5.68,29628.03341,26004.79576
2024Q3,THE AZURE,OCEAN DRIVE,04,4.86,4.63,4.97,29628.03341,26004.79576
2024Q4,THE AZURE,OCEAN DRIVE,04,5.18,4.9,5.43,29628.03341,26004.79576
2024Q2,THE AZURE,OCEAN DRIVE,04,4.72,4.52,5.15,29628.03341,26004.79576
2026Q1,THE AZURE,OCEAN DRIVE,04,5.08,4.79,5.27,29628.03341,26004.79576
2025Q2,THE AZURE,OCEAN DRIVE,04,5.48,4.95,5.64,29628.03341,26004.79576
2023Q4,KINGSFORD WATERBAY,UPPER SERANGOON VIEW,19,5.31,4.82,5.7,35670.04728,39502.63349
2024Q1,KINGSFORD WATERBAY,UPPER SERANGOON VIEW,19,4.79,4.43,5.23,35670.04728,39502.63349
2023Q3,KINGSFORD WATERBAY,UPPER SERANGOON VIEW,19,5.07,4.7,5.47,35670.04728,39502.63349
2024Q3,KINGSFORD WATERBAY,UPPER SERANGOON VIEW,19,4.65,4.12,5.13,35670.04728,39502.63349
2024Q4,KINGSFORD WATERBAY,UPPER SERANGOON VIEW,19,4.87,4.5,5.57,35670.04728,39502.63349
2024Q2,KINGSFORD WATERBAY,UPPER SERANGOON VIEW,19,4.72,4.34,5.21,35670.04728,39502.63349
2025Q1,KINGSFORD WATERBAY,UPPER SERANGOON VIEW,19,4.72,4.42,5.14,35670.04728,39502.63349
2025Q4,KINGSFORD WATERBAY,UPPER SERANGOON VIEW,19,4.61,4.24,5.2,35670.04728,39502.63349
2026Q1,KINGSFORD WATERBAY,UPPER SERANGOON VIEW,19,4.57,4.36,5.21,35670.04728,39502.63349
2025Q2,KINGSFORD WATERBAY,UPPER SERANGOON VIEW,19,4.72,4.5,5.21,35670.04728,39502.63349
2025Q3,KINGSFORD WATERBAY,UPPER SERANGOON VIEW,19,4.72,4.39,5.12,35670.04728,39502.63349
2026Q2,KINGSFORD WATERBAY,UPPER SERANGOON VIEW,19,4.79,4.53,5.16,35670.04728,39502.63349
2023Q4,OLEANDER TOWERS,LORONG 1 TOA PAYOH,12,4.3,4.03,4.48,29218.05311,35049.11631
2024Q1,OLEANDER TOWERS,LORONG 1 TOA PAYOH,12,3.93,3.74,4.12,29218.05311,35049.11631
2023Q3,OLEANDER TOWERS,LORONG 1 TOA PAYOH,12,3.72,3.5,4.15,29218.05311,35049.11631
2024Q3,OLEANDER TOWERS,LORONG 1 TOA PAYOH,12,4.13,3.89,4.33,29218.05311,35049.11631
2024Q4,OLEANDER TOWERS,LORONG 1 TOA PAYOH,12,4.17,3.65,4.3,29218.05311,35049.11631
2024Q2,OLEANDER TOWERS,LORONG 1 TOA PAYOH,12,4.25,3.77,4.41,29218.05311,35049.11631
2025Q1,OLEANDER TOWERS,LORONG 1 TOA PAYOH,12,4.34,4.09,4.53,29218.05311,35049.11631
2025Q4,OLEANDER TOWERS,LORONG 1 TOA PAYOH,12,4.3,3.82,4.39,29218.05311,35049.11631
2026Q1,OLEANDER TOWERS,LORONG 1 TOA PAYOH,12,4.14,3.82,4.17,29218.05311,35049.11631
2025Q2,OLEANDER TOWERS,LORONG 1 TOA PAYOH,12,4.03,3.98,4.36,29218.05311,35049.11631
2025Q3,OLEANDER TOWERS,LORONG 1 TOA PAYOH,12,3.94,3.71,4.32,29218.05311,35049.11631
2026Q2,OLEANDER TOWERS,LORONG 1 TOA PAYOH,12,4.05,3.84,4.48,29218.05311,35049.11631
2024Q3,THE LEGEND,BUKIT TIMAH ROAD,10,3.54,3.23,4.04,27567.82085,33404.13674
2026Q2,THE LEGEND,BUKIT TIMAH ROAD,10,3.91,3.75,4.08,27567.82085,33404.13674
2023Q3,EIGHT RIVERSUITES,WHAMPOA EAST,12,5.51,5.15,7.05,31447.44333,33768.57764
2023Q4,EIGHT RIVERSUITES,WHAMPOA EAST,12,5.57,5.1,6.85,31447.44333,33768.57764
2024Q1,EIGHT RIVERSUITES,WHAMPOA EAST,12,5.57,5,6.6,31447.44333,33768.57764
2024Q3,EIGHT RIVERSUITES,WHAMPOA EAST,12,5.41,4.95,6.8,31447.44333,33768.57764
2024Q4,EIGHT RIVERSUITES,WHAMPOA EAST,12,5.72,5.16,6.8,31447.44333,33768.57764
2024Q2,EIGHT RIVERSUITES,WHAMPOA EAST,12,5.55,5,6.8,31447.44333,33768.57764
2025Q1,EIGHT RIVERSUITES,WHAMPOA EAST,12,5.43,4.89,6.71,31447.44333,33768.57764
2025Q4,EIGHT RIVERSUITES,WHAMPOA EAST,12,6.06,5.27,6.8,31447.44333,33768.57764
2026Q1,EIGHT RIVERSUITES,WHAMPOA EAST,12,5.72,5.43,6.8,31447.44333,33768.57764
2025Q2,EIGHT RIVERSUITES,WHAMPOA EAST,12,5.57,5.21,6.68,31447.44333,33768.57764
2025Q3,EIGHT RIVERSUITES,WHAMPOA EAST,12,5.57,5.1,6.8,31447.44333,33768.57764
2026Q2,EIGHT RIVERSUITES,WHAMPOA EAST,12,6.56,5.43,6.83,31447.44333,33768.57764
2023Q3,THE VIRIDIAN,JALAN AMPAS,12,6.1,5.78,6.55,30047.28254,34255.79386
2025Q1,THE VIRIDIAN,JALAN AMPAS,12,5.71,5.51,5.92,30047.28254,34255.79386
2025Q4,THE VIRIDIAN,JALAN AMPAS,12,5.73,5.57,5.85,30047.28254,34255.79386
2025Q2,THE VIRIDIAN,JALAN AMPAS,12,5.88,5.55,5.93,30047.28254,34255.79386
2024Q2,PINEWOOD GARDENS,BALMORAL PARK,10,3.85,3.6,4.04,27629.90537,33075.52484
2025Q1,PINEWOOD GARDENS,BALMORAL PARK,10,3.95,3.83,4.12,27629.90537,33075.52484
2026Q2,PINEWOOD GARDENS,BALMORAL PARK,10,4.11,3.75,4.35,27629.90537,33075.52484
2023Q4,LEONIE CONDOTEL,LEONIE HILL ROAD,09,4.31,4.18,4.39,28073.61526,31038.16032
2024Q1,LEONIE CONDOTEL,LEONIE HILL ROAD,09,4.41,4.17,4.41,28073.61526,31038.16032
2023Q3,LEONIE CONDOTEL,LEONIE HILL ROAD,09,4.37,4.17,4.56,28073.61526,31038.16032
2024Q3,LEONIE CONDOTEL,LEONIE HILL ROAD,09,4.28,4.11,4.41,28073.61526,31038.16032
2024Q4,LEONIE CONDOTEL,LEONIE HILL ROAD,09,4.14,4.06,4.22,28073.61526,31038.16032
2024Q2,LEONIE CONDOTEL,LEONIE HILL ROAD,09,4.13,4.04,4.34,28073.61526,31038.16032
2025Q1,LEONIE CONDOTEL,LEONIE HILL ROAD,09,4.2,4.08,4.25,28073.61526,31038.16032
2025Q4,LEONIE CONDOTEL,LEONIE HILL ROAD,09,4.22,4.15,4.35,28073.61526,31038.16032
2026Q1,LEONIE CONDOTEL,LEONIE HILL ROAD,09,4.33,4.28,4.48,28073.61526,31038.16032
2025Q2,LEONIE CONDOTEL,LEONIE HILL ROAD,09,4.22,4.14,4.27,28073.61526,31038.16032
2025Q3,LEONIE CONDOTEL,LEONIE HILL ROAD,09,4.14,3.96,4.29,28073.61526,31038.16032
2026Q2,LEONIE CONDOTEL,LEONIE HILL ROAD,09,4.28,4.22,4.46,28073.61526,31038.16032
2023Q3,FORESQUE RESIDENCES,PETIR ROAD,23,4.65,4.24,5.05,21682.41413,39040.88207
2023Q4,FORESQUE RESIDENCES,PETIR ROAD,23,4.46,4.15,5.02,21682.41413,39040.88207
2024Q1,FORESQUE RESIDENCES,PETIR ROAD,23,4.65,4.16,4.86,21682.41413,39040.88207
2024Q3,FORESQUE RESIDENCES,PETIR ROAD,23,4.47,4,4.93,21682.41413,39040.88207
2024Q4,FORESQUE RESIDENCES,PETIR ROAD,23,4.88,4.42,5.83,21682.41413,39040.88207
2024Q2,FORESQUE RESIDENCES,PETIR ROAD,23,4.31,3.95,4.54,21682.41413,39040.88207
2025Q1,FORESQUE RESIDENCES,PETIR ROAD,23,4.51,4.01,4.87,21682.41413,39040.88207
2025Q4,FORESQUE RESIDENCES,PETIR ROAD,23,4.62,4.39,5.46,21682.41413,39040.88207
2026Q1,FORESQUE RESIDENCES,PETIR ROAD,23,4.58,4.33,5.09,21682.41413,39040.88207
2025Q2,FORESQUE RESIDENCES,PETIR ROAD,23,4.19,3.82,4.51,21682.41413,39040.88207
2025Q3,FORESQUE RESIDENCES,PETIR ROAD,23,4.5,4.05,4.85,21682.41413,39040.88207
2026Q2,FORESQUE RESIDENCES,PETIR ROAD,23,4.67,4.41,4.79,21682.41413,39040.88207
2024Q1,THE MARBELLA,MOUNT SINAI RISE,10,4.6,4.55,4.67,21836.49299,32962.4605
2023Q4,THE MARBELLA,MOUNT SINAI RISE,10,4.68,4.42,4.74,21836.49299,32962.4605
2024Q3,THE MARBELLA,MOUNT SINAI RISE,10,4.21,4.04,4.31,21836.49299,32962.4605
2024Q2,THE MARBELLA,MOUNT SINAI RISE,10,4.25,4,4.47,21836.49299,32962.4605
2025Q1,THE MARBELLA,MOUNT SINAI RISE,10,4.2,3.99,4.34,21836.49299,32962.4605
2026Q2,THE MARBELLA,MOUNT SINAI RISE,10,4.22,4.16,4.33,21836.49299,32962.4605
2025Q4,THE MARBELLA,MOUNT SINAI RISE,10,4.22,4.04,4.31,21836.49299,32962.4605
2025Q3,THE MARBELLA,MOUNT SINAI RISE,10,4.27,4.19,4.36,21836.49299,32962.4605
2024Q3,MARTIN NO 38,MARTIN ROAD,09,6.97,6.3,7.17,28535.74848,30508.89555
2024Q2,MARTIN NO 38,MARTIN ROAD,09,6.99,6.73,7.28,28535.74848,30508.89555
2025Q1,MARTIN NO 38,MARTIN ROAD,09,7.15,6.56,7.43,28535.74848,30508.89555
2026Q2,MARTIN NO 38,MARTIN ROAD,09,7.23,7.09,7.43,28535.74848,30508.89555
2025Q3,NEU AT NOVENA,MOULMEIN RISE,11,6.58,6.29,7.16,29415.53182,33535.54537
2023Q4,THE COLONNADE,GRANGE ROAD,10,4.21,3.87,4.51,27354.04571,31337.30787
2024Q1,THE COLONNADE,GRANGE ROAD,10,4.4,3.87,4.98,27354.04571,31337.30787
2024Q3,THE COLONNADE,GRANGE ROAD,10,4.5,4.29,4.96,27354.04571,31337.30787
2024Q4,THE COLONNADE,GRANGE ROAD,10,4.42,4,4.5,27354.04571,31337.30787
2024Q2,THE COLONNADE,GRANGE ROAD,10,4.52,4.3,5.03,27354.04571,31337.30787
2025Q1,THE COLONNADE,GRANGE ROAD,10,4.57,4.46,4.98,27354.04571,31337.30787
2026Q2,THE COLONNADE,GRANGE ROAD,10,4.76,4.57,5.01,27354.04571,31337.30787
2026Q1,THE COLONNADE,GRANGE ROAD,10,4.57,4.57,4.96,27354.04571,31337.30787
2025Q2,THE COLONNADE,GRANGE ROAD,10,4.71,4.15,5.18,27354.04571,31337.30787
2024Q1,DOMAIN 21,DELTA ROAD,03,5.64,5.29,5.84,27136.87236,30461.83428
2024Q3,DOMAIN 21,DELTA ROAD,03,5.42,5.39,5.72,27136.87236,30461.83428
2024Q1,THE HILLIER,HILLVIEW RISE,23,5.21,4.97,5.7,20292.23213,38335.92049
2023Q4,THE HILLIER,HILLVIEW RISE,23,5.32,5.05,5.63,20292.23213,38335.92049
2023Q3,THE HILLIER,HILLVIEW RISE,23,5.57,5.23,5.85,20292.23213,38335.92049
2024Q3,THE HILLIER,HILLVIEW RISE,23,5.01,4.73,5.71,20292.23213,38335.92049
2024Q4,THE HILLIER,HILLVIEW RISE,23,5.05,4.8,5.34,20292.23213,38335.92049
2024Q2,THE HILLIER,HILLVIEW RISE,23,5.04,4.8,5.35,20292.23213,38335.92049
2025Q1,THE HILLIER,HILLVIEW RISE,23,5.29,4.97,5.65,20292.23213,38335.92049
2026Q2,THE HILLIER,HILLVIEW RISE,23,5.16,4.89,5.54,20292.23213,38335.92049
2025Q4,THE HILLIER,HILLVIEW RISE,23,5.01,4.8,5.38,20292.23213,38335.92049
2026Q1,THE HILLIER,HILLVIEW RISE,23,5.06,4.89,5.45,20292.23213,38335.92049
2025Q2,THE HILLIER,HILLVIEW RISE,23,5,4.8,5.54,20292.23213,38335.92049
2025Q3,THE HILLIER,HILLVIEW RISE,23,5.13,4.83,5.45,20292.23213,38335.92049
2026Q2,PENROSE,SIMS DRIVE,14,6.19,5.81,6.86,33187.38616,33461.8446
2025Q4,PENROSE,SIMS DRIVE,14,5.92,5.68,6.51,33187.38616,33461.8446
2026Q1,PENROSE,SIMS DRIVE,14,6.3,6.07,6.63,33187.38616,33461.8446
2025Q2,PENROSE,SIMS DRIVE,14,6.17,5.92,6.54,33187.38616,33461.8446
2025Q3,PENROSE,SIMS DRIVE,14,6,5.65,6.23,33187.38616,33461.8446
2023Q4,KUM HING COURT,TOMLINSON ROAD,10,3.08,2.77,3.08,27227.81406,31613.02626
2023Q3,KUM HING COURT,TOMLINSON ROAD,10,2.95,2.77,3.08,27227.81406,31613.02626
2024Q3,KUM HING COURT,TOMLINSON ROAD,10,3.08,3.01,3.08,27227.81406,31613.02626
2024Q4,KUM HING COURT,TOMLINSON ROAD,10,3.08,2.98,3.2,27227.81406,31613.02626
2025Q1,KUM HING COURT,TOMLINSON ROAD,10,3.2,3.08,3.34,27227.81406,31613.02626
2025Q4,KUM HING COURT,TOMLINSON ROAD,10,3.38,2.95,3.38,27227.81406,31613.02626
2025Q2,KUM HING COURT,TOMLINSON ROAD,10,3.14,3.08,3.21,27227.81406,31613.02626
2025Q3,KUM HING COURT,TOMLINSON ROAD,10,3.08,2.98,3.25,27227.81406,31613.02626
2024Q1,THE HILLSIDE,UPPER BUKIT TIMAH ROAD,21,3.27,3.13,3.48,20695.13436,37197.63854
2023Q4,THE HILLSIDE,UPPER BUKIT TIMAH ROAD,21,3.3,3.2,3.87,20695.13436,37197.63854
2023Q3,THE HILLSIDE,UPPER BUKIT TIMAH ROAD,21,3.43,3.14,3.71,20695.13436,37197.63854
2024Q3,THE HILLSIDE,UPPER BUKIT TIMAH ROAD,21,3.27,3.15,3.43,20695.13436,37197.63854
2024Q4,THE HILLSIDE,UPPER BUKIT TIMAH ROAD,21,3.39,3.32,3.69,20695.13436,37197.63854
2024Q2,THE HILLSIDE,UPPER BUKIT TIMAH ROAD,21,3.07,2.99,3.24,20695.13436,37197.63854
2025Q1,THE HILLSIDE,UPPER BUKIT TIMAH ROAD,21,3.27,3.09,3.4,20695.13436,37197.63854
2026Q2,THE HILLSIDE,UPPER BUKIT TIMAH ROAD,21,3.23,3.04,3.52,20695.13436,37197.63854
2026Q1,THE HILLSIDE,UPPER BUKIT TIMAH ROAD,21,3.33,3.24,3.43,20695.13436,37197.63854
2025Q2,THE HILLSIDE,UPPER BUKIT TIMAH ROAD,21,3.5,3.24,3.53,20695.13436,37197.63854
2025Q3,THE HILLSIDE,UPPER BUKIT TIMAH ROAD,21,3.43,3.26,3.54,20695.13436,37197.63854
2023Q4,LUMIERE,MISTRI ROAD,02,6.24,6.12,6.5,29404.89815,28521.51839
2024Q1,LUMIERE,MISTRI ROAD,02,6.12,5.82,6.71,29404.89815,28521.51839
2023Q3,LUMIERE,MISTRI ROAD,02,6.34,6.14,6.97,29404.89815,28521.51839
2024Q3,LUMIERE,MISTRI ROAD,02,6.02,5.79,6.56,29404.89815,28521.51839
2024Q4,LUMIERE,MISTRI ROAD,02,5.9,5.61,6.51,29404.89815,28521.51839
2024Q2,LUMIERE,MISTRI ROAD,02,6.3,5.79,7.23,29404.89815,28521.51839
2025Q1,LUMIERE,MISTRI ROAD,02,6.09,5.6,6.35,29404.89815,28521.51839
2025Q4,LUMIERE,MISTRI ROAD,02,6.09,5.89,6.35,29404.89815,28521.51839
2026Q1,LUMIERE,MISTRI ROAD,02,5.96,5.65,6.28,29404.89815,28521.51839
2025Q2,LUMIERE,MISTRI ROAD,02,5.67,5.42,6.33,29404.89815,28521.51839
2025Q3,LUMIERE,MISTRI ROAD,02,5.99,5.76,6.27,29404.89815,28521.51839
2026Q2,LUMIERE,MISTRI ROAD,02,6.25,5.57,7.09,29404.89815,28521.51839
2023Q4,NEWTON GEMS,NEWTON ROAD,11,4.99,4.8,5.54,29014.76702,33238.71319
2024Q1,NEWTON GEMS,NEWTON ROAD,11,4.89,4.61,5.26,29014.76702,33238.71319
2023Q3,NEWTON GEMS,NEWTON ROAD,11,5.27,4.76,5.46,29014.76702,33238.71319
2024Q3,NEWTON GEMS,NEWTON ROAD,11,4.58,4.37,4.72,29014.76702,33238.71319
2024Q4,NEWTON GEMS,NEWTON ROAD,11,4.47,4.36,4.59,29014.76702,33238.71319
2024Q2,NEWTON GEMS,NEWTON ROAD,11,4.65,4.3,4.96,29014.76702,33238.71319
2025Q1,NEWTON GEMS,NEWTON ROAD,11,4.33,4.27,4.59,29014.76702,33238.71319
2025Q4,NEWTON GEMS,NEWTON ROAD,11,4.46,4.1,4.59,29014.76702,33238.71319
2026Q1,NEWTON GEMS,NEWTON ROAD,11,4.49,4.31,4.59,29014.76702,33238.71319
2025Q2,NEWTON GEMS,NEWTON ROAD,11,4.37,4.15,4.58,29014.76702,33238.71319
2025Q3,NEWTON GEMS,NEWTON ROAD,11,4.38,4.24,4.59,29014.76702,33238.71319
2026Q2,NEWTON GEMS,NEWTON ROAD,11,4.59,4.58,4.79,29014.76702,33238.71319
2023Q3,THE SORRENTO,WEST COAST ROAD,05,5.79,5.37,6.71,20512.94915,30896.0466
2024Q3,THE SORRENTO,WEST COAST ROAD,05,6.48,5.86,7.19,20512.94915,30896.0466
2024Q2,THE SORRENTO,WEST COAST ROAD,05,6.44,5.92,6.97,20512.94915,30896.0466
2025Q2,THE SORRENTO,WEST COAST ROAD,05,6.51,5.72,6.76,20512.94915,30896.0466
2025Q3,THE SORRENTO,WEST COAST ROAD,05,6.72,4.48,6.8,20512.94915,30896.0466
2024Q1,CENTRA HEIGHTS,SIMS AVENUE,14,6.27,5.83,6.5,33921.65774,33166.65187
2024Q3,CENTRA HEIGHTS,SIMS AVENUE,14,6.6,6.2,6.91,33921.65774,33166.65187
2024Q4,CENTRA HEIGHTS,SIMS AVENUE,14,5.83,5.78,6.19,33921.65774,33166.65187
2025Q1,CENTRA HEIGHTS,SIMS AVENUE,14,6.32,5.91,6.76,33921.65774,33166.65187
2025Q4,CENTRA HEIGHTS,SIMS AVENUE,14,6.39,5.81,6.56,33921.65774,33166.65187
2026Q1,CENTRA HEIGHTS,SIMS AVENUE,14,6.37,5.78,6.62,33921.65774,33166.65187
2025Q2,CENTRA HEIGHTS,SIMS AVENUE,14,6.5,6.02,6.87,33921.65774,33166.65187
2025Q3,CENTRA HEIGHTS,SIMS AVENUE,14,6.48,6.16,7.04,33921.65774,33166.65187
2023Q4,OUE TWIN PEAKS,LEONIE HILL ROAD,09,8.06,7.5,8.58,28019.05328,31271.68214
2024Q1,OUE TWIN PEAKS,LEONIE HILL ROAD,09,7.47,7.06,8.06,28019.05328,31271.68214
2023Q3,OUE TWIN PEAKS,LEONIE HILL ROAD,09,8.2,7.83,8.56,28019.05328,31271.68214
2024Q3,OUE TWIN PEAKS,LEONIE HILL ROAD,09,7.36,7.04,7.88,28019.05328,31271.68214
2024Q4,OUE TWIN PEAKS,LEONIE HILL ROAD,09,7.71,7.29,8.08,28019.05328,31271.68214
2024Q2,OUE TWIN PEAKS,LEONIE HILL ROAD,09,7.54,7.2,8.03,28019.05328,31271.68214
2025Q1,OUE TWIN PEAKS,LEONIE HILL ROAD,09,7.86,7.39,8.34,28019.05328,31271.68214
2025Q4,OUE TWIN PEAKS,LEONIE HILL ROAD,09,7.71,7.29,8.01,28019.05328,31271.68214
2026Q1,OUE TWIN PEAKS,LEONIE HILL ROAD,09,7.65,7.24,8.06,28019.05328,31271.68214
2025Q2,OUE TWIN PEAKS,LEONIE HILL ROAD,09,7.65,7.29,7.92,28019.05328,31271.68214
2025Q3,OUE TWIN PEAKS,LEONIE HILL ROAD,09,7.65,7.29,8.01,28019.05328,31271.68214
2026Q2,OUE TWIN PEAKS,LEONIE HILL ROAD,09,7.62,7.29,8.03,28019.05328,31271.68214
2024Q1,THE METROPOLITAN CONDOMINIUM,ALEXANDRA VIEW,03,5.67,4.75,5.96,26066.104,30327.54749
2023Q3,THE METROPOLITAN CONDOMINIUM,ALEXANDRA VIEW,03,5.12,4.56,5.49,26066.104,30327.54749
2023Q4,THE METROPOLITAN CONDOMINIUM,ALEXANDRA VIEW,03,5.07,4.6,5.81,26066.104,30327.54749
2024Q3,THE METROPOLITAN CONDOMINIUM,ALEXANDRA VIEW,03,5.05,4.72,5.4,26066.104,30327.54749
2024Q4,THE METROPOLITAN CONDOMINIUM,ALEXANDRA VIEW,03,5.13,4.99,5.44,26066.104,30327.54749
2024Q2,THE METROPOLITAN CONDOMINIUM,ALEXANDRA VIEW,03,5.4,5.03,5.81,26066.104,30327.54749
2025Q1,THE METROPOLITAN CONDOMINIUM,ALEXANDRA VIEW,03,5.03,4.61,5.42,26066.104,30327.54749
2026Q2,THE METROPOLITAN CONDOMINIUM,ALEXANDRA VIEW,03,5.29,4.91,5.94,26066.104,30327.54749
2025Q4,THE METROPOLITAN CONDOMINIUM,ALEXANDRA VIEW,03,5,4.68,5.53,26066.104,30327.54749
2026Q1,THE METROPOLITAN CONDOMINIUM,ALEXANDRA VIEW,03,5.13,4.96,5.34,26066.104,30327.54749
2025Q2,THE METROPOLITAN CONDOMINIUM,ALEXANDRA VIEW,03,5.57,5.07,5.96,26066.104,30327.54749
2025Q3,THE METROPOLITAN CONDOMINIUM,ALEXANDRA VIEW,03,5.31,4.97,5.65,26066.104,30327.54749
2023Q3,FABER CREST,FABER HEIGHTS,05,3.84,3.55,4.14,19579.88134,33973.78263
2024Q3,FABER CREST,FABER HEIGHTS,05,3.48,3.31,3.63,19579.88134,33973.78263
2025Q3,FABER CREST,FABER HEIGHTS,05,3.6,3.32,3.75,19579.88134,33973.78263
2023Q4,HIGHLINE RESIDENCES,KIM TIAN ROAD,03,7.49,6.85,8,27600.64475,29616.22695
2024Q1,HIGHLINE RESIDENCES,KIM TIAN ROAD,03,7.65,6.84,8.08,27600.64475,29616.22695
2023Q3,HIGHLINE RESIDENCES,KIM TIAN ROAD,03,8,7.36,8.5,27600.64475,29616.22695
2024Q3,HIGHLINE RESIDENCES,KIM TIAN ROAD,03,7.49,6.95,7.98,27600.64475,29616.22695
2024Q4,HIGHLINE RESIDENCES,KIM TIAN ROAD,03,7.56,7.08,8,27600.64475,29616.22695
2024Q2,HIGHLINE RESIDENCES,KIM TIAN ROAD,03,7.43,7.05,7.91,27600.64475,29616.22695
2025Q1,HIGHLINE RESIDENCES,KIM TIAN ROAD,03,7.51,7.04,7.87,27600.64475,29616.22695
2025Q4,HIGHLINE RESIDENCES,KIM TIAN ROAD,03,7.61,7.13,7.89,27600.64475,29616.22695
2026Q1,HIGHLINE RESIDENCES,KIM TIAN ROAD,03,7.71,6.95,8.03,27600.64475,29616.22695
2025Q2,HIGHLINE RESIDENCES,KIM TIAN ROAD,03,7.79,7.43,8.22,27600.64475,29616.22695
2025Q3,HIGHLINE RESIDENCES,KIM TIAN ROAD,03,7.41,7.17,7.91,27600.64475,29616.22695
2026Q2,HIGHLINE RESIDENCES,KIM TIAN ROAD,03,7.8,7.34,8.39,27600.64475,29616.22695
2023Q3,ZEDGE,AKYAB ROAD,11,5.48,5.23,6.62,29660.41177,33844.096
2024Q2,ZEDGE,AKYAB ROAD,11,5.15,4.99,5.7,29660.41177,33844.096
2024Q3,ZEDGE,AKYAB ROAD,11,5.43,5.14,6.26,29660.41177,33844.096
2024Q4,ZEDGE,AKYAB ROAD,11,5.25,4.86,6.16,29660.41177,33844.096
2025Q4,ZEDGE,AKYAB ROAD,11,5.23,4.78,6.3,29660.41177,33844.096
2024Q1,ZEDGE,AKYAB ROAD,11,5.33,4.65,5.72,29660.41177,33844.096
2026Q1,ZEDGE,AKYAB ROAD,11,5.21,4.95,5.69,29660.41177,33844.096
2023Q3,THE DAIRY FARM,DAIRY FARM ROAD,23,3.05,2.75,3.34,20960.90838,38464.41311
2023Q4,THE DAIRY FARM,DAIRY FARM ROAD,23,2.84,2.61,2.96,20960.90838,38464.41311
2024Q1,THE DAIRY FARM,DAIRY FARM ROAD,23,3.27,3.12,3.36,20960.90838,38464.41311
2024Q3,THE DAIRY FARM,DAIRY FARM ROAD,23,2.89,2.55,3.2,20960.90838,38464.41311
2024Q4,THE DAIRY FARM,DAIRY FARM ROAD,23,3.02,2.68,3.12,20960.90838,38464.41311
2024Q2,THE DAIRY FARM,DAIRY FARM ROAD,23,2.81,2.66,3.04,20960.90838,38464.41311
2025Q1,THE DAIRY FARM,DAIRY FARM ROAD,23,3.18,2.98,3.51,20960.90838,38464.41311
2026Q2,THE DAIRY FARM,DAIRY FARM ROAD,23,2.98,2.83,3.08,20960.90838,38464.41311
2025Q4,THE DAIRY FARM,DAIRY FARM ROAD,23,2.96,2.85,3.49,20960.90838,38464.41311
2026Q1,THE DAIRY FARM,DAIRY FARM ROAD,23,3.29,3.11,3.43,20960.90838,38464.41311
2025Q2,THE DAIRY FARM,DAIRY FARM ROAD,23,3.12,2.89,3.28,20960.90838,38464.41311
2025Q3,THE DAIRY FARM,DAIRY FARM ROAD,23,3.18,2.9,3.32,20960.90838,38464.41311
2024Q1,THE GALE,FLORA ROAD,17,3.5,3.22,3.64,42823.00477,37911.92475
2023Q3,THE GALE,FLORA ROAD,17,3.68,3.48,3.88,42823.00477,37911.92475
2023Q4,THE GALE,FLORA ROAD,17,3.48,3.35,3.72,42823.00477,37911.92475
2024Q3,THE GALE,FLORA ROAD,17,3.31,3.12,3.57,42823.00477,37911.92475
2024Q4,THE GALE,FLORA ROAD,17,3.53,3.32,3.6,42823.00477,37911.92475
2024Q2,THE GALE,FLORA ROAD,17,3.44,3.24,3.64,42823.00477,37911.92475
2025Q1,THE GALE,FLORA ROAD,17,3.31,3.24,3.57,42823.00477,37911.92475
2026Q2,THE GALE,FLORA ROAD,17,3.5,3.39,3.6,42823.00477,37911.92475
2025Q4,THE GALE,FLORA ROAD,17,3.53,3.4,4.05,42823.00477,37911.92475
2026Q1,THE GALE,FLORA ROAD,17,3.61,3.39,3.65,42823.00477,37911.92475
2025Q2,THE GALE,FLORA ROAD,17,3.6,3.45,3.79,42823.00477,37911.92475
2025Q3,THE GALE,FLORA ROAD,17,3.48,3.42,3.64,42823.00477,37911.92475
2024Q2,THE LIGHT @ CAIRNHILL,CAIRNHILL CIRCLE,09,4.85,4.67,4.98,28560.46504,32076.93055
2026Q2,THE LIGHT @ CAIRNHILL,CAIRNHILL CIRCLE,09,4.94,4.76,5.09,28560.46504,32076.93055
2026Q1,THE LIGHT @ CAIRNHILL,CAIRNHILL CIRCLE,09,5.08,4.72,5.31,28560.46504,32076.93055
2025Q2,THE LIGHT @ CAIRNHILL,CAIRNHILL CIRCLE,09,5.03,4.67,5.38,28560.46504,32076.93055
2024Q1,CITY GATE,BEACH ROAD,07,7.01,4.5,7.61,31228.71456,31626.19122
2023Q4,CITY GATE,BEACH ROAD,07,5.53,4.83,7.74,31228.71456,31626.19122
2023Q3,CITY GATE,BEACH ROAD,07,6.45,4.76,7.3,31228.71456,31626.19122
2024Q3,CITY GATE,BEACH ROAD,07,4.51,4.07,7.1,31228.71456,31626.19122
2024Q4,CITY GATE,BEACH ROAD,07,5.08,4.17,7.44,31228.71456,31626.19122
2024Q2,CITY GATE,BEACH ROAD,07,6.25,4.78,7.48,31228.71456,31626.19122
2025Q1,CITY GATE,BEACH ROAD,07,6.75,4.3,7.51,31228.71456,31626.19122
2025Q4,CITY GATE,BEACH ROAD,07,5.16,4.72,7.36,31228.71456,31626.19122
2026Q1,CITY GATE,BEACH ROAD,07,4.91,4.27,7.22,31228.71456,31626.19122
2025Q2,CITY GATE,BEACH ROAD,07,6.33,4.65,7.97,31228.71456,31626.19122
2025Q3,CITY GATE,BEACH ROAD,07,5.42,4.57,7.37,31228.71456,31626.19122
2026Q2,CITY GATE,BEACH ROAD,07,5.81,4.27,7.49,31228.71456,31626.19122
2024Q1,DOUBLE BAY RESIDENCES,SIMEI STREET 4,18,3.95,3.66,4.27,41685.27997,35881.81374
2023Q4,DOUBLE BAY RESIDENCES,SIMEI STREET 4,18,4.16,3.88,4.27,41685.27997,35881.81374
2023Q3,DOUBLE BAY RESIDENCES,SIMEI STREET 4,18,4.11,3.96,4.33,41685.27997,35881.81374
2024Q3,DOUBLE BAY RESIDENCES,SIMEI STREET 4,18,3.86,3.74,3.95,41685.27997,35881.81374
2024Q4,DOUBLE BAY RESIDENCES,SIMEI STREET 4,18,4.13,3.84,4.33,41685.27997,35881.81374
2024Q2,DOUBLE BAY RESIDENCES,SIMEI STREET 4,18,4.02,3.78,4.3,41685.27997,35881.81374
2025Q1,DOUBLE BAY RESIDENCES,SIMEI STREET 4,18,4.06,3.91,4.26,41685.27997,35881.81374
2025Q4,DOUBLE BAY RESIDENCES,SIMEI STREET 4,18,4.13,3.94,4.27,41685.27997,35881.81374
2026Q1,DOUBLE BAY RESIDENCES,SIMEI STREET 4,18,4.05,3.75,4.22,41685.27997,35881.81374
2025Q2,DOUBLE BAY RESIDENCES,SIMEI STREET 4,18,4.1,3.87,4.35,41685.27997,35881.81374
2025Q3,DOUBLE BAY RESIDENCES,SIMEI STREET 4,18,4.27,3.95,4.34,41685.27997,35881.81374
2026Q2,DOUBLE BAY RESIDENCES,SIMEI STREET 4,18,4.11,3.94,4.34,41685.27997,35881.81374
2024Q3,FABER GARDEN CONDOMINIUM,ANGKLONG LANE,20,2.71,2.56,2.85,27661.35499,38375.07797
2025Q4,FABER GARDEN CONDOMINIUM,ANGKLONG LANE,20,2.76,2.66,2.98,27661.35499,38375.07797
2025Q2,FABER GARDEN CONDOMINIUM,ANGKLONG LANE,20,2.79,2.7,2.91,27661.35499,38375.07797
2023Q3,THE TRILLIUM,KIM SENG ROAD,09,5.85,5.56,6.24,27913.03586,30786.95738
2023Q4,THE TRILLIUM,KIM SENG ROAD,09,5.84,5.64,6.13,27913.03586,30786.95738
2024Q1,THE TRILLIUM,KIM SENG ROAD,09,5.78,5.4,6.12,27913.03586,30786.95738
2025Q1,THE TRILLIUM,KIM SENG ROAD,09,5.56,5.36,5.86,27913.03586,30786.95738
2024Q3,THE TRILLIUM,KIM SENG ROAD,09,5.77,5.46,6.12,27913.03586,30786.95738
2024Q4,THE TRILLIUM,KIM SENG ROAD,09,5.72,5.38,5.86,27913.03586,30786.95738
2024Q2,THE TRILLIUM,KIM SENG ROAD,09,5.72,5.41,5.95,27913.03586,30786.95738
2025Q4,THE TRILLIUM,KIM SENG ROAD,09,5.72,5.43,5.89,27913.03586,30786.95738
2026Q2,THE TRILLIUM,KIM SENG ROAD,09,5.86,5.72,6.09,27913.03586,30786.95738
2026Q1,THE TRILLIUM,KIM SENG ROAD,09,5.73,5.64,5.97,27913.03586,30786.95738
2025Q2,THE TRILLIUM,KIM SENG ROAD,09,5.72,5.48,6.18,27913.03586,30786.95738
2025Q3,THE TRILLIUM,KIM SENG ROAD,09,5.61,5.41,5.88,27913.03586,30786.95738
2023Q3,V ON SHENTON,SHENTON WAY,01,7.17,6.33,8.18,29770.54166,28848.31963
2024Q1,V ON SHENTON,SHENTON WAY,01,6.65,6.03,7.67,29770.54166,28848.31963
2023Q4,V ON SHENTON,SHENTON WAY,01,6.95,6.18,7.96,29770.54166,28848.31963
2025Q1,V ON SHENTON,SHENTON WAY,01,6.92,6.06,7.81,29770.54166,28848.31963
2024Q2,V ON SHENTON,SHENTON WAY,01,6.46,5.8,7.48,29770.54166,28848.31963
2024Q3,V ON SHENTON,SHENTON WAY,01,6.01,5.41,7.21,29770.54166,28848.31963
2024Q4,V ON SHENTON,SHENTON WAY,01,6.41,5.58,7.48,29770.54166,28848.31963
2025Q3,V ON SHENTON,SHENTON WAY,01,6.43,5.69,7.68,29770.54166,28848.31963
2025Q4,V ON SHENTON,SHENTON WAY,01,6.78,5.81,7.39,29770.54166,28848.31963
2026Q2,V ON SHENTON,SHENTON WAY,01,6.27,5.81,7.61,29770.54166,28848.31963
2026Q1,V ON SHENTON,SHENTON WAY,01,6.36,5.8,7.74,29770.54166,28848.31963
2025Q2,V ON SHENTON,SHENTON WAY,01,6.61,6.02,7.51,29770.54166,28848.31963
2023Q4,SUITES @ EASTCOAST,UPPER EAST COAST ROAD,15,6.83,6.01,7.38,39056.55287,32968.07756
2023Q3,SUITES @ EASTCOAST,UPPER EAST COAST ROAD,15,6.19,5.63,6.83,39056.55287,32968.07756
2024Q3,SUITES @ EASTCOAST,UPPER EAST COAST ROAD,15,6.28,5.81,6.67,39056.55287,32968.07756
2024Q4,SUITES @ EASTCOAST,UPPER EAST COAST ROAD,15,6.33,5,6.48,39056.55287,32968.07756
2025Q1,SUITES @ EASTCOAST,UPPER EAST COAST ROAD,15,6.28,5.51,6.73,39056.55287,32968.07756
2026Q2,SUITES @ EASTCOAST,UPPER EAST COAST ROAD,15,6.28,5.41,6.68,39056.55287,32968.07756
2026Q1,SUITES @ EASTCOAST,UPPER EAST COAST ROAD,15,6.51,6.37,7.09,39056.55287,32968.07756
2025Q3,SUITES @ EASTCOAST,UPPER EAST COAST ROAD,15,6.77,5.88,6.94,39056.55287,32968.07756
2023Q3,THE WISTERIA,YISHUN RING ROAD,27,5.24,4.16,6.12,28905.69899,44424.23758
2024Q1,THE WISTERIA,YISHUN RING ROAD,27,4.65,4.31,5.34,28905.69899,44424.23758
2025Q1,THE WISTERIA,YISHUN RING ROAD,27,4.72,4.24,5.37,28905.69899,44424.23758
2024Q3,THE WISTERIA,YISHUN RING ROAD,27,5.37,4.81,5.83,28905.69899,44424.23758
2024Q4,THE WISTERIA,YISHUN RING ROAD,27,4.96,4.59,5.64,28905.69899,44424.23758
2024Q2,THE WISTERIA,YISHUN RING ROAD,27,5.19,4.72,5.89,28905.69899,44424.23758
2025Q4,THE WISTERIA,YISHUN RING ROAD,27,4.65,4.28,4.94,28905.69899,44424.23758
2026Q1,THE WISTERIA,YISHUN RING ROAD,27,4.47,4.13,5.4,28905.69899,44424.23758
2024Q1,THE INSPIRA,ARNASALAM CHETTY ROAD,09,5.87,5.74,6.05,28620.83276,30484.66898
2023Q3,THE INSPIRA,ARNASALAM CHETTY ROAD,09,5.87,5.63,5.98,28620.83276,30484.66898
2024Q3,THE INSPIRA,ARNASALAM CHETTY ROAD,09,5.78,5.42,5.97,28620.83276,30484.66898
2024Q2,THE INSPIRA,ARNASALAM CHETTY ROAD,09,5.89,5.61,6.07,28620.83276,30484.66898
2025Q1,THE INSPIRA,ARNASALAM CHETTY ROAD,09,5.55,5.32,5.74,28620.83276,30484.66898
2026Q2,THE INSPIRA,ARNASALAM CHETTY ROAD,09,5.96,5.69,5.97,28620.83276,30484.66898
2025Q4,THE INSPIRA,ARNASALAM CHETTY ROAD,09,5.64,5.56,5.86,28620.83276,30484.66898
2025Q2,THE INSPIRA,ARNASALAM CHETTY ROAD,09,5.58,5.47,5.83,28620.83276,30484.66898
2025Q3,THE INSPIRA,ARNASALAM CHETTY ROAD,09,5.72,5.49,6.16,28620.83276,30484.66898
2023Q3,EURO-ASIA PARK,WOODLEIGH CLOSE,13,3.82,3.09,4.24,31830.14298,35389.2956
2023Q4,EURO-ASIA PARK,WOODLEIGH CLOSE,13,3.6,3.42,3.87,31830.14298,35389.2956
2024Q3,EURO-ASIA PARK,WOODLEIGH CLOSE,13,3.38,3.13,3.95,31830.14298,35389.2956
2024Q2,EURO-ASIA PARK,WOODLEIGH CLOSE,13,3.61,3.41,3.72,31830.14298,35389.2956
2023Q4,OKIO,BALESTIER ROAD,12,5.91,5.65,6.79,30207.28519,33829.95117
2024Q1,OKIO,BALESTIER ROAD,12,6.19,5.78,6.67,30207.28519,33829.95117
2023Q3,OKIO,BALESTIER ROAD,12,6.41,6.08,7.26,30207.28519,33829.95117
2024Q3,OKIO,BALESTIER ROAD,12,6.16,5.96,6.65,30207.28519,33829.95117
2024Q4,OKIO,BALESTIER ROAD,12,6.49,5.37,7.01,30207.28519,33829.95117
2024Q2,OKIO,BALESTIER ROAD,12,6.27,5.94,6.47,30207.28519,33829.95117
2025Q1,OKIO,BALESTIER ROAD,12,6.7,6.28,6.74,30207.28519,33829.95117
2025Q4,OKIO,BALESTIER ROAD,12,6.22,5.95,6.76,30207.28519,33829.95117
2026Q1,OKIO,BALESTIER ROAD,12,6.5,5.78,6.79,30207.28519,33829.95117
2025Q2,OKIO,BALESTIER ROAD,12,6.14,5.61,6.64,30207.28519,33829.95117
2025Q3,OKIO,BALESTIER ROAD,12,6.19,5.85,6.94,30207.28519,33829.95117
2026Q2,OKIO,BALESTIER ROAD,12,6.62,5.78,6.97,30207.28519,33829.95117
2024Q4,ELIZABETH TOWER,MOUNT ELIZABETH,09,2.98,2.82,3.21,28332.74474,32059.13773
2023Q4,LA BRISA,LORONG 28 GEYLANG,14,6.23,5.96,6.63,33782.91833,32694.66255
2023Q3,LA BRISA,LORONG 28 GEYLANG,14,5.89,5.48,6.44,33782.91833,32694.66255
2024Q3,LA BRISA,LORONG 28 GEYLANG,14,5.81,5.64,6.35,33782.91833,32694.66255
2026Q1,LA BRISA,LORONG 28 GEYLANG,14,5.68,5.43,5.91,33782.91833,32694.66255
2025Q3,LA BRISA,LORONG 28 GEYLANG,14,5.81,5.45,6.44,33782.91833,32694.66255
2024Q4,ONE HOLLAND VILLAGE RESIDENCES,HOLLAND VILLAGE WAY,10,7.84,6.97,8.05,23553.71846,32732.78622
2025Q1,ONE HOLLAND VILLAGE RESIDENCES,HOLLAND VILLAGE WAY,10,7.03,6.44,7.56,23553.71846,32732.78622
2025Q4,ONE HOLLAND VILLAGE RESIDENCES,HOLLAND VILLAGE WAY,10,7.7,7.01,8.03,23553.71846,32732.78622
2026Q1,ONE HOLLAND VILLAGE RESIDENCES,HOLLAND VILLAGE WAY,10,7.84,7.38,8.23,23553.71846,32732.78622
2025Q2,ONE HOLLAND VILLAGE RESIDENCES,HOLLAND VILLAGE WAY,10,6.9,6.53,7.43,23553.71846,32732.78622
2025Q3,ONE HOLLAND VILLAGE RESIDENCES,HOLLAND VILLAGE WAY,10,7.53,7.19,7.84,23553.71846,32732.78622
2026Q2,ONE HOLLAND VILLAGE RESIDENCES,HOLLAND VILLAGE WAY,10,7.7,7.23,7.97,23553.71846,32732.78622
2023Q3,SEA ESTA,PASIR RIS LINK,18,4.19,4.02,4.45,42117.48996,40021.49623
2023Q4,SEA ESTA,PASIR RIS LINK,18,4.2,3.73,4.93,42117.48996,40021.49623
2024Q1,SEA ESTA,PASIR RIS LINK,18,3.68,3.48,4.22,42117.48996,40021.49623
2024Q3,SEA ESTA,PASIR RIS LINK,18,4.04,3.75,4.26,42117.48996,40021.49623
2024Q4,SEA ESTA,PASIR RIS LINK,18,3.91,3.63,4.06,42117.48996,40021.49623
2024Q2,SEA ESTA,PASIR RIS LINK,18,4.16,3.85,4.65,42117.48996,40021.49623
2025Q1,SEA ESTA,PASIR RIS LINK,18,4.01,3.67,4.17,42117.48996,40021.49623
2026Q2,SEA ESTA,PASIR RIS LINK,18,4.28,3.56,4.65,42117.48996,40021.49623
2025Q4,SEA ESTA,PASIR RIS LINK,18,3.87,3.73,4.65,42117.48996,40021.49623
2026Q1,SEA ESTA,PASIR RIS LINK,18,3.75,3.48,4.16,42117.48996,40021.49623
2025Q3,SEA ESTA,PASIR RIS LINK,18,4.11,3.92,4.49,42117.48996,40021.49623
2023Q4,HERITAGE VIEW,DOVER RISE,05,4.75,4.65,5.4,22551.75971,31851.94973
2024Q1,HERITAGE VIEW,DOVER RISE,05,4.95,4.6,5.18,22551.75971,31851.94973
2023Q3,HERITAGE VIEW,DOVER RISE,05,5.07,4.72,5.37,22551.75971,31851.94973
2024Q3,HERITAGE VIEW,DOVER RISE,05,4.62,4.44,4.99,22551.75971,31851.94973
2024Q4,HERITAGE VIEW,DOVER RISE,05,4.59,4.4,4.77,22551.75971,31851.94973
2024Q2,HERITAGE VIEW,DOVER RISE,05,4.6,4.44,4.9,22551.75971,31851.94973
2025Q1,HERITAGE VIEW,DOVER RISE,05,5.16,4.73,5.42,22551.75971,31851.94973
2025Q4,HERITAGE VIEW,DOVER RISE,05,4.67,4.38,4.84,22551.75971,31851.94973
2026Q1,HERITAGE VIEW,DOVER RISE,05,4.75,4.39,5.32,22551.75971,31851.94973
2025Q2,HERITAGE VIEW,DOVER RISE,05,4.9,4.73,5.1,22551.75971,31851.94973
2025Q3,HERITAGE VIEW,DOVER RISE,05,4.65,4.48,5.15,22551.75971,31851.94973
2026Q2,HERITAGE VIEW,DOVER RISE,05,4.61,4.44,4.97,22551.75971,31851.94973
2024Q3,THE PEARL @ MOUNT FABER,MOUNT FABER ROAD,04,4.13,3.71,4.35,27035.82188,28102.7281
2023Q4,RIVER ISLES,EDGEDALE PLAINS,19,4.22,3.7,4.56,36953.44843,42097.43654
2024Q1,RIVER ISLES,EDGEDALE PLAINS,19,4.01,3.73,4.27,36953.44843,42097.43654
2023Q3,RIVER ISLES,EDGEDALE PLAINS,19,3.81,3.66,4.01,36953.44843,42097.43654
2024Q3,RIVER ISLES,EDGEDALE PLAINS,19,4.02,3.51,4.69,36953.44843,42097.43654
2024Q4,RIVER ISLES,EDGEDALE PLAINS,19,3.93,3.52,4.29,36953.44843,42097.43654
2024Q2,RIVER ISLES,EDGEDALE PLAINS,19,3.72,3.38,3.91,36953.44843,42097.43654
2025Q1,RIVER ISLES,EDGEDALE PLAINS,19,4.1,3.84,4.34,36953.44843,42097.43654
2026Q2,RIVER ISLES,EDGEDALE PLAINS,19,4.14,3.75,4.84,36953.44843,42097.43654
2025Q4,RIVER ISLES,EDGEDALE PLAINS,19,3.74,3.49,4.37,36953.44843,42097.43654
2026Q1,RIVER ISLES,EDGEDALE PLAINS,19,4,3.76,4.59,36953.44843,42097.43654
2025Q2,RIVER ISLES,EDGEDALE PLAINS,19,3.63,3.48,3.98,36953.44843,42097.43654
2025Q3,RIVER ISLES,EDGEDALE PLAINS,19,4.01,3.59,4.29,36953.44843,42097.43654
2024Q1,THE ORCHARD RESIDENCES,ORCHARD BOULEVARD,09,8.35,8.06,8.76,27813.69378,31791.47225
2024Q3,THE ORCHARD RESIDENCES,ORCHARD BOULEVARD,09,8.01,7.61,8.74,27813.69378,31791.47225
2024Q2,THE ORCHARD RESIDENCES,ORCHARD BOULEVARD,09,7.65,7.42,8.17,27813.69378,31791.47225
2026Q2,THE ORCHARD RESIDENCES,ORCHARD BOULEVARD,09,8.19,7.78,8.51,27813.69378,31791.47225
2025Q4,THE ORCHARD RESIDENCES,ORCHARD BOULEVARD,09,8.3,7.51,8.89,27813.69378,31791.47225
2026Q1,THE ORCHARD RESIDENCES,ORCHARD BOULEVARD,09,8.5,7.87,8.85,27813.69378,31791.47225
2024Q1,THE MAKENA,MEYER ROAD,15,4,3.81,4.18,34767.56562,31017.39485
2023Q4,THE MAKENA,MEYER ROAD,15,3.87,3.76,4.1,34767.56562,31017.39485
2023Q3,THE MAKENA,MEYER ROAD,15,3.99,3.48,4.28,34767.56562,31017.39485
2024Q3,THE MAKENA,MEYER ROAD,15,3.94,3.67,4.17,34767.56562,31017.39485
2024Q4,THE MAKENA,MEYER ROAD,15,4.05,3.92,4.32,34767.56562,31017.39485
2024Q2,THE MAKENA,MEYER ROAD,15,3.87,3.64,4.03,34767.56562,31017.39485
2025Q1,THE MAKENA,MEYER ROAD,15,4.02,3.85,4.16,34767.56562,31017.39485
2026Q2,THE MAKENA,MEYER ROAD,15,4.15,3.91,4.4,34767.56562,31017.39485
2025Q4,THE MAKENA,MEYER ROAD,15,3.91,3.73,4.15,34767.56562,31017.39485
2026Q1,THE MAKENA,MEYER ROAD,15,4.09,3.9,4.26,34767.56562,31017.39485
2025Q2,THE MAKENA,MEYER ROAD,15,4.04,3.85,4.23,34767.56562,31017.39485
2025Q3,THE MAKENA,MEYER ROAD,15,3.98,3.79,4.31,34767.56562,31017.39485
2024Q3,EASTWOOD REGENCY,EASTWOOD ROAD,16,5.38,4.85,5.73,41858.5362,33743.96198
2025Q3,EASTWOOD REGENCY,EASTWOOD ROAD,16,5.45,4.95,5.85,41858.5362,33743.96198
2026Q2,EASTWOOD REGENCY,EASTWOOD ROAD,16,5.5,5.25,5.88,41858.5362,33743.96198
2023Q3,SPANISH VILLAGE,FARRER ROAD,10,3.55,2.99,4.42,24930.63375,33043.00412
2023Q4,SPANISH VILLAGE,FARRER ROAD,10,3.5,3.2,3.9,24930.63375,33043.00412
2024Q1,SPANISH VILLAGE,FARRER ROAD,10,3.24,2.94,3.84,24930.63375,33043.00412
2024Q3,SPANISH VILLAGE,FARRER ROAD,10,3.11,3,3.63,24930.63375,33043.00412
2024Q4,SPANISH VILLAGE,FARRER ROAD,10,3.36,3.12,3.85,24930.63375,33043.00412
2024Q2,SPANISH VILLAGE,FARRER ROAD,10,3.53,3.28,4.05,24930.63375,33043.00412
2025Q1,SPANISH VILLAGE,FARRER ROAD,10,3.44,3.18,4.2,24930.63375,33043.00412
2025Q4,SPANISH VILLAGE,FARRER ROAD,10,3.67,3.43,4.12,24930.63375,33043.00412
2026Q1,SPANISH VILLAGE,FARRER ROAD,10,3.18,3.05,3.53,24930.63375,33043.00412
2025Q2,SPANISH VILLAGE,FARRER ROAD,10,3.51,3.36,4.16,24930.63375,33043.00412
2025Q3,SPANISH VILLAGE,FARRER ROAD,10,3.53,3.3,4.13,24930.63375,33043.00412
2024Q1,BARTLEY RIDGE,MOUNT VERNON ROAD,13,5.2,4.83,6.21,33366.28382,35907.22218
2023Q4,BARTLEY RIDGE,MOUNT VERNON ROAD,13,5.24,4.88,6.48,33366.28382,35907.22218
2023Q3,BARTLEY RIDGE,MOUNT VERNON ROAD,13,5.26,4.77,5.88,33366.28382,35907.22218
2024Q4,BARTLEY RIDGE,MOUNT VERNON ROAD,13,5.08,4.65,6.16,33366.28382,35907.22218
2024Q2,BARTLEY RIDGE,MOUNT VERNON ROAD,13,5.2,4.76,6.06,33366.28382,35907.22218
2025Q1,BARTLEY RIDGE,MOUNT VERNON ROAD,13,5.26,4.8,6.27,33366.28382,35907.22218
2024Q3,BARTLEY RIDGE,MOUNT VERNON ROAD,13,4.83,4.53,5.85,33366.28382,35907.22218
2025Q4,BARTLEY RIDGE,MOUNT VERNON ROAD,13,5.41,4.76,6.06,33366.28382,35907.22218
2026Q1,BARTLEY RIDGE,MOUNT VERNON ROAD,13,5.51,4.9,6.29,33366.28382,35907.22218
2025Q2,BARTLEY RIDGE,MOUNT VERNON ROAD,13,5.41,4.83,6.27,33366.28382,35907.22218
2025Q3,BARTLEY RIDGE,MOUNT VERNON ROAD,13,5.15,4.85,6.05,33366.28382,35907.22218
2026Q2,BARTLEY RIDGE,MOUNT VERNON ROAD,13,5.65,5.07,6.37,33366.28382,35907.22218
2023Q4,ONE JERVOIS,JERVOIS CLOSE,10,5.04,4.64,5.15,27089.844,30594.86229
2024Q1,ONE JERVOIS,JERVOIS CLOSE,10,5.07,4.75,5.15,27089.844,30594.86229
2023Q3,ONE JERVOIS,JERVOIS CLOSE,10,5.05,4.69,5.58,27089.844,30594.86229
2024Q3,ONE JERVOIS,JERVOIS CLOSE,10,4.76,4.6,5.05,27089.844,30594.86229
2024Q2,ONE JERVOIS,JERVOIS CLOSE,10,4.75,4.57,5,27089.844,30594.86229
2025Q1,ONE JERVOIS,JERVOIS CLOSE,10,5,4.77,5.34,27089.844,30594.86229
2025Q4,ONE JERVOIS,JERVOIS CLOSE,10,5.24,4.9,5.26,27089.844,30594.86229
2026Q1,ONE JERVOIS,JERVOIS CLOSE,10,5.05,4.9,5.35,27089.844,30594.86229
2025Q2,ONE JERVOIS,JERVOIS CLOSE,10,5.15,4.91,5.44,27089.844,30594.86229
2025Q3,ONE JERVOIS,JERVOIS CLOSE,10,5.16,4.99,5.25,27089.844,30594.86229
2026Q2,ONE JERVOIS,JERVOIS CLOSE,10,5.15,4.71,5.5,27089.844,30594.86229
2023Q4,HILLVIEW HEIGHTS,HILLVIEW AVENUE,23,3.83,3.65,4.02,20467.25374,38125.62339
2024Q1,HILLVIEW HEIGHTS,HILLVIEW AVENUE,23,3.55,3.36,3.83,20467.25374,38125.62339
2023Q3,HILLVIEW HEIGHTS,HILLVIEW AVENUE,23,3.46,3.24,3.89,20467.25374,38125.62339
2024Q3,HILLVIEW HEIGHTS,HILLVIEW AVENUE,23,3.53,3.29,3.75,20467.25374,38125.62339
2024Q4,HILLVIEW HEIGHTS,HILLVIEW AVENUE,23,3.56,3.33,3.78,20467.25374,38125.62339
2024Q2,HILLVIEW HEIGHTS,HILLVIEW AVENUE,23,3.61,3.36,3.72,20467.25374,38125.62339
2025Q1,HILLVIEW HEIGHTS,HILLVIEW AVENUE,23,3.38,3.17,3.58,20467.25374,38125.62339
2025Q4,HILLVIEW HEIGHTS,HILLVIEW AVENUE,23,3.73,3.63,3.84,20467.25374,38125.62339
2026Q1,HILLVIEW HEIGHTS,HILLVIEW AVENUE,23,3.59,3.33,4.02,20467.25374,38125.62339
2025Q2,HILLVIEW HEIGHTS,HILLVIEW AVENUE,23,3.65,3.47,3.8,20467.25374,38125.62339
2025Q3,HILLVIEW HEIGHTS,HILLVIEW AVENUE,23,3.52,3.31,3.83,20467.25374,38125.62339
2026Q2,HILLVIEW HEIGHTS,HILLVIEW AVENUE,23,3.6,3.47,3.68,20467.25374,38125.62339
2023Q3,SOLEIL @ SINARAN,SINARAN DRIVE,11,6.73,6.19,7.29,29301.0785,33531.31051
2023Q4,SOLEIL @ SINARAN,SINARAN DRIVE,11,6.78,6.38,7.06,29301.0785,33531.31051
2024Q1,SOLEIL @ SINARAN,SINARAN DRIVE,11,6.62,6.18,6.86,29301.0785,33531.31051
2024Q3,SOLEIL @ SINARAN,SINARAN DRIVE,11,6.59,5.8,7.14,29301.0785,33531.31051
2024Q4,SOLEIL @ SINARAN,SINARAN DRIVE,11,6.26,5.74,6.99,29301.0785,33531.31051
2024Q2,SOLEIL @ SINARAN,SINARAN DRIVE,11,6.35,6.02,6.74,29301.0785,33531.31051
2025Q1,SOLEIL @ SINARAN,SINARAN DRIVE,11,6.49,5.99,6.86,29301.0785,33531.31051
2026Q2,SOLEIL @ SINARAN,SINARAN DRIVE,11,6.41,6.19,6.78,29301.0785,33531.31051
2025Q4,SOLEIL @ SINARAN,SINARAN DRIVE,11,6.51,5.89,6.86,29301.0785,33531.31051
2026Q1,SOLEIL @ SINARAN,SINARAN DRIVE,11,6.6,6.26,6.82,29301.0785,33531.31051
2025Q2,SOLEIL @ SINARAN,SINARAN DRIVE,11,6.54,6.06,6.88,29301.0785,33531.31051
2025Q3,SOLEIL @ SINARAN,SINARAN DRIVE,11,6.63,6.02,6.99,29301.0785,33531.31051
2023Q4,ALTEZ,ENGGOR STREET,02,7.75,6.92,8.23,29232.25178,28575.57182
2023Q3,ALTEZ,ENGGOR STREET,02,7.63,7.07,8.2,29232.25178,28575.57182
2024Q1,ALTEZ,ENGGOR STREET,02,7.08,6.73,7.57,29232.25178,28575.57182
2024Q4,ALTEZ,ENGGOR STREET,02,7.31,6.8,7.93,29232.25178,28575.57182
2024Q2,ALTEZ,ENGGOR STREET,02,7.42,6.81,8.3,29232.25178,28575.57182
2025Q1,ALTEZ,ENGGOR STREET,02,7.61,7.11,8.19,29232.25178,28575.57182
2024Q3,ALTEZ,ENGGOR STREET,02,7.33,6.93,7.76,29232.25178,28575.57182
2025Q4,ALTEZ,ENGGOR STREET,02,7.58,6.67,8.3,29232.25178,28575.57182
2026Q1,ALTEZ,ENGGOR STREET,02,7.3,6.77,7.84,29232.25178,28575.57182
2025Q2,ALTEZ,ENGGOR STREET,02,7.8,6.67,8.25,29232.25178,28575.57182
2025Q3,ALTEZ,ENGGOR STREET,02,6.92,6.49,7.82,29232.25178,28575.57182
2026Q2,ALTEZ,ENGGOR STREET,02,7.63,6.83,8.43,29232.25178,28575.57182
2023Q4,AMBERGLADES,AMBER GARDENS,15,4.32,4.16,4.56,35474.5292,31538.32989
2023Q3,AMBERGLADES,AMBER GARDENS,15,4.33,4.23,4.51,35474.5292,31538.32989
2024Q1,AMBERGLADES,AMBER GARDENS,15,4.14,3.99,4.28,35474.5292,31538.32989
2024Q4,AMBERGLADES,AMBER GARDENS,15,3.97,3.83,4.12,35474.5292,31538.32989
2024Q2,AMBERGLADES,AMBER GARDENS,15,4.28,4.08,4.48,35474.5292,31538.32989
2025Q1,AMBERGLADES,AMBER GARDENS,15,4,3.91,4.22,35474.5292,31538.32989
2024Q3,AMBERGLADES,AMBER GARDENS,15,4,3.82,4.19,35474.5292,31538.32989
2025Q2,AMBERGLADES,AMBER GARDENS,15,3.94,3.91,4.21,35474.5292,31538.32989
2023Q3,SEASTRAND,PASIR RIS LINK,18,4.47,3.86,4.9,42208.64569,39722.60258
2023Q4,SEASTRAND,PASIR RIS LINK,18,4.39,3.98,4.99,42208.64569,39722.60258
2024Q1,SEASTRAND,PASIR RIS LINK,18,3.8,3.53,4.25,42208.64569,39722.60258
2024Q3,SEASTRAND,PASIR RIS LINK,18,4.22,3.71,4.73,42208.64569,39722.60258
2024Q4,SEASTRAND,PASIR RIS LINK,18,4.39,3.62,4.62,42208.64569,39722.60258
2024Q2,SEASTRAND,PASIR RIS LINK,18,4.22,3.41,4.78,42208.64569,39722.60258
2025Q1,SEASTRAND,PASIR RIS LINK,18,4.08,3.77,4.56,42208.64569,39722.60258
2026Q2,SEASTRAND,PASIR RIS LINK,18,4.01,3.65,4.62,42208.64569,39722.60258
2025Q4,SEASTRAND,PASIR RIS LINK,18,4.39,3.88,4.69,42208.64569,39722.60258
2026Q1,SEASTRAND,PASIR RIS LINK,18,3.81,3.62,4.41,42208.64569,39722.60258
2025Q2,SEASTRAND,PASIR RIS LINK,18,4.21,3.7,4.73,42208.64569,39722.60258
2025Q3,SEASTRAND,PASIR RIS LINK,18,4.22,3.77,4.56,42208.64569,39722.60258
2023Q4,NV RESIDENCES,PASIR RIS GROVE,18,4.2,3.91,4.62,40246.43921,39320.63311
2024Q1,NV RESIDENCES,PASIR RIS GROVE,18,3.98,3.87,4.44,40246.43921,39320.63311
2023Q3,NV RESIDENCES,PASIR RIS GROVE,18,4.24,3.97,4.67,40246.43921,39320.63311
2024Q3,NV RESIDENCES,PASIR RIS GROVE,18,3.98,3.66,4.32,40246.43921,39320.63311
2024Q4,NV RESIDENCES,PASIR RIS GROVE,18,4.06,3.86,4.25,40246.43921,39320.63311
2024Q2,NV RESIDENCES,PASIR RIS GROVE,18,3.92,3.76,4.33,40246.43921,39320.63311
2025Q1,NV RESIDENCES,PASIR RIS GROVE,18,3.87,3.79,4.46,40246.43921,39320.63311
2025Q4,NV RESIDENCES,PASIR RIS GROVE,18,3.92,3.76,4.06,40246.43921,39320.63311
2026Q1,NV RESIDENCES,PASIR RIS GROVE,18,3.87,3.6,4.18,40246.43921,39320.63311
2025Q2,NV RESIDENCES,PASIR RIS GROVE,18,3.91,3.64,4.19,40246.43921,39320.63311
2025Q3,NV RESIDENCES,PASIR RIS GROVE,18,3.94,3.76,4.25,40246.43921,39320.63311
2026Q2,NV RESIDENCES,PASIR RIS GROVE,18,4,3.71,4.31,40246.43921,39320.63311
2023Q3,THE SIXTH AVENUE RESIDENCES,SIXTH AVENUE,10,4.65,3.67,4.8,23474.42293,34404.67724
2024Q3,THE SIXTH AVENUE RESIDENCES,SIXTH AVENUE,10,4.34,4.11,4.68,23474.42293,34404.67724
2024Q4,THE SIXTH AVENUE RESIDENCES,SIXTH AVENUE,10,3.84,3.15,4.56,23474.42293,34404.67724
2024Q2,THE SIXTH AVENUE RESIDENCES,SIXTH AVENUE,10,4.53,4.19,4.67,23474.42293,34404.67724
2025Q1,THE SIXTH AVENUE RESIDENCES,SIXTH AVENUE,10,4.71,4.44,4.9,23474.42293,34404.67724
2026Q2,THE SIXTH AVENUE RESIDENCES,SIXTH AVENUE,10,4.78,4.22,4.88,23474.42293,34404.67724
2025Q3,THE SIXTH AVENUE RESIDENCES,SIXTH AVENUE,10,4.68,4.51,4.79,23474.42293,34404.67724
2023Q4,DOVER PARKVIEW,DOVER RISE,05,4.38,4.18,4.71,22555.68498,32053.41723
2024Q1,DOVER PARKVIEW,DOVER RISE,05,4.28,3.93,4.38,22555.68498,32053.41723
2023Q3,DOVER PARKVIEW,DOVER RISE,05,4.4,4.22,4.59,22555.68498,32053.41723
2024Q3,DOVER PARKVIEW,DOVER RISE,05,4.23,4.06,4.49,22555.68498,32053.41723
2024Q4,DOVER PARKVIEW,DOVER RISE,05,4.28,4.08,4.44,22555.68498,32053.41723
2024Q2,DOVER PARKVIEW,DOVER RISE,05,4.27,3.94,4.61,22555.68498,32053.41723
2025Q1,DOVER PARKVIEW,DOVER RISE,05,4.27,4.03,4.75,22555.68498,32053.41723
2025Q4,DOVER PARKVIEW,DOVER RISE,05,4.3,4.13,4.44,22555.68498,32053.41723
2026Q1,DOVER PARKVIEW,DOVER RISE,05,4.26,3.92,4.44,22555.68498,32053.41723
2025Q2,DOVER PARKVIEW,DOVER RISE,05,4.27,4.16,4.78,22555.68498,32053.41723
2025Q3,DOVER PARKVIEW,DOVER RISE,05,4.34,4.16,4.59,22555.68498,32053.41723
2026Q2,DOVER PARKVIEW,DOVER RISE,05,4.44,4.13,4.65,22555.68498,32053.41723
2023Q3,THE VENUE RESIDENCES,TAI THONG CRESCENT,13,5.15,4.61,5.32,31997.54112,34536.50344
2024Q3,THE VENUE RESIDENCES,TAI THONG CRESCENT,13,4.76,4.58,5.01,31997.54112,34536.50344
2025Q4,THE VENUE RESIDENCES,TAI THONG CRESCENT,13,5.31,4.76,5.65,31997.54112,34536.50344
2025Q2,THE VENUE RESIDENCES,TAI THONG CRESCENT,13,4.96,4.77,5.26,31997.54112,34536.50344
2025Q3,THE VENUE RESIDENCES,TAI THONG CRESCENT,13,5.15,4.63,5.83,31997.54112,34536.50344
2023Q3,THE FORD @ HOLLAND,FORD AVENUE,10,6.78,6.36,7.23,23580.90095,32862.21676
2024Q3,THE FORD @ HOLLAND,FORD AVENUE,10,6.64,6.12,6.86,23580.90095,32862.21676
2024Q4,THE FORD @ HOLLAND,FORD AVENUE,10,6.51,6.06,6.91,23580.90095,32862.21676
2026Q1,THE FORD @ HOLLAND,FORD AVENUE,10,6.83,6.01,7.31,23580.90095,32862.21676
2025Q3,THE FORD @ HOLLAND,FORD AVENUE,10,6.92,6.45,7.29,23580.90095,32862.21676
2023Q3,ARENA RESIDENCES,GUILLEMARD CRESCENT,14,6.94,6.72,6.97,33258.36417,32451.26817
2023Q3,THE STERLING,BUKIT TIMAH ROAD,21,4.22,3.32,4.78,22280.20818,35259.42372
2023Q4,THE STERLING,BUKIT TIMAH ROAD,21,4.32,4.16,4.36,22280.20818,35259.42372
2024Q1,THE STERLING,BUKIT TIMAH ROAD,21,4.29,4.14,4.72,22280.20818,35259.42372
2025Q1,THE STERLING,BUKIT TIMAH ROAD,21,4.16,4.03,4.61,22280.20818,35259.42372
2024Q3,THE STERLING,BUKIT TIMAH ROAD,21,4.28,4.08,4.65,22280.20818,35259.42372
2024Q4,THE STERLING,BUKIT TIMAH ROAD,21,4.07,4.04,4.22,22280.20818,35259.42372
2024Q2,THE STERLING,BUKIT TIMAH ROAD,21,4.53,4.34,4.79,22280.20818,35259.42372
2025Q4,THE STERLING,BUKIT TIMAH ROAD,21,4.34,4.19,4.55,22280.20818,35259.42372
2026Q2,THE STERLING,BUKIT TIMAH ROAD,21,4.6,4.36,4.65,22280.20818,35259.42372
2025Q2,THE STERLING,BUKIT TIMAH ROAD,21,4.12,3.91,4.45,22280.20818,35259.42372
2025Q3,THE STERLING,BUKIT TIMAH ROAD,21,4.16,3.76,4.67,22280.20818,35259.42372
2023Q4,ICON,GOPENG STREET,02,7.01,6.53,7.46,29250.20222,28636.64107
2024Q1,ICON,GOPENG STREET,02,6.67,6.12,7.23,29250.20222,28636.64107
2023Q3,ICON,GOPENG STREET,02,6.83,6.43,7.37,29250.20222,28636.64107
2024Q3,ICON,GOPENG STREET,02,6.27,5.82,6.88,29250.20222,28636.64107
2024Q4,ICON,GOPENG STREET,02,6.88,6.1,7.24,29250.20222,28636.64107
2024Q2,ICON,GOPENG STREET,02,6.53,6.14,7,29250.20222,28636.64107
2025Q1,ICON,GOPENG STREET,02,6.54,6.19,7.01,29250.20222,28636.64107
2025Q4,ICON,GOPENG STREET,02,6.59,6.14,6.84,29250.20222,28636.64107
2026Q1,ICON,GOPENG STREET,02,6.54,5.86,7.01,29250.20222,28636.64107
2025Q2,ICON,GOPENG STREET,02,6.63,6,6.97,29250.20222,28636.64107
2025Q3,ICON,GOPENG STREET,02,6.29,5.72,6.84,29250.20222,28636.64107
2026Q2,ICON,GOPENG STREET,02,6.69,6.19,6.98,29250.20222,28636.64107
2023Q3,RV RESIDENCES,RIVER VALLEY ROAD,10,7.1,6.64,8.34,27464.40981,30738.4649
2023Q4,RV RESIDENCES,RIVER VALLEY ROAD,10,6.69,6.5,7.23,27464.40981,30738.4649
2024Q1,RV RESIDENCES,RIVER VALLEY ROAD,10,6.34,6.15,7.85,27464.40981,30738.4649
2024Q3,RV RESIDENCES,RIVER VALLEY ROAD,10,6.82,6.34,7.44,27464.40981,30738.4649
2024Q4,RV RESIDENCES,RIVER VALLEY ROAD,10,7.15,6.51,7.56,27464.40981,30738.4649
2024Q2,RV RESIDENCES,RIVER VALLEY ROAD,10,6.72,6.53,7.41,27464.40981,30738.4649
2025Q1,RV RESIDENCES,RIVER VALLEY ROAD,10,7.41,6.5,8.11,27464.40981,30738.4649
2026Q2,RV RESIDENCES,RIVER VALLEY ROAD,10,6.72,6.41,7.65,27464.40981,30738.4649
2025Q4,RV RESIDENCES,RIVER VALLEY ROAD,10,6.68,6.27,6.97,27464.40981,30738.4649
2026Q1,RV RESIDENCES,RIVER VALLEY ROAD,10,6.49,6.24,7.52,27464.40981,30738.4649
2025Q2,RV RESIDENCES,RIVER VALLEY ROAD,10,6.68,6.21,7.39,27464.40981,30738.4649
2025Q3,RV RESIDENCES,RIVER VALLEY ROAD,10,6.97,6.3,7.74,27464.40981,30738.4649
2026Q2,OXFORD SUITES,OXFORD ROAD,08,4.01,3.73,4.99,30139.77187,33083.10005
2023Q4,OPTIMA @ TANAH MERAH,TANAH MERAH KECHIL AVENUE,16,4.36,4.21,4.76,40655.29177,34460.88959
2024Q1,OPTIMA @ TANAH MERAH,TANAH MERAH KECHIL AVENUE,16,4.48,4.28,5.25,40655.29177,34460.88959
2023Q3,OPTIMA @ TANAH MERAH,TANAH MERAH KECHIL AVENUE,16,4.59,4.37,4.94,40655.29177,34460.88959
2024Q3,OPTIMA @ TANAH MERAH,TANAH MERAH KECHIL AVENUE,16,4.15,3.87,4.61,40655.29177,34460.88959
2024Q4,OPTIMA @ TANAH MERAH,TANAH MERAH KECHIL AVENUE,16,4.41,4.14,5.22,40655.29177,34460.88959
2024Q2,OPTIMA @ TANAH MERAH,TANAH MERAH KECHIL AVENUE,16,4.23,3.97,4.7,40655.29177,34460.88959
2025Q1,OPTIMA @ TANAH MERAH,TANAH MERAH KECHIL AVENUE,16,4.38,3.9,4.89,40655.29177,34460.88959
2025Q4,OPTIMA @ TANAH MERAH,TANAH MERAH KECHIL AVENUE,16,4.2,4.06,4.53,40655.29177,34460.88959
2026Q1,OPTIMA @ TANAH MERAH,TANAH MERAH KECHIL AVENUE,16,4.59,4.13,5.34,40655.29177,34460.88959
2025Q2,OPTIMA @ TANAH MERAH,TANAH MERAH KECHIL AVENUE,16,4.27,4.07,4.46,40655.29177,34460.88959
2025Q3,OPTIMA @ TANAH MERAH,TANAH MERAH KECHIL AVENUE,16,4.32,4.18,4.47,40655.29177,34460.88959
2026Q2,OPTIMA @ TANAH MERAH,TANAH MERAH KECHIL AVENUE,16,4.02,3.99,4.44,40655.29177,34460.88959
2024Q1,CHANGI GREEN,UPPER CHANGI ROAD EAST,16,3.5,3.2,3.79,42457.04909,36331.20805
2023Q4,CHANGI GREEN,UPPER CHANGI ROAD EAST,16,3.38,3.29,3.66,42457.04909,36331.20805
2023Q3,CHANGI GREEN,UPPER CHANGI ROAD EAST,16,3.6,2.96,3.7,42457.04909,36331.20805
2024Q3,CHANGI GREEN,UPPER CHANGI ROAD EAST,16,3.49,3.2,3.67,42457.04909,36331.20805
2024Q4,CHANGI GREEN,UPPER CHANGI ROAD EAST,16,3.3,3.13,3.43,42457.04909,36331.20805
2024Q2,CHANGI GREEN,UPPER CHANGI ROAD EAST,16,3.3,3.05,3.72,42457.04909,36331.20805
2025Q1,CHANGI GREEN,UPPER CHANGI ROAD EAST,16,3.2,3.02,3.71,42457.04909,36331.20805
2025Q4,CHANGI GREEN,UPPER CHANGI ROAD EAST,16,3.32,3.23,3.6,42457.04909,36331.20805
2026Q1,CHANGI GREEN,UPPER CHANGI ROAD EAST,16,3.58,3.45,3.78,42457.04909,36331.20805
2025Q2,CHANGI GREEN,UPPER CHANGI ROAD EAST,16,3.25,3.2,3.5,42457.04909,36331.20805
2025Q3,CHANGI GREEN,UPPER CHANGI ROAD EAST,16,3.41,3.29,3.68,42457.04909,36331.20805
2026Q2,CHANGI GREEN,UPPER CHANGI ROAD EAST,16,3.32,3.2,3.54,42457.04909,36331.20805
2024Q1,THE GLADES,BEDOK RISE,16,5.57,5.08,6.19,40747.44078,34358.25992
2023Q3,THE GLADES,BEDOK RISE,16,5.96,5.6,6.33,40747.44078,34358.25992
2023Q4,THE GLADES,BEDOK RISE,16,5.59,5.25,5.91,40747.44078,34358.25992
2024Q3,THE GLADES,BEDOK RISE,16,5.73,5.16,6.03,40747.44078,34358.25992
2024Q4,THE GLADES,BEDOK RISE,16,5.73,5.25,6.03,40747.44078,34358.25992
2024Q2,THE GLADES,BEDOK RISE,16,5.53,4.99,6.19,40747.44078,34358.25992
2025Q1,THE GLADES,BEDOK RISE,16,5.92,5.32,6.41,40747.44078,34358.25992
2026Q2,THE GLADES,BEDOK RISE,16,5.44,5,6.11,40747.44078,34358.25992
2025Q4,THE GLADES,BEDOK RISE,16,5.3,5.01,6.05,40747.44078,34358.25992
2026Q1,THE GLADES,BEDOK RISE,16,5.72,5.29,6.19,40747.44078,34358.25992
2025Q2,THE GLADES,BEDOK RISE,16,5.54,4.93,6.14,40747.44078,34358.25992
2025Q3,THE GLADES,BEDOK RISE,16,5.57,5.2,5.93,40747.44078,34358.25992
2024Q1,BEDOK RESIDENCES,BEDOK NORTH DRIVE,16,5.22,4.78,5.86,38633.05071,34050.38409
2023Q4,BEDOK RESIDENCES,BEDOK NORTH DRIVE,16,5.41,5.1,6.1,38633.05071,34050.38409
2023Q3,BEDOK RESIDENCES,BEDOK NORTH DRIVE,16,5.69,5.18,6.54,38633.05071,34050.38409
2024Q4,BEDOK RESIDENCES,BEDOK NORTH DRIVE,16,5.2,4.86,5.98,38633.05071,34050.38409
2024Q2,BEDOK RESIDENCES,BEDOK NORTH DRIVE,16,5.41,4.87,6.02,38633.05071,34050.38409
2025Q1,BEDOK RESIDENCES,BEDOK NORTH DRIVE,16,5.45,4.89,6.02,38633.05071,34050.38409
2024Q3,BEDOK RESIDENCES,BEDOK NORTH DRIVE,16,5.41,4.91,5.81,38633.05071,34050.38409
2025Q4,BEDOK RESIDENCES,BEDOK NORTH DRIVE,16,5.44,5.06,6.04,38633.05071,34050.38409
2026Q1,BEDOK RESIDENCES,BEDOK NORTH DRIVE,16,5.3,4.89,5.93,38633.05071,34050.38409
2025Q2,BEDOK RESIDENCES,BEDOK NORTH DRIVE,16,5.51,4.82,5.86,38633.05071,34050.38409
2025Q3,BEDOK RESIDENCES,BEDOK NORTH DRIVE,16,5.7,4.98,6.02,38633.05071,34050.38409
2026Q2,BEDOK RESIDENCES,BEDOK NORTH DRIVE,16,5.32,4.87,6.02,38633.05071,34050.38409
2023Q4,HAUS ON HANDY,HANDY ROAD,09,8.33,8.13,8.64,29504.61989,31382.44645
2023Q3,HAUS ON HANDY,HANDY ROAD,09,8.4,8.07,8.91,29504.61989,31382.44645
2024Q3,HAUS ON HANDY,HANDY ROAD,09,8.64,8.33,8.81,29504.61989,31382.44645
2024Q4,HAUS ON HANDY,HANDY ROAD,09,8.32,8.02,8.63,29504.61989,31382.44645
2024Q2,HAUS ON HANDY,HANDY ROAD,09,8.5,8.41,8.9,29504.61989,31382.44645
2025Q1,HAUS ON HANDY,HANDY ROAD,09,8.58,7.81,8.81,29504.61989,31382.44645
2025Q4,HAUS ON HANDY,HANDY ROAD,09,8.63,8.11,8.81,29504.61989,31382.44645
2026Q1,HAUS ON HANDY,HANDY ROAD,09,8.82,8.33,9.4,29504.61989,31382.44645
2025Q2,HAUS ON HANDY,HANDY ROAD,09,8.73,8.47,8.87,29504.61989,31382.44645
2025Q3,HAUS ON HANDY,HANDY ROAD,09,8.35,8,8.83,29504.61989,31382.44645
2026Q2,HAUS ON HANDY,HANDY ROAD,09,8.52,7.92,9.1,29504.61989,31382.44645
2023Q3,THE MADEIRA,BUKIT BATOK STREET 31,23,3.82,3.48,3.98,18683.51023,37663.81438
2024Q3,THE MADEIRA,BUKIT BATOK STREET 31,23,3.52,3.15,3.77,18683.51023,37663.81438
2024Q2,THE MADEIRA,BUKIT BATOK STREET 31,23,3.22,3.08,3.48,18683.51023,37663.81438
2026Q2,THE MADEIRA,BUKIT BATOK STREET 31,23,3.22,3.07,3.6,18683.51023,37663.81438
2026Q1,THE MADEIRA,BUKIT BATOK STREET 31,23,3.44,3.27,3.69,18683.51023,37663.81438
2025Q2,THE MADEIRA,BUKIT BATOK STREET 31,23,3.46,3.19,3.57,18683.51023,37663.81438
2025Q3,THE MADEIRA,BUKIT BATOK STREET 31,23,3.38,3.22,3.6,18683.51023,37663.81438
2023Q4,RIVERGATE,ROBERTSON QUAY,09,6.48,6.17,6.7,28336.25399,30503.01494
2023Q3,RIVERGATE,ROBERTSON QUAY,09,6.76,6.17,7.07,28336.25399,30503.01494
2024Q1,RIVERGATE,ROBERTSON QUAY,09,6.42,6,6.66,28336.25399,30503.01494
2024Q3,RIVERGATE,ROBERTSON QUAY,09,6.22,5.76,6.62,28336.25399,30503.01494
2024Q4,RIVERGATE,ROBERTSON QUAY,09,6.7,6.07,7.13,28336.25399,30503.01494
2024Q2,RIVERGATE,ROBERTSON QUAY,09,6.24,5.92,6.69,28336.25399,30503.01494
2025Q1,RIVERGATE,ROBERTSON QUAY,09,6.68,6.33,7.04,28336.25399,30503.01494
2026Q2,RIVERGATE,ROBERTSON QUAY,09,6.7,6.35,7.02,28336.25399,30503.01494
2025Q4,RIVERGATE,ROBERTSON QUAY,09,6.64,6.23,6.95,28336.25399,30503.01494
2026Q1,RIVERGATE,ROBERTSON QUAY,09,6.7,6.39,7.07,28336.25399,30503.01494
2025Q2,RIVERGATE,ROBERTSON QUAY,09,6.7,6.3,6.97,28336.25399,30503.01494
2025Q3,RIVERGATE,ROBERTSON QUAY,09,6.7,6.19,6.98,28336.25399,30503.01494
2024Q4,THE AVENIR,RIVER VALLEY CLOSE,09,7.8,7.47,8.31,28393.59966,30727.15106
2025Q1,THE AVENIR,RIVER VALLEY CLOSE,09,7.96,7.64,8.31,28393.59966,30727.15106
2026Q2,THE AVENIR,RIVER VALLEY CLOSE,09,8.41,8.29,8.72,28393.59966,30727.15106
2025Q4,THE AVENIR,RIVER VALLEY CLOSE,09,8.26,7.93,8.77,28393.59966,30727.15106
2026Q1,THE AVENIR,RIVER VALLEY CLOSE,09,8.33,7.86,8.48,28393.59966,30727.15106
2025Q2,THE AVENIR,RIVER VALLEY CLOSE,09,8.15,7.8,8.51,28393.59966,30727.15106
2025Q3,THE AVENIR,RIVER VALLEY CLOSE,09,8.34,7.8,8.69,28393.59966,30727.15106
2023Q3,THE BOUTIQ,KILLINEY ROAD,09,5.89,5.73,6.42,28620.63786,30989.762
2023Q4,THE BOUTIQ,KILLINEY ROAD,09,6.25,5.9,6.83,28620.63786,30989.762
2024Q1,THE BOUTIQ,KILLINEY ROAD,09,5.98,5.58,6.95,28620.63786,30989.762
2024Q3,THE BOUTIQ,KILLINEY ROAD,09,5.89,5.63,6.92,28620.63786,30989.762
2024Q4,THE BOUTIQ,KILLINEY ROAD,09,5.88,5.17,6.32,28620.63786,30989.762
2024Q2,THE BOUTIQ,KILLINEY ROAD,09,6.04,5.56,6.5,28620.63786,30989.762
2025Q1,THE BOUTIQ,KILLINEY ROAD,09,6.23,5.68,6.92,28620.63786,30989.762
2026Q2,THE BOUTIQ,KILLINEY ROAD,09,6.02,5.4,6.87,28620.63786,30989.762
2025Q4,THE BOUTIQ,KILLINEY ROAD,09,6.15,5.89,6.36,28620.63786,30989.762
2026Q1,THE BOUTIQ,KILLINEY ROAD,09,5.86,5.33,6.93,28620.63786,30989.762
2025Q2,THE BOUTIQ,KILLINEY ROAD,09,6.12,5.59,6.94,28620.63786,30989.762
2025Q3,THE BOUTIQ,KILLINEY ROAD,09,5.9,5.21,6.31,28620.63786,30989.762
2023Q4,HILLTOPS,CAIRNHILL CIRCLE,09,7.87,7.19,8.22,28590.42001,32166.94131
2024Q1,HILLTOPS,CAIRNHILL CIRCLE,09,7.4,7.1,8.01,28590.42001,32166.94131
2024Q3,HILLTOPS,CAIRNHILL CIRCLE,09,7.7,7.31,8.48,28590.42001,32166.94131
2024Q2,HILLTOPS,CAIRNHILL CIRCLE,09,7.77,7.18,8.41,28590.42001,32166.94131
2025Q1,HILLTOPS,CAIRNHILL CIRCLE,09,7.42,6.83,7.78,28590.42001,32166.94131
2025Q4,HILLTOPS,CAIRNHILL CIRCLE,09,7.3,7.12,7.65,28590.42001,32166.94131
2026Q1,HILLTOPS,CAIRNHILL CIRCLE,09,7.18,6.81,8.28,28590.42001,32166.94131
2025Q2,HILLTOPS,CAIRNHILL CIRCLE,09,7.34,6.81,8.26,28590.42001,32166.94131
2025Q3,HILLTOPS,CAIRNHILL CIRCLE,09,7.37,6.93,8.06,28590.42001,32166.94131
2026Q2,HILLTOPS,CAIRNHILL CIRCLE,09,7.18,7.05,7.7,28590.42001,32166.94131
2023Q3,THE LINEAR,UPPER BUKIT TIMAH ROAD,23,3.91,3.41,4.04,20166.63779,39717.8952
2024Q3,THE LINEAR,UPPER BUKIT TIMAH ROAD,23,3.53,3.42,3.79,20166.63779,39717.8952
2026Q1,THE LINEAR,UPPER BUKIT TIMAH ROAD,23,3.64,3.54,3.67,20166.63779,39717.8952
2024Q2,RESIDENCES @ KILLINEY,KILLINEY ROAD,09,6.02,5.57,6.8,28534.09299,31020.04041
2024Q3,LEEDON 2,LEEDON ROAD,10,4.7,4.35,4.89,23949.02922,32796.34023
2025Q3,LEEDON 2,LEEDON ROAD,10,4.92,4.76,5.08,23949.02922,32796.34023
2023Q3,VUE 8 RESIDENCE,PASIR RIS HEIGHTS,18,4.38,4.21,4.87,39966.21044,40483.54311
2023Q4,VUE 8 RESIDENCE,PASIR RIS HEIGHTS,18,4.46,4.09,4.77,39966.21044,40483.54311
2025Q1,VUE 8 RESIDENCE,PASIR RIS HEIGHTS,18,4.27,4.16,4.83,39966.21044,40483.54311
2024Q2,VUE 8 RESIDENCE,PASIR RIS HEIGHTS,18,4.4,4.15,4.82,39966.21044,40483.54311
2024Q3,VUE 8 RESIDENCE,PASIR RIS HEIGHTS,18,4.06,3.93,4.39,39966.21044,40483.54311
2024Q4,VUE 8 RESIDENCE,PASIR RIS HEIGHTS,18,4.09,3.54,4.9,39966.21044,40483.54311
2025Q3,VUE 8 RESIDENCE,PASIR RIS HEIGHTS,18,4.33,4.12,4.74,39966.21044,40483.54311
2025Q4,VUE 8 RESIDENCE,PASIR RIS HEIGHTS,18,4.2,3.83,4.43,39966.21044,40483.54311
2024Q1,VUE 8 RESIDENCE,PASIR RIS HEIGHTS,18,4.41,4.37,4.93,39966.21044,40483.54311
2026Q1,VUE 8 RESIDENCE,PASIR RIS HEIGHTS,18,4.33,4.14,4.77,39966.21044,40483.54311
2026Q2,VUE 8 RESIDENCE,PASIR RIS HEIGHTS,18,4.37,4.2,4.53,39966.21044,40483.54311
2023Q4,MI CASA,CHOA CHU KANG AVENUE 3,23,3.31,3.23,3.41,18529.43077,40622.63411
2024Q1,MI CASA,CHOA CHU KANG AVENUE 3,23,3.43,3.2,3.55,18529.43077,40622.63411
2023Q3,MI CASA,CHOA CHU KANG AVENUE 3,23,3.32,3.15,3.42,18529.43077,40622.63411
2024Q3,MI CASA,CHOA CHU KANG AVENUE 3,23,3.36,3.19,3.56,18529.43077,40622.63411
2025Q1,MI CASA,CHOA CHU KANG AVENUE 3,23,3.56,3.34,3.75,18529.43077,40622.63411
2025Q4,MI CASA,CHOA CHU KANG AVENUE 3,23,3.28,3.22,3.43,18529.43077,40622.63411
2026Q1,MI CASA,CHOA CHU KANG AVENUE 3,23,3.43,3.33,3.61,18529.43077,40622.63411
2025Q3,MI CASA,CHOA CHU KANG AVENUE 3,23,3.44,3.33,3.52,18529.43077,40622.63411
2026Q2,MI CASA,CHOA CHU KANG AVENUE 3,23,3.48,3.39,3.62,18529.43077,40622.63411
2025Q4,SIXTEEN35 RESIDENCES,LORONG 35 GEYLANG,14,5.87,5.61,6.69,34169.05221,33090.16244
2023Q3,THE SAIL @ MARINA BAY,MARINA BOULEVARD,01,6.93,6.33,7.34,30161.77471,29255.90768
2023Q4,THE SAIL @ MARINA BAY,MARINA BOULEVARD,01,6.95,6.39,7.43,30161.77471,29255.90768
2024Q1,THE SAIL @ MARINA BAY,MARINA BOULEVARD,01,6.92,6.3,7.55,30161.77471,29255.90768
2024Q3,THE SAIL @ MARINA BAY,MARINA BOULEVARD,01,6.74,6.16,7.18,30161.77471,29255.90768
2024Q4,THE SAIL @ MARINA BAY,MARINA BOULEVARD,01,6.72,6.31,7.2,30161.77471,29255.90768
2024Q2,THE SAIL @ MARINA BAY,MARINA BOULEVARD,01,6.54,6.09,7.34,30161.77471,29255.90768
2025Q1,THE SAIL @ MARINA BAY,MARINA BOULEVARD,01,6.76,6.27,7.26,30161.77471,29255.90768
2025Q4,THE SAIL @ MARINA BAY,MARINA BOULEVARD,01,6.76,6.35,7.32,30161.77471,29255.90768
2026Q2,THE SAIL @ MARINA BAY,MARINA BOULEVARD,01,6.93,6.41,7.46,30161.77471,29255.90768
2026Q1,THE SAIL @ MARINA BAY,MARINA BOULEVARD,01,6.69,6.23,7.43,30161.77471,29255.90768
2025Q2,THE SAIL @ MARINA BAY,MARINA BOULEVARD,01,6.86,6.34,7.55,30161.77471,29255.90768
2025Q3,THE SAIL @ MARINA BAY,MARINA BOULEVARD,01,6.6,6.09,7.08,30161.77471,29255.90768
2023Q3,FOURTH AVENUE RESIDENCES,FOURTH AVENUE,10,7.36,7.1,7.71,23950.11152,34608.4572
2023Q4,FOURTH AVENUE RESIDENCES,FOURTH AVENUE,10,7.71,7.53,8.1,23950.11152,34608.4572
2024Q1,FOURTH AVENUE RESIDENCES,FOURTH AVENUE,10,7.84,7.62,8.05,23950.11152,34608.4572
2024Q3,FOURTH AVENUE RESIDENCES,FOURTH AVENUE,10,7.12,6.76,7.49,23950.11152,34608.4572
2024Q4,FOURTH AVENUE RESIDENCES,FOURTH AVENUE,10,7.31,6.91,7.62,23950.11152,34608.4572
2024Q2,FOURTH AVENUE RESIDENCES,FOURTH AVENUE,10,7.31,6.97,7.43,23950.11152,34608.4572
2025Q1,FOURTH AVENUE RESIDENCES,FOURTH AVENUE,10,7.31,6.93,7.51,23950.11152,34608.4572
2025Q4,FOURTH AVENUE RESIDENCES,FOURTH AVENUE,10,7.19,6.73,7.51,23950.11152,34608.4572
2026Q1,FOURTH AVENUE RESIDENCES,FOURTH AVENUE,10,7.32,6.98,7.56,23950.11152,34608.4572
2025Q2,FOURTH AVENUE RESIDENCES,FOURTH AVENUE,10,7.04,6.78,7.43,23950.11152,34608.4572
2025Q3,FOURTH AVENUE RESIDENCES,FOURTH AVENUE,10,7.23,6.9,7.43,23950.11152,34608.4572
2026Q2,FOURTH AVENUE RESIDENCES,FOURTH AVENUE,10,7.36,6.87,7.63,23950.11152,34608.4572
2023Q4,ONE DEVONSHIRE,DEVONSHIRE ROAD,09,6.74,5.97,6.95,28470.1133,31054.27282
2024Q1,ONE DEVONSHIRE,DEVONSHIRE ROAD,09,6.68,5.92,7.14,28470.1133,31054.27282
2023Q3,ONE DEVONSHIRE,DEVONSHIRE ROAD,09,6.59,6.25,7.12,28470.1133,31054.27282
2024Q3,ONE DEVONSHIRE,DEVONSHIRE ROAD,09,6.46,6.27,7.13,28470.1133,31054.27282
2024Q4,ONE DEVONSHIRE,DEVONSHIRE ROAD,09,6.36,6.24,6.72,28470.1133,31054.27282
2024Q2,ONE DEVONSHIRE,DEVONSHIRE ROAD,09,6.8,6.33,7.32,28470.1133,31054.27282
2025Q1,ONE DEVONSHIRE,DEVONSHIRE ROAD,09,6.22,5.94,6.57,28470.1133,31054.27282
2025Q4,ONE DEVONSHIRE,DEVONSHIRE ROAD,09,6.42,6.01,6.7,28470.1133,31054.27282
2025Q2,ONE DEVONSHIRE,DEVONSHIRE ROAD,09,6.85,6.16,7.52,28470.1133,31054.27282
2025Q3,ONE DEVONSHIRE,DEVONSHIRE ROAD,09,6.58,6.35,7.05,28470.1133,31054.27282
2026Q2,ONE DEVONSHIRE,DEVONSHIRE ROAD,09,7.06,6.56,7.5,28470.1133,31054.27282
2024Q1,L'VIV,NEWTON ROAD,11,6.03,5.76,6.23,28791.8267,33073.61528
2023Q3,L'VIV,NEWTON ROAD,11,5.94,5.64,6.36,28791.8267,33073.61528
2024Q3,L'VIV,NEWTON ROAD,11,5.9,5.77,6.28,28791.8267,33073.61528
2024Q4,L'VIV,NEWTON ROAD,11,5.89,5.63,6.27,28791.8267,33073.61528
2024Q2,L'VIV,NEWTON ROAD,11,5.55,5.51,5.74,28791.8267,33073.61528
2025Q1,L'VIV,NEWTON ROAD,11,6.19,5.81,6.55,28791.8267,33073.61528
2026Q1,L'VIV,NEWTON ROAD,11,6.22,6.04,6.4,28791.8267,33073.61528
2025Q2,L'VIV,NEWTON ROAD,11,5.87,5.76,6.19,28791.8267,33073.61528
2025Q3,L'VIV,NEWTON ROAD,11,5.95,5.37,6.23,28791.8267,33073.61528
2026Q2,L'VIV,NEWTON ROAD,11,6.09,5.66,6.36,28791.8267,33073.61528
2025Q4,KLIMT CAIRNHILL,CAIRNHILL ROAD,09,7.84,7.49,8.28,28320.6544820778,32357.0435866391
2026Q1,KLIMT CAIRNHILL,CAIRNHILL ROAD,09,7.84,7.61,8.03,28320.6544820778,32357.0435866391
2023Q3,FORTE SUITES,MERGUI ROAD,08,6.06,5.67,6.8,30069.33817,33352.78206
2023Q4,FORTE SUITES,MERGUI ROAD,08,6.22,5.97,6.92,30069.33817,33352.78206
2024Q3,FORTE SUITES,MERGUI ROAD,08,5.85,5.72,6.56,30069.33817,33352.78206
2024Q2,FORTE SUITES,MERGUI ROAD,08,5.95,5.65,6.33,30069.33817,33352.78206
2025Q1,FORTE SUITES,MERGUI ROAD,08,6.44,6.07,6.8,30069.33817,33352.78206
2025Q4,FORTE SUITES,MERGUI ROAD,08,6.19,5.81,6.47,30069.33817,33352.78206
2026Q1,FORTE SUITES,MERGUI ROAD,08,6.19,5.92,6.55,30069.33817,33352.78206
2025Q2,FORTE SUITES,MERGUI ROAD,08,6.08,5.57,6.36,30069.33817,33352.78206
2025Q3,FORTE SUITES,MERGUI ROAD,08,6.1,5.68,6.8,30069.33817,33352.78206
2023Q3,BISHAN 8,BISHAN STREET 21,20,4.21,3.96,4.39,29533.17646,36834.92805
2024Q2,BISHAN 8,BISHAN STREET 21,20,4.25,3.98,4.49,29533.17646,36834.92805
2025Q1,BISHAN 8,BISHAN STREET 21,20,4.3,3.9,4.45,29533.17646,36834.92805
2026Q1,BISHAN 8,BISHAN STREET 21,20,4.28,4.01,4.47,29533.17646,36834.92805
2025Q3,BISHAN 8,BISHAN STREET 21,20,4.3,4.14,4.39,29533.17646,36834.92805
2026Q1,AMO RESIDENCE,ANG MO KIO RISE,20,5.43,5.36,5.65,28013.2162622961,39025.4449878697
2026Q2,AMO RESIDENCE,ANG MO KIO RISE,20,5.17,5.09,5.47,28013.2162622961,39025.4449878697
2024Q1,BOATHOUSE RESIDENCES,UPPER SERANGOON VIEW,19,3.84,3.79,4.08,35697.0686,39771.12397
2023Q4,BOATHOUSE RESIDENCES,UPPER SERANGOON VIEW,19,4.24,4.16,4.46,35697.0686,39771.12397
2024Q4,BOATHOUSE RESIDENCES,UPPER SERANGOON VIEW,19,4.2,4.04,4.4,35697.0686,39771.12397
2025Q1,BOATHOUSE RESIDENCES,UPPER SERANGOON VIEW,19,3.84,3.75,4.15,35697.0686,39771.12397
2024Q3,BOATHOUSE RESIDENCES,UPPER SERANGOON VIEW,19,3.93,3.81,4.16,35697.0686,39771.12397
2025Q4,BOATHOUSE RESIDENCES,UPPER SERANGOON VIEW,19,4.09,3.75,4.37,35697.0686,39771.12397
2026Q1,BOATHOUSE RESIDENCES,UPPER SERANGOON VIEW,19,4.03,3.83,4.24,35697.0686,39771.12397
2025Q2,BOATHOUSE RESIDENCES,UPPER SERANGOON VIEW,19,3.99,3.43,4.31,35697.0686,39771.12397
2025Q3,BOATHOUSE RESIDENCES,UPPER SERANGOON VIEW,19,4.13,3.8,4.43,35697.0686,39771.12397
2023Q3,THE WATERSIDE,TANJONG RHU ROAD,15,3.84,3.61,4.09,33508.76617,30999.57076
2023Q4,THE WATERSIDE,TANJONG RHU ROAD,15,3.86,3.61,4.16,33508.76617,30999.57076
2024Q1,THE WATERSIDE,TANJONG RHU ROAD,15,3.77,3.61,3.96,33508.76617,30999.57076
2025Q1,THE WATERSIDE,TANJONG RHU ROAD,15,3.84,3.55,3.96,33508.76617,30999.57076
2024Q3,THE WATERSIDE,TANJONG RHU ROAD,15,3.62,3.43,3.79,33508.76617,30999.57076
2024Q4,THE WATERSIDE,TANJONG RHU ROAD,15,3.73,3.64,3.94,33508.76617,30999.57076
2024Q2,THE WATERSIDE,TANJONG RHU ROAD,15,3.73,3.52,3.89,33508.76617,30999.57076
2025Q4,THE WATERSIDE,TANJONG RHU ROAD,15,3.76,3.64,4.15,33508.76617,30999.57076
2026Q2,THE WATERSIDE,TANJONG RHU ROAD,15,3.75,3.46,4.09,33508.76617,30999.57076
2026Q1,THE WATERSIDE,TANJONG RHU ROAD,15,3.73,3.52,3.87,33508.76617,30999.57076
2025Q2,THE WATERSIDE,TANJONG RHU ROAD,15,3.73,3.55,3.91,33508.76617,30999.57076
2025Q3,THE WATERSIDE,TANJONG RHU ROAD,15,3.76,3.65,3.94,33508.76617,30999.57076
2024Q3,PATERSON SUITES,PATERSON ROAD,09,5.67,5.37,5.92,27698.70068,31499.43816
2024Q2,PATERSON SUITES,PATERSON ROAD,09,6.01,5.63,6.25,27698.70068,31499.43816
2026Q2,PATERSON SUITES,PATERSON ROAD,09,6.01,5.63,6.47,27698.70068,31499.43816
2025Q2,PATERSON SUITES,PATERSON ROAD,09,5.99,5.78,6.19,27698.70068,31499.43816
2023Q3,SYMPHONY SUITES,YISHUN CLOSE,27,4.69,4.37,4.83,29233.91673,46377.64535
2023Q4,SYMPHONY SUITES,YISHUN CLOSE,27,4.58,4.36,4.88,29233.91673,46377.64535
2024Q1,SYMPHONY SUITES,YISHUN CLOSE,27,4.54,4.39,4.78,29233.91673,46377.64535
2024Q3,SYMPHONY SUITES,YISHUN CLOSE,27,4.33,3.97,4.39,29233.91673,46377.64535
2024Q4,SYMPHONY SUITES,YISHUN CLOSE,27,4.37,4.17,4.5,29233.91673,46377.64535
2024Q2,SYMPHONY SUITES,YISHUN CLOSE,27,4.61,4.3,4.7,29233.91673,46377.64535
2025Q1,SYMPHONY SUITES,YISHUN CLOSE,27,4.17,3.93,4.45,29233.91673,46377.64535
2026Q2,SYMPHONY SUITES,YISHUN CLOSE,27,4.5,4.3,4.61,29233.91673,46377.64535
2025Q4,SYMPHONY SUITES,YISHUN CLOSE,27,4.33,4.11,4.5,29233.91673,46377.64535
2026Q1,SYMPHONY SUITES,YISHUN CLOSE,27,4.2,3.88,4.45,29233.91673,46377.64535
2025Q2,SYMPHONY SUITES,YISHUN CLOSE,27,4.27,4.2,4.36,29233.91673,46377.64535
2025Q3,SYMPHONY SUITES,YISHUN CLOSE,27,4.24,4.06,4.4,29233.91673,46377.64535
2024Q1,CHANGI RISE CONDOMINIUM,SIMEI RISE,18,3.36,3.04,3.63,42151.03263,36757.79573
2023Q4,CHANGI RISE CONDOMINIUM,SIMEI RISE,18,3.48,3.41,3.72,42151.03263,36757.79573
2023Q3,CHANGI RISE CONDOMINIUM,SIMEI RISE,18,3.57,3.36,3.67,42151.03263,36757.79573
2024Q4,CHANGI RISE CONDOMINIUM,SIMEI RISE,18,3.45,3.32,3.54,42151.03263,36757.79573
2024Q2,CHANGI RISE CONDOMINIUM,SIMEI RISE,18,3.47,3.28,3.69,42151.03263,36757.79573
2025Q1,CHANGI RISE CONDOMINIUM,SIMEI RISE,18,3.45,3.27,3.57,42151.03263,36757.79573
2025Q4,CHANGI RISE CONDOMINIUM,SIMEI RISE,18,3.36,3.01,3.62,42151.03263,36757.79573
2026Q1,CHANGI RISE CONDOMINIUM,SIMEI RISE,18,3.49,3.13,3.57,42151.03263,36757.79573
2025Q2,CHANGI RISE CONDOMINIUM,SIMEI RISE,18,3.36,3.3,3.62,42151.03263,36757.79573
2025Q3,CHANGI RISE CONDOMINIUM,SIMEI RISE,18,3.41,3.32,3.63,42151.03263,36757.79573
2026Q2,CHANGI RISE CONDOMINIUM,SIMEI RISE,18,3.41,3.34,3.66,42151.03263,36757.79573
2025Q3,THE BOTANIC ON LLOYD,LLOYD ROAD,09,5.37,5.01,5.72,28696.49301,30984.76002
2026Q2,SKY EDEN@BEDOK,BEDOK CENTRAL,16,5.99,5.72,6.25,39018.0629238216,34122.6234778939
2026Q1,SKY EDEN@BEDOK,BEDOK CENTRAL,16,5.81,5.56,6.23,39018.0629238216,34122.6234778939
2023Q3,ROBERTSON 100,ROBERTSON QUAY,09,5.8,4.69,5.98,28510.6855,30384.45491
2023Q4,ROBERTSON 100,ROBERTSON QUAY,09,5.85,5.44,6.25,28510.6855,30384.45491
2024Q1,ROBERTSON 100,ROBERTSON QUAY,09,5.67,5.38,6.05,28510.6855,30384.45491
2024Q3,ROBERTSON 100,ROBERTSON QUAY,09,5.33,5.07,5.72,28510.6855,30384.45491
2024Q4,ROBERTSON 100,ROBERTSON QUAY,09,5.55,5.24,5.9,28510.6855,30384.45491
2024Q2,ROBERTSON 100,ROBERTSON QUAY,09,5.62,5.31,5.76,28510.6855,30384.45491
2025Q1,ROBERTSON 100,ROBERTSON QUAY,09,5.45,5.35,5.9,28510.6855,30384.45491
2026Q2,ROBERTSON 100,ROBERTSON QUAY,09,5.44,5.33,5.73,28510.6855,30384.45491
2025Q4,ROBERTSON 100,ROBERTSON QUAY,09,5.48,5.38,5.87,28510.6855,30384.45491
2026Q1,ROBERTSON 100,ROBERTSON QUAY,09,5.57,5.35,5.84,28510.6855,30384.45491
2025Q2,ROBERTSON 100,ROBERTSON QUAY,09,5.66,5.59,5.9,28510.6855,30384.45491
2025Q3,ROBERTSON 100,ROBERTSON QUAY,09,5.6,5.22,5.89,28510.6855,30384.45491
2023Q4,PEOPLE'S PARK COMPLEX,PARK ROAD,01,5.32,4.54,6.16,29038.41945,29625.78918
2024Q1,PEOPLE'S PARK COMPLEX,PARK ROAD,01,4.47,3.48,5.5,29038.41945,29625.78918
2023Q3,PEOPLE'S PARK COMPLEX,PARK ROAD,01,4.96,4.7,6.11,29038.41945,29625.78918
2024Q3,PEOPLE'S PARK COMPLEX,PARK ROAD,01,5.38,4.97,6.11,29038.41945,29625.78918
2024Q4,PEOPLE'S PARK COMPLEX,PARK ROAD,01,5.18,4.15,5.91,29038.41945,29625.78918
2024Q2,PEOPLE'S PARK COMPLEX,PARK ROAD,01,4.69,3.49,5.67,29038.41945,29625.78918
2025Q1,PEOPLE'S PARK COMPLEX,PARK ROAD,01,4.47,3.34,5.99,29038.41945,29625.78918
2026Q2,PEOPLE'S PARK COMPLEX,PARK ROAD,01,5.35,4.04,6.3,29038.41945,29625.78918
2025Q4,PEOPLE'S PARK COMPLEX,PARK ROAD,01,5,4.87,5.97,29038.41945,29625.78918
2026Q1,PEOPLE'S PARK COMPLEX,PARK ROAD,01,4.38,4.02,6.11,29038.41945,29625.78918
2025Q2,PEOPLE'S PARK COMPLEX,PARK ROAD,01,4.68,3.68,5.37,29038.41945,29625.78918
2025Q3,PEOPLE'S PARK COMPLEX,PARK ROAD,01,5.4,4.65,6.11,29038.41945,29625.78918
2023Q3,VIVA,SUFFOLD WALK,11,5.96,5.54,6.47,29165.69675,33117.95904
2023Q3,VIVA,SUFFOLD WALK,11,5.96,5.54,6.47,29165.69675,33117.95904
2023Q4,VIVA,SUFFOLD WALK,11,6.19,5.66,6.82,29165.69675,33117.95904
2023Q4,VIVA,SUFFOLD WALK,11,6.19,5.66,6.82,29165.69675,33117.95904
2025Q1,VIVA,SUFFOLD WALK,11,5.65,5.34,5.98,29165.69675,33117.95904
2025Q1,VIVA,SUFFOLD WALK,11,5.65,5.34,5.98,29165.69675,33117.95904
2024Q2,VIVA,SUFFOLD WALK,11,5.71,5.31,6.06,29165.69675,33117.95904
2024Q2,VIVA,SUFFOLD WALK,11,5.71,5.31,6.06,29165.69675,33117.95904
2024Q3,VIVA,SUFFOLD WALK,11,5.56,5.27,6.03,29165.69675,33117.95904
2024Q3,VIVA,SUFFOLD WALK,11,5.56,5.27,6.03,29165.69675,33117.95904
2024Q4,VIVA,SUFFOLD WALK,11,5.57,5.36,5.95,29165.69675,33117.95904
2024Q4,VIVA,SUFFOLD WALK,11,5.57,5.36,5.95,29165.69675,33117.95904
2025Q3,VIVA,SUFFOLD WALK,11,5.95,5.7,6.27,29165.69675,33117.95904
2025Q3,VIVA,SUFFOLD WALK,11,5.95,5.7,6.27,29165.69675,33117.95904
2025Q4,VIVA,SUFFOLD WALK,11,5.87,5.32,6.37,29165.69675,33117.95904
2025Q4,VIVA,SUFFOLD WALK,11,5.87,5.32,6.37,29165.69675,33117.95904
2024Q1,VIVA,SUFFOLD WALK,11,5.99,5.75,6.05,29165.69675,33117.95904
2024Q1,VIVA,SUFFOLD WALK,11,5.99,5.75,6.05,29165.69675,33117.95904
2026Q1,VIVA,SUFFOLD WALK,11,5.75,5.47,6.04,29165.69675,33117.95904
2026Q1,VIVA,SUFFOLD WALK,11,5.75,5.47,6.04,29165.69675,33117.95904
2025Q2,VIVA,SUFFOLD WALK,11,5.89,5.61,6.19,29165.69675,33117.95904
2025Q2,VIVA,SUFFOLD WALK,11,5.89,5.61,6.19,29165.69675,33117.95904
2026Q2,VIVA,SUFFOLD WALK,11,5.85,5.49,6.26,29165.69675,33117.95904
2026Q2,VIVA,SUFFOLD WALK,11,5.85,5.49,6.26,29165.69675,33117.95904
2023Q4,ASPEN HEIGHTS,RIVER VALLEY ROAD,09,4.84,4.63,5.09,28757.43322,30796.17494
2023Q3,ASPEN HEIGHTS,RIVER VALLEY ROAD,09,4.96,4.55,5.37,28757.43322,30796.17494
2024Q1,ASPEN HEIGHTS,RIVER VALLEY ROAD,09,4.8,4.53,5.17,28757.43322,30796.17494
2024Q4,ASPEN HEIGHTS,RIVER VALLEY ROAD,09,4.76,4.54,5.02,28757.43322,30796.17494
2024Q2,ASPEN HEIGHTS,RIVER VALLEY ROAD,09,4.6,4.42,4.91,28757.43322,30796.17494
2025Q1,ASPEN HEIGHTS,RIVER VALLEY ROAD,09,4.88,4.58,5.07,28757.43322,30796.17494
2024Q3,ASPEN HEIGHTS,RIVER VALLEY ROAD,09,4.53,4.3,4.71,28757.43322,30796.17494
2025Q4,ASPEN HEIGHTS,RIVER VALLEY ROAD,09,4.76,4.65,5.02,28757.43322,30796.17494
2026Q1,ASPEN HEIGHTS,RIVER VALLEY ROAD,09,4.8,4.63,5.09,28757.43322,30796.17494
2025Q2,ASPEN HEIGHTS,RIVER VALLEY ROAD,09,4.78,4.48,5.06,28757.43322,30796.17494
2025Q3,ASPEN HEIGHTS,RIVER VALLEY ROAD,09,4.84,4.53,5.07,28757.43322,30796.17494
2026Q2,ASPEN HEIGHTS,RIVER VALLEY ROAD,09,4.76,4.65,4.99,28757.43322,30796.17494
2024Q1,THE LUXURIE,COMPASSVALE ROAD,19,4.51,4.33,4.91,35033.51492,41205.6001
2023Q4,THE LUXURIE,COMPASSVALE ROAD,19,4.5,4.3,4.81,35033.51492,41205.6001
2023Q3,THE LUXURIE,COMPASSVALE ROAD,19,4.71,4.39,5.11,35033.51492,41205.6001
2024Q3,THE LUXURIE,COMPASSVALE ROAD,19,4.38,4.05,4.59,35033.51492,41205.6001
2024Q4,THE LUXURIE,COMPASSVALE ROAD,19,4.45,4.06,4.83,35033.51492,41205.6001
2024Q2,THE LUXURIE,COMPASSVALE ROAD,19,4.19,4.03,4.52,35033.51492,41205.6001
2025Q1,THE LUXURIE,COMPASSVALE ROAD,19,4.58,4.26,4.93,35033.51492,41205.6001
2026Q2,THE LUXURIE,COMPASSVALE ROAD,19,4.45,4.1,4.65,35033.51492,41205.6001
2025Q4,THE LUXURIE,COMPASSVALE ROAD,19,4.51,4.37,4.85,35033.51492,41205.6001
2026Q1,THE LUXURIE,COMPASSVALE ROAD,19,4.58,4.45,4.77,35033.51492,41205.6001
2025Q2,THE LUXURIE,COMPASSVALE ROAD,19,4.45,4.18,4.66,35033.51492,41205.6001
2025Q3,THE LUXURIE,COMPASSVALE ROAD,19,4.33,4.14,4.65,35033.51492,41205.6001
2023Q3,FLAMINGO VALLEY,SIGLAP ROAD,15,4.65,4.05,5.15,37981.87142,33293.83402
2023Q4,FLAMINGO VALLEY,SIGLAP ROAD,15,4.62,4.09,4.93,37981.87142,33293.83402
2024Q1,FLAMINGO VALLEY,SIGLAP ROAD,15,4.39,3.91,4.77,37981.87142,33293.83402
2024Q3,FLAMINGO VALLEY,SIGLAP ROAD,15,4.52,4.04,4.96,37981.87142,33293.83402
2024Q4,FLAMINGO VALLEY,SIGLAP ROAD,15,4.29,4.08,4.81,37981.87142,33293.83402
2024Q2,FLAMINGO VALLEY,SIGLAP ROAD,15,4.34,4.06,4.58,37981.87142,33293.83402
2025Q1,FLAMINGO VALLEY,SIGLAP ROAD,15,4.59,4.2,4.89,37981.87142,33293.83402
2025Q4,FLAMINGO VALLEY,SIGLAP ROAD,15,4.51,4.18,4.76,37981.87142,33293.83402
2026Q1,FLAMINGO VALLEY,SIGLAP ROAD,15,4.56,4.36,4.78,37981.87142,33293.83402
2025Q2,FLAMINGO VALLEY,SIGLAP ROAD,15,4.05,2.96,4.51,37981.87142,33293.83402
2025Q3,FLAMINGO VALLEY,SIGLAP ROAD,15,4.59,4.36,4.84,37981.87142,33293.83402
2026Q2,FLAMINGO VALLEY,SIGLAP ROAD,15,4.41,4.31,4.58,37981.87142,33293.83402
2023Q3,CENTENNIA SUITES,KIM SENG ROAD,09,5.84,5.37,6.27,28021.20062,30584.15999
2026Q1,CENTENNIA SUITES,KIM SENG ROAD,09,6.3,6,6.46,28021.20062,30584.15999
2025Q3,CENTENNIA SUITES,KIM SENG ROAD,09,6.26,6.09,6.3,28021.20062,30584.15999
2024Q3,MEYER MANSION,MEYER ROAD,15,7.11,6.73,7.39,34429.46297,30974.41331
2024Q4,MEYER MANSION,MEYER ROAD,15,6.77,6.31,7.84,34429.46297,30974.41331
2025Q1,MEYER MANSION,MEYER ROAD,15,6.37,6.08,6.96,34429.46297,30974.41331
2025Q4,MEYER MANSION,MEYER ROAD,15,7.64,6.96,8.31,34429.46297,30974.41331
2025Q2,MEYER MANSION,MEYER ROAD,15,6.66,6,7.23,34429.46297,30974.41331
2025Q3,MEYER MANSION,MEYER ROAD,15,6.77,6.43,6.98,34429.46297,30974.41331
2023Q4,PARKSUITES,HOLLAND GROVE ROAD,10,7.11,6.62,7.39,22354.02916,33142.28066
2024Q1,PARKSUITES,HOLLAND GROVE ROAD,10,6.33,6,6.7,22354.02916,33142.28066
2023Q3,PARKSUITES,HOLLAND GROVE ROAD,10,6.62,6.36,7.08,22354.02916,33142.28066
2024Q3,PARKSUITES,HOLLAND GROVE ROAD,10,6.46,6.24,6.9,22354.02916,33142.28066
2024Q2,PARKSUITES,HOLLAND GROVE ROAD,10,6.7,6.39,6.91,22354.02916,33142.28066
2025Q1,PARKSUITES,HOLLAND GROVE ROAD,10,6.22,5.75,6.44,22354.02916,33142.28066
2026Q2,PARKSUITES,HOLLAND GROVE ROAD,10,6.51,6.34,6.57,22354.02916,33142.28066
2025Q4,PARKSUITES,HOLLAND GROVE ROAD,10,5.88,5.67,6.16,22354.02916,33142.28066
2026Q1,PARKSUITES,HOLLAND GROVE ROAD,10,6.26,5.63,6.34,22354.02916,33142.28066
2025Q2,PARKSUITES,HOLLAND GROVE ROAD,10,6.15,5.88,6.46,22354.02916,33142.28066
2025Q3,PARKSUITES,HOLLAND GROVE ROAD,10,6.07,5.77,6.36,22354.02916,33142.28066
2024Q1,THE PARC CONDOMINIUM,WEST COAST WALK,05,4.31,4.11,4.55,20135.99191,32569.74746
2023Q3,THE PARC CONDOMINIUM,WEST COAST WALK,05,4.72,4.51,5.01,20135.99191,32569.74746
2023Q4,THE PARC CONDOMINIUM,WEST COAST WALK,05,4.69,4.22,4.8,20135.99191,32569.74746
2024Q3,THE PARC CONDOMINIUM,WEST COAST WALK,05,4.44,4.14,4.6,20135.99191,32569.74746
2024Q4,THE PARC CONDOMINIUM,WEST COAST WALK,05,4.57,4.32,4.79,20135.99191,32569.74746
2024Q2,THE PARC CONDOMINIUM,WEST COAST WALK,05,4.33,4.22,4.61,20135.99191,32569.74746
2025Q1,THE PARC CONDOMINIUM,WEST COAST WALK,05,4.49,4.19,4.76,20135.99191,32569.74746
2026Q2,THE PARC CONDOMINIUM,WEST COAST WALK,05,4.49,4.33,4.71,20135.99191,32569.74746
2025Q4,THE PARC CONDOMINIUM,WEST COAST WALK,05,4.53,4.37,4.77,20135.99191,32569.74746
2026Q1,THE PARC CONDOMINIUM,WEST COAST WALK,05,4.44,4.3,4.75,20135.99191,32569.74746
2025Q2,THE PARC CONDOMINIUM,WEST COAST WALK,05,4.52,4.3,4.78,20135.99191,32569.74746
2025Q3,THE PARC CONDOMINIUM,WEST COAST WALK,05,4.49,4.26,4.59,20135.99191,32569.74746
2023Q3,THE TAPESTRY,TAMPINES STREET 86,18,6,5.31,6.43,38620.89755,37253.36705
2023Q4,THE TAPESTRY,TAMPINES STREET 86,18,6.02,5.81,6.33,38620.89755,37253.36705
2024Q1,THE TAPESTRY,TAMPINES STREET 86,18,6.12,5.37,6.34,38620.89755,37253.36705
2025Q1,THE TAPESTRY,TAMPINES STREET 86,18,5.81,5.7,6.12,38620.89755,37253.36705
2024Q3,THE TAPESTRY,TAMPINES STREET 86,18,5.7,5.19,5.96,38620.89755,37253.36705
2024Q4,THE TAPESTRY,TAMPINES STREET 86,18,5.91,5.62,6.18,38620.89755,37253.36705
2024Q2,THE TAPESTRY,TAMPINES STREET 86,18,5.91,5.57,6.34,38620.89755,37253.36705
2025Q4,THE TAPESTRY,TAMPINES STREET 86,18,5.81,5.67,6.12,38620.89755,37253.36705
2026Q2,THE TAPESTRY,TAMPINES STREET 86,18,5.91,5.67,6.33,38620.89755,37253.36705
2026Q1,THE TAPESTRY,TAMPINES STREET 86,18,5.91,5.54,6.12,38620.89755,37253.36705
2025Q2,THE TAPESTRY,TAMPINES STREET 86,18,5.97,5.44,6.34,38620.89755,37253.36705
2025Q3,THE TAPESTRY,TAMPINES STREET 86,18,5.85,5.57,6.12,38620.89755,37253.36705
2023Q3,LATITUDE,JALAN MUTIARA,10,6.07,5.66,6.31,27412.0005,30952.65436
2024Q3,LATITUDE,JALAN MUTIARA,10,5.85,5.58,6.58,27412.0005,30952.65436
2025Q3,LATITUDE,JALAN MUTIARA,10,6.07,5.71,6.33,27412.0005,30952.65436
2023Q4,REGENT GROVE,CHOA CHU KANG NORTH 7,23,3.45,3.34,3.63,18603.3582,42347.94991
2024Q1,REGENT GROVE,CHOA CHU KANG NORTH 7,23,3.38,3.24,3.42,18603.3582,42347.94991
2023Q3,REGENT GROVE,CHOA CHU KANG NORTH 7,23,3.54,3.34,3.65,18603.3582,42347.94991
2024Q3,REGENT GROVE,CHOA CHU KANG NORTH 7,23,3.32,3.12,3.44,18603.3582,42347.94991
2024Q4,REGENT GROVE,CHOA CHU KANG NORTH 7,23,3.35,3.17,3.47,18603.3582,42347.94991
2024Q2,REGENT GROVE,CHOA CHU KANG NORTH 7,23,3.44,3.22,3.54,18603.3582,42347.94991
2025Q1,REGENT GROVE,CHOA CHU KANG NORTH 7,23,3.43,3.11,3.52,18603.3582,42347.94991
2026Q2,REGENT GROVE,CHOA CHU KANG NORTH 7,23,3.44,3.41,3.67,18603.3582,42347.94991
2025Q4,REGENT GROVE,CHOA CHU KANG NORTH 7,23,3.45,3.32,3.66,18603.3582,42347.94991
2026Q1,REGENT GROVE,CHOA CHU KANG NORTH 7,23,3.44,3.41,3.55,18603.3582,42347.94991
2025Q2,REGENT GROVE,CHOA CHU KANG NORTH 7,23,3.45,3.33,3.53,18603.3582,42347.94991
2025Q3,REGENT GROVE,CHOA CHU KANG NORTH 7,23,3.44,3.34,3.56,18603.3582,42347.94991
2025Q2,BEDOK COURT,BEDOK SOUTH AVENUE 3,16,2.46,2.11,3.03,40385.09241,33827.26966
2024Q3,TIERRA VUE,ST. PATRICK'S ROAD,15,4.33,4.13,4.47,36938.71264,32127.35459
2024Q4,TIERRA VUE,ST. PATRICK'S ROAD,15,4.39,3.94,4.58,36938.71264,32127.35459
2026Q2,TIERRA VUE,ST. PATRICK'S ROAD,15,4.37,4.11,4.69,36938.71264,32127.35459
2023Q4,NYON,AMBER ROAD,15,6.24,6.11,7.59,35246.80667,31345.97815
2023Q3,THE LENOX,CHANGI ROAD,14,5.39,5.06,5.92,36687.40185,33429.10252
2024Q4,THE LENOX,CHANGI ROAD,14,4.84,4.51,6.01,36687.40185,33429.10252
2023Q3,LEONIE SUITES,LEONIE HILL,09,5.83,5.53,6.04,27819.04515,31246.04237
2024Q2,RIVIERA 38,MAR THOMA ROAD,12,5.51,4.67,5.97,31359.97573,34480.49147
2025Q4,RIVIERA 38,MAR THOMA ROAD,12,5.24,4.14,5.97,31359.97573,34480.49147
2025Q2,RIVIERA 38,MAR THOMA ROAD,12,4.7,4.18,5.64,31359.97573,34480.49147
2023Q3,THE STELLAR,WEST COAST ROAD,05,4.65,4.08,4.9,20725.16828,30698.00471
2024Q3,THE STELLAR,WEST COAST ROAD,05,4.48,4.13,4.61,20725.16828,30698.00471
2025Q2,THE STELLAR,WEST COAST ROAD,05,4.43,4,4.58,20725.16828,30698.00471
2025Q3,THE STELLAR,WEST COAST ROAD,05,4.17,3.91,4.35,20725.16828,30698.00471
2023Q3,STRATA,ESSEX ROAD,11,4.88,4.5,7.02,29300.38248,33306.58248
2024Q4,STRATA,ESSEX ROAD,11,4.5,4.25,4.97,29300.38248,33306.58248
2024Q2,STRATA,ESSEX ROAD,11,5.73,4.19,5.96,29300.38248,33306.58248
2026Q2,STRATA,ESSEX ROAD,11,4.5,3.98,6.42,29300.38248,33306.58248
2026Q1,STRATA,ESSEX ROAD,11,5.88,4.25,6.08,29300.38248,33306.58248
2025Q2,STRATA,ESSEX ROAD,11,4.76,4.5,5.62,29300.38248,33306.58248
2025Q3,STRATA,ESSEX ROAD,11,5.93,4.71,6.33,29300.38248,33306.58248
2023Q3,SKYSUITES17,JALAN RAJAH,12,6.52,6.24,7.92,29583.23467,34418.29117
2024Q1,SKYSUITES17,JALAN RAJAH,12,5.87,5.58,7.44,29583.23467,34418.29117
2024Q3,SKYSUITES17,JALAN RAJAH,12,7.32,5.68,7.51,29583.23467,34418.29117
2024Q4,SKYSUITES17,JALAN RAJAH,12,6.03,5.59,6.95,29583.23467,34418.29117
2025Q1,SKYSUITES17,JALAN RAJAH,12,5.54,5.46,6.12,29583.23467,34418.29117
2026Q2,SKYSUITES17,JALAN RAJAH,12,5.58,5.44,6.3,29583.23467,34418.29117
2026Q1,SKYSUITES17,JALAN RAJAH,12,6.03,5.64,7.68,29583.23467,34418.29117
2025Q2,SKYSUITES17,JALAN RAJAH,12,7.04,5.53,7.6,29583.23467,34418.29117
2025Q3,SKYSUITES17,JALAN RAJAH,12,5.7,5.53,7.31,29583.23467,34418.29117
2023Q4,CHUAN PARK,LORONG CHUAN,19,2.81,2.3,3.2,31553.47853,37151.02587
2023Q3,CHUAN PARK,LORONG CHUAN,19,2.98,2.56,3.28,31553.47853,37151.02587
2023Q3,TANGLIN VIEW,PRINCE CHARLES CRESCENT,03,4.93,4.58,5.15,26224.99746,30500.67394
2023Q4,TANGLIN VIEW,PRINCE CHARLES CRESCENT,03,4.93,4.81,5.2,26224.99746,30500.67394
2024Q1,TANGLIN VIEW,PRINCE CHARLES CRESCENT,03,4.74,4.49,5.04,26224.99746,30500.67394
2024Q3,TANGLIN VIEW,PRINCE CHARLES CRESCENT,03,4.6,4.21,4.73,26224.99746,30500.67394
2024Q4,TANGLIN VIEW,PRINCE CHARLES CRESCENT,03,5.22,4.62,5.55,26224.99746,30500.67394
2024Q2,TANGLIN VIEW,PRINCE CHARLES CRESCENT,03,4.66,4.37,4.89,26224.99746,30500.67394
2025Q1,TANGLIN VIEW,PRINCE CHARLES CRESCENT,03,4.67,4.53,4.93,26224.99746,30500.67394
2026Q2,TANGLIN VIEW,PRINCE CHARLES CRESCENT,03,4.82,4.49,5.01,26224.99746,30500.67394
2026Q1,TANGLIN VIEW,PRINCE CHARLES CRESCENT,03,4.84,4.54,4.94,26224.99746,30500.67394
2025Q2,TANGLIN VIEW,PRINCE CHARLES CRESCENT,03,4.69,4.38,5.07,26224.99746,30500.67394
2025Q3,TANGLIN VIEW,PRINCE CHARLES CRESCENT,03,4.73,4.58,4.96,26224.99746,30500.67394
2023Q3,SUITES AT ORCHARD,HANDY ROAD,09,7.5,7,7.91,29412.73928,31426.03179
2024Q3,SUITES AT ORCHARD,HANDY ROAD,09,6.89,5.78,7.51,29412.73928,31426.03179
2024Q4,SUITES AT ORCHARD,HANDY ROAD,09,7.1,6.73,7.56,29412.73928,31426.03179
2024Q2,SUITES AT ORCHARD,HANDY ROAD,09,7.15,6.79,7.47,29412.73928,31426.03179
2025Q1,SUITES AT ORCHARD,HANDY ROAD,09,6.37,6.01,6.71,29412.73928,31426.03179
2026Q2,SUITES AT ORCHARD,HANDY ROAD,09,6.97,6.87,7.38,29412.73928,31426.03179
2025Q4,SUITES AT ORCHARD,HANDY ROAD,09,6.5,6.04,6.97,29412.73928,31426.03179
2026Q1,SUITES AT ORCHARD,HANDY ROAD,09,7.04,6.49,7.51,29412.73928,31426.03179
2025Q2,SUITES AT ORCHARD,HANDY ROAD,09,7.1,6.44,7.15,29412.73928,31426.03179
2025Q3,SUITES AT ORCHARD,HANDY ROAD,09,6.86,6.49,7.29,29412.73928,31426.03179
2023Q4,RIPPLE BAY,PASIR RIS LINK,18,4.27,3.98,4.95,42215.48671,39913.10999
2024Q1,RIPPLE BAY,PASIR RIS LINK,18,4.13,3.95,4.75,42215.48671,39913.10999
2023Q3,RIPPLE BAY,PASIR RIS LINK,18,4.45,4.08,5.1,42215.48671,39913.10999
2024Q3,RIPPLE BAY,PASIR RIS LINK,18,4.19,3.93,4.88,42215.48671,39913.10999
2024Q4,RIPPLE BAY,PASIR RIS LINK,18,4.19,4.12,4.45,42215.48671,39913.10999
2024Q2,RIPPLE BAY,PASIR RIS LINK,18,4.22,3.96,4.56,42215.48671,39913.10999
2025Q1,RIPPLE BAY,PASIR RIS LINK,18,4.19,3.9,4.9,42215.48671,39913.10999
2026Q2,RIPPLE BAY,PASIR RIS LINK,18,4.29,4,4.67,42215.48671,39913.10999
2025Q4,RIPPLE BAY,PASIR RIS LINK,18,4.24,4.01,4.85,42215.48671,39913.10999
2026Q1,RIPPLE BAY,PASIR RIS LINK,18,4.22,3.93,4.65,42215.48671,39913.10999
2025Q2,RIPPLE BAY,PASIR RIS LINK,18,4.19,3.95,4.9,42215.48671,39913.10999
2025Q3,RIPPLE BAY,PASIR RIS LINK,18,4.22,3.99,4.76,42215.48671,39913.10999
2023Q3,THE SKYWOODS,DAIRY FARM HEIGHTS,23,5.28,4.79,5.93,21102.66267,38632.97221
2023Q4,THE SKYWOODS,DAIRY FARM HEIGHTS,23,5.07,4.65,5.27,21102.66267,38632.97221
2024Q3,THE SKYWOODS,DAIRY FARM HEIGHTS,23,4.82,4.42,5.13,21102.66267,38632.97221
2024Q4,THE SKYWOODS,DAIRY FARM HEIGHTS,23,4.86,4.7,5.28,21102.66267,38632.97221
2024Q2,THE SKYWOODS,DAIRY FARM HEIGHTS,23,4.59,4.24,4.71,21102.66267,38632.97221
2025Q4,THE SKYWOODS,DAIRY FARM HEIGHTS,23,4.93,4.65,5.31,21102.66267,38632.97221
2026Q2,THE SKYWOODS,DAIRY FARM HEIGHTS,23,4.71,4.38,5.16,21102.66267,38632.97221
2025Q2,THE SKYWOODS,DAIRY FARM HEIGHTS,23,4.95,4.49,5.24,21102.66267,38632.97221
2025Q3,THE SKYWOODS,DAIRY FARM HEIGHTS,23,5.07,4.65,5.25,21102.66267,38632.97221
2023Q3,ATRIUM RESIDENCES,LORONG 28 GEYLANG,14,4.2,3.97,4.46,33883.43177,32814.99401
2024Q1,ATRIUM RESIDENCES,LORONG 28 GEYLANG,14,4.25,3.81,4.59,33883.43177,32814.99401
2024Q2,ATRIUM RESIDENCES,LORONG 28 GEYLANG,14,4.08,2.91,4.49,33883.43177,32814.99401
2024Q3,ATRIUM RESIDENCES,LORONG 28 GEYLANG,14,4.54,3.9,4.73,33883.43177,32814.99401
2026Q1,ATRIUM RESIDENCES,LORONG 28 GEYLANG,14,4.43,3.94,4.74,33883.43177,32814.99401
2025Q3,ATRIUM RESIDENCES,LORONG 28 GEYLANG,14,4.36,3.93,4.55,33883.43177,32814.99401
2026Q2,ATRIUM RESIDENCES,LORONG 28 GEYLANG,14,3.87,3.17,4.36,33883.43177,32814.99401
2024Q3,SUITES 28,LORONG 30 GEYLANG,14,4.95,3.09,5.24,33846.87047,32783.06877
2025Q3,SUITES 28,LORONG 30 GEYLANG,14,3.02,2.92,4.98,33846.87047,32783.06877
2023Q3,RIVERBAY,MAR THOMA ROAD,12,5.25,4.8,6.06,31261.01637,34473.24984
2026Q2,RIVERBAY,MAR THOMA ROAD,12,6.19,5.1,6.52,31261.01637,34473.24984
2025Q2,RIVERBAY,MAR THOMA ROAD,12,6.16,5.09,6.45,31261.01637,34473.24984
2024Q3,REGENCY SUITES,KIM TIAN ROAD,03,5.51,5.14,5.94,27525.513,29634.04789
2023Q3,GUILLEMARD EDGE,LORONG 30 GEYLANG,14,6.3,5.9,6.69,33863.27845,32709.31269
2023Q4,GUILLEMARD EDGE,LORONG 30 GEYLANG,14,6.23,5.85,6.55,33863.27845,32709.31269
2024Q1,GUILLEMARD EDGE,LORONG 30 GEYLANG,14,6.12,5.74,6.36,33863.27845,32709.31269
2024Q3,GUILLEMARD EDGE,LORONG 30 GEYLANG,14,6.07,5.72,6.36,33863.27845,32709.31269
2024Q4,GUILLEMARD EDGE,LORONG 30 GEYLANG,14,6.11,5.44,6.36,33863.27845,32709.31269
2024Q2,GUILLEMARD EDGE,LORONG 30 GEYLANG,14,6.11,5.58,6.34,33863.27845,32709.31269
2025Q1,GUILLEMARD EDGE,LORONG 30 GEYLANG,14,6.04,5.71,6.57,33863.27845,32709.31269
2025Q4,GUILLEMARD EDGE,LORONG 30 GEYLANG,14,6.16,5.75,6.36,33863.27845,32709.31269
2026Q1,GUILLEMARD EDGE,LORONG 30 GEYLANG,14,6.34,5.9,6.38,33863.27845,32709.31269
2025Q2,GUILLEMARD EDGE,LORONG 30 GEYLANG,14,6.25,5.63,6.36,33863.27845,32709.31269
2025Q3,GUILLEMARD EDGE,LORONG 30 GEYLANG,14,6.11,5.83,6.36,33863.27845,32709.31269
2026Q2,GUILLEMARD EDGE,LORONG 30 GEYLANG,14,6.34,5.78,6.58,33863.27845,32709.31269
2024Q1,THE PALETTE,PASIR RIS GROVE,18,4.14,3.94,4.53,40366.95792,39153.0493
2023Q3,THE PALETTE,PASIR RIS GROVE,18,4.53,4.32,4.99,40366.95792,39153.0493
2023Q4,THE PALETTE,PASIR RIS GROVE,18,4.31,4.13,4.55,40366.95792,39153.0493
2024Q3,THE PALETTE,PASIR RIS GROVE,18,4.14,3.88,4.38,40366.95792,39153.0493
2024Q4,THE PALETTE,PASIR RIS GROVE,18,4.03,3.94,4.56,40366.95792,39153.0493
2024Q2,THE PALETTE,PASIR RIS GROVE,18,4.24,3.9,4.38,40366.95792,39153.0493
2025Q1,THE PALETTE,PASIR RIS GROVE,18,4.25,3.92,4.58,40366.95792,39153.0493
2026Q2,THE PALETTE,PASIR RIS GROVE,18,4.27,4.03,4.45,40366.95792,39153.0493
2025Q4,THE PALETTE,PASIR RIS GROVE,18,4.37,4.06,4.48,40366.95792,39153.0493
2026Q1,THE PALETTE,PASIR RIS GROVE,18,4.31,4.03,4.58,40366.95792,39153.0493
2025Q2,THE PALETTE,PASIR RIS GROVE,18,4.31,3.83,4.65,40366.95792,39153.0493
2025Q3,THE PALETTE,PASIR RIS GROVE,18,4.37,4.14,4.65,40366.95792,39153.0493
2023Q3,URBAN TREASURES,JALAN EUNOS,14,6,5.75,6.35,36055.58343,34612.15618
2024Q1,URBAN TREASURES,JALAN EUNOS,14,5.59,5.42,6.19,36055.58343,34612.15618
2023Q4,URBAN TREASURES,JALAN EUNOS,14,5.79,5.51,6,36055.58343,34612.15618
2025Q1,URBAN TREASURES,JALAN EUNOS,14,5.57,5.1,5.93,36055.58343,34612.15618
2024Q2,URBAN TREASURES,JALAN EUNOS,14,5.18,4.94,5.97,36055.58343,34612.15618
2024Q3,URBAN TREASURES,JALAN EUNOS,14,5.67,5.26,5.98,36055.58343,34612.15618
2024Q4,URBAN TREASURES,JALAN EUNOS,14,5.72,5.26,5.98,36055.58343,34612.15618
2025Q3,URBAN TREASURES,JALAN EUNOS,14,5.58,5.35,6.19,36055.58343,34612.15618
2025Q4,URBAN TREASURES,JALAN EUNOS,14,5.62,5.35,6.17,36055.58343,34612.15618
2026Q2,URBAN TREASURES,JALAN EUNOS,14,5.57,5.26,5.79,36055.58343,34612.15618
2026Q1,URBAN TREASURES,JALAN EUNOS,14,5.51,5.19,5.64,36055.58343,34612.15618
2025Q2,URBAN TREASURES,JALAN EUNOS,14,5.48,5.38,5.9,36055.58343,34612.15618
2023Q4,MIRO,LINCOLN ROAD,11,4.46,4.21,4.61,29013.99503,32923.12167
2025Q3,MIRO,LINCOLN ROAD,11,4.08,3.85,4.22,29013.99503,32923.12167
2023Q4,LUMA,RIVER VALLEY GROVE,09,5.63,5.47,5.92,28133.56141,31026.89422
2025Q4,LUMA,RIVER VALLEY GROVE,09,5.39,5.16,5.54,28133.56141,31026.89422
2026Q1,LUMA,RIVER VALLEY GROVE,09,5.75,5.42,6.06,28133.56141,31026.89422
2023Q3,ADAM PARK CONDOMINIUM,ADAM ROAD,11,3.95,3.79,4.14,25790.31908,34468.3225
2024Q1,THE M,MIDDLE ROAD,07,8.07,7.48,8.61,30504.18558,31155.61466
2024Q3,THE M,MIDDLE ROAD,07,8.03,7.54,8.73,30504.18558,31155.61466
2024Q4,THE M,MIDDLE ROAD,07,8.35,7.95,8.66,30504.18558,31155.61466
2024Q2,THE M,MIDDLE ROAD,07,7.87,7.29,8.44,30504.18558,31155.61466
2025Q1,THE M,MIDDLE ROAD,07,7.96,7.6,8.45,30504.18558,31155.61466
2026Q2,THE M,MIDDLE ROAD,07,8.09,7.69,8.56,30504.18558,31155.61466
2025Q4,THE M,MIDDLE ROAD,07,8.45,7.94,9.05,30504.18558,31155.61466
2026Q1,THE M,MIDDLE ROAD,07,8.07,7.59,8.56,30504.18558,31155.61466
2025Q2,THE M,MIDDLE ROAD,07,8.05,7.58,8.56,30504.18558,31155.61466
2025Q3,THE M,MIDDLE ROAD,07,8.19,7.64,8.62,30504.18558,31155.61466
2023Q3,THE TRE VER,POTONG PASIR AVENUE 1,13,6.15,5.86,6.57,31442.89093,35563.75578
2023Q4,THE TRE VER,POTONG PASIR AVENUE 1,13,6.5,6.14,6.88,31442.89093,35563.75578
2024Q1,THE TRE VER,POTONG PASIR AVENUE 1,13,6.16,5.71,6.58,31442.89093,35563.75578
2025Q1,THE TRE VER,POTONG PASIR AVENUE 1,13,6.13,5.71,6.66,31442.89093,35563.75578
2024Q3,THE TRE VER,POTONG PASIR AVENUE 1,13,5.7,5.15,6.18,31442.89093,35563.75578
2024Q4,THE TRE VER,POTONG PASIR AVENUE 1,13,6.02,5.71,6.52,31442.89093,35563.75578
2024Q2,THE TRE VER,POTONG PASIR AVENUE 1,13,5.95,5.67,6.46,31442.89093,35563.75578
2025Q4,THE TRE VER,POTONG PASIR AVENUE 1,13,5.89,5.45,6.52,31442.89093,35563.75578
2026Q2,THE TRE VER,POTONG PASIR AVENUE 1,13,6.26,5.72,6.46,31442.89093,35563.75578
2026Q1,THE TRE VER,POTONG PASIR AVENUE 1,13,6.23,5.72,6.46,31442.89093,35563.75578
2025Q2,THE TRE VER,POTONG PASIR AVENUE 1,13,5.93,5.52,6.26,31442.89093,35563.75578
2025Q3,THE TRE VER,POTONG PASIR AVENUE 1,13,5.73,5.43,6.13,31442.89093,35563.75578
2023Q4,SEASONS PARK,YIO CHU KANG ROAD,26,3.37,3.17,3.57,28655.7944,40780.85814
2024Q1,SEASONS PARK,YIO CHU KANG ROAD,26,3.28,3.25,3.47,28655.7944,40780.85814
2024Q3,SEASONS PARK,YIO CHU KANG ROAD,26,3.27,3.04,3.45,28655.7944,40780.85814
2025Q1,SEASONS PARK,YIO CHU KANG ROAD,26,3.1,3.06,3.44,28655.7944,40780.85814
2025Q4,SEASONS PARK,YIO CHU KANG ROAD,26,3.45,3.38,3.56,28655.7944,40780.85814
2026Q1,SEASONS PARK,YIO CHU KANG ROAD,26,3.37,3.3,3.46,28655.7944,40780.85814
2025Q3,SEASONS PARK,YIO CHU KANG ROAD,26,3.35,3.16,3.56,28655.7944,40780.85814
2024Q3,SHERWOOD CONDOMINIUM,JALAN JURONG KECHIL,21,3.85,3.42,3.87,20739.88176,36357.21878
2023Q4,PARC VERA,HOUGANG STREET 32,19,4.17,3.86,4.33,34906.97575,38433.34447
2024Q1,PARC VERA,HOUGANG STREET 32,19,4.13,3.79,4.43,34906.97575,38433.34447
2023Q3,PARC VERA,HOUGANG STREET 32,19,4.16,3.88,4.4,34906.97575,38433.34447
2024Q3,PARC VERA,HOUGANG STREET 32,19,3.79,3.58,4.19,34906.97575,38433.34447
2024Q4,PARC VERA,HOUGANG STREET 32,19,4.2,4.05,4.41,34906.97575,38433.34447
2025Q1,PARC VERA,HOUGANG STREET 32,19,4.2,3.78,4.22,34906.97575,38433.34447
2026Q2,PARC VERA,HOUGANG STREET 32,19,4.1,3.91,4.31,34906.97575,38433.34447
2026Q1,PARC VERA,HOUGANG STREET 32,19,4.21,3.76,4.33,34906.97575,38433.34447
2025Q3,PARC VERA,HOUGANG STREET 32,19,4.01,3.82,4.2,34906.97575,38433.34447
2023Q3,EMERALD GARDEN,CLUB STREET,01,5.21,4.74,5.59,29457.22164,29342.38722
2023Q4,EMERALD GARDEN,CLUB STREET,01,5.29,5.1,5.54,29457.22164,29342.38722
2024Q1,EMERALD GARDEN,CLUB STREET,01,5,4.62,5.25,29457.22164,29342.38722
2024Q3,EMERALD GARDEN,CLUB STREET,01,4.99,4.85,5.34,29457.22164,29342.38722
2024Q4,EMERALD GARDEN,CLUB STREET,01,5.08,4.57,5.32,29457.22164,29342.38722
2024Q2,EMERALD GARDEN,CLUB STREET,01,5.04,4.86,5.3,29457.22164,29342.38722
2025Q1,EMERALD GARDEN,CLUB STREET,01,5.09,4.83,5.51,29457.22164,29342.38722
2025Q4,EMERALD GARDEN,CLUB STREET,01,5.13,4.99,5.49,29457.22164,29342.38722
2026Q1,EMERALD GARDEN,CLUB STREET,01,5.05,4.75,5.49,29457.22164,29342.38722
2025Q2,EMERALD GARDEN,CLUB STREET,01,5.01,4.69,5.24,29457.22164,29342.38722
2025Q3,EMERALD GARDEN,CLUB STREET,01,5.1,4.72,5.41,29457.22164,29342.38722
2026Q2,EMERALD GARDEN,CLUB STREET,01,5.26,5.1,5.55,29457.22164,29342.38722
2023Q4,BLISS@KOVAN,SIMON LANE,19,4.55,3.94,5.26,33625.71977,38321.27584
2023Q3,BLISS@KOVAN,SIMON LANE,19,4.52,4.23,4.86,33625.71977,38321.27584
2024Q3,BLISS@KOVAN,SIMON LANE,19,4.21,3.67,4.88,33625.71977,38321.27584
2025Q4,BLISS@KOVAN,SIMON LANE,19,4.56,4.04,5.07,33625.71977,38321.27584
2026Q1,BLISS@KOVAN,SIMON LANE,19,4.81,3.88,5.09,33625.71977,38321.27584
2025Q3,BLISS@KOVAN,SIMON LANE,19,4.49,4.2,4.67,33625.71977,38321.27584
2023Q4,ASCENTIA SKY,ALEXANDRA VIEW,03,5.42,5.01,5.98,26174.6258,30381.32701
2023Q3,ASCENTIA SKY,ALEXANDRA VIEW,03,6.23,5.49,6.38,26174.6258,30381.32701
2024Q1,ASCENTIA SKY,ALEXANDRA VIEW,03,5.54,5.09,6,26174.6258,30381.32701
2024Q4,ASCENTIA SKY,ALEXANDRA VIEW,03,5.53,5.09,5.93,26174.6258,30381.32701
2024Q2,ASCENTIA SKY,ALEXANDRA VIEW,03,5.29,4.7,5.72,26174.6258,30381.32701
2025Q1,ASCENTIA SKY,ALEXANDRA VIEW,03,5.36,4.88,5.89,26174.6258,30381.32701
2024Q3,ASCENTIA SKY,ALEXANDRA VIEW,03,5.29,5.09,5.75,26174.6258,30381.32701
2025Q4,ASCENTIA SKY,ALEXANDRA VIEW,03,5.48,5.2,5.81,26174.6258,30381.32701
2026Q1,ASCENTIA SKY,ALEXANDRA VIEW,03,5.56,5.22,5.85,26174.6258,30381.32701
2025Q2,ASCENTIA SKY,ALEXANDRA VIEW,03,5.43,4.96,5.71,26174.6258,30381.32701
2025Q3,ASCENTIA SKY,ALEXANDRA VIEW,03,5.67,5.35,5.9,26174.6258,30381.32701
2026Q2,ASCENTIA SKY,ALEXANDRA VIEW,03,5.05,4.95,5.47,26174.6258,30381.32701
2024Q3,THE ASTON,KAY POH ROAD,10,4.87,4.45,5.42,27608.03246,30930.47687
2024Q1,BOTANIQUE AT BARTLEY,UPPER PAYA LEBAR ROAD,19,5.19,4.88,5.48,33438.51947,36074.49852
2023Q4,BOTANIQUE AT BARTLEY,UPPER PAYA LEBAR ROAD,19,5.74,5.46,6,33438.51947,36074.49852
2023Q3,BOTANIQUE AT BARTLEY,UPPER PAYA LEBAR ROAD,19,5.87,5.35,6.36,33438.51947,36074.49852
2024Q4,BOTANIQUE AT BARTLEY,UPPER PAYA LEBAR ROAD,19,5.41,5.19,6.06,33438.51947,36074.49852
2024Q2,BOTANIQUE AT BARTLEY,UPPER PAYA LEBAR ROAD,19,5.81,5.19,6.24,33438.51947,36074.49852
2025Q1,BOTANIQUE AT BARTLEY,UPPER PAYA LEBAR ROAD,19,5.46,5.18,6.17,33438.51947,36074.49852
2024Q3,BOTANIQUE AT BARTLEY,UPPER PAYA LEBAR ROAD,19,5.47,5.18,5.98,33438.51947,36074.49852
2025Q4,BOTANIQUE AT BARTLEY,UPPER PAYA LEBAR ROAD,19,5.48,5.19,6,33438.51947,36074.49852
2026Q1,BOTANIQUE AT BARTLEY,UPPER PAYA LEBAR ROAD,19,5.33,5.07,5.54,33438.51947,36074.49852
2025Q2,BOTANIQUE AT BARTLEY,UPPER PAYA LEBAR ROAD,19,5.61,5.26,6.15,33438.51947,36074.49852
2025Q3,BOTANIQUE AT BARTLEY,UPPER PAYA LEBAR ROAD,19,5.52,5.24,5.94,33438.51947,36074.49852
2026Q2,BOTANIQUE AT BARTLEY,UPPER PAYA LEBAR ROAD,19,5.6,5.31,6.1,33438.51947,36074.49852
2024Q1,CAIRNHILL CREST,CAIRNHILL CIRCLE,09,5.13,4.77,5.38,28605.78646,32023.40759
2023Q4,CAIRNHILL CREST,CAIRNHILL CIRCLE,09,5.31,5.06,5.38,28605.78646,32023.40759
2023Q3,CAIRNHILL CREST,CAIRNHILL CIRCLE,09,5.48,5.19,5.71,28605.78646,32023.40759
2024Q4,CAIRNHILL CREST,CAIRNHILL CIRCLE,09,4.91,4.69,5.11,28605.78646,32023.40759
2024Q2,CAIRNHILL CREST,CAIRNHILL CIRCLE,09,4.98,4.85,5.14,28605.78646,32023.40759
2025Q1,CAIRNHILL CREST,CAIRNHILL CIRCLE,09,4.91,4.74,5.03,28605.78646,32023.40759
2024Q3,CAIRNHILL CREST,CAIRNHILL CIRCLE,09,4.96,4.67,5.12,28605.78646,32023.40759
2025Q4,CAIRNHILL CREST,CAIRNHILL CIRCLE,09,5.13,4.98,5.38,28605.78646,32023.40759
2026Q1,CAIRNHILL CREST,CAIRNHILL CIRCLE,09,5.22,5.05,5.38,28605.78646,32023.40759
2025Q2,CAIRNHILL CREST,CAIRNHILL CIRCLE,09,4.97,4.67,5.3,28605.78646,32023.40759
2025Q3,CAIRNHILL CREST,CAIRNHILL CIRCLE,09,4.89,4.62,5.46,28605.78646,32023.40759
2026Q2,CAIRNHILL CREST,CAIRNHILL CIRCLE,09,5.19,5.14,5.31,28605.78646,32023.40759
2024Q1,MARINA COLLECTION,COVE DRIVE,04,4.81,4.54,5.29,28713.21205,25208.49635
2023Q3,MARINA COLLECTION,COVE DRIVE,04,5.34,4.95,5.84,28713.21205,25208.49635
2024Q3,MARINA COLLECTION,COVE DRIVE,04,4.54,4.36,4.8,28713.21205,25208.49635
2024Q2,MARINA COLLECTION,COVE DRIVE,04,4.75,4.59,4.8,28713.21205,25208.49635
2025Q1,MARINA COLLECTION,COVE DRIVE,04,4.75,4.57,4.8,28713.21205,25208.49635
2026Q1,MARINA COLLECTION,COVE DRIVE,04,4.7,4.43,4.8,28713.21205,25208.49635
2025Q2,MARINA COLLECTION,COVE DRIVE,04,4.6,4.23,4.8,28713.21205,25208.49635
2025Q3,MARINA COLLECTION,COVE DRIVE,04,4.62,4.47,4.95,28713.21205,25208.49635
2023Q4,GLENTREES,MOUNT SINAI LANE,10,4.07,3.66,4.12,22666.06479,33199.89189
2024Q3,GLENTREES,MOUNT SINAI LANE,10,3.92,3.31,4.02,22666.06479,33199.89189
2024Q4,GLENTREES,MOUNT SINAI LANE,10,3.86,3.73,4.07,22666.06479,33199.89189
2025Q3,GLENTREES,MOUNT SINAI LANE,10,3.9,3.16,3.97,22666.06479,33199.89189
2024Q1,THE LAKESHORE,JURONG WEST STREET 41,22,4.72,4.22,4.89,15698.45027,36479.21865
2023Q4,THE LAKESHORE,JURONG WEST STREET 41,22,4.54,4.32,4.82,15698.45027,36479.21865
2023Q3,THE LAKESHORE,JURONG WEST STREET 41,22,4.61,4.39,4.87,15698.45027,36479.21865
2024Q3,THE LAKESHORE,JURONG WEST STREET 41,22,4.48,4.29,4.69,15698.45027,36479.21865
2024Q4,THE LAKESHORE,JURONG WEST STREET 41,22,4.41,4.18,4.66,15698.45027,36479.21865
2024Q2,THE LAKESHORE,JURONG WEST STREET 41,22,4.53,4.32,4.62,15698.45027,36479.21865
2025Q1,THE LAKESHORE,JURONG WEST STREET 41,22,4.56,4.32,4.81,15698.45027,36479.21865
2026Q2,THE LAKESHORE,JURONG WEST STREET 41,22,4.45,4.32,4.6,15698.45027,36479.21865
2025Q4,THE LAKESHORE,JURONG WEST STREET 41,22,4.56,4.33,4.68,15698.45027,36479.21865
2026Q1,THE LAKESHORE,JURONG WEST STREET 41,22,4.65,4.45,4.73,15698.45027,36479.21865
2025Q2,THE LAKESHORE,JURONG WEST STREET 41,22,4.41,4.22,4.56,15698.45027,36479.21865
2025Q3,THE LAKESHORE,JURONG WEST STREET 41,22,4.59,4.4,4.75,15698.45027,36479.21865
2023Q4,AVENUE SOUTH RESIDENCE,SILAT AVENUE,03,6.53,6.14,6.85,27604.53008,28810.22407
2023Q3,AVENUE SOUTH RESIDENCE,SILAT AVENUE,03,6.74,6.4,7.02,27604.53008,28810.22407
2024Q1,AVENUE SOUTH RESIDENCE,SILAT AVENUE,03,6.29,6.09,6.82,27604.53008,28810.22407
2024Q4,AVENUE SOUTH RESIDENCE,SILAT AVENUE,03,6.55,6.24,6.83,27604.53008,28810.22407
2024Q2,AVENUE SOUTH RESIDENCE,SILAT AVENUE,03,6.38,6.09,6.83,27604.53008,28810.22407
2025Q1,AVENUE SOUTH RESIDENCE,SILAT AVENUE,03,6.5,6.1,7.02,27604.53008,28810.22407
2024Q3,AVENUE SOUTH RESIDENCE,SILAT AVENUE,03,6.64,6.19,7.02,27604.53008,28810.22407
2025Q4,AVENUE SOUTH RESIDENCE,SILAT AVENUE,03,6.53,6.2,6.86,27604.53008,28810.22407
2026Q1,AVENUE SOUTH RESIDENCE,SILAT AVENUE,03,6.4,6.09,6.73,27604.53008,28810.22407
2025Q2,AVENUE SOUTH RESIDENCE,SILAT AVENUE,03,6.32,6.09,6.77,27604.53008,28810.22407
2025Q3,AVENUE SOUTH RESIDENCE,SILAT AVENUE,03,6.44,6.18,6.84,27604.53008,28810.22407
2026Q2,AVENUE SOUTH RESIDENCE,SILAT AVENUE,03,6.46,6.15,6.83,27604.53008,28810.22407
2024Q1,CENTRO RESIDENCES,ANG MO KIO AVENUE 8,20,5.09,4.57,5.27,29669.41934,39138.85239
2023Q4,CENTRO RESIDENCES,ANG MO KIO AVENUE 8,20,5.04,4.9,5.2,29669.41934,39138.85239
2023Q3,CENTRO RESIDENCES,ANG MO KIO AVENUE 8,20,4.82,4.59,5.11,29669.41934,39138.85239
2024Q3,CENTRO RESIDENCES,ANG MO KIO AVENUE 8,20,4.9,4.43,5.09,29669.41934,39138.85239
2024Q4,CENTRO RESIDENCES,ANG MO KIO AVENUE 8,20,4.86,4.47,5.09,29669.41934,39138.85239
2024Q2,CENTRO RESIDENCES,ANG MO KIO AVENUE 8,20,5.03,4.79,5.24,29669.41934,39138.85239
2025Q1,CENTRO RESIDENCES,ANG MO KIO AVENUE 8,20,4.97,4.87,5,29669.41934,39138.85239
2025Q4,CENTRO RESIDENCES,ANG MO KIO AVENUE 8,20,4.91,4.75,5.09,29669.41934,39138.85239
2026Q1,CENTRO RESIDENCES,ANG MO KIO AVENUE 8,20,4.87,4.69,5.08,29669.41934,39138.85239
2025Q2,CENTRO RESIDENCES,ANG MO KIO AVENUE 8,20,4.92,4.4,5.04,29669.41934,39138.85239
2025Q3,CENTRO RESIDENCES,ANG MO KIO AVENUE 8,20,4.74,4.22,5.06,29669.41934,39138.85239
2026Q2,CENTRO RESIDENCES,ANG MO KIO AVENUE 8,20,5.04,4.86,5.18,29669.41934,39138.85239
2023Q3,ARDMORE II,ARDMORE PARK,10,7.66,7.23,7.98,27347.89722,32446.85078
2024Q3,ARDMORE II,ARDMORE PARK,10,6.72,6.18,6.92,27347.89722,32446.85078
2025Q2,ARDMORE II,ARDMORE PARK,10,7.04,6.92,7.44,27347.89722,32446.85078
2023Q4,CANBERRA RESIDENCES,CANBERRA DRIVE,27,4.15,3.89,4.56,27083.96194,47387.20962
2024Q4,CANBERRA RESIDENCES,CANBERRA DRIVE,27,3.77,3.54,4.09,27083.96194,47387.20962
2024Q2,CANBERRA RESIDENCES,CANBERRA DRIVE,27,3.35,3,3.98,27083.96194,47387.20962
2025Q1,CANBERRA RESIDENCES,CANBERRA DRIVE,27,3.82,3.21,4.02,27083.96194,47387.20962
2025Q4,CANBERRA RESIDENCES,CANBERRA DRIVE,27,3.72,3.44,4.08,27083.96194,47387.20962
2026Q1,CANBERRA RESIDENCES,CANBERRA DRIVE,27,3.8,3.53,4.04,27083.96194,47387.20962
2025Q3,CANBERRA RESIDENCES,CANBERRA DRIVE,27,3.7,3.55,3.91,27083.96194,47387.20962
2026Q1,URBAN LOFTS,RANGOON ROAD,08,6.19,5.47,6.33,30297.16189,32945.18021
2023Q4,HEDGES PARK CONDOMINIUM,FLORA DRIVE,17,4.52,4,5.16,42969.18095,37364.48955
2024Q1,HEDGES PARK CONDOMINIUM,FLORA DRIVE,17,3.9,3.8,4.64,42969.18095,37364.48955
2023Q3,HEDGES PARK CONDOMINIUM,FLORA DRIVE,17,4.02,3.85,4.37,42969.18095,37364.48955
2024Q3,HEDGES PARK CONDOMINIUM,FLORA DRIVE,17,3.89,3.72,4.14,42969.18095,37364.48955
2024Q4,HEDGES PARK CONDOMINIUM,FLORA DRIVE,17,4.45,3.79,5.16,42969.18095,37364.48955
2024Q2,HEDGES PARK CONDOMINIUM,FLORA DRIVE,17,4.45,3.81,5.37,42969.18095,37364.48955
2025Q1,HEDGES PARK CONDOMINIUM,FLORA DRIVE,17,4.09,3.89,4.59,42969.18095,37364.48955
2025Q4,HEDGES PARK CONDOMINIUM,FLORA DRIVE,17,4.63,3.79,5.34,42969.18095,37364.48955
2026Q1,HEDGES PARK CONDOMINIUM,FLORA DRIVE,17,3.94,3.67,5.25,42969.18095,37364.48955
2025Q2,HEDGES PARK CONDOMINIUM,FLORA DRIVE,17,3.91,3.72,4.92,42969.18095,37364.48955
2025Q3,HEDGES PARK CONDOMINIUM,FLORA DRIVE,17,4.32,4.02,5.42,42969.18095,37364.48955
2026Q2,HEDGES PARK CONDOMINIUM,FLORA DRIVE,17,4.12,3.72,5.26,42969.18095,37364.48955
2024Q1,CARDIFF RESIDENCE,CARDIFF GROVE,19,6.37,5.78,6.67,31619.87138,37445.08376
2023Q4,CARDIFF RESIDENCE,CARDIFF GROVE,19,6.55,5.45,6.67,31619.87138,37445.08376
2023Q3,CARDIFF RESIDENCE,CARDIFF GROVE,19,6.72,6.13,6.92,31619.87138,37445.08376
2024Q3,CARDIFF RESIDENCE,CARDIFF GROVE,19,6.38,5.85,6.64,31619.87138,37445.08376
2024Q4,CARDIFF RESIDENCE,CARDIFF GROVE,19,6.19,5.67,6.67,31619.87138,37445.08376
2024Q2,CARDIFF RESIDENCE,CARDIFF GROVE,19,6.19,5.7,6.47,31619.87138,37445.08376
2025Q1,CARDIFF RESIDENCE,CARDIFF GROVE,19,6.39,5.98,6.65,31619.87138,37445.08376
2025Q4,CARDIFF RESIDENCE,CARDIFF GROVE,19,6.43,5.46,6.55,31619.87138,37445.08376
2026Q1,CARDIFF RESIDENCE,CARDIFF GROVE,19,6.04,5.88,6.53,31619.87138,37445.08376
2025Q2,CARDIFF RESIDENCE,CARDIFF GROVE,19,6.19,5.14,6.41,31619.87138,37445.08376
2025Q3,CARDIFF RESIDENCE,CARDIFF GROVE,19,6.58,6.1,6.91,31619.87138,37445.08376
2026Q2,CARDIFF RESIDENCE,CARDIFF GROVE,19,6,4.99,6.37,31619.87138,37445.08376
2023Q3,TERRENE AT BUKIT TIMAH,JALAN JURONG KECHIL,21,4.39,4.18,4.56,20997.21582,35979.48489
2024Q1,TERRENE AT BUKIT TIMAH,JALAN JURONG KECHIL,21,4.78,4.33,5.46,20997.21582,35979.48489
2024Q3,TERRENE AT BUKIT TIMAH,JALAN JURONG KECHIL,21,4.26,3.91,4.49,20997.21582,35979.48489
2024Q4,TERRENE AT BUKIT TIMAH,JALAN JURONG KECHIL,21,4.07,3.85,4.58,20997.21582,35979.48489
2025Q2,TERRENE AT BUKIT TIMAH,JALAN JURONG KECHIL,21,4.31,4.21,4.49,20997.21582,35979.48489
2025Q3,TERRENE AT BUKIT TIMAH,JALAN JURONG KECHIL,21,4.14,3.99,4.59,20997.21582,35979.48489
2023Q3,THE CENTRIS,JURONG WEST CENTRAL 3,22,4.73,4.44,5.03,13795.29085,35796.09887
2023Q4,THE CENTRIS,JURONG WEST CENTRAL 3,22,4.84,4.52,4.95,13795.29085,35796.09887
2024Q1,THE CENTRIS,JURONG WEST CENTRAL 3,22,4.92,4.57,5.15,13795.29085,35796.09887
2024Q3,THE CENTRIS,JURONG WEST CENTRAL 3,22,4.79,4.43,5.07,13795.29085,35796.09887
2024Q4,THE CENTRIS,JURONG WEST CENTRAL 3,22,4.66,4.38,5.01,13795.29085,35796.09887
2024Q2,THE CENTRIS,JURONG WEST CENTRAL 3,22,4.65,4.33,4.98,13795.29085,35796.09887
2025Q1,THE CENTRIS,JURONG WEST CENTRAL 3,22,4.79,4.28,5.08,13795.29085,35796.09887
2026Q2,THE CENTRIS,JURONG WEST CENTRAL 3,22,4.79,4.2,5.04,13795.29085,35796.09887
2025Q4,THE CENTRIS,JURONG WEST CENTRAL 3,22,4.91,4.52,5.29,13795.29085,35796.09887
2026Q1,THE CENTRIS,JURONG WEST CENTRAL 3,22,5.02,4.78,5.25,13795.29085,35796.09887
2025Q2,THE CENTRIS,JURONG WEST CENTRAL 3,22,4.78,4.54,4.89,13795.29085,35796.09887
2025Q3,THE CENTRIS,JURONG WEST CENTRAL 3,22,4.85,4.65,5.11,13795.29085,35796.09887
2026Q2,JERVOIS MANSION,JERVOIS CLOSE,10,7.67,7.33,8.23,27024.7845515939,30635.5771939202
2024Q1,CITY SQUARE RESIDENCES,KITCHENER LINK,08,5.16,4.77,5.67,30715.23884,32569.93093
2023Q4,CITY SQUARE RESIDENCES,KITCHENER LINK,08,5.42,5.03,5.78,30715.23884,32569.93093
2023Q3,CITY SQUARE RESIDENCES,KITCHENER LINK,08,5.17,4.85,5.85,30715.23884,32569.93093
2024Q3,CITY SQUARE RESIDENCES,KITCHENER LINK,08,5.02,4.61,5.78,30715.23884,32569.93093
2024Q4,CITY SQUARE RESIDENCES,KITCHENER LINK,08,5.18,4.8,5.78,30715.23884,32569.93093
2024Q2,CITY SQUARE RESIDENCES,KITCHENER LINK,08,5,4.61,5.54,30715.23884,32569.93093
2025Q1,CITY SQUARE RESIDENCES,KITCHENER LINK,08,5.2,4.77,5.72,30715.23884,32569.93093
2025Q4,CITY SQUARE RESIDENCES,KITCHENER LINK,08,5.33,4.99,5.78,30715.23884,32569.93093
2026Q1,CITY SQUARE RESIDENCES,KITCHENER LINK,08,5.39,5.06,5.78,30715.23884,32569.93093
2025Q2,CITY SQUARE RESIDENCES,KITCHENER LINK,08,5.18,4.91,5.61,30715.23884,32569.93093
2025Q3,CITY SQUARE RESIDENCES,KITCHENER LINK,08,5.23,4.81,5.72,30715.23884,32569.93093
2026Q2,CITY SQUARE RESIDENCES,KITCHENER LINK,08,5.35,4.88,5.96,30715.23884,32569.93093
2024Q1,HUME PARK II,HUME AVENUE,21,3.46,3.21,3.62,20692.75802,37525.39566
2023Q3,HUME PARK II,HUME AVENUE,21,3.26,3.07,3.52,20692.75802,37525.39566
2024Q3,HUME PARK II,HUME AVENUE,21,3.24,3.05,3.42,20692.75802,37525.39566
2024Q4,HUME PARK II,HUME AVENUE,21,3.2,3.09,3.46,20692.75802,37525.39566
2025Q1,HUME PARK II,HUME AVENUE,21,3.2,3.12,3.39,20692.75802,37525.39566
2025Q2,HUME PARK II,HUME AVENUE,21,3.27,3.13,3.49,20692.75802,37525.39566
2025Q3,HUME PARK II,HUME AVENUE,21,3.36,3.17,3.54,20692.75802,37525.39566
2026Q2,HUME PARK II,HUME AVENUE,21,3.37,3.22,3.48,20692.75802,37525.39566
2024Q3,FYVE DERBYSHIRE,DERBYSHIRE ROAD,11,6.13,5.81,6.4,29389.6547,33163.56106
2025Q3,FYVE DERBYSHIRE,DERBYSHIRE ROAD,11,6.76,6.25,6.91,29389.6547,33163.56106
2025Q3,CRESTON RESIDENCES,STILL ROAD,15,4.27,3.59,5.21,,
2023Q3,# 1 SUITES,LORONG 20 GEYLANG,14,6.02,5.65,6.48,33353.017,32734.88809
2024Q1,CONCOURSE SKYLINE,BEACH ROAD,07,5.65,5.38,5.91,31185.08911,31396.43019
2023Q4,CONCOURSE SKYLINE,BEACH ROAD,07,5.86,5.64,6.2,31185.08911,31396.43019
2023Q3,CONCOURSE SKYLINE,BEACH ROAD,07,6.04,5.73,6.2,31185.08911,31396.43019
2024Q3,CONCOURSE SKYLINE,BEACH ROAD,07,5.6,5.39,5.87,31185.08911,31396.43019
2024Q4,CONCOURSE SKYLINE,BEACH ROAD,07,5.64,5.4,5.91,31185.08911,31396.43019
2024Q2,CONCOURSE SKYLINE,BEACH ROAD,07,5.51,5.28,5.86,31185.08911,31396.43019
2025Q1,CONCOURSE SKYLINE,BEACH ROAD,07,5.96,5.62,6.13,31185.08911,31396.43019
2025Q4,CONCOURSE SKYLINE,BEACH ROAD,07,5.7,5.44,5.95,31185.08911,31396.43019
2026Q1,CONCOURSE SKYLINE,BEACH ROAD,07,5.61,5.35,5.92,31185.08911,31396.43019
2025Q2,CONCOURSE SKYLINE,BEACH ROAD,07,5.74,5.56,5.96,31185.08911,31396.43019
2025Q3,CONCOURSE SKYLINE,BEACH ROAD,07,5.64,5.34,5.88,31185.08911,31396.43019
2026Q2,CONCOURSE SKYLINE,BEACH ROAD,07,5.7,5.51,5.95,31185.08911,31396.43019
2024Q1,THE LEVELZ,FARRER ROAD,10,4.67,4.58,5.09,24856.34284,32877.65229
2023Q4,THE LEVELZ,FARRER ROAD,10,4.54,3.82,5,24856.34284,32877.65229
2024Q3,THE LEVELZ,FARRER ROAD,10,4.84,4.37,4.99,24856.34284,32877.65229
2026Q2,THE LEVELZ,FARRER ROAD,10,4.77,4.48,5.13,24856.34284,32877.65229
2025Q4,THE LEVELZ,FARRER ROAD,10,4.57,4.26,4.92,24856.34284,32877.65229
2025Q2,THE LEVELZ,FARRER ROAD,10,4.58,4.44,4.98,24856.34284,32877.65229
2025Q3,THE LEVELZ,FARRER ROAD,10,4.71,4.54,4.85,24856.34284,32877.65229
2024Q3,WATERFRONT WAVES,BEDOK RESERVOIR ROAD,16,4,3.97,4.18,38796.5634,35455.3254
2024Q4,WATERFRONT WAVES,BEDOK RESERVOIR ROAD,16,3.9,3.74,4.08,38796.5634,35455.3254
2025Q2,WATERFRONT WAVES,BEDOK RESERVOIR ROAD,16,3.95,3.84,4.13,38796.5634,35455.3254
2024Q1,BLUE HORIZON,WEST COAST CRESCENT,05,4.56,4.18,4.83,20400.82976,31126.65365
2023Q4,BLUE HORIZON,WEST COAST CRESCENT,05,4.54,4.41,4.69,20400.82976,31126.65365
2023Q3,BLUE HORIZON,WEST COAST CRESCENT,05,4.86,4.53,5.25,20400.82976,31126.65365
2024Q4,BLUE HORIZON,WEST COAST CRESCENT,05,4.49,4.33,4.58,20400.82976,31126.65365
2024Q2,BLUE HORIZON,WEST COAST CRESCENT,05,4.3,4.11,4.73,20400.82976,31126.65365
2025Q1,BLUE HORIZON,WEST COAST CRESCENT,05,4.49,4.23,4.8,20400.82976,31126.65365
2024Q3,BLUE HORIZON,WEST COAST CRESCENT,05,4.6,4.29,4.88,20400.82976,31126.65365
2025Q4,BLUE HORIZON,WEST COAST CRESCENT,05,4.36,4.29,4.57,20400.82976,31126.65365
2026Q1,BLUE HORIZON,WEST COAST CRESCENT,05,4.49,4.41,5.01,20400.82976,31126.65365
2025Q2,BLUE HORIZON,WEST COAST CRESCENT,05,4.47,4.18,4.77,20400.82976,31126.65365
2025Q3,BLUE HORIZON,WEST COAST CRESCENT,05,4.71,4.42,4.91,20400.82976,31126.65365
2026Q2,BLUE HORIZON,WEST COAST CRESCENT,05,4.41,4.27,4.89,20400.82976,31126.65365
2023Q4,THE DRAYCOTT,DRAYCOTT PARK,10,3.41,3.28,3.68,27792.77599,32691.30851
2024Q3,THE DRAYCOTT,DRAYCOTT PARK,10,3.38,3.04,3.56,27792.77599,32691.30851
2025Q1,THE DRAYCOTT,DRAYCOTT PARK,10,3.34,2.99,3.6,27792.77599,32691.30851
2025Q4,THE DRAYCOTT,DRAYCOTT PARK,10,3.67,3.51,3.81,27792.77599,32691.30851
2026Q1,THE DRAYCOTT,DRAYCOTT PARK,10,3.41,3.12,3.53,27792.77599,32691.30851
2024Q3,NEWTON ONE,NEWTON ROAD,11,4.59,4.5,4.81,28676.52894,32936.39658
2024Q2,MOONSTONE VIEW,MOONSTONE LANE,12,4.13,3.59,4.43,31584.28768,34396.56779
2023Q3,EVERGREEN PARK,HOUGANG AVENUE 7,19,3.56,3.48,3.73,35367.5571,39070.2053
2024Q2,EVERGREEN PARK,HOUGANG AVENUE 7,19,3.41,3.22,3.67,35367.5571,39070.2053
2023Q4,8 SAINT THOMAS,ST. THOMAS WALK,09,7.93,7.06,8.8,28337.67349,30936.48529
2023Q3,8 SAINT THOMAS,ST. THOMAS WALK,09,7.23,6.91,7.8,28337.67349,30936.48529
2024Q1,8 SAINT THOMAS,ST. THOMAS WALK,09,7.68,7.46,8.14,28337.67349,30936.48529
2024Q4,8 SAINT THOMAS,ST. THOMAS WALK,09,7.49,7.17,7.91,28337.67349,30936.48529
2024Q2,8 SAINT THOMAS,ST. THOMAS WALK,09,7.63,7.29,8.05,28337.67349,30936.48529
2025Q1,8 SAINT THOMAS,ST. THOMAS WALK,09,7.41,6.97,7.95,28337.67349,30936.48529
2024Q3,8 SAINT THOMAS,ST. THOMAS WALK,09,7.99,7.29,8.74,28337.67349,30936.48529
2025Q4,8 SAINT THOMAS,ST. THOMAS WALK,09,8.11,7.47,8.5,28337.67349,30936.48529
2026Q1,8 SAINT THOMAS,ST. THOMAS WALK,09,7.49,7.18,8.05,28337.67349,30936.48529
2025Q2,8 SAINT THOMAS,ST. THOMAS WALK,09,7.56,6.89,8.05,28337.67349,30936.48529
2025Q3,8 SAINT THOMAS,ST. THOMAS WALK,09,8.06,7.57,8.61,28337.67349,30936.48529
2026Q2,8 SAINT THOMAS,ST. THOMAS WALK,09,7.68,7.4,8.21,28337.67349,30936.48529
2023Q4,AZALEA PARK CONDOMINIUM,FLORA ROAD,17,3.27,3,3.43,42430.65184,38006.06623
2023Q3,AZALEA PARK CONDOMINIUM,FLORA ROAD,17,3.17,2.96,3.63,42430.65184,38006.06623
2024Q4,AZALEA PARK CONDOMINIUM,FLORA ROAD,17,3.27,2.92,3.76,42430.65184,38006.06623
2024Q2,AZALEA PARK CONDOMINIUM,FLORA ROAD,17,2.98,2.86,3.34,42430.65184,38006.06623
2024Q3,AZALEA PARK CONDOMINIUM,FLORA ROAD,17,3.06,2.79,3.37,42430.65184,38006.06623
2025Q4,AZALEA PARK CONDOMINIUM,FLORA ROAD,17,3.69,3.06,3.81,42430.65184,38006.06623
2026Q1,AZALEA PARK CONDOMINIUM,FLORA ROAD,17,3.29,3.03,3.44,42430.65184,38006.06623
2025Q2,AZALEA PARK CONDOMINIUM,FLORA ROAD,17,2.99,2.89,3.14,42430.65184,38006.06623
2025Q3,AZALEA PARK CONDOMINIUM,FLORA ROAD,17,3.18,2.7,3.25,42430.65184,38006.06623
2026Q2,AZALEA PARK CONDOMINIUM,FLORA ROAD,17,3.1,3,3.25,42430.65184,38006.06623
2023Q3,TWIN REGENCY,KIM TIAN ROAD,03,5.62,5.35,5.91,27452.50833,29696.2678
2024Q1,TWIN REGENCY,KIM TIAN ROAD,03,5.48,5.34,5.69,27452.50833,29696.2678
2023Q4,TWIN REGENCY,KIM TIAN ROAD,03,5.51,5.44,5.65,27452.50833,29696.2678
2024Q2,TWIN REGENCY,KIM TIAN ROAD,03,5.55,5.3,5.83,27452.50833,29696.2678
2024Q3,TWIN REGENCY,KIM TIAN ROAD,03,5.55,5.05,5.77,27452.50833,29696.2678
2024Q4,TWIN REGENCY,KIM TIAN ROAD,03,5.56,5.46,5.79,27452.50833,29696.2678
2025Q3,TWIN REGENCY,KIM TIAN ROAD,03,5.66,5.41,5.97,27452.50833,29696.2678
2025Q4,TWIN REGENCY,KIM TIAN ROAD,03,5.58,5.46,5.75,27452.50833,29696.2678
2026Q2,TWIN REGENCY,KIM TIAN ROAD,03,5.69,5.55,6.05,27452.50833,29696.2678
2026Q1,TWIN REGENCY,KIM TIAN ROAD,03,5.66,5.46,5.88,27452.50833,29696.2678
2025Q2,TWIN REGENCY,KIM TIAN ROAD,03,5.54,5.2,5.75,27452.50833,29696.2678
2023Q4,KERRISDALE,STURDEE ROAD,08,4.19,4.05,4.39,30797.83529,32860.99112
2024Q1,KERRISDALE,STURDEE ROAD,08,4.52,4.3,4.75,30797.83529,32860.99112
2023Q3,KERRISDALE,STURDEE ROAD,08,4.47,4.21,4.73,30797.83529,32860.99112
2024Q3,KERRISDALE,STURDEE ROAD,08,4.34,4.13,4.61,30797.83529,32860.99112
2024Q4,KERRISDALE,STURDEE ROAD,08,4.37,4.17,4.52,30797.83529,32860.99112
2024Q2,KERRISDALE,STURDEE ROAD,08,4.34,4.14,4.45,30797.83529,32860.99112
2025Q1,KERRISDALE,STURDEE ROAD,08,4.38,4.28,4.65,30797.83529,32860.99112
2025Q4,KERRISDALE,STURDEE ROAD,08,4.57,4.29,4.75,30797.83529,32860.99112
2026Q1,KERRISDALE,STURDEE ROAD,08,4.37,4.28,4.72,30797.83529,32860.99112
2025Q2,KERRISDALE,STURDEE ROAD,08,4.54,4.36,4.69,30797.83529,32860.99112
2025Q3,KERRISDALE,STURDEE ROAD,08,4.37,4.29,4.54,30797.83529,32860.99112
2026Q2,KERRISDALE,STURDEE ROAD,08,4.61,4.36,4.73,30797.83529,32860.99112
2024Q1,CASA MERAH,TANAH MERAH KECHIL AVENUE,16,4.13,3.97,4.19,40529.13519,34548.68848
2023Q4,CASA MERAH,TANAH MERAH KECHIL AVENUE,16,4.13,3.96,4.22,40529.13519,34548.68848
2023Q3,CASA MERAH,TANAH MERAH KECHIL AVENUE,16,4.21,4.06,4.41,40529.13519,34548.68848
2024Q3,CASA MERAH,TANAH MERAH KECHIL AVENUE,16,4.04,3.83,4.13,40529.13519,34548.68848
2024Q4,CASA MERAH,TANAH MERAH KECHIL AVENUE,16,4.11,3.82,4.22,40529.13519,34548.68848
2024Q2,CASA MERAH,TANAH MERAH KECHIL AVENUE,16,4.12,4.01,4.27,40529.13519,34548.68848
2025Q1,CASA MERAH,TANAH MERAH KECHIL AVENUE,16,4.04,3.86,4.2,40529.13519,34548.68848
2025Q4,CASA MERAH,TANAH MERAH KECHIL AVENUE,16,4.04,3.82,4.12,40529.13519,34548.68848
2026Q1,CASA MERAH,TANAH MERAH KECHIL AVENUE,16,4.06,3.97,4.2,40529.13519,34548.68848
2025Q2,CASA MERAH,TANAH MERAH KECHIL AVENUE,16,4.1,3.9,4.22,40529.13519,34548.68848
2025Q3,CASA MERAH,TANAH MERAH KECHIL AVENUE,16,4,3.79,4.11,40529.13519,34548.68848
2026Q2,CASA MERAH,TANAH MERAH KECHIL AVENUE,16,4.1,4.06,4.22,40529.13519,34548.68848
2023Q3,LEONIE TOWERS,LEONIE HILL,09,3.45,2.92,3.54,27839.81112,31051.6092
2025Q1,LEONIE TOWERS,LEONIE HILL,09,3.15,3.1,3.52,27839.81112,31051.6092
2025Q3,LEONIE TOWERS,LEONIE HILL,09,3.31,3.02,3.4,27839.81112,31051.6092
2023Q3,SEVENTY SAINT PATRICK'S,ST. PATRICK'S ROAD,15,5.16,5.05,5.36,37139.0437,32187.17685
2023Q4,SEVENTY SAINT PATRICK'S,ST. PATRICK'S ROAD,15,5.36,5.07,5.43,37139.0437,32187.17685
2024Q1,SEVENTY SAINT PATRICK'S,ST. PATRICK'S ROAD,15,5.25,5.08,5.44,37139.0437,32187.17685
2024Q3,SEVENTY SAINT PATRICK'S,ST. PATRICK'S ROAD,15,5.12,4.78,5.41,37139.0437,32187.17685
2024Q4,SEVENTY SAINT PATRICK'S,ST. PATRICK'S ROAD,15,5.07,5,5.36,37139.0437,32187.17685
2024Q2,SEVENTY SAINT PATRICK'S,ST. PATRICK'S ROAD,15,5.07,4.9,5.36,37139.0437,32187.17685
2025Q1,SEVENTY SAINT PATRICK'S,ST. PATRICK'S ROAD,15,5.2,4.97,5.41,37139.0437,32187.17685
2026Q2,SEVENTY SAINT PATRICK'S,ST. PATRICK'S ROAD,15,5.02,4.93,5.16,37139.0437,32187.17685
2025Q4,SEVENTY SAINT PATRICK'S,ST. PATRICK'S ROAD,15,5.25,4.97,5.34,37139.0437,32187.17685
2026Q1,SEVENTY SAINT PATRICK'S,ST. PATRICK'S ROAD,15,5.4,5.14,5.83,37139.0437,32187.17685
2025Q2,SEVENTY SAINT PATRICK'S,ST. PATRICK'S ROAD,15,5.24,5.08,5.34,37139.0437,32187.17685
2024Q1,COCO PALMS,PASIR RIS GROVE,18,4.77,4.5,6.21,40583.16983,39287.30121
2023Q4,COCO PALMS,PASIR RIS GROVE,18,5.09,4.8,5.87,40583.16983,39287.30121
2023Q3,COCO PALMS,PASIR RIS GROVE,18,5.04,4.59,5.44,40583.16983,39287.30121
2024Q3,COCO PALMS,PASIR RIS GROVE,18,4.76,4.4,5.35,40583.16983,39287.30121
2024Q4,COCO PALMS,PASIR RIS GROVE,18,4.76,4.56,5.57,40583.16983,39287.30121
2024Q2,COCO PALMS,PASIR RIS GROVE,18,4.78,4.31,5.62,40583.16983,39287.30121
2025Q1,COCO PALMS,PASIR RIS GROVE,18,4.86,4.62,6.05,40583.16983,39287.30121
2025Q4,COCO PALMS,PASIR RIS GROVE,18,4.58,4.38,4.98,40583.16983,39287.30121
2026Q1,COCO PALMS,PASIR RIS GROVE,18,4.81,4.52,6.02,40583.16983,39287.30121
2025Q2,COCO PALMS,PASIR RIS GROVE,18,4.71,4.39,5.18,40583.16983,39287.30121
2025Q3,COCO PALMS,PASIR RIS GROVE,18,4.65,4.39,5.37,40583.16983,39287.30121
2026Q2,COCO PALMS,PASIR RIS GROVE,18,4.65,4.43,5.83,40583.16983,39287.30121
2024Q1,THE GARDENS AT BISHAN,SIN MING WALK,20,4.23,3.95,4.48,27712.19987,38551.84038
2023Q3,THE GARDENS AT BISHAN,SIN MING WALK,20,4.24,3.91,4.58,27712.19987,38551.84038
2023Q4,THE GARDENS AT BISHAN,SIN MING WALK,20,4.03,3.85,4.19,27712.19987,38551.84038
2024Q3,THE GARDENS AT BISHAN,SIN MING WALK,20,4.08,3.85,4.31,27712.19987,38551.84038
2024Q4,THE GARDENS AT BISHAN,SIN MING WALK,20,3.97,3.73,4.08,27712.19987,38551.84038
2024Q2,THE GARDENS AT BISHAN,SIN MING WALK,20,4.08,3.46,4.35,27712.19987,38551.84038
2025Q1,THE GARDENS AT BISHAN,SIN MING WALK,20,4.15,3.98,4.31,27712.19987,38551.84038
2026Q2,THE GARDENS AT BISHAN,SIN MING WALK,20,4.34,3.64,4.65,27712.19987,38551.84038
2025Q4,THE GARDENS AT BISHAN,SIN MING WALK,20,4,3.97,4.39,27712.19987,38551.84038
2026Q1,THE GARDENS AT BISHAN,SIN MING WALK,20,4.17,3.98,4.48,27712.19987,38551.84038
2025Q2,THE GARDENS AT BISHAN,SIN MING WALK,20,4.08,3.73,4.35,27712.19987,38551.84038
2025Q3,THE GARDENS AT BISHAN,SIN MING WALK,20,4.02,3.82,4.2,27712.19987,38551.84038
2023Q3,WATERTOWN,PUNGGOL CENTRAL,19,5.7,5.33,6.06,35676.13849,43152.15629
2023Q4,WATERTOWN,PUNGGOL CENTRAL,19,5.47,4.98,5.88,35676.13849,43152.15629
2024Q2,WATERTOWN,PUNGGOL CENTRAL,19,5.16,4.8,5.43,35676.13849,43152.15629
2025Q1,WATERTOWN,PUNGGOL CENTRAL,19,5.16,4.71,5.54,35676.13849,43152.15629
2024Q3,WATERTOWN,PUNGGOL CENTRAL,19,5.11,4.73,5.43,35676.13849,43152.15629
2024Q4,WATERTOWN,PUNGGOL CENTRAL,19,5.32,4.99,5.62,35676.13849,43152.15629
2025Q3,WATERTOWN,PUNGGOL CENTRAL,19,5.16,4.83,5.54,35676.13849,43152.15629
2025Q4,WATERTOWN,PUNGGOL CENTRAL,19,5.33,4.96,5.68,35676.13849,43152.15629
2024Q1,WATERTOWN,PUNGGOL CENTRAL,19,5.31,4.92,5.65,35676.13849,43152.15629
2026Q1,WATERTOWN,PUNGGOL CENTRAL,19,5.16,4.91,5.54,35676.13849,43152.15629
2025Q2,WATERTOWN,PUNGGOL CENTRAL,19,5.26,4.94,5.5,35676.13849,43152.15629
2026Q2,WATERTOWN,PUNGGOL CENTRAL,19,5.16,4.81,5.5,35676.13849,43152.15629
2023Q4,MIDWOOD,HILLVIEW RISE,23,6.19,5.86,6.4,20239.73707,38452.9329
2024Q1,MIDWOOD,HILLVIEW RISE,23,5.83,5.51,6.19,20239.73707,38452.9329
2024Q3,MIDWOOD,HILLVIEW RISE,23,5.67,5.37,6.19,20239.73707,38452.9329
2024Q4,MIDWOOD,HILLVIEW RISE,23,5.78,5.66,6.19,20239.73707,38452.9329
2024Q2,MIDWOOD,HILLVIEW RISE,23,5.57,5.17,5.93,20239.73707,38452.9329
2025Q1,MIDWOOD,HILLVIEW RISE,23,5.87,5.52,6.19,20239.73707,38452.9329
2025Q4,MIDWOOD,HILLVIEW RISE,23,5.81,5.47,6.19,20239.73707,38452.9329
2026Q1,MIDWOOD,HILLVIEW RISE,23,5.83,5.66,6.17,20239.73707,38452.9329
2025Q2,MIDWOOD,HILLVIEW RISE,23,5.76,5.31,5.88,20239.73707,38452.9329
2025Q3,MIDWOOD,HILLVIEW RISE,23,6.04,5.51,6.19,20239.73707,38452.9329
2026Q2,MIDWOOD,HILLVIEW RISE,23,5.66,5.43,5.99,20239.73707,38452.9329
2023Q3,THE ALPS RESIDENCES,TAMPINES STREET 86,18,5.7,5.16,6.03,38736.06181,37421.49823
2023Q4,THE ALPS RESIDENCES,TAMPINES STREET 86,18,5.53,4.92,5.9,38736.06181,37421.49823
2024Q1,THE ALPS RESIDENCES,TAMPINES STREET 86,18,5.14,4.65,5.53,38736.06181,37421.49823
2024Q3,THE ALPS RESIDENCES,TAMPINES STREET 86,18,5,4.72,5.45,38736.06181,37421.49823
2024Q4,THE ALPS RESIDENCES,TAMPINES STREET 86,18,5.14,4.72,5.53,38736.06181,37421.49823
2024Q2,THE ALPS RESIDENCES,TAMPINES STREET 86,18,4.61,4.43,5.32,38736.06181,37421.49823
2025Q1,THE ALPS RESIDENCES,TAMPINES STREET 86,18,5.2,4.86,5.79,38736.06181,37421.49823
2026Q2,THE ALPS RESIDENCES,TAMPINES STREET 86,18,4.94,4.72,5.53,38736.06181,37421.49823
2025Q4,THE ALPS RESIDENCES,TAMPINES STREET 86,18,5.14,4.93,5.63,38736.06181,37421.49823
2026Q1,THE ALPS RESIDENCES,TAMPINES STREET 86,18,5.08,4.65,5.53,38736.06181,37421.49823
2025Q2,THE ALPS RESIDENCES,TAMPINES STREET 86,18,4.97,4.65,5.52,38736.06181,37421.49823
2025Q3,THE ALPS RESIDENCES,TAMPINES STREET 86,18,5.23,4.75,5.62,38736.06181,37421.49823
2023Q4,PARC EMILY,MOUNT EMILY ROAD,09,5.44,5.12,6.38,29766.87506,31767.5902
2024Q1,PARC EMILY,MOUNT EMILY ROAD,09,5.64,5.31,6.26,29766.87506,31767.5902
2023Q3,PARC EMILY,MOUNT EMILY ROAD,09,5.44,5.13,6.07,29766.87506,31767.5902
2024Q3,PARC EMILY,MOUNT EMILY ROAD,09,5.27,4.95,6.06,29766.87506,31767.5902
2024Q4,PARC EMILY,MOUNT EMILY ROAD,09,5.24,4.92,5.93,29766.87506,31767.5902
2024Q2,PARC EMILY,MOUNT EMILY ROAD,09,5.53,5.06,6.16,29766.87506,31767.5902
2025Q1,PARC EMILY,MOUNT EMILY ROAD,09,5.31,4.98,5.6,29766.87506,31767.5902
2025Q4,PARC EMILY,MOUNT EMILY ROAD,09,5.43,5.22,6.09,29766.87506,31767.5902
2026Q1,PARC EMILY,MOUNT EMILY ROAD,09,5.39,4.99,6.02,29766.87506,31767.5902
2025Q2,PARC EMILY,MOUNT EMILY ROAD,09,5.2,4.98,5.87,29766.87506,31767.5902
2025Q3,PARC EMILY,MOUNT EMILY ROAD,09,5.47,5.01,6.24,29766.87506,31767.5902
2026Q2,PARC EMILY,MOUNT EMILY ROAD,09,5.47,5.31,6.02,29766.87506,31767.5902
2024Q2,RIVEREDGE,SAMPAN PLACE,15,4.11,3.81,4.6,33415.70147,31482.73887
2025Q2,RIVEREDGE,SAMPAN PLACE,15,4.72,4.17,4.95,33415.70147,31482.73887
2023Q4,H2O RESIDENCES,FERNVALE LINK,28,3.99,3.64,4.45,33267.41601,41610.68182
2024Q1,H2O RESIDENCES,FERNVALE LINK,28,3.97,3.63,4.04,33267.41601,41610.68182
2023Q3,H2O RESIDENCES,FERNVALE LINK,28,4.04,3.64,4.38,33267.41601,41610.68182
2024Q3,H2O RESIDENCES,FERNVALE LINK,28,3.91,3.69,4.13,33267.41601,41610.68182
2024Q4,H2O RESIDENCES,FERNVALE LINK,28,3.85,3.65,4.38,33267.41601,41610.68182
2024Q2,H2O RESIDENCES,FERNVALE LINK,28,4.02,3.6,4.21,33267.41601,41610.68182
2025Q1,H2O RESIDENCES,FERNVALE LINK,28,3.97,3.86,4.16,33267.41601,41610.68182
2025Q4,H2O RESIDENCES,FERNVALE LINK,28,3.76,3.63,4.17,33267.41601,41610.68182
2026Q1,H2O RESIDENCES,FERNVALE LINK,28,3.85,3.72,3.98,33267.41601,41610.68182
2025Q2,H2O RESIDENCES,FERNVALE LINK,28,4.23,3.72,4.65,33267.41601,41610.68182
2025Q3,H2O RESIDENCES,FERNVALE LINK,28,4.08,3.91,4.17,33267.41601,41610.68182
2026Q2,H2O RESIDENCES,FERNVALE LINK,28,3.85,3.62,4.04,33267.41601,41610.68182
2025Q2,HERITAGE EAST,EAST COAST ROAD,15,6.31,5.68,6.44,36827.80346,32382.67324
2024Q3,FAR HORIZON GARDENS,ANG MO KIO AVENUE 9,20,2.77,2.58,2.89,28646.81266,40583.01464
2025Q3,FAR HORIZON GARDENS,ANG MO KIO AVENUE 9,20,2.72,2.43,3.06,28646.81266,40583.01464
2024Q1,COMPASS HEIGHTS,SENGKANG SQUARE,19,3.6,3.37,3.89,34991.97898,41543.29843
2023Q4,COMPASS HEIGHTS,SENGKANG SQUARE,19,3.54,3.48,3.93,34991.97898,41543.29843
2023Q3,COMPASS HEIGHTS,SENGKANG SQUARE,19,3.6,3.51,4.2,34991.97898,41543.29843
2024Q3,COMPASS HEIGHTS,SENGKANG SQUARE,19,3.25,2.98,3.56,34991.97898,41543.29843
2024Q4,COMPASS HEIGHTS,SENGKANG SQUARE,19,4.04,3.48,4.65,34991.97898,41543.29843
2024Q2,COMPASS HEIGHTS,SENGKANG SQUARE,19,3.52,3.4,3.68,34991.97898,41543.29843
2025Q1,COMPASS HEIGHTS,SENGKANG SQUARE,19,3.52,3.39,4,34991.97898,41543.29843
2025Q4,COMPASS HEIGHTS,SENGKANG SQUARE,19,3.56,3.43,4.1,34991.97898,41543.29843
2026Q1,COMPASS HEIGHTS,SENGKANG SQUARE,19,3.7,3.49,4.5,34991.97898,41543.29843
2025Q2,COMPASS HEIGHTS,SENGKANG SQUARE,19,3.59,3.48,3.93,34991.97898,41543.29843
2025Q3,COMPASS HEIGHTS,SENGKANG SQUARE,19,3.51,3.34,3.57,34991.97898,41543.29843
2026Q2,COMPASS HEIGHTS,SENGKANG SQUARE,19,3.79,3.56,4.19,34991.97898,41543.29843
2023Q4,ORCHID PARK CONDOMINIUM,YISHUN STREET 81,27,3.39,3.16,3.53,28156.52769,43843.17354
2024Q1,ORCHID PARK CONDOMINIUM,YISHUN STREET 81,27,3.29,3.18,3.46,28156.52769,43843.17354
2023Q3,ORCHID PARK CONDOMINIUM,YISHUN STREET 81,27,3.29,3.07,3.6,28156.52769,43843.17354
2024Q3,ORCHID PARK CONDOMINIUM,YISHUN STREET 81,27,3.49,3.35,3.7,28156.52769,43843.17354
2024Q4,ORCHID PARK CONDOMINIUM,YISHUN STREET 81,27,3.29,3.11,3.44,28156.52769,43843.17354
2024Q2,ORCHID PARK CONDOMINIUM,YISHUN STREET 81,27,3.35,3.14,3.54,28156.52769,43843.17354
2025Q1,ORCHID PARK CONDOMINIUM,YISHUN STREET 81,27,3.34,3.13,3.58,28156.52769,43843.17354
2025Q4,ORCHID PARK CONDOMINIUM,YISHUN STREET 81,27,3.35,3.17,3.47,28156.52769,43843.17354
2026Q1,ORCHID PARK CONDOMINIUM,YISHUN STREET 81,27,3.34,3.19,3.57,28156.52769,43843.17354
2025Q2,ORCHID PARK CONDOMINIUM,YISHUN STREET 81,27,3.34,3.15,3.52,28156.52769,43843.17354
2025Q3,ORCHID PARK CONDOMINIUM,YISHUN STREET 81,27,3.58,3.43,3.94,28156.52769,43843.17354
2026Q2,ORCHID PARK CONDOMINIUM,YISHUN STREET 81,27,3.44,3.23,3.54,28156.52769,43843.17354
2023Q3,VERDUN HOUSE,VERDUN ROAD,08,7.23,5.43,7.23,30546.04801,32452.61109
2023Q3,SEASCAPE,COVE WAY,04,5.78,5.26,6.01,28555.50606,24724.02334
2023Q4,SEASCAPE,COVE WAY,04,4.99,4.72,5.49,28555.50606,24724.02334
2024Q1,SEASCAPE,COVE WAY,04,4.79,4.71,5.41,28555.50606,24724.02334
2024Q3,SEASCAPE,COVE WAY,04,5.44,5.04,5.66,28555.50606,24724.02334
2024Q4,SEASCAPE,COVE WAY,04,5.46,5.28,5.63,28555.50606,24724.02334
2024Q2,SEASCAPE,COVE WAY,04,5.2,4.95,5.42,28555.50606,24724.02334
2026Q2,SEASCAPE,COVE WAY,04,5.8,5.5,5.98,28555.50606,24724.02334
2025Q4,SEASCAPE,COVE WAY,04,5.37,5.06,5.67,28555.50606,24724.02334
2026Q1,SEASCAPE,COVE WAY,04,5.31,5.09,5.42,28555.50606,24724.02334
2025Q2,SEASCAPE,COVE WAY,04,5.89,5.35,6.01,28555.50606,24724.02334
2025Q3,SEASCAPE,COVE WAY,04,5.34,5.18,5.5,28555.50606,24724.02334
2023Q3,WATERVIEW,TAMPINES AVENUE 1,18,4.07,3.77,4.32,38350.2955,36680.1767
2024Q2,WATERVIEW,TAMPINES AVENUE 1,18,4.11,3.78,4.21,38350.2955,36680.1767
2025Q1,WATERVIEW,TAMPINES AVENUE 1,18,4,3.79,4.31,38350.2955,36680.1767
2024Q3,WATERVIEW,TAMPINES AVENUE 1,18,4.05,3.63,4.14,38350.2955,36680.1767
2024Q4,WATERVIEW,TAMPINES AVENUE 1,18,4.2,4.08,4.45,38350.2955,36680.1767
2025Q3,WATERVIEW,TAMPINES AVENUE 1,18,4.08,3.89,4.47,38350.2955,36680.1767
2025Q4,WATERVIEW,TAMPINES AVENUE 1,18,4.14,4,4.38,38350.2955,36680.1767
2024Q1,WATERVIEW,TAMPINES AVENUE 1,18,4.28,4.02,4.45,38350.2955,36680.1767
2026Q1,WATERVIEW,TAMPINES AVENUE 1,18,4.14,4.02,4.27,38350.2955,36680.1767
2025Q2,WATERVIEW,TAMPINES AVENUE 1,18,4.21,4.05,4.45,38350.2955,36680.1767
2026Q2,WATERVIEW,TAMPINES AVENUE 1,18,4.09,3.89,4.43,38350.2955,36680.1767
2023Q3,TANJONG RIA CONDOMINIUM,TANJONG RHU ROAD,15,4.13,3.57,4.57,32570.66612,30989.74224
2023Q4,TANJONG RIA CONDOMINIUM,TANJONG RHU ROAD,15,4.32,4.16,4.84,32570.66612,30989.74224
2024Q2,TANJONG RIA CONDOMINIUM,TANJONG RHU ROAD,15,4,3.78,4.27,32570.66612,30989.74224
2026Q2,TANJONG RIA CONDOMINIUM,TANJONG RHU ROAD,15,4.29,3.93,4.41,32570.66612,30989.74224
2026Q1,TANJONG RIA CONDOMINIUM,TANJONG RHU ROAD,15,4.11,4.03,4.53,32570.66612,30989.74224
2025Q3,TANJONG RIA CONDOMINIUM,TANJONG RHU ROAD,15,4.21,3.99,4.57,32570.66612,30989.74224
2024Q3,SHANGRI-LA RESIDENCES,LADY HILL ROAD,10,7.14,6.3,7.66,27107.4972,32559.33503
2026Q2,SHANGRI-LA RESIDENCES,LADY HILL ROAD,10,6.99,6.27,7.62,27107.4972,32559.33503
2025Q4,SHANGRI-LA RESIDENCES,LADY HILL ROAD,10,6.88,6.36,6.98,27107.4972,32559.33503
2026Q1,SHANGRI-LA RESIDENCES,LADY HILL ROAD,10,6.57,6.14,7.28,27107.4972,32559.33503
2025Q3,SHANGRI-LA RESIDENCES,LADY HILL ROAD,10,6.96,6.46,7.62,27107.4972,32559.33503
2023Q4,HILLVIEW GREEN,HUME AVENUE,21,3.51,3.27,3.76,20263.00138,37813.71348
2024Q1,HILLVIEW GREEN,HUME AVENUE,21,3.25,3,3.6,20263.00138,37813.71348
2023Q3,HILLVIEW GREEN,HUME AVENUE,21,3.55,3.34,3.9,20263.00138,37813.71348
2024Q3,HILLVIEW GREEN,HUME AVENUE,21,3.39,3.25,3.55,20263.00138,37813.71348
2024Q4,HILLVIEW GREEN,HUME AVENUE,21,3.51,3.2,3.65,20263.00138,37813.71348
2024Q2,HILLVIEW GREEN,HUME AVENUE,21,3.25,3.09,3.37,20263.00138,37813.71348
2025Q4,HILLVIEW GREEN,HUME AVENUE,21,3.46,3.2,3.63,20263.00138,37813.71348
2026Q1,HILLVIEW GREEN,HUME AVENUE,21,3.26,3.16,3.7,20263.00138,37813.71348
2025Q2,HILLVIEW GREEN,HUME AVENUE,21,3.23,3.06,3.6,20263.00138,37813.71348
2025Q3,HILLVIEW GREEN,HUME AVENUE,21,3.42,3.16,3.63,20263.00138,37813.71348
2026Q2,HILLVIEW GREEN,HUME AVENUE,21,3.38,3.18,3.46,20263.00138,37813.71348
2023Q3,THE SEAWIND,LORONG M TELOK KURAU,15,5.22,4.88,5.51,37038.08171,32595.95896
2023Q4,THE SEAWIND,LORONG M TELOK KURAU,15,5.29,5.13,5.54,37038.08171,32595.95896
2024Q1,THE SEAWIND,LORONG M TELOK KURAU,15,5.11,4.8,5.37,37038.08171,32595.95896
2024Q3,THE SEAWIND,LORONG M TELOK KURAU,15,4.92,4.8,5.17,37038.08171,32595.95896
2024Q4,THE SEAWIND,LORONG M TELOK KURAU,15,5.2,4.95,5.35,37038.08171,32595.95896
2024Q2,THE SEAWIND,LORONG M TELOK KURAU,15,5.06,4.91,5.21,37038.08171,32595.95896
2025Q1,THE SEAWIND,LORONG M TELOK KURAU,15,4.99,4.74,5.13,37038.08171,32595.95896
2025Q4,THE SEAWIND,LORONG M TELOK KURAU,15,5.14,4.87,5.32,37038.08171,32595.95896
2026Q2,THE SEAWIND,LORONG M TELOK KURAU,15,5.07,4.65,5.18,37038.08171,32595.95896
2026Q1,THE SEAWIND,LORONG M TELOK KURAU,15,4.99,4.64,5.15,37038.08171,32595.95896
2025Q2,THE SEAWIND,LORONG M TELOK KURAU,15,4.91,4.75,5.12,37038.08171,32595.95896
2025Q3,THE SEAWIND,LORONG M TELOK KURAU,15,5.03,4.8,5.23,37038.08171,32595.95896
2023Q3,TREE HOUSE,CHESTNUT AVENUE,23,4.24,4.01,4.58,21746.37493,39157.66208
2025Q1,TREE HOUSE,CHESTNUT AVENUE,23,3.91,3.79,4.08,21746.37493,39157.66208
2024Q3,TREE HOUSE,CHESTNUT AVENUE,23,3.89,3.79,3.91,21746.37493,39157.66208
2024Q4,TREE HOUSE,CHESTNUT AVENUE,23,4.06,3.95,4.16,21746.37493,39157.66208
2024Q2,TREE HOUSE,CHESTNUT AVENUE,23,4.19,3.93,4.52,21746.37493,39157.66208
2025Q3,TREE HOUSE,CHESTNUT AVENUE,23,4,3.91,4.16,21746.37493,39157.66208
2025Q4,TREE HOUSE,CHESTNUT AVENUE,23,4.18,4.06,4.49,21746.37493,39157.66208
2026Q2,TREE HOUSE,CHESTNUT AVENUE,23,4.14,4.06,4.32,21746.37493,39157.66208
2026Q1,TREE HOUSE,CHESTNUT AVENUE,23,4.01,3.92,4.13,21746.37493,39157.66208
2025Q2,TREE HOUSE,CHESTNUT AVENUE,23,4.11,3.92,4.34,21746.37493,39157.66208
2025Q2,GAMBIR RIDGE,GAMBIR WALK,19,4.54,4.24,4.65,32677.90846,36290.3662
2025Q3,GAMBIR RIDGE,GAMBIR WALK,19,4.56,4.01,4.7,32677.90846,36290.3662
2023Q4,MERAPRIME,JALAN BUKIT HO SWEE,03,5.98,5.39,6.38,27392.57983,29950.10048
2024Q1,MERAPRIME,JALAN BUKIT HO SWEE,03,5.63,5.54,5.8,27392.57983,29950.10048
2023Q3,MERAPRIME,JALAN BUKIT HO SWEE,03,5.99,5.73,6.37,27392.57983,29950.10048
2024Q3,MERAPRIME,JALAN BUKIT HO SWEE,03,5.67,5.4,6.22,27392.57983,29950.10048
2024Q4,MERAPRIME,JALAN BUKIT HO SWEE,03,5.72,5.49,6.15,27392.57983,29950.10048
2024Q2,MERAPRIME,JALAN BUKIT HO SWEE,03,5.68,5.54,5.9,27392.57983,29950.10048
2025Q1,MERAPRIME,JALAN BUKIT HO SWEE,03,6.01,5.6,6.16,27392.57983,29950.10048
2025Q4,MERAPRIME,JALAN BUKIT HO SWEE,03,5.94,5.71,6.33,27392.57983,29950.10048
2025Q2,MERAPRIME,JALAN BUKIT HO SWEE,03,6.19,5.8,6.56,27392.57983,29950.10048
2025Q3,MERAPRIME,JALAN BUKIT HO SWEE,03,5.96,5.69,6.06,27392.57983,29950.10048
2026Q2,MERAPRIME,JALAN BUKIT HO SWEE,03,6.12,5.87,6.29,27392.57983,29950.10048
2023Q3,ONE BALMORAL,BALMORAL ROAD,10,6.01,5.96,6.53,27610.90506,32915.14684
2025Q4,ONE BALMORAL,BALMORAL ROAD,10,5.69,5.32,5.86,27610.90506,32915.14684
2025Q3,ONE BALMORAL,BALMORAL ROAD,10,5.85,5.69,5.98,27610.90506,32915.14684
2024Q3,CLAREMONT,KILLINEY ROAD,09,4.43,4.03,5.17,28482.56904,30949.79545
2023Q3,THE TANAMERA,TANAH MERAH KECHIL ROAD,16,3.44,3.34,3.55,40172.11991,34359.36559
2024Q1,THE TANAMERA,TANAH MERAH KECHIL ROAD,16,3.25,2.89,3.76,40172.11991,34359.36559
2024Q4,THE TANAMERA,TANAH MERAH KECHIL ROAD,16,3.59,3.4,3.81,40172.11991,34359.36559
2024Q2,THE TANAMERA,TANAH MERAH KECHIL ROAD,16,3.25,2.91,3.76,40172.11991,34359.36559
2025Q4,THE TANAMERA,TANAH MERAH KECHIL ROAD,16,3.59,3.36,3.7,40172.11991,34359.36559
2026Q2,THE TANAMERA,TANAH MERAH KECHIL ROAD,16,3.17,2.95,3.51,40172.11991,34359.36559
2025Q2,THE TANAMERA,TANAH MERAH KECHIL ROAD,16,3.25,3.02,3.68,40172.11991,34359.36559
2025Q3,THE TANAMERA,TANAH MERAH KECHIL ROAD,16,3.48,3.41,3.65,40172.11991,34359.36559
2023Q3,THE BAYSHORE,BAYSHORE ROAD,16,3.95,3.78,4.23,39804.59742,32774.25885
2023Q4,THE BAYSHORE,BAYSHORE ROAD,16,3.9,3.77,4.11,39804.59742,32774.25885
2024Q1,THE BAYSHORE,BAYSHORE ROAD,16,3.91,3.67,4.12,39804.59742,32774.25885
2024Q3,THE BAYSHORE,BAYSHORE ROAD,16,3.8,3.65,3.97,39804.59742,32774.25885
2024Q4,THE BAYSHORE,BAYSHORE ROAD,16,3.84,3.63,4.01,39804.59742,32774.25885
2024Q2,THE BAYSHORE,BAYSHORE ROAD,16,3.9,3.73,4.05,39804.59742,32774.25885
2025Q1,THE BAYSHORE,BAYSHORE ROAD,16,3.87,3.7,4.09,39804.59742,32774.25885
2026Q2,THE BAYSHORE,BAYSHORE ROAD,16,3.88,3.76,4.03,39804.59742,32774.25885
2025Q4,THE BAYSHORE,BAYSHORE ROAD,16,3.94,3.78,4.16,39804.59742,32774.25885
2026Q1,THE BAYSHORE,BAYSHORE ROAD,16,3.86,3.72,4,39804.59742,32774.25885
2025Q2,THE BAYSHORE,BAYSHORE ROAD,16,3.91,3.8,4.04,39804.59742,32774.25885
2025Q3,THE BAYSHORE,BAYSHORE ROAD,16,3.89,3.72,4.13,39804.59742,32774.25885
2023Q4,LAKEVILLE,JURONG LAKE LINK,22,5.86,5.49,6.33,16060.73955,36356.05166
2024Q1,LAKEVILLE,JURONG LAKE LINK,22,5.91,5.33,6.18,16060.73955,36356.05166
2023Q3,LAKEVILLE,JURONG LAKE LINK,22,5.89,5.51,6.29,16060.73955,36356.05166
2024Q3,LAKEVILLE,JURONG LAKE LINK,22,5.68,5.48,5.93,16060.73955,36356.05166
2024Q4,LAKEVILLE,JURONG LAKE LINK,22,5.74,5.38,6.07,16060.73955,36356.05166
2024Q2,LAKEVILLE,JURONG LAKE LINK,22,5.51,5.37,5.94,16060.73955,36356.05166
2025Q1,LAKEVILLE,JURONG LAKE LINK,22,5.72,5.48,6.14,16060.73955,36356.05166
2025Q4,LAKEVILLE,JURONG LAKE LINK,22,5.57,5.43,5.8,16060.73955,36356.05166
2026Q1,LAKEVILLE,JURONG LAKE LINK,22,5.6,5.34,5.85,16060.73955,36356.05166
2025Q2,LAKEVILLE,JURONG LAKE LINK,22,5.5,5.23,5.72,16060.73955,36356.05166
2025Q3,LAKEVILLE,JURONG LAKE LINK,22,5.5,5.23,5.88,16060.73955,36356.05166
2026Q2,LAKEVILLE,JURONG LAKE LINK,22,5.65,5.36,5.92,16060.73955,36356.05166
2023Q4,QUEENS,STIRLING ROAD,03,5.18,4.94,5.3,25043.14948,30572.54039
2024Q1,QUEENS,STIRLING ROAD,03,4.96,4.65,5.12,25043.14948,30572.54039
2023Q3,QUEENS,STIRLING ROAD,03,5.07,4.9,5.39,25043.14948,30572.54039
2024Q3,QUEENS,STIRLING ROAD,03,4.79,4.6,5.02,25043.14948,30572.54039
2024Q4,QUEENS,STIRLING ROAD,03,4.81,4.65,5.02,25043.14948,30572.54039
2024Q2,QUEENS,STIRLING ROAD,03,4.85,4.6,5.1,25043.14948,30572.54039
2025Q1,QUEENS,STIRLING ROAD,03,5.02,4.81,5.19,25043.14948,30572.54039
2026Q2,QUEENS,STIRLING ROAD,03,5,4.8,5.11,25043.14948,30572.54039
2025Q4,QUEENS,STIRLING ROAD,03,4.91,4.73,5.32,25043.14948,30572.54039
2026Q1,QUEENS,STIRLING ROAD,03,4.92,4.65,5.11,25043.14948,30572.54039
2025Q2,QUEENS,STIRLING ROAD,03,4.93,4.63,5.08,25043.14948,30572.54039
2025Q3,QUEENS,STIRLING ROAD,03,4.9,4.66,5.18,25043.14948,30572.54039
2024Q4,THE REEF AT KING'S DOCK,HARBOURFRONT AVENUE,04,6.97,6.65,7.43,26177.2215082611,27412.1292410308
2025Q1,THE REEF AT KING'S DOCK,HARBOURFRONT AVENUE,04,7.15,6.76,7.84,26177.2215082611,27412.1292410308
2025Q4,THE REEF AT KING'S DOCK,HARBOURFRONT AVENUE,04,7.3,6.98,7.95,26177.2215082611,27412.1292410308
2026Q2,THE REEF AT KING'S DOCK,HARBOURFRONT AVENUE,04,7.1,6.7,7.66,26177.2215082611,27412.1292410308
2026Q1,THE REEF AT KING'S DOCK,HARBOURFRONT AVENUE,04,7.49,7.21,7.99,26177.2215082611,27412.1292410308
2025Q2,THE REEF AT KING'S DOCK,HARBOURFRONT AVENUE,04,7.43,7.04,8.64,26177.2215082611,27412.1292410308
2025Q3,THE REEF AT KING'S DOCK,HARBOURFRONT AVENUE,04,7.51,7.03,8.05,26177.2215082611,27412.1292410308
2024Q1,THE NAUTICAL,JALAN SENDUDOK,27,3.69,3.58,4.23,27010.47484,47099.91716
2023Q3,THE NAUTICAL,JALAN SENDUDOK,27,4.33,3.66,4.58,27010.47484,47099.91716
2023Q4,THE NAUTICAL,JALAN SENDUDOK,27,4.57,4.17,5.45,27010.47484,47099.91716
2024Q3,THE NAUTICAL,JALAN SENDUDOK,27,3.76,3.3,4.74,27010.47484,47099.91716
2024Q4,THE NAUTICAL,JALAN SENDUDOK,27,4.19,3.69,5.27,27010.47484,47099.91716
2024Q2,THE NAUTICAL,JALAN SENDUDOK,27,3.93,3.81,5.11,27010.47484,47099.91716
2025Q1,THE NAUTICAL,JALAN SENDUDOK,27,4.01,3.66,4.29,27010.47484,47099.91716
2026Q2,THE NAUTICAL,JALAN SENDUDOK,27,4.04,3.63,4.92,27010.47484,47099.91716
2025Q4,THE NAUTICAL,JALAN SENDUDOK,27,4.07,3.75,5.24,27010.47484,47099.91716
2026Q1,THE NAUTICAL,JALAN SENDUDOK,27,4.06,3.66,4.43,27010.47484,47099.91716
2025Q2,THE NAUTICAL,JALAN SENDUDOK,27,4.08,3.83,4.29,27010.47484,47099.91716
2025Q3,THE NAUTICAL,JALAN SENDUDOK,27,4.16,3.68,4.45,27010.47484,47099.91716
2024Q1,THE INTERLACE,DEPOT ROAD,04,4.76,4.35,5.11,24709.195,29399.4846
2023Q4,THE INTERLACE,DEPOT ROAD,04,4.69,4.27,4.98,24709.195,29399.4846
2023Q3,THE INTERLACE,DEPOT ROAD,04,4.83,4.42,5.25,24709.195,29399.4846
2024Q3,THE INTERLACE,DEPOT ROAD,04,4.8,4.38,5.13,24709.195,29399.4846
2024Q4,THE INTERLACE,DEPOT ROAD,04,4.75,4.35,5.07,24709.195,29399.4846
2024Q2,THE INTERLACE,DEPOT ROAD,04,4.67,4.08,4.97,24709.195,29399.4846
2025Q1,THE INTERLACE,DEPOT ROAD,04,4.91,4.42,5.33,24709.195,29399.4846
2026Q2,THE INTERLACE,DEPOT ROAD,04,4.83,4.43,5.2,24709.195,29399.4846
2025Q4,THE INTERLACE,DEPOT ROAD,04,4.83,4.48,5.03,24709.195,29399.4846
2026Q1,THE INTERLACE,DEPOT ROAD,04,4.98,4.57,5.23,24709.195,29399.4846
2025Q2,THE INTERLACE,DEPOT ROAD,04,4.88,4.41,5.24,24709.195,29399.4846
2025Q3,THE INTERLACE,DEPOT ROAD,04,4.91,4.49,5.36,24709.195,29399.4846
2025Q3,ONE DRAYCOTT,DRAYCOTT PARK,10,6.83,6.16,7.1,27718.28972,32478.55272
2023Q3,NEEM TREE,JALAN KEMAMAN,12,5.93,5.82,6.64,30039.61554,34407.83856
2025Q1,NEEM TREE,JALAN KEMAMAN,12,6.3,5.49,6.48,30039.61554,34407.83856
2026Q1,NEEM TREE,JALAN KEMAMAN,12,6.65,5.63,6.91,30039.61554,34407.83856
2025Q2,NEEM TREE,JALAN KEMAMAN,12,6.41,5.53,6.6,30039.61554,34407.83856
2025Q3,NEEM TREE,JALAN KEMAMAN,12,5.77,5.32,6.47,30039.61554,34407.83856
2023Q4,CRADELS,LORONG LIMAU,12,6.57,5.16,6.8,30299.34802,34107.09735
2023Q3,CRADELS,LORONG LIMAU,12,6.57,5.51,6.91,30299.34802,34107.09735
2024Q3,CRADELS,LORONG LIMAU,12,6.23,6,6.46,30299.34802,34107.09735
2024Q4,CRADELS,LORONG LIMAU,12,6.3,5.77,6.8,30299.34802,34107.09735
2024Q2,CRADELS,LORONG LIMAU,12,6.29,5.75,6.72,30299.34802,34107.09735
2025Q1,CRADELS,LORONG LIMAU,12,6.63,6.28,6.8,30299.34802,34107.09735
2025Q4,CRADELS,LORONG LIMAU,12,6.12,5.16,6.48,30299.34802,34107.09735
2026Q1,CRADELS,LORONG LIMAU,12,6.42,5.51,6.83,30299.34802,34107.09735
2025Q2,CRADELS,LORONG LIMAU,12,6.34,5.25,6.57,30299.34802,34107.09735
2025Q3,CRADELS,LORONG LIMAU,12,6.34,5.95,6.43,30299.34802,34107.09735
2026Q2,CRADELS,LORONG LIMAU,12,6.29,6.05,6.49,30299.34802,34107.09735
2024Q1,THE QUINN,BARTLEY ROAD,19,5.25,4.49,5.69,32448.61048,36228.81155
2025Q3,THE QUINN,BARTLEY ROAD,19,5.28,5.12,5.39,32448.61048,36228.81155
2023Q3,SKYLINE RESIDENCES,TELOK BLANGAH ROAD,04,6.03,5.48,6.73,25132.01059,28249.49619
2023Q4,SKYLINE RESIDENCES,TELOK BLANGAH ROAD,04,5.67,5.35,6.64,25132.01059,28249.49619
2024Q1,SKYLINE RESIDENCES,TELOK BLANGAH ROAD,04,5.42,5.06,6.21,25132.01059,28249.49619
2024Q3,SKYLINE RESIDENCES,TELOK BLANGAH ROAD,04,5.25,5.05,7.23,25132.01059,28249.49619
2024Q4,SKYLINE RESIDENCES,TELOK BLANGAH ROAD,04,5.19,4.83,6.64,25132.01059,28249.49619
2024Q2,SKYLINE RESIDENCES,TELOK BLANGAH ROAD,04,5.61,5.42,6.81,25132.01059,28249.49619
2025Q1,SKYLINE RESIDENCES,TELOK BLANGAH ROAD,04,5.55,4.89,6.02,25132.01059,28249.49619
2026Q2,SKYLINE RESIDENCES,TELOK BLANGAH ROAD,04,5.79,5.43,6.86,25132.01059,28249.49619
2025Q4,SKYLINE RESIDENCES,TELOK BLANGAH ROAD,04,5.43,4.97,6.5,25132.01059,28249.49619
2026Q1,SKYLINE RESIDENCES,TELOK BLANGAH ROAD,04,5.22,5.03,6.14,25132.01059,28249.49619
2025Q2,SKYLINE RESIDENCES,TELOK BLANGAH ROAD,04,5.55,5.43,6.81,25132.01059,28249.49619
2025Q3,SKYLINE RESIDENCES,TELOK BLANGAH ROAD,04,5.43,5.06,6.77,25132.01059,28249.49619
2023Q3,THOMSON 800,THOMSON ROAD,11,3.68,3.51,3.88,28612.30566,35923.33987
2023Q4,THOMSON 800,THOMSON ROAD,11,3.73,3.49,3.84,28612.30566,35923.33987
2025Q1,THOMSON 800,THOMSON ROAD,11,3.57,3.46,3.75,28612.30566,35923.33987
2024Q3,THOMSON 800,THOMSON ROAD,11,3.54,3.12,3.68,28612.30566,35923.33987
2024Q4,THOMSON 800,THOMSON ROAD,11,3.69,3.57,3.81,28612.30566,35923.33987
2024Q2,THOMSON 800,THOMSON ROAD,11,3.5,3.31,3.63,28612.30566,35923.33987
2025Q4,THOMSON 800,THOMSON ROAD,11,3.72,3.51,3.8,28612.30566,35923.33987
2026Q2,THOMSON 800,THOMSON ROAD,11,3.72,3.68,3.92,28612.30566,35923.33987
2026Q1,THOMSON 800,THOMSON ROAD,11,3.76,3.63,3.81,28612.30566,35923.33987
2025Q2,THOMSON 800,THOMSON ROAD,11,3.61,3.51,3.69,28612.30566,35923.33987
2025Q3,THOMSON 800,THOMSON ROAD,11,3.64,3.4,3.98,28612.30566,35923.33987
2023Q3,TRELLIS TOWERS,LORONG 1 TOA PAYOH,12,4.65,4.13,5.21,29142.68828,34739.38307
2023Q4,TRELLIS TOWERS,LORONG 1 TOA PAYOH,12,4.04,3.67,5.41,29142.68828,34739.38307
2024Q1,TRELLIS TOWERS,LORONG 1 TOA PAYOH,12,5,4.16,5.25,29142.68828,34739.38307
2025Q1,TRELLIS TOWERS,LORONG 1 TOA PAYOH,12,4.65,4.03,4.93,29142.68828,34739.38307
2024Q3,TRELLIS TOWERS,LORONG 1 TOA PAYOH,12,3.57,3.39,4.09,29142.68828,34739.38307
2024Q4,TRELLIS TOWERS,LORONG 1 TOA PAYOH,12,4.65,3.9,5.21,29142.68828,34739.38307
2024Q2,TRELLIS TOWERS,LORONG 1 TOA PAYOH,12,4.28,3.67,5.24,29142.68828,34739.38307
2025Q3,TRELLIS TOWERS,LORONG 1 TOA PAYOH,12,4.05,3.68,5.06,29142.68828,34739.38307
2025Q4,TRELLIS TOWERS,LORONG 1 TOA PAYOH,12,4.3,3.7,5.1,29142.68828,34739.38307
2026Q2,TRELLIS TOWERS,LORONG 1 TOA PAYOH,12,4.72,3.87,5.07,29142.68828,34739.38307
2026Q1,TRELLIS TOWERS,LORONG 1 TOA PAYOH,12,4.25,3.83,5.28,29142.68828,34739.38307
2025Q2,TRELLIS TOWERS,LORONG 1 TOA PAYOH,12,4.3,3.95,4.59,29142.68828,34739.38307
2023Q4,MARTIN PLACE RESIDENCES,MARTIN PLACE,09,6.7,5.81,6.97,28536.18904,30734.13131
2024Q1,MARTIN PLACE RESIDENCES,MARTIN PLACE,09,6.38,6.02,6.9,28536.18904,30734.13131
2023Q3,MARTIN PLACE RESIDENCES,MARTIN PLACE,09,6.58,5.92,6.82,28536.18904,30734.13131
2024Q3,MARTIN PLACE RESIDENCES,MARTIN PLACE,09,6.19,5.83,6.68,28536.18904,30734.13131
2024Q4,MARTIN PLACE RESIDENCES,MARTIN PLACE,09,6.69,6.27,6.98,28536.18904,30734.13131
2024Q2,MARTIN PLACE RESIDENCES,MARTIN PLACE,09,6.23,6.06,6.68,28536.18904,30734.13131
2025Q1,MARTIN PLACE RESIDENCES,MARTIN PLACE,09,6.6,6.14,6.86,28536.18904,30734.13131
2025Q4,MARTIN PLACE RESIDENCES,MARTIN PLACE,09,6.68,6.36,6.76,28536.18904,30734.13131
2026Q1,MARTIN PLACE RESIDENCES,MARTIN PLACE,09,6.85,6.33,6.93,28536.18904,30734.13131
2025Q2,MARTIN PLACE RESIDENCES,MARTIN PLACE,09,6.4,6.16,6.63,28536.18904,30734.13131
2025Q3,MARTIN PLACE RESIDENCES,MARTIN PLACE,09,6.31,6.07,6.59,28536.18904,30734.13131
2026Q2,MARTIN PLACE RESIDENCES,MARTIN PLACE,09,6.66,6.41,6.79,28536.18904,30734.13131
2023Q4,DE ROYALE,JALAN RAMA RAMA,12,3.83,3.54,3.9,29764.18667,34503.47188
2025Q1,DE ROYALE,JALAN RAMA RAMA,12,3.75,3.5,3.82,29764.18667,34503.47188
2023Q3,THE ESTUARY,YISHUN AVENUE 1,27,4.19,3.86,4.45,27917.30759,43661.50458
2023Q4,THE ESTUARY,YISHUN AVENUE 1,27,3.82,3.53,4.08,27917.30759,43661.50458
2024Q1,THE ESTUARY,YISHUN AVENUE 1,27,4.16,3.96,4.5,27917.30759,43661.50458
2024Q3,THE ESTUARY,YISHUN AVENUE 1,27,4,3.57,4.12,27917.30759,43661.50458
2024Q4,THE ESTUARY,YISHUN AVENUE 1,27,3.89,3.44,4.39,27917.30759,43661.50458
2024Q2,THE ESTUARY,YISHUN AVENUE 1,27,4.08,3.58,4.81,27917.30759,43661.50458
2025Q1,THE ESTUARY,YISHUN AVENUE 1,27,3.82,3.53,4.41,27917.30759,43661.50458
2026Q2,THE ESTUARY,YISHUN AVENUE 1,27,3.75,3.53,4.19,27917.30759,43661.50458
2025Q4,THE ESTUARY,YISHUN AVENUE 1,27,3.75,3.46,4.1,27917.30759,43661.50458
2026Q1,THE ESTUARY,YISHUN AVENUE 1,27,3.69,3.46,3.93,27917.30759,43661.50458
2025Q2,THE ESTUARY,YISHUN AVENUE 1,27,3.67,3.46,4.04,27917.30759,43661.50458
2025Q3,THE ESTUARY,YISHUN AVENUE 1,27,3.84,3.53,4.15,27917.30759,43661.50458
2023Q3,THE ARC AT DRAYCOTT,DRAYCOTT DRIVE,10,5.9,5.65,6.14,27736.65216,32400.42136
2024Q3,THE ARC AT DRAYCOTT,DRAYCOTT DRIVE,10,5.75,5.36,5.88,27736.65216,32400.42136
2023Q3,WATERFRONT GOLD,BEDOK RESERVOIR ROAD,16,4.55,4.05,4.72,38600.88768,35570.64323
2023Q4,WATERFRONT GOLD,BEDOK RESERVOIR ROAD,16,4.59,4.35,4.88,38600.88768,35570.64323
2024Q2,WATERFRONT GOLD,BEDOK RESERVOIR ROAD,16,4.45,4.15,4.55,38600.88768,35570.64323
2025Q1,WATERFRONT GOLD,BEDOK RESERVOIR ROAD,16,4.52,4.23,4.78,38600.88768,35570.64323
2024Q3,WATERFRONT GOLD,BEDOK RESERVOIR ROAD,16,4.55,4.22,4.87,38600.88768,35570.64323
2024Q4,WATERFRONT GOLD,BEDOK RESERVOIR ROAD,16,4.46,4.25,4.74,38600.88768,35570.64323
2025Q3,WATERFRONT GOLD,BEDOK RESERVOIR ROAD,16,4.39,4.16,4.88,38600.88768,35570.64323
2025Q4,WATERFRONT GOLD,BEDOK RESERVOIR ROAD,16,4.2,4.18,4.25,38600.88768,35570.64323
2024Q1,WATERFRONT GOLD,BEDOK RESERVOIR ROAD,16,4.36,4.18,4.73,38600.88768,35570.64323
2026Q1,WATERFRONT GOLD,BEDOK RESERVOIR ROAD,16,4.37,4.17,4.79,38600.88768,35570.64323
2025Q2,WATERFRONT GOLD,BEDOK RESERVOIR ROAD,16,4.59,4.3,5.33,38600.88768,35570.64323
2026Q2,WATERFRONT GOLD,BEDOK RESERVOIR ROAD,16,4.53,4.34,4.93,38600.88768,35570.64323
2023Q4,MARINE BLUE,MARINE PARADE ROAD,15,6.22,5.92,6.4,35957.80845,31814.99768
2023Q3,MARINE BLUE,MARINE PARADE ROAD,15,6.04,5.77,6.26,35957.80845,31814.99768
2024Q3,MARINE BLUE,MARINE PARADE ROAD,15,5.98,5.18,6.3,35957.80845,31814.99768
2024Q4,MARINE BLUE,MARINE PARADE ROAD,15,6,5.87,6.38,35957.80845,31814.99768
2025Q1,MARINE BLUE,MARINE PARADE ROAD,15,5.74,4.83,6.2,35957.80845,31814.99768
2026Q1,MARINE BLUE,MARINE PARADE ROAD,15,6.23,5.53,6.32,35957.80845,31814.99768
2026Q2,MARINE BLUE,MARINE PARADE ROAD,15,6.22,5.78,6.65,35957.80845,31814.99768
2023Q3,WOODHAVEN,WOODGROVE AVENUE,25,4.18,3.67,4.66,22509.88557,45812.00048
2023Q4,WOODHAVEN,WOODGROVE AVENUE,25,4.43,4.07,4.77,22509.88557,45812.00048
2024Q2,WOODHAVEN,WOODGROVE AVENUE,25,4.24,4.05,4.7,22509.88557,45812.00048
2025Q1,WOODHAVEN,WOODGROVE AVENUE,25,4.34,3.72,4.65,22509.88557,45812.00048
2024Q3,WOODHAVEN,WOODGROVE AVENUE,25,4.47,4.01,4.72,22509.88557,45812.00048
2024Q4,WOODHAVEN,WOODGROVE AVENUE,25,4.59,4.36,4.8,22509.88557,45812.00048
2025Q3,WOODHAVEN,WOODGROVE AVENUE,25,4.31,3.9,4.56,22509.88557,45812.00048
2025Q4,WOODHAVEN,WOODGROVE AVENUE,25,4.44,4.24,4.73,22509.88557,45812.00048
2024Q1,WOODHAVEN,WOODGROVE AVENUE,25,4.59,4.34,4.72,22509.88557,45812.00048
2026Q1,WOODHAVEN,WOODGROVE AVENUE,25,4.59,4.4,4.79,22509.88557,45812.00048
2025Q2,WOODHAVEN,WOODGROVE AVENUE,25,4.38,4.17,4.59,22509.88557,45812.00048
2026Q2,WOODHAVEN,WOODGROVE AVENUE,25,4.59,4.35,4.82,22509.88557,45812.00048
2023Q4,REFLECTIONS AT KEPPEL BAY,KEPPEL BAY VIEW,04,5.55,5.26,5.91,25524.22059,27748.90441
2024Q1,REFLECTIONS AT KEPPEL BAY,KEPPEL BAY VIEW,04,5.4,5.05,5.77,25524.22059,27748.90441
2023Q3,REFLECTIONS AT KEPPEL BAY,KEPPEL BAY VIEW,04,5.64,5.36,5.99,25524.22059,27748.90441
2024Q3,REFLECTIONS AT KEPPEL BAY,KEPPEL BAY VIEW,04,5.36,5.03,5.68,25524.22059,27748.90441
2024Q4,REFLECTIONS AT KEPPEL BAY,KEPPEL BAY VIEW,04,5.41,5,5.63,25524.22059,27748.90441
2024Q2,REFLECTIONS AT KEPPEL BAY,KEPPEL BAY VIEW,04,5.26,4.96,5.73,25524.22059,27748.90441
2025Q1,REFLECTIONS AT KEPPEL BAY,KEPPEL BAY VIEW,04,5.46,5.08,5.73,25524.22059,27748.90441
2026Q2,REFLECTIONS AT KEPPEL BAY,KEPPEL BAY VIEW,04,5.35,5.1,5.54,25524.22059,27748.90441
2025Q4,REFLECTIONS AT KEPPEL BAY,KEPPEL BAY VIEW,04,5.51,5.16,5.76,25524.22059,27748.90441
2026Q1,REFLECTIONS AT KEPPEL BAY,KEPPEL BAY VIEW,04,5.31,5.16,5.62,25524.22059,27748.90441
2025Q2,REFLECTIONS AT KEPPEL BAY,KEPPEL BAY VIEW,04,5.4,4.93,5.71,25524.22059,27748.90441
2025Q3,REFLECTIONS AT KEPPEL BAY,KEPPEL BAY VIEW,04,5.4,5.09,5.75,25524.22059,27748.90441
2023Q3,THE ESTRELLA,PASIR PANJANG ROAD,05,3.67,3.3,3.85,21727.31309,30264.77223
2024Q3,THE ESTRELLA,PASIR PANJANG ROAD,05,4.03,3.94,4.09,21727.31309,30264.77223
2025Q3,THE ESTRELLA,PASIR PANJANG ROAD,05,4.28,4.18,4.38,21727.31309,30264.77223
2023Q3,EON SHENTON,SHENTON WAY,02,8.22,7.93,8.36,29441.68851,28475.31025
2023Q4,EON SHENTON,SHENTON WAY,02,8.26,7.3,8.36,29441.68851,28475.31025
2024Q1,EON SHENTON,SHENTON WAY,02,7.17,5.4,8.17,29441.68851,28475.31025
2024Q3,EON SHENTON,SHENTON WAY,02,7.9,6.93,8.18,29441.68851,28475.31025
2024Q4,EON SHENTON,SHENTON WAY,02,7.8,6.4,8.18,29441.68851,28475.31025
2024Q2,EON SHENTON,SHENTON WAY,02,7.01,5.4,8.13,29441.68851,28475.31025
2025Q1,EON SHENTON,SHENTON WAY,02,7.99,7.66,8.41,29441.68851,28475.31025
2025Q4,EON SHENTON,SHENTON WAY,02,7.41,7.23,8.33,29441.68851,28475.31025
2025Q2,EON SHENTON,SHENTON WAY,02,7.19,6.17,7.81,29441.68851,28475.31025
2025Q3,EON SHENTON,SHENTON WAY,02,7.58,7.29,8.22,29441.68851,28475.31025
2026Q2,EON SHENTON,SHENTON WAY,02,7.62,6.26,8.27,29441.68851,28475.31025
2023Q4,76 SHENTON,SHENTON WAY,02,7.36,7.21,7.67,29353.22704,28449.82075
2023Q3,76 SHENTON,SHENTON WAY,02,6.82,6.3,7.55,29353.22704,28449.82075
2024Q1,76 SHENTON,SHENTON WAY,02,7.09,6.64,7.43,29353.22704,28449.82075
2024Q4,76 SHENTON,SHENTON WAY,02,6.99,6.73,7.43,29353.22704,28449.82075
2024Q2,76 SHENTON,SHENTON WAY,02,6.95,6.6,7.34,29353.22704,28449.82075
2025Q1,76 SHENTON,SHENTON WAY,02,7.15,6.54,7.46,29353.22704,28449.82075
2024Q3,76 SHENTON,SHENTON WAY,02,6.76,6.42,7.05,29353.22704,28449.82075
2025Q4,76 SHENTON,SHENTON WAY,02,7.02,6.41,7.43,29353.22704,28449.82075
2026Q1,76 SHENTON,SHENTON WAY,02,6.84,6.73,7.21,29353.22704,28449.82075
2025Q2,76 SHENTON,SHENTON WAY,02,7.09,6.72,7.62,29353.22704,28449.82075
2025Q3,76 SHENTON,SHENTON WAY,02,6.76,6.41,7.12,29353.22704,28449.82075
2026Q2,76 SHENTON,SHENTON WAY,02,7.03,6.79,7.39,29353.22704,28449.82075
2024Q1,NOVENA COURT,JALAN NOVENA BARAT,11,4.45,4.15,5.1,28968.0874,33822.95836
2025Q2,NOVENA COURT,JALAN NOVENA BARAT,11,4.52,4.06,5.02,28968.0874,33822.95836
2025Q1,DAINTREE RESIDENCE,TOH TUCK ROAD,21,5.55,5.42,5.97,21040.27947,35786.60267
2026Q1,DAINTREE RESIDENCE,TOH TUCK ROAD,21,5.43,5.31,5.77,21040.27947,35786.60267
2025Q2,DAINTREE RESIDENCE,TOH TUCK ROAD,21,5.52,5.39,5.63,21040.27947,35786.60267
2025Q3,DAINTREE RESIDENCE,TOH TUCK ROAD,21,5.63,5.23,5.84,21040.27947,35786.60267
2023Q3,SOPHIA HILLS,MOUNT SOPHIA,09,6.76,5.36,7.31,29590.37077,31421.11991
2023Q4,SOPHIA HILLS,MOUNT SOPHIA,09,6.9,6.29,7.14,29590.37077,31421.11991
2024Q1,SOPHIA HILLS,MOUNT SOPHIA,09,6.74,5.76,7.01,29590.37077,31421.11991
2024Q3,SOPHIA HILLS,MOUNT SOPHIA,09,6.48,5.36,6.97,29590.37077,31421.11991
2024Q4,SOPHIA HILLS,MOUNT SOPHIA,09,6.76,6.46,7.05,29590.37077,31421.11991
2024Q2,SOPHIA HILLS,MOUNT SOPHIA,09,6.76,6.15,7.01,29590.37077,31421.11991
2025Q1,SOPHIA HILLS,MOUNT SOPHIA,09,6.72,6.09,7.01,29590.37077,31421.11991
2026Q2,SOPHIA HILLS,MOUNT SOPHIA,09,7,6.72,7.15,29590.37077,31421.11991
2025Q4,SOPHIA HILLS,MOUNT SOPHIA,09,6.79,6.45,7.03,29590.37077,31421.11991
2026Q1,SOPHIA HILLS,MOUNT SOPHIA,09,6.93,6.17,7.19,29590.37077,31421.11991
2025Q2,SOPHIA HILLS,MOUNT SOPHIA,09,6.86,5.9,7.12,29590.37077,31421.11991
2025Q3,SOPHIA HILLS,MOUNT SOPHIA,09,6.66,5.67,7.15,29590.37077,31421.11991
2024Q1,NOVENA SUITES,MOULMEIN ROAD,11,5.53,5.1,5.85,29263.87962,33453.21926
2023Q3,NOVENA SUITES,MOULMEIN ROAD,11,5.69,5.37,5.97,29263.87962,33453.21926
2025Q2,NOVENA SUITES,MOULMEIN ROAD,11,5.07,4.7,5.47,29263.87962,33453.21926
2026Q2,NOVENA SUITES,MOULMEIN ROAD,11,5.16,4.82,5.62,29263.87962,33453.21926
2023Q3,SANCTUARY GREEN,TANJONG RHU ROAD,15,4.48,4.23,4.88,32231.84513,31004.5202
2023Q4,SANCTUARY GREEN,TANJONG RHU ROAD,15,4.56,4.25,4.85,32231.84513,31004.5202
2024Q1,SANCTUARY GREEN,TANJONG RHU ROAD,15,4.42,4.23,4.81,32231.84513,31004.5202
2024Q3,SANCTUARY GREEN,TANJONG RHU ROAD,15,4.37,4.23,4.63,32231.84513,31004.5202
2024Q4,SANCTUARY GREEN,TANJONG RHU ROAD,15,4.36,4.25,4.6,32231.84513,31004.5202
2024Q2,SANCTUARY GREEN,TANJONG RHU ROAD,15,4.29,4.09,4.58,32231.84513,31004.5202
2025Q1,SANCTUARY GREEN,TANJONG RHU ROAD,15,4.5,4.28,4.77,32231.84513,31004.5202
2026Q2,SANCTUARY GREEN,TANJONG RHU ROAD,15,4.6,4.3,4.9,32231.84513,31004.5202
2025Q4,SANCTUARY GREEN,TANJONG RHU ROAD,15,4.56,4.28,5.03,32231.84513,31004.5202
2026Q1,SANCTUARY GREEN,TANJONG RHU ROAD,15,4.67,4.26,5.21,32231.84513,31004.5202
2025Q2,SANCTUARY GREEN,TANJONG RHU ROAD,15,4.58,4.14,4.82,32231.84513,31004.5202
2025Q3,SANCTUARY GREEN,TANJONG RHU ROAD,15,4.56,4.29,4.8,32231.84513,31004.5202
2023Q4,HUNDRED TREES,WEST COAST DRIVE,05,4.86,4.59,5.09,19785.74578,32926.28429
2024Q1,HUNDRED TREES,WEST COAST DRIVE,05,4.69,4.38,5.46,19785.74578,32926.28429
2023Q3,HUNDRED TREES,WEST COAST DRIVE,05,5.03,4.71,5.35,19785.74578,32926.28429
2024Q3,HUNDRED TREES,WEST COAST DRIVE,05,4.76,4.4,4.94,19785.74578,32926.28429
2024Q4,HUNDRED TREES,WEST COAST DRIVE,05,4.61,4.54,4.84,19785.74578,32926.28429
2024Q2,HUNDRED TREES,WEST COAST DRIVE,05,4.58,4.38,5.17,19785.74578,32926.28429
2025Q1,HUNDRED TREES,WEST COAST DRIVE,05,4.53,4.38,4.7,19785.74578,32926.28429
2025Q4,HUNDRED TREES,WEST COAST DRIVE,05,4.8,4.6,5.42,19785.74578,32926.28429
2026Q1,HUNDRED TREES,WEST COAST DRIVE,05,4.61,4.37,5.09,19785.74578,32926.28429
2025Q2,HUNDRED TREES,WEST COAST DRIVE,05,4.84,4.54,5.37,19785.74578,32926.28429
2025Q3,HUNDRED TREES,WEST COAST DRIVE,05,4.92,4.61,5.09,19785.74578,32926.28429
2026Q2,HUNDRED TREES,WEST COAST DRIVE,05,4.92,4.75,5.93,19785.74578,32926.28429
2024Q1,THE LAURELS,CAIRNHILL ROAD,09,7.14,6.84,7.44,28517.93663,31909.12548
2023Q4,THE LAURELS,CAIRNHILL ROAD,09,7.14,6.87,7.36,28517.93663,31909.12548
2023Q3,THE LAURELS,CAIRNHILL ROAD,09,7.27,6.79,7.83,28517.93663,31909.12548
2024Q3,THE LAURELS,CAIRNHILL ROAD,09,7.02,6.6,7.36,28517.93663,31909.12548
2024Q4,THE LAURELS,CAIRNHILL ROAD,09,6.99,6.81,7.33,28517.93663,31909.12548
2024Q2,THE LAURELS,CAIRNHILL ROAD,09,7.21,6.81,7.76,28517.93663,31909.12548
2025Q1,THE LAURELS,CAIRNHILL ROAD,09,7.08,6.59,7.41,28517.93663,31909.12548
2026Q2,THE LAURELS,CAIRNHILL ROAD,09,7.08,6.7,7.65,28517.93663,31909.12548
2025Q4,THE LAURELS,CAIRNHILL ROAD,09,7.29,6.82,7.65,28517.93663,31909.12548
2026Q1,THE LAURELS,CAIRNHILL ROAD,09,7.25,6.99,7.48,28517.93663,31909.12548
2025Q2,THE LAURELS,CAIRNHILL ROAD,09,7.14,6.87,7.33,28517.93663,31909.12548
2025Q3,THE LAURELS,CAIRNHILL ROAD,09,6.94,6.62,7.29,28517.93663,31909.12548
2023Q3,CHARLESTON,SHANGHAI ROAD,10,4.9,4.77,4.98,27397.20101,30864.71209
2025Q4,ONE BERNAM,BERNAM STREET,02,7.78,7.15,8.6,29147.4674042742,28476.1061159249
2026Q1,ONE BERNAM,BERNAM STREET,02,7.43,6.83,8.73,29147.4674042742,28476.1061159249
2026Q2,ONE BERNAM,BERNAM STREET,02,7.24,6.66,8,29147.4674042742,28476.1061159249
2024Q1,THE MEYERISE,MEYER ROAD,15,5.14,4.84,5.35,34625.94568,30944.10009
2023Q3,THE MEYERISE,MEYER ROAD,15,5.51,5.24,5.96,34625.94568,30944.10009
2023Q4,THE MEYERISE,MEYER ROAD,15,5.17,4.79,5.48,34625.94568,30944.10009
2024Q3,THE MEYERISE,MEYER ROAD,15,5.13,4.93,5.21,34625.94568,30944.10009
2024Q4,THE MEYERISE,MEYER ROAD,15,4.89,4.58,5.31,34625.94568,30944.10009
2024Q2,THE MEYERISE,MEYER ROAD,15,5.3,5.12,5.37,34625.94568,30944.10009
2025Q1,THE MEYERISE,MEYER ROAD,15,5.2,4.87,5.53,34625.94568,30944.10009
2026Q2,THE MEYERISE,MEYER ROAD,15,5.28,5.14,5.47,34625.94568,30944.10009
2025Q4,THE MEYERISE,MEYER ROAD,15,5.41,5.21,5.6,34625.94568,30944.10009
2026Q1,THE MEYERISE,MEYER ROAD,15,5.28,4.89,5.51,34625.94568,30944.10009
2025Q2,THE MEYERISE,MEYER ROAD,15,5.26,4.85,5.42,34625.94568,30944.10009
2025Q3,THE MEYERISE,MEYER ROAD,15,5.3,5.2,5.39,34625.94568,30944.10009
2024Q1,BIJOU,JALAN MAT JAMBOL,05,6.14,5.99,6.41,23364.34511,28808.08032
2023Q4,BIJOU,JALAN MAT JAMBOL,05,6.19,5.92,6.4,23364.34511,28808.08032
2023Q3,BIJOU,JALAN MAT JAMBOL,05,6.11,5.36,6.45,23364.34511,28808.08032
2024Q4,BIJOU,JALAN MAT JAMBOL,05,5.98,5.58,6.18,23364.34511,28808.08032
2024Q2,BIJOU,JALAN MAT JAMBOL,05,6.14,5.74,6.31,23364.34511,28808.08032
2025Q1,BIJOU,JALAN MAT JAMBOL,05,6.1,5.71,6.23,23364.34511,28808.08032
2024Q3,BIJOU,JALAN MAT JAMBOL,05,6.08,5.9,6.29,23364.34511,28808.08032
2025Q4,BIJOU,JALAN MAT JAMBOL,05,6.14,6.05,6.28,23364.34511,28808.08032
2026Q1,BIJOU,JALAN MAT JAMBOL,05,6.09,5.97,6.28,23364.34511,28808.08032
2025Q2,BIJOU,JALAN MAT JAMBOL,05,6.14,5.41,6.58,23364.34511,28808.08032
2025Q3,BIJOU,JALAN MAT JAMBOL,05,6.01,5.73,6.34,23364.34511,28808.08032
2026Q2,BIJOU,JALAN MAT JAMBOL,05,5.79,5.46,6.09,23364.34511,28808.08032
2023Q4,PARC RIVIERA,WEST COAST VALE,05,6.2,5.66,6.65,19101.65604,33643.10595
2024Q1,PARC RIVIERA,WEST COAST VALE,05,5.81,5.45,6.32,19101.65604,33643.10595
2023Q3,PARC RIVIERA,WEST COAST VALE,05,6.19,5.77,6.65,19101.65604,33643.10595
2024Q3,PARC RIVIERA,WEST COAST VALE,05,5.64,5.35,6.24,19101.65604,33643.10595
2024Q4,PARC RIVIERA,WEST COAST VALE,05,6.13,5.67,6.48,19101.65604,33643.10595
2024Q2,PARC RIVIERA,WEST COAST VALE,05,5.63,5.07,6.05,19101.65604,33643.10595
2025Q1,PARC RIVIERA,WEST COAST VALE,05,6.08,5.74,6.44,19101.65604,33643.10595
2025Q4,PARC RIVIERA,WEST COAST VALE,05,6.23,5.75,6.48,19101.65604,33643.10595
2026Q1,PARC RIVIERA,WEST COAST VALE,05,5.97,5.49,6.33,19101.65604,33643.10595
2025Q2,PARC RIVIERA,WEST COAST VALE,05,5.81,5.37,6.28,19101.65604,33643.10595
2025Q3,PARC RIVIERA,WEST COAST VALE,05,5.91,5.49,6.33,19101.65604,33643.10595
2026Q2,PARC RIVIERA,WEST COAST VALE,05,5.97,5.4,6.3,19101.65604,33643.10595
2023Q4,REGENT RESIDENCES,SERANGOON ROAD,12,4.65,4.41,5.39,31468.42161,34059.55368
2024Q1,REGENT RESIDENCES,SERANGOON ROAD,12,4.65,4.44,5.54,31468.42161,34059.55368
2023Q3,REGENT RESIDENCES,SERANGOON ROAD,12,5.26,4.95,7.21,31468.42161,34059.55368
2024Q3,REGENT RESIDENCES,SERANGOON ROAD,12,5.23,4.71,6.6,31468.42161,34059.55368
2024Q4,REGENT RESIDENCES,SERANGOON ROAD,12,4.79,4.61,5.84,31468.42161,34059.55368
2024Q2,REGENT RESIDENCES,SERANGOON ROAD,12,4.58,4.31,5.55,31468.42161,34059.55368
2025Q1,REGENT RESIDENCES,SERANGOON ROAD,12,4.71,4.65,6.85,31468.42161,34059.55368
2026Q2,REGENT RESIDENCES,SERANGOON ROAD,12,5.08,4.52,6.85,31468.42161,34059.55368
2025Q4,REGENT RESIDENCES,SERANGOON ROAD,12,4.77,4.5,5.93,31468.42161,34059.55368
2026Q1,REGENT RESIDENCES,SERANGOON ROAD,12,4.93,4.55,6.36,31468.42161,34059.55368
2025Q3,REGENT RESIDENCES,SERANGOON ROAD,12,5.08,4.74,6.66,31468.42161,34059.55368
2023Q3,RIVERVALE CREST,RIVERVALE CRESCENT,19,3.49,3.32,3.68,35888.20998,41512.03548
2024Q3,RIVERVALE CREST,RIVERVALE CRESCENT,19,3.33,3.21,3.47,35888.20998,41512.03548
2024Q4,RIVERVALE CREST,RIVERVALE CRESCENT,19,3.32,2.99,3.42,35888.20998,41512.03548
2024Q2,RIVERVALE CREST,RIVERVALE CRESCENT,19,3.23,3.01,3.5,35888.20998,41512.03548
2025Q1,RIVERVALE CREST,RIVERVALE CRESCENT,19,3.19,3.03,3.29,35888.20998,41512.03548
2026Q2,RIVERVALE CREST,RIVERVALE CRESCENT,19,3.16,3.04,3.38,35888.20998,41512.03548
2025Q4,RIVERVALE CREST,RIVERVALE CRESCENT,19,3.25,3.21,3.39,35888.20998,41512.03548
2025Q2,RIVERVALE CREST,RIVERVALE CRESCENT,19,3.37,3.17,3.5,35888.20998,41512.03548
2025Q3,RIVERVALE CREST,RIVERVALE CRESCENT,19,3.38,3.28,3.48,35888.20998,41512.03548
2023Q3,SPOTTISWOODE 18,SPOTTISWOODE PARK ROAD,02,8.13,6.71,8.58,28465.73245,28681.99167
2023Q4,SPOTTISWOODE 18,SPOTTISWOODE PARK ROAD,02,8.26,7.39,8.52,28465.73245,28681.99167
2024Q1,SPOTTISWOODE 18,SPOTTISWOODE PARK ROAD,02,8.13,7.41,8.52,28465.73245,28681.99167
2024Q3,SPOTTISWOODE 18,SPOTTISWOODE PARK ROAD,02,7.74,6.43,8.13,28465.73245,28681.99167
2024Q4,SPOTTISWOODE 18,SPOTTISWOODE PARK ROAD,02,7.74,6.92,8.26,28465.73245,28681.99167
2024Q2,SPOTTISWOODE 18,SPOTTISWOODE PARK ROAD,02,8,6.9,8.26,28465.73245,28681.99167
2025Q1,SPOTTISWOODE 18,SPOTTISWOODE PARK ROAD,02,7.87,6.92,8.26,28465.73245,28681.99167
2026Q2,SPOTTISWOODE 18,SPOTTISWOODE PARK ROAD,02,8,6.72,8.26,28465.73245,28681.99167
2025Q4,SPOTTISWOODE 18,SPOTTISWOODE PARK ROAD,02,8,7.31,8.26,28465.73245,28681.99167
2026Q1,SPOTTISWOODE 18,SPOTTISWOODE PARK ROAD,02,8,7.02,8.26,28465.73245,28681.99167
2025Q2,SPOTTISWOODE 18,SPOTTISWOODE PARK ROAD,02,8,6.69,8.16,28465.73245,28681.99167
2025Q3,SPOTTISWOODE 18,SPOTTISWOODE PARK ROAD,02,8.13,7.48,8.26,28465.73245,28681.99167
2024Q3,ROBERTSON EDGE,TONG WATT ROAD,09,7.37,6.94,7.89,28796.34818,30601.72857
2024Q4,ROBERTSON EDGE,TONG WATT ROAD,09,7.37,6.89,7.84,28796.34818,30601.72857
2026Q2,ROBERTSON EDGE,TONG WATT ROAD,09,7.66,7.53,7.9,28796.34818,30601.72857
2025Q4,ROBERTSON EDGE,TONG WATT ROAD,09,7.78,6.92,7.85,28796.34818,30601.72857
2025Q3,ROBERTSON EDGE,TONG WATT ROAD,09,6.97,6.84,7.55,28796.34818,30601.72857
2023Q4,THOMSON EURO-ASIA,THOMSON ROAD,11,4.87,4.81,5.21,29274.05979,33359.89569
2025Q1,THOMSON EURO-ASIA,THOMSON ROAD,11,4.65,4.51,4.87,29274.05979,33359.89569
2024Q2,THOMSON EURO-ASIA,THOMSON ROAD,11,4.61,4.48,4.87,29274.05979,33359.89569
2026Q2,THOMSON EURO-ASIA,THOMSON ROAD,11,4.65,4.54,4.87,29274.05979,33359.89569
2025Q2,THOMSON EURO-ASIA,THOMSON ROAD,11,4.59,4.44,4.77,29274.05979,33359.89569
2025Q3,THOMSON EURO-ASIA,THOMSON ROAD,11,4.79,4.66,4.89,29274.05979,33359.89569
2023Q3,SOUTHBANK,NORTH BRIDGE ROAD,07,5.86,5.66,6.85,31441.67186,32065.4218
2023Q4,SOUTHBANK,NORTH BRIDGE ROAD,07,5.74,5.57,6.25,31441.67186,32065.4218
2024Q1,SOUTHBANK,NORTH BRIDGE ROAD,07,5.79,5.51,6.17,31441.67186,32065.4218
2024Q3,SOUTHBANK,NORTH BRIDGE ROAD,07,5.56,5.39,6.27,31441.67186,32065.4218
2024Q4,SOUTHBANK,NORTH BRIDGE ROAD,07,5.68,5.4,6.09,31441.67186,32065.4218
2024Q2,SOUTHBANK,NORTH BRIDGE ROAD,07,5.53,5.32,5.65,31441.67186,32065.4218
2025Q1,SOUTHBANK,NORTH BRIDGE ROAD,07,5.71,5.3,6.01,31441.67186,32065.4218
2026Q2,SOUTHBANK,NORTH BRIDGE ROAD,07,5.56,5.31,5.74,31441.67186,32065.4218
2025Q4,SOUTHBANK,NORTH BRIDGE ROAD,07,5.43,5.32,6.09,31441.67186,32065.4218
2026Q1,SOUTHBANK,NORTH BRIDGE ROAD,07,5.57,5.28,6.03,31441.67186,32065.4218
2025Q2,SOUTHBANK,NORTH BRIDGE ROAD,07,5.48,5.24,5.65,31441.67186,32065.4218
2025Q3,SOUTHBANK,NORTH BRIDGE ROAD,07,5.41,5.07,6.04,31441.67186,32065.4218
2023Q4,PARKVIEW APARTMENTS,BUKIT BATOK STREET 25,23,3.27,3.04,3.54,19921.21248,35909.00002
2024Q1,PARKVIEW APARTMENTS,BUKIT BATOK STREET 25,23,3.53,3.33,3.62,19921.21248,35909.00002
2023Q3,PARKVIEW APARTMENTS,BUKIT BATOK STREET 25,23,3.44,3.17,3.92,19921.21248,35909.00002
2024Q3,PARKVIEW APARTMENTS,BUKIT BATOK STREET 25,23,3.52,3.05,3.83,19921.21248,35909.00002
2024Q4,PARKVIEW APARTMENTS,BUKIT BATOK STREET 25,23,3.36,3.31,3.57,19921.21248,35909.00002
2024Q2,PARKVIEW APARTMENTS,BUKIT BATOK STREET 25,23,3.29,3.19,3.58,19921.21248,35909.00002
2025Q1,PARKVIEW APARTMENTS,BUKIT BATOK STREET 25,23,3.39,3.11,3.5,19921.21248,35909.00002
2026Q2,PARKVIEW APARTMENTS,BUKIT BATOK STREET 25,23,3.54,3.38,3.66,19921.21248,35909.00002
2025Q4,PARKVIEW APARTMENTS,BUKIT BATOK STREET 25,23,3.37,3.23,3.51,19921.21248,35909.00002
2026Q1,PARKVIEW APARTMENTS,BUKIT BATOK STREET 25,23,3.52,3.35,3.65,19921.21248,35909.00002
2025Q2,PARKVIEW APARTMENTS,BUKIT BATOK STREET 25,23,3.52,3.2,3.63,19921.21248,35909.00002
2025Q3,PARKVIEW APARTMENTS,BUKIT BATOK STREET 25,23,3.57,3.31,3.98,19921.21248,35909.00002
2026Q2,STUDIOS @ MARNE,MARNE ROAD,08,5.5,5.11,6.37,30617.47428,32811.0628
2023Q3,SOHO 188,RACE COURSE ROAD,08,6.77,5.93,7.84,30228.88262,32603.44631
2024Q4,SOHO 188,RACE COURSE ROAD,08,6.64,5.94,6.95,30228.88262,32603.44631
2026Q2,SOHO 188,RACE COURSE ROAD,08,6.6,6.34,7.58,30228.88262,32603.44631
2026Q1,SOHO 188,RACE COURSE ROAD,08,7.11,6.14,7.56,30228.88262,32603.44631
2023Q3,CENTRAL GROVE,GEYLANG EAST AVENUE 1,14,3.98,3.87,4.07,33678.00361,33158.57766
2024Q4,CENTRAL GROVE,GEYLANG EAST AVENUE 1,14,4.01,3.71,4.14,33678.00361,33158.57766
2026Q2,CENTRAL GROVE,GEYLANG EAST AVENUE 1,14,4.23,3.88,4.29,33678.00361,33158.57766
2025Q3,DUCHESS RESIDENCES,DUCHESS AVENUE,10,4.31,3.98,4.7,24459.70139,34037.50116
2024Q1,COASTLINE RESIDENCES,AMBER ROAD,15,6.73,6.24,7.52,35323.4763,31264.93813
2024Q3,COASTLINE RESIDENCES,AMBER ROAD,15,7.08,6.73,7.52,35323.4763,31264.93813
2024Q2,COASTLINE RESIDENCES,AMBER ROAD,15,6.38,6.05,6.66,35323.4763,31264.93813
2026Q1,COASTLINE RESIDENCES,AMBER ROAD,15,6.88,6.29,7.52,35323.4763,31264.93813
2025Q2,COASTLINE RESIDENCES,AMBER ROAD,15,6.93,6.36,7.41,35323.4763,31264.93813
2025Q3,COASTLINE RESIDENCES,AMBER ROAD,15,7.3,6.49,7.63,35323.4763,31264.93813
2026Q2,COASTLINE RESIDENCES,AMBER ROAD,15,6.62,6.37,7.12,35323.4763,31264.93813
2023Q4,ARCHIPELAGO,BEDOK RESERVOIR ROAD,16,4.5,3.77,4.95,37690.08258,35604.44778
2023Q3,ARCHIPELAGO,BEDOK RESERVOIR ROAD,16,4.62,4.09,4.9,37690.08258,35604.44778
2024Q1,ARCHIPELAGO,BEDOK RESERVOIR ROAD,16,4.77,4.39,5.36,37690.08258,35604.44778
2024Q4,ARCHIPELAGO,BEDOK RESERVOIR ROAD,16,4.53,4.29,4.71,37690.08258,35604.44778
2024Q2,ARCHIPELAGO,BEDOK RESERVOIR ROAD,16,4.55,4.17,4.85,37690.08258,35604.44778
2025Q1,ARCHIPELAGO,BEDOK RESERVOIR ROAD,16,4.65,4.29,4.76,37690.08258,35604.44778
2024Q3,ARCHIPELAGO,BEDOK RESERVOIR ROAD,16,4.83,4.29,5.4,37690.08258,35604.44778
2025Q4,ARCHIPELAGO,BEDOK RESERVOIR ROAD,16,4.56,4.24,5.07,37690.08258,35604.44778
2026Q1,ARCHIPELAGO,BEDOK RESERVOIR ROAD,16,4.83,4.48,5.5,37690.08258,35604.44778
2025Q2,ARCHIPELAGO,BEDOK RESERVOIR ROAD,16,4.71,4.45,5.3,37690.08258,35604.44778
2025Q3,ARCHIPELAGO,BEDOK RESERVOIR ROAD,16,4.62,4.3,4.84,37690.08258,35604.44778
2026Q2,ARCHIPELAGO,BEDOK RESERVOIR ROAD,16,4.65,4.39,5.5,37690.08258,35604.44778
2024Q1,CLEMENTI PARK,SUNSET HEIGHTS,21,3.18,2.89,3.27,20713.64483,34273.4512
2023Q4,CLEMENTI PARK,SUNSET HEIGHTS,21,3.27,3.02,3.75,20713.64483,34273.4512
2023Q3,CLEMENTI PARK,SUNSET HEIGHTS,21,3.27,2.82,3.69,20713.64483,34273.4512
2024Q3,CLEMENTI PARK,SUNSET HEIGHTS,21,3.02,2.7,3.34,20713.64483,34273.4512
2024Q4,CLEMENTI PARK,SUNSET HEIGHTS,21,2.99,2.86,3.17,20713.64483,34273.4512
2024Q2,CLEMENTI PARK,SUNSET HEIGHTS,21,3.04,2.77,3.25,20713.64483,34273.4512
2025Q1,CLEMENTI PARK,SUNSET HEIGHTS,21,3.16,3.02,3.38,20713.64483,34273.4512
2025Q4,CLEMENTI PARK,SUNSET HEIGHTS,21,3.19,3.02,3.31,20713.64483,34273.4512
2026Q1,CLEMENTI PARK,SUNSET HEIGHTS,21,3.11,2.88,3.33,20713.64483,34273.4512
2025Q2,CLEMENTI PARK,SUNSET HEIGHTS,21,3.08,2.79,3.2,20713.64483,34273.4512
2025Q3,CLEMENTI PARK,SUNSET HEIGHTS,21,3.17,2.92,3.38,20713.64483,34273.4512
2026Q2,CLEMENTI PARK,SUNSET HEIGHTS,21,2.9,2.78,3.19,20713.64483,34273.4512
2023Q3,SOPHIA RESIDENCE,SOPHIA ROAD,09,4.99,4.69,5.26,29740.94377,31455.61777
2023Q4,SOPHIA RESIDENCE,SOPHIA ROAD,09,4.98,4.67,6.12,29740.94377,31455.61777
2024Q1,SOPHIA RESIDENCE,SOPHIA ROAD,09,4.75,4.37,5.38,29740.94377,31455.61777
2024Q3,SOPHIA RESIDENCE,SOPHIA ROAD,09,5.21,4.64,5.59,29740.94377,31455.61777
2024Q4,SOPHIA RESIDENCE,SOPHIA ROAD,09,4.81,4.35,5.78,29740.94377,31455.61777
2024Q2,SOPHIA RESIDENCE,SOPHIA ROAD,09,4.96,4.4,5.66,29740.94377,31455.61777
2025Q1,SOPHIA RESIDENCE,SOPHIA ROAD,09,4.83,4.47,5.58,29740.94377,31455.61777
2026Q2,SOPHIA RESIDENCE,SOPHIA ROAD,09,5.36,4.82,5.81,29740.94377,31455.61777
2025Q4,SOPHIA RESIDENCE,SOPHIA ROAD,09,4.75,4.33,5.45,29740.94377,31455.61777
2026Q1,SOPHIA RESIDENCE,SOPHIA ROAD,09,4.73,4.42,5.52,29740.94377,31455.61777
2025Q2,SOPHIA RESIDENCE,SOPHIA ROAD,09,5,4.36,5.82,29740.94377,31455.61777
2025Q3,SOPHIA RESIDENCE,SOPHIA ROAD,09,4.59,4.32,5.33,29740.94377,31455.61777
2024Q1,LAKESIDE TOWER,YUAN CHING ROAD,22,2.23,2.08,2.33,15971.90492,35561.91233
2026Q2,LAKESIDE TOWER,YUAN CHING ROAD,22,2.28,1.94,2.41,15971.90492,35561.91233
2026Q2,WING FONG COURT,LORONG 14 GEYLANG,14,4.34,4.1,4.74,33057.14724,32660.93267
2023Q3,WATERFRONT ISLE,BEDOK RESERVOIR ROAD,16,4.73,4.44,5.41,38507.11293,35527.28909
2023Q4,WATERFRONT ISLE,BEDOK RESERVOIR ROAD,16,4.49,4.22,4.75,38507.11293,35527.28909
2024Q2,WATERFRONT ISLE,BEDOK RESERVOIR ROAD,16,4.41,4.17,4.78,38507.11293,35527.28909
2025Q1,WATERFRONT ISLE,BEDOK RESERVOIR ROAD,16,4.74,4.37,5.19,38507.11293,35527.28909
2024Q3,WATERFRONT ISLE,BEDOK RESERVOIR ROAD,16,4.32,4.15,4.62,38507.11293,35527.28909
2024Q4,WATERFRONT ISLE,BEDOK RESERVOIR ROAD,16,4.33,4.11,4.59,38507.11293,35527.28909
2025Q3,WATERFRONT ISLE,BEDOK RESERVOIR ROAD,16,4.42,4.23,5.05,38507.11293,35527.28909
2025Q4,WATERFRONT ISLE,BEDOK RESERVOIR ROAD,16,4.48,4.26,4.77,38507.11293,35527.28909
2024Q1,WATERFRONT ISLE,BEDOK RESERVOIR ROAD,16,4.48,4.21,5.18,38507.11293,35527.28909
2026Q1,WATERFRONT ISLE,BEDOK RESERVOIR ROAD,16,4.55,4.18,5.2,38507.11293,35527.28909
2025Q2,WATERFRONT ISLE,BEDOK RESERVOIR ROAD,16,4.58,4.37,5.25,38507.11293,35527.28909
2026Q2,WATERFRONT ISLE,BEDOK RESERVOIR ROAD,16,4.53,4.35,5.33,38507.11293,35527.28909
2023Q4,THE PEAK @ CAIRNHILL II,CAIRNHILL CIRCLE,09,6.33,5.79,6.49,28506.99187,32276.15459
2024Q3,THE PEAK @ CAIRNHILL II,CAIRNHILL CIRCLE,09,5.2,4.88,5.31,28506.99187,32276.15459
2026Q2,THE PEAK @ CAIRNHILL II,CAIRNHILL CIRCLE,09,5.19,5.07,5.37,28506.99187,32276.15459
2025Q4,THE PEAK @ CAIRNHILL II,CAIRNHILL CIRCLE,09,5.43,5.25,5.54,28506.99187,32276.15459
2023Q4,18 WOODSVILLE,WOODSVILLE CLOSE,13,5.03,4.42,5.86,31871.36676,34635.54476
2023Q3,18 WOODSVILLE,WOODSVILLE CLOSE,13,5.46,4.7,6.06,31871.36676,34635.54476
2024Q1,18 WOODSVILLE,WOODSVILLE CLOSE,13,5.14,4.49,5.61,31871.36676,34635.54476
2024Q4,18 WOODSVILLE,WOODSVILLE CLOSE,13,5.19,4.92,5.86,31871.36676,34635.54476
2024Q2,18 WOODSVILLE,WOODSVILLE CLOSE,13,5.86,5.33,6.06,31871.36676,34635.54476
2025Q1,18 WOODSVILLE,WOODSVILLE CLOSE,13,5.4,4.76,5.65,31871.36676,34635.54476
2024Q3,18 WOODSVILLE,WOODSVILLE CLOSE,13,5.12,4.7,5.96,31871.36676,34635.54476
2025Q4,18 WOODSVILLE,WOODSVILLE CLOSE,13,5.19,4.83,5.72,31871.36676,34635.54476
2026Q1,18 WOODSVILLE,WOODSVILLE CLOSE,13,5.6,5.05,6.16,31871.36676,34635.54476
2025Q2,18 WOODSVILLE,WOODSVILLE CLOSE,13,5.45,4.3,6.16,31871.36676,34635.54476
2025Q3,18 WOODSVILLE,WOODSVILLE CLOSE,13,5.68,5.05,5.86,31871.36676,34635.54476
2026Q2,18 WOODSVILLE,WOODSVILLE CLOSE,13,5.63,4.9,6.31,31871.36676,34635.54476
2024Q1,CASA CAMBIO,LIM TUA TOW ROAD,19,5.41,4.81,6.06,32777.03529,37351.55882
2023Q4,CASA CAMBIO,LIM TUA TOW ROAD,19,5.86,4.71,6.4,32777.03529,37351.55882
2023Q3,CASA CAMBIO,LIM TUA TOW ROAD,19,6.34,5.64,6.57,32777.03529,37351.55882
2024Q3,CASA CAMBIO,LIM TUA TOW ROAD,19,5.79,5.2,6.2,32777.03529,37351.55882
2024Q4,CASA CAMBIO,LIM TUA TOW ROAD,19,5.68,5.05,6.12,32777.03529,37351.55882
2024Q2,CASA CAMBIO,LIM TUA TOW ROAD,19,4.95,3.96,5.89,32777.03529,37351.55882
2025Q1,CASA CAMBIO,LIM TUA TOW ROAD,19,5.82,5.3,6.11,32777.03529,37351.55882
2025Q4,CASA CAMBIO,LIM TUA TOW ROAD,19,5.81,4.91,6.19,32777.03529,37351.55882
2026Q1,CASA CAMBIO,LIM TUA TOW ROAD,19,5.83,5.46,6.06,32777.03529,37351.55882
2025Q2,CASA CAMBIO,LIM TUA TOW ROAD,19,5.78,4.95,6.07,32777.03529,37351.55882
2025Q3,CASA CAMBIO,LIM TUA TOW ROAD,19,5.77,5.08,6.06,32777.03529,37351.55882
2026Q2,CASA CAMBIO,LIM TUA TOW ROAD,19,5.85,4.88,6.27,32777.03529,37351.55882
2023Q4,NORTH PARK RESIDENCES,YISHUN CENTRAL 1,27,5.72,5.37,6.39,28395.38179,45566.22373
2024Q1,NORTH PARK RESIDENCES,YISHUN CENTRAL 1,27,5.72,5.28,6.27,28395.38179,45566.22373
2023Q3,NORTH PARK RESIDENCES,YISHUN CENTRAL 1,27,5.72,5.28,6.16,28395.38179,45566.22373
2024Q3,NORTH PARK RESIDENCES,YISHUN CENTRAL 1,27,5.72,5.19,6.27,28395.38179,45566.22373
2024Q4,NORTH PARK RESIDENCES,YISHUN CENTRAL 1,27,5.86,5.24,6.27,28395.38179,45566.22373
2024Q2,NORTH PARK RESIDENCES,YISHUN CENTRAL 1,27,5.8,5.29,6.27,28395.38179,45566.22373
2025Q1,NORTH PARK RESIDENCES,YISHUN CENTRAL 1,27,5.77,5.33,6.5,28395.38179,45566.22373
2025Q4,NORTH PARK RESIDENCES,YISHUN CENTRAL 1,27,5.69,5.43,6.19,28395.38179,45566.22373
2026Q1,NORTH PARK RESIDENCES,YISHUN CENTRAL 1,27,5.96,5.43,6.4,28395.38179,45566.22373
2025Q2,NORTH PARK RESIDENCES,YISHUN CENTRAL 1,27,5.6,5.19,6.27,28395.38179,45566.22373
2025Q3,NORTH PARK RESIDENCES,YISHUN CENTRAL 1,27,5.64,5.19,6.08,28395.38179,45566.22373
2026Q2,NORTH PARK RESIDENCES,YISHUN CENTRAL 1,27,5.77,5.43,6.27,28395.38179,45566.22373
2023Q3,SIGLAP V,FIRST STREET,15,4.71,4.1,5.21,38076.76044,32801.97541
2023Q4,SIGLAP V,FIRST STREET,15,5.32,4.36,5.81,38076.76044,32801.97541
2024Q3,SIGLAP V,FIRST STREET,15,4.32,3.79,5.23,38076.76044,32801.97541
2024Q4,SIGLAP V,FIRST STREET,15,5.1,3.75,5.42,38076.76044,32801.97541
2025Q4,SIGLAP V,FIRST STREET,15,5.56,5.03,5.81,38076.76044,32801.97541
2025Q2,SIGLAP V,FIRST STREET,15,4.24,3.47,5.33,38076.76044,32801.97541
2025Q3,SIGLAP V,FIRST STREET,15,5.19,5.08,5.69,38076.76044,32801.97541
2023Q4,THE BAYRON,DEVONSHIRE ROAD,09,5.75,5.5,6.05,28477.79744,31123.05095
2024Q1,THE BAYRON,DEVONSHIRE ROAD,09,5.66,5.24,6.01,28477.79744,31123.05095
2024Q3,THE BAYRON,DEVONSHIRE ROAD,09,5.69,5.24,6.08,28477.79744,31123.05095
2024Q2,THE BAYRON,DEVONSHIRE ROAD,09,5.59,4.97,5.83,28477.79744,31123.05095
2023Q4,MIDTOWN RESIDENCES,UPPER SERANGOON ROAD,19,5.48,5.11,5.88,34869.94594,39185.0454
2024Q1,MIDTOWN RESIDENCES,UPPER SERANGOON ROAD,19,5.47,5.31,5.86,34869.94594,39185.0454
2023Q3,MIDTOWN RESIDENCES,UPPER SERANGOON ROAD,19,5.57,5.33,6.19,34869.94594,39185.0454
2024Q4,MIDTOWN RESIDENCES,UPPER SERANGOON ROAD,19,5.14,5.03,5.48,34869.94594,39185.0454
2024Q2,MIDTOWN RESIDENCES,UPPER SERANGOON ROAD,19,5.53,5.03,5.75,34869.94594,39185.0454
2025Q4,MIDTOWN RESIDENCES,UPPER SERANGOON ROAD,19,5.07,4.93,5.42,34869.94594,39185.0454
2025Q2,MIDTOWN RESIDENCES,UPPER SERANGOON ROAD,19,5.17,4.98,6.03,34869.94594,39185.0454
2025Q3,MIDTOWN RESIDENCES,UPPER SERANGOON ROAD,19,5.48,4.95,5.55,34869.94594,39185.0454
2026Q2,MIDTOWN RESIDENCES,UPPER SERANGOON ROAD,19,5.23,4.99,6.08,34869.94594,39185.0454
2024Q4,MON JERVOIS,JERVOIS ROAD,10,4.75,4.27,5.25,26756.10382,30708.41655
2023Q3,SAM KIANG MANSIONS,ST. THOMAS WALK,09,3.9,3.5,4.38,28233.00537,31203.38588
2023Q3,FOUR SEASONS PARK,CUSCADEN WALK,10,5.74,5.31,5.99,27383.96788,31805.62264
2024Q3,FOUR SEASONS PARK,CUSCADEN WALK,10,5.17,4.63,5.35,27383.96788,31805.62264
2024Q4,FOUR SEASONS PARK,CUSCADEN WALK,10,4.98,4.65,5.17,27383.96788,31805.62264
2024Q2,FOUR SEASONS PARK,CUSCADEN WALK,10,5.1,5.03,5.31,27383.96788,31805.62264
2025Q1,FOUR SEASONS PARK,CUSCADEN WALK,10,5.31,4.98,5.8,27383.96788,31805.62264
2025Q2,FOUR SEASONS PARK,CUSCADEN WALK,10,5.23,5.1,5.29,27383.96788,31805.62264
2025Q3,FOUR SEASONS PARK,CUSCADEN WALK,10,5.31,5.12,5.54,27383.96788,31805.62264
2026Q2,FOUR SEASONS PARK,CUSCADEN WALK,10,5.47,5,5.75,27383.96788,31805.62264
2024Q3,TANAMERA CREST,PARI DEDAP WALK,16,3.38,3.08,3.57,40148.2875,35004.45059
2026Q2,TANAMERA CREST,PARI DEDAP WALK,16,3.51,3.35,3.56,40148.2875,35004.45059
2025Q4,TANAMERA CREST,PARI DEDAP WALK,16,3.48,3.37,3.57,40148.2875,35004.45059
2025Q3,TANAMERA CREST,PARI DEDAP WALK,16,3.45,3.4,3.71,40148.2875,35004.45059
2024Q3,THE FOLIAGE,PASIR PANJANG ROAD,05,4.67,4.12,6.12,21424.11527,30372.28503
2025Q3,THE FOLIAGE,PASIR PANJANG ROAD,05,4.65,4.21,4.85,21424.11527,30372.28503
2024Q1,MACKENZIE 88,MACKENZIE ROAD,09,6.16,5.16,6.45,29591.87965,32095.99664
2025Q3,MACKENZIE 88,MACKENZIE ROAD,09,6.5,5.5,6.61,29591.87965,32095.99664
2025Q1,THE TIER,PEGU ROAD,12,5.83,5.56,5.95,29976.78682,33908.82431
2023Q4,PARC OASIS,JURONG EAST AVENUE 1,22,3.82,3.66,4.04,16881.81583,36268.05051
2024Q1,PARC OASIS,JURONG EAST AVENUE 1,22,3.63,3.32,3.88,16881.81583,36268.05051
2023Q3,PARC OASIS,JURONG EAST AVENUE 1,22,3.82,3.36,3.99,16881.81583,36268.05051
2024Q3,PARC OASIS,JURONG EAST AVENUE 1,22,3.63,3.44,3.76,16881.81583,36268.05051
2024Q4,PARC OASIS,JURONG EAST AVENUE 1,22,3.55,3.43,3.93,16881.81583,36268.05051
2024Q2,PARC OASIS,JURONG EAST AVENUE 1,22,3.62,3.33,3.79,16881.81583,36268.05051
2025Q1,PARC OASIS,JURONG EAST AVENUE 1,22,3.52,3.38,3.74,16881.81583,36268.05051
2025Q4,PARC OASIS,JURONG EAST AVENUE 1,22,3.82,3.65,3.99,16881.81583,36268.05051
2026Q1,PARC OASIS,JURONG EAST AVENUE 1,22,3.72,3.44,3.83,16881.81583,36268.05051
2025Q2,PARC OASIS,JURONG EAST AVENUE 1,22,3.63,3.45,3.82,16881.81583,36268.05051
2025Q3,PARC OASIS,JURONG EAST AVENUE 1,22,3.72,3.5,3.91,16881.81583,36268.05051
2026Q2,PARC OASIS,JURONG EAST AVENUE 1,22,3.83,3.59,4.06,16881.81583,36268.05051
2023Q3,TANGLIN PARK,RIDLEY PARK,10,4.81,4.53,5.13,25978.39609,31347.18006
2023Q4,TANGLIN PARK,RIDLEY PARK,10,4.88,4.54,5.19,25978.39609,31347.18006
2024Q1,TANGLIN PARK,RIDLEY PARK,10,4.73,4.3,4.97,25978.39609,31347.18006
2024Q3,TANGLIN PARK,RIDLEY PARK,10,4.52,4.31,4.82,25978.39609,31347.18006
2024Q4,TANGLIN PARK,RIDLEY PARK,10,4.83,4.32,5.28,25978.39609,31347.18006
2024Q2,TANGLIN PARK,RIDLEY PARK,10,4.73,4.29,4.84,25978.39609,31347.18006
2025Q1,TANGLIN PARK,RIDLEY PARK,10,4.65,4.28,5.03,25978.39609,31347.18006
2026Q2,TANGLIN PARK,RIDLEY PARK,10,4.84,4.54,5.13,25978.39609,31347.18006
2025Q4,TANGLIN PARK,RIDLEY PARK,10,4.93,4.54,5.23,25978.39609,31347.18006
2026Q1,TANGLIN PARK,RIDLEY PARK,10,4.71,4.49,4.88,25978.39609,31347.18006
2025Q2,TANGLIN PARK,RIDLEY PARK,10,4.66,4.51,4.84,25978.39609,31347.18006
2025Q3,TANGLIN PARK,RIDLEY PARK,10,4.69,4.48,4.88,25978.39609,31347.18006
2023Q3,SENNETT ESTATE,BUTTERFLY AVENUE,13,3.16,3.1,3.95,32812.5781598945,35148.1871442493
2026Q2,SENNETT ESTATE,BUTTERFLY AVENUE,13,4.08,3.95,4.7,32812.5781598945,35148.1871442493
2025Q3,SENNETT ESTATE,BUTTERFLY AVENUE,13,4.26,4.03,5.19,32812.5781598945,35148.1871442493
2023Q3,THE CORNWALL,CORNWALL GARDENS,10,5.23,4.7,5.36,24372.86421,32757.1245
2024Q1,THE CORNWALL,CORNWALL GARDENS,10,5.19,4.65,5.53,24372.86421,32757.1245
2025Q3,THE CORNWALL,CORNWALL GARDENS,10,5,4.65,5.44,24372.86421,32757.1245
2023Q4,THE RIVERINE BY THE PARK,KALLANG ROAD,12,4.75,4.62,5.1,32003.49216,32446.51411
2024Q3,THE RIVERINE BY THE PARK,KALLANG ROAD,12,5.03,4.59,5.29,32003.49216,32446.51411
2025Q4,THE RIVERINE BY THE PARK,KALLANG ROAD,12,4.73,4.59,4.92,32003.49216,32446.51411
2024Q1,THE MONTANA,JALAN MUTIARA,10,5.28,4.91,5.65,27535.30433,30963.16563
2024Q4,THE MONTANA,JALAN MUTIARA,10,5.12,4.44,6.12,27535.30433,30963.16563
2026Q1,THE MONTANA,JALAN MUTIARA,10,5.32,4.79,5.59,27535.30433,30963.16563
2025Q2,THE MONTANA,JALAN MUTIARA,10,5.25,4.87,5.49,27535.30433,30963.16563
2023Q4,THE BLOSSOMVALE,DUNEARN ROAD,21,4.32,3.86,4.53,22389.59157,35442.95414
2024Q3,THE BLOSSOMVALE,DUNEARN ROAD,21,4.08,3.86,4.35,22389.59157,35442.95414
2025Q4,THE BLOSSOMVALE,DUNEARN ROAD,21,4.23,4.13,4.54,22389.59157,35442.95414
2025Q3,THE BLOSSOMVALE,DUNEARN ROAD,21,4.07,3.79,4.14,22389.59157,35442.95414
2023Q3,NATHAN RESIDENCES,NATHAN ROAD,10,6.08,5.81,6.42,27320.53781,30780.52579
2024Q3,NATHAN RESIDENCES,NATHAN ROAD,10,5.91,5.76,6.06,27320.53781,30780.52579
2024Q2,NATHAN RESIDENCES,NATHAN ROAD,10,5.62,5.26,5.95,27320.53781,30780.52579
2025Q2,NATHAN RESIDENCES,NATHAN ROAD,10,5.66,5.55,5.94,27320.53781,30780.52579
2025Q3,NATHAN RESIDENCES,NATHAN ROAD,10,5.68,5.49,5.91,27320.53781,30780.52579
2023Q3,WOODGROVE CONDOMINIUM,WOODGROVE DRIVE,25,3.4,3.23,3.77,22403.57726,45674.11268
2024Q2,WOODGROVE CONDOMINIUM,WOODGROVE DRIVE,25,2.96,2.7,3.26,22403.57726,45674.11268
2024Q3,WOODGROVE CONDOMINIUM,WOODGROVE DRIVE,25,3.21,2.72,3.55,22403.57726,45674.11268
2025Q3,WOODGROVE CONDOMINIUM,WOODGROVE DRIVE,25,3.63,3.39,3.87,22403.57726,45674.11268
2025Q2,WOODGROVE CONDOMINIUM,WOODGROVE DRIVE,25,3.36,3.2,3.63,22403.57726,45674.11268
2026Q2,WOODGROVE CONDOMINIUM,WOODGROVE DRIVE,25,3.24,2.89,3.55,22403.57726,45674.11268
2024Q1,THE GARDEN RESIDENCES,SERANGOON NORTH VIEW,19,5.61,5.09,6.19,32185.18176,38633.70408
2023Q3,THE GARDEN RESIDENCES,SERANGOON NORTH VIEW,19,6.11,5.7,6.58,32185.18176,38633.70408
2023Q4,THE GARDEN RESIDENCES,SERANGOON NORTH VIEW,19,5.97,5.7,6.3,32185.18176,38633.70408
2024Q3,THE GARDEN RESIDENCES,SERANGOON NORTH VIEW,19,5.37,5.22,5.81,32185.18176,38633.70408
2024Q4,THE GARDEN RESIDENCES,SERANGOON NORTH VIEW,19,5.75,5.29,5.97,32185.18176,38633.70408
2024Q2,THE GARDEN RESIDENCES,SERANGOON NORTH VIEW,19,5.47,5.23,5.81,32185.18176,38633.70408
2025Q1,THE GARDEN RESIDENCES,SERANGOON NORTH VIEW,19,5.6,5.35,6.01,32185.18176,38633.70408
2026Q2,THE GARDEN RESIDENCES,SERANGOON NORTH VIEW,19,5.43,5.09,6.19,32185.18176,38633.70408
2025Q4,THE GARDEN RESIDENCES,SERANGOON NORTH VIEW,19,5.81,5.37,6.1,32185.18176,38633.70408
2026Q1,THE GARDEN RESIDENCES,SERANGOON NORTH VIEW,19,5.61,5.23,6.19,32185.18176,38633.70408
2025Q2,THE GARDEN RESIDENCES,SERANGOON NORTH VIEW,19,5.81,5.38,6.19,32185.18176,38633.70408
2025Q3,THE GARDEN RESIDENCES,SERANGOON NORTH VIEW,19,5.43,5.05,5.98,32185.18176,38633.70408
2023Q3,WATERSCAPE AT CAVENAGH,CAVENAGH ROAD,09,5.42,4.37,5.63,28857.75629,31832.55633
2023Q4,WATERSCAPE AT CAVENAGH,CAVENAGH ROAD,09,4.9,4.61,5.18,28857.75629,31832.55633
2024Q2,WATERSCAPE AT CAVENAGH,CAVENAGH ROAD,09,4.92,4.63,5.73,28857.75629,31832.55633
2025Q1,WATERSCAPE AT CAVENAGH,CAVENAGH ROAD,09,4.72,4.47,5.02,28857.75629,31832.55633
2024Q3,WATERSCAPE AT CAVENAGH,CAVENAGH ROAD,09,4.66,4.51,5.3,28857.75629,31832.55633
2024Q4,WATERSCAPE AT CAVENAGH,CAVENAGH ROAD,09,5.12,4.72,5.73,28857.75629,31832.55633
2025Q3,WATERSCAPE AT CAVENAGH,CAVENAGH ROAD,09,4.95,4.37,6.21,28857.75629,31832.55633
2025Q4,WATERSCAPE AT CAVENAGH,CAVENAGH ROAD,09,4.87,4.65,5.18,28857.75629,31832.55633
2024Q1,WATERSCAPE AT CAVENAGH,CAVENAGH ROAD,09,4.97,4.76,5.23,28857.75629,31832.55633
2026Q1,WATERSCAPE AT CAVENAGH,CAVENAGH ROAD,09,4.97,4.73,5.69,28857.75629,31832.55633
2025Q2,WATERSCAPE AT CAVENAGH,CAVENAGH ROAD,09,4.95,4.65,5.24,28857.75629,31832.55633
2026Q2,WATERSCAPE AT CAVENAGH,CAVENAGH ROAD,09,5.08,4.75,5.79,28857.75629,31832.55633
2023Q3,EIGHT COURTYARDS,CANBERRA DRIVE,27,3.86,3.6,4.18,27737.82292,46726.30833
2023Q4,EIGHT COURTYARDS,CANBERRA DRIVE,27,3.95,3.74,4.21,27737.82292,46726.30833
2024Q1,EIGHT COURTYARDS,CANBERRA DRIVE,27,3.96,3.72,4.28,27737.82292,46726.30833
2024Q3,EIGHT COURTYARDS,CANBERRA DRIVE,27,3.72,3.61,3.95,27737.82292,46726.30833
2024Q4,EIGHT COURTYARDS,CANBERRA DRIVE,27,3.92,3.77,4.18,27737.82292,46726.30833
2024Q2,EIGHT COURTYARDS,CANBERRA DRIVE,27,3.92,3.65,4.34,27737.82292,46726.30833
2025Q1,EIGHT COURTYARDS,CANBERRA DRIVE,27,3.92,3.72,4.07,27737.82292,46726.30833
2025Q4,EIGHT COURTYARDS,CANBERRA DRIVE,27,3.73,3.71,3.89,27737.82292,46726.30833
2026Q1,EIGHT COURTYARDS,CANBERRA DRIVE,27,3.87,3.78,3.95,27737.82292,46726.30833
2025Q2,EIGHT COURTYARDS,CANBERRA DRIVE,27,3.75,3.61,4.14,27737.82292,46726.30833
2025Q3,EIGHT COURTYARDS,CANBERRA DRIVE,27,3.89,3.74,4.19,27737.82292,46726.30833
2026Q2,EIGHT COURTYARDS,CANBERRA DRIVE,27,3.77,3.68,4.06,27737.82292,46726.30833
2023Q4,MARINA BAY RESIDENCES,MARINA BOULEVARD,01,7.58,7.08,7.99,30404.37277,29129.9433
2024Q1,MARINA BAY RESIDENCES,MARINA BOULEVARD,01,7.22,6.76,7.81,30404.37277,29129.9433
2023Q3,MARINA BAY RESIDENCES,MARINA BOULEVARD,01,7.49,7.04,7.98,30404.37277,29129.9433
2024Q3,MARINA BAY RESIDENCES,MARINA BOULEVARD,01,7.39,7,7.76,30404.37277,29129.9433
2024Q4,MARINA BAY RESIDENCES,MARINA BOULEVARD,01,7.26,6.88,7.74,30404.37277,29129.9433
2024Q2,MARINA BAY RESIDENCES,MARINA BOULEVARD,01,7.41,7.06,8.03,30404.37277,29129.9433
2025Q1,MARINA BAY RESIDENCES,MARINA BOULEVARD,01,7.6,6.98,8.33,30404.37277,29129.9433
2025Q4,MARINA BAY RESIDENCES,MARINA BOULEVARD,01,7.27,7,7.6,30404.37277,29129.9433
2026Q1,MARINA BAY RESIDENCES,MARINA BOULEVARD,01,7.51,7.17,8.06,30404.37277,29129.9433
2025Q2,MARINA BAY RESIDENCES,MARINA BOULEVARD,01,7.79,7.24,8.21,30404.37277,29129.9433
2025Q3,MARINA BAY RESIDENCES,MARINA BOULEVARD,01,7.67,7.08,8.07,30404.37277,29129.9433
2026Q2,MARINA BAY RESIDENCES,MARINA BOULEVARD,01,7.64,7.34,8.12,30404.37277,29129.9433
2023Q4,MANDARIN GARDENS,SIGLAP ROAD,15,3.53,3.34,4.24,38220.78033,32214.91617
2024Q1,MANDARIN GARDENS,SIGLAP ROAD,15,3.61,3.36,4,38220.78033,32214.91617
2023Q3,MANDARIN GARDENS,SIGLAP ROAD,15,3.82,3.25,4.13,38220.78033,32214.91617
2024Q3,MANDARIN GARDENS,SIGLAP ROAD,15,3.68,3.37,4.23,38220.78033,32214.91617
2024Q4,MANDARIN GARDENS,SIGLAP ROAD,15,3.99,3.55,4.37,38220.78033,32214.91617
2024Q2,MANDARIN GARDENS,SIGLAP ROAD,15,3.69,3.34,4.1,38220.78033,32214.91617
2025Q1,MANDARIN GARDENS,SIGLAP ROAD,15,3.68,3.27,4.1,38220.78033,32214.91617
2025Q4,MANDARIN GARDENS,SIGLAP ROAD,15,3.84,3.45,4.22,38220.78033,32214.91617
2026Q1,MANDARIN GARDENS,SIGLAP ROAD,15,3.69,3.44,4.2,38220.78033,32214.91617
2025Q2,MANDARIN GARDENS,SIGLAP ROAD,15,3.66,3.34,4.24,38220.78033,32214.91617
2025Q3,MANDARIN GARDENS,SIGLAP ROAD,15,3.86,3.37,4.3,38220.78033,32214.91617
2026Q2,MANDARIN GARDENS,SIGLAP ROAD,15,3.72,3.44,4.1,38220.78033,32214.91617
2023Q4,PANDAN VALLEY,PANDAN VALLEY,21,2.95,2.63,3.24,21814.58938,33407.3424
2024Q1,PANDAN VALLEY,PANDAN VALLEY,21,2.97,2.42,3.34,21814.58938,33407.3424
2023Q3,PANDAN VALLEY,PANDAN VALLEY,21,3,2.85,3.26,21814.58938,33407.3424
2024Q3,PANDAN VALLEY,PANDAN VALLEY,21,2.85,2.69,3.14,21814.58938,33407.3424
2024Q4,PANDAN VALLEY,PANDAN VALLEY,21,2.9,2.7,3.17,21814.58938,33407.3424
2024Q2,PANDAN VALLEY,PANDAN VALLEY,21,2.89,2.72,3.09,21814.58938,33407.3424
2025Q1,PANDAN VALLEY,PANDAN VALLEY,21,2.93,2.61,3.02,21814.58938,33407.3424
2025Q4,PANDAN VALLEY,PANDAN VALLEY,21,3.03,2.96,3.25,21814.58938,33407.3424
2026Q1,PANDAN VALLEY,PANDAN VALLEY,21,3.13,2.87,3.43,21814.58938,33407.3424
2025Q2,PANDAN VALLEY,PANDAN VALLEY,21,3.03,2.78,3.37,21814.58938,33407.3424
2025Q3,PANDAN VALLEY,PANDAN VALLEY,21,3.08,3,3.27,21814.58938,33407.3424
2026Q2,PANDAN VALLEY,PANDAN VALLEY,21,3.02,2.53,3.13,21814.58938,33407.3424
2024Q1,BOTANIC GARDENS VIEW,TAMAN SERASI,10,4.12,3.94,4.19,26515.18941,32328.43973
2023Q4,BOTANIC GARDENS VIEW,TAMAN SERASI,10,4.21,3.95,4.27,26515.18941,32328.43973
2024Q4,BOTANIC GARDENS VIEW,TAMAN SERASI,10,4.1,3.83,4.37,26515.18941,32328.43973
2024Q2,BOTANIC GARDENS VIEW,TAMAN SERASI,10,4.11,3.56,4.32,26515.18941,32328.43973
2024Q3,BOTANIC GARDENS VIEW,TAMAN SERASI,10,4.15,4.01,4.31,26515.18941,32328.43973
2025Q4,BOTANIC GARDENS VIEW,TAMAN SERASI,10,4.18,3.82,4.31,26515.18941,32328.43973
2025Q3,BOTANIC GARDENS VIEW,TAMAN SERASI,10,4.01,3.74,4.25,26515.18941,32328.43973
2023Q3,ADRIA,DERBYSHIRE ROAD,11,5.87,5.47,6.3,29448.48812,33198.83576
2024Q4,ADRIA,DERBYSHIRE ROAD,11,5.64,5.12,6.02,29448.48812,33198.83576
2025Q4,ADRIA,DERBYSHIRE ROAD,11,5.4,5.3,5.84,29448.48812,33198.83576
2026Q1,ADRIA,DERBYSHIRE ROAD,11,5.94,5.74,6.27,29448.48812,33198.83576
2025Q3,ADRIA,DERBYSHIRE ROAD,11,5.52,5.1,5.78,29448.48812,33198.83576
2023Q3,WATERFRONT KEY,BEDOK RESERVOIR ROAD,16,4.51,3.99,4.66,38837.8916,35472.35467
2024Q2,WATERFRONT KEY,BEDOK RESERVOIR ROAD,16,4.34,4,4.56,38837.8916,35472.35467
2025Q1,WATERFRONT KEY,BEDOK RESERVOIR ROAD,16,4.1,3.92,4.35,38837.8916,35472.35467
2024Q3,WATERFRONT KEY,BEDOK RESERVOIR ROAD,16,4.36,4.19,4.48,38837.8916,35472.35467
2025Q3,WATERFRONT KEY,BEDOK RESERVOIR ROAD,16,4.42,4.13,4.54,38837.8916,35472.35467
2024Q1,WATERFRONT KEY,BEDOK RESERVOIR ROAD,16,4.19,4.05,4.37,38837.8916,35472.35467
2026Q1,WATERFRONT KEY,BEDOK RESERVOIR ROAD,16,4.42,4.28,4.65,38837.8916,35472.35467
2025Q2,WATERFRONT KEY,BEDOK RESERVOIR ROAD,16,4.32,4.16,4.4,38837.8916,35472.35467
2026Q2,WATERFRONT KEY,BEDOK RESERVOIR ROAD,16,4.2,4.07,4.42,38837.8916,35472.35467
2023Q4,PALM GARDENS,HONG SAN WALK,23,3.12,2.97,3.32,18486.15509,39996.6643
2023Q3,PALM GARDENS,HONG SAN WALK,23,3.23,3.03,3.32,18486.15509,39996.6643
2024Q3,PALM GARDENS,HONG SAN WALK,23,3.19,2.9,3.31,18486.15509,39996.6643
2024Q4,PALM GARDENS,HONG SAN WALK,23,3.23,3.07,3.29,18486.15509,39996.6643
2024Q2,PALM GARDENS,HONG SAN WALK,23,3.15,3.06,3.22,18486.15509,39996.6643
2025Q2,PALM GARDENS,HONG SAN WALK,23,3.15,2.99,3.17,18486.15509,39996.6643
2026Q2,PALM GARDENS,HONG SAN WALK,23,3.16,3.1,3.25,18486.15509,39996.6643
2023Q3,SIMS URBAN OASIS,SIMS DRIVE,14,6.6,6.24,7.27,33323.43548,33602.33643
2023Q4,SIMS URBAN OASIS,SIMS DRIVE,14,6.61,6.25,7.13,33323.43548,33602.33643
2024Q1,SIMS URBAN OASIS,SIMS DRIVE,14,6.15,5.93,7.08,33323.43548,33602.33643
2024Q3,SIMS URBAN OASIS,SIMS DRIVE,14,6.36,6.01,6.87,33323.43548,33602.33643
2024Q4,SIMS URBAN OASIS,SIMS DRIVE,14,6.53,6.08,6.9,33323.43548,33602.33643
2024Q2,SIMS URBAN OASIS,SIMS DRIVE,14,5.95,5.69,6.46,33323.43548,33602.33643
2025Q1,SIMS URBAN OASIS,SIMS DRIVE,14,6.48,6.07,7.02,33323.43548,33602.33643
2026Q2,SIMS URBAN OASIS,SIMS DRIVE,14,6.25,5.84,7.02,33323.43548,33602.33643
2025Q4,SIMS URBAN OASIS,SIMS DRIVE,14,6.44,6.04,7.23,33323.43548,33602.33643
2026Q1,SIMS URBAN OASIS,SIMS DRIVE,14,6.4,5.99,6.89,33323.43548,33602.33643
2025Q2,SIMS URBAN OASIS,SIMS DRIVE,14,6.12,5.84,6.61,33323.43548,33602.33643
2025Q3,SIMS URBAN OASIS,SIMS DRIVE,14,6.27,5.83,6.8,33323.43548,33602.33643
2023Q3,SILVERSEA,MARINE PARADE ROAD,15,5.39,5.08,5.79,35773.41251,31380.26969
2023Q4,SILVERSEA,MARINE PARADE ROAD,15,5.43,5.15,5.8,35773.41251,31380.26969
2024Q1,SILVERSEA,MARINE PARADE ROAD,15,5.51,5.15,5.75,35773.41251,31380.26969
2024Q3,SILVERSEA,MARINE PARADE ROAD,15,5.42,4.99,5.58,35773.41251,31380.26969
2024Q4,SILVERSEA,MARINE PARADE ROAD,15,5.34,4.78,5.47,35773.41251,31380.26969
2024Q2,SILVERSEA,MARINE PARADE ROAD,15,5.44,5.1,5.58,35773.41251,31380.26969
2025Q1,SILVERSEA,MARINE PARADE ROAD,15,5.54,5.05,5.62,35773.41251,31380.26969
2026Q2,SILVERSEA,MARINE PARADE ROAD,15,5.42,5.36,5.78,35773.41251,31380.26969
2025Q4,SILVERSEA,MARINE PARADE ROAD,15,5.56,5.36,5.88,35773.41251,31380.26969
2026Q1,SILVERSEA,MARINE PARADE ROAD,15,5.72,5.49,6.1,35773.41251,31380.26969
2025Q2,SILVERSEA,MARINE PARADE ROAD,15,5.36,5,5.64,35773.41251,31380.26969
2025Q3,SILVERSEA,MARINE PARADE ROAD,15,5.59,5.39,5.93,35773.41251,31380.26969
2024Q3,LLOYD SIXTYFIVE,LLOYD ROAD,09,6.52,6.2,7.4,28616.50258,31065.00061
2024Q2,LLOYD SIXTYFIVE,LLOYD ROAD,09,6.5,5.97,7.39,28616.50258,31065.00061
2025Q4,LLOYD SIXTYFIVE,LLOYD ROAD,09,6.51,5.5,7.53,28616.50258,31065.00061
2026Q1,LLOYD SIXTYFIVE,LLOYD ROAD,09,5.91,5.78,6.21,28616.50258,31065.00061
2025Q2,LLOYD SIXTYFIVE,LLOYD ROAD,09,6.56,6.44,7.38,28616.50258,31065.00061
2023Q4,MELROSE PARK,KELLOCK ROAD,10,4.67,4.59,5.09,27684.57239,30628.56894
2024Q1,MELROSE PARK,KELLOCK ROAD,10,4.84,4.59,4.98,27684.57239,30628.56894
2023Q3,MELROSE PARK,KELLOCK ROAD,10,5.31,5.17,5.57,27684.57239,30628.56894
2024Q3,MELROSE PARK,KELLOCK ROAD,10,4.83,4.28,5,27684.57239,30628.56894
2025Q1,MELROSE PARK,KELLOCK ROAD,10,5,4.73,5.31,27684.57239,30628.56894
2025Q4,MELROSE PARK,KELLOCK ROAD,10,5.18,4.98,5.38,27684.57239,30628.56894
2026Q1,MELROSE PARK,KELLOCK ROAD,10,5.12,4.94,5.24,27684.57239,30628.56894
2025Q2,MELROSE PARK,KELLOCK ROAD,10,4.78,4.56,5.26,27684.57239,30628.56894
2025Q3,MELROSE PARK,KELLOCK ROAD,10,5.13,4.83,5.32,27684.57239,30628.56894
2023Q4,ONE AMBER,AMBER GARDENS,15,4.9,4.65,5.22,35326.10155,31599.39306
2024Q1,ONE AMBER,AMBER GARDENS,15,4.7,4.49,4.92,35326.10155,31599.39306
2023Q3,ONE AMBER,AMBER GARDENS,15,4.71,4.5,5.4,35326.10155,31599.39306
2024Q3,ONE AMBER,AMBER GARDENS,15,4.68,4.39,5.27,35326.10155,31599.39306
2024Q4,ONE AMBER,AMBER GARDENS,15,4.72,4.49,5.22,35326.10155,31599.39306
2024Q2,ONE AMBER,AMBER GARDENS,15,4.71,4.45,5.22,35326.10155,31599.39306
2025Q1,ONE AMBER,AMBER GARDENS,15,4.83,4.58,5.23,35326.10155,31599.39306
2025Q4,ONE AMBER,AMBER GARDENS,15,4.87,4.74,5.22,35326.10155,31599.39306
2026Q1,ONE AMBER,AMBER GARDENS,15,4.87,4.65,5.32,35326.10155,31599.39306
2025Q2,ONE AMBER,AMBER GARDENS,15,5,4.5,5.32,35326.10155,31599.39306
2025Q3,ONE AMBER,AMBER GARDENS,15,4.92,4.52,5.32,35326.10155,31599.39306
2026Q2,ONE AMBER,AMBER GARDENS,15,5.02,4.76,5.32,35326.10155,31599.39306
2025Q4,CHERRYLOFT,RANGOON ROAD,08,7.3,6.97,7.3,,
2026Q1,CHERRYLOFT,RANGOON ROAD,08,7.8,7.38,7.96,,
2025Q3,CHERRYLOFT,RANGOON ROAD,08,7.38,7.22,7.63,,
2023Q4,STARLIGHT SUITES,RIVER VALLEY CLOSE,09,5.88,5.29,6.43,28432.31899,30670.78738
2023Q3,STARLIGHT SUITES,RIVER VALLEY CLOSE,09,6.47,6.35,6.79,28432.31899,30670.78738
2024Q1,STARLIGHT SUITES,RIVER VALLEY CLOSE,09,6,5.85,6.66,28432.31899,30670.78738
2024Q3,STARLIGHT SUITES,RIVER VALLEY CLOSE,09,6.19,5.81,6.43,28432.31899,30670.78738
2024Q4,STARLIGHT SUITES,RIVER VALLEY CLOSE,09,5.81,5.41,6.24,28432.31899,30670.78738
2024Q2,STARLIGHT SUITES,RIVER VALLEY CLOSE,09,5.48,5.16,6.52,28432.31899,30670.78738
2026Q2,STARLIGHT SUITES,RIVER VALLEY CLOSE,09,5.81,5.44,6.5,28432.31899,30670.78738
2025Q4,STARLIGHT SUITES,RIVER VALLEY CLOSE,09,5.91,5.63,6.3,28432.31899,30670.78738
2026Q1,STARLIGHT SUITES,RIVER VALLEY CLOSE,09,5.97,5.76,6.63,28432.31899,30670.78738
2025Q2,STARLIGHT SUITES,RIVER VALLEY CLOSE,09,5.91,5.8,6.79,28432.31899,30670.78738
2025Q3,STARLIGHT SUITES,RIVER VALLEY CLOSE,09,5.68,5.53,6.19,28432.31899,30670.78738
2023Q4,RV ALTITUDE,RIVER VALLEY ROAD,09,8.06,7.63,8.84,28197.35641,30998.95114
2024Q1,RV ALTITUDE,RIVER VALLEY ROAD,09,7.62,7.41,7.99,28197.35641,30998.95114
2024Q4,RV ALTITUDE,RIVER VALLEY ROAD,09,8.16,7.69,8.84,28197.35641,30998.95114
2024Q2,RV ALTITUDE,RIVER VALLEY ROAD,09,8.15,7.21,8.49,28197.35641,30998.95114
2025Q1,RV ALTITUDE,RIVER VALLEY ROAD,09,7.69,7.58,7.94,28197.35641,30998.95114
2026Q2,RV ALTITUDE,RIVER VALLEY ROAD,09,7.92,7.6,8.67,28197.35641,30998.95114
2025Q4,RV ALTITUDE,RIVER VALLEY ROAD,09,7.96,7.61,8.72,28197.35641,30998.95114
2026Q1,RV ALTITUDE,RIVER VALLEY ROAD,09,7.8,7.55,7.89,28197.35641,30998.95114
2025Q2,RV ALTITUDE,RIVER VALLEY ROAD,09,7.87,7.49,8.72,28197.35641,30998.95114
2025Q3,RV ALTITUDE,RIVER VALLEY ROAD,09,7.99,7.49,8.44,28197.35641,30998.95114
2023Q3,CASA FORTUNA,AH HOOD ROAD,12,5.93,4.68,6.13,29682.9951,34515.8734
2024Q3,CASA FORTUNA,AH HOOD ROAD,12,4.41,4.07,5.68,29682.9951,34515.8734
2024Q4,CASA FORTUNA,AH HOOD ROAD,12,5.73,4.29,6.03,29682.9951,34515.8734
2025Q1,CASA FORTUNA,AH HOOD ROAD,12,5.02,4.07,5.88,29682.9951,34515.8734
2025Q3,CASA FORTUNA,AH HOOD ROAD,12,5.73,4.45,5.93,29682.9951,34515.8734
2023Q4,MEADOWS @ PEIRCE,UPPER THOMSON ROAD,26,3.46,3.03,3.66,27352.72247,40360.08956
2024Q1,MEADOWS @ PEIRCE,UPPER THOMSON ROAD,26,3.27,2.93,3.73,27352.72247,40360.08956
2023Q3,MEADOWS @ PEIRCE,UPPER THOMSON ROAD,26,3.48,2.81,3.8,27352.72247,40360.08956
2024Q3,MEADOWS @ PEIRCE,UPPER THOMSON ROAD,26,3.52,3.35,4.57,27352.72247,40360.08956
2024Q4,MEADOWS @ PEIRCE,UPPER THOMSON ROAD,26,3.6,3.3,3.83,27352.72247,40360.08956
2024Q2,MEADOWS @ PEIRCE,UPPER THOMSON ROAD,26,3.8,3.36,4.38,27352.72247,40360.08956
2025Q1,MEADOWS @ PEIRCE,UPPER THOMSON ROAD,26,3.4,3.24,3.58,27352.72247,40360.08956
2025Q4,MEADOWS @ PEIRCE,UPPER THOMSON ROAD,26,3.6,3.02,4,27352.72247,40360.08956
2026Q1,MEADOWS @ PEIRCE,UPPER THOMSON ROAD,26,3.46,3.15,3.83,27352.72247,40360.08956
2025Q2,MEADOWS @ PEIRCE,UPPER THOMSON ROAD,26,3.62,3.27,4.37,27352.72247,40360.08956
2025Q3,MEADOWS @ PEIRCE,UPPER THOMSON ROAD,26,3.26,2.64,3.53,27352.72247,40360.08956
2026Q2,MEADOWS @ PEIRCE,UPPER THOMSON ROAD,26,4.02,3.38,4.53,27352.72247,40360.08956
2024Q1,THE GRANGE,GRANGE GARDEN,10,5.64,5.48,5.98,26983.72366,31530.53649
2023Q4,THE GRANGE,GRANGE GARDEN,10,5.38,5.02,5.67,26983.72366,31530.53649
2025Q4,THE GRANGE,GRANGE GARDEN,10,5.1,4.91,5.33,26983.72366,31530.53649
2024Q3,LIV ON WILKIE,WILKIE TERRACE,09,5.37,3.77,6.95,29717.94986,31678.09015
2024Q2,LIV ON WILKIE,WILKIE TERRACE,09,6.35,5.61,7.04,29717.94986,31678.09015
2025Q2,LIV ON WILKIE,WILKIE TERRACE,09,6.36,5.68,7.15,29717.94986,31678.09015
2023Q4,LOTUS AT PAYA LEBAR (EAST WING),PAYA LEBAR ROAD,14,4.22,3.66,5.13,34489.86064,33121.03891
2024Q1,LOTUS AT PAYA LEBAR (EAST WING),PAYA LEBAR ROAD,14,4.52,4,5.76,34489.86064,33121.03891
2023Q3,LOTUS AT PAYA LEBAR (EAST WING),PAYA LEBAR ROAD,14,5.94,4.34,7.66,34489.86064,33121.03891
2024Q3,LOTUS AT PAYA LEBAR (EAST WING),PAYA LEBAR ROAD,14,5.55,4.2,5.9,34489.86064,33121.03891
2024Q4,LOTUS AT PAYA LEBAR (EAST WING),PAYA LEBAR ROAD,14,3.79,3.21,3.94,34489.86064,33121.03891
2024Q2,LOTUS AT PAYA LEBAR (EAST WING),PAYA LEBAR ROAD,14,5.13,3.99,5.71,34489.86064,33121.03891
2025Q1,LOTUS AT PAYA LEBAR (EAST WING),PAYA LEBAR ROAD,14,4.17,3.91,5.23,34489.86064,33121.03891
2025Q4,LOTUS AT PAYA LEBAR (EAST WING),PAYA LEBAR ROAD,14,3.99,3.47,5.06,34489.86064,33121.03891
2026Q1,LOTUS AT PAYA LEBAR (EAST WING),PAYA LEBAR ROAD,14,4.11,3.97,5.25,34489.86064,33121.03891
2025Q3,LOTUS AT PAYA LEBAR (EAST WING),PAYA LEBAR ROAD,14,4.46,3.88,5.4,34489.86064,33121.03891
2026Q2,LOTUS AT PAYA LEBAR (EAST WING),PAYA LEBAR ROAD,14,5.24,4.03,5.93,34489.86064,33121.03891
2023Q3,GARDENVISTA,DUNEARN ROAD,21,5.08,4.69,5.49,22129.05861,35575.58633
2024Q3,GARDENVISTA,DUNEARN ROAD,21,4.69,4.38,5.02,22129.05861,35575.58633
2024Q4,GARDENVISTA,DUNEARN ROAD,21,4.51,4.43,4.69,22129.05861,35575.58633
2024Q2,GARDENVISTA,DUNEARN ROAD,21,4.52,4.33,4.76,22129.05861,35575.58633
2025Q1,GARDENVISTA,DUNEARN ROAD,21,4.7,4.49,4.88,22129.05861,35575.58633
2025Q3,GARDENVISTA,DUNEARN ROAD,21,4.75,4.52,5.03,22129.05861,35575.58633
2026Q2,GARDENVISTA,DUNEARN ROAD,21,4.69,4.36,4.76,22129.05861,35575.58633
2023Q3,JARDIN,DUNEARN ROAD,21,4.51,4.37,5.08,22087.7216,35545.76598
2024Q3,JARDIN,DUNEARN ROAD,21,4.25,4.07,4.41,22087.7216,35545.76598
2024Q1,THE PETALS,HILLVIEW AVENUE,23,3.13,2.99,3.31,19923.76793,37240.69949
2023Q3,THE PETALS,HILLVIEW AVENUE,23,3.37,3.19,3.61,19923.76793,37240.69949
2024Q3,THE PETALS,HILLVIEW AVENUE,23,3.01,2.92,3.19,19923.76793,37240.69949
2025Q3,THE PETALS,HILLVIEW AVENUE,23,3.24,3.18,3.37,19923.76793,37240.69949
2023Q3,THE ARTE,JALAN RAJA UDANG,12,4.03,3.93,4.23,29003.74366,34518.13733
2023Q4,THE ARTE,JALAN RAJA UDANG,12,3.93,3.71,4.17,29003.74366,34518.13733
2024Q3,THE ARTE,JALAN RAJA UDANG,12,3.94,3.68,4.18,29003.74366,34518.13733
2024Q4,THE ARTE,JALAN RAJA UDANG,12,3.95,3.64,4.1,29003.74366,34518.13733
2024Q2,THE ARTE,JALAN RAJA UDANG,12,3.81,3.66,4.15,29003.74366,34518.13733
2025Q1,THE ARTE,JALAN RAJA UDANG,12,3.9,3.63,4.27,29003.74366,34518.13733
2026Q2,THE ARTE,JALAN RAJA UDANG,12,3.98,3.74,4.27,29003.74366,34518.13733
2025Q4,THE ARTE,JALAN RAJA UDANG,12,4,3.71,4.27,29003.74366,34518.13733
2026Q1,THE ARTE,JALAN RAJA UDANG,12,3.8,3.58,4.2,29003.74366,34518.13733
2025Q2,THE ARTE,JALAN RAJA UDANG,12,3.73,3.63,4.07,29003.74366,34518.13733
2025Q3,THE ARTE,JALAN RAJA UDANG,12,3.6,3.57,4.27,29003.74366,34518.13733
2026Q2,TEMBUSU GRAND,JALAN TEMBUSU,15,6.36,6.06,6.74,,
2026Q1,TEMBUSU GRAND,JALAN TEMBUSU,15,6.54,5.96,7.02,,
2023Q3,THE SCOTTS TOWER,SCOTTS ROAD,09,7.01,6.66,7.7,28250.81655,32485.45173
2023Q4,THE SCOTTS TOWER,SCOTTS ROAD,09,7.17,6.52,7.77,28250.81655,32485.45173
2024Q1,THE SCOTTS TOWER,SCOTTS ROAD,09,7.12,6.72,7.96,28250.81655,32485.45173
2024Q3,THE SCOTTS TOWER,SCOTTS ROAD,09,7.19,6.63,7.73,28250.81655,32485.45173
2024Q4,THE SCOTTS TOWER,SCOTTS ROAD,09,6.59,6.08,7.21,28250.81655,32485.45173
2024Q2,THE SCOTTS TOWER,SCOTTS ROAD,09,6.87,6.22,7.66,28250.81655,32485.45173
2025Q1,THE SCOTTS TOWER,SCOTTS ROAD,09,6.64,6.29,7.15,28250.81655,32485.45173
2025Q4,THE SCOTTS TOWER,SCOTTS ROAD,09,6.52,6.17,6.91,28250.81655,32485.45173
2026Q2,THE SCOTTS TOWER,SCOTTS ROAD,09,6.5,6.24,6.97,28250.81655,32485.45173
2026Q1,THE SCOTTS TOWER,SCOTTS ROAD,09,6.65,6.35,6.87,28250.81655,32485.45173
2025Q2,THE SCOTTS TOWER,SCOTTS ROAD,09,6.59,6.27,6.99,28250.81655,32485.45173
2025Q3,THE SCOTTS TOWER,SCOTTS ROAD,09,6.29,6.1,6.74,28250.81655,32485.45173
2025Q4,FLORAVIEW,ANG MO KIO STREET 66,20,4.31,4.07,4.8,29930.68756,41499.83695
2023Q3,WATERFORD RESIDENCE,KIM YAM ROAD,09,5.61,5.02,5.87,28730.54082,30721.64751
2023Q4,WATERFORD RESIDENCE,KIM YAM ROAD,09,5.58,5.3,5.92,28730.54082,30721.64751
2025Q1,WATERFORD RESIDENCE,KIM YAM ROAD,09,5.44,5.23,5.64,28730.54082,30721.64751
2024Q3,WATERFORD RESIDENCE,KIM YAM ROAD,09,5.21,5.06,5.54,28730.54082,30721.64751
2024Q4,WATERFORD RESIDENCE,KIM YAM ROAD,09,5.38,5.16,5.43,28730.54082,30721.64751
2025Q3,WATERFORD RESIDENCE,KIM YAM ROAD,09,5.42,5.08,5.56,28730.54082,30721.64751
2025Q4,WATERFORD RESIDENCE,KIM YAM ROAD,09,5.41,5.26,5.66,28730.54082,30721.64751
2024Q1,WATERFORD RESIDENCE,KIM YAM ROAD,09,5.5,4.9,5.75,28730.54082,30721.64751
2026Q1,WATERFORD RESIDENCE,KIM YAM ROAD,09,5.48,5.36,5.79,28730.54082,30721.64751
2023Q4,PALM SPRING,EWE BOON ROAD,10,4.27,3.97,4.36,27752.9159,33290.51534
2023Q3,PALM SPRING,EWE BOON ROAD,10,4.03,3.9,4.62,27752.9159,33290.51534
2025Q1,PALM SPRING,EWE BOON ROAD,10,3.96,3.74,4.28,27752.9159,33290.51534
2025Q3,PALM SPRING,EWE BOON ROAD,10,4.06,3.96,4.42,27752.9159,33290.51534
2023Q3,SKY@ELEVEN,THOMSON LANE,11,4.72,4.62,4.98,28926.79663,34881.83545
2023Q4,SKY@ELEVEN,THOMSON LANE,11,4.61,4.36,4.77,28926.79663,34881.83545
2024Q1,SKY@ELEVEN,THOMSON LANE,11,4.26,4.21,4.59,28926.79663,34881.83545
2024Q3,SKY@ELEVEN,THOMSON LANE,11,4.43,4.25,4.72,28926.79663,34881.83545
2024Q4,SKY@ELEVEN,THOMSON LANE,11,4.33,4.15,4.74,28926.79663,34881.83545
2025Q1,SKY@ELEVEN,THOMSON LANE,11,4.4,4.29,4.42,28926.79663,34881.83545
2026Q2,SKY@ELEVEN,THOMSON LANE,11,4.32,4.22,4.63,28926.79663,34881.83545
2025Q4,SKY@ELEVEN,THOMSON LANE,11,4.42,4.03,4.73,28926.79663,34881.83545
2026Q1,SKY@ELEVEN,THOMSON LANE,11,4.42,4.24,4.93,28926.79663,34881.83545
2025Q3,SKY@ELEVEN,THOMSON LANE,11,4.52,4.38,4.67,28926.79663,34881.83545
2024Q1,NEWTON EDGE,MAKEWAY AVENUE,09,5.11,4.96,6.22,28968.87797,32760.17746
2023Q3,NEWTON EDGE,MAKEWAY AVENUE,09,5.62,5.21,6.31,28968.87797,32760.17746
2024Q3,NEWTON EDGE,MAKEWAY AVENUE,09,4.95,4.48,5.31,28968.87797,32760.17746
2024Q4,NEWTON EDGE,MAKEWAY AVENUE,09,5.11,4.84,5.28,28968.87797,32760.17746
2025Q1,NEWTON EDGE,MAKEWAY AVENUE,09,5.39,5.12,6.06,28968.87797,32760.17746
2026Q1,NEWTON EDGE,MAKEWAY AVENUE,09,5.31,4.98,5.9,28968.87797,32760.17746
2025Q3,NEWTON EDGE,MAKEWAY AVENUE,09,5.31,5.11,5.93,28968.87797,32760.17746
2026Q2,NEWTON EDGE,MAKEWAY AVENUE,09,5.37,4.94,5.81,28968.87797,32760.17746
2024Q1,COTE D'AZUR,MARINE PARADE ROAD,15,4.59,4.4,4.78,35857.01541,31386.24555
2023Q4,COTE D'AZUR,MARINE PARADE ROAD,15,4.45,4.21,4.57,35857.01541,31386.24555
2023Q3,COTE D'AZUR,MARINE PARADE ROAD,15,4.53,4.33,4.76,35857.01541,31386.24555
2024Q3,COTE D'AZUR,MARINE PARADE ROAD,15,4.55,4.33,4.86,35857.01541,31386.24555
2024Q4,COTE D'AZUR,MARINE PARADE ROAD,15,4.68,4.42,5.16,35857.01541,31386.24555
2024Q2,COTE D'AZUR,MARINE PARADE ROAD,15,4.56,4.26,4.72,35857.01541,31386.24555
2025Q1,COTE D'AZUR,MARINE PARADE ROAD,15,4.69,4.49,4.9,35857.01541,31386.24555
2025Q4,COTE D'AZUR,MARINE PARADE ROAD,15,4.65,4.46,4.76,35857.01541,31386.24555
2026Q1,COTE D'AZUR,MARINE PARADE ROAD,15,4.69,4.54,4.85,35857.01541,31386.24555
2025Q2,COTE D'AZUR,MARINE PARADE ROAD,15,4.62,4.33,4.87,35857.01541,31386.24555
2025Q3,COTE D'AZUR,MARINE PARADE ROAD,15,4.76,4.53,4.88,35857.01541,31386.24555
2026Q2,COTE D'AZUR,MARINE PARADE ROAD,15,4.68,4.57,4.84,35857.01541,31386.24555
2023Q4,EAST MEADOWS,TANAH MERAH KECHIL ROAD,16,3.85,3.61,3.93,40401.31014,34548.40343
2024Q1,EAST MEADOWS,TANAH MERAH KECHIL ROAD,16,3.77,3.6,3.84,40401.31014,34548.40343
2023Q3,EAST MEADOWS,TANAH MERAH KECHIL ROAD,16,3.72,3.48,3.95,40401.31014,34548.40343
2024Q3,EAST MEADOWS,TANAH MERAH KECHIL ROAD,16,3.56,3.45,3.65,40401.31014,34548.40343
2024Q4,EAST MEADOWS,TANAH MERAH KECHIL ROAD,16,3.64,3.56,3.85,40401.31014,34548.40343
2024Q2,EAST MEADOWS,TANAH MERAH KECHIL ROAD,16,3.65,3.43,3.77,40401.31014,34548.40343
2025Q1,EAST MEADOWS,TANAH MERAH KECHIL ROAD,16,3.62,3.42,3.77,40401.31014,34548.40343
2026Q1,EAST MEADOWS,TANAH MERAH KECHIL ROAD,16,3.7,3.6,3.78,40401.31014,34548.40343
2025Q2,EAST MEADOWS,TANAH MERAH KECHIL ROAD,16,3.7,3.64,3.88,40401.31014,34548.40343
2025Q3,EAST MEADOWS,TANAH MERAH KECHIL ROAD,16,3.78,3.72,3.9,40401.31014,34548.40343
2026Q2,EAST MEADOWS,TANAH MERAH KECHIL ROAD,16,3.66,3.48,3.77,40401.31014,34548.40343
2023Q3,ONZE @ TANJONG PAGAR,KEE SENG STREET,02,6.88,5.11,7.31,28994.75764,28599.65406
2023Q3,NOTTINGHILL SUITES,TOH TUCK ROAD,21,6.54,5.65,6.9,20867.9359,35678.23923
2024Q3,NOTTINGHILL SUITES,TOH TUCK ROAD,21,5.93,5.52,6.78,20867.9359,35678.23923
2024Q4,NOTTINGHILL SUITES,TOH TUCK ROAD,21,6.28,5.33,6.84,20867.9359,35678.23923
2024Q2,NOTTINGHILL SUITES,TOH TUCK ROAD,21,6.28,6.15,6.9,20867.9359,35678.23923
2025Q1,NOTTINGHILL SUITES,TOH TUCK ROAD,21,6.53,6.04,6.59,20867.9359,35678.23923
2025Q4,NOTTINGHILL SUITES,TOH TUCK ROAD,21,6.53,6.34,6.97,20867.9359,35678.23923
2026Q1,NOTTINGHILL SUITES,TOH TUCK ROAD,21,6.53,6.43,6.54,20867.9359,35678.23923
2025Q2,NOTTINGHILL SUITES,TOH TUCK ROAD,21,6.53,6.03,6.65,20867.9359,35678.23923
2025Q3,NOTTINGHILL SUITES,TOH TUCK ROAD,21,6.28,5.42,6.72,20867.9359,35678.23923
2026Q2,NOTTINGHILL SUITES,TOH TUCK ROAD,21,6.47,6.28,6.53,20867.9359,35678.23923
2024Q3,CENTRA STUDIOS,LORONG 25 GEYLANG,14,6.36,6,7.26,33447.11082,32959.78725
2025Q1,CENTRA STUDIOS,LORONG 25 GEYLANG,14,6.98,6.52,7.48,33447.11082,32959.78725
2024Q1,THE MILTONIA RESIDENCES,MILTONIA CLOSE,27,3.62,2.96,4.22,29720.66804,44375.0843
2023Q3,THE MILTONIA RESIDENCES,MILTONIA CLOSE,27,3.77,3.29,4.35,29720.66804,44375.0843
2023Q4,THE MILTONIA RESIDENCES,MILTONIA CLOSE,27,3.98,3.64,4.27,29720.66804,44375.0843
2024Q3,THE MILTONIA RESIDENCES,MILTONIA CLOSE,27,3.5,3.37,3.82,29720.66804,44375.0843
2024Q4,THE MILTONIA RESIDENCES,MILTONIA CLOSE,27,3.58,3.29,3.84,29720.66804,44375.0843
2024Q2,THE MILTONIA RESIDENCES,MILTONIA CLOSE,27,3.83,3.81,4.06,29720.66804,44375.0843
2025Q1,THE MILTONIA RESIDENCES,MILTONIA CLOSE,27,3.56,3.36,3.8,29720.66804,44375.0843
2026Q2,THE MILTONIA RESIDENCES,MILTONIA CLOSE,27,3.63,3.35,3.92,29720.66804,44375.0843
2025Q4,THE MILTONIA RESIDENCES,MILTONIA CLOSE,27,3.58,3.21,3.91,29720.66804,44375.0843
2026Q1,THE MILTONIA RESIDENCES,MILTONIA CLOSE,27,3.46,3.23,3.92,29720.66804,44375.0843
2025Q2,THE MILTONIA RESIDENCES,MILTONIA CLOSE,27,3.5,3.27,3.78,29720.66804,44375.0843
2025Q3,THE MILTONIA RESIDENCES,MILTONIA CLOSE,27,3.66,3.41,4.18,29720.66804,44375.0843
2026Q1,LENTOR MODERN,LENTOR CENTRAL,26,5.74,5.48,6.07,28128.6629875105,40838.8617106869
2026Q2,LENTOR MODERN,LENTOR CENTRAL,26,5.56,5.33,5.88,28128.6629875105,40838.8617106869
2023Q4,ONE DUSUN RESIDENCES,JALAN DUSUN,12,6.38,6,6.68,29145.38982,34360.94909
2024Q1,ONE DUSUN RESIDENCES,JALAN DUSUN,12,5.66,5.31,5.81,29145.38982,34360.94909
2023Q3,ONE DUSUN RESIDENCES,JALAN DUSUN,12,6.57,5.51,6.95,29145.38982,34360.94909
2024Q3,ONE DUSUN RESIDENCES,JALAN DUSUN,12,5.92,5.24,6.64,29145.38982,34360.94909
2024Q4,ONE DUSUN RESIDENCES,JALAN DUSUN,12,5.6,5.19,6.16,29145.38982,34360.94909
2024Q2,ONE DUSUN RESIDENCES,JALAN DUSUN,12,5.79,5.39,6.26,29145.38982,34360.94909
2025Q1,ONE DUSUN RESIDENCES,JALAN DUSUN,12,5.79,5.21,6.21,29145.38982,34360.94909
2025Q4,ONE DUSUN RESIDENCES,JALAN DUSUN,12,6.36,5.5,6.71,29145.38982,34360.94909
2026Q1,ONE DUSUN RESIDENCES,JALAN DUSUN,12,5.73,5.36,6.17,29145.38982,34360.94909
2025Q2,ONE DUSUN RESIDENCES,JALAN DUSUN,12,5.78,5.13,6.21,29145.38982,34360.94909
2025Q3,ONE DUSUN RESIDENCES,JALAN DUSUN,12,5.88,5.23,6.31,29145.38982,34360.94909
2026Q2,ONE DUSUN RESIDENCES,JALAN DUSUN,12,6.19,5.36,6.57,29145.38982,34360.94909
2025Q1,RANGOON 88,RANGOON ROAD,08,6.57,6.1,6.85,30322.33167,32957.59512
2023Q3,THOMSON GRAND,SIN MING WALK,20,4.24,4.13,4.4,27661.46358,38596.35887
2023Q4,THOMSON GRAND,SIN MING WALK,20,4.17,3.95,4.35,27661.46358,38596.35887
2025Q1,THOMSON GRAND,SIN MING WALK,20,4.06,3.92,4.17,27661.46358,38596.35887
2024Q3,THOMSON GRAND,SIN MING WALK,20,4.01,3.8,4.16,27661.46358,38596.35887
2024Q4,THOMSON GRAND,SIN MING WALK,20,4.02,3.66,4.24,27661.46358,38596.35887
2024Q2,THOMSON GRAND,SIN MING WALK,20,4.15,3.82,4.39,27661.46358,38596.35887
2025Q4,THOMSON GRAND,SIN MING WALK,20,4.13,3.99,4.46,27661.46358,38596.35887
2026Q2,THOMSON GRAND,SIN MING WALK,20,4.12,3.9,4.44,27661.46358,38596.35887
2025Q2,THOMSON GRAND,SIN MING WALK,20,4.21,4.03,4.23,27661.46358,38596.35887
2025Q3,THOMSON GRAND,SIN MING WALK,20,4.17,4.05,4.37,27661.46358,38596.35887
2024Q1,THE INTERWEAVE,KIM KEAT ROAD,12,6.84,5.23,7.43,30210.02696,34188.80276
2023Q4,THE INTERWEAVE,KIM KEAT ROAD,12,6.71,5.08,8.02,30210.02696,34188.80276
2023Q3,THE INTERWEAVE,KIM KEAT ROAD,12,6.8,5.66,7.23,30210.02696,34188.80276
2024Q3,THE INTERWEAVE,KIM KEAT ROAD,12,6.45,5.71,6.81,30210.02696,34188.80276
2024Q4,THE INTERWEAVE,KIM KEAT ROAD,12,6.31,5.08,6.97,30210.02696,34188.80276
2024Q2,THE INTERWEAVE,KIM KEAT ROAD,12,6.71,5.92,7.25,30210.02696,34188.80276
2025Q1,THE INTERWEAVE,KIM KEAT ROAD,12,6.45,5.16,7.03,30210.02696,34188.80276
2026Q2,THE INTERWEAVE,KIM KEAT ROAD,12,6.36,5.05,6.7,30210.02696,34188.80276
2025Q4,THE INTERWEAVE,KIM KEAT ROAD,12,6.97,6.04,7.24,30210.02696,34188.80276
2026Q1,THE INTERWEAVE,KIM KEAT ROAD,12,6.37,5.24,6.68,30210.02696,34188.80276
2025Q2,THE INTERWEAVE,KIM KEAT ROAD,12,6.28,5.71,6.82,30210.02696,34188.80276
2025Q3,THE INTERWEAVE,KIM KEAT ROAD,12,6.12,4.93,6.54,30210.02696,34188.80276
2023Q4,CAIRNHILL RESIDENCES,CAIRNHILL CIRCLE,09,5.78,5.43,6.17,28589.68572,32272.0765
2023Q3,CAIRNHILL RESIDENCES,CAIRNHILL CIRCLE,09,6.08,5.98,6.54,28589.68572,32272.0765
2026Q1,CAIRNHILL RESIDENCES,CAIRNHILL CIRCLE,09,5.64,5.33,5.72,28589.68572,32272.0765
2026Q2,CAIRNHILL RESIDENCES,CAIRNHILL CIRCLE,09,5.76,5.66,5.84,28589.68572,32272.0765
2023Q3,THE BEAUMONT,DEVONSHIRE ROAD,09,3.74,3.43,3.93,28334.42046,31274.78228
2025Q1,THE BEAUMONT,DEVONSHIRE ROAD,09,3.67,3.6,3.84,28334.42046,31274.78228
2026Q2,THE BEAUMONT,DEVONSHIRE ROAD,09,3.74,3.37,3.84,28334.42046,31274.78228
2025Q3,THE BEAUMONT,DEVONSHIRE ROAD,09,3.53,3.34,3.9,28334.42046,31274.78228
2023Q3,ROBIN RESIDENCES,ROBIN DRIVE,10,6.56,6.27,7.29,27405.12581,33490.30836
2024Q1,ROBIN RESIDENCES,ROBIN DRIVE,10,6.34,5.52,7.06,27405.12581,33490.30836
2024Q3,ROBIN RESIDENCES,ROBIN DRIVE,10,6.78,5.9,7.08,27405.12581,33490.30836
2024Q4,ROBIN RESIDENCES,ROBIN DRIVE,10,6.57,5.73,7.22,27405.12581,33490.30836
2024Q2,ROBIN RESIDENCES,ROBIN DRIVE,10,6.22,5.46,6.69,27405.12581,33490.30836
2026Q2,ROBIN RESIDENCES,ROBIN DRIVE,10,6.68,6,7.15,27405.12581,33490.30836
2026Q1,ROBIN RESIDENCES,ROBIN DRIVE,10,6.03,5.83,7.2,27405.12581,33490.30836
2025Q2,ROBIN RESIDENCES,ROBIN DRIVE,10,6.69,5.56,7.01,27405.12581,33490.30836
2025Q3,ROBIN RESIDENCES,ROBIN DRIVE,10,6.97,5.76,7.34,27405.12581,33490.30836
2025Q3,CENTRA LOFT,LORONG 35 GEYLANG,14,6.29,5.99,6.34,34120.18844,33004.73735
2023Q3,SOMMERVILLE PARK,FARRER DRIVE,10,4.22,3.9,4.61,25060.52683,32684.02705
2023Q4,SOMMERVILLE PARK,FARRER DRIVE,10,3.94,3.68,4.38,25060.52683,32684.02705
2024Q1,SOMMERVILLE PARK,FARRER DRIVE,10,4.11,3.78,4.58,25060.52683,32684.02705
2024Q3,SOMMERVILLE PARK,FARRER DRIVE,10,3.94,3.66,4.22,25060.52683,32684.02705
2024Q4,SOMMERVILLE PARK,FARRER DRIVE,10,4.2,3.75,4.45,25060.52683,32684.02705
2024Q2,SOMMERVILLE PARK,FARRER DRIVE,10,4,3.73,4.32,25060.52683,32684.02705
2025Q1,SOMMERVILLE PARK,FARRER DRIVE,10,4.15,3.61,4.41,25060.52683,32684.02705
2026Q2,SOMMERVILLE PARK,FARRER DRIVE,10,4.25,4.08,4.62,25060.52683,32684.02705
2025Q4,SOMMERVILLE PARK,FARRER DRIVE,10,4.07,3.72,4.76,25060.52683,32684.02705
2026Q1,SOMMERVILLE PARK,FARRER DRIVE,10,4.3,4.07,4.61,25060.52683,32684.02705
2025Q2,SOMMERVILLE PARK,FARRER DRIVE,10,4.06,3.69,4.41,25060.52683,32684.02705
2025Q3,SOMMERVILLE PARK,FARRER DRIVE,10,4.22,3.66,4.54,25060.52683,32684.02705
2024Q1,SIMS EDGE,GEYLANG EAST AVENUE 2,14,6.44,4.82,6.85,34082.57525,33181.79322
2024Q3,SIMS EDGE,GEYLANG EAST AVENUE 2,14,6.33,5.58,6.67,34082.57525,33181.79322
2024Q2,SIMS EDGE,GEYLANG EAST AVENUE 2,14,5.7,5.64,6.3,34082.57525,33181.79322
2026Q1,SIMS EDGE,GEYLANG EAST AVENUE 2,14,6.44,5.93,6.94,34082.57525,33181.79322
2023Q3,FLO RESIDENCE,PUNGGOL FIELD WALK,19,4.65,4.41,4.84,36945.18647,41550.65345
2023Q4,FLO RESIDENCE,PUNGGOL FIELD WALK,19,4.25,4.19,4.59,36945.18647,41550.65345
2024Q1,FLO RESIDENCE,PUNGGOL FIELD WALK,19,4.24,3.95,4.45,36945.18647,41550.65345
2024Q3,FLO RESIDENCE,PUNGGOL FIELD WALK,19,4.25,3.93,4.45,36945.18647,41550.65345
2024Q4,FLO RESIDENCE,PUNGGOL FIELD WALK,19,4.21,4.07,4.45,36945.18647,41550.65345
2024Q2,FLO RESIDENCE,PUNGGOL FIELD WALK,19,4.49,4,4.61,36945.18647,41550.65345
2025Q1,FLO RESIDENCE,PUNGGOL FIELD WALK,19,4.37,4.11,4.54,36945.18647,41550.65345
2025Q4,FLO RESIDENCE,PUNGGOL FIELD WALK,19,4.31,4.11,4.58,36945.18647,41550.65345
2026Q1,FLO RESIDENCE,PUNGGOL FIELD WALK,19,4.32,4.18,4.51,36945.18647,41550.65345
2025Q2,FLO RESIDENCE,PUNGGOL FIELD WALK,19,4.25,4.14,4.56,36945.18647,41550.65345
2025Q3,FLO RESIDENCE,PUNGGOL FIELD WALK,19,4.34,4.1,4.48,36945.18647,41550.65345
2026Q2,FLO RESIDENCE,PUNGGOL FIELD WALK,19,4.3,4.16,4.54,36945.18647,41550.65345
2023Q3,SANT RITZ,PHENG GECK AVENUE,13,5.22,5.01,6.09,32003.72248,34658.1597
2023Q4,SANT RITZ,PHENG GECK AVENUE,13,6.09,5.99,6.21,32003.72248,34658.1597
2024Q1,SANT RITZ,PHENG GECK AVENUE,13,5.94,5.88,6.09,32003.72248,34658.1597
2024Q3,SANT RITZ,PHENG GECK AVENUE,13,5.33,5.03,5.81,32003.72248,34658.1597
2024Q4,SANT RITZ,PHENG GECK AVENUE,13,5.59,4.91,6.04,32003.72248,34658.1597
2025Q1,SANT RITZ,PHENG GECK AVENUE,13,5.88,5.64,5.94,32003.72248,34658.1597
2025Q4,SANT RITZ,PHENG GECK AVENUE,13,5.46,5.07,6.02,32003.72248,34658.1597
2025Q2,SANT RITZ,PHENG GECK AVENUE,13,5.7,5.26,5.93,32003.72248,34658.1597
2025Q3,SANT RITZ,PHENG GECK AVENUE,13,5.69,5.28,6.07,32003.72248,34658.1597
2023Q4,THE IMPERIAL,JALAN RUMBIA,09,5.35,5.14,5.85,29015.83941,30782.8775
2023Q3,THE IMPERIAL,JALAN RUMBIA,09,5.77,5.62,6.31,29015.83941,30782.8775
2024Q3,THE IMPERIAL,JALAN RUMBIA,09,5.24,4.88,5.29,29015.83941,30782.8775
2024Q4,THE IMPERIAL,JALAN RUMBIA,09,5.48,4.9,5.98,29015.83941,30782.8775
2025Q1,THE IMPERIAL,JALAN RUMBIA,09,5.47,5.16,5.82,29015.83941,30782.8775
2026Q2,THE IMPERIAL,JALAN RUMBIA,09,5.96,5.53,6.45,29015.83941,30782.8775
2025Q4,THE IMPERIAL,JALAN RUMBIA,09,5.7,5.16,6.06,29015.83941,30782.8775
2025Q2,THE IMPERIAL,JALAN RUMBIA,09,6.06,5.35,6.19,29015.83941,30782.8775
2025Q3,THE IMPERIAL,JALAN RUMBIA,09,5.67,5.48,5.97,29015.83941,30782.8775
2024Q3,PARBURY HILL CONDOMINIUM,PARBURY AVENUE,16,3.31,3.1,3.45,40203.67541,33343.05317
2025Q3,PARBURY HILL CONDOMINIUM,PARBURY AVENUE,16,3.51,3.12,3.95,40203.67541,33343.05317
2023Q3,TIONG BAHRU ESTATE,YONG SIAK STREET,03,5.53,4.67,6.43,27635.11204,29488.84989
2023Q4,TIONG BAHRU ESTATE,YONG SIAK STREET,03,5.28,4.58,5.76,27635.11204,29488.84989
2024Q1,TIONG BAHRU ESTATE,YONG SIAK STREET,03,5.04,4.29,5.86,27635.11204,29488.84989
2025Q1,TIONG BAHRU ESTATE,YONG SIAK STREET,03,5.23,4.25,5.95,27635.11204,29488.84989
2024Q3,TIONG BAHRU ESTATE,YONG SIAK STREET,03,5.29,4.59,5.85,27635.11204,29488.84989
2024Q4,TIONG BAHRU ESTATE,YONG SIAK STREET,03,5.14,4.57,5.85,27635.11204,29488.84989
2024Q2,TIONG BAHRU ESTATE,YONG SIAK STREET,03,5.57,4.94,6.01,27635.11204,29488.84989
2025Q3,TIONG BAHRU ESTATE,YONG SIAK STREET,03,5.25,4.64,6.17,27635.11204,29488.84989
2025Q4,TIONG BAHRU ESTATE,YONG SIAK STREET,03,5.39,4.88,6.33,27635.11204,29488.84989
2026Q2,TIONG BAHRU ESTATE,YONG SIAK STREET,03,5.63,5.01,5.99,27635.11204,29488.84989
2026Q1,TIONG BAHRU ESTATE,YONG SIAK STREET,03,5.85,5,6.47,27635.11204,29488.84989
2025Q2,TIONG BAHRU ESTATE,YONG SIAK STREET,03,5.68,4.76,6.51,27635.11204,29488.84989
2023Q3,TRILIGHT,NEWTON ROAD,11,5.81,5.19,6.11,28717.28744,33016.02477
2023Q4,TRILIGHT,NEWTON ROAD,11,5,4.73,5.66,28717.28744,33016.02477
2024Q1,TRILIGHT,NEWTON ROAD,11,5.02,4.65,5.56,28717.28744,33016.02477
2025Q1,TRILIGHT,NEWTON ROAD,11,5.35,4.87,5.76,28717.28744,33016.02477
2024Q3,TRILIGHT,NEWTON ROAD,11,4.74,4.53,5.23,28717.28744,33016.02477
2024Q4,TRILIGHT,NEWTON ROAD,11,5.59,4.71,6.34,28717.28744,33016.02477
2024Q2,TRILIGHT,NEWTON ROAD,11,5.08,4.53,5.51,28717.28744,33016.02477
2025Q3,TRILIGHT,NEWTON ROAD,11,5.52,5.12,5.7,28717.28744,33016.02477
2026Q2,TRILIGHT,NEWTON ROAD,11,5.5,5.08,5.85,28717.28744,33016.02477
2026Q1,TRILIGHT,NEWTON ROAD,11,5.47,5.25,5.76,28717.28744,33016.02477
2025Q2,TRILIGHT,NEWTON ROAD,11,5.52,4.85,5.7,28717.28744,33016.02477
2024Q1,OASIS @ ELIAS,ELIAS ROAD,18,3.44,3.23,3.69,40056.36831,39929.29574
2023Q3,OASIS @ ELIAS,ELIAS ROAD,18,3.47,3.36,3.71,40056.36831,39929.29574
2024Q3,OASIS @ ELIAS,ELIAS ROAD,18,3.38,3.28,3.52,40056.36831,39929.29574
2024Q2,OASIS @ ELIAS,ELIAS ROAD,18,3.56,3.47,3.7,40056.36831,39929.29574
2025Q1,OASIS @ ELIAS,ELIAS ROAD,18,3.38,3.27,3.51,40056.36831,39929.29574
2026Q1,OASIS @ ELIAS,ELIAS ROAD,18,3.36,3.29,3.42,40056.36831,39929.29574
2025Q2,OASIS @ ELIAS,ELIAS ROAD,18,3.37,3.29,3.47,40056.36831,39929.29574
2025Q3,OASIS @ ELIAS,ELIAS ROAD,18,3.37,3.32,3.57,40056.36831,39929.29574
2026Q2,OASIS @ ELIAS,ELIAS ROAD,18,3.52,3.43,3.57,40056.36831,39929.29574
2024Q4,FIFTH AVENUE CONDOMINIUM,FIFTH AVENUE,10,4.21,4.01,4.38,23821.66427,34670.00724
2023Q3,VILLAGE @ PASIR PANJANG,PASIR PANJANG ROAD,05,5.05,4.38,5.35,20966.49858,30371.47718
2024Q3,VILLAGE @ PASIR PANJANG,PASIR PANJANG ROAD,05,4.7,3.81,4.92,20966.49858,30371.47718
2025Q3,VILLAGE @ PASIR PANJANG,PASIR PANJANG ROAD,05,4.95,4.42,5.13,20966.49858,30371.47718
2024Q1,THE LAKEFRONT RESIDENCES,LAKESIDE DRIVE,22,5.23,4.8,5.82,15309.38074,36075.85878
2023Q4,THE LAKEFRONT RESIDENCES,LAKESIDE DRIVE,22,5.5,4.86,6.16,15309.38074,36075.85878
2023Q3,THE LAKEFRONT RESIDENCES,LAKESIDE DRIVE,22,5.49,4.82,5.95,15309.38074,36075.85878
2024Q3,THE LAKEFRONT RESIDENCES,LAKESIDE DRIVE,22,5.25,4.73,5.82,15309.38074,36075.85878
2024Q4,THE LAKEFRONT RESIDENCES,LAKESIDE DRIVE,22,5.38,4.75,6.15,15309.38074,36075.85878
2024Q2,THE LAKEFRONT RESIDENCES,LAKESIDE DRIVE,22,4.9,4.48,5.51,15309.38074,36075.85878
2025Q1,THE LAKEFRONT RESIDENCES,LAKESIDE DRIVE,22,5.06,4.81,5.99,15309.38074,36075.85878
2026Q2,THE LAKEFRONT RESIDENCES,LAKESIDE DRIVE,22,5.26,4.81,5.88,15309.38074,36075.85878
2025Q4,THE LAKEFRONT RESIDENCES,LAKESIDE DRIVE,22,5.29,5.04,6.28,15309.38074,36075.85878
2026Q1,THE LAKEFRONT RESIDENCES,LAKESIDE DRIVE,22,5.14,4.86,5.82,15309.38074,36075.85878
2025Q2,THE LAKEFRONT RESIDENCES,LAKESIDE DRIVE,22,5.16,4.79,5.68,15309.38074,36075.85878
2025Q3,THE LAKEFRONT RESIDENCES,LAKESIDE DRIVE,22,5.23,4.75,5.81,15309.38074,36075.85878
2024Q1,COSTA RHU,RHU CROSS,15,4,3.89,4.41,31746.23374,31056.23099
2023Q4,COSTA RHU,RHU CROSS,15,4.12,3.92,4.59,31746.23374,31056.23099
2023Q3,COSTA RHU,RHU CROSS,15,4.13,3.94,4.45,31746.23374,31056.23099
2024Q3,COSTA RHU,RHU CROSS,15,4.14,3.74,4.35,31746.23374,31056.23099
2024Q4,COSTA RHU,RHU CROSS,15,4.06,3.79,4.34,31746.23374,31056.23099
2024Q2,COSTA RHU,RHU CROSS,15,4,3.68,4.29,31746.23374,31056.23099
2025Q1,COSTA RHU,RHU CROSS,15,4.22,3.84,4.46,31746.23374,31056.23099
2025Q4,COSTA RHU,RHU CROSS,15,4.35,4.02,4.51,31746.23374,31056.23099
2026Q1,COSTA RHU,RHU CROSS,15,4.16,4,4.55,31746.23374,31056.23099
2025Q2,COSTA RHU,RHU CROSS,15,4.29,4.15,4.48,31746.23374,31056.23099
2025Q3,COSTA RHU,RHU CROSS,15,4.09,3.93,4.33,31746.23374,31056.23099
2026Q2,COSTA RHU,RHU CROSS,15,4.35,3.98,4.54,31746.23374,31056.23099
2023Q3,KENSINGTON PARK CONDOMINIUM,KENSINGTON PARK DRIVE,19,2.89,2.65,3.04,31998.25386,38798.03597
2024Q3,KENSINGTON PARK CONDOMINIUM,KENSINGTON PARK DRIVE,19,2.8,2.43,3.03,31998.25386,38798.03597
2024Q4,KENSINGTON PARK CONDOMINIUM,KENSINGTON PARK DRIVE,19,2.85,2.64,3.02,31998.25386,38798.03597
2025Q3,KENSINGTON PARK CONDOMINIUM,KENSINGTON PARK DRIVE,19,3.01,2.88,3.11,31998.25386,38798.03597
2026Q2,KENSINGTON PARK CONDOMINIUM,KENSINGTON PARK DRIVE,19,2.97,2.9,3.2,31998.25386,38798.03597
2023Q4,RIS GRANDEUR,ELIAS ROAD,18,3.25,3.22,3.66,39897.96934,39580.24586
2024Q1,RIS GRANDEUR,ELIAS ROAD,18,3.17,3.1,3.32,39897.96934,39580.24586
2023Q3,RIS GRANDEUR,ELIAS ROAD,18,3.17,3,3.3,39897.96934,39580.24586
2024Q4,RIS GRANDEUR,ELIAS ROAD,18,3.25,2.95,3.33,39897.96934,39580.24586
2024Q2,RIS GRANDEUR,ELIAS ROAD,18,3.1,2.97,3.23,39897.96934,39580.24586
2025Q1,RIS GRANDEUR,ELIAS ROAD,18,3.19,2.94,3.34,39897.96934,39580.24586
2026Q2,RIS GRANDEUR,ELIAS ROAD,18,3.1,2.99,3.25,39897.96934,39580.24586
2025Q4,RIS GRANDEUR,ELIAS ROAD,18,3.17,2.95,3.28,39897.96934,39580.24586
2026Q1,RIS GRANDEUR,ELIAS ROAD,18,3.22,3.1,3.28,39897.96934,39580.24586
2025Q2,RIS GRANDEUR,ELIAS ROAD,18,3.15,2.97,3.31,39897.96934,39580.24586
2025Q3,RIS GRANDEUR,ELIAS ROAD,18,3.17,2.93,3.27,39897.96934,39580.24586
2024Q1,CASTLE GREEN,YIO CHU KANG ROAD,26,3.59,3.21,3.72,28778.12569,40900.87079
2023Q4,CASTLE GREEN,YIO CHU KANG ROAD,26,3.62,3.46,3.8,28778.12569,40900.87079
2023Q3,CASTLE GREEN,YIO CHU KANG ROAD,26,3.62,3.3,3.74,28778.12569,40900.87079
2024Q3,CASTLE GREEN,YIO CHU KANG ROAD,26,3.53,3.38,3.69,28778.12569,40900.87079
2024Q4,CASTLE GREEN,YIO CHU KANG ROAD,26,3.64,3.4,3.89,28778.12569,40900.87079
2024Q2,CASTLE GREEN,YIO CHU KANG ROAD,26,3.59,3.34,3.81,28778.12569,40900.87079
2025Q1,CASTLE GREEN,YIO CHU KANG ROAD,26,3.47,3.21,3.79,28778.12569,40900.87079
2025Q4,CASTLE GREEN,YIO CHU KANG ROAD,26,3.59,3.38,3.69,28778.12569,40900.87079
2026Q1,CASTLE GREEN,YIO CHU KANG ROAD,26,3.47,3.27,3.8,28778.12569,40900.87079
2025Q2,CASTLE GREEN,YIO CHU KANG ROAD,26,3.59,3.48,3.75,28778.12569,40900.87079
2025Q3,CASTLE GREEN,YIO CHU KANG ROAD,26,3.53,3.46,3.81,28778.12569,40900.87079
2026Q2,CASTLE GREEN,YIO CHU KANG ROAD,26,3.77,3.53,3.96,28778.12569,40900.87079
2024Q1,GRANGE RESIDENCES,GRANGE ROAD,10,5.88,5.53,6.15,26805.14125,31865.50236
2024Q3,GRANGE RESIDENCES,GRANGE ROAD,10,6.07,5.96,6.3,26805.14125,31865.50236
2024Q4,GRANGE RESIDENCES,GRANGE ROAD,10,6.19,5.67,6.66,26805.14125,31865.50236
2026Q2,GRANGE RESIDENCES,GRANGE ROAD,10,6.62,6.19,6.75,26805.14125,31865.50236
2023Q4,RIO VISTA,UPPER SERANGOON VIEW,19,3.41,3.16,3.62,35617.18224,39498.16044
2024Q1,RIO VISTA,UPPER SERANGOON VIEW,19,3.23,3.16,3.36,35617.18224,39498.16044
2023Q3,RIO VISTA,UPPER SERANGOON VIEW,19,3.34,3.26,3.53,35617.18224,39498.16044
2024Q3,RIO VISTA,UPPER SERANGOON VIEW,19,3.2,3.08,3.3,35617.18224,39498.16044
2024Q4,RIO VISTA,UPPER SERANGOON VIEW,19,3.27,3.2,3.4,35617.18224,39498.16044
2025Q1,RIO VISTA,UPPER SERANGOON VIEW,19,3.26,2.96,3.47,35617.18224,39498.16044
2026Q2,RIO VISTA,UPPER SERANGOON VIEW,19,3.34,3.25,3.67,35617.18224,39498.16044
2025Q4,RIO VISTA,UPPER SERANGOON VIEW,19,3.41,3.32,3.72,35617.18224,39498.16044
2026Q1,RIO VISTA,UPPER SERANGOON VIEW,19,3.31,3.2,3.36,35617.18224,39498.16044
2025Q3,RIO VISTA,UPPER SERANGOON VIEW,19,3.28,3.27,3.38,35617.18224,39498.16044
2024Q4,MOUNT SOPHIA SUITES,SOPHIA ROAD,09,6.74,6.31,7.08,29514.50087,31604.33521
2026Q1,MOUNT SOPHIA SUITES,SOPHIA ROAD,09,6.82,6.31,7.16,29514.50087,31604.33521
2025Q3,THE PATERSON,PATERSON ROAD,09,5.22,5.07,5.42,27688.40949,31416.63421
2023Q3,SOUTHAVEN II,HINDHEDE WALK,21,3.48,3.16,3.92,21351.75939,36510.68611
2023Q4,SOUTHAVEN II,HINDHEDE WALK,21,3.61,3.05,3.75,21351.75939,36510.68611
2024Q3,SOUTHAVEN II,HINDHEDE WALK,21,2.8,1.99,3.24,21351.75939,36510.68611
2024Q4,SOUTHAVEN II,HINDHEDE WALK,21,3.26,3.05,3.41,21351.75939,36510.68611
2025Q1,SOUTHAVEN II,HINDHEDE WALK,21,3.38,3.12,3.67,21351.75939,36510.68611
2026Q2,SOUTHAVEN II,HINDHEDE WALK,21,3.23,2.68,3.57,21351.75939,36510.68611
2025Q4,SOUTHAVEN II,HINDHEDE WALK,21,3.39,3.29,3.63,21351.75939,36510.68611
2026Q1,SOUTHAVEN II,HINDHEDE WALK,21,3.31,2.99,3.58,21351.75939,36510.68611
2025Q2,SOUTHAVEN II,HINDHEDE WALK,21,3.36,3.21,3.5,21351.75939,36510.68611
2023Q3,NEWEST,WEST COAST DRIVE,05,5.12,2.87,5.7,19564.896,33178.65179
2025Q1,NEWEST,WEST COAST DRIVE,05,5.51,5.02,6.13,19564.896,33178.65179
2025Q3,NEWEST,WEST COAST DRIVE,05,5.28,3.25,5.65,19564.896,33178.65179
2024Q1,THE INFINITI,WEST COAST PARK,05,3.9,3.64,4.29,19320.41461,33470.8412
2023Q4,THE INFINITI,WEST COAST PARK,05,4.29,3.78,4.34,19320.41461,33470.8412
2023Q3,THE INFINITI,WEST COAST PARK,05,4.09,3.77,4.41,19320.41461,33470.8412
2024Q3,THE INFINITI,WEST COAST PARK,05,3.99,3.77,4.21,19320.41461,33470.8412
2024Q2,THE INFINITI,WEST COAST PARK,05,3.74,3.66,4.01,19320.41461,33470.8412
2025Q1,THE INFINITI,WEST COAST PARK,05,3.89,3.5,4.16,19320.41461,33470.8412
2025Q2,THE INFINITI,WEST COAST PARK,05,4.1,3.99,4.39,19320.41461,33470.8412
2025Q3,THE INFINITI,WEST COAST PARK,05,3.94,3.79,4.27,19320.41461,33470.8412
2023Q3,SEAHILL,WEST COAST CRESCENT,05,5.98,5.63,6.92,20362.19269,31258.67355
2023Q4,SEAHILL,WEST COAST CRESCENT,05,5.6,5.06,6.4,20362.19269,31258.67355
2024Q1,SEAHILL,WEST COAST CRESCENT,05,5.41,5.2,5.53,20362.19269,31258.67355
2024Q3,SEAHILL,WEST COAST CRESCENT,05,5.57,5.11,6.45,20362.19269,31258.67355
2024Q4,SEAHILL,WEST COAST CRESCENT,05,5.36,5,6.39,20362.19269,31258.67355
2024Q2,SEAHILL,WEST COAST CRESCENT,05,5.35,5.07,6.01,20362.19269,31258.67355
2025Q1,SEAHILL,WEST COAST CRESCENT,05,5.53,5.12,5.9,20362.19269,31258.67355
2026Q2,SEAHILL,WEST COAST CRESCENT,05,5.41,5.33,6.19,20362.19269,31258.67355
2025Q4,SEAHILL,WEST COAST CRESCENT,05,5.54,5.11,6.46,20362.19269,31258.67355
2026Q1,SEAHILL,WEST COAST CRESCENT,05,5.39,5.09,6.19,20362.19269,31258.67355
2025Q2,SEAHILL,WEST COAST CRESCENT,05,5.39,4.97,6.03,20362.19269,31258.67355
2025Q3,SEAHILL,WEST COAST CRESCENT,05,5.57,4.98,6.21,20362.19269,31258.67355
2023Q3,ESTELLA GARDENS,FLORA ROAD,17,3.57,3.11,3.92,42848.7526,38008.89133
2023Q4,ESTELLA GARDENS,FLORA ROAD,17,3.24,3.17,3.81,42848.7526,38008.89133
2024Q1,ESTELLA GARDENS,FLORA ROAD,17,3.25,3.08,3.97,42848.7526,38008.89133
2024Q3,ESTELLA GARDENS,FLORA ROAD,17,3.26,2.94,3.85,42848.7526,38008.89133
2024Q4,ESTELLA GARDENS,FLORA ROAD,17,3.45,3.12,3.92,42848.7526,38008.89133
2024Q2,ESTELLA GARDENS,FLORA ROAD,17,3.47,2.89,4.07,42848.7526,38008.89133
2025Q1,ESTELLA GARDENS,FLORA ROAD,17,3.63,3.17,3.81,42848.7526,38008.89133
2025Q4,ESTELLA GARDENS,FLORA ROAD,17,3.48,3.12,3.88,42848.7526,38008.89133
2026Q1,ESTELLA GARDENS,FLORA ROAD,17,3.33,3.07,3.56,42848.7526,38008.89133
2025Q2,ESTELLA GARDENS,FLORA ROAD,17,3.26,2.96,3.33,42848.7526,38008.89133
2025Q3,ESTELLA GARDENS,FLORA ROAD,17,3.2,2.94,3.61,42848.7526,38008.89133
2026Q2,ESTELLA GARDENS,FLORA ROAD,17,3.57,3.25,4.11,42848.7526,38008.89133
2023Q3,AVANT RESIDENCES,ALJUNIED ROAD,14,6.3,5.99,6.48,33467.59038,32875.94868
2026Q1,AVANT RESIDENCES,ALJUNIED ROAD,14,6.42,6.21,6.51,33467.59038,32875.94868
2025Q3,AVANT RESIDENCES,ALJUNIED ROAD,14,5.78,5.4,6.12,33467.59038,32875.94868
2023Q3,THE TENNERY,WOODLANDS ROAD,23,4.97,4.57,5.22,19870.36675,40195.12246
2023Q4,THE TENNERY,WOODLANDS ROAD,23,4.89,4.53,5.05,19870.36675,40195.12246
2024Q1,THE TENNERY,WOODLANDS ROAD,23,4.8,4.41,5.05,19870.36675,40195.12246
2025Q1,THE TENNERY,WOODLANDS ROAD,23,4.89,4.56,4.91,19870.36675,40195.12246
2024Q3,THE TENNERY,WOODLANDS ROAD,23,4.89,4.41,4.89,19870.36675,40195.12246
2024Q4,THE TENNERY,WOODLANDS ROAD,23,4.73,4.37,5.05,19870.36675,40195.12246
2024Q2,THE TENNERY,WOODLANDS ROAD,23,4.85,4.5,4.89,19870.36675,40195.12246
2025Q4,THE TENNERY,WOODLANDS ROAD,23,4.85,4.67,4.89,19870.36675,40195.12246
2026Q2,THE TENNERY,WOODLANDS ROAD,23,4.85,4.58,4.89,19870.36675,40195.12246
2026Q1,THE TENNERY,WOODLANDS ROAD,23,4.73,4.46,4.89,19870.36675,40195.12246
2025Q2,THE TENNERY,WOODLANDS ROAD,23,4.81,4.65,4.89,19870.36675,40195.12246
2025Q3,THE TENNERY,WOODLANDS ROAD,23,4.73,4.41,4.89,19870.36675,40195.12246
2025Q1,EAST VILLAGE,UPPER CHANGI ROAD,16,5.66,4.64,6.29,40570.06691,34892.84579
2025Q4,EAST VILLAGE,UPPER CHANGI ROAD,16,4.8,4.03,5.11,40570.06691,34892.84579
2026Q2,EAST VILLAGE,UPPER CHANGI ROAD,16,5.34,4.54,6.4,40570.06691,34892.84579
2023Q3,BEACON HEIGHTS,MAR THOMA ROAD,12,4.46,4.25,4.76,31214.28372,34280.92645
2024Q2,BEACON HEIGHTS,MAR THOMA ROAD,12,4.23,3.98,4.51,31214.28372,34280.92645
2025Q1,BEACON HEIGHTS,MAR THOMA ROAD,12,4.41,3.99,4.6,31214.28372,34280.92645
2024Q3,BEACON HEIGHTS,MAR THOMA ROAD,12,4.17,4.01,4.61,31214.28372,34280.92645
2025Q4,BEACON HEIGHTS,MAR THOMA ROAD,12,3.99,3.89,4.21,31214.28372,34280.92645
2026Q1,BEACON HEIGHTS,MAR THOMA ROAD,12,4.12,4.02,4.5,31214.28372,34280.92645
2025Q3,BEACON HEIGHTS,MAR THOMA ROAD,12,4.2,4.03,4.79,31214.28372,34280.92645
2023Q4,TROPIKA EAST,FOO KIM LIN ROAD,14,5.67,4.39,6.23,36194.32006,34572.67298
2024Q4,TROPIKA EAST,FOO KIM LIN ROAD,14,5.61,4.57,5.78,36194.32006,34572.67298
2025Q3,TROPIKA EAST,FOO KIM LIN ROAD,14,4.98,4.41,5.71,36194.32006,34572.67298
2025Q4,TROPIKA EAST,FOO KIM LIN ROAD,14,5.74,5.04,6.1,36194.32006,34572.67298
2025Q2,TROPIKA EAST,FOO KIM LIN ROAD,14,5.04,4.44,5.96,36194.32006,34572.67298
2024Q1,CASA AERATA,LORONG 26 GEYLANG,14,6.27,5.94,6.62,33746.62688,32743.004
2023Q3,CASA AERATA,LORONG 26 GEYLANG,14,5.91,5.64,6.19,33746.62688,32743.004
2024Q3,CASA AERATA,LORONG 26 GEYLANG,14,5.74,5.4,6.28,33746.62688,32743.004
2025Q2,CASA AERATA,LORONG 26 GEYLANG,14,5.72,5.31,6.32,33746.62688,32743.004
2026Q2,THE BOTANY AT DAIRY FARM,DAIRY FARM WALK,23,4.94,4.65,5.42,,
2024Q1,VERDALE,DE SOUZA AVENUE,21,5.64,5.31,5.91,20906.58764,36398.64076
2024Q2,VERDALE,DE SOUZA AVENUE,21,5.19,5.05,5.33,20906.58764,36398.64076
2024Q3,VERDALE,DE SOUZA AVENUE,21,5.25,5.18,5.6,20906.58764,36398.64076
2025Q3,VERDALE,DE SOUZA AVENUE,21,5.46,5.26,5.87,20906.58764,36398.64076
2026Q2,VERDALE,DE SOUZA AVENUE,21,5.21,4.98,5.36,20906.58764,36398.64076
2023Q3,AMBER 45,AMBER ROAD,15,7.15,6.85,7.53,35553.98376,31625.17316
2024Q2,AMBER 45,AMBER ROAD,15,6.53,6.23,6.82,35553.98376,31625.17316
2024Q3,AMBER 45,AMBER ROAD,15,6.85,6.42,6.86,35553.98376,31625.17316
2025Q3,AMBER 45,AMBER ROAD,15,6.86,6.54,7.16,35553.98376,31625.17316
2026Q2,AMBER 45,AMBER ROAD,15,6.81,6.58,7.08,35553.98376,31625.17316
2023Q3,THE CAPE,AMBER ROAD,15,5.9,5.78,6.14,35561.76332,31416.09644
2024Q1,THE CAPE,AMBER ROAD,15,5.57,5.35,5.7,35561.76332,31416.09644
2024Q3,THE CAPE,AMBER ROAD,15,5.68,5.45,6.14,35561.76332,31416.09644
2024Q2,THE CAPE,AMBER ROAD,15,5.42,5.16,5.71,35561.76332,31416.09644
2025Q4,THE CAPE,AMBER ROAD,15,5.71,5.34,5.91,35561.76332,31416.09644
2025Q3,THE CAPE,AMBER ROAD,15,5.63,5.19,5.74,35561.76332,31416.09644
2023Q4,MARINA ONE RESIDENCES,MARINA WAY,01,6.9,6.6,7.43,30274.87488,28860.64293
2024Q1,MARINA ONE RESIDENCES,MARINA WAY,01,6.7,6.4,7.15,30274.87488,28860.64293
2023Q3,MARINA ONE RESIDENCES,MARINA WAY,01,7.21,6.87,7.61,30274.87488,28860.64293
2024Q3,MARINA ONE RESIDENCES,MARINA WAY,01,6.58,6.25,7.03,30274.87488,28860.64293
2024Q4,MARINA ONE RESIDENCES,MARINA WAY,01,6.62,6.26,6.98,30274.87488,28860.64293
2024Q2,MARINA ONE RESIDENCES,MARINA WAY,01,6.54,6.27,7.1,30274.87488,28860.64293
2025Q1,MARINA ONE RESIDENCES,MARINA WAY,01,6.55,6.24,6.95,30274.87488,28860.64293
2025Q4,MARINA ONE RESIDENCES,MARINA WAY,01,6.43,6.18,6.79,30274.87488,28860.64293
2026Q1,MARINA ONE RESIDENCES,MARINA WAY,01,6.49,6.28,6.88,30274.87488,28860.64293
2025Q2,MARINA ONE RESIDENCES,MARINA WAY,01,6.73,6.43,7.33,30274.87488,28860.64293
2025Q3,MARINA ONE RESIDENCES,MARINA WAY,01,6.57,6.24,7,30274.87488,28860.64293
2026Q2,MARINA ONE RESIDENCES,MARINA WAY,01,6.67,6.33,7.06,30274.87488,28860.64293
2023Q3,THE ROCHESTER RESIDENCES,ROCHESTER DRIVE,05,5.17,4.91,5.66,23003.9881,31954.97723
2023Q4,THE ROCHESTER RESIDENCES,ROCHESTER DRIVE,05,4.99,4.76,5.34,23003.9881,31954.97723
2024Q1,THE ROCHESTER RESIDENCES,ROCHESTER DRIVE,05,5.03,4.81,5.23,23003.9881,31954.97723
2024Q3,THE ROCHESTER RESIDENCES,ROCHESTER DRIVE,05,4.82,4.51,5.23,23003.9881,31954.97723
2024Q4,THE ROCHESTER RESIDENCES,ROCHESTER DRIVE,05,4.8,4.51,5.29,23003.9881,31954.97723
2024Q2,THE ROCHESTER RESIDENCES,ROCHESTER DRIVE,05,5.07,4.76,5.37,23003.9881,31954.97723
2025Q1,THE ROCHESTER RESIDENCES,ROCHESTER DRIVE,05,4.88,4.65,5.37,23003.9881,31954.97723
2025Q4,THE ROCHESTER RESIDENCES,ROCHESTER DRIVE,05,4.96,4.78,5.02,23003.9881,31954.97723
2026Q2,THE ROCHESTER RESIDENCES,ROCHESTER DRIVE,05,5.13,4.8,5.41,23003.9881,31954.97723
2026Q1,THE ROCHESTER RESIDENCES,ROCHESTER DRIVE,05,5.01,4.82,5.32,23003.9881,31954.97723
2025Q2,THE ROCHESTER RESIDENCES,ROCHESTER DRIVE,05,4.95,4.6,5.49,23003.9881,31954.97723
2025Q3,THE ROCHESTER RESIDENCES,ROCHESTER DRIVE,05,4.99,4.76,5.16,23003.9881,31954.97723
2023Q3,SIMSVILLE,GEYLANG EAST AVENUE 2,14,3.88,3.6,4.25,34188.43944,33243.17077
2023Q4,SIMSVILLE,GEYLANG EAST AVENUE 2,14,4.34,3.94,4.44,34188.43944,33243.17077
2024Q1,SIMSVILLE,GEYLANG EAST AVENUE 2,14,4.07,3.89,4.29,34188.43944,33243.17077
2024Q3,SIMSVILLE,GEYLANG EAST AVENUE 2,14,4,3.79,4.29,34188.43944,33243.17077
2024Q4,SIMSVILLE,GEYLANG EAST AVENUE 2,14,4.1,3.88,4.31,34188.43944,33243.17077
2024Q2,SIMSVILLE,GEYLANG EAST AVENUE 2,14,3.97,3.67,4.25,34188.43944,33243.17077
2025Q1,SIMSVILLE,GEYLANG EAST AVENUE 2,14,4.13,3.98,4.29,34188.43944,33243.17077
2026Q2,SIMSVILLE,GEYLANG EAST AVENUE 2,14,4.06,3.9,4.49,34188.43944,33243.17077
2025Q4,SIMSVILLE,GEYLANG EAST AVENUE 2,14,4.29,4.02,4.41,34188.43944,33243.17077
2026Q1,SIMSVILLE,GEYLANG EAST AVENUE 2,14,4.12,3.88,4.28,34188.43944,33243.17077
2025Q2,SIMSVILLE,GEYLANG EAST AVENUE 2,14,3.92,3.75,4.18,34188.43944,33243.17077
2025Q3,SIMSVILLE,GEYLANG EAST AVENUE 2,14,4.04,3.89,4.23,34188.43944,33243.17077
2023Q4,CITY SUITES,BALESTIER ROAD,12,5.91,5.72,6.19,30107.34324,33719.03787
2024Q2,CITY SUITES,BALESTIER ROAD,12,5.88,5.69,5.94,30107.34324,33719.03787
2025Q4,CITY SUITES,BALESTIER ROAD,12,5.86,5.55,6.35,30107.34324,33719.03787
2025Q2,CITY SUITES,BALESTIER ROAD,12,5.69,5.43,6.17,30107.34324,33719.03787
2026Q2,CITY SUITES,BALESTIER ROAD,12,5.69,5.54,6.29,30107.34324,33719.03787
2024Q3,TEXTILE CENTRE,JALAN SULTAN,07,4.76,4.76,4.86,31132.93556,31766.48997
2024Q4,TEXTILE CENTRE,JALAN SULTAN,07,4.67,4.28,5.1,31132.93556,31766.48997
2025Q2,TEXTILE CENTRE,JALAN SULTAN,07,5.1,4.5,5.16,31132.93556,31766.48997
2024Q4,HIGH STREET CENTRE,NORTH BRIDGE ROAD,06,7.2,6.83,8.23,29778.23071,30261.70554
2026Q1,HIGH STREET CENTRE,NORTH BRIDGE ROAD,06,10.25,9.48,10.61,29778.23071,30261.70554
2026Q2,HIGH STREET CENTRE,NORTH BRIDGE ROAD,06,9.78,8.43,10.39,29778.23071,30261.70554
2023Q3,WATER PLACE,TANJONG RHU ROAD,15,4.92,4.65,5,32399.50212,31010.43765
2023Q4,WATER PLACE,TANJONG RHU ROAD,15,4.62,4.44,5,32399.50212,31010.43765
2025Q1,WATER PLACE,TANJONG RHU ROAD,15,4.81,4.52,4.93,32399.50212,31010.43765
2024Q2,WATER PLACE,TANJONG RHU ROAD,15,4.54,4.19,4.92,32399.50212,31010.43765
2024Q3,WATER PLACE,TANJONG RHU ROAD,15,4.73,4.49,4.86,32399.50212,31010.43765
2024Q4,WATER PLACE,TANJONG RHU ROAD,15,4.56,4.48,4.8,32399.50212,31010.43765
2025Q3,WATER PLACE,TANJONG RHU ROAD,15,4.91,4.81,4.98,32399.50212,31010.43765
2025Q4,WATER PLACE,TANJONG RHU ROAD,15,4.83,4.51,4.93,32399.50212,31010.43765
2024Q1,WATER PLACE,TANJONG RHU ROAD,15,4.68,4.48,4.79,32399.50212,31010.43765
2026Q1,WATER PLACE,TANJONG RHU ROAD,15,4.85,4.64,4.97,32399.50212,31010.43765
2025Q2,WATER PLACE,TANJONG RHU ROAD,15,4.73,4.53,4.93,32399.50212,31010.43765
2026Q2,WATER PLACE,TANJONG RHU ROAD,15,4.84,4.66,5,32399.50212,31010.43765
2024Q1,RESIDENCES @ EVELYN,EVELYN ROAD,11,4.98,4.86,5.16,28694.83965,33139.94634
2023Q3,RESIDENCES @ EVELYN,EVELYN ROAD,11,4.99,4.73,5.44,28694.83965,33139.94634
2024Q3,RESIDENCES @ EVELYN,EVELYN ROAD,11,4.51,4.29,4.88,28694.83965,33139.94634
2024Q4,RESIDENCES @ EVELYN,EVELYN ROAD,11,4.87,4.55,5.31,28694.83965,33139.94634
2024Q2,RESIDENCES @ EVELYN,EVELYN ROAD,11,4.92,4.74,5.05,28694.83965,33139.94634
2025Q1,RESIDENCES @ EVELYN,EVELYN ROAD,11,4.77,4.51,5.2,28694.83965,33139.94634
2026Q2,RESIDENCES @ EVELYN,EVELYN ROAD,11,4.89,4.68,5.23,28694.83965,33139.94634
2026Q1,RESIDENCES @ EVELYN,EVELYN ROAD,11,5.07,5,5.23,28694.83965,33139.94634
2025Q2,RESIDENCES @ EVELYN,EVELYN ROAD,11,4.87,4.62,5.09,28694.83965,33139.94634
2025Q3,RESIDENCES @ EVELYN,EVELYN ROAD,11,4.91,4.55,5.2,28694.83965,33139.94634
2023Q3,RV SUITES,RIVER VALLEY ROAD,10,6.66,6.28,7.04,27558.1896,30880.98557
2024Q1,RV SUITES,RIVER VALLEY ROAD,10,6.83,5.98,7.02,27558.1896,30880.98557
2024Q3,RV SUITES,RIVER VALLEY ROAD,10,6.26,5.4,6.73,27558.1896,30880.98557
2024Q4,RV SUITES,RIVER VALLEY ROAD,10,5.91,5.64,6.42,27558.1896,30880.98557
2025Q1,RV SUITES,RIVER VALLEY ROAD,10,6.2,5.92,6.45,27558.1896,30880.98557
2025Q4,RV SUITES,RIVER VALLEY ROAD,10,6.3,5.83,6.56,27558.1896,30880.98557
2025Q2,RV SUITES,RIVER VALLEY ROAD,10,6.29,5.92,6.77,27558.1896,30880.98557
2025Q3,RV SUITES,RIVER VALLEY ROAD,10,6.46,6.14,6.77,27558.1896,30880.98557
2023Q3,CLEMENTIWOODS CONDOMINIUM,WEST COAST ROAD,05,4.61,4.16,4.88,20760.90538,31003.25679
2024Q3,CLEMENTIWOODS CONDOMINIUM,WEST COAST ROAD,05,4.55,4.27,5.23,20760.90538,31003.25679
2024Q4,CLEMENTIWOODS CONDOMINIUM,WEST COAST ROAD,05,4.45,4.11,5.11,20760.90538,31003.25679
2024Q2,CLEMENTIWOODS CONDOMINIUM,WEST COAST ROAD,05,4.47,4.17,4.89,20760.90538,31003.25679
2025Q3,CLEMENTIWOODS CONDOMINIUM,WEST COAST ROAD,05,4.48,4.23,4.92,20760.90538,31003.25679
2026Q2,CLEMENTIWOODS CONDOMINIUM,WEST COAST ROAD,05,4.37,4.27,4.75,20760.90538,31003.25679
2023Q4,JADESCAPE,SHUNFU ROAD,20,6.74,6.61,7.06,28545.82032,37094.46654
2024Q1,JADESCAPE,SHUNFU ROAD,20,6.54,6.19,6.83,28545.82032,37094.46654
2023Q3,JADESCAPE,SHUNFU ROAD,20,6.54,6.23,7.2,28545.82032,37094.46654
2024Q3,JADESCAPE,SHUNFU ROAD,20,6.39,5.81,6.64,28545.82032,37094.46654
2024Q4,JADESCAPE,SHUNFU ROAD,20,6.3,6.19,6.64,28545.82032,37094.46654
2024Q2,JADESCAPE,SHUNFU ROAD,20,6.26,5.95,6.45,28545.82032,37094.46654
2025Q1,JADESCAPE,SHUNFU ROAD,20,6.26,5.89,6.5,28545.82032,37094.46654
2025Q4,JADESCAPE,SHUNFU ROAD,20,6.26,6.02,6.59,28545.82032,37094.46654
2026Q1,JADESCAPE,SHUNFU ROAD,20,6.45,6.05,6.64,28545.82032,37094.46654
2025Q2,JADESCAPE,SHUNFU ROAD,20,6.35,5.89,6.61,28545.82032,37094.46654
2025Q3,JADESCAPE,SHUNFU ROAD,20,6.18,5.86,6.57,28545.82032,37094.46654
2026Q2,JADESCAPE,SHUNFU ROAD,20,6.26,5.96,6.5,28545.82032,37094.46654
2024Q3,NOUVEL 18,ANDERSON ROAD,10,6.32,5.45,7.18,27435.15301,32563.49026
2025Q1,NOUVEL 18,ANDERSON ROAD,10,6.94,5.98,7.85,27435.15301,32563.49026
2025Q4,NOUVEL 18,ANDERSON ROAD,10,6.31,6.05,7,27435.15301,32563.49026
2026Q2,NOUVEL 18,ANDERSON ROAD,10,6.04,5.97,6.34,27435.15301,32563.49026
2023Q4,PARC OLYMPIA,FLORA DRIVE,17,4.01,3.62,4.46,42633.31253,37455.81946
2024Q1,PARC OLYMPIA,FLORA DRIVE,17,3.87,3.59,4.45,42633.31253,37455.81946
2023Q3,PARC OLYMPIA,FLORA DRIVE,17,4.68,4.12,5.5,42633.31253,37455.81946
2024Q3,PARC OLYMPIA,FLORA DRIVE,17,4.12,3.75,4.36,42633.31253,37455.81946
2024Q4,PARC OLYMPIA,FLORA DRIVE,17,3.78,3.52,4.32,42633.31253,37455.81946
2024Q2,PARC OLYMPIA,FLORA DRIVE,17,4.13,3.74,4.65,42633.31253,37455.81946
2025Q1,PARC OLYMPIA,FLORA DRIVE,17,3.97,3.48,4.61,42633.31253,37455.81946
2025Q4,PARC OLYMPIA,FLORA DRIVE,17,4.39,3.69,4.65,42633.31253,37455.81946
2026Q1,PARC OLYMPIA,FLORA DRIVE,17,4,3.64,4.49,42633.31253,37455.81946
2025Q2,PARC OLYMPIA,FLORA DRIVE,17,4.01,3.74,4.57,42633.31253,37455.81946
2025Q3,PARC OLYMPIA,FLORA DRIVE,17,4.26,3.65,4.74,42633.31253,37455.81946
2026Q2,PARC OLYMPIA,FLORA DRIVE,17,4.14,3.66,4.76,42633.31253,37455.81946
2024Q2,NEWTON 18,NEWTON ROAD,11,5.18,4.58,5.43,28877.3461,32945.97071
2025Q2,NEWTON 18,NEWTON ROAD,11,5.4,4.92,6.11,28877.3461,32945.97071
2025Q3,NEWTON 18,NEWTON ROAD,11,4.89,4.7,5.46,28877.3461,32945.97071
2023Q3,THE VERANDAH RESIDENCES,PASIR PANJANG ROAD,05,6.68,6.25,6.95,22586.70781,29092.50241
2023Q4,THE VERANDAH RESIDENCES,PASIR PANJANG ROAD,05,6.75,5.72,7.05,22586.70781,29092.50241
2024Q1,THE VERANDAH RESIDENCES,PASIR PANJANG ROAD,05,6.1,5.52,6.64,22586.70781,29092.50241
2025Q1,THE VERANDAH RESIDENCES,PASIR PANJANG ROAD,05,6.23,5.49,6.93,22586.70781,29092.50241
2024Q3,THE VERANDAH RESIDENCES,PASIR PANJANG ROAD,05,6.13,5.48,7.1,22586.70781,29092.50241
2024Q4,THE VERANDAH RESIDENCES,PASIR PANJANG ROAD,05,6.83,5.89,7.17,22586.70781,29092.50241
2024Q2,THE VERANDAH RESIDENCES,PASIR PANJANG ROAD,05,5.81,5.34,6.26,22586.70781,29092.50241
2025Q4,THE VERANDAH RESIDENCES,PASIR PANJANG ROAD,05,6.96,5.98,7.31,22586.70781,29092.50241
2026Q2,THE VERANDAH RESIDENCES,PASIR PANJANG ROAD,05,6.38,5.65,7.2,22586.70781,29092.50241
2026Q1,THE VERANDAH RESIDENCES,PASIR PANJANG ROAD,05,6.03,5.69,6.95,22586.70781,29092.50241
2025Q2,THE VERANDAH RESIDENCES,PASIR PANJANG ROAD,05,5.91,5.39,6.47,22586.70781,29092.50241
2025Q3,THE VERANDAH RESIDENCES,PASIR PANJANG ROAD,05,6.19,5.64,7.02,22586.70781,29092.50241
2023Q3,THE TRIZON,RIDGEWOOD CLOSE,10,4.65,4.26,4.84,21822.14526,33291.13256
2023Q4,THE TRIZON,RIDGEWOOD CLOSE,10,4.71,4.48,4.79,21822.14526,33291.13256
2024Q1,THE TRIZON,RIDGEWOOD CLOSE,10,4.45,4.29,4.69,21822.14526,33291.13256
2025Q1,THE TRIZON,RIDGEWOOD CLOSE,10,4.31,4.1,4.48,21822.14526,33291.13256
2024Q3,THE TRIZON,RIDGEWOOD CLOSE,10,4.39,3.99,4.6,21822.14526,33291.13256
2024Q4,THE TRIZON,RIDGEWOOD CLOSE,10,4.3,4.09,4.6,21822.14526,33291.13256
2025Q4,THE TRIZON,RIDGEWOOD CLOSE,10,4.45,4.18,4.6,21822.14526,33291.13256
2026Q2,THE TRIZON,RIDGEWOOD CLOSE,10,4.45,4.09,4.65,21822.14526,33291.13256
2026Q1,THE TRIZON,RIDGEWOOD CLOSE,10,4.6,4.32,4.74,21822.14526,33291.13256
2025Q2,THE TRIZON,RIDGEWOOD CLOSE,10,4.31,3.93,4.6,21822.14526,33291.13256
2025Q3,THE TRIZON,RIDGEWOOD CLOSE,10,4.5,4.33,4.74,21822.14526,33291.13256
2024Q1,NOMA,GUILLEMARD ROAD,14,6.32,5.59,6.6,33814.95808,32631.18267
2024Q2,NOMA,GUILLEMARD ROAD,14,5.47,5.2,5.72,33814.95808,32631.18267
2023Q3,THE REGENCY AT TIONG BAHRU,CHAY YAN STREET,03,5.93,5.57,6.05,27634.9727,29407.22327
2024Q1,THE REGENCY AT TIONG BAHRU,CHAY YAN STREET,03,5.38,5.17,5.7,27634.9727,29407.22327
2025Q1,THE REGENCY AT TIONG BAHRU,CHAY YAN STREET,03,5.46,5.36,5.67,27634.9727,29407.22327
2025Q4,THE REGENCY AT TIONG BAHRU,CHAY YAN STREET,03,5.62,5.46,5.83,27634.9727,29407.22327
2026Q2,THE REGENCY AT TIONG BAHRU,CHAY YAN STREET,03,5.62,5.51,5.7,27634.9727,29407.22327
2026Q1,THE REGENCY AT TIONG BAHRU,CHAY YAN STREET,03,5.53,5.45,5.73,27634.9727,29407.22327
2025Q2,THE REGENCY AT TIONG BAHRU,CHAY YAN STREET,03,5.51,5.33,5.66,27634.9727,29407.22327
2025Q3,THE REGENCY AT TIONG BAHRU,CHAY YAN STREET,03,5.78,5.62,5.94,27634.9727,29407.22327
2023Q4,AMBER RESIDENCES,AMBER ROAD,15,4.92,4.52,4.98,35519.45211,31520.23453
2023Q3,SKIES MILTONIA,MILTONIA CLOSE,27,4.48,3.76,5.12,29548.05378,44464.67119
2023Q4,SKIES MILTONIA,MILTONIA CLOSE,27,4.5,3.69,4.97,29548.05378,44464.67119
2024Q1,SKIES MILTONIA,MILTONIA CLOSE,27,4.68,3.62,5.23,29548.05378,44464.67119
2024Q3,SKIES MILTONIA,MILTONIA CLOSE,27,3.92,3.61,4.71,29548.05378,44464.67119
2024Q4,SKIES MILTONIA,MILTONIA CLOSE,27,4.3,3.89,5.12,29548.05378,44464.67119
2024Q2,SKIES MILTONIA,MILTONIA CLOSE,27,4.3,3.69,4.61,29548.05378,44464.67119
2025Q1,SKIES MILTONIA,MILTONIA CLOSE,27,4.27,3.72,4.95,29548.05378,44464.67119
2026Q2,SKIES MILTONIA,MILTONIA CLOSE,27,4.37,3.84,5.32,29548.05378,44464.67119
2025Q4,SKIES MILTONIA,MILTONIA CLOSE,27,4.14,3.59,4.61,29548.05378,44464.67119
2026Q1,SKIES MILTONIA,MILTONIA CLOSE,27,4.2,3.94,5,29548.05378,44464.67119
2025Q2,SKIES MILTONIA,MILTONIA CLOSE,27,4.27,3.87,5.11,29548.05378,44464.67119
2025Q3,SKIES MILTONIA,MILTONIA CLOSE,27,4.3,3.72,4.5,29548.05378,44464.67119
2025Q3,NEW FUTURA,LEONIE HILL ROAD,09,7.74,7.46,8.06,28091.7298,31158.64939
2025Q1,ESPA,CASHEW ROAD,23,3.53,3.36,3.79,20462.11667,38986.40883
2023Q3,THE CLEMENT CANOPY,CLEMENTI AVENUE 1,05,6.2,5.7,6.56,20799.79949,32104.00245
2023Q4,THE CLEMENT CANOPY,CLEMENTI AVENUE 1,05,5.89,5.77,6.16,20799.79949,32104.00245
2024Q1,THE CLEMENT CANOPY,CLEMENTI AVENUE 1,05,5.75,5.52,6.02,20799.79949,32104.00245
2024Q3,THE CLEMENT CANOPY,CLEMENTI AVENUE 1,05,5.93,5.45,6.16,20799.79949,32104.00245
2024Q4,THE CLEMENT CANOPY,CLEMENTI AVENUE 1,05,5.88,5.56,6.11,20799.79949,32104.00245
2024Q2,THE CLEMENT CANOPY,CLEMENTI AVENUE 1,05,5.61,5.43,6.04,20799.79949,32104.00245
2025Q1,THE CLEMENT CANOPY,CLEMENTI AVENUE 1,05,5.88,5.7,6.14,20799.79949,32104.00245
2026Q2,THE CLEMENT CANOPY,CLEMENTI AVENUE 1,05,5.43,5.28,6.05,20799.79949,32104.00245
2025Q4,THE CLEMENT CANOPY,CLEMENTI AVENUE 1,05,5.83,5.45,6.19,20799.79949,32104.00245
2026Q1,THE CLEMENT CANOPY,CLEMENTI AVENUE 1,05,5.98,5.61,6.17,20799.79949,32104.00245
2025Q2,THE CLEMENT CANOPY,CLEMENTI AVENUE 1,05,5.7,5.55,6.01,20799.79949,32104.00245
2025Q3,THE CLEMENT CANOPY,CLEMENTI AVENUE 1,05,6,5.55,6.38,20799.79949,32104.00245
2023Q3,WATERFALL GARDENS,FARRER ROAD,10,4.9,4.51,5.26,24826.32085,32652.3377
2025Q1,WATERFALL GARDENS,FARRER ROAD,10,4.48,4.37,4.78,24826.32085,32652.3377
2024Q3,WATERFALL GARDENS,FARRER ROAD,10,4.32,4.25,4.79,24826.32085,32652.3377
2025Q3,WATERFALL GARDENS,FARRER ROAD,10,4.78,4.52,4.92,24826.32085,32652.3377
2026Q2,WATERFALL GARDENS,FARRER ROAD,10,4.7,4.45,5.36,24826.32085,32652.3377
2023Q3,PINNACLE 16,SHAN ROAD,12,5.71,5.49,5.9,29427.62797,34091.53142
2026Q2,PINNACLE 16,SHAN ROAD,12,5.57,5.29,5.63,29427.62797,34091.53142
2023Q4,KOVAN RESIDENCES,KOVAN ROAD,19,4.36,4.1,4.59,33787.75297,38131.84688
2024Q1,KOVAN RESIDENCES,KOVAN ROAD,19,4.29,3.92,4.53,33787.75297,38131.84688
2023Q3,KOVAN RESIDENCES,KOVAN ROAD,19,4.18,4,4.37,33787.75297,38131.84688
2024Q3,KOVAN RESIDENCES,KOVAN ROAD,19,4.16,3.92,4.37,33787.75297,38131.84688
2024Q4,KOVAN RESIDENCES,KOVAN ROAD,19,4.25,4.15,4.53,33787.75297,38131.84688
2024Q2,KOVAN RESIDENCES,KOVAN ROAD,19,4.29,4.04,4.46,33787.75297,38131.84688
2025Q1,KOVAN RESIDENCES,KOVAN ROAD,19,4.17,3.95,4.48,33787.75297,38131.84688
2025Q4,KOVAN RESIDENCES,KOVAN ROAD,19,4.41,3.95,4.49,33787.75297,38131.84688
2026Q1,KOVAN RESIDENCES,KOVAN ROAD,19,4.29,4.13,4.45,33787.75297,38131.84688
2025Q2,KOVAN RESIDENCES,KOVAN ROAD,19,4.25,3.91,4.46,33787.75297,38131.84688
2025Q3,KOVAN RESIDENCES,KOVAN ROAD,19,4.33,4.21,4.61,33787.75297,38131.84688
2026Q2,KOVAN RESIDENCES,KOVAN ROAD,19,4.33,4.29,4.56,33787.75297,38131.84688
2023Q4,LEONIE GARDENS,LEONIE HILL,09,3.91,3.63,4.3,27923.88796,31173.05187
2024Q1,LEONIE GARDENS,LEONIE HILL,09,3.68,3.38,4.25,27923.88796,31173.05187
2023Q3,LEONIE GARDENS,LEONIE HILL,09,4.13,3.54,4.41,27923.88796,31173.05187
2024Q3,LEONIE GARDENS,LEONIE HILL,09,3.81,3.56,4.27,27923.88796,31173.05187
2024Q4,LEONIE GARDENS,LEONIE HILL,09,4.33,3.54,4.42,27923.88796,31173.05187
2025Q4,LEONIE GARDENS,LEONIE HILL,09,3.86,3.62,4.44,27923.88796,31173.05187
2026Q1,LEONIE GARDENS,LEONIE HILL,09,4.23,3.43,4.7,27923.88796,31173.05187
2025Q2,LEONIE GARDENS,LEONIE HILL,09,3.94,3.35,4.5,27923.88796,31173.05187
2025Q3,LEONIE GARDENS,LEONIE HILL,09,3.66,3.54,4.33,27923.88796,31173.05187
2024Q1,CORALIS,JOO CHIAT ROAD,15,5.16,4.7,6.36,36033.35851,31863.74738
2023Q4,CORALIS,JOO CHIAT ROAD,15,6.19,5,6.66,36033.35851,31863.74738
2024Q3,CORALIS,JOO CHIAT ROAD,15,5.48,5.21,6.46,36033.35851,31863.74738
2024Q4,CORALIS,JOO CHIAT ROAD,15,6.46,5.12,6.65,36033.35851,31863.74738
2025Q1,CORALIS,JOO CHIAT ROAD,15,5.57,5.3,6.36,36033.35851,31863.74738
2025Q4,CORALIS,JOO CHIAT ROAD,15,5.7,4.76,6.66,36033.35851,31863.74738
2026Q1,CORALIS,JOO CHIAT ROAD,15,5.2,4.93,7.02,36033.35851,31863.74738
2025Q2,CORALIS,JOO CHIAT ROAD,15,5.36,5.09,5.69,36033.35851,31863.74738
2025Q3,CORALIS,JOO CHIAT ROAD,15,6.22,4.93,7.12,36033.35851,31863.74738
2026Q2,CORALIS,JOO CHIAT ROAD,15,5.53,5.13,5.63,36033.35851,31863.74738
2023Q4,RIVERSAILS,UPPER SERANGOON CRESCENT,19,4.06,3.74,4.26,35669.129,40006.05377
2023Q3,RIVERSAILS,UPPER SERANGOON CRESCENT,19,4.24,4.11,4.87,35669.129,40006.05377
2024Q1,RIVERSAILS,UPPER SERANGOON CRESCENT,19,3.92,3.76,4.24,35669.129,40006.05377
2024Q3,RIVERSAILS,UPPER SERANGOON CRESCENT,19,3.93,3.7,4.05,35669.129,40006.05377
2024Q4,RIVERSAILS,UPPER SERANGOON CRESCENT,19,3.97,3.74,4.89,35669.129,40006.05377
2024Q2,RIVERSAILS,UPPER SERANGOON CRESCENT,19,4.14,3.85,4.74,35669.129,40006.05377
2025Q1,RIVERSAILS,UPPER SERANGOON CRESCENT,19,3.87,3.75,4.27,35669.129,40006.05377
2026Q2,RIVERSAILS,UPPER SERANGOON CRESCENT,19,3.88,3.8,4.94,35669.129,40006.05377
2025Q4,RIVERSAILS,UPPER SERANGOON CRESCENT,19,3.96,3.77,4.04,35669.129,40006.05377
2026Q1,RIVERSAILS,UPPER SERANGOON CRESCENT,19,3.88,3.77,4.04,35669.129,40006.05377
2025Q2,RIVERSAILS,UPPER SERANGOON CRESCENT,19,3.91,3.79,4.27,35669.129,40006.05377
2025Q3,RIVERSAILS,UPPER SERANGOON CRESCENT,19,3.89,3.69,4,35669.129,40006.05377
2024Q3,LOFT @ STEVENS,STEVENS ROAD,10,7.93,7.17,8.74,27217.31178,33335.94395
2026Q2,LOFT @ STEVENS,STEVENS ROAD,10,7.78,7.35,8.33,27217.31178,33335.94395
2024Q1,PARC HAVEN,LORONG LIMAU,12,4.28,3.53,4.87,30391.5293,34012.1933
2023Q3,PARC HAVEN,LORONG LIMAU,12,4.15,3.89,4.43,30391.5293,34012.1933
2024Q4,PARC HAVEN,LORONG LIMAU,12,4.21,3.72,5.51,30391.5293,34012.1933
2025Q3,PARC HAVEN,LORONG LIMAU,12,4,3.79,4.32,30391.5293,34012.1933
2024Q1,IDYLLIC SUITES,LORONG 30 GEYLANG,14,6.17,5.78,6.55,33908.56045,32799.42485
2023Q3,IDYLLIC SUITES,LORONG 30 GEYLANG,14,6.31,5.77,6.54,33908.56045,32799.42485
2025Q4,IDYLLIC SUITES,LORONG 30 GEYLANG,14,6.04,5.78,6.1,33908.56045,32799.42485
2025Q2,IDYLLIC SUITES,LORONG 30 GEYLANG,14,5.57,5.26,5.93,33908.56045,32799.42485
2024Q3,8M RESIDENCES,MARGATE ROAD,15,5.62,5.07,5.84,34169.92989,31299.57676
2023Q3,GRANDEUR 8,ANG MO KIO CENTRAL 3,20,3.67,3.47,3.86,29498.80486,39833.65835
2023Q4,GRANDEUR 8,ANG MO KIO CENTRAL 3,20,3.66,3.48,3.74,29498.80486,39833.65835
2024Q1,GRANDEUR 8,ANG MO KIO CENTRAL 3,20,3.77,3.6,3.96,29498.80486,39833.65835
2024Q3,GRANDEUR 8,ANG MO KIO CENTRAL 3,20,3.68,3.5,3.85,29498.80486,39833.65835
2024Q4,GRANDEUR 8,ANG MO KIO CENTRAL 3,20,3.58,3.41,3.79,29498.80486,39833.65835
2024Q2,GRANDEUR 8,ANG MO KIO CENTRAL 3,20,3.64,3.43,3.83,29498.80486,39833.65835
2025Q1,GRANDEUR 8,ANG MO KIO CENTRAL 3,20,3.6,3.49,3.85,29498.80486,39833.65835
2025Q4,GRANDEUR 8,ANG MO KIO CENTRAL 3,20,3.57,3.42,3.81,29498.80486,39833.65835
2025Q2,GRANDEUR 8,ANG MO KIO CENTRAL 3,20,3.73,3.64,3.84,29498.80486,39833.65835
2025Q3,GRANDEUR 8,ANG MO KIO CENTRAL 3,20,3.62,3.56,3.92,29498.80486,39833.65835
2025Q3,LA FLEUR,LORONG 26 GEYLANG,14,5.84,5.44,6.08,33713.19347,32757.46998
2026Q2,LA FLEUR,LORONG 26 GEYLANG,14,6.11,5.67,6.36,33713.19347,32757.46998
2023Q3,TIARA,KIM SENG WALK,09,5.22,4.84,5.75,27733.64651,30836.64497
2023Q4,TIARA,KIM SENG WALK,09,5.15,4.8,5.65,27733.64651,30836.64497
2024Q1,TIARA,KIM SENG WALK,09,5.02,4.61,5.22,27733.64651,30836.64497
2025Q1,TIARA,KIM SENG WALK,09,4.68,4.46,5.09,27733.64651,30836.64497
2024Q3,TIARA,KIM SENG WALK,09,4.83,4.55,4.98,27733.64651,30836.64497
2024Q4,TIARA,KIM SENG WALK,09,4.76,4.5,5.37,27733.64651,30836.64497
2024Q2,TIARA,KIM SENG WALK,09,5.07,4.72,5.31,27733.64651,30836.64497
2025Q4,TIARA,KIM SENG WALK,09,5.26,4.92,5.6,27733.64651,30836.64497
2026Q2,TIARA,KIM SENG WALK,09,5.26,5.15,5.6,27733.64651,30836.64497
2026Q1,TIARA,KIM SENG WALK,09,4.92,4.65,5.01,27733.64651,30836.64497
2025Q2,TIARA,KIM SENG WALK,09,5.01,4.68,5.16,27733.64651,30836.64497
2025Q3,TIARA,KIM SENG WALK,09,4.87,4.67,5.01,27733.64651,30836.64497
2023Q3,EMERALD PARK,INDUS ROAD,03,4.52,4.43,4.65,27646.91411,30271.27804
2023Q4,EMERALD PARK,INDUS ROAD,03,4.33,3.93,4.56,27646.91411,30271.27804
2024Q3,EMERALD PARK,INDUS ROAD,03,4.38,4.07,4.54,27646.91411,30271.27804
2024Q4,EMERALD PARK,INDUS ROAD,03,4.32,4.02,4.49,27646.91411,30271.27804
2024Q2,EMERALD PARK,INDUS ROAD,03,4.07,3.96,4.45,27646.91411,30271.27804
2025Q1,EMERALD PARK,INDUS ROAD,03,4.43,3.99,4.57,27646.91411,30271.27804
2025Q4,EMERALD PARK,INDUS ROAD,03,4.44,4.17,4.54,27646.91411,30271.27804
2025Q2,EMERALD PARK,INDUS ROAD,03,4.43,4.19,4.7,27646.91411,30271.27804
2025Q3,EMERALD PARK,INDUS ROAD,03,4.43,4.32,4.55,27646.91411,30271.27804
2023Q3,THE WARREN,CHOA CHU KANG LOOP,23,3.6,3.38,3.88,18015.81125,40950.78215
2023Q4,THE WARREN,CHOA CHU KANG LOOP,23,3.4,3.2,3.55,18015.81125,40950.78215
2024Q1,THE WARREN,CHOA CHU KANG LOOP,23,3.4,3.18,3.57,18015.81125,40950.78215
2025Q1,THE WARREN,CHOA CHU KANG LOOP,23,3.45,3.2,3.5,18015.81125,40950.78215
2024Q3,THE WARREN,CHOA CHU KANG LOOP,23,3.34,3.22,3.46,18015.81125,40950.78215
2024Q4,THE WARREN,CHOA CHU KANG LOOP,23,3.28,3.1,3.47,18015.81125,40950.78215
2024Q2,THE WARREN,CHOA CHU KANG LOOP,23,3.29,3.22,3.57,18015.81125,40950.78215
2025Q4,THE WARREN,CHOA CHU KANG LOOP,23,3.32,3.19,3.47,18015.81125,40950.78215
2026Q2,THE WARREN,CHOA CHU KANG LOOP,23,3.43,3.28,3.57,18015.81125,40950.78215
2026Q1,THE WARREN,CHOA CHU KANG LOOP,23,3.38,3.28,3.55,18015.81125,40950.78215
2025Q2,THE WARREN,CHOA CHU KANG LOOP,23,3.38,3.19,3.5,18015.81125,40950.78215
2025Q3,THE WARREN,CHOA CHU KANG LOOP,23,3.46,3.32,3.69,18015.81125,40950.78215
2023Q4,CENTRA RESIDENCE,LORONG 7 GEYLANG,14,5.92,5.13,6.78,32748.18177,32801.6069
2023Q3,CENTRA RESIDENCE,LORONG 7 GEYLANG,14,6.74,5.64,6.96,32748.18177,32801.6069
2024Q4,CENTRA RESIDENCE,LORONG 7 GEYLANG,14,6.19,5.6,7.1,32748.18177,32801.6069
2024Q2,CENTRA RESIDENCE,LORONG 7 GEYLANG,14,5.75,5.42,6.19,32748.18177,32801.6069
2025Q2,CENTRA RESIDENCE,LORONG 7 GEYLANG,14,6.06,5.68,6.58,32748.18177,32801.6069
2025Q3,CENTRA RESIDENCE,LORONG 7 GEYLANG,14,6.36,6.15,6.91,32748.18177,32801.6069
2026Q2,CENTRA RESIDENCE,LORONG 7 GEYLANG,14,5.86,5.3,6.3,32748.18177,32801.6069
2023Q3,VARSITY PARK CONDOMINIUM,WEST COAST ROAD,05,4.43,4.03,4.8,20838.83837,30750.9406
2023Q4,VARSITY PARK CONDOMINIUM,WEST COAST ROAD,05,4.59,4.28,4.88,20838.83837,30750.9406
2025Q1,VARSITY PARK CONDOMINIUM,WEST COAST ROAD,05,4.48,4.31,4.87,20838.83837,30750.9406
2024Q2,VARSITY PARK CONDOMINIUM,WEST COAST ROAD,05,4.17,3.95,4.49,20838.83837,30750.9406
2024Q3,VARSITY PARK CONDOMINIUM,WEST COAST ROAD,05,4.16,3.78,4.65,20838.83837,30750.9406
2024Q4,VARSITY PARK CONDOMINIUM,WEST COAST ROAD,05,4.06,3.82,4.48,20838.83837,30750.9406
2025Q3,VARSITY PARK CONDOMINIUM,WEST COAST ROAD,05,4.37,4.05,4.67,20838.83837,30750.9406
2025Q4,VARSITY PARK CONDOMINIUM,WEST COAST ROAD,05,4.39,3.89,4.71,20838.83837,30750.9406
2025Q2,VARSITY PARK CONDOMINIUM,WEST COAST ROAD,05,4.06,3.78,4.47,20838.83837,30750.9406
2026Q2,VARSITY PARK CONDOMINIUM,WEST COAST ROAD,05,4.49,3.99,4.63,20838.83837,30750.9406
2023Q3,THE FORESTA @ MOUNT FABER,WISHART ROAD,04,5.73,5.11,6.44,25866.07973,28131.53904
2023Q4,THE FORESTA @ MOUNT FABER,WISHART ROAD,04,6.24,5.47,7.2,25866.07973,28131.53904
2024Q3,THE FORESTA @ MOUNT FABER,WISHART ROAD,04,5.95,5.57,6.42,25866.07973,28131.53904
2024Q4,THE FORESTA @ MOUNT FABER,WISHART ROAD,04,5.6,4.63,7.43,25866.07973,28131.53904
2024Q2,THE FORESTA @ MOUNT FABER,WISHART ROAD,04,5.55,4.79,7.43,25866.07973,28131.53904
2026Q2,THE FORESTA @ MOUNT FABER,WISHART ROAD,04,5.51,4.92,6.93,25866.07973,28131.53904
2025Q4,THE FORESTA @ MOUNT FABER,WISHART ROAD,04,5.98,5.21,7.32,25866.07973,28131.53904
2026Q1,THE FORESTA @ MOUNT FABER,WISHART ROAD,04,7.08,5.77,7.43,25866.07973,28131.53904
2025Q2,THE FORESTA @ MOUNT FABER,WISHART ROAD,04,6.91,5.92,7.26,25866.07973,28131.53904
2025Q3,THE FORESTA @ MOUNT FABER,WISHART ROAD,04,5.84,5.18,6.85,25866.07973,28131.53904
2026Q2,THE LANDMARK,CHIN SWEE ROAD,03,7.26,6.54,7.52,28688.05765,29828.77158
2026Q1,THE LANDMARK,CHIN SWEE ROAD,03,7.4,6.78,7.93,28688.05765,29828.77158
2024Q1,D'NEST,PASIR RIS GROVE,18,4.51,4.25,5.07,40511.8252,39020.44759
2023Q4,D'NEST,PASIR RIS GROVE,18,4.65,4.24,5.81,40511.8252,39020.44759
2023Q3,D'NEST,PASIR RIS GROVE,18,4.8,4.38,5.78,40511.8252,39020.44759
2024Q3,D'NEST,PASIR RIS GROVE,18,4.38,4.08,5.37,40511.8252,39020.44759
2024Q4,D'NEST,PASIR RIS GROVE,18,4.38,4.16,5.26,40511.8252,39020.44759
2024Q2,D'NEST,PASIR RIS GROVE,18,4.59,4.12,5.37,40511.8252,39020.44759
2025Q1,D'NEST,PASIR RIS GROVE,18,4.38,4.16,5.31,40511.8252,39020.44759
2025Q4,D'NEST,PASIR RIS GROVE,18,4.27,4.08,4.69,40511.8252,39020.44759
2026Q1,D'NEST,PASIR RIS GROVE,18,4.31,4.11,4.61,40511.8252,39020.44759
2025Q2,D'NEST,PASIR RIS GROVE,18,4.32,4.11,5.14,40511.8252,39020.44759
2025Q3,D'NEST,PASIR RIS GROVE,18,4.38,4.2,5.21,40511.8252,39020.44759
2026Q2,D'NEST,PASIR RIS GROVE,18,4.33,4.13,5.26,40511.8252,39020.44759
2023Q3,SCOTTS SQUARE,SCOTTS ROAD,09,7.96,7.63,8.61,27982.75389,32004.66359
2023Q4,SCOTTS SQUARE,SCOTTS ROAD,09,8.01,7.61,8.53,27982.75389,32004.66359
2024Q1,SCOTTS SQUARE,SCOTTS ROAD,09,8.12,7.83,8.44,27982.75389,32004.66359
2024Q3,SCOTTS SQUARE,SCOTTS ROAD,09,7.93,7.24,8.47,27982.75389,32004.66359
2024Q4,SCOTTS SQUARE,SCOTTS ROAD,09,8.02,7.32,8.58,27982.75389,32004.66359
2024Q2,SCOTTS SQUARE,SCOTTS ROAD,09,7.87,7.37,8.49,27982.75389,32004.66359
2025Q1,SCOTTS SQUARE,SCOTTS ROAD,09,7.96,7.59,8.28,27982.75389,32004.66359
2026Q2,SCOTTS SQUARE,SCOTTS ROAD,09,8.15,7.63,8.72,27982.75389,32004.66359
2025Q4,SCOTTS SQUARE,SCOTTS ROAD,09,8.01,7.67,8.37,27982.75389,32004.66359
2026Q1,SCOTTS SQUARE,SCOTTS ROAD,09,8.19,7.58,8.71,27982.75389,32004.66359
2025Q2,SCOTTS SQUARE,SCOTTS ROAD,09,7.98,7.39,8.59,27982.75389,32004.66359
2025Q3,SCOTTS SQUARE,SCOTTS ROAD,09,8.01,7.62,8.49,27982.75389,32004.66359
2023Q3,CAVENAGH GARDENS,CAVENAGH ROAD,09,3.44,3.23,4.13,28791.95673,31976.2386
2024Q3,CAVENAGH GARDENS,CAVENAGH ROAD,09,3.62,3.16,4.38,28791.95673,31976.2386
2025Q1,CAVENAGH GARDENS,CAVENAGH ROAD,09,3.27,2.85,3.72,28791.95673,31976.2386
2025Q4,CAVENAGH GARDENS,CAVENAGH ROAD,09,3.4,2.77,4.35,28791.95673,31976.2386
2025Q2,CAVENAGH GARDENS,CAVENAGH ROAD,09,3.44,3.01,3.61,28791.95673,31976.2386
2025Q3,CAVENAGH GARDENS,CAVENAGH ROAD,09,3.62,3.24,4.14,28791.95673,31976.2386
2025Q3,WATERFRONT @ FABER,FABER WALK,05,4.54,4.46,4.66,19204.89097,33932.59625
2023Q4,KOVAN MELODY,KOVAN ROAD,19,4.27,4.19,4.53,33590.59803,38053.88678
2024Q1,KOVAN MELODY,KOVAN ROAD,19,4.28,4.15,4.42,33590.59803,38053.88678
2023Q3,KOVAN MELODY,KOVAN ROAD,19,4.19,4.03,4.49,33590.59803,38053.88678
2024Q3,KOVAN MELODY,KOVAN ROAD,19,4.11,3.99,4.42,33590.59803,38053.88678
2024Q4,KOVAN MELODY,KOVAN ROAD,19,4.4,3.93,4.42,33590.59803,38053.88678
2024Q2,KOVAN MELODY,KOVAN ROAD,19,4.04,3.8,4.2,33590.59803,38053.88678
2025Q1,KOVAN MELODY,KOVAN ROAD,19,4.07,3.91,4.37,33590.59803,38053.88678
2025Q4,KOVAN MELODY,KOVAN ROAD,19,4.35,4.12,4.48,33590.59803,38053.88678
2026Q1,KOVAN MELODY,KOVAN ROAD,19,4.36,4.07,4.53,33590.59803,38053.88678
2025Q2,KOVAN MELODY,KOVAN ROAD,19,4.15,4.07,4.37,33590.59803,38053.88678
2025Q3,KOVAN MELODY,KOVAN ROAD,19,4.17,4.02,4.47,33590.59803,38053.88678
2026Q2,KOVAN MELODY,KOVAN ROAD,19,4.11,3.96,4.37,33590.59803,38053.88678
2023Q3,STARVILLE,LENGKONG TIGA,14,3.78,3.71,3.93,36799.99026,34528.70179
2024Q4,STARVILLE,LENGKONG TIGA,14,3.5,3.16,4.77,36799.99026,34528.70179
2025Q1,STARVILLE,LENGKONG TIGA,14,3.63,3.39,4.07,36799.99026,34528.70179
2026Q2,STARVILLE,LENGKONG TIGA,14,3.59,3.46,3.97,36799.99026,34528.70179
2025Q3,STARVILLE,LENGKONG TIGA,14,3.62,3.4,3.73,36799.99026,34528.70179
2023Q3,TREVISTA,LORONG 3 TOA PAYOH,12,4.86,4.52,5.23,29503.72365,35577.77544
2023Q4,TREVISTA,LORONG 3 TOA PAYOH,12,5.07,4.76,5.28,29503.72365,35577.77544
2024Q1,TREVISTA,LORONG 3 TOA PAYOH,12,4.81,4.65,4.97,29503.72365,35577.77544
2025Q1,TREVISTA,LORONG 3 TOA PAYOH,12,4.78,4.47,5.11,29503.72365,35577.77544
2024Q3,TREVISTA,LORONG 3 TOA PAYOH,12,4.7,4.43,4.95,29503.72365,35577.77544
2024Q4,TREVISTA,LORONG 3 TOA PAYOH,12,4.6,4.41,4.82,29503.72365,35577.77544
2024Q2,TREVISTA,LORONG 3 TOA PAYOH,12,4.54,4.27,4.69,29503.72365,35577.77544
2025Q3,TREVISTA,LORONG 3 TOA PAYOH,12,4.68,4.39,5,29503.72365,35577.77544
2025Q4,TREVISTA,LORONG 3 TOA PAYOH,12,4.82,4.66,5,29503.72365,35577.77544
2026Q2,TREVISTA,LORONG 3 TOA PAYOH,12,4.69,4.43,4.85,29503.72365,35577.77544
2026Q1,TREVISTA,LORONG 3 TOA PAYOH,12,4.82,4.69,5.17,29503.72365,35577.77544
2025Q2,TREVISTA,LORONG 3 TOA PAYOH,12,4.84,4.65,5.18,29503.72365,35577.77544
2023Q3,THE CLIFT,MCCALLUM STREET,01,7.74,7,8.34,29565.49115,29089.9001
2023Q4,THE CLIFT,MCCALLUM STREET,01,7.91,7.31,8.15,29565.49115,29089.9001
2024Q1,THE CLIFT,MCCALLUM STREET,01,7.35,6.96,7.95,29565.49115,29089.9001
2024Q3,THE CLIFT,MCCALLUM STREET,01,7.32,6.71,7.77,29565.49115,29089.9001
2024Q4,THE CLIFT,MCCALLUM STREET,01,7.58,6.87,7.95,29565.49115,29089.9001
2024Q2,THE CLIFT,MCCALLUM STREET,01,7.53,6.73,7.76,29565.49115,29089.9001
2025Q1,THE CLIFT,MCCALLUM STREET,01,7.38,6.71,7.93,29565.49115,29089.9001
2026Q2,THE CLIFT,MCCALLUM STREET,01,7.58,6.57,7.96,29565.49115,29089.9001
2025Q4,THE CLIFT,MCCALLUM STREET,01,7.29,6.48,7.91,29565.49115,29089.9001
2026Q1,THE CLIFT,MCCALLUM STREET,01,7.2,6.6,7.58,29565.49115,29089.9001
2025Q2,THE CLIFT,MCCALLUM STREET,01,7.28,6.54,7.88,29565.49115,29089.9001
2025Q3,THE CLIFT,MCCALLUM STREET,01,7.2,6.61,7.58,29565.49115,29089.9001
2024Q1,BOTANNIA,WEST COAST PARK,05,4.26,3.97,4.71,19174.62805,33486.76656
2023Q3,BOTANNIA,WEST COAST PARK,05,4.71,4.27,4.95,19174.62805,33486.76656
2024Q4,BOTANNIA,WEST COAST PARK,05,4.09,3.84,4.41,19174.62805,33486.76656
2024Q2,BOTANNIA,WEST COAST PARK,05,4.14,3.95,4.32,19174.62805,33486.76656
2025Q1,BOTANNIA,WEST COAST PARK,05,4.16,3.87,4.59,19174.62805,33486.76656
2024Q3,BOTANNIA,WEST COAST PARK,05,4.22,4.08,4.5,19174.62805,33486.76656
2025Q4,BOTANNIA,WEST COAST PARK,05,4.36,4.07,4.52,19174.62805,33486.76656
2026Q1,BOTANNIA,WEST COAST PARK,05,4.34,4.18,4.66,19174.62805,33486.76656
2025Q2,BOTANNIA,WEST COAST PARK,05,4.2,4.12,4.44,19174.62805,33486.76656
2025Q3,BOTANNIA,WEST COAST PARK,05,4.28,4.14,4.45,19174.62805,33486.76656
2026Q2,BOTANNIA,WEST COAST PARK,05,4.34,4.1,4.47,19174.62805,33486.76656
2023Q3,SKYSUITES@ANSON,ENGGOR STREET,02,8.58,7.88,9.01,29280.46419,28562.85906
2023Q4,SKYSUITES@ANSON,ENGGOR STREET,02,8.54,7.86,8.79,29280.46419,28562.85906
2024Q1,SKYSUITES@ANSON,ENGGOR STREET,02,7.84,7.36,8.78,29280.46419,28562.85906
2024Q3,SKYSUITES@ANSON,ENGGOR STREET,02,8.54,7.48,8.81,29280.46419,28562.85906
2024Q4,SKYSUITES@ANSON,ENGGOR STREET,02,8.66,7.92,8.94,29280.46419,28562.85906
2024Q2,SKYSUITES@ANSON,ENGGOR STREET,02,8,7.19,8.79,29280.46419,28562.85906
2025Q1,SKYSUITES@ANSON,ENGGOR STREET,02,8.58,7.58,9.02,29280.46419,28562.85906
2026Q2,SKYSUITES@ANSON,ENGGOR STREET,02,9.04,7.75,9.55,29280.46419,28562.85906
2025Q4,SKYSUITES@ANSON,ENGGOR STREET,02,8.35,7.58,8.79,29280.46419,28562.85906
2026Q1,SKYSUITES@ANSON,ENGGOR STREET,02,8.79,7.86,9.56,29280.46419,28562.85906
2025Q2,SKYSUITES@ANSON,ENGGOR STREET,02,7.91,7.33,8.79,29280.46419,28562.85906
2025Q3,SKYSUITES@ANSON,ENGGOR STREET,02,8.61,7.59,9.02,29280.46419,28562.85906
2023Q3,ALESSANDREA,ALEXANDRA ROAD,03,4.65,4.52,5.01,26813.75393,30331.84689
2025Q3,ALESSANDREA,ALEXANDRA ROAD,03,4.39,4.3,4.61,26813.75393,30331.84689
2024Q3,HOLLAND GEMS,TAMAN NAKHODA,10,4.01,3.89,4.16,25048.81852,32500.04633
2024Q4,HOLLAND GEMS,TAMAN NAKHODA,10,3.81,3.7,3.99,25048.81852,32500.04633
2025Q1,HOLLAND GEMS,TAMAN NAKHODA,10,3.81,3.66,3.91,25048.81852,32500.04633
2026Q1,HOLLAND GEMS,TAMAN NAKHODA,10,3.88,3.81,4.08,25048.81852,32500.04633
2023Q3,BANYAN CONDOMINIUM,CHWEE CHIAN ROAD,05,3.14,2.89,3.23,23054.95508,28982.82233
2025Q1,BANYAN CONDOMINIUM,CHWEE CHIAN ROAD,05,3.08,2.88,3.19,23054.95508,28982.82233
2024Q3,BANYAN CONDOMINIUM,CHWEE CHIAN ROAD,05,3.21,3.12,3.27,23054.95508,28982.82233
2025Q3,BANYAN CONDOMINIUM,CHWEE CHIAN ROAD,05,3.06,3,3.29,23054.95508,28982.82233
2023Q3,PETIT JERVOIS,JERVOIS ROAD,10,7.81,7.51,8.86,26858.24736,30606.84516
2025Q3,HORIZON RESIDENCES,PASIR PANJANG HILL,05,5.17,4.89,5.37,22517.60795,29367.35251
2023Q3,ELIAS GREEN,ELIAS GREEN,18,2.98,2.82,3.08,40066.24324,39319.55797
2025Q3,ELIAS GREEN,ELIAS GREEN,18,2.76,2.71,2.96,40066.24324,39319.55797
2026Q2,ELIAS GREEN,ELIAS GREEN,18,2.94,2.69,3.1,40066.24324,39319.55797
2023Q3,LE CRESCENDO,PAYA LEBAR ROAD,14,4.22,4.05,4.37,34124.51492,34751.46848
2024Q3,LE CRESCENDO,PAYA LEBAR ROAD,14,3.84,3.64,4.23,34124.51492,34751.46848
2024Q4,LE CRESCENDO,PAYA LEBAR ROAD,14,4.13,3.8,4.29,34124.51492,34751.46848
2024Q2,LE CRESCENDO,PAYA LEBAR ROAD,14,4.03,3.83,4.15,34124.51492,34751.46848
2025Q3,LE CRESCENDO,PAYA LEBAR ROAD,14,4.14,4.02,4.25,34124.51492,34751.46848
2024Q1,CENTRAL GREEN CONDOMINIUM,JALAN MEMBINA,03,4.46,4.17,4.86,27389.70716,29664.44192
2023Q4,CENTRAL GREEN CONDOMINIUM,JALAN MEMBINA,03,4.75,4.4,4.86,27389.70716,29664.44192
2023Q3,CENTRAL GREEN CONDOMINIUM,JALAN MEMBINA,03,4.73,4.32,5.08,27389.70716,29664.44192
2024Q3,CENTRAL GREEN CONDOMINIUM,JALAN MEMBINA,03,4.65,4.28,4.93,27389.70716,29664.44192
2024Q4,CENTRAL GREEN CONDOMINIUM,JALAN MEMBINA,03,4.54,4.26,4.7,27389.70716,29664.44192
2024Q2,CENTRAL GREEN CONDOMINIUM,JALAN MEMBINA,03,4.45,4.16,4.86,27389.70716,29664.44192
2025Q1,CENTRAL GREEN CONDOMINIUM,JALAN MEMBINA,03,4.46,4.34,4.65,27389.70716,29664.44192
2025Q4,CENTRAL GREEN CONDOMINIUM,JALAN MEMBINA,03,4.82,4.45,4.97,27389.70716,29664.44192
2026Q1,CENTRAL GREEN CONDOMINIUM,JALAN MEMBINA,03,4.54,4.32,4.75,27389.70716,29664.44192
2025Q2,CENTRAL GREEN CONDOMINIUM,JALAN MEMBINA,03,4.65,4.43,4.95,27389.70716,29664.44192
2025Q3,CENTRAL GREEN CONDOMINIUM,JALAN MEMBINA,03,4.51,4.36,4.78,27389.70716,29664.44192
2026Q2,CENTRAL GREEN CONDOMINIUM,JALAN MEMBINA,03,4.57,4.28,4.86,27389.70716,29664.44192
2024Q3,THE ATELIER,MAKEWAY AVENUE,09,6.74,6.31,6.92,28928.62272,32790.33101
2024Q4,THE ATELIER,MAKEWAY AVENUE,09,6.82,6.65,7.1,28928.62272,32790.33101
2025Q4,THE ATELIER,MAKEWAY AVENUE,09,7.1,6.74,7.24,28928.62272,32790.33101
2024Q1,AMBER SKYE,AMBER ROAD,15,5.34,5.01,5.58,35201.40713,31323.73803
2024Q3,AMBER SKYE,AMBER ROAD,15,5.54,5.36,6.02,35201.40713,31323.73803
2025Q4,AMBER SKYE,AMBER ROAD,15,5.72,5.64,6.06,35201.40713,31323.73803
2023Q4,ONE-NORTH RESIDENCES,ONE-NORTH GATEWAY,05,5.65,4.89,5.91,23173.41738,31555.24241
2024Q1,ONE-NORTH RESIDENCES,ONE-NORTH GATEWAY,05,5.29,5.03,6,23173.41738,31555.24241
2023Q3,ONE-NORTH RESIDENCES,ONE-NORTH GATEWAY,05,5.31,4.7,5.99,23173.41738,31555.24241
2024Q3,ONE-NORTH RESIDENCES,ONE-NORTH GATEWAY,05,5.36,5.08,5.77,23173.41738,31555.24241
2024Q4,ONE-NORTH RESIDENCES,ONE-NORTH GATEWAY,05,5.39,4.96,5.91,23173.41738,31555.24241
2024Q2,ONE-NORTH RESIDENCES,ONE-NORTH GATEWAY,05,5.24,4.38,5.54,23173.41738,31555.24241
2025Q1,ONE-NORTH RESIDENCES,ONE-NORTH GATEWAY,05,5.3,4.95,5.7,23173.41738,31555.24241
2025Q4,ONE-NORTH RESIDENCES,ONE-NORTH GATEWAY,05,5.73,4.8,6.16,23173.41738,31555.24241
2026Q1,ONE-NORTH RESIDENCES,ONE-NORTH GATEWAY,05,5.7,4.9,6,23173.41738,31555.24241
2025Q2,ONE-NORTH RESIDENCES,ONE-NORTH GATEWAY,05,5.21,4.79,5.57,23173.41738,31555.24241
2025Q3,ONE-NORTH RESIDENCES,ONE-NORTH GATEWAY,05,5.1,4.59,5.76,23173.41738,31555.24241
2026Q2,ONE-NORTH RESIDENCES,ONE-NORTH GATEWAY,05,5.32,4.75,5.74,23173.41738,31555.24241
2023Q3,FERNWOOD TOWERS,FERNWOOD TERRACE,15,2.93,2.57,3.53,38213.26501,32424.9045
2023Q4,FERNWOOD TOWERS,FERNWOOD TERRACE,15,3.02,2.75,3.22,38213.26501,32424.9045
2024Q1,FERNWOOD TOWERS,FERNWOOD TERRACE,15,3.21,2.84,3.41,38213.26501,32424.9045
2024Q2,FERNWOOD TOWERS,FERNWOOD TERRACE,15,3.18,2.97,3.31,38213.26501,32424.9045
2025Q4,FERNWOOD TOWERS,FERNWOOD TERRACE,15,3,2.68,3.4,38213.26501,32424.9045
2026Q1,FERNWOOD TOWERS,FERNWOOD TERRACE,15,3.27,2.84,3.68,38213.26501,32424.9045
2025Q2,FERNWOOD TOWERS,FERNWOOD TERRACE,15,3.42,3.18,4.05,38213.26501,32424.9045
2025Q3,FERNWOOD TOWERS,FERNWOOD TERRACE,15,3.18,2.92,3.76,38213.26501,32424.9045
2026Q2,FERNWOOD TOWERS,FERNWOOD TERRACE,15,3.39,3.15,3.79,38213.26501,32424.9045
2024Q1,DAKOTA RESIDENCES,DAKOTA CRESCENT,14,4.69,4.55,4.79,33989.9593,32082.5342
2023Q4,DAKOTA RESIDENCES,DAKOTA CRESCENT,14,4.65,4.42,4.87,33989.9593,32082.5342
2023Q3,DAKOTA RESIDENCES,DAKOTA CRESCENT,14,5.08,4.65,5.34,33989.9593,32082.5342
2024Q3,DAKOTA RESIDENCES,DAKOTA CRESCENT,14,4.6,4.38,4.76,33989.9593,32082.5342
2024Q4,DAKOTA RESIDENCES,DAKOTA CRESCENT,14,4.59,4.57,4.63,33989.9593,32082.5342
2024Q2,DAKOTA RESIDENCES,DAKOTA CRESCENT,14,4.65,4.38,4.71,33989.9593,32082.5342
2025Q1,DAKOTA RESIDENCES,DAKOTA CRESCENT,14,4.6,4.49,4.72,33989.9593,32082.5342
2025Q4,DAKOTA RESIDENCES,DAKOTA CRESCENT,14,4.65,4.57,4.74,33989.9593,32082.5342
2026Q1,DAKOTA RESIDENCES,DAKOTA CRESCENT,14,4.72,4.57,4.89,33989.9593,32082.5342
2025Q2,DAKOTA RESIDENCES,DAKOTA CRESCENT,14,4.65,4.57,4.98,33989.9593,32082.5342
2025Q3,DAKOTA RESIDENCES,DAKOTA CRESCENT,14,4.65,4.6,4.72,33989.9593,32082.5342
2026Q2,DAKOTA RESIDENCES,DAKOTA CRESCENT,14,4.88,4.74,4.96,33989.9593,32082.5342
2023Q3,THE SEAFRONT ON MEYER,MEYER ROAD,15,4.55,4.34,4.67,34093.89845,31086.03276
2023Q4,THE SEAFRONT ON MEYER,MEYER ROAD,15,4.49,4.07,4.6,34093.89845,31086.03276
2024Q1,THE SEAFRONT ON MEYER,MEYER ROAD,15,4.57,4.46,4.69,34093.89845,31086.03276
2024Q3,THE SEAFRONT ON MEYER,MEYER ROAD,15,4.59,4.4,4.69,34093.89845,31086.03276
2024Q4,THE SEAFRONT ON MEYER,MEYER ROAD,15,4.55,4.38,4.76,34093.89845,31086.03276
2024Q2,THE SEAFRONT ON MEYER,MEYER ROAD,15,4.55,4.38,4.69,34093.89845,31086.03276
2025Q1,THE SEAFRONT ON MEYER,MEYER ROAD,15,4.57,4.27,4.88,34093.89845,31086.03276
2025Q4,THE SEAFRONT ON MEYER,MEYER ROAD,15,4.63,4.5,4.99,34093.89845,31086.03276
2026Q1,THE SEAFRONT ON MEYER,MEYER ROAD,15,4.8,4.65,4.88,34093.89845,31086.03276
2025Q2,THE SEAFRONT ON MEYER,MEYER ROAD,15,4.57,4.42,4.74,34093.89845,31086.03276
2025Q3,THE SEAFRONT ON MEYER,MEYER ROAD,15,4.53,4.36,4.68,34093.89845,31086.03276
2023Q3,GALLOP GABLES,FARRER ROAD,10,4.76,4.44,4.9,25140.84569,33000.13348
2023Q4,GALLOP GABLES,FARRER ROAD,10,4.65,4.25,4.86,25140.84569,33000.13348
2024Q3,GALLOP GABLES,FARRER ROAD,10,4.32,4.09,4.52,25140.84569,33000.13348
2024Q4,GALLOP GABLES,FARRER ROAD,10,4.19,3.82,4.59,25140.84569,33000.13348
2025Q3,GALLOP GABLES,FARRER ROAD,10,4.08,3.63,4.44,25140.84569,33000.13348
2026Q2,GALLOP GABLES,FARRER ROAD,10,4.54,4.23,4.7,25140.84569,33000.13348
2025Q3,VOLARI,BALMORAL ROAD,10,5.36,5.14,5.44,27962.14447,33010.18263
2023Q4,MILL POINT,ZION CLOSE,10,5.6,5.44,6.36,27684.94834,30586.01215
2024Q4,MILL POINT,ZION CLOSE,10,6.45,5.39,6.66,27684.94834,30586.01215
2024Q2,MILL POINT,ZION CLOSE,10,5.68,5.36,6.5,27684.94834,30586.01215
2025Q1,MILL POINT,ZION CLOSE,10,6.47,5.87,6.64,27684.94834,30586.01215
2025Q4,MILL POINT,ZION CLOSE,10,5.92,5.36,6.45,27684.94834,30586.01215
2026Q1,MILL POINT,ZION CLOSE,10,5.68,5.49,6.68,27684.94834,30586.01215
2025Q3,MILL POINT,ZION CLOSE,10,6.26,5.57,6.5,27684.94834,30586.01215
2026Q2,MILL POINT,ZION CLOSE,10,5.93,5.49,6.62,27684.94834,30586.01215
2023Q3,THE ANCHORAGE,ALEXANDRA ROAD,03,3.94,3.59,4.22,24839.70259,30236.38022
2023Q4,THE ANCHORAGE,ALEXANDRA ROAD,03,3.77,3.5,4.08,24839.70259,30236.38022
2024Q1,THE ANCHORAGE,ALEXANDRA ROAD,03,3.82,3.66,4.17,24839.70259,30236.38022
2024Q3,THE ANCHORAGE,ALEXANDRA ROAD,03,3.68,3.55,3.88,24839.70259,30236.38022
2024Q4,THE ANCHORAGE,ALEXANDRA ROAD,03,3.87,3.55,4.08,24839.70259,30236.38022
2024Q2,THE ANCHORAGE,ALEXANDRA ROAD,03,3.66,3.46,3.87,24839.70259,30236.38022
2025Q1,THE ANCHORAGE,ALEXANDRA ROAD,03,3.84,3.66,4.04,24839.70259,30236.38022
2026Q2,THE ANCHORAGE,ALEXANDRA ROAD,03,3.81,3.57,3.89,24839.70259,30236.38022
2025Q4,THE ANCHORAGE,ALEXANDRA ROAD,03,3.88,3.75,4.1,24839.70259,30236.38022
2026Q1,THE ANCHORAGE,ALEXANDRA ROAD,03,3.95,3.79,4.16,24839.70259,30236.38022
2025Q2,THE ANCHORAGE,ALEXANDRA ROAD,03,3.83,3.63,4,24839.70259,30236.38022
2025Q3,THE ANCHORAGE,ALEXANDRA ROAD,03,3.87,3.61,4.17,24839.70259,30236.38022
2025Q1,3 CUSCADEN,CUSCADEN WALK,10,8.97,8.57,9.14,27569.36135,31802.74086
2026Q1,3 CUSCADEN,CUSCADEN WALK,10,9.36,8.94,9.89,27569.36135,31802.74086
2026Q2,3 CUSCADEN,CUSCADEN WALK,10,9.5,9.09,10.36,27569.36135,31802.74086
2025Q4,LIV @ MB,ARTHUR ROAD,15,7.06,6.72,7.37,34125.5046039944,31331.4356189702
2025Q3,LIV @ MB,ARTHUR ROAD,15,7.09,6.88,7.46,34125.5046039944,31331.4356189702
2024Q1,THE QUARTZ,COMPASSVALE BOW,19,3.69,3.43,3.78,34680.75073,40270.19081
2023Q3,THE QUARTZ,COMPASSVALE BOW,19,4,3.94,4.32,34680.75073,40270.19081
2023Q4,THE QUARTZ,COMPASSVALE BOW,19,3.94,3.62,4.13,34680.75073,40270.19081
2024Q3,THE QUARTZ,COMPASSVALE BOW,19,3.7,3.37,3.8,34680.75073,40270.19081
2024Q4,THE QUARTZ,COMPASSVALE BOW,19,3.77,3.58,4.08,34680.75073,40270.19081
2024Q2,THE QUARTZ,COMPASSVALE BOW,19,3.68,3.53,3.81,34680.75073,40270.19081
2025Q4,THE QUARTZ,COMPASSVALE BOW,19,3.76,3.62,3.93,34680.75073,40270.19081
2026Q2,THE QUARTZ,COMPASSVALE BOW,19,3.9,3.74,4.15,34680.75073,40270.19081
2026Q1,THE QUARTZ,COMPASSVALE BOW,19,3.81,3.66,3.94,34680.75073,40270.19081
2025Q2,THE QUARTZ,COMPASSVALE BOW,19,3.88,3.46,3.94,34680.75073,40270.19081
2025Q3,THE QUARTZ,COMPASSVALE BOW,19,3.94,3.61,4.06,34680.75073,40270.19081
2026Q2,THE ARDEN,PHOENIX ROAD,23,4.74,4.65,5.22,19482.35863,39903.09879
2025Q4,THE ARDEN,PHOENIX ROAD,23,5.18,4.94,5.33,19482.35863,39903.09879
2026Q1,THE ARDEN,PHOENIX ROAD,23,5.03,4.73,5.18,19482.35863,39903.09879
2024Q3,SEASUITES,PASIR PANJANG ROAD,05,5.11,4.39,5.84,22423.0104,29438.85277
2023Q3,WHISTLER GRAND,WEST COAST VALE,05,7.17,6.85,7.5,19204.21884,33547.74412
2023Q4,WHISTLER GRAND,WEST COAST VALE,05,7.16,6.73,7.93,19204.21884,33547.74412
2024Q2,WHISTLER GRAND,WEST COAST VALE,05,6.68,6.26,7.02,19204.21884,33547.74412
2025Q1,WHISTLER GRAND,WEST COAST VALE,05,6.68,6.26,7.12,19204.21884,33547.74412
2024Q3,WHISTLER GRAND,WEST COAST VALE,05,6.6,6.24,7.02,19204.21884,33547.74412
2024Q4,WHISTLER GRAND,WEST COAST VALE,05,7.31,6.87,7.7,19204.21884,33547.74412
2025Q3,WHISTLER GRAND,WEST COAST VALE,05,6.52,6.19,7.02,19204.21884,33547.74412
2025Q4,WHISTLER GRAND,WEST COAST VALE,05,7.02,6.44,7.65,19204.21884,33547.74412
2024Q1,WHISTLER GRAND,WEST COAST VALE,05,6.76,6.11,7.01,19204.21884,33547.74412
2026Q1,WHISTLER GRAND,WEST COAST VALE,05,6.79,6.39,7.15,19204.21884,33547.74412
2025Q2,WHISTLER GRAND,WEST COAST VALE,05,6.7,6.21,7.02,19204.21884,33547.74412
2026Q2,WHISTLER GRAND,WEST COAST VALE,05,6.54,6.33,7.02,19204.21884,33547.74412
2023Q3,VIVA VISTA,SOUTH BUONA VISTA ROAD,05,8,7.13,8.69,22715.67162,29148.86777
2023Q4,VIVA VISTA,SOUTH BUONA VISTA ROAD,05,7.9,7.66,8.49,22715.67162,29148.86777
2025Q1,VIVA VISTA,SOUTH BUONA VISTA ROAD,05,7.43,4.45,7.78,22715.67162,29148.86777
2024Q2,VIVA VISTA,SOUTH BUONA VISTA ROAD,05,7.26,5.24,7.94,22715.67162,29148.86777
2024Q3,VIVA VISTA,SOUTH BUONA VISTA ROAD,05,7.59,7.15,8.04,22715.67162,29148.86777
2024Q4,VIVA VISTA,SOUTH BUONA VISTA ROAD,05,7.55,7.03,7.74,22715.67162,29148.86777
2025Q3,VIVA VISTA,SOUTH BUONA VISTA ROAD,05,7.62,7.19,8,22715.67162,29148.86777
2025Q4,VIVA VISTA,SOUTH BUONA VISTA ROAD,05,7.7,7.17,7.96,22715.67162,29148.86777
2024Q1,VIVA VISTA,SOUTH BUONA VISTA ROAD,05,7.1,6.35,7.54,22715.67162,29148.86777
2026Q1,VIVA VISTA,SOUTH BUONA VISTA ROAD,05,7.65,7.36,7.97,22715.67162,29148.86777
2025Q2,VIVA VISTA,SOUTH BUONA VISTA ROAD,05,7.13,6.15,7.43,22715.67162,29148.86777
2026Q2,VIVA VISTA,SOUTH BUONA VISTA ROAD,05,7.43,7.13,7.63,22715.67162,29148.86777
2023Q4,REGENTVILLE,HOUGANG STREET 92,19,3.65,3.47,3.91,32955.61377,39548.36471
2024Q1,REGENTVILLE,HOUGANG STREET 92,19,3.47,3.33,3.68,32955.61377,39548.36471
2023Q3,REGENTVILLE,HOUGANG STREET 92,19,3.65,3.47,3.89,32955.61377,39548.36471
2024Q3,REGENTVILLE,HOUGANG STREET 92,19,3.43,3.27,3.61,32955.61377,39548.36471
2024Q4,REGENTVILLE,HOUGANG STREET 92,19,3.66,3.44,3.77,32955.61377,39548.36471
2024Q2,REGENTVILLE,HOUGANG STREET 92,19,3.21,3.01,3.47,32955.61377,39548.36471
2025Q1,REGENTVILLE,HOUGANG STREET 92,19,3.56,3.37,3.68,32955.61377,39548.36471
2026Q2,REGENTVILLE,HOUGANG STREET 92,19,3.47,3.41,3.89,32955.61377,39548.36471
2025Q4,REGENTVILLE,HOUGANG STREET 92,19,3.7,3.47,4.02,32955.61377,39548.36471
2026Q1,REGENTVILLE,HOUGANG STREET 92,19,3.57,3.45,3.7,32955.61377,39548.36471
2025Q2,REGENTVILLE,HOUGANG STREET 92,19,3.47,3.38,3.72,32955.61377,39548.36471
2025Q3,REGENTVILLE,HOUGANG STREET 92,19,3.66,3.61,3.9,32955.61377,39548.36471
2023Q4,RIVERFRONT RESIDENCES,HOUGANG AVENUE 7,19,5.61,4.99,6.05,35470.9972,39292.6188
2024Q1,RIVERFRONT RESIDENCES,HOUGANG AVENUE 7,19,5.38,4.89,5.81,35470.9972,39292.6188
2023Q3,RIVERFRONT RESIDENCES,HOUGANG AVENUE 7,19,5.81,5.54,6.27,35470.9972,39292.6188
2024Q3,RIVERFRONT RESIDENCES,HOUGANG AVENUE 7,19,5.32,4.89,5.7,35470.9972,39292.6188
2024Q4,RIVERFRONT RESIDENCES,HOUGANG AVENUE 7,19,5.45,4.99,5.83,35470.9972,39292.6188
2024Q2,RIVERFRONT RESIDENCES,HOUGANG AVENUE 7,19,5.61,5.06,5.83,35470.9972,39292.6188
2025Q1,RIVERFRONT RESIDENCES,HOUGANG AVENUE 7,19,5.42,5.13,5.73,35470.9972,39292.6188
2026Q2,RIVERFRONT RESIDENCES,HOUGANG AVENUE 7,19,5.52,5.13,5.83,35470.9972,39292.6188
2025Q4,RIVERFRONT RESIDENCES,HOUGANG AVENUE 7,19,5.4,4.96,5.82,35470.9972,39292.6188
2026Q1,RIVERFRONT RESIDENCES,HOUGANG AVENUE 7,19,5.38,5.13,5.73,35470.9972,39292.6188
2025Q2,RIVERFRONT RESIDENCES,HOUGANG AVENUE 7,19,5.3,4.89,5.81,35470.9972,39292.6188
2025Q3,RIVERFRONT RESIDENCES,HOUGANG AVENUE 7,19,5.52,5.02,5.83,35470.9972,39292.6188
2024Q3,SELETARIS,SEMBAWANG ROAD,27,2.82,2.66,2.95,27022.19531,46427.11545
2026Q2,SELETARIS,SEMBAWANG ROAD,27,2.71,2.56,2.92,27022.19531,46427.11545
2025Q4,SELETARIS,SEMBAWANG ROAD,27,2.84,2.72,3.02,27022.19531,46427.11545
2024Q3,KING'S MANSION,AMBER GARDENS,15,3.43,3.11,3.62,35249.10846,31446.69662
2025Q3,KING'S MANSION,AMBER GARDENS,15,3.43,3.16,3.71,35249.10846,31446.69662
2023Q4,THE MERASAGA,JALAN MERAH SAGA,10,5.26,4.83,5.44,23979.27194,32647.44383
2023Q3,THE MERASAGA,JALAN MERAH SAGA,10,5.3,5.24,5.5,23979.27194,32647.44383
2024Q3,THE MERASAGA,JALAN MERAH SAGA,10,4.79,4.7,5.29,23979.27194,32647.44383
2024Q4,THE MERASAGA,JALAN MERAH SAGA,10,5.03,4.84,5.13,23979.27194,32647.44383
2025Q2,THE MERASAGA,JALAN MERAH SAGA,10,5.31,5.17,5.42,23979.27194,32647.44383
2025Q3,THE MERASAGA,JALAN MERAH SAGA,10,5.28,5.06,5.43,23979.27194,32647.44383
2023Q3,SELETAR PARK RESIDENCE,SELETAR ROAD,28,4.12,3.76,4.88,32046.00368,40853.30852
2023Q4,SELETAR PARK RESIDENCE,SELETAR ROAD,28,4.17,3.99,4.67,32046.00368,40853.30852
2024Q1,SELETAR PARK RESIDENCE,SELETAR ROAD,28,3.78,3.19,4.67,32046.00368,40853.30852
2024Q3,SELETAR PARK RESIDENCE,SELETAR ROAD,28,4.22,3.46,4.96,32046.00368,40853.30852
2024Q4,SELETAR PARK RESIDENCE,SELETAR ROAD,28,3.87,3.45,4.48,32046.00368,40853.30852
2024Q2,SELETAR PARK RESIDENCE,SELETAR ROAD,28,4.16,3.56,4.63,32046.00368,40853.30852
2026Q2,SELETAR PARK RESIDENCE,SELETAR ROAD,28,4.9,4.21,5.02,32046.00368,40853.30852
2025Q4,SELETAR PARK RESIDENCE,SELETAR ROAD,28,4.36,3.53,4.51,32046.00368,40853.30852
2026Q1,SELETAR PARK RESIDENCE,SELETAR ROAD,28,4.39,3.78,4.93,32046.00368,40853.30852
2025Q2,SELETAR PARK RESIDENCE,SELETAR ROAD,28,3.93,3.23,4.22,32046.00368,40853.30852
2025Q3,SELETAR PARK RESIDENCE,SELETAR ROAD,28,4.47,3.65,4.62,32046.00368,40853.30852
2024Q3,SUITES DE LAUREL,JALAN ANAK BUKIT,21,5.24,4.71,5.69,22074.63708,35712.16442
2025Q3,SUITES DE LAUREL,JALAN ANAK BUKIT,21,5.36,5.03,5.95,22074.63708,35712.16442
2023Q3,ECO SANCTUARY,CHESTNUT AVENUE,23,5.24,5.04,5.37,21582.39805,39198.77067
2023Q4,ECO SANCTUARY,CHESTNUT AVENUE,23,4.77,4.55,4.94,21582.39805,39198.77067
2024Q3,ECO SANCTUARY,CHESTNUT AVENUE,23,4.72,4.47,4.91,21582.39805,39198.77067
2024Q4,ECO SANCTUARY,CHESTNUT AVENUE,23,4.78,4.58,5.25,21582.39805,39198.77067
2024Q2,ECO SANCTUARY,CHESTNUT AVENUE,23,4.65,4.38,4.78,21582.39805,39198.77067
2025Q1,ECO SANCTUARY,CHESTNUT AVENUE,23,4.79,4.78,4.94,21582.39805,39198.77067
2025Q4,ECO SANCTUARY,CHESTNUT AVENUE,23,4.79,4.52,4.92,21582.39805,39198.77067
2026Q1,ECO SANCTUARY,CHESTNUT AVENUE,23,4.59,4.51,4.82,21582.39805,39198.77067
2025Q2,ECO SANCTUARY,CHESTNUT AVENUE,23,4.78,4.38,5.13,21582.39805,39198.77067
2025Q3,ECO SANCTUARY,CHESTNUT AVENUE,23,4.95,4.66,5.24,21582.39805,39198.77067
2026Q2,ECO SANCTUARY,CHESTNUT AVENUE,23,4.65,4.38,4.95,21582.39805,39198.77067
2023Q4,CASHEW HEIGHTS CONDOMINIUM,CASHEW ROAD,23,2.91,2.73,3.1,20728.54272,39523.24916
2023Q3,CASHEW HEIGHTS CONDOMINIUM,CASHEW ROAD,23,3.02,2.78,3.14,20728.54272,39523.24916
2024Q3,CASHEW HEIGHTS CONDOMINIUM,CASHEW ROAD,23,2.78,2.51,2.99,20728.54272,39523.24916
2024Q4,CASHEW HEIGHTS CONDOMINIUM,CASHEW ROAD,23,2.66,2.49,2.9,20728.54272,39523.24916
2024Q2,CASHEW HEIGHTS CONDOMINIUM,CASHEW ROAD,23,2.71,2.71,2.76,20728.54272,39523.24916
2025Q1,CASHEW HEIGHTS CONDOMINIUM,CASHEW ROAD,23,2.88,2.62,3.15,20728.54272,39523.24916
2025Q4,CASHEW HEIGHTS CONDOMINIUM,CASHEW ROAD,23,3.02,2.77,3.26,20728.54272,39523.24916
2026Q1,CASHEW HEIGHTS CONDOMINIUM,CASHEW ROAD,23,2.93,2.66,3.14,20728.54272,39523.24916
2025Q2,CASHEW HEIGHTS CONDOMINIUM,CASHEW ROAD,23,2.8,2.68,3.26,20728.54272,39523.24916
2025Q3,CASHEW HEIGHTS CONDOMINIUM,CASHEW ROAD,23,2.9,2.65,3.14,20728.54272,39523.24916
2024Q1,CARISSA PARK CONDOMINIUM,FLORA DRIVE,17,3.3,3.09,3.58,42581.89939,37936.90837
2023Q4,CARISSA PARK CONDOMINIUM,FLORA DRIVE,17,3.24,3.07,3.78,42581.89939,37936.90837
2023Q3,CARISSA PARK CONDOMINIUM,FLORA DRIVE,17,3.12,3.01,3.58,42581.89939,37936.90837
2024Q3,CARISSA PARK CONDOMINIUM,FLORA DRIVE,17,3.02,2.95,3.25,42581.89939,37936.90837
2024Q4,CARISSA PARK CONDOMINIUM,FLORA DRIVE,17,3.15,2.99,3.35,42581.89939,37936.90837
2024Q2,CARISSA PARK CONDOMINIUM,FLORA DRIVE,17,3.29,3.06,3.52,42581.89939,37936.90837
2025Q1,CARISSA PARK CONDOMINIUM,FLORA DRIVE,17,3.14,2.87,3.46,42581.89939,37936.90837
2025Q4,CARISSA PARK CONDOMINIUM,FLORA DRIVE,17,3.2,3,3.46,42581.89939,37936.90837
2026Q1,CARISSA PARK CONDOMINIUM,FLORA DRIVE,17,3.34,3.12,3.56,42581.89939,37936.90837
2025Q2,CARISSA PARK CONDOMINIUM,FLORA DRIVE,17,3.21,2.96,3.39,42581.89939,37936.90837
2025Q3,CARISSA PARK CONDOMINIUM,FLORA DRIVE,17,3.1,2.93,3.46,42581.89939,37936.90837
2026Q2,CARISSA PARK CONDOMINIUM,FLORA DRIVE,17,3.25,3.1,3.47,42581.89939,37936.90837
2023Q4,DUO RESIDENCES,FRASER STREET,07,7.28,6.81,7.93,30722.23364,31272.19096
2024Q1,DUO RESIDENCES,FRASER STREET,07,7.11,6.68,7.46,30722.23364,31272.19096
2023Q3,DUO RESIDENCES,FRASER STREET,07,7.74,7.13,8.22,30722.23364,31272.19096
2024Q3,DUO RESIDENCES,FRASER STREET,07,6.97,6.32,7.32,30722.23364,31272.19096
2024Q4,DUO RESIDENCES,FRASER STREET,07,6.85,6.5,7.46,30722.23364,31272.19096
2024Q2,DUO RESIDENCES,FRASER STREET,07,7.02,6.66,7.83,30722.23364,31272.19096
2025Q1,DUO RESIDENCES,FRASER STREET,07,7.17,6.66,7.58,30722.23364,31272.19096
2025Q4,DUO RESIDENCES,FRASER STREET,07,6.91,6.53,7.43,30722.23364,31272.19096
2026Q1,DUO RESIDENCES,FRASER STREET,07,7.03,6.6,7.58,30722.23364,31272.19096
2025Q2,DUO RESIDENCES,FRASER STREET,07,7.12,6.66,7.74,30722.23364,31272.19096
2025Q3,DUO RESIDENCES,FRASER STREET,07,6.98,6.56,7.46,30722.23364,31272.19096
2026Q2,DUO RESIDENCES,FRASER STREET,07,7.18,6.81,7.74,30722.23364,31272.19096
2024Q3,THE MAYLEA,PASIR PANJANG ROAD,05,4.65,4.19,5.8,22666.81895,29211.97479
2025Q3,THE MAYLEA,PASIR PANJANG ROAD,05,6.45,6.03,6.66,22666.81895,29211.97479
2024Q4,SMART SUITES,SIMS AVENUE,14,5.07,4.53,5.76,33653.96705,33054.85044
2024Q3,SOUTH BEACH RESIDENCES,BEACH ROAD,07,8.38,7.95,8.76,30533.51416,30758.43099
2025Q1,SOUTH BEACH RESIDENCES,BEACH ROAD,07,8.22,7.59,8.43,30533.51416,30758.43099
2025Q3,SOUTH BEACH RESIDENCES,BEACH ROAD,07,8.3,7.95,8.52,30533.51416,30758.43099
2023Q3,WATERMARK ROBERTSON QUAY,RODYK STREET,09,5.83,5.56,6.3,28504.01021,30241.5541
2023Q4,WATERMARK ROBERTSON QUAY,RODYK STREET,09,5.91,5.66,6.2,28504.01021,30241.5541
2024Q2,WATERMARK ROBERTSON QUAY,RODYK STREET,09,5.59,5.2,6.01,28504.01021,30241.5541
2025Q1,WATERMARK ROBERTSON QUAY,RODYK STREET,09,5.67,5.54,5.93,28504.01021,30241.5541
2024Q3,WATERMARK ROBERTSON QUAY,RODYK STREET,09,5.44,5.19,5.77,28504.01021,30241.5541
2024Q4,WATERMARK ROBERTSON QUAY,RODYK STREET,09,5.68,5.39,5.85,28504.01021,30241.5541
2025Q3,WATERMARK ROBERTSON QUAY,RODYK STREET,09,5.66,5.37,5.89,28504.01021,30241.5541
2025Q4,WATERMARK ROBERTSON QUAY,RODYK STREET,09,5.75,5.67,5.84,28504.01021,30241.5541
2024Q1,WATERMARK ROBERTSON QUAY,RODYK STREET,09,5.85,5.54,6.38,28504.01021,30241.5541
2026Q1,WATERMARK ROBERTSON QUAY,RODYK STREET,09,5.67,5.6,5.88,28504.01021,30241.5541
2025Q2,WATERMARK ROBERTSON QUAY,RODYK STREET,09,5.71,5.2,5.9,28504.01021,30241.5541
2026Q2,WATERMARK ROBERTSON QUAY,RODYK STREET,09,5.53,4.87,5.81,28504.01021,30241.5541
2023Q4,KIM SIA COURT,JALAN JINTAN,09,3.73,3.45,4.01,28174.37466,32045.68208
2024Q1,KIM SIA COURT,JALAN JINTAN,09,3.6,3.17,3.8,28174.37466,32045.68208
2023Q3,KIM SIA COURT,JALAN JINTAN,09,3.65,3.33,3.86,28174.37466,32045.68208
2024Q3,KIM SIA COURT,JALAN JINTAN,09,3.75,3.47,3.94,28174.37466,32045.68208
2024Q4,KIM SIA COURT,JALAN JINTAN,09,3.75,3.57,3.97,28174.37466,32045.68208
2025Q1,KIM SIA COURT,JALAN JINTAN,09,3.64,3.33,3.92,28174.37466,32045.68208
2025Q4,KIM SIA COURT,JALAN JINTAN,09,3.71,3.4,4.06,28174.37466,32045.68208
2026Q1,KIM SIA COURT,JALAN JINTAN,09,3.63,3.41,3.98,28174.37466,32045.68208
2025Q2,KIM SIA COURT,JALAN JINTAN,09,3.71,3.34,4.03,28174.37466,32045.68208
2025Q3,KIM SIA COURT,JALAN JINTAN,09,3.86,3.43,4.12,28174.37466,32045.68208
2026Q2,KIM SIA COURT,JALAN JINTAN,09,4.08,3.8,4.32,28174.37466,32045.68208
2024Q2,M66,MOONSTONE LANE,12,5.03,4.76,5.51,31460.4759,34533.88487
2023Q3,GEM RESIDENCES,LORONG 5 TOA PAYOH,12,6.44,5.8,6.9,29984.74902,35715.44153
2023Q4,GEM RESIDENCES,LORONG 5 TOA PAYOH,12,6.09,5.89,6.61,29984.74902,35715.44153
2024Q1,GEM RESIDENCES,LORONG 5 TOA PAYOH,12,6.28,5.48,6.69,29984.74902,35715.44153
2024Q3,GEM RESIDENCES,LORONG 5 TOA PAYOH,12,5.91,5.31,6.33,29984.74902,35715.44153
2024Q4,GEM RESIDENCES,LORONG 5 TOA PAYOH,12,5.99,5.6,6.41,29984.74902,35715.44153
2024Q2,GEM RESIDENCES,LORONG 5 TOA PAYOH,12,6.09,4.88,6.61,29984.74902,35715.44153
2025Q1,GEM RESIDENCES,LORONG 5 TOA PAYOH,12,5.9,5.46,6.3,29984.74902,35715.44153
2025Q4,GEM RESIDENCES,LORONG 5 TOA PAYOH,12,6.19,5.68,6.41,29984.74902,35715.44153
2026Q1,GEM RESIDENCES,LORONG 5 TOA PAYOH,12,5.94,5.46,6.31,29984.74902,35715.44153
2025Q2,GEM RESIDENCES,LORONG 5 TOA PAYOH,12,5.82,5.08,6.4,29984.74902,35715.44153
2025Q3,GEM RESIDENCES,LORONG 5 TOA PAYOH,12,5.99,5.55,6.4,29984.74902,35715.44153
2026Q2,GEM RESIDENCES,LORONG 5 TOA PAYOH,12,5.6,5.04,6.19,29984.74902,35715.44153
2023Q3,GUILIN VIEW,BUKIT BATOK STREET 52,23,4.01,3.49,4.27,19030.69497,37443.39755
2023Q4,GUILIN VIEW,BUKIT BATOK STREET 52,23,3.76,3.47,4.11,19030.69497,37443.39755
2024Q1,GUILIN VIEW,BUKIT BATOK STREET 52,23,3.39,3.17,3.55,19030.69497,37443.39755
2024Q3,GUILIN VIEW,BUKIT BATOK STREET 52,23,3.66,3.33,4.06,19030.69497,37443.39755
2024Q4,GUILIN VIEW,BUKIT BATOK STREET 52,23,3.53,3.31,4.01,19030.69497,37443.39755
2024Q2,GUILIN VIEW,BUKIT BATOK STREET 52,23,3.34,3.26,3.66,19030.69497,37443.39755
2025Q1,GUILIN VIEW,BUKIT BATOK STREET 52,23,3.44,3.25,3.95,19030.69497,37443.39755
2025Q4,GUILIN VIEW,BUKIT BATOK STREET 52,23,3.95,3.34,4.18,19030.69497,37443.39755
2026Q1,GUILIN VIEW,BUKIT BATOK STREET 52,23,3.65,3.36,3.95,19030.69497,37443.39755
2025Q2,GUILIN VIEW,BUKIT BATOK STREET 52,23,3.57,3.35,3.92,19030.69497,37443.39755
2025Q3,GUILIN VIEW,BUKIT BATOK STREET 52,23,4.06,3.72,4.18,19030.69497,37443.39755
2026Q2,GUILIN VIEW,BUKIT BATOK STREET 52,23,3.48,3.28,3.59,19030.69497,37443.39755
2023Q4,HORIZON TOWERS,LEONIE HILL,09,3.58,3.47,3.82,27921.38305,31100.95158
2024Q1,HORIZON TOWERS,LEONIE HILL,09,3.42,3.36,3.82,27921.38305,31100.95158
2023Q3,HORIZON TOWERS,LEONIE HILL,09,3.74,3.38,3.94,27921.38305,31100.95158
2024Q3,HORIZON TOWERS,LEONIE HILL,09,3.27,3.08,3.62,27921.38305,31100.95158
2024Q4,HORIZON TOWERS,LEONIE HILL,09,3.19,3.16,3.31,27921.38305,31100.95158
2024Q2,HORIZON TOWERS,LEONIE HILL,09,3.41,3.25,3.65,27921.38305,31100.95158
2025Q1,HORIZON TOWERS,LEONIE HILL,09,3.14,3.03,3.47,27921.38305,31100.95158
2025Q4,HORIZON TOWERS,LEONIE HILL,09,3.59,3.39,3.67,27921.38305,31100.95158
2026Q1,HORIZON TOWERS,LEONIE HILL,09,3.57,3.34,3.75,27921.38305,31100.95158
2025Q2,HORIZON TOWERS,LEONIE HILL,09,3.34,3.05,3.48,27921.38305,31100.95158
2025Q3,HORIZON TOWERS,LEONIE HILL,09,3.58,3.32,3.65,27921.38305,31100.95158
2026Q2,HORIZON TOWERS,LEONIE HILL,09,3.47,3.39,3.63,27921.38305,31100.95158
2025Q2,PAYA LEBAR RESIDENCES,PAYA LEBAR ROAD,14,4.41,4.25,4.66,34480.70974,33302.5382
2023Q4,LEEDON RESIDENCE,LEEDON HEIGHTS,10,6.32,6.16,6.8,24463.15176,32908.48939
2024Q1,LEEDON RESIDENCE,LEEDON HEIGHTS,10,6.25,5.59,6.56,24463.15176,32908.48939
2023Q3,LEEDON RESIDENCE,LEEDON HEIGHTS,10,6.51,6.32,7.27,24463.15176,32908.48939
2024Q3,LEEDON RESIDENCE,LEEDON HEIGHTS,10,6.2,5.71,6.42,24463.15176,32908.48939
2024Q4,LEEDON RESIDENCE,LEEDON HEIGHTS,10,6.32,5.78,6.72,24463.15176,32908.48939
2024Q2,LEEDON RESIDENCE,LEEDON HEIGHTS,10,6.23,6.07,6.44,24463.15176,32908.48939
2025Q1,LEEDON RESIDENCE,LEEDON HEIGHTS,10,6.23,5.69,6.49,24463.15176,32908.48939
2025Q4,LEEDON RESIDENCE,LEEDON HEIGHTS,10,6.42,6.3,6.8,24463.15176,32908.48939
2026Q1,LEEDON RESIDENCE,LEEDON HEIGHTS,10,6.42,6.1,6.74,24463.15176,32908.48939
2025Q2,LEEDON RESIDENCE,LEEDON HEIGHTS,10,6.36,6,6.7,24463.15176,32908.48939
2025Q3,LEEDON RESIDENCE,LEEDON HEIGHTS,10,6.1,5.93,6.44,24463.15176,32908.48939
2026Q2,LEEDON RESIDENCE,LEEDON HEIGHTS,10,6.42,6.1,6.7,24463.15176,32908.48939
2023Q4,KATONG REGENCY,TANJONG KATONG ROAD,15,6.38,5.74,6.66,34820.10114,32971.21794
2024Q1,KATONG REGENCY,TANJONG KATONG ROAD,15,6,4.95,6.27,34820.10114,32971.21794
2023Q3,KATONG REGENCY,TANJONG KATONG ROAD,15,5.99,5.15,6.63,34820.10114,32971.21794
2024Q3,KATONG REGENCY,TANJONG KATONG ROAD,15,5.69,4.55,6.09,34820.10114,32971.21794
2024Q4,KATONG REGENCY,TANJONG KATONG ROAD,15,5.85,4.96,6.39,34820.10114,32971.21794
2024Q2,KATONG REGENCY,TANJONG KATONG ROAD,15,5.61,5.22,6.16,34820.10114,32971.21794
2025Q1,KATONG REGENCY,TANJONG KATONG ROAD,15,5.48,5.21,6.24,34820.10114,32971.21794
2025Q4,KATONG REGENCY,TANJONG KATONG ROAD,15,6.21,5.86,6.38,34820.10114,32971.21794
2026Q1,KATONG REGENCY,TANJONG KATONG ROAD,15,5.38,5.03,6.25,34820.10114,32971.21794
2025Q2,KATONG REGENCY,TANJONG KATONG ROAD,15,5.72,4.97,6.25,34820.10114,32971.21794
2025Q3,KATONG REGENCY,TANJONG KATONG ROAD,15,5.84,4.96,6.14,34820.10114,32971.21794
2026Q2,KATONG REGENCY,TANJONG KATONG ROAD,15,6.02,5.05,6.37,34820.10114,32971.21794
2023Q3,THE SHORE RESIDENCES,AMBER ROAD,15,6.01,5.63,6.49,35632.7693,31736.86218
2023Q4,THE SHORE RESIDENCES,AMBER ROAD,15,6.22,5.73,6.6,35632.7693,31736.86218
2024Q1,THE SHORE RESIDENCES,AMBER ROAD,15,5.62,5.37,6.16,35632.7693,31736.86218
2024Q3,THE SHORE RESIDENCES,AMBER ROAD,15,5.9,5.6,6.23,35632.7693,31736.86218
2024Q4,THE SHORE RESIDENCES,AMBER ROAD,15,5.82,5.7,6.08,35632.7693,31736.86218
2024Q2,THE SHORE RESIDENCES,AMBER ROAD,15,5.67,5.24,5.99,35632.7693,31736.86218
2025Q1,THE SHORE RESIDENCES,AMBER ROAD,15,5.92,5.68,6.19,35632.7693,31736.86218
2025Q4,THE SHORE RESIDENCES,AMBER ROAD,15,6.1,5.69,6.4,35632.7693,31736.86218
2026Q2,THE SHORE RESIDENCES,AMBER ROAD,15,5.9,5.6,6.14,35632.7693,31736.86218
2026Q1,THE SHORE RESIDENCES,AMBER ROAD,15,5.93,5.55,6.42,35632.7693,31736.86218
2025Q2,THE SHORE RESIDENCES,AMBER ROAD,15,5.58,5.41,5.82,35632.7693,31736.86218
2025Q3,THE SHORE RESIDENCES,AMBER ROAD,15,5.88,5.72,6.25,35632.7693,31736.86218
2023Q3,URBANA,RIVER VALLEY CLOSE,09,5.98,5.41,6.35,28501.47475,30826.75747
2024Q1,URBANA,RIVER VALLEY CLOSE,09,5.81,5.47,5.93,28501.47475,30826.75747
2025Q1,URBANA,RIVER VALLEY CLOSE,09,5.71,5.18,5.83,28501.47475,30826.75747
2024Q2,URBANA,RIVER VALLEY CLOSE,09,5.78,5.15,5.94,28501.47475,30826.75747
2025Q3,URBANA,RIVER VALLEY CLOSE,09,5.74,5.38,6.08,28501.47475,30826.75747
2026Q2,URBANA,RIVER VALLEY CLOSE,09,5.94,5.55,6.13,28501.47475,30826.75747
2026Q1,URBANA,RIVER VALLEY CLOSE,09,5.69,5.5,5.76,28501.47475,30826.75747
2023Q4,PARVIS,HOLLAND HILL,10,5.84,5.37,6.15,24272.00831,32467.90414
2024Q1,PARVIS,HOLLAND HILL,10,5.59,5.27,5.98,24272.00831,32467.90414
2023Q3,PARVIS,HOLLAND HILL,10,5.88,5.59,6.46,24272.00831,32467.90414
2024Q3,PARVIS,HOLLAND HILL,10,5.29,5.16,5.81,24272.00831,32467.90414
2024Q4,PARVIS,HOLLAND HILL,10,5.67,5.17,5.87,24272.00831,32467.90414
2024Q2,PARVIS,HOLLAND HILL,10,5.77,5.34,6.21,24272.00831,32467.90414
2025Q1,PARVIS,HOLLAND HILL,10,5.71,5.38,5.82,24272.00831,32467.90414
2026Q2,PARVIS,HOLLAND HILL,10,5.66,5.47,5.91,24272.00831,32467.90414
2025Q4,PARVIS,HOLLAND HILL,10,5.76,5.67,6.2,24272.00831,32467.90414
2026Q1,PARVIS,HOLLAND HILL,10,5.64,5.48,5.96,24272.00831,32467.90414
2025Q3,PARVIS,HOLLAND HILL,10,5.96,5.64,6.46,24272.00831,32467.90414
2026Q1,LA CRYSTAL,KILLINEY ROAD,09,4.79,4.49,4.92,28390.74577,30943.11589
2026Q2,LA CRYSTAL,KILLINEY ROAD,09,4.57,4.33,4.96,28390.74577,30943.11589
2023Q3,VILLA MARINA,JALAN SEMPADAN,15,3.81,3.44,3.93,38484.79822,32640.66123
2024Q1,VILLA MARINA,JALAN SEMPADAN,15,3.54,3.05,3.87,38484.79822,32640.66123
2023Q4,VILLA MARINA,JALAN SEMPADAN,15,3.77,3.54,3.97,38484.79822,32640.66123
2025Q1,VILLA MARINA,JALAN SEMPADAN,15,3.43,3.03,3.91,38484.79822,32640.66123
2024Q2,VILLA MARINA,JALAN SEMPADAN,15,3.59,3.36,3.98,38484.79822,32640.66123
2024Q4,VILLA MARINA,JALAN SEMPADAN,15,3.63,3.08,3.89,38484.79822,32640.66123
2025Q3,VILLA MARINA,JALAN SEMPADAN,15,3.95,3.48,4.11,38484.79822,32640.66123
2025Q4,VILLA MARINA,JALAN SEMPADAN,15,3.89,3.5,4.06,38484.79822,32640.66123
2025Q2,VILLA MARINA,JALAN SEMPADAN,15,3.98,3.36,4.08,38484.79822,32640.66123
2026Q2,VILLA MARINA,JALAN SEMPADAN,15,3.87,3.57,3.98,38484.79822,32640.66123
2024Q1,CAIRNHILL NINE,CAIRNHILL ROAD,09,8.2,7.71,8.68,28451.97413,31749.38198
2023Q4,CAIRNHILL NINE,CAIRNHILL ROAD,09,8.03,7.74,8.75,28451.97413,31749.38198
2023Q3,CAIRNHILL NINE,CAIRNHILL ROAD,09,8.08,7.9,8.53,28451.97413,31749.38198
2024Q4,CAIRNHILL NINE,CAIRNHILL ROAD,09,7.89,7.56,8.53,28451.97413,31749.38198
2024Q2,CAIRNHILL NINE,CAIRNHILL ROAD,09,8.08,7.45,8.3,28451.97413,31749.38198
2025Q1,CAIRNHILL NINE,CAIRNHILL ROAD,09,8.39,8.08,8.75,28451.97413,31749.38198
2024Q3,CAIRNHILL NINE,CAIRNHILL ROAD,09,7.98,7.45,8.35,28451.97413,31749.38198
2025Q4,CAIRNHILL NINE,CAIRNHILL ROAD,09,8.32,7.94,8.56,28451.97413,31749.38198
2026Q1,CAIRNHILL NINE,CAIRNHILL ROAD,09,8.34,8.08,8.8,28451.97413,31749.38198
2025Q2,CAIRNHILL NINE,CAIRNHILL ROAD,09,8.23,7.94,8.75,28451.97413,31749.38198
2025Q3,CAIRNHILL NINE,CAIRNHILL ROAD,09,8.34,7.99,8.85,28451.97413,31749.38198
2026Q2,CAIRNHILL NINE,CAIRNHILL ROAD,09,8.42,7.82,9.04,28451.97413,31749.38198
2024Q3,CASA SARINA,LORONG SARINA,14,3.35,3.08,3.7,36223.58622,33682.02642
2024Q4,CASA SARINA,LORONG SARINA,14,3.45,3.25,3.63,36223.58622,33682.02642
2024Q2,ESTA RUBY,GUILLEMARD ROAD,14,4.4,4.29,4.52,34701.51202,32901.48881
2023Q3,THE VERMONT ON CAIRNHILL,CAIRNHILL RISE,09,5.89,5.58,6.2,28545.57119,32377.03516
2023Q4,THE VERMONT ON CAIRNHILL,CAIRNHILL RISE,09,5.89,5.65,6.12,28545.57119,32377.03516
2025Q1,THE VERMONT ON CAIRNHILL,CAIRNHILL RISE,09,5.72,5.46,6.2,28545.57119,32377.03516
2024Q3,THE VERMONT ON CAIRNHILL,CAIRNHILL RISE,09,5.67,5.37,5.93,28545.57119,32377.03516
2025Q4,THE VERMONT ON CAIRNHILL,CAIRNHILL RISE,09,5.92,5.7,6.44,28545.57119,32377.03516
2026Q2,THE VERMONT ON CAIRNHILL,CAIRNHILL RISE,09,5.77,5.64,6.09,28545.57119,32377.03516
2026Q1,THE VERMONT ON CAIRNHILL,CAIRNHILL RISE,09,5.81,5.47,6.03,28545.57119,32377.03516
2025Q2,THE VERMONT ON CAIRNHILL,CAIRNHILL RISE,09,5.45,5.21,6.01,28545.57119,32377.03516
2025Q3,THE VERMONT ON CAIRNHILL,CAIRNHILL RISE,09,5.89,5.72,6.48,28545.57119,32377.03516
2023Q4,PARC BOTANNIA,FERNVALE STREET,28,5.64,5.27,6.21,32660.19364,42215.38018
2024Q1,PARC BOTANNIA,FERNVALE STREET,28,5.32,4.82,6.13,32660.19364,42215.38018
2023Q3,PARC BOTANNIA,FERNVALE STREET,28,5.57,5.51,6.28,32660.19364,42215.38018
2024Q3,PARC BOTANNIA,FERNVALE STREET,28,5.2,4.95,5.69,32660.19364,42215.38018
2024Q4,PARC BOTANNIA,FERNVALE STREET,28,5.16,4.87,5.53,32660.19364,42215.38018
2024Q2,PARC BOTANNIA,FERNVALE STREET,28,5.58,5.17,5.93,32660.19364,42215.38018
2025Q1,PARC BOTANNIA,FERNVALE STREET,28,5.29,5.13,5.57,32660.19364,42215.38018
2025Q4,PARC BOTANNIA,FERNVALE STREET,28,5.14,4.95,5.58,32660.19364,42215.38018
2026Q1,PARC BOTANNIA,FERNVALE STREET,28,5.34,5.09,5.81,32660.19364,42215.38018
2025Q2,PARC BOTANNIA,FERNVALE STREET,28,5.14,4.97,5.44,32660.19364,42215.38018
2025Q3,PARC BOTANNIA,FERNVALE STREET,28,5.34,5.05,5.81,32660.19364,42215.38018
2026Q2,PARC BOTANNIA,FERNVALE STREET,28,5.33,5.14,5.73,32660.19364,42215.38018
2023Q3,GLENDALE PARK,HILLVIEW AVENUE,23,3.64,3.36,4.04,20431.67213,38295.46048
2023Q4,GLENDALE PARK,HILLVIEW AVENUE,23,3.77,3.39,4,20431.67213,38295.46048
2024Q1,GLENDALE PARK,HILLVIEW AVENUE,23,3.55,3.36,3.72,20431.67213,38295.46048
2024Q3,GLENDALE PARK,HILLVIEW AVENUE,23,3.65,3.36,3.82,20431.67213,38295.46048
2024Q4,GLENDALE PARK,HILLVIEW AVENUE,23,3.76,3.41,3.86,20431.67213,38295.46048
2024Q2,GLENDALE PARK,HILLVIEW AVENUE,23,3.58,3.24,3.81,20431.67213,38295.46048
2025Q1,GLENDALE PARK,HILLVIEW AVENUE,23,3.6,3.2,3.85,20431.67213,38295.46048
2025Q4,GLENDALE PARK,HILLVIEW AVENUE,23,3.65,3.51,3.85,20431.67213,38295.46048
2026Q1,GLENDALE PARK,HILLVIEW AVENUE,23,3.68,3.52,3.85,20431.67213,38295.46048
2025Q2,GLENDALE PARK,HILLVIEW AVENUE,23,3.66,3.45,3.89,20431.67213,38295.46048
2025Q3,GLENDALE PARK,HILLVIEW AVENUE,23,3.7,3.53,3.78,20431.67213,38295.46048
2026Q2,GLENDALE PARK,HILLVIEW AVENUE,23,3.63,3.2,3.79,20431.67213,38295.46048
2023Q4,MELVILLE PARK,SIMEI STREET 1,18,3.63,3.34,3.77,41948.43886,36533.17334
2024Q1,MELVILLE PARK,SIMEI STREET 1,18,3.47,3.13,3.63,41948.43886,36533.17334
2023Q3,MELVILLE PARK,SIMEI STREET 1,18,3.65,3.42,3.91,41948.43886,36533.17334
2024Q3,MELVILLE PARK,SIMEI STREET 1,18,3.44,3.2,3.65,41948.43886,36533.17334
2024Q4,MELVILLE PARK,SIMEI STREET 1,18,3.45,3.2,3.61,41948.43886,36533.17334
2024Q2,MELVILLE PARK,SIMEI STREET 1,18,3.42,3.26,3.59,41948.43886,36533.17334
2025Q1,MELVILLE PARK,SIMEI STREET 1,18,3.41,3.25,3.55,41948.43886,36533.17334
2025Q4,MELVILLE PARK,SIMEI STREET 1,18,3.41,3.22,3.63,41948.43886,36533.17334
2026Q1,MELVILLE PARK,SIMEI STREET 1,18,3.5,3.32,3.65,41948.43886,36533.17334
2025Q2,MELVILLE PARK,SIMEI STREET 1,18,3.44,3.21,3.63,41948.43886,36533.17334
2025Q3,MELVILLE PARK,SIMEI STREET 1,18,3.52,3.36,3.65,41948.43886,36533.17334
2026Q2,MELVILLE PARK,SIMEI STREET 1,18,3.54,3.25,3.66,41948.43886,36533.17334
2023Q4,ELIZABETH HEIGHTS,CAIRNHILL ROAD,09,3.24,2.91,3.4,28359.77355,32199.7371
2025Q4,ELIZABETH HEIGHTS,CAIRNHILL ROAD,09,3.41,3.06,3.48,28359.77355,32199.7371
2023Q3,THOMSON V TWO,SIN MING ROAD,20,5.91,4.82,6.48,28255.63458,37271.6872
2024Q1,UPTOWN @ FARRER,PERUMAL ROAD,08,6.78,6.54,7.25,30477.87296,32796.58779
2023Q4,UPTOWN @ FARRER,PERUMAL ROAD,08,7.15,6.49,7.43,30477.87296,32796.58779
2024Q2,UPTOWN @ FARRER,PERUMAL ROAD,08,6.5,6.39,7.06,30477.87296,32796.58779
2024Q3,UPTOWN @ FARRER,PERUMAL ROAD,08,6.69,6.35,7.06,30477.87296,32796.58779
2024Q4,UPTOWN @ FARRER,PERUMAL ROAD,08,7.23,6.91,7.43,30477.87296,32796.58779
2025Q3,UPTOWN @ FARRER,PERUMAL ROAD,08,6.77,6.56,7.06,30477.87296,32796.58779
2026Q1,UPTOWN @ FARRER,PERUMAL ROAD,08,7.02,6.48,7.1,30477.87296,32796.58779
